2,0,1.15,-0.0694246,0,-3,2502.61
2,0,1.15,-0.0694246,0,-2.997,2535.16
2,0,1.15,-0.0694246,0,-2.994,2567.7
2,0,1.15,-0.0694246,0,-2.991,2600.23
2,0,1.15,-0.0694246,0,-2.98799,2632.75
2,0,1.15,-0.0694246,0,-2.98499,2665.25
2,0,1.15,-0.0694246,0,-2.98199,2697.73
2,0,1.15,-0.0694246,0,-2.97899,2730.2
2,0,1.15,-0.0694246,0,-2.97599,2762.65
2,0,1.15,-0.0694246,0,-2.97299,2795.08
2,0,1.15,-0.0694246,0,-2.96998,2827.49
2,0,1.15,-0.0694246,0,-2.96698,2859.88
2,0,1.15,-0.0694246,0,-2.96398,2892.25
2,0,1.15,-0.0694246,0,-2.96098,2924.59
2,0,1.15,-0.0694246,0,-2.95798,2956.92
2,0,1.15,-0.0694246,0,-2.95498,2989.21
2,0,1.15,-0.0694246,0,-2.95198,3021.48
2,0,1.15,-0.0694246,0,-2.94897,3053.72
2,0,1.15,-0.0694246,0,-2.94597,3085.94
2,0,1.15,-0.0694246,0,-2.94297,3118.11
2,0,1.15,-0.0694246,0,-2.93997,3150.27
2,0,1.15,-0.0694246,0,-2.93697,3182.39
2,0,1.15,-0.0694246,0,-2.93397,3214.48
2,0,1.15,-0.0694246,0,-2.93097,3246.53
2,0,1.15,-0.0694246,0,-2.92796,3278.55
2,0,1.15,-0.0694246,0,-2.92496,3310.53
2,0,1.15,-0.0694246,0,-2.92196,3342.48
2,0,1.15,-0.0694246,0,-2.91896,3374.39
2,0,1.15,-0.0694246,0,-2.91596,3406.26
2,0,1.15,-0.0694246,0,-2.91296,3438.09
2,0,1.15,-0.0694246,0,-2.90995,3469.87
2,0,1.15,-0.0694246,0,-2.90695,3501.62
2,0,1.15,-0.0694246,0,-2.90395,3533.32
2,0,1.15,-0.0694246,0,-2.90095,3564.97
2,0,1.15,-0.0694246,0,-2.89795,3596.59
2,0,1.15,-0.0694246,0,-2.89495,3628.15
2,0,1.15,-0.0694246,0,-2.89195,3659.66
2,0,1.15,-0.0694246,0,-2.88894,3691.13
2,0,1.15,-0.0694246,0,-2.88594,3722.55
2,0,1.15,-0.0694246,0,-2.88294,3753.91
2,0,1.15,-0.0694246,0,-2.87994,3785.22
2,0,1.15,-0.0694246,0,-2.87694,3816.48
2,0,1.15,-0.0694246,0,-2.87394,3847.68
2,0,1.15,-0.0694246,0,-2.87094,3878.83
2,0,1.15,-0.0694246,0,-2.86793,3909.92
2,0,1.15,-0.0694246,0,-2.86493,3940.95
2,0,1.15,-0.0694246,0,-2.86193,3971.93
2,0,1.15,-0.0694246,0,-2.85893,4002.84
2,0,1.15,-0.0694246,0,-2.85593,4033.69
2,0,1.15,-0.0694246,0,-2.85293,4064.48
2,0,1.15,-0.0694246,0,-2.84992,4095.2
2,0,1.15,-0.0694246,0,-2.84692,4125.86
2,0,1.15,-0.0694246,0,-2.84392,4156.45
2,0,1.15,-0.0694246,0,-2.84092,4186.98
2,0,1.15,-0.0694246,0,-2.83792,4217.44
2,0,1.15,-0.0694246,0,-2.83492,4247.83
2,0,1.15,-0.0694246,0,-2.83192,4278.14
2,0,1.15,-0.0694246,0,-2.82891,4308.39
2,0,1.15,-0.0694246,0,-2.82591,4338.56
2,0,1.15,-0.0694246,0,-2.82291,4368.66
2,0,1.15,-0.0694246,0,-2.81991,4398.68
2,0,1.15,-0.0694246,0,-2.81691,4428.63
2,0,1.15,-0.0694246,0,-2.81391,4458.5
2,0,1.15,-0.0694246,0,-2.81091,4488.29
2,0,1.15,-0.0694246,0,-2.8079,4518
2,0,1.15,-0.0694246,0,-2.8049,4547.62
2,0,1.15,-0.0694246,0,-2.8019,4577.17
2,0,1.15,-0.0694246,0,-2.7989,4606.63
2,0,1.15,-0.0694246,0,-2.7959,4636.01
2,0,1.15,-0.0694246,0,-2.7929,4665.31
2,0,1.15,-0.0694246,0,-2.78989,4694.51
2,0,1.15,-0.0694246,0,-2.78689,4723.63
2,0,1.15,-0.0694246,0,-2.78389,4752.66
2,0,1.15,-0.0694246,0,-2.78089,4781.59
2,0,1.15,-0.0694246,0,-2.77789,4810.44
2,0,1.15,-0.0694246,0,-2.77489,4839.19
2,0,1.15,-0.0694246,0,-2.77189,4867.85
2,0,1.15,-0.0694246,0,-2.76888,4896.41
2,0,1.15,-0.0694246,0,-2.76588,4924.88
2,0,1.15,-0.0694246,0,-2.76288,4953.25
2,0,1.15,-0.0694246,0,-2.75988,4981.52
2,0,1.15,-0.0694246,0,-2.75688,5009.69
2,0,1.15,-0.0694246,0,-2.75388,5037.76
2,0,1.15,-0.0694246,0,-2.75088,5065.73
2,0,1.15,-0.0694246,0,-2.74787,5093.59
2,0,1.15,-0.0694246,0,-2.74487,5121.35
2,0,1.15,-0.0694246,0,-2.74187,5149.01
2,0,1.15,-0.0694246,0,-2.73887,5176.55
2,0,1.15,-0.0694246,0,-2.73587,5203.99
2,0,1.15,-0.0694246,0,-2.73287,5231.32
2,0,1.15,-0.0694246,0,-2.72986,5258.54
2,0,1.15,-0.0694246,0,-2.72686,5285.64
2,0,1.15,-0.0694246,0,-2.72386,5312.64
2,0,1.15,-0.0694246,0,-2.72086,5339.51
2,0,1.15,-0.0694246,0,-2.71786,5366.28
2,0,1.15,-0.0694246,0,-2.71486,5392.92
2,0,1.15,-0.0694246,0,-2.71186,5419.45
2,0,1.15,-0.0694246,0,-2.70885,5445.86
2,0,1.15,-0.0694246,0,-2.70585,5472.16
2,0,1.15,-0.0694246,0,-2.70285,5498.32
2,0,1.15,-0.0694246,0,-2.69985,5524.36
2,0,1.15,-0.0694246,0,-2.69685,5550.29
2,0,1.15,-0.0694246,0,-2.69385,5576.08
2,0,1.15,-0.0694246,0,-2.69085,5601.75
2,0,1.15,-0.0694246,0,-2.68784,5627.29
2,0,1.15,-0.0694246,0,-2.68484,5652.71
2,0,1.15,-0.0694246,0,-2.68184,5677.99
2,0,1.15,-0.0694246,0,-2.67884,5703.15
2,0,1.15,-0.0694246,0,-2.67584,5728.17
2,0,1.15,-0.0694246,0,-2.67284,5753.05
2,0,1.15,-0.0694246,0,-2.66983,5777.81
2,0,1.15,-0.0694246,0,-2.66683,5802.42
2,0,1.15,-0.0694246,0,-2.66383,5826.9
2,0,1.15,-0.0694246,0,-2.66083,5851.24
2,0,1.15,-0.0694246,0,-2.65783,5875.44
2,0,1.15,-0.0694246,0,-2.65483,5899.51
2,0,1.15,-0.0694246,0,-2.65183,5923.43
2,0,1.15,-0.0694246,0,-2.64882,5947.2
2,0,1.15,-0.0694246,0,-2.64582,5970.83
2,0,1.15,-0.0694246,0,-2.64282,5994.32
2,0,1.15,-0.0694246,0,-2.63982,6017.66
2,0,1.15,-0.0694246,0,-2.63682,6040.85
2,0,1.15,-0.0694246,0,-2.63382,6063.89
2,0,1.15,-0.0694246,0,-2.63082,6086.79
2,0,1.15,-0.0694246,0,-2.62781,6109.53
2,0,1.15,-0.0694246,0,-2.62481,6132.12
2,0,1.15,-0.0694246,0,-2.62181,6154.55
2,0,1.15,-0.0694246,0,-2.61881,6176.83
2,0,1.15,-0.0694246,0,-2.61581,6198.96
2,0,1.15,-0.0694246,0,-2.61281,6220.92
2,0,1.15,-0.0694246,0,-2.6098,6242.73
2,0,1.15,-0.0694246,0,-2.6068,6264.38
2,0,1.15,-0.0694246,0,-2.6038,6285.86
2,0,1.15,-0.0694246,0,-2.6008,6307.18
2,0,1.15,-0.0694246,0,-2.5978,6328.35
2,0,1.15,-0.0694246,0,-2.5948,6349.34
2,0,1.15,-0.0694246,0,-2.5918,6370.17
2,0,1.15,-0.0694246,0,-2.58879,6390.84
2,0,1.15,-0.0694246,0,-2.58579,6411.33
2,0,1.15,-0.0694246,0,-2.58279,6431.65
2,0,1.15,-0.0694246,0,-2.57979,6451.81
2,0,1.15,-0.0694246,0,-2.57679,6471.79
2,0,1.15,-0.0694246,0,-2.57379,6491.6
2,0,1.15,-0.0694246,0,-2.57079,6511.24
2,0,1.15,-0.0694246,0,-2.56778,6530.7
2,0,1.15,-0.0694246,0,-2.56478,6549.98
2,0,1.15,-0.0694246,0,-2.56178,6569.09
2,0,1.15,-0.0694246,0,-2.55878,6588.02
2,0,1.15,-0.0694246,0,-2.55578,6606.77
2,0,1.15,-0.0694246,0,-2.55278,6625.33
2,0,1.15,-0.0694246,0,-2.54977,6643.72
2,0,1.15,-0.0694246,0,-2.54677,6661.92
2,0,1.15,-0.0694246,0,-2.54377,6679.93
2,0,1.15,-0.0694246,0,-2.54077,6697.76
2,0,1.15,-0.0694246,0,-2.53777,6715.4
2,0,1.15,-0.0694246,0,-2.53477,6732.86
2,0,1.15,-0.0694246,0,-2.53177,6750.13
2,0,1.15,-0.0694246,0,-2.52876,6767.2
2,0,1.15,-0.0694246,0,-2.52576,6784.08
2,0,1.15,-0.0694246,0,-2.52276,6800.78
2,0,1.15,-0.0694246,0,-2.51976,6817.27
2,0,1.15,-0.0694246,0,-2.51676,6833.57
2,0,1.15,-0.0694246,0,-2.51376,6849.67
2,0,1.15,-0.0694246,0,-2.51076,6865.58
2,0,1.15,-0.0694246,0,-2.50775,6881.28
2,0,1.15,-0.0694246,0,-2.50475,6896.79
2,0,1.15,-0.0694246,0,-2.50175,6912.1
2,0,1.15,-0.0694246,0,-2.49875,6927.21
2,0,1.15,-0.0694246,0,-2.49575,6942.11
2,0,1.15,-0.0694246,0,-2.49275,6956.81
2,0,1.15,-0.0694246,0,-2.48974,6971.3
2,0,1.15,-0.0694246,0,-2.48674,6985.58
2,0,1.15,-0.0694246,0,-2.48374,6999.66
2,0,1.15,-0.0694246,0,-2.48074,7013.53
2,0,1.15,-0.0694246,0,-2.47774,7027.19
2,0,1.15,-0.0694246,0,-2.47474,7040.64
2,0,1.15,-0.0694246,0,-2.47174,7053.87
2,0,1.15,-0.0694246,0,-2.46873,7066.9
2,0,1.15,-0.0694246,0,-2.46573,7079.7
2,0,1.15,-0.0694246,0,-2.46273,7092.29
2,0,1.15,-0.0694246,0,-2.45973,7104.67
2,0,1.15,-0.0694246,0,-2.45673,7116.83
2,0,1.15,-0.0694246,0,-2.45373,7128.76
2,0,1.15,-0.0694246,0,-2.45073,7140.48
2,0,1.15,-0.0694246,0,-2.44772,7151.98
2,0,1.15,-0.0694246,0,-2.44472,7163.26
2,0,1.15,-0.0694246,0,-2.44172,7174.31
2,0,1.15,-0.0694246,0,-2.43872,7185.14
2,0,1.15,-0.0694246,0,-2.43572,7195.74
2,0,1.15,-0.0694246,0,-2.43272,7206.11
2,0,1.15,-0.0694246,0,-2.42971,7216.26
2,0,1.15,-0.0694246,0,-2.42671,7226.18
2,0,1.15,-0.0694246,0,-2.42371,7235.87
2,0,1.15,-0.0694246,0,-2.42071,7245.33
2,0,1.15,-0.0694246,0,-2.41771,7254.55
2,0,1.15,-0.0694246,0,-2.41471,7263.55
2,0,1.15,-0.0694246,0,-2.41171,7272.31
2,0,1.15,-0.0694246,0,-2.4087,7280.83
2,0,1.15,-0.0694246,0,-2.4057,7289.12
2,0,1.15,-0.0694246,0,-2.4027,7297.17
2,0,1.15,-0.0694246,0,-2.3997,7304.98
2,0,1.15,-0.0694246,0,-2.3967,7312.56
2,0,1.15,-0.0694246,0,-2.3937,7319.89
2,0,1.15,-0.0694246,0,-2.3907,7326.98
2,0,1.15,-0.0694246,0,-2.38769,7333.83
2,0,1.15,-0.0694246,0,-2.38469,7340.44
2,0,1.15,-0.0694246,0,-2.38169,7346.8
2,0,1.15,-0.0694246,0,-2.37869,7352.92
2,0,1.15,-0.0694246,0,-2.37569,7358.79
2,0,1.15,-0.0694246,0,-2.37269,7364.4
2,0,1.15,-0.0694246,0,-2.36968,7369.78
2,0,1.15,-0.0694246,0,-2.36668,7374.9
2,0,1.15,-0.0694246,0,-2.36368,7379.78
2,0,1.15,-0.0694246,0,-2.36068,7384.4
2,0,1.15,-0.0694246,0,-2.35768,7388.77
2,0,1.15,-0.0694246,0,-2.35468,7392.89
2,0,1.15,-0.0694246,0,-2.35168,7396.75
2,0,1.15,-0.0694246,0,-2.34867,7400.36
2,0,1.15,-0.0694246,0,-2.34567,7403.71
2,0,1.15,-0.0694246,0,-2.34267,7406.8
2,0,1.15,-0.0694246,0,-2.33967,7409.64
2,0,1.15,-0.0694246,0,-2.33667,7412.21
2,0,1.15,-0.0694246,0,-2.33367,7414.53
2,0,1.15,-0.0694246,0,-2.33067,7416.58
2,0,1.15,-0.0694246,0,-2.32766,7418.37
2,0,1.15,-0.0694246,0,-2.32466,7419.9
2,0,1.15,-0.0694246,0,-2.32166,7421.17
2,0,1.15,-0.0694246,0,-2.31866,7422.17
2,0,1.15,-0.0694246,0,-2.31566,7422.91
2,0,1.15,-0.0694246,0,-2.31266,7423.37
2,0,1.15,-0.0694246,0,-2.30965,7423.57
2,0,1.15,-0.0694246,0,-2.30665,7423.5
2,0,1.15,-0.0694246,0,-2.30365,7423.17
2,0,1.15,-0.0694246,0,-2.30065,7422.56
2,0,1.15,-0.0694246,0,-2.29765,7421.68
2,0,1.15,-0.0694246,0,-2.29465,7420.53
2,0,1.15,-0.0694246,0,-2.29165,7419.11
2,0,1.15,-0.0694246,0,-2.28864,7417.42
2,0,1.15,-0.0694246,0,-2.28564,7415.45
2,0,1.15,-0.0694246,0,-2.28264,7413.2
2,0,1.15,-0.0694246,0,-2.27964,7410.67
2,0,1.15,-0.0694246,0,-2.27664,7407.88
2,0,1.15,-0.0694246,0,-2.27364,7404.8
2,0,1.15,-0.0694246,0,-2.27064,7401.44
2,0,1.15,-0.0694246,0,-2.26763,7397.8
2,0,1.15,-0.0694246,0,-2.26463,7393.89
2,0,1.15,-0.0694246,0,-2.26163,7389.69
2,0,1.15,-0.0694246,0,-2.25863,7385.21
2,0,1.15,-0.0694246,0,-2.25563,7380.45
2,0,1.15,-0.0694246,0,-2.25263,7375.4
2,0,1.15,-0.0694246,0,-2.24962,7370.07
2,0,1.15,-0.0694246,0,-2.24662,7364.45
2,0,1.15,-0.0694246,0,-2.24362,7358.55
2,0,1.15,-0.0694246,0,-2.24062,7352.36
2,0,1.15,-0.0694246,0,-2.23762,7345.89
2,0,1.15,-0.0694246,0,-2.23462,7339.12
2,0,1.15,-0.0694246,0,-2.23162,7332.07
2,0,1.15,-0.0694246,0,-2.22861,7324.72
2,0,1.15,-0.0694246,0,-2.22561,7317.09
2,0,1.15,-0.0694246,0,-2.22261,7309.16
2,0,1.15,-0.0694246,0,-2.21961,7300.95
2,0,1.15,-0.0694246,0,-2.21661,7292.44
2,0,1.15,-0.0694246,0,-2.21361,7283.63
2,0,1.15,-0.0694246,0,-2.21061,7274.54
2,0,1.15,-0.0694246,0,-2.2076,7265.14
2,0,1.15,-0.0694246,0,-2.2046,7255.46
2,0,1.15,-0.0694246,0,-2.2016,7245.48
2,0,1.15,-0.0694246,0,-2.1986,7235.19
2,0,1.15,-0.0694246,0,-2.1956,7224.61
2,0,1.15,-0.0694246,0,-2.1926,7213.74
2,0,1.15,-0.0694246,0,-2.18959,7202.56
2,0,1.15,-0.0694246,0,-2.18659,7191.09
2,0,1.15,-0.0694246,0,-2.18359,7179.32
2,0,1.15,-0.0694246,0,-2.18059,7167.24
2,0,1.15,-0.0694246,0,-2.17759,7154.87
2,0,1.15,-0.0694246,0,-2.17459,7142.18
2,0,1.15,-0.0694246,0,-2.17159,7129.21
2,0,1.15,-0.0694246,0,-2.16858,7115.92
2,0,1.15,-0.0694246,0,-2.16558,7102.33
2,0,1.15,-0.0694246,0,-2.16258,7088.44
2,0,1.15,-0.0694246,0,-2.15958,7074.25
2,0,1.15,-0.0694246,0,-2.15658,7059.74
2,0,1.15,-0.0694246,0,-2.15358,7044.93
2,0,1.15,-0.0694246,0,-2.15058,7029.82
2,0,1.15,-0.0694246,0,-2.14757,7014.4
2,0,1.15,-0.0694246,0,-2.14457,6998.67
2,0,1.15,-0.0694246,0,-2.14157,6982.63
2,0,1.15,-0.0694246,0,-2.13857,6966.29
2,0,1.15,-0.0694246,0,-2.13557,6949.63
2,0,1.15,-0.0694246,0,-2.13257,6932.67
2,0,1.15,-0.0694246,0,-2.12956,6915.4
2,0,1.15,-0.0694246,0,-2.12656,6897.81
2,0,1.15,-0.0694246,0,-2.12356,6879.91
2,0,1.15,-0.0694246,0,-2.12056,6861.7
2,0,1.15,-0.0694246,0,-2.11756,6843.19
2,0,1.15,-0.0694246,0,-2.11456,6824.36
2,0,1.15,-0.0694246,0,-2.11156,6805.21
2,0,1.15,-0.0694246,0,-2.10855,6785.75
2,0,1.15,-0.0694246,0,-2.10555,6765.98
2,0,1.15,-0.0694246,0,-2.10255,6745.9
2,0,1.15,-0.0694246,0,-2.09955,6725.5
2,0,1.15,-0.0694246,0,-2.09655,6704.78
2,0,1.15,-0.0694246,0,-2.09355,6683.75
2,0,1.15,-0.0694246,0,-2.09055,6662.41
2,0,1.15,-0.0694246,0,-2.08754,6640.74
2,0,1.15,-0.0694246,0,-2.08454,6618.77
2,0,1.15,-0.0694246,0,-2.08154,6596.47
2,0,1.15,-0.0694246,0,-2.07854,6573.86
2,0,1.15,-0.0694246,0,-2.07554,6550.93
2,0,1.15,-0.0694246,0,-2.07254,6527.69
2,0,1.15,-0.0694246,0,-2.06953,6504.12
2,0,1.15,-0.0694246,0,-2.06653,6480.24
2,0,1.15,-0.0694246,0,-2.06353,6456.04
2,0,1.15,-0.0694246,0,-2.06053,6431.52
2,0,1.15,-0.0694246,0,-2.05753,6406.68
2,0,1.15,-0.0694246,0,-2.05453,6381.53
2,0,1.15,-0.0694246,0,-2.05153,6356.05
2,0,1.15,-0.0694246,0,-2.04852,6330.25
2,0,1.15,-0.0694246,0,-2.04552,6304.13
2,0,1.15,-0.0694246,0,-2.04252,6277.7
2,0,1.15,-0.0694246,0,-2.03952,6250.94
2,0,1.15,-0.0694246,0,-2.03652,6223.87
2,0,1.15,-0.0694246,0,-2.03352,6196.47
2,0,1.15,-0.0694246,0,-2.03052,6168.74
2,0,1.15,-0.0694246,0,-2.02751,6140.71
2,0,1.15,-0.0694246,0,-2.02451,6112.35
2,0,1.15,-0.0694246,0,-2.02151,6083.66
2,0,1.15,-0.0694246,0,-2.01851,6054.66
2,0,1.15,-0.0694246,0,-2.01551,6025.33
2,0,1.15,-0.0694246,0,-2.01251,5995.68
2,0,1.15,-0.0694246,0,-2.0095,5965.71
2,0,1.15,-0.0694246,0,-2.0065,5935.42
2,0,1.15,-0.0694246,0,-2.0035,5904.81
2,0,1.15,-0.0694246,0,-2.0005,5873.88
2,0,1.15,-0.0694246,0,-1.9975,5842.62
2,0,1.15,-0.0694246,0,-1.9945,5811.04
2,0,1.15,-0.0694246,0,-1.9915,5779.14
2,0,1.15,-0.0694246,0,-1.98849,5746.91
2,0,1.15,-0.0694246,0,-1.98549,5714.37
2,0,1.15,-0.0694246,0,-1.98249,5681.5
2,0,1.15,-0.0694246,0,-1.97949,5648.31
2,0,1.15,-0.0694246,0,-1.97649,5614.8
2,0,1.15,-0.0694246,0,-1.97349,5580.97
2,0,1.15,-0.0694246,0,-1.97049,5546.81
2,0,1.15,-0.0694246,0,-1.96748,5512.34
2,0,1.15,-0.0694246,0,-1.96448,5477.53
2,0,1.15,-0.0694246,0,-1.96148,5442.42
2,0,1.15,-0.0694246,0,-1.95848,5406.97
2,0,1.15,-0.0694246,0,-1.95548,5371.21
2,0,1.15,-0.0694246,0,-1.95248,5335.12
2,0,1.15,-0.0694246,0,-1.94947,5298.72
2,0,1.15,-0.0694246,0,-1.94647,5261.99
2,0,1.15,-0.0694246,0,-1.94347,5224.94
2,0,1.15,-0.0694246,0,-1.94047,5187.57
2,0,1.15,-0.0694246,0,-1.93747,5149.88
2,0,1.15,-0.0694246,0,-1.93447,5111.87
2,0,1.15,-0.0694246,0,-1.93147,5073.54
2,0,1.15,-0.0694246,0,-1.92846,5034.89
2,0,1.15,-0.0694246,0,-1.92546,4995.92
2,0,1.15,-0.0694246,0,-1.92246,4956.63
2,0,1.15,-0.0694246,0,-1.91946,4917.02
2,0,1.15,-0.0694246,0,-1.91646,4877.09
2,0,1.15,-0.0694246,0,-1.91346,4836.84
2,0,1.15,-0.0694246,0,-1.91046,4796.28
2,0,1.15,-0.0694246,0,-1.90745,4755.4
2,0,1.15,-0.0694246,0,-1.90445,4714.2
2,0,1.15,-0.0694246,0,-1.90145,4672.68
2,0,1.15,-0.0694246,0,-1.89845,4630.84
2,0,1.15,-0.0694246,0,-1.89545,4588.69
2,0,1.15,-0.0694246,0,-1.89245,4546.22
2,0,1.15,-0.0694246,0,-1.88944,4503.44
2,0,1.15,-0.0694246,0,-1.88644,4460.34
2,0,1.15,-0.0694246,0,-1.88344,4416.92
2,0,1.15,-0.0694246,0,-1.88044,4373.19
2,0,1.15,-0.0694246,0,-1.87744,4329.15
2,0,1.15,-0.0694246,0,-1.87444,4284.79
2,0,1.15,-0.0694246,0,-1.87144,4240.12
2,0,1.15,-0.0694246,0,-1.86843,4195.14
2,0,1.15,-0.0694246,0,-1.86543,4149.84
2,0,1.15,-0.0694246,0,-1.86243,4104.23
2,0,1.15,-0.0694246,0,-1.85943,4058.32
2,0,1.15,-0.0694246,0,-1.85643,4012.09
2,0,1.15,-0.0694246,0,-1.85343,3965.55
2,0,1.15,-0.0694246,0,-1.85043,3918.7
2,0,1.15,-0.0694246,0,-1.84742,3871.54
2,0,1.15,-0.0694246,0,-1.84442,3824.07
2,0,1.15,-0.0694246,0,-1.84142,3776.3
2,0,1.15,-0.0694246,0,-1.83842,3728.21
2,0,1.15,-0.0694246,0,-1.83542,3679.82
2,0,1.15,-0.0694246,0,-1.83242,3631.13
2,0,1.15,-0.0694246,0,-1.82941,3582.13
2,0,1.15,-0.0694246,0,-1.82641,3532.82
2,0,1.15,-0.0694246,0,-1.82341,3483.21
2,0,1.15,-0.0694246,0,-1.82041,3433.3
2,0,1.15,-0.0694246,0,-1.81741,3383.09
2,0,1.15,-0.0694246,0,-1.81441,3332.57
2,0,1.15,-0.0694246,0,-1.81141,3281.75
2,0,1.15,-0.0694246,0,-1.8084,3230.63
2,0,1.15,-0.0694246,0,-1.8054,3179.22
2,0,1.15,-0.0694246,0,-1.8024,3127.5
2,0,1.15,-0.0694246,0,-1.7994,3075.49
2,0,1.15,-0.0694246,0,-1.7964,3023.17
2,0,1.15,-0.0694246,0,-1.7934,2970.57
2,0,1.15,-0.0694246,0,-1.7904,2917.66
2,0,1.15,-0.0694246,0,-1.78739,2864.47
2,0,1.15,-0.0694246,0,-1.78439,2810.97
2,0,1.15,-0.0694246,0,-1.78139,2757.19
2,0,1.15,-0.0694246,0,-1.77839,2703.11
2,0,1.15,-0.0694246,0,-1.77539,2648.75
2,0,1.15,-0.0694246,0,-1.77239,2594.09
2,0,1.15,-0.0694246,0,-1.76938,2539.14
2,0,1.15,-0.0694246,0,-1.76638,2483.91
2,0,1.15,-0.0694246,0,-1.76338,2428.39
2,0,1.15,-0.0694246,0,-1.76038,2372.58
2,0,1.15,-0.0694246,0,-1.75738,2316.49
2,0,1.15,-0.0694246,0,-1.75438,2260.11
2,0,1.15,-0.0694246,0,-1.75138,2203.45
2,0,1.15,-0.0694246,0,-1.74837,2146.51
2,0,1.15,-0.0694246,0,-1.74537,2089.28
2,0,1.15,-0.0694246,0,-1.74237,2031.78
2,0,1.15,-0.0694246,0,-1.73937,1974
2,0,1.15,-0.0694246,0,-1.73637,1915.94
2,0,1.15,-0.0694246,0,-1.73337,1857.6
2,0,1.15,-0.0694246,0,-1.73037,1798.99
2,0,1.15,-0.0694246,0,-1.72736,1740.11
2,0,1.15,-0.0694246,0,-1.72436,1680.95
2,0,1.15,-0.0694246,0,-1.72136,1621.52
2,0,1.15,-0.0694246,0,-1.71836,1561.82
2,0,1.15,-0.0694246,0,-1.71536,1501.85
2,0,1.15,-0.0694246,0,-1.71236,1441.61
2,0,1.15,-0.0694246,0,-1.70935,1381.1
2,0,1.15,-0.0694246,0,-1.70635,1320.33
2,0,1.15,-0.0694246,0,-1.70335,1259.3
2,0,1.15,-0.0694246,0,-1.70035,1198
2,0,1.15,-0.0694246,0,-1.69735,1136.44
2,0,1.15,-0.0694246,0,-1.69435,1074.62
2,0,1.15,-0.0694246,0,-1.69135,1012.54
2,0,1.15,-0.0694246,0,-1.68834,950.202
2,0,1.15,-0.0694246,0,-1.68534,887.608
2,0,1.15,-0.0694246,0,-1.68234,824.76
2,0,1.15,-0.0694246,0,-1.67934,761.659
2,0,1.15,-0.0694246,0,-1.67634,698.305
2,0,1.15,-0.0694246,0,-1.67334,634.702
2,0,1.15,-0.0694246,0,-1.67034,570.849
2,0,1.15,-0.0694246,0,-1.66733,506.749
2,0,1.15,-0.0694246,0,-1.66433,442.402
2,0,1.15,-0.0694246,0,-1.66133,377.811
2,0,1.15,-0.0694246,0,-1.65833,312.977
2,0,1.15,-0.0694246,0,-1.65533,247.901
2,0,1.15,-0.0694246,0,-1.65233,182.585
2,0,1.15,-0.0694246,0,-1.64932,117.031
2,0,1.15,-0.0694246,0,-1.64632,51.2413
2,0,1.15,-0.0694246,0,-1.64332,-14.784
2,0,1.15,-0.0694246,0,-1.64032,-81.0432
2,0,1.15,-0.0694246,0,-1.63732,-147.535
2,0,1.15,-0.0694246,0,-1.63432,-214.256
2,0,1.15,-0.0694246,0,-1.63132,-281.205
2,0,1.15,-0.0694246,0,-1.62831,-348.381
2,0,1.15,-0.0694246,0,-1.62531,-415.783
2,0,1.15,-0.0694246,0,-1.62231,-483.408
2,0,1.15,-0.0694246,0,-1.61931,-551.254
2,0,1.15,-0.0694246,0,-1.61631,-619.321
2,0,1.15,-0.0694246,0,-1.61331,-687.604
2,0,1.15,-0.0694246,0,-1.61031,-756.105
2,0,1.15,-0.0694246,0,-1.6073,-824.821
2,0,1.15,-0.0694246,0,-1.6043,-893.747
2,0,1.15,-0.0694246,0,-1.6013,-962.886
2,0,1.15,-0.0694246,0,-1.5983,-1032.23
2,0,1.15,-0.0694246,0,-1.5953,-1101.79
2,0,1.15,-0.0694246,0,-1.5923,-1171.55
2,0,1.15,-0.0694246,0,-1.58929,-1241.51
2,0,1.15,-0.0694246,0,-1.58629,-1311.67
2,0,1.15,-0.0694246,0,-1.58329,-1382.04
2,0,1.15,-0.0694246,0,-1.58029,-1452.6
2,0,1.15,-0.0694246,0,-1.57729,-1523.35
2,0,1.15,-0.0694246,0,-1.57429,-1594.3
2,0,1.15,-0.0694246,0,-1.57129,-1665.44
2,0,1.15,-0.0694246,0,-1.56828,-1736.77
2,0,1.15,-0.0694246,0,-1.56528,-1808.29
2,0,1.15,-0.0694246,0,-1.56228,-1879.99
2,0,1.15,-0.0694246,0,-1.55928,-1951.88
2,0,1.15,-0.0694246,0,-1.55628,-2023.94
2,0,1.15,-0.0694246,0,-1.55328,-2096.19
2,0,1.15,-0.0694246,0,-1.55028,-2168.61
2,0,1.15,-0.0694246,0,-1.54727,-2241.21
2,0,1.15,-0.0694246,0,-1.54427,-2313.98
2,0,1.15,-0.0694246,0,-1.54127,-2386.91
2,0,1.15,-0.0694246,0,-1.53827,-2460.02
2,0,1.15,-0.0694246,0,-1.53527,-2533.29
2,0,1.15,-0.0694246,0,-1.53227,-2606.73
2,0,1.15,-0.0694246,0,-1.52926,-2680.33
2,0,1.15,-0.0694246,0,-1.52626,-2754.09
2,0,1.15,-0.0694246,0,-1.52326,-2828
2,0,1.15,-0.0694246,0,-1.52026,-2902.07
2,0,1.15,-0.0694246,0,-1.51726,-2976.29
2,0,1.15,-0.0694246,0,-1.51426,-3050.66
2,0,1.15,-0.0694246,0,-1.51126,-3125.17
2,0,1.15,-0.0694246,0,-1.50825,-3199.83
2,0,1.15,-0.0694246,0,-1.50525,-3274.64
2,0,1.15,-0.0694246,0,-1.50225,-3349.59
2,0,1.15,-0.0694246,0,-1.49925,-3424.67
2,0,1.15,-0.0694246,0,-1.49625,-3499.89
2,0,1.15,-0.0694246,0,-1.49325,-3575.24
2,0,1.15,-0.0694246,0,-1.49025,-3650.72
2,0,1.15,-0.0694246,0,-1.48724,-3726.33
2,0,1.15,-0.0694246,0,-1.48424,-3802.06
2,0,1.15,-0.0694246,0,-1.48124,-3877.92
2,0,1.15,-0.0694246,0,-1.47824,-3953.9
2,0,1.15,-0.0694246,0,-1.47524,-4029.99
2,0,1.15,-0.0694246,0,-1.47224,-4106.2
2,0,1.15,-0.0694246,0,-1.46923,-4182.52
2,0,1.15,-0.0694246,0,-1.46623,-4258.96
2,0,1.15,-0.0694246,0,-1.46323,-4335.5
2,0,1.15,-0.0694246,0,-1.46023,-4412.14
2,0,1.15,-0.0694246,0,-1.45723,-4488.89
2,0,1.15,-0.0694246,0,-1.45423,-4565.73
2,0,1.15,-0.0694246,0,-1.45123,-4642.68
2,0,1.15,-0.0694246,0,-1.44822,-4719.71
2,0,1.15,-0.0694246,0,-1.44522,-4796.84
2,0,1.15,-0.0694246,0,-1.44222,-4874.05
2,0,1.15,-0.0694246,0,-1.43922,-4951.36
2,0,1.15,-0.0694246,0,-1.43622,-5028.74
2,0,1.15,-0.0694246,0,-1.43322,-5106.2
2,0,1.15,-0.0694246,0,-1.43022,-5183.74
2,0,1.15,-0.0694246,0,-1.42721,-5261.36
2,0,1.15,-0.0694246,0,-1.42421,-5339.04
2,0,1.15,-0.0694246,0,-1.42121,-5416.8
2,0,1.15,-0.0694246,0,-1.41821,-5494.62
2,0,1.15,-0.0694246,0,-1.41521,-5572.5
2,0,1.15,-0.0694246,0,-1.41221,-5650.44
2,0,1.15,-0.0694246,0,-1.4092,-5728.44
2,0,1.15,-0.0694246,0,-1.4062,-5806.49
2,0,1.15,-0.0694246,0,-1.4032,-5884.6
2,0,1.15,-0.0694246,0,-1.4002,-5962.75
2,0,1.15,-0.0694246,0,-1.3972,-6040.95
2,0,1.15,-0.0694246,0,-1.3942,-6119.19
2,0,1.15,-0.0694246,0,-1.3912,-6197.47
2,0,1.15,-0.0694246,0,-1.38819,-6275.78
2,0,1.15,-0.0694246,0,-1.38519,-6354.13
2,0,1.15,-0.0694246,0,-1.38219,-6432.5
2,0,1.15,-0.0694246,0,-1.37919,-6510.9
2,0,1.15,-0.0694246,0,-1.37619,-6589.33
2,0,1.15,-0.0694246,0,-1.37319,-6667.77
2,0,1.15,-0.0694246,0,-1.37019,-6746.23
2,0,1.15,-0.0694246,0,-1.36718,-6824.71
2,0,1.15,-0.0694246,0,-1.36418,-6903.2
2,0,1.15,-0.0694246,0,-1.36118,-6981.69
2,0,1.15,-0.0694246,0,-1.35818,-7060.19
2,0,1.15,-0.0694246,0,-1.35518,-7138.69
2,0,1.15,-0.0694246,0,-1.35218,-7217.18
2,0,1.15,-0.0694246,0,-1.34917,-7295.67
2,0,1.15,-0.0694246,0,-1.34617,-7374.15
2,0,1.15,-0.0694246,0,-1.34317,-7452.62
2,0,1.15,-0.0694246,0,-1.34017,-7531.07
2,0,1.15,-0.0694246,0,-1.33717,-7609.51
2,0,1.15,-0.0694246,0,-1.33417,-7687.92
2,0,1.15,-0.0694246,0,-1.33117,-7766.31
2,0,1.15,-0.0694246,0,-1.32816,-7844.67
2,0,1.15,-0.0694246,0,-1.32516,-7922.99
2,0,1.15,-0.0694246,0,-1.32216,-8001.28
2,0,1.15,-0.0694246,0,-1.31916,-8079.53
2,0,1.15,-0.0694246,0,-1.31616,-8157.73
2,0,1.15,-0.0694246,0,-1.31316,-8235.89
2,0,1.15,-0.0694246,0,-1.31016,-8314.01
2,0,1.15,-0.0694246,0,-1.30715,-8392.06
2,0,1.15,-0.0694246,0,-1.30415,-8470.06
2,0,1.15,-0.0694246,0,-1.30115,-8548
2,0,1.15,-0.0694246,0,-1.29815,-8625.87
2,0,1.15,-0.0694246,0,-1.29515,-8703.68
2,0,1.15,-0.0694246,0,-1.29215,-8781.42
2,0,1.15,-0.0694246,0,-1.28914,-8859.08
2,0,1.15,-0.0694246,0,-1.28614,-8936.67
2,0,1.15,-0.0694246,0,-1.28314,-9014.17
2,0,1.15,-0.0694246,0,-1.28014,-9091.58
2,0,1.15,-0.0694246,0,-1.27714,-9168.91
2,0,1.15,-0.0694246,0,-1.27414,-9246.13
2,0,1.15,-0.0694246,0,-1.27114,-9323.27
2,0,1.15,-0.0694246,0,-1.26813,-9400.31
2,0,1.15,-0.0694246,0,-1.26513,-9477.24
2,0,1.15,-0.0694246,0,-1.26213,-9554.06
2,0,1.15,-0.0694246,0,-1.25913,-9630.77
2,0,1.15,-0.0694246,0,-1.25613,-9707.37
2,0,1.15,-0.0694246,0,-1.25313,-9783.85
2,0,1.15,-0.0694246,0,-1.25013,-9860.2
2,0,1.15,-0.0694246,0,-1.24712,-9936.43
2,0,1.15,-0.0694246,0,-1.24412,-10012.5
2,0,1.15,-0.0694246,0,-1.24112,-10088.5
2,0,1.15,-0.0694246,0,-1.23812,-10164.3
2,0,1.15,-0.0694246,0,-1.23512,-10240
2,0,1.15,-0.0694246,0,-1.23212,-10315.5
2,0,1.15,-0.0694246,0,-1.22911,-10390.9
2,0,1.15,-0.0694246,0,-1.22611,-10466.1
2,0,1.15,-0.0694246,0,-1.22311,-10541.2
2,0,1.15,-0.0694246,0,-1.22011,-10616.1
2,0,1.15,-0.0694246,0,-1.21711,-10690.9
2,0,1.15,-0.0694246,0,-1.21411,-10765.4
2,0,1.15,-0.0694246,0,-1.21111,-10839.8
2,0,1.15,-0.0694246,0,-1.2081,-10914.1
2,0,1.15,-0.0694246,0,-1.2051,-10988.1
2,0,1.15,-0.0694246,0,-1.2021,-11061.9
2,0,1.15,-0.0694246,0,-1.1991,-11135.6
2,0,1.15,-0.0694246,0,-1.1961,-11209.1
2,0,1.15,-0.0694246,0,-1.1931,-11282.4
2,0,1.15,-0.0694246,0,-1.1901,-11355.4
2,0,1.15,-0.0694246,0,-1.18709,-11428.3
2,0,1.15,-0.0694246,0,-1.18409,-11500.9
2,0,1.15,-0.0694246,0,-1.18109,-11573.4
2,0,1.15,-0.0694246,0,-1.17809,-11645.6
2,0,1.15,-0.0694246,0,-1.17509,-11717.6
2,0,1.15,-0.0694246,0,-1.17209,-11789.3
2,0,1.15,-0.0694246,0,-1.16908,-11860.9
2,0,1.15,-0.0694246,0,-1.16608,-11932.2
2,0,1.15,-0.0694246,0,-1.16308,-12003.2
2,0,1.15,-0.0694246,0,-1.16008,-12074.1
2,0,1.15,-0.0694246,0,-1.15708,-12144.6
2,0,1.15,-0.0694246,0,-1.15408,-12215
2,0,1.15,-0.0694246,0,-1.15108,-12285
2,0,1.15,-0.0694246,0,-1.14807,-12354.8
2,0,1.15,-0.0694246,0,-1.14507,-12424.3
2,0,1.15,-0.0694246,0,-1.14207,-12493.6
2,0,1.15,-0.0694246,0,-1.13907,-12562.6
2,0,1.15,-0.0694246,0,-1.13607,-12631.3
2,0,1.15,-0.0694246,0,-1.13307,-12699.7
2,0,1.15,-0.0694246,0,-1.13007,-12767.9
2,0,1.15,-0.0694246,0,-1.12706,-12835.7
2,0,1.15,-0.0694246,0,-1.12406,-12903.3
2,0,1.15,-0.0694246,0,-1.12106,-12970.5
2,0,1.15,-0.0694246,0,-1.11806,-13037.5
2,0,1.15,-0.0694246,0,-1.11506,-13104.1
2,0,1.15,-0.0694246,0,-1.11206,-13170.5
2,0,1.15,-0.0694246,0,-1.10905,-13236.5
2,0,1.15,-0.0694246,0,-1.10605,-13302.2
2,0,1.15,-0.0694246,0,-1.10305,-13367.5
2,0,1.15,-0.0694246,0,-1.10005,-13432.6
2,0,1.15,-0.0694246,0,-1.09705,-13497.3
2,0,1.15,-0.0694246,0,-1.09405,-13561.6
2,0,1.15,-0.0694246,0,-1.09105,-13625.6
2,0,1.15,-0.0694246,0,-1.08804,-13689.3
2,0,1.15,-0.0694246,0,-1.08504,-13752.6
2,0,1.15,-0.0694246,0,-1.08204,-13815.6
2,0,1.15,-0.0694246,0,-1.07904,-13878.1
2,0,1.15,-0.0694246,0,-1.07604,-13940.4
2,0,1.15,-0.0694246,0,-1.07304,-14002.2
2,0,1.15,-0.0694246,0,-1.07004,-14063.7
2,0,1.15,-0.0694246,0,-1.06703,-14124.8
2,0,1.15,-0.0694246,0,-1.06403,-14185.5
2,0,1.15,-0.0694246,0,-1.06103,-14245.8
2,0,1.15,-0.0694246,0,-1.05803,-14305.7
2,0,1.15,-0.0694246,0,-1.05503,-14365.3
2,0,1.15,-0.0694246,0,-1.05203,-14424.4
2,0,1.15,-0.0694246,0,-1.04902,-14483.1
2,0,1.15,-0.0694246,0,-1.04602,-14541.4
2,0,1.15,-0.0694246,0,-1.04302,-14599.3
2,0,1.15,-0.0694246,0,-1.04002,-14656.8
2,0,1.15,-0.0694246,0,-1.03702,-14713.8
2,0,1.15,-0.0694246,0,-1.03402,-14770.4
2,0,1.15,-0.0694246,0,-1.03102,-14826.6
2,0,1.15,-0.0694246,0,-1.02801,-14882.3
2,0,1.15,-0.0694246,0,-1.02501,-14937.6
2,0,1.15,-0.0694246,0,-1.02201,-14992.4
2,0,1.15,-0.0694246,0,-1.01901,-15046.8
2,0,1.15,-0.0694246,0,-1.01601,-15100.7
2,0,1.15,-0.0694246,0,-1.01301,-15154.2
2,0,1.15,-0.0694246,0,-1.01001,-15207.1
2,0,1.15,-0.0694246,0,-1.007,-15259.7
2,0,1.15,-0.0694246,0,-1.004,-15311.7
2,0,1.15,-0.0694246,0,-1.001,-15363.2
2,0,1.15,-0.0694246,0,-0.997999,-15414.3
2,0,1.15,-0.0694246,0,-0.994997,-15464.9
2,0,1.15,-0.0694246,0,-0.991996,-15514.9
2,0,1.15,-0.0694246,0,-0.988994,-15564.5
2,0,1.15,-0.0694246,0,-0.985993,-15613.6
2,0,1.15,-0.0694246,0,-0.982991,-15662.1
2,0,1.15,-0.0694246,0,-0.97999,-15710.2
2,0,1.15,-0.0694246,0,-0.976988,-15757.7
2,0,1.15,-0.0694246,0,-0.973987,-15804.7
2,0,1.15,-0.0694246,0,-0.970985,-15851.1
2,0,1.15,-0.0694246,0,-0.967984,-15897.1
2,0,1.15,-0.0694246,0,-0.964982,-15942.5
2,0,1.15,-0.0694246,0,-0.961981,-15987.3
2,0,1.15,-0.0694246,0,-0.958979,-16031.6
2,0,1.15,-0.0694246,0,-0.955978,-16075.3
2,0,1.15,-0.0694246,0,-0.952976,-16118.5
2,0,1.15,-0.0694246,0,-0.949975,-16161.1
2,0,1.15,-0.0694246,0,-0.946973,-16203.2
2,0,1.15,-0.0694246,0,-0.943972,-16244.6
2,0,1.15,-0.0694246,0,-0.94097,-16285.5
2,0,1.15,-0.0694246,0,-0.937969,-16325.8
2,0,1.15,-0.0694246,0,-0.934967,-16365.5
2,0,1.15,-0.0694246,0,-0.931966,-16404.7
2,0,1.15,-0.0694246,0,-0.928964,-16443.2
2,0,1.15,-0.0694246,0,-0.925963,-16481.1
2,0,1.15,-0.0694246,0,-0.922961,-16518.5
2,0,1.15,-0.0694246,0,-0.91996,-16555.2
2,0,1.15,-0.0694246,0,-0.916958,-16591.3
2,0,1.15,-0.0694246,0,-0.913957,-16626.7
2,0,1.15,-0.0694246,0,-0.910955,-16661.6
2,0,1.15,-0.0694246,0,-0.907954,-16695.8
2,0,1.15,-0.0694246,0,-0.904952,-16729.4
2,0,1.15,-0.0694246,0,-0.901951,-16762.3
2,0,1.15,-0.0694246,0,-0.898949,-16794.6
2,0,1.15,-0.0694246,0,-0.895948,-16826.2
2,0,1.15,-0.0694246,0,-0.892946,-16857.2
2,0,1.15,-0.0694246,0,-0.889945,-16887.5
2,0,1.15,-0.0694246,0,-0.886943,-16917.2
2,0,1.15,-0.0694246,0,-0.883942,-16946.2
2,0,1.15,-0.0694246,0,-0.88094,-16974.5
2,0,1.15,-0.0694246,0,-0.877939,-17002.1
2,0,1.15,-0.0694246,0,-0.874937,-17029.1
2,0,1.15,-0.0694246,0,-0.871936,-17055.3
2,0,1.15,-0.0694246,0,-0.868934,-17080.9
2,0,1.15,-0.0694246,0,-0.865933,-17105.7
2,0,1.15,-0.0694246,0,-0.862931,-17129.9
2,0,1.15,-0.0694246,0,-0.85993,-17153.4
2,0,1.15,-0.0694246,0,-0.856928,-17176.1
2,0,1.15,-0.0694246,0,-0.853927,-17198.1
2,0,1.15,-0.0694246,0,-0.850925,-17219.4
2,0,1.15,-0.0694246,0,-0.847924,-17240
2,0,1.15,-0.0694246,0,-0.844922,-17259.8
2,0,1.15,-0.0694246,0,-0.841921,-17279
2,0,1.15,-0.0694246,0,-0.838919,-17297.3
2,0,1.15,-0.0694246,0,-0.835918,-17314.9
2,0,1.15,-0.0694246,0,-0.832916,-17331.8
2,0,1.15,-0.0694246,0,-0.829915,-17347.9
2,0,1.15,-0.0694246,0,-0.826913,-17363.3
2,0,1.15,-0.0694246,0,-0.823912,-17377.8
2,0,1.15,-0.0694246,0,-0.82091,-17391.7
2,0,1.15,-0.0694246,0,-0.817909,-17404.7
2,0,1.15,-0.0694246,0,-0.814907,-17417
2,0,1.15,-0.0694246,0,-0.811906,-17428.4
2,0,1.15,-0.0694246,0,-0.808904,-17439.1
2,0,1.15,-0.0694246,0,-0.805903,-17449
2,0,1.15,-0.0694246,0,-0.802901,-17458.1
2,0,1.15,-0.0694246,0,-0.7999,-17466.4
2,0,1.15,-0.0694246,0,-0.796898,-17473.9
2,0,1.15,-0.0694246,0,-0.793897,-17480.6
2,0,1.15,-0.0694246,0,-0.790895,-17486.4
2,0,1.15,-0.0694246,0,-0.787894,-17491.4
2,0,1.15,-0.0694246,0,-0.784892,-17495.6
2,0,1.15,-0.0694246,0,-0.781891,-17499
2,0,1.15,-0.0694246,0,-0.778889,-17501.6
2,0,1.15,-0.0694246,0,-0.775888,-17503.3
2,0,1.15,-0.0694246,0,-0.772886,-17504.1
2,0,1.15,-0.0694246,0,-0.769885,-17504.1
2,0,1.15,-0.0694246,0,-0.766883,-17503.3
2,0,1.15,-0.0694246,0,-0.763882,-17501.6
2,0,1.15,-0.0694246,0,-0.76088,-17499
2,0,1.15,-0.0694246,0,-0.757879,-17495.6
2,0,1.15,-0.0694246,0,-0.754877,-17491.2
2,0,1.15,-0.0694246,0,-0.751876,-17486.1
2,0,1.15,-0.0694246,0,-0.748874,-17480
2,0,1.15,-0.0694246,0,-0.745873,-17473
2,0,1.15,-0.0694246,0,-0.742871,-17465.2
2,0,1.15,-0.0694246,0,-0.73987,-17456.5
2,0,1.15,-0.0694246,0,-0.736868,-17446.8
2,0,1.15,-0.0694246,0,-0.733867,-17436.3
2,0,1.15,-0.0694246,0,-0.730865,-17424.8
2,0,1.15,-0.0694246,0,-0.727864,-17412.5
2,0,1.15,-0.0694246,0,-0.724862,-17399.2
2,0,1.15,-0.0694246,0,-0.721861,-17385
2,0,1.15,-0.0694246,0,-0.718859,-17369.9
2,0,1.15,-0.0694246,0,-0.715858,-17353.8
2,0,1.15,-0.0694246,0,-0.712856,-17336.9
2,0,1.15,-0.0694246,0,-0.709855,-17318.9
2,0,1.15,-0.0694246,0,-0.706853,-17300.1
2,0,1.15,-0.0694246,0,-0.703852,-17280.3
2,0,1.15,-0.0694246,0,-0.70085,-17259.5
2,0,1.15,-0.0694246,0,-0.697849,-17237.8
2,0,1.15,-0.0694246,0,-0.694847,-17215.1
2,0,1.15,-0.0694246,0,-0.691846,-17191.5
2,0,1.15,-0.0694246,0,-0.688844,-17166.9
2,0,1.15,-0.0694246,0,-0.685843,-17141.3
2,0,1.15,-0.0694246,0,-0.682841,-17114.8
2,0,1.15,-0.0694246,0,-0.67984,-17087.2
2,0,1.15,-0.0694246,0,-0.676838,-17058.7
2,0,1.15,-0.0694246,0,-0.673837,-17029.2
2,0,1.15,-0.0694246,0,-0.670835,-16998.7
2,0,1.15,-0.0694246,0,-0.667834,-16967.2
2,0,1.15,-0.0694246,0,-0.664832,-16934.7
2,0,1.15,-0.0694246,0,-0.661831,-16901.2
2,0,1.15,-0.0694246,0,-0.658829,-16866.7
2,0,1.15,-0.0694246,0,-0.655828,-16831.2
2,0,1.15,-0.0694246,0,-0.652826,-16794.7
2,0,1.15,-0.0694246,0,-0.649825,-16757.1
2,0,1.15,-0.0694246,0,-0.646823,-16718.6
2,0,1.15,-0.0694246,0,-0.643822,-16678.9
2,0,1.15,-0.0694246,0,-0.64082,-16638.3
2,0,1.15,-0.0694246,0,-0.637819,-16596.6
2,0,1.15,-0.0694246,0,-0.634817,-16553.9
2,0,1.15,-0.0694246,0,-0.631816,-16510.2
2,0,1.15,-0.0694246,0,-0.628814,-16465.4
2,0,1.15,-0.0694246,0,-0.625813,-16419.5
2,0,1.15,-0.0694246,0,-0.622811,-16372.6
2,0,1.15,-0.0694246,0,-0.61981,-16324.7
2,0,1.15,-0.0694246,0,-0.616808,-16275.7
2,0,1.15,-0.0694246,0,-0.613807,-16225.6
2,0,1.15,-0.0694246,0,-0.610805,-16174.4
2,0,1.15,-0.0694246,0,-0.607804,-16122.2
2,0,1.15,-0.0694246,0,-0.604802,-16068.9
2,0,1.15,-0.0694246,0,-0.601801,-16014.5
2,0,1.15,-0.0694246,0,-0.598799,-15959.1
2,0,1.15,-0.0694246,0,-0.595798,-15902.5
2,0,1.15,-0.0694246,0,-0.592796,-15844.9
2,0,1.15,-0.0694246,0,-0.589795,-15786.2
2,0,1.15,-0.0694246,0,-0.586793,-15726.3
2,0,1.15,-0.0694246,0,-0.583792,-15665.4
2,0,1.15,-0.0694246,0,-0.58079,-15603.4
2,0,1.15,-0.0694246,0,-0.577789,-15540.3
2,0,1.15,-0.0694246,0,-0.574787,-15476
2,0,1.15,-0.0694246,0,-0.571786,-15410.7
2,0,1.15,-0.0694246,0,-0.568784,-15344.2
2,0,1.15,-0.0694246,0,-0.565783,-15276.6
2,0,1.15,-0.0694246,0,-0.562781,-15208
2,0,1.15,-0.0694246,0,-0.55978,-15138.1
2,0,1.15,-0.0694246,0,-0.556778,-15067.2
2,0,1.15,-0.0694246,0,-0.553777,-14995.1
2,0,1.15,-0.0694246,0,-0.550775,-14921.9
2,0,1.15,-0.0694246,0,-0.547774,-14847.5
2,0,1.15,-0.0694246,0,-0.544772,-14772
2,0,1.15,-0.0694246,0,-0.541771,-14695.4
2,0,1.15,-0.0694246,0,-0.538769,-14617.6
2,0,1.15,-0.0694246,0,-0.535768,-14538.7
2,0,1.15,-0.0694246,0,-0.532766,-14458.7
2,0,1.15,-0.0694246,0,-0.529765,-14377.4
2,0,1.15,-0.0694246,0,-0.526763,-14295.1
2,0,1.15,-0.0694246,0,-0.523762,-14211.5
2,0,1.15,-0.0694246,0,-0.52076,-14126.8
2,0,1.15,-0.0694246,0,-0.517759,-14041
2,0,1.15,-0.0694246,0,-0.514757,-13954
2,0,1.15,-0.0694246,0,-0.511756,-13865.8
2,0,1.15,-0.0694246,0,-0.508754,-13776.4
2,0,1.15,-0.0694246,0,-0.505753,-13685.9
2,0,1.15,-0.0694246,0,-0.502751,-13594.2
2,0,1.15,-0.0694246,0,-0.49975,-13501.3
2,0,1.15,-0.0694246,0,-0.496748,-13407.3
2,0,1.15,-0.0694246,0,-0.493747,-13312
2,0,1.15,-0.0694246,0,-0.490745,-13215.6
2,0,1.15,-0.0694246,0,-0.487744,-13118
2,0,1.15,-0.0694246,0,-0.484742,-13019.2
2,0,1.15,-0.0694246,0,-0.481741,-12919.2
2,0,1.15,-0.0694246,0,-0.478739,-12818.1
2,0,1.15,-0.0694246,0,-0.475738,-12715.7
2,0,1.15,-0.0694246,0,-0.472736,-12612.1
2,0,1.15,-0.0694246,0,-0.469735,-12507.4
2,0,1.15,-0.0694246,0,-0.466733,-12401.4
2,0,1.15,-0.0694246,0,-0.463732,-12294.3
2,0,1.15,-0.0694246,0,-0.46073,-12185.9
2,0,1.15,-0.0694246,0,-0.457729,-12076.4
2,0,1.15,-0.0694246,0,-0.454727,-11965.6
2,0,1.15,-0.0694246,0,-0.451726,-11853.6
2,0,1.15,-0.0694246,0,-0.448724,-11740.4
2,0,1.15,-0.0694246,0,-0.445723,-11626.1
2,0,1.15,-0.0694246,0,-0.442721,-11510.5
2,0,1.15,-0.0694246,0,-0.43972,-11393.6
2,0,1.15,-0.0694246,0,-0.436718,-11275.6
2,0,1.15,-0.0694246,0,-0.433717,-11156.4
2,0,1.15,-0.0694246,0,-0.430715,-11035.9
2,0,1.15,-0.0694246,0,-0.427714,-10914.3
2,0,1.15,-0.0694246,0,-0.424712,-10791.4
2,0,1.15,-0.0694246,0,-0.421711,-10667.3
2,0,1.15,-0.0694246,0,-0.418709,-10541.9
2,0,1.15,-0.0694246,0,-0.415708,-10415.4
2,0,1.15,-0.0694246,0,-0.412706,-10287.6
2,0,1.15,-0.0694246,0,-0.409705,-10158.6
2,0,1.15,-0.0694246,0,-0.406703,-10028.4
2,0,1.15,-0.0694246,0,-0.403702,-9897
2,0,1.15,-0.0694246,0,-0.4007,-9764.34
2,0,1.15,-0.0694246,0,-0.397699,-9630.45
2,0,1.15,-0.0694246,0,-0.394697,-9495.34
2,0,1.15,-0.0694246,0,-0.391696,-9359.01
2,0,1.15,-0.0694246,0,-0.388694,-9221.45
2,0,1.15,-0.0694246,0,-0.385693,-9082.66
2,0,1.15,-0.0694246,0,-0.382691,-8942.64
2,0,1.15,-0.0694246,0,-0.37969,-8801.4
2,0,1.15,-0.0694246,0,-0.376688,-8658.94
2,0,1.15,-0.0694246,0,-0.373687,-8515.24
2,0,1.15,-0.0694246,0,-0.370685,-8370.32
2,0,1.15,-0.0694246,0,-0.367684,-8224.17
2,0,1.15,-0.0694246,0,-0.364682,-8076.8
2,0,1.15,-0.0694246,0,-0.361681,-7928.19
2,0,1.15,-0.0694246,0,-0.358679,-7778.37
2,0,1.15,-0.0694246,0,-0.355678,-7627.31
2,0,1.15,-0.0694246,0,-0.352676,-7475.02
2,0,1.15,-0.0694246,0,-0.349675,-7321.52
2,0,1.15,-0.0694246,0,-0.346673,-7166.79
2,0,1.15,-0.0694246,0,-0.343672,-7010.84
2,0,1.15,-0.0694246,0,-0.34067,-6853.65
2,0,1.15,-0.0694246,0,-0.337669,-6695.25
2,0,1.15,-0.0694246,0,-0.334667,-6535.63
2,0,1.15,-0.0694246,0,-0.331666,-6374.78
2,0,1.15,-0.0694246,0,-0.328664,-6212.72
2,0,1.15,-0.0694246,0,-0.325663,-6049.43
2,0,1.15,-0.0694246,0,-0.322661,-5884.92
2,0,1.15,-0.0694246,0,-0.31966,-5719.2
2,0,1.15,-0.0694246,0,-0.316658,-5552.26
2,0,1.15,-0.0694246,0,-0.313657,-5384.1
2,0,1.15,-0.0694246,0,-0.310655,-5214.74
2,0,1.15,-0.0694246,0,-0.307654,-5044.16
2,0,1.15,-0.0694246,0,-0.304652,-4872.37
2,0,1.15,-0.0694246,0,-0.301651,-4699.37
2,0,1.15,-0.0694246,0,-0.298649,-4525.15
2,0,1.15,-0.0694246,0,-0.295648,-4349.74
2,0,1.15,-0.0694246,0,-0.292646,-4173.12
2,0,1.15,-0.0694246,0,-0.289645,-3995.3
2,0,1.15,-0.0694246,0,-0.286643,-3816.28
2,0,1.15,-0.0694246,0,-0.283642,-3636.05
2,0,1.15,-0.0694246,0,-0.28064,-3454.63
2,0,1.15,-0.0694246,0,-0.277639,-3272.02
2,0,1.15,-0.0694246,0,-0.274637,-3088.21
2,0,1.15,-0.0694246,0,-0.271636,-2903.22
2,0,1.15,-0.0694246,0,-0.268634,-2717.03
2,0,1.15,-0.0694246,0,-0.265633,-2529.67
2,0,1.15,-0.0694246,0,-0.262631,-2341.11
2,0,1.15,-0.0694246,0,-0.25963,-2151.38
2,0,1.15,-0.0694246,0,-0.256628,-1960.47
2,0,1.15,-0.0694246,0,-0.253627,-1768.38
2,0,1.15,-0.0694246,0,-0.250625,-1575.13
2,0,1.15,-0.0694246,0,-0.247624,-1380.7
2,0,1.15,-0.0694246,0,-0.244622,-1185.11
2,0,1.15,-0.0694246,0,-0.241621,-988.352
2,0,1.15,-0.0694246,0,-0.238619,-790.436
2,0,1.15,-0.0694246,0,-0.235618,-591.365
2,0,1.15,-0.0694246,0,-0.232616,-391.138
2,0,1.15,-0.0694246,0,-0.229615,-189.76
2,0,1.15,-0.0694246,0,-0.226613,12.7631
2,0,1.15,-0.0694246,0,-0.223612,216.426
2,0,1.15,-0.0694246,0,-0.22061,421.232
2,0,1.15,-0.0694246,0,-0.217609,627.174
2,0,1.15,-0.0694246,0,-0.214607,834.246
2,0,1.15,-0.0694246,0,-0.211606,1042.45
2,0,1.15,-0.0694246,0,-0.208604,1251.77
2,0,1.15,-0.0694246,0,-0.205603,1462.21
2,0,1.15,-0.0694246,0,-0.202601,1673.77
2,0,1.15,-0.0694246,0,-0.1996,1886.44
2,0,1.15,-0.0694246,0,-0.196598,2100.22
2,0,1.15,-0.0694246,0,-0.193597,2315.1
2,0,1.15,-0.0694246,0,-0.190595,2531.08
2,0,1.15,-0.0694246,0,-0.187594,2748.15
2,0,1.15,-0.0694246,0,-0.184592,2966.31
2,0,1.15,-0.0694246,0,-0.181591,3185.56
2,0,1.15,-0.0694246,0,-0.178589,3405.88
2,0,1.15,-0.0694246,0,-0.175588,3627.28
2,0,1.15,-0.0694246,0,-0.172586,3849.74
2,0,1.15,-0.0694246,0,-0.169585,4073.27
2,0,1.15,-0.0694246,0,-0.166583,4297.86
2,0,1.15,-0.0694246,0,-0.163582,4523.5
2,0,1.15,-0.0694246,0,-0.16058,4750.19
2,0,1.15,-0.0694246,0,-0.157579,4977.92
2,0,1.15,-0.0694246,0,-0.154577,5206.69
2,0,1.15,-0.0694246,0,-0.151576,5436.49
2,0,1.15,-0.0694246,0,-0.148574,5667.31
2,0,1.15,-0.0694246,0,-0.145573,5899.15
2,0,1.15,-0.0694246,0,-0.142571,6132.01
2,0,1.15,-0.0694246,0,-0.13957,6365.87
2,0,1.15,-0.0694246,0,-0.136568,6600.73
2,0,1.15,-0.0694246,0,-0.133567,6836.58
2,0,1.15,-0.0694246,0,-0.130565,7073.43
2,0,1.15,-0.0694246,0,-0.127564,7311.25
2,0,1.15,-0.0694246,0,-0.124562,7550.05
2,0,1.15,-0.0694246,0,-0.121561,7789.82
2,0,1.15,-0.0694246,0,-0.118559,8030.54
2,0,1.15,-0.0694246,0,-0.115558,8272.22
2,0,1.15,-0.0694246,0,-0.112556,8514.86
2,0,1.15,-0.0694246,0,-0.109555,8758.42
2,0,1.15,-0.0694246,0,-0.106553,9002.92
2,0,1.15,-0.0694246,0,-0.103552,9248.35
2,0,1.15,-0.0694246,0,-0.10055,9494.69
2,0,1.15,-0.0694246,0,-0.0975488,9741.94
2,0,1.15,-0.0694246,0,-0.0945473,9990.1
2,0,1.15,-0.0694246,0,-0.0915458,10239.1
2,0,1.15,-0.0694246,0,-0.0885443,10489.1
2,0,1.15,-0.0694246,0,-0.0855428,10739.9
2,0,1.15,-0.0694246,0,-0.0825413,10991.6
2,0,1.15,-0.0694246,0,-0.0795398,11244.1
2,0,1.15,-0.0694246,0,-0.0765383,11497.5
2,0,1.15,-0.0694246,0,-0.0735368,11751.8
2,0,1.15,-0.0694246,0,-0.0705353,12006.9
2,0,1.15,-0.0694246,0,-0.0675338,12262.8
2,0,1.15,-0.0694246,0,-0.0645323,12519.5
2,0,1.15,-0.0694246,0,-0.0615308,12777.1
2,0,1.15,-0.0694246,0,-0.0585293,13035.4
2,0,1.15,-0.0694246,0,-0.0555278,13294.5
2,0,1.15,-0.0694246,0,-0.0525263,13554.5
2,0,1.15,-0.0694246,0,-0.0495248,13815.2
2,0,1.15,-0.0694246,0,-0.0465233,14076.6
2,0,1.15,-0.0694246,0,-0.0435218,14338.8
2,0,1.15,-0.0694246,0,-0.0405203,14601.8
2,0,1.15,-0.0694246,0,-0.0375188,14865.5
2,0,1.15,-0.0694246,0,-0.0345173,15129.9
2,0,1.15,-0.0694246,0,-0.0315158,15395.1
2,0,1.15,-0.0694246,0,-0.0285143,15660.9
2,0,1.15,-0.0694246,0,-0.0255128,15927.5
2,0,1.15,-0.0694246,0,-0.0225113,16194.7
2,0,1.15,-0.0694246,0,-0.0195098,16462.6
2,0,1.15,-0.0694246,0,-0.0165083,16731.2
2,0,1.15,-0.0694246,0,-0.0135068,17000.4
2,0,1.15,-0.0694246,0,-0.0105053,17270.2
2,0,1.15,-0.0694246,0,-0.00750375,17540.7
2,0,1.15,-0.0694246,0,-0.00450225,17811.8
2,0,1.15,-0.0694246,0,-0.00150075,18083.6
2,0,1.15,-0.0694246,0,0.00150075,18355.9
2,0,1.15,-0.0694246,0,0.00450225,18628.8
2,0,1.15,-0.0694246,0,0.00750375,18902.3
2,0,1.15,-0.0694246,0,0.0105053,19176.3
2,0,1.15,-0.0694246,0,0.0135068,19450.9
2,0,1.15,-0.0694246,0,0.0165083,19726.1
2,0,1.15,-0.0694246,0,0.0195098,20001.8
2,0,1.15,-0.0694246,0,0.0225113,20278
2,0,1.15,-0.0694246,0,0.0255128,20554.6
2,0,1.15,-0.0694246,0,0.0285143,20831.8
2,0,1.15,-0.0694246,0,0.0315158,21109.5
2,0,1.15,-0.0694246,0,0.0345173,21387.6
2,0,1.15,-0.0694246,0,0.0375188,21666.2
2,0,1.15,-0.0694246,0,0.0405203,21945.2
2,0,1.15,-0.0694246,0,0.0435218,22224.7
2,0,1.15,-0.0694246,0,0.0465233,22504.5
2,0,1.15,-0.0694246,0,0.0495248,22784.8
2,0,1.15,-0.0694246,0,0.0525263,23065.5
2,0,1.15,-0.0694246,0,0.0555278,23346.5
2,0,1.15,-0.0694246,0,0.0585293,23627.9
2,0,1.15,-0.0694246,0,0.0615308,23909.6
2,0,1.15,-0.0694246,0,0.0645323,24191.7
2,0,1.15,-0.0694246,0,0.0675338,24474.1
2,0,1.15,-0.0694246,0,0.0705353,24756.8
2,0,1.15,-0.0694246,0,0.0735368,25039.8
2,0,1.15,-0.0694246,0,0.0765383,25323
2,0,1.15,-0.0694246,0,0.0795398,25606.6
2,0,1.15,-0.0694246,0,0.0825413,25890.3
2,0,1.15,-0.0694246,0,0.0855428,26174.3
2,0,1.15,-0.0694246,0,0.0885443,26458.5
2,0,1.15,-0.0694246,0,0.0915458,26743
2,0,1.15,-0.0694246,0,0.0945473,27027.6
2,0,1.15,-0.0694246,0,0.0975488,27312.4
2,0,1.15,-0.0694246,0,0.10055,27597.3
2,0,1.15,-0.0694246,0,0.103552,27882.4
2,0,1.15,-0.0694246,0,0.106553,28167.6
2,0,1.15,-0.0694246,0,0.109555,28452.9
2,0,1.15,-0.0694246,0,0.112556,28738.3
2,0,1.15,-0.0694246,0,0.115558,29023.8
2,0,1.15,-0.0694246,0,0.118559,29309.4
2,0,1.15,-0.0694246,0,0.121561,29595
2,0,1.15,-0.0694246,0,0.124562,29880.6
2,0,1.15,-0.0694246,0,0.127564,30166.2
2,0,1.15,-0.0694246,0,0.130565,30451.9
2,0,1.15,-0.0694246,0,0.133567,30737.5
2,0,1.15,-0.0694246,0,0.136568,31023.1
2,0,1.15,-0.0694246,0,0.13957,31308.6
2,0,1.15,-0.0694246,0,0.142571,31594
2,0,1.15,-0.0694246,0,0.145573,31879.4
2,0,1.15,-0.0694246,0,0.148574,32164.6
2,0,1.15,-0.0694246,0,0.151576,32449.8
2,0,1.15,-0.0694246,0,0.154577,32734.7
2,0,1.15,-0.0694246,0,0.157579,33019.6
2,0,1.15,-0.0694246,0,0.16058,33304.2
2,0,1.15,-0.0694246,0,0.163582,33588.6
2,0,1.15,-0.0694246,0,0.166583,33872.9
2,0,1.15,-0.0694246,0,0.169585,34156.9
2,0,1.15,-0.0694246,0,0.172586,34440.6
2,0,1.15,-0.0694246,0,0.175588,34724.1
2,0,1.15,-0.0694246,0,0.178589,35007.3
2,0,1.15,-0.0694246,0,0.181591,35290.1
2,0,1.15,-0.0694246,0,0.184592,35572.7
2,0,1.15,-0.0694246,0,0.187594,35854.8
2,0,1.15,-0.0694246,0,0.190595,36136.7
2,0,1.15,-0.0694246,0,0.193597,36418.1
2,0,1.15,-0.0694246,0,0.196598,36699.1
2,0,1.15,-0.0694246,0,0.1996,36979.8
2,0,1.15,-0.0694246,0,0.202601,37259.9
2,0,1.15,-0.0694246,0,0.205603,37539.6
2,0,1.15,-0.0694246,0,0.208604,37818.8
2,0,1.15,-0.0694246,0,0.211606,38097.5
2,0,1.15,-0.0694246,0,0.214607,38375.7
2,0,1.15,-0.0694246,0,0.217609,38653.3
2,0,1.15,-0.0694246,0,0.22061,38930.3
2,0,1.15,-0.0694246,0,0.223612,39206.8
2,0,1.15,-0.0694246,0,0.226613,39482.7
2,0,1.15,-0.0694246,0,0.229615,39757.9
2,0,1.15,-0.0694246,0,0.232616,40032.4
2,0,1.15,-0.0694246,0,0.235618,40306.3
2,0,1.15,-0.0694246,0,0.238619,40579.5
2,0,1.15,-0.0694246,0,0.241621,40852
2,0,1.15,-0.0694246,0,0.244622,41123.7
2,0,1.15,-0.0694246,0,0.247624,41394.7
2,0,1.15,-0.0694246,0,0.250625,41664.9
2,0,1.15,-0.0694246,0,0.253627,41934.3
2,0,1.15,-0.0694246,0,0.256628,42202.8
2,0,1.15,-0.0694246,0,0.25963,42470.5
2,0,1.15,-0.0694246,0,0.262631,42737.4
2,0,1.15,-0.0694246,0,0.265633,43003.3
2,0,1.15,-0.0694246,0,0.268634,43268.3
2,0,1.15,-0.0694246,0,0.271636,43532.3
2,0,1.15,-0.0694246,0,0.274637,43795.5
2,0,1.15,-0.0694246,0,0.277639,44057.6
2,0,1.15,-0.0694246,0,0.28064,44318.7
2,0,1.15,-0.0694246,0,0.283642,44578.7
2,0,1.15,-0.0694246,0,0.286643,44837.7
2,0,1.15,-0.0694246,0,0.289645,45095.6
2,0,1.15,-0.0694246,0,0.292646,45352.4
2,0,1.15,-0.0694246,0,0.295648,45608.1
2,0,1.15,-0.0694246,0,0.298649,45862.6
2,0,1.15,-0.0694246,0,0.301651,46115.9
2,0,1.15,-0.0694246,0,0.304652,46368.1
2,0,1.15,-0.0694246,0,0.307654,46618.9
2,0,1.15,-0.0694246,0,0.310655,46868.6
2,0,1.15,-0.0694246,0,0.313657,47116.9
2,0,1.15,-0.0694246,0,0.316658,47364
2,0,1.15,-0.0694246,0,0.31966,47609.7
2,0,1.15,-0.0694246,0,0.322661,47854.1
2,0,1.15,-0.0694246,0,0.325663,48097
2,0,1.15,-0.0694246,0,0.328664,48338.6
2,0,1.15,-0.0694246,0,0.331666,48578.7
2,0,1.15,-0.0694246,0,0.334667,48817.4
2,0,1.15,-0.0694246,0,0.337669,49054.6
2,0,1.15,-0.0694246,0,0.34067,49290.3
2,0,1.15,-0.0694246,0,0.343672,49524.4
2,0,1.15,-0.0694246,0,0.346673,49757
2,0,1.15,-0.0694246,0,0.349675,49988
2,0,1.15,-0.0694246,0,0.352676,50217.3
2,0,1.15,-0.0694246,0,0.355678,50445.1
2,0,1.15,-0.0694246,0,0.358679,50671.1
2,0,1.15,-0.0694246,0,0.361681,50895.4
2,0,1.15,-0.0694246,0,0.364682,51118.1
2,0,1.15,-0.0694246,0,0.367684,51338.9
2,0,1.15,-0.0694246,0,0.370685,51558
2,0,1.15,-0.0694246,0,0.373687,51775.3
2,0,1.15,-0.0694246,0,0.376688,51990.7
2,0,1.15,-0.0694246,0,0.37969,52204.3
2,0,1.15,-0.0694246,0,0.382691,52416
2,0,1.15,-0.0694246,0,0.385693,52625.8
2,0,1.15,-0.0694246,0,0.388694,52833.6
2,0,1.15,-0.0694246,0,0.391696,53039.5
2,0,1.15,-0.0694246,0,0.394697,53243.3
2,0,1.15,-0.0694246,0,0.397699,53445.1
2,0,1.15,-0.0694246,0,0.4007,53644.8
2,0,1.15,-0.0694246,0,0.403702,53842.5
2,0,1.15,-0.0694246,0,0.406703,54038
2,0,1.15,-0.0694246,0,0.409705,54231.4
2,0,1.15,-0.0694246,0,0.412706,54422.6
2,0,1.15,-0.0694246,0,0.415708,54611.6
2,0,1.15,-0.0694246,0,0.418709,54798.3
2,0,1.15,-0.0694246,0,0.421711,54982.8
2,0,1.15,-0.0694246,0,0.424712,55165
2,0,1.15,-0.0694246,0,0.427714,55344.9
2,0,1.15,-0.0694246,0,0.430715,55522.4
2,0,1.15,-0.0694246,0,0.433717,55697.5
2,0,1.15,-0.0694246,0,0.436718,55870.2
2,0,1.15,-0.0694246,0,0.43972,56040.5
2,0,1.15,-0.0694246,0,0.442721,56208.3
2,0,1.15,-0.0694246,0,0.445723,56373.6
2,0,1.15,-0.0694246,0,0.448724,56536.3
2,0,1.15,-0.0694246,0,0.451726,56696.5
2,0,1.15,-0.0694246,0,0.454727,56854.1
2,0,1.15,-0.0694246,0,0.457729,57009
2,0,1.15,-0.0694246,0,0.46073,57161.3
2,0,1.15,-0.0694246,0,0.463732,57310.9
2,0,1.15,-0.0694246,0,0.466733,57457.8
2,0,1.15,-0.0694246,0,0.469735,57601.9
2,0,1.15,-0.0694246,0,0.472736,57743.2
2,0,1.15,-0.0694246,0,0.475738,57881.8
2,0,1.15,-0.0694246,0,0.478739,58017.4
2,0,1.15,-0.0694246,0,0.481741,58150.2
2,0,1.15,-0.0694246,0,0.484742,58280.1
2,0,1.15,-0.0694246,0,0.487744,58407
2,0,1.15,-0.0694246,0,0.490745,58531
2,0,1.15,-0.0694246,0,0.493747,58651.9
2,0,1.15,-0.0694246,0,0.496748,58769.9
2,0,1.15,-0.0694246,0,0.49975,58884.7
2,0,1.15,-0.0694246,0,0.502751,58996.4
2,0,1.15,-0.0694246,0,0.505753,59105
2,0,1.15,-0.0694246,0,0.508754,59210.5
2,0,1.15,-0.0694246,0,0.511756,59312.7
2,0,1.15,-0.0694246,0,0.514757,59411.7
2,0,1.15,-0.0694246,0,0.517759,59507.4
2,0,1.15,-0.0694246,0,0.52076,59599.9
2,0,1.15,-0.0694246,0,0.523762,59688.9
2,0,1.15,-0.0694246,0,0.526763,59774.7
2,0,1.15,-0.0694246,0,0.529765,59857
2,0,1.15,-0.0694246,0,0.532766,59935.9
2,0,1.15,-0.0694246,0,0.535768,60011.4
2,0,1.15,-0.0694246,0,0.538769,60083.3
2,0,1.15,-0.0694246,0,0.541771,60151.7
2,0,1.15,-0.0694246,0,0.544772,60216.6
2,0,1.15,-0.0694246,0,0.547774,60277.8
2,0,1.15,-0.0694246,0,0.550775,60335.4
2,0,1.15,-0.0694246,0,0.553777,60389.4
2,0,1.15,-0.0694246,0,0.556778,60439.6
2,0,1.15,-0.0694246,0,0.55978,60486.1
2,0,1.15,-0.0694246,0,0.562781,60528.9
2,0,1.15,-0.0694246,0,0.565783,60567.8
2,0,1.15,-0.0694246,0,0.568784,60602.9
2,0,1.15,-0.0694246,0,0.571786,60634.2
2,0,1.15,-0.0694246,0,0.574787,60661.5
2,0,1.15,-0.0694246,0,0.577789,60684.9
2,0,1.15,-0.0694246,0,0.58079,60704.4
2,0,1.15,-0.0694246,0,0.583792,60719.8
2,0,1.15,-0.0694246,0,0.586793,60731.2
2,0,1.15,-0.0694246,0,0.589795,60738.5
2,0,1.15,-0.0694246,0,0.592796,60741.7
2,0,1.15,-0.0694246,0,0.595798,60740.8
2,0,1.15,-0.0694246,0,0.598799,60735.7
2,0,1.15,-0.0694246,0,0.601801,60726.4
2,0,1.15,-0.0694246,0,0.604802,60712.8
2,0,1.15,-0.0694246,0,0.607804,60695
2,0,1.15,-0.0694246,0,0.610805,60672.8
2,0,1.15,-0.0694246,0,0.613807,60646.3
2,0,1.15,-0.0694246,0,0.616808,60615.4
2,0,1.15,-0.0694246,0,0.61981,60580.1
2,0,1.15,-0.0694246,0,0.622811,60540.3
2,0,1.15,-0.0694246,0,0.625813,60496.1
2,0,1.15,-0.0694246,0,0.628814,60447.3
2,0,1.15,-0.0694246,0,0.631816,60394
2,0,1.15,-0.0694246,0,0.634817,60336.1
2,0,1.15,-0.0694246,0,0.637819,60273.5
2,0,1.15,-0.0694246,0,0.64082,60206.3
2,0,1.15,-0.0694246,0,0.643822,60134.4
2,0,1.15,-0.0694246,0,0.646823,60057.7
2,0,1.15,-0.0694246,0,0.649825,59976.3
2,0,1.15,-0.0694246,0,0.652826,59890.2
2,0,1.15,-0.0694246,0,0.655828,59799.1
2,0,1.15,-0.0694246,0,0.658829,59703.2
2,0,1.15,-0.0694246,0,0.661831,59602.4
2,0,1.15,-0.0694246,0,0.664832,59496.7
2,0,1.15,-0.0694246,0,0.667834,59385.9
2,0,1.15,-0.0694246,0,0.670835,59270.2
2,0,1.15,-0.0694246,0,0.673837,59149.4
2,0,1.15,-0.0694246,0,0.676838,59023.6
2,0,1.15,-0.0694246,0,0.67984,58892.6
2,0,1.15,-0.0694246,0,0.682841,58756.5
2,0,1.15,-0.0694246,0,0.685843,58615.2
2,0,1.15,-0.0694246,0,0.688844,58468.7
2,0,1.15,-0.0694246,0,0.691846,58317
2,0,1.15,-0.0694246,0,0.694847,58159.9
2,0,1.15,-0.0694246,0,0.697849,57997.5
2,0,1.15,-0.0694246,0,0.70085,57829.8
2,0,1.15,-0.0694246,0,0.703852,57656.7
2,0,1.15,-0.0694246,0,0.706853,57478.2
2,0,1.15,-0.0694246,0,0.709855,57294.2
2,0,1.15,-0.0694246,0,0.712856,57104.7
2,0,1.15,-0.0694246,0,0.715858,56909.7
2,0,1.15,-0.0694246,0,0.718859,56709.2
2,0,1.15,-0.0694246,0,0.721861,56503
2,0,1.15,-0.0694246,0,0.724862,56291.2
2,0,1.15,-0.0694246,0,0.727864,56073.8
2,0,1.15,-0.0694246,0,0.730865,55850.6
2,0,1.15,-0.0694246,0,0.733867,55621.8
2,0,1.15,-0.0694246,0,0.736868,55387.2
2,0,1.15,-0.0694246,0,0.73987,55146.7
2,0,1.15,-0.0694246,0,0.742871,54900.5
2,0,1.15,-0.0694246,0,0.745873,54648.4
2,0,1.15,-0.0694246,0,0.748874,54390.3
2,0,1.15,-0.0694246,0,0.751876,54126.4
2,0,1.15,-0.0694246,0,0.754877,53856.5
2,0,1.15,-0.0694246,0,0.757879,53580.6
2,0,1.15,-0.0694246,0,0.76088,53298.7
2,0,1.15,-0.0694246,0,0.763882,53010.7
2,0,1.15,-0.0694246,0,0.766883,52716.6
2,0,1.15,-0.0694246,0,0.769885,52416.4
2,0,1.15,-0.0694246,0,0.772886,52110.1
2,0,1.15,-0.0694246,0,0.775888,51797.5
2,0,1.15,-0.0694246,0,0.778889,51478.7
2,0,1.15,-0.0694246,0,0.781891,51153.7
2,0,1.15,-0.0694246,0,0.784892,50822.4
2,0,1.15,-0.0694246,0,0.787894,50484.8
2,0,1.15,-0.0694246,0,0.790895,50140.8
2,0,1.15,-0.0694246,0,0.793897,49790.4
2,0,1.15,-0.0694246,0,0.796898,49433.6
2,0,1.15,-0.0694246,0,0.7999,49070.4
2,0,1.15,-0.0694246,0,0.802901,48700.7
2,0,1.15,-0.0694246,0,0.805903,48324.5
2,0,1.15,-0.0694246,0,0.808904,47941.8
2,0,1.15,-0.0694246,0,0.811906,47552.5
2,0,1.15,-0.0694246,0,0.814907,47156.6
2,0,1.15,-0.0694246,0,0.817909,46754.1
2,0,1.15,-0.0694246,0,0.82091,46344.9
2,0,1.15,-0.0694246,0,0.823912,45929
2,0,1.15,-0.0694246,0,0.826913,45506.5
2,0,1.15,-0.0694246,0,0.829915,45077.1
2,0,1.15,-0.0694246,0,0.832916,44641
2,0,1.15,-0.0694246,0,0.835918,44198.1
2,0,1.15,-0.0694246,0,0.838919,43748.4
2,0,1.15,-0.0694246,0,0.841921,43291.8
2,0,1.15,-0.0694246,0,0.844922,42828.3
2,0,1.15,-0.0694246,0,0.847924,42358
2,0,1.15,-0.0694246,0,0.850925,41880.6
2,0,1.15,-0.0694246,0,0.853927,41396.3
2,0,1.15,-0.0694246,0,0.856928,40905
2,0,1.15,-0.0694246,0,0.85993,40406.7
2,0,1.15,-0.0694246,0,0.862931,39901.3
2,0,1.15,-0.0694246,0,0.865933,39388.9
2,0,1.15,-0.0694246,0,0.868934,38869.3
2,0,1.15,-0.0694246,0,0.871936,38342.6
2,0,1.15,-0.0694246,0,0.874937,37808.8
2,0,1.15,-0.0694246,0,0.877939,37267.8
2,0,1.15,-0.0694246,0,0.88094,36719.5
2,0,1.15,-0.0694246,0,0.883942,36164.1
2,0,1.15,-0.0694246,0,0.886943,35601.4
2,0,1.15,-0.0694246,0,0.889945,35031.4
2,0,1.15,-0.0694246,0,0.892946,34454.1
2,0,1.15,-0.0694246,0,0.895948,33869.5
2,0,1.15,-0.0694246,0,0.898949,33277.5
2,0,1.15,-0.0694246,0,0.901951,32678.2
2,0,1.15,-0.0694246,0,0.904952,32071.5
2,0,1.15,-0.0694246,0,0.907954,31457.3
2,0,1.15,-0.0694246,0,0.910955,30835.7
2,0,1.15,-0.0694246,0,0.913957,30206.7
2,0,1.15,-0.0694246,0,0.916958,29570.2
2,0,1.15,-0.0694246,0,0.91996,28926.2
2,0,1.15,-0.0694246,0,0.922961,28274.6
2,0,1.15,-0.0694246,0,0.925963,27615.5
2,0,1.15,-0.0694246,0,0.928964,26948.9
2,0,1.15,-0.0694246,0,0.931966,26274.7
2,0,1.15,-0.0694246,0,0.934967,25592.9
2,0,1.15,-0.0694246,0,0.937969,24903.4
2,0,1.15,-0.0694246,0,0.94097,24206.4
2,0,1.15,-0.0694246,0,0.943972,23501.6
2,0,1.15,-0.0694246,0,0.946973,22789.3
2,0,1.15,-0.0694246,0,0.949975,22069.2
2,0,1.15,-0.0694246,0,0.952976,21341.4
2,0,1.15,-0.0694246,0,0.955978,20605.9
2,0,1.15,-0.0694246,0,0.958979,19862.7
2,0,1.15,-0.0694246,0,0.961981,19111.7
2,0,1.15,-0.0694246,0,0.964982,18353
2,0,1.15,-0.0694246,0,0.967984,17586.5
2,0,1.15,-0.0694246,0,0.970985,16812.2
2,0,1.15,-0.0694246,0,0.973987,16030.1
2,0,1.15,-0.0694246,0,0.976988,15240.2
2,0,1.15,-0.0694246,0,0.97999,14442.4
2,0,1.15,-0.0694246,0,0.982991,13636.9
2,0,1.15,-0.0694246,0,0.985993,12823.4
2,0,1.15,-0.0694246,0,0.988994,12002.2
2,0,1.15,-0.0694246,0,0.991996,11173
2,0,1.15,-0.0694246,0,0.994997,10336
2,0,1.15,-0.0694246,0,0.997999,9491.08
2,0,1.15,-0.0694246,0,1.001,8638.27
2,0,1.15,-0.0694246,0,1.004,7777.57
2,0,1.15,-0.0694246,0,1.007,6908.95
2,0,1.15,-0.0694246,0,1.01001,6032.42
2,0,1.15,-0.0694246,0,1.01301,5147.96
2,0,1.15,-0.0694246,0,1.01601,4255.58
2,0,1.15,-0.0694246,0,1.01901,3355.28
2,0,1.15,-0.0694246,0,1.02201,2447.03
2,0,1.15,-0.0694246,0,1.02501,1530.86
2,0,1.15,-0.0694246,0,1.02801,606.732
2,0,1.15,-0.0694246,0,1.03102,-325.33
2,0,1.15,-0.0694246,0,1.03402,-1265.34
2,0,1.15,-0.0694246,0,1.03702,-2213.29
2,0,1.15,-0.0694246,0,1.04002,-3169.19
2,0,1.15,-0.0694246,0,1.04302,-4133.03
2,0,1.15,-0.0694246,0,1.04602,-5104.82
2,0,1.15,-0.0694246,0,1.04902,-6084.54
2,0,1.15,-0.0694246,0,1.05203,-7072.21
2,0,1.15,-0.0694246,0,1.05503,-8067.8
2,0,1.15,-0.0694246,0,1.05803,-9071.33
2,0,1.15,-0.0694246,0,1.06103,-10082.8
2,0,1.15,-0.0694246,0,1.06403,-11102.2
2,0,1.15,-0.0694246,0,1.06703,-12129.5
2,0,1.15,-0.0694246,0,1.07004,-13164.6
2,0,1.15,-0.0694246,0,1.07304,-14207.7
2,0,1.15,-0.0694246,0,1.07604,-15258.7
2,0,1.15,-0.0694246,0,1.07904,-16317.6
2,0,1.15,-0.0694246,0,1.08204,-17384.3
2,0,1.15,-0.0694246,0,1.08504,-18458.9
2,0,1.15,-0.0694246,0,1.08804,-19541.4
2,0,1.15,-0.0694246,0,1.09105,-20631.7
2,0,1.15,-0.0694246,0,1.09405,-21729.7
2,0,1.15,-0.0694246,0,1.09705,-22835.7
2,0,1.15,-0.0694246,0,1.10005,-23949.3
2,0,1.15,-0.0694246,0,1.10305,-25070.8
2,0,1.15,-0.0694246,0,1.10605,-26200.1
2,0,1.15,-0.0694246,0,1.10905,-27337
2,0,1.15,-0.0694246,0,1.11206,-28481.7
2,0,1.15,-0.0694246,0,1.11506,-29634.1
2,0,1.15,-0.0694246,0,1.11806,-30794.2
2,0,1.15,-0.0694246,0,1.12106,-31961.9
2,0,1.15,-0.0694246,0,1.12406,-33137.3
2,0,1.15,-0.0694246,0,1.12706,-34320.2
2,0,1.15,-0.0694246,0,1.13007,-35510.8
2,0,1.15,-0.0694246,0,1.13307,-36709
2,0,1.15,-0.0694246,0,1.13607,-37914.6
2,0,1.15,-0.0694246,0,1.13907,-39127.8
2,0,1.15,-0.0694246,0,1.14207,-40348.5
2,0,1.15,-0.0694246,0,1.14507,-41576.6
2,0,1.15,-0.0694246,0,1.14807,-42812.1
2,0,1.15,-0.0694246,0,1.15108,-44055
2,0,1.15,-0.0694246,0,1.15408,-45305.3
2,0,1.15,-0.0694246,0,1.15708,-46562.9
2,0,1.15,-0.0694246,0,1.16008,-47827.8
2,0,1.15,-0.0694246,0,1.16308,-49099.9
2,0,1.15,-0.0694246,0,1.16608,-50379.2
2,0,1.15,-0.0694246,0,1.16908,-51665.8
2,0,1.15,-0.0694246,0,1.17209,-52959.4
2,0,1.15,-0.0694246,0,1.17509,-54260.2
2,0,1.15,-0.0694246,0,1.17809,-55568
2,0,1.15,-0.0694246,0,1.18109,-56882.8
2,0,1.15,-0.0694246,0,1.18409,-58204.5
2,0,1.15,-0.0694246,0,1.18709,-59533.2
2,0,1.15,-0.0694246,0,1.1901,-60868.8
2,0,1.15,-0.0694246,0,1.1931,-62211.2
2,0,1.15,-0.0694246,0,1.1961,-63560.4
2,0,1.15,-0.0694246,0,1.1991,-64916.3
2,0,1.15,-0.0694246,0,1.2021,-66278.9
2,0,1.15,-0.0694246,0,1.2051,-67648.1
2,0,1.15,-0.0694246,0,1.2081,-69023.9
2,0,1.15,-0.0694246,0,1.21111,-70406.2
2,0,1.15,-0.0694246,0,1.21411,-71794.9
2,0,1.15,-0.0694246,0,1.21711,-73190
2,0,1.15,-0.0694246,0,1.22011,-74591.5
2,0,1.15,-0.0694246,0,1.22311,-75999.3
2,0,1.15,-0.0694246,0,1.22611,-77413.2
2,0,1.15,-0.0694246,0,1.22911,-78833.4
2,0,1.15,-0.0694246,0,1.23212,-80259.6
2,0,1.15,-0.0694246,0,1.23512,-81691.8
2,0,1.15,-0.0694246,0,1.23812,-83130
2,0,1.15,-0.0694246,0,1.24112,-84574.1
2,0,1.15,-0.0694246,0,1.24412,-86023.9
2,0,1.15,-0.0694246,0,1.24712,-87479.5
2,0,1.15,-0.0694246,0,1.25013,-88940.8
2,0,1.15,-0.0694246,0,1.25313,-90407.7
2,0,1.15,-0.0694246,0,1.25613,-91880
2,0,1.15,-0.0694246,0,1.25913,-93357.9
2,0,1.15,-0.0694246,0,1.26213,-94841
2,0,1.15,-0.0694246,0,1.26513,-96329.5
2,0,1.15,-0.0694246,0,1.26813,-97823.1
2,0,1.15,-0.0694246,0,1.27114,-99321.9
2,0,1.15,-0.0694246,0,1.27414,-100826
2,0,1.15,-0.0694246,0,1.27714,-102334
2,0,1.15,-0.0694246,0,1.28014,-103848
2,0,1.15,-0.0694246,0,1.28314,-105366
2,0,1.15,-0.0694246,0,1.28614,-106889
2,0,1.15,-0.0694246,0,1.28914,-108416
2,0,1.15,-0.0694246,0,1.29215,-109948
2,0,1.15,-0.0694246,0,1.29515,-111485
2,0,1.15,-0.0694246,0,1.29815,-113025
2,0,1.15,-0.0694246,0,1.30115,-114570
2,0,1.15,-0.0694246,0,1.30415,-116119
2,0,1.15,-0.0694246,0,1.30715,-117671
2,0,1.15,-0.0694246,0,1.31016,-119228
2,0,1.15,-0.0694246,0,1.31316,-120788
2,0,1.15,-0.0694246,0,1.31616,-122352
2,0,1.15,-0.0694246,0,1.31916,-123920
2,0,1.15,-0.0694246,0,1.32216,-125490
2,0,1.15,-0.0694246,0,1.32516,-127064
2,0,1.15,-0.0694246,0,1.32816,-128642
2,0,1.15,-0.0694246,0,1.33117,-130222
2,0,1.15,-0.0694246,0,1.33417,-131805
2,0,1.15,-0.0694246,0,1.33717,-133391
2,0,1.15,-0.0694246,0,1.34017,-134980
2,0,1.15,-0.0694246,0,1.34317,-136571
2,0,1.15,-0.0694246,0,1.34617,-138165
2,0,1.15,-0.0694246,0,1.34917,-139760
2,0,1.15,-0.0694246,0,1.35218,-141358
2,0,1.15,-0.0694246,0,1.35518,-142958
2,0,1.15,-0.0694246,0,1.35818,-144560
2,0,1.15,-0.0694246,0,1.36118,-146164
2,0,1.15,-0.0694246,0,1.36418,-147769
2,0,1.15,-0.0694246,0,1.36718,-149375
2,0,1.15,-0.0694246,0,1.37019,-150983
2,0,1.15,-0.0694246,0,1.37319,-152592
2,0,1.15,-0.0694246,0,1.37619,-154202
2,0,1.15,-0.0694246,0,1.37919,-155812
2,0,1.15,-0.0694246,0,1.38219,-157424
2,0,1.15,-0.0694246,0,1.38519,-159036
2,0,1.15,-0.0694246,0,1.38819,-160648
2,0,1.15,-0.0694246,0,1.3912,-162260
2,0,1.15,-0.0694246,0,1.3942,-163872
2,0,1.15,-0.0694246,0,1.3972,-165484
2,0,1.15,-0.0694246,0,1.4002,-167096
2,0,1.15,-0.0694246,0,1.4032,-168707
2,0,1.15,-0.0694246,0,1.4062,-170318
2,0,1.15,-0.0694246,0,1.4092,-171928
2,0,1.15,-0.0694246,0,1.41221,-173536
2,0,1.15,-0.0694246,0,1.41521,-175144
2,0,1.15,-0.0694246,0,1.41821,-176750
2,0,1.15,-0.0694246,0,1.42121,-178354
2,0,1.15,-0.0694246,0,1.42421,-179957
2,0,1.15,-0.0694246,0,1.42721,-181557
2,0,1.15,-0.0694246,0,1.43022,-183155
2,0,1.15,-0.0694246,0,1.43322,-184751
2,0,1.15,-0.0694246,0,1.43622,-186345
2,0,1.15,-0.0694246,0,1.43922,-187935
2,0,1.15,-0.0694246,0,1.44222,-189522
2,0,1.15,-0.0694246,0,1.44522,-191107
2,0,1.15,-0.0694246,0,1.44822,-192687
2,0,1.15,-0.0694246,0,1.45123,-194264
2,0,1.15,-0.0694246,0,1.45423,-195838
2,0,1.15,-0.0694246,0,1.45723,-197407
2,0,1.15,-0.0694246,0,1.46023,-198971
2,0,1.15,-0.0694246,0,1.46323,-200532
2,0,1.15,-0.0694246,0,1.46623,-202087
2,0,1.15,-0.0694246,0,1.46923,-203637
2,0,1.15,-0.0694246,0,1.47224,-205182
2,0,1.15,-0.0694246,0,1.47524,-206722
2,0,1.15,-0.0694246,0,1.47824,-208255
2,0,1.15,-0.0694246,0,1.48124,-209783
2,0,1.15,-0.0694246,0,1.48424,-211304
2,0,1.15,-0.0694246,0,1.48724,-212819
2,0,1.15,-0.0694246,0,1.49025,-214327
2,0,1.15,-0.0694246,0,1.49325,-215828
2,0,1.15,-0.0694246,0,1.49625,-217322
2,0,1.15,-0.0694246,0,1.49925,-218808
2,0,1.15,-0.0694246,0,1.50225,-220287
2,0,1.15,-0.0694246,0,1.50525,-221757
2,0,1.15,-0.0694246,0,1.50825,-223219
2,0,1.15,-0.0694246,0,1.51126,-224672
2,0,1.15,-0.0694246,0,1.51426,-226116
2,0,1.15,-0.0694246,0,1.51726,-227552
2,0,1.15,-0.0694246,0,1.52026,-228977
2,0,1.15,-0.0694246,0,1.52326,-230393
2,0,1.15,-0.0694246,0,1.52626,-231798
2,0,1.15,-0.0694246,0,1.52926,-233193
2,0,1.15,-0.0694246,0,1.53227,-234578
2,0,1.15,-0.0694246,0,1.53527,-235951
2,0,1.15,-0.0694246,0,1.53827,-237313
2,0,1.15,-0.0694246,0,1.54127,-238663
2,0,1.15,-0.0694246,0,1.54427,-240001
2,0,1.15,-0.0694246,0,1.54727,-241327
2,0,1.15,-0.0694246,0,1.55028,-242641
2,0,1.15,-0.0694246,0,1.55328,-243941
2,0,1.15,-0.0694246,0,1.55628,-245228
2,0,1.15,-0.0694246,0,1.55928,-246501
2,0,1.15,-0.0694246,0,1.56228,-247761
2,0,1.15,-0.0694246,0,1.56528,-249006
2,0,1.15,-0.0694246,0,1.56828,-250236
2,0,1.15,-0.0694246,0,1.57129,-251451
2,0,1.15,-0.0694246,0,1.57429,-252651
2,0,1.15,-0.0694246,0,1.57729,-253835
2,0,1.15,-0.0694246,0,1.58029,-255003
2,0,1.15,-0.0694246,0,1.58329,-256155
2,0,1.15,-0.0694246,0,1.58629,-257289
2,0,1.15,-0.0694246,0,1.58929,-258406
2,0,1.15,-0.0694246,0,1.5923,-259506
2,0,1.15,-0.0694246,0,1.5953,-260587
2,0,1.15,-0.0694246,0,1.5983,-261651
2,0,1.15,-0.0694246,0,1.6013,-262695
2,0,1.15,-0.0694246,0,1.6043,-263720
2,0,1.15,-0.0694246,0,1.6073,-264725
2,0,1.15,-0.0694246,0,1.61031,-265711
2,0,1.15,-0.0694246,0,1.61331,-266676
2,0,1.15,-0.0694246,0,1.61631,-267620
2,0,1.15,-0.0694246,0,1.61931,-268542
2,0,1.15,-0.0694246,0,1.62231,-269443
2,0,1.15,-0.0694246,0,1.62531,-270322
2,0,1.15,-0.0694246,0,1.62831,-271178
2,0,1.15,-0.0694246,0,1.63132,-272011
2,0,1.15,-0.0694246,0,1.63432,-272821
2,0,1.15,-0.0694246,0,1.63732,-273606
2,0,1.15,-0.0694246,0,1.64032,-274367
2,0,1.15,-0.0694246,0,1.64332,-275104
2,0,1.15,-0.0694246,0,1.64632,-275814
2,0,1.15,-0.0694246,0,1.64932,-276500
2,0,1.15,-0.0694246,0,1.65233,-277158
2,0,1.15,-0.0694246,0,1.65533,-277790
2,0,1.15,-0.0694246,0,1.65833,-278395
2,0,1.15,-0.0694246,0,1.66133,-278972
2,0,1.15,-0.0694246,0,1.66433,-279521
2,0,1.15,-0.0694246,0,1.66733,-280040
2,0,1.15,-0.0694246,0,1.67034,-280531
2,0,1.15,-0.0694246,0,1.67334,-280992
2,0,1.15,-0.0694246,0,1.67634,-281422
2,0,1.15,-0.0694246,0,1.67934,-281822
2,0,1.15,-0.0694246,0,1.68234,-282190
2,0,1.15,-0.0694246,0,1.68534,-282527
2,0,1.15,-0.0694246,0,1.68834,-282831
2,0,1.15,-0.0694246,0,1.69135,-283101
2,0,1.15,-0.0694246,0,1.69435,-283339
2,0,1.15,-0.0694246,0,1.69735,-283542
2,0,1.15,-0.0694246,0,1.70035,-283711
2,0,1.15,-0.0694246,0,1.70335,-283844
2,0,1.15,-0.0694246,0,1.70635,-283942
2,0,1.15,-0.0694246,0,1.70935,-284003
2,0,1.15,-0.0694246,0,1.71236,-284027
2,0,1.15,-0.0694246,0,1.71536,-284013
2,0,1.15,-0.0694246,0,1.71836,-283962
2,0,1.15,-0.0694246,0,1.72136,-283871
2,0,1.15,-0.0694246,0,1.72436,-283741
2,0,1.15,-0.0694246,0,1.72736,-283571
2,0,1.15,-0.0694246,0,1.73037,-283361
2,0,1.15,-0.0694246,0,1.73337,-283109
2,0,1.15,-0.0694246,0,1.73637,-282815
2,0,1.15,-0.0694246,0,1.73937,-282479
2,0,1.15,-0.0694246,0,1.74237,-282100
2,0,1.15,-0.0694246,0,1.74537,-281676
2,0,1.15,-0.0694246,0,1.74837,-281209
2,0,1.15,-0.0694246,0,1.75138,-280696
2,0,1.15,-0.0694246,0,1.75438,-280137
2,0,1.15,-0.0694246,0,1.75738,-279531
2,0,1.15,-0.0694246,0,1.76038,-278879
2,0,1.15,-0.0694246,0,1.76338,-278178
2,0,1.15,-0.0694246,0,1.76638,-277429
2,0,1.15,-0.0694246,0,1.76938,-276631
2,0,1.15,-0.0694246,0,1.77239,-275782
2,0,1.15,-0.0694246,0,1.77539,-274883
2,0,1.15,-0.0694246,0,1.77839,-273932
2,0,1.15,-0.0694246,0,1.78139,-272929
2,0,1.15,-0.0694246,0,1.78439,-271873
2,0,1.15,-0.0694246,0,1.78739,-270763
2,0,1.15,-0.0694246,0,1.7904,-269599
2,0,1.15,-0.0694246,0,1.7934,-268379
2,0,1.15,-0.0694246,0,1.7964,-267103
2,0,1.15,-0.0694246,0,1.7994,-265771
2,0,1.15,-0.0694246,0,1.8024,-264381
2,0,1.15,-0.0694246,0,1.8054,-262933
2,0,1.15,-0.0694246,0,1.8084,-261425
2,0,1.15,-0.0694246,0,1.81141,-259858
2,0,1.15,-0.0694246,0,1.81441,-258229
2,0,1.15,-0.0694246,0,1.81741,-256539
2,0,1.15,-0.0694246,0,1.82041,-254787
2,0,1.15,-0.0694246,0,1.82341,-252971
2,0,1.15,-0.0694246,0,1.82641,-251091
2,0,1.15,-0.0694246,0,1.82941,-249146
2,0,1.15,-0.0694246,0,1.83242,-247135
2,0,1.15,-0.0694246,0,1.83542,-245058
2,0,1.15,-0.0694246,0,1.83842,-242913
2,0,1.15,-0.0694246,0,1.84142,-240699
2,0,1.15,-0.0694246,0,1.84442,-238416
2,0,1.15,-0.0694246,0,1.84742,-236062
2,0,1.15,-0.0694246,0,1.85043,-233637
2,0,1.15,-0.0694246,0,1.85343,-231141
2,0,1.15,-0.0694246,0,1.85643,-228571
2,0,1.15,-0.0694246,0,1.85943,-225927
2,0,1.15,-0.0694246,0,1.86243,-223208
2,0,1.15,-0.0694246,0,1.86543,-220413
2,0,1.15,-0.0694246,0,1.86843,-217541
2,0,1.15,-0.0694246,0,1.87144,-214591
2,0,1.15,-0.0694246,0,1.87444,-211563
2,0,1.15,-0.0694246,0,1.87744,-208455
2,0,1.15,-0.0694246,0,1.88044,-205265
2,0,1.15,-0.0694246,0,1.88344,-201995
2,0,1.15,-0.0694246,0,1.88644,-198641
2,0,1.15,-0.0694246,0,1.88944,-195203
2,0,1.15,-0.0694246,0,1.89245,-191680
2,0,1.15,-0.0694246,0,1.89545,-188072
2,0,1.15,-0.0694246,0,1.89845,-184376
2,0,1.15,-0.0694246,0,1.90145,-180592
2,0,1.15,-0.0694246,0,1.90445,-176719
2,0,1.15,-0.0694246,0,1.90745,-172756
2,0,1.15,-0.0694246,0,1.91046,-168702
2,0,1.15,-0.0694246,0,1.91346,-164555
2,0,1.15,-0.0694246,0,1.91646,-160314
2,0,1.15,-0.0694246,0,1.91946,-155979
2,0,1.15,-0.0694246,0,1.92246,-151548
2,0,1.15,-0.0694246,0,1.92546,-147021
2,0,1.15,-0.0694246,0,1.92846,-142395
2,0,1.15,-0.0694246,0,1.93147,-137669
2,0,1.15,-0.0694246,0,1.93447,-132844
2,0,1.15,-0.0694246,0,1.93747,-127916
2,0,1.15,-0.0694246,0,1.94047,-122886
2,0,1.15,-0.0694246,0,1.94347,-117752
2,0,1.15,-0.0694246,0,1.94647,-112513
2,0,1.15,-0.0694246,0,1.94947,-107167
2,0,1.15,-0.0694246,0,1.95248,-101714
2,0,1.15,-0.0694246,0,1.95548,-96151.3
2,0,1.15,-0.0694246,0,1.95848,-90478.8
2,0,1.15,-0.0694246,0,1.96148,-84694.8
2,0,1.15,-0.0694246,0,1.96448,-78798
2,0,1.15,-0.0694246,0,1.96748,-72787.3
2,0,1.15,-0.0694246,0,1.97049,-66661.3
2,0,1.15,-0.0694246,0,1.97349,-60418.6
2,0,1.15,-0.0694246,0,1.97649,-54058
2,0,1.15,-0.0694246,0,1.97949,-47578.1
2,0,1.15,-0.0694246,0,1.98249,-40977.5
2,0,1.15,-0.0694246,0,1.98549,-34255
2,0,1.15,-0.0694246,0,1.98849,-27409.2
2,0,1.15,-0.0694246,0,1.9915,-20438.6
2,0,1.15,-0.0694246,0,1.9945,-13341.9
2,0,1.15,-0.0694246,0,1.9975,-6117.63
2,0,1.15,-0.0694246,0,2.0005,1235.54
2,0,1.15,-0.0694246,0,2.0035,8719.09
2,0,1.15,-0.0694246,0,2.0065,16334.4
2,0,1.15,-0.0694246,0,2.0095,24083
2,0,1.15,-0.0694246,0,2.01251,31966.4
2,0,1.15,-0.0694246,0,2.01551,39985.9
2,0,1.15,-0.0694246,0,2.01851,48143.1
2,0,1.15,-0.0694246,0,2.02151,56439.5
2,0,1.15,-0.0694246,0,2.02451,64876.6
2,0,1.15,-0.0694246,0,2.02751,73455.9
2,0,1.15,-0.0694246,0,2.03052,82178.9
2,0,1.15,-0.0694246,0,2.03352,91047.3
2,0,1.15,-0.0694246,0,2.03652,100063
2,0,1.15,-0.0694246,0,2.03952,109226
2,0,1.15,-0.0694246,0,2.04252,118540
2,0,1.15,-0.0694246,0,2.04552,128005
2,0,1.15,-0.0694246,0,2.04852,137624
2,0,1.15,-0.0694246,0,2.05153,147398
2,0,1.15,-0.0694246,0,2.05453,157328
2,0,1.15,-0.0694246,0,2.05753,167416
2,0,1.15,-0.0694246,0,2.06053,177664
2,0,1.15,-0.0694246,0,2.06353,188074
2,0,1.15,-0.0694246,0,2.06653,198647
2,0,1.15,-0.0694246,0,2.06953,209384
2,0,1.15,-0.0694246,0,2.07254,220289
2,0,1.15,-0.0694246,0,2.07554,231362
2,0,1.15,-0.0694246,0,2.07854,242605
2,0,1.15,-0.0694246,0,2.08154,254020
2,0,1.15,-0.0694246,0,2.08454,265609
2,0,1.15,-0.0694246,0,2.08754,277373
2,0,1.15,-0.0694246,0,2.09055,289315
2,0,1.15,-0.0694246,0,2.09355,301436
2,0,1.15,-0.0694246,0,2.09655,313738
2,0,1.15,-0.0694246,0,2.09955,326222
2,0,1.15,-0.0694246,0,2.10255,338892
2,0,1.15,-0.0694246,0,2.10555,351748
2,0,1.15,-0.0694246,0,2.10855,364792
2,0,1.15,-0.0694246,0,2.11156,378027
2,0,1.15,-0.0694246,0,2.11456,391455
2,0,1.15,-0.0694246,0,2.11756,405076
2,0,1.15,-0.0694246,0,2.12056,418894
2,0,1.15,-0.0694246,0,2.12356,432910
2,0,1.15,-0.0694246,0,2.12656,447126
2,0,1.15,-0.0694246,0,2.12956,461545
2,0,1.15,-0.0694246,0,2.13257,476168
2,0,1.15,-0.0694246,0,2.13557,490997
2,0,1.15,-0.0694246,0,2.13857,506035
2,0,1.15,-0.0694246,0,2.14157,521283
2,0,1.15,-0.0694246,0,2.14457,536744
2,0,1.15,-0.0694246,0,2.14757,552419
2,0,1.15,-0.0694246,0,2.15058,568311
2,0,1.15,-0.0694246,0,2.15358,584422
2,0,1.15,-0.0694246,0,2.15658,600754
2,0,1.15,-0.0694246,0,2.15958,617309
2,0,1.15,-0.0694246,0,2.16258,634090
2,0,1.15,-0.0694246,0,2.16558,651099
2,0,1.15,-0.0694246,0,2.16858,668337
2,0,1.15,-0.0694246,0,2.17159,685807
2,0,1.15,-0.0694246,0,2.17459,703512
2,0,1.15,-0.0694246,0,2.17759,721454
2,0,1.15,-0.0694246,0,2.18059,739634
2,0,1.15,-0.0694246,0,2.18359,758056
2,0,1.15,-0.0694246,0,2.18659,776721
2,0,1.15,-0.0694246,0,2.18959,795632
2,0,1.15,-0.0694246,0,2.1926,814792
2,0,1.15,-0.0694246,0,2.1956,834202
2,0,1.15,-0.0694246,0,2.1986,853866
2,0,1.15,-0.0694246,0,2.2016,873785
2,0,1.15,-0.0694246,0,2.2046,893962
2,0,1.15,-0.0694246,0,2.2076,914399
2,0,1.15,-0.0694246,0,2.21061,935099
2,0,1.15,-0.0694246,0,2.21361,956065
2,0,1.15,-0.0694246,0,2.21661,977299
2,0,1.15,-0.0694246,0,2.21961,998803
2,0,1.15,-0.0694246,0,2.22261,1.02058e+06
2,0,1.15,-0.0694246,0,2.22561,1.04263e+06
2,0,1.15,-0.0694246,0,2.22861,1.06496e+06
2,0,1.15,-0.0694246,0,2.23162,1.08758e+06
2,0,1.15,-0.0694246,0,2.23462,1.11047e+06
2,0,1.15,-0.0694246,0,2.23762,1.13365e+06
2,0,1.15,-0.0694246,0,2.24062,1.15712e+06
2,0,1.15,-0.0694246,0,2.24362,1.18089e+06
2,0,1.15,-0.0694246,0,2.24662,1.20494e+06
2,0,1.15,-0.0694246,0,2.24962,1.22929e+06
2,0,1.15,-0.0694246,0,2.25263,1.25395e+06
2,0,1.15,-0.0694246,0,2.25563,1.2789e+06
2,0,1.15,-0.0694246,0,2.25863,1.30416e+06
2,0,1.15,-0.0694246,0,2.26163,1.32973e+06
2,0,1.15,-0.0694246,0,2.26463,1.35561e+06
2,0,1.15,-0.0694246,0,2.26763,1.38181e+06
2,0,1.15,-0.0694246,0,2.27064,1.40832e+06
2,0,1.15,-0.0694246,0,2.27364,1.43515e+06
2,0,1.15,-0.0694246,0,2.27664,1.4623e+06
2,0,1.15,-0.0694246,0,2.27964,1.48978e+06
2,0,1.15,-0.0694246,0,2.28264,1.51758e+06
2,0,1.15,-0.0694246,0,2.28564,1.54572e+06
2,0,1.15,-0.0694246,0,2.28864,1.57419e+06
2,0,1.15,-0.0694246,0,2.29165,1.603e+06
2,0,1.15,-0.0694246,0,2.29465,1.63216e+06
2,0,1.15,-0.0694246,0,2.29765,1.66165e+06
2,0,1.15,-0.0694246,0,2.30065,1.69149e+06
2,0,1.15,-0.0694246,0,2.30365,1.72168e+06
2,0,1.15,-0.0694246,0,2.30665,1.75223e+06
2,0,1.15,-0.0694246,0,2.30965,1.78313e+06
2,0,1.15,-0.0694246,0,2.31266,1.81439e+06
2,0,1.15,-0.0694246,0,2.31566,1.84601e+06
2,0,1.15,-0.0694246,0,2.31866,1.878e+06
2,0,1.15,-0.0694246,0,2.32166,1.91036e+06
2,0,1.15,-0.0694246,0,2.32466,1.94309e+06
2,0,1.15,-0.0694246,0,2.32766,1.97619e+06
2,0,1.15,-0.0694246,0,2.33067,2.00968e+06
2,0,1.15,-0.0694246,0,2.33367,2.04355e+06
2,0,1.15,-0.0694246,0,2.33667,2.0778e+06
2,0,1.15,-0.0694246,0,2.33967,2.11245e+06
2,0,1.15,-0.0694246,0,2.34267,2.14748e+06
2,0,1.15,-0.0694246,0,2.34567,2.18292e+06
2,0,1.15,-0.0694246,0,2.34867,2.21875e+06
2,0,1.15,-0.0694246,0,2.35168,2.25499e+06
2,0,1.15,-0.0694246,0,2.35468,2.29163e+06
2,0,1.15,-0.0694246,0,2.35768,2.32868e+06
2,0,1.15,-0.0694246,0,2.36068,2.36615e+06
2,0,1.15,-0.0694246,0,2.36368,2.40404e+06
2,0,1.15,-0.0694246,0,2.36668,2.44234e+06
2,0,1.15,-0.0694246,0,2.36968,2.48107e+06
2,0,1.15,-0.0694246,0,2.37269,2.52023e+06
2,0,1.15,-0.0694246,0,2.37569,2.55983e+06
2,0,1.15,-0.0694246,0,2.37869,2.59986e+06
2,0,1.15,-0.0694246,0,2.38169,2.64033e+06
2,0,1.15,-0.0694246,0,2.38469,2.68124e+06
2,0,1.15,-0.0694246,0,2.38769,2.7226e+06
2,0,1.15,-0.0694246,0,2.3907,2.76441e+06
2,0,1.15,-0.0694246,0,2.3937,2.80668e+06
2,0,1.15,-0.0694246,0,2.3967,2.84941e+06
2,0,1.15,-0.0694246,0,2.3997,2.8926e+06
2,0,1.15,-0.0694246,0,2.4027,2.93626e+06
2,0,1.15,-0.0694246,0,2.4057,2.98039e+06
2,0,1.15,-0.0694246,0,2.4087,3.02499e+06
2,0,1.15,-0.0694246,0,2.41171,3.07008e+06
2,0,1.15,-0.0694246,0,2.41471,3.11565e+06
2,0,1.15,-0.0694246,0,2.41771,3.1617e+06
2,0,1.15,-0.0694246,0,2.42071,3.20825e+06
2,0,1.15,-0.0694246,0,2.42371,3.25529e+06
2,0,1.15,-0.0694246,0,2.42671,3.30284e+06
2,0,1.15,-0.0694246,0,2.42971,3.35088e+06
2,0,1.15,-0.0694246,0,2.43272,3.39944e+06
2,0,1.15,-0.0694246,0,2.43572,3.44851e+06
2,0,1.15,-0.0694246,0,2.43872,3.4981e+06
2,0,1.15,-0.0694246,0,2.44172,3.54821e+06
2,0,1.15,-0.0694246,0,2.44472,3.59885e+06
2,0,1.15,-0.0694246,0,2.44772,3.65001e+06
2,0,1.15,-0.0694246,0,2.45073,3.70171e+06
2,0,1.15,-0.0694246,0,2.45373,3.75396e+06
2,0,1.15,-0.0694246,0,2.45673,3.80674e+06
2,0,1.15,-0.0694246,0,2.45973,3.86007e+06
2,0,1.15,-0.0694246,0,2.46273,3.91396e+06
2,0,1.15,-0.0694246,0,2.46573,3.96841e+06
2,0,1.15,-0.0694246,0,2.46873,4.02342e+06
2,0,1.15,-0.0694246,0,2.47174,4.07899e+06
2,0,1.15,-0.0694246,0,2.47474,4.13514e+06
2,0,1.15,-0.0694246,0,2.47774,4.19186e+06
2,0,1.15,-0.0694246,0,2.48074,4.24917e+06
2,0,1.15,-0.0694246,0,2.48374,4.30706e+06
2,0,1.15,-0.0694246,0,2.48674,4.36554e+06
2,0,1.15,-0.0694246,0,2.48974,4.42462e+06
2,0,1.15,-0.0694246,0,2.49275,4.4843e+06
2,0,1.15,-0.0694246,0,2.49575,4.54459e+06
2,0,1.15,-0.0694246,0,2.49875,4.60548e+06
2,0,1.15,-0.0694246,0,2.50175,4.667e+06
2,0,1.15,-0.0694246,0,2.50475,4.72913e+06
2,0,1.15,-0.0694246,0,2.50775,4.79189e+06
2,0,1.15,-0.0694246,0,2.51076,4.85528e+06
2,0,1.15,-0.0694246,0,2.51376,4.91931e+06
2,0,1.15,-0.0694246,0,2.51676,4.98398e+06
2,0,1.15,-0.0694246,0,2.51976,5.0493e+06
2,0,1.15,-0.0694246,0,2.52276,5.11526e+06
2,0,1.15,-0.0694246,0,2.52576,5.18189e+06
2,0,1.15,-0.0694246,0,2.52876,5.24918e+06
2,0,1.15,-0.0694246,0,2.53177,5.31713e+06
2,0,1.15,-0.0694246,0,2.53477,5.38576e+06
2,0,1.15,-0.0694246,0,2.53777,5.45507e+06
2,0,1.15,-0.0694246,0,2.54077,5.52507e+06
2,0,1.15,-0.0694246,0,2.54377,5.59575e+06
2,0,1.15,-0.0694246,0,2.54677,5.66713e+06
2,0,1.15,-0.0694246,0,2.54977,5.73922e+06
2,0,1.15,-0.0694246,0,2.55278,5.812e+06
2,0,1.15,-0.0694246,0,2.55578,5.88551e+06
2,0,1.15,-0.0694246,0,2.55878,5.95972e+06
2,0,1.15,-0.0694246,0,2.56178,6.03467e+06
2,0,1.15,-0.0694246,0,2.56478,6.11034e+06
2,0,1.15,-0.0694246,0,2.56778,6.18675e+06
2,0,1.15,-0.0694246,0,2.57079,6.2639e+06
2,0,1.15,-0.0694246,0,2.57379,6.3418e+06
2,0,1.15,-0.0694246,0,2.57679,6.42045e+06
2,0,1.15,-0.0694246,0,2.57979,6.49987e+06
2,0,1.15,-0.0694246,0,2.58279,6.58004e+06
2,0,1.15,-0.0694246,0,2.58579,6.66099e+06
2,0,1.15,-0.0694246,0,2.58879,6.74272e+06
2,0,1.15,-0.0694246,0,2.5918,6.82523e+06
2,0,1.15,-0.0694246,0,2.5948,6.90853e+06
2,0,1.15,-0.0694246,0,2.5978,6.99263e+06
2,0,1.15,-0.0694246,0,2.6008,7.07753e+06
2,0,1.15,-0.0694246,0,2.6038,7.16324e+06
2,0,1.15,-0.0694246,0,2.6068,7.24977e+06
2,0,1.15,-0.0694246,0,2.6098,7.33711e+06
2,0,1.15,-0.0694246,0,2.61281,7.42529e+06
2,0,1.15,-0.0694246,0,2.61581,7.5143e+06
2,0,1.15,-0.0694246,0,2.61881,7.60415e+06
2,0,1.15,-0.0694246,0,2.62181,7.69485e+06
2,0,1.15,-0.0694246,0,2.62481,7.78641e+06
2,0,1.15,-0.0694246,0,2.62781,7.87883e+06
2,0,1.15,-0.0694246,0,2.63082,7.97211e+06
2,0,1.15,-0.0694246,0,2.63382,8.06627e+06
2,0,1.15,-0.0694246,0,2.63682,8.16131e+06
2,0,1.15,-0.0694246,0,2.63982,8.25724e+06
2,0,1.15,-0.0694246,0,2.64282,8.35407e+06
2,0,1.15,-0.0694246,0,2.64582,8.45179e+06
2,0,1.15,-0.0694246,0,2.64882,8.55043e+06
2,0,1.15,-0.0694246,0,2.65183,8.64999e+06
2,0,1.15,-0.0694246,0,2.65483,8.75046e+06
2,0,1.15,-0.0694246,0,2.65783,8.85187e+06
2,0,1.15,-0.0694246,0,2.66083,8.95422e+06
2,0,1.15,-0.0694246,0,2.66383,9.05751e+06
2,0,1.15,-0.0694246,0,2.66683,9.16176e+06
2,0,1.15,-0.0694246,0,2.66983,9.26696e+06
2,0,1.15,-0.0694246,0,2.67284,9.37313e+06
2,0,1.15,-0.0694246,0,2.67584,9.48028e+06
2,0,1.15,-0.0694246,0,2.67884,9.58841e+06
2,0,1.15,-0.0694246,0,2.68184,9.69753e+06
2,0,1.15,-0.0694246,0,2.68484,9.80765e+06
2,0,1.15,-0.0694246,0,2.68784,9.91877e+06
2,0,1.15,-0.0694246,0,2.69085,1.00309e+07
2,0,1.15,-0.0694246,0,2.69385,1.01441e+07
2,0,1.15,-0.0694246,0,2.69685,1.02582e+07
2,0,1.15,-0.0694246,0,2.69985,1.03735e+07
2,0,1.15,-0.0694246,0,2.70285,1.04897e+07
2,0,1.15,-0.0694246,0,2.70585,1.0607e+07
2,0,1.15,-0.0694246,0,2.70885,1.07254e+07
2,0,1.15,-0.0694246,0,2.71186,1.08448e+07
2,0,1.15,-0.0694246,0,2.71486,1.09654e+07
2,0,1.15,-0.0694246,0,2.71786,1.1087e+07
2,0,1.15,-0.0694246,0,2.72086,1.12097e+07
2,0,1.15,-0.0694246,0,2.72386,1.13335e+07
2,0,1.15,-0.0694246,0,2.72686,1.14584e+07
2,0,1.15,-0.0694246,0,2.72986,1.15844e+07
2,0,1.15,-0.0694246,0,2.73287,1.17115e+07
2,0,1.15,-0.0694246,0,2.73587,1.18398e+07
2,0,1.15,-0.0694246,0,2.73887,1.19692e+07
2,0,1.15,-0.0694246,0,2.74187,1.20998e+07
2,0,1.15,-0.0694246,0,2.74487,1.22316e+07
2,0,1.15,-0.0694246,0,2.74787,1.23645e+07
2,0,1.15,-0.0694246,0,2.75088,1.24985e+07
2,0,1.15,-0.0694246,0,2.75388,1.26338e+07
2,0,1.15,-0.0694246,0,2.75688,1.27703e+07
2,0,1.15,-0.0694246,0,2.75988,1.29079e+07
2,0,1.15,-0.0694246,0,2.76288,1.30468e+07
2,0,1.15,-0.0694246,0,2.76588,1.31869e+07
2,0,1.15,-0.0694246,0,2.76888,1.33283e+07
2,0,1.15,-0.0694246,0,2.77189,1.34708e+07
2,0,1.15,-0.0694246,0,2.77489,1.36147e+07
2,0,1.15,-0.0694246,0,2.77789,1.37598e+07
2,0,1.15,-0.0694246,0,2.78089,1.39061e+07
2,0,1.15,-0.0694246,0,2.78389,1.40537e+07
2,0,1.15,-0.0694246,0,2.78689,1.42027e+07
2,0,1.15,-0.0694246,0,2.78989,1.43529e+07
2,0,1.15,-0.0694246,0,2.7929,1.45044e+07
2,0,1.15,-0.0694246,0,2.7959,1.46572e+07
2,0,1.15,-0.0694246,0,2.7989,1.48114e+07
2,0,1.15,-0.0694246,0,2.8019,1.49669e+07
2,0,1.15,-0.0694246,0,2.8049,1.51237e+07
2,0,1.15,-0.0694246,0,2.8079,1.52819e+07
2,0,1.15,-0.0694246,0,2.81091,1.54415e+07
2,0,1.15,-0.0694246,0,2.81391,1.56024e+07
2,0,1.15,-0.0694246,0,2.81691,1.57648e+07
2,0,1.15,-0.0694246,0,2.81991,1.59285e+07
2,0,1.15,-0.0694246,0,2.82291,1.60936e+07
2,0,1.15,-0.0694246,0,2.82591,1.62601e+07
2,0,1.15,-0.0694246,0,2.82891,1.64281e+07
2,0,1.15,-0.0694246,0,2.83192,1.65975e+07
2,0,1.15,-0.0694246,0,2.83492,1.67683e+07
2,0,1.15,-0.0694246,0,2.83792,1.69407e+07
2,0,1.15,-0.0694246,0,2.84092,1.71144e+07
2,0,1.15,-0.0694246,0,2.84392,1.72897e+07
2,0,1.15,-0.0694246,0,2.84692,1.74664e+07
2,0,1.15,-0.0694246,0,2.84992,1.76447e+07
2,0,1.15,-0.0694246,0,2.85293,1.78244e+07
2,0,1.15,-0.0694246,0,2.85593,1.80057e+07
2,0,1.15,-0.0694246,0,2.85893,1.81885e+07
2,0,1.15,-0.0694246,0,2.86193,1.83729e+07
2,0,1.15,-0.0694246,0,2.86493,1.85588e+07
2,0,1.15,-0.0694246,0,2.86793,1.87463e+07
2,0,1.15,-0.0694246,0,2.87094,1.89353e+07
2,0,1.15,-0.0694246,0,2.87394,1.9126e+07
2,0,1.15,-0.0694246,0,2.87694,1.93182e+07
2,0,1.15,-0.0694246,0,2.87994,1.95121e+07
2,0,1.15,-0.0694246,0,2.88294,1.97076e+07
2,0,1.15,-0.0694246,0,2.88594,1.99047e+07
2,0,1.15,-0.0694246,0,2.88894,2.01035e+07
2,0,1.15,-0.0694246,0,2.89195,2.03039e+07
2,0,1.15,-0.0694246,0,2.89495,2.0506e+07
2,0,1.15,-0.0694246,0,2.89795,2.07098e+07
2,0,1.15,-0.0694246,0,2.90095,2.09152e+07
2,0,1.15,-0.0694246,0,2.90395,2.11224e+07
2,0,1.15,-0.0694246,0,2.90695,2.13313e+07
2,0,1.15,-0.0694246,0,2.90995,2.15419e+07
2,0,1.15,-0.0694246,0,2.91296,2.17543e+07
2,0,1.15,-0.0694246,0,2.91596,2.19685e+07
2,0,1.15,-0.0694246,0,2.91896,2.21844e+07
2,0,1.15,-0.0694246,0,2.92196,2.2402e+07
2,0,1.15,-0.0694246,0,2.92496,2.26215e+07
2,0,1.15,-0.0694246,0,2.92796,2.28428e+07
2,0,1.15,-0.0694246,0,2.93097,2.30659e+07
2,0,1.15,-0.0694246,0,2.93397,2.32909e+07
2,0,1.15,-0.0694246,0,2.93697,2.35176e+07
2,0,1.15,-0.0694246,0,2.93997,2.37463e+07
2,0,1.15,-0.0694246,0,2.94297,2.39768e+07
2,0,1.15,-0.0694246,0,2.94597,2.42092e+07
2,0,1.15,-0.0694246,0,2.94897,2.44435e+07
2,0,1.15,-0.0694246,0,2.95198,2.46797e+07
2,0,1.15,-0.0694246,0,2.95498,2.49178e+07
2,0,1.15,-0.0694246,0,2.95798,2.51579e+07
2,0,1.15,-0.0694246,0,2.96098,2.53999e+07
2,0,1.15,-0.0694246,0,2.96398,2.56439e+07
2,0,1.15,-0.0694246,0,2.96698,2.58899e+07
2,0,1.15,-0.0694246,0,2.96998,2.61378e+07
2,0,1.15,-0.0694246,0,2.97299,2.63878e+07
2,0,1.15,-0.0694246,0,2.97599,2.66398e+07
2,0,1.15,-0.0694246,0,2.97899,2.68938e+07
2,0,1.15,-0.0694246,0,2.98199,2.71499e+07
2,0,1.15,-0.0694246,0,2.98499,2.74081e+07
2,0,1.15,-0.0694246,0,2.98799,2.76683e+07
2,0,1.15,-0.0694246,0,2.991,2.79306e+07
2,0,1.15,-0.0694246,0,2.994,2.8195e+07
2,0,1.15,-0.0694246,0,2.997,2.84616e+07
2,0,1.15,-0.0694246,0,3,2.87302e+07

2,0,1.3,-0.163147,0,-3,671.867
2,0,1.3,-0.163147,0,-2.997,671.832
2,0,1.3,-0.163147,0,-2.994,671.782
2,0,1.3,-0.163147,0,-2.991,671.719
2,0,1.3,-0.163147,0,-2.98799,671.64
2,0,1.3,-0.163147,0,-2.98499,671.547
2,0,1.3,-0.163147,0,-2.98199,671.438
2,0,1.3,-0.163147,0,-2.97899,671.315
2,0,1.3,-0.163147,0,-2.97599,671.177
2,0,1.3,-0.163147,0,-2.97299,671.025
2,0,1.3,-0.163147,0,-2.96998,670.858
2,0,1.3,-0.163147,0,-2.96698,670.675
2,0,1.3,-0.163147,0,-2.96398,670.478
2,0,1.3,-0.163147,0,-2.96098,670.266
2,0,1.3,-0.163147,0,-2.95798,670.039
2,0,1.3,-0.163147,0,-2.95498,669.796
2,0,1.3,-0.163147,0,-2.95198,669.539
2,0,1.3,-0.163147,0,-2.94897,669.267
2,0,1.3,-0.163147,0,-2.94597,668.98
2,0,1.3,-0.163147,0,-2.94297,668.677
2,0,1.3,-0.163147,0,-2.93997,668.359
2,0,1.3,-0.163147,0,-2.93697,668.027
2,0,1.3,-0.163147,0,-2.93397,667.679
2,0,1.3,-0.163147,0,-2.93097,667.316
2,0,1.3,-0.163147,0,-2.92796,666.937
2,0,1.3,-0.163147,0,-2.92496,666.544
2,0,1.3,-0.163147,0,-2.92196,666.135
2,0,1.3,-0.163147,0,-2.91896,665.71
2,0,1.3,-0.163147,0,-2.91596,665.271
2,0,1.3,-0.163147,0,-2.91296,664.816
2,0,1.3,-0.163147,0,-2.90995,664.346
2,0,1.3,-0.163147,0,-2.90695,663.861
2,0,1.3,-0.163147,0,-2.90395,663.36
2,0,1.3,-0.163147,0,-2.90095,662.843
2,0,1.3,-0.163147,0,-2.89795,662.311
2,0,1.3,-0.163147,0,-2.89495,661.764
2,0,1.3,-0.163147,0,-2.89195,661.201
2,0,1.3,-0.163147,0,-2.88894,660.623
2,0,1.3,-0.163147,0,-2.88594,660.029
2,0,1.3,-0.163147,0,-2.88294,659.419
2,0,1.3,-0.163147,0,-2.87994,658.794
2,0,1.3,-0.163147,0,-2.87694,658.154
2,0,1.3,-0.163147,0,-2.87394,657.498
2,0,1.3,-0.163147,0,-2.87094,656.826
2,0,1.3,-0.163147,0,-2.86793,656.139
2,0,1.3,-0.163147,0,-2.86493,655.436
2,0,1.3,-0.163147,0,-2.86193,654.717
2,0,1.3,-0.163147,0,-2.85893,653.982
2,0,1.3,-0.163147,0,-2.85593,653.232
2,0,1.3,-0.163147,0,-2.85293,652.466
2,0,1.3,-0.163147,0,-2.84992,651.685
2,0,1.3,-0.163147,0,-2.84692,650.887
2,0,1.3,-0.163147,0,-2.84392,650.074
2,0,1.3,-0.163147,0,-2.84092,649.245
2,0,1.3,-0.163147,0,-2.83792,648.4
2,0,1.3,-0.163147,0,-2.83492,647.539
2,0,1.3,-0.163147,0,-2.83192,646.662
2,0,1.3,-0.163147,0,-2.82891,645.77
2,0,1.3,-0.163147,0,-2.82591,644.861
2,0,1.3,-0.163147,0,-2.82291,643.937
2,0,1.3,-0.163147,0,-2.81991,642.997
2,0,1.3,-0.163147,0,-2.81691,642.041
2,0,1.3,-0.163147,0,-2.81391,641.069
2,0,1.3,-0.163147,0,-2.81091,640.081
2,0,1.3,-0.163147,0,-2.8079,639.078
2,0,1.3,-0.163147,0,-2.8049,638.058
2,0,1.3,-0.163147,0,-2.8019,637.022
2,0,1.3,-0.163147,0,-2.7989,635.971
2,0,1.3,-0.163147,0,-2.7959,634.903
2,0,1.3,-0.163147,0,-2.7929,633.819
2,0,1.3,-0.163147,0,-2.78989,632.719
2,0,1.3,-0.163147,0,-2.78689,631.603
2,0,1.3,-0.163147,0,-2.78389,630.471
2,0,1.3,-0.163147,0,-2.78089,629.323
2,0,1.3,-0.163147,0,-2.77789,628.159
2,0,1.3,-0.163147,0,-2.77489,626.979
2,0,1.3,-0.163147,0,-2.77189,625.782
2,0,1.3,-0.163147,0,-2.76888,624.57
2,0,1.3,-0.163147,0,-2.76588,623.342
2,0,1.3,-0.163147,0,-2.76288,622.098
2,0,1.3,-0.163147,0,-2.75988,620.837
2,0,1.3,-0.163147,0,-2.75688,619.56
2,0,1.3,-0.163147,0,-2.75388,618.267
2,0,1.3,-0.163147,0,-2.75088,616.958
2,0,1.3,-0.163147,0,-2.74787,615.633
2,0,1.3,-0.163147,0,-2.74487,614.291
2,0,1.3,-0.163147,0,-2.74187,612.934
2,0,1.3,-0.163147,0,-2.73887,611.56
2,0,1.3,-0.163147,0,-2.73587,610.171
2,0,1.3,-0.163147,0,-2.73287,608.764
2,0,1.3,-0.163147,0,-2.72986,607.342
2,0,1.3,-0.163147,0,-2.72686,605.904
2,0,1.3,-0.163147,0,-2.72386,604.449
2,0,1.3,-0.163147,0,-2.72086,602.978
2,0,1.3,-0.163147,0,-2.71786,601.491
2,0,1.3,-0.163147,0,-2.71486,599.988
2,0,1.3,-0.163147,0,-2.71186,598.468
2,0,1.3,-0.163147,0,-2.70885,596.933
2,0,1.3,-0.163147,0,-2.70585,595.381
2,0,1.3,-0.163147,0,-2.70285,593.814
2,0,1.3,-0.163147,0,-2.69985,592.229
2,0,1.3,-0.163147,0,-2.69685,590.629
2,0,1.3,-0.163147,0,-2.69385,589.012
2,0,1.3,-0.163147,0,-2.69085,587.379
2,0,1.3,-0.163147,0,-2.68784,585.73
2,0,1.3,-0.163147,0,-2.68484,584.066
2,0,1.3,-0.163147,0,-2.68184,582.384
2,0,1.3,-0.163147,0,-2.67884,580.686
2,0,1.3,-0.163147,0,-2.67584,578.972
2,0,1.3,-0.163147,0,-2.67284,577.242
2,0,1.3,-0.163147,0,-2.66983,575.496
2,0,1.3,-0.163147,0,-2.66683,573.733
2,0,1.3,-0.163147,0,-2.66383,571.955
2,0,1.3,-0.163147,0,-2.66083,570.159
2,0,1.3,-0.163147,0,-2.65783,568.349
2,0,1.3,-0.163147,0,-2.65483,566.521
2,0,1.3,-0.163147,0,-2.65183,564.678
2,0,1.3,-0.163147,0,-2.64882,562.819
2,0,1.3,-0.163147,0,-2.64582,560.943
2,0,1.3,-0.163147,0,-2.64282,559.051
2,0,1.3,-0.163147,0,-2.63982,557.143
2,0,1.3,-0.163147,0,-2.63682,555.219
2,0,1.3,-0.163147,0,-2.63382,553.278
2,0,1.3,-0.163147,0,-2.63082,551.322
2,0,1.3,-0.163147,0,-2.62781,549.349
2,0,1.3,-0.163147,0,-2.62481,547.36
2,0,1.3,-0.163147,0,-2.62181,545.356
2,0,1.3,-0.163147,0,-2.61881,543.335
2,0,1.3,-0.163147,0,-2.61581,541.298
2,0,1.3,-0.163147,0,-2.61281,539.245
2,0,1.3,-0.163147,0,-2.6098,537.175
2,0,1.3,-0.163147,0,-2.6068,535.091
2,0,1.3,-0.163147,0,-2.6038,532.989
2,0,1.3,-0.163147,0,-2.6008,530.871
2,0,1.3,-0.163147,0,-2.5978,528.738
2,0,1.3,-0.163147,0,-2.5948,526.589
2,0,1.3,-0.163147,0,-2.5918,524.423
2,0,1.3,-0.163147,0,-2.58879,522.242
2,0,1.3,-0.163147,0,-2.58579,520.044
2,0,1.3,-0.163147,0,-2.58279,517.831
2,0,1.3,-0.163147,0,-2.57979,515.601
2,0,1.3,-0.163147,0,-2.57679,513.356
2,0,1.3,-0.163147,0,-2.57379,511.095
2,0,1.3,-0.163147,0,-2.57079,508.818
2,0,1.3,-0.163147,0,-2.56778,506.525
2,0,1.3,-0.163147,0,-2.56478,504.216
2,0,1.3,-0.163147,0,-2.56178,501.891
2,0,1.3,-0.163147,0,-2.55878,499.55
2,0,1.3,-0.163147,0,-2.55578,497.194
2,0,1.3,-0.163147,0,-2.55278,494.822
2,0,1.3,-0.163147,0,-2.54977,492.433
2,0,1.3,-0.163147,0,-2.54677,490.03
2,0,1.3,-0.163147,0,-2.54377,487.61
2,0,1.3,-0.163147,0,-2.54077,485.174
2,0,1.3,-0.163147,0,-2.53777,482.723
2,0,1.3,-0.163147,0,-2.53477,480.257
2,0,1.3,-0.163147,0,-2.53177,477.774
2,0,1.3,-0.163147,0,-2.52876,475.276
2,0,1.3,-0.163147,0,-2.52576,472.762
2,0,1.3,-0.163147,0,-2.52276,470.232
2,0,1.3,-0.163147,0,-2.51976,467.687
2,0,1.3,-0.163147,0,-2.51676,465.127
2,0,1.3,-0.163147,0,-2.51376,462.55
2,0,1.3,-0.163147,0,-2.51076,459.959
2,0,1.3,-0.163147,0,-2.50775,457.352
2,0,1.3,-0.163147,0,-2.50475,454.729
2,0,1.3,-0.163147,0,-2.50175,452.09
2,0,1.3,-0.163147,0,-2.49875,449.436
2,0,1.3,-0.163147,0,-2.49575,446.768
2,0,1.3,-0.163147,0,-2.49275,444.083
2,0,1.3,-0.163147,0,-2.48974,441.383
2,0,1.3,-0.163147,0,-2.48674,438.668
2,0,1.3,-0.163147,0,-2.48374,435.937
2,0,1.3,-0.163147,0,-2.48074,433.192
2,0,1.3,-0.163147,0,-2.47774,430.431
2,0,1.3,-0.163147,0,-2.47474,427.654
2,0,1.3,-0.163147,0,-2.47174,424.863
2,0,1.3,-0.163147,0,-2.46873,422.057
2,0,1.3,-0.163147,0,-2.46573,419.235
2,0,1.3,-0.163147,0,-2.46273,416.398
2,0,1.3,-0.163147,0,-2.45973,413.546
2,0,1.3,-0.163147,0,-2.45673,410.678
2,0,1.3,-0.163147,0,-2.45373,407.796
2,0,1.3,-0.163147,0,-2.45073,404.899
2,0,1.3,-0.163147,0,-2.44772,401.987
2,0,1.3,-0.163147,0,-2.44472,399.06
2,0,1.3,-0.163147,0,-2.44172,396.119
2,0,1.3,-0.163147,0,-2.43872,393.162
2,0,1.3,-0.163147,0,-2.43572,390.19
2,0,1.3,-0.163147,0,-2.43272,387.204
2,0,1.3,-0.163147,0,-2.42971,384.203
2,0,1.3,-0.163147,0,-2.42671,381.187
2,0,1.3,-0.163147,0,-2.42371,378.156
2,0,1.3,-0.163147,0,-2.42071,375.111
2,0,1.3,-0.163147,0,-2.41771,372.051
2,0,1.3,-0.163147,0,-2.41471,368.977
2,0,1.3,-0.163147,0,-2.41171,365.888
2,0,1.3,-0.163147,0,-2.4087,362.784
2,0,1.3,-0.163147,0,-2.4057,359.666
2,0,1.3,-0.163147,0,-2.4027,356.534
2,0,1.3,-0.163147,0,-2.3997,353.387
2,0,1.3,-0.163147,0,-2.3967,350.226
2,0,1.3,-0.163147,0,-2.3937,347.051
2,0,1.3,-0.163147,0,-2.3907,343.861
2,0,1.3,-0.163147,0,-2.38769,340.657
2,0,1.3,-0.163147,0,-2.38469,337.438
2,0,1.3,-0.163147,0,-2.38169,334.206
2,0,1.3,-0.163147,0,-2.37869,330.96
2,0,1.3,-0.163147,0,-2.37569,327.699
2,0,1.3,-0.163147,0,-2.37269,324.425
2,0,1.3,-0.163147,0,-2.36968,321.136
2,0,1.3,-0.163147,0,-2.36668,317.834
2,0,1.3,-0.163147,0,-2.36368,314.517
2,0,1.3,-0.163147,0,-2.36068,311.187
2,0,1.3,-0.163147,0,-2.35768,307.843
2,0,1.3,-0.163147,0,-2.35468,304.485
2,0,1.3,-0.163147,0,-2.35168,301.113
2,0,1.3,-0.163147,0,-2.34867,297.728
2,0,1.3,-0.163147,0,-2.34567,294.33
2,0,1.3,-0.163147,0,-2.34267,290.917
2,0,1.3,-0.163147,0,-2.33967,287.491
2,0,1.3,-0.163147,0,-2.33667,284.052
2,0,1.3,-0.163147,0,-2.33367,280.599
2,0,1.3,-0.163147,0,-2.33067,277.133
2,0,1.3,-0.163147,0,-2.32766,273.653
2,0,1.3,-0.163147,0,-2.32466,270.16
2,0,1.3,-0.163147,0,-2.32166,266.654
2,0,1.3,-0.163147,0,-2.31866,263.135
2,0,1.3,-0.163147,0,-2.31566,259.602
2,0,1.3,-0.163147,0,-2.31266,256.057
2,0,1.3,-0.163147,0,-2.30965,252.498
2,0,1.3,-0.163147,0,-2.30665,248.927
2,0,1.3,-0.163147,0,-2.30365,245.342
2,0,1.3,-0.163147,0,-2.30065,241.745
2,0,1.3,-0.163147,0,-2.29765,238.135
2,0,1.3,-0.163147,0,-2.29465,234.512
2,0,1.3,-0.163147,0,-2.29165,230.876
2,0,1.3,-0.163147,0,-2.28864,227.228
2,0,1.3,-0.163147,0,-2.28564,223.567
2,0,1.3,-0.163147,0,-2.28264,219.894
2,0,1.3,-0.163147,0,-2.27964,216.208
2,0,1.3,-0.163147,0,-2.27664,212.51
2,0,1.3,-0.163147,0,-2.27364,208.799
2,0,1.3,-0.163147,0,-2.27064,205.076
2,0,1.3,-0.163147,0,-2.26763,201.341
2,0,1.3,-0.163147,0,-2.26463,197.594
2,0,1.3,-0.163147,0,-2.26163,193.834
2,0,1.3,-0.163147,0,-2.25863,190.062
2,0,1.3,-0.163147,0,-2.25563,186.279
2,0,1.3,-0.163147,0,-2.25263,182.483
2,0,1.3,-0.163147,0,-2.24962,178.676
2,0,1.3,-0.163147,0,-2.24662,174.856
2,0,1.3,-0.163147,0,-2.24362,171.026
2,0,1.3,-0.163147,0,-2.24062,167.183
2,0,1.3,-0.163147,0,-2.23762,163.328
2,0,1.3,-0.163147,0,-2.23462,159.462
2,0,1.3,-0.163147,0,-2.23162,155.585
2,0,1.3,-0.163147,0,-2.22861,151.696
2,0,1.3,-0.163147,0,-2.22561,147.796
2,0,1.3,-0.163147,0,-2.22261,143.884
2,0,1.3,-0.163147,0,-2.21961,139.961
2,0,1.3,-0.163147,0,-2.21661,136.027
2,0,1.3,-0.163147,0,-2.21361,132.082
2,0,1.3,-0.163147,0,-2.21061,128.126
2,0,1.3,-0.163147,0,-2.2076,124.159
2,0,1.3,-0.163147,0,-2.2046,120.181
2,0,1.3,-0.163147,0,-2.2016,116.192
2,0,1.3,-0.163147,0,-2.1986,112.192
2,0,1.3,-0.163147,0,-2.1956,108.182
2,0,1.3,-0.163147,0,-2.1926,104.161
2,0,1.3,-0.163147,0,-2.18959,100.129
2,0,1.3,-0.163147,0,-2.18659,96.0872
2,0,1.3,-0.163147,0,-2.18359,92.0348
2,0,1.3,-0.163147,0,-2.18059,87.9719
2,0,1.3,-0.163147,0,-2.17759,83.899
2,0,1.3,-0.163147,0,-2.17459,79.8158
2,0,1.3,-0.163147,0,-2.17159,75.7225
2,0,1.3,-0.163147,0,-2.16858,71.619
2,0,1.3,-0.163147,0,-2.16558,67.5057
2,0,1.3,-0.163147,0,-2.16258,63.3823
2,0,1.3,-0.163147,0,-2.15958,59.2493
2,0,1.3,-0.163147,0,-2.15658,55.1063
2,0,1.3,-0.163147,0,-2.15358,50.954
2,0,1.3,-0.163147,0,-2.15058,46.7917
2,0,1.3,-0.163147,0,-2.14757,42.6201
2,0,1.3,-0.163147,0,-2.14457,38.4391
2,0,1.3,-0.163147,0,-2.14157,34.2487
2,0,1.3,-0.163147,0,-2.13857,30.049
2,0,1.3,-0.163147,0,-2.13557,25.8403
2,0,1.3,-0.163147,0,-2.13257,21.6222
2,0,1.3,-0.163147,0,-2.12956,17.3951
2,0,1.3,-0.163147,0,-2.12656,13.1591
2,0,1.3,-0.163147,0,-2.12356,8.91435
2,0,1.3,-0.163147,0,-2.12056,4.6608
2,0,1.3,-0.163147,0,-2.11756,0.398207
2,0,1.3,-0.163147,0,-2.11456,-3.8726
2,0,1.3,-0.163147,0,-2.11156,-8.15241
2,0,1.3,-0.163147,0,-2.10855,-12.4403
2,0,1.3,-0.163147,0,-2.10555,-16.7366
2,0,1.3,-0.163147,0,-2.10255,-21.0413
2,0,1.3,-0.163147,0,-2.09955,-25.3542
2,0,1.3,-0.163147,0,-2.09655,-29.6752
2,0,1.3,-0.163147,0,-2.09355,-34.0042
2,0,1.3,-0.163147,0,-2.09055,-38.3411
2,0,1.3,-0.163147,0,-2.08754,-42.686
2,0,1.3,-0.163147,0,-2.08454,-47.0385
2,0,1.3,-0.163147,0,-2.08154,-51.3988
2,0,1.3,-0.163147,0,-2.07854,-55.7667
2,0,1.3,-0.163147,0,-2.07554,-60.142
2,0,1.3,-0.163147,0,-2.07254,-64.5248
2,0,1.3,-0.163147,0,-2.06953,-68.9149
2,0,1.3,-0.163147,0,-2.06653,-73.3124
2,0,1.3,-0.163147,0,-2.06353,-77.7165
2,0,1.3,-0.163147,0,-2.06053,-82.1283
2,0,1.3,-0.163147,0,-2.05753,-86.5466
2,0,1.3,-0.163147,0,-2.05453,-90.9723
2,0,1.3,-0.163147,0,-2.05153,-95.4042
2,0,1.3,-0.163147,0,-2.04852,-99.8431
2,0,1.3,-0.163147,0,-2.04552,-104.289
2,0,1.3,-0.163147,0,-2.04252,-108.74
2,0,1.3,-0.163147,0,-2.03952,-113.199
2,0,1.3,-0.163147,0,-2.03652,-117.663
2,0,1.3,-0.163147,0,-2.03352,-122.134
2,0,1.3,-0.163147,0,-2.03052,-126.611
2,0,1.3,-0.163147,0,-2.02751,-131.094
2,0,1.3,-0.163147,0,-2.02451,-135.583
2,0,1.3,-0.163147,0,-2.02151,-140.078
2,0,1.3,-0.163147,0,-2.01851,-144.578
2,0,1.3,-0.163147,0,-2.01551,-149.084
2,0,1.3,-0.163147,0,-2.01251,-153.596
2,0,1.3,-0.163147,0,-2.0095,-158.112
2,0,1.3,-0.163147,0,-2.0065,-162.635
2,0,1.3,-0.163147,0,-2.0035,-167.162
2,0,1.3,-0.163147,0,-2.0005,-171.695
2,0,1.3,-0.163147,0,-1.9975,-176.232
2,0,1.3,-0.163147,0,-1.9945,-180.775
2,0,1.3,-0.163147,0,-1.9915,-185.323
2,0,1.3,-0.163147,0,-1.98849,-189.875
2,0,1.3,-0.163147,0,-1.98549,-194.432
2,0,1.3,-0.163147,0,-1.98249,-198.993
2,0,1.3,-0.163147,0,-1.97949,-203.558
2,0,1.3,-0.163147,0,-1.97649,-208.128
2,0,1.3,-0.163147,0,-1.97349,-212.702
2,0,1.3,-0.163147,0,-1.97049,-217.281
2,0,1.3,-0.163147,0,-1.96748,-221.863
2,0,1.3,-0.163147,0,-1.96448,-226.449
2,0,1.3,-0.163147,0,-1.96148,-231.039
2,0,1.3,-0.163147,0,-1.95848,-235.633
2,0,1.3,-0.163147,0,-1.95548,-240.23
2,0,1.3,-0.163147,0,-1.95248,-244.83
2,0,1.3,-0.163147,0,-1.94947,-249.434
2,0,1.3,-0.163147,0,-1.94647,-254.041
2,0,1.3,-0.163147,0,-1.94347,-258.651
2,0,1.3,-0.163147,0,-1.94047,-263.265
2,0,1.3,-0.163147,0,-1.93747,-267.881
2,0,1.3,-0.163147,0,-1.93447,-272.5
2,0,1.3,-0.163147,0,-1.93147,-277.121
2,0,1.3,-0.163147,0,-1.92846,-281.745
2,0,1.3,-0.163147,0,-1.92546,-286.372
2,0,1.3,-0.163147,0,-1.92246,-291.001
2,0,1.3,-0.163147,0,-1.91946,-295.632
2,0,1.3,-0.163147,0,-1.91646,-300.266
2,0,1.3,-0.163147,0,-1.91346,-304.901
2,0,1.3,-0.163147,0,-1.91046,-309.538
2,0,1.3,-0.163147,0,-1.90745,-314.177
2,0,1.3,-0.163147,0,-1.90445,-318.818
2,0,1.3,-0.163147,0,-1.90145,-323.46
2,0,1.3,-0.163147,0,-1.89845,-328.103
2,0,1.3,-0.163147,0,-1.89545,-332.748
2,0,1.3,-0.163147,0,-1.89245,-337.394
2,0,1.3,-0.163147,0,-1.88944,-342.041
2,0,1.3,-0.163147,0,-1.88644,-346.69
2,0,1.3,-0.163147,0,-1.88344,-351.338
2,0,1.3,-0.163147,0,-1.88044,-355.988
2,0,1.3,-0.163147,0,-1.87744,-360.638
2,0,1.3,-0.163147,0,-1.87444,-365.289
2,0,1.3,-0.163147,0,-1.87144,-369.94
2,0,1.3,-0.163147,0,-1.86843,-374.592
2,0,1.3,-0.163147,0,-1.86543,-379.243
2,0,1.3,-0.163147,0,-1.86243,-383.895
2,0,1.3,-0.163147,0,-1.85943,-388.546
2,0,1.3,-0.163147,0,-1.85643,-393.197
2,0,1.3,-0.163147,0,-1.85343,-397.848
2,0,1.3,-0.163147,0,-1.85043,-402.498
2,0,1.3,-0.163147,0,-1.84742,-407.148
2,0,1.3,-0.163147,0,-1.84442,-411.797
2,0,1.3,-0.163147,0,-1.84142,-416.445
2,0,1.3,-0.163147,0,-1.83842,-421.092
2,0,1.3,-0.163147,0,-1.83542,-425.737
2,0,1.3,-0.163147,0,-1.83242,-430.382
2,0,1.3,-0.163147,0,-1.82941,-435.026
2,0,1.3,-0.163147,0,-1.82641,-439.667
2,0,1.3,-0.163147,0,-1.82341,-444.307
2,0,1.3,-0.163147,0,-1.82041,-448.946
2,0,1.3,-0.163147,0,-1.81741,-453.583
2,0,1.3,-0.163147,0,-1.81441,-458.217
2,0,1.3,-0.163147,0,-1.81141,-462.85
2,0,1.3,-0.163147,0,-1.8084,-467.48
2,0,1.3,-0.163147,0,-1.8054,-472.108
2,0,1.3,-0.163147,0,-1.8024,-476.733
2,0,1.3,-0.163147,0,-1.7994,-481.356
2,0,1.3,-0.163147,0,-1.7964,-485.976
2,0,1.3,-0.163147,0,-1.7934,-490.592
2,0,1.3,-0.163147,0,-1.7904,-495.207
2,0,1.3,-0.163147,0,-1.78739,-499.817
2,0,1.3,-0.163147,0,-1.78439,-504.425
2,0,1.3,-0.163147,0,-1.78139,-509.029
2,0,1.3,-0.163147,0,-1.77839,-513.63
2,0,1.3,-0.163147,0,-1.77539,-518.226
2,0,1.3,-0.163147,0,-1.77239,-522.819
2,0,1.3,-0.163147,0,-1.76938,-527.408
2,0,1.3,-0.163147,0,-1.76638,-531.993
2,0,1.3,-0.163147,0,-1.76338,-536.573
2,0,1.3,-0.163147,0,-1.76038,-541.15
2,0,1.3,-0.163147,0,-1.75738,-545.722
2,0,1.3,-0.163147,0,-1.75438,-550.289
2,0,1.3,-0.163147,0,-1.75138,-554.851
2,0,1.3,-0.163147,0,-1.74837,-559.409
2,0,1.3,-0.163147,0,-1.74537,-563.961
2,0,1.3,-0.163147,0,-1.74237,-568.509
2,0,1.3,-0.163147,0,-1.73937,-573.051
2,0,1.3,-0.163147,0,-1.73637,-577.587
2,0,1.3,-0.163147,0,-1.73337,-582.118
2,0,1.3,-0.163147,0,-1.73037,-586.643
2,0,1.3,-0.163147,0,-1.72736,-591.163
2,0,1.3,-0.163147,0,-1.72436,-595.676
2,0,1.3,-0.163147,0,-1.72136,-600.183
2,0,1.3,-0.163147,0,-1.71836,-604.683
2,0,1.3,-0.163147,0,-1.71536,-609.178
2,0,1.3,-0.163147,0,-1.71236,-613.666
2,0,1.3,-0.163147,0,-1.70935,-618.147
2,0,1.3,-0.163147,0,-1.70635,-622.621
2,0,1.3,-0.163147,0,-1.70335,-627.088
2,0,1.3,-0.163147,0,-1.70035,-631.549
2,0,1.3,-0.163147,0,-1.69735,-636.001
2,0,1.3,-0.163147,0,-1.69435,-640.447
2,0,1.3,-0.163147,0,-1.69135,-644.885
2,0,1.3,-0.163147,0,-1.68834,-649.315
2,0,1.3,-0.163147,0,-1.68534,-653.737
2,0,1.3,-0.163147,0,-1.68234,-658.152
2,0,1.3,-0.163147,0,-1.67934,-662.558
2,0,1.3,-0.163147,0,-1.67634,-666.955
2,0,1.3,-0.163147,0,-1.67334,-671.345
2,0,1.3,-0.163147,0,-1.67034,-675.726
2,0,1.3,-0.163147,0,-1.66733,-680.099
2,0,1.3,-0.163147,0,-1.66433,-684.462
2,0,1.3,-0.163147,0,-1.66133,-688.816
2,0,1.3,-0.163147,0,-1.65833,-693.162
2,0,1.3,-0.163147,0,-1.65533,-697.498
2,0,1.3,-0.163147,0,-1.65233,-701.824
2,0,1.3,-0.163147,0,-1.64932,-706.14
2,0,1.3,-0.163147,0,-1.64632,-710.448
2,0,1.3,-0.163147,0,-1.64332,-714.745
2,0,1.3,-0.163147,0,-1.64032,-719.032
2,0,1.3,-0.163147,0,-1.63732,-723.309
2,0,1.3,-0.163147,0,-1.63432,-727.575
2,0,1.3,-0.163147,0,-1.63132,-731.832
2,0,1.3,-0.163147,0,-1.62831,-736.078
2,0,1.3,-0.163147,0,-1.62531,-740.313
2,0,1.3,-0.163147,0,-1.62231,-744.537
2,0,1.3,-0.163147,0,-1.61931,-748.749
2,0,1.3,-0.163147,0,-1.61631,-752.951
2,0,1.3,-0.163147,0,-1.61331,-757.141
2,0,1.3,-0.163147,0,-1.61031,-761.32
2,0,1.3,-0.163147,0,-1.6073,-765.487
2,0,1.3,-0.163147,0,-1.6043,-769.642
2,0,1.3,-0.163147,0,-1.6013,-773.785
2,0,1.3,-0.163147,0,-1.5983,-777.917
2,0,1.3,-0.163147,0,-1.5953,-782.035
2,0,1.3,-0.163147,0,-1.5923,-786.141
2,0,1.3,-0.163147,0,-1.58929,-790.236
2,0,1.3,-0.163147,0,-1.58629,-794.317
2,0,1.3,-0.163147,0,-1.58329,-798.385
2,0,1.3,-0.163147,0,-1.58029,-802.44
2,0,1.3,-0.163147,0,-1.57729,-806.482
2,0,1.3,-0.163147,0,-1.57429,-810.511
2,0,1.3,-0.163147,0,-1.57129,-814.525
2,0,1.3,-0.163147,0,-1.56828,-818.527
2,0,1.3,-0.163147,0,-1.56528,-822.515
2,0,1.3,-0.163147,0,-1.56228,-826.489
2,0,1.3,-0.163147,0,-1.55928,-830.448
2,0,1.3,-0.163147,0,-1.55628,-834.393
2,0,1.3,-0.163147,0,-1.55328,-838.324
2,0,1.3,-0.163147,0,-1.55028,-842.241
2,0,1.3,-0.163147,0,-1.54727,-846.142
2,0,1.3,-0.163147,0,-1.54427,-850.029
2,0,1.3,-0.163147,0,-1.54127,-853.9
2,0,1.3,-0.163147,0,-1.53827,-857.757
2,0,1.3,-0.163147,0,-1.53527,-861.598
2,0,1.3,-0.163147,0,-1.53227,-865.423
2,0,1.3,-0.163147,0,-1.52926,-869.234
2,0,1.3,-0.163147,0,-1.52626,-873.027
2,0,1.3,-0.163147,0,-1.52326,-876.806
2,0,1.3,-0.163147,0,-1.52026,-880.568
2,0,1.3,-0.163147,0,-1.51726,-884.313
2,0,1.3,-0.163147,0,-1.51426,-888.042
2,0,1.3,-0.163147,0,-1.51126,-891.755
2,0,1.3,-0.163147,0,-1.50825,-895.451
2,0,1.3,-0.163147,0,-1.50525,-899.13
2,0,1.3,-0.163147,0,-1.50225,-902.792
2,0,1.3,-0.163147,0,-1.49925,-906.436
2,0,1.3,-0.163147,0,-1.49625,-910.064
2,0,1.3,-0.163147,0,-1.49325,-913.673
2,0,1.3,-0.163147,0,-1.49025,-917.265
2,0,1.3,-0.163147,0,-1.48724,-920.84
2,0,1.3,-0.163147,0,-1.48424,-924.395
2,0,1.3,-0.163147,0,-1.48124,-927.933
2,0,1.3,-0.163147,0,-1.47824,-931.453
2,0,1.3,-0.163147,0,-1.47524,-934.954
2,0,1.3,-0.163147,0,-1.47224,-938.436
2,0,1.3,-0.163147,0,-1.46923,-941.899
2,0,1.3,-0.163147,0,-1.46623,-945.344
2,0,1.3,-0.163147,0,-1.46323,-948.769
2,0,1.3,-0.163147,0,-1.46023,-952.176
2,0,1.3,-0.163147,0,-1.45723,-955.563
2,0,1.3,-0.163147,0,-1.45423,-958.93
2,0,1.3,-0.163147,0,-1.45123,-962.278
2,0,1.3,-0.163147,0,-1.44822,-965.605
2,0,1.3,-0.163147,0,-1.44522,-968.912
2,0,1.3,-0.163147,0,-1.44222,-972.199
2,0,1.3,-0.163147,0,-1.43922,-975.466
2,0,1.3,-0.163147,0,-1.43622,-978.712
2,0,1.3,-0.163147,0,-1.43322,-981.937
2,0,1.3,-0.163147,0,-1.43022,-985.142
2,0,1.3,-0.163147,0,-1.42721,-988.326
2,0,1.3,-0.163147,0,-1.42421,-991.487
2,0,1.3,-0.163147,0,-1.42121,-994.628
2,0,1.3,-0.163147,0,-1.41821,-997.748
2,0,1.3,-0.163147,0,-1.41521,-1000.85
2,0,1.3,-0.163147,0,-1.41221,-1003.92
2,0,1.3,-0.163147,0,-1.4092,-1006.98
2,0,1.3,-0.163147,0,-1.4062,-1010.01
2,0,1.3,-0.163147,0,-1.4032,-1013.02
2,0,1.3,-0.163147,0,-1.4002,-1016
2,0,1.3,-0.163147,0,-1.3972,-1018.97
2,0,1.3,-0.163147,0,-1.3942,-1021.91
2,0,1.3,-0.163147,0,-1.3912,-1024.83
2,0,1.3,-0.163147,0,-1.38819,-1027.72
2,0,1.3,-0.163147,0,-1.38519,-1030.6
2,0,1.3,-0.163147,0,-1.38219,-1033.44
2,0,1.3,-0.163147,0,-1.37919,-1036.27
2,0,1.3,-0.163147,0,-1.37619,-1039.07
2,0,1.3,-0.163147,0,-1.37319,-1041.85
2,0,1.3,-0.163147,0,-1.37019,-1044.6
2,0,1.3,-0.163147,0,-1.36718,-1047.33
2,0,1.3,-0.163147,0,-1.36418,-1050.04
2,0,1.3,-0.163147,0,-1.36118,-1052.71
2,0,1.3,-0.163147,0,-1.35818,-1055.37
2,0,1.3,-0.163147,0,-1.35518,-1058
2,0,1.3,-0.163147,0,-1.35218,-1060.61
2,0,1.3,-0.163147,0,-1.34917,-1063.19
2,0,1.3,-0.163147,0,-1.34617,-1065.74
2,0,1.3,-0.163147,0,-1.34317,-1068.27
2,0,1.3,-0.163147,0,-1.34017,-1070.77
2,0,1.3,-0.163147,0,-1.33717,-1073.25
2,0,1.3,-0.163147,0,-1.33417,-1075.71
2,0,1.3,-0.163147,0,-1.33117,-1078.13
2,0,1.3,-0.163147,0,-1.32816,-1080.53
2,0,1.3,-0.163147,0,-1.32516,-1082.9
2,0,1.3,-0.163147,0,-1.32216,-1085.25
2,0,1.3,-0.163147,0,-1.31916,-1087.57
2,0,1.3,-0.163147,0,-1.31616,-1089.86
2,0,1.3,-0.163147,0,-1.31316,-1092.13
2,0,1.3,-0.163147,0,-1.31016,-1094.37
2,0,1.3,-0.163147,0,-1.30715,-1096.58
2,0,1.3,-0.163147,0,-1.30415,-1098.76
2,0,1.3,-0.163147,0,-1.30115,-1100.92
2,0,1.3,-0.163147,0,-1.29815,-1103.05
2,0,1.3,-0.163147,0,-1.29515,-1105.15
2,0,1.3,-0.163147,0,-1.29215,-1107.22
2,0,1.3,-0.163147,0,-1.28914,-1109.26
2,0,1.3,-0.163147,0,-1.28614,-1111.27
2,0,1.3,-0.163147,0,-1.28314,-1113.26
2,0,1.3,-0.163147,0,-1.28014,-1115.22
2,0,1.3,-0.163147,0,-1.27714,-1117.15
2,0,1.3,-0.163147,0,-1.27414,-1119.05
2,0,1.3,-0.163147,0,-1.27114,-1120.92
2,0,1.3,-0.163147,0,-1.26813,-1122.76
2,0,1.3,-0.163147,0,-1.26513,-1124.57
2,0,1.3,-0.163147,0,-1.26213,-1126.35
2,0,1.3,-0.163147,0,-1.25913,-1128.1
2,0,1.3,-0.163147,0,-1.25613,-1129.82
2,0,1.3,-0.163147,0,-1.25313,-1131.51
2,0,1.3,-0.163147,0,-1.25013,-1133.17
2,0,1.3,-0.163147,0,-1.24712,-1134.8
2,0,1.3,-0.163147,0,-1.24412,-1136.4
2,0,1.3,-0.163147,0,-1.24112,-1137.97
2,0,1.3,-0.163147,0,-1.23812,-1139.51
2,0,1.3,-0.163147,0,-1.23512,-1141.02
2,0,1.3,-0.163147,0,-1.23212,-1142.49
2,0,1.3,-0.163147,0,-1.22911,-1143.94
2,0,1.3,-0.163147,0,-1.22611,-1145.35
2,0,1.3,-0.163147,0,-1.22311,-1146.73
2,0,1.3,-0.163147,0,-1.22011,-1148.08
2,0,1.3,-0.163147,0,-1.21711,-1149.39
2,0,1.3,-0.163147,0,-1.21411,-1150.68
2,0,1.3,-0.163147,0,-1.21111,-1151.93
2,0,1.3,-0.163147,0,-1.2081,-1153.15
2,0,1.3,-0.163147,0,-1.2051,-1154.34
2,0,1.3,-0.163147,0,-1.2021,-1155.49
2,0,1.3,-0.163147,0,-1.1991,-1156.61
2,0,1.3,-0.163147,0,-1.1961,-1157.7
2,0,1.3,-0.163147,0,-1.1931,-1158.76
2,0,1.3,-0.163147,0,-1.1901,-1159.78
2,0,1.3,-0.163147,0,-1.18709,-1160.77
2,0,1.3,-0.163147,0,-1.18409,-1161.72
2,0,1.3,-0.163147,0,-1.18109,-1162.64
2,0,1.3,-0.163147,0,-1.17809,-1163.53
2,0,1.3,-0.163147,0,-1.17509,-1164.38
2,0,1.3,-0.163147,0,-1.17209,-1165.2
2,0,1.3,-0.163147,0,-1.16908,-1165.98
2,0,1.3,-0.163147,0,-1.16608,-1166.73
2,0,1.3,-0.163147,0,-1.16308,-1167.45
2,0,1.3,-0.163147,0,-1.16008,-1168.13
2,0,1.3,-0.163147,0,-1.15708,-1168.77
2,0,1.3,-0.163147,0,-1.15408,-1169.38
2,0,1.3,-0.163147,0,-1.15108,-1169.96
2,0,1.3,-0.163147,0,-1.14807,-1170.5
2,0,1.3,-0.163147,0,-1.14507,-1171
2,0,1.3,-0.163147,0,-1.14207,-1171.47
2,0,1.3,-0.163147,0,-1.13907,-1171.9
2,0,1.3,-0.163147,0,-1.13607,-1172.3
2,0,1.3,-0.163147,0,-1.13307,-1172.66
2,0,1.3,-0.163147,0,-1.13007,-1172.98
2,0,1.3,-0.163147,0,-1.12706,-1173.27
2,0,1.3,-0.163147,0,-1.12406,-1173.52
2,0,1.3,-0.163147,0,-1.12106,-1173.73
2,0,1.3,-0.163147,0,-1.11806,-1173.91
2,0,1.3,-0.163147,0,-1.11506,-1174.05
2,0,1.3,-0.163147,0,-1.11206,-1174.16
2,0,1.3,-0.163147,0,-1.10905,-1174.22
2,0,1.3,-0.163147,0,-1.10605,-1174.25
2,0,1.3,-0.163147,0,-1.10305,-1174.24
2,0,1.3,-0.163147,0,-1.10005,-1174.2
2,0,1.3,-0.163147,0,-1.09705,-1174.11
2,0,1.3,-0.163147,0,-1.09405,-1173.99
2,0,1.3,-0.163147,0,-1.09105,-1173.83
2,0,1.3,-0.163147,0,-1.08804,-1173.64
2,0,1.3,-0.163147,0,-1.08504,-1173.4
2,0,1.3,-0.163147,0,-1.08204,-1173.13
2,0,1.3,-0.163147,0,-1.07904,-1172.81
2,0,1.3,-0.163147,0,-1.07604,-1172.46
2,0,1.3,-0.163147,0,-1.07304,-1172.07
2,0,1.3,-0.163147,0,-1.07004,-1171.64
2,0,1.3,-0.163147,0,-1.06703,-1171.17
2,0,1.3,-0.163147,0,-1.06403,-1170.67
2,0,1.3,-0.163147,0,-1.06103,-1170.12
2,0,1.3,-0.163147,0,-1.05803,-1169.53
2,0,1.3,-0.163147,0,-1.05503,-1168.91
2,0,1.3,-0.163147,0,-1.05203,-1168.24
2,0,1.3,-0.163147,0,-1.04902,-1167.54
2,0,1.3,-0.163147,0,-1.04602,-1166.79
2,0,1.3,-0.163147,0,-1.04302,-1166.01
2,0,1.3,-0.163147,0,-1.04002,-1165.18
2,0,1.3,-0.163147,0,-1.03702,-1164.32
2,0,1.3,-0.163147,0,-1.03402,-1163.41
2,0,1.3,-0.163147,0,-1.03102,-1162.47
2,0,1.3,-0.163147,0,-1.02801,-1161.48
2,0,1.3,-0.163147,0,-1.02501,-1160.45
2,0,1.3,-0.163147,0,-1.02201,-1159.38
2,0,1.3,-0.163147,0,-1.01901,-1158.27
2,0,1.3,-0.163147,0,-1.01601,-1157.12
2,0,1.3,-0.163147,0,-1.01301,-1155.93
2,0,1.3,-0.163147,0,-1.01001,-1154.7
2,0,1.3,-0.163147,0,-1.007,-1153.43
2,0,1.3,-0.163147,0,-1.004,-1152.11
2,0,1.3,-0.163147,0,-1.001,-1150.75
2,0,1.3,-0.163147,0,-0.997999,-1149.35
2,0,1.3,-0.163147,0,-0.994997,-1147.91
2,0,1.3,-0.163147,0,-0.991996,-1146.43
2,0,1.3,-0.163147,0,-0.988994,-1144.9
2,0,1.3,-0.163147,0,-0.985993,-1143.34
2,0,1.3,-0.163147,0,-0.982991,-1141.72
2,0,1.3,-0.163147,0,-0.97999,-1140.07
2,0,1.3,-0.163147,0,-0.976988,-1138.38
2,0,1.3,-0.163147,0,-0.973987,-1136.64
2,0,1.3,-0.163147,0,-0.970985,-1134.86
2,0,1.3,-0.163147,0,-0.967984,-1133.04
2,0,1.3,-0.163147,0,-0.964982,-1131.17
2,0,1.3,-0.163147,0,-0.961981,-1129.26
2,0,1.3,-0.163147,0,-0.958979,-1127.31
2,0,1.3,-0.163147,0,-0.955978,-1125.32
2,0,1.3,-0.163147,0,-0.952976,-1123.28
2,0,1.3,-0.163147,0,-0.949975,-1121.2
2,0,1.3,-0.163147,0,-0.946973,-1119.07
2,0,1.3,-0.163147,0,-0.943972,-1116.9
2,0,1.3,-0.163147,0,-0.94097,-1114.69
2,0,1.3,-0.163147,0,-0.937969,-1112.43
2,0,1.3,-0.163147,0,-0.934967,-1110.13
2,0,1.3,-0.163147,0,-0.931966,-1107.79
2,0,1.3,-0.163147,0,-0.928964,-1105.4
2,0,1.3,-0.163147,0,-0.925963,-1102.96
2,0,1.3,-0.163147,0,-0.922961,-1100.49
2,0,1.3,-0.163147,0,-0.91996,-1097.97
2,0,1.3,-0.163147,0,-0.916958,-1095.4
2,0,1.3,-0.163147,0,-0.913957,-1092.79
2,0,1.3,-0.163147,0,-0.910955,-1090.14
2,0,1.3,-0.163147,0,-0.907954,-1087.44
2,0,1.3,-0.163147,0,-0.904952,-1084.69
2,0,1.3,-0.163147,0,-0.901951,-1081.9
2,0,1.3,-0.163147,0,-0.898949,-1079.07
2,0,1.3,-0.163147,0,-0.895948,-1076.19
2,0,1.3,-0.163147,0,-0.892946,-1073.26
2,0,1.3,-0.163147,0,-0.889945,-1070.3
2,0,1.3,-0.163147,0,-0.886943,-1067.28
2,0,1.3,-0.163147,0,-0.883942,-1064.22
2,0,1.3,-0.163147,0,-0.88094,-1061.12
2,0,1.3,-0.163147,0,-0.877939,-1057.96
2,0,1.3,-0.163147,0,-0.874937,-1054.77
2,0,1.3,-0.163147,0,-0.871936,-1051.53
2,0,1.3,-0.163147,0,-0.868934,-1048.24
2,0,1.3,-0.163147,0,-0.865933,-1044.91
2,0,1.3,-0.163147,0,-0.862931,-1041.53
2,0,1.3,-0.163147,0,-0.85993,-1038.1
2,0,1.3,-0.163147,0,-0.856928,-1034.63
2,0,1.3,-0.163147,0,-0.853927,-1031.11
2,0,1.3,-0.163147,0,-0.850925,-1027.55
2,0,1.3,-0.163147,0,-0.847924,-1023.94
2,0,1.3,-0.163147,0,-0.844922,-1020.29
2,0,1.3,-0.163147,0,-0.841921,-1016.58
2,0,1.3,-0.163147,0,-0.838919,-1012.84
2,0,1.3,-0.163147,0,-0.835918,-1009.04
2,0,1.3,-0.163147,0,-0.832916,-1005.2
2,0,1.3,-0.163147,0,-0.829915,-1001.31
2,0,1.3,-0.163147,0,-0.826913,-997.38
2,0,1.3,-0.163147,0,-0.823912,-993.399
2,0,1.3,-0.163147,0,-0.82091,-989.373
2,0,1.3,-0.163147,0,-0.817909,-985.298
2,0,1.3,-0.163147,0,-0.814907,-981.179
2,0,1.3,-0.163147,0,-0.811906,-977.011
2,0,1.3,-0.163147,0,-0.808904,-972.797
2,0,1.3,-0.163147,0,-0.805903,-968.537
2,0,1.3,-0.163147,0,-0.802901,-964.229
2,0,1.3,-0.163147,0,-0.7999,-959.874
2,0,1.3,-0.163147,0,-0.796898,-955.473
2,0,1.3,-0.163147,0,-0.793897,-951.024
2,0,1.3,-0.163147,0,-0.790895,-946.529
2,0,1.3,-0.163147,0,-0.787894,-941.986
2,0,1.3,-0.163147,0,-0.784892,-937.395
2,0,1.3,-0.163147,0,-0.781891,-932.758
2,0,1.3,-0.163147,0,-0.778889,-928.074
2,0,1.3,-0.163147,0,-0.775888,-923.343
2,0,1.3,-0.163147,0,-0.772886,-918.564
2,0,1.3,-0.163147,0,-0.769885,-913.738
2,0,1.3,-0.163147,0,-0.766883,-908.864
2,0,1.3,-0.163147,0,-0.763882,-903.944
2,0,1.3,-0.163147,0,-0.76088,-898.976
2,0,1.3,-0.163147,0,-0.757879,-893.961
2,0,1.3,-0.163147,0,-0.754877,-888.898
2,0,1.3,-0.163147,0,-0.751876,-883.787
2,0,1.3,-0.163147,0,-0.748874,-878.63
2,0,1.3,-0.163147,0,-0.745873,-873.425
2,0,1.3,-0.163147,0,-0.742871,-868.172
2,0,1.3,-0.163147,0,-0.73987,-862.872
2,0,1.3,-0.163147,0,-0.736868,-857.524
2,0,1.3,-0.163147,0,-0.733867,-852.129
2,0,1.3,-0.163147,0,-0.730865,-846.687
2,0,1.3,-0.163147,0,-0.727864,-841.197
2,0,1.3,-0.163147,0,-0.724862,-835.659
2,0,1.3,-0.163147,0,-0.721861,-830.073
2,0,1.3,-0.163147,0,-0.718859,-824.441
2,0,1.3,-0.163147,0,-0.715858,-818.761
2,0,1.3,-0.163147,0,-0.712856,-813.033
2,0,1.3,-0.163147,0,-0.709855,-807.258
2,0,1.3,-0.163147,0,-0.706853,-801.435
2,0,1.3,-0.163147,0,-0.703852,-795.564
2,0,1.3,-0.163147,0,-0.70085,-789.647
2,0,1.3,-0.163147,0,-0.697849,-783.681
2,0,1.3,-0.163147,0,-0.694847,-777.669
2,0,1.3,-0.163147,0,-0.691846,-771.608
2,0,1.3,-0.163147,0,-0.688844,-765.5
2,0,1.3,-0.163147,0,-0.685843,-759.346
2,0,1.3,-0.163147,0,-0.682841,-753.143
2,0,1.3,-0.163147,0,-0.67984,-746.892
2,0,1.3,-0.163147,0,-0.676838,-740.595
2,0,1.3,-0.163147,0,-0.673837,-734.25
2,0,1.3,-0.163147,0,-0.670835,-727.858
2,0,1.3,-0.163147,0,-0.667834,-721.418
2,0,1.3,-0.163147,0,-0.664832,-714.932
2,0,1.3,-0.163147,0,-0.661831,-708.397
2,0,1.3,-0.163147,0,-0.658829,-701.816
2,0,1.3,-0.163147,0,-0.655828,-695.187
2,0,1.3,-0.163147,0,-0.652826,-688.512
2,0,1.3,-0.163147,0,-0.649825,-681.789
2,0,1.3,-0.163147,0,-0.646823,-675.019
2,0,1.3,-0.163147,0,-0.643822,-668.201
2,0,1.3,-0.163147,0,-0.64082,-661.337
2,0,1.3,-0.163147,0,-0.637819,-654.427
2,0,1.3,-0.163147,0,-0.634817,-647.469
2,0,1.3,-0.163147,0,-0.631816,-640.463
2,0,1.3,-0.163147,0,-0.628814,-633.411
2,0,1.3,-0.163147,0,-0.625813,-626.313
2,0,1.3,-0.163147,0,-0.622811,-619.168
2,0,1.3,-0.163147,0,-0.61981,-611.975
2,0,1.3,-0.163147,0,-0.616808,-604.737
2,0,1.3,-0.163147,0,-0.613807,-597.452
2,0,1.3,-0.163147,0,-0.610805,-590.12
2,0,1.3,-0.163147,0,-0.607804,-582.742
2,0,1.3,-0.163147,0,-0.604802,-575.317
2,0,1.3,-0.163147,0,-0.601801,-567.846
2,0,1.3,-0.163147,0,-0.598799,-560.329
2,0,1.3,-0.163147,0,-0.595798,-552.766
2,0,1.3,-0.163147,0,-0.592796,-545.156
2,0,1.3,-0.163147,0,-0.589795,-537.501
2,0,1.3,-0.163147,0,-0.586793,-529.799
2,0,1.3,-0.163147,0,-0.583792,-522.052
2,0,1.3,-0.163147,0,-0.58079,-514.258
2,0,1.3,-0.163147,0,-0.577789,-506.419
2,0,1.3,-0.163147,0,-0.574787,-498.535
2,0,1.3,-0.163147,0,-0.571786,-490.605
2,0,1.3,-0.163147,0,-0.568784,-482.629
2,0,1.3,-0.163147,0,-0.565783,-474.608
2,0,1.3,-0.163147,0,-0.562781,-466.541
2,0,1.3,-0.163147,0,-0.55978,-458.43
2,0,1.3,-0.163147,0,-0.556778,-450.273
2,0,1.3,-0.163147,0,-0.553777,-442.071
2,0,1.3,-0.163147,0,-0.550775,-433.825
2,0,1.3,-0.163147,0,-0.547774,-425.533
2,0,1.3,-0.163147,0,-0.544772,-417.197
2,0,1.3,-0.163147,0,-0.541771,-408.816
2,0,1.3,-0.163147,0,-0.538769,-400.39
2,0,1.3,-0.163147,0,-0.535768,-391.921
2,0,1.3,-0.163147,0,-0.532766,-383.406
2,0,1.3,-0.163147,0,-0.529765,-374.848
2,0,1.3,-0.163147,0,-0.526763,-366.246
2,0,1.3,-0.163147,0,-0.523762,-357.599
2,0,1.3,-0.163147,0,-0.52076,-348.909
2,0,1.3,-0.163147,0,-0.517759,-340.175
2,0,1.3,-0.163147,0,-0.514757,-331.398
2,0,1.3,-0.163147,0,-0.511756,-322.577
2,0,1.3,-0.163147,0,-0.508754,-313.713
2,0,1.3,-0.163147,0,-0.505753,-304.805
2,0,1.3,-0.163147,0,-0.502751,-295.854
2,0,1.3,-0.163147,0,-0.49975,-286.861
2,0,1.3,-0.163147,0,-0.496748,-277.825
2,0,1.3,-0.163147,0,-0.493747,-268.746
2,0,1.3,-0.163147,0,-0.490745,-259.624
2,0,1.3,-0.163147,0,-0.487744,-250.46
2,0,1.3,-0.163147,0,-0.484742,-241.254
2,0,1.3,-0.163147,0,-0.481741,-232.006
2,0,1.3,-0.163147,0,-0.478739,-222.715
2,0,1.3,-0.163147,0,-0.475738,-213.384
2,0,1.3,-0.163147,0,-0.472736,-204.01
2,0,1.3,-0.163147,0,-0.469735,-194.595
2,0,1.3,-0.163147,0,-0.466733,-185.139
2,0,1.3,-0.163147,0,-0.463732,-175.641
2,0,1.3,-0.163147,0,-0.46073,-166.103
2,0,1.3,-0.163147,0,-0.457729,-156.523
2,0,1.3,-0.163147,0,-0.454727,-146.903
2,0,1.3,-0.163147,0,-0.451726,-137.242
2,0,1.3,-0.163147,0,-0.448724,-127.542
2,0,1.3,-0.163147,0,-0.445723,-117.801
2,0,1.3,-0.163147,0,-0.442721,-108.02
2,0,1.3,-0.163147,0,-0.43972,-98.1988
2,0,1.3,-0.163147,0,-0.436718,-88.3382
2,0,1.3,-0.163147,0,-0.433717,-78.4384
2,0,1.3,-0.163147,0,-0.430715,-68.4996
2,0,1.3,-0.163147,0,-0.427714,-58.5215
2,0,1.3,-0.163147,0,-0.424712,-48.5044
2,0,1.3,-0.163147,0,-0.421711,-38.4487
2,0,1.3,-0.163147,0,-0.418709,-28.3548
2,0,1.3,-0.163147,0,-0.415708,-18.2221
2,0,1.3,-0.163147,0,-0.412706,-8.05166
2,0,1.3,-0.163147,0,-0.409705,2.1564
2,0,1.3,-0.163147,0,-0.406703,12.4024
2,0,1.3,-0.163147,0,-0.403702,22.6854
2,0,1.3,-0.163147,0,-0.4007,33.0061
2,0,1.3,-0.163147,0,-0.397699,43.3643
2,0,1.3,-0.163147,0,-0.394697,53.7585
2,0,1.3,-0.163147,0,-0.391696,64.1895
2,0,1.3,-0.163147,0,-0.388694,74.6569
2,0,1.3,-0.163147,0,-0.385693,85.1607
2,0,1.3,-0.163147,0,-0.382691,95.7007
2,0,1.3,-0.163147,0,-0.37969,106.275
2,0,1.3,-0.163147,0,-0.376688,116.886
2,0,1.3,-0.163147,0,-0.373687,127.532
2,0,1.3,-0.163147,0,-0.370685,138.214
2,0,1.3,-0.163147,0,-0.367684,148.929
2,0,1.3,-0.163147,0,-0.364682,159.679
2,0,1.3,-0.163147,0,-0.361681,170.464
2,0,1.3,-0.163147,0,-0.358679,181.282
2,0,1.3,-0.163147,0,-0.355678,192.134
2,0,1.3,-0.163147,0,-0.352676,203.02
2,0,1.3,-0.163147,0,-0.349675,213.94
2,0,1.3,-0.163147,0,-0.346673,224.891
2,0,1.3,-0.163147,0,-0.343672,235.877
2,0,1.3,-0.163147,0,-0.34067,246.894
2,0,1.3,-0.163147,0,-0.337669,257.944
2,0,1.3,-0.163147,0,-0.334667,269.025
2,0,1.3,-0.163147,0,-0.331666,280.139
2,0,1.3,-0.163147,0,-0.328664,291.283
2,0,1.3,-0.163147,0,-0.325663,302.459
2,0,1.3,-0.163147,0,-0.322661,313.666
2,0,1.3,-0.163147,0,-0.31966,324.903
2,0,1.3,-0.163147,0,-0.316658,336.171
2,0,1.3,-0.163147,0,-0.313657,347.469
2,0,1.3,-0.163147,0,-0.310655,358.797
2,0,1.3,-0.163147,0,-0.307654,370.154
2,0,1.3,-0.163147,0,-0.304652,381.54
2,0,1.3,-0.163147,0,-0.301651,392.955
2,0,1.3,-0.163147,0,-0.298649,404.398
2,0,1.3,-0.163147,0,-0.295648,415.87
2,0,1.3,-0.163147,0,-0.292646,427.37
2,0,1.3,-0.163147,0,-0.289645,438.898
2,0,1.3,-0.163147,0,-0.286643,450.452
2,0,1.3,-0.163147,0,-0.283642,462.035
2,0,1.3,-0.163147,0,-0.28064,473.644
2,0,1.3,-0.163147,0,-0.277639,485.279
2,0,1.3,-0.163147,0,-0.274637,496.94
2,0,1.3,-0.163147,0,-0.271636,508.627
2,0,1.3,-0.163147,0,-0.268634,520.34
2,0,1.3,-0.163147,0,-0.265633,532.077
2,0,1.3,-0.163147,0,-0.262631,543.84
2,0,1.3,-0.163147,0,-0.25963,555.626
2,0,1.3,-0.163147,0,-0.256628,567.437
2,0,1.3,-0.163147,0,-0.253627,579.272
2,0,1.3,-0.163147,0,-0.250625,591.13
2,0,1.3,-0.163147,0,-0.247624,603.012
2,0,1.3,-0.163147,0,-0.244622,614.916
2,0,1.3,-0.163147,0,-0.241621,626.843
2,0,1.3,-0.163147,0,-0.238619,638.791
2,0,1.3,-0.163147,0,-0.235618,650.761
2,0,1.3,-0.163147,0,-0.232616,662.752
2,0,1.3,-0.163147,0,-0.229615,674.765
2,0,1.3,-0.163147,0,-0.226613,686.798
2,0,1.3,-0.163147,0,-0.223612,698.851
2,0,1.3,-0.163147,0,-0.22061,710.925
2,0,1.3,-0.163147,0,-0.217609,723.017
2,0,1.3,-0.163147,0,-0.214607,735.129
2,0,1.3,-0.163147,0,-0.211606,747.26
2,0,1.3,-0.163147,0,-0.208604,759.409
2,0,1.3,-0.163147,0,-0.205603,771.576
2,0,1.3,-0.163147,0,-0.202601,783.76
2,0,1.3,-0.163147,0,-0.1996,795.962
2,0,1.3,-0.163147,0,-0.196598,808.181
2,0,1.3,-0.163147,0,-0.193597,820.415
2,0,1.3,-0.163147,0,-0.190595,832.667
2,0,1.3,-0.163147,0,-0.187594,844.934
2,0,1.3,-0.163147,0,-0.184592,857.216
2,0,1.3,-0.163147,0,-0.181591,869.513
2,0,1.3,-0.163147,0,-0.178589,881.824
2,0,1.3,-0.163147,0,-0.175588,894.149
2,0,1.3,-0.163147,0,-0.172586,906.487
2,0,1.3,-0.163147,0,-0.169585,918.84
2,0,1.3,-0.163147,0,-0.166583,931.205
2,0,1.3,-0.163147,0,-0.163582,943.581
2,0,1.3,-0.163147,0,-0.16058,955.97
2,0,1.3,-0.163147,0,-0.157579,968.371
2,0,1.3,-0.163147,0,-0.154577,980.782
2,0,1.3,-0.163147,0,-0.151576,993.203
2,0,1.3,-0.163147,0,-0.148574,1005.64
2,0,1.3,-0.163147,0,-0.145573,1018.08
2,0,1.3,-0.163147,0,-0.142571,1030.53
2,0,1.3,-0.163147,0,-0.13957,1042.99
2,0,1.3,-0.163147,0,-0.136568,1055.46
2,0,1.3,-0.163147,0,-0.133567,1067.93
2,0,1.3,-0.163147,0,-0.130565,1080.42
2,0,1.3,-0.163147,0,-0.127564,1092.91
2,0,1.3,-0.163147,0,-0.124562,1105.41
2,0,1.3,-0.163147,0,-0.121561,1117.91
2,0,1.3,-0.163147,0,-0.118559,1130.42
2,0,1.3,-0.163147,0,-0.115558,1142.93
2,0,1.3,-0.163147,0,-0.112556,1155.45
2,0,1.3,-0.163147,0,-0.109555,1167.98
2,0,1.3,-0.163147,0,-0.106553,1180.5
2,0,1.3,-0.163147,0,-0.103552,1193.03
2,0,1.3,-0.163147,0,-0.10055,1205.57
2,0,1.3,-0.163147,0,-0.0975488,1218.1
2,0,1.3,-0.163147,0,-0.0945473,1230.64
2,0,1.3,-0.163147,0,-0.0915458,1243.18
2,0,1.3,-0.163147,0,-0.0885443,1255.72
2,0,1.3,-0.163147,0,-0.0855428,1268.26
2,0,1.3,-0.163147,0,-0.0825413,1280.79
2,0,1.3,-0.163147,0,-0.0795398,1293.33
2,0,1.3,-0.163147,0,-0.0765383,1305.87
2,0,1.3,-0.163147,0,-0.0735368,1318.41
2,0,1.3,-0.163147,0,-0.0705353,1330.94
2,0,1.3,-0.163147,0,-0.0675338,1343.47
2,0,1.3,-0.163147,0,-0.0645323,1356
2,0,1.3,-0.163147,0,-0.0615308,1368.52
2,0,1.3,-0.163147,0,-0.0585293,1381.04
2,0,1.3,-0.163147,0,-0.0555278,1393.55
2,0,1.3,-0.163147,0,-0.0525263,1406.06
2,0,1.3,-0.163147,0,-0.0495248,1418.57
2,0,1.3,-0.163147,0,-0.0465233,1431.06
2,0,1.3,-0.163147,0,-0.0435218,1443.55
2,0,1.3,-0.163147,0,-0.0405203,1456.04
2,0,1.3,-0.163147,0,-0.0375188,1468.51
2,0,1.3,-0.163147,0,-0.0345173,1480.98
2,0,1.3,-0.163147,0,-0.0315158,1493.43
2,0,1.3,-0.163147,0,-0.0285143,1505.88
2,0,1.3,-0.163147,0,-0.0255128,1518.31
2,0,1.3,-0.163147,0,-0.0225113,1530.74
2,0,1.3,-0.163147,0,-0.0195098,1543.15
2,0,1.3,-0.163147,0,-0.0165083,1555.56
2,0,1.3,-0.163147,0,-0.0135068,1567.95
2,0,1.3,-0.163147,0,-0.0105053,1580.32
2,0,1.3,-0.163147,0,-0.00750375,1592.69
2,0,1.3,-0.163147,0,-0.00450225,1605.03
2,0,1.3,-0.163147,0,-0.00150075,1617.37
2,0,1.3,-0.163147,0,0.00150075,1629.69
2,0,1.3,-0.163147,0,0.00450225,1641.99
2,0,1.3,-0.163147,0,0.00750375,1654.27
2,0,1.3,-0.163147,0,0.0105053,1666.54
2,0,1.3,-0.163147,0,0.0135068,1678.79
2,0,1.3,-0.163147,0,0.0165083,1691.03
2,0,1.3,-0.163147,0,0.0195098,1703.24
2,0,1.3,-0.163147,0,0.0225113,1715.43
2,0,1.3,-0.163147,0,0.0255128,1727.61
2,0,1.3,-0.163147,0,0.0285143,1739.76
2,0,1.3,-0.163147,0,0.0315158,1751.89
2,0,1.3,-0.163147,0,0.0345173,1764
2,0,1.3,-0.163147,0,0.0375188,1776.09
2,0,1.3,-0.163147,0,0.0405203,1788.15
2,0,1.3,-0.163147,0,0.0435218,1800.19
2,0,1.3,-0.163147,0,0.0465233,1812.21
2,0,1.3,-0.163147,0,0.0495248,1824.2
2,0,1.3,-0.163147,0,0.0525263,1836.16
2,0,1.3,-0.163147,0,0.0555278,1848.1
2,0,1.3,-0.163147,0,0.0585293,1860.01
2,0,1.3,-0.163147,0,0.0615308,1871.89
2,0,1.3,-0.163147,0,0.0645323,1883.75
2,0,1.3,-0.163147,0,0.0675338,1895.57
2,0,1.3,-0.163147,0,0.0705353,1907.37
2,0,1.3,-0.163147,0,0.0735368,1919.13
2,0,1.3,-0.163147,0,0.0765383,1930.87
2,0,1.3,-0.163147,0,0.0795398,1942.57
2,0,1.3,-0.163147,0,0.0825413,1954.24
2,0,1.3,-0.163147,0,0.0855428,1965.88
2,0,1.3,-0.163147,0,0.0885443,1977.49
2,0,1.3,-0.163147,0,0.0915458,1989.06
2,0,1.3,-0.163147,0,0.0945473,2000.59
2,0,1.3,-0.163147,0,0.0975488,2012.09
2,0,1.3,-0.163147,0,0.10055,2023.56
2,0,1.3,-0.163147,0,0.103552,2034.99
2,0,1.3,-0.163147,0,0.106553,2046.37
2,0,1.3,-0.163147,0,0.109555,2057.73
2,0,1.3,-0.163147,0,0.112556,2069.04
2,0,1.3,-0.163147,0,0.115558,2080.31
2,0,1.3,-0.163147,0,0.118559,2091.54
2,0,1.3,-0.163147,0,0.121561,2102.73
2,0,1.3,-0.163147,0,0.124562,2113.89
2,0,1.3,-0.163147,0,0.127564,2124.99
2,0,1.3,-0.163147,0,0.130565,2136.06
2,0,1.3,-0.163147,0,0.133567,2147.08
2,0,1.3,-0.163147,0,0.136568,2158.05
2,0,1.3,-0.163147,0,0.13957,2168.98
2,0,1.3,-0.163147,0,0.142571,2179.87
2,0,1.3,-0.163147,0,0.145573,2190.71
2,0,1.3,-0.163147,0,0.148574,2201.5
2,0,1.3,-0.163147,0,0.151576,2212.24
2,0,1.3,-0.163147,0,0.154577,2222.93
2,0,1.3,-0.163147,0,0.157579,2233.58
2,0,1.3,-0.163147,0,0.16058,2244.17
2,0,1.3,-0.163147,0,0.163582,2254.71
2,0,1.3,-0.163147,0,0.166583,2265.2
2,0,1.3,-0.163147,0,0.169585,2275.64
2,0,1.3,-0.163147,0,0.172586,2286.03
2,0,1.3,-0.163147,0,0.175588,2296.36
2,0,1.3,-0.163147,0,0.178589,2306.64
2,0,1.3,-0.163147,0,0.181591,2316.86
2,0,1.3,-0.163147,0,0.184592,2327.03
2,0,1.3,-0.163147,0,0.187594,2337.14
2,0,1.3,-0.163147,0,0.190595,2347.19
2,0,1.3,-0.163147,0,0.193597,2357.18
2,0,1.3,-0.163147,0,0.196598,2367.11
2,0,1.3,-0.163147,0,0.1996,2376.99
2,0,1.3,-0.163147,0,0.202601,2386.8
2,0,1.3,-0.163147,0,0.205603,2396.55
2,0,1.3,-0.163147,0,0.208604,2406.24
2,0,1.3,-0.163147,0,0.211606,2415.87
2,0,1.3,-0.163147,0,0.214607,2425.43
2,0,1.3,-0.163147,0,0.217609,2434.93
2,0,1.3,-0.163147,0,0.22061,2444.36
2,0,1.3,-0.163147,0,0.223612,2453.73
2,0,1.3,-0.163147,0,0.226613,2463.03
2,0,1.3,-0.163147,0,0.229615,2472.26
2,0,1.3,-0.163147,0,0.232616,2481.43
2,0,1.3,-0.163147,0,0.235618,2490.52
2,0,1.3,-0.163147,0,0.238619,2499.55
2,0,1.3,-0.163147,0,0.241621,2508.5
2,0,1.3,-0.163147,0,0.244622,2517.38
2,0,1.3,-0.163147,0,0.247624,2526.19
2,0,1.3,-0.163147,0,0.250625,2534.93
2,0,1.3,-0.163147,0,0.253627,2543.6
2,0,1.3,-0.163147,0,0.256628,2552.19
2,0,1.3,-0.163147,0,0.25963,2560.7
2,0,1.3,-0.163147,0,0.262631,2569.14
2,0,1.3,-0.163147,0,0.265633,2577.5
2,0,1.3,-0.163147,0,0.268634,2585.78
2,0,1.3,-0.163147,0,0.271636,2593.99
2,0,1.3,-0.163147,0,0.274637,2602.11
2,0,1.3,-0.163147,0,0.277639,2610.15
2,0,1.3,-0.163147,0,0.28064,2618.11
2,0,1.3,-0.163147,0,0.283642,2626
2,0,1.3,-0.163147,0,0.286643,2633.8
2,0,1.3,-0.163147,0,0.289645,2641.51
2,0,1.3,-0.163147,0,0.292646,2649.15
2,0,1.3,-0.163147,0,0.295648,2656.69
2,0,1.3,-0.163147,0,0.298649,2664.15
2,0,1.3,-0.163147,0,0.301651,2671.52
2,0,1.3,-0.163147,0,0.304652,2678.81
2,0,1.3,-0.163147,0,0.307654,2686
2,0,1.3,-0.163147,0,0.310655,2693.11
2,0,1.3,-0.163147,0,0.313657,2700.13
2,0,1.3,-0.163147,0,0.316658,2707.06
2,0,1.3,-0.163147,0,0.31966,2713.89
2,0,1.3,-0.163147,0,0.322661,2720.63
2,0,1.3,-0.163147,0,0.325663,2727.28
2,0,1.3,-0.163147,0,0.328664,2733.84
2,0,1.3,-0.163147,0,0.331666,2740.3
2,0,1.3,-0.163147,0,0.334667,2746.66
2,0,1.3,-0.163147,0,0.337669,2752.93
2,0,1.3,-0.163147,0,0.34067,2759.1
2,0,1.3,-0.163147,0,0.343672,2765.17
2,0,1.3,-0.163147,0,0.346673,2771.14
2,0,1.3,-0.163147,0,0.349675,2777.01
2,0,1.3,-0.163147,0,0.352676,2782.79
2,0,1.3,-0.163147,0,0.355678,2788.46
2,0,1.3,-0.163147,0,0.358679,2794.02
2,0,1.3,-0.163147,0,0.361681,2799.49
2,0,1.3,-0.163147,0,0.364682,2804.84
2,0,1.3,-0.163147,0,0.367684,2810.1
2,0,1.3,-0.163147,0,0.370685,2815.24
2,0,1.3,-0.163147,0,0.373687,2820.29
2,0,1.3,-0.163147,0,0.376688,2825.22
2,0,1.3,-0.163147,0,0.37969,2830.04
2,0,1.3,-0.163147,0,0.382691,2834.76
2,0,1.3,-0.163147,0,0.385693,2839.36
2,0,1.3,-0.163147,0,0.388694,2843.86
2,0,1.3,-0.163147,0,0.391696,2848.24
2,0,1.3,-0.163147,0,0.394697,2852.51
2,0,1.3,-0.163147,0,0.397699,2856.67
2,0,1.3,-0.163147,0,0.4007,2860.71
2,0,1.3,-0.163147,0,0.403702,2864.63
2,0,1.3,-0.163147,0,0.406703,2868.44
2,0,1.3,-0.163147,0,0.409705,2872.13
2,0,1.3,-0.163147,0,0.412706,2875.71
2,0,1.3,-0.163147,0,0.415708,2879.16
2,0,1.3,-0.163147,0,0.418709,2882.5
2,0,1.3,-0.163147,0,0.421711,2885.71
2,0,1.3,-0.163147,0,0.424712,2888.81
2,0,1.3,-0.163147,0,0.427714,2891.78
2,0,1.3,-0.163147,0,0.430715,2894.63
2,0,1.3,-0.163147,0,0.433717,2897.36
2,0,1.3,-0.163147,0,0.436718,2899.96
2,0,1.3,-0.163147,0,0.43972,2902.43
2,0,1.3,-0.163147,0,0.442721,2904.78
2,0,1.3,-0.163147,0,0.445723,2907
2,0,1.3,-0.163147,0,0.448724,2909.09
2,0,1.3,-0.163147,0,0.451726,2911.05
2,0,1.3,-0.163147,0,0.454727,2912.89
2,0,1.3,-0.163147,0,0.457729,2914.59
2,0,1.3,-0.163147,0,0.46073,2916.16
2,0,1.3,-0.163147,0,0.463732,2917.6
2,0,1.3,-0.163147,0,0.466733,2918.91
2,0,1.3,-0.163147,0,0.469735,2920.08
2,0,1.3,-0.163147,0,0.472736,2921.11
2,0,1.3,-0.163147,0,0.475738,2922.01
2,0,1.3,-0.163147,0,0.478739,2922.77
2,0,1.3,-0.163147,0,0.481741,2923.4
2,0,1.3,-0.163147,0,0.484742,2923.89
2,0,1.3,-0.163147,0,0.487744,2924.24
2,0,1.3,-0.163147,0,0.490745,2924.45
2,0,1.3,-0.163147,0,0.493747,2924.51
2,0,1.3,-0.163147,0,0.496748,2924.44
2,0,1.3,-0.163147,0,0.49975,2924.22
2,0,1.3,-0.163147,0,0.502751,2923.86
2,0,1.3,-0.163147,0,0.505753,2923.35
2,0,1.3,-0.163147,0,0.508754,2922.7
2,0,1.3,-0.163147,0,0.511756,2921.9
2,0,1.3,-0.163147,0,0.514757,2920.96
2,0,1.3,-0.163147,0,0.517759,2919.87
2,0,1.3,-0.163147,0,0.52076,2918.63
2,0,1.3,-0.163147,0,0.523762,2917.24
2,0,1.3,-0.163147,0,0.526763,2915.7
2,0,1.3,-0.163147,0,0.529765,2914.01
2,0,1.3,-0.163147,0,0.532766,2912.16
2,0,1.3,-0.163147,0,0.535768,2910.17
2,0,1.3,-0.163147,0,0.538769,2908.02
2,0,1.3,-0.163147,0,0.541771,2905.71
2,0,1.3,-0.163147,0,0.544772,2903.25
2,0,1.3,-0.163147,0,0.547774,2900.64
2,0,1.3,-0.163147,0,0.550775,2897.87
2,0,1.3,-0.163147,0,0.553777,2894.94
2,0,1.3,-0.163147,0,0.556778,2891.85
2,0,1.3,-0.163147,0,0.55978,2888.6
2,0,1.3,-0.163147,0,0.562781,2885.19
2,0,1.3,-0.163147,0,0.565783,2881.62
2,0,1.3,-0.163147,0,0.568784,2877.89
2,0,1.3,-0.163147,0,0.571786,2874
2,0,1.3,-0.163147,0,0.574787,2869.94
2,0,1.3,-0.163147,0,0.577789,2865.72
2,0,1.3,-0.163147,0,0.58079,2861.34
2,0,1.3,-0.163147,0,0.583792,2856.78
2,0,1.3,-0.163147,0,0.586793,2852.07
2,0,1.3,-0.163147,0,0.589795,2847.18
2,0,1.3,-0.163147,0,0.592796,2842.13
2,0,1.3,-0.163147,0,0.595798,2836.9
2,0,1.3,-0.163147,0,0.598799,2831.51
2,0,1.3,-0.163147,0,0.601801,2825.95
2,0,1.3,-0.163147,0,0.604802,2820.21
2,0,1.3,-0.163147,0,0.607804,2814.3
2,0,1.3,-0.163147,0,0.610805,2808.22
2,0,1.3,-0.163147,0,0.613807,2801.97
2,0,1.3,-0.163147,0,0.616808,2795.55
2,0,1.3,-0.163147,0,0.61981,2788.94
2,0,1.3,-0.163147,0,0.622811,2782.16
2,0,1.3,-0.163147,0,0.625813,2775.21
2,0,1.3,-0.163147,0,0.628814,2768.07
2,0,1.3,-0.163147,0,0.631816,2760.76
2,0,1.3,-0.163147,0,0.634817,2753.27
2,0,1.3,-0.163147,0,0.637819,2745.6
2,0,1.3,-0.163147,0,0.64082,2737.75
2,0,1.3,-0.163147,0,0.643822,2729.72
2,0,1.3,-0.163147,0,0.646823,2721.51
2,0,1.3,-0.163147,0,0.649825,2713.11
2,0,1.3,-0.163147,0,0.652826,2704.53
2,0,1.3,-0.163147,0,0.655828,2695.77
2,0,1.3,-0.163147,0,0.658829,2686.82
2,0,1.3,-0.163147,0,0.661831,2677.69
2,0,1.3,-0.163147,0,0.664832,2668.37
2,0,1.3,-0.163147,0,0.667834,2658.86
2,0,1.3,-0.163147,0,0.670835,2649.17
2,0,1.3,-0.163147,0,0.673837,2639.29
2,0,1.3,-0.163147,0,0.676838,2629.21
2,0,1.3,-0.163147,0,0.67984,2618.95
2,0,1.3,-0.163147,0,0.682841,2608.5
2,0,1.3,-0.163147,0,0.685843,2597.86
2,0,1.3,-0.163147,0,0.688844,2587.03
2,0,1.3,-0.163147,0,0.691846,2576
2,0,1.3,-0.163147,0,0.694847,2564.79
2,0,1.3,-0.163147,0,0.697849,2553.37
2,0,1.3,-0.163147,0,0.70085,2541.77
2,0,1.3,-0.163147,0,0.703852,2529.97
2,0,1.3,-0.163147,0,0.706853,2517.97
2,0,1.3,-0.163147,0,0.709855,2505.78
2,0,1.3,-0.163147,0,0.712856,2493.39
2,0,1.3,-0.163147,0,0.715858,2480.8
2,0,1.3,-0.163147,0,0.718859,2468.02
2,0,1.3,-0.163147,0,0.721861,2455.04
2,0,1.3,-0.163147,0,0.724862,2441.86
2,0,1.3,-0.163147,0,0.727864,2428.48
2,0,1.3,-0.163147,0,0.730865,2414.89
2,0,1.3,-0.163147,0,0.733867,2401.11
2,0,1.3,-0.163147,0,0.736868,2387.13
2,0,1.3,-0.163147,0,0.73987,2372.94
2,0,1.3,-0.163147,0,0.742871,2358.56
2,0,1.3,-0.163147,0,0.745873,2343.96
2,0,1.3,-0.163147,0,0.748874,2329.17
2,0,1.3,-0.163147,0,0.751876,2314.17
2,0,1.3,-0.163147,0,0.754877,2298.97
2,0,1.3,-0.163147,0,0.757879,2283.56
2,0,1.3,-0.163147,0,0.76088,2267.94
2,0,1.3,-0.163147,0,0.763882,2252.12
2,0,1.3,-0.163147,0,0.766883,2236.09
2,0,1.3,-0.163147,0,0.769885,2219.86
2,0,1.3,-0.163147,0,0.772886,2203.42
2,0,1.3,-0.163147,0,0.775888,2186.77
2,0,1.3,-0.163147,0,0.778889,2169.91
2,0,1.3,-0.163147,0,0.781891,2152.84
2,0,1.3,-0.163147,0,0.784892,2135.56
2,0,1.3,-0.163147,0,0.787894,2118.08
2,0,1.3,-0.163147,0,0.790895,2100.38
2,0,1.3,-0.163147,0,0.793897,2082.47
2,0,1.3,-0.163147,0,0.796898,2064.36
2,0,1.3,-0.163147,0,0.7999,2046.02
2,0,1.3,-0.163147,0,0.802901,2027.48
2,0,1.3,-0.163147,0,0.805903,2008.73
2,0,1.3,-0.163147,0,0.808904,1989.76
2,0,1.3,-0.163147,0,0.811906,1970.58
2,0,1.3,-0.163147,0,0.814907,1951.19
2,0,1.3,-0.163147,0,0.817909,1931.58
2,0,1.3,-0.163147,0,0.82091,1911.76
2,0,1.3,-0.163147,0,0.823912,1891.72
2,0,1.3,-0.163147,0,0.826913,1871.47
2,0,1.3,-0.163147,0,0.829915,1851
2,0,1.3,-0.163147,0,0.832916,1830.32
2,0,1.3,-0.163147,0,0.835918,1809.43
2,0,1.3,-0.163147,0,0.838919,1788.31
2,0,1.3,-0.163147,0,0.841921,1766.99
2,0,1.3,-0.163147,0,0.844922,1745.44
2,0,1.3,-0.163147,0,0.847924,1723.68
2,0,1.3,-0.163147,0,0.850925,1701.7
2,0,1.3,-0.163147,0,0.853927,1679.5
2,0,1.3,-0.163147,0,0.856928,1657.09
2,0,1.3,-0.163147,0,0.85993,1634.46
2,0,1.3,-0.163147,0,0.862931,1611.61
2,0,1.3,-0.163147,0,0.865933,1588.55
2,0,1.3,-0.163147,0,0.868934,1565.26
2,0,1.3,-0.163147,0,0.871936,1541.76
2,0,1.3,-0.163147,0,0.874937,1518.04
2,0,1.3,-0.163147,0,0.877939,1494.1
2,0,1.3,-0.163147,0,0.88094,1469.95
2,0,1.3,-0.163147,0,0.883942,1445.57
2,0,1.3,-0.163147,0,0.886943,1420.97
2,0,1.3,-0.163147,0,0.889945,1396.16
2,0,1.3,-0.163147,0,0.892946,1371.13
2,0,1.3,-0.163147,0,0.895948,1345.88
2,0,1.3,-0.163147,0,0.898949,1320.41
2,0,1.3,-0.163147,0,0.901951,1294.72
2,0,1.3,-0.163147,0,0.904952,1268.81
2,0,1.3,-0.163147,0,0.907954,1242.68
2,0,1.3,-0.163147,0,0.910955,1216.34
2,0,1.3,-0.163147,0,0.913957,1189.77
2,0,1.3,-0.163147,0,0.916958,1162.99
2,0,1.3,-0.163147,0,0.91996,1135.99
2,0,1.3,-0.163147,0,0.922961,1108.76
2,0,1.3,-0.163147,0,0.925963,1081.33
2,0,1.3,-0.163147,0,0.928964,1053.67
2,0,1.3,-0.163147,0,0.931966,1025.79
2,0,1.3,-0.163147,0,0.934967,997.694
2,0,1.3,-0.163147,0,0.937969,969.381
2,0,1.3,-0.163147,0,0.94097,940.851
2,0,1.3,-0.163147,0,0.943972,912.101
2,0,1.3,-0.163147,0,0.946973,883.135
2,0,1.3,-0.163147,0,0.949975,853.951
2,0,1.3,-0.163147,0,0.952976,824.55
2,0,1.3,-0.163147,0,0.955978,794.932
2,0,1.3,-0.163147,0,0.958979,765.098
2,0,1.3,-0.163147,0,0.961981,735.047
2,0,1.3,-0.163147,0,0.964982,704.78
2,0,1.3,-0.163147,0,0.967984,674.298
2,0,1.3,-0.163147,0,0.970985,643.6
2,0,1.3,-0.163147,0,0.973987,612.686
2,0,1.3,-0.163147,0,0.976988,581.559
2,0,1.3,-0.163147,0,0.97999,550.217
2,0,1.3,-0.163147,0,0.982991,518.66
2,0,1.3,-0.163147,0,0.985993,486.891
2,0,1.3,-0.163147,0,0.988994,454.909
2,0,1.3,-0.163147,0,0.991996,422.713
2,0,1.3,-0.163147,0,0.994997,390.306
2,0,1.3,-0.163147,0,0.997999,357.687
2,0,1.3,-0.163147,0,1.001,324.857
2,0,1.3,-0.163147,0,1.004,291.816
2,0,1.3,-0.163147,0,1.007,258.565
2,0,1.3,-0.163147,0,1.01001,225.104
2,0,1.3,-0.163147,0,1.01301,191.435
2,0,1.3,-0.163147,0,1.01601,157.557
2,0,1.3,-0.163147,0,1.01901,123.471
2,0,1.3,-0.163147,0,1.02201,89.1793
2,0,1.3,-0.163147,0,1.02501,54.6805
2,0,1.3,-0.163147,0,1.02801,19.9758
2,0,1.3,-0.163147,0,1.03102,-14.9344
2,0,1.3,-0.163147,0,1.03402,-50.0477
2,0,1.3,-0.163147,0,1.03702,-85.3641
2,0,1.3,-0.163147,0,1.04002,-120.885
2,0,1.3,-0.163147,0,1.04302,-156.607
2,0,1.3,-0.163147,0,1.04602,-192.53
2,0,1.3,-0.163147,0,1.04902,-228.654
2,0,1.3,-0.163147,0,1.05203,-264.977
2,0,1.3,-0.163147,0,1.05503,-301.498
2,0,1.3,-0.163147,0,1.05803,-338.217
2,0,1.3,-0.163147,0,1.06103,-375.134
2,0,1.3,-0.163147,0,1.06403,-412.246
2,0,1.3,-0.163147,0,1.06703,-449.552
2,0,1.3,-0.163147,0,1.07004,-487.053
2,0,1.3,-0.163147,0,1.07304,-524.746
2,0,1.3,-0.163147,0,1.07604,-562.63
2,0,1.3,-0.163147,0,1.07904,-600.708
2,0,1.3,-0.163147,0,1.08204,-638.973
2,0,1.3,-0.163147,0,1.08504,-677.427
2,0,1.3,-0.163147,0,1.08804,-716.068
2,0,1.3,-0.163147,0,1.09105,-754.895
2,0,1.3,-0.163147,0,1.09405,-793.908
2,0,1.3,-0.163147,0,1.09705,-833.105
2,0,1.3,-0.163147,0,1.10005,-872.484
2,0,1.3,-0.163147,0,1.10305,-912.044
2,0,1.3,-0.163147,0,1.10605,-951.784
2,0,1.3,-0.163147,0,1.10905,-991.703
2,0,1.3,-0.163147,0,1.11206,-1031.8
2,0,1.3,-0.163147,0,1.11506,-1072.07
2,0,1.3,-0.163147,0,1.11806,-1112.52
2,0,1.3,-0.163147,0,1.12106,-1153.14
2,0,1.3,-0.163147,0,1.12406,-1193.93
2,0,1.3,-0.163147,0,1.12706,-1234.89
2,0,1.3,-0.163147,0,1.13007,-1276.02
2,0,1.3,-0.163147,0,1.13307,-1317.32
2,0,1.3,-0.163147,0,1.13607,-1358.79
2,0,1.3,-0.163147,0,1.13907,-1400.41
2,0,1.3,-0.163147,0,1.14207,-1442.2
2,0,1.3,-0.163147,0,1.14507,-1484.16
2,0,1.3,-0.163147,0,1.14807,-1526.27
2,0,1.3,-0.163147,0,1.15108,-1568.53
2,0,1.3,-0.163147,0,1.15408,-1610.96
2,0,1.3,-0.163147,0,1.15708,-1653.53
2,0,1.3,-0.163147,0,1.16008,-1696.26
2,0,1.3,-0.163147,0,1.16308,-1739.14
2,0,1.3,-0.163147,0,1.16608,-1782.17
2,0,1.3,-0.163147,0,1.16908,-1825.34
2,0,1.3,-0.163147,0,1.17209,-1868.66
2,0,1.3,-0.163147,0,1.17509,-1912.13
2,0,1.3,-0.163147,0,1.17809,-1955.73
2,0,1.3,-0.163147,0,1.18109,-1999.47
2,0,1.3,-0.163147,0,1.18409,-2043.35
2,0,1.3,-0.163147,0,1.18709,-2087.36
2,0,1.3,-0.163147,0,1.1901,-2131.51
2,0,1.3,-0.163147,0,1.1931,-2175.78
2,0,1.3,-0.163147,0,1.1961,-2220.18
2,0,1.3,-0.163147,0,1.1991,-2264.71
2,0,1.3,-0.163147,0,1.2021,-2309.37
2,0,1.3,-0.163147,0,1.2051,-2354.14
2,0,1.3,-0.163147,0,1.2081,-2399.03
2,0,1.3,-0.163147,0,1.21111,-2444.04
2,0,1.3,-0.163147,0,1.21411,-2489.17
2,0,1.3,-0.163147,0,1.21711,-2534.4
2,0,1.3,-0.163147,0,1.22011,-2579.75
2,0,1.3,-0.163147,0,1.22311,-2625.2
2,0,1.3,-0.163147,0,1.22611,-2670.75
2,0,1.3,-0.163147,0,1.22911,-2716.42
2,0,1.3,-0.163147,0,1.23212,-2762.17
2,0,1.3,-0.163147,0,1.23512,-2808.02
2,0,1.3,-0.163147,0,1.23812,-2853.97
2,0,1.3,-0.163147,0,1.24112,-2900.01
2,0,1.3,-0.163147,0,1.24412,-2946.14
2,0,1.3,-0.163147,0,1.24712,-2992.35
2,0,1.3,-0.163147,0,1.25013,-3038.65
2,0,1.3,-0.163147,0,1.25313,-3085.02
2,0,1.3,-0.163147,0,1.25613,-3131.48
2,0,1.3,-0.163147,0,1.25913,-3178
2,0,1.3,-0.163147,0,1.26213,-3224.6
2,0,1.3,-0.163147,0,1.26513,-3271.27
2,0,1.3,-0.163147,0,1.26813,-3318
2,0,1.3,-0.163147,0,1.27114,-3364.79
2,0,1.3,-0.163147,0,1.27414,-3411.64
2,0,1.3,-0.163147,0,1.27714,-3458.55
2,0,1.3,-0.163147,0,1.28014,-3505.51
2,0,1.3,-0.163147,0,1.28314,-3552.52
2,0,1.3,-0.163147,0,1.28614,-3599.57
2,0,1.3,-0.163147,0,1.28914,-3646.67
2,0,1.3,-0.163147,0,1.29215,-3693.8
2,0,1.3,-0.163147,0,1.29515,-3740.97
2,0,1.3,-0.163147,0,1.29815,-3788.18
2,0,1.3,-0.163147,0,1.30115,-3835.41
2,0,1.3,-0.163147,0,1.30415,-3882.66
2,0,1.3,-0.163147,0,1.30715,-3929.94
2,0,1.3,-0.163147,0,1.31016,-3977.23
2,0,1.3,-0.163147,0,1.31316,-4024.54
2,0,1.3,-0.163147,0,1.31616,-4071.86
2,0,1.3,-0.163147,0,1.31916,-4119.19
2,0,1.3,-0.163147,0,1.32216,-4166.51
2,0,1.3,-0.163147,0,1.32516,-4213.84
2,0,1.3,-0.163147,0,1.32816,-4261.16
2,0,1.3,-0.163147,0,1.33117,-4308.47
2,0,1.3,-0.163147,0,1.33417,-4355.77
2,0,1.3,-0.163147,0,1.33717,-4403.06
2,0,1.3,-0.163147,0,1.34017,-4450.31
2,0,1.3,-0.163147,0,1.34317,-4497.54
2,0,1.3,-0.163147,0,1.34617,-4544.74
2,0,1.3,-0.163147,0,1.34917,-4591.91
2,0,1.3,-0.163147,0,1.35218,-4639.04
2,0,1.3,-0.163147,0,1.35518,-4686.13
2,0,1.3,-0.163147,0,1.35818,-4733.17
2,0,1.3,-0.163147,0,1.36118,-4780.15
2,0,1.3,-0.163147,0,1.36418,-4827.08
2,0,1.3,-0.163147,0,1.36718,-4873.95
2,0,1.3,-0.163147,0,1.37019,-4920.75
2,0,1.3,-0.163147,0,1.37319,-4967.49
2,0,1.3,-0.163147,0,1.37619,-5014.14
2,0,1.3,-0.163147,0,1.37919,-5060.72
2,0,1.3,-0.163147,0,1.38219,-5107.21
2,0,1.3,-0.163147,0,1.38519,-5153.61
2,0,1.3,-0.163147,0,1.38819,-5199.93
2,0,1.3,-0.163147,0,1.3912,-5246.13
2,0,1.3,-0.163147,0,1.3942,-5292.23
2,0,1.3,-0.163147,0,1.3972,-5338.23
2,0,1.3,-0.163147,0,1.4002,-5384.1
2,0,1.3,-0.163147,0,1.4032,-5429.86
2,0,1.3,-0.163147,0,1.4062,-5475.49
2,0,1.3,-0.163147,0,1.4092,-5520.99
2,0,1.3,-0.163147,0,1.41221,-5566.35
2,0,1.3,-0.163147,0,1.41521,-5611.57
2,0,1.3,-0.163147,0,1.41821,-5656.64
2,0,1.3,-0.163147,0,1.42121,-5701.56
2,0,1.3,-0.163147,0,1.42421,-5746.32
2,0,1.3,-0.163147,0,1.42721,-5790.92
2,0,1.3,-0.163147,0,1.43022,-5835.35
2,0,1.3,-0.163147,0,1.43322,-5879.6
2,0,1.3,-0.163147,0,1.43622,-5923.66
2,0,1.3,-0.163147,0,1.43922,-5967.54
2,0,1.3,-0.163147,0,1.44222,-6011.23
2,0,1.3,-0.163147,0,1.44522,-6054.71
2,0,1.3,-0.163147,0,1.44822,-6097.99
2,0,1.3,-0.163147,0,1.45123,-6141.05
2,0,1.3,-0.163147,0,1.45423,-6183.9
2,0,1.3,-0.163147,0,1.45723,-6226.53
2,0,1.3,-0.163147,0,1.46023,-6268.92
2,0,1.3,-0.163147,0,1.46323,-6311.07
2,0,1.3,-0.163147,0,1.46623,-6352.97
2,0,1.3,-0.163147,0,1.46923,-6394.63
2,0,1.3,-0.163147,0,1.47224,-6436.03
2,0,1.3,-0.163147,0,1.47524,-6477.16
2,0,1.3,-0.163147,0,1.47824,-6518.03
2,0,1.3,-0.163147,0,1.48124,-6558.61
2,0,1.3,-0.163147,0,1.48424,-6598.91
2,0,1.3,-0.163147,0,1.48724,-6638.92
2,0,1.3,-0.163147,0,1.49025,-6678.62
2,0,1.3,-0.163147,0,1.49325,-6718.03
2,0,1.3,-0.163147,0,1.49625,-6757.1
2,0,1.3,-0.163147,0,1.49925,-6795.88
2,0,1.3,-0.163147,0,1.50225,-6834.31
2,0,1.3,-0.163147,0,1.50525,-6872.41
2,0,1.3,-0.163147,0,1.50825,-6910.17
2,0,1.3,-0.163147,0,1.51126,-6947.58
2,0,1.3,-0.163147,0,1.51426,-6984.63
2,0,1.3,-0.163147,0,1.51726,-7021.31
2,0,1.3,-0.163147,0,1.52026,-7057.62
2,0,1.3,-0.163147,0,1.52326,-7093.55
2,0,1.3,-0.163147,0,1.52626,-7129.09
2,0,1.3,-0.163147,0,1.52926,-7164.23
2,0,1.3,-0.163147,0,1.53227,-7198.96
2,0,1.3,-0.163147,0,1.53527,-7233.28
2,0,1.3,-0.163147,0,1.53827,-7267.18
2,0,1.3,-0.163147,0,1.54127,-7300.64
2,0,1.3,-0.163147,0,1.54427,-7333.68
2,0,1.3,-0.163147,0,1.54727,-7366.24
2,0,1.3,-0.163147,0,1.55028,-7398.36
2,0,1.3,-0.163147,0,1.55328,-7430.02
2,0,1.3,-0.163147,0,1.55628,-7461.2
2,0,1.3,-0.163147,0,1.55928,-7491.91
2,0,1.3,-0.163147,0,1.56228,-7522.12
2,0,1.3,-0.163147,0,1.56528,-7551.83
2,0,1.3,-0.163147,0,1.56828,-7581.03
2,0,1.3,-0.163147,0,1.57129,-7609.71
2,0,1.3,-0.163147,0,1.57429,-7637.85
2,0,1.3,-0.163147,0,1.57729,-7665.48
2,0,1.3,-0.163147,0,1.58029,-7692.55
2,0,1.3,-0.163147,0,1.58329,-7719.06
2,0,1.3,-0.163147,0,1.58629,-7745.01
2,0,1.3,-0.163147,0,1.58929,-7770.38
2,0,1.3,-0.163147,0,1.5923,-7795.16
2,0,1.3,-0.163147,0,1.5953,-7819.36
2,0,1.3,-0.163147,0,1.5983,-7842.95
2,0,1.3,-0.163147,0,1.6013,-7865.92
2,0,1.3,-0.163147,0,1.6043,-7888.27
2,0,1.3,-0.163147,0,1.6073,-7909.98
2,0,1.3,-0.163147,0,1.61031,-7931.05
2,0,1.3,-0.163147,0,1.61331,-7951.47
2,0,1.3,-0.163147,0,1.61631,-7971.21
2,0,1.3,-0.163147,0,1.61931,-7990.28
2,0,1.3,-0.163147,0,1.62231,-8008.66
2,0,1.3,-0.163147,0,1.62531,-8026.34
2,0,1.3,-0.163147,0,1.62831,-8043.32
2,0,1.3,-0.163147,0,1.63132,-8059.57
2,0,1.3,-0.163147,0,1.63432,-8075.09
2,0,1.3,-0.163147,0,1.63732,-8089.88
2,0,1.3,-0.163147,0,1.64032,-8103.89
2,0,1.3,-0.163147,0,1.64332,-8117.17
2,0,1.3,-0.163147,0,1.64632,-8129.65
2,0,1.3,-0.163147,0,1.64932,-8141.35
2,0,1.3,-0.163147,0,1.65233,-8152.25
2,0,1.3,-0.163147,0,1.65533,-8162.34
2,0,1.3,-0.163147,0,1.65833,-8171.61
2,0,1.3,-0.163147,0,1.66133,-8180.04
2,0,1.3,-0.163147,0,1.66433,-8187.62
2,0,1.3,-0.163147,0,1.66733,-8194.35
2,0,1.3,-0.163147,0,1.67034,-8200.21
2,0,1.3,-0.163147,0,1.67334,-8205.18
2,0,1.3,-0.163147,0,1.67634,-8209.25
2,0,1.3,-0.163147,0,1.67934,-8212.42
2,0,1.3,-0.163147,0,1.68234,-8214.66
2,0,1.3,-0.163147,0,1.68534,-8215.98
2,0,1.3,-0.163147,0,1.68834,-8216.34
2,0,1.3,-0.163147,0,1.69135,-8215.75
2,0,1.3,-0.163147,0,1.69435,-8214.18
2,0,1.3,-0.163147,0,1.69735,-8211.63
2,0,1.3,-0.163147,0,1.70035,-8208.08
2,0,1.3,-0.163147,0,1.70335,-8203.51
2,0,1.3,-0.163147,0,1.70635,-8197.92
2,0,1.3,-0.163147,0,1.70935,-8191.3
2,0,1.3,-0.163147,0,1.71236,-8183.62
2,0,1.3,-0.163147,0,1.71536,-8174.85
2,0,1.3,-0.163147,0,1.71836,-8165.03
2,0,1.3,-0.163147,0,1.72136,-8154.1
2,0,1.3,-0.163147,0,1.72436,-8142.07
2,0,1.3,-0.163147,0,1.72736,-8128.9
2,0,1.3,-0.163147,0,1.73037,-8114.59
2,0,1.3,-0.163147,0,1.73337,-8099.15
2,0,1.3,-0.163147,0,1.73637,-8082.52
2,0,1.3,-0.163147,0,1.73937,-8064.72
2,0,1.3,-0.163147,0,1.74237,-8045.72
2,0,1.3,-0.163147,0,1.74537,-8025.51
2,0,1.3,-0.163147,0,1.74837,-8004.07
2,0,1.3,-0.163147,0,1.75138,-7981.39
2,0,1.3,-0.163147,0,1.75438,-7957.45
2,0,1.3,-0.163147,0,1.75738,-7932.22
2,0,1.3,-0.163147,0,1.76038,-7905.72
2,0,1.3,-0.163147,0,1.76338,-7877.91
2,0,1.3,-0.163147,0,1.76638,-7848.78
2,0,1.3,-0.163147,0,1.76938,-7818.31
2,0,1.3,-0.163147,0,1.77239,-7786.48
2,0,1.3,-0.163147,0,1.77539,-7753.29
2,0,1.3,-0.163147,0,1.77839,-7718.72
2,0,1.3,-0.163147,0,1.78139,-7682.74
2,0,1.3,-0.163147,0,1.78439,-7645.33
2,0,1.3,-0.163147,0,1.78739,-7606.5
2,0,1.3,-0.163147,0,1.7904,-7566.21
2,0,1.3,-0.163147,0,1.7934,-7524.45
2,0,1.3,-0.163147,0,1.7964,-7481.21
2,0,1.3,-0.163147,0,1.7994,-7436.46
2,0,1.3,-0.163147,0,1.8024,-7390.18
2,0,1.3,-0.163147,0,1.8054,-7342.37
2,0,1.3,-0.163147,0,1.8084,-7293
2,0,1.3,-0.163147,0,1.81141,-7242.05
2,0,1.3,-0.163147,0,1.81441,-7189.51
2,0,1.3,-0.163147,0,1.81741,-7135.37
2,0,1.3,-0.163147,0,1.82041,-7079.58
2,0,1.3,-0.163147,0,1.82341,-7022.16
2,0,1.3,-0.163147,0,1.82641,-6963.06
2,0,1.3,-0.163147,0,1.82941,-6902.27
2,0,1.3,-0.163147,0,1.83242,-6839.79
2,0,1.3,-0.163147,0,1.83542,-6775.58
2,0,1.3,-0.163147,0,1.83842,-6709.63
2,0,1.3,-0.163147,0,1.84142,-6641.91
2,0,1.3,-0.163147,0,1.84442,-6572.42
2,0,1.3,-0.163147,0,1.84742,-6501.12
2,0,1.3,-0.163147,0,1.85043,-6428
2,0,1.3,-0.163147,0,1.85343,-6353.04
2,0,1.3,-0.163147,0,1.85643,-6276.22
2,0,1.3,-0.163147,0,1.85943,-6197.51
2,0,1.3,-0.163147,0,1.86243,-6116.91
2,0,1.3,-0.163147,0,1.86543,-6034.39
2,0,1.3,-0.163147,0,1.86843,-5949.91
2,0,1.3,-0.163147,0,1.87144,-5863.49
2,0,1.3,-0.163147,0,1.87444,-5775.07
2,0,1.3,-0.163147,0,1.87744,-5684.64
2,0,1.3,-0.163147,0,1.88044,-5592.19
2,0,1.3,-0.163147,0,1.88344,-5497.7
2,0,1.3,-0.163147,0,1.88644,-5401.13
2,0,1.3,-0.163147,0,1.88944,-5302.47
2,0,1.3,-0.163147,0,1.89245,-5201.69
2,0,1.3,-0.163147,0,1.89545,-5098.78
2,0,1.3,-0.163147,0,1.89845,-4993.71
2,0,1.3,-0.163147,0,1.90145,-4886.46
2,0,1.3,-0.163147,0,1.90445,-4777.01
2,0,1.3,-0.163147,0,1.90745,-4665.33
2,0,1.3,-0.163147,0,1.91046,-4551.4
2,0,1.3,-0.163147,0,1.91346,-4435.2
2,0,1.3,-0.163147,0,1.91646,-4316.7
2,0,1.3,-0.163147,0,1.91946,-4195.88
2,0,1.3,-0.163147,0,1.92246,-4072.73
2,0,1.3,-0.163147,0,1.92546,-3947.2
2,0,1.3,-0.163147,0,1.92846,-3819.29
2,0,1.3,-0.163147,0,1.93147,-3688.95
2,0,1.3,-0.163147,0,1.93447,-3556.18
2,0,1.3,-0.163147,0,1.93747,-3420.95
2,0,1.3,-0.163147,0,1.94047,-3283.23
2,0,1.3,-0.163147,0,1.94347,-3143
2,0,1.3,-0.163147,0,1.94647,-3000.22
2,0,1.3,-0.163147,0,1.94947,-2854.89
2,0,1.3,-0.163147,0,1.95248,-2706.96
2,0,1.3,-0.163147,0,1.95548,-2556.42
2,0,1.3,-0.163147,0,1.95848,-2403.24
2,0,1.3,-0.163147,0,1.96148,-2247.4
2,0,1.3,-0.163147,0,1.96448,-2088.86
2,0,1.3,-0.163147,0,1.96748,-1927.6
2,0,1.3,-0.163147,0,1.97049,-1763.6
2,0,1.3,-0.163147,0,1.97349,-1596.83
2,0,1.3,-0.163147,0,1.97649,-1427.26
2,0,1.3,-0.163147,0,1.97949,-1254.86
2,0,1.3,-0.163147,0,1.98249,-1079.61
2,0,1.3,-0.163147,0,1.98549,-901.475
2,0,1.3,-0.163147,0,1.98849,-720.435
2,0,1.3,-0.163147,0,1.9915,-536.459
2,0,1.3,-0.163147,0,1.9945,-349.518
2,0,1.3,-0.163147,0,1.9975,-159.584
2,0,1.3,-0.163147,0,2.0005,33.3701
2,0,1.3,-0.163147,0,2.0035,229.374
2,0,1.3,-0.163147,0,2.0065,428.457
2,0,1.3,-0.163147,0,2.0095,630.648
2,0,1.3,-0.163147,0,2.01251,835.976
2,0,1.3,-0.163147,0,2.01551,1044.47
2,0,1.3,-0.163147,0,2.01851,1256.16
2,0,1.3,-0.163147,0,2.02151,1471.08
2,0,1.3,-0.163147,0,2.02451,1689.25
2,0,1.3,-0.163147,0,2.02751,1910.71
2,0,1.3,-0.163147,0,2.03052,2135.49
2,0,1.3,-0.163147,0,2.03352,2363.61
2,0,1.3,-0.163147,0,2.03652,2595.12
2,0,1.3,-0.163147,0,2.03952,2830.03
2,0,1.3,-0.163147,0,2.04252,3068.38
2,0,1.3,-0.163147,0,2.04552,3310.21
2,0,1.3,-0.163147,0,2.04852,3555.55
2,0,1.3,-0.163147,0,2.05153,3804.42
2,0,1.3,-0.163147,0,2.05453,4056.85
2,0,1.3,-0.163147,0,2.05753,4312.9
2,0,1.3,-0.163147,0,2.06053,4572.57
2,0,1.3,-0.163147,0,2.06353,4835.92
2,0,1.3,-0.163147,0,2.06653,5102.96
2,0,1.3,-0.163147,0,2.06953,5373.73
2,0,1.3,-0.163147,0,2.07254,5648.28
2,0,1.3,-0.163147,0,2.07554,5926.62
2,0,1.3,-0.163147,0,2.07854,6208.81
2,0,1.3,-0.163147,0,2.08154,6494.86
2,0,1.3,-0.163147,0,2.08454,6784.82
2,0,1.3,-0.163147,0,2.08754,7078.71
2,0,1.3,-0.163147,0,2.09055,7376.58
2,0,1.3,-0.163147,0,2.09355,7678.46
2,0,1.3,-0.163147,0,2.09655,7984.4
2,0,1.3,-0.163147,0,2.09955,8294.39
2,0,1.3,-0.163147,0,2.10255,8608.52
2,0,1.3,-0.163147,0,2.10555,8926.79
2,0,1.3,-0.163147,0,2.10855,9249.25
2,0,1.3,-0.163147,0,2.11156,9575.96
2,0,1.3,-0.163147,0,2.11456,9906.91
2,0,1.3,-0.163147,0,2.11756,10242.2
2,0,1.3,-0.163147,0,2.12056,10581.8
2,0,1.3,-0.163147,0,2.12356,10925.7
2,0,1.3,-0.163147,0,2.12656,11274.1
2,0,1.3,-0.163147,0,2.12956,11626.9
2,0,1.3,-0.163147,0,2.13257,11984.3
2,0,1.3,-0.163147,0,2.13557,12346.1
2,0,1.3,-0.163147,0,2.13857,12712.5
2,0,1.3,-0.163147,0,2.14157,13083.6
2,0,1.3,-0.163147,0,2.14457,13459.2
2,0,1.3,-0.163147,0,2.14757,13839.6
2,0,1.3,-0.163147,0,2.15058,14224.7
2,0,1.3,-0.163147,0,2.15358,14614.5
2,0,1.3,-0.163147,0,2.15658,15009.2
2,0,1.3,-0.163147,0,2.15958,15408.7
2,0,1.3,-0.163147,0,2.16258,15813.1
2,0,1.3,-0.163147,0,2.16558,16222.5
2,0,1.3,-0.163147,0,2.16858,16636.8
2,0,1.3,-0.163147,0,2.17159,17056.1
2,0,1.3,-0.163147,0,2.17459,17480.5
2,0,1.3,-0.163147,0,2.17759,17909.9
2,0,1.3,-0.163147,0,2.18059,18344.6
2,0,1.3,-0.163147,0,2.18359,18784.4
2,0,1.3,-0.163147,0,2.18659,19229.4
2,0,1.3,-0.163147,0,2.18959,19679.7
2,0,1.3,-0.163147,0,2.1926,20135.3
2,0,1.3,-0.163147,0,2.1956,20596.3
2,0,1.3,-0.163147,0,2.1986,21062.7
2,0,1.3,-0.163147,0,2.2016,21534.5
2,0,1.3,-0.163147,0,2.2046,22011.8
2,0,1.3,-0.163147,0,2.2076,22494.7
2,0,1.3,-0.163147,0,2.21061,22983.2
2,0,1.3,-0.163147,0,2.21361,23477.2
2,0,1.3,-0.163147,0,2.21661,23977
2,0,1.3,-0.163147,0,2.21961,24482.5
2,0,1.3,-0.163147,0,2.22261,24993.8
2,0,1.3,-0.163147,0,2.22561,25510.8
2,0,1.3,-0.163147,0,2.22861,26033.8
2,0,1.3,-0.163147,0,2.23162,26562.6
2,0,1.3,-0.163147,0,2.23462,27097.5
2,0,1.3,-0.163147,0,2.23762,27638.3
2,0,1.3,-0.163147,0,2.24062,28185.2
2,0,1.3,-0.163147,0,2.24362,28738.1
2,0,1.3,-0.163147,0,2.24662,29297.3
2,0,1.3,-0.163147,0,2.24962,29862.6
2,0,1.3,-0.163147,0,2.25263,30434.3
2,0,1.3,-0.163147,0,2.25563,31012.2
2,0,1.3,-0.163147,0,2.25863,31596.5
2,0,1.3,-0.163147,0,2.26163,32187.1
2,0,1.3,-0.163147,0,2.26463,32784.2
2,0,1.3,-0.163147,0,2.26763,33387.9
2,0,1.3,-0.163147,0,2.27064,33998.1
2,0,1.3,-0.163147,0,2.27364,34615
2,0,1.3,-0.163147,0,2.27664,35238.4
2,0,1.3,-0.163147,0,2.27964,35868.6
2,0,1.3,-0.163147,0,2.28264,36505.7
2,0,1.3,-0.163147,0,2.28564,37149.4
2,0,1.3,-0.163147,0,2.28864,37800.1
2,0,1.3,-0.163147,0,2.29165,38457.8
2,0,1.3,-0.163147,0,2.29465,39122.4
2,0,1.3,-0.163147,0,2.29765,39794.1
2,0,1.3,-0.163147,0,2.30065,40472.8
2,0,1.3,-0.163147,0,2.30365,41158.7
2,0,1.3,-0.163147,0,2.30665,41851.9
2,0,1.3,-0.163147,0,2.30965,42552.2
2,0,1.3,-0.163147,0,2.31266,43260
2,0,1.3,-0.163147,0,2.31566,43975.1
2,0,1.3,-0.163147,0,2.31866,44697.6
2,0,1.3,-0.163147,0,2.32166,45427.6
2,0,1.3,-0.163147,0,2.32466,46165.2
2,0,1.3,-0.163147,0,2.32766,46910.4
2,0,1.3,-0.163147,0,2.33067,47663.3
2,0,1.3,-0.163147,0,2.33367,48423.9
2,0,1.3,-0.163147,0,2.33667,49192.3
2,0,1.3,-0.163147,0,2.33967,49968.5
2,0,1.3,-0.163147,0,2.34267,50752.7
2,0,1.3,-0.163147,0,2.34567,51544.8
2,0,1.3,-0.163147,0,2.34867,52345
2,0,1.3,-0.163147,0,2.35168,53153.2
2,0,1.3,-0.163147,0,2.35468,53969.6
2,0,1.3,-0.163147,0,2.35768,54794.2
2,0,1.3,-0.163147,0,2.36068,55627
2,0,1.3,-0.163147,0,2.36368,56468.3
2,0,1.3,-0.163147,0,2.36668,57318
2,0,1.3,-0.163147,0,2.36968,58176
2,0,1.3,-0.163147,0,2.37269,59042.7
2,0,1.3,-0.163147,0,2.37569,59918
2,0,1.3,-0.163147,0,2.37869,60801.9
2,0,1.3,-0.163147,0,2.38169,61694.5
2,0,1.3,-0.163147,0,2.38469,62596
2,0,1.3,-0.163147,0,2.38769,63506.3
2,0,1.3,-0.163147,0,2.3907,64425.5
2,0,1.3,-0.163147,0,2.3937,65353.6
2,0,1.3,-0.163147,0,2.3967,66290.9
2,0,1.3,-0.163147,0,2.3997,67237.3
2,0,1.3,-0.163147,0,2.4027,68192.9
2,0,1.3,-0.163147,0,2.4057,69157.7
2,0,1.3,-0.163147,0,2.4087,70131.9
2,0,1.3,-0.163147,0,2.41171,71115.5
2,0,1.3,-0.163147,0,2.41471,72108.5
2,0,1.3,-0.163147,0,2.41771,73111.2
2,0,1.3,-0.163147,0,2.42071,74123.4
2,0,1.3,-0.163147,0,2.42371,75145.2
2,0,1.3,-0.163147,0,2.42671,76176.9
2,0,1.3,-0.163147,0,2.42971,77218.4
2,0,1.3,-0.163147,0,2.43272,78269.8
2,0,1.3,-0.163147,0,2.43572,79331.1
2,0,1.3,-0.163147,0,2.43872,80402.5
2,0,1.3,-0.163147,0,2.44172,81484
2,0,1.3,-0.163147,0,2.44472,82575.7
2,0,1.3,-0.163147,0,2.44772,83677.7
2,0,1.3,-0.163147,0,2.45073,84790.1
2,0,1.3,-0.163147,0,2.45373,85912.8
2,0,1.3,-0.163147,0,2.45673,87046
2,0,1.3,-0.163147,0,2.45973,88189.8
2,0,1.3,-0.163147,0,2.46273,89344.3
2,0,1.3,-0.163147,0,2.46573,90509.4
2,0,1.3,-0.163147,0,2.46873,91685.5
2,0,1.3,-0.163147,0,2.47174,92872.4
2,0,1.3,-0.163147,0,2.47474,94070.1
2,0,1.3,-0.163147,0,2.47774,95279
2,0,1.3,-0.163147,0,2.48074,96498.9
2,0,1.3,-0.163147,0,2.48374,97730.1
2,0,1.3,-0.163147,0,2.48674,98972.5
2,0,1.3,-0.163147,0,2.48974,100226
2,0,1.3,-0.163147,0,2.49275,101492
2,0,1.3,-0.163147,0,2.49575,102768
2,0,1.3,-0.163147,0,2.49875,104057
2,0,1.3,-0.163147,0,2.50175,105357
2,0,1.3,-0.163147,0,2.50475,106669
2,0,1.3,-0.163147,0,2.50775,107992
2,0,1.3,-0.163147,0,2.51076,109328
2,0,1.3,-0.163147,0,2.51376,110675
2,0,1.3,-0.163147,0,2.51676,112035
2,0,1.3,-0.163147,0,2.51976,113407
2,0,1.3,-0.163147,0,2.52276,114791
2,0,1.3,-0.163147,0,2.52576,116188
2,0,1.3,-0.163147,0,2.52876,117597
2,0,1.3,-0.163147,0,2.53177,119019
2,0,1.3,-0.163147,0,2.53477,120453
2,0,1.3,-0.163147,0,2.53777,121900
2,0,1.3,-0.163147,0,2.54077,123360
2,0,1.3,-0.163147,0,2.54377,124832
2,0,1.3,-0.163147,0,2.54677,126318
2,0,1.3,-0.163147,0,2.54977,127817
2,0,1.3,-0.163147,0,2.55278,129329
2,0,1.3,-0.163147,0,2.55578,130854
2,0,1.3,-0.163147,0,2.55878,132392
2,0,1.3,-0.163147,0,2.56178,133944
2,0,1.3,-0.163147,0,2.56478,135510
2,0,1.3,-0.163147,0,2.56778,137089
2,0,1.3,-0.163147,0,2.57079,138682
2,0,1.3,-0.163147,0,2.57379,140289
2,0,1.3,-0.163147,0,2.57679,141909
2,0,1.3,-0.163147,0,2.57979,143544
2,0,1.3,-0.163147,0,2.58279,145193
2,0,1.3,-0.163147,0,2.58579,146856
2,0,1.3,-0.163147,0,2.58879,148533
2,0,1.3,-0.163147,0,2.5918,150225
2,0,1.3,-0.163147,0,2.5948,151931
2,0,1.3,-0.163147,0,2.5978,153652
2,0,1.3,-0.163147,0,2.6008,155387
2,0,1.3,-0.163147,0,2.6038,157138
2,0,1.3,-0.163147,0,2.6068,158903
2,0,1.3,-0.163147,0,2.6098,160683
2,0,1.3,-0.163147,0,2.61281,162479
2,0,1.3,-0.163147,0,2.61581,164289
2,0,1.3,-0.163147,0,2.61881,166115
2,0,1.3,-0.163147,0,2.62181,167957
2,0,1.3,-0.163147,0,2.62481,169814
2,0,1.3,-0.163147,0,2.62781,171686
2,0,1.3,-0.163147,0,2.63082,173575
2,0,1.3,-0.163147,0,2.63382,175479
2,0,1.3,-0.163147,0,2.63682,177399
2,0,1.3,-0.163147,0,2.63982,179335
2,0,1.3,-0.163147,0,2.64282,181288
2,0,1.3,-0.163147,0,2.64582,183256
2,0,1.3,-0.163147,0,2.64882,185241
2,0,1.3,-0.163147,0,2.65183,187243
2,0,1.3,-0.163147,0,2.65483,189261
2,0,1.3,-0.163147,0,2.65783,191296
2,0,1.3,-0.163147,0,2.66083,193348
2,0,1.3,-0.163147,0,2.66383,195417
2,0,1.3,-0.163147,0,2.66683,197502
2,0,1.3,-0.163147,0,2.66983,199605
2,0,1.3,-0.163147,0,2.67284,201726
2,0,1.3,-0.163147,0,2.67584,203863
2,0,1.3,-0.163147,0,2.67884,206019
2,0,1.3,-0.163147,0,2.68184,208191
2,0,1.3,-0.163147,0,2.68484,210382
2,0,1.3,-0.163147,0,2.68784,212591
2,0,1.3,-0.163147,0,2.69085,214817
2,0,1.3,-0.163147,0,2.69385,217062
2,0,1.3,-0.163147,0,2.69685,219325
2,0,1.3,-0.163147,0,2.69985,221606
2,0,1.3,-0.163147,0,2.70285,223905
2,0,1.3,-0.163147,0,2.70585,226224
2,0,1.3,-0.163147,0,2.70885,228561
2,0,1.3,-0.163147,0,2.71186,230917
2,0,1.3,-0.163147,0,2.71486,233292
2,0,1.3,-0.163147,0,2.71786,235686
2,0,1.3,-0.163147,0,2.72086,238099
2,0,1.3,-0.163147,0,2.72386,240532
2,0,1.3,-0.163147,0,2.72686,242984
2,0,1.3,-0.163147,0,2.72986,245455
2,0,1.3,-0.163147,0,2.73287,247947
2,0,1.3,-0.163147,0,2.73587,250458
2,0,1.3,-0.163147,0,2.73887,252989
2,0,1.3,-0.163147,0,2.74187,255540
2,0,1.3,-0.163147,0,2.74487,258112
2,0,1.3,-0.163147,0,2.74787,260704
2,0,1.3,-0.163147,0,2.75088,263317
2,0,1.3,-0.163147,0,2.75388,265950
2,0,1.3,-0.163147,0,2.75688,268604
2,0,1.3,-0.163147,0,2.75988,271279
2,0,1.3,-0.163147,0,2.76288,273975
2,0,1.3,-0.163147,0,2.76588,276692
2,0,1.3,-0.163147,0,2.76888,279431
2,0,1.3,-0.163147,0,2.77189,282191
2,0,1.3,-0.163147,0,2.77489,284972
2,0,1.3,-0.163147,0,2.77789,287776
2,0,1.3,-0.163147,0,2.78089,290601
2,0,1.3,-0.163147,0,2.78389,293448
2,0,1.3,-0.163147,0,2.78689,296318
2,0,1.3,-0.163147,0,2.78989,299210
2,0,1.3,-0.163147,0,2.7929,302124
2,0,1.3,-0.163147,0,2.7959,305061
2,0,1.3,-0.163147,0,2.7989,308020
2,0,1.3,-0.163147,0,2.8019,311003
2,0,1.3,-0.163147,0,2.8049,314008
2,0,1.3,-0.163147,0,2.8079,317037
2,0,1.3,-0.163147,0,2.81091,320089
2,0,1.3,-0.163147,0,2.81391,323165
2,0,1.3,-0.163147,0,2.81691,326264
2,0,1.3,-0.163147,0,2.81991,329387
2,0,1.3,-0.163147,0,2.82291,332534
2,0,1.3,-0.163147,0,2.82591,335705
2,0,1.3,-0.163147,0,2.82891,338900
2,0,1.3,-0.163147,0,2.83192,342120
2,0,1.3,-0.163147,0,2.83492,345364
2,0,1.3,-0.163147,0,2.83792,348633
2,0,1.3,-0.163147,0,2.84092,351926
2,0,1.3,-0.163147,0,2.84392,355245
2,0,1.3,-0.163147,0,2.84692,358589
2,0,1.3,-0.163147,0,2.84992,361958
2,0,1.3,-0.163147,0,2.85293,365353
2,0,1.3,-0.163147,0,2.85593,368774
2,0,1.3,-0.163147,0,2.85893,372220
2,0,1.3,-0.163147,0,2.86193,375692
2,0,1.3,-0.163147,0,2.86493,379191
2,0,1.3,-0.163147,0,2.86793,382715
2,0,1.3,-0.163147,0,2.87094,386266
2,0,1.3,-0.163147,0,2.87394,389844
2,0,1.3,-0.163147,0,2.87694,393449
2,0,1.3,-0.163147,0,2.87994,397080
2,0,1.3,-0.163147,0,2.88294,400739
2,0,1.3,-0.163147,0,2.88594,404425
2,0,1.3,-0.163147,0,2.88894,408139
2,0,1.3,-0.163147,0,2.89195,411880
2,0,1.3,-0.163147,0,2.89495,415648
2,0,1.3,-0.163147,0,2.89795,419446
2,0,1.3,-0.163147,0,2.90095,423271
2,0,1.3,-0.163147,0,2.90395,427124
2,0,1.3,-0.163147,0,2.90695,431006
2,0,1.3,-0.163147,0,2.90995,434917
2,0,1.3,-0.163147,0,2.91296,438856
2,0,1.3,-0.163147,0,2.91596,442825
2,0,1.3,-0.163147,0,2.91896,446823
2,0,1.3,-0.163147,0,2.92196,450851
2,0,1.3,-0.163147,0,2.92496,454907
2,0,1.3,-0.163147,0,2.92796,458994
2,0,1.3,-0.163147,0,2.93097,463110
2,0,1.3,-0.163147,0,2.93397,467257
2,0,1.3,-0.163147,0,2.93697,471434
2,0,1.3,-0.163147,0,2.93997,475642
2,0,1.3,-0.163147,0,2.94297,479880
2,0,1.3,-0.163147,0,2.94597,484150
2,0,1.3,-0.163147,0,2.94897,488449
2,0,1.3,-0.163147,0,2.95198,492781
2,0,1.3,-0.163147,0,2.95498,497144
2,0,1.3,-0.163147,0,2.95798,501539
2,0,1.3,-0.163147,0,2.96098,505966
2,0,1.3,-0.163147,0,2.96398,510424
2,0,1.3,-0.163147,0,2.96698,514915
2,0,1.3,-0.163147,0,2.96998,519438
2,0,1.3,-0.163147,0,2.97299,523994
2,0,1.3,-0.163147,0,2.97599,528583
2,0,1.3,-0.163147,0,2.97899,533205
2,0,1.3,-0.163147,0,2.98199,537859
2,0,1.3,-0.163147,0,2.98499,542547
2,0,1.3,-0.163147,0,2.98799,547270
2,0,1.3,-0.163147,0,2.991,552026
2,0,1.3,-0.163147,0,2.994,556815
2,0,1.3,-0.163147,0,2.997,561640
2,0,1.3,-0.163147,0,3,566498

2,0,1.45,-0.270598,0,-3,5.51429e+08
2,0,1.45,-0.270598,0,-2.997,6.31451e+08
2,0,1.45,-0.270598,0,-2.994,5.4532e+08
2,0,1.45,-0.270598,0,-2.991,6.10182e+08
2,0,1.45,-0.270598,0,-2.98799,6.11306e+08
2,0,1.45,-0.270598,0,-2.98499,6.10607e+08
2,0,1.45,-0.270598,0,-2.98199,5.49271e+08
2,0,1.45,-0.270598,0,-2.97899,5.48647e+08
2,0,1.45,-0.270598,0,-2.97599,6.16159e+08
2,0,1.45,-0.270598,0,-2.97299,5.32958e+08
2,0,1.45,-0.270598,0,-2.96998,5.49707e+08
2,0,1.45,-0.270598,0,-2.96698,6.16463e+08
2,0,1.45,-0.270598,0,-2.96398,5.52803e+08
2,0,1.45,-0.270598,0,-2.96098,6.11434e+08
2,0,1.45,-0.270598,0,-2.95798,6.06089e+08
2,0,1.45,-0.270598,0,-2.95498,6.0492e+08
2,0,1.45,-0.270598,0,-2.95198,6.06312e+08
2,0,1.45,-0.270598,0,-2.94897,6.5626e+08
2,0,1.45,-0.270598,0,-2.94597,6.02231e+08
2,0,1.45,-0.270598,0,-2.94297,6.17239e+08
2,0,1.45,-0.270598,0,-2.93997,5.43646e+08
2,0,1.45,-0.270598,0,-2.93697,5.76409e+08
2,0,1.45,-0.270598,0,-2.93397,5.99616e+08
2,0,1.45,-0.270598,0,-2.93097,5.98429e+08
2,0,1.45,-0.270598,0,-2.92796,5.97587e+08
2,0,1.45,-0.270598,0,-2.92496,5.37467e+08
2,0,1.45,-0.270598,0,-2.92196,5.96026e+08
2,0,1.45,-0.270598,0,-2.91896,5.94878e+08
2,0,1.45,-0.270598,0,-2.91596,5.27247e+08
2,0,1.45,-0.270598,0,-2.91296,5.93945e+08
2,0,1.45,-0.270598,0,-2.90995,5.93912e+08
2,0,1.45,-0.270598,0,-2.90695,6.74564e+08
2,0,1.45,-0.270598,0,-2.90395,5.84253e+08
2,0,1.45,-0.270598,0,-2.90095,5.89065e+08
2,0,1.45,-0.270598,0,-2.89795,5.99983e+08
2,0,1.45,-0.270598,0,-2.89495,6.5049e+08
2,0,1.45,-0.270598,0,-2.89195,5.66478e+08
2,0,1.45,-0.270598,0,-2.88894,6.37735e+08
2,0,1.45,-0.270598,0,-2.88594,5.84611e+08
2,0,1.45,-0.270598,0,-2.88294,5.97598e+08
2,0,1.45,-0.270598,0,-2.87994,5.81117e+08
2,0,1.45,-0.270598,0,-2.87694,5.50661e+08
2,0,1.45,-0.270598,0,-2.87394,5.79874e+08
2,0,1.45,-0.270598,0,-2.87094,5.77399e+08
2,0,1.45,-0.270598,0,-2.86793,5.18898e+08
2,0,1.45,-0.270598,0,-2.86493,5.79104e+08
2,0,1.45,-0.270598,0,-2.86193,6.65754e+08
2,0,1.45,-0.270598,0,-2.85893,5.73877e+08
2,0,1.45,-0.270598,0,-2.85593,5.71787e+08
2,0,1.45,-0.270598,0,-2.85293,5.6925e+08
2,0,1.45,-0.270598,0,-2.84992,5.24144e+08
2,0,1.45,-0.270598,0,-2.84692,5.57682e+08
2,0,1.45,-0.270598,0,-2.84392,6.70777e+08
2,0,1.45,-0.270598,0,-2.84092,6.54727e+08
2,0,1.45,-0.270598,0,-2.83792,6.70618e+08
2,0,1.45,-0.270598,0,-2.83492,6.66821e+08
2,0,1.45,-0.270598,0,-2.83192,6.44358e+08
2,0,1.45,-0.270598,0,-2.82891,5.52729e+08
2,0,1.45,-0.270598,0,-2.82591,5.55556e+08
2,0,1.45,-0.270598,0,-2.82291,5.53884e+08
2,0,1.45,-0.270598,0,-2.81991,6.57753e+08
2,0,1.45,-0.270598,0,-2.81691,5.15549e+08
2,0,1.45,-0.270598,0,-2.81391,5.48818e+08
2,0,1.45,-0.270598,0,-2.81091,5.68047e+08
2,0,1.45,-0.270598,0,-2.8079,6.48436e+08
2,0,1.45,-0.270598,0,-2.8049,5.43346e+08
2,0,1.45,-0.270598,0,-2.8019,5.4166e+08
2,0,1.45,-0.270598,0,-2.7989,6.375e+08
2,0,1.45,-0.270598,0,-2.7959,6.23351e+08
2,0,1.45,-0.270598,0,-2.7929,5.35899e+08
2,0,1.45,-0.270598,0,-2.78989,5.54627e+08
2,0,1.45,-0.270598,0,-2.78689,6.33483e+08
2,0,1.45,-0.270598,0,-2.78389,5.3002e+08
2,0,1.45,-0.270598,0,-2.78089,5.27981e+08
2,0,1.45,-0.270598,0,-2.77789,5.25919e+08
2,0,1.45,-0.270598,0,-2.77489,5.41335e+08
2,0,1.45,-0.270598,0,-2.77189,6.14914e+08
2,0,1.45,-0.270598,0,-2.76888,5.16138e+08
2,0,1.45,-0.270598,0,-2.76588,6.10375e+08
2,0,1.45,-0.270598,0,-2.76288,5.19798e+08
2,0,1.45,-0.270598,0,-2.75988,6.09443e+08
2,0,1.45,-0.270598,0,-2.75688,6.78221e+08
2,0,1.45,-0.270598,0,-2.75388,6.74884e+08
2,0,1.45,-0.270598,0,-2.75088,6.72745e+08
2,0,1.45,-0.270598,0,-2.74787,5.82913e+08
2,0,1.45,-0.270598,0,-2.74487,6.6569e+08
2,0,1.45,-0.270598,0,-2.74187,5.80229e+08
2,0,1.45,-0.270598,0,-2.73887,6.54018e+08
2,0,1.45,-0.270598,0,-2.73587,5.85818e+08
2,0,1.45,-0.270598,0,-2.73287,6.52733e+08
2,0,1.45,-0.270598,0,-2.72986,6.49566e+08
2,0,1.45,-0.270598,0,-2.72686,6.70898e+08
2,0,1.45,-0.270598,0,-2.72386,6.2903e+08
2,0,1.45,-0.270598,0,-2.72086,5.74334e+08
2,0,1.45,-0.270598,0,-2.71786,6.57458e+08
2,0,1.45,-0.270598,0,-2.71486,6.32406e+08
2,0,1.45,-0.270598,0,-2.71186,5.20408e+08
2,0,1.45,-0.270598,0,-2.70885,6.45137e+08
2,0,1.45,-0.270598,0,-2.70585,6.45769e+08
2,0,1.45,-0.270598,0,-2.70285,5.55837e+08
2,0,1.45,-0.270598,0,-2.69985,6.36303e+08
2,0,1.45,-0.270598,0,-2.69685,5.57911e+08
2,0,1.45,-0.270598,0,-2.69385,6.32745e+08
2,0,1.45,-0.270598,0,-2.69085,6.03482e+08
2,0,1.45,-0.270598,0,-2.68784,5.99691e+08
2,0,1.45,-0.270598,0,-2.68484,5.96075e+08
2,0,1.45,-0.270598,0,-2.68184,5.91985e+08
2,0,1.45,-0.270598,0,-2.67884,5.21585e+08
2,0,1.45,-0.270598,0,-2.67584,5.21907e+08
2,0,1.45,-0.270598,0,-2.67284,5.80151e+08
2,0,1.45,-0.270598,0,-2.66983,5.15966e+08
2,0,1.45,-0.270598,0,-2.66683,5.72019e+08
2,0,1.45,-0.270598,0,-2.66383,5.6796e+08
2,0,1.45,-0.270598,0,-2.66083,5.63849e+08
2,0,1.45,-0.270598,0,-2.65783,5.59697e+08
2,0,1.45,-0.270598,0,-2.65483,6.36816e+08
2,0,1.45,-0.270598,0,-2.65183,6.51637e+08
2,0,1.45,-0.270598,0,-2.64882,5.46893e+08
2,0,1.45,-0.270598,0,-2.64582,5.42571e+08
2,0,1.45,-0.270598,0,-2.64282,5.38225e+08
2,0,1.45,-0.270598,0,-2.63982,6.32967e+08
2,0,1.45,-0.270598,0,-2.63682,5.54992e+08
2,0,1.45,-0.270598,0,-2.63382,6.13956e+08
2,0,1.45,-0.270598,0,-2.63082,5.78077e+08
2,0,1.45,-0.270598,0,-2.62781,6.14812e+08
2,0,1.45,-0.270598,0,-2.62481,5.08932e+08
2,0,1.45,-0.270598,0,-2.62181,6.58002e+08
2,0,1.45,-0.270598,0,-2.61881,5.8712e+08
2,0,1.45,-0.270598,0,-2.61581,5.74573e+08
2,0,1.45,-0.270598,0,-2.61281,5.26893e+08
2,0,1.45,-0.270598,0,-2.6098,6.47964e+08
2,0,1.45,-0.270598,0,-2.6068,6.13105e+08
2,0,1.45,-0.270598,0,-2.6038,6.42979e+08
2,0,1.45,-0.270598,0,-2.6008,5.47018e+08
2,0,1.45,-0.270598,0,-2.5978,6.34504e+08
2,0,1.45,-0.270598,0,-2.5948,6.24792e+08
2,0,1.45,-0.270598,0,-2.5918,5.95316e+08
2,0,1.45,-0.270598,0,-2.58879,5.26651e+08
2,0,1.45,-0.270598,0,-2.58579,5.32458e+08
2,0,1.45,-0.270598,0,-2.58279,5.12263e+08
2,0,1.45,-0.270598,0,-2.57979,5.21846e+08
2,0,1.45,-0.270598,0,-2.57679,5.78449e+08
2,0,1.45,-0.270598,0,-2.57379,5.03751e+08
2,0,1.45,-0.270598,0,-2.57079,5.62723e+08
2,0,1.45,-0.270598,0,-2.56778,6.40471e+08
2,0,1.45,-0.270598,0,-2.56478,6.32143e+08
2,0,1.45,-0.270598,0,-2.56178,5.47502e+08
2,0,1.45,-0.270598,0,-2.55878,6.15598e+08
2,0,1.45,-0.270598,0,-2.55578,6.07242e+08
2,0,1.45,-0.270598,0,-2.55278,6.13808e+08
2,0,1.45,-0.270598,0,-2.54977,5.90083e+08
2,0,1.45,-0.270598,0,-2.54677,5.09162e+08
2,0,1.45,-0.270598,0,-2.54377,5.0392e+08
2,0,1.45,-0.270598,0,-2.54077,6.6295e+08
2,0,1.45,-0.270598,0,-2.53777,5.55388e+08
2,0,1.45,-0.270598,0,-2.53477,6.50445e+08
2,0,1.45,-0.270598,0,-2.53177,6.31131e+08
2,0,1.45,-0.270598,0,-2.52876,5.2868e+08
2,0,1.45,-0.270598,0,-2.52576,6.02763e+08
2,0,1.45,-0.270598,0,-2.52276,5.10525e+08
2,0,1.45,-0.270598,0,-2.51976,5.7311e+08
2,0,1.45,-0.270598,0,-2.51676,5.79466e+08
2,0,1.45,-0.270598,0,-2.51376,5.44971e+08
2,0,1.45,-0.270598,0,-2.51076,6.20021e+08
2,0,1.45,-0.270598,0,-2.50775,5.96967e+08
2,0,1.45,-0.270598,0,-2.50475,5.33445e+08
2,0,1.45,-0.270598,0,-2.50175,5.92796e+08
2,0,1.45,-0.270598,0,-2.49875,5.60343e+08
2,0,1.45,-0.270598,0,-2.49575,6.3771e+08
2,0,1.45,-0.270598,0,-2.49275,5.542e+08
2,0,1.45,-0.270598,0,-2.48974,5.43959e+08
2,0,1.45,-0.270598,0,-2.48674,6.29802e+08
2,0,1.45,-0.270598,0,-2.48374,5.81983e+08
2,0,1.45,-0.270598,0,-2.48074,5.67379e+08
2,0,1.45,-0.270598,0,-2.47774,5.14199e+08
2,0,1.45,-0.270598,0,-2.47474,5.58e+08
2,0,1.45,-0.270598,0,-2.47174,6.10218e+08
2,0,1.45,-0.270598,0,-2.46873,5.94143e+08
2,0,1.45,-0.270598,0,-2.46573,5.33885e+08
2,0,1.45,-0.270598,0,-2.46273,6.39015e+08
2,0,1.45,-0.270598,0,-2.45973,5.52761e+08
2,0,1.45,-0.270598,0,-2.45673,5.83534e+08
2,0,1.45,-0.270598,0,-2.45373,5.28117e+08
2,0,1.45,-0.270598,0,-2.45073,5.65266e+08
2,0,1.45,-0.270598,0,-2.44772,5.25788e+08
2,0,1.45,-0.270598,0,-2.44472,6.02423e+08
2,0,1.45,-0.270598,0,-2.44172,5.45029e+08
2,0,1.45,-0.270598,0,-2.43872,5.49624e+08
2,0,1.45,-0.270598,0,-2.43572,6.04504e+08
2,0,1.45,-0.270598,0,-2.43272,4.95531e+08
2,0,1.45,-0.270598,0,-2.42971,6.06093e+08
2,0,1.45,-0.270598,0,-2.42671,6.17796e+08
2,0,1.45,-0.270598,0,-2.42371,5.96819e+08
2,0,1.45,-0.270598,0,-2.42071,5.45246e+08
2,0,1.45,-0.270598,0,-2.41771,4.94636e+08
2,0,1.45,-0.270598,0,-2.41471,5.03495e+08
2,0,1.45,-0.270598,0,-2.41171,5.63903e+08
2,0,1.45,-0.270598,0,-2.4087,4.74059e+08
2,0,1.45,-0.270598,0,-2.4057,6.07265e+08
2,0,1.45,-0.270598,0,-2.4027,5.33902e+08
2,0,1.45,-0.270598,0,-2.3997,5.22463e+08
2,0,1.45,-0.270598,0,-2.3967,4.96435e+08
2,0,1.45,-0.270598,0,-2.3937,5.94191e+08
2,0,1.45,-0.270598,0,-2.3907,4.86346e+08
2,0,1.45,-0.270598,0,-2.38769,5.19485e+08
2,0,1.45,-0.270598,0,-2.38469,4.93886e+08
2,0,1.45,-0.270598,0,-2.38169,5.75473e+08
2,0,1.45,-0.270598,0,-2.37869,4.08525e+08
2,0,1.45,-0.270598,0,-2.37569,-4.39718e+08
2,0,1.45,-0.270598,0,-2.37269,-4.6396e+08
2,0,1.45,-0.270598,0,-2.36968,-4.58457e+08
2,0,1.45,-0.270598,0,-2.36668,-5.11105e+08
2,0,1.45,-0.270598,0,-2.36368,-5.68097e+08
2,0,1.45,-0.270598,0,-2.36068,-4.96266e+08
2,0,1.45,-0.270598,0,-2.35768,-4.88162e+08
2,0,1.45,-0.270598,0,-2.35468,-5.35454e+08
2,0,1.45,-0.270598,0,-2.35168,-4.89896e+08
2,0,1.45,-0.270598,0,-2.34867,-6.06492e+08
2,0,1.45,-0.270598,0,-2.34567,-5.23089e+08
2,0,1.45,-0.270598,0,-2.34267,-5.61357e+08
2,0,1.45,-0.270598,0,-2.33967,-4.94646e+08
2,0,1.45,-0.270598,0,-2.33667,-5.50997e+08
2,0,1.45,-0.270598,0,-2.33367,-4.80587e+08
2,0,1.45,-0.270598,0,-2.33067,-5.15e+08
2,0,1.45,-0.270598,0,-2.32766,-5.08595e+08
2,0,1.45,-0.270598,0,-2.32466,-4.90202e+08
2,0,1.45,-0.270598,0,-2.32166,-5.2246e+08
2,0,1.45,-0.270598,0,-2.31866,-5.07534e+08
2,0,1.45,-0.270598,0,-2.31566,-5.98939e+08
2,0,1.45,-0.270598,0,-2.31266,-4.89178e+08
2,0,1.45,-0.270598,0,-2.30965,-5.35143e+08
2,0,1.45,-0.270598,0,-2.30665,-6.24439e+08
2,0,1.45,-0.270598,0,-2.30365,-5.80699e+08
2,0,1.45,-0.270598,0,-2.30065,-5.12977e+08
2,0,1.45,-0.270598,0,-2.29765,-5.23529e+08
2,0,1.45,-0.270598,0,-2.29465,-5.0722e+08
2,0,1.45,-0.270598,0,-2.29165,-5.02014e+08
2,0,1.45,-0.270598,0,-2.28864,-5.78586e+08
2,0,1.45,-0.270598,0,-2.28564,-5.443e+08
2,0,1.45,-0.270598,0,-2.28264,-6.1585e+08
2,0,1.45,-0.270598,0,-2.27964,-5.0308e+08
2,0,1.45,-0.270598,0,-2.27664,-5.95141e+08
2,0,1.45,-0.270598,0,-2.27364,-5.23477e+08
2,0,1.45,-0.270598,0,-2.27064,-5.45568e+08
2,0,1.45,-0.270598,0,-2.26763,-5.79659e+08
2,0,1.45,-0.270598,0,-2.26463,-5.15413e+08
2,0,1.45,-0.270598,0,-2.26163,-6.11071e+08
2,0,1.45,-0.270598,0,-2.25863,-6.36827e+08
2,0,1.45,-0.270598,0,-2.25563,-6.22693e+08
2,0,1.45,-0.270598,0,-2.25263,-5.80664e+08
2,0,1.45,-0.270598,0,-2.24962,-5.96125e+08
2,0,1.45,-0.270598,0,-2.24662,-5.43733e+08
2,0,1.45,-0.270598,0,-2.24362,-5.66271e+08
2,0,1.45,-0.270598,0,-2.24062,-5.52937e+08
2,0,1.45,-0.270598,0,-2.23762,-5.43605e+08
2,0,1.45,-0.270598,0,-2.23462,-5.09817e+08
2,0,1.45,-0.270598,0,-2.23162,-5.63345e+08
2,0,1.45,-0.270598,0,-2.22861,-5.84985e+08
2,0,1.45,-0.270598,0,-2.22561,-6.07018e+08
2,0,1.45,-0.270598,0,-2.22261,-6.5348e+08
2,0,1.45,-0.270598,0,-2.21961,-5.11193e+08
2,0,1.45,-0.270598,0,-2.21661,-5.09399e+08
2,0,1.45,-0.270598,0,-2.21361,-5.68497e+08
2,0,1.45,-0.270598,0,-2.21061,-5.58305e+08
2,0,1.45,-0.270598,0,-2.2076,-5.28111e+08
2,0,1.45,-0.270598,0,-2.2046,-5.66414e+08
2,0,1.45,-0.270598,0,-2.2016,-6.10251e+08
2,0,1.45,-0.270598,0,-2.1986,-5.36939e+08
2,0,1.45,-0.270598,0,-2.1956,-6.19968e+08
2,0,1.45,-0.270598,0,-2.1926,-6.29944e+08
2,0,1.45,-0.270598,0,-2.18959,-5.0948e+08
2,0,1.45,-0.270598,0,-2.18659,-6.19114e+08
2,0,1.45,-0.270598,0,-2.18359,-6.03385e+08
2,0,1.45,-0.270598,0,-2.18059,-5.0823e+08
2,0,1.45,-0.270598,0,-2.17759,-6.3436e+08
2,0,1.45,-0.270598,0,-2.17459,-5.17734e+08
2,0,1.45,-0.270598,0,-2.17159,-5.35625e+08
2,0,1.45,-0.270598,0,-2.16858,-5.8474e+08
2,0,1.45,-0.270598,0,-2.16558,-5.76771e+08
2,0,1.45,-0.270598,0,-2.16258,-5.14917e+08
2,0,1.45,-0.270598,0,-2.15958,-5.90574e+08
2,0,1.45,-0.270598,0,-2.15658,-5.255e+08
2,0,1.45,-0.270598,0,-2.15358,-6.00418e+08
2,0,1.45,-0.270598,0,-2.15058,-5.53064e+08
2,0,1.45,-0.270598,0,-2.14757,-5.53957e+08
2,0,1.45,-0.270598,0,-2.14457,-5.6946e+08
2,0,1.45,-0.270598,0,-2.14157,-6.26146e+08
2,0,1.45,-0.270598,0,-2.13857,-5.70184e+08
2,0,1.45,-0.270598,0,-2.13557,-5.89227e+08
2,0,1.45,-0.270598,0,-2.13257,-5.83132e+08
2,0,1.45,-0.270598,0,-2.12956,-6.21594e+08
2,0,1.45,-0.270598,0,-2.12656,-5.39494e+08
2,0,1.45,-0.270598,0,-2.12356,-5.16835e+08
2,0,1.45,-0.270598,0,-2.12056,-6.51349e+08
2,0,1.45,-0.270598,0,-2.11756,-5.63653e+08
2,0,1.45,-0.270598,0,-2.11456,-6.43229e+08
2,0,1.45,-0.270598,0,-2.11156,-6.44937e+08
2,0,1.45,-0.270598,0,-2.10855,-5.16022e+08
2,0,1.45,-0.270598,0,-2.10555,-5.43474e+08
2,0,1.45,-0.270598,0,-2.10255,-5.2397e+08
2,0,1.45,-0.270598,0,-2.09955,-5.41533e+08
2,0,1.45,-0.270598,0,-2.09655,-5.28356e+08
2,0,1.45,-0.270598,0,-2.09355,-5.35192e+08
2,0,1.45,-0.270598,0,-2.09055,-5.42357e+08
2,0,1.45,-0.270598,0,-2.08754,-6.21621e+08
2,0,1.45,-0.270598,0,-2.08454,-5.64415e+08
2,0,1.45,-0.270598,0,-2.08154,-5.69016e+08
2,0,1.45,-0.270598,0,-2.07854,-6.63598e+08
2,0,1.45,-0.270598,0,-2.07554,-5.87234e+08
2,0,1.45,-0.270598,0,-2.07254,-6.06068e+08
2,0,1.45,-0.270598,0,-2.06953,-5.16157e+08
2,0,1.45,-0.270598,0,-2.06653,-6.50507e+08
2,0,1.45,-0.270598,0,-2.06353,-5.28253e+08
2,0,1.45,-0.270598,0,-2.06053,-5.33672e+08
2,0,1.45,-0.270598,0,-2.05753,-5.39318e+08
2,0,1.45,-0.270598,0,-2.05453,-5.52547e+08
2,0,1.45,-0.270598,0,-2.05153,-6.13975e+08
2,0,1.45,-0.270598,0,-2.04852,-6.48984e+08
2,0,1.45,-0.270598,0,-2.04552,-5.58067e+08
2,0,1.45,-0.270598,0,-2.04252,-6.15774e+08
2,0,1.45,-0.270598,0,-2.03952,-5.83003e+08
2,0,1.45,-0.270598,0,-2.03652,-5.82819e+08
2,0,1.45,-0.270598,0,-2.03352,-5.8717e+08
2,0,1.45,-0.270598,0,-2.03052,-6.54508e+08
2,0,1.45,-0.270598,0,-2.02751,-6.07394e+08
2,0,1.45,-0.270598,0,-2.02451,-6.15534e+08
2,0,1.45,-0.270598,0,-2.02151,-6.22112e+08
2,0,1.45,-0.270598,0,-2.01851,-6.27246e+08
2,0,1.45,-0.270598,0,-2.01551,-5.62769e+08
2,0,1.45,-0.270598,0,-2.01251,-5.56433e+08
2,0,1.45,-0.270598,0,-2.0095,-5.74074e+08
2,0,1.45,-0.270598,0,-2.0065,-6.42375e+08
2,0,1.45,-0.270598,0,-2.0035,-5.80933e+08
2,0,1.45,-0.270598,0,-2.0005,-6.65067e+08
2,0,1.45,-0.270598,0,-1.9975,-5.96066e+08
2,0,1.45,-0.270598,0,-1.9945,-6.69262e+08
2,0,1.45,-0.270598,0,-1.9915,-6.05759e+08
2,0,1.45,-0.270598,0,-1.98849,-5.25845e+08
2,0,1.45,-0.270598,0,-1.98549,-5.72039e+08
2,0,1.45,-0.270598,0,-1.98249,-6.27786e+08
2,0,1.45,-0.270598,0,-1.97949,-5.36912e+08
2,0,1.45,-0.270598,0,-1.97649,-5.45185e+08
2,0,1.45,-0.270598,0,-1.97349,-6.03553e+08
2,0,1.45,-0.270598,0,-1.97049,-5.52548e+08
2,0,1.45,-0.270598,0,-1.96748,-5.55814e+08
2,0,1.45,-0.270598,0,-1.96448,-6.58477e+08
2,0,1.45,-0.270598,0,-1.96148,-6.62196e+08
2,0,1.45,-0.270598,0,-1.95848,-5.70261e+08
2,0,1.45,-0.270598,0,-1.95548,-5.75148e+08
2,0,1.45,-0.270598,0,-1.95248,-5.80519e+08
2,0,1.45,-0.270598,0,-1.94947,-5.83535e+08
2,0,1.45,-0.270598,0,-1.94647,-6.70735e+08
2,0,1.45,-0.270598,0,-1.94347,-5.39712e+08
2,0,1.45,-0.270598,0,-1.94047,-5.27811e+08
2,0,1.45,-0.270598,0,-1.93747,-6.85787e+08
2,0,1.45,-0.270598,0,-1.93447,-6.85404e+08
2,0,1.45,-0.270598,0,-1.93147,-6.71719e+08
2,0,1.45,-0.270598,0,-1.92846,-5.54679e+08
2,0,1.45,-0.270598,0,-1.92546,-5.49422e+08
2,0,1.45,-0.270598,0,-1.92246,-5.38889e+08
2,0,1.45,-0.270598,0,-1.91946,-6.44034e+08
2,0,1.45,-0.270598,0,-1.91646,-5.38394e+08
2,0,1.45,-0.270598,0,-1.91346,-5.51661e+08
2,0,1.45,-0.270598,0,-1.91046,-5.71305e+08
2,0,1.45,-0.270598,0,-1.90745,-5.75789e+08
2,0,1.45,-0.270598,0,-1.90445,-5.92194e+08
2,0,1.45,-0.270598,0,-1.90145,-6.77176e+08
2,0,1.45,-0.270598,0,-1.89845,-5.89601e+08
2,0,1.45,-0.270598,0,-1.89545,-6.01929e+08
2,0,1.45,-0.270598,0,-1.89245,-6.06554e+08
2,0,1.45,-0.270598,0,-1.88944,-5.85947e+08
2,0,1.45,-0.270598,0,-1.88644,-6.85431e+08
2,0,1.45,-0.270598,0,-1.88344,-6.11094e+08
2,0,1.45,-0.270598,0,-1.88044,-6.2272e+08
2,0,1.45,-0.270598,0,-1.87744,-5.44461e+08
2,0,1.45,-0.270598,0,-1.87444,-5.6693e+08
2,0,1.45,-0.270598,0,-1.87144,-6.2883e+08
2,0,1.45,-0.270598,0,-1.86843,-6.31546e+08
2,0,1.45,-0.270598,0,-1.86543,-6.25138e+08
2,0,1.45,-0.270598,0,-1.86243,-6.50441e+08
2,0,1.45,-0.270598,0,-1.85943,-6.57554e+08
2,0,1.45,-0.270598,0,-1.85643,-6.28394e+08
2,0,1.45,-0.270598,0,-1.85343,-5.79904e+08
2,0,1.45,-0.270598,0,-1.85043,-5.38029e+08
2,0,1.45,-0.270598,0,-1.84742,-6.64616e+08
2,0,1.45,-0.270598,0,-1.84442,-6.68919e+08
2,0,1.45,-0.270598,0,-1.84142,-6.73388e+08
2,0,1.45,-0.270598,0,-1.83842,-5.96122e+08
2,0,1.45,-0.270598,0,-1.83542,-6.82328e+08
2,0,1.45,-0.270598,0,-1.83242,-6.54385e+08
2,0,1.45,-0.270598,0,-1.82941,-6.72688e+08
2,0,1.45,-0.270598,0,-1.82641,-5.38891e+08
2,0,1.45,-0.270598,0,-1.82341,-5.37267e+08
2,0,1.45,-0.270598,0,-1.82041,-6.06884e+08
2,0,1.45,-0.270598,0,-1.81741,-5.44991e+08
2,0,1.45,-0.270598,0,-1.81441,-5.55072e+08
2,0,1.45,-0.270598,0,-1.81141,-5.51145e+08
2,0,1.45,-0.270598,0,-1.8084,-6.42752e+08
2,0,1.45,-0.270598,0,-1.8054,-5.58105e+08
2,0,1.45,-0.270598,0,-1.8024,-5.61432e+08
2,0,1.45,-0.270598,0,-1.7994,-5.51505e+08
2,0,1.45,-0.270598,0,-1.7964,-5.68331e+08
2,0,1.45,-0.270598,0,-1.7934,-6.53651e+08
2,0,1.45,-0.270598,0,-1.7904,-5.75232e+08
2,0,1.45,-0.270598,0,-1.78739,-6.72408e+08
2,0,1.45,-0.270598,0,-1.78439,-5.82796e+08
2,0,1.45,-0.270598,0,-1.78139,-5.72149e+08
2,0,1.45,-0.270598,0,-1.77839,-6.59257e+08
2,0,1.45,-0.270598,0,-1.77539,-5.92433e+08
2,0,1.45,-0.270598,0,-1.77239,-6.44041e+08
2,0,1.45,-0.270598,0,-1.76938,-5.99855e+08
2,0,1.45,-0.270598,0,-1.76638,-6.08663e+08
2,0,1.45,-0.270598,0,-1.76338,-5.97145e+08
2,0,1.45,-0.270598,0,-1.76038,-5.79382e+08
2,0,1.45,-0.270598,0,-1.75738,-6.127e+08
2,0,1.45,-0.270598,0,-1.75438,-5.90337e+08
2,0,1.45,-0.270598,0,-1.75138,-5.35546e+08
2,0,1.45,-0.270598,0,-1.74837,-5.41782e+08
2,0,1.45,-0.270598,0,-1.74537,-5.35735e+08
2,0,1.45,-0.270598,0,-1.74237,-6.30187e+08
2,0,1.45,-0.270598,0,-1.73937,-5.55951e+08
2,0,1.45,-0.270598,0,-1.73637,-6.41361e+08
2,0,1.45,-0.270598,0,-1.73337,-6.40441e+08
2,0,1.45,-0.270598,0,-1.73037,-6.49819e+08
2,0,1.45,-0.270598,0,-1.72736,-6.5537e+08
2,0,1.45,-0.270598,0,-1.72436,-5.82084e+08
2,0,1.45,-0.270598,0,-1.72136,-5.79282e+08
2,0,1.45,-0.270598,0,-1.71836,-5.68558e+08
2,0,1.45,-0.270598,0,-1.71536,-6.64979e+08
2,0,1.45,-0.270598,0,-1.71236,-5.71104e+08
2,0,1.45,-0.270598,0,-1.70935,-6.73471e+08
2,0,1.45,-0.270598,0,-1.70635,-6.76742e+08
2,0,1.45,-0.270598,0,-1.70335,-6.78891e+08
2,0,1.45,-0.270598,0,-1.70035,-5.6978e+08
2,0,1.45,-0.270598,0,-1.69735,-6.88231e+08
2,0,1.45,-0.270598,0,-1.69435,-6.84643e+08
2,0,1.45,-0.270598,0,-1.69135,-6.51664e+08
2,0,1.45,-0.270598,0,-1.68834,-5.83505e+08
2,0,1.45,-0.270598,0,-1.68534,-5.94338e+08
2,0,1.45,-0.270598,0,-1.68234,-6.1223e+08
2,0,1.45,-0.270598,0,-1.67934,-6.17439e+08
2,0,1.45,-0.270598,0,-1.67634,-6.15987e+08
2,0,1.45,-0.270598,0,-1.67334,-5.48481e+08
2,0,1.45,-0.270598,0,-1.67034,-5.47759e+08
2,0,1.45,-0.270598,0,-1.66733,-5.50104e+08
2,0,1.45,-0.270598,0,-1.66433,-5.52714e+08
2,0,1.45,-0.270598,0,-1.66133,-6.23306e+08
2,0,1.45,-0.270598,0,-1.65833,-6.34179e+08
2,0,1.45,-0.270598,0,-1.65533,-5.60324e+08
2,0,1.45,-0.270598,0,-1.65233,-5.68121e+08
2,0,1.45,-0.270598,0,-1.64932,-6.29442e+08
2,0,1.45,-0.270598,0,-1.64632,-6.32424e+08
2,0,1.45,-0.270598,0,-1.64332,-5.70631e+08
2,0,1.45,-0.270598,0,-1.64032,-5.71505e+08
2,0,1.45,-0.270598,0,-1.63732,-5.82301e+08
2,0,1.45,-0.270598,0,-1.63432,-6.58307e+08
2,0,1.45,-0.270598,0,-1.63132,-5.8066e+08
2,0,1.45,-0.270598,0,-1.62831,-6.34751e+08
2,0,1.45,-0.270598,0,-1.62531,-5.61729e+08
2,0,1.45,-0.270598,0,-1.62231,-5.61969e+08
2,0,1.45,-0.270598,0,-1.61931,-6.56403e+08
2,0,1.45,-0.270598,0,-1.61631,-5.99447e+08
2,0,1.45,-0.270598,0,-1.61331,-5.95995e+08
2,0,1.45,-0.270598,0,-1.61031,-5.47569e+08
2,0,1.45,-0.270598,0,-1.6073,-6.59939e+08
2,0,1.45,-0.270598,0,-1.6043,-6.89085e+08
2,0,1.45,-0.270598,0,-1.6013,-6.08206e+08
2,0,1.45,-0.270598,0,-1.5983,-5.38397e+08
2,0,1.45,-0.270598,0,-1.5953,-6.79176e+08
2,0,1.45,-0.270598,0,-1.5923,-6.69886e+08
2,0,1.45,-0.270598,0,-1.58929,-5.41004e+08
2,0,1.45,-0.270598,0,-1.58629,-5.47098e+08
2,0,1.45,-0.270598,0,-1.58329,-6.2994e+08
2,0,1.45,-0.270598,0,-1.58029,-5.61524e+08
2,0,1.45,-0.270598,0,-1.57729,-5.53215e+08
2,0,1.45,-0.270598,0,-1.57429,-5.39916e+08
2,0,1.45,-0.270598,0,-1.57129,-5.48713e+08
2,0,1.45,-0.270598,0,-1.56828,-5.37165e+08
2,0,1.45,-0.270598,0,-1.56528,-6.36615e+08
2,0,1.45,-0.270598,0,-1.56228,-6.06796e+08
2,0,1.45,-0.270598,0,-1.55928,-6.43149e+08
2,0,1.45,-0.270598,0,-1.55628,-6.21737e+08
2,0,1.45,-0.270598,0,-1.55328,-5.6977e+08
2,0,1.45,-0.270598,0,-1.55028,-5.71694e+08
2,0,1.45,-0.270598,0,-1.54727,-5.83944e+08
2,0,1.45,-0.270598,0,-1.54427,-6.52033e+08
2,0,1.45,-0.270598,0,-1.54127,-5.73663e+08
2,0,1.45,-0.270598,0,-1.53827,-5.40841e+08
2,0,1.45,-0.270598,0,-1.53527,-6.20118e+08
2,0,1.45,-0.270598,0,-1.53227,-6.63254e+08
2,0,1.45,-0.270598,0,-1.52926,-6.63313e+08
2,0,1.45,-0.270598,0,-1.52626,-6.46584e+08
2,0,1.45,-0.270598,0,-1.52326,-5.82687e+08
2,0,1.45,-0.270598,0,-1.52026,-5.67841e+08
2,0,1.45,-0.270598,0,-1.51726,-6.77114e+08
2,0,1.45,-0.270598,0,-1.51426,-6.64579e+08
2,0,1.45,-0.270598,0,-1.51126,-5.99258e+08
2,0,1.45,-0.270598,0,-1.50825,-6.5144e+08
2,0,1.45,-0.270598,0,-1.50525,-5.63964e+08
2,0,1.45,-0.270598,0,-1.50225,-6.44908e+08
2,0,1.45,-0.270598,0,-1.49925,-6.27029e+08
2,0,1.45,-0.270598,0,-1.49625,-5.98367e+08
2,0,1.45,-0.270598,0,-1.49325,-5.6236e+08
2,0,1.45,-0.270598,0,-1.49025,-6.85277e+08
2,0,1.45,-0.270598,0,-1.48724,-6.06641e+08
2,0,1.45,-0.270598,0,-1.48424,-6.14098e+08
2,0,1.45,-0.270598,0,-1.48124,-6.5843e+08
2,0,1.45,-0.270598,0,-1.47824,-6.17711e+08
2,0,1.45,-0.270598,0,-1.47524,-5.39078e+08
2,0,1.45,-0.270598,0,-1.47224,-6.68147e+08
2,0,1.45,-0.270598,0,-1.46923,-6.81837e+08
2,0,1.45,-0.270598,0,-1.46623,-5.36359e+08
2,0,1.45,-0.270598,0,-1.46323,-6.30577e+08
2,0,1.45,-0.270598,0,-1.46023,-6.2291e+08
2,0,1.45,-0.270598,0,-1.45723,-6.77421e+08
2,0,1.45,-0.270598,0,-1.45423,-5.48705e+08
2,0,1.45,-0.270598,0,-1.45123,-6.28001e+08
2,0,1.45,-0.270598,0,-1.44822,-5.55002e+08
2,0,1.45,-0.270598,0,-1.44522,-6.31134e+08
2,0,1.45,-0.270598,0,-1.44222,-6.30648e+08
2,0,1.45,-0.270598,0,-1.43922,-5.59338e+08
2,0,1.45,-0.270598,0,-1.43622,-7.09354e+08
2,0,1.45,-0.270598,0,-1.43322,-5.577e+08
2,0,1.45,-0.270598,0,-1.43022,-6.05462e+08
2,0,1.45,-0.270598,0,-1.42721,-5.56877e+08
2,0,1.45,-0.270598,0,-1.42421,-6.42279e+08
2,0,1.45,-0.270598,0,-1.42121,-6.44197e+08
2,0,1.45,-0.270598,0,-1.41821,-6.43448e+08
2,0,1.45,-0.270598,0,-1.41521,-5.5354e+08
2,0,1.45,-0.270598,0,-1.41221,-6.48514e+08
2,0,1.45,-0.270598,0,-1.4092,-5.70489e+08
2,0,1.45,-0.270598,0,-1.4062,-5.72145e+08
2,0,1.45,-0.270598,0,-1.4032,-6.58978e+08
2,0,1.45,-0.270598,0,-1.4002,-6.60762e+08
2,0,1.45,-0.270598,0,-1.3972,-5.42483e+08
2,0,1.45,-0.270598,0,-1.3942,-6.57762e+08
2,0,1.45,-0.270598,0,-1.3912,-5.75888e+08
2,0,1.45,-0.270598,0,-1.38819,-5.68052e+08
2,0,1.45,-0.270598,0,-1.38519,-6.69791e+08
2,0,1.45,-0.270598,0,-1.38219,-6.58868e+08
2,0,1.45,-0.270598,0,-1.37919,-6.55675e+08
2,0,1.45,-0.270598,0,-1.37619,-6.66041e+08
2,0,1.45,-0.270598,0,-1.37319,-6.67518e+08
2,0,1.45,-0.270598,0,-1.37019,-5.90706e+08
2,0,1.45,-0.270598,0,-1.36718,-6.69956e+08
2,0,1.45,-0.270598,0,-1.36418,-5.88915e+08
2,0,1.45,-0.270598,0,-1.36118,-6.72305e+08
2,0,1.45,-0.270598,0,-1.35818,-6.41115e+08
2,0,1.45,-0.270598,0,-1.35518,-5.90919e+08
2,0,1.45,-0.270598,0,-1.35218,-5.44124e+08
2,0,1.45,-0.270598,0,-1.34917,-6.75013e+08
2,0,1.45,-0.270598,0,-1.34617,-6.78531e+08
2,0,1.45,-0.270598,0,-1.34317,-6.29014e+08
2,0,1.45,-0.270598,0,-1.34017,-5.89338e+08
2,0,1.45,-0.270598,0,-1.33717,-5.67392e+08
2,0,1.45,-0.270598,0,-1.33417,-5.98899e+08
2,0,1.45,-0.270598,0,-1.33117,-6.84325e+08
2,0,1.45,-0.270598,0,-1.32816,-5.95442e+08
2,0,1.45,-0.270598,0,-1.32516,-6.70125e+08
2,0,1.45,-0.270598,0,-1.32216,-6.87687e+08
2,0,1.45,-0.270598,0,-1.31916,-6.38663e+08
2,0,1.45,-0.270598,0,-1.31616,-6.8909e+08
2,0,1.45,-0.270598,0,-1.31316,-6.90794e+08
2,0,1.45,-0.270598,0,-1.31016,-6.99509e+08
2,0,1.45,-0.270598,0,-1.30715,-6.08053e+08
2,0,1.45,-0.270598,0,-1.30415,-6.90193e+08
2,0,1.45,-0.270598,0,-1.30115,-6.92203e+08
2,0,1.45,-0.270598,0,-1.29815,-6.92609e+08
2,0,1.45,-0.270598,0,-1.29515,-6.964e+08
2,0,1.45,-0.270598,0,-1.29215,-5.36613e+08
2,0,1.45,-0.270598,0,-1.28914,-5.37254e+08
2,0,1.45,-0.270598,0,-1.28614,-5.36675e+08
2,0,1.45,-0.270598,0,-1.28314,-5.38525e+08
2,0,1.45,-0.270598,0,-1.28014,-6.20078e+08
2,0,1.45,-0.270598,0,-1.27714,-6.50947e+08
2,0,1.45,-0.270598,0,-1.27414,-6.01161e+08
2,0,1.45,-0.270598,0,-1.27114,-5.96913e+08
2,0,1.45,-0.270598,0,-1.26813,-5.44043e+08
2,0,1.45,-0.270598,0,-1.26513,-5.42161e+08
2,0,1.45,-0.270598,0,-1.26213,-6.18907e+08
2,0,1.45,-0.270598,0,-1.25913,-5.48696e+08
2,0,1.45,-0.270598,0,-1.25613,-6.00407e+08
2,0,1.45,-0.270598,0,-1.25313,-5.43968e+08
2,0,1.45,-0.270598,0,-1.25013,-5.47362e+08
2,0,1.45,-0.270598,0,-1.24712,-5.52387e+08
2,0,1.45,-0.270598,0,-1.24412,-5.48042e+08
2,0,1.45,-0.270598,0,-1.24112,-5.47319e+08
2,0,1.45,-0.270598,0,-1.23812,-5.46246e+08
2,0,1.45,-0.270598,0,-1.23512,-6.21131e+08
2,0,1.45,-0.270598,0,-1.23212,-6.77462e+08
2,0,1.45,-0.270598,0,-1.22911,-5.47613e+08
2,0,1.45,-0.270598,0,-1.22611,-6.82556e+08
2,0,1.45,-0.270598,0,-1.22311,-6.29839e+08
2,0,1.45,-0.270598,0,-1.22011,-5.48173e+08
2,0,1.45,-0.270598,0,-1.21711,-6.31596e+08
2,0,1.45,-0.270598,0,-1.21411,-7.11708e+08
2,0,1.45,-0.270598,0,-1.21111,-6.09861e+08
2,0,1.45,-0.270598,0,-1.2081,-5.49211e+08
2,0,1.45,-0.270598,0,-1.2051,-5.49386e+08
2,0,1.45,-0.270598,0,-1.2021,-5.49655e+08
2,0,1.45,-0.270598,0,-1.1991,-5.49751e+08
2,0,1.45,-0.270598,0,-1.1961,-6.27007e+08
2,0,1.45,-0.270598,0,-1.1931,-5.99934e+08
2,0,1.45,-0.270598,0,-1.1901,-5.57967e+08
2,0,1.45,-0.270598,0,-1.18709,-5.50144e+08
2,0,1.45,-0.270598,0,-1.18409,-5.5104e+08
2,0,1.45,-0.270598,0,-1.18109,-5.54189e+08
2,0,1.45,-0.270598,0,-1.17809,-6.26325e+08
2,0,1.45,-0.270598,0,-1.17509,-5.54061e+08
2,0,1.45,-0.270598,0,-1.17209,-6.92665e+08
2,0,1.45,-0.270598,0,-1.16908,-5.50389e+08
2,0,1.45,-0.270598,0,-1.16608,-5.48469e+08
2,0,1.45,-0.270598,0,-1.16308,-5.54334e+08
2,0,1.45,-0.270598,0,-1.16008,-5.56539e+08
2,0,1.45,-0.270598,0,-1.15708,-6.28132e+08
2,0,1.45,-0.270598,0,-1.15408,-6.85043e+08
2,0,1.45,-0.270598,0,-1.15108,-5.49891e+08
2,0,1.45,-0.270598,0,-1.14807,-5.5427e+08
2,0,1.45,-0.270598,0,-1.14507,-6.33918e+08
2,0,1.45,-0.270598,0,-1.14207,-5.49458e+08
2,0,1.45,-0.270598,0,-1.13907,-5.49087e+08
2,0,1.45,-0.270598,0,-1.13607,-7.04451e+08
2,0,1.45,-0.270598,0,-1.13307,-5.52719e+08
2,0,1.45,-0.270598,0,-1.13007,-7.09153e+08
2,0,1.45,-0.270598,0,-1.12706,-6.76384e+08
2,0,1.45,-0.270598,0,-1.12406,-5.50058e+08
2,0,1.45,-0.270598,0,-1.12106,-5.52275e+08
2,0,1.45,-0.270598,0,-1.11806,-5.46965e+08
2,0,1.45,-0.270598,0,-1.11506,-6.06624e+08
2,0,1.45,-0.270598,0,-1.11206,-6.21442e+08
2,0,1.45,-0.270598,0,-1.10905,-6.99505e+08
2,0,1.45,-0.270598,0,-1.10605,-5.46346e+08
2,0,1.45,-0.270598,0,-1.10305,-5.45222e+08
2,0,1.45,-0.270598,0,-1.10005,-5.44497e+08
2,0,1.45,-0.270598,0,-1.09705,-5.47844e+08
2,0,1.45,-0.270598,0,-1.09405,-5.43428e+08
2,0,1.45,-0.270598,0,-1.09105,-5.48136e+08
2,0,1.45,-0.270598,0,-1.08804,-6.20727e+08
2,0,1.45,-0.270598,0,-1.08504,-5.50282e+08
2,0,1.45,-0.270598,0,-1.08204,-5.4149e+08
2,0,1.45,-0.270598,0,-1.07904,-6.08046e+08
2,0,1.45,-0.270598,0,-1.07604,-6.52846e+08
2,0,1.45,-0.270598,0,-1.07304,-6.15033e+08
2,0,1.45,-0.270598,0,-1.07004,-5.39269e+08
2,0,1.45,-0.270598,0,-1.06703,-5.40027e+08
2,0,1.45,-0.270598,0,-1.06403,-5.36916e+08
2,0,1.45,-0.270598,0,-1.06103,-5.34584e+08
2,0,1.45,-0.270598,0,-1.05803,-5.35862e+08
2,0,1.45,-0.270598,0,-1.05503,-5.3488e+08
2,0,1.45,-0.270598,0,-1.05203,-6.93517e+08
2,0,1.45,-0.270598,0,-1.04902,-6.92342e+08
2,0,1.45,-0.270598,0,-1.04602,-5.92298e+08
2,0,1.45,-0.270598,0,-1.04302,-5.66452e+08
2,0,1.45,-0.270598,0,-1.04002,-5.35411e+08
2,0,1.45,-0.270598,0,-1.03702,-5.95193e+08
2,0,1.45,-0.270598,0,-1.03402,-6.86364e+08
2,0,1.45,-0.270598,0,-1.03102,-6.75789e+08
2,0,1.45,-0.270598,0,-1.02801,-6.83546e+08
2,0,1.45,-0.270598,0,-1.02501,-5.88258e+08
2,0,1.45,-0.270598,0,-1.02201,-6.80733e+08
2,0,1.45,-0.270598,0,-1.01901,-6.43604e+08
2,0,1.45,-0.270598,0,-1.01601,-6.85273e+08
2,0,1.45,-0.270598,0,-1.01301,-6.76808e+08
2,0,1.45,-0.270598,0,-1.01001,-5.94286e+08
2,0,1.45,-0.270598,0,-1.007,-6.73106e+08
2,0,1.45,-0.270598,0,-1.004,-6.80122e+08
2,0,1.45,-0.270598,0,-1.001,-5.96204e+08
2,0,1.45,-0.270598,0,-0.997999,-5.8568e+08
2,0,1.45,-0.270598,0,-0.994997,-6.66481e+08
2,0,1.45,-0.270598,0,-0.991996,-5.84845e+08
2,0,1.45,-0.270598,0,-0.988994,-6.63115e+08
2,0,1.45,-0.270598,0,-0.985993,-5.81086e+08
2,0,1.45,-0.270598,0,-0.982991,-5.5237e+08
2,0,1.45,-0.270598,0,-0.97999,-6.57592e+08
2,0,1.45,-0.270598,0,-0.976988,-6.6655e+08
2,0,1.45,-0.270598,0,-0.973987,-6.59352e+08
2,0,1.45,-0.270598,0,-0.970985,-5.74261e+08
2,0,1.45,-0.270598,0,-0.967984,-6.49583e+08
2,0,1.45,-0.270598,0,-0.964982,-6.11984e+08
2,0,1.45,-0.270598,0,-0.961981,-5.39866e+08
2,0,1.45,-0.270598,0,-0.958979,-6.43286e+08
2,0,1.45,-0.270598,0,-0.955978,-5.68513e+08
2,0,1.45,-0.270598,0,-0.952976,-6.389e+08
2,0,1.45,-0.270598,0,-0.949975,-6.36951e+08
2,0,1.45,-0.270598,0,-0.946973,-6.41523e+08
2,0,1.45,-0.270598,0,-0.943972,-6.44486e+08
2,0,1.45,-0.270598,0,-0.94097,-5.40984e+08
2,0,1.45,-0.270598,0,-0.937969,-5.43723e+08
2,0,1.45,-0.270598,0,-0.934967,-6.93786e+08
2,0,1.45,-0.270598,0,-0.931966,-6.22569e+08
2,0,1.45,-0.270598,0,-0.928964,-5.48378e+08
2,0,1.45,-0.270598,0,-0.925963,-6.18906e+08
2,0,1.45,-0.270598,0,-0.922961,-6.23789e+08
2,0,1.45,-0.270598,0,-0.91996,-6.01889e+08
2,0,1.45,-0.270598,0,-0.916958,-5.67052e+08
2,0,1.45,-0.270598,0,-0.913957,-6.07224e+08
2,0,1.45,-0.270598,0,-0.910955,-6.80348e+08
2,0,1.45,-0.270598,0,-0.907954,-6.76267e+08
2,0,1.45,-0.270598,0,-0.904952,-6.20354e+08
2,0,1.45,-0.270598,0,-0.901951,-6.05241e+08
2,0,1.45,-0.270598,0,-0.898949,-5.9334e+08
2,0,1.45,-0.270598,0,-0.895948,-5.59484e+08
2,0,1.45,-0.270598,0,-0.892946,-5.8739e+08
2,0,1.45,-0.270598,0,-0.889945,-6.6739e+08
2,0,1.45,-0.270598,0,-0.886943,-5.78998e+08
2,0,1.45,-0.270598,0,-0.883942,-6.00444e+08
2,0,1.45,-0.270598,0,-0.88094,-5.75227e+08
2,0,1.45,-0.270598,0,-0.877939,-5.72287e+08
2,0,1.45,-0.270598,0,-0.874937,-5.68928e+08
2,0,1.45,-0.270598,0,-0.871936,-5.71354e+08
2,0,1.45,-0.270598,0,-0.868934,-5.62681e+08
2,0,1.45,-0.270598,0,-0.865933,-5.59208e+08
2,0,1.45,-0.270598,0,-0.862931,-5.55966e+08
2,0,1.45,-0.270598,0,-0.85993,-5.53211e+08
2,0,1.45,-0.270598,0,-0.856928,-5.49171e+08
2,0,1.45,-0.270598,0,-0.853927,-6.7283e+08
2,0,1.45,-0.270598,0,-0.850925,-6.23203e+08
2,0,1.45,-0.270598,0,-0.847924,-6.68902e+08
2,0,1.45,-0.270598,0,-0.844922,-6.22927e+08
2,0,1.45,-0.270598,0,-0.841921,-5.31617e+08
2,0,1.45,-0.270598,0,-0.838919,-5.2803e+08
2,0,1.45,-0.270598,0,-0.835918,-5.29364e+08
2,0,1.45,-0.270598,0,-0.832916,-5.41522e+08
2,0,1.45,-0.270598,0,-0.829915,-6.73655e+08
2,0,1.45,-0.270598,0,-0.826913,-6.76571e+08
2,0,1.45,-0.270598,0,-0.823912,-6.29784e+08
2,0,1.45,-0.270598,0,-0.82091,-6.58584e+08
2,0,1.45,-0.270598,0,-0.817909,-6.63816e+08
2,0,1.45,-0.270598,0,-0.814907,-6.4225e+08
2,0,1.45,-0.270598,0,-0.811906,-6.43122e+08
2,0,1.45,-0.270598,0,-0.808904,-6.38703e+08
2,0,1.45,-0.270598,0,-0.805903,-6.33334e+08
2,0,1.45,-0.270598,0,-0.802901,-6.63989e+08
2,0,1.45,-0.270598,0,-0.7999,-6.21754e+08
2,0,1.45,-0.270598,0,-0.796898,-6.24846e+08
2,0,1.45,-0.270598,0,-0.793897,-5.84213e+08
2,0,1.45,-0.270598,0,-0.790895,-5.3366e+08
2,0,1.45,-0.270598,0,-0.787894,-5.99464e+08
2,0,1.45,-0.270598,0,-0.784892,-5.96166e+08
2,0,1.45,-0.270598,0,-0.781891,-6.80996e+08
2,0,1.45,-0.270598,0,-0.778889,-5.66663e+08
2,0,1.45,-0.270598,0,-0.775888,-5.79166e+08
2,0,1.45,-0.270598,0,-0.772886,-5.77622e+08
2,0,1.45,-0.270598,0,-0.769885,-5.55431e+08
2,0,1.45,-0.270598,0,-0.766883,-5.664e+08
2,0,1.45,-0.270598,0,-0.763882,-5.45316e+08
2,0,1.45,-0.270598,0,-0.76088,-5.33355e+08
2,0,1.45,-0.270598,0,-0.757879,-5.51954e+08
2,0,1.45,-0.270598,0,-0.754877,-5.33654e+08
2,0,1.45,-0.270598,0,-0.751876,-5.27378e+08
2,0,1.45,-0.270598,0,-0.748874,-5.2096e+08
2,0,1.45,-0.270598,0,-0.745873,-5.85036e+08
2,0,1.45,-0.270598,0,-0.742871,-6.75133e+08
2,0,1.45,-0.270598,0,-0.73987,-5.76922e+08
2,0,1.45,-0.270598,0,-0.736868,-5.62449e+08
2,0,1.45,-0.270598,0,-0.733867,-5.60743e+08
2,0,1.45,-0.270598,0,-0.730865,-6.69295e+08
2,0,1.45,-0.270598,0,-0.727864,-5.38042e+08
2,0,1.45,-0.270598,0,-0.724862,-6.19826e+08
2,0,1.45,-0.270598,0,-0.721861,-5.40683e+08
2,0,1.45,-0.270598,0,-0.718859,-6.45023e+08
2,0,1.45,-0.270598,0,-0.715858,-5.96553e+08
2,0,1.45,-0.270598,0,-0.712856,-5.94708e+08
2,0,1.45,-0.270598,0,-0.709855,-5.75872e+08
2,0,1.45,-0.270598,0,-0.706853,-5.54816e+08
2,0,1.45,-0.270598,0,-0.703852,-5.1958e+08
2,0,1.45,-0.270598,0,-0.70085,-5.4964e+08
2,0,1.45,-0.270598,0,-0.697849,-5.9917e+08
2,0,1.45,-0.270598,0,-0.694847,-5.28743e+08
2,0,1.45,-0.270598,0,-0.691846,-5.96155e+08
2,0,1.45,-0.270598,0,-0.688844,-5.6419e+08
2,0,1.45,-0.270598,0,-0.685843,-6.06247e+08
2,0,1.45,-0.270598,0,-0.682841,-5.41736e+08
2,0,1.45,-0.270598,0,-0.67984,-5.38078e+08
2,0,1.45,-0.270598,0,-0.676838,-5.23014e+08
2,0,1.45,-0.270598,0,-0.673837,-6.73145e+08
2,0,1.45,-0.270598,0,-0.670835,-6.57897e+08
2,0,1.45,-0.270598,0,-0.667834,-6.4213e+08
2,0,1.45,-0.270598,0,-0.664832,-6.26235e+08
2,0,1.45,-0.270598,0,-0.661831,-6.10446e+08
2,0,1.45,-0.270598,0,-0.658829,-6.17434e+08
2,0,1.45,-0.270598,0,-0.655828,-5.96226e+08
2,0,1.45,-0.270598,0,-0.652826,-5.62182e+08
2,0,1.45,-0.270598,0,-0.649825,-6.35058e+08
2,0,1.45,-0.270598,0,-0.646823,-6.01942e+08
2,0,1.45,-0.270598,0,-0.643822,-5.8242e+08
2,0,1.45,-0.270598,0,-0.64082,-6.60555e+08
2,0,1.45,-0.270598,0,-0.637819,-5.77064e+08
2,0,1.45,-0.270598,0,-0.634817,-5.07958e+08
2,0,1.45,-0.270598,0,-0.631816,-5.26533e+08
2,0,1.45,-0.270598,0,-0.628814,-5.70245e+08
2,0,1.45,-0.270598,0,-0.625813,-6.31765e+08
2,0,1.45,-0.270598,0,-0.622811,-5.32002e+08
2,0,1.45,-0.270598,0,-0.61981,-5.08235e+08
2,0,1.45,-0.270598,0,-0.616808,-5.47112e+08
2,0,1.45,-0.270598,0,-0.613807,-6.00983e+08
2,0,1.45,-0.270598,0,-0.610805,-6.38779e+08
2,0,1.45,-0.270598,0,-0.607804,-5.5407e+08
2,0,1.45,-0.270598,0,-0.604802,-5.67734e+08
2,0,1.45,-0.270598,0,-0.601801,-6.43306e+08
2,0,1.45,-0.270598,0,-0.598799,-5.36129e+08
2,0,1.45,-0.270598,0,-0.595798,-5.49803e+08
2,0,1.45,-0.270598,0,-0.592796,-5.28528e+08
2,0,1.45,-0.270598,0,-0.589795,-6.0124e+08
2,0,1.45,-0.270598,0,-0.586793,-6.39333e+08
2,0,1.45,-0.270598,0,-0.583792,-4.98596e+08
2,0,1.45,-0.270598,0,-0.58079,-5.02506e+08
2,0,1.45,-0.270598,0,-0.577789,-6.06197e+08
2,0,1.45,-0.270598,0,-0.574787,-6.18521e+08
2,0,1.45,-0.270598,0,-0.571786,-4.8764e+08
2,0,1.45,-0.270598,0,-0.568784,-5.18871e+08
2,0,1.45,-0.270598,0,-0.565783,-5.10492e+08
2,0,1.45,-0.270598,0,-0.562781,-5.58967e+08
2,0,1.45,-0.270598,0,-0.55978,-5.44818e+08
2,0,1.45,-0.270598,0,-0.556778,5.33781e+08
2,0,1.45,-0.270598,0,-0.553777,5.12556e+08
2,0,1.45,-0.270598,0,-0.550775,5.9974e+08
2,0,1.45,-0.270598,0,-0.547774,5.09909e+08
2,0,1.45,-0.270598,0,-0.544772,5.02609e+08
2,0,1.45,-0.270598,0,-0.541771,6.00631e+08
2,0,1.45,-0.270598,0,-0.538769,4.97346e+08
2,0,1.45,-0.270598,0,-0.535768,5.75318e+08
2,0,1.45,-0.270598,0,-0.532766,5.09285e+08
2,0,1.45,-0.270598,0,-0.529765,6.22408e+08
2,0,1.45,-0.270598,0,-0.526763,5.28286e+08
2,0,1.45,-0.270598,0,-0.523762,5.01573e+08
2,0,1.45,-0.270598,0,-0.52076,6.18402e+08
2,0,1.45,-0.270598,0,-0.517759,5.91086e+08
2,0,1.45,-0.270598,0,-0.514757,5.50553e+08
2,0,1.45,-0.270598,0,-0.511756,6.56277e+08
2,0,1.45,-0.270598,0,-0.508754,5.46091e+08
2,0,1.45,-0.270598,0,-0.505753,6.52435e+08
2,0,1.45,-0.270598,0,-0.502751,6.10921e+08
2,0,1.45,-0.270598,0,-0.49975,6.4517e+08
2,0,1.45,-0.270598,0,-0.496748,6.10062e+08
2,0,1.45,-0.270598,0,-0.493747,5.30317e+08
2,0,1.45,-0.270598,0,-0.490745,5.75788e+08
2,0,1.45,-0.270598,0,-0.487744,5.90295e+08
2,0,1.45,-0.270598,0,-0.484742,5.49355e+08
2,0,1.45,-0.270598,0,-0.481741,6.42029e+08
2,0,1.45,-0.270598,0,-0.478739,6.24421e+08
2,0,1.45,-0.270598,0,-0.475738,5.29404e+08
2,0,1.45,-0.270598,0,-0.472736,5.13739e+08
2,0,1.45,-0.270598,0,-0.469735,5.14846e+08
2,0,1.45,-0.270598,0,-0.466733,6.22601e+08
2,0,1.45,-0.270598,0,-0.463732,5.44596e+08
2,0,1.45,-0.270598,0,-0.46073,6.35696e+08
2,0,1.45,-0.270598,0,-0.457729,5.85866e+08
2,0,1.45,-0.270598,0,-0.454727,6.02193e+08
2,0,1.45,-0.270598,0,-0.451726,6.08553e+08
2,0,1.45,-0.270598,0,-0.448724,6.11667e+08
2,0,1.45,-0.270598,0,-0.445723,6.10679e+08
2,0,1.45,-0.270598,0,-0.442721,5.56802e+08
2,0,1.45,-0.270598,0,-0.43972,5.35962e+08
2,0,1.45,-0.270598,0,-0.436718,5.60645e+08
2,0,1.45,-0.270598,0,-0.433717,5.94297e+08
2,0,1.45,-0.270598,0,-0.430715,5.31206e+08
2,0,1.45,-0.270598,0,-0.427714,5.85438e+08
2,0,1.45,-0.270598,0,-0.424712,6.09007e+08
2,0,1.45,-0.270598,0,-0.421711,6.16127e+08
2,0,1.45,-0.270598,0,-0.418709,6.3913e+08
2,0,1.45,-0.270598,0,-0.415708,5.95963e+08
2,0,1.45,-0.270598,0,-0.412706,6.70084e+08
2,0,1.45,-0.270598,0,-0.409705,5.53558e+08
2,0,1.45,-0.270598,0,-0.406703,5.26486e+08
2,0,1.45,-0.270598,0,-0.403702,5.38635e+08
2,0,1.45,-0.270598,0,-0.4007,5.4912e+08
2,0,1.45,-0.270598,0,-0.397699,6.77409e+08
2,0,1.45,-0.270598,0,-0.394697,5.64654e+08
2,0,1.45,-0.270598,0,-0.391696,5.90109e+08
2,0,1.45,-0.270598,0,-0.388694,5.98453e+08
2,0,1.45,-0.270598,0,-0.385693,6.16479e+08
2,0,1.45,-0.270598,0,-0.382691,6.21046e+08
2,0,1.45,-0.270598,0,-0.37969,6.32906e+08
2,0,1.45,-0.270598,0,-0.376688,6.4508e+08
2,0,1.45,-0.270598,0,-0.373687,5.70806e+08
2,0,1.45,-0.270598,0,-0.370685,5.66878e+08
2,0,1.45,-0.270598,0,-0.367684,6.82989e+08
2,0,1.45,-0.270598,0,-0.364682,7.03799e+08
2,0,1.45,-0.270598,0,-0.361681,6.15807e+08
2,0,1.45,-0.270598,0,-0.358679,5.46241e+08
2,0,1.45,-0.270598,0,-0.355678,5.63434e+08
2,0,1.45,-0.270598,0,-0.352676,5.65284e+08
2,0,1.45,-0.270598,0,-0.349675,5.78685e+08
2,0,1.45,-0.270598,0,-0.346673,5.92402e+08
2,0,1.45,-0.270598,0,-0.343672,6.02389e+08
2,0,1.45,-0.270598,0,-0.34067,6.12747e+08
2,0,1.45,-0.270598,0,-0.337669,6.21389e+08
2,0,1.45,-0.270598,0,-0.334667,5.40271e+08
2,0,1.45,-0.270598,0,-0.331666,5.55402e+08
2,0,1.45,-0.270598,0,-0.328664,6.42259e+08
2,0,1.45,-0.270598,0,-0.325663,5.69662e+08
2,0,1.45,-0.270598,0,-0.322661,5.37402e+08
2,0,1.45,-0.270598,0,-0.31966,6.71434e+08
2,0,1.45,-0.270598,0,-0.316658,6.91e+08
2,0,1.45,-0.270598,0,-0.313657,6.82841e+08
2,0,1.45,-0.270598,0,-0.310655,6.60447e+08
2,0,1.45,-0.270598,0,-0.307654,6.27199e+08
2,0,1.45,-0.270598,0,-0.304652,6.33041e+08
2,0,1.45,-0.270598,0,-0.301651,6.39953e+08
2,0,1.45,-0.270598,0,-0.298649,5.68935e+08
2,0,1.45,-0.270598,0,-0.295648,6.5007e+08
2,0,1.45,-0.270598,0,-0.292646,5.91576e+08
2,0,1.45,-0.270598,0,-0.289645,5.92316e+08
2,0,1.45,-0.270598,0,-0.286643,6.0008e+08
2,0,1.45,-0.270598,0,-0.283642,6.13578e+08
2,0,1.45,-0.270598,0,-0.28064,6.13663e+08
2,0,1.45,-0.270598,0,-0.277639,6.18894e+08
2,0,1.45,-0.270598,0,-0.274637,6.32072e+08
2,0,1.45,-0.270598,0,-0.271636,5.59242e+08
2,0,1.45,-0.270598,0,-0.268634,6.57343e+08
2,0,1.45,-0.270598,0,-0.265633,6.47318e+08
2,0,1.45,-0.270598,0,-0.262631,6.63652e+08
2,0,1.45,-0.270598,0,-0.25963,6.72061e+08
2,0,1.45,-0.270598,0,-0.256628,6.79493e+08
2,0,1.45,-0.270598,0,-0.253627,6.85242e+08
2,0,1.45,-0.270598,0,-0.250625,6.95974e+08
2,0,1.45,-0.270598,0,-0.247624,5.9849e+08
2,0,1.45,-0.270598,0,-0.244622,5.47901e+08
2,0,1.45,-0.270598,0,-0.241621,5.47621e+08
2,0,1.45,-0.270598,0,-0.238619,5.75186e+08
2,0,1.45,-0.270598,0,-0.235618,5.49125e+08
2,0,1.45,-0.270598,0,-0.232616,5.73096e+08
2,0,1.45,-0.270598,0,-0.229615,6.58874e+08
2,0,1.45,-0.270598,0,-0.226613,5.88825e+08
2,0,1.45,-0.270598,0,-0.223612,5.74037e+08
2,0,1.45,-0.270598,0,-0.22061,5.80345e+08
2,0,1.45,-0.270598,0,-0.217609,5.89826e+08
2,0,1.45,-0.270598,0,-0.214607,5.47936e+08
2,0,1.45,-0.270598,0,-0.211606,5.95278e+08
2,0,1.45,-0.270598,0,-0.208604,5.39798e+08
2,0,1.45,-0.270598,0,-0.205603,7.17894e+08
2,0,1.45,-0.270598,0,-0.202601,5.59385e+08
2,0,1.45,-0.270598,0,-0.1996,6.20483e+08
2,0,1.45,-0.270598,0,-0.196598,6.5289e+08
2,0,1.45,-0.270598,0,-0.193597,5.85833e+08
2,0,1.45,-0.270598,0,-0.190595,5.91524e+08
2,0,1.45,-0.270598,0,-0.187594,5.90436e+08
2,0,1.45,-0.270598,0,-0.184592,6.79987e+08
2,0,1.45,-0.270598,0,-0.181591,6.86348e+08
2,0,1.45,-0.270598,0,-0.178589,6.63986e+08
2,0,1.45,-0.270598,0,-0.175588,6.22902e+08
2,0,1.45,-0.270598,0,-0.172586,5.42133e+08
2,0,1.45,-0.270598,0,-0.169585,6.3275e+08
2,0,1.45,-0.270598,0,-0.166583,6.80682e+08
2,0,1.45,-0.270598,0,-0.163582,6.4478e+08
2,0,1.45,-0.270598,0,-0.16058,5.49276e+08
2,0,1.45,-0.270598,0,-0.157579,6.01782e+08
2,0,1.45,-0.270598,0,-0.154577,6.64292e+08
2,0,1.45,-0.270598,0,-0.151576,5.82063e+08
2,0,1.45,-0.270598,0,-0.148574,6.54231e+08
2,0,1.45,-0.270598,0,-0.145573,6.44373e+08
2,0,1.45,-0.270598,0,-0.142571,6.87117e+08
2,0,1.45,-0.270598,0,-0.13957,6.56016e+08
2,0,1.45,-0.270598,0,-0.136568,5.87552e+08
2,0,1.45,-0.270598,0,-0.133567,5.80071e+08
2,0,1.45,-0.270598,0,-0.130565,7.01944e+08
2,0,1.45,-0.270598,0,-0.127564,7.05149e+08
2,0,1.45,-0.270598,0,-0.124562,6.94067e+08
2,0,1.45,-0.270598,0,-0.121561,5.9587e+08
2,0,1.45,-0.270598,0,-0.118559,6.36811e+08
2,0,1.45,-0.270598,0,-0.115558,5.60739e+08
2,0,1.45,-0.270598,0,-0.112556,5.614e+08
2,0,1.45,-0.270598,0,-0.109555,5.76101e+08
2,0,1.45,-0.270598,0,-0.106553,5.81471e+08
2,0,1.45,-0.270598,0,-0.103552,5.85578e+08
2,0,1.45,-0.270598,0,-0.10055,5.90612e+08
2,0,1.45,-0.270598,0,-0.0975488,5.5823e+08
2,0,1.45,-0.270598,0,-0.0945473,5.99179e+08
2,0,1.45,-0.270598,0,-0.0915458,5.95273e+08
2,0,1.45,-0.270598,0,-0.0885443,6.84801e+08
2,0,1.45,-0.270598,0,-0.0855428,6.13448e+08
2,0,1.45,-0.270598,0,-0.0825413,6.17963e+08
2,0,1.45,-0.270598,0,-0.0795398,6.89401e+08
2,0,1.45,-0.270598,0,-0.0765383,5.59004e+08
2,0,1.45,-0.270598,0,-0.0735368,6.76986e+08
2,0,1.45,-0.270598,0,-0.0705353,6.2701e+08
2,0,1.45,-0.270598,0,-0.0675338,6.83298e+08
2,0,1.45,-0.270598,0,-0.0645323,6.1078e+08
2,0,1.45,-0.270598,0,-0.0615308,6.07999e+08
2,0,1.45,-0.270598,0,-0.0585293,6.01073e+08
2,0,1.45,-0.270598,0,-0.0555278,6.59951e+08
2,0,1.45,-0.270598,0,-0.0525263,5.73973e+08
2,0,1.45,-0.270598,0,-0.0495248,5.82975e+08
2,0,1.45,-0.270598,0,-0.0465233,6.78161e+08
2,0,1.45,-0.270598,0,-0.0435218,6.79276e+08
2,0,1.45,-0.270598,0,-0.0405203,6.98575e+08
2,0,1.45,-0.270598,0,-0.0375188,5.94335e+08
2,0,1.45,-0.270598,0,-0.0345173,6.93465e+08
2,0,1.45,-0.270598,0,-0.0315158,6.4104e+08
2,0,1.45,-0.270598,0,-0.0285143,7.021e+08
2,0,1.45,-0.270598,0,-0.0255128,6.19709e+08
2,0,1.45,-0.270598,0,-0.0225113,7.13038e+08
2,0,1.45,-0.270598,0,-0.0195098,5.48243e+08
2,0,1.45,-0.270598,0,-0.0165083,6.93044e+08
2,0,1.45,-0.270598,0,-0.0135068,6.4408e+08
2,0,1.45,-0.270598,0,-0.0105053,5.59291e+08
2,0,1.45,-0.270598,0,-0.00750375,5.63002e+08
2,0,1.45,-0.270598,0,-0.00450225,6.46879e+08
2,0,1.45,-0.270598,0,-0.00150075,5.69454e+08
2,0,1.45,-0.270598,0,0.00150075,5.73588e+08
2,0,1.45,-0.270598,0,0.00450225,5.77929e+08
2,0,1.45,-0.270598,0,0.00750375,5.56737e+08
2,0,1.45,-0.270598,0,0.0105053,6.71468e+08
2,0,1.45,-0.270598,0,0.0135068,6.70044e+08
2,0,1.45,-0.270598,0,0.0165083,6.24091e+08
2,0,1.45,-0.270598,0,0.0195098,6.54331e+08
2,0,1.45,-0.270598,0,0.0225113,5.98009e+08
2,0,1.45,-0.270598,0,0.0255128,6.82139e+08
2,0,1.45,-0.270598,0,0.0285143,6.05507e+08
2,0,1.45,-0.270598,0,0.0315158,6.09556e+08
2,0,1.45,-0.270598,0,0.0345173,6.12348e+08
2,0,1.45,-0.270598,0,0.0375188,6.15525e+08
2,0,1.45,-0.270598,0,0.0405203,7.00816e+08
2,0,1.45,-0.270598,0,0.0435218,6.22411e+08
2,0,1.45,-0.270598,0,0.0465233,6.26069e+08
2,0,1.45,-0.270598,0,0.0495248,6.24567e+08
2,0,1.45,-0.270598,0,0.0525263,5.59354e+08
2,0,1.45,-0.270598,0,0.0555278,6.37313e+08
2,0,1.45,-0.270598,0,0.0585293,6.24938e+08
2,0,1.45,-0.270598,0,0.0615308,6.31996e+08
2,0,1.45,-0.270598,0,0.0645323,6.19094e+08
2,0,1.45,-0.270598,0,0.0675338,6.92506e+08
2,0,1.45,-0.270598,0,0.0705353,6.54719e+08
2,0,1.45,-0.270598,0,0.0735368,6.28364e+08
2,0,1.45,-0.270598,0,0.0765383,7.06842e+08
2,0,1.45,-0.270598,0,0.0795398,6.55197e+08
2,0,1.45,-0.270598,0,0.0825413,6.63854e+08
2,0,1.45,-0.270598,0,0.0855428,6.61485e+08
2,0,1.45,-0.270598,0,0.0885443,6.75457e+08
2,0,1.45,-0.270598,0,0.0915458,5.8968e+08
2,0,1.45,-0.270598,0,0.0945473,5.98503e+08
2,0,1.45,-0.270598,0,0.0975488,7.12148e+08
2,0,1.45,-0.270598,0,0.10055,6.16892e+08
2,0,1.45,-0.270598,0,0.103552,6.92083e+08
2,0,1.45,-0.270598,0,0.106553,6.45874e+08
2,0,1.45,-0.270598,0,0.109555,6.29309e+08
2,0,1.45,-0.270598,0,0.112556,6.12705e+08
2,0,1.45,-0.270598,0,0.115558,6.54739e+08
2,0,1.45,-0.270598,0,0.118559,7.09289e+08
2,0,1.45,-0.270598,0,0.121561,7.12553e+08
2,0,1.45,-0.270598,0,0.124562,7.15882e+08
2,0,1.45,-0.270598,0,0.127564,7.18941e+08
2,0,1.45,-0.270598,0,0.130565,6.86155e+08
2,0,1.45,-0.270598,0,0.133567,5.56365e+08
2,0,1.45,-0.270598,0,0.136568,6.58138e+08
2,0,1.45,-0.270598,0,0.13957,5.61665e+08
2,0,1.45,-0.270598,0,0.142571,6.53233e+08
2,0,1.45,-0.270598,0,0.145573,5.66783e+08
2,0,1.45,-0.270598,0,0.148574,5.69695e+08
2,0,1.45,-0.270598,0,0.151576,6.6466e+08
2,0,1.45,-0.270598,0,0.154577,5.61003e+08
2,0,1.45,-0.270598,0,0.157579,7.20145e+08
2,0,1.45,-0.270598,0,0.16058,6.19405e+08
2,0,1.45,-0.270598,0,0.163582,5.8114e+08
2,0,1.45,-0.270598,0,0.166583,5.61744e+08
2,0,1.45,-0.270598,0,0.169585,5.55376e+08
2,0,1.45,-0.270598,0,0.172586,5.89078e+08
2,0,1.45,-0.270598,0,0.175588,5.91726e+08
2,0,1.45,-0.270598,0,0.178589,5.93802e+08
2,0,1.45,-0.270598,0,0.181591,6.88799e+08
2,0,1.45,-0.270598,0,0.184592,6.07581e+08
2,0,1.45,-0.270598,0,0.187594,5.84151e+08
2,0,1.45,-0.270598,0,0.190595,6.0303e+08
2,0,1.45,-0.270598,0,0.193597,5.80886e+08
2,0,1.45,-0.270598,0,0.196598,6.08223e+08
2,0,1.45,-0.270598,0,0.1996,6.52162e+08
2,0,1.45,-0.270598,0,0.202601,6.20128e+08
2,0,1.45,-0.270598,0,0.205603,5.89011e+08
2,0,1.45,-0.270598,0,0.208604,5.82641e+08
2,0,1.45,-0.270598,0,0.211606,6.19487e+08
2,0,1.45,-0.270598,0,0.214607,6.2292e+08
2,0,1.45,-0.270598,0,0.217609,5.93673e+08
2,0,1.45,-0.270598,0,0.22061,5.90007e+08
2,0,1.45,-0.270598,0,0.223612,6.39482e+08
2,0,1.45,-0.270598,0,0.226613,5.56565e+08
2,0,1.45,-0.270598,0,0.229615,6.32945e+08
2,0,1.45,-0.270598,0,0.232616,6.34779e+08
2,0,1.45,-0.270598,0,0.235618,5.89459e+08
2,0,1.45,-0.270598,0,0.238619,5.67876e+08
2,0,1.45,-0.270598,0,0.241621,6.40734e+08
2,0,1.45,-0.270598,0,0.244622,5.67139e+08
2,0,1.45,-0.270598,0,0.247624,6.23295e+08
2,0,1.45,-0.270598,0,0.250625,6.47487e+08
2,0,1.45,-0.270598,0,0.253627,6.5021e+08
2,0,1.45,-0.270598,0,0.256628,6.52655e+08
2,0,1.45,-0.270598,0,0.25963,6.71843e+08
2,0,1.45,-0.270598,0,0.262631,6.38416e+08
2,0,1.45,-0.270598,0,0.265633,7.03152e+08
2,0,1.45,-0.270598,0,0.268634,5.56529e+08
2,0,1.45,-0.270598,0,0.271636,6.39894e+08
2,0,1.45,-0.270598,0,0.274637,5.8918e+08
2,0,1.45,-0.270598,0,0.277639,5.87264e+08
2,0,1.45,-0.270598,0,0.28064,6.67184e+08
2,0,1.45,-0.270598,0,0.283642,6.5413e+08
2,0,1.45,-0.270598,0,0.286643,6.88336e+08
2,0,1.45,-0.270598,0,0.289645,6.72086e+08
2,0,1.45,-0.270598,0,0.292646,5.86117e+08
2,0,1.45,-0.270598,0,0.295648,6.75606e+08
2,0,1.45,-0.270598,0,0.298649,6.52508e+08
2,0,1.45,-0.270598,0,0.301651,7.00902e+08
2,0,1.45,-0.270598,0,0.304652,5.73344e+08
2,0,1.45,-0.270598,0,0.307654,6.02163e+08
2,0,1.45,-0.270598,0,0.310655,5.96556e+08
2,0,1.45,-0.270598,0,0.313657,6.89105e+08
2,0,1.45,-0.270598,0,0.316658,6.09804e+08
2,0,1.45,-0.270598,0,0.31966,7.04578e+08
2,0,1.45,-0.270598,0,0.322661,6.40998e+08
2,0,1.45,-0.270598,0,0.325663,5.9914e+08
2,0,1.45,-0.270598,0,0.328664,7.23226e+08
2,0,1.45,-0.270598,0,0.331666,5.87952e+08
2,0,1.45,-0.270598,0,0.334667,6.66999e+08
2,0,1.45,-0.270598,0,0.337669,5.61295e+08
2,0,1.45,-0.270598,0,0.34067,7.00386e+08
2,0,1.45,-0.270598,0,0.343672,6.12633e+08
2,0,1.45,-0.270598,0,0.346673,7.02642e+08
2,0,1.45,-0.270598,0,0.349675,6.7825e+08
2,0,1.45,-0.270598,0,0.352676,7.21043e+08
2,0,1.45,-0.270598,0,0.355678,7.06795e+08
2,0,1.45,-0.270598,0,0.358679,6.50809e+08
2,0,1.45,-0.270598,0,0.361681,6.00246e+08
2,0,1.45,-0.270598,0,0.364682,7.1156e+08
2,0,1.45,-0.270598,0,0.367684,5.59275e+08
2,0,1.45,-0.270598,0,0.370685,5.60739e+08
2,0,1.45,-0.270598,0,0.373687,6.3547e+08
2,0,1.45,-0.270598,0,0.376688,6.87927e+08
2,0,1.45,-0.270598,0,0.37969,6.92566e+08
2,0,1.45,-0.270598,0,0.382691,6.34078e+08
2,0,1.45,-0.270598,0,0.385693,7.06374e+08
2,0,1.45,-0.270598,0,0.388694,5.92061e+08
2,0,1.45,-0.270598,0,0.391696,5.66768e+08
2,0,1.45,-0.270598,0,0.394697,5.55603e+08
2,0,1.45,-0.270598,0,0.397699,5.92468e+08
2,0,1.45,-0.270598,0,0.4007,6.95034e+08
2,0,1.45,-0.270598,0,0.403702,5.57754e+08
2,0,1.45,-0.270598,0,0.406703,6.97861e+08
2,0,1.45,-0.270598,0,0.409705,5.74302e+08
2,0,1.45,-0.270598,0,0.412706,5.60061e+08
2,0,1.45,-0.270598,0,0.415708,6.97001e+08
2,0,1.45,-0.270598,0,0.418709,5.60983e+08
2,0,1.45,-0.270598,0,0.421711,6.43971e+08
2,0,1.45,-0.270598,0,0.424712,6.3033e+08
2,0,1.45,-0.270598,0,0.427714,5.62682e+08
2,0,1.45,-0.270598,0,0.430715,7.12364e+08
2,0,1.45,-0.270598,0,0.433717,6.46528e+08
2,0,1.45,-0.270598,0,0.436718,6.4142e+08
2,0,1.45,-0.270598,0,0.43972,7.11839e+08
2,0,1.45,-0.270598,0,0.442721,5.71918e+08
2,0,1.45,-0.270598,0,0.445723,5.67531e+08
2,0,1.45,-0.270598,0,0.448724,5.65674e+08
2,0,1.45,-0.270598,0,0.451726,5.81196e+08
2,0,1.45,-0.270598,0,0.454727,6.23167e+08
2,0,1.45,-0.270598,0,0.457729,6.50577e+08
2,0,1.45,-0.270598,0,0.46073,6.44676e+08
2,0,1.45,-0.270598,0,0.463732,6.36769e+08
2,0,1.45,-0.270598,0,0.466733,7.11613e+08
2,0,1.45,-0.270598,0,0.469735,5.67714e+08
2,0,1.45,-0.270598,0,0.472736,6.56671e+08
2,0,1.45,-0.270598,0,0.475738,5.67927e+08
2,0,1.45,-0.270598,0,0.478739,5.679e+08
2,0,1.45,-0.270598,0,0.481741,6.20927e+08
2,0,1.45,-0.270598,0,0.484742,5.61965e+08
2,0,1.45,-0.270598,0,0.487744,5.68075e+08
2,0,1.45,-0.270598,0,0.490745,6.56462e+08
2,0,1.45,-0.270598,0,0.493747,6.33054e+08
2,0,1.45,-0.270598,0,0.496748,7.09913e+08
2,0,1.45,-0.270598,0,0.49975,7.08098e+08
2,0,1.45,-0.270598,0,0.502751,6.22316e+08
2,0,1.45,-0.270598,0,0.505753,7.03842e+08
2,0,1.45,-0.270598,0,0.508754,7.10864e+08
2,0,1.45,-0.270598,0,0.511756,6.56122e+08
2,0,1.45,-0.270598,0,0.514757,5.84811e+08
2,0,1.45,-0.270598,0,0.517759,5.80257e+08
2,0,1.45,-0.270598,0,0.52076,5.82918e+08
2,0,1.45,-0.270598,0,0.523762,5.7652e+08
2,0,1.45,-0.270598,0,0.526763,6.0049e+08
2,0,1.45,-0.270598,0,0.529765,7.0639e+08
2,0,1.45,-0.270598,0,0.532766,5.6547e+08
2,0,1.45,-0.270598,0,0.535768,7.00352e+08
2,0,1.45,-0.270598,0,0.538769,7.02193e+08
2,0,1.45,-0.270598,0,0.541771,7.08633e+08
2,0,1.45,-0.270598,0,0.544772,6.96286e+08
2,0,1.45,-0.270598,0,0.547774,7.09153e+08
2,0,1.45,-0.270598,0,0.550775,6.36779e+08
2,0,1.45,-0.270598,0,0.553777,7.0518e+08
2,0,1.45,-0.270598,0,0.556778,7.0489e+08
2,0,1.45,-0.270598,0,0.55978,6.06523e+08
2,0,1.45,-0.270598,0,0.562781,6.40743e+08
2,0,1.45,-0.270598,0,0.565783,6.35935e+08
2,0,1.45,-0.270598,0,0.568784,5.69656e+08
2,0,1.45,-0.270598,0,0.571786,6.11951e+08
2,0,1.45,-0.270598,0,0.574787,5.57304e+08
2,0,1.45,-0.270598,0,0.577789,6.35916e+08
2,0,1.45,-0.270598,0,0.58079,6.40413e+08
2,0,1.45,-0.270598,0,0.583792,6.3957e+08
2,0,1.45,-0.270598,0,0.586793,6.15593e+08
2,0,1.45,-0.270598,0,0.589795,5.57294e+08
2,0,1.45,-0.270598,0,0.592796,5.71552e+08
2,0,1.45,-0.270598,0,0.595798,6.23651e+08
2,0,1.45,-0.270598,0,0.598799,6.83198e+08
2,0,1.45,-0.270598,0,0.601801,5.53415e+08
2,0,1.45,-0.270598,0,0.604802,6.7919e+08
2,0,1.45,-0.270598,0,0.607804,7.08284e+08
2,0,1.45,-0.270598,0,0.610805,6.26688e+08
2,0,1.45,-0.270598,0,0.613807,7.13799e+08
2,0,1.45,-0.270598,0,0.616808,6.24116e+08
2,0,1.45,-0.270598,0,0.61981,6.00485e+08
2,0,1.45,-0.270598,0,0.622811,6.20782e+08
2,0,1.45,-0.270598,0,0.625813,7.17335e+08
2,0,1.45,-0.270598,0,0.628814,6.17422e+08
2,0,1.45,-0.270598,0,0.631816,6.15631e+08
2,0,1.45,-0.270598,0,0.634817,6.72382e+08
2,0,1.45,-0.270598,0,0.637819,6.68577e+08
2,0,1.45,-0.270598,0,0.64082,6.90496e+08
2,0,1.45,-0.270598,0,0.643822,6.84436e+08
2,0,1.45,-0.270598,0,0.646823,6.05953e+08
2,0,1.45,-0.270598,0,0.649825,7.17371e+08
2,0,1.45,-0.270598,0,0.652826,6.41381e+08
2,0,1.45,-0.270598,0,0.655828,6.21701e+08
2,0,1.45,-0.270598,0,0.658829,5.97854e+08
2,0,1.45,-0.270598,0,0.661831,6.74896e+08
2,0,1.45,-0.270598,0,0.664832,6.69505e+08
2,0,1.45,-0.270598,0,0.667834,5.85583e+08
2,0,1.45,-0.270598,0,0.670835,5.87844e+08
2,0,1.45,-0.270598,0,0.673837,5.82259e+08
2,0,1.45,-0.270598,0,0.676838,6.34288e+08
2,0,1.45,-0.270598,0,0.67984,5.67713e+08
2,0,1.45,-0.270598,0,0.682841,5.79228e+08
2,0,1.45,-0.270598,0,0.685843,6.60934e+08
2,0,1.45,-0.270598,0,0.688844,5.73926e+08
2,0,1.45,-0.270598,0,0.691846,6.41989e+08
2,0,1.45,-0.270598,0,0.694847,6.39068e+08
2,0,1.45,-0.270598,0,0.697849,5.59101e+08
2,0,1.45,-0.270598,0,0.70085,6.02684e+08
2,0,1.45,-0.270598,0,0.703852,6.29289e+08
2,0,1.45,-0.270598,0,0.706853,6.02272e+08
2,0,1.45,-0.270598,0,0.709855,5.53728e+08
2,0,1.45,-0.270598,0,0.712856,6.46193e+08
2,0,1.45,-0.270598,0,0.715858,7.15087e+08
2,0,1.45,-0.270598,0,0.718859,7.10636e+08
2,0,1.45,-0.270598,0,0.721861,7.0249e+08
2,0,1.45,-0.270598,0,0.724862,6.24391e+08
2,0,1.45,-0.270598,0,0.727864,6.98003e+08
2,0,1.45,-0.270598,0,0.730865,5.74228e+08
2,0,1.45,-0.270598,0,0.733867,6.77021e+08
2,0,1.45,-0.270598,0,0.736868,6.7816e+08
2,0,1.45,-0.270598,0,0.73987,6.70432e+08
2,0,1.45,-0.270598,0,0.742871,6.73514e+08
2,0,1.45,-0.270598,0,0.745873,5.91603e+08
2,0,1.45,-0.270598,0,0.748874,5.75119e+08
2,0,1.45,-0.270598,0,0.751876,5.87292e+08
2,0,1.45,-0.270598,0,0.754877,6.54926e+08
2,0,1.45,-0.270598,0,0.757879,6.42364e+08
2,0,1.45,-0.270598,0,0.76088,6.05449e+08
2,0,1.45,-0.270598,0,0.763882,5.53124e+08
2,0,1.45,-0.270598,0,0.766883,5.49818e+08
2,0,1.45,-0.270598,0,0.769885,6.30022e+08
2,0,1.45,-0.270598,0,0.772886,6.24473e+08
2,0,1.45,-0.270598,0,0.775888,6.09806e+08
2,0,1.45,-0.270598,0,0.778889,6.13534e+08
2,0,1.45,-0.270598,0,0.781891,6.52186e+08
2,0,1.45,-0.270598,0,0.784892,5.56285e+08
2,0,1.45,-0.270598,0,0.787894,5.96701e+08
2,0,1.45,-0.270598,0,0.790895,5.52442e+08
2,0,1.45,-0.270598,0,0.793897,6.21651e+08
2,0,1.45,-0.270598,0,0.796898,5.79966e+08
2,0,1.45,-0.270598,0,0.7999,5.7255e+08
2,0,1.45,-0.270598,0,0.802901,6.7599e+08
2,0,1.45,-0.270598,0,0.805903,5.52744e+08
2,0,1.45,-0.270598,0,0.808904,5.46788e+08
2,0,1.45,-0.270598,0,0.811906,5.47724e+08
2,0,1.45,-0.270598,0,0.814907,7.07451e+08
2,0,1.45,-0.270598,0,0.817909,6.88163e+08
2,0,1.45,-0.270598,0,0.82091,6.82931e+08
2,0,1.45,-0.270598,0,0.823912,6.81913e+08
2,0,1.45,-0.270598,0,0.826913,6.6116e+08
2,0,1.45,-0.270598,0,0.829915,6.65098e+08
2,0,1.45,-0.270598,0,0.832916,6.3565e+08
2,0,1.45,-0.270598,0,0.835918,5.9977e+08
2,0,1.45,-0.270598,0,0.838919,6.1092e+08
2,0,1.45,-0.270598,0,0.841921,7.09474e+08
2,0,1.45,-0.270598,0,0.844922,5.69828e+08
2,0,1.45,-0.270598,0,0.847924,6.08802e+08
2,0,1.45,-0.270598,0,0.850925,6.01035e+08
2,0,1.45,-0.270598,0,0.853927,5.90586e+08
2,0,1.45,-0.270598,0,0.856928,5.81181e+08
2,0,1.45,-0.270598,0,0.85993,6.43818e+08
2,0,1.45,-0.270598,0,0.862931,5.61235e+08
2,0,1.45,-0.270598,0,0.865933,5.50589e+08
2,0,1.45,-0.270598,0,0.868934,6.82041e+08
2,0,1.45,-0.270598,0,0.871936,6.0084e+08
2,0,1.45,-0.270598,0,0.874937,5.82786e+08
2,0,1.45,-0.270598,0,0.877939,5.71726e+08
2,0,1.45,-0.270598,0,0.88094,5.61816e+08
2,0,1.45,-0.270598,0,0.883942,6.23595e+08
2,0,1.45,-0.270598,0,0.886943,5.3567e+08
2,0,1.45,-0.270598,0,0.889945,5.95455e+08
2,0,1.45,-0.270598,0,0.892946,6.73111e+08
2,0,1.45,-0.270598,0,0.895948,6.48511e+08
2,0,1.45,-0.270598,0,0.898949,6.32732e+08
2,0,1.45,-0.270598,0,0.901951,6.23736e+08
2,0,1.45,-0.270598,0,0.904952,6.00917e+08
2,0,1.45,-0.270598,0,0.907954,5.77796e+08
2,0,1.45,-0.270598,0,0.910955,6.52625e+08
2,0,1.45,-0.270598,0,0.913957,6.44387e+08
2,0,1.45,-0.270598,0,0.916958,5.31826e+08
2,0,1.45,-0.270598,0,0.91996,6.79085e+08
2,0,1.45,-0.270598,0,0.922961,6.48182e+08
2,0,1.45,-0.270598,0,0.925963,6.09546e+08
2,0,1.45,-0.270598,0,0.928964,5.28024e+08
2,0,1.45,-0.270598,0,0.931966,5.33854e+08
2,0,1.45,-0.270598,0,0.934967,5.43005e+08
2,0,1.45,-0.270598,0,0.937969,6.11298e+08
2,0,1.45,-0.270598,0,0.94097,5.74638e+08
2,0,1.45,-0.270598,0,0.943972,6.08956e+08
2,0,1.45,-0.270598,0,0.946973,5.91832e+08
2,0,1.45,-0.270598,0,0.949975,5.80303e+08
2,0,1.45,-0.270598,0,0.952976,5.55915e+08
2,0,1.45,-0.270598,0,0.955978,6.59832e+08
2,0,1.45,-0.270598,0,0.958979,6.72339e+08
2,0,1.45,-0.270598,0,0.961981,5.63188e+08
2,0,1.45,-0.270598,0,0.964982,5.4442e+08
2,0,1.45,-0.270598,0,0.967984,6.11824e+08
2,0,1.45,-0.270598,0,0.970985,6.45733e+08
2,0,1.45,-0.270598,0,0.973987,6.42078e+08
2,0,1.45,-0.270598,0,0.976988,6.10617e+08
2,0,1.45,-0.270598,0,0.97999,5.33497e+08
2,0,1.45,-0.270598,0,0.982991,5.19955e+08
2,0,1.45,-0.270598,0,0.985993,5.11099e+08
2,0,1.45,-0.270598,0,0.988994,5.03525e+08
2,0,1.45,-0.270598,0,0.991996,6.02108e+08
2,0,1.45,-0.270598,0,0.994997,5.96301e+08
2,0,1.45,-0.270598,0,0.997999,4.99722e+08
2,0,1.45,-0.270598,0,1.001,-4.78176e+08
2,0,1.45,-0.270598,0,1.004,-5.94964e+08
2,0,1.45,-0.270598,0,1.007,-5.87874e+08
2,0,1.45,-0.270598,0,1.01001,-5.21497e+08
2,0,1.45,-0.270598,0,1.01301,-4.99743e+08
2,0,1.45,-0.270598,0,1.01601,-6.40651e+08
2,0,1.45,-0.270598,0,1.01901,-5.24008e+08
2,0,1.45,-0.270598,0,1.02201,-6.33686e+08
2,0,1.45,-0.270598,0,1.02501,-5.53449e+08
2,0,1.45,-0.270598,0,1.02801,-5.14339e+08
2,0,1.45,-0.270598,0,1.03102,-5.33579e+08
2,0,1.45,-0.270598,0,1.03402,-6.00852e+08
2,0,1.45,-0.270598,0,1.03702,-6.29072e+08
2,0,1.45,-0.270598,0,1.04002,-5.34067e+08
2,0,1.45,-0.270598,0,1.04302,-6.54364e+08
2,0,1.45,-0.270598,0,1.04602,-5.27221e+08
2,0,1.45,-0.270598,0,1.04902,-6.62203e+08
2,0,1.45,-0.270598,0,1.05203,-5.34917e+08
2,0,1.45,-0.270598,0,1.05503,-5.64094e+08
2,0,1.45,-0.270598,0,1.05803,-5.74561e+08
2,0,1.45,-0.270598,0,1.06103,-6.08144e+08
2,0,1.45,-0.270598,0,1.06403,-6.53576e+08
2,0,1.45,-0.270598,0,1.06703,-6.86249e+08
2,0,1.45,-0.270598,0,1.07004,-6.35556e+08
2,0,1.45,-0.270598,0,1.07304,-6.62775e+08
2,0,1.45,-0.270598,0,1.07604,-6.06519e+08
2,0,1.45,-0.270598,0,1.07904,-6.27728e+08
2,0,1.45,-0.270598,0,1.08204,-6.17587e+08
2,0,1.45,-0.270598,0,1.08504,-6.79079e+08
2,0,1.45,-0.270598,0,1.08804,-6.75646e+08
2,0,1.45,-0.270598,0,1.09105,-6.25888e+08
2,0,1.45,-0.270598,0,1.09405,-5.85594e+08
2,0,1.45,-0.270598,0,1.09705,-5.36242e+08
2,0,1.45,-0.270598,0,1.10005,-6.83857e+08
2,0,1.45,-0.270598,0,1.10305,-6.96263e+08
2,0,1.45,-0.270598,0,1.10605,-5.91566e+08
2,0,1.45,-0.270598,0,1.10905,-6.09885e+08
2,0,1.45,-0.270598,0,1.11206,-6.28429e+08
2,0,1.45,-0.270598,0,1.11506,-6.3812e+08
2,0,1.45,-0.270598,0,1.11806,-5.71187e+08
2,0,1.45,-0.270598,0,1.12106,-6.61568e+08
2,0,1.45,-0.270598,0,1.12406,-6.50403e+08
2,0,1.45,-0.270598,0,1.12706,-5.53139e+08
2,0,1.45,-0.270598,0,1.13007,-6.05037e+08
2,0,1.45,-0.270598,0,1.13307,-5.8282e+08
2,0,1.45,-0.270598,0,1.13607,-5.97156e+08
2,0,1.45,-0.270598,0,1.13907,-6.93397e+08
2,0,1.45,-0.270598,0,1.14207,-6.2688e+08
2,0,1.45,-0.270598,0,1.14507,-6.42317e+08
2,0,1.45,-0.270598,0,1.14807,-6.56923e+08
2,0,1.45,-0.270598,0,1.15108,-5.98823e+08
2,0,1.45,-0.270598,0,1.15408,-6.8853e+08
2,0,1.45,-0.270598,0,1.15708,-7.03499e+08
2,0,1.45,-0.270598,0,1.16008,-5.9649e+08
2,0,1.45,-0.270598,0,1.16308,-5.62568e+08
2,0,1.45,-0.270598,0,1.16608,-6.63634e+08
2,0,1.45,-0.270598,0,1.16908,-6.97375e+08
2,0,1.45,-0.270598,0,1.17209,-6.91352e+08
2,0,1.45,-0.270598,0,1.17509,-6.09484e+08
2,0,1.45,-0.270598,0,1.17809,-5.53943e+08
2,0,1.45,-0.270598,0,1.18109,-6.27671e+08
2,0,1.45,-0.270598,0,1.18409,-5.71858e+08
2,0,1.45,-0.270598,0,1.18709,-6.57691e+08
2,0,1.45,-0.270598,0,1.1901,-6.61733e+08
2,0,1.45,-0.270598,0,1.1931,-7.27908e+08
2,0,1.45,-0.270598,0,1.1961,-6.07274e+08
2,0,1.45,-0.270598,0,1.1991,-5.95632e+08
2,0,1.45,-0.270598,0,1.2021,-6.45672e+08
2,0,1.45,-0.270598,0,1.2051,-5.57758e+08
2,0,1.45,-0.270598,0,1.2081,-5.89807e+08
2,0,1.45,-0.270598,0,1.21111,-7.19928e+08
2,0,1.45,-0.270598,0,1.21411,-6.75976e+08
2,0,1.45,-0.270598,0,1.21711,-5.70147e+08
2,0,1.45,-0.270598,0,1.22011,-7.07717e+08
2,0,1.45,-0.270598,0,1.22311,-6.19323e+08
2,0,1.45,-0.270598,0,1.22611,-6.18007e+08
2,0,1.45,-0.270598,0,1.22911,-6.56172e+08
2,0,1.45,-0.270598,0,1.23212,-6.48616e+08
2,0,1.45,-0.270598,0,1.23512,-6.07292e+08
2,0,1.45,-0.270598,0,1.23812,-6.16228e+08
2,0,1.45,-0.270598,0,1.24112,-7.03827e+08
2,0,1.45,-0.270598,0,1.24412,-7.03469e+08
2,0,1.45,-0.270598,0,1.24712,-7.20191e+08
2,0,1.45,-0.270598,0,1.25013,-5.58998e+08
2,0,1.45,-0.270598,0,1.25313,-7.13102e+08
2,0,1.45,-0.270598,0,1.25613,-5.70746e+08
2,0,1.45,-0.270598,0,1.25913,-5.6789e+08
2,0,1.45,-0.270598,0,1.26213,-7.23068e+08
2,0,1.45,-0.270598,0,1.26513,-6.64336e+08
2,0,1.45,-0.270598,0,1.26813,-5.91773e+08
2,0,1.45,-0.270598,0,1.27114,-5.99485e+08
2,0,1.45,-0.270598,0,1.27414,-7.01481e+08
2,0,1.45,-0.270598,0,1.27714,-6.02832e+08
2,0,1.45,-0.270598,0,1.28014,-7.01255e+08
2,0,1.45,-0.270598,0,1.28314,-5.61378e+08
2,0,1.45,-0.270598,0,1.28614,-5.658e+08
2,0,1.45,-0.270598,0,1.28914,-6.97948e+08
2,0,1.45,-0.270598,0,1.29215,-5.65372e+08
2,0,1.45,-0.270598,0,1.29515,-5.89517e+08
2,0,1.45,-0.270598,0,1.29815,-6.38949e+08
2,0,1.45,-0.270598,0,1.30115,-5.89026e+08
2,0,1.45,-0.270598,0,1.30415,-5.8833e+08
2,0,1.45,-0.270598,0,1.30715,-5.73207e+08
2,0,1.45,-0.270598,0,1.31016,-6.37786e+08
2,0,1.45,-0.270598,0,1.31316,-6.82678e+08
2,0,1.45,-0.270598,0,1.31616,-6.21467e+08
2,0,1.45,-0.270598,0,1.31916,-7.26847e+08
2,0,1.45,-0.270598,0,1.32216,-5.7003e+08
2,0,1.45,-0.270598,0,1.32516,-6.41925e+08
2,0,1.45,-0.270598,0,1.32816,-6.78717e+08
2,0,1.45,-0.270598,0,1.33117,-6.73999e+08
2,0,1.45,-0.270598,0,1.33417,-7.34182e+08
2,0,1.45,-0.270598,0,1.33717,-5.94715e+08
2,0,1.45,-0.270598,0,1.34017,-6.96702e+08
2,0,1.45,-0.270598,0,1.34317,-7.02403e+08
2,0,1.45,-0.270598,0,1.34617,-7.10934e+08
2,0,1.45,-0.270598,0,1.34917,-7.15718e+08
2,0,1.45,-0.270598,0,1.35218,-5.86913e+08
2,0,1.45,-0.270598,0,1.35518,-5.96995e+08
2,0,1.45,-0.270598,0,1.35818,-7.12906e+08
2,0,1.45,-0.270598,0,1.36118,-7.19939e+08
2,0,1.45,-0.270598,0,1.36418,-5.72337e+08
2,0,1.45,-0.270598,0,1.36718,-5.91784e+08
2,0,1.45,-0.270598,0,1.37019,-6.05837e+08
2,0,1.45,-0.270598,0,1.37319,-6.42466e+08
2,0,1.45,-0.270598,0,1.37619,-6.02249e+08
2,0,1.45,-0.270598,0,1.37919,-5.84564e+08
2,0,1.45,-0.270598,0,1.38219,-6.13292e+08
2,0,1.45,-0.270598,0,1.38519,-7.10146e+08
2,0,1.45,-0.270598,0,1.38819,-6.24018e+08
2,0,1.45,-0.270598,0,1.3912,-6.28887e+08
2,0,1.45,-0.270598,0,1.3942,-7.3101e+08
2,0,1.45,-0.270598,0,1.3972,-6.93899e+08
2,0,1.45,-0.270598,0,1.4002,-6.89237e+08
2,0,1.45,-0.270598,0,1.4032,-6.58465e+08
2,0,1.45,-0.270598,0,1.4062,-5.97223e+08
2,0,1.45,-0.270598,0,1.4092,-5.80302e+08
2,0,1.45,-0.270598,0,1.41221,-5.95961e+08
2,0,1.45,-0.270598,0,1.41521,-6.00395e+08
2,0,1.45,-0.270598,0,1.41821,-6.5498e+08
2,0,1.45,-0.270598,0,1.42121,-7.00753e+08
2,0,1.45,-0.270598,0,1.42421,-7.31919e+08
2,0,1.45,-0.270598,0,1.42721,-6.66597e+08
2,0,1.45,-0.270598,0,1.43022,-6.11331e+08
2,0,1.45,-0.270598,0,1.43322,-6.43059e+08
2,0,1.45,-0.270598,0,1.43622,-6.83928e+08
2,0,1.45,-0.270598,0,1.43922,-6.91731e+08
2,0,1.45,-0.270598,0,1.44222,-6.33043e+08
2,0,1.45,-0.270598,0,1.44522,-6.3745e+08
2,0,1.45,-0.270598,0,1.44822,-6.96962e+08
2,0,1.45,-0.270598,0,1.45123,-6.77536e+08
2,0,1.45,-0.270598,0,1.45423,-6.63773e+08
2,0,1.45,-0.270598,0,1.45723,-5.70313e+08
2,0,1.45,-0.270598,0,1.46023,-6.73135e+08
2,0,1.45,-0.270598,0,1.46323,-6.4753e+08
2,0,1.45,-0.270598,0,1.46623,-6.81974e+08
2,0,1.45,-0.270598,0,1.46923,-6.77289e+08
2,0,1.45,-0.270598,0,1.47224,-6.07537e+08
2,0,1.45,-0.270598,0,1.47524,-5.75519e+08
2,0,1.45,-0.270598,0,1.47824,-7.07909e+08
2,0,1.45,-0.270598,0,1.48124,-5.8198e+08
2,0,1.45,-0.270598,0,1.48424,-6.05692e+08
2,0,1.45,-0.270598,0,1.48724,-7.36618e+08
2,0,1.45,-0.270598,0,1.49025,-6.99932e+08
2,0,1.45,-0.270598,0,1.49325,-5.99938e+08
2,0,1.45,-0.270598,0,1.49625,-7.05536e+08
2,0,1.45,-0.270598,0,1.49925,-6.40699e+08
2,0,1.45,-0.270598,0,1.50225,-5.72098e+08
2,0,1.45,-0.270598,0,1.50525,-6.08753e+08
2,0,1.45,-0.270598,0,1.50825,-7.08728e+08
2,0,1.45,-0.270598,0,1.51126,-5.92701e+08
2,0,1.45,-0.270598,0,1.51426,-6.62996e+08
2,0,1.45,-0.270598,0,1.51726,-6.01125e+08
2,0,1.45,-0.270598,0,1.52026,-5.72504e+08
2,0,1.45,-0.270598,0,1.52326,-6.50479e+08
2,0,1.45,-0.270598,0,1.52626,-5.75407e+08
2,0,1.45,-0.270598,0,1.52926,-6.74649e+08
2,0,1.45,-0.270598,0,1.53227,-5.83826e+08
2,0,1.45,-0.270598,0,1.53527,-5.85252e+08
2,0,1.45,-0.270598,0,1.53827,-5.89785e+08
2,0,1.45,-0.270598,0,1.54127,-7.21289e+08
2,0,1.45,-0.270598,0,1.54427,-6.92037e+08
2,0,1.45,-0.270598,0,1.54727,-6.09145e+08
2,0,1.45,-0.270598,0,1.55028,-7.30254e+08
2,0,1.45,-0.270598,0,1.55328,-6.15644e+08
2,0,1.45,-0.270598,0,1.55628,-5.92119e+08
2,0,1.45,-0.270598,0,1.55928,-6.66353e+08
2,0,1.45,-0.270598,0,1.56228,-5.95492e+08
2,0,1.45,-0.270598,0,1.56528,-6.26637e+08
2,0,1.45,-0.270598,0,1.56828,-6.38057e+08
2,0,1.45,-0.270598,0,1.57129,-7.16051e+08
2,0,1.45,-0.270598,0,1.57429,-6.50262e+08
2,0,1.45,-0.270598,0,1.57729,-6.3361e+08
2,0,1.45,-0.270598,0,1.58029,-5.73324e+08
2,0,1.45,-0.270598,0,1.58329,-7.35916e+08
2,0,1.45,-0.270598,0,1.58629,-6.87515e+08
2,0,1.45,-0.270598,0,1.58929,-5.9061e+08
2,0,1.45,-0.270598,0,1.5923,-6.34624e+08
2,0,1.45,-0.270598,0,1.5953,-5.93161e+08
2,0,1.45,-0.270598,0,1.5983,-5.82838e+08
2,0,1.45,-0.270598,0,1.6013,-6.40962e+08
2,0,1.45,-0.270598,0,1.6043,-6.39772e+08
2,0,1.45,-0.270598,0,1.6073,-6.43174e+08
2,0,1.45,-0.270598,0,1.61031,-6.21921e+08
2,0,1.45,-0.270598,0,1.61331,-6.00656e+08
2,0,1.45,-0.270598,0,1.61631,-5.94415e+08
2,0,1.45,-0.270598,0,1.61931,-6.0312e+08
2,0,1.45,-0.270598,0,1.62231,-5.90522e+08
2,0,1.45,-0.270598,0,1.62531,-6.88856e+08
2,0,1.45,-0.270598,0,1.62831,-6.01201e+08
2,0,1.45,-0.270598,0,1.63132,-6.04468e+08
2,0,1.45,-0.270598,0,1.63432,-6.02548e+08
2,0,1.45,-0.270598,0,1.63732,-7.44964e+08
2,0,1.45,-0.270598,0,1.64032,-6.60114e+08
2,0,1.45,-0.270598,0,1.64332,-5.90399e+08
2,0,1.45,-0.270598,0,1.64632,-7.30853e+08
2,0,1.45,-0.270598,0,1.64932,-7.30036e+08
2,0,1.45,-0.270598,0,1.65233,-6.11008e+08
2,0,1.45,-0.270598,0,1.65533,-6.16047e+08
2,0,1.45,-0.270598,0,1.65833,-6.18517e+08
2,0,1.45,-0.270598,0,1.66133,-6.08834e+08
2,0,1.45,-0.270598,0,1.66433,-6.18362e+08
2,0,1.45,-0.270598,0,1.66733,-7.11578e+08
2,0,1.45,-0.270598,0,1.67034,-6.17364e+08
2,0,1.45,-0.270598,0,1.67334,-6.70018e+08
2,0,1.45,-0.270598,0,1.67634,-7.0084e+08
2,0,1.45,-0.270598,0,1.67934,-6.36658e+08
2,0,1.45,-0.270598,0,1.68234,-6.39261e+08
2,0,1.45,-0.270598,0,1.68534,-5.78775e+08
2,0,1.45,-0.270598,0,1.68834,-6.02256e+08
2,0,1.45,-0.270598,0,1.69135,-6.19507e+08
2,0,1.45,-0.270598,0,1.69435,-6.18999e+08
2,0,1.45,-0.270598,0,1.69735,-7.38789e+08
2,0,1.45,-0.270598,0,1.70035,-6.302e+08
2,0,1.45,-0.270598,0,1.70335,-5.81625e+08
2,0,1.45,-0.270598,0,1.70635,-6.05888e+08
2,0,1.45,-0.270598,0,1.70935,-6.3368e+08
2,0,1.45,-0.270598,0,1.71236,-6.73462e+08
2,0,1.45,-0.270598,0,1.71536,-6.10517e+08
2,0,1.45,-0.270598,0,1.71836,-6.26629e+08
2,0,1.45,-0.270598,0,1.72136,-6.17971e+08
2,0,1.45,-0.270598,0,1.72436,-6.18889e+08
2,0,1.45,-0.270598,0,1.72736,-6.38503e+08
2,0,1.45,-0.270598,0,1.73037,-6.49464e+08
2,0,1.45,-0.270598,0,1.73337,-6.13822e+08
2,0,1.45,-0.270598,0,1.73637,-5.98052e+08
2,0,1.45,-0.270598,0,1.73937,-6.10944e+08
2,0,1.45,-0.270598,0,1.74237,-6.12119e+08
2,0,1.45,-0.270598,0,1.74537,-6.19743e+08
2,0,1.45,-0.270598,0,1.74837,-5.73536e+08
2,0,1.45,-0.270598,0,1.75138,-6.86626e+08
2,0,1.45,-0.270598,0,1.75438,-6.63328e+08
2,0,1.45,-0.270598,0,1.75738,-6.8711e+08
2,0,1.45,-0.270598,0,1.76038,-6.00916e+08
2,0,1.45,-0.270598,0,1.76338,-6.05445e+08
2,0,1.45,-0.270598,0,1.76638,-6.02507e+08
2,0,1.45,-0.270598,0,1.76938,-6.00013e+08
2,0,1.45,-0.270598,0,1.77239,-6.55427e+08
2,0,1.45,-0.270598,0,1.77539,-5.91376e+08
2,0,1.45,-0.270598,0,1.77839,-5.8817e+08
2,0,1.45,-0.270598,0,1.78139,-5.86922e+08
2,0,1.45,-0.270598,0,1.78439,-7.2456e+08
2,0,1.45,-0.270598,0,1.78739,-5.80751e+08
2,0,1.45,-0.270598,0,1.7904,-6.25178e+08
2,0,1.45,-0.270598,0,1.7934,-5.83611e+08
2,0,1.45,-0.270598,0,1.7964,-5.77579e+08
2,0,1.45,-0.270598,0,1.7994,-6.95886e+08
2,0,1.45,-0.270598,0,1.8024,-6.15124e+08
2,0,1.45,-0.270598,0,1.8054,-6.69415e+08
2,0,1.45,-0.270598,0,1.8084,-6.37799e+08
2,0,1.45,-0.270598,0,1.81141,-6.22044e+08
2,0,1.45,-0.270598,0,1.81441,-5.91604e+08
2,0,1.45,-0.270598,0,1.81741,-6.96172e+08
2,0,1.45,-0.270598,0,1.82041,-6.05919e+08
2,0,1.45,-0.270598,0,1.82341,-5.98102e+08
2,0,1.45,-0.270598,0,1.82641,-5.987e+08
2,0,1.45,-0.270598,0,1.82941,-5.87696e+08
2,0,1.45,-0.270598,0,1.83242,-6.62938e+08
2,0,1.45,-0.270598,0,1.83542,-6.39289e+08
2,0,1.45,-0.270598,0,1.83842,-7.35509e+08
2,0,1.45,-0.270598,0,1.84142,-7.35004e+08
2,0,1.45,-0.270598,0,1.84442,-7.35044e+08
2,0,1.45,-0.270598,0,1.84742,-7.27433e+08
2,0,1.45,-0.270598,0,1.85043,-6.19272e+08
2,0,1.45,-0.270598,0,1.85343,-6.85254e+08
2,0,1.45,-0.270598,0,1.85643,-6.44616e+08
2,0,1.45,-0.270598,0,1.85943,-6.0263e+08
2,0,1.45,-0.270598,0,1.86243,-6.64458e+08
2,0,1.45,-0.270598,0,1.86543,-6.8591e+08
2,0,1.45,-0.270598,0,1.86843,-6.8132e+08
2,0,1.45,-0.270598,0,1.87144,-5.73932e+08
2,0,1.45,-0.270598,0,1.87444,-5.70406e+08
2,0,1.45,-0.270598,0,1.87744,-5.93199e+08
2,0,1.45,-0.270598,0,1.88044,-6.26806e+08
2,0,1.45,-0.270598,0,1.88344,-5.97608e+08
2,0,1.45,-0.270598,0,1.88644,-6.06379e+08
2,0,1.45,-0.270598,0,1.88944,-6.83353e+08
2,0,1.45,-0.270598,0,1.89245,-6.31829e+08
2,0,1.45,-0.270598,0,1.89545,-5.73323e+08
2,0,1.45,-0.270598,0,1.89845,-5.6414e+08
2,0,1.45,-0.270598,0,1.90145,-6.18882e+08
2,0,1.45,-0.270598,0,1.90445,-5.79837e+08
2,0,1.45,-0.270598,0,1.90745,-5.66023e+08
2,0,1.45,-0.270598,0,1.91046,-6.27044e+08
2,0,1.45,-0.270598,0,1.91346,-5.63213e+08
2,0,1.45,-0.270598,0,1.91646,-7.12483e+08
2,0,1.45,-0.270598,0,1.91946,-6.40425e+08
2,0,1.45,-0.270598,0,1.92246,-6.73373e+08
2,0,1.45,-0.270598,0,1.92546,-5.58846e+08
2,0,1.45,-0.270598,0,1.92846,-6.32991e+08
2,0,1.45,-0.270598,0,1.93147,-5.7696e+08
2,0,1.45,-0.270598,0,1.93447,-5.65607e+08
2,0,1.45,-0.270598,0,1.93747,-5.67009e+08
2,0,1.45,-0.270598,0,1.94047,-6.56961e+08
2,0,1.45,-0.270598,0,1.94347,-6.80343e+08
2,0,1.45,-0.270598,0,1.94647,-6.43908e+08
2,0,1.45,-0.270598,0,1.94947,-6.17907e+08
2,0,1.45,-0.270598,0,1.95248,-6.62035e+08
2,0,1.45,-0.270598,0,1.95548,-6.19876e+08
2,0,1.45,-0.270598,0,1.95848,-6.81892e+08
2,0,1.45,-0.270598,0,1.96148,-6.38e+08
2,0,1.45,-0.270598,0,1.96448,-5.71348e+08
2,0,1.45,-0.270598,0,1.96748,-5.4769e+08
2,0,1.45,-0.270598,0,1.97049,-6.54458e+08
2,0,1.45,-0.270598,0,1.97349,-5.84582e+08
2,0,1.45,-0.270598,0,1.97649,-5.95938e+08
2,0,1.45,-0.270598,0,1.97949,-6.79463e+08
2,0,1.45,-0.270598,0,1.98249,-5.86687e+08
2,0,1.45,-0.270598,0,1.98549,-5.3315e+08
2,0,1.45,-0.270598,0,1.98849,-6.70858e+08
2,0,1.45,-0.270598,0,1.9915,-5.81774e+08
2,0,1.45,-0.270598,0,1.9945,-6.07355e+08
2,0,1.45,-0.270598,0,1.9975,-5.52988e+08
2,0,1.45,-0.270598,0,2.0005,5.12006e+08
2,0,1.45,-0.270598,0,2.0035,5.0731e+08
2,0,1.45,-0.270598,0,2.0065,5.23806e+08
2,0,1.45,-0.270598,0,2.0095,6.34216e+08
2,0,1.45,-0.270598,0,2.01251,5.93157e+08
2,0,1.45,-0.270598,0,2.01551,5.78193e+08
2,0,1.45,-0.270598,0,2.01851,6.03933e+08
2,0,1.45,-0.270598,0,2.02151,5.50411e+08
2,0,1.45,-0.270598,0,2.02451,6.32684e+08
2,0,1.45,-0.270598,0,2.02751,6.6403e+08
2,0,1.45,-0.270598,0,2.03052,6.79698e+08
2,0,1.45,-0.270598,0,2.03352,6.73752e+08
2,0,1.45,-0.270598,0,2.03652,5.7036e+08
2,0,1.45,-0.270598,0,2.03952,5.55329e+08
2,0,1.45,-0.270598,0,2.04252,5.58381e+08
2,0,1.45,-0.270598,0,2.04552,5.77978e+08
2,0,1.45,-0.270598,0,2.04852,5.73193e+08
2,0,1.45,-0.270598,0,2.05153,5.67561e+08
2,0,1.45,-0.270598,0,2.05453,6.08712e+08
2,0,1.45,-0.270598,0,2.05753,5.64018e+08
2,0,1.45,-0.270598,0,2.06053,5.95146e+08
2,0,1.45,-0.270598,0,2.06353,6.29528e+08
2,0,1.45,-0.270598,0,2.06653,5.73724e+08
2,0,1.45,-0.270598,0,2.06953,5.78633e+08
2,0,1.45,-0.270598,0,2.07254,6.50295e+08
2,0,1.45,-0.270598,0,2.07554,5.97864e+08
2,0,1.45,-0.270598,0,2.07854,6.33252e+08
2,0,1.45,-0.270598,0,2.08154,5.81677e+08
2,0,1.45,-0.270598,0,2.08454,5.84263e+08
2,0,1.45,-0.270598,0,2.08754,6.34746e+08
2,0,1.45,-0.270598,0,2.09055,5.79662e+08
2,0,1.45,-0.270598,0,2.09355,5.99826e+08
2,0,1.45,-0.270598,0,2.09655,6.02706e+08
2,0,1.45,-0.270598,0,2.09955,7.22911e+08
2,0,1.45,-0.270598,0,2.10255,7.05016e+08
2,0,1.45,-0.270598,0,2.10555,7.16982e+08
2,0,1.45,-0.270598,0,2.10855,7.07685e+08
2,0,1.45,-0.270598,0,2.11156,6.4399e+08
2,0,1.45,-0.270598,0,2.11456,7.31001e+08
2,0,1.45,-0.270598,0,2.11756,5.76389e+08
2,0,1.45,-0.270598,0,2.12056,5.88788e+08
2,0,1.45,-0.270598,0,2.12356,6.32586e+08
2,0,1.45,-0.270598,0,2.12656,6.27242e+08
2,0,1.45,-0.270598,0,2.12956,6.64591e+08
2,0,1.45,-0.270598,0,2.13257,6.42702e+08
2,0,1.45,-0.270598,0,2.13557,6.33463e+08
2,0,1.45,-0.270598,0,2.13857,7.05516e+08
2,0,1.45,-0.270598,0,2.14157,6.81518e+08
2,0,1.45,-0.270598,0,2.14457,7.32724e+08
2,0,1.45,-0.270598,0,2.14757,5.97736e+08
2,0,1.45,-0.270598,0,2.15058,6.09937e+08
2,0,1.45,-0.270598,0,2.15358,6.32483e+08
2,0,1.45,-0.270598,0,2.15658,6.04293e+08
2,0,1.45,-0.270598,0,2.15958,6.3794e+08
2,0,1.45,-0.270598,0,2.16258,6.13482e+08
2,0,1.45,-0.270598,0,2.16558,6.756e+08
2,0,1.45,-0.270598,0,2.16858,6.44245e+08
2,0,1.45,-0.270598,0,2.17159,6.6277e+08
2,0,1.45,-0.270598,0,2.17459,7.27494e+08
2,0,1.45,-0.270598,0,2.17759,7.0258e+08
2,0,1.45,-0.270598,0,2.18059,7.09558e+08
2,0,1.45,-0.270598,0,2.18359,6.98394e+08
2,0,1.45,-0.270598,0,2.18659,6.29235e+08
2,0,1.45,-0.270598,0,2.18959,6.1289e+08
2,0,1.45,-0.270598,0,2.1926,6.54774e+08
2,0,1.45,-0.270598,0,2.1956,6.28918e+08
2,0,1.45,-0.270598,0,2.1986,7.60485e+08
2,0,1.45,-0.270598,0,2.2016,6.02212e+08
2,0,1.45,-0.270598,0,2.2046,6.12327e+08
2,0,1.45,-0.270598,0,2.2076,6.15854e+08
2,0,1.45,-0.270598,0,2.21061,6.58609e+08
2,0,1.45,-0.270598,0,2.21361,6.42459e+08
2,0,1.45,-0.270598,0,2.21661,6.56924e+08
2,0,1.45,-0.270598,0,2.21961,6.67628e+08
2,0,1.45,-0.270598,0,2.22261,7.46567e+08
2,0,1.45,-0.270598,0,2.22561,6.86602e+08
2,0,1.45,-0.270598,0,2.22861,7.1316e+08
2,0,1.45,-0.270598,0,2.23162,7.68219e+08
2,0,1.45,-0.270598,0,2.23462,7.43401e+08
2,0,1.45,-0.270598,0,2.23762,7.58946e+08
2,0,1.45,-0.270598,0,2.24062,6.63317e+08
2,0,1.45,-0.270598,0,2.24362,6.19253e+08
2,0,1.45,-0.270598,0,2.24662,6.3069e+08
2,0,1.45,-0.270598,0,2.24962,7.64642e+08
2,0,1.45,-0.270598,0,2.25263,6.43352e+08
2,0,1.45,-0.270598,0,2.25563,6.37764e+08
2,0,1.45,-0.270598,0,2.25863,6.12045e+08
2,0,1.45,-0.270598,0,2.26163,6.3401e+08
2,0,1.45,-0.270598,0,2.26463,6.26789e+08
2,0,1.45,-0.270598,0,2.26763,6.37199e+08
2,0,1.45,-0.270598,0,2.27064,6.40012e+08
2,0,1.45,-0.270598,0,2.27364,6.5676e+08
2,0,1.45,-0.270598,0,2.27664,6.57637e+08
2,0,1.45,-0.270598,0,2.27964,6.7394e+08
2,0,1.45,-0.270598,0,2.28264,7.89838e+08
2,0,1.45,-0.270598,0,2.28564,6.22136e+08
2,0,1.45,-0.270598,0,2.28864,7.81637e+08
2,0,1.45,-0.270598,0,2.29165,7.1651e+08
2,0,1.45,-0.270598,0,2.29465,7.49766e+08
2,0,1.45,-0.270598,0,2.29765,6.81261e+08
2,0,1.45,-0.270598,0,2.30065,6.92778e+08
2,0,1.45,-0.270598,0,2.30365,6.10184e+08
2,0,1.45,-0.270598,0,2.30665,6.63088e+08
2,0,1.45,-0.270598,0,2.30965,6.28987e+08
2,0,1.45,-0.270598,0,2.31266,6.45154e+08
2,0,1.45,-0.270598,0,2.31566,7.36689e+08
2,0,1.45,-0.270598,0,2.31866,7.0501e+08
2,0,1.45,-0.270598,0,2.32166,6.24063e+08
2,0,1.45,-0.270598,0,2.32466,7.73848e+08
2,0,1.45,-0.270598,0,2.32766,6.20219e+08
2,0,1.45,-0.270598,0,2.33067,7.81234e+08
2,0,1.45,-0.270598,0,2.33367,6.79774e+08
2,0,1.45,-0.270598,0,2.33667,6.35079e+08
2,0,1.45,-0.270598,0,2.33967,6.95723e+08
2,0,1.45,-0.270598,0,2.34267,6.78944e+08
2,0,1.45,-0.270598,0,2.34567,6.33484e+08
2,0,1.45,-0.270598,0,2.34867,6.75618e+08
2,0,1.45,-0.270598,0,2.35168,6.52689e+08
2,0,1.45,-0.270598,0,2.35468,7.35221e+08
2,0,1.45,-0.270598,0,2.35768,8.00908e+08
2,0,1.45,-0.270598,0,2.36068,7.68198e+08
2,0,1.45,-0.270598,0,2.36368,6.80452e+08
2,0,1.45,-0.270598,0,2.36668,7.85885e+08
2,0,1.45,-0.270598,0,2.36968,7.94229e+08
2,0,1.45,-0.270598,0,2.37269,6.23263e+08
2,0,1.45,-0.270598,0,2.37569,7.67625e+08
2,0,1.45,-0.270598,0,2.37869,7.3768e+08
2,0,1.45,-0.270598,0,2.38169,7.43357e+08
2,0,1.45,-0.270598,0,2.38469,7.34552e+08
2,0,1.45,-0.270598,0,2.38769,6.42248e+08
2,0,1.45,-0.270598,0,2.3907,6.45047e+08
2,0,1.45,-0.270598,0,2.3937,6.66057e+08
2,0,1.45,-0.270598,0,2.3967,6.6667e+08
2,0,1.45,-0.270598,0,2.3997,6.76541e+08
2,0,1.45,-0.270598,0,2.4027,6.77158e+08
2,0,1.45,-0.270598,0,2.4057,6.43062e+08
2,0,1.45,-0.270598,0,2.4087,7.95664e+08
2,0,1.45,-0.270598,0,2.41171,6.62179e+08
2,0,1.45,-0.270598,0,2.41471,6.65121e+08
2,0,1.45,-0.270598,0,2.41771,7.23447e+08
2,0,1.45,-0.270598,0,2.42071,6.93701e+08
2,0,1.45,-0.270598,0,2.42371,7.44151e+08
2,0,1.45,-0.270598,0,2.42671,7.46577e+08
2,0,1.45,-0.270598,0,2.42971,6.2655e+08
2,0,1.45,-0.270598,0,2.43272,6.46735e+08
2,0,1.45,-0.270598,0,2.43572,7.94647e+08
2,0,1.45,-0.270598,0,2.43872,8.02035e+08
2,0,1.45,-0.270598,0,2.44172,8.11682e+08
2,0,1.45,-0.270598,0,2.44472,6.3195e+08
2,0,1.45,-0.270598,0,2.44772,6.82414e+08
2,0,1.45,-0.270598,0,2.45073,6.42005e+08
2,0,1.45,-0.270598,0,2.45373,7.01049e+08
2,0,1.45,-0.270598,0,2.45673,6.68377e+08
2,0,1.45,-0.270598,0,2.45973,6.80341e+08
2,0,1.45,-0.270598,0,2.46273,7.5904e+08
2,0,1.45,-0.270598,0,2.46573,6.95813e+08
2,0,1.45,-0.270598,0,2.46873,7.14189e+08
2,0,1.45,-0.270598,0,2.47174,6.52851e+08
2,0,1.45,-0.270598,0,2.47474,7.98254e+08
2,0,1.45,-0.270598,0,2.47774,6.42145e+08
2,0,1.45,-0.270598,0,2.48074,6.69653e+08
2,0,1.45,-0.270598,0,2.48374,6.83872e+08
2,0,1.45,-0.270598,0,2.48674,6.91326e+08
2,0,1.45,-0.270598,0,2.48974,8.23474e+08
2,0,1.45,-0.270598,0,2.49275,7.35779e+08
2,0,1.45,-0.270598,0,2.49575,6.69326e+08
2,0,1.45,-0.270598,0,2.49875,6.46077e+08
2,0,1.45,-0.270598,0,2.50175,7.57368e+08
2,0,1.45,-0.270598,0,2.50475,6.50038e+08
2,0,1.45,-0.270598,0,2.50775,7.50339e+08
2,0,1.45,-0.270598,0,2.51076,7.13296e+08
2,0,1.45,-0.270598,0,2.51376,8.08291e+08
2,0,1.45,-0.270598,0,2.51676,7.32088e+08
2,0,1.45,-0.270598,0,2.51976,6.40031e+08
2,0,1.45,-0.270598,0,2.52276,7.96155e+08
2,0,1.45,-0.270598,0,2.52576,7.92178e+08
2,0,1.45,-0.270598,0,2.52876,7.75574e+08
2,0,1.45,-0.270598,0,2.53177,6.39222e+08
2,0,1.45,-0.270598,0,2.53477,7.98331e+08
2,0,1.45,-0.270598,0,2.53777,8.06966e+08
2,0,1.45,-0.270598,0,2.54077,6.42339e+08
2,0,1.45,-0.270598,0,2.54377,8.19936e+08
2,0,1.45,-0.270598,0,2.54677,6.71747e+08
2,0,1.45,-0.270598,0,2.54977,8.03553e+08
2,0,1.45,-0.270598,0,2.55278,6.8337e+08
2,0,1.45,-0.270598,0,2.55578,6.96899e+08
2,0,1.45,-0.270598,0,2.55878,7.8661e+08
2,0,1.45,-0.270598,0,2.56178,7.13573e+08
2,0,1.45,-0.270598,0,2.56478,7.08903e+08
2,0,1.45,-0.270598,0,2.56778,8.12438e+08
2,0,1.45,-0.270598,0,2.57079,8.23818e+08
2,0,1.45,-0.270598,0,2.57379,6.68902e+08
2,0,1.45,-0.270598,0,2.57679,6.43633e+08
2,0,1.45,-0.270598,0,2.57979,7.64681e+08
2,0,1.45,-0.270598,0,2.58279,6.93142e+08
2,0,1.45,-0.270598,0,2.58579,6.54703e+08
2,0,1.45,-0.270598,0,2.58879,7.294e+08
2,0,1.45,-0.270598,0,2.5918,6.82446e+08
2,0,1.45,-0.270598,0,2.5948,8.01298e+08
2,0,1.45,-0.270598,0,2.5978,7.76409e+08
2,0,1.45,-0.270598,0,2.6008,7.60761e+08
2,0,1.45,-0.270598,0,2.6038,7.45702e+08
2,0,1.45,-0.270598,0,2.6068,8.05219e+08
2,0,1.45,-0.270598,0,2.6098,6.51592e+08
2,0,1.45,-0.270598,0,2.61281,7.79008e+08
2,0,1.45,-0.270598,0,2.61581,7.84986e+08
2,0,1.45,-0.270598,0,2.61881,7.43432e+08
2,0,1.45,-0.270598,0,2.62181,7.645e+08
2,0,1.45,-0.270598,0,2.62481,6.89477e+08
2,0,1.45,-0.270598,0,2.62781,6.62276e+08
2,0,1.45,-0.270598,0,2.63082,6.93359e+08
2,0,1.45,-0.270598,0,2.63382,6.80951e+08
2,0,1.45,-0.270598,0,2.63682,6.49473e+08
2,0,1.45,-0.270598,0,2.63982,7.10028e+08
2,0,1.45,-0.270598,0,2.64282,6.69705e+08
2,0,1.45,-0.270598,0,2.64582,6.77286e+08
2,0,1.45,-0.270598,0,2.64882,8.30131e+08
2,0,1.45,-0.270598,0,2.65183,8.09638e+08
2,0,1.45,-0.270598,0,2.65483,7.00255e+08
2,0,1.45,-0.270598,0,2.65783,6.61797e+08
2,0,1.45,-0.270598,0,2.66083,7.14844e+08
2,0,1.45,-0.270598,0,2.66383,6.90952e+08
2,0,1.45,-0.270598,0,2.66683,7.23549e+08
2,0,1.45,-0.270598,0,2.66983,7.83511e+08
2,0,1.45,-0.270598,0,2.67284,7.35268e+08
2,0,1.45,-0.270598,0,2.67584,7.56439e+08
2,0,1.45,-0.270598,0,2.67884,7.19476e+08
2,0,1.45,-0.270598,0,2.68184,7.22385e+08
2,0,1.45,-0.270598,0,2.68484,7.33706e+08
2,0,1.45,-0.270598,0,2.68784,7.04827e+08
2,0,1.45,-0.270598,0,2.69085,6.67252e+08
2,0,1.45,-0.270598,0,2.69385,8.13702e+08
2,0,1.45,-0.270598,0,2.69685,8.35755e+08
2,0,1.45,-0.270598,0,2.69985,7.35752e+08
2,0,1.45,-0.270598,0,2.70285,7.77364e+08
2,0,1.45,-0.270598,0,2.70585,7.98104e+08
2,0,1.45,-0.270598,0,2.70885,7.94299e+08
2,0,1.45,-0.270598,0,2.71186,6.63135e+08
2,0,1.45,-0.270598,0,2.71486,8.18357e+08
2,0,1.45,-0.270598,0,2.71786,6.72872e+08
2,0,1.45,-0.270598,0,2.72086,8.44344e+08
2,0,1.45,-0.270598,0,2.72386,6.82626e+08
2,0,1.45,-0.270598,0,2.72686,6.55576e+08
2,0,1.45,-0.270598,0,2.72986,6.9824e+08
2,0,1.45,-0.270598,0,2.73287,6.72641e+08
2,0,1.45,-0.270598,0,2.73587,7.21686e+08
2,0,1.45,-0.270598,0,2.73887,7.21249e+08
2,0,1.45,-0.270598,0,2.74187,7.36909e+08
2,0,1.45,-0.270598,0,2.74487,7.03119e+08
2,0,1.45,-0.270598,0,2.74787,7.03442e+08
2,0,1.45,-0.270598,0,2.75088,7.13204e+08
2,0,1.45,-0.270598,0,2.75388,7.3173e+08
2,0,1.45,-0.270598,0,2.75688,7.47851e+08
2,0,1.45,-0.270598,0,2.75988,7.54161e+08
2,0,1.45,-0.270598,0,2.76288,7.31559e+08
2,0,1.45,-0.270598,0,2.76588,7.2953e+08
2,0,1.45,-0.270598,0,2.76888,7.12104e+08
2,0,1.45,-0.270598,0,2.77189,7.72007e+08
2,0,1.45,-0.270598,0,2.77489,7.71544e+08
2,0,1.45,-0.270598,0,2.77789,7.55761e+08
2,0,1.45,-0.270598,0,2.78089,7.44709e+08
2,0,1.45,-0.270598,0,2.78389,7.58509e+08
2,0,1.45,-0.270598,0,2.78689,7.58472e+08
2,0,1.45,-0.270598,0,2.78989,8.06271e+08
2,0,1.45,-0.270598,0,2.7929,7.1717e+08
2,0,1.45,-0.270598,0,2.7959,8.3159e+08
2,0,1.45,-0.270598,0,2.7989,7.47054e+08
2,0,1.45,-0.270598,0,2.8019,6.97405e+08
2,0,1.45,-0.270598,0,2.8049,8.05683e+08
2,0,1.45,-0.270598,0,2.8079,6.87597e+08
2,0,1.45,-0.270598,0,2.81091,8.2538e+08
2,0,1.45,-0.270598,0,2.81391,8.34045e+08
2,0,1.45,-0.270598,0,2.81691,6.84299e+08
2,0,1.45,-0.270598,0,2.81991,8.50807e+08
2,0,1.45,-0.270598,0,2.82291,8.07861e+08
2,0,1.45,-0.270598,0,2.82591,7.07371e+08
2,0,1.45,-0.270598,0,2.82891,9.18722e+08
2,0,1.45,-0.270598,0,2.83192,8.33399e+08
2,0,1.45,-0.270598,0,2.83492,6.85576e+08
2,0,1.45,-0.270598,0,2.83792,6.79961e+08
2,0,1.45,-0.270598,0,2.84092,7.43107e+08
2,0,1.45,-0.270598,0,2.84392,7.71003e+08
2,0,1.45,-0.270598,0,2.84692,6.7192e+08
2,0,1.45,-0.270598,0,2.84992,7.1674e+08
2,0,1.45,-0.270598,0,2.85293,7.83247e+08
2,0,1.45,-0.270598,0,2.85593,7.29052e+08
2,0,1.45,-0.270598,0,2.85893,7.41731e+08
2,0,1.45,-0.270598,0,2.86193,7.48008e+08
2,0,1.45,-0.270598,0,2.86493,7.49157e+08
2,0,1.45,-0.270598,0,2.86793,7.44953e+08
2,0,1.45,-0.270598,0,2.87094,7.25158e+08
2,0,1.45,-0.270598,0,2.87394,7.32794e+08
2,0,1.45,-0.270598,0,2.87694,7.45715e+08
2,0,1.45,-0.270598,0,2.87994,7.89188e+08
2,0,1.45,-0.270598,0,2.88294,7.54593e+08
2,0,1.45,-0.270598,0,2.88594,8.04224e+08
2,0,1.45,-0.270598,0,2.88894,8.1551e+08
2,0,1.45,-0.270598,0,2.89195,8.24735e+08
2,0,1.45,-0.270598,0,2.89495,7.95365e+08
2,0,1.45,-0.270598,0,2.89795,8.4732e+08
2,0,1.45,-0.270598,0,2.90095,8.48826e+08
2,0,1.45,-0.270598,0,2.90395,8.48879e+08
2,0,1.45,-0.270598,0,2.90695,8.62959e+08
2,0,1.45,-0.270598,0,2.90995,6.71996e+08
2,0,1.45,-0.270598,0,2.91296,6.77818e+08
2,0,1.45,-0.270598,0,2.91596,8.47616e+08
2,0,1.45,-0.270598,0,2.91896,7.10724e+08
2,0,1.45,-0.270598,0,2.92196,6.91362e+08
2,0,1.45,-0.270598,0,2.92496,7.20415e+08
2,0,1.45,-0.270598,0,2.92796,7.09222e+08
2,0,1.45,-0.270598,0,2.93097,9.0176e+08
2,0,1.45,-0.270598,0,2.93397,6.83151e+08
2,0,1.45,-0.270598,0,2.93697,6.8646e+08
2,0,1.45,-0.270598,0,2.93997,7.40934e+08
2,0,1.45,-0.270598,0,2.94297,6.80724e+08
2,0,1.45,-0.270598,0,2.94597,7.1193e+08
2,0,1.45,-0.270598,0,2.94897,6.98897e+08
2,0,1.45,-0.270598,0,2.95198,8.4559e+08
2,0,1.45,-0.270598,0,2.95498,8.52568e+08
2,0,1.45,-0.270598,0,2.95798,7.32946e+08
2,0,1.45,-0.270598,0,2.96098,7.72403e+08
2,0,1.45,-0.270598,0,2.96398,7.16863e+08
2,0,1.45,-0.270598,0,2.96698,7.80579e+08
2,0,1.45,-0.270598,0,2.96998,7.46664e+08
2,0,1.45,-0.270598,0,2.97299,7.547e+08
2,0,1.45,-0.270598,0,2.97599,7.78658e+08
2,0,1.45,-0.270598,0,2.97899,7.63137e+08
2,0,1.45,-0.270598,0,2.98199,7.50333e+08
2,0,1.45,-0.270598,0,2.98499,7.72866e+08
2,0,1.45,-0.270598,0,2.98799,7.82965e+08
2,0,1.45,-0.270598,0,2.991,7.23052e+08
2,0,1.45,-0.270598,0,2.994,8.02815e+08
2,0,1.45,-0.270598,0,2.997,7.81123e+08
2,0,1.45,-0.270598,0,3,7.07824e+08

2,0,1.6,-0.387438,0,-3,2.67178e+08
2,0,1.6,-0.387438,0,-2.997,2.66982e+08
2,0,1.6,-0.387438,0,-2.994,2.64095e+08
2,0,1.6,-0.387438,0,-2.991,2.6231e+08
2,0,1.6,-0.387438,0,-2.98799,2.60553e+08
2,0,1.6,-0.387438,0,-2.98499,2.47582e+08
2,0,1.6,-0.387438,0,-2.98199,2.43285e+08
2,0,1.6,-0.387438,0,-2.97899,2.55268e+08
2,0,1.6,-0.387438,0,-2.97599,2.60587e+08
2,0,1.6,-0.387438,0,-2.97299,2.55027e+08
2,0,1.6,-0.387438,0,-2.96998,2.80234e+08
2,0,1.6,-0.387438,0,-2.96698,2.49496e+08
2,0,1.6,-0.387438,0,-2.96398,2.55907e+08
2,0,1.6,-0.387438,0,-2.96098,2.50967e+08
2,0,1.6,-0.387438,0,-2.95798,2.41999e+08
2,0,1.6,-0.387438,0,-2.95498,2.55098e+08
2,0,1.6,-0.387438,0,-2.95198,2.45715e+08
2,0,1.6,-0.387438,0,-2.94897,2.64126e+08
2,0,1.6,-0.387438,0,-2.94597,2.4347e+08
2,0,1.6,-0.387438,0,-2.94297,2.58229e+08
2,0,1.6,-0.387438,0,-2.93997,2.55944e+08
2,0,1.6,-0.387438,0,-2.93697,2.87941e+08
2,0,1.6,-0.387438,0,-2.93397,2.85636e+08
2,0,1.6,-0.387438,0,-2.93097,2.69942e+08
2,0,1.6,-0.387438,0,-2.92796,2.66622e+08
2,0,1.6,-0.387438,0,-2.92496,2.44386e+08
2,0,1.6,-0.387438,0,-2.92196,2.67838e+08
2,0,1.6,-0.387438,0,-2.91896,2.94306e+08
2,0,1.6,-0.387438,0,-2.91596,2.48193e+08
2,0,1.6,-0.387438,0,-2.91296,2.64743e+08
2,0,1.6,-0.387438,0,-2.90995,2.62829e+08
2,0,1.6,-0.387438,0,-2.90695,2.6379e+08
2,0,1.6,-0.387438,0,-2.90395,2.52684e+08
2,0,1.6,-0.387438,0,-2.90095,2.67919e+08
2,0,1.6,-0.387438,0,-2.89795,2.65019e+08
2,0,1.6,-0.387438,0,-2.89495,2.63175e+08
2,0,1.6,-0.387438,0,-2.89195,2.64552e+08
2,0,1.6,-0.387438,0,-2.88894,2.53147e+08
2,0,1.6,-0.387438,0,-2.88594,2.4749e+08
2,0,1.6,-0.387438,0,-2.88294,2.63531e+08
2,0,1.6,-0.387438,0,-2.87994,2.51831e+08
2,0,1.6,-0.387438,0,-2.87694,2.46098e+08
2,0,1.6,-0.387438,0,-2.87394,2.94813e+08
2,0,1.6,-0.387438,0,-2.87094,3.05604e+08
2,0,1.6,-0.387438,0,-2.86793,2.88338e+08
2,0,1.6,-0.387438,0,-2.86493,2.92353e+08
2,0,1.6,-0.387438,0,-2.86193,2.84117e+08
2,0,1.6,-0.387438,0,-2.85893,2.7753e+08
2,0,1.6,-0.387438,0,-2.85593,2.70682e+08
2,0,1.6,-0.387438,0,-2.85293,3.16768e+08
2,0,1.6,-0.387438,0,-2.84992,2.82367e+08
2,0,1.6,-0.387438,0,-2.84692,2.87943e+08
2,0,1.6,-0.387438,0,-2.84392,2.5592e+08
2,0,1.6,-0.387438,0,-2.84092,2.66129e+08
2,0,1.6,-0.387438,0,-2.83792,2.66292e+08
2,0,1.6,-0.387438,0,-2.83492,2.61669e+08
2,0,1.6,-0.387438,0,-2.83192,2.38492e+08
2,0,1.6,-0.387438,0,-2.82891,2.50024e+08
2,0,1.6,-0.387438,0,-2.82591,3.01524e+08
2,0,1.6,-0.387438,0,-2.82291,2.99779e+08
2,0,1.6,-0.387438,0,-2.81991,2.87912e+08
2,0,1.6,-0.387438,0,-2.81691,2.80898e+08
2,0,1.6,-0.387438,0,-2.81391,2.6788e+08
2,0,1.6,-0.387438,0,-2.81091,2.88945e+08
2,0,1.6,-0.387438,0,-2.8079,2.67619e+08
2,0,1.6,-0.387438,0,-2.8049,2.70149e+08
2,0,1.6,-0.387438,0,-2.8019,2.64344e+08
2,0,1.6,-0.387438,0,-2.7989,2.46053e+08
2,0,1.6,-0.387438,0,-2.7959,2.34982e+08
2,0,1.6,-0.387438,0,-2.7929,2.56243e+08
2,0,1.6,-0.387438,0,-2.78989,2.39506e+08
2,0,1.6,-0.387438,0,-2.78689,2.42371e+08
2,0,1.6,-0.387438,0,-2.78389,2.54581e+08
2,0,1.6,-0.387438,0,-2.78089,2.54753e+08
2,0,1.6,-0.387438,0,-2.77789,2.4817e+08
2,0,1.6,-0.387438,0,-2.77489,2.77152e+08
2,0,1.6,-0.387438,0,-2.77189,2.82516e+08
2,0,1.6,-0.387438,0,-2.76888,2.57063e+08
2,0,1.6,-0.387438,0,-2.76588,2.59924e+08
2,0,1.6,-0.387438,0,-2.76288,2.59584e+08
2,0,1.6,-0.387438,0,-2.75988,2.75753e+08
2,0,1.6,-0.387438,0,-2.75688,2.36242e+08
2,0,1.6,-0.387438,0,-2.75388,2.74257e+08
2,0,1.6,-0.387438,0,-2.75088,2.69514e+08
2,0,1.6,-0.387438,0,-2.74787,2.67568e+08
2,0,1.6,-0.387438,0,-2.74487,2.44602e+08
2,0,1.6,-0.387438,0,-2.74187,2.30345e+08
2,0,1.6,-0.387438,0,-2.73887,2.31854e+08
2,0,1.6,-0.387438,0,-2.73587,2.63726e+08
2,0,1.6,-0.387438,0,-2.73287,2.62481e+08
2,0,1.6,-0.387438,0,-2.72986,2.35994e+08
2,0,1.6,-0.387438,0,-2.72686,2.30987e+08
2,0,1.6,-0.387438,0,-2.72386,2.52073e+08
2,0,1.6,-0.387438,0,-2.72086,2.31099e+08
2,0,1.6,-0.387438,0,-2.71786,2.50937e+08
2,0,1.6,-0.387438,0,-2.71486,2.26764e+08
2,0,1.6,-0.387438,0,-2.71186,2.61687e+08
2,0,1.6,-0.387438,0,-2.70885,2.63574e+08
2,0,1.6,-0.387438,0,-2.70585,2.6659e+08
2,0,1.6,-0.387438,0,-2.70285,2.47388e+08
2,0,1.6,-0.387438,0,-2.69985,2.18408e+08
2,0,1.6,-0.387438,0,-2.69685,2.45273e+08
2,0,1.6,-0.387438,0,-2.69385,2.63436e+08
2,0,1.6,-0.387438,0,-2.69085,2.52818e+08
2,0,1.6,-0.387438,0,-2.68784,-1.96656e+08
2,0,1.6,-0.387438,0,-2.68484,-2.11394e+08
2,0,1.6,-0.387438,0,-2.68184,-2.33023e+08
2,0,1.6,-0.387438,0,-2.67884,-2.63594e+08
2,0,1.6,-0.387438,0,-2.67584,-2.30226e+08
2,0,1.6,-0.387438,0,-2.67284,-2.25743e+08
2,0,1.6,-0.387438,0,-2.66983,-2.84349e+08
2,0,1.6,-0.387438,0,-2.66683,-2.5243e+08
2,0,1.6,-0.387438,0,-2.66383,-2.86805e+08
2,0,1.6,-0.387438,0,-2.66083,-2.34848e+08
2,0,1.6,-0.387438,0,-2.65783,-2.30487e+08
2,0,1.6,-0.387438,0,-2.65483,-2.26473e+08
2,0,1.6,-0.387438,0,-2.65183,-2.80704e+08
2,0,1.6,-0.387438,0,-2.64882,-2.35525e+08
2,0,1.6,-0.387438,0,-2.64582,-2.51383e+08
2,0,1.6,-0.387438,0,-2.64282,-2.67896e+08
2,0,1.6,-0.387438,0,-2.63982,-2.90864e+08
2,0,1.6,-0.387438,0,-2.63682,-2.39125e+08
2,0,1.6,-0.387438,0,-2.63382,-2.5096e+08
2,0,1.6,-0.387438,0,-2.63082,-2.34846e+08
2,0,1.6,-0.387438,0,-2.62781,-2.88193e+08
2,0,1.6,-0.387438,0,-2.62481,-2.97878e+08
2,0,1.6,-0.387438,0,-2.62181,-2.48987e+08
2,0,1.6,-0.387438,0,-2.61881,-2.52747e+08
2,0,1.6,-0.387438,0,-2.61581,-2.63768e+08
2,0,1.6,-0.387438,0,-2.61281,-2.60426e+08
2,0,1.6,-0.387438,0,-2.6098,-2.87417e+08
2,0,1.6,-0.387438,0,-2.6068,-2.98291e+08
2,0,1.6,-0.387438,0,-2.6038,-2.3445e+08
2,0,1.6,-0.387438,0,-2.6008,-2.49551e+08
2,0,1.6,-0.387438,0,-2.5978,-2.57408e+08
2,0,1.6,-0.387438,0,-2.5948,-2.61305e+08
2,0,1.6,-0.387438,0,-2.5918,-2.65338e+08
2,0,1.6,-0.387438,0,-2.58879,-2.58566e+08
2,0,1.6,-0.387438,0,-2.58579,-2.88438e+08
2,0,1.6,-0.387438,0,-2.58279,-2.77216e+08
2,0,1.6,-0.387438,0,-2.57979,-3.0603e+08
2,0,1.6,-0.387438,0,-2.57679,-2.97394e+08
2,0,1.6,-0.387438,0,-2.57379,-2.70048e+08
2,0,1.6,-0.387438,0,-2.57079,-3.02762e+08
2,0,1.6,-0.387438,0,-2.56778,-2.61709e+08
2,0,1.6,-0.387438,0,-2.56478,-2.70429e+08
2,0,1.6,-0.387438,0,-2.56178,-2.77301e+08
2,0,1.6,-0.387438,0,-2.55878,-2.67853e+08
2,0,1.6,-0.387438,0,-2.55578,-2.72751e+08
2,0,1.6,-0.387438,0,-2.55278,-2.84651e+08
2,0,1.6,-0.387438,0,-2.54977,-2.87049e+08
2,0,1.6,-0.387438,0,-2.54677,-2.95935e+08
2,0,1.6,-0.387438,0,-2.54377,-2.86242e+08
2,0,1.6,-0.387438,0,-2.54077,-2.50972e+08
2,0,1.6,-0.387438,0,-2.53777,-3.06697e+08
2,0,1.6,-0.387438,0,-2.53477,-2.45482e+08
2,0,1.6,-0.387438,0,-2.53177,-2.40018e+08
2,0,1.6,-0.387438,0,-2.52876,-2.63079e+08
2,0,1.6,-0.387438,0,-2.52576,-2.80057e+08
2,0,1.6,-0.387438,0,-2.52276,-2.6278e+08
2,0,1.6,-0.387438,0,-2.51976,-2.67835e+08
2,0,1.6,-0.387438,0,-2.51676,-2.78787e+08
2,0,1.6,-0.387438,0,-2.51376,-2.88083e+08
2,0,1.6,-0.387438,0,-2.51076,-3.11209e+08
2,0,1.6,-0.387438,0,-2.50775,-2.46837e+08
2,0,1.6,-0.387438,0,-2.50475,-2.86301e+08
2,0,1.6,-0.387438,0,-2.50175,-2.51016e+08
2,0,1.6,-0.387438,0,-2.49875,-2.45898e+08
2,0,1.6,-0.387438,0,-2.49575,-2.4897e+08
2,0,1.6,-0.387438,0,-2.49275,-2.5363e+08
2,0,1.6,-0.387438,0,-2.48974,-2.57708e+08
2,0,1.6,-0.387438,0,-2.48674,-2.55303e+08
2,0,1.6,-0.387438,0,-2.48374,-2.66498e+08
2,0,1.6,-0.387438,0,-2.48074,-2.53605e+08
2,0,1.6,-0.387438,0,-2.47774,-2.73078e+08
2,0,1.6,-0.387438,0,-2.47474,-2.62237e+08
2,0,1.6,-0.387438,0,-2.47174,-2.79711e+08
2,0,1.6,-0.387438,0,-2.46873,-2.80142e+08
2,0,1.6,-0.387438,0,-2.46573,-2.74405e+08
2,0,1.6,-0.387438,0,-2.46273,-3.00366e+08
2,0,1.6,-0.387438,0,-2.45973,-2.8059e+08
2,0,1.6,-0.387438,0,-2.45673,-3.08042e+08
2,0,1.6,-0.387438,0,-2.45373,-3.02141e+08
2,0,1.6,-0.387438,0,-2.45073,-2.94488e+08
2,0,1.6,-0.387438,0,-2.44772,-2.46498e+08
2,0,1.6,-0.387438,0,-2.44472,-2.49341e+08
2,0,1.6,-0.387438,0,-2.44172,-2.55158e+08
2,0,1.6,-0.387438,0,-2.43872,-2.53849e+08
2,0,1.6,-0.387438,0,-2.43572,-2.44506e+08
2,0,1.6,-0.387438,0,-2.43272,-2.66688e+08
2,0,1.6,-0.387438,0,-2.42971,-2.85958e+08
2,0,1.6,-0.387438,0,-2.42671,-2.73299e+08
2,0,1.6,-0.387438,0,-2.42371,-2.6608e+08
2,0,1.6,-0.387438,0,-2.42071,-2.62425e+08
2,0,1.6,-0.387438,0,-2.41771,-2.56761e+08
2,0,1.6,-0.387438,0,-2.41471,-2.66453e+08
2,0,1.6,-0.387438,0,-2.41171,-2.94253e+08
2,0,1.6,-0.387438,0,-2.4087,-2.86133e+08
2,0,1.6,-0.387438,0,-2.4057,-2.88479e+08
2,0,1.6,-0.387438,0,-2.4027,-2.92026e+08
2,0,1.6,-0.387438,0,-2.3997,-3.12263e+08
2,0,1.6,-0.387438,0,-2.3967,-3.05945e+08
2,0,1.6,-0.387438,0,-2.3937,-3.12956e+08
2,0,1.6,-0.387438,0,-2.3907,-3.10218e+08
2,0,1.6,-0.387438,0,-2.38769,-2.91316e+08
2,0,1.6,-0.387438,0,-2.38469,-2.99496e+08
2,0,1.6,-0.387438,0,-2.38169,-2.55803e+08
2,0,1.6,-0.387438,0,-2.37869,-3.04777e+08
2,0,1.6,-0.387438,0,-2.37569,-3.17927e+08
2,0,1.6,-0.387438,0,-2.37269,-3.14026e+08
2,0,1.6,-0.387438,0,-2.36968,-2.79494e+08
2,0,1.6,-0.387438,0,-2.36668,-2.61875e+08
2,0,1.6,-0.387438,0,-2.36368,-2.51098e+08
2,0,1.6,-0.387438,0,-2.36068,-2.66227e+08
2,0,1.6,-0.387438,0,-2.35768,-2.75654e+08
2,0,1.6,-0.387438,0,-2.35468,-2.74852e+08
2,0,1.6,-0.387438,0,-2.35168,-2.75479e+08
2,0,1.6,-0.387438,0,-2.34867,-2.7004e+08
2,0,1.6,-0.387438,0,-2.34567,-2.91629e+08
2,0,1.6,-0.387438,0,-2.34267,-2.64147e+08
2,0,1.6,-0.387438,0,-2.33967,-3.07388e+08
2,0,1.6,-0.387438,0,-2.33667,-2.51853e+08
2,0,1.6,-0.387438,0,-2.33367,-3.15894e+08
2,0,1.6,-0.387438,0,-2.33067,-2.53488e+08
2,0,1.6,-0.387438,0,-2.32766,-3.01732e+08
2,0,1.6,-0.387438,0,-2.32466,-3.05813e+08
2,0,1.6,-0.387438,0,-2.32166,-2.81724e+08
2,0,1.6,-0.387438,0,-2.31866,-2.54673e+08
2,0,1.6,-0.387438,0,-2.31566,-2.49177e+08
2,0,1.6,-0.387438,0,-2.31266,-3.19298e+08
2,0,1.6,-0.387438,0,-2.30965,-2.58209e+08
2,0,1.6,-0.387438,0,-2.30665,-2.77224e+08
2,0,1.6,-0.387438,0,-2.30365,-2.5049e+08
2,0,1.6,-0.387438,0,-2.30065,-2.63897e+08
2,0,1.6,-0.387438,0,-2.29765,-3.1374e+08
2,0,1.6,-0.387438,0,-2.29465,-2.68674e+08
2,0,1.6,-0.387438,0,-2.29165,-2.6093e+08
2,0,1.6,-0.387438,0,-2.28864,-2.48416e+08
2,0,1.6,-0.387438,0,-2.28564,-2.5991e+08
2,0,1.6,-0.387438,0,-2.28264,-2.74306e+08
2,0,1.6,-0.387438,0,-2.27964,-2.71009e+08
2,0,1.6,-0.387438,0,-2.27664,-2.53164e+08
2,0,1.6,-0.387438,0,-2.27364,-2.77557e+08
2,0,1.6,-0.387438,0,-2.27064,-2.77069e+08
2,0,1.6,-0.387438,0,-2.26763,-2.80942e+08
2,0,1.6,-0.387438,0,-2.26463,-2.74028e+08
2,0,1.6,-0.387438,0,-2.26163,-2.59139e+08
2,0,1.6,-0.387438,0,-2.25863,-2.89514e+08
2,0,1.6,-0.387438,0,-2.25563,-2.59415e+08
2,0,1.6,-0.387438,0,-2.25263,-2.85915e+08
2,0,1.6,-0.387438,0,-2.24962,-2.63768e+08
2,0,1.6,-0.387438,0,-2.24662,-2.72765e+08
2,0,1.6,-0.387438,0,-2.24362,-2.68063e+08
2,0,1.6,-0.387438,0,-2.24062,-2.8137e+08
2,0,1.6,-0.387438,0,-2.23762,-2.72324e+08
2,0,1.6,-0.387438,0,-2.23462,-2.88892e+08
2,0,1.6,-0.387438,0,-2.23162,-2.76656e+08
2,0,1.6,-0.387438,0,-2.22861,-2.81394e+08
2,0,1.6,-0.387438,0,-2.22561,-3.11217e+08
2,0,1.6,-0.387438,0,-2.22261,-2.83183e+08
2,0,1.6,-0.387438,0,-2.21961,-3.16817e+08
2,0,1.6,-0.387438,0,-2.21661,-2.5216e+08
2,0,1.6,-0.387438,0,-2.21361,-2.56119e+08
2,0,1.6,-0.387438,0,-2.21061,-2.74728e+08
2,0,1.6,-0.387438,0,-2.2076,-3.13335e+08
2,0,1.6,-0.387438,0,-2.2046,-3.24754e+08
2,0,1.6,-0.387438,0,-2.2016,-3.26461e+08
2,0,1.6,-0.387438,0,-2.1986,-3.06604e+08
2,0,1.6,-0.387438,0,-2.1956,-3.10152e+08
2,0,1.6,-0.387438,0,-2.1926,-3.19877e+08
2,0,1.6,-0.387438,0,-2.18959,-2.7545e+08
2,0,1.6,-0.387438,0,-2.18659,-2.58489e+08
2,0,1.6,-0.387438,0,-2.18359,-3.21707e+08
2,0,1.6,-0.387438,0,-2.18059,-2.93564e+08
2,0,1.6,-0.387438,0,-2.17759,-2.89106e+08
2,0,1.6,-0.387438,0,-2.17459,-3.18223e+08
2,0,1.6,-0.387438,0,-2.17159,-2.52409e+08
2,0,1.6,-0.387438,0,-2.16858,-2.60294e+08
2,0,1.6,-0.387438,0,-2.16558,-2.78857e+08
2,0,1.6,-0.387438,0,-2.16258,-2.85218e+08
2,0,1.6,-0.387438,0,-2.15958,-2.74896e+08
2,0,1.6,-0.387438,0,-2.15658,-2.60665e+08
2,0,1.6,-0.387438,0,-2.15358,-2.84692e+08
2,0,1.6,-0.387438,0,-2.15058,-3.05475e+08
2,0,1.6,-0.387438,0,-2.14757,-2.73607e+08
2,0,1.6,-0.387438,0,-2.14457,-2.77575e+08
2,0,1.6,-0.387438,0,-2.14157,-3.15315e+08
2,0,1.6,-0.387438,0,-2.13857,-2.88269e+08
2,0,1.6,-0.387438,0,-2.13557,-2.89344e+08
2,0,1.6,-0.387438,0,-2.13257,-3.03619e+08
2,0,1.6,-0.387438,0,-2.12956,-2.98654e+08
2,0,1.6,-0.387438,0,-2.12656,-3.1724e+08
2,0,1.6,-0.387438,0,-2.12356,-2.77998e+08
2,0,1.6,-0.387438,0,-2.12056,-2.80297e+08
2,0,1.6,-0.387438,0,-2.11756,-2.87593e+08
2,0,1.6,-0.387438,0,-2.11456,-2.84557e+08
2,0,1.6,-0.387438,0,-2.11156,-3.04936e+08
2,0,1.6,-0.387438,0,-2.10855,-3.11987e+08
2,0,1.6,-0.387438,0,-2.10555,-3.32982e+08
2,0,1.6,-0.387438,0,-2.10255,-3.13183e+08
2,0,1.6,-0.387438,0,-2.09955,-3.06107e+08
2,0,1.6,-0.387438,0,-2.09655,-3.25958e+08
2,0,1.6,-0.387438,0,-2.09355,-3.23212e+08
2,0,1.6,-0.387438,0,-2.09055,-3.17812e+08
2,0,1.6,-0.387438,0,-2.08754,-2.93015e+08
2,0,1.6,-0.387438,0,-2.08454,-3.11833e+08
2,0,1.6,-0.387438,0,-2.08154,-2.6276e+08
2,0,1.6,-0.387438,0,-2.07854,-3.04899e+08
2,0,1.6,-0.387438,0,-2.07554,-3.16669e+08
2,0,1.6,-0.387438,0,-2.07254,-3.00379e+08
2,0,1.6,-0.387438,0,-2.06953,-2.64123e+08
2,0,1.6,-0.387438,0,-2.06653,-3.13212e+08
2,0,1.6,-0.387438,0,-2.06353,-3.07206e+08
2,0,1.6,-0.387438,0,-2.06053,-2.79478e+08
2,0,1.6,-0.387438,0,-2.05753,-3.16372e+08
2,0,1.6,-0.387438,0,-2.05453,-2.53763e+08
2,0,1.6,-0.387438,0,-2.05153,-2.79651e+08
2,0,1.6,-0.387438,0,-2.04852,-2.71501e+08
2,0,1.6,-0.387438,0,-2.04552,-3.23301e+08
2,0,1.6,-0.387438,0,-2.04252,-2.72774e+08
2,0,1.6,-0.387438,0,-2.03952,-2.81815e+08
2,0,1.6,-0.387438,0,-2.03652,-2.67101e+08
2,0,1.6,-0.387438,0,-2.03352,-3.00874e+08
2,0,1.6,-0.387438,0,-2.03052,-2.70614e+08
2,0,1.6,-0.387438,0,-2.02751,-2.56171e+08
2,0,1.6,-0.387438,0,-2.02451,-2.87201e+08
2,0,1.6,-0.387438,0,-2.02151,-2.88079e+08
2,0,1.6,-0.387438,0,-2.01851,-2.76151e+08
2,0,1.6,-0.387438,0,-2.01551,-2.84528e+08
2,0,1.6,-0.387438,0,-2.01251,-2.95731e+08
2,0,1.6,-0.387438,0,-2.0095,-2.89068e+08
2,0,1.6,-0.387438,0,-2.0065,-2.6914e+08
2,0,1.6,-0.387438,0,-2.0035,-2.66923e+08
2,0,1.6,-0.387438,0,-2.0005,-2.89349e+08
2,0,1.6,-0.387438,0,-1.9975,-2.93699e+08
2,0,1.6,-0.387438,0,-1.9945,-2.96274e+08
2,0,1.6,-0.387438,0,-1.9915,-3.04572e+08
2,0,1.6,-0.387438,0,-1.98849,-2.99277e+08
2,0,1.6,-0.387438,0,-1.98549,-2.84812e+08
2,0,1.6,-0.387438,0,-1.98249,-2.93104e+08
2,0,1.6,-0.387438,0,-1.97949,-2.78732e+08
2,0,1.6,-0.387438,0,-1.97649,-2.9825e+08
2,0,1.6,-0.387438,0,-1.97349,-3.02199e+08
2,0,1.6,-0.387438,0,-1.97049,-2.82605e+08
2,0,1.6,-0.387438,0,-1.96748,-3.14898e+08
2,0,1.6,-0.387438,0,-1.96448,-3.2891e+08
2,0,1.6,-0.387438,0,-1.96148,-2.88849e+08
2,0,1.6,-0.387438,0,-1.95848,-2.91589e+08
2,0,1.6,-0.387438,0,-1.95548,-2.61774e+08
2,0,1.6,-0.387438,0,-1.95248,-2.92763e+08
2,0,1.6,-0.387438,0,-1.94947,-3.24699e+08
2,0,1.6,-0.387438,0,-1.94647,-3.26763e+08
2,0,1.6,-0.387438,0,-1.94347,-2.59504e+08
2,0,1.6,-0.387438,0,-1.94047,-2.67905e+08
2,0,1.6,-0.387438,0,-1.93747,-2.60808e+08
2,0,1.6,-0.387438,0,-1.93447,-2.54471e+08
2,0,1.6,-0.387438,0,-1.93147,-2.56363e+08
2,0,1.6,-0.387438,0,-1.92846,-2.63336e+08
2,0,1.6,-0.387438,0,-1.92546,-2.66847e+08
2,0,1.6,-0.387438,0,-1.92246,-2.58782e+08
2,0,1.6,-0.387438,0,-1.91946,-2.76414e+08
2,0,1.6,-0.387438,0,-1.91646,-2.6677e+08
2,0,1.6,-0.387438,0,-1.91346,-2.62599e+08
2,0,1.6,-0.387438,0,-1.91046,-2.69083e+08
2,0,1.6,-0.387438,0,-1.90745,-2.89369e+08
2,0,1.6,-0.387438,0,-1.90445,-2.80202e+08
2,0,1.6,-0.387438,0,-1.90145,-2.76385e+08
2,0,1.6,-0.387438,0,-1.89845,-2.78095e+08
2,0,1.6,-0.387438,0,-1.89545,-2.68526e+08
2,0,1.6,-0.387438,0,-1.89245,-3.20298e+08
2,0,1.6,-0.387438,0,-1.88944,-2.63881e+08
2,0,1.6,-0.387438,0,-1.88644,-2.57099e+08
2,0,1.6,-0.387438,0,-1.88344,-2.80532e+08
2,0,1.6,-0.387438,0,-1.88044,-2.82205e+08
2,0,1.6,-0.387438,0,-1.87744,-3.22688e+08
2,0,1.6,-0.387438,0,-1.87444,-2.84484e+08
2,0,1.6,-0.387438,0,-1.87144,-2.76682e+08
2,0,1.6,-0.387438,0,-1.86843,-2.56793e+08
2,0,1.6,-0.387438,0,-1.86543,-2.58056e+08
2,0,1.6,-0.387438,0,-1.86243,-2.80306e+08
2,0,1.6,-0.387438,0,-1.85943,-2.94633e+08
2,0,1.6,-0.387438,0,-1.85643,-2.61819e+08
2,0,1.6,-0.387438,0,-1.85343,-2.581e+08
2,0,1.6,-0.387438,0,-1.85043,-2.66492e+08
2,0,1.6,-0.387438,0,-1.84742,-2.81495e+08
2,0,1.6,-0.387438,0,-1.84442,-2.61975e+08
2,0,1.6,-0.387438,0,-1.84142,-2.66574e+08
2,0,1.6,-0.387438,0,-1.83842,-2.87956e+08
2,0,1.6,-0.387438,0,-1.83542,-2.89996e+08
2,0,1.6,-0.387438,0,-1.83242,-2.64916e+08
2,0,1.6,-0.387438,0,-1.82941,-2.65975e+08
2,0,1.6,-0.387438,0,-1.82641,-2.66256e+08
2,0,1.6,-0.387438,0,-1.82341,-2.68137e+08
2,0,1.6,-0.387438,0,-1.82041,-3.13412e+08
2,0,1.6,-0.387438,0,-1.81741,-3.0951e+08
2,0,1.6,-0.387438,0,-1.81441,-3.10479e+08
2,0,1.6,-0.387438,0,-1.81141,-3.15711e+08
2,0,1.6,-0.387438,0,-1.8084,-2.7173e+08
2,0,1.6,-0.387438,0,-1.8054,-2.70562e+08
2,0,1.6,-0.387438,0,-1.8024,-3.11661e+08
2,0,1.6,-0.387438,0,-1.7994,-3.1541e+08
2,0,1.6,-0.387438,0,-1.7964,-3.16767e+08
2,0,1.6,-0.387438,0,-1.7934,-2.80838e+08
2,0,1.6,-0.387438,0,-1.7904,-2.82151e+08
2,0,1.6,-0.387438,0,-1.78739,-2.91749e+08
2,0,1.6,-0.387438,0,-1.78439,-2.96751e+08
2,0,1.6,-0.387438,0,-1.78139,-3.06636e+08
2,0,1.6,-0.387438,0,-1.77839,-3.09029e+08
2,0,1.6,-0.387438,0,-1.77539,-3.09102e+08
2,0,1.6,-0.387438,0,-1.77239,-3.18995e+08
2,0,1.6,-0.387438,0,-1.76938,-2.77113e+08
2,0,1.6,-0.387438,0,-1.76638,-3.04563e+08
2,0,1.6,-0.387438,0,-1.76338,-2.7714e+08
2,0,1.6,-0.387438,0,-1.76038,-2.9292e+08
2,0,1.6,-0.387438,0,-1.75738,-3.02691e+08
2,0,1.6,-0.387438,0,-1.75438,-3.29758e+08
2,0,1.6,-0.387438,0,-1.75138,-2.88666e+08
2,0,1.6,-0.387438,0,-1.74837,-3.15004e+08
2,0,1.6,-0.387438,0,-1.74537,-3.19107e+08
2,0,1.6,-0.387438,0,-1.74237,-2.61956e+08
2,0,1.6,-0.387438,0,-1.73937,-3.00664e+08
2,0,1.6,-0.387438,0,-1.73637,-3.21001e+08
2,0,1.6,-0.387438,0,-1.73337,-3.17741e+08
2,0,1.6,-0.387438,0,-1.73037,-2.96268e+08
2,0,1.6,-0.387438,0,-1.72736,-3.26278e+08
2,0,1.6,-0.387438,0,-1.72436,-2.88256e+08
2,0,1.6,-0.387438,0,-1.72136,-3.27488e+08
2,0,1.6,-0.387438,0,-1.71836,-3.28729e+08
2,0,1.6,-0.387438,0,-1.71536,-2.89603e+08
2,0,1.6,-0.387438,0,-1.71236,-3.19922e+08
2,0,1.6,-0.387438,0,-1.70935,-2.5991e+08
2,0,1.6,-0.387438,0,-1.70635,-3.05463e+08
2,0,1.6,-0.387438,0,-1.70335,-3.259e+08
2,0,1.6,-0.387438,0,-1.70035,-3.12941e+08
2,0,1.6,-0.387438,0,-1.69735,-2.67613e+08
2,0,1.6,-0.387438,0,-1.69435,-3.09977e+08
2,0,1.6,-0.387438,0,-1.69135,-2.71775e+08
2,0,1.6,-0.387438,0,-1.68834,-2.99342e+08
2,0,1.6,-0.387438,0,-1.68534,-2.71823e+08
2,0,1.6,-0.387438,0,-1.68234,-3.2686e+08
2,0,1.6,-0.387438,0,-1.67934,-2.66314e+08
2,0,1.6,-0.387438,0,-1.67634,-3.06272e+08
2,0,1.6,-0.387438,0,-1.67334,-2.70902e+08
2,0,1.6,-0.387438,0,-1.67034,-3.01395e+08
2,0,1.6,-0.387438,0,-1.66733,-2.76742e+08
2,0,1.6,-0.387438,0,-1.66433,-2.62473e+08
2,0,1.6,-0.387438,0,-1.66133,-2.76277e+08
2,0,1.6,-0.387438,0,-1.65833,-3.09209e+08
2,0,1.6,-0.387438,0,-1.65533,-3.06454e+08
2,0,1.6,-0.387438,0,-1.65233,-2.59785e+08
2,0,1.6,-0.387438,0,-1.64932,-3.34224e+08
2,0,1.6,-0.387438,0,-1.64632,-3.06712e+08
2,0,1.6,-0.387438,0,-1.64332,-2.63695e+08
2,0,1.6,-0.387438,0,-1.64032,-3.20829e+08
2,0,1.6,-0.387438,0,-1.63732,-2.60241e+08
2,0,1.6,-0.387438,0,-1.63432,-2.85874e+08
2,0,1.6,-0.387438,0,-1.63132,-2.61091e+08
2,0,1.6,-0.387438,0,-1.62831,-3.27616e+08
2,0,1.6,-0.387438,0,-1.62531,-3.22614e+08
2,0,1.6,-0.387438,0,-1.62231,-2.77216e+08
2,0,1.6,-0.387438,0,-1.61931,-3.33846e+08
2,0,1.6,-0.387438,0,-1.61631,-2.57242e+08
2,0,1.6,-0.387438,0,-1.61331,-3.25487e+08
2,0,1.6,-0.387438,0,-1.61031,-2.98451e+08
2,0,1.6,-0.387438,0,-1.6073,-3.21881e+08
2,0,1.6,-0.387438,0,-1.6043,-3.30887e+08
2,0,1.6,-0.387438,0,-1.6013,-2.81799e+08
2,0,1.6,-0.387438,0,-1.5983,-2.91829e+08
2,0,1.6,-0.387438,0,-1.5953,-2.75587e+08
2,0,1.6,-0.387438,0,-1.5923,-3.34254e+08
2,0,1.6,-0.387438,0,-1.58929,-2.73893e+08
2,0,1.6,-0.387438,0,-1.58629,-3.27018e+08
2,0,1.6,-0.387438,0,-1.58329,-3.30731e+08
2,0,1.6,-0.387438,0,-1.58029,-3.31566e+08
2,0,1.6,-0.387438,0,-1.57729,-3.25578e+08
2,0,1.6,-0.387438,0,-1.57429,-2.80901e+08
2,0,1.6,-0.387438,0,-1.57129,-2.83592e+08
2,0,1.6,-0.387438,0,-1.56828,-3.30593e+08
2,0,1.6,-0.387438,0,-1.56528,-3.01099e+08
2,0,1.6,-0.387438,0,-1.56228,-3.32127e+08
2,0,1.6,-0.387438,0,-1.55928,-2.65532e+08
2,0,1.6,-0.387438,0,-1.55628,-3.33148e+08
2,0,1.6,-0.387438,0,-1.55328,-2.59357e+08
2,0,1.6,-0.387438,0,-1.55028,-2.64805e+08
2,0,1.6,-0.387438,0,-1.54727,-2.62124e+08
2,0,1.6,-0.387438,0,-1.54427,-2.88896e+08
2,0,1.6,-0.387438,0,-1.54127,-2.61274e+08
2,0,1.6,-0.387438,0,-1.53827,-2.89413e+08
2,0,1.6,-0.387438,0,-1.53527,-2.90604e+08
2,0,1.6,-0.387438,0,-1.53227,-2.60746e+08
2,0,1.6,-0.387438,0,-1.52926,-2.63159e+08
2,0,1.6,-0.387438,0,-1.52626,-3.22658e+08
2,0,1.6,-0.387438,0,-1.52326,-2.93583e+08
2,0,1.6,-0.387438,0,-1.52026,-2.83328e+08
2,0,1.6,-0.387438,0,-1.51726,-2.92748e+08
2,0,1.6,-0.387438,0,-1.51426,-2.5713e+08
2,0,1.6,-0.387438,0,-1.51126,-2.95442e+08
2,0,1.6,-0.387438,0,-1.50825,-2.96842e+08
2,0,1.6,-0.387438,0,-1.50525,-3.05463e+08
2,0,1.6,-0.387438,0,-1.50225,-2.75174e+08
2,0,1.6,-0.387438,0,-1.49925,-2.79636e+08
2,0,1.6,-0.387438,0,-1.49625,-2.67608e+08
2,0,1.6,-0.387438,0,-1.49325,-2.93951e+08
2,0,1.6,-0.387438,0,-1.49025,-2.74445e+08
2,0,1.6,-0.387438,0,-1.48724,-2.87691e+08
2,0,1.6,-0.387438,0,-1.48424,-2.63131e+08
2,0,1.6,-0.387438,0,-1.48124,-2.59887e+08
2,0,1.6,-0.387438,0,-1.47824,-2.86387e+08
2,0,1.6,-0.387438,0,-1.47524,-2.64079e+08
2,0,1.6,-0.387438,0,-1.47224,-2.95966e+08
2,0,1.6,-0.387438,0,-1.46923,-2.90785e+08
2,0,1.6,-0.387438,0,-1.46623,-2.6966e+08
2,0,1.6,-0.387438,0,-1.46323,-2.61183e+08
2,0,1.6,-0.387438,0,-1.46023,-2.66753e+08
2,0,1.6,-0.387438,0,-1.45723,-2.96474e+08
2,0,1.6,-0.387438,0,-1.45423,-2.68512e+08
2,0,1.6,-0.387438,0,-1.45123,-3.13965e+08
2,0,1.6,-0.387438,0,-1.44822,-2.70831e+08
2,0,1.6,-0.387438,0,-1.44522,-2.67104e+08
2,0,1.6,-0.387438,0,-1.44222,-3.0077e+08
2,0,1.6,-0.387438,0,-1.43922,-2.97507e+08
2,0,1.6,-0.387438,0,-1.43622,-2.66117e+08
2,0,1.6,-0.387438,0,-1.43322,-2.70027e+08
2,0,1.6,-0.387438,0,-1.43022,-3.01392e+08
2,0,1.6,-0.387438,0,-1.42721,-2.85345e+08
2,0,1.6,-0.387438,0,-1.42421,-2.91448e+08
2,0,1.6,-0.387438,0,-1.42121,-2.89524e+08
2,0,1.6,-0.387438,0,-1.41821,-2.73306e+08
2,0,1.6,-0.387438,0,-1.41521,-2.99274e+08
2,0,1.6,-0.387438,0,-1.41221,-2.84363e+08
2,0,1.6,-0.387438,0,-1.4092,-2.60038e+08
2,0,1.6,-0.387438,0,-1.4062,-2.68562e+08
2,0,1.6,-0.387438,0,-1.4032,-3.03666e+08
2,0,1.6,-0.387438,0,-1.4002,-2.85776e+08
2,0,1.6,-0.387438,0,-1.3972,-2.841e+08
2,0,1.6,-0.387438,0,-1.3942,-2.61723e+08
2,0,1.6,-0.387438,0,-1.3912,-2.83001e+08
2,0,1.6,-0.387438,0,-1.38819,-2.59456e+08
2,0,1.6,-0.387438,0,-1.38519,-2.70182e+08
2,0,1.6,-0.387438,0,-1.38219,-2.57769e+08
2,0,1.6,-0.387438,0,-1.37919,-2.72854e+08
2,0,1.6,-0.387438,0,-1.37619,-2.68516e+08
2,0,1.6,-0.387438,0,-1.37319,-2.69475e+08
2,0,1.6,-0.387438,0,-1.37019,-2.64541e+08
2,0,1.6,-0.387438,0,-1.36718,-2.82789e+08
2,0,1.6,-0.387438,0,-1.36418,-2.6087e+08
2,0,1.6,-0.387438,0,-1.36118,-2.84833e+08
2,0,1.6,-0.387438,0,-1.35818,-2.64077e+08
2,0,1.6,-0.387438,0,-1.35518,-2.8474e+08
2,0,1.6,-0.387438,0,-1.35218,-2.64391e+08
2,0,1.6,-0.387438,0,-1.34917,-2.86924e+08
2,0,1.6,-0.387438,0,-1.34617,-2.97222e+08
2,0,1.6,-0.387438,0,-1.34317,-3.08743e+08
2,0,1.6,-0.387438,0,-1.34017,-2.61625e+08
2,0,1.6,-0.387438,0,-1.33717,-2.82806e+08
2,0,1.6,-0.387438,0,-1.33417,-2.83347e+08
2,0,1.6,-0.387438,0,-1.33117,-2.94503e+08
2,0,1.6,-0.387438,0,-1.32816,-2.62146e+08
2,0,1.6,-0.387438,0,-1.32516,-2.6339e+08
2,0,1.6,-0.387438,0,-1.32216,-2.68989e+08
2,0,1.6,-0.387438,0,-1.31916,-2.91344e+08
2,0,1.6,-0.387438,0,-1.31616,-2.95206e+08
2,0,1.6,-0.387438,0,-1.31316,-2.63678e+08
2,0,1.6,-0.387438,0,-1.31016,-2.90809e+08
2,0,1.6,-0.387438,0,-1.30715,-2.6434e+08
2,0,1.6,-0.387438,0,-1.30415,-3.02444e+08
2,0,1.6,-0.387438,0,-1.30115,-2.60272e+08
2,0,1.6,-0.387438,0,-1.29815,-2.65136e+08
2,0,1.6,-0.387438,0,-1.29515,-3.0607e+08
2,0,1.6,-0.387438,0,-1.29215,-2.61357e+08
2,0,1.6,-0.387438,0,-1.28914,-2.71614e+08
2,0,1.6,-0.387438,0,-1.28614,-2.993e+08
2,0,1.6,-0.387438,0,-1.28314,-2.97058e+08
2,0,1.6,-0.387438,0,-1.28014,-3.31563e+08
2,0,1.6,-0.387438,0,-1.27714,-2.85927e+08
2,0,1.6,-0.387438,0,-1.27414,-2.57402e+08
2,0,1.6,-0.387438,0,-1.27114,-2.56584e+08
2,0,1.6,-0.387438,0,-1.26813,-2.73337e+08
2,0,1.6,-0.387438,0,-1.26513,-2.80326e+08
2,0,1.6,-0.387438,0,-1.26213,-2.85857e+08
2,0,1.6,-0.387438,0,-1.25913,-2.59012e+08
2,0,1.6,-0.387438,0,-1.25613,-3.2613e+08
2,0,1.6,-0.387438,0,-1.25313,-2.79821e+08
2,0,1.6,-0.387438,0,-1.25013,-2.88203e+08
2,0,1.6,-0.387438,0,-1.24712,-2.87803e+08
2,0,1.6,-0.387438,0,-1.24412,-2.8602e+08
2,0,1.6,-0.387438,0,-1.24112,-2.6336e+08
2,0,1.6,-0.387438,0,-1.23812,-2.71197e+08
2,0,1.6,-0.387438,0,-1.23512,-2.59814e+08
2,0,1.6,-0.387438,0,-1.23212,-3.32772e+08
2,0,1.6,-0.387438,0,-1.22911,-2.75526e+08
2,0,1.6,-0.387438,0,-1.22611,-2.57294e+08
2,0,1.6,-0.387438,0,-1.22311,-2.82974e+08
2,0,1.6,-0.387438,0,-1.22011,-2.71533e+08
2,0,1.6,-0.387438,0,-1.21711,-3.28297e+08
2,0,1.6,-0.387438,0,-1.21411,-3.25658e+08
2,0,1.6,-0.387438,0,-1.21111,-3.20578e+08
2,0,1.6,-0.387438,0,-1.2081,-3.28998e+08
2,0,1.6,-0.387438,0,-1.2051,-3.3436e+08
2,0,1.6,-0.387438,0,-1.2021,-2.56277e+08
2,0,1.6,-0.387438,0,-1.1991,-2.90823e+08
2,0,1.6,-0.387438,0,-1.1961,-2.7617e+08
2,0,1.6,-0.387438,0,-1.1931,-3.25095e+08
2,0,1.6,-0.387438,0,-1.1901,-3.19548e+08
2,0,1.6,-0.387438,0,-1.18709,-2.62008e+08
2,0,1.6,-0.387438,0,-1.18409,-3.18892e+08
2,0,1.6,-0.387438,0,-1.18109,-3.20982e+08
2,0,1.6,-0.387438,0,-1.17809,-3.3531e+08
2,0,1.6,-0.387438,0,-1.17509,-2.58481e+08
2,0,1.6,-0.387438,0,-1.17209,-3.27177e+08
2,0,1.6,-0.387438,0,-1.16908,-3.20479e+08
2,0,1.6,-0.387438,0,-1.16608,-3.1487e+08
2,0,1.6,-0.387438,0,-1.16308,-3.22884e+08
2,0,1.6,-0.387438,0,-1.16008,-2.75802e+08
2,0,1.6,-0.387438,0,-1.15708,-2.59138e+08
2,0,1.6,-0.387438,0,-1.15408,-2.84269e+08
2,0,1.6,-0.387438,0,-1.15108,-2.98293e+08
2,0,1.6,-0.387438,0,-1.14807,-2.57877e+08
2,0,1.6,-0.387438,0,-1.14507,-2.57894e+08
2,0,1.6,-0.387438,0,-1.14207,-3.30204e+08
2,0,1.6,-0.387438,0,-1.13907,-3.1029e+08
2,0,1.6,-0.387438,0,-1.13607,-3.14469e+08
2,0,1.6,-0.387438,0,-1.13307,-2.60966e+08
2,0,1.6,-0.387438,0,-1.13007,-3.06791e+08
2,0,1.6,-0.387438,0,-1.12706,-2.73346e+08
2,0,1.6,-0.387438,0,-1.12406,-3.02587e+08
2,0,1.6,-0.387438,0,-1.12106,-3.10161e+08
2,0,1.6,-0.387438,0,-1.11806,-2.97262e+08
2,0,1.6,-0.387438,0,-1.11506,-2.98992e+08
2,0,1.6,-0.387438,0,-1.11206,-2.89661e+08
2,0,1.6,-0.387438,0,-1.10905,-3.19577e+08
2,0,1.6,-0.387438,0,-1.10605,-3.21375e+08
2,0,1.6,-0.387438,0,-1.10305,-2.86968e+08
2,0,1.6,-0.387438,0,-1.10005,-2.54437e+08
2,0,1.6,-0.387438,0,-1.09705,-2.94502e+08
2,0,1.6,-0.387438,0,-1.09405,-2.9207e+08
2,0,1.6,-0.387438,0,-1.09105,-3.0925e+08
2,0,1.6,-0.387438,0,-1.08804,-3.25855e+08
2,0,1.6,-0.387438,0,-1.08504,-2.84677e+08
2,0,1.6,-0.387438,0,-1.08204,-3.13685e+08
2,0,1.6,-0.387438,0,-1.07904,-2.98044e+08
2,0,1.6,-0.387438,0,-1.07604,-2.99689e+08
2,0,1.6,-0.387438,0,-1.07304,-2.81622e+08
2,0,1.6,-0.387438,0,-1.07004,-2.98048e+08
2,0,1.6,-0.387438,0,-1.06703,-3.15256e+08
2,0,1.6,-0.387438,0,-1.06403,-3.04197e+08
2,0,1.6,-0.387438,0,-1.06103,-2.74122e+08
2,0,1.6,-0.387438,0,-1.05803,-2.77067e+08
2,0,1.6,-0.387438,0,-1.05503,-2.6923e+08
2,0,1.6,-0.387438,0,-1.05203,-2.90115e+08
2,0,1.6,-0.387438,0,-1.04902,-2.75595e+08
2,0,1.6,-0.387438,0,-1.04602,-2.98042e+08
2,0,1.6,-0.387438,0,-1.04302,-3.04634e+08
2,0,1.6,-0.387438,0,-1.04002,-2.73602e+08
2,0,1.6,-0.387438,0,-1.03702,-2.56423e+08
2,0,1.6,-0.387438,0,-1.03402,-2.80559e+08
2,0,1.6,-0.387438,0,-1.03102,-2.80688e+08
2,0,1.6,-0.387438,0,-1.02801,-2.57294e+08
2,0,1.6,-0.387438,0,-1.02501,-2.62805e+08
2,0,1.6,-0.387438,0,-1.02201,-2.5405e+08
2,0,1.6,-0.387438,0,-1.01901,-2.73164e+08
2,0,1.6,-0.387438,0,-1.01601,-2.64158e+08
2,0,1.6,-0.387438,0,-1.01301,-2.75047e+08
2,0,1.6,-0.387438,0,-1.01001,-2.62689e+08
2,0,1.6,-0.387438,0,-1.007,-2.65791e+08
2,0,1.6,-0.387438,0,-1.004,-2.55034e+08
2,0,1.6,-0.387438,0,-1.001,-2.61582e+08
2,0,1.6,-0.387438,0,-0.997999,-2.59078e+08
2,0,1.6,-0.387438,0,-0.994997,-2.81897e+08
2,0,1.6,-0.387438,0,-0.991996,-2.7208e+08
2,0,1.6,-0.387438,0,-0.988994,-3.10928e+08
2,0,1.6,-0.387438,0,-0.985993,-2.66241e+08
2,0,1.6,-0.387438,0,-0.982991,-2.72076e+08
2,0,1.6,-0.387438,0,-0.97999,-2.55266e+08
2,0,1.6,-0.387438,0,-0.976988,-2.62693e+08
2,0,1.6,-0.387438,0,-0.973987,-2.59092e+08
2,0,1.6,-0.387438,0,-0.970985,-2.55785e+08
2,0,1.6,-0.387438,0,-0.967984,-3.1255e+08
2,0,1.6,-0.387438,0,-0.964982,-3.13171e+08
2,0,1.6,-0.387438,0,-0.961981,-2.54002e+08
2,0,1.6,-0.387438,0,-0.958979,-2.8608e+08
2,0,1.6,-0.387438,0,-0.955978,-2.78513e+08
2,0,1.6,-0.387438,0,-0.952976,-3.24597e+08
2,0,1.6,-0.387438,0,-0.949975,-2.98829e+08
2,0,1.6,-0.387438,0,-0.946973,-3.19035e+08
2,0,1.6,-0.387438,0,-0.943972,-2.81237e+08
2,0,1.6,-0.387438,0,-0.94097,-2.99209e+08
2,0,1.6,-0.387438,0,-0.937969,-2.66521e+08
2,0,1.6,-0.387438,0,-0.934967,-2.65039e+08
2,0,1.6,-0.387438,0,-0.931966,-2.6698e+08
2,0,1.6,-0.387438,0,-0.928964,-2.67532e+08
2,0,1.6,-0.387438,0,-0.925963,-2.52695e+08
2,0,1.6,-0.387438,0,-0.922961,-2.5314e+08
2,0,1.6,-0.387438,0,-0.91996,-2.71488e+08
2,0,1.6,-0.387438,0,-0.916958,-2.50197e+08
2,0,1.6,-0.387438,0,-0.913957,-2.82536e+08
2,0,1.6,-0.387438,0,-0.910955,-2.50221e+08
2,0,1.6,-0.387438,0,-0.907954,-3.04945e+08
2,0,1.6,-0.387438,0,-0.904952,-2.62113e+08
2,0,1.6,-0.387438,0,-0.901951,-3.07008e+08
2,0,1.6,-0.387438,0,-0.898949,-2.53526e+08
2,0,1.6,-0.387438,0,-0.895948,-3.16134e+08
2,0,1.6,-0.387438,0,-0.892946,-3.08791e+08
2,0,1.6,-0.387438,0,-0.889945,-3.0766e+08
2,0,1.6,-0.387438,0,-0.886943,-2.8765e+08
2,0,1.6,-0.387438,0,-0.883942,-2.72919e+08
2,0,1.6,-0.387438,0,-0.88094,-2.80452e+08
2,0,1.6,-0.387438,0,-0.877939,-2.65187e+08
2,0,1.6,-0.387438,0,-0.874937,-2.8458e+08
2,0,1.6,-0.387438,0,-0.871936,-2.65533e+08
2,0,1.6,-0.387438,0,-0.868934,-2.56796e+08
2,0,1.6,-0.387438,0,-0.865933,-2.71924e+08
2,0,1.6,-0.387438,0,-0.862931,-2.77208e+08
2,0,1.6,-0.387438,0,-0.85993,-2.6872e+08
2,0,1.6,-0.387438,0,-0.856928,-2.50327e+08
2,0,1.6,-0.387438,0,-0.853927,-3.07354e+08
2,0,1.6,-0.387438,0,-0.850925,-2.48809e+08
2,0,1.6,-0.387438,0,-0.847924,-2.92033e+08
2,0,1.6,-0.387438,0,-0.844922,-3.14365e+08
2,0,1.6,-0.387438,0,-0.841921,-2.84494e+08
2,0,1.6,-0.387438,0,-0.838919,-2.7894e+08
2,0,1.6,-0.387438,0,-0.835918,-3.1531e+08
2,0,1.6,-0.387438,0,-0.832916,-2.84924e+08
2,0,1.6,-0.387438,0,-0.829915,-2.61015e+08
2,0,1.6,-0.387438,0,-0.826913,-2.91602e+08
2,0,1.6,-0.387438,0,-0.823912,-2.45719e+08
2,0,1.6,-0.387438,0,-0.82091,-2.64503e+08
2,0,1.6,-0.387438,0,-0.817909,-2.65299e+08
2,0,1.6,-0.387438,0,-0.814907,-3.013e+08
2,0,1.6,-0.387438,0,-0.811906,-2.55267e+08
2,0,1.6,-0.387438,0,-0.808904,-3.12572e+08
2,0,1.6,-0.387438,0,-0.805903,-2.7686e+08
2,0,1.6,-0.387438,0,-0.802901,-2.47993e+08
2,0,1.6,-0.387438,0,-0.7999,-2.46354e+08
2,0,1.6,-0.387438,0,-0.796898,-2.82936e+08
2,0,1.6,-0.387438,0,-0.793897,-2.78912e+08
2,0,1.6,-0.387438,0,-0.790895,-2.68311e+08
2,0,1.6,-0.387438,0,-0.787894,-2.51054e+08
2,0,1.6,-0.387438,0,-0.784892,-2.40556e+08
2,0,1.6,-0.387438,0,-0.781891,-2.81649e+08
2,0,1.6,-0.387438,0,-0.778889,-2.74649e+08
2,0,1.6,-0.387438,0,-0.775888,-2.74237e+08
2,0,1.6,-0.387438,0,-0.772886,-2.61933e+08
2,0,1.6,-0.387438,0,-0.769885,-2.59446e+08
2,0,1.6,-0.387438,0,-0.766883,-2.90254e+08
2,0,1.6,-0.387438,0,-0.763882,-3.00071e+08
2,0,1.6,-0.387438,0,-0.76088,-2.75806e+08
2,0,1.6,-0.387438,0,-0.757879,-2.61518e+08
2,0,1.6,-0.387438,0,-0.754877,-2.57326e+08
2,0,1.6,-0.387438,0,-0.751876,-2.35882e+08
2,0,1.6,-0.387438,0,-0.748874,-2.80227e+08
2,0,1.6,-0.387438,0,-0.745873,-2.66732e+08
2,0,1.6,-0.387438,0,-0.742871,-2.40539e+08
2,0,1.6,-0.387438,0,-0.73987,-2.77646e+08
2,0,1.6,-0.387438,0,-0.736868,-2.47732e+08
2,0,1.6,-0.387438,0,-0.733867,-2.89131e+08
2,0,1.6,-0.387438,0,-0.730865,-2.55955e+08
2,0,1.6,-0.387438,0,-0.727864,-2.35662e+08
2,0,1.6,-0.387438,0,-0.724862,-2.25902e+08
2,0,1.6,-0.387438,0,-0.721861,-2.36752e+08
2,0,1.6,-0.387438,0,-0.718859,-2.41274e+08
2,0,1.6,-0.387438,0,-0.715858,-2.13658e+08
2,0,1.6,-0.387438,0,-0.712856,2.56898e+08
2,0,1.6,-0.387438,0,-0.709855,2.2157e+08
2,0,1.6,-0.387438,0,-0.706853,2.5417e+08
2,0,1.6,-0.387438,0,-0.703852,2.80935e+08
2,0,1.6,-0.387438,0,-0.70085,2.44461e+08
2,0,1.6,-0.387438,0,-0.697849,2.36497e+08
2,0,1.6,-0.387438,0,-0.694847,2.69669e+08
2,0,1.6,-0.387438,0,-0.691846,2.43825e+08
2,0,1.6,-0.387438,0,-0.688844,2.68821e+08
2,0,1.6,-0.387438,0,-0.685843,2.38917e+08
2,0,1.6,-0.387438,0,-0.682841,2.55372e+08
2,0,1.6,-0.387438,0,-0.67984,2.62853e+08
2,0,1.6,-0.387438,0,-0.676838,3.03289e+08
2,0,1.6,-0.387438,0,-0.673837,2.38744e+08
2,0,1.6,-0.387438,0,-0.670835,2.53336e+08
2,0,1.6,-0.387438,0,-0.667834,2.75436e+08
2,0,1.6,-0.387438,0,-0.664832,3.02706e+08
2,0,1.6,-0.387438,0,-0.661831,2.41573e+08
2,0,1.6,-0.387438,0,-0.658829,2.71127e+08
2,0,1.6,-0.387438,0,-0.655828,2.79096e+08
2,0,1.6,-0.387438,0,-0.652826,2.88616e+08
2,0,1.6,-0.387438,0,-0.649825,2.44392e+08
2,0,1.6,-0.387438,0,-0.646823,2.57273e+08
2,0,1.6,-0.387438,0,-0.643822,2.54453e+08
2,0,1.6,-0.387438,0,-0.64082,2.59954e+08
2,0,1.6,-0.387438,0,-0.637819,2.92279e+08
2,0,1.6,-0.387438,0,-0.634817,2.52546e+08
2,0,1.6,-0.387438,0,-0.631816,2.68822e+08
2,0,1.6,-0.387438,0,-0.628814,2.44213e+08
2,0,1.6,-0.387438,0,-0.625813,2.52357e+08
2,0,1.6,-0.387438,0,-0.622811,2.70478e+08
2,0,1.6,-0.387438,0,-0.61981,2.72718e+08
2,0,1.6,-0.387438,0,-0.616808,2.669e+08
2,0,1.6,-0.387438,0,-0.613807,2.9325e+08
2,0,1.6,-0.387438,0,-0.610805,2.81245e+08
2,0,1.6,-0.387438,0,-0.607804,3.11124e+08
2,0,1.6,-0.387438,0,-0.604802,3.15316e+08
2,0,1.6,-0.387438,0,-0.601801,3.00349e+08
2,0,1.6,-0.387438,0,-0.598799,2.65215e+08
2,0,1.6,-0.387438,0,-0.595798,2.66563e+08
2,0,1.6,-0.387438,0,-0.592796,3.00375e+08
2,0,1.6,-0.387438,0,-0.589795,2.60525e+08
2,0,1.6,-0.387438,0,-0.586793,2.89527e+08
2,0,1.6,-0.387438,0,-0.583792,2.87369e+08
2,0,1.6,-0.387438,0,-0.58079,3.16349e+08
2,0,1.6,-0.387438,0,-0.577789,2.85911e+08
2,0,1.6,-0.387438,0,-0.574787,2.94544e+08
2,0,1.6,-0.387438,0,-0.571786,3.06857e+08
2,0,1.6,-0.387438,0,-0.568784,2.59293e+08
2,0,1.6,-0.387438,0,-0.565783,2.50178e+08
2,0,1.6,-0.387438,0,-0.562781,2.48844e+08
2,0,1.6,-0.387438,0,-0.55978,2.74879e+08
2,0,1.6,-0.387438,0,-0.556778,2.63898e+08
2,0,1.6,-0.387438,0,-0.553777,2.70171e+08
2,0,1.6,-0.387438,0,-0.550775,2.9488e+08
2,0,1.6,-0.387438,0,-0.547774,2.964e+08
2,0,1.6,-0.387438,0,-0.544772,2.79455e+08
2,0,1.6,-0.387438,0,-0.541771,3.19407e+08
2,0,1.6,-0.387438,0,-0.538769,2.50034e+08
2,0,1.6,-0.387438,0,-0.535768,2.68959e+08
2,0,1.6,-0.387438,0,-0.532766,2.56638e+08
2,0,1.6,-0.387438,0,-0.529765,2.67171e+08
2,0,1.6,-0.387438,0,-0.526763,2.77303e+08
2,0,1.6,-0.387438,0,-0.523762,2.64062e+08
2,0,1.6,-0.387438,0,-0.52076,2.73229e+08
2,0,1.6,-0.387438,0,-0.517759,2.75067e+08
2,0,1.6,-0.387438,0,-0.514757,2.98432e+08
2,0,1.6,-0.387438,0,-0.511756,2.65236e+08
2,0,1.6,-0.387438,0,-0.508754,2.64535e+08
2,0,1.6,-0.387438,0,-0.505753,2.76143e+08
2,0,1.6,-0.387438,0,-0.502751,3.00792e+08
2,0,1.6,-0.387438,0,-0.49975,3.25994e+08
2,0,1.6,-0.387438,0,-0.496748,2.61191e+08
2,0,1.6,-0.387438,0,-0.493747,2.89672e+08
2,0,1.6,-0.387438,0,-0.490745,2.96405e+08
2,0,1.6,-0.387438,0,-0.487744,3.25348e+08
2,0,1.6,-0.387438,0,-0.484742,2.52597e+08
2,0,1.6,-0.387438,0,-0.481741,2.55497e+08
2,0,1.6,-0.387438,0,-0.478739,2.65961e+08
2,0,1.6,-0.387438,0,-0.475738,2.8002e+08
2,0,1.6,-0.387438,0,-0.472736,2.66516e+08
2,0,1.6,-0.387438,0,-0.469735,2.70859e+08
2,0,1.6,-0.387438,0,-0.466733,2.75083e+08
2,0,1.6,-0.387438,0,-0.463732,2.60348e+08
2,0,1.6,-0.387438,0,-0.46073,2.65028e+08
2,0,1.6,-0.387438,0,-0.457729,2.87538e+08
2,0,1.6,-0.387438,0,-0.454727,2.86689e+08
2,0,1.6,-0.387438,0,-0.451726,3.02169e+08
2,0,1.6,-0.387438,0,-0.448724,2.98614e+08
2,0,1.6,-0.387438,0,-0.445723,3.01645e+08
2,0,1.6,-0.387438,0,-0.442721,3.25417e+08
2,0,1.6,-0.387438,0,-0.43972,2.97996e+08
2,0,1.6,-0.387438,0,-0.436718,2.92278e+08
2,0,1.6,-0.387438,0,-0.433717,2.97224e+08
2,0,1.6,-0.387438,0,-0.430715,3.20356e+08
2,0,1.6,-0.387438,0,-0.427714,3.22188e+08
2,0,1.6,-0.387438,0,-0.424712,3.08423e+08
2,0,1.6,-0.387438,0,-0.421711,2.76833e+08
2,0,1.6,-0.387438,0,-0.418709,2.63492e+08
2,0,1.6,-0.387438,0,-0.415708,2.81281e+08
2,0,1.6,-0.387438,0,-0.412706,3.35666e+08
2,0,1.6,-0.387438,0,-0.409705,3.2674e+08
2,0,1.6,-0.387438,0,-0.406703,2.8032e+08
2,0,1.6,-0.387438,0,-0.403702,2.95788e+08
2,0,1.6,-0.387438,0,-0.4007,2.77071e+08
2,0,1.6,-0.387438,0,-0.397699,2.66781e+08
2,0,1.6,-0.387438,0,-0.394697,2.66564e+08
2,0,1.6,-0.387438,0,-0.391696,2.71047e+08
2,0,1.6,-0.387438,0,-0.388694,2.73349e+08
2,0,1.6,-0.387438,0,-0.385693,2.76138e+08
2,0,1.6,-0.387438,0,-0.382691,2.79727e+08
2,0,1.6,-0.387438,0,-0.37969,2.88971e+08
2,0,1.6,-0.387438,0,-0.376688,2.95721e+08
2,0,1.6,-0.387438,0,-0.373687,2.9584e+08
2,0,1.6,-0.387438,0,-0.370685,2.83774e+08
2,0,1.6,-0.387438,0,-0.367684,3.29188e+08
2,0,1.6,-0.387438,0,-0.364682,2.99068e+08
2,0,1.6,-0.387438,0,-0.361681,2.70826e+08
2,0,1.6,-0.387438,0,-0.358679,3.22321e+08
2,0,1.6,-0.387438,0,-0.355678,3.25448e+08
2,0,1.6,-0.387438,0,-0.352676,2.77371e+08
2,0,1.6,-0.387438,0,-0.349675,2.58862e+08
2,0,1.6,-0.387438,0,-0.346673,2.74888e+08
2,0,1.6,-0.387438,0,-0.343672,2.85342e+08
2,0,1.6,-0.387438,0,-0.34067,2.63632e+08
2,0,1.6,-0.387438,0,-0.337669,2.60344e+08
2,0,1.6,-0.387438,0,-0.334667,2.76018e+08
2,0,1.6,-0.387438,0,-0.331666,2.58747e+08
2,0,1.6,-0.387438,0,-0.328664,3.00991e+08
2,0,1.6,-0.387438,0,-0.325663,2.74972e+08
2,0,1.6,-0.387438,0,-0.322661,2.65611e+08
2,0,1.6,-0.387438,0,-0.31966,2.73434e+08
2,0,1.6,-0.387438,0,-0.316658,2.65777e+08
2,0,1.6,-0.387438,0,-0.313657,3.16632e+08
2,0,1.6,-0.387438,0,-0.310655,2.89396e+08
2,0,1.6,-0.387438,0,-0.307654,2.90098e+08
2,0,1.6,-0.387438,0,-0.304652,2.80916e+08
2,0,1.6,-0.387438,0,-0.301651,2.94928e+08
2,0,1.6,-0.387438,0,-0.298649,3.07502e+08
2,0,1.6,-0.387438,0,-0.295648,3.33257e+08
2,0,1.6,-0.387438,0,-0.292646,3.18919e+08
2,0,1.6,-0.387438,0,-0.289645,3.22754e+08
2,0,1.6,-0.387438,0,-0.286643,2.97296e+08
2,0,1.6,-0.387438,0,-0.283642,3.13135e+08
2,0,1.6,-0.387438,0,-0.28064,2.62121e+08
2,0,1.6,-0.387438,0,-0.277639,3.00982e+08
2,0,1.6,-0.387438,0,-0.274637,2.95338e+08
2,0,1.6,-0.387438,0,-0.271636,2.72314e+08
2,0,1.6,-0.387438,0,-0.268634,2.74851e+08
2,0,1.6,-0.387438,0,-0.265633,2.63866e+08
2,0,1.6,-0.387438,0,-0.262631,3.38476e+08
2,0,1.6,-0.387438,0,-0.25963,3.24064e+08
2,0,1.6,-0.387438,0,-0.256628,3.34771e+08
2,0,1.6,-0.387438,0,-0.253627,2.79243e+08
2,0,1.6,-0.387438,0,-0.250625,2.64206e+08
2,0,1.6,-0.387438,0,-0.247624,3.27787e+08
2,0,1.6,-0.387438,0,-0.244622,2.66935e+08
2,0,1.6,-0.387438,0,-0.241621,3.28202e+08
2,0,1.6,-0.387438,0,-0.238619,2.7745e+08
2,0,1.6,-0.387438,0,-0.235618,2.83647e+08
2,0,1.6,-0.387438,0,-0.232616,2.92281e+08
2,0,1.6,-0.387438,0,-0.229615,2.60558e+08
2,0,1.6,-0.387438,0,-0.226613,3.00216e+08
2,0,1.6,-0.387438,0,-0.223612,2.93264e+08
2,0,1.6,-0.387438,0,-0.22061,2.66817e+08
2,0,1.6,-0.387438,0,-0.217609,2.83352e+08
2,0,1.6,-0.387438,0,-0.214607,2.81308e+08
2,0,1.6,-0.387438,0,-0.211606,3.0268e+08
2,0,1.6,-0.387438,0,-0.208604,3.03624e+08
2,0,1.6,-0.387438,0,-0.205603,3.06732e+08
2,0,1.6,-0.387438,0,-0.202601,2.95608e+08
2,0,1.6,-0.387438,0,-0.1996,2.75541e+08
2,0,1.6,-0.387438,0,-0.196598,3.14813e+08
2,0,1.6,-0.387438,0,-0.193597,2.82615e+08
2,0,1.6,-0.387438,0,-0.190595,3.22631e+08
2,0,1.6,-0.387438,0,-0.187594,2.94913e+08
2,0,1.6,-0.387438,0,-0.184592,3.17649e+08
2,0,1.6,-0.387438,0,-0.181591,2.9323e+08
2,0,1.6,-0.387438,0,-0.178589,2.9747e+08
2,0,1.6,-0.387438,0,-0.175588,3.10403e+08
2,0,1.6,-0.387438,0,-0.172586,2.64914e+08
2,0,1.6,-0.387438,0,-0.169585,3.18059e+08
2,0,1.6,-0.387438,0,-0.166583,3.19818e+08
2,0,1.6,-0.387438,0,-0.163582,3.39086e+08
2,0,1.6,-0.387438,0,-0.16058,3.28398e+08
2,0,1.6,-0.387438,0,-0.157579,3.01873e+08
2,0,1.6,-0.387438,0,-0.154577,2.72404e+08
2,0,1.6,-0.387438,0,-0.151576,3.12875e+08
2,0,1.6,-0.387438,0,-0.148574,3.10795e+08
2,0,1.6,-0.387438,0,-0.145573,3.22434e+08
2,0,1.6,-0.387438,0,-0.142571,2.92177e+08
2,0,1.6,-0.387438,0,-0.13957,2.7549e+08
2,0,1.6,-0.387438,0,-0.136568,3.1376e+08
2,0,1.6,-0.387438,0,-0.133567,2.86276e+08
2,0,1.6,-0.387438,0,-0.130565,3.24562e+08
2,0,1.6,-0.387438,0,-0.127564,2.69082e+08
2,0,1.6,-0.387438,0,-0.124562,2.79177e+08
2,0,1.6,-0.387438,0,-0.121561,3.2653e+08
2,0,1.6,-0.387438,0,-0.118559,2.91846e+08
2,0,1.6,-0.387438,0,-0.115558,2.75396e+08
2,0,1.6,-0.387438,0,-0.112556,3.36179e+08
2,0,1.6,-0.387438,0,-0.109555,3.28485e+08
2,0,1.6,-0.387438,0,-0.106553,2.89738e+08
2,0,1.6,-0.387438,0,-0.103552,3.02958e+08
2,0,1.6,-0.387438,0,-0.10055,2.92448e+08
2,0,1.6,-0.387438,0,-0.0975488,2.75893e+08
2,0,1.6,-0.387438,0,-0.0945473,2.69139e+08
2,0,1.6,-0.387438,0,-0.0915458,2.70813e+08
2,0,1.6,-0.387438,0,-0.0885443,2.70904e+08
2,0,1.6,-0.387438,0,-0.0855428,2.72606e+08
2,0,1.6,-0.387438,0,-0.0825413,2.70318e+08
2,0,1.6,-0.387438,0,-0.0795398,3.04151e+08
2,0,1.6,-0.387438,0,-0.0765383,3.03772e+08
2,0,1.6,-0.387438,0,-0.0735368,2.74802e+08
2,0,1.6,-0.387438,0,-0.0705353,2.80116e+08
2,0,1.6,-0.387438,0,-0.0675338,3.08042e+08
2,0,1.6,-0.387438,0,-0.0645323,2.88585e+08
2,0,1.6,-0.387438,0,-0.0615308,2.80149e+08
2,0,1.6,-0.387438,0,-0.0585293,2.83644e+08
2,0,1.6,-0.387438,0,-0.0555278,2.75772e+08
2,0,1.6,-0.387438,0,-0.0525263,2.84441e+08
2,0,1.6,-0.387438,0,-0.0495248,2.85889e+08
2,0,1.6,-0.387438,0,-0.0465233,3.36191e+08
2,0,1.6,-0.387438,0,-0.0435218,2.93065e+08
2,0,1.6,-0.387438,0,-0.0405203,3.24673e+08
2,0,1.6,-0.387438,0,-0.0375188,3.36223e+08
2,0,1.6,-0.387438,0,-0.0345173,3.0334e+08
2,0,1.6,-0.387438,0,-0.0315158,2.97654e+08
2,0,1.6,-0.387438,0,-0.0285143,2.97845e+08
2,0,1.6,-0.387438,0,-0.0255128,3.42742e+08
2,0,1.6,-0.387438,0,-0.0225113,3.08641e+08
2,0,1.6,-0.387438,0,-0.0195098,3.03602e+08
2,0,1.6,-0.387438,0,-0.0165083,3.36371e+08
2,0,1.6,-0.387438,0,-0.0135068,3.37796e+08
2,0,1.6,-0.387438,0,-0.0105053,2.68857e+08
2,0,1.6,-0.387438,0,-0.00750375,3.38192e+08
2,0,1.6,-0.387438,0,-0.00450225,3.38261e+08
2,0,1.6,-0.387438,0,-0.00150075,3.29861e+08
2,0,1.6,-0.387438,0,0.00150075,2.77138e+08
2,0,1.6,-0.387438,0,0.00450225,3.42749e+08
2,0,1.6,-0.387438,0,0.00750375,2.74261e+08
2,0,1.6,-0.387438,0,0.0105053,2.79861e+08
2,0,1.6,-0.387438,0,0.0135068,2.75339e+08
2,0,1.6,-0.387438,0,0.0165083,2.69591e+08
2,0,1.6,-0.387438,0,0.0195098,2.80463e+08
2,0,1.6,-0.387438,0,0.0225113,2.79376e+08
2,0,1.6,-0.387438,0,0.0255128,3.22172e+08
2,0,1.6,-0.387438,0,0.0285143,3.24752e+08
2,0,1.6,-0.387438,0,0.0315158,2.82664e+08
2,0,1.6,-0.387438,0,0.0345173,2.8444e+08
2,0,1.6,-0.387438,0,0.0375188,2.84926e+08
2,0,1.6,-0.387438,0,0.0405203,2.7937e+08
2,0,1.6,-0.387438,0,0.0435218,2.89102e+08
2,0,1.6,-0.387438,0,0.0465233,2.91861e+08
2,0,1.6,-0.387438,0,0.0495248,2.89945e+08
2,0,1.6,-0.387438,0,0.0525263,2.83369e+08
2,0,1.6,-0.387438,0,0.0555278,2.75149e+08
2,0,1.6,-0.387438,0,0.0585293,2.79279e+08
2,0,1.6,-0.387438,0,0.0615308,2.94137e+08
2,0,1.6,-0.387438,0,0.0645323,2.95114e+08
2,0,1.6,-0.387438,0,0.0675338,2.6672e+08
2,0,1.6,-0.387438,0,0.0705353,2.896e+08
2,0,1.6,-0.387438,0,0.0735368,2.90777e+08
2,0,1.6,-0.387438,0,0.0765383,3.0078e+08
2,0,1.6,-0.387438,0,0.0795398,2.99541e+08
2,0,1.6,-0.387438,0,0.0825413,3.00303e+08
2,0,1.6,-0.387438,0,0.0855428,2.92537e+08
2,0,1.6,-0.387438,0,0.0885443,2.89448e+08
2,0,1.6,-0.387438,0,0.0915458,2.70542e+08
2,0,1.6,-0.387438,0,0.0945473,3.07312e+08
2,0,1.6,-0.387438,0,0.0975488,3.01329e+08
2,0,1.6,-0.387438,0,0.10055,2.97885e+08
2,0,1.6,-0.387438,0,0.103552,2.73792e+08
2,0,1.6,-0.387438,0,0.106553,3.01152e+08
2,0,1.6,-0.387438,0,0.109555,2.96231e+08
2,0,1.6,-0.387438,0,0.112556,3.03222e+08
2,0,1.6,-0.387438,0,0.115558,2.82083e+08
2,0,1.6,-0.387438,0,0.118559,3.03695e+08
2,0,1.6,-0.387438,0,0.121561,3.05969e+08
2,0,1.6,-0.387438,0,0.124562,3.27046e+08
2,0,1.6,-0.387438,0,0.127564,3.08049e+08
2,0,1.6,-0.387438,0,0.130565,3.03735e+08
2,0,1.6,-0.387438,0,0.133567,2.85316e+08
2,0,1.6,-0.387438,0,0.136568,3.09191e+08
2,0,1.6,-0.387438,0,0.13957,3.11185e+08
2,0,1.6,-0.387438,0,0.142571,3.05541e+08
2,0,1.6,-0.387438,0,0.145573,3.12882e+08
2,0,1.6,-0.387438,0,0.148574,2.86663e+08
2,0,1.6,-0.387438,0,0.151576,3.12848e+08
2,0,1.6,-0.387438,0,0.154577,2.89121e+08
2,0,1.6,-0.387438,0,0.157579,3.11845e+08
2,0,1.6,-0.387438,0,0.16058,3.17107e+08
2,0,1.6,-0.387438,0,0.163582,3.09299e+08
2,0,1.6,-0.387438,0,0.166583,3.16671e+08
2,0,1.6,-0.387438,0,0.169585,2.94019e+08
2,0,1.6,-0.387438,0,0.172586,3.19185e+08
2,0,1.6,-0.387438,0,0.175588,3.21045e+08
2,0,1.6,-0.387438,0,0.178589,2.94139e+08
2,0,1.6,-0.387438,0,0.181591,3.23236e+08
2,0,1.6,-0.387438,0,0.184592,3.25861e+08
2,0,1.6,-0.387438,0,0.187594,2.93566e+08
2,0,1.6,-0.387438,0,0.190595,2.69854e+08
2,0,1.6,-0.387438,0,0.193597,2.71948e+08
2,0,1.6,-0.387438,0,0.196598,3.26443e+08
2,0,1.6,-0.387438,0,0.1996,3.35868e+08
2,0,1.6,-0.387438,0,0.202601,3.19762e+08
2,0,1.6,-0.387438,0,0.205603,3.27254e+08
2,0,1.6,-0.387438,0,0.208604,3.29145e+08
2,0,1.6,-0.387438,0,0.211606,3.33055e+08
2,0,1.6,-0.387438,0,0.214607,3.30318e+08
2,0,1.6,-0.387438,0,0.217609,3.31232e+08
2,0,1.6,-0.387438,0,0.22061,3.31809e+08
2,0,1.6,-0.387438,0,0.223612,3.02715e+08
2,0,1.6,-0.387438,0,0.226613,3.33135e+08
2,0,1.6,-0.387438,0,0.229615,3.16448e+08
2,0,1.6,-0.387438,0,0.232616,3.32487e+08
2,0,1.6,-0.387438,0,0.235618,3.34814e+08
2,0,1.6,-0.387438,0,0.238619,3.33681e+08
2,0,1.6,-0.387438,0,0.241621,2.66361e+08
2,0,1.6,-0.387438,0,0.244622,3.3726e+08
2,0,1.6,-0.387438,0,0.247624,3.37318e+08
2,0,1.6,-0.387438,0,0.250625,3.4553e+08
2,0,1.6,-0.387438,0,0.253627,3.3974e+08
2,0,1.6,-0.387438,0,0.256628,3.11712e+08
2,0,1.6,-0.387438,0,0.25963,3.13622e+08
2,0,1.6,-0.387438,0,0.262631,3.3841e+08
2,0,1.6,-0.387438,0,0.265633,2.79388e+08
2,0,1.6,-0.387438,0,0.268634,3.13684e+08
2,0,1.6,-0.387438,0,0.271636,3.41402e+08
2,0,1.6,-0.387438,0,0.274637,3.4212e+08
2,0,1.6,-0.387438,0,0.277639,3.41987e+08
2,0,1.6,-0.387438,0,0.28064,3.15017e+08
2,0,1.6,-0.387438,0,0.283642,3.43096e+08
2,0,1.6,-0.387438,0,0.286643,3.13717e+08
2,0,1.6,-0.387438,0,0.289645,2.71076e+08
2,0,1.6,-0.387438,0,0.292646,3.21505e+08
2,0,1.6,-0.387438,0,0.295648,2.88564e+08
2,0,1.6,-0.387438,0,0.298649,2.87661e+08
2,0,1.6,-0.387438,0,0.301651,2.89683e+08
2,0,1.6,-0.387438,0,0.304652,3.4585e+08
2,0,1.6,-0.387438,0,0.307654,3.46402e+08
2,0,1.6,-0.387438,0,0.310655,3.46416e+08
2,0,1.6,-0.387438,0,0.313657,3.46097e+08
2,0,1.6,-0.387438,0,0.316658,2.66173e+08
2,0,1.6,-0.387438,0,0.31966,2.66273e+08
2,0,1.6,-0.387438,0,0.322661,2.66519e+08
2,0,1.6,-0.387438,0,0.325663,3.46872e+08
2,0,1.6,-0.387438,0,0.328664,3.46405e+08
2,0,1.6,-0.387438,0,0.331666,2.72746e+08
2,0,1.6,-0.387438,0,0.334667,2.92058e+08
2,0,1.6,-0.387438,0,0.337669,2.75081e+08
2,0,1.6,-0.387438,0,0.34067,2.72947e+08
2,0,1.6,-0.387438,0,0.343672,2.67864e+08
2,0,1.6,-0.387438,0,0.346673,3.23367e+08
2,0,1.6,-0.387438,0,0.349675,3.19447e+08
2,0,1.6,-0.387438,0,0.352676,2.73475e+08
2,0,1.6,-0.387438,0,0.355678,2.66368e+08
2,0,1.6,-0.387438,0,0.358679,3.34811e+08
2,0,1.6,-0.387438,0,0.361681,2.74536e+08
2,0,1.6,-0.387438,0,0.364682,2.87195e+08
2,0,1.6,-0.387438,0,0.367684,2.68202e+08
2,0,1.6,-0.387438,0,0.370685,2.76152e+08
2,0,1.6,-0.387438,0,0.373687,3.43277e+08
2,0,1.6,-0.387438,0,0.376688,2.738e+08
2,0,1.6,-0.387438,0,0.37969,3.34413e+08
2,0,1.6,-0.387438,0,0.382691,3.32454e+08
2,0,1.6,-0.387438,0,0.385693,3.19996e+08
2,0,1.6,-0.387438,0,0.388694,3.42693e+08
2,0,1.6,-0.387438,0,0.391696,2.91375e+08
2,0,1.6,-0.387438,0,0.394697,2.93217e+08
2,0,1.6,-0.387438,0,0.397699,2.93415e+08
2,0,1.6,-0.387438,0,0.4007,3.40822e+08
2,0,1.6,-0.387438,0,0.403702,2.6651e+08
2,0,1.6,-0.387438,0,0.406703,2.98288e+08
2,0,1.6,-0.387438,0,0.409705,2.79318e+08
2,0,1.6,-0.387438,0,0.412706,3.38477e+08
2,0,1.6,-0.387438,0,0.415708,2.73747e+08
2,0,1.6,-0.387438,0,0.418709,3.45529e+08
2,0,1.6,-0.387438,0,0.421711,3.18777e+08
2,0,1.6,-0.387438,0,0.424712,2.67228e+08
2,0,1.6,-0.387438,0,0.427714,2.74256e+08
2,0,1.6,-0.387438,0,0.430715,3.44116e+08
2,0,1.6,-0.387438,0,0.433717,3.15791e+08
2,0,1.6,-0.387438,0,0.436718,2.66228e+08
2,0,1.6,-0.387438,0,0.43972,3.32524e+08
2,0,1.6,-0.387438,0,0.442721,3.44652e+08
2,0,1.6,-0.387438,0,0.445723,3.36952e+08
2,0,1.6,-0.387438,0,0.448724,3.2029e+08
2,0,1.6,-0.387438,0,0.451726,3.15539e+08
2,0,1.6,-0.387438,0,0.454727,2.88214e+08
2,0,1.6,-0.387438,0,0.457729,2.88677e+08
2,0,1.6,-0.387438,0,0.46073,2.915e+08
2,0,1.6,-0.387438,0,0.463732,3.34097e+08
2,0,1.6,-0.387438,0,0.466733,3.45232e+08
2,0,1.6,-0.387438,0,0.469735,2.70453e+08
2,0,1.6,-0.387438,0,0.472736,3.17009e+08
2,0,1.6,-0.387438,0,0.475738,3.31105e+08
2,0,1.6,-0.387438,0,0.478739,3.18348e+08
2,0,1.6,-0.387438,0,0.481741,2.66263e+08
2,0,1.6,-0.387438,0,0.484742,3.31613e+08
2,0,1.6,-0.387438,0,0.487744,3.16397e+08
2,0,1.6,-0.387438,0,0.490745,3.18172e+08
2,0,1.6,-0.387438,0,0.493747,3.45268e+08
2,0,1.6,-0.387438,0,0.496748,2.69e+08
2,0,1.6,-0.387438,0,0.49975,2.67206e+08
2,0,1.6,-0.387438,0,0.502751,3.36552e+08
2,0,1.6,-0.387438,0,0.505753,3.33244e+08
2,0,1.6,-0.387438,0,0.508754,3.32681e+08
2,0,1.6,-0.387438,0,0.511756,2.65217e+08
2,0,1.6,-0.387438,0,0.514757,3.26441e+08
2,0,1.6,-0.387438,0,0.517759,3.3155e+08
2,0,1.6,-0.387438,0,0.52076,3.39731e+08
2,0,1.6,-0.387438,0,0.523762,3.29849e+08
2,0,1.6,-0.387438,0,0.526763,3.08514e+08
2,0,1.6,-0.387438,0,0.529765,3.36896e+08
2,0,1.6,-0.387438,0,0.532766,3.29648e+08
2,0,1.6,-0.387438,0,0.535768,3.00674e+08
2,0,1.6,-0.387438,0,0.538769,3.3732e+08
2,0,1.6,-0.387438,0,0.541771,2.71031e+08
2,0,1.6,-0.387438,0,0.544772,3.19168e+08
2,0,1.6,-0.387438,0,0.547774,3.211e+08
2,0,1.6,-0.387438,0,0.550775,3.33364e+08
2,0,1.6,-0.387438,0,0.553777,3.33623e+08
2,0,1.6,-0.387438,0,0.556778,2.66845e+08
2,0,1.6,-0.387438,0,0.55978,3.20386e+08
2,0,1.6,-0.387438,0,0.562781,3.23792e+08
2,0,1.6,-0.387438,0,0.565783,2.90192e+08
2,0,1.6,-0.387438,0,0.568784,3.15619e+08
2,0,1.6,-0.387438,0,0.571786,3.17354e+08
2,0,1.6,-0.387438,0,0.574787,3.33231e+08
2,0,1.6,-0.387438,0,0.577789,2.85947e+08
2,0,1.6,-0.387438,0,0.58079,3.12792e+08
2,0,1.6,-0.387438,0,0.583792,3.09483e+08
2,0,1.6,-0.387438,0,0.586793,2.86005e+08
2,0,1.6,-0.387438,0,0.589795,2.8918e+08
2,0,1.6,-0.387438,0,0.592796,3.07054e+08
2,0,1.6,-0.387438,0,0.595798,3.05377e+08
2,0,1.6,-0.387438,0,0.598799,3.0016e+08
2,0,1.6,-0.387438,0,0.601801,3.02545e+08
2,0,1.6,-0.387438,0,0.604802,2.74169e+08
2,0,1.6,-0.387438,0,0.607804,2.87163e+08
2,0,1.6,-0.387438,0,0.610805,2.94099e+08
2,0,1.6,-0.387438,0,0.613807,2.92859e+08
2,0,1.6,-0.387438,0,0.616808,2.70796e+08
2,0,1.6,-0.387438,0,0.61981,2.75673e+08
2,0,1.6,-0.387438,0,0.622811,2.90328e+08
2,0,1.6,-0.387438,0,0.625813,2.85807e+08
2,0,1.6,-0.387438,0,0.628814,2.76731e+08
2,0,1.6,-0.387438,0,0.631816,2.97136e+08
2,0,1.6,-0.387438,0,0.634817,3.38921e+08
2,0,1.6,-0.387438,0,0.637819,2.92505e+08
2,0,1.6,-0.387438,0,0.64082,2.62868e+08
2,0,1.6,-0.387438,0,0.643822,2.91095e+08
2,0,1.6,-0.387438,0,0.646823,2.85928e+08
2,0,1.6,-0.387438,0,0.649825,2.69659e+08
2,0,1.6,-0.387438,0,0.652826,2.83294e+08
2,0,1.6,-0.387438,0,0.655828,2.81431e+08
2,0,1.6,-0.387438,0,0.658829,2.75644e+08
2,0,1.6,-0.387438,0,0.661831,2.86606e+08
2,0,1.6,-0.387438,0,0.664832,2.62903e+08
2,0,1.6,-0.387438,0,0.667834,3.38951e+08
2,0,1.6,-0.387438,0,0.670835,3.40861e+08
2,0,1.6,-0.387438,0,0.673837,3.10728e+08
2,0,1.6,-0.387438,0,0.676838,2.63234e+08
2,0,1.6,-0.387438,0,0.67984,3.30586e+08
2,0,1.6,-0.387438,0,0.682841,2.62413e+08
2,0,1.6,-0.387438,0,0.685843,3.00173e+08
2,0,1.6,-0.387438,0,0.688844,3.31052e+08
2,0,1.6,-0.387438,0,0.691846,2.95643e+08
2,0,1.6,-0.387438,0,0.694847,3.19385e+08
2,0,1.6,-0.387438,0,0.697849,2.96106e+08
2,0,1.6,-0.387438,0,0.70085,2.88396e+08
2,0,1.6,-0.387438,0,0.703852,3.0884e+08
2,0,1.6,-0.387438,0,0.706853,3.13205e+08
2,0,1.6,-0.387438,0,0.709855,3.0139e+08
2,0,1.6,-0.387438,0,0.712856,2.99704e+08
2,0,1.6,-0.387438,0,0.715858,2.86609e+08
2,0,1.6,-0.387438,0,0.718859,2.79029e+08
2,0,1.6,-0.387438,0,0.721861,2.68594e+08
2,0,1.6,-0.387438,0,0.724862,2.66254e+08
2,0,1.6,-0.387438,0,0.727864,2.83382e+08
2,0,1.6,-0.387438,0,0.730865,2.81087e+08
2,0,1.6,-0.387438,0,0.733867,2.73438e+08
2,0,1.6,-0.387438,0,0.736868,2.747e+08
2,0,1.6,-0.387438,0,0.73987,2.71281e+08
2,0,1.6,-0.387438,0,0.742871,2.74647e+08
2,0,1.6,-0.387438,0,0.745873,2.61428e+08
2,0,1.6,-0.387438,0,0.748874,2.6769e+08
2,0,1.6,-0.387438,0,0.751876,3.12957e+08
2,0,1.6,-0.387438,0,0.754877,3.31579e+08
2,0,1.6,-0.387438,0,0.757879,3.39546e+08
2,0,1.6,-0.387438,0,0.76088,3.33953e+08
2,0,1.6,-0.387438,0,0.763882,3.29993e+08
2,0,1.6,-0.387438,0,0.766883,2.94026e+08
2,0,1.6,-0.387438,0,0.769885,2.95313e+08
2,0,1.6,-0.387438,0,0.772886,2.75022e+08
2,0,1.6,-0.387438,0,0.775888,2.78052e+08
2,0,1.6,-0.387438,0,0.778889,2.78742e+08
2,0,1.6,-0.387438,0,0.781891,3.05119e+08
2,0,1.6,-0.387438,0,0.784892,3.30665e+08
2,0,1.6,-0.387438,0,0.787894,2.64509e+08
2,0,1.6,-0.387438,0,0.790895,3.33947e+08
2,0,1.6,-0.387438,0,0.793897,2.64499e+08
2,0,1.6,-0.387438,0,0.796898,2.73641e+08
2,0,1.6,-0.387438,0,0.7999,2.60708e+08
2,0,1.6,-0.387438,0,0.802901,2.61369e+08
2,0,1.6,-0.387438,0,0.805903,2.57196e+08
2,0,1.6,-0.387438,0,0.808904,2.56101e+08
2,0,1.6,-0.387438,0,0.811906,3.26107e+08
2,0,1.6,-0.387438,0,0.814907,3.18733e+08
2,0,1.6,-0.387438,0,0.817909,2.98116e+08
2,0,1.6,-0.387438,0,0.82091,2.6549e+08
2,0,1.6,-0.387438,0,0.823912,2.70598e+08
2,0,1.6,-0.387438,0,0.826913,2.57817e+08
2,0,1.6,-0.387438,0,0.829915,2.79373e+08
2,0,1.6,-0.387438,0,0.832916,3.11799e+08
2,0,1.6,-0.387438,0,0.835918,3.26253e+08
2,0,1.6,-0.387438,0,0.838919,2.59325e+08
2,0,1.6,-0.387438,0,0.841921,3.00205e+08
2,0,1.6,-0.387438,0,0.844922,3.15255e+08
2,0,1.6,-0.387438,0,0.847924,2.81748e+08
2,0,1.6,-0.387438,0,0.850925,2.69342e+08
2,0,1.6,-0.387438,0,0.853927,2.81941e+08
2,0,1.6,-0.387438,0,0.856928,3.13384e+08
2,0,1.6,-0.387438,0,0.85993,2.93836e+08
2,0,1.6,-0.387438,0,0.862931,3.06821e+08
2,0,1.6,-0.387438,0,0.865933,2.70943e+08
2,0,1.6,-0.387438,0,0.868934,2.77644e+08
2,0,1.6,-0.387438,0,0.871936,2.63101e+08
2,0,1.6,-0.387438,0,0.874937,2.97719e+08
2,0,1.6,-0.387438,0,0.877939,3.06921e+08
2,0,1.6,-0.387438,0,0.88094,2.71098e+08
2,0,1.6,-0.387438,0,0.883942,2.76622e+08
2,0,1.6,-0.387438,0,0.886943,2.64163e+08
2,0,1.6,-0.387438,0,0.889945,3.02233e+08
2,0,1.6,-0.387438,0,0.892946,2.8159e+08
2,0,1.6,-0.387438,0,0.895948,2.53956e+08
2,0,1.6,-0.387438,0,0.898949,3.03227e+08
2,0,1.6,-0.387438,0,0.901951,2.40898e+08
2,0,1.6,-0.387438,0,0.904952,3.00019e+08
2,0,1.6,-0.387438,0,0.907954,2.55021e+08
2,0,1.6,-0.387438,0,0.910955,2.85371e+08
2,0,1.6,-0.387438,0,0.913957,2.91048e+08
2,0,1.6,-0.387438,0,0.916958,2.58169e+08
2,0,1.6,-0.387438,0,0.91996,2.29807e+08
2,0,1.6,-0.387438,0,0.922961,2.63689e+08
2,0,1.6,-0.387438,0,0.925963,-2.3243e+08
2,0,1.6,-0.387438,0,0.928964,-2.94675e+08
2,0,1.6,-0.387438,0,0.931966,-2.57936e+08
2,0,1.6,-0.387438,0,0.934967,-2.82976e+08
2,0,1.6,-0.387438,0,0.937969,-2.41881e+08
2,0,1.6,-0.387438,0,0.94097,-2.47885e+08
2,0,1.6,-0.387438,0,0.943972,-3.10238e+08
2,0,1.6,-0.387438,0,0.946973,-2.75218e+08
2,0,1.6,-0.387438,0,0.949975,-2.95371e+08
2,0,1.6,-0.387438,0,0.952976,-2.5263e+08
2,0,1.6,-0.387438,0,0.955978,-2.73978e+08
2,0,1.6,-0.387438,0,0.958979,-2.53624e+08
2,0,1.6,-0.387438,0,0.961981,-2.47935e+08
2,0,1.6,-0.387438,0,0.964982,-2.46211e+08
2,0,1.6,-0.387438,0,0.967984,-3.09081e+08
2,0,1.6,-0.387438,0,0.970985,-3.19633e+08
2,0,1.6,-0.387438,0,0.973987,-2.75409e+08
2,0,1.6,-0.387438,0,0.976988,-2.72027e+08
2,0,1.6,-0.387438,0,0.97999,-2.87108e+08
2,0,1.6,-0.387438,0,0.982991,-2.52778e+08
2,0,1.6,-0.387438,0,0.985993,-3.24934e+08
2,0,1.6,-0.387438,0,0.988994,-2.81057e+08
2,0,1.6,-0.387438,0,0.991996,-3.20428e+08
2,0,1.6,-0.387438,0,0.994997,-2.52253e+08
2,0,1.6,-0.387438,0,0.997999,-3.00708e+08
2,0,1.6,-0.387438,0,1.001,-2.54846e+08
2,0,1.6,-0.387438,0,1.004,-2.57203e+08
2,0,1.6,-0.387438,0,1.007,-2.79327e+08
2,0,1.6,-0.387438,0,1.01001,-3.08899e+08
2,0,1.6,-0.387438,0,1.01301,-3.01271e+08
2,0,1.6,-0.387438,0,1.01601,-3.12526e+08
2,0,1.6,-0.387438,0,1.01901,-3.16218e+08
2,0,1.6,-0.387438,0,1.02201,-2.73054e+08
2,0,1.6,-0.387438,0,1.02501,-3.20873e+08
2,0,1.6,-0.387438,0,1.02801,-2.83311e+08
2,0,1.6,-0.387438,0,1.03102,-2.98454e+08
2,0,1.6,-0.387438,0,1.03402,-3.04444e+08
2,0,1.6,-0.387438,0,1.03702,-3.20399e+08
2,0,1.6,-0.387438,0,1.04002,-3.00694e+08
2,0,1.6,-0.387438,0,1.04302,-2.95815e+08
2,0,1.6,-0.387438,0,1.04602,-3.16515e+08
2,0,1.6,-0.387438,0,1.04902,-3.12584e+08
2,0,1.6,-0.387438,0,1.05203,-3.24202e+08
2,0,1.6,-0.387438,0,1.05503,-2.73103e+08
2,0,1.6,-0.387438,0,1.05803,-2.61749e+08
2,0,1.6,-0.387438,0,1.06103,-2.68895e+08
2,0,1.6,-0.387438,0,1.06403,-2.89283e+08
2,0,1.6,-0.387438,0,1.06703,-2.79201e+08
2,0,1.6,-0.387438,0,1.07004,-2.88997e+08
2,0,1.6,-0.387438,0,1.07304,-2.59716e+08
2,0,1.6,-0.387438,0,1.07604,-3.21984e+08
2,0,1.6,-0.387438,0,1.07904,-3.08921e+08
2,0,1.6,-0.387438,0,1.08204,-3.16076e+08
2,0,1.6,-0.387438,0,1.08504,-2.65612e+08
2,0,1.6,-0.387438,0,1.08804,-2.86761e+08
2,0,1.6,-0.387438,0,1.09105,-2.63869e+08
2,0,1.6,-0.387438,0,1.09405,-2.70989e+08
2,0,1.6,-0.387438,0,1.09705,-2.93117e+08
2,0,1.6,-0.387438,0,1.10005,-2.79501e+08
2,0,1.6,-0.387438,0,1.10305,-2.80685e+08
2,0,1.6,-0.387438,0,1.10605,-2.83361e+08
2,0,1.6,-0.387438,0,1.10905,-3.16698e+08
2,0,1.6,-0.387438,0,1.11206,-3.14644e+08
2,0,1.6,-0.387438,0,1.11506,-3.08714e+08
2,0,1.6,-0.387438,0,1.11806,-3.06412e+08
2,0,1.6,-0.387438,0,1.12106,-2.90458e+08
2,0,1.6,-0.387438,0,1.12406,-3.39954e+08
2,0,1.6,-0.387438,0,1.12706,-3.43189e+08
2,0,1.6,-0.387438,0,1.13007,-2.98154e+08
2,0,1.6,-0.387438,0,1.13307,-2.63974e+08
2,0,1.6,-0.387438,0,1.13607,-2.76633e+08
2,0,1.6,-0.387438,0,1.13907,-2.64771e+08
2,0,1.6,-0.387438,0,1.14207,-2.77274e+08
2,0,1.6,-0.387438,0,1.14507,-2.96653e+08
2,0,1.6,-0.387438,0,1.14807,-2.98096e+08
2,0,1.6,-0.387438,0,1.15108,-2.86554e+08
2,0,1.6,-0.387438,0,1.15408,-3.04869e+08
2,0,1.6,-0.387438,0,1.15708,-3.2515e+08
2,0,1.6,-0.387438,0,1.16008,-3.03458e+08
2,0,1.6,-0.387438,0,1.16308,-3.05185e+08
2,0,1.6,-0.387438,0,1.16608,-3.3003e+08
2,0,1.6,-0.387438,0,1.16908,-3.15005e+08
2,0,1.6,-0.387438,0,1.17209,-3.18477e+08
2,0,1.6,-0.387438,0,1.17509,-3.1994e+08
2,0,1.6,-0.387438,0,1.17809,-3.24255e+08
2,0,1.6,-0.387438,0,1.18109,-3.27324e+08
2,0,1.6,-0.387438,0,1.18409,-3.35439e+08
2,0,1.6,-0.387438,0,1.18709,-2.74069e+08
2,0,1.6,-0.387438,0,1.1901,-3.12249e+08
2,0,1.6,-0.387438,0,1.1931,-2.80737e+08
2,0,1.6,-0.387438,0,1.1961,-2.75309e+08
2,0,1.6,-0.387438,0,1.1991,-2.90674e+08
2,0,1.6,-0.387438,0,1.2021,-3.06875e+08
2,0,1.6,-0.387438,0,1.2051,-3.105e+08
2,0,1.6,-0.387438,0,1.2081,-3.25633e+08
2,0,1.6,-0.387438,0,1.21111,-2.86534e+08
2,0,1.6,-0.387438,0,1.21411,-3.07368e+08
2,0,1.6,-0.387438,0,1.21711,-2.93653e+08
2,0,1.6,-0.387438,0,1.22011,-3.3329e+08
2,0,1.6,-0.387438,0,1.22311,-3.03655e+08
2,0,1.6,-0.387438,0,1.22611,-2.96871e+08
2,0,1.6,-0.387438,0,1.22911,-3.31727e+08
2,0,1.6,-0.387438,0,1.23212,-3.35355e+08
2,0,1.6,-0.387438,0,1.23512,-2.88848e+08
2,0,1.6,-0.387438,0,1.23812,-3.46782e+08
2,0,1.6,-0.387438,0,1.24112,-3.14749e+08
2,0,1.6,-0.387438,0,1.24412,-2.72552e+08
2,0,1.6,-0.387438,0,1.24712,-2.69356e+08
2,0,1.6,-0.387438,0,1.25013,-2.95398e+08
2,0,1.6,-0.387438,0,1.25313,-2.94253e+08
2,0,1.6,-0.387438,0,1.25613,-3.01942e+08
2,0,1.6,-0.387438,0,1.25913,-2.81478e+08
2,0,1.6,-0.387438,0,1.26213,-2.7617e+08
2,0,1.6,-0.387438,0,1.26513,-2.98436e+08
2,0,1.6,-0.387438,0,1.26813,-3.19592e+08
2,0,1.6,-0.387438,0,1.27114,-3.00092e+08
2,0,1.6,-0.387438,0,1.27414,-2.99478e+08
2,0,1.6,-0.387438,0,1.27714,-2.99338e+08
2,0,1.6,-0.387438,0,1.28014,-3.02329e+08
2,0,1.6,-0.387438,0,1.28314,-2.99636e+08
2,0,1.6,-0.387438,0,1.28614,-2.76046e+08
2,0,1.6,-0.387438,0,1.28914,-3.34233e+08
2,0,1.6,-0.387438,0,1.29215,-2.79589e+08
2,0,1.6,-0.387438,0,1.29515,-3.16913e+08
2,0,1.6,-0.387438,0,1.29815,-2.87714e+08
2,0,1.6,-0.387438,0,1.30115,-2.73693e+08
2,0,1.6,-0.387438,0,1.30415,-3.36558e+08
2,0,1.6,-0.387438,0,1.30715,-2.9401e+08
2,0,1.6,-0.387438,0,1.31016,-2.72942e+08
2,0,1.6,-0.387438,0,1.31316,-3.51414e+08
2,0,1.6,-0.387438,0,1.31616,-2.76571e+08
2,0,1.6,-0.387438,0,1.31916,-2.90452e+08
2,0,1.6,-0.387438,0,1.32216,-3.47539e+08
2,0,1.6,-0.387438,0,1.32516,-3.50778e+08
2,0,1.6,-0.387438,0,1.32816,-3.13699e+08
2,0,1.6,-0.387438,0,1.33117,-3.15367e+08
2,0,1.6,-0.387438,0,1.33417,-3.16721e+08
2,0,1.6,-0.387438,0,1.33717,-3.24799e+08
2,0,1.6,-0.387438,0,1.34017,-3.25061e+08
2,0,1.6,-0.387438,0,1.34317,-3.26168e+08
2,0,1.6,-0.387438,0,1.34617,-3.28457e+08
2,0,1.6,-0.387438,0,1.34917,-2.91122e+08
2,0,1.6,-0.387438,0,1.35218,-3.19441e+08
2,0,1.6,-0.387438,0,1.35518,-3.35274e+08
2,0,1.6,-0.387438,0,1.35818,-3.15692e+08
2,0,1.6,-0.387438,0,1.36118,-3.01397e+08
2,0,1.6,-0.387438,0,1.36418,-3.09512e+08
2,0,1.6,-0.387438,0,1.36718,-3.29654e+08
2,0,1.6,-0.387438,0,1.37019,-3.51442e+08
2,0,1.6,-0.387438,0,1.37319,-3.52343e+08
2,0,1.6,-0.387438,0,1.37619,-3.25317e+08
2,0,1.6,-0.387438,0,1.37919,-2.73749e+08
2,0,1.6,-0.387438,0,1.38219,-3.22648e+08
2,0,1.6,-0.387438,0,1.38519,-3.11266e+08
2,0,1.6,-0.387438,0,1.38819,-2.76614e+08
2,0,1.6,-0.387438,0,1.3912,-3.36438e+08
2,0,1.6,-0.387438,0,1.3942,-2.81768e+08
2,0,1.6,-0.387438,0,1.3972,-3.41945e+08
2,0,1.6,-0.387438,0,1.4002,-2.85886e+08
2,0,1.6,-0.387438,0,1.4032,-2.75984e+08
2,0,1.6,-0.387438,0,1.4062,-3.26669e+08
2,0,1.6,-0.387438,0,1.4092,-2.94306e+08
2,0,1.6,-0.387438,0,1.41221,-3.07902e+08
2,0,1.6,-0.387438,0,1.41521,-2.97058e+08
2,0,1.6,-0.387438,0,1.41821,-2.84994e+08
2,0,1.6,-0.387438,0,1.42121,-3.0708e+08
2,0,1.6,-0.387438,0,1.42421,-3.48284e+08
2,0,1.6,-0.387438,0,1.42721,-3.05195e+08
2,0,1.6,-0.387438,0,1.43022,-2.79865e+08
2,0,1.6,-0.387438,0,1.43322,-2.82726e+08
2,0,1.6,-0.387438,0,1.43622,-2.96581e+08
2,0,1.6,-0.387438,0,1.43922,-3.49478e+08
2,0,1.6,-0.387438,0,1.44222,-2.9982e+08
2,0,1.6,-0.387438,0,1.44522,-2.90187e+08
2,0,1.6,-0.387438,0,1.44822,-2.89463e+08
2,0,1.6,-0.387438,0,1.45123,-2.75486e+08
2,0,1.6,-0.387438,0,1.45423,-3.16928e+08
2,0,1.6,-0.387438,0,1.45723,-3.07945e+08
2,0,1.6,-0.387438,0,1.46023,-2.98529e+08
2,0,1.6,-0.387438,0,1.46323,-3.40681e+08
2,0,1.6,-0.387438,0,1.46623,-3.25949e+08
2,0,1.6,-0.387438,0,1.46923,-2.7896e+08
2,0,1.6,-0.387438,0,1.47224,-3.07265e+08
2,0,1.6,-0.387438,0,1.47524,-3.42093e+08
2,0,1.6,-0.387438,0,1.47824,-3.07691e+08
2,0,1.6,-0.387438,0,1.48124,-3.07131e+08
2,0,1.6,-0.387438,0,1.48424,-3.34358e+08
2,0,1.6,-0.387438,0,1.48724,-3.04988e+08
2,0,1.6,-0.387438,0,1.49025,-3.49768e+08
2,0,1.6,-0.387438,0,1.49325,-3.1177e+08
2,0,1.6,-0.387438,0,1.49625,-3.56649e+08
2,0,1.6,-0.387438,0,1.49925,-3.18547e+08
2,0,1.6,-0.387438,0,1.50225,-3.24113e+08
2,0,1.6,-0.387438,0,1.50525,-3.19858e+08
2,0,1.6,-0.387438,0,1.50825,-3.2702e+08
2,0,1.6,-0.387438,0,1.51126,-3.16891e+08
2,0,1.6,-0.387438,0,1.51426,-3.26154e+08
2,0,1.6,-0.387438,0,1.51726,-3.06654e+08
2,0,1.6,-0.387438,0,1.52026,-2.78066e+08
2,0,1.6,-0.387438,0,1.52326,-2.81292e+08
2,0,1.6,-0.387438,0,1.52626,-3.43419e+08
2,0,1.6,-0.387438,0,1.52926,-3.31626e+08
2,0,1.6,-0.387438,0,1.53227,-2.76726e+08
2,0,1.6,-0.387438,0,1.53527,-3.37081e+08
2,0,1.6,-0.387438,0,1.53827,-2.79009e+08
2,0,1.6,-0.387438,0,1.54127,-3.39627e+08
2,0,1.6,-0.387438,0,1.54427,-2.77576e+08
2,0,1.6,-0.387438,0,1.54727,-2.86747e+08
2,0,1.6,-0.387438,0,1.55028,-2.87648e+08
2,0,1.6,-0.387438,0,1.55328,-2.84986e+08
2,0,1.6,-0.387438,0,1.55628,-2.88952e+08
2,0,1.6,-0.387438,0,1.55928,-2.82128e+08
2,0,1.6,-0.387438,0,1.56228,-2.8511e+08
2,0,1.6,-0.387438,0,1.56528,-3.45299e+08
2,0,1.6,-0.387438,0,1.56828,-3.46051e+08
2,0,1.6,-0.387438,0,1.57129,-2.90156e+08
2,0,1.6,-0.387438,0,1.57429,-2.95846e+08
2,0,1.6,-0.387438,0,1.57729,-2.90623e+08
2,0,1.6,-0.387438,0,1.58029,-2.76289e+08
2,0,1.6,-0.387438,0,1.58329,-2.80623e+08
2,0,1.6,-0.387438,0,1.58629,-2.98187e+08
2,0,1.6,-0.387438,0,1.58929,-2.98879e+08
2,0,1.6,-0.387438,0,1.5923,-2.90743e+08
2,0,1.6,-0.387438,0,1.5953,-2.99804e+08
2,0,1.6,-0.387438,0,1.5983,-2.9629e+08
2,0,1.6,-0.387438,0,1.6013,-2.95019e+08
2,0,1.6,-0.387438,0,1.6043,-2.78393e+08
2,0,1.6,-0.387438,0,1.6073,-2.99773e+08
2,0,1.6,-0.387438,0,1.61031,-3.03497e+08
2,0,1.6,-0.387438,0,1.61331,-3.42062e+08
2,0,1.6,-0.387438,0,1.61631,-2.88072e+08
2,0,1.6,-0.387438,0,1.61931,-2.99662e+08
2,0,1.6,-0.387438,0,1.62231,-2.958e+08
2,0,1.6,-0.387438,0,1.62531,-2.79439e+08
2,0,1.6,-0.387438,0,1.62831,-3.06491e+08
2,0,1.6,-0.387438,0,1.63132,-3.07705e+08
2,0,1.6,-0.387438,0,1.63432,-3.04834e+08
2,0,1.6,-0.387438,0,1.63732,-2.99181e+08
2,0,1.6,-0.387438,0,1.64032,-3.4724e+08
2,0,1.6,-0.387438,0,1.64332,-3.07011e+08
2,0,1.6,-0.387438,0,1.64632,-3.01908e+08
2,0,1.6,-0.387438,0,1.64932,-2.82009e+08
2,0,1.6,-0.387438,0,1.65233,-2.8531e+08
2,0,1.6,-0.387438,0,1.65533,-3.03181e+08
2,0,1.6,-0.387438,0,1.65833,-3.04032e+08
2,0,1.6,-0.387438,0,1.66133,-3.10432e+08
2,0,1.6,-0.387438,0,1.66433,-2.92739e+08
2,0,1.6,-0.387438,0,1.66733,-2.77508e+08
2,0,1.6,-0.387438,0,1.67034,-2.8708e+08
2,0,1.6,-0.387438,0,1.67334,-3.02566e+08
2,0,1.6,-0.387438,0,1.67634,-2.85901e+08
2,0,1.6,-0.387438,0,1.67934,-2.82043e+08
2,0,1.6,-0.387438,0,1.68234,-3.32572e+08
2,0,1.6,-0.387438,0,1.68534,-3.06948e+08
2,0,1.6,-0.387438,0,1.68834,-3.00722e+08
2,0,1.6,-0.387438,0,1.69135,-2.78116e+08
2,0,1.6,-0.387438,0,1.69435,-3.28645e+08
2,0,1.6,-0.387438,0,1.69735,-2.88369e+08
2,0,1.6,-0.387438,0,1.70035,-3.06468e+08
2,0,1.6,-0.387438,0,1.70335,-3.0554e+08
2,0,1.6,-0.387438,0,1.70635,-2.92277e+08
2,0,1.6,-0.387438,0,1.70935,-3.01942e+08
2,0,1.6,-0.387438,0,1.71236,-2.91447e+08
2,0,1.6,-0.387438,0,1.71536,-3.04106e+08
2,0,1.6,-0.387438,0,1.71836,-3.03722e+08
2,0,1.6,-0.387438,0,1.72136,-2.98462e+08
2,0,1.6,-0.387438,0,1.72436,-2.99303e+08
2,0,1.6,-0.387438,0,1.72736,-3.00319e+08
2,0,1.6,-0.387438,0,1.73037,-2.96777e+08
2,0,1.6,-0.387438,0,1.73337,-2.93019e+08
2,0,1.6,-0.387438,0,1.73637,-2.87852e+08
2,0,1.6,-0.387438,0,1.73937,-3.5882e+08
2,0,1.6,-0.387438,0,1.74237,-2.9532e+08
2,0,1.6,-0.387438,0,1.74537,-2.93172e+08
2,0,1.6,-0.387438,0,1.74837,-2.83701e+08
2,0,1.6,-0.387438,0,1.75138,-3.00957e+08
2,0,1.6,-0.387438,0,1.75438,-3.57211e+08
2,0,1.6,-0.387438,0,1.75738,-2.9891e+08
2,0,1.6,-0.387438,0,1.76038,-2.85321e+08
2,0,1.6,-0.387438,0,1.76338,-3.52977e+08
2,0,1.6,-0.387438,0,1.76638,-3.51388e+08
2,0,1.6,-0.387438,0,1.76938,-3.12268e+08
2,0,1.6,-0.387438,0,1.77239,-2.9208e+08
2,0,1.6,-0.387438,0,1.77539,-3.55557e+08
2,0,1.6,-0.387438,0,1.77839,-3.4173e+08
2,0,1.6,-0.387438,0,1.78139,-2.8036e+08
2,0,1.6,-0.387438,0,1.78439,-3.41515e+08
2,0,1.6,-0.387438,0,1.78739,-3.04694e+08
2,0,1.6,-0.387438,0,1.7904,-2.77784e+08
2,0,1.6,-0.387438,0,1.7934,-3.62244e+08
2,0,1.6,-0.387438,0,1.7964,-2.78874e+08
2,0,1.6,-0.387438,0,1.7994,-3.11237e+08
2,0,1.6,-0.387438,0,1.8024,-3.23748e+08
2,0,1.6,-0.387438,0,1.8054,-3.24069e+08
2,0,1.6,-0.387438,0,1.8084,-2.91411e+08
2,0,1.6,-0.387438,0,1.81141,-3.07011e+08
2,0,1.6,-0.387438,0,1.81441,-3.17029e+08
2,0,1.6,-0.387438,0,1.81741,-3.41637e+08
2,0,1.6,-0.387438,0,1.82041,-2.91033e+08
2,0,1.6,-0.387438,0,1.82341,-3.36855e+08
2,0,1.6,-0.387438,0,1.82641,-3.32299e+08
2,0,1.6,-0.387438,0,1.82941,-3.01456e+08
2,0,1.6,-0.387438,0,1.83242,-2.94563e+08
2,0,1.6,-0.387438,0,1.83542,-2.76775e+08
2,0,1.6,-0.387438,0,1.83842,-3.06583e+08
2,0,1.6,-0.387438,0,1.84142,-3.18352e+08
2,0,1.6,-0.387438,0,1.84442,-3.48568e+08
2,0,1.6,-0.387438,0,1.84742,-2.85657e+08
2,0,1.6,-0.387438,0,1.85043,-2.97357e+08
2,0,1.6,-0.387438,0,1.85343,-2.79928e+08
2,0,1.6,-0.387438,0,1.85643,-3.00364e+08
2,0,1.6,-0.387438,0,1.85943,-2.77367e+08
2,0,1.6,-0.387438,0,1.86243,-2.92812e+08
2,0,1.6,-0.387438,0,1.86543,-3.41312e+08
2,0,1.6,-0.387438,0,1.86843,-3.28968e+08
2,0,1.6,-0.387438,0,1.87144,-2.80252e+08
2,0,1.6,-0.387438,0,1.87444,-3.44314e+08
2,0,1.6,-0.387438,0,1.87744,-3.17818e+08
2,0,1.6,-0.387438,0,1.88044,-3.05557e+08
2,0,1.6,-0.387438,0,1.88344,-3.14351e+08
2,0,1.6,-0.387438,0,1.88644,-3.08317e+08
2,0,1.6,-0.387438,0,1.88944,-3.03008e+08
2,0,1.6,-0.387438,0,1.89245,-2.97183e+08
2,0,1.6,-0.387438,0,1.89545,-3.36694e+08
2,0,1.6,-0.387438,0,1.89845,-3.17895e+08
2,0,1.6,-0.387438,0,1.90145,-3.34632e+08
2,0,1.6,-0.387438,0,1.90445,-2.72657e+08
2,0,1.6,-0.387438,0,1.90745,-2.69062e+08
2,0,1.6,-0.387438,0,1.91046,-3.41956e+08
2,0,1.6,-0.387438,0,1.91346,-3.33376e+08
2,0,1.6,-0.387438,0,1.91646,-3.03867e+08
2,0,1.6,-0.387438,0,1.91946,-3.16095e+08
2,0,1.6,-0.387438,0,1.92246,-3.42304e+08
2,0,1.6,-0.387438,0,1.92546,-2.96526e+08
2,0,1.6,-0.387438,0,1.92846,-2.9109e+08
2,0,1.6,-0.387438,0,1.93147,-2.75212e+08
2,0,1.6,-0.387438,0,1.93447,-3.26916e+08
2,0,1.6,-0.387438,0,1.93747,-3.00673e+08
2,0,1.6,-0.387438,0,1.94047,-3.04717e+08
2,0,1.6,-0.387438,0,1.94347,-2.99054e+08
2,0,1.6,-0.387438,0,1.94647,-3.41365e+08
2,0,1.6,-0.387438,0,1.94947,-2.81847e+08
2,0,1.6,-0.387438,0,1.95248,-3.33394e+08
2,0,1.6,-0.387438,0,1.95548,-3.3327e+08
2,0,1.6,-0.387438,0,1.95848,-2.83267e+08
2,0,1.6,-0.387438,0,1.96148,-2.84547e+08
2,0,1.6,-0.387438,0,1.96448,-2.7158e+08
2,0,1.6,-0.387438,0,1.96748,-3.315e+08
2,0,1.6,-0.387438,0,1.97049,-2.81176e+08
2,0,1.6,-0.387438,0,1.97349,-2.6365e+08
2,0,1.6,-0.387438,0,1.97649,-2.90791e+08
2,0,1.6,-0.387438,0,1.97949,-3.12093e+08
2,0,1.6,-0.387438,0,1.98249,-2.7182e+08
2,0,1.6,-0.387438,0,1.98549,-2.64247e+08
2,0,1.6,-0.387438,0,1.98849,-2.50408e+08
2,0,1.6,-0.387438,0,1.9915,-2.93427e+08
2,0,1.6,-0.387438,0,1.9945,-2.6746e+08
2,0,1.6,-0.387438,0,1.9975,-2.89451e+08
2,0,1.6,-0.387438,0,2.0005,2.43162e+08
2,0,1.6,-0.387438,0,2.0035,2.42999e+08
2,0,1.6,-0.387438,0,2.0065,2.77353e+08
2,0,1.6,-0.387438,0,2.0095,3.03493e+08
2,0,1.6,-0.387438,0,2.01251,3.06372e+08
2,0,1.6,-0.387438,0,2.01551,2.61409e+08
2,0,1.6,-0.387438,0,2.01851,3.27647e+08
2,0,1.6,-0.387438,0,2.02151,2.91358e+08
2,0,1.6,-0.387438,0,2.02451,2.64207e+08
2,0,1.6,-0.387438,0,2.02751,3.03609e+08
2,0,1.6,-0.387438,0,2.03052,2.69366e+08
2,0,1.6,-0.387438,0,2.03352,2.86659e+08
2,0,1.6,-0.387438,0,2.03652,3.38815e+08
2,0,1.6,-0.387438,0,2.03952,3.2022e+08
2,0,1.6,-0.387438,0,2.04252,2.964e+08
2,0,1.6,-0.387438,0,2.04552,3.32582e+08
2,0,1.6,-0.387438,0,2.04852,3.39208e+08
2,0,1.6,-0.387438,0,2.05153,2.81512e+08
2,0,1.6,-0.387438,0,2.05453,3.06384e+08
2,0,1.6,-0.387438,0,2.05753,3.29715e+08
2,0,1.6,-0.387438,0,2.06053,3.42273e+08
2,0,1.6,-0.387438,0,2.06353,3.33651e+08
2,0,1.6,-0.387438,0,2.06653,2.69279e+08
2,0,1.6,-0.387438,0,2.06953,3.16851e+08
2,0,1.6,-0.387438,0,2.07254,3.23127e+08
2,0,1.6,-0.387438,0,2.07554,3.35347e+08
2,0,1.6,-0.387438,0,2.07854,3.52468e+08
2,0,1.6,-0.387438,0,2.08154,3.42512e+08
2,0,1.6,-0.387438,0,2.08454,2.75457e+08
2,0,1.6,-0.387438,0,2.08754,3.10283e+08
2,0,1.6,-0.387438,0,2.09055,3.48634e+08
2,0,1.6,-0.387438,0,2.09355,2.73663e+08
2,0,1.6,-0.387438,0,2.09655,3.50181e+08
2,0,1.6,-0.387438,0,2.09955,2.78649e+08
2,0,1.6,-0.387438,0,2.10255,3.1007e+08
2,0,1.6,-0.387438,0,2.10555,2.92866e+08
2,0,1.6,-0.387438,0,2.10855,3.38269e+08
2,0,1.6,-0.387438,0,2.11156,3.44235e+08
2,0,1.6,-0.387438,0,2.11456,3.22593e+08
2,0,1.6,-0.387438,0,2.11756,3.43908e+08
2,0,1.6,-0.387438,0,2.12056,2.93227e+08
2,0,1.6,-0.387438,0,2.12356,2.96864e+08
2,0,1.6,-0.387438,0,2.12656,3.62501e+08
2,0,1.6,-0.387438,0,2.12956,3.06791e+08
2,0,1.6,-0.387438,0,2.13257,3.35821e+08
2,0,1.6,-0.387438,0,2.13557,3.13753e+08
2,0,1.6,-0.387438,0,2.13857,3.27006e+08
2,0,1.6,-0.387438,0,2.14157,3.53677e+08
2,0,1.6,-0.387438,0,2.14457,3.03761e+08
2,0,1.6,-0.387438,0,2.14757,3.51921e+08
2,0,1.6,-0.387438,0,2.15058,2.94736e+08
2,0,1.6,-0.387438,0,2.15358,3.09923e+08
2,0,1.6,-0.387438,0,2.15658,3.22855e+08
2,0,1.6,-0.387438,0,2.15958,3.19877e+08
2,0,1.6,-0.387438,0,2.16258,3.2797e+08
2,0,1.6,-0.387438,0,2.16558,3.29638e+08
2,0,1.6,-0.387438,0,2.16858,3.50628e+08
2,0,1.6,-0.387438,0,2.17159,3.62783e+08
2,0,1.6,-0.387438,0,2.17459,3.45345e+08
2,0,1.6,-0.387438,0,2.17759,3.06552e+08
2,0,1.6,-0.387438,0,2.18059,2.99285e+08
2,0,1.6,-0.387438,0,2.18359,3.00624e+08
2,0,1.6,-0.387438,0,2.18659,3.24294e+08
2,0,1.6,-0.387438,0,2.18959,3.00707e+08
2,0,1.6,-0.387438,0,2.1926,3.07281e+08
2,0,1.6,-0.387438,0,2.1956,3.45391e+08
2,0,1.6,-0.387438,0,2.1986,2.88277e+08
2,0,1.6,-0.387438,0,2.2016,3.54092e+08
2,0,1.6,-0.387438,0,2.2046,3.49791e+08
2,0,1.6,-0.387438,0,2.2076,2.89538e+08
2,0,1.6,-0.387438,0,2.21061,3.30223e+08
2,0,1.6,-0.387438,0,2.21361,3.08041e+08
2,0,1.6,-0.387438,0,2.21661,3.02861e+08
2,0,1.6,-0.387438,0,2.21961,2.97882e+08
2,0,1.6,-0.387438,0,2.22261,3.15249e+08
2,0,1.6,-0.387438,0,2.22561,3.28784e+08
2,0,1.6,-0.387438,0,2.22861,3.58122e+08
2,0,1.6,-0.387438,0,2.23162,3.53108e+08
2,0,1.6,-0.387438,0,2.23462,3.71455e+08
2,0,1.6,-0.387438,0,2.23762,3.38438e+08
2,0,1.6,-0.387438,0,2.24062,3.45873e+08
2,0,1.6,-0.387438,0,2.24362,3.02541e+08
2,0,1.6,-0.387438,0,2.24662,2.89586e+08
2,0,1.6,-0.387438,0,2.24962,3.04841e+08
2,0,1.6,-0.387438,0,2.25263,3.19329e+08
2,0,1.6,-0.387438,0,2.25563,3.28055e+08
2,0,1.6,-0.387438,0,2.25863,3.05897e+08
2,0,1.6,-0.387438,0,2.26163,3.48781e+08
2,0,1.6,-0.387438,0,2.26463,3.2421e+08
2,0,1.6,-0.387438,0,2.26763,3.56377e+08
2,0,1.6,-0.387438,0,2.27064,3.29547e+08
2,0,1.6,-0.387438,0,2.27364,3.62809e+08
2,0,1.6,-0.387438,0,2.27664,3.62963e+08
2,0,1.6,-0.387438,0,2.27964,3.74261e+08
2,0,1.6,-0.387438,0,2.28264,2.97009e+08
2,0,1.6,-0.387438,0,2.28564,3.60074e+08
2,0,1.6,-0.387438,0,2.28864,3.02316e+08
2,0,1.6,-0.387438,0,2.29165,3.1132e+08
2,0,1.6,-0.387438,0,2.29465,3.2484e+08
2,0,1.6,-0.387438,0,2.29765,3.21833e+08
2,0,1.6,-0.387438,0,2.30065,2.96754e+08
2,0,1.6,-0.387438,0,2.30365,3.00507e+08
2,0,1.6,-0.387438,0,2.30665,3.44711e+08
2,0,1.6,-0.387438,0,2.30965,3.50551e+08
2,0,1.6,-0.387438,0,2.31266,3.36723e+08
2,0,1.6,-0.387438,0,2.31566,3.51124e+08
2,0,1.6,-0.387438,0,2.31866,3.68753e+08
2,0,1.6,-0.387438,0,2.32166,3.31803e+08
2,0,1.6,-0.387438,0,2.32466,3.74806e+08
2,0,1.6,-0.387438,0,2.32766,3.75167e+08
2,0,1.6,-0.387438,0,2.33067,2.94844e+08
2,0,1.6,-0.387438,0,2.33367,3.0245e+08
2,0,1.6,-0.387438,0,2.33667,3.19495e+08
2,0,1.6,-0.387438,0,2.33967,3.61621e+08
2,0,1.6,-0.387438,0,2.34267,3.64433e+08
2,0,1.6,-0.387438,0,2.34567,3.85071e+08
2,0,1.6,-0.387438,0,2.34867,3.90262e+08
2,0,1.6,-0.387438,0,2.35168,3.72082e+08
2,0,1.6,-0.387438,0,2.35468,3.89152e+08
2,0,1.6,-0.387438,0,2.35768,3.39817e+08
2,0,1.6,-0.387438,0,2.36068,3.10516e+08
2,0,1.6,-0.387438,0,2.36368,3.02826e+08
2,0,1.6,-0.387438,0,2.36668,3.05675e+08
2,0,1.6,-0.387438,0,2.36968,3.54852e+08
2,0,1.6,-0.387438,0,2.37269,3.61989e+08
2,0,1.6,-0.387438,0,2.37569,3.34348e+08
2,0,1.6,-0.387438,0,2.37869,3.00073e+08
2,0,1.6,-0.387438,0,2.38169,3.01471e+08
2,0,1.6,-0.387438,0,2.38469,3.34178e+08
2,0,1.6,-0.387438,0,2.38769,3.54648e+08
2,0,1.6,-0.387438,0,2.3907,3.52943e+08
2,0,1.6,-0.387438,0,2.3937,3.56564e+08
2,0,1.6,-0.387438,0,2.3967,3.26575e+08
2,0,1.6,-0.387438,0,2.3997,3.75617e+08
2,0,1.6,-0.387438,0,2.4027,3.24517e+08
2,0,1.6,-0.387438,0,2.4057,3.84127e+08
2,0,1.6,-0.387438,0,2.4087,3.88723e+08
2,0,1.6,-0.387438,0,2.41171,3.82118e+08
2,0,1.6,-0.387438,0,2.41471,3.87035e+08
2,0,1.6,-0.387438,0,2.41771,3.04352e+08
2,0,1.6,-0.387438,0,2.42071,3.12226e+08
2,0,1.6,-0.387438,0,2.42371,3.15024e+08
2,0,1.6,-0.387438,0,2.42671,3.14129e+08
2,0,1.6,-0.387438,0,2.42971,3.22097e+08
2,0,1.6,-0.387438,0,2.43272,3.82805e+08
2,0,1.6,-0.387438,0,2.43572,3.25994e+08
2,0,1.6,-0.387438,0,2.43872,3.31082e+08
2,0,1.6,-0.387438,0,2.44172,3.02456e+08
2,0,1.6,-0.387438,0,2.44472,3.4114e+08
2,0,1.6,-0.387438,0,2.44772,3.46219e+08
2,0,1.6,-0.387438,0,2.45073,3.4922e+08
2,0,1.6,-0.387438,0,2.45373,3.51495e+08
2,0,1.6,-0.387438,0,2.45673,3.64724e+08
2,0,1.6,-0.387438,0,2.45973,3.68824e+08
2,0,1.6,-0.387438,0,2.46273,3.2907e+08
2,0,1.6,-0.387438,0,2.46573,3.73185e+08
2,0,1.6,-0.387438,0,2.46873,3.76676e+08
2,0,1.6,-0.387438,0,2.47174,3.892e+08
2,0,1.6,-0.387438,0,2.47474,3.70456e+08
2,0,1.6,-0.387438,0,2.47774,3.92017e+08
2,0,1.6,-0.387438,0,2.48074,3.12071e+08
2,0,1.6,-0.387438,0,2.48374,3.09816e+08
2,0,1.6,-0.387438,0,2.48674,3.25333e+08
2,0,1.6,-0.387438,0,2.48974,3.92126e+08
2,0,1.6,-0.387438,0,2.49275,3.96046e+08
2,0,1.6,-0.387438,0,2.49575,3.24824e+08
2,0,1.6,-0.387438,0,2.49875,3.31894e+08
2,0,1.6,-0.387438,0,2.50175,3.85696e+08
2,0,1.6,-0.387438,0,2.50475,3.3824e+08
2,0,1.6,-0.387438,0,2.50775,3.43014e+08
2,0,1.6,-0.387438,0,2.51076,3.4452e+08
2,0,1.6,-0.387438,0,2.51376,3.57372e+08
2,0,1.6,-0.387438,0,2.51676,3.54246e+08
2,0,1.6,-0.387438,0,2.51976,3.55458e+08
2,0,1.6,-0.387438,0,2.52276,3.62164e+08
2,0,1.6,-0.387438,0,2.52576,3.66814e+08
2,0,1.6,-0.387438,0,2.52876,3.70999e+08
2,0,1.6,-0.387438,0,2.53177,3.76525e+08
2,0,1.6,-0.387438,0,2.53477,3.80517e+08
2,0,1.6,-0.387438,0,2.53777,3.84837e+08
2,0,1.6,-0.387438,0,2.54077,3.8965e+08
2,0,1.6,-0.387438,0,2.54377,3.47522e+08
2,0,1.6,-0.387438,0,2.54677,3.07799e+08
2,0,1.6,-0.387438,0,2.54977,3.11953e+08
2,0,1.6,-0.387438,0,2.55278,3.15048e+08
2,0,1.6,-0.387438,0,2.55578,3.70554e+08
2,0,1.6,-0.387438,0,2.55878,3.22381e+08
2,0,1.6,-0.387438,0,2.56178,3.28105e+08
2,0,1.6,-0.387438,0,2.56478,3.29596e+08
2,0,1.6,-0.387438,0,2.56778,3.33721e+08
2,0,1.6,-0.387438,0,2.57079,3.1035e+08
2,0,1.6,-0.387438,0,2.57379,3.41006e+08
2,0,1.6,-0.387438,0,2.57679,3.71787e+08
2,0,1.6,-0.387438,0,2.57979,3.49512e+08
2,0,1.6,-0.387438,0,2.58279,3.53851e+08
2,0,1.6,-0.387438,0,2.58579,3.19702e+08
2,0,1.6,-0.387438,0,2.58879,3.1445e+08
2,0,1.6,-0.387438,0,2.5918,3.17515e+08
2,0,1.6,-0.387438,0,2.5948,3.20877e+08
2,0,1.6,-0.387438,0,2.5978,3.30831e+08
2,0,1.6,-0.387438,0,2.6008,3.27869e+08
2,0,1.6,-0.387438,0,2.6038,3.90226e+08
2,0,1.6,-0.387438,0,2.6068,3.35544e+08
2,0,1.6,-0.387438,0,2.6098,3.39274e+08
2,0,1.6,-0.387438,0,2.61281,4.04058e+08
2,0,1.6,-0.387438,0,2.61581,3.32649e+08
2,0,1.6,-0.387438,0,2.61881,3.24591e+08
2,0,1.6,-0.387438,0,2.62181,3.17982e+08
2,0,1.6,-0.387438,0,2.62481,3.21535e+08
2,0,1.6,-0.387438,0,2.62781,3.25023e+08
2,0,1.6,-0.387438,0,2.63082,3.28557e+08
2,0,1.6,-0.387438,0,2.63382,3.3233e+08
2,0,1.6,-0.387438,0,2.63682,3.19064e+08
2,0,1.6,-0.387438,0,2.63982,3.48398e+08
2,0,1.6,-0.387438,0,2.64282,3.47495e+08
2,0,1.6,-0.387438,0,2.64582,3.32065e+08
2,0,1.6,-0.387438,0,2.64882,3.62096e+08
2,0,1.6,-0.387438,0,2.65183,3.16355e+08
2,0,1.6,-0.387438,0,2.65483,3.21928e+08
2,0,1.6,-0.387438,0,2.65783,3.55283e+08
2,0,1.6,-0.387438,0,2.66083,3.26129e+08
2,0,1.6,-0.387438,0,2.66383,3.30327e+08
2,0,1.6,-0.387438,0,2.66683,3.6658e+08
2,0,1.6,-0.387438,0,2.66983,3.42806e+08
2,0,1.6,-0.387438,0,2.67284,3.41e+08
2,0,1.6,-0.387438,0,2.67584,3.89852e+08
2,0,1.6,-0.387438,0,2.67884,3.50713e+08
2,0,1.6,-0.387438,0,2.68184,3.52313e+08
2,0,1.6,-0.387438,0,2.68484,3.5564e+08
2,0,1.6,-0.387438,0,2.68784,3.59325e+08
2,0,1.6,-0.387438,0,2.69085,3.94895e+08
2,0,1.6,-0.387438,0,2.69385,3.67072e+08
2,0,1.6,-0.387438,0,2.69685,3.90882e+08
2,0,1.6,-0.387438,0,2.69985,3.74697e+08
2,0,1.6,-0.387438,0,2.70285,3.8431e+08
2,0,1.6,-0.387438,0,2.70585,3.82583e+08
2,0,1.6,-0.387438,0,2.70885,3.35616e+08
2,0,1.6,-0.387438,0,2.71186,3.8898e+08
2,0,1.6,-0.387438,0,2.71486,3.94586e+08
2,0,1.6,-0.387438,0,2.71786,3.99028e+08
2,0,1.6,-0.387438,0,2.72086,4.02491e+08
2,0,1.6,-0.387438,0,2.72386,3.98525e+08
2,0,1.6,-0.387438,0,2.72686,3.5951e+08
2,0,1.6,-0.387438,0,2.72986,3.61332e+08
2,0,1.6,-0.387438,0,2.73287,3.22297e+08
2,0,1.6,-0.387438,0,2.73587,3.67442e+08
2,0,1.6,-0.387438,0,2.73887,3.28378e+08
2,0,1.6,-0.387438,0,2.74187,3.86975e+08
2,0,1.6,-0.387438,0,2.74487,3.35421e+08
2,0,1.6,-0.387438,0,2.74787,3.25393e+08
2,0,1.6,-0.387438,0,2.75088,3.40027e+08
2,0,1.6,-0.387438,0,2.75388,3.61241e+08
2,0,1.6,-0.387438,0,2.75688,3.67337e+08
2,0,1.6,-0.387438,0,2.75988,3.44063e+08
2,0,1.6,-0.387438,0,2.76288,3.5644e+08
2,0,1.6,-0.387438,0,2.76588,3.40322e+08
2,0,1.6,-0.387438,0,2.76888,4.12684e+08
2,0,1.6,-0.387438,0,2.77189,3.67002e+08
2,0,1.6,-0.387438,0,2.77489,3.69624e+08
2,0,1.6,-0.387438,0,2.77789,3.95348e+08
2,0,1.6,-0.387438,0,2.78089,3.78074e+08
2,0,1.6,-0.387438,0,2.78389,4.03243e+08
2,0,1.6,-0.387438,0,2.78689,3.37588e+08
2,0,1.6,-0.387438,0,2.78989,3.36464e+08
2,0,1.6,-0.387438,0,2.7929,3.92277e+08
2,0,1.6,-0.387438,0,2.7959,3.24282e+08
2,0,1.6,-0.387438,0,2.7989,3.46383e+08
2,0,1.6,-0.387438,0,2.8019,3.3028e+08
2,0,1.6,-0.387438,0,2.8049,3.66288e+08
2,0,1.6,-0.387438,0,2.8079,3.35629e+08
2,0,1.6,-0.387438,0,2.81091,4.13544e+08
2,0,1.6,-0.387438,0,2.81391,3.24389e+08
2,0,1.6,-0.387438,0,2.81691,3.25114e+08
2,0,1.6,-0.387438,0,2.81991,3.41728e+08
2,0,1.6,-0.387438,0,2.82291,4.08892e+08
2,0,1.6,-0.387438,0,2.82591,3.32243e+08
2,0,1.6,-0.387438,0,2.82891,3.6068e+08
2,0,1.6,-0.387438,0,2.83192,3.4282e+08
2,0,1.6,-0.387438,0,2.83492,3.47e+08
2,0,1.6,-0.387438,0,2.83792,3.50115e+08
2,0,1.6,-0.387438,0,2.84092,3.53408e+08
2,0,1.6,-0.387438,0,2.84392,3.56756e+08
2,0,1.6,-0.387438,0,2.84692,4.03157e+08
2,0,1.6,-0.387438,0,2.84992,3.25339e+08
2,0,1.6,-0.387438,0,2.85293,3.44982e+08
2,0,1.6,-0.387438,0,2.85593,4.14619e+08
2,0,1.6,-0.387438,0,2.85893,3.33792e+08
2,0,1.6,-0.387438,0,2.86193,3.48524e+08
2,0,1.6,-0.387438,0,2.86493,3.41181e+08
2,0,1.6,-0.387438,0,2.86793,3.49892e+08
2,0,1.6,-0.387438,0,2.87094,3.49534e+08
2,0,1.6,-0.387438,0,2.87394,3.50925e+08
2,0,1.6,-0.387438,0,2.87694,3.53766e+08
2,0,1.6,-0.387438,0,2.87994,3.57637e+08
2,0,1.6,-0.387438,0,2.88294,3.61265e+08
2,0,1.6,-0.387438,0,2.88594,3.84831e+08
2,0,1.6,-0.387438,0,2.88894,3.69343e+08
2,0,1.6,-0.387438,0,2.89195,3.70859e+08
2,0,1.6,-0.387438,0,2.89495,3.7363e+08
2,0,1.6,-0.387438,0,2.89795,4.1206e+08
2,0,1.6,-0.387438,0,2.90095,3.82488e+08
2,0,1.6,-0.387438,0,2.90395,4.05986e+08
2,0,1.6,-0.387438,0,2.90695,3.89493e+08
2,0,1.6,-0.387438,0,2.90995,3.927e+08
2,0,1.6,-0.387438,0,2.91296,3.97846e+08
2,0,1.6,-0.387438,0,2.91596,4.05917e+08
2,0,1.6,-0.387438,0,2.91896,3.25294e+08
2,0,1.6,-0.387438,0,2.92196,4.05467e+08
2,0,1.6,-0.387438,0,2.92496,3.92734e+08
2,0,1.6,-0.387438,0,2.92796,4.00774e+08
2,0,1.6,-0.387438,0,2.93097,4.06778e+08
2,0,1.6,-0.387438,0,2.93397,4.16169e+08
2,0,1.6,-0.387438,0,2.93697,3.26272e+08
2,0,1.6,-0.387438,0,2.93997,4.17979e+08
2,0,1.6,-0.387438,0,2.94297,3.26555e+08
2,0,1.6,-0.387438,0,2.94597,3.34632e+08
2,0,1.6,-0.387438,0,2.94897,3.59004e+08
2,0,1.6,-0.387438,0,2.95198,4.00019e+08
2,0,1.6,-0.387438,0,2.95498,3.3553e+08
2,0,1.6,-0.387438,0,2.95798,3.46925e+08
2,0,1.6,-0.387438,0,2.96098,3.36623e+08
2,0,1.6,-0.387438,0,2.96398,3.52448e+08
2,0,1.6,-0.387438,0,2.96698,3.74856e+08
2,0,1.6,-0.387438,0,2.96998,3.58958e+08
2,0,1.6,-0.387438,0,2.97299,3.56701e+08
2,0,1.6,-0.387438,0,2.97599,3.27305e+08
2,0,1.6,-0.387438,0,2.97899,3.68886e+08
2,0,1.6,-0.387438,0,2.98199,3.73087e+08
2,0,1.6,-0.387438,0,2.98499,3.76572e+08
2,0,1.6,-0.387438,0,2.98799,3.90586e+08
2,0,1.6,-0.387438,0,2.991,3.67438e+08
2,0,1.6,-0.387438,0,2.994,3.85075e+08
2,0,1.6,-0.387438,0,2.997,3.8786e+08
2,0,1.6,-0.387438,0,3,3.9161e+08

2,0,1.65,-0.428395,0,-3,2.39089e+08
2,0,1.65,-0.428395,0,-2.997,2.2005e+08
2,0,1.65,-0.428395,0,-2.994,1.9092e+08
2,0,1.65,-0.428395,0,-2.991,2.14591e+08
2,0,1.65,-0.428395,0,-2.98799,2.29135e+08
2,0,1.65,-0.428395,0,-2.98499,1.88489e+08
2,0,1.65,-0.428395,0,-2.98199,2.08332e+08
2,0,1.65,-0.428395,0,-2.97899,2.08679e+08
2,0,1.65,-0.428395,0,-2.97599,2.00756e+08
2,0,1.65,-0.428395,0,-2.97299,2.34855e+08
2,0,1.65,-0.428395,0,-2.96998,2.27832e+08
2,0,1.65,-0.428395,0,-2.96698,1.95638e+08
2,0,1.65,-0.428395,0,-2.96398,2.28301e+08
2,0,1.65,-0.428395,0,-2.96098,1.91118e+08
2,0,1.65,-0.428395,0,-2.95798,1.89668e+08
2,0,1.65,-0.428395,0,-2.95498,1.89999e+08
2,0,1.65,-0.428395,0,-2.95198,2.05855e+08
2,0,1.65,-0.428395,0,-2.94897,1.90448e+08
2,0,1.65,-0.428395,0,-2.94597,2.29746e+08
2,0,1.65,-0.428395,0,-2.94297,2.05733e+08
2,0,1.65,-0.428395,0,-2.93997,1.96217e+08
2,0,1.65,-0.428395,0,-2.93697,1.94986e+08
2,0,1.65,-0.428395,0,-2.93397,2.21306e+08
2,0,1.65,-0.428395,0,-2.93097,2.16888e+08
2,0,1.65,-0.428395,0,-2.92796,1.87838e+08
2,0,1.65,-0.428395,0,-2.92496,2.28574e+08
2,0,1.65,-0.428395,0,-2.92196,2.08706e+08
2,0,1.65,-0.428395,0,-2.91896,2.20945e+08
2,0,1.65,-0.428395,0,-2.91596,2.02195e+08
2,0,1.65,-0.428395,0,-2.91296,2.29315e+08
2,0,1.65,-0.428395,0,-2.90995,2.24976e+08
2,0,1.65,-0.428395,0,-2.90695,1.90639e+08
2,0,1.65,-0.428395,0,-2.90395,1.87168e+08
2,0,1.65,-0.428395,0,-2.90095,1.86627e+08
2,0,1.65,-0.428395,0,-2.89795,2.26064e+08
2,0,1.65,-0.428395,0,-2.89495,2.21644e+08
2,0,1.65,-0.428395,0,-2.89195,2.27214e+08
2,0,1.65,-0.428395,0,-2.88894,2.18941e+08
2,0,1.65,-0.428395,0,-2.88594,2.13256e+08
2,0,1.65,-0.428395,0,-2.88294,2.01065e+08
2,0,1.65,-0.428395,0,-2.87994,2.04639e+08
2,0,1.65,-0.428395,0,-2.87694,1.97018e+08
2,0,1.65,-0.428395,0,-2.87394,2.17431e+08
2,0,1.65,-0.428395,0,-2.87094,1.82952e+08
2,0,1.65,-0.428395,0,-2.86793,2.32248e+08
2,0,1.65,-0.428395,0,-2.86493,2.19412e+08
2,0,1.65,-0.428395,0,-2.86193,2.00305e+08
2,0,1.65,-0.428395,0,-2.85893,1.92673e+08
2,0,1.65,-0.428395,0,-2.85593,1.9073e+08
2,0,1.65,-0.428395,0,-2.85293,2.04311e+08
2,0,1.65,-0.428395,0,-2.84992,1.79699e+08
2,0,1.65,-0.428395,0,-2.84692,1.88668e+08
2,0,1.65,-0.428395,0,-2.84392,1.81266e+08
2,0,1.65,-0.428395,0,-2.84092,2.24423e+08
2,0,1.65,-0.428395,0,-2.83792,1.95841e+08
2,0,1.65,-0.428395,0,-2.83492,2.06026e+08
2,0,1.65,-0.428395,0,-2.83192,1.98083e+08
2,0,1.65,-0.428395,0,-2.82891,2.00385e+08
2,0,1.65,-0.428395,0,-2.82591,1.81463e+08
2,0,1.65,-0.428395,0,-2.82291,2.27802e+08
2,0,1.65,-0.428395,0,-2.81991,2.09562e+08
2,0,1.65,-0.428395,0,-2.81691,1.97417e+08
2,0,1.65,-0.428395,0,-2.81391,1.85799e+08
2,0,1.65,-0.428395,0,-2.81091,1.8173e+08
2,0,1.65,-0.428395,0,-2.8079,1.96691e+08
2,0,1.65,-0.428395,0,-2.8049,1.74609e+08
2,0,1.65,-0.428395,0,-2.8019,2.09108e+08
2,0,1.65,-0.428395,0,-2.7989,1.80219e+08
2,0,1.65,-0.428395,0,-2.7959,2.10581e+08
2,0,1.65,-0.428395,0,-2.7929,1.97333e+08
2,0,1.65,-0.428395,0,-2.78989,1.88489e+08
2,0,1.65,-0.428395,0,-2.78689,1.81199e+08
2,0,1.65,-0.428395,0,-2.78389,1.72321e+08
2,0,1.65,-0.428395,0,-2.78089,2.12291e+08
2,0,1.65,-0.428395,0,-2.77789,1.85738e+08
2,0,1.65,-0.428395,0,-2.77489,2.06338e+08
2,0,1.65,-0.428395,0,-2.77189,1.91885e+08
2,0,1.65,-0.428395,0,-2.76888,-1.7977e+08
2,0,1.65,-0.428395,0,-2.76588,-1.79055e+08
2,0,1.65,-0.428395,0,-2.76288,-1.72405e+08
2,0,1.65,-0.428395,0,-2.75988,-1.9253e+08
2,0,1.65,-0.428395,0,-2.75688,-1.98895e+08
2,0,1.65,-0.428395,0,-2.75388,-1.72801e+08
2,0,1.65,-0.428395,0,-2.75088,-1.81056e+08
2,0,1.65,-0.428395,0,-2.74787,-2.00873e+08
2,0,1.65,-0.428395,0,-2.74487,-2.21482e+08
2,0,1.65,-0.428395,0,-2.74187,-1.95822e+08
2,0,1.65,-0.428395,0,-2.73887,-2.09061e+08
2,0,1.65,-0.428395,0,-2.73587,-1.78584e+08
2,0,1.65,-0.428395,0,-2.73287,-2.18566e+08
2,0,1.65,-0.428395,0,-2.72986,-1.79787e+08
2,0,1.65,-0.428395,0,-2.72686,-1.94275e+08
2,0,1.65,-0.428395,0,-2.72386,-1.84064e+08
2,0,1.65,-0.428395,0,-2.72086,-2.24147e+08
2,0,1.65,-0.428395,0,-2.71786,-1.80517e+08
2,0,1.65,-0.428395,0,-2.71486,-1.92367e+08
2,0,1.65,-0.428395,0,-2.71186,-2.01341e+08
2,0,1.65,-0.428395,0,-2.70885,-2.1353e+08
2,0,1.65,-0.428395,0,-2.70585,-2.26945e+08
2,0,1.65,-0.428395,0,-2.70285,-1.81259e+08
2,0,1.65,-0.428395,0,-2.69985,-1.88938e+08
2,0,1.65,-0.428395,0,-2.69685,-1.96075e+08
2,0,1.65,-0.428395,0,-2.69385,-2.12391e+08
2,0,1.65,-0.428395,0,-2.69085,-2.15737e+08
2,0,1.65,-0.428395,0,-2.68784,-1.99e+08
2,0,1.65,-0.428395,0,-2.68484,-2.12063e+08
2,0,1.65,-0.428395,0,-2.68184,-2.19856e+08
2,0,1.65,-0.428395,0,-2.67884,-1.91237e+08
2,0,1.65,-0.428395,0,-2.67584,-2.04681e+08
2,0,1.65,-0.428395,0,-2.67284,-2.05603e+08
2,0,1.65,-0.428395,0,-2.66983,-2.11549e+08
2,0,1.65,-0.428395,0,-2.66683,-1.91767e+08
2,0,1.65,-0.428395,0,-2.66383,-2.29976e+08
2,0,1.65,-0.428395,0,-2.66083,-2.34297e+08
2,0,1.65,-0.428395,0,-2.65783,-1.84327e+08
2,0,1.65,-0.428395,0,-2.65483,-1.94605e+08
2,0,1.65,-0.428395,0,-2.65183,-1.94816e+08
2,0,1.65,-0.428395,0,-2.64882,-2.00452e+08
2,0,1.65,-0.428395,0,-2.64582,-2.21902e+08
2,0,1.65,-0.428395,0,-2.64282,-2.10983e+08
2,0,1.65,-0.428395,0,-2.63982,-2.15386e+08
2,0,1.65,-0.428395,0,-2.63682,-2.23116e+08
2,0,1.65,-0.428395,0,-2.63382,-2.31845e+08
2,0,1.65,-0.428395,0,-2.63082,-1.83376e+08
2,0,1.65,-0.428395,0,-2.62781,-1.83896e+08
2,0,1.65,-0.428395,0,-2.62481,-1.93167e+08
2,0,1.65,-0.428395,0,-2.62181,-2.06805e+08
2,0,1.65,-0.428395,0,-2.61881,-2.07787e+08
2,0,1.65,-0.428395,0,-2.61581,-2.1113e+08
2,0,1.65,-0.428395,0,-2.61281,-1.85058e+08
2,0,1.65,-0.428395,0,-2.6098,-2.08693e+08
2,0,1.65,-0.428395,0,-2.6068,-1.90899e+08
2,0,1.65,-0.428395,0,-2.6038,-1.87593e+08
2,0,1.65,-0.428395,0,-2.6008,-1.96856e+08
2,0,1.65,-0.428395,0,-2.5978,-1.94255e+08
2,0,1.65,-0.428395,0,-2.5948,-1.98908e+08
2,0,1.65,-0.428395,0,-2.5918,-2.37669e+08
2,0,1.65,-0.428395,0,-2.58879,-1.91001e+08
2,0,1.65,-0.428395,0,-2.58579,-2.2198e+08
2,0,1.65,-0.428395,0,-2.58279,-2.02471e+08
2,0,1.65,-0.428395,0,-2.57979,-2.00666e+08
2,0,1.65,-0.428395,0,-2.57679,-2.29345e+08
2,0,1.65,-0.428395,0,-2.57379,-1.89856e+08
2,0,1.65,-0.428395,0,-2.57079,-2.33912e+08
2,0,1.65,-0.428395,0,-2.56778,-1.86957e+08
2,0,1.65,-0.428395,0,-2.56478,-1.89494e+08
2,0,1.65,-0.428395,0,-2.56178,-2.0373e+08
2,0,1.65,-0.428395,0,-2.55878,-1.95777e+08
2,0,1.65,-0.428395,0,-2.55578,-1.89275e+08
2,0,1.65,-0.428395,0,-2.55278,-2.03319e+08
2,0,1.65,-0.428395,0,-2.54977,-2.17134e+08
2,0,1.65,-0.428395,0,-2.54677,-2.08685e+08
2,0,1.65,-0.428395,0,-2.54377,-2.23935e+08
2,0,1.65,-0.428395,0,-2.54077,-2.05416e+08
2,0,1.65,-0.428395,0,-2.53777,-2.22209e+08
2,0,1.65,-0.428395,0,-2.53477,-2.18396e+08
2,0,1.65,-0.428395,0,-2.53177,-2.24506e+08
2,0,1.65,-0.428395,0,-2.52876,-2.40978e+08
2,0,1.65,-0.428395,0,-2.52576,-1.99765e+08
2,0,1.65,-0.428395,0,-2.52276,-2.24775e+08
2,0,1.65,-0.428395,0,-2.51976,-1.92696e+08
2,0,1.65,-0.428395,0,-2.51676,-2.02499e+08
2,0,1.65,-0.428395,0,-2.51376,-1.97917e+08
2,0,1.65,-0.428395,0,-2.51076,-1.99383e+08
2,0,1.65,-0.428395,0,-2.50775,-2.03382e+08
2,0,1.65,-0.428395,0,-2.50475,-1.96133e+08
2,0,1.65,-0.428395,0,-2.50175,-2.11039e+08
2,0,1.65,-0.428395,0,-2.49875,-2.11512e+08
2,0,1.65,-0.428395,0,-2.49575,-2.3013e+08
2,0,1.65,-0.428395,0,-2.49275,-2.18284e+08
2,0,1.65,-0.428395,0,-2.48974,-2.45653e+08
2,0,1.65,-0.428395,0,-2.48674,-2.22394e+08
2,0,1.65,-0.428395,0,-2.48374,-2.24942e+08
2,0,1.65,-0.428395,0,-2.48074,-2.26902e+08
2,0,1.65,-0.428395,0,-2.47774,-2.22022e+08
2,0,1.65,-0.428395,0,-2.47474,-2.15925e+08
2,0,1.65,-0.428395,0,-2.47174,-2.35996e+08
2,0,1.65,-0.428395,0,-2.46873,-2.25448e+08
2,0,1.65,-0.428395,0,-2.46573,-2.44816e+08
2,0,1.65,-0.428395,0,-2.46273,-2.30139e+08
2,0,1.65,-0.428395,0,-2.45973,-2.30535e+08
2,0,1.65,-0.428395,0,-2.45673,-1.9137e+08
2,0,1.65,-0.428395,0,-2.45373,-2.38258e+08
2,0,1.65,-0.428395,0,-2.45073,-2.4325e+08
2,0,1.65,-0.428395,0,-2.44772,-2.43898e+08
2,0,1.65,-0.428395,0,-2.44472,-2.02356e+08
2,0,1.65,-0.428395,0,-2.44172,-2.02074e+08
2,0,1.65,-0.428395,0,-2.43872,-2.04314e+08
2,0,1.65,-0.428395,0,-2.43572,-1.95819e+08
2,0,1.65,-0.428395,0,-2.43272,-1.98114e+08
2,0,1.65,-0.428395,0,-2.42971,-2.12997e+08
2,0,1.65,-0.428395,0,-2.42671,-2.02195e+08
2,0,1.65,-0.428395,0,-2.42371,-2.04136e+08
2,0,1.65,-0.428395,0,-2.42071,-2.06206e+08
2,0,1.65,-0.428395,0,-2.41771,-2.20769e+08
2,0,1.65,-0.428395,0,-2.41471,-2.21994e+08
2,0,1.65,-0.428395,0,-2.41171,-2.12491e+08
2,0,1.65,-0.428395,0,-2.4087,-2.1476e+08
2,0,1.65,-0.428395,0,-2.4057,-2.16669e+08
2,0,1.65,-0.428395,0,-2.4027,-2.20208e+08
2,0,1.65,-0.428395,0,-2.3997,-1.91133e+08
2,0,1.65,-0.428395,0,-2.3967,-2.23101e+08
2,0,1.65,-0.428395,0,-2.3937,-1.94608e+08
2,0,1.65,-0.428395,0,-2.3907,-2.27314e+08
2,0,1.65,-0.428395,0,-2.38769,-1.98268e+08
2,0,1.65,-0.428395,0,-2.38469,-2.02857e+08
2,0,1.65,-0.428395,0,-2.38169,-2.33777e+08
2,0,1.65,-0.428395,0,-2.37869,-2.35885e+08
2,0,1.65,-0.428395,0,-2.37569,-2.05585e+08
2,0,1.65,-0.428395,0,-2.37269,-1.94823e+08
2,0,1.65,-0.428395,0,-2.36968,-1.91698e+08
2,0,1.65,-0.428395,0,-2.36668,-2.17928e+08
2,0,1.65,-0.428395,0,-2.36368,-2.46731e+08
2,0,1.65,-0.428395,0,-2.36068,-2.03906e+08
2,0,1.65,-0.428395,0,-2.35768,-2.04011e+08
2,0,1.65,-0.428395,0,-2.35468,-1.95142e+08
2,0,1.65,-0.428395,0,-2.35168,-1.96891e+08
2,0,1.65,-0.428395,0,-2.34867,-2.02448e+08
2,0,1.65,-0.428395,0,-2.34567,-2.05247e+08
2,0,1.65,-0.428395,0,-2.34267,-2.02768e+08
2,0,1.65,-0.428395,0,-2.33967,-2.03549e+08
2,0,1.65,-0.428395,0,-2.33667,-2.05331e+08
2,0,1.65,-0.428395,0,-2.33367,-2.06981e+08
2,0,1.65,-0.428395,0,-2.33067,-2.06465e+08
2,0,1.65,-0.428395,0,-2.32766,-2.39038e+08
2,0,1.65,-0.428395,0,-2.32466,-2.02421e+08
2,0,1.65,-0.428395,0,-2.32166,-1.95212e+08
2,0,1.65,-0.428395,0,-2.31866,-2.24151e+08
2,0,1.65,-0.428395,0,-2.31566,-1.9676e+08
2,0,1.65,-0.428395,0,-2.31266,-1.95225e+08
2,0,1.65,-0.428395,0,-2.30965,-2.10806e+08
2,0,1.65,-0.428395,0,-2.30665,-2.02575e+08
2,0,1.65,-0.428395,0,-2.30365,-2.03248e+08
2,0,1.65,-0.428395,0,-2.30065,-2.04989e+08
2,0,1.65,-0.428395,0,-2.29765,-2.19821e+08
2,0,1.65,-0.428395,0,-2.29465,-2.11409e+08
2,0,1.65,-0.428395,0,-2.29165,-2.09489e+08
2,0,1.65,-0.428395,0,-2.28864,-2.12154e+08
2,0,1.65,-0.428395,0,-2.28564,-2.25591e+08
2,0,1.65,-0.428395,0,-2.28264,-2.23823e+08
2,0,1.65,-0.428395,0,-2.27964,-2.15786e+08
2,0,1.65,-0.428395,0,-2.27664,-2.11973e+08
2,0,1.65,-0.428395,0,-2.27364,-2.2257e+08
2,0,1.65,-0.428395,0,-2.27064,-2.20705e+08
2,0,1.65,-0.428395,0,-2.26763,-2.33225e+08
2,0,1.65,-0.428395,0,-2.26463,-2.3602e+08
2,0,1.65,-0.428395,0,-2.26163,-2.26107e+08
2,0,1.65,-0.428395,0,-2.25863,-2.39133e+08
2,0,1.65,-0.428395,0,-2.25563,-2.32549e+08
2,0,1.65,-0.428395,0,-2.25263,-2.3156e+08
2,0,1.65,-0.428395,0,-2.24962,-2.31936e+08
2,0,1.65,-0.428395,0,-2.24662,-2.03213e+08
2,0,1.65,-0.428395,0,-2.24362,-2.45782e+08
2,0,1.65,-0.428395,0,-2.24062,-2.48267e+08
2,0,1.65,-0.428395,0,-2.23762,-2.38342e+08
2,0,1.65,-0.428395,0,-2.23462,-2.29797e+08
2,0,1.65,-0.428395,0,-2.23162,-2.41173e+08
2,0,1.65,-0.428395,0,-2.22861,-2.4757e+08
2,0,1.65,-0.428395,0,-2.22561,-2.50217e+08
2,0,1.65,-0.428395,0,-2.22261,-2.46372e+08
2,0,1.65,-0.428395,0,-2.21961,-2.47999e+08
2,0,1.65,-0.428395,0,-2.21661,-2.44787e+08
2,0,1.65,-0.428395,0,-2.21361,-2.40964e+08
2,0,1.65,-0.428395,0,-2.21061,-2.44109e+08
2,0,1.65,-0.428395,0,-2.2076,-1.97529e+08
2,0,1.65,-0.428395,0,-2.2046,-2.45713e+08
2,0,1.65,-0.428395,0,-2.2016,-2.07008e+08
2,0,1.65,-0.428395,0,-2.1986,-2.1263e+08
2,0,1.65,-0.428395,0,-2.1956,-2.26302e+08
2,0,1.65,-0.428395,0,-2.1926,-2.01098e+08
2,0,1.65,-0.428395,0,-2.18959,-2.05551e+08
2,0,1.65,-0.428395,0,-2.18659,-2.41043e+08
2,0,1.65,-0.428395,0,-2.18359,-2.07759e+08
2,0,1.65,-0.428395,0,-2.18059,-2.09094e+08
2,0,1.65,-0.428395,0,-2.17759,-2.07034e+08
2,0,1.65,-0.428395,0,-2.17459,-2.10166e+08
2,0,1.65,-0.428395,0,-2.17159,-2.09605e+08
2,0,1.65,-0.428395,0,-2.16858,-2.13491e+08
2,0,1.65,-0.428395,0,-2.16558,-2.22565e+08
2,0,1.65,-0.428395,0,-2.16258,-2.15928e+08
2,0,1.65,-0.428395,0,-2.15958,-2.17011e+08
2,0,1.65,-0.428395,0,-2.15658,-2.18776e+08
2,0,1.65,-0.428395,0,-2.15358,-2.19267e+08
2,0,1.65,-0.428395,0,-2.15058,-2.09538e+08
2,0,1.65,-0.428395,0,-2.14757,-2.21532e+08
2,0,1.65,-0.428395,0,-2.14457,-2.21213e+08
2,0,1.65,-0.428395,0,-2.14157,-2.21351e+08
2,0,1.65,-0.428395,0,-2.13857,-2.23459e+08
2,0,1.65,-0.428395,0,-2.13557,-2.23495e+08
2,0,1.65,-0.428395,0,-2.13257,-2.27256e+08
2,0,1.65,-0.428395,0,-2.12956,-2.18539e+08
2,0,1.65,-0.428395,0,-2.12656,-2.38236e+08
2,0,1.65,-0.428395,0,-2.12356,-2.47655e+08
2,0,1.65,-0.428395,0,-2.12056,-2.01824e+08
2,0,1.65,-0.428395,0,-2.11756,-2.22462e+08
2,0,1.65,-0.428395,0,-2.11456,-2.34318e+08
2,0,1.65,-0.428395,0,-2.11156,-2.33188e+08
2,0,1.65,-0.428395,0,-2.10855,-2.26121e+08
2,0,1.65,-0.428395,0,-2.10555,-2.50059e+08
2,0,1.65,-0.428395,0,-2.10255,-2.32741e+08
2,0,1.65,-0.428395,0,-2.09955,-2.39986e+08
2,0,1.65,-0.428395,0,-2.09655,-2.28784e+08
2,0,1.65,-0.428395,0,-2.09355,-2.42441e+08
2,0,1.65,-0.428395,0,-2.09055,-2.43619e+08
2,0,1.65,-0.428395,0,-2.08754,-1.9764e+08
2,0,1.65,-0.428395,0,-2.08454,-2.45903e+08
2,0,1.65,-0.428395,0,-2.08154,-2.47094e+08
2,0,1.65,-0.428395,0,-2.07854,-2.37932e+08
2,0,1.65,-0.428395,0,-2.07554,-2.49467e+08
2,0,1.65,-0.428395,0,-2.07254,-2.50658e+08
2,0,1.65,-0.428395,0,-2.06953,-2.51895e+08
2,0,1.65,-0.428395,0,-2.06653,-2.57752e+08
2,0,1.65,-0.428395,0,-2.06353,-2.54298e+08
2,0,1.65,-0.428395,0,-2.06053,-1.96602e+08
2,0,1.65,-0.428395,0,-2.05753,-2.55099e+08
2,0,1.65,-0.428395,0,-2.05453,-1.97013e+08
2,0,1.65,-0.428395,0,-2.05153,-1.99483e+08
2,0,1.65,-0.428395,0,-2.04852,-1.99507e+08
2,0,1.65,-0.428395,0,-2.04552,-2.00383e+08
2,0,1.65,-0.428395,0,-2.04252,-2.02979e+08
2,0,1.65,-0.428395,0,-2.03952,-2.14818e+08
2,0,1.65,-0.428395,0,-2.03652,-2.04199e+08
2,0,1.65,-0.428395,0,-2.03352,-2.03777e+08
2,0,1.65,-0.428395,0,-2.03052,-2.08776e+08
2,0,1.65,-0.428395,0,-2.02751,-2.02827e+08
2,0,1.65,-0.428395,0,-2.02451,-2.09025e+08
2,0,1.65,-0.428395,0,-2.02151,-2.10141e+08
2,0,1.65,-0.428395,0,-2.01851,-2.07495e+08
2,0,1.65,-0.428395,0,-2.01551,-2.21741e+08
2,0,1.65,-0.428395,0,-2.01251,-2.09181e+08
2,0,1.65,-0.428395,0,-2.0095,-2.13273e+08
2,0,1.65,-0.428395,0,-2.0065,-2.2443e+08
2,0,1.65,-0.428395,0,-2.0035,-2.16146e+08
2,0,1.65,-0.428395,0,-2.0005,-2.15074e+08
2,0,1.65,-0.428395,0,-1.9975,-2.14518e+08
2,0,1.65,-0.428395,0,-1.9945,-2.54343e+08
2,0,1.65,-0.428395,0,-1.9915,-2.0678e+08
2,0,1.65,-0.428395,0,-1.98849,-2.24401e+08
2,0,1.65,-0.428395,0,-1.98549,-2.19004e+08
2,0,1.65,-0.428395,0,-1.98249,-2.21609e+08
2,0,1.65,-0.428395,0,-1.97949,-2.21103e+08
2,0,1.65,-0.428395,0,-1.97649,-2.23422e+08
2,0,1.65,-0.428395,0,-1.97349,-2.00247e+08
2,0,1.65,-0.428395,0,-1.97049,-2.2356e+08
2,0,1.65,-0.428395,0,-1.96748,-2.2245e+08
2,0,1.65,-0.428395,0,-1.96448,-2.02815e+08
2,0,1.65,-0.428395,0,-1.96148,-2.26573e+08
2,0,1.65,-0.428395,0,-1.95848,-2.29112e+08
2,0,1.65,-0.428395,0,-1.95548,-2.41126e+08
2,0,1.65,-0.428395,0,-1.95248,-1.97739e+08
2,0,1.65,-0.428395,0,-1.94947,-2.30828e+08
2,0,1.65,-0.428395,0,-1.94647,-2.22207e+08
2,0,1.65,-0.428395,0,-1.94347,-2.28333e+08
2,0,1.65,-0.428395,0,-1.94047,-2.0174e+08
2,0,1.65,-0.428395,0,-1.93747,-2.4757e+08
2,0,1.65,-0.428395,0,-1.93447,-2.03255e+08
2,0,1.65,-0.428395,0,-1.93147,-2.06508e+08
2,0,1.65,-0.428395,0,-1.92846,-2.08311e+08
2,0,1.65,-0.428395,0,-1.92546,-2.50853e+08
2,0,1.65,-0.428395,0,-1.92246,-2.38062e+08
2,0,1.65,-0.428395,0,-1.91946,-2.06674e+08
2,0,1.65,-0.428395,0,-1.91646,-2.07372e+08
2,0,1.65,-0.428395,0,-1.91346,-2.54034e+08
2,0,1.65,-0.428395,0,-1.91046,-2.11878e+08
2,0,1.65,-0.428395,0,-1.90745,-2.12603e+08
2,0,1.65,-0.428395,0,-1.90445,-2.30828e+08
2,0,1.65,-0.428395,0,-1.90145,-2.11017e+08
2,0,1.65,-0.428395,0,-1.89845,-2.31971e+08
2,0,1.65,-0.428395,0,-1.89545,-2.15552e+08
2,0,1.65,-0.428395,0,-1.89245,-2.00405e+08
2,0,1.65,-0.428395,0,-1.88944,-2.03284e+08
2,0,1.65,-0.428395,0,-1.88644,-2.16255e+08
2,0,1.65,-0.428395,0,-1.88344,-2.02546e+08
2,0,1.65,-0.428395,0,-1.88044,-1.98109e+08
2,0,1.65,-0.428395,0,-1.87744,-2.19109e+08
2,0,1.65,-0.428395,0,-1.87444,-2.17392e+08
2,0,1.65,-0.428395,0,-1.87144,-2.5199e+08
2,0,1.65,-0.428395,0,-1.86843,-2.53295e+08
2,0,1.65,-0.428395,0,-1.86543,-2.53362e+08
2,0,1.65,-0.428395,0,-1.86243,-1.99525e+08
2,0,1.65,-0.428395,0,-1.85943,-2.5603e+08
2,0,1.65,-0.428395,0,-1.85643,-2.08494e+08
2,0,1.65,-0.428395,0,-1.85343,-1.98592e+08
2,0,1.65,-0.428395,0,-1.85043,-2.03976e+08
2,0,1.65,-0.428395,0,-1.84742,-2.13403e+08
2,0,1.65,-0.428395,0,-1.84442,-2.26562e+08
2,0,1.65,-0.428395,0,-1.84142,-2.15155e+08
2,0,1.65,-0.428395,0,-1.83842,-2.05044e+08
2,0,1.65,-0.428395,0,-1.83542,-2.14226e+08
2,0,1.65,-0.428395,0,-1.83242,-2.27452e+08
2,0,1.65,-0.428395,0,-1.82941,-2.03413e+08
2,0,1.65,-0.428395,0,-1.82641,-2.12778e+08
2,0,1.65,-0.428395,0,-1.82341,-2.07539e+08
2,0,1.65,-0.428395,0,-1.82041,-2.05226e+08
2,0,1.65,-0.428395,0,-1.81741,-2.12019e+08
2,0,1.65,-0.428395,0,-1.81441,-2.18343e+08
2,0,1.65,-0.428395,0,-1.81141,-2.06888e+08
2,0,1.65,-0.428395,0,-1.8084,-2.24242e+08
2,0,1.65,-0.428395,0,-1.8054,-2.2031e+08
2,0,1.65,-0.428395,0,-1.8024,-2.56765e+08
2,0,1.65,-0.428395,0,-1.7994,-2.0269e+08
2,0,1.65,-0.428395,0,-1.7964,-2.11368e+08
2,0,1.65,-0.428395,0,-1.7934,-2.10649e+08
2,0,1.65,-0.428395,0,-1.7904,-2.12694e+08
2,0,1.65,-0.428395,0,-1.78739,-2.09028e+08
2,0,1.65,-0.428395,0,-1.78439,-2.10418e+08
2,0,1.65,-0.428395,0,-1.78139,-2.12957e+08
2,0,1.65,-0.428395,0,-1.77839,-2.13528e+08
2,0,1.65,-0.428395,0,-1.77539,-2.14099e+08
2,0,1.65,-0.428395,0,-1.77239,-2.14808e+08
2,0,1.65,-0.428395,0,-1.76938,-2.18338e+08
2,0,1.65,-0.428395,0,-1.76638,-2.07118e+08
2,0,1.65,-0.428395,0,-1.76338,-2.02074e+08
2,0,1.65,-0.428395,0,-1.76038,-2.07296e+08
2,0,1.65,-0.428395,0,-1.75738,-2.12674e+08
2,0,1.65,-0.428395,0,-1.75438,-2.14512e+08
2,0,1.65,-0.428395,0,-1.75138,-2.13609e+08
2,0,1.65,-0.428395,0,-1.74837,-2.02184e+08
2,0,1.65,-0.428395,0,-1.74537,-2.16477e+08
2,0,1.65,-0.428395,0,-1.74237,-2.07818e+08
2,0,1.65,-0.428395,0,-1.73937,-2.17183e+08
2,0,1.65,-0.428395,0,-1.73637,-2.28567e+08
2,0,1.65,-0.428395,0,-1.73337,-2.08738e+08
2,0,1.65,-0.428395,0,-1.73037,-2.1714e+08
2,0,1.65,-0.428395,0,-1.72736,-2.22165e+08
2,0,1.65,-0.428395,0,-1.72436,-2.04501e+08
2,0,1.65,-0.428395,0,-1.72136,-2.05979e+08
2,0,1.65,-0.428395,0,-1.71836,-2.04381e+08
2,0,1.65,-0.428395,0,-1.71536,-2.24244e+08
2,0,1.65,-0.428395,0,-1.71236,-2.05767e+08
2,0,1.65,-0.428395,0,-1.70935,-2.20449e+08
2,0,1.65,-0.428395,0,-1.70635,-2.19559e+08
2,0,1.65,-0.428395,0,-1.70335,-2.19084e+08
2,0,1.65,-0.428395,0,-1.70035,-2.21033e+08
2,0,1.65,-0.428395,0,-1.69735,-2.10903e+08
2,0,1.65,-0.428395,0,-1.69435,-2.09023e+08
2,0,1.65,-0.428395,0,-1.69135,-2.11708e+08
2,0,1.65,-0.428395,0,-1.68834,-2.12369e+08
2,0,1.65,-0.428395,0,-1.68534,-2.27205e+08
2,0,1.65,-0.428395,0,-1.68234,-2.24435e+08
2,0,1.65,-0.428395,0,-1.67934,-2.26502e+08
2,0,1.65,-0.428395,0,-1.67634,-2.24074e+08
2,0,1.65,-0.428395,0,-1.67334,-2.13377e+08
2,0,1.65,-0.428395,0,-1.67034,-2.13215e+08
2,0,1.65,-0.428395,0,-1.66733,-2.11652e+08
2,0,1.65,-0.428395,0,-1.66433,-2.15674e+08
2,0,1.65,-0.428395,0,-1.66133,-2.10992e+08
2,0,1.65,-0.428395,0,-1.65833,-2.22719e+08
2,0,1.65,-0.428395,0,-1.65533,-2.28092e+08
2,0,1.65,-0.428395,0,-1.65233,-2.12523e+08
2,0,1.65,-0.428395,0,-1.64932,-2.17834e+08
2,0,1.65,-0.428395,0,-1.64632,-2.31456e+08
2,0,1.65,-0.428395,0,-1.64332,-2.27606e+08
2,0,1.65,-0.428395,0,-1.64032,-2.29978e+08
2,0,1.65,-0.428395,0,-1.63732,-2.3155e+08
2,0,1.65,-0.428395,0,-1.63432,-2.15508e+08
2,0,1.65,-0.428395,0,-1.63132,-2.35037e+08
2,0,1.65,-0.428395,0,-1.62831,-2.1187e+08
2,0,1.65,-0.428395,0,-1.62531,-2.19627e+08
2,0,1.65,-0.428395,0,-1.62231,-2.18474e+08
2,0,1.65,-0.428395,0,-1.61931,-2.17923e+08
2,0,1.65,-0.428395,0,-1.61631,-2.1829e+08
2,0,1.65,-0.428395,0,-1.61331,-2.23968e+08
2,0,1.65,-0.428395,0,-1.61031,-2.21132e+08
2,0,1.65,-0.428395,0,-1.6073,-2.19979e+08
2,0,1.65,-0.428395,0,-1.6043,-2.35554e+08
2,0,1.65,-0.428395,0,-1.6013,-2.20536e+08
2,0,1.65,-0.428395,0,-1.5983,-2.40725e+08
2,0,1.65,-0.428395,0,-1.5953,-2.34547e+08
2,0,1.65,-0.428395,0,-1.5923,-2.14536e+08
2,0,1.65,-0.428395,0,-1.58929,-2.40103e+08
2,0,1.65,-0.428395,0,-1.58629,-2.34384e+08
2,0,1.65,-0.428395,0,-1.58329,-2.2914e+08
2,0,1.65,-0.428395,0,-1.58029,-2.37746e+08
2,0,1.65,-0.428395,0,-1.57729,-2.22688e+08
2,0,1.65,-0.428395,0,-1.57429,-2.39283e+08
2,0,1.65,-0.428395,0,-1.57129,-2.23511e+08
2,0,1.65,-0.428395,0,-1.56828,-2.23345e+08
2,0,1.65,-0.428395,0,-1.56528,-2.27498e+08
2,0,1.65,-0.428395,0,-1.56228,-2.24881e+08
2,0,1.65,-0.428395,0,-1.55928,-2.26163e+08
2,0,1.65,-0.428395,0,-1.55628,-2.25681e+08
2,0,1.65,-0.428395,0,-1.55328,-2.38146e+08
2,0,1.65,-0.428395,0,-1.55028,-2.24635e+08
2,0,1.65,-0.428395,0,-1.54727,-2.23486e+08
2,0,1.65,-0.428395,0,-1.54427,-2.22308e+08
2,0,1.65,-0.428395,0,-1.54127,-2.39067e+08
2,0,1.65,-0.428395,0,-1.53827,-2.27433e+08
2,0,1.65,-0.428395,0,-1.53527,-2.26584e+08
2,0,1.65,-0.428395,0,-1.53227,-2.23681e+08
2,0,1.65,-0.428395,0,-1.52926,-2.27621e+08
2,0,1.65,-0.428395,0,-1.52626,-2.23563e+08
2,0,1.65,-0.428395,0,-1.52326,-2.2395e+08
2,0,1.65,-0.428395,0,-1.52026,-2.26382e+08
2,0,1.65,-0.428395,0,-1.51726,-2.24447e+08
2,0,1.65,-0.428395,0,-1.51426,-2.19006e+08
2,0,1.65,-0.428395,0,-1.51126,-2.24211e+08
2,0,1.65,-0.428395,0,-1.50825,-2.24107e+08
2,0,1.65,-0.428395,0,-1.50525,-2.28749e+08
2,0,1.65,-0.428395,0,-1.50225,-2.39323e+08
2,0,1.65,-0.428395,0,-1.49925,-2.30381e+08
2,0,1.65,-0.428395,0,-1.49625,-2.45854e+08
2,0,1.65,-0.428395,0,-1.49325,-2.30023e+08
2,0,1.65,-0.428395,0,-1.49025,-2.30021e+08
2,0,1.65,-0.428395,0,-1.48724,-2.30128e+08
2,0,1.65,-0.428395,0,-1.48424,-2.28384e+08
2,0,1.65,-0.428395,0,-1.48124,-2.25353e+08
2,0,1.65,-0.428395,0,-1.47824,-2.29608e+08
2,0,1.65,-0.428395,0,-1.47524,-2.28693e+08
2,0,1.65,-0.428395,0,-1.47224,-2.27457e+08
2,0,1.65,-0.428395,0,-1.46923,-2.28573e+08
2,0,1.65,-0.428395,0,-1.46623,-2.24192e+08
2,0,1.65,-0.428395,0,-1.46323,-2.26684e+08
2,0,1.65,-0.428395,0,-1.46023,-2.37665e+08
2,0,1.65,-0.428395,0,-1.45723,-2.26478e+08
2,0,1.65,-0.428395,0,-1.45423,-2.24849e+08
2,0,1.65,-0.428395,0,-1.45123,-2.45961e+08
2,0,1.65,-0.428395,0,-1.44822,-2.4187e+08
2,0,1.65,-0.428395,0,-1.44522,-2.20283e+08
2,0,1.65,-0.428395,0,-1.44222,-2.29658e+08
2,0,1.65,-0.428395,0,-1.43922,-2.2827e+08
2,0,1.65,-0.428395,0,-1.43622,-2.28385e+08
2,0,1.65,-0.428395,0,-1.43322,-2.33886e+08
2,0,1.65,-0.428395,0,-1.43022,-2.39248e+08
2,0,1.65,-0.428395,0,-1.42721,-2.28161e+08
2,0,1.65,-0.428395,0,-1.42421,-2.52828e+08
2,0,1.65,-0.428395,0,-1.42121,-2.30143e+08
2,0,1.65,-0.428395,0,-1.41821,-2.35498e+08
2,0,1.65,-0.428395,0,-1.41521,-2.23e+08
2,0,1.65,-0.428395,0,-1.41221,-2.20918e+08
2,0,1.65,-0.428395,0,-1.4092,-2.22607e+08
2,0,1.65,-0.428395,0,-1.4062,-2.34534e+08
2,0,1.65,-0.428395,0,-1.4032,-2.29626e+08
2,0,1.65,-0.428395,0,-1.4002,-2.40315e+08
2,0,1.65,-0.428395,0,-1.3972,-2.32886e+08
2,0,1.65,-0.428395,0,-1.3942,-2.24097e+08
2,0,1.65,-0.428395,0,-1.3912,-2.24224e+08
2,0,1.65,-0.428395,0,-1.38819,-2.37151e+08
2,0,1.65,-0.428395,0,-1.38519,-2.27097e+08
2,0,1.65,-0.428395,0,-1.38219,-2.346e+08
2,0,1.65,-0.428395,0,-1.37919,-2.23394e+08
2,0,1.65,-0.428395,0,-1.37619,-2.2606e+08
2,0,1.65,-0.428395,0,-1.37319,-2.22443e+08
2,0,1.65,-0.428395,0,-1.37019,-2.41123e+08
2,0,1.65,-0.428395,0,-1.36718,-2.28095e+08
2,0,1.65,-0.428395,0,-1.36418,-2.25975e+08
2,0,1.65,-0.428395,0,-1.36118,-2.25575e+08
2,0,1.65,-0.428395,0,-1.35818,-2.41207e+08
2,0,1.65,-0.428395,0,-1.35518,-2.40364e+08
2,0,1.65,-0.428395,0,-1.35218,-2.26104e+08
2,0,1.65,-0.428395,0,-1.34917,-2.22953e+08
2,0,1.65,-0.428395,0,-1.34617,-2.48186e+08
2,0,1.65,-0.428395,0,-1.34317,-2.21693e+08
2,0,1.65,-0.428395,0,-1.34017,-2.2446e+08
2,0,1.65,-0.428395,0,-1.33717,-2.25697e+08
2,0,1.65,-0.428395,0,-1.33417,-2.21336e+08
2,0,1.65,-0.428395,0,-1.33117,-2.20742e+08
2,0,1.65,-0.428395,0,-1.32816,-2.0117e+08
2,0,1.65,-0.428395,0,-1.32516,-2.21459e+08
2,0,1.65,-0.428395,0,-1.32216,-2.38126e+08
2,0,1.65,-0.428395,0,-1.31916,-2.34545e+08
2,0,1.65,-0.428395,0,-1.31616,-2.15804e+08
2,0,1.65,-0.428395,0,-1.31316,-2.21841e+08
2,0,1.65,-0.428395,0,-1.31016,-2.24287e+08
2,0,1.65,-0.428395,0,-1.30715,-2.18837e+08
2,0,1.65,-0.428395,0,-1.30415,-2.18474e+08
2,0,1.65,-0.428395,0,-1.30115,-2.17238e+08
2,0,1.65,-0.428395,0,-1.29815,-2.20487e+08
2,0,1.65,-0.428395,0,-1.29515,-2.17926e+08
2,0,1.65,-0.428395,0,-1.29215,-2.15705e+08
2,0,1.65,-0.428395,0,-1.28914,-2.33311e+08
2,0,1.65,-0.428395,0,-1.28614,-2.19656e+08
2,0,1.65,-0.428395,0,-1.28314,-2.1762e+08
2,0,1.65,-0.428395,0,-1.28014,-2.19067e+08
2,0,1.65,-0.428395,0,-1.27714,-2.16569e+08
2,0,1.65,-0.428395,0,-1.27414,-2.16222e+08
2,0,1.65,-0.428395,0,-1.27114,-2.37405e+08
2,0,1.65,-0.428395,0,-1.26813,-2.20766e+08
2,0,1.65,-0.428395,0,-1.26513,-2.12412e+08
2,0,1.65,-0.428395,0,-1.26213,-2.19917e+08
2,0,1.65,-0.428395,0,-1.25913,-2.17932e+08
2,0,1.65,-0.428395,0,-1.25613,-2.25318e+08
2,0,1.65,-0.428395,0,-1.25313,-2.19878e+08
2,0,1.65,-0.428395,0,-1.25013,-2.47099e+08
2,0,1.65,-0.428395,0,-1.24712,-2.1245e+08
2,0,1.65,-0.428395,0,-1.24412,-2.04023e+08
2,0,1.65,-0.428395,0,-1.24112,-2.23392e+08
2,0,1.65,-0.428395,0,-1.23812,-2.16176e+08
2,0,1.65,-0.428395,0,-1.23512,-2.08814e+08
2,0,1.65,-0.428395,0,-1.23212,-2.11484e+08
2,0,1.65,-0.428395,0,-1.22911,-2.42913e+08
2,0,1.65,-0.428395,0,-1.22611,-2.08998e+08
2,0,1.65,-0.428395,0,-1.22311,-2.08524e+08
2,0,1.65,-0.428395,0,-1.22011,-2.12323e+08
2,0,1.65,-0.428395,0,-1.21711,-2.06076e+08
2,0,1.65,-0.428395,0,-1.21411,-2.05993e+08
2,0,1.65,-0.428395,0,-1.21111,-2.02693e+08
2,0,1.65,-0.428395,0,-1.2081,-2.11121e+08
2,0,1.65,-0.428395,0,-1.2051,-2.05129e+08
2,0,1.65,-0.428395,0,-1.2021,-2.19782e+08
2,0,1.65,-0.428395,0,-1.1991,-2.04805e+08
2,0,1.65,-0.428395,0,-1.1961,-2.02167e+08
2,0,1.65,-0.428395,0,-1.1931,-2.06393e+08
2,0,1.65,-0.428395,0,-1.1901,-2.02978e+08
2,0,1.65,-0.428395,0,-1.18709,-2.02011e+08
2,0,1.65,-0.428395,0,-1.18409,-2.10918e+08
2,0,1.65,-0.428395,0,-1.18109,-1.98727e+08
2,0,1.65,-0.428395,0,-1.17809,-2.01519e+08
2,0,1.65,-0.428395,0,-1.17509,-2.0146e+08
2,0,1.65,-0.428395,0,-1.17209,-2.11532e+08
2,0,1.65,-0.428395,0,-1.16908,-1.98581e+08
2,0,1.65,-0.428395,0,-1.16608,-1.9656e+08
2,0,1.65,-0.428395,0,-1.16308,-1.98924e+08
2,0,1.65,-0.428395,0,-1.16008,-2.00956e+08
2,0,1.65,-0.428395,0,-1.15708,-2.06027e+08
2,0,1.65,-0.428395,0,-1.15408,-2.14274e+08
2,0,1.65,-0.428395,0,-1.15108,-2.12014e+08
2,0,1.65,-0.428395,0,-1.14807,-2.40322e+08
2,0,1.65,-0.428395,0,-1.14507,-2.07083e+08
2,0,1.65,-0.428395,0,-1.14207,-2.07486e+08
2,0,1.65,-0.428395,0,-1.13907,-2.05564e+08
2,0,1.65,-0.428395,0,-1.13607,-2.04255e+08
2,0,1.65,-0.428395,0,-1.13307,-2.14119e+08
2,0,1.65,-0.428395,0,-1.13007,-2.02297e+08
2,0,1.65,-0.428395,0,-1.12706,-2.03735e+08
2,0,1.65,-0.428395,0,-1.12406,-2.12177e+08
2,0,1.65,-0.428395,0,-1.12106,-2.01162e+08
2,0,1.65,-0.428395,0,-1.11806,-1.98987e+08
2,0,1.65,-0.428395,0,-1.11506,-2.4317e+08
2,0,1.65,-0.428395,0,-1.11206,-2.02862e+08
2,0,1.65,-0.428395,0,-1.10905,-2.0027e+08
2,0,1.65,-0.428395,0,-1.10605,-2.05752e+08
2,0,1.65,-0.428395,0,-1.10305,-2.51648e+08
2,0,1.65,-0.428395,0,-1.10005,-2.05395e+08
2,0,1.65,-0.428395,0,-1.09705,-2.01232e+08
2,0,1.65,-0.428395,0,-1.09405,-2.46947e+08
2,0,1.65,-0.428395,0,-1.09105,-2.44389e+08
2,0,1.65,-0.428395,0,-1.08804,-2.10549e+08
2,0,1.65,-0.428395,0,-1.08504,-2.17824e+08
2,0,1.65,-0.428395,0,-1.08204,-2.13511e+08
2,0,1.65,-0.428395,0,-1.07904,-2.39738e+08
2,0,1.65,-0.428395,0,-1.07604,-2.06438e+08
2,0,1.65,-0.428395,0,-1.07304,-2.49344e+08
2,0,1.65,-0.428395,0,-1.07004,-2.49806e+08
2,0,1.65,-0.428395,0,-1.06703,-2.47072e+08
2,0,1.65,-0.428395,0,-1.06403,-2.46325e+08
2,0,1.65,-0.428395,0,-1.06103,-2.31259e+08
2,0,1.65,-0.428395,0,-1.05803,-2.29701e+08
2,0,1.65,-0.428395,0,-1.05503,-2.41194e+08
2,0,1.65,-0.428395,0,-1.05203,-2.38269e+08
2,0,1.65,-0.428395,0,-1.04902,-2.2516e+08
2,0,1.65,-0.428395,0,-1.04602,-1.94768e+08
2,0,1.65,-0.428395,0,-1.04302,-2.23403e+08
2,0,1.65,-0.428395,0,-1.04002,-2.32124e+08
2,0,1.65,-0.428395,0,-1.03702,-2.2202e+08
2,0,1.65,-0.428395,0,-1.03402,-2.10774e+08
2,0,1.65,-0.428395,0,-1.03102,-2.1487e+08
2,0,1.65,-0.428395,0,-1.02801,-2.24041e+08
2,0,1.65,-0.428395,0,-1.02501,-2.06629e+08
2,0,1.65,-0.428395,0,-1.02201,-2.09716e+08
2,0,1.65,-0.428395,0,-1.01901,-2.14078e+08
2,0,1.65,-0.428395,0,-1.01601,-2.25537e+08
2,0,1.65,-0.428395,0,-1.01301,-2.40987e+08
2,0,1.65,-0.428395,0,-1.01001,-2.02509e+08
2,0,1.65,-0.428395,0,-1.007,-2.00248e+08
2,0,1.65,-0.428395,0,-1.004,-2.48395e+08
2,0,1.65,-0.428395,0,-1.001,-2.51057e+08
2,0,1.65,-0.428395,0,-0.997999,-1.95255e+08
2,0,1.65,-0.428395,0,-0.994997,-2.40003e+08
2,0,1.65,-0.428395,0,-0.991996,-2.49884e+08
2,0,1.65,-0.428395,0,-0.988994,-2.46429e+08
2,0,1.65,-0.428395,0,-0.985993,-2.34296e+08
2,0,1.65,-0.428395,0,-0.982991,-1.9452e+08
2,0,1.65,-0.428395,0,-0.97999,-2.3915e+08
2,0,1.65,-0.428395,0,-0.976988,-2.45929e+08
2,0,1.65,-0.428395,0,-0.973987,-2.22537e+08
2,0,1.65,-0.428395,0,-0.970985,-2.30522e+08
2,0,1.65,-0.428395,0,-0.967984,-2.40108e+08
2,0,1.65,-0.428395,0,-0.964982,-2.24408e+08
2,0,1.65,-0.428395,0,-0.961981,-2.2379e+08
2,0,1.65,-0.428395,0,-0.958979,-2.31048e+08
2,0,1.65,-0.428395,0,-0.955978,-2.13112e+08
2,0,1.65,-0.428395,0,-0.952976,-2.15819e+08
2,0,1.65,-0.428395,0,-0.949975,-2.09541e+08
2,0,1.65,-0.428395,0,-0.946973,-2.17248e+08
2,0,1.65,-0.428395,0,-0.943972,-2.16225e+08
2,0,1.65,-0.428395,0,-0.94097,-2.05402e+08
2,0,1.65,-0.428395,0,-0.937969,-1.93594e+08
2,0,1.65,-0.428395,0,-0.934967,-2.08071e+08
2,0,1.65,-0.428395,0,-0.931966,-2.05909e+08
2,0,1.65,-0.428395,0,-0.928964,-2.46365e+08
2,0,1.65,-0.428395,0,-0.925963,-2.45868e+08
2,0,1.65,-0.428395,0,-0.922961,-2.38291e+08
2,0,1.65,-0.428395,0,-0.91996,-2.3256e+08
2,0,1.65,-0.428395,0,-0.916958,-2.34406e+08
2,0,1.65,-0.428395,0,-0.913957,-2.48168e+08
2,0,1.65,-0.428395,0,-0.910955,-2.37738e+08
2,0,1.65,-0.428395,0,-0.907954,-2.05568e+08
2,0,1.65,-0.428395,0,-0.904952,-2.15255e+08
2,0,1.65,-0.428395,0,-0.901951,-2.25382e+08
2,0,1.65,-0.428395,0,-0.898949,-2.12726e+08
2,0,1.65,-0.428395,0,-0.895948,-2.08267e+08
2,0,1.65,-0.428395,0,-0.892946,-1.99815e+08
2,0,1.65,-0.428395,0,-0.889945,-1.95633e+08
2,0,1.65,-0.428395,0,-0.886943,-1.95105e+08
2,0,1.65,-0.428395,0,-0.883942,-2.0568e+08
2,0,1.65,-0.428395,0,-0.88094,-2.43404e+08
2,0,1.65,-0.428395,0,-0.877939,-2.04638e+08
2,0,1.65,-0.428395,0,-0.874937,-2.0039e+08
2,0,1.65,-0.428395,0,-0.871936,-2.17488e+08
2,0,1.65,-0.428395,0,-0.868934,-2.21545e+08
2,0,1.65,-0.428395,0,-0.865933,-2.14922e+08
2,0,1.65,-0.428395,0,-0.862931,-2.32924e+08
2,0,1.65,-0.428395,0,-0.85993,-2.03864e+08
2,0,1.65,-0.428395,0,-0.856928,-1.98299e+08
2,0,1.65,-0.428395,0,-0.853927,-2.14842e+08
2,0,1.65,-0.428395,0,-0.850925,-2.38408e+08
2,0,1.65,-0.428395,0,-0.847924,-2.01672e+08
2,0,1.65,-0.428395,0,-0.844922,-2.33421e+08
2,0,1.65,-0.428395,0,-0.841921,-1.91308e+08
2,0,1.65,-0.428395,0,-0.838919,-2.14283e+08
2,0,1.65,-0.428395,0,-0.835918,-1.90016e+08
2,0,1.65,-0.428395,0,-0.832916,-2.12646e+08
2,0,1.65,-0.428395,0,-0.829915,-2.28466e+08
2,0,1.65,-0.428395,0,-0.826913,-2.04131e+08
2,0,1.65,-0.428395,0,-0.823912,-2.30238e+08
2,0,1.65,-0.428395,0,-0.82091,-2.37486e+08
2,0,1.65,-0.428395,0,-0.817909,-2.26617e+08
2,0,1.65,-0.428395,0,-0.814907,-1.94881e+08
2,0,1.65,-0.428395,0,-0.811906,-2.11671e+08
2,0,1.65,-0.428395,0,-0.808904,-2.31691e+08
2,0,1.65,-0.428395,0,-0.805903,-2.3574e+08
2,0,1.65,-0.428395,0,-0.802901,-1.94035e+08
2,0,1.65,-0.428395,0,-0.7999,-2.03291e+08
2,0,1.65,-0.428395,0,-0.796898,-1.83374e+08
2,0,1.65,-0.428395,0,-0.793897,-2.12938e+08
2,0,1.65,-0.428395,0,-0.790895,-2.00814e+08
2,0,1.65,-0.428395,0,-0.787894,-1.98087e+08
2,0,1.65,-0.428395,0,-0.784892,-2.04256e+08
2,0,1.65,-0.428395,0,-0.781891,-2.1112e+08
2,0,1.65,-0.428395,0,-0.778889,-1.9359e+08
2,0,1.65,-0.428395,0,-0.775888,-2.19583e+08
2,0,1.65,-0.428395,0,-0.772886,-2.18364e+08
2,0,1.65,-0.428395,0,-0.769885,-2.05744e+08
2,0,1.65,-0.428395,0,-0.766883,-1.86224e+08
2,0,1.65,-0.428395,0,-0.763882,1.86786e+08
2,0,1.65,-0.428395,0,-0.76088,1.72292e+08
2,0,1.65,-0.428395,0,-0.757879,1.98507e+08
2,0,1.65,-0.428395,0,-0.754877,1.77535e+08
2,0,1.65,-0.428395,0,-0.751876,1.78472e+08
2,0,1.65,-0.428395,0,-0.748874,1.79735e+08
2,0,1.65,-0.428395,0,-0.745873,1.77238e+08
2,0,1.65,-0.428395,0,-0.742871,1.84951e+08
2,0,1.65,-0.428395,0,-0.73987,2.17669e+08
2,0,1.65,-0.428395,0,-0.736868,2.11682e+08
2,0,1.65,-0.428395,0,-0.733867,2.01251e+08
2,0,1.65,-0.428395,0,-0.730865,1.97397e+08
2,0,1.65,-0.428395,0,-0.727864,1.99013e+08
2,0,1.65,-0.428395,0,-0.724862,2.07504e+08
2,0,1.65,-0.428395,0,-0.721861,2.29858e+08
2,0,1.65,-0.428395,0,-0.718859,1.91549e+08
2,0,1.65,-0.428395,0,-0.715858,1.9854e+08
2,0,1.65,-0.428395,0,-0.712856,2.36576e+08
2,0,1.65,-0.428395,0,-0.709855,1.85757e+08
2,0,1.65,-0.428395,0,-0.706853,2.14387e+08
2,0,1.65,-0.428395,0,-0.703852,2.13645e+08
2,0,1.65,-0.428395,0,-0.70085,2.02906e+08
2,0,1.65,-0.428395,0,-0.697849,2.38864e+08
2,0,1.65,-0.428395,0,-0.694847,1.88619e+08
2,0,1.65,-0.428395,0,-0.691846,2.02772e+08
2,0,1.65,-0.428395,0,-0.688844,2.31826e+08
2,0,1.65,-0.428395,0,-0.685843,1.891e+08
2,0,1.65,-0.428395,0,-0.682841,1.9525e+08
2,0,1.65,-0.428395,0,-0.67984,2.08545e+08
2,0,1.65,-0.428395,0,-0.676838,2.17491e+08
2,0,1.65,-0.428395,0,-0.673837,1.94532e+08
2,0,1.65,-0.428395,0,-0.670835,2.33642e+08
2,0,1.65,-0.428395,0,-0.667834,2.414e+08
2,0,1.65,-0.428395,0,-0.664832,1.90941e+08
2,0,1.65,-0.428395,0,-0.661831,2.05218e+08
2,0,1.65,-0.428395,0,-0.658829,2.05439e+08
2,0,1.65,-0.428395,0,-0.655828,2.1309e+08
2,0,1.65,-0.428395,0,-0.652826,2.19515e+08
2,0,1.65,-0.428395,0,-0.649825,2.22321e+08
2,0,1.65,-0.428395,0,-0.646823,2.29276e+08
2,0,1.65,-0.428395,0,-0.643822,1.90446e+08
2,0,1.65,-0.428395,0,-0.64082,2.4179e+08
2,0,1.65,-0.428395,0,-0.637819,2.38328e+08
2,0,1.65,-0.428395,0,-0.634817,1.9508e+08
2,0,1.65,-0.428395,0,-0.631816,2.15116e+08
2,0,1.65,-0.428395,0,-0.628814,1.99055e+08
2,0,1.65,-0.428395,0,-0.625813,2.26449e+08
2,0,1.65,-0.428395,0,-0.622811,2.10427e+08
2,0,1.65,-0.428395,0,-0.61981,2.15338e+08
2,0,1.65,-0.428395,0,-0.616808,2.34163e+08
2,0,1.65,-0.428395,0,-0.613807,2.43869e+08
2,0,1.65,-0.428395,0,-0.610805,2.48596e+08
2,0,1.65,-0.428395,0,-0.607804,2.35611e+08
2,0,1.65,-0.428395,0,-0.604802,2.06148e+08
2,0,1.65,-0.428395,0,-0.601801,1.95146e+08
2,0,1.65,-0.428395,0,-0.598799,2.07336e+08
2,0,1.65,-0.428395,0,-0.595798,2.07718e+08
2,0,1.65,-0.428395,0,-0.592796,2.04639e+08
2,0,1.65,-0.428395,0,-0.589795,2.08574e+08
2,0,1.65,-0.428395,0,-0.586793,2.27298e+08
2,0,1.65,-0.428395,0,-0.583792,2.44039e+08
2,0,1.65,-0.428395,0,-0.58079,2.20758e+08
2,0,1.65,-0.428395,0,-0.577789,2.25025e+08
2,0,1.65,-0.428395,0,-0.574787,2.06293e+08
2,0,1.65,-0.428395,0,-0.571786,2.01533e+08
2,0,1.65,-0.428395,0,-0.568784,2.0538e+08
2,0,1.65,-0.428395,0,-0.565783,2.08666e+08
2,0,1.65,-0.428395,0,-0.562781,2.0178e+08
2,0,1.65,-0.428395,0,-0.55978,2.50275e+08
2,0,1.65,-0.428395,0,-0.556778,2.00828e+08
2,0,1.65,-0.428395,0,-0.553777,1.98847e+08
2,0,1.65,-0.428395,0,-0.550775,2.02039e+08
2,0,1.65,-0.428395,0,-0.547774,1.97994e+08
2,0,1.65,-0.428395,0,-0.544772,2.10713e+08
2,0,1.65,-0.428395,0,-0.541771,2.1226e+08
2,0,1.65,-0.428395,0,-0.538769,2.23261e+08
2,0,1.65,-0.428395,0,-0.535768,1.95821e+08
2,0,1.65,-0.428395,0,-0.532766,2.06424e+08
2,0,1.65,-0.428395,0,-0.529765,2.03492e+08
2,0,1.65,-0.428395,0,-0.526763,2.10542e+08
2,0,1.65,-0.428395,0,-0.523762,2.13846e+08
2,0,1.65,-0.428395,0,-0.52076,2.29364e+08
2,0,1.65,-0.428395,0,-0.517759,2.2069e+08
2,0,1.65,-0.428395,0,-0.514757,2.31907e+08
2,0,1.65,-0.428395,0,-0.511756,2.32391e+08
2,0,1.65,-0.428395,0,-0.508754,2.27294e+08
2,0,1.65,-0.428395,0,-0.505753,2.32456e+08
2,0,1.65,-0.428395,0,-0.502751,2.42715e+08
2,0,1.65,-0.428395,0,-0.49975,2.43303e+08
2,0,1.65,-0.428395,0,-0.496748,2.55484e+08
2,0,1.65,-0.428395,0,-0.493747,2.35149e+08
2,0,1.65,-0.428395,0,-0.490745,2.50708e+08
2,0,1.65,-0.428395,0,-0.487744,2.51474e+08
2,0,1.65,-0.428395,0,-0.484742,2.49105e+08
2,0,1.65,-0.428395,0,-0.481741,1.98319e+08
2,0,1.65,-0.428395,0,-0.478739,1.99031e+08
2,0,1.65,-0.428395,0,-0.475738,2.01696e+08
2,0,1.65,-0.428395,0,-0.472736,1.98836e+08
2,0,1.65,-0.428395,0,-0.469735,2.0497e+08
2,0,1.65,-0.428395,0,-0.466733,2.10466e+08
2,0,1.65,-0.428395,0,-0.463732,2.13742e+08
2,0,1.65,-0.428395,0,-0.46073,2.08718e+08
2,0,1.65,-0.428395,0,-0.457729,2.19787e+08
2,0,1.65,-0.428395,0,-0.454727,2.21241e+08
2,0,1.65,-0.428395,0,-0.451726,2.25447e+08
2,0,1.65,-0.428395,0,-0.448724,2.25338e+08
2,0,1.65,-0.428395,0,-0.445723,2.41936e+08
2,0,1.65,-0.428395,0,-0.442721,2.24083e+08
2,0,1.65,-0.428395,0,-0.43972,2.32553e+08
2,0,1.65,-0.428395,0,-0.436718,2.45727e+08
2,0,1.65,-0.428395,0,-0.433717,2.3639e+08
2,0,1.65,-0.428395,0,-0.430715,2.08176e+08
2,0,1.65,-0.428395,0,-0.427714,2.55895e+08
2,0,1.65,-0.428395,0,-0.424712,2.12429e+08
2,0,1.65,-0.428395,0,-0.421711,2.35518e+08
2,0,1.65,-0.428395,0,-0.418709,2.49896e+08
2,0,1.65,-0.428395,0,-0.415708,2.52054e+08
2,0,1.65,-0.428395,0,-0.412706,2.4803e+08
2,0,1.65,-0.428395,0,-0.409705,2.07728e+08
2,0,1.65,-0.428395,0,-0.406703,2.57459e+08
2,0,1.65,-0.428395,0,-0.403702,2.13506e+08
2,0,1.65,-0.428395,0,-0.4007,2.53637e+08
2,0,1.65,-0.428395,0,-0.397699,2.15129e+08
2,0,1.65,-0.428395,0,-0.394697,2.06188e+08
2,0,1.65,-0.428395,0,-0.391696,2.08163e+08
2,0,1.65,-0.428395,0,-0.388694,2.10094e+08
2,0,1.65,-0.428395,0,-0.385693,2.13742e+08
2,0,1.65,-0.428395,0,-0.382691,2.15557e+08
2,0,1.65,-0.428395,0,-0.37969,2.14391e+08
2,0,1.65,-0.428395,0,-0.376688,2.07441e+08
2,0,1.65,-0.428395,0,-0.373687,2.44593e+08
2,0,1.65,-0.428395,0,-0.370685,2.23818e+08
2,0,1.65,-0.428395,0,-0.367684,2.26438e+08
2,0,1.65,-0.428395,0,-0.364682,2.00579e+08
2,0,1.65,-0.428395,0,-0.361681,2.30536e+08
2,0,1.65,-0.428395,0,-0.358679,2.4556e+08
2,0,1.65,-0.428395,0,-0.355678,2.21292e+08
2,0,1.65,-0.428395,0,-0.352676,2.03017e+08
2,0,1.65,-0.428395,0,-0.349675,2.04395e+08
2,0,1.65,-0.428395,0,-0.346673,2.06201e+08
2,0,1.65,-0.428395,0,-0.343672,2.07896e+08
2,0,1.65,-0.428395,0,-0.34067,2.43311e+08
2,0,1.65,-0.428395,0,-0.337669,2.10132e+08
2,0,1.65,-0.428395,0,-0.334667,2.00877e+08
2,0,1.65,-0.428395,0,-0.331666,2.15597e+08
2,0,1.65,-0.428395,0,-0.328664,2.17463e+08
2,0,1.65,-0.428395,0,-0.325663,2.54516e+08
2,0,1.65,-0.428395,0,-0.322661,2.20849e+08
2,0,1.65,-0.428395,0,-0.31966,2.24033e+08
2,0,1.65,-0.428395,0,-0.316658,2.0381e+08
2,0,1.65,-0.428395,0,-0.313657,2.13695e+08
2,0,1.65,-0.428395,0,-0.310655,2.05072e+08
2,0,1.65,-0.428395,0,-0.307654,2.0725e+08
2,0,1.65,-0.428395,0,-0.304652,2.07759e+08
2,0,1.65,-0.428395,0,-0.301651,2.12658e+08
2,0,1.65,-0.428395,0,-0.298649,2.08404e+08
2,0,1.65,-0.428395,0,-0.295648,2.09781e+08
2,0,1.65,-0.428395,0,-0.292646,2.12559e+08
2,0,1.65,-0.428395,0,-0.289645,2.21041e+08
2,0,1.65,-0.428395,0,-0.286643,2.10843e+08
2,0,1.65,-0.428395,0,-0.283642,2.15079e+08
2,0,1.65,-0.428395,0,-0.28064,2.17641e+08
2,0,1.65,-0.428395,0,-0.277639,2.25868e+08
2,0,1.65,-0.428395,0,-0.274637,2.28106e+08
2,0,1.65,-0.428395,0,-0.271636,2.19633e+08
2,0,1.65,-0.428395,0,-0.268634,2.27862e+08
2,0,1.65,-0.428395,0,-0.265633,2.11067e+08
2,0,1.65,-0.428395,0,-0.262631,2.30319e+08
2,0,1.65,-0.428395,0,-0.25963,2.19321e+08
2,0,1.65,-0.428395,0,-0.256628,2.34641e+08
2,0,1.65,-0.428395,0,-0.253627,2.27845e+08
2,0,1.65,-0.428395,0,-0.250625,2.27159e+08
2,0,1.65,-0.428395,0,-0.247624,2.20383e+08
2,0,1.65,-0.428395,0,-0.244622,2.34673e+08
2,0,1.65,-0.428395,0,-0.241621,2.34628e+08
2,0,1.65,-0.428395,0,-0.238619,2.40011e+08
2,0,1.65,-0.428395,0,-0.235618,2.44276e+08
2,0,1.65,-0.428395,0,-0.232616,2.46622e+08
2,0,1.65,-0.428395,0,-0.229615,2.26877e+08
2,0,1.65,-0.428395,0,-0.226613,2.29153e+08
2,0,1.65,-0.428395,0,-0.223612,2.26453e+08
2,0,1.65,-0.428395,0,-0.22061,2.53303e+08
2,0,1.65,-0.428395,0,-0.217609,2.29421e+08
2,0,1.65,-0.428395,0,-0.214607,2.54131e+08
2,0,1.65,-0.428395,0,-0.211606,2.51226e+08
2,0,1.65,-0.428395,0,-0.208604,2.60146e+08
2,0,1.65,-0.428395,0,-0.205603,2.64142e+08
2,0,1.65,-0.428395,0,-0.202601,2.54687e+08
2,0,1.65,-0.428395,0,-0.1996,2.62301e+08
2,0,1.65,-0.428395,0,-0.196598,2.0367e+08
2,0,1.65,-0.428395,0,-0.193597,2.54905e+08
2,0,1.65,-0.428395,0,-0.190595,2.06096e+08
2,0,1.65,-0.428395,0,-0.187594,2.09184e+08
2,0,1.65,-0.428395,0,-0.184592,2.08736e+08
2,0,1.65,-0.428395,0,-0.181591,2.52355e+08
2,0,1.65,-0.428395,0,-0.178589,2.05717e+08
2,0,1.65,-0.428395,0,-0.175588,2.5687e+08
2,0,1.65,-0.428395,0,-0.172586,2.53732e+08
2,0,1.65,-0.428395,0,-0.169585,2.09376e+08
2,0,1.65,-0.428395,0,-0.166583,2.3057e+08
2,0,1.65,-0.428395,0,-0.163582,2.64446e+08
2,0,1.65,-0.428395,0,-0.16058,2.15473e+08
2,0,1.65,-0.428395,0,-0.157579,2.11146e+08
2,0,1.65,-0.428395,0,-0.154577,2.30252e+08
2,0,1.65,-0.428395,0,-0.151576,2.23057e+08
2,0,1.65,-0.428395,0,-0.148574,2.05183e+08
2,0,1.65,-0.428395,0,-0.145573,2.06083e+08
2,0,1.65,-0.428395,0,-0.142571,2.04679e+08
2,0,1.65,-0.428395,0,-0.13957,2.4362e+08
2,0,1.65,-0.428395,0,-0.136568,2.28713e+08
2,0,1.65,-0.428395,0,-0.133567,2.30008e+08
2,0,1.65,-0.428395,0,-0.130565,2.24381e+08
2,0,1.65,-0.428395,0,-0.127564,2.11924e+08
2,0,1.65,-0.428395,0,-0.124562,2.25539e+08
2,0,1.65,-0.428395,0,-0.121561,2.13874e+08
2,0,1.65,-0.428395,0,-0.118559,2.26146e+08
2,0,1.65,-0.428395,0,-0.115558,2.23219e+08
2,0,1.65,-0.428395,0,-0.112556,2.29711e+08
2,0,1.65,-0.428395,0,-0.109555,2.42948e+08
2,0,1.65,-0.428395,0,-0.106553,2.31102e+08
2,0,1.65,-0.428395,0,-0.103552,2.45174e+08
2,0,1.65,-0.428395,0,-0.10055,2.38609e+08
2,0,1.65,-0.428395,0,-0.0975488,2.18498e+08
2,0,1.65,-0.428395,0,-0.0945473,2.27582e+08
2,0,1.65,-0.428395,0,-0.0915458,2.63126e+08
2,0,1.65,-0.428395,0,-0.0885443,2.39646e+08
2,0,1.65,-0.428395,0,-0.0855428,2.28102e+08
2,0,1.65,-0.428395,0,-0.0825413,2.53531e+08
2,0,1.65,-0.428395,0,-0.0795398,2.30459e+08
2,0,1.65,-0.428395,0,-0.0765383,2.285e+08
2,0,1.65,-0.428395,0,-0.0735368,2.44622e+08
2,0,1.65,-0.428395,0,-0.0705353,2.34244e+08
2,0,1.65,-0.428395,0,-0.0675338,2.58758e+08
2,0,1.65,-0.428395,0,-0.0645323,2.65522e+08
2,0,1.65,-0.428395,0,-0.0615308,2.37481e+08
2,0,1.65,-0.428395,0,-0.0585293,2.62247e+08
2,0,1.65,-0.428395,0,-0.0555278,2.40736e+08
2,0,1.65,-0.428395,0,-0.0525263,2.60143e+08
2,0,1.65,-0.428395,0,-0.0495248,2.53455e+08
2,0,1.65,-0.428395,0,-0.0465233,2.54235e+08
2,0,1.65,-0.428395,0,-0.0435218,2.04683e+08
2,0,1.65,-0.428395,0,-0.0405203,2.43828e+08
2,0,1.65,-0.428395,0,-0.0375188,2.6583e+08
2,0,1.65,-0.428395,0,-0.0345173,2.42963e+08
2,0,1.65,-0.428395,0,-0.0315158,2.08882e+08
2,0,1.65,-0.428395,0,-0.0285143,2.08878e+08
2,0,1.65,-0.428395,0,-0.0255128,2.49565e+08
2,0,1.65,-0.428395,0,-0.0225113,2.10721e+08
2,0,1.65,-0.428395,0,-0.0195098,2.43426e+08
2,0,1.65,-0.428395,0,-0.0165083,2.12122e+08
2,0,1.65,-0.428395,0,-0.0135068,2.14617e+08
2,0,1.65,-0.428395,0,-0.0105053,2.19211e+08
2,0,1.65,-0.428395,0,-0.00750375,2.62528e+08
2,0,1.65,-0.428395,0,-0.00450225,2.15434e+08
2,0,1.65,-0.428395,0,-0.00150075,2.06956e+08
2,0,1.65,-0.428395,0,0.00150075,2.13309e+08
2,0,1.65,-0.428395,0,0.00450225,2.14956e+08
2,0,1.65,-0.428395,0,0.00750375,2.15687e+08
2,0,1.65,-0.428395,0,0.0105053,2.17564e+08
2,0,1.65,-0.428395,0,0.0135068,2.3741e+08
2,0,1.65,-0.428395,0,0.0165083,2.21205e+08
2,0,1.65,-0.428395,0,0.0195098,2.63635e+08
2,0,1.65,-0.428395,0,0.0225113,2.21574e+08
2,0,1.65,-0.428395,0,0.0255128,2.23704e+08
2,0,1.65,-0.428395,0,0.0285143,2.24324e+08
2,0,1.65,-0.428395,0,0.0315158,2.10952e+08
2,0,1.65,-0.428395,0,0.0345173,2.25971e+08
2,0,1.65,-0.428395,0,0.0375188,2.0721e+08
2,0,1.65,-0.428395,0,0.0405203,2.17556e+08
2,0,1.65,-0.428395,0,0.0435218,2.18151e+08
2,0,1.65,-0.428395,0,0.0465233,2.08739e+08
2,0,1.65,-0.428395,0,0.0495248,2.45316e+08
2,0,1.65,-0.428395,0,0.0525263,2.16043e+08
2,0,1.65,-0.428395,0,0.0555278,2.05466e+08
2,0,1.65,-0.428395,0,0.0585293,2.31008e+08
2,0,1.65,-0.428395,0,0.0615308,2.12936e+08
2,0,1.65,-0.428395,0,0.0645323,2.15429e+08
2,0,1.65,-0.428395,0,0.0675338,2.15251e+08
2,0,1.65,-0.428395,0,0.0705353,2.14963e+08
2,0,1.65,-0.428395,0,0.0735368,2.25326e+08
2,0,1.65,-0.428395,0,0.0765383,2.16131e+08
2,0,1.65,-0.428395,0,0.0795398,2.26561e+08
2,0,1.65,-0.428395,0,0.0825413,2.17654e+08
2,0,1.65,-0.428395,0,0.0855428,2.18068e+08
2,0,1.65,-0.428395,0,0.0885443,2.24919e+08
2,0,1.65,-0.428395,0,0.0915458,2.19004e+08
2,0,1.65,-0.428395,0,0.0945473,2.3636e+08
2,0,1.65,-0.428395,0,0.0975488,2.21086e+08
2,0,1.65,-0.428395,0,0.10055,2.37835e+08
2,0,1.65,-0.428395,0,0.103552,2.22061e+08
2,0,1.65,-0.428395,0,0.106553,2.227e+08
2,0,1.65,-0.428395,0,0.109555,2.23377e+08
2,0,1.65,-0.428395,0,0.112556,2.25603e+08
2,0,1.65,-0.428395,0,0.115558,2.28777e+08
2,0,1.65,-0.428395,0,0.118559,2.3653e+08
2,0,1.65,-0.428395,0,0.121561,2.26663e+08
2,0,1.65,-0.428395,0,0.124562,2.53807e+08
2,0,1.65,-0.428395,0,0.127564,2.38525e+08
2,0,1.65,-0.428395,0,0.130565,2.27846e+08
2,0,1.65,-0.428395,0,0.133567,2.0652e+08
2,0,1.65,-0.428395,0,0.136568,2.28927e+08
2,0,1.65,-0.428395,0,0.13957,2.4619e+08
2,0,1.65,-0.428395,0,0.142571,2.46268e+08
2,0,1.65,-0.428395,0,0.145573,2.32215e+08
2,0,1.65,-0.428395,0,0.148574,2.50121e+08
2,0,1.65,-0.428395,0,0.151576,2.36454e+08
2,0,1.65,-0.428395,0,0.154577,2.48149e+08
2,0,1.65,-0.428395,0,0.157579,2.32531e+08
2,0,1.65,-0.428395,0,0.16058,2.34355e+08
2,0,1.65,-0.428395,0,0.163582,2.05924e+08
2,0,1.65,-0.428395,0,0.166583,2.11591e+08
2,0,1.65,-0.428395,0,0.169585,2.0682e+08
2,0,1.65,-0.428395,0,0.172586,2.05931e+08
2,0,1.65,-0.428395,0,0.175588,2.10259e+08
2,0,1.65,-0.428395,0,0.178589,2.08616e+08
2,0,1.65,-0.428395,0,0.181591,2.17471e+08
2,0,1.65,-0.428395,0,0.184592,2.65574e+08
2,0,1.65,-0.428395,0,0.187594,2.13571e+08
2,0,1.65,-0.428395,0,0.190595,2.54563e+08
2,0,1.65,-0.428395,0,0.193597,2.08723e+08
2,0,1.65,-0.428395,0,0.196598,2.30901e+08
2,0,1.65,-0.428395,0,0.1996,2.58467e+08
2,0,1.65,-0.428395,0,0.202601,2.1176e+08
2,0,1.65,-0.428395,0,0.205603,2.15606e+08
2,0,1.65,-0.428395,0,0.208604,2.11407e+08
2,0,1.65,-0.428395,0,0.211606,2.1113e+08
2,0,1.65,-0.428395,0,0.214607,2.11345e+08
2,0,1.65,-0.428395,0,0.217609,2.12417e+08
2,0,1.65,-0.428395,0,0.22061,2.05976e+08
2,0,1.65,-0.428395,0,0.223612,2.17112e+08
2,0,1.65,-0.428395,0,0.226613,2.34304e+08
2,0,1.65,-0.428395,0,0.229615,2.17029e+08
2,0,1.65,-0.428395,0,0.232616,2.12271e+08
2,0,1.65,-0.428395,0,0.235618,2.19608e+08
2,0,1.65,-0.428395,0,0.238619,2.18546e+08
2,0,1.65,-0.428395,0,0.241621,2.35902e+08
2,0,1.65,-0.428395,0,0.244622,2.61666e+08
2,0,1.65,-0.428395,0,0.247624,2.64303e+08
2,0,1.65,-0.428395,0,0.250625,2.16097e+08
2,0,1.65,-0.428395,0,0.253627,2.13984e+08
2,0,1.65,-0.428395,0,0.256628,2.1764e+08
2,0,1.65,-0.428395,0,0.25963,2.20642e+08
2,0,1.65,-0.428395,0,0.262631,2.16223e+08
2,0,1.65,-0.428395,0,0.265633,2.06653e+08
2,0,1.65,-0.428395,0,0.268634,2.15927e+08
2,0,1.65,-0.428395,0,0.271636,2.06807e+08
2,0,1.65,-0.428395,0,0.274637,2.66877e+08
2,0,1.65,-0.428395,0,0.277639,2.16235e+08
2,0,1.65,-0.428395,0,0.28064,2.19365e+08
2,0,1.65,-0.428395,0,0.283642,2.16863e+08
2,0,1.65,-0.428395,0,0.286643,2.51508e+08
2,0,1.65,-0.428395,0,0.289645,2.17566e+08
2,0,1.65,-0.428395,0,0.292646,2.1982e+08
2,0,1.65,-0.428395,0,0.295648,2.22345e+08
2,0,1.65,-0.428395,0,0.298649,2.22828e+08
2,0,1.65,-0.428395,0,0.301651,2.27904e+08
2,0,1.65,-0.428395,0,0.304652,2.17676e+08
2,0,1.65,-0.428395,0,0.307654,2.26931e+08
2,0,1.65,-0.428395,0,0.310655,2.66759e+08
2,0,1.65,-0.428395,0,0.313657,2.07168e+08
2,0,1.65,-0.428395,0,0.316658,2.18067e+08
2,0,1.65,-0.428395,0,0.31966,2.09615e+08
2,0,1.65,-0.428395,0,0.322661,2.18172e+08
2,0,1.65,-0.428395,0,0.325663,2.08034e+08
2,0,1.65,-0.428395,0,0.328664,2.1261e+08
2,0,1.65,-0.428395,0,0.331666,2.08527e+08
2,0,1.65,-0.428395,0,0.334667,2.21859e+08
2,0,1.65,-0.428395,0,0.337669,2.23201e+08
2,0,1.65,-0.428395,0,0.34067,2.08728e+08
2,0,1.65,-0.428395,0,0.343672,2.06006e+08
2,0,1.65,-0.428395,0,0.346673,2.18054e+08
2,0,1.65,-0.428395,0,0.349675,2.21678e+08
2,0,1.65,-0.428395,0,0.352676,2.52862e+08
2,0,1.65,-0.428395,0,0.355678,2.23906e+08
2,0,1.65,-0.428395,0,0.358679,2.65655e+08
2,0,1.65,-0.428395,0,0.361681,2.25171e+08
2,0,1.65,-0.428395,0,0.364682,2.27177e+08
2,0,1.65,-0.428395,0,0.367684,2.1445e+08
2,0,1.65,-0.428395,0,0.370685,2.67993e+08
2,0,1.65,-0.428395,0,0.373687,2.18065e+08
2,0,1.65,-0.428395,0,0.376688,2.112e+08
2,0,1.65,-0.428395,0,0.37969,2.17211e+08
2,0,1.65,-0.428395,0,0.382691,2.07637e+08
2,0,1.65,-0.428395,0,0.385693,2.06554e+08
2,0,1.65,-0.428395,0,0.388694,2.24063e+08
2,0,1.65,-0.428395,0,0.391696,2.64647e+08
2,0,1.65,-0.428395,0,0.394697,2.05619e+08
2,0,1.65,-0.428395,0,0.397699,2.20467e+08
2,0,1.65,-0.428395,0,0.4007,2.2599e+08
2,0,1.65,-0.428395,0,0.403702,2.38372e+08
2,0,1.65,-0.428395,0,0.406703,2.20104e+08
2,0,1.65,-0.428395,0,0.409705,2.20684e+08
2,0,1.65,-0.428395,0,0.412706,2.19273e+08
2,0,1.65,-0.428395,0,0.415708,2.36359e+08
2,0,1.65,-0.428395,0,0.418709,2.15296e+08
2,0,1.65,-0.428395,0,0.421711,2.16966e+08
2,0,1.65,-0.428395,0,0.424712,2.71839e+08
2,0,1.65,-0.428395,0,0.427714,2.18218e+08
2,0,1.65,-0.428395,0,0.430715,2.35389e+08
2,0,1.65,-0.428395,0,0.433717,2.05736e+08
2,0,1.65,-0.428395,0,0.436718,2.12946e+08
2,0,1.65,-0.428395,0,0.43972,2.62016e+08
2,0,1.65,-0.428395,0,0.442721,2.59931e+08
2,0,1.65,-0.428395,0,0.445723,2.16493e+08
2,0,1.65,-0.428395,0,0.448724,2.15896e+08
2,0,1.65,-0.428395,0,0.451726,2.15184e+08
2,0,1.65,-0.428395,0,0.454727,2.44696e+08
2,0,1.65,-0.428395,0,0.457729,2.13548e+08
2,0,1.65,-0.428395,0,0.46073,2.56253e+08
2,0,1.65,-0.428395,0,0.463732,2.55627e+08
2,0,1.65,-0.428395,0,0.466733,2.55302e+08
2,0,1.65,-0.428395,0,0.469735,2.11724e+08
2,0,1.65,-0.428395,0,0.472736,2.13078e+08
2,0,1.65,-0.428395,0,0.475738,2.07589e+08
2,0,1.65,-0.428395,0,0.478739,2.11158e+08
2,0,1.65,-0.428395,0,0.481741,2.07566e+08
2,0,1.65,-0.428395,0,0.484742,2.09691e+08
2,0,1.65,-0.428395,0,0.487744,2.11906e+08
2,0,1.65,-0.428395,0,0.490745,2.50225e+08
2,0,1.65,-0.428395,0,0.493747,2.10633e+08
2,0,1.65,-0.428395,0,0.496748,2.07163e+08
2,0,1.65,-0.428395,0,0.49975,2.34694e+08
2,0,1.65,-0.428395,0,0.502751,2.2974e+08
2,0,1.65,-0.428395,0,0.505753,2.08047e+08
2,0,1.65,-0.428395,0,0.508754,2.30476e+08
2,0,1.65,-0.428395,0,0.511756,2.35352e+08
2,0,1.65,-0.428395,0,0.514757,2.31311e+08
2,0,1.65,-0.428395,0,0.517759,2.47708e+08
2,0,1.65,-0.428395,0,0.52076,2.28635e+08
2,0,1.65,-0.428395,0,0.523762,2.17797e+08
2,0,1.65,-0.428395,0,0.526763,2.44846e+08
2,0,1.65,-0.428395,0,0.529765,2.43019e+08
2,0,1.65,-0.428395,0,0.532766,2.44278e+08
2,0,1.65,-0.428395,0,0.535768,2.38254e+08
2,0,1.65,-0.428395,0,0.538769,2.3735e+08
2,0,1.65,-0.428395,0,0.541771,2.28688e+08
2,0,1.65,-0.428395,0,0.544772,2.2341e+08
2,0,1.65,-0.428395,0,0.547774,2.30171e+08
2,0,1.65,-0.428395,0,0.550775,2.17977e+08
2,0,1.65,-0.428395,0,0.553777,2.11759e+08
2,0,1.65,-0.428395,0,0.556778,2.24874e+08
2,0,1.65,-0.428395,0,0.55978,2.19001e+08
2,0,1.65,-0.428395,0,0.562781,2.19567e+08
2,0,1.65,-0.428395,0,0.565783,2.28498e+08
2,0,1.65,-0.428395,0,0.568784,2.12289e+08
2,0,1.65,-0.428395,0,0.571786,2.26492e+08
2,0,1.65,-0.428395,0,0.574787,2.28123e+08
2,0,1.65,-0.428395,0,0.577789,2.0919e+08
2,0,1.65,-0.428395,0,0.58079,2.07138e+08
2,0,1.65,-0.428395,0,0.583792,2.22094e+08
2,0,1.65,-0.428395,0,0.586793,2.12787e+08
2,0,1.65,-0.428395,0,0.589795,2.08485e+08
2,0,1.65,-0.428395,0,0.592796,2.12163e+08
2,0,1.65,-0.428395,0,0.595798,2.16199e+08
2,0,1.65,-0.428395,0,0.598799,2.5985e+08
2,0,1.65,-0.428395,0,0.601801,2.52654e+08
2,0,1.65,-0.428395,0,0.604802,2.6082e+08
2,0,1.65,-0.428395,0,0.607804,2.15486e+08
2,0,1.65,-0.428395,0,0.610805,2.4576e+08
2,0,1.65,-0.428395,0,0.613807,2.03287e+08
2,0,1.65,-0.428395,0,0.616808,2.59489e+08
2,0,1.65,-0.428395,0,0.61981,2.5035e+08
2,0,1.65,-0.428395,0,0.622811,2.48536e+08
2,0,1.65,-0.428395,0,0.625813,2.49689e+08
2,0,1.65,-0.428395,0,0.628814,2.45283e+08
2,0,1.65,-0.428395,0,0.631816,2.41379e+08
2,0,1.65,-0.428395,0,0.634817,2.45865e+08
2,0,1.65,-0.428395,0,0.637819,2.34604e+08
2,0,1.65,-0.428395,0,0.64082,2.41991e+08
2,0,1.65,-0.428395,0,0.643822,2.54083e+08
2,0,1.65,-0.428395,0,0.646823,2.33074e+08
2,0,1.65,-0.428395,0,0.649825,2.41978e+08
2,0,1.65,-0.428395,0,0.652826,2.61625e+08
2,0,1.65,-0.428395,0,0.655828,2.3074e+08
2,0,1.65,-0.428395,0,0.658829,2.24132e+08
2,0,1.65,-0.428395,0,0.661831,2.33544e+08
2,0,1.65,-0.428395,0,0.664832,2.23714e+08
2,0,1.65,-0.428395,0,0.667834,2.12279e+08
2,0,1.65,-0.428395,0,0.670835,2.19802e+08
2,0,1.65,-0.428395,0,0.673837,2.31873e+08
2,0,1.65,-0.428395,0,0.676838,2.13874e+08
2,0,1.65,-0.428395,0,0.67984,2.13171e+08
2,0,1.65,-0.428395,0,0.682841,2.15591e+08
2,0,1.65,-0.428395,0,0.685843,2.10225e+08
2,0,1.65,-0.428395,0,0.688844,2.03622e+08
2,0,1.65,-0.428395,0,0.691846,2.07969e+08
2,0,1.65,-0.428395,0,0.694847,2.18845e+08
2,0,1.65,-0.428395,0,0.697849,2.55569e+08
2,0,1.65,-0.428395,0,0.70085,2.03042e+08
2,0,1.65,-0.428395,0,0.703852,2.57647e+08
2,0,1.65,-0.428395,0,0.706853,2.41249e+08
2,0,1.65,-0.428395,0,0.709855,2.45588e+08
2,0,1.65,-0.428395,0,0.712856,2.50559e+08
2,0,1.65,-0.428395,0,0.715858,2.54478e+08
2,0,1.65,-0.428395,0,0.718859,2.52078e+08
2,0,1.65,-0.428395,0,0.721861,2.37767e+08
2,0,1.65,-0.428395,0,0.724862,2.23371e+08
2,0,1.65,-0.428395,0,0.727864,2.23651e+08
2,0,1.65,-0.428395,0,0.730865,2.39318e+08
2,0,1.65,-0.428395,0,0.733867,2.23469e+08
2,0,1.65,-0.428395,0,0.736868,2.13931e+08
2,0,1.65,-0.428395,0,0.73987,2.09888e+08
2,0,1.65,-0.428395,0,0.742871,2.02074e+08
2,0,1.65,-0.428395,0,0.745873,2.09587e+08
2,0,1.65,-0.428395,0,0.748874,2.11794e+08
2,0,1.65,-0.428395,0,0.751876,2.16145e+08
2,0,1.65,-0.428395,0,0.754877,2.08894e+08
2,0,1.65,-0.428395,0,0.757879,2.08473e+08
2,0,1.65,-0.428395,0,0.76088,2.03016e+08
2,0,1.65,-0.428395,0,0.763882,1.9767e+08
2,0,1.65,-0.428395,0,0.766883,2.1845e+08
2,0,1.65,-0.428395,0,0.769885,2.00849e+08
2,0,1.65,-0.428395,0,0.772886,2.11761e+08
2,0,1.65,-0.428395,0,0.775888,2.4926e+08
2,0,1.65,-0.428395,0,0.778889,2.31192e+08
2,0,1.65,-0.428395,0,0.781891,2.37567e+08
2,0,1.65,-0.428395,0,0.784892,2.08622e+08
2,0,1.65,-0.428395,0,0.787894,2.2554e+08
2,0,1.65,-0.428395,0,0.790895,2.14067e+08
2,0,1.65,-0.428395,0,0.793897,1.98949e+08
2,0,1.65,-0.428395,0,0.796898,2.0709e+08
2,0,1.65,-0.428395,0,0.7999,2.38636e+08
2,0,1.65,-0.428395,0,0.802901,2.52217e+08
2,0,1.65,-0.428395,0,0.805903,2.46255e+08
2,0,1.65,-0.428395,0,0.808904,2.37889e+08
2,0,1.65,-0.428395,0,0.811906,2.30139e+08
2,0,1.65,-0.428395,0,0.814907,2.08747e+08
2,0,1.65,-0.428395,0,0.817909,2.00676e+08
2,0,1.65,-0.428395,0,0.82091,2.51177e+08
2,0,1.65,-0.428395,0,0.823912,2.40466e+08
2,0,1.65,-0.428395,0,0.826913,2.41338e+08
2,0,1.65,-0.428395,0,0.829915,2.2021e+08
2,0,1.65,-0.428395,0,0.832916,2.08008e+08
2,0,1.65,-0.428395,0,0.835918,1.98555e+08
2,0,1.65,-0.428395,0,0.838919,1.96573e+08
2,0,1.65,-0.428395,0,0.841921,1.92603e+08
2,0,1.65,-0.428395,0,0.844922,2.34715e+08
2,0,1.65,-0.428395,0,0.847924,2.18886e+08
2,0,1.65,-0.428395,0,0.850925,2.14067e+08
2,0,1.65,-0.428395,0,0.853927,2.14763e+08
2,0,1.65,-0.428395,0,0.856928,2.15595e+08
2,0,1.65,-0.428395,0,0.85993,2.09066e+08
2,0,1.65,-0.428395,0,0.862931,2.41635e+08
2,0,1.65,-0.428395,0,0.865933,2.32334e+08
2,0,1.65,-0.428395,0,0.868934,2.21651e+08
2,0,1.65,-0.428395,0,0.871936,2.06974e+08
2,0,1.65,-0.428395,0,0.874937,2.12728e+08
2,0,1.65,-0.428395,0,0.877939,2.09714e+08
2,0,1.65,-0.428395,0,0.88094,1.91408e+08
2,0,1.65,-0.428395,0,0.883942,2.15568e+08
2,0,1.65,-0.428395,0,0.886943,-1.93886e+08
2,0,1.65,-0.428395,0,0.889945,-1.89192e+08
2,0,1.65,-0.428395,0,0.892946,-2.1753e+08
2,0,1.65,-0.428395,0,0.895948,-2.34301e+08
2,0,1.65,-0.428395,0,0.898949,-2.0329e+08
2,0,1.65,-0.428395,0,0.901951,-1.90061e+08
2,0,1.65,-0.428395,0,0.904952,-2.39529e+08
2,0,1.65,-0.428395,0,0.907954,-2.32622e+08
2,0,1.65,-0.428395,0,0.910955,-2.06575e+08
2,0,1.65,-0.428395,0,0.913957,-2.28258e+08
2,0,1.65,-0.428395,0,0.916958,-2.302e+08
2,0,1.65,-0.428395,0,0.91996,-2.25415e+08
2,0,1.65,-0.428395,0,0.922961,-1.93288e+08
2,0,1.65,-0.428395,0,0.925963,-1.92918e+08
2,0,1.65,-0.428395,0,0.928964,-1.95525e+08
2,0,1.65,-0.428395,0,0.931966,-2.03398e+08
2,0,1.65,-0.428395,0,0.934967,-2.08851e+08
2,0,1.65,-0.428395,0,0.937969,-2.30724e+08
2,0,1.65,-0.428395,0,0.94097,-2.45191e+08
2,0,1.65,-0.428395,0,0.943972,-2.25162e+08
2,0,1.65,-0.428395,0,0.946973,-2.08901e+08
2,0,1.65,-0.428395,0,0.949975,-2.56446e+08
2,0,1.65,-0.428395,0,0.952976,-2.27747e+08
2,0,1.65,-0.428395,0,0.955978,-2.42964e+08
2,0,1.65,-0.428395,0,0.958979,-2.5234e+08
2,0,1.65,-0.428395,0,0.961981,-2.14984e+08
2,0,1.65,-0.428395,0,0.964982,-2.12133e+08
2,0,1.65,-0.428395,0,0.967984,-2.32948e+08
2,0,1.65,-0.428395,0,0.970985,-1.98734e+08
2,0,1.65,-0.428395,0,0.973987,-2.37547e+08
2,0,1.65,-0.428395,0,0.976988,-2.1001e+08
2,0,1.65,-0.428395,0,0.97999,-2.29612e+08
2,0,1.65,-0.428395,0,0.982991,-2.05299e+08
2,0,1.65,-0.428395,0,0.985993,-2.15254e+08
2,0,1.65,-0.428395,0,0.988994,-2.54316e+08
2,0,1.65,-0.428395,0,0.991996,-2.15068e+08
2,0,1.65,-0.428395,0,0.994997,-2.26015e+08
2,0,1.65,-0.428395,0,0.997999,-2.358e+08
2,0,1.65,-0.428395,0,1.001,-2.41747e+08
2,0,1.65,-0.428395,0,1.004,-2.49268e+08
2,0,1.65,-0.428395,0,1.007,-2.38649e+08
2,0,1.65,-0.428395,0,1.01001,-2.4961e+08
2,0,1.65,-0.428395,0,1.01301,-2.59294e+08
2,0,1.65,-0.428395,0,1.01601,-2.58295e+08
2,0,1.65,-0.428395,0,1.01901,-2.57734e+08
2,0,1.65,-0.428395,0,1.02201,-2.10635e+08
2,0,1.65,-0.428395,0,1.02501,-2.31111e+08
2,0,1.65,-0.428395,0,1.02801,-2.22337e+08
2,0,1.65,-0.428395,0,1.03102,-2.41371e+08
2,0,1.65,-0.428395,0,1.03402,-2.28083e+08
2,0,1.65,-0.428395,0,1.03702,-2.51201e+08
2,0,1.65,-0.428395,0,1.04002,-2.38657e+08
2,0,1.65,-0.428395,0,1.04302,-2.60851e+08
2,0,1.65,-0.428395,0,1.04602,-2.55112e+08
2,0,1.65,-0.428395,0,1.04902,-2.61461e+08
2,0,1.65,-0.428395,0,1.05203,-2.60574e+08
2,0,1.65,-0.428395,0,1.05503,-2.0713e+08
2,0,1.65,-0.428395,0,1.05803,-2.12499e+08
2,0,1.65,-0.428395,0,1.06103,-2.09526e+08
2,0,1.65,-0.428395,0,1.06403,-2.20977e+08
2,0,1.65,-0.428395,0,1.06703,-2.2126e+08
2,0,1.65,-0.428395,0,1.07004,-2.27667e+08
2,0,1.65,-0.428395,0,1.07304,-2.32826e+08
2,0,1.65,-0.428395,0,1.07604,-2.06284e+08
2,0,1.65,-0.428395,0,1.07904,-2.12941e+08
2,0,1.65,-0.428395,0,1.08204,-2.13433e+08
2,0,1.65,-0.428395,0,1.08504,-2.52221e+08
2,0,1.65,-0.428395,0,1.08804,-2.20721e+08
2,0,1.65,-0.428395,0,1.09105,-2.11863e+08
2,0,1.65,-0.428395,0,1.09405,-2.04068e+08
2,0,1.65,-0.428395,0,1.09705,-2.11975e+08
2,0,1.65,-0.428395,0,1.10005,-2.11106e+08
2,0,1.65,-0.428395,0,1.10305,-2.18323e+08
2,0,1.65,-0.428395,0,1.10605,-2.24093e+08
2,0,1.65,-0.428395,0,1.10905,-2.22607e+08
2,0,1.65,-0.428395,0,1.11206,-2.11536e+08
2,0,1.65,-0.428395,0,1.11506,-2.09149e+08
2,0,1.65,-0.428395,0,1.11806,-2.28157e+08
2,0,1.65,-0.428395,0,1.12106,-2.39886e+08
2,0,1.65,-0.428395,0,1.12406,-2.21115e+08
2,0,1.65,-0.428395,0,1.12706,-2.44158e+08
2,0,1.65,-0.428395,0,1.13007,-2.51218e+08
2,0,1.65,-0.428395,0,1.13307,-2.28794e+08
2,0,1.65,-0.428395,0,1.13607,-2.5841e+08
2,0,1.65,-0.428395,0,1.13907,-2.57715e+08
2,0,1.65,-0.428395,0,1.14207,-2.54705e+08
2,0,1.65,-0.428395,0,1.14507,-2.58349e+08
2,0,1.65,-0.428395,0,1.14807,-2.0886e+08
2,0,1.65,-0.428395,0,1.15108,-2.71861e+08
2,0,1.65,-0.428395,0,1.15408,-2.08998e+08
2,0,1.65,-0.428395,0,1.15708,-2.18791e+08
2,0,1.65,-0.428395,0,1.16008,-2.07217e+08
2,0,1.65,-0.428395,0,1.16308,-2.20916e+08
2,0,1.65,-0.428395,0,1.16608,-2.22059e+08
2,0,1.65,-0.428395,0,1.16908,-2.33371e+08
2,0,1.65,-0.428395,0,1.17209,-2.32111e+08
2,0,1.65,-0.428395,0,1.17509,-2.34008e+08
2,0,1.65,-0.428395,0,1.17809,-2.28433e+08
2,0,1.65,-0.428395,0,1.18109,-2.39349e+08
2,0,1.65,-0.428395,0,1.18409,-2.29668e+08
2,0,1.65,-0.428395,0,1.18709,-2.47191e+08
2,0,1.65,-0.428395,0,1.1901,-2.33352e+08
2,0,1.65,-0.428395,0,1.1931,-2.52673e+08
2,0,1.65,-0.428395,0,1.1961,-2.13555e+08
2,0,1.65,-0.428395,0,1.1991,-2.55692e+08
2,0,1.65,-0.428395,0,1.2021,-2.66813e+08
2,0,1.65,-0.428395,0,1.2051,-2.64176e+08
2,0,1.65,-0.428395,0,1.2081,-2.51256e+08
2,0,1.65,-0.428395,0,1.21111,-2.41905e+08
2,0,1.65,-0.428395,0,1.21411,-2.69342e+08
2,0,1.65,-0.428395,0,1.21711,-2.63285e+08
2,0,1.65,-0.428395,0,1.22011,-2.52554e+08
2,0,1.65,-0.428395,0,1.22311,-2.5452e+08
2,0,1.65,-0.428395,0,1.22611,-2.70294e+08
2,0,1.65,-0.428395,0,1.22911,-2.2747e+08
2,0,1.65,-0.428395,0,1.23212,-2.65717e+08
2,0,1.65,-0.428395,0,1.23512,-2.13153e+08
2,0,1.65,-0.428395,0,1.23812,-2.26006e+08
2,0,1.65,-0.428395,0,1.24112,-2.28263e+08
2,0,1.65,-0.428395,0,1.24412,-2.35178e+08
2,0,1.65,-0.428395,0,1.24712,-2.34439e+08
2,0,1.65,-0.428395,0,1.25013,-2.35276e+08
2,0,1.65,-0.428395,0,1.25313,-2.16951e+08
2,0,1.65,-0.428395,0,1.25613,-2.43549e+08
2,0,1.65,-0.428395,0,1.25913,-2.49615e+08
2,0,1.65,-0.428395,0,1.26213,-2.47528e+08
2,0,1.65,-0.428395,0,1.26513,-2.25315e+08
2,0,1.65,-0.428395,0,1.26813,-2.45947e+08
2,0,1.65,-0.428395,0,1.27114,-2.51386e+08
2,0,1.65,-0.428395,0,1.27414,-2.54414e+08
2,0,1.65,-0.428395,0,1.27714,-2.39013e+08
2,0,1.65,-0.428395,0,1.28014,-2.59405e+08
2,0,1.65,-0.428395,0,1.28314,-2.65806e+08
2,0,1.65,-0.428395,0,1.28614,-2.41181e+08
2,0,1.65,-0.428395,0,1.28914,-2.18836e+08
2,0,1.65,-0.428395,0,1.29215,-2.18934e+08
2,0,1.65,-0.428395,0,1.29515,-2.14761e+08
2,0,1.65,-0.428395,0,1.29815,-2.72243e+08
2,0,1.65,-0.428395,0,1.30115,-2.23283e+08
2,0,1.65,-0.428395,0,1.30415,-2.16674e+08
2,0,1.65,-0.428395,0,1.30715,-2.15836e+08
2,0,1.65,-0.428395,0,1.31016,-2.15916e+08
2,0,1.65,-0.428395,0,1.31316,-2.24468e+08
2,0,1.65,-0.428395,0,1.31616,-2.20479e+08
2,0,1.65,-0.428395,0,1.31916,-2.18145e+08
2,0,1.65,-0.428395,0,1.32216,-2.25495e+08
2,0,1.65,-0.428395,0,1.32516,-2.25802e+08
2,0,1.65,-0.428395,0,1.32816,-2.26324e+08
2,0,1.65,-0.428395,0,1.33117,-2.23743e+08
2,0,1.65,-0.428395,0,1.33417,-2.17798e+08
2,0,1.65,-0.428395,0,1.33717,-2.27781e+08
2,0,1.65,-0.428395,0,1.34017,-2.22301e+08
2,0,1.65,-0.428395,0,1.34317,-2.20676e+08
2,0,1.65,-0.428395,0,1.34617,-2.12532e+08
2,0,1.65,-0.428395,0,1.34917,-2.32357e+08
2,0,1.65,-0.428395,0,1.35218,-2.27214e+08
2,0,1.65,-0.428395,0,1.35518,-2.50768e+08
2,0,1.65,-0.428395,0,1.35818,-2.28859e+08
2,0,1.65,-0.428395,0,1.36118,-2.20542e+08
2,0,1.65,-0.428395,0,1.36418,-2.4308e+08
2,0,1.65,-0.428395,0,1.36718,-2.31862e+08
2,0,1.65,-0.428395,0,1.37019,-2.3299e+08
2,0,1.65,-0.428395,0,1.37319,-2.43075e+08
2,0,1.65,-0.428395,0,1.37619,-2.28627e+08
2,0,1.65,-0.428395,0,1.37919,-2.34388e+08
2,0,1.65,-0.428395,0,1.38219,-2.6175e+08
2,0,1.65,-0.428395,0,1.38519,-2.32811e+08
2,0,1.65,-0.428395,0,1.38819,-2.3165e+08
2,0,1.65,-0.428395,0,1.3912,-2.44628e+08
2,0,1.65,-0.428395,0,1.3942,-2.5186e+08
2,0,1.65,-0.428395,0,1.3972,-2.66836e+08
2,0,1.65,-0.428395,0,1.4002,-2.74285e+08
2,0,1.65,-0.428395,0,1.4032,-2.45679e+08
2,0,1.65,-0.428395,0,1.4062,-2.43039e+08
2,0,1.65,-0.428395,0,1.4092,-2.72877e+08
2,0,1.65,-0.428395,0,1.41221,-2.24509e+08
2,0,1.65,-0.428395,0,1.41521,-2.14283e+08
2,0,1.65,-0.428395,0,1.41821,-2.62717e+08
2,0,1.65,-0.428395,0,1.42121,-2.58101e+08
2,0,1.65,-0.428395,0,1.42421,-2.28704e+08
2,0,1.65,-0.428395,0,1.42721,-2.70914e+08
2,0,1.65,-0.428395,0,1.43022,-2.68666e+08
2,0,1.65,-0.428395,0,1.43322,-2.70057e+08
2,0,1.65,-0.428395,0,1.43622,-2.13562e+08
2,0,1.65,-0.428395,0,1.43922,-2.73258e+08
2,0,1.65,-0.428395,0,1.44222,-2.74345e+08
2,0,1.65,-0.428395,0,1.44522,-2.75765e+08
2,0,1.65,-0.428395,0,1.44822,-2.66867e+08
2,0,1.65,-0.428395,0,1.45123,-2.65858e+08
2,0,1.65,-0.428395,0,1.45423,-2.1994e+08
2,0,1.65,-0.428395,0,1.45723,-2.19685e+08
2,0,1.65,-0.428395,0,1.46023,-2.77645e+08
2,0,1.65,-0.428395,0,1.46323,-2.16791e+08
2,0,1.65,-0.428395,0,1.46623,-2.13852e+08
2,0,1.65,-0.428395,0,1.46923,-2.42611e+08
2,0,1.65,-0.428395,0,1.47224,-2.18562e+08
2,0,1.65,-0.428395,0,1.47524,-2.25271e+08
2,0,1.65,-0.428395,0,1.47824,-2.16033e+08
2,0,1.65,-0.428395,0,1.48124,-2.22426e+08
2,0,1.65,-0.428395,0,1.48424,-2.22525e+08
2,0,1.65,-0.428395,0,1.48724,-2.26136e+08
2,0,1.65,-0.428395,0,1.49025,-2.15971e+08
2,0,1.65,-0.428395,0,1.49325,-2.1816e+08
2,0,1.65,-0.428395,0,1.49625,-2.57432e+08
2,0,1.65,-0.428395,0,1.49925,-2.28731e+08
2,0,1.65,-0.428395,0,1.50225,-2.21623e+08
2,0,1.65,-0.428395,0,1.50525,-2.22698e+08
2,0,1.65,-0.428395,0,1.50825,-2.21641e+08
2,0,1.65,-0.428395,0,1.51126,-2.29647e+08
2,0,1.65,-0.428395,0,1.51426,-2.2302e+08
2,0,1.65,-0.428395,0,1.51726,-2.23846e+08
2,0,1.65,-0.428395,0,1.52026,-2.79542e+08
2,0,1.65,-0.428395,0,1.52326,-2.56347e+08
2,0,1.65,-0.428395,0,1.52626,-2.49475e+08
2,0,1.65,-0.428395,0,1.52926,-2.27195e+08
2,0,1.65,-0.428395,0,1.53227,-2.41239e+08
2,0,1.65,-0.428395,0,1.53527,-2.35617e+08
2,0,1.65,-0.428395,0,1.53827,-2.72382e+08
2,0,1.65,-0.428395,0,1.54127,-2.48208e+08
2,0,1.65,-0.428395,0,1.54427,-2.67849e+08
2,0,1.65,-0.428395,0,1.54727,-2.33207e+08
2,0,1.65,-0.428395,0,1.55028,-2.32435e+08
2,0,1.65,-0.428395,0,1.55328,-2.40456e+08
2,0,1.65,-0.428395,0,1.55628,-2.34103e+08
2,0,1.65,-0.428395,0,1.55928,-2.41936e+08
2,0,1.65,-0.428395,0,1.56228,-2.64809e+08
2,0,1.65,-0.428395,0,1.56528,-2.65656e+08
2,0,1.65,-0.428395,0,1.56828,-2.41311e+08
2,0,1.65,-0.428395,0,1.57129,-2.74616e+08
2,0,1.65,-0.428395,0,1.57429,-2.37725e+08
2,0,1.65,-0.428395,0,1.57729,-2.42408e+08
2,0,1.65,-0.428395,0,1.58029,-2.76969e+08
2,0,1.65,-0.428395,0,1.58329,-2.4919e+08
2,0,1.65,-0.428395,0,1.58629,-2.42601e+08
2,0,1.65,-0.428395,0,1.58929,-2.42437e+08
2,0,1.65,-0.428395,0,1.5923,-2.41271e+08
2,0,1.65,-0.428395,0,1.5953,-2.54821e+08
2,0,1.65,-0.428395,0,1.5983,-2.4619e+08
2,0,1.65,-0.428395,0,1.6013,-2.42647e+08
2,0,1.65,-0.428395,0,1.6043,-2.14992e+08
2,0,1.65,-0.428395,0,1.6073,-2.15541e+08
2,0,1.65,-0.428395,0,1.61031,-2.71508e+08
2,0,1.65,-0.428395,0,1.61331,-2.179e+08
2,0,1.65,-0.428395,0,1.61631,-2.58152e+08
2,0,1.65,-0.428395,0,1.61931,-2.48024e+08
2,0,1.65,-0.428395,0,1.62231,-2.45883e+08
2,0,1.65,-0.428395,0,1.62531,-2.53165e+08
2,0,1.65,-0.428395,0,1.62831,-2.50331e+08
2,0,1.65,-0.428395,0,1.63132,-2.47538e+08
2,0,1.65,-0.428395,0,1.63432,-2.16197e+08
2,0,1.65,-0.428395,0,1.63732,-2.25365e+08
2,0,1.65,-0.428395,0,1.64032,-2.47592e+08
2,0,1.65,-0.428395,0,1.64332,-2.17173e+08
2,0,1.65,-0.428395,0,1.64632,-2.70232e+08
2,0,1.65,-0.428395,0,1.64932,-2.78098e+08
2,0,1.65,-0.428395,0,1.65233,-2.51002e+08
2,0,1.65,-0.428395,0,1.65533,-2.6113e+08
2,0,1.65,-0.428395,0,1.65833,-2.5901e+08
2,0,1.65,-0.428395,0,1.66133,-2.78745e+08
2,0,1.65,-0.428395,0,1.66433,-2.24715e+08
2,0,1.65,-0.428395,0,1.66733,-2.56889e+08
2,0,1.65,-0.428395,0,1.67034,-2.51703e+08
2,0,1.65,-0.428395,0,1.67334,-2.61078e+08
2,0,1.65,-0.428395,0,1.67634,-2.47541e+08
2,0,1.65,-0.428395,0,1.67934,-2.55687e+08
2,0,1.65,-0.428395,0,1.68234,-2.16016e+08
2,0,1.65,-0.428395,0,1.68534,-2.60933e+08
2,0,1.65,-0.428395,0,1.68834,-2.49838e+08
2,0,1.65,-0.428395,0,1.69135,-2.35484e+08
2,0,1.65,-0.428395,0,1.69435,-2.14391e+08
2,0,1.65,-0.428395,0,1.69735,-2.49186e+08
2,0,1.65,-0.428395,0,1.70035,-2.17578e+08
2,0,1.65,-0.428395,0,1.70335,-2.681e+08
2,0,1.65,-0.428395,0,1.70635,-2.65715e+08
2,0,1.65,-0.428395,0,1.70935,-2.16597e+08
2,0,1.65,-0.428395,0,1.71236,-2.59434e+08
2,0,1.65,-0.428395,0,1.71536,-2.1639e+08
2,0,1.65,-0.428395,0,1.71836,-2.55356e+08
2,0,1.65,-0.428395,0,1.72136,-2.47711e+08
2,0,1.65,-0.428395,0,1.72436,-2.55729e+08
2,0,1.65,-0.428395,0,1.72736,-2.47652e+08
2,0,1.65,-0.428395,0,1.73037,-2.59687e+08
2,0,1.65,-0.428395,0,1.73337,-2.51811e+08
2,0,1.65,-0.428395,0,1.73637,-2.67145e+08
2,0,1.65,-0.428395,0,1.73937,-2.44958e+08
2,0,1.65,-0.428395,0,1.74237,-2.46376e+08
2,0,1.65,-0.428395,0,1.74537,-2.13914e+08
2,0,1.65,-0.428395,0,1.74837,-2.4535e+08
2,0,1.65,-0.428395,0,1.75138,-2.47583e+08
2,0,1.65,-0.428395,0,1.75438,-2.5895e+08
2,0,1.65,-0.428395,0,1.75738,-2.51786e+08
2,0,1.65,-0.428395,0,1.76038,-2.39507e+08
2,0,1.65,-0.428395,0,1.76338,-2.73069e+08
2,0,1.65,-0.428395,0,1.76638,-2.37233e+08
2,0,1.65,-0.428395,0,1.76938,-2.65896e+08
2,0,1.65,-0.428395,0,1.77239,-2.2945e+08
2,0,1.65,-0.428395,0,1.77539,-2.40661e+08
2,0,1.65,-0.428395,0,1.77839,-2.47958e+08
2,0,1.65,-0.428395,0,1.78139,-2.32371e+08
2,0,1.65,-0.428395,0,1.78439,-2.52117e+08
2,0,1.65,-0.428395,0,1.78739,-2.45721e+08
2,0,1.65,-0.428395,0,1.7904,-2.4612e+08
2,0,1.65,-0.428395,0,1.7934,-2.44429e+08
2,0,1.65,-0.428395,0,1.7964,-2.33177e+08
2,0,1.65,-0.428395,0,1.7994,-2.21866e+08
2,0,1.65,-0.428395,0,1.8024,-2.36714e+08
2,0,1.65,-0.428395,0,1.8054,-2.33387e+08
2,0,1.65,-0.428395,0,1.8084,-2.17541e+08
2,0,1.65,-0.428395,0,1.81141,-2.32966e+08
2,0,1.65,-0.428395,0,1.81441,-2.15404e+08
2,0,1.65,-0.428395,0,1.81741,-2.124e+08
2,0,1.65,-0.428395,0,1.82041,-2.3813e+08
2,0,1.65,-0.428395,0,1.82341,-2.7184e+08
2,0,1.65,-0.428395,0,1.82641,-2.1419e+08
2,0,1.65,-0.428395,0,1.82941,-2.32527e+08
2,0,1.65,-0.428395,0,1.83242,-2.45658e+08
2,0,1.65,-0.428395,0,1.83542,-2.1345e+08
2,0,1.65,-0.428395,0,1.83842,-2.68616e+08
2,0,1.65,-0.428395,0,1.84142,-2.49316e+08
2,0,1.65,-0.428395,0,1.84442,-2.59823e+08
2,0,1.65,-0.428395,0,1.84742,-2.59704e+08
2,0,1.65,-0.428395,0,1.85043,-2.43938e+08
2,0,1.65,-0.428395,0,1.85343,-2.42747e+08
2,0,1.65,-0.428395,0,1.85643,-2.50542e+08
2,0,1.65,-0.428395,0,1.85943,-2.49313e+08
2,0,1.65,-0.428395,0,1.86243,-2.41219e+08
2,0,1.65,-0.428395,0,1.86543,-2.33376e+08
2,0,1.65,-0.428395,0,1.86843,-2.32865e+08
2,0,1.65,-0.428395,0,1.87144,-2.44163e+08
2,0,1.65,-0.428395,0,1.87444,-2.4808e+08
2,0,1.65,-0.428395,0,1.87744,-2.22444e+08
2,0,1.65,-0.428395,0,1.88044,-2.19487e+08
2,0,1.65,-0.428395,0,1.88344,-2.33406e+08
2,0,1.65,-0.428395,0,1.88644,-2.29156e+08
2,0,1.65,-0.428395,0,1.88944,-2.20787e+08
2,0,1.65,-0.428395,0,1.89245,-2.14915e+08
2,0,1.65,-0.428395,0,1.89545,-2.16518e+08
2,0,1.65,-0.428395,0,1.89845,-2.12501e+08
2,0,1.65,-0.428395,0,1.90145,-2.29527e+08
2,0,1.65,-0.428395,0,1.90445,-2.63137e+08
2,0,1.65,-0.428395,0,1.90745,-2.71192e+08
2,0,1.65,-0.428395,0,1.91046,-2.38601e+08
2,0,1.65,-0.428395,0,1.91346,-2.56521e+08
2,0,1.65,-0.428395,0,1.91646,-2.43224e+08
2,0,1.65,-0.428395,0,1.91946,-2.23519e+08
2,0,1.65,-0.428395,0,1.92246,-2.25773e+08
2,0,1.65,-0.428395,0,1.92546,-2.18292e+08
2,0,1.65,-0.428395,0,1.92846,-2.46876e+08
2,0,1.65,-0.428395,0,1.93147,-2.07291e+08
2,0,1.65,-0.428395,0,1.93447,-2.56984e+08
2,0,1.65,-0.428395,0,1.93747,-2.46479e+08
2,0,1.65,-0.428395,0,1.94047,-2.35004e+08
2,0,1.65,-0.428395,0,1.94347,-2.67412e+08
2,0,1.65,-0.428395,0,1.94647,-2.08911e+08
2,0,1.65,-0.428395,0,1.94947,-2.61224e+08
2,0,1.65,-0.428395,0,1.95248,-2.514e+08
2,0,1.65,-0.428395,0,1.95548,-2.23462e+08
2,0,1.65,-0.428395,0,1.95848,-2.2009e+08
2,0,1.65,-0.428395,0,1.96148,-2.08788e+08
2,0,1.65,-0.428395,0,1.96448,-2.19184e+08
2,0,1.65,-0.428395,0,1.96748,-2.33161e+08
2,0,1.65,-0.428395,0,1.97049,-2.15756e+08
2,0,1.65,-0.428395,0,1.97349,-2.48691e+08
2,0,1.65,-0.428395,0,1.97649,-2.15071e+08
2,0,1.65,-0.428395,0,1.97949,-2.54245e+08
2,0,1.65,-0.428395,0,1.98249,-2.36957e+08
2,0,1.65,-0.428395,0,1.98549,-2.10217e+08
2,0,1.65,-0.428395,0,1.98849,-2.21246e+08
2,0,1.65,-0.428395,0,1.9915,-2.02008e+08
2,0,1.65,-0.428395,0,1.9945,-1.9393e+08
2,0,1.65,-0.428395,0,1.9975,-1.97137e+08
2,0,1.65,-0.428395,0,2.0005,2.22528e+08
2,0,1.65,-0.428395,0,2.0035,1.88428e+08
2,0,1.65,-0.428395,0,2.0065,2.11469e+08
2,0,1.65,-0.428395,0,2.0095,2.31227e+08
2,0,1.65,-0.428395,0,2.01251,2.42113e+08
2,0,1.65,-0.428395,0,2.01551,2.139e+08
2,0,1.65,-0.428395,0,2.01851,2.5256e+08
2,0,1.65,-0.428395,0,2.02151,2.30888e+08
2,0,1.65,-0.428395,0,2.02451,2.0302e+08
2,0,1.65,-0.428395,0,2.02751,2.2731e+08
2,0,1.65,-0.428395,0,2.03052,2.14039e+08
2,0,1.65,-0.428395,0,2.03352,2.56153e+08
2,0,1.65,-0.428395,0,2.03652,2.39744e+08
2,0,1.65,-0.428395,0,2.03952,2.39141e+08
2,0,1.65,-0.428395,0,2.04252,2.3657e+08
2,0,1.65,-0.428395,0,2.04552,2.28174e+08
2,0,1.65,-0.428395,0,2.04852,2.55938e+08
2,0,1.65,-0.428395,0,2.05153,2.63445e+08
2,0,1.65,-0.428395,0,2.05453,2.61261e+08
2,0,1.65,-0.428395,0,2.05753,2.35388e+08
2,0,1.65,-0.428395,0,2.06053,2.13477e+08
2,0,1.65,-0.428395,0,2.06353,2.62534e+08
2,0,1.65,-0.428395,0,2.06653,2.09776e+08
2,0,1.65,-0.428395,0,2.06953,2.14575e+08
2,0,1.65,-0.428395,0,2.07254,2.46258e+08
2,0,1.65,-0.428395,0,2.07554,2.25295e+08
2,0,1.65,-0.428395,0,2.07854,2.62747e+08
2,0,1.65,-0.428395,0,2.08154,2.17137e+08
2,0,1.65,-0.428395,0,2.08454,2.54864e+08
2,0,1.65,-0.428395,0,2.08754,2.15918e+08
2,0,1.65,-0.428395,0,2.09055,2.13423e+08
2,0,1.65,-0.428395,0,2.09355,2.22156e+08
2,0,1.65,-0.428395,0,2.09655,2.37719e+08
2,0,1.65,-0.428395,0,2.09955,2.53793e+08
2,0,1.65,-0.428395,0,2.10255,2.48909e+08
2,0,1.65,-0.428395,0,2.10555,2.17625e+08
2,0,1.65,-0.428395,0,2.10855,2.67072e+08
2,0,1.65,-0.428395,0,2.11156,2.1636e+08
2,0,1.65,-0.428395,0,2.11456,2.35295e+08
2,0,1.65,-0.428395,0,2.11756,2.50443e+08
2,0,1.65,-0.428395,0,2.12056,2.52458e+08
2,0,1.65,-0.428395,0,2.12356,2.71212e+08
2,0,1.65,-0.428395,0,2.12656,2.18406e+08
2,0,1.65,-0.428395,0,2.12956,2.17811e+08
2,0,1.65,-0.428395,0,2.13257,2.30676e+08
2,0,1.65,-0.428395,0,2.13557,2.31617e+08
2,0,1.65,-0.428395,0,2.13857,2.1926e+08
2,0,1.65,-0.428395,0,2.14157,2.25356e+08
2,0,1.65,-0.428395,0,2.14457,2.31445e+08
2,0,1.65,-0.428395,0,2.14757,2.40108e+08
2,0,1.65,-0.428395,0,2.15058,2.4108e+08
2,0,1.65,-0.428395,0,2.15358,2.49658e+08
2,0,1.65,-0.428395,0,2.15658,2.56839e+08
2,0,1.65,-0.428395,0,2.15958,2.72849e+08
2,0,1.65,-0.428395,0,2.16258,2.69473e+08
2,0,1.65,-0.428395,0,2.16558,2.21105e+08
2,0,1.65,-0.428395,0,2.16858,2.8422e+08
2,0,1.65,-0.428395,0,2.17159,2.84515e+08
2,0,1.65,-0.428395,0,2.17459,2.34144e+08
2,0,1.65,-0.428395,0,2.17759,2.33342e+08
2,0,1.65,-0.428395,0,2.18059,2.6488e+08
2,0,1.65,-0.428395,0,2.18359,2.54597e+08
2,0,1.65,-0.428395,0,2.18659,2.5835e+08
2,0,1.65,-0.428395,0,2.18959,2.5163e+08
2,0,1.65,-0.428395,0,2.1926,2.67028e+08
2,0,1.65,-0.428395,0,2.1956,2.70024e+08
2,0,1.65,-0.428395,0,2.1986,2.79069e+08
2,0,1.65,-0.428395,0,2.2016,2.80622e+08
2,0,1.65,-0.428395,0,2.2046,2.22621e+08
2,0,1.65,-0.428395,0,2.2076,2.25415e+08
2,0,1.65,-0.428395,0,2.21061,2.58931e+08
2,0,1.65,-0.428395,0,2.21361,2.72955e+08
2,0,1.65,-0.428395,0,2.21661,2.40361e+08
2,0,1.65,-0.428395,0,2.21961,2.52048e+08
2,0,1.65,-0.428395,0,2.22261,2.5028e+08
2,0,1.65,-0.428395,0,2.22561,2.2787e+08
2,0,1.65,-0.428395,0,2.22861,2.26079e+08
2,0,1.65,-0.428395,0,2.23162,2.33911e+08
2,0,1.65,-0.428395,0,2.23462,2.48347e+08
2,0,1.65,-0.428395,0,2.23762,2.44065e+08
2,0,1.65,-0.428395,0,2.24062,2.24207e+08
2,0,1.65,-0.428395,0,2.24362,2.26495e+08
2,0,1.65,-0.428395,0,2.24662,2.31988e+08
2,0,1.65,-0.428395,0,2.24962,2.63655e+08
2,0,1.65,-0.428395,0,2.25263,2.46325e+08
2,0,1.65,-0.428395,0,2.25563,2.48528e+08
2,0,1.65,-0.428395,0,2.25863,2.52577e+08
2,0,1.65,-0.428395,0,2.26163,2.8692e+08
2,0,1.65,-0.428395,0,2.26463,2.60818e+08
2,0,1.65,-0.428395,0,2.26763,2.38122e+08
2,0,1.65,-0.428395,0,2.27064,2.2911e+08
2,0,1.65,-0.428395,0,2.27364,2.72171e+08
2,0,1.65,-0.428395,0,2.27664,2.90124e+08
2,0,1.65,-0.428395,0,2.27964,2.86294e+08
2,0,1.65,-0.428395,0,2.28264,2.87208e+08
2,0,1.65,-0.428395,0,2.28564,2.67508e+08
2,0,1.65,-0.428395,0,2.28864,2.59883e+08
2,0,1.65,-0.428395,0,2.29165,2.33914e+08
2,0,1.65,-0.428395,0,2.29465,2.57491e+08
2,0,1.65,-0.428395,0,2.29765,2.80483e+08
2,0,1.65,-0.428395,0,2.30065,2.67723e+08
2,0,1.65,-0.428395,0,2.30365,2.58273e+08
2,0,1.65,-0.428395,0,2.30665,2.53559e+08
2,0,1.65,-0.428395,0,2.30965,2.76227e+08
2,0,1.65,-0.428395,0,2.31266,2.62976e+08
2,0,1.65,-0.428395,0,2.31566,2.38735e+08
2,0,1.65,-0.428395,0,2.31866,2.71647e+08
2,0,1.65,-0.428395,0,2.32166,2.4651e+08
2,0,1.65,-0.428395,0,2.32466,2.78391e+08
2,0,1.65,-0.428395,0,2.32766,2.853e+08
2,0,1.65,-0.428395,0,2.33067,2.4485e+08
2,0,1.65,-0.428395,0,2.33367,2.94277e+08
2,0,1.65,-0.428395,0,2.33667,2.45155e+08
2,0,1.65,-0.428395,0,2.33967,2.33777e+08
2,0,1.65,-0.428395,0,2.34267,2.36135e+08
2,0,1.65,-0.428395,0,2.34567,2.79683e+08
2,0,1.65,-0.428395,0,2.34867,2.83665e+08
2,0,1.65,-0.428395,0,2.35168,2.88366e+08
2,0,1.65,-0.428395,0,2.35468,2.855e+08
2,0,1.65,-0.428395,0,2.35768,2.60075e+08
2,0,1.65,-0.428395,0,2.36068,2.58238e+08
2,0,1.65,-0.428395,0,2.36368,2.33877e+08
2,0,1.65,-0.428395,0,2.36668,2.39521e+08
2,0,1.65,-0.428395,0,2.36968,2.75778e+08
2,0,1.65,-0.428395,0,2.37269,2.39976e+08
2,0,1.65,-0.428395,0,2.37569,2.54747e+08
2,0,1.65,-0.428395,0,2.37869,2.49701e+08
2,0,1.65,-0.428395,0,2.38169,2.53192e+08
2,0,1.65,-0.428395,0,2.38469,2.34072e+08
2,0,1.65,-0.428395,0,2.38769,2.60305e+08
2,0,1.65,-0.428395,0,2.3907,2.36654e+08
2,0,1.65,-0.428395,0,2.3937,2.38467e+08
2,0,1.65,-0.428395,0,2.3967,2.72495e+08
2,0,1.65,-0.428395,0,2.3997,2.47827e+08
2,0,1.65,-0.428395,0,2.4027,2.44222e+08
2,0,1.65,-0.428395,0,2.4057,2.83387e+08
2,0,1.65,-0.428395,0,2.4087,2.75755e+08
2,0,1.65,-0.428395,0,2.41171,2.86668e+08
2,0,1.65,-0.428395,0,2.41471,2.40548e+08
2,0,1.65,-0.428395,0,2.41771,2.70067e+08
2,0,1.65,-0.428395,0,2.42071,2.76112e+08
2,0,1.65,-0.428395,0,2.42371,2.50181e+08
2,0,1.65,-0.428395,0,2.42671,2.83643e+08
2,0,1.65,-0.428395,0,2.42971,2.86555e+08
2,0,1.65,-0.428395,0,2.43272,2.87272e+08
2,0,1.65,-0.428395,0,2.43572,2.47332e+08
2,0,1.65,-0.428395,0,2.43872,2.72325e+08
2,0,1.65,-0.428395,0,2.44172,2.7448e+08
2,0,1.65,-0.428395,0,2.44472,2.40104e+08
2,0,1.65,-0.428395,0,2.44772,2.38846e+08
2,0,1.65,-0.428395,0,2.45073,2.49183e+08
2,0,1.65,-0.428395,0,2.45373,2.4687e+08
2,0,1.65,-0.428395,0,2.45673,2.45568e+08
2,0,1.65,-0.428395,0,2.45973,2.98849e+08
2,0,1.65,-0.428395,0,2.46273,2.51037e+08
2,0,1.65,-0.428395,0,2.46573,2.56186e+08
2,0,1.65,-0.428395,0,2.46873,3.0375e+08
2,0,1.65,-0.428395,0,2.47174,2.89863e+08
2,0,1.65,-0.428395,0,2.47474,2.67297e+08
2,0,1.65,-0.428395,0,2.47774,3.04895e+08
2,0,1.65,-0.428395,0,2.48074,2.71221e+08
2,0,1.65,-0.428395,0,2.48374,2.43745e+08
2,0,1.65,-0.428395,0,2.48674,2.42246e+08
2,0,1.65,-0.428395,0,2.48974,2.83592e+08
2,0,1.65,-0.428395,0,2.49275,2.52378e+08
2,0,1.65,-0.428395,0,2.49575,2.88313e+08
2,0,1.65,-0.428395,0,2.49875,2.91847e+08
2,0,1.65,-0.428395,0,2.50175,2.54278e+08
2,0,1.65,-0.428395,0,2.50475,2.61632e+08
2,0,1.65,-0.428395,0,2.50775,3.07022e+08
2,0,1.65,-0.428395,0,2.51076,2.67955e+08
2,0,1.65,-0.428395,0,2.51376,2.85367e+08
2,0,1.65,-0.428395,0,2.51676,2.74442e+08
2,0,1.65,-0.428395,0,2.51976,2.44974e+08
2,0,1.65,-0.428395,0,2.52276,2.80399e+08
2,0,1.65,-0.428395,0,2.52576,2.56153e+08
2,0,1.65,-0.428395,0,2.52876,2.84435e+08
2,0,1.65,-0.428395,0,2.53177,2.96458e+08
2,0,1.65,-0.428395,0,2.53477,2.99385e+08
2,0,1.65,-0.428395,0,2.53777,2.95687e+08
2,0,1.65,-0.428395,0,2.54077,2.69711e+08
2,0,1.65,-0.428395,0,2.54377,2.80235e+08
2,0,1.65,-0.428395,0,2.54677,3.05805e+08
2,0,1.65,-0.428395,0,2.54977,2.58713e+08
2,0,1.65,-0.428395,0,2.55278,2.62305e+08
2,0,1.65,-0.428395,0,2.55578,2.50543e+08
2,0,1.65,-0.428395,0,2.55878,2.97471e+08
2,0,1.65,-0.428395,0,2.56178,2.50419e+08
2,0,1.65,-0.428395,0,2.56478,2.56968e+08
2,0,1.65,-0.428395,0,2.56778,2.61623e+08
2,0,1.65,-0.428395,0,2.57079,2.55917e+08
2,0,1.65,-0.428395,0,2.57379,2.58984e+08
2,0,1.65,-0.428395,0,2.57679,2.61674e+08
2,0,1.65,-0.428395,0,2.57979,2.4885e+08
2,0,1.65,-0.428395,0,2.58279,2.92968e+08
2,0,1.65,-0.428395,0,2.58579,2.45474e+08
2,0,1.65,-0.428395,0,2.58879,2.73653e+08
2,0,1.65,-0.428395,0,2.5918,2.94773e+08
2,0,1.65,-0.428395,0,2.5948,2.98192e+08
2,0,1.65,-0.428395,0,2.5978,2.84548e+08
2,0,1.65,-0.428395,0,2.6008,2.61334e+08
2,0,1.65,-0.428395,0,2.6038,2.93561e+08
2,0,1.65,-0.428395,0,2.6068,2.99968e+08
2,0,1.65,-0.428395,0,2.6098,2.97091e+08
2,0,1.65,-0.428395,0,2.61281,3.03563e+08
2,0,1.65,-0.428395,0,2.61581,2.50665e+08
2,0,1.65,-0.428395,0,2.61881,3.08822e+08
2,0,1.65,-0.428395,0,2.62181,3.09022e+08
2,0,1.65,-0.428395,0,2.62481,2.87123e+08
2,0,1.65,-0.428395,0,2.62781,2.64633e+08
2,0,1.65,-0.428395,0,2.63082,3.11124e+08
2,0,1.65,-0.428395,0,2.63382,2.69858e+08
2,0,1.65,-0.428395,0,2.63682,2.50885e+08
2,0,1.65,-0.428395,0,2.63982,2.70594e+08
2,0,1.65,-0.428395,0,2.64282,2.64467e+08
2,0,1.65,-0.428395,0,2.64582,2.84017e+08
2,0,1.65,-0.428395,0,2.64882,2.60764e+08
2,0,1.65,-0.428395,0,2.65183,2.63253e+08
2,0,1.65,-0.428395,0,2.65483,2.67222e+08
2,0,1.65,-0.428395,0,2.65783,2.70017e+08
2,0,1.65,-0.428395,0,2.66083,2.68075e+08
2,0,1.65,-0.428395,0,2.66383,2.97254e+08
2,0,1.65,-0.428395,0,2.66683,3.04984e+08
2,0,1.65,-0.428395,0,2.66983,2.89841e+08
2,0,1.65,-0.428395,0,2.67284,2.98857e+08
2,0,1.65,-0.428395,0,2.67584,3.17276e+08
2,0,1.65,-0.428395,0,2.67884,2.91433e+08
2,0,1.65,-0.428395,0,2.68184,2.92231e+08
2,0,1.65,-0.428395,0,2.68484,2.51345e+08
2,0,1.65,-0.428395,0,2.68784,2.53682e+08
2,0,1.65,-0.428395,0,2.69085,2.69071e+08
2,0,1.65,-0.428395,0,2.69385,3.09463e+08
2,0,1.65,-0.428395,0,2.69685,2.56273e+08
2,0,1.65,-0.428395,0,2.69985,3.11192e+08
2,0,1.65,-0.428395,0,2.70285,3.14314e+08
2,0,1.65,-0.428395,0,2.70585,2.74769e+08
2,0,1.65,-0.428395,0,2.70885,2.46196e+08
2,0,1.65,-0.428395,0,2.71186,2.53089e+08
2,0,1.65,-0.428395,0,2.71486,2.69501e+08
2,0,1.65,-0.428395,0,2.71786,2.76045e+08
2,0,1.65,-0.428395,0,2.72086,2.60909e+08
2,0,1.65,-0.428395,0,2.72386,2.64969e+08
2,0,1.65,-0.428395,0,2.72686,2.73032e+08
2,0,1.65,-0.428395,0,2.72986,2.69374e+08
2,0,1.65,-0.428395,0,2.73287,3.01879e+08
2,0,1.65,-0.428395,0,2.73587,2.9604e+08
2,0,1.65,-0.428395,0,2.73887,2.94039e+08
2,0,1.65,-0.428395,0,2.74187,2.79828e+08
2,0,1.65,-0.428395,0,2.74487,2.56875e+08
2,0,1.65,-0.428395,0,2.74787,2.48216e+08
2,0,1.65,-0.428395,0,2.75088,2.58529e+08
2,0,1.65,-0.428395,0,2.75388,2.53117e+08
2,0,1.65,-0.428395,0,2.75688,2.53822e+08
2,0,1.65,-0.428395,0,2.75988,2.69876e+08
2,0,1.65,-0.428395,0,2.76288,2.60543e+08
2,0,1.65,-0.428395,0,2.76588,2.58737e+08
2,0,1.65,-0.428395,0,2.76888,3.06629e+08
2,0,1.65,-0.428395,0,2.77189,2.54934e+08
2,0,1.65,-0.428395,0,2.77489,2.47935e+08
2,0,1.65,-0.428395,0,2.77789,2.63542e+08
2,0,1.65,-0.428395,0,2.78089,2.52979e+08
2,0,1.65,-0.428395,0,2.78389,2.70103e+08
2,0,1.65,-0.428395,0,2.78689,2.68338e+08
2,0,1.65,-0.428395,0,2.78989,2.6569e+08
2,0,1.65,-0.428395,0,2.7929,2.54977e+08
2,0,1.65,-0.428395,0,2.7959,2.66048e+08
2,0,1.65,-0.428395,0,2.7989,2.52488e+08
2,0,1.65,-0.428395,0,2.8019,2.64053e+08
2,0,1.65,-0.428395,0,2.8049,2.67816e+08
2,0,1.65,-0.428395,0,2.8079,2.94411e+08
2,0,1.65,-0.428395,0,2.81091,2.51751e+08
2,0,1.65,-0.428395,0,2.81391,2.5652e+08
2,0,1.65,-0.428395,0,2.81691,2.57554e+08
2,0,1.65,-0.428395,0,2.81991,2.65097e+08
2,0,1.65,-0.428395,0,2.82291,2.59875e+08
2,0,1.65,-0.428395,0,2.82591,3.04727e+08
2,0,1.65,-0.428395,0,2.82891,2.68799e+08
2,0,1.65,-0.428395,0,2.83192,3.01831e+08
2,0,1.65,-0.428395,0,2.83492,2.77487e+08
2,0,1.65,-0.428395,0,2.83792,3.15205e+08
2,0,1.65,-0.428395,0,2.84092,2.76837e+08
2,0,1.65,-0.428395,0,2.84392,3.1625e+08
2,0,1.65,-0.428395,0,2.84692,2.82965e+08
2,0,1.65,-0.428395,0,2.84992,2.83204e+08
2,0,1.65,-0.428395,0,2.85293,2.8667e+08
2,0,1.65,-0.428395,0,2.85593,2.58345e+08
2,0,1.65,-0.428395,0,2.85893,3.0765e+08
2,0,1.65,-0.428395,0,2.86193,2.96769e+08
2,0,1.65,-0.428395,0,2.86493,2.98517e+08
2,0,1.65,-0.428395,0,2.86793,2.72263e+08
2,0,1.65,-0.428395,0,2.87094,3.04094e+08
2,0,1.65,-0.428395,0,2.87394,3.07949e+08
2,0,1.65,-0.428395,0,2.87694,2.81923e+08
2,0,1.65,-0.428395,0,2.87994,3.02016e+08
2,0,1.65,-0.428395,0,2.88294,3.06433e+08
2,0,1.65,-0.428395,0,2.88594,3.19693e+08
2,0,1.65,-0.428395,0,2.88894,2.91907e+08
2,0,1.65,-0.428395,0,2.89195,2.80635e+08
2,0,1.65,-0.428395,0,2.89495,2.51885e+08
2,0,1.65,-0.428395,0,2.89795,3.07056e+08
2,0,1.65,-0.428395,0,2.90095,3.26701e+08
2,0,1.65,-0.428395,0,2.90395,2.65361e+08
2,0,1.65,-0.428395,0,2.90695,2.61024e+08
2,0,1.65,-0.428395,0,2.90995,2.60072e+08
2,0,1.65,-0.428395,0,2.91296,2.6576e+08
2,0,1.65,-0.428395,0,2.91596,2.74981e+08
2,0,1.65,-0.428395,0,2.91896,3.10314e+08
2,0,1.65,-0.428395,0,2.92196,2.66942e+08
2,0,1.65,-0.428395,0,2.92496,2.75018e+08
2,0,1.65,-0.428395,0,2.92796,2.95047e+08
2,0,1.65,-0.428395,0,2.93097,2.80023e+08
2,0,1.65,-0.428395,0,2.93397,2.8316e+08
2,0,1.65,-0.428395,0,2.93697,2.93731e+08
2,0,1.65,-0.428395,0,2.93997,2.61408e+08
2,0,1.65,-0.428395,0,2.94297,2.91881e+08
2,0,1.65,-0.428395,0,2.94597,2.89286e+08
2,0,1.65,-0.428395,0,2.94897,3.04806e+08
2,0,1.65,-0.428395,0,2.95198,2.96844e+08
2,0,1.65,-0.428395,0,2.95498,3.11998e+08
2,0,1.65,-0.428395,0,2.95798,2.9267e+08
2,0,1.65,-0.428395,0,2.96098,3.06392e+08
2,0,1.65,-0.428395,0,2.96398,2.76017e+08
2,0,1.65,-0.428395,0,2.96698,3.0033e+08
2,0,1.65,-0.428395,0,2.96998,3.14322e+08
2,0,1.65,-0.428395,0,2.97299,3.15517e+08
2,0,1.65,-0.428395,0,2.97599,3.0645e+08
2,0,1.65,-0.428395,0,2.97899,2.95075e+08
2,0,1.65,-0.428395,0,2.98199,3.2532e+08
2,0,1.65,-0.428395,0,2.98499,2.57433e+08
2,0,1.65,-0.428395,0,2.98799,3.29749e+08
2,0,1.65,-0.428395,0,2.991,3.23253e+08
2,0,1.65,-0.428395,0,2.994,2.64873e+08
2,0,1.65,-0.428395,0,2.997,2.59096e+08
2,0,1.65,-0.428395,0,3,2.61534e+08

2,0,1.75,-0.514323,0,-3,1.12603e+08
2,0,1.75,-0.514323,0,-2.997,1.06635e+08
2,0,1.75,-0.514323,0,-2.994,1.04577e+08
2,0,1.75,-0.514323,0,-2.991,1.16868e+08
2,0,1.75,-0.514323,0,-2.98799,1.14144e+08
2,0,1.75,-0.514323,0,-2.98499,1.11453e+08
2,0,1.75,-0.514323,0,-2.98199,1.02379e+08
2,0,1.75,-0.514323,0,-2.97899,1.01497e+08
2,0,1.75,-0.514323,0,-2.97599,1.00726e+08
2,0,1.75,-0.514323,0,-2.97299,1.06099e+08
2,0,1.75,-0.514323,0,-2.96998,1.20276e+08
2,0,1.75,-0.514323,0,-2.96698,1.21037e+08
2,0,1.75,-0.514323,0,-2.96398,1.06913e+08
2,0,1.75,-0.514323,0,-2.96098,1.16846e+08
2,0,1.75,-0.514323,0,-2.95798,1.15717e+08
2,0,1.75,-0.514323,0,-2.95498,-9.21e+07
2,0,1.75,-0.514323,0,-2.95198,-1.07235e+08
2,0,1.75,-0.514323,0,-2.94897,-9.5983e+07
2,0,1.75,-0.514323,0,-2.94597,-1.0812e+08
2,0,1.75,-0.514323,0,-2.94297,-1.11709e+08
2,0,1.75,-0.514323,0,-2.93997,-1.0679e+08
2,0,1.75,-0.514323,0,-2.93697,-1.24215e+08
2,0,1.75,-0.514323,0,-2.93397,-1.21892e+08
2,0,1.75,-0.514323,0,-2.93097,-1.14453e+08
2,0,1.75,-0.514323,0,-2.92796,-1.28364e+08
2,0,1.75,-0.514323,0,-2.92496,-1.15598e+08
2,0,1.75,-0.514323,0,-2.92196,-1.03231e+08
2,0,1.75,-0.514323,0,-2.91896,-1.06483e+08
2,0,1.75,-0.514323,0,-2.91596,-1.0822e+08
2,0,1.75,-0.514323,0,-2.91296,-1.08121e+08
2,0,1.75,-0.514323,0,-2.90995,-1.07716e+08
2,0,1.75,-0.514323,0,-2.90695,-1.02889e+08
2,0,1.75,-0.514323,0,-2.90395,-1.10309e+08
2,0,1.75,-0.514323,0,-2.90095,-1.15375e+08
2,0,1.75,-0.514323,0,-2.89795,-1.26158e+08
2,0,1.75,-0.514323,0,-2.89495,-1.30148e+08
2,0,1.75,-0.514323,0,-2.89195,-1.27158e+08
2,0,1.75,-0.514323,0,-2.88894,-1.32528e+08
2,0,1.75,-0.514323,0,-2.88594,-1.31079e+08
2,0,1.75,-0.514323,0,-2.88294,-1.19231e+08
2,0,1.75,-0.514323,0,-2.87994,-1.12818e+08
2,0,1.75,-0.514323,0,-2.87694,-1.16307e+08
2,0,1.75,-0.514323,0,-2.87394,-1.18664e+08
2,0,1.75,-0.514323,0,-2.87094,-1.08525e+08
2,0,1.75,-0.514323,0,-2.86793,-1.29905e+08
2,0,1.75,-0.514323,0,-2.86493,-1.12326e+08
2,0,1.75,-0.514323,0,-2.86193,-1.09816e+08
2,0,1.75,-0.514323,0,-2.85893,-1.2432e+08
2,0,1.75,-0.514323,0,-2.85593,-1.13907e+08
2,0,1.75,-0.514323,0,-2.85293,-1.35487e+08
2,0,1.75,-0.514323,0,-2.84992,-1.3749e+08
2,0,1.75,-0.514323,0,-2.84692,-1.11167e+08
2,0,1.75,-0.514323,0,-2.84392,-1.31318e+08
2,0,1.75,-0.514323,0,-2.84092,-1.32735e+08
2,0,1.75,-0.514323,0,-2.83792,-1.35688e+08
2,0,1.75,-0.514323,0,-2.83492,-1.2412e+08
2,0,1.75,-0.514323,0,-2.83192,-1.15794e+08
2,0,1.75,-0.514323,0,-2.82891,-1.30592e+08
2,0,1.75,-0.514323,0,-2.82591,-1.17258e+08
2,0,1.75,-0.514323,0,-2.82291,-1.25945e+08
2,0,1.75,-0.514323,0,-2.81991,-1.36953e+08
2,0,1.75,-0.514323,0,-2.81691,-1.10404e+08
2,0,1.75,-0.514323,0,-2.81391,-1.09769e+08
2,0,1.75,-0.514323,0,-2.81091,-1.15017e+08
2,0,1.75,-0.514323,0,-2.8079,-1.12786e+08
2,0,1.75,-0.514323,0,-2.8049,-1.20178e+08
2,0,1.75,-0.514323,0,-2.8019,-1.06843e+08
2,0,1.75,-0.514323,0,-2.7989,-1.08081e+08
2,0,1.75,-0.514323,0,-2.7959,-1.17275e+08
2,0,1.75,-0.514323,0,-2.7929,-1.19492e+08
2,0,1.75,-0.514323,0,-2.78989,-1.32976e+08
2,0,1.75,-0.514323,0,-2.78689,-1.28177e+08
2,0,1.75,-0.514323,0,-2.78389,-1.07385e+08
2,0,1.75,-0.514323,0,-2.78089,-1.08861e+08
2,0,1.75,-0.514323,0,-2.77789,-1.10872e+08
2,0,1.75,-0.514323,0,-2.77489,-1.34197e+08
2,0,1.75,-0.514323,0,-2.77189,-1.14443e+08
2,0,1.75,-0.514323,0,-2.76888,-1.16772e+08
2,0,1.75,-0.514323,0,-2.76588,-1.32807e+08
2,0,1.75,-0.514323,0,-2.76288,-1.21582e+08
2,0,1.75,-0.514323,0,-2.75988,-1.09195e+08
2,0,1.75,-0.514323,0,-2.75688,-1.09076e+08
2,0,1.75,-0.514323,0,-2.75388,-1.26909e+08
2,0,1.75,-0.514323,0,-2.75088,-1.28728e+08
2,0,1.75,-0.514323,0,-2.74787,-1.20633e+08
2,0,1.75,-0.514323,0,-2.74487,-1.08653e+08
2,0,1.75,-0.514323,0,-2.74187,-1.10692e+08
2,0,1.75,-0.514323,0,-2.73887,-1.11234e+08
2,0,1.75,-0.514323,0,-2.73587,-1.13704e+08
2,0,1.75,-0.514323,0,-2.73287,-1.15434e+08
2,0,1.75,-0.514323,0,-2.72986,-1.13641e+08
2,0,1.75,-0.514323,0,-2.72686,-1.12148e+08
2,0,1.75,-0.514323,0,-2.72386,-1.09188e+08
2,0,1.75,-0.514323,0,-2.72086,-1.15192e+08
2,0,1.75,-0.514323,0,-2.71786,-1.17197e+08
2,0,1.75,-0.514323,0,-2.71486,-1.11898e+08
2,0,1.75,-0.514323,0,-2.71186,-1.2086e+08
2,0,1.75,-0.514323,0,-2.70885,-1.21985e+08
2,0,1.75,-0.514323,0,-2.70585,-1.24763e+08
2,0,1.75,-0.514323,0,-2.70285,-1.25353e+08
2,0,1.75,-0.514323,0,-2.69985,-1.26925e+08
2,0,1.75,-0.514323,0,-2.69685,-1.29017e+08
2,0,1.75,-0.514323,0,-2.69385,-1.26679e+08
2,0,1.75,-0.514323,0,-2.69085,-1.24833e+08
2,0,1.75,-0.514323,0,-2.68784,-1.33871e+08
2,0,1.75,-0.514323,0,-2.68484,-1.35396e+08
2,0,1.75,-0.514323,0,-2.68184,-1.26396e+08
2,0,1.75,-0.514323,0,-2.67884,-1.39001e+08
2,0,1.75,-0.514323,0,-2.67584,-1.41908e+08
2,0,1.75,-0.514323,0,-2.67284,-1.34187e+08
2,0,1.75,-0.514323,0,-2.66983,-1.10434e+08
2,0,1.75,-0.514323,0,-2.66683,-1.1172e+08
2,0,1.75,-0.514323,0,-2.66383,-1.13099e+08
2,0,1.75,-0.514323,0,-2.66083,-1.13374e+08
2,0,1.75,-0.514323,0,-2.65783,-1.15951e+08
2,0,1.75,-0.514323,0,-2.65483,-1.18219e+08
2,0,1.75,-0.514323,0,-2.65183,-1.1843e+08
2,0,1.75,-0.514323,0,-2.64882,-1.10012e+08
2,0,1.75,-0.514323,0,-2.64582,-1.17931e+08
2,0,1.75,-0.514323,0,-2.64282,-1.39699e+08
2,0,1.75,-0.514323,0,-2.63982,-1.12948e+08
2,0,1.75,-0.514323,0,-2.63682,-1.14939e+08
2,0,1.75,-0.514323,0,-2.63382,-1.10412e+08
2,0,1.75,-0.514323,0,-2.63082,-1.26182e+08
2,0,1.75,-0.514323,0,-2.62781,-1.29081e+08
2,0,1.75,-0.514323,0,-2.62481,-1.15052e+08
2,0,1.75,-0.514323,0,-2.62181,-1.31914e+08
2,0,1.75,-0.514323,0,-2.61881,-1.33309e+08
2,0,1.75,-0.514323,0,-2.61581,-1.34647e+08
2,0,1.75,-0.514323,0,-2.61281,-1.25674e+08
2,0,1.75,-0.514323,0,-2.6098,-1.27713e+08
2,0,1.75,-0.514323,0,-2.6068,-1.21529e+08
2,0,1.75,-0.514323,0,-2.6038,-1.403e+08
2,0,1.75,-0.514323,0,-2.6008,-1.37735e+08
2,0,1.75,-0.514323,0,-2.5978,-1.35322e+08
2,0,1.75,-0.514323,0,-2.5948,-1.10745e+08
2,0,1.75,-0.514323,0,-2.5918,-1.11461e+08
2,0,1.75,-0.514323,0,-2.58879,-1.42422e+08
2,0,1.75,-0.514323,0,-2.58579,-1.37889e+08
2,0,1.75,-0.514323,0,-2.58279,-1.30642e+08
2,0,1.75,-0.514323,0,-2.57979,-1.33388e+08
2,0,1.75,-0.514323,0,-2.57679,-1.17145e+08
2,0,1.75,-0.514323,0,-2.57379,-1.31742e+08
2,0,1.75,-0.514323,0,-2.57079,-1.36627e+08
2,0,1.75,-0.514323,0,-2.56778,-1.43962e+08
2,0,1.75,-0.514323,0,-2.56478,-1.21465e+08
2,0,1.75,-0.514323,0,-2.56178,-1.22543e+08
2,0,1.75,-0.514323,0,-2.55878,-1.40328e+08
2,0,1.75,-0.514323,0,-2.55578,-1.21106e+08
2,0,1.75,-0.514323,0,-2.55278,-1.42798e+08
2,0,1.75,-0.514323,0,-2.54977,-1.26906e+08
2,0,1.75,-0.514323,0,-2.54677,-1.2086e+08
2,0,1.75,-0.514323,0,-2.54377,-1.29096e+08
2,0,1.75,-0.514323,0,-2.54077,-1.14608e+08
2,0,1.75,-0.514323,0,-2.53777,-1.1559e+08
2,0,1.75,-0.514323,0,-2.53477,-1.30735e+08
2,0,1.75,-0.514323,0,-2.53177,-1.18136e+08
2,0,1.75,-0.514323,0,-2.52876,-1.17516e+08
2,0,1.75,-0.514323,0,-2.52576,-1.24209e+08
2,0,1.75,-0.514323,0,-2.52276,-1.35018e+08
2,0,1.75,-0.514323,0,-2.51976,-1.27964e+08
2,0,1.75,-0.514323,0,-2.51676,-1.37236e+08
2,0,1.75,-0.514323,0,-2.51376,-1.40137e+08
2,0,1.75,-0.514323,0,-2.51076,-1.26934e+08
2,0,1.75,-0.514323,0,-2.50775,-1.24073e+08
2,0,1.75,-0.514323,0,-2.50475,-1.26944e+08
2,0,1.75,-0.514323,0,-2.50175,-1.42293e+08
2,0,1.75,-0.514323,0,-2.49875,-1.29656e+08
2,0,1.75,-0.514323,0,-2.49575,-1.37286e+08
2,0,1.75,-0.514323,0,-2.49275,-1.449e+08
2,0,1.75,-0.514323,0,-2.48974,-1.30443e+08
2,0,1.75,-0.514323,0,-2.48674,-1.37821e+08
2,0,1.75,-0.514323,0,-2.48374,-1.40535e+08
2,0,1.75,-0.514323,0,-2.48074,-1.44155e+08
2,0,1.75,-0.514323,0,-2.47774,-1.17877e+08
2,0,1.75,-0.514323,0,-2.47474,-1.18681e+08
2,0,1.75,-0.514323,0,-2.47174,-1.35951e+08
2,0,1.75,-0.514323,0,-2.46873,-1.34824e+08
2,0,1.75,-0.514323,0,-2.46573,-1.16518e+08
2,0,1.75,-0.514323,0,-2.46273,-1.22204e+08
2,0,1.75,-0.514323,0,-2.45973,-1.45603e+08
2,0,1.75,-0.514323,0,-2.45673,-1.23964e+08
2,0,1.75,-0.514323,0,-2.45373,-1.18608e+08
2,0,1.75,-0.514323,0,-2.45073,-1.26235e+08
2,0,1.75,-0.514323,0,-2.44772,-1.44277e+08
2,0,1.75,-0.514323,0,-2.44472,-1.23367e+08
2,0,1.75,-0.514323,0,-2.44172,-1.46068e+08
2,0,1.75,-0.514323,0,-2.43872,-1.14149e+08
2,0,1.75,-0.514323,0,-2.43572,-1.13585e+08
2,0,1.75,-0.514323,0,-2.43272,-1.20698e+08
2,0,1.75,-0.514323,0,-2.42971,-1.14991e+08
2,0,1.75,-0.514323,0,-2.42671,-1.17795e+08
2,0,1.75,-0.514323,0,-2.42371,-1.30495e+08
2,0,1.75,-0.514323,0,-2.42071,-1.18348e+08
2,0,1.75,-0.514323,0,-2.41771,-1.18055e+08
2,0,1.75,-0.514323,0,-2.41471,-1.22839e+08
2,0,1.75,-0.514323,0,-2.41171,-1.32591e+08
2,0,1.75,-0.514323,0,-2.4087,-1.37923e+08
2,0,1.75,-0.514323,0,-2.4057,-1.21545e+08
2,0,1.75,-0.514323,0,-2.4027,-1.24832e+08
2,0,1.75,-0.514323,0,-2.3997,-1.40715e+08
2,0,1.75,-0.514323,0,-2.3967,-1.23981e+08
2,0,1.75,-0.514323,0,-2.3937,-1.24514e+08
2,0,1.75,-0.514323,0,-2.3907,-1.40654e+08
2,0,1.75,-0.514323,0,-2.38769,-1.20089e+08
2,0,1.75,-0.514323,0,-2.38469,-1.36384e+08
2,0,1.75,-0.514323,0,-2.38169,-1.21666e+08
2,0,1.75,-0.514323,0,-2.37869,-1.28553e+08
2,0,1.75,-0.514323,0,-2.37569,-1.23103e+08
2,0,1.75,-0.514323,0,-2.37269,-1.14295e+08
2,0,1.75,-0.514323,0,-2.36968,-1.14675e+08
2,0,1.75,-0.514323,0,-2.36668,-1.46882e+08
2,0,1.75,-0.514323,0,-2.36368,-1.32661e+08
2,0,1.75,-0.514323,0,-2.36068,-1.18053e+08
2,0,1.75,-0.514323,0,-2.35768,-1.36119e+08
2,0,1.75,-0.514323,0,-2.35468,-1.16792e+08
2,0,1.75,-0.514323,0,-2.35168,-1.28707e+08
2,0,1.75,-0.514323,0,-2.34867,-1.36999e+08
2,0,1.75,-0.514323,0,-2.34567,-1.20206e+08
2,0,1.75,-0.514323,0,-2.34267,-1.37562e+08
2,0,1.75,-0.514323,0,-2.33967,-1.23112e+08
2,0,1.75,-0.514323,0,-2.33667,-1.46403e+08
2,0,1.75,-0.514323,0,-2.33367,-1.46137e+08
2,0,1.75,-0.514323,0,-2.33067,-1.41193e+08
2,0,1.75,-0.514323,0,-2.32766,-1.24654e+08
2,0,1.75,-0.514323,0,-2.32466,-1.42629e+08
2,0,1.75,-0.514323,0,-2.32166,-1.1615e+08
2,0,1.75,-0.514323,0,-2.31866,-1.32214e+08
2,0,1.75,-0.514323,0,-2.31566,-1.45111e+08
2,0,1.75,-0.514323,0,-2.31266,-1.15336e+08
2,0,1.75,-0.514323,0,-2.30965,-1.46592e+08
2,0,1.75,-0.514323,0,-2.30665,-1.16124e+08
2,0,1.75,-0.514323,0,-2.30365,-1.29172e+08
2,0,1.75,-0.514323,0,-2.30065,-1.30514e+08
2,0,1.75,-0.514323,0,-2.29765,-1.29323e+08
2,0,1.75,-0.514323,0,-2.29465,-1.15523e+08
2,0,1.75,-0.514323,0,-2.29165,-1.23788e+08
2,0,1.75,-0.514323,0,-2.28864,-1.3349e+08
2,0,1.75,-0.514323,0,-2.28564,-1.17722e+08
2,0,1.75,-0.514323,0,-2.28264,-1.17942e+08
2,0,1.75,-0.514323,0,-2.27964,-1.24336e+08
2,0,1.75,-0.514323,0,-2.27664,-1.19025e+08
2,0,1.75,-0.514323,0,-2.27364,-1.20413e+08
2,0,1.75,-0.514323,0,-2.27064,-1.19994e+08
2,0,1.75,-0.514323,0,-2.26763,-1.2096e+08
2,0,1.75,-0.514323,0,-2.26463,-1.21936e+08
2,0,1.75,-0.514323,0,-2.26163,-1.22488e+08
2,0,1.75,-0.514323,0,-2.25863,-1.22771e+08
2,0,1.75,-0.514323,0,-2.25563,-1.28851e+08
2,0,1.75,-0.514323,0,-2.25263,-1.23968e+08
2,0,1.75,-0.514323,0,-2.24962,-1.24565e+08
2,0,1.75,-0.514323,0,-2.24662,-1.25961e+08
2,0,1.75,-0.514323,0,-2.24362,-1.36749e+08
2,0,1.75,-0.514323,0,-2.24062,-1.44638e+08
2,0,1.75,-0.514323,0,-2.23762,-1.26965e+08
2,0,1.75,-0.514323,0,-2.23462,-1.27556e+08
2,0,1.75,-0.514323,0,-2.23162,-1.28168e+08
2,0,1.75,-0.514323,0,-2.22861,-1.46505e+08
2,0,1.75,-0.514323,0,-2.22561,-1.33592e+08
2,0,1.75,-0.514323,0,-2.22261,-1.2992e+08
2,0,1.75,-0.514323,0,-2.21961,-1.30253e+08
2,0,1.75,-0.514323,0,-2.21661,-1.39829e+08
2,0,1.75,-0.514323,0,-2.21361,-1.15389e+08
2,0,1.75,-0.514323,0,-2.21061,-1.3898e+08
2,0,1.75,-0.514323,0,-2.2076,-1.3845e+08
2,0,1.75,-0.514323,0,-2.2046,-1.16943e+08
2,0,1.75,-0.514323,0,-2.2016,-1.34073e+08
2,0,1.75,-0.514323,0,-2.1986,-1.41951e+08
2,0,1.75,-0.514323,0,-2.1956,-1.42342e+08
2,0,1.75,-0.514323,0,-2.1926,-1.42986e+08
2,0,1.75,-0.514323,0,-2.18959,-1.3712e+08
2,0,1.75,-0.514323,0,-2.18659,-1.37079e+08
2,0,1.75,-0.514323,0,-2.18359,-1.20156e+08
2,0,1.75,-0.514323,0,-2.18059,-1.4094e+08
2,0,1.75,-0.514323,0,-2.17759,-1.40118e+08
2,0,1.75,-0.514323,0,-2.17459,-1.22851e+08
2,0,1.75,-0.514323,0,-2.17159,-1.40407e+08
2,0,1.75,-0.514323,0,-2.16858,-1.40501e+08
2,0,1.75,-0.514323,0,-2.16558,-1.17132e+08
2,0,1.75,-0.514323,0,-2.16258,-1.41809e+08
2,0,1.75,-0.514323,0,-2.15958,-1.14786e+08
2,0,1.75,-0.514323,0,-2.15658,-1.45596e+08
2,0,1.75,-0.514323,0,-2.15358,-1.45268e+08
2,0,1.75,-0.514323,0,-2.15058,-1.16075e+08
2,0,1.75,-0.514323,0,-2.14757,-1.26486e+08
2,0,1.75,-0.514323,0,-2.14457,-1.46857e+08
2,0,1.75,-0.514323,0,-2.14157,-1.45719e+08
2,0,1.75,-0.514323,0,-2.13857,-1.18071e+08
2,0,1.75,-0.514323,0,-2.13557,-1.28139e+08
2,0,1.75,-0.514323,0,-2.13257,-1.2521e+08
2,0,1.75,-0.514323,0,-2.12956,-1.15173e+08
2,0,1.75,-0.514323,0,-2.12656,-1.3005e+08
2,0,1.75,-0.514323,0,-2.12356,-1.28335e+08
2,0,1.75,-0.514323,0,-2.12056,-1.17151e+08
2,0,1.75,-0.514323,0,-2.11756,-1.32332e+08
2,0,1.75,-0.514323,0,-2.11456,-1.31889e+08
2,0,1.75,-0.514323,0,-2.11156,-1.33207e+08
2,0,1.75,-0.514323,0,-2.10855,-1.29741e+08
2,0,1.75,-0.514323,0,-2.10555,-1.29085e+08
2,0,1.75,-0.514323,0,-2.10255,-1.30224e+08
2,0,1.75,-0.514323,0,-2.09955,-1.27507e+08
2,0,1.75,-0.514323,0,-2.09655,-1.39054e+08
2,0,1.75,-0.514323,0,-2.09355,-1.21245e+08
2,0,1.75,-0.514323,0,-2.09055,-1.1995e+08
2,0,1.75,-0.514323,0,-2.08754,-1.24879e+08
2,0,1.75,-0.514323,0,-2.08454,-1.23373e+08
2,0,1.75,-0.514323,0,-2.08154,-1.37915e+08
2,0,1.75,-0.514323,0,-2.07854,-1.21623e+08
2,0,1.75,-0.514323,0,-2.07554,-1.27715e+08
2,0,1.75,-0.514323,0,-2.07254,-1.26155e+08
2,0,1.75,-0.514323,0,-2.06953,-1.22977e+08
2,0,1.75,-0.514323,0,-2.06653,-1.39744e+08
2,0,1.75,-0.514323,0,-2.06353,-1.2391e+08
2,0,1.75,-0.514323,0,-2.06053,-1.15757e+08
2,0,1.75,-0.514323,0,-2.05753,-1.25519e+08
2,0,1.75,-0.514323,0,-2.05453,-1.25779e+08
2,0,1.75,-0.514323,0,-2.05153,-1.25425e+08
2,0,1.75,-0.514323,0,-2.04852,-1.42909e+08
2,0,1.75,-0.514323,0,-2.04552,-1.16828e+08
2,0,1.75,-0.514323,0,-2.04252,-1.27211e+08
2,0,1.75,-0.514323,0,-2.03952,-1.15969e+08
2,0,1.75,-0.514323,0,-2.03652,-1.19828e+08
2,0,1.75,-0.514323,0,-2.03352,-1.44627e+08
2,0,1.75,-0.514323,0,-2.03052,-1.1576e+08
2,0,1.75,-0.514323,0,-2.02751,-1.45926e+08
2,0,1.75,-0.514323,0,-2.02451,-1.20574e+08
2,0,1.75,-0.514323,0,-2.02151,-1.15469e+08
2,0,1.75,-0.514323,0,-2.01851,-1.16446e+08
2,0,1.75,-0.514323,0,-2.01551,-1.16141e+08
2,0,1.75,-0.514323,0,-2.01251,-1.48157e+08
2,0,1.75,-0.514323,0,-2.0095,-1.18783e+08
2,0,1.75,-0.514323,0,-2.0065,-1.48978e+08
2,0,1.75,-0.514323,0,-2.0035,-1.22215e+08
2,0,1.75,-0.514323,0,-2.0005,-1.49898e+08
2,0,1.75,-0.514323,0,-1.9975,-1.21573e+08
2,0,1.75,-0.514323,0,-1.9945,-1.19425e+08
2,0,1.75,-0.514323,0,-1.9915,-1.1596e+08
2,0,1.75,-0.514323,0,-1.98849,-1.16e+08
2,0,1.75,-0.514323,0,-1.98549,-1.46926e+08
2,0,1.75,-0.514323,0,-1.98249,-1.21884e+08
2,0,1.75,-0.514323,0,-1.97949,-1.20753e+08
2,0,1.75,-0.514323,0,-1.97649,-1.21034e+08
2,0,1.75,-0.514323,0,-1.97349,-1.17581e+08
2,0,1.75,-0.514323,0,-1.97049,-1.18026e+08
2,0,1.75,-0.514323,0,-1.96748,-1.17891e+08
2,0,1.75,-0.514323,0,-1.96448,-1.27875e+08
2,0,1.75,-0.514323,0,-1.96148,-1.24936e+08
2,0,1.75,-0.514323,0,-1.95848,-1.20763e+08
2,0,1.75,-0.514323,0,-1.95548,-1.19889e+08
2,0,1.75,-0.514323,0,-1.95248,-1.15756e+08
2,0,1.75,-0.514323,0,-1.94947,-1.23415e+08
2,0,1.75,-0.514323,0,-1.94647,-1.24153e+08
2,0,1.75,-0.514323,0,-1.94347,-1.20276e+08
2,0,1.75,-0.514323,0,-1.94047,-1.16831e+08
2,0,1.75,-0.514323,0,-1.93747,-1.17348e+08
2,0,1.75,-0.514323,0,-1.93447,-1.16455e+08
2,0,1.75,-0.514323,0,-1.93147,-1.216e+08
2,0,1.75,-0.514323,0,-1.92846,-1.2189e+08
2,0,1.75,-0.514323,0,-1.92546,-1.22088e+08
2,0,1.75,-0.514323,0,-1.92246,-1.15313e+08
2,0,1.75,-0.514323,0,-1.91946,-1.16744e+08
2,0,1.75,-0.514323,0,-1.91646,-1.16204e+08
2,0,1.75,-0.514323,0,-1.91346,-1.16535e+08
2,0,1.75,-0.514323,0,-1.91046,-1.23603e+08
2,0,1.75,-0.514323,0,-1.90745,-1.17066e+08
2,0,1.75,-0.514323,0,-1.90445,-1.17032e+08
2,0,1.75,-0.514323,0,-1.90145,-1.25669e+08
2,0,1.75,-0.514323,0,-1.89845,-1.17854e+08
2,0,1.75,-0.514323,0,-1.89545,-1.2218e+08
2,0,1.75,-0.514323,0,-1.89245,-1.182e+08
2,0,1.75,-0.514323,0,-1.88944,-1.26208e+08
2,0,1.75,-0.514323,0,-1.88644,-1.18846e+08
2,0,1.75,-0.514323,0,-1.88344,-1.22221e+08
2,0,1.75,-0.514323,0,-1.88044,-1.1934e+08
2,0,1.75,-0.514323,0,-1.87744,-1.26545e+08
2,0,1.75,-0.514323,0,-1.87444,-1.19639e+08
2,0,1.75,-0.514323,0,-1.87144,-1.30067e+08
2,0,1.75,-0.514323,0,-1.86843,-1.19853e+08
2,0,1.75,-0.514323,0,-1.86543,-1.20487e+08
2,0,1.75,-0.514323,0,-1.86243,-1.30627e+08
2,0,1.75,-0.514323,0,-1.85943,-1.22732e+08
2,0,1.75,-0.514323,0,-1.85643,-1.20969e+08
2,0,1.75,-0.514323,0,-1.85343,-1.28505e+08
2,0,1.75,-0.514323,0,-1.85043,-1.21524e+08
2,0,1.75,-0.514323,0,-1.84742,-1.23053e+08
2,0,1.75,-0.514323,0,-1.84442,-1.29224e+08
2,0,1.75,-0.514323,0,-1.84142,-1.23873e+08
2,0,1.75,-0.514323,0,-1.83842,-1.23354e+08
2,0,1.75,-0.514323,0,-1.83542,-1.30155e+08
2,0,1.75,-0.514323,0,-1.83242,-1.23928e+08
2,0,1.75,-0.514323,0,-1.82941,-1.18403e+08
2,0,1.75,-0.514323,0,-1.82641,-1.23901e+08
2,0,1.75,-0.514323,0,-1.82341,-1.23926e+08
2,0,1.75,-0.514323,0,-1.82041,-1.19439e+08
2,0,1.75,-0.514323,0,-1.81741,-1.2652e+08
2,0,1.75,-0.514323,0,-1.81441,-1.194e+08
2,0,1.75,-0.514323,0,-1.81141,-1.35385e+08
2,0,1.75,-0.514323,0,-1.8084,-1.25126e+08
2,0,1.75,-0.514323,0,-1.8054,-1.2122e+08
2,0,1.75,-0.514323,0,-1.8024,-1.24651e+08
2,0,1.75,-0.514323,0,-1.7994,-1.24709e+08
2,0,1.75,-0.514323,0,-1.7964,-1.20826e+08
2,0,1.75,-0.514323,0,-1.7934,-1.3342e+08
2,0,1.75,-0.514323,0,-1.7904,-1.28197e+08
2,0,1.75,-0.514323,0,-1.78739,-1.33395e+08
2,0,1.75,-0.514323,0,-1.78439,-1.25917e+08
2,0,1.75,-0.514323,0,-1.78139,-1.25785e+08
2,0,1.75,-0.514323,0,-1.77839,-1.21776e+08
2,0,1.75,-0.514323,0,-1.77539,-1.2664e+08
2,0,1.75,-0.514323,0,-1.77239,-1.34365e+08
2,0,1.75,-0.514323,0,-1.76938,-1.35415e+08
2,0,1.75,-0.514323,0,-1.76638,-1.27706e+08
2,0,1.75,-0.514323,0,-1.76338,-1.2843e+08
2,0,1.75,-0.514323,0,-1.76038,-1.27265e+08
2,0,1.75,-0.514323,0,-1.75738,-1.3231e+08
2,0,1.75,-0.514323,0,-1.75438,-1.28397e+08
2,0,1.75,-0.514323,0,-1.75138,-1.27985e+08
2,0,1.75,-0.514323,0,-1.74837,-1.36034e+08
2,0,1.75,-0.514323,0,-1.74537,-1.22207e+08
2,0,1.75,-0.514323,0,-1.74237,-1.21721e+08
2,0,1.75,-0.514323,0,-1.73937,-1.23722e+08
2,0,1.75,-0.514323,0,-1.73637,-1.17721e+08
2,0,1.75,-0.514323,0,-1.73337,-1.28859e+08
2,0,1.75,-0.514323,0,-1.73037,-1.28529e+08
2,0,1.75,-0.514323,0,-1.72736,-1.23309e+08
2,0,1.75,-0.514323,0,-1.72436,-1.24394e+08
2,0,1.75,-0.514323,0,-1.72136,-1.29648e+08
2,0,1.75,-0.514323,0,-1.71836,-1.38014e+08
2,0,1.75,-0.514323,0,-1.71536,-1.30007e+08
2,0,1.75,-0.514323,0,-1.71236,-1.29578e+08
2,0,1.75,-0.514323,0,-1.70935,-1.31342e+08
2,0,1.75,-0.514323,0,-1.70635,-1.26114e+08
2,0,1.75,-0.514323,0,-1.70335,-1.38123e+08
2,0,1.75,-0.514323,0,-1.70035,-1.29818e+08
2,0,1.75,-0.514323,0,-1.69735,-1.22961e+08
2,0,1.75,-0.514323,0,-1.69435,-1.38112e+08
2,0,1.75,-0.514323,0,-1.69135,-1.31059e+08
2,0,1.75,-0.514323,0,-1.68834,-1.38309e+08
2,0,1.75,-0.514323,0,-1.68534,-1.30221e+08
2,0,1.75,-0.514323,0,-1.68234,-1.25163e+08
2,0,1.75,-0.514323,0,-1.67934,-1.17129e+08
2,0,1.75,-0.514323,0,-1.67634,-1.39658e+08
2,0,1.75,-0.514323,0,-1.67334,-1.31753e+08
2,0,1.75,-0.514323,0,-1.67034,-1.31457e+08
2,0,1.75,-0.514323,0,-1.66733,-1.38618e+08
2,0,1.75,-0.514323,0,-1.66433,-1.30821e+08
2,0,1.75,-0.514323,0,-1.66133,-1.26666e+08
2,0,1.75,-0.514323,0,-1.65833,-1.31296e+08
2,0,1.75,-0.514323,0,-1.65533,-1.31021e+08
2,0,1.75,-0.514323,0,-1.65233,-1.25398e+08
2,0,1.75,-0.514323,0,-1.64932,-1.31432e+08
2,0,1.75,-0.514323,0,-1.64632,-1.38846e+08
2,0,1.75,-0.514323,0,-1.64332,-1.33164e+08
2,0,1.75,-0.514323,0,-1.64032,-1.31309e+08
2,0,1.75,-0.514323,0,-1.63732,-1.35274e+08
2,0,1.75,-0.514323,0,-1.63432,-1.32402e+08
2,0,1.75,-0.514323,0,-1.63132,-1.39061e+08
2,0,1.75,-0.514323,0,-1.62831,-1.39968e+08
2,0,1.75,-0.514323,0,-1.62531,-1.40313e+08
2,0,1.75,-0.514323,0,-1.62231,-1.32787e+08
2,0,1.75,-0.514323,0,-1.61931,-1.20226e+08
2,0,1.75,-0.514323,0,-1.61631,-1.39515e+08
2,0,1.75,-0.514323,0,-1.61331,-1.33083e+08
2,0,1.75,-0.514323,0,-1.61031,-1.27098e+08
2,0,1.75,-0.514323,0,-1.6073,-1.39871e+08
2,0,1.75,-0.514323,0,-1.6043,-1.41341e+08
2,0,1.75,-0.514323,0,-1.6013,-1.31909e+08
2,0,1.75,-0.514323,0,-1.5983,-1.26202e+08
2,0,1.75,-0.514323,0,-1.5953,-1.32138e+08
2,0,1.75,-0.514323,0,-1.5923,-1.2605e+08
2,0,1.75,-0.514323,0,-1.58929,-1.25241e+08
2,0,1.75,-0.514323,0,-1.58629,-1.36548e+08
2,0,1.75,-0.514323,0,-1.58329,-1.40134e+08
2,0,1.75,-0.514323,0,-1.58029,-1.35514e+08
2,0,1.75,-0.514323,0,-1.57729,-1.41118e+08
2,0,1.75,-0.514323,0,-1.57429,-1.40052e+08
2,0,1.75,-0.514323,0,-1.57129,-1.33249e+08
2,0,1.75,-0.514323,0,-1.56828,-1.39735e+08
2,0,1.75,-0.514323,0,-1.56528,-1.25988e+08
2,0,1.75,-0.514323,0,-1.56228,-1.31379e+08
2,0,1.75,-0.514323,0,-1.55928,-1.26129e+08
2,0,1.75,-0.514323,0,-1.55628,-1.24717e+08
2,0,1.75,-0.514323,0,-1.55328,-1.2468e+08
2,0,1.75,-0.514323,0,-1.55028,-1.3949e+08
2,0,1.75,-0.514323,0,-1.54727,-1.34036e+08
2,0,1.75,-0.514323,0,-1.54427,-1.35032e+08
2,0,1.75,-0.514323,0,-1.54127,-1.33548e+08
2,0,1.75,-0.514323,0,-1.53827,-1.31303e+08
2,0,1.75,-0.514323,0,-1.53527,-1.30914e+08
2,0,1.75,-0.514323,0,-1.53227,-1.31961e+08
2,0,1.75,-0.514323,0,-1.52926,-1.19947e+08
2,0,1.75,-0.514323,0,-1.52626,-1.39589e+08
2,0,1.75,-0.514323,0,-1.52326,-1.34376e+08
2,0,1.75,-0.514323,0,-1.52026,-1.30558e+08
2,0,1.75,-0.514323,0,-1.51726,-1.30351e+08
2,0,1.75,-0.514323,0,-1.51426,-1.30595e+08
2,0,1.75,-0.514323,0,-1.51126,-1.38389e+08
2,0,1.75,-0.514323,0,-1.50825,-1.30238e+08
2,0,1.75,-0.514323,0,-1.50525,-1.33134e+08
2,0,1.75,-0.514323,0,-1.50225,-1.38092e+08
2,0,1.75,-0.514323,0,-1.49925,-1.3023e+08
2,0,1.75,-0.514323,0,-1.49625,-1.40211e+08
2,0,1.75,-0.514323,0,-1.49325,-1.3215e+08
2,0,1.75,-0.514323,0,-1.49025,-1.25084e+08
2,0,1.75,-0.514323,0,-1.48724,-1.37571e+08
2,0,1.75,-0.514323,0,-1.48424,-1.23892e+08
2,0,1.75,-0.514323,0,-1.48124,-1.28982e+08
2,0,1.75,-0.514323,0,-1.47824,-1.36995e+08
2,0,1.75,-0.514323,0,-1.47524,-1.29112e+08
2,0,1.75,-0.514323,0,-1.47224,-1.24046e+08
2,0,1.75,-0.514323,0,-1.46923,-1.30597e+08
2,0,1.75,-0.514323,0,-1.46623,-1.30621e+08
2,0,1.75,-0.514323,0,-1.46323,-1.36551e+08
2,0,1.75,-0.514323,0,-1.46023,-1.27997e+08
2,0,1.75,-0.514323,0,-1.45723,-1.23101e+08
2,0,1.75,-0.514323,0,-1.45423,-1.23069e+08
2,0,1.75,-0.514323,0,-1.45123,-1.22311e+08
2,0,1.75,-0.514323,0,-1.44822,-1.27317e+08
2,0,1.75,-0.514323,0,-1.44522,-1.2712e+08
2,0,1.75,-0.514323,0,-1.44222,-1.26767e+08
2,0,1.75,-0.514323,0,-1.43922,-1.34576e+08
2,0,1.75,-0.514323,0,-1.43622,-1.39478e+08
2,0,1.75,-0.514323,0,-1.43322,-1.34549e+08
2,0,1.75,-0.514323,0,-1.43022,-1.3491e+08
2,0,1.75,-0.514323,0,-1.42721,-1.25903e+08
2,0,1.75,-0.514323,0,-1.42421,-1.31692e+08
2,0,1.75,-0.514323,0,-1.42121,-1.36742e+08
2,0,1.75,-0.514323,0,-1.41821,-1.25661e+08
2,0,1.75,-0.514323,0,-1.41521,-1.20604e+08
2,0,1.75,-0.514323,0,-1.41221,-1.24721e+08
2,0,1.75,-0.514323,0,-1.4092,-1.24521e+08
2,0,1.75,-0.514323,0,-1.4062,-1.3204e+08
2,0,1.75,-0.514323,0,-1.4032,-1.23966e+08
2,0,1.75,-0.514323,0,-1.4002,-1.24813e+08
2,0,1.75,-0.514323,0,-1.3972,-1.26788e+08
2,0,1.75,-0.514323,0,-1.3942,-1.235e+08
2,0,1.75,-0.514323,0,-1.3912,-1.3139e+08
2,0,1.75,-0.514323,0,-1.38819,-1.17944e+08
2,0,1.75,-0.514323,0,-1.38519,-1.30194e+08
2,0,1.75,-0.514323,0,-1.38219,-1.29157e+08
2,0,1.75,-0.514323,0,-1.37919,-1.22391e+08
2,0,1.75,-0.514323,0,-1.37619,-1.30902e+08
2,0,1.75,-0.514323,0,-1.37319,-1.24686e+08
2,0,1.75,-0.514323,0,-1.37019,-1.21179e+08
2,0,1.75,-0.514323,0,-1.36718,-1.20746e+08
2,0,1.75,-0.514323,0,-1.36418,-1.27792e+08
2,0,1.75,-0.514323,0,-1.36118,-1.27725e+08
2,0,1.75,-0.514323,0,-1.35818,-1.18109e+08
2,0,1.75,-0.514323,0,-1.35518,-1.21738e+08
2,0,1.75,-0.514323,0,-1.35218,-1.14661e+08
2,0,1.75,-0.514323,0,-1.34917,-1.26304e+08
2,0,1.75,-0.514323,0,-1.34617,-1.24114e+08
2,0,1.75,-0.514323,0,-1.34317,-1.22787e+08
2,0,1.75,-0.514323,0,-1.34017,-1.25502e+08
2,0,1.75,-0.514323,0,-1.33717,-1.17347e+08
2,0,1.75,-0.514323,0,-1.33417,-1.21872e+08
2,0,1.75,-0.514323,0,-1.33117,-1.18006e+08
2,0,1.75,-0.514323,0,-1.32816,-1.18288e+08
2,0,1.75,-0.514323,0,-1.32516,-1.22654e+08
2,0,1.75,-0.514323,0,-1.32216,-1.19156e+08
2,0,1.75,-0.514323,0,-1.31916,-1.22335e+08
2,0,1.75,-0.514323,0,-1.31616,-1.14823e+08
2,0,1.75,-0.514323,0,-1.31316,-1.21323e+08
2,0,1.75,-0.514323,0,-1.31016,-1.2297e+08
2,0,1.75,-0.514323,0,-1.30715,-1.18793e+08
2,0,1.75,-0.514323,0,-1.30415,-1.20099e+08
2,0,1.75,-0.514323,0,-1.30115,-1.14901e+08
2,0,1.75,-0.514323,0,-1.29815,-1.1699e+08
2,0,1.75,-0.514323,0,-1.29515,-1.23984e+08
2,0,1.75,-0.514323,0,-1.29215,-1.16151e+08
2,0,1.75,-0.514323,0,-1.28914,-1.17487e+08
2,0,1.75,-0.514323,0,-1.28614,-1.15255e+08
2,0,1.75,-0.514323,0,-1.28314,-1.17487e+08
2,0,1.75,-0.514323,0,-1.28014,-1.14373e+08
2,0,1.75,-0.514323,0,-1.27714,-1.17996e+08
2,0,1.75,-0.514323,0,-1.27414,-1.15832e+08
2,0,1.75,-0.514323,0,-1.27114,-1.19885e+08
2,0,1.75,-0.514323,0,-1.26813,-1.24587e+08
2,0,1.75,-0.514323,0,-1.26513,-1.24185e+08
2,0,1.75,-0.514323,0,-1.26213,-1.4827e+08
2,0,1.75,-0.514323,0,-1.25913,-1.22958e+08
2,0,1.75,-0.514323,0,-1.25613,-1.2244e+08
2,0,1.75,-0.514323,0,-1.25313,-1.46246e+08
2,0,1.75,-0.514323,0,-1.25013,-1.37103e+08
2,0,1.75,-0.514323,0,-1.24712,-1.20734e+08
2,0,1.75,-0.514323,0,-1.24412,-1.20259e+08
2,0,1.75,-0.514323,0,-1.24112,-1.34823e+08
2,0,1.75,-0.514323,0,-1.23812,-1.44498e+08
2,0,1.75,-0.514323,0,-1.23512,-1.42397e+08
2,0,1.75,-0.514323,0,-1.23212,-1.24485e+08
2,0,1.75,-0.514323,0,-1.22911,-1.40599e+08
2,0,1.75,-0.514323,0,-1.22611,-1.42918e+08
2,0,1.75,-0.514323,0,-1.22311,-1.31092e+08
2,0,1.75,-0.514323,0,-1.22011,-1.15313e+08
2,0,1.75,-0.514323,0,-1.21711,-1.29328e+08
2,0,1.75,-0.514323,0,-1.21411,-1.38461e+08
2,0,1.75,-0.514323,0,-1.21111,-1.36353e+08
2,0,1.75,-0.514323,0,-1.2081,-1.27175e+08
2,0,1.75,-0.514323,0,-1.2051,-1.2385e+08
2,0,1.75,-0.514323,0,-1.2021,-1.33703e+08
2,0,1.75,-0.514323,0,-1.1991,-1.18685e+08
2,0,1.75,-0.514323,0,-1.1961,-1.2445e+08
2,0,1.75,-0.514323,0,-1.1931,-1.23556e+08
2,0,1.75,-0.514323,0,-1.1901,-1.14948e+08
2,0,1.75,-0.514323,0,-1.18709,-1.22016e+08
2,0,1.75,-0.514323,0,-1.18409,-1.29421e+08
2,0,1.75,-0.514323,0,-1.18109,-1.27228e+08
2,0,1.75,-0.514323,0,-1.17809,-1.3653e+08
2,0,1.75,-0.514323,0,-1.17509,-1.18596e+08
2,0,1.75,-0.514323,0,-1.17209,-1.24988e+08
2,0,1.75,-0.514323,0,-1.16908,-1.24291e+08
2,0,1.75,-0.514323,0,-1.16608,-1.23323e+08
2,0,1.75,-0.514323,0,-1.16308,-1.2334e+08
2,0,1.75,-0.514323,0,-1.16008,-1.26171e+08
2,0,1.75,-0.514323,0,-1.15708,-1.38391e+08
2,0,1.75,-0.514323,0,-1.15408,-1.2175e+08
2,0,1.75,-0.514323,0,-1.15108,-1.18649e+08
2,0,1.75,-0.514323,0,-1.14807,-1.19275e+08
2,0,1.75,-0.514323,0,-1.14507,-1.3488e+08
2,0,1.75,-0.514323,0,-1.14207,-1.16172e+08
2,0,1.75,-0.514323,0,-1.13907,-1.14841e+08
2,0,1.75,-0.514323,0,-1.13607,-1.15362e+08
2,0,1.75,-0.514323,0,-1.13307,-1.3463e+08
2,0,1.75,-0.514323,0,-1.13007,-1.14018e+08
2,0,1.75,-0.514323,0,-1.12706,-1.45246e+08
2,0,1.75,-0.514323,0,-1.12406,-1.14167e+08
2,0,1.75,-0.514323,0,-1.12106,-1.42863e+08
2,0,1.75,-0.514323,0,-1.11806,-1.33309e+08
2,0,1.75,-0.514323,0,-1.11506,-1.39665e+08
2,0,1.75,-0.514323,0,-1.11206,-1.2179e+08
2,0,1.75,-0.514323,0,-1.10905,-1.3715e+08
2,0,1.75,-0.514323,0,-1.10605,-1.36371e+08
2,0,1.75,-0.514323,0,-1.10305,-1.36051e+08
2,0,1.75,-0.514323,0,-1.10005,-1.37495e+08
2,0,1.75,-0.514323,0,-1.09705,-1.20258e+08
2,0,1.75,-0.514323,0,-1.09405,-1.30117e+08
2,0,1.75,-0.514323,0,-1.09105,-1.2932e+08
2,0,1.75,-0.514323,0,-1.08804,-1.27451e+08
2,0,1.75,-0.514323,0,-1.08504,-1.18859e+08
2,0,1.75,-0.514323,0,-1.08204,-1.24082e+08
2,0,1.75,-0.514323,0,-1.07904,-1.23636e+08
2,0,1.75,-0.514323,0,-1.07604,-1.21569e+08
2,0,1.75,-0.514323,0,-1.07304,-1.22674e+08
2,0,1.75,-0.514323,0,-1.07004,-1.19178e+08
2,0,1.75,-0.514323,0,-1.06703,-1.17367e+08
2,0,1.75,-0.514323,0,-1.06403,-1.3752e+08
2,0,1.75,-0.514323,0,-1.06103,-1.31283e+08
2,0,1.75,-0.514323,0,-1.05803,-1.12953e+08
2,0,1.75,-0.514323,0,-1.05503,-1.32587e+08
2,0,1.75,-0.514323,0,-1.05203,-1.43213e+08
2,0,1.75,-0.514323,0,-1.04902,-1.41027e+08
2,0,1.75,-0.514323,0,-1.04602,-1.22502e+08
2,0,1.75,-0.514323,0,-1.04302,-1.41053e+08
2,0,1.75,-0.514323,0,-1.04002,-1.3523e+08
2,0,1.75,-0.514323,0,-1.03702,-1.1697e+08
2,0,1.75,-0.514323,0,-1.03402,-1.30526e+08
2,0,1.75,-0.514323,0,-1.03102,-1.29198e+08
2,0,1.75,-0.514323,0,-1.02801,-1.26359e+08
2,0,1.75,-0.514323,0,-1.02501,-1.25992e+08
2,0,1.75,-0.514323,0,-1.02201,-1.40452e+08
2,0,1.75,-0.514323,0,-1.01901,-1.37965e+08
2,0,1.75,-0.514323,0,-1.01601,-1.1846e+08
2,0,1.75,-0.514323,0,-1.01301,-1.34032e+08
2,0,1.75,-0.514323,0,-1.01001,-1.14233e+08
2,0,1.75,-0.514323,0,-1.007,-1.37119e+08
2,0,1.75,-0.514323,0,-1.004,-1.34415e+08
2,0,1.75,-0.514323,0,-1.001,-1.31737e+08
2,0,1.75,-0.514323,0,-0.997999,-1.12916e+08
2,0,1.75,-0.514323,0,-0.994997,-1.26317e+08
2,0,1.75,-0.514323,0,-0.991996,-1.34805e+08
2,0,1.75,-0.514323,0,-0.988994,-1.205e+08
2,0,1.75,-0.514323,0,-0.985993,-1.27266e+08
2,0,1.75,-0.514323,0,-0.982991,-1.23329e+08
2,0,1.75,-0.514323,0,-0.97999,-1.3888e+08
2,0,1.75,-0.514323,0,-0.976988,-1.09101e+08
2,0,1.75,-0.514323,0,-0.973987,-1.14011e+08
2,0,1.75,-0.514323,0,-0.970985,-1.10967e+08
2,0,1.75,-0.514323,0,-0.967984,-1.24252e+08
2,0,1.75,-0.514323,0,-0.964982,-1.34721e+08
2,0,1.75,-0.514323,0,-0.961981,-1.34186e+08
2,0,1.75,-0.514323,0,-0.958979,-1.19352e+08
2,0,1.75,-0.514323,0,-0.955978,-1.18831e+08
2,0,1.75,-0.514323,0,-0.952976,-1.39681e+08
2,0,1.75,-0.514323,0,-0.949975,-1.33419e+08
2,0,1.75,-0.514323,0,-0.946973,-1.12475e+08
2,0,1.75,-0.514323,0,-0.943972,-1.16427e+08
2,0,1.75,-0.514323,0,-0.94097,-1.204e+08
2,0,1.75,-0.514323,0,-0.937969,-1.07249e+08
2,0,1.75,-0.514323,0,-0.934967,-1.2285e+08
2,0,1.75,-0.514323,0,-0.931966,-1.09052e+08
2,0,1.75,-0.514323,0,-0.928964,-1.12541e+08
2,0,1.75,-0.514323,0,-0.925963,-1.08176e+08
2,0,1.75,-0.514323,0,-0.922961,-1.1201e+08
2,0,1.75,-0.514323,0,-0.91996,-1.1392e+08
2,0,1.75,-0.514323,0,-0.916958,-1.20012e+08
2,0,1.75,-0.514323,0,-0.913957,-1.27935e+08
2,0,1.75,-0.514323,0,-0.910955,-1.19402e+08
2,0,1.75,-0.514323,0,-0.907954,-1.11405e+08
2,0,1.75,-0.514323,0,-0.904952,-1.16232e+08
2,0,1.75,-0.514323,0,-0.901951,-1.24902e+08
2,0,1.75,-0.514323,0,-0.898949,-1.2612e+08
2,0,1.75,-0.514323,0,-0.895948,-1.2921e+08
2,0,1.75,-0.514323,0,-0.892946,-1.09853e+08
2,0,1.75,-0.514323,0,-0.889945,-1.16301e+08
2,0,1.75,-0.514323,0,-0.886943,-1.22119e+08
2,0,1.75,-0.514323,0,-0.883942,-1.25061e+08
2,0,1.75,-0.514323,0,-0.88094,-1.0987e+08
2,0,1.75,-0.514323,0,-0.877939,-1.07551e+08
2,0,1.75,-0.514323,0,-0.874937,-9.67599e+07
2,0,1.75,-0.514323,0,-0.871936,9.81514e+07
2,0,1.75,-0.514323,0,-0.868934,1.07533e+08
2,0,1.75,-0.514323,0,-0.865933,1.01216e+08
2,0,1.75,-0.514323,0,-0.862931,1.20599e+08
2,0,1.75,-0.514323,0,-0.85993,1.10304e+08
2,0,1.75,-0.514323,0,-0.856928,1.03033e+08
2,0,1.75,-0.514323,0,-0.853927,1.23433e+08
2,0,1.75,-0.514323,0,-0.850925,1.32781e+08
2,0,1.75,-0.514323,0,-0.847924,1.15171e+08
2,0,1.75,-0.514323,0,-0.844922,1.291e+08
2,0,1.75,-0.514323,0,-0.841921,1.07428e+08
2,0,1.75,-0.514323,0,-0.838919,1.25432e+08
2,0,1.75,-0.514323,0,-0.835918,1.28255e+08
2,0,1.75,-0.514323,0,-0.832916,1.22445e+08
2,0,1.75,-0.514323,0,-0.829915,1.18224e+08
2,0,1.75,-0.514323,0,-0.826913,1.11292e+08
2,0,1.75,-0.514323,0,-0.823912,1.11169e+08
2,0,1.75,-0.514323,0,-0.82091,1.13934e+08
2,0,1.75,-0.514323,0,-0.817909,1.19177e+08
2,0,1.75,-0.514323,0,-0.814907,1.1662e+08
2,0,1.75,-0.514323,0,-0.811906,1.41398e+08
2,0,1.75,-0.514323,0,-0.808904,1.3495e+08
2,0,1.75,-0.514323,0,-0.805903,1.34386e+08
2,0,1.75,-0.514323,0,-0.802901,1.10173e+08
2,0,1.75,-0.514323,0,-0.7999,1.17539e+08
2,0,1.75,-0.514323,0,-0.796898,1.28203e+08
2,0,1.75,-0.514323,0,-0.793897,1.20144e+08
2,0,1.75,-0.514323,0,-0.790895,1.41066e+08
2,0,1.75,-0.514323,0,-0.787894,1.10789e+08
2,0,1.75,-0.514323,0,-0.784892,1.09409e+08
2,0,1.75,-0.514323,0,-0.781891,1.39403e+08
2,0,1.75,-0.514323,0,-0.778889,1.11824e+08
2,0,1.75,-0.514323,0,-0.775888,1.14263e+08
2,0,1.75,-0.514323,0,-0.772886,1.18066e+08
2,0,1.75,-0.514323,0,-0.769885,1.21784e+08
2,0,1.75,-0.514323,0,-0.766883,1.25354e+08
2,0,1.75,-0.514323,0,-0.763882,1.25584e+08
2,0,1.75,-0.514323,0,-0.76088,1.35392e+08
2,0,1.75,-0.514323,0,-0.757879,1.15898e+08
2,0,1.75,-0.514323,0,-0.754877,1.4059e+08
2,0,1.75,-0.514323,0,-0.751876,1.26263e+08
2,0,1.75,-0.514323,0,-0.748874,1.29681e+08
2,0,1.75,-0.514323,0,-0.745873,1.24906e+08
2,0,1.75,-0.514323,0,-0.742871,1.36283e+08
2,0,1.75,-0.514323,0,-0.73987,1.39517e+08
2,0,1.75,-0.514323,0,-0.736868,1.11036e+08
2,0,1.75,-0.514323,0,-0.733867,1.13964e+08
2,0,1.75,-0.514323,0,-0.730865,1.23031e+08
2,0,1.75,-0.514323,0,-0.727864,1.19393e+08
2,0,1.75,-0.514323,0,-0.724862,1.37938e+08
2,0,1.75,-0.514323,0,-0.721861,1.40827e+08
2,0,1.75,-0.514323,0,-0.718859,1.2493e+08
2,0,1.75,-0.514323,0,-0.715858,1.19655e+08
2,0,1.75,-0.514323,0,-0.712856,1.27174e+08
2,0,1.75,-0.514323,0,-0.709855,1.17475e+08
2,0,1.75,-0.514323,0,-0.706853,1.35744e+08
2,0,1.75,-0.514323,0,-0.703852,1.39336e+08
2,0,1.75,-0.514323,0,-0.70085,1.41041e+08
2,0,1.75,-0.514323,0,-0.697849,1.43634e+08
2,0,1.75,-0.514323,0,-0.694847,1.38581e+08
2,0,1.75,-0.514323,0,-0.691846,1.44554e+08
2,0,1.75,-0.514323,0,-0.688844,1.137e+08
2,0,1.75,-0.514323,0,-0.685843,1.13285e+08
2,0,1.75,-0.514323,0,-0.682841,1.20231e+08
2,0,1.75,-0.514323,0,-0.67984,1.44896e+08
2,0,1.75,-0.514323,0,-0.676838,1.12915e+08
2,0,1.75,-0.514323,0,-0.673837,1.40458e+08
2,0,1.75,-0.514323,0,-0.670835,1.28901e+08
2,0,1.75,-0.514323,0,-0.667834,1.2886e+08
2,0,1.75,-0.514323,0,-0.664832,1.38865e+08
2,0,1.75,-0.514323,0,-0.661831,1.37918e+08
2,0,1.75,-0.514323,0,-0.658829,1.37862e+08
2,0,1.75,-0.514323,0,-0.655828,1.40763e+08
2,0,1.75,-0.514323,0,-0.652826,1.13282e+08
2,0,1.75,-0.514323,0,-0.649825,1.45997e+08
2,0,1.75,-0.514323,0,-0.646823,1.15092e+08
2,0,1.75,-0.514323,0,-0.643822,1.14621e+08
2,0,1.75,-0.514323,0,-0.64082,1.15383e+08
2,0,1.75,-0.514323,0,-0.637819,1.17789e+08
2,0,1.75,-0.514323,0,-0.634817,1.19344e+08
2,0,1.75,-0.514323,0,-0.631816,1.21382e+08
2,0,1.75,-0.514323,0,-0.628814,1.2333e+08
2,0,1.75,-0.514323,0,-0.625813,1.25754e+08
2,0,1.75,-0.514323,0,-0.622811,1.26605e+08
2,0,1.75,-0.514323,0,-0.61981,1.23371e+08
2,0,1.75,-0.514323,0,-0.616808,1.308e+08
2,0,1.75,-0.514323,0,-0.613807,1.22121e+08
2,0,1.75,-0.514323,0,-0.610805,1.24288e+08
2,0,1.75,-0.514323,0,-0.607804,1.24479e+08
2,0,1.75,-0.514323,0,-0.604802,1.43337e+08
2,0,1.75,-0.514323,0,-0.601801,1.29238e+08
2,0,1.75,-0.514323,0,-0.598799,1.40135e+08
2,0,1.75,-0.514323,0,-0.595798,1.33258e+08
2,0,1.75,-0.514323,0,-0.592796,1.35004e+08
2,0,1.75,-0.514323,0,-0.589795,1.43914e+08
2,0,1.75,-0.514323,0,-0.586793,1.1883e+08
2,0,1.75,-0.514323,0,-0.583792,1.15458e+08
2,0,1.75,-0.514323,0,-0.58079,1.26018e+08
2,0,1.75,-0.514323,0,-0.577789,1.16837e+08
2,0,1.75,-0.514323,0,-0.574787,1.21433e+08
2,0,1.75,-0.514323,0,-0.571786,1.31763e+08
2,0,1.75,-0.514323,0,-0.568784,1.48649e+08
2,0,1.75,-0.514323,0,-0.565783,1.35475e+08
2,0,1.75,-0.514323,0,-0.562781,1.34216e+08
2,0,1.75,-0.514323,0,-0.55978,1.2393e+08
2,0,1.75,-0.514323,0,-0.556778,1.1825e+08
2,0,1.75,-0.514323,0,-0.553777,1.19473e+08
2,0,1.75,-0.514323,0,-0.550775,1.42857e+08
2,0,1.75,-0.514323,0,-0.547774,1.31823e+08
2,0,1.75,-0.514323,0,-0.544772,1.31013e+08
2,0,1.75,-0.514323,0,-0.541771,1.34972e+08
2,0,1.75,-0.514323,0,-0.538769,1.38457e+08
2,0,1.75,-0.514323,0,-0.535768,1.38571e+08
2,0,1.75,-0.514323,0,-0.532766,1.28752e+08
2,0,1.75,-0.514323,0,-0.529765,1.34311e+08
2,0,1.75,-0.514323,0,-0.526763,1.41307e+08
2,0,1.75,-0.514323,0,-0.523762,1.44337e+08
2,0,1.75,-0.514323,0,-0.52076,1.19738e+08
2,0,1.75,-0.514323,0,-0.517759,1.3715e+08
2,0,1.75,-0.514323,0,-0.514757,1.47273e+08
2,0,1.75,-0.514323,0,-0.511756,1.24108e+08
2,0,1.75,-0.514323,0,-0.508754,1.42108e+08
2,0,1.75,-0.514323,0,-0.505753,1.25831e+08
2,0,1.75,-0.514323,0,-0.502751,1.50395e+08
2,0,1.75,-0.514323,0,-0.49975,1.17265e+08
2,0,1.75,-0.514323,0,-0.496748,1.18104e+08
2,0,1.75,-0.514323,0,-0.493747,1.19583e+08
2,0,1.75,-0.514323,0,-0.490745,1.20557e+08
2,0,1.75,-0.514323,0,-0.487744,1.21393e+08
2,0,1.75,-0.514323,0,-0.484742,1.33829e+08
2,0,1.75,-0.514323,0,-0.481741,1.20195e+08
2,0,1.75,-0.514323,0,-0.478739,1.21146e+08
2,0,1.75,-0.514323,0,-0.475738,1.27323e+08
2,0,1.75,-0.514323,0,-0.472736,1.27211e+08
2,0,1.75,-0.514323,0,-0.469735,1.3572e+08
2,0,1.75,-0.514323,0,-0.466733,1.30341e+08
2,0,1.75,-0.514323,0,-0.463732,1.18021e+08
2,0,1.75,-0.514323,0,-0.46073,1.39556e+08
2,0,1.75,-0.514323,0,-0.457729,1.4115e+08
2,0,1.75,-0.514323,0,-0.454727,1.4653e+08
2,0,1.75,-0.514323,0,-0.451726,1.34115e+08
2,0,1.75,-0.514323,0,-0.448724,1.45126e+08
2,0,1.75,-0.514323,0,-0.445723,1.37231e+08
2,0,1.75,-0.514323,0,-0.442721,1.38323e+08
2,0,1.75,-0.514323,0,-0.43972,1.39185e+08
2,0,1.75,-0.514323,0,-0.436718,1.18022e+08
2,0,1.75,-0.514323,0,-0.433717,1.18869e+08
2,0,1.75,-0.514323,0,-0.430715,1.2558e+08
2,0,1.75,-0.514323,0,-0.427714,1.44636e+08
2,0,1.75,-0.514323,0,-0.424712,1.3657e+08
2,0,1.75,-0.514323,0,-0.421711,1.45891e+08
2,0,1.75,-0.514323,0,-0.418709,1.47199e+08
2,0,1.75,-0.514323,0,-0.415708,1.48274e+08
2,0,1.75,-0.514323,0,-0.412706,1.44716e+08
2,0,1.75,-0.514323,0,-0.409705,1.50629e+08
2,0,1.75,-0.514323,0,-0.406703,1.17052e+08
2,0,1.75,-0.514323,0,-0.403702,1.17185e+08
2,0,1.75,-0.514323,0,-0.4007,1.18048e+08
2,0,1.75,-0.514323,0,-0.397699,1.47118e+08
2,0,1.75,-0.514323,0,-0.394697,1.16816e+08
2,0,1.75,-0.514323,0,-0.391696,1.31549e+08
2,0,1.75,-0.514323,0,-0.388694,1.48888e+08
2,0,1.75,-0.514323,0,-0.385693,1.22267e+08
2,0,1.75,-0.514323,0,-0.382691,1.50612e+08
2,0,1.75,-0.514323,0,-0.37969,1.24863e+08
2,0,1.75,-0.514323,0,-0.376688,1.4976e+08
2,0,1.75,-0.514323,0,-0.373687,1.18189e+08
2,0,1.75,-0.514323,0,-0.370685,1.3834e+08
2,0,1.75,-0.514323,0,-0.367684,1.26937e+08
2,0,1.75,-0.514323,0,-0.364682,1.29087e+08
2,0,1.75,-0.514323,0,-0.361681,1.30209e+08
2,0,1.75,-0.514323,0,-0.358679,1.3014e+08
2,0,1.75,-0.514323,0,-0.355678,1.30925e+08
2,0,1.75,-0.514323,0,-0.352676,1.32515e+08
2,0,1.75,-0.514323,0,-0.349675,1.33381e+08
2,0,1.75,-0.514323,0,-0.346673,1.33585e+08
2,0,1.75,-0.514323,0,-0.343672,1.22073e+08
2,0,1.75,-0.514323,0,-0.34067,1.35456e+08
2,0,1.75,-0.514323,0,-0.337669,1.36182e+08
2,0,1.75,-0.514323,0,-0.334667,1.37678e+08
2,0,1.75,-0.514323,0,-0.331666,1.29413e+08
2,0,1.75,-0.514323,0,-0.328664,1.39668e+08
2,0,1.75,-0.514323,0,-0.325663,1.42426e+08
2,0,1.75,-0.514323,0,-0.322661,1.41111e+08
2,0,1.75,-0.514323,0,-0.31966,1.41981e+08
2,0,1.75,-0.514323,0,-0.316658,1.41222e+08
2,0,1.75,-0.514323,0,-0.313657,1.21425e+08
2,0,1.75,-0.514323,0,-0.310655,1.21759e+08
2,0,1.75,-0.514323,0,-0.307654,1.454e+08
2,0,1.75,-0.514323,0,-0.304652,1.46279e+08
2,0,1.75,-0.514323,0,-0.301651,1.48642e+08
2,0,1.75,-0.514323,0,-0.298649,1.48207e+08
2,0,1.75,-0.514323,0,-0.295648,1.48835e+08
2,0,1.75,-0.514323,0,-0.292646,1.49694e+08
2,0,1.75,-0.514323,0,-0.289645,1.50595e+08
2,0,1.75,-0.514323,0,-0.286643,1.26513e+08
2,0,1.75,-0.514323,0,-0.283642,1.27392e+08
2,0,1.75,-0.514323,0,-0.28064,1.29363e+08
2,0,1.75,-0.514323,0,-0.277639,1.18142e+08
2,0,1.75,-0.514323,0,-0.274637,1.19023e+08
2,0,1.75,-0.514323,0,-0.271636,1.20012e+08
2,0,1.75,-0.514323,0,-0.268634,1.30781e+08
2,0,1.75,-0.514323,0,-0.265633,1.47278e+08
2,0,1.75,-0.514323,0,-0.262631,1.24431e+08
2,0,1.75,-0.514323,0,-0.25963,1.52452e+08
2,0,1.75,-0.514323,0,-0.256628,1.35166e+08
2,0,1.75,-0.514323,0,-0.253627,1.33892e+08
2,0,1.75,-0.514323,0,-0.250625,1.34482e+08
2,0,1.75,-0.514323,0,-0.247624,1.37574e+08
2,0,1.75,-0.514323,0,-0.244622,1.32596e+08
2,0,1.75,-0.514323,0,-0.241621,1.37543e+08
2,0,1.75,-0.514323,0,-0.238619,1.2677e+08
2,0,1.75,-0.514323,0,-0.235618,1.4217e+08
2,0,1.75,-0.514323,0,-0.232616,1.27768e+08
2,0,1.75,-0.514323,0,-0.229615,1.28528e+08
2,0,1.75,-0.514323,0,-0.226613,1.41123e+08
2,0,1.75,-0.514323,0,-0.223612,1.40615e+08
2,0,1.75,-0.514323,0,-0.22061,1.41763e+08
2,0,1.75,-0.514323,0,-0.217609,1.31066e+08
2,0,1.75,-0.514323,0,-0.214607,1.39637e+08
2,0,1.75,-0.514323,0,-0.211606,1.3312e+08
2,0,1.75,-0.514323,0,-0.208604,1.44455e+08
2,0,1.75,-0.514323,0,-0.205603,1.42152e+08
2,0,1.75,-0.514323,0,-0.202601,1.30341e+08
2,0,1.75,-0.514323,0,-0.1996,1.46059e+08
2,0,1.75,-0.514323,0,-0.196598,1.35678e+08
2,0,1.75,-0.514323,0,-0.193597,1.33118e+08
2,0,1.75,-0.514323,0,-0.190595,1.48921e+08
2,0,1.75,-0.514323,0,-0.187594,1.37334e+08
2,0,1.75,-0.514323,0,-0.184592,1.50897e+08
2,0,1.75,-0.514323,0,-0.181591,1.50686e+08
2,0,1.75,-0.514323,0,-0.178589,1.39188e+08
2,0,1.75,-0.514323,0,-0.175588,1.39793e+08
2,0,1.75,-0.514323,0,-0.172586,1.5303e+08
2,0,1.75,-0.514323,0,-0.169585,1.52657e+08
2,0,1.75,-0.514323,0,-0.166583,1.53519e+08
2,0,1.75,-0.514323,0,-0.163582,1.19255e+08
2,0,1.75,-0.514323,0,-0.16058,1.42835e+08
2,0,1.75,-0.514323,0,-0.157579,1.35262e+08
2,0,1.75,-0.514323,0,-0.154577,1.21661e+08
2,0,1.75,-0.514323,0,-0.151576,1.21101e+08
2,0,1.75,-0.514323,0,-0.148574,1.36866e+08
2,0,1.75,-0.514323,0,-0.145573,1.21827e+08
2,0,1.75,-0.514323,0,-0.142571,1.41175e+08
2,0,1.75,-0.514323,0,-0.13957,1.37533e+08
2,0,1.75,-0.514323,0,-0.136568,1.23676e+08
2,0,1.75,-0.514323,0,-0.133567,1.4816e+08
2,0,1.75,-0.514323,0,-0.130565,1.39239e+08
2,0,1.75,-0.514323,0,-0.127564,1.39611e+08
2,0,1.75,-0.514323,0,-0.124562,1.49659e+08
2,0,1.75,-0.514323,0,-0.121561,1.26927e+08
2,0,1.75,-0.514323,0,-0.118559,1.51026e+08
2,0,1.75,-0.514323,0,-0.115558,1.26876e+08
2,0,1.75,-0.514323,0,-0.112556,1.29091e+08
2,0,1.75,-0.514323,0,-0.109555,1.27469e+08
2,0,1.75,-0.514323,0,-0.106553,1.53302e+08
2,0,1.75,-0.514323,0,-0.103552,1.53889e+08
2,0,1.75,-0.514323,0,-0.10055,1.28475e+08
2,0,1.75,-0.514323,0,-0.0975488,1.31802e+08
2,0,1.75,-0.514323,0,-0.0945473,1.31468e+08
2,0,1.75,-0.514323,0,-0.0915458,1.46119e+08
2,0,1.75,-0.514323,0,-0.0885443,1.30325e+08
2,0,1.75,-0.514323,0,-0.0855428,1.35312e+08
2,0,1.75,-0.514323,0,-0.0825413,1.50127e+08
2,0,1.75,-0.514323,0,-0.0795398,1.21863e+08
2,0,1.75,-0.514323,0,-0.0765383,1.22501e+08
2,0,1.75,-0.514323,0,-0.0735368,1.32725e+08
2,0,1.75,-0.514323,0,-0.0705353,1.23084e+08
2,0,1.75,-0.514323,0,-0.0675338,1.23469e+08
2,0,1.75,-0.514323,0,-0.0645323,1.33414e+08
2,0,1.75,-0.514323,0,-0.0615308,1.3489e+08
2,0,1.75,-0.514323,0,-0.0585293,1.35629e+08
2,0,1.75,-0.514323,0,-0.0555278,1.2519e+08
2,0,1.75,-0.514323,0,-0.0525263,1.31967e+08
2,0,1.75,-0.514323,0,-0.0495248,1.25624e+08
2,0,1.75,-0.514323,0,-0.0465233,1.36916e+08
2,0,1.75,-0.514323,0,-0.0435218,1.33687e+08
2,0,1.75,-0.514323,0,-0.0405203,1.26998e+08
2,0,1.75,-0.514323,0,-0.0375188,1.31433e+08
2,0,1.75,-0.514323,0,-0.0345173,1.34358e+08
2,0,1.75,-0.514323,0,-0.0315158,1.28169e+08
2,0,1.75,-0.514323,0,-0.0285143,1.40475e+08
2,0,1.75,-0.514323,0,-0.0255128,1.28833e+08
2,0,1.75,-0.514323,0,-0.0225113,1.29206e+08
2,0,1.75,-0.514323,0,-0.0195098,1.26704e+08
2,0,1.75,-0.514323,0,-0.0165083,1.21663e+08
2,0,1.75,-0.514323,0,-0.0135068,1.30401e+08
2,0,1.75,-0.514323,0,-0.0105053,1.25015e+08
2,0,1.75,-0.514323,0,-0.00750375,1.30943e+08
2,0,1.75,-0.514323,0,-0.00450225,1.25059e+08
2,0,1.75,-0.514323,0,-0.00150075,1.42522e+08
2,0,1.75,-0.514323,0,0.00150075,1.23999e+08
2,0,1.75,-0.514323,0,0.00450225,1.24286e+08
2,0,1.75,-0.514323,0,0.00750375,1.32652e+08
2,0,1.75,-0.514323,0,0.0105053,1.43102e+08
2,0,1.75,-0.514323,0,0.0135068,1.41353e+08
2,0,1.75,-0.514323,0,0.0165083,1.25501e+08
2,0,1.75,-0.514323,0,0.0195098,1.33501e+08
2,0,1.75,-0.514323,0,0.0225113,1.26357e+08
2,0,1.75,-0.514323,0,0.0255128,1.34321e+08
2,0,1.75,-0.514323,0,0.0285143,1.34897e+08
2,0,1.75,-0.514323,0,0.0315158,1.19685e+08
2,0,1.75,-0.514323,0,0.0345173,1.46664e+08
2,0,1.75,-0.514323,0,0.0375188,1.20217e+08
2,0,1.75,-0.514323,0,0.0405203,1.46358e+08
2,0,1.75,-0.514323,0,0.0435218,1.20733e+08
2,0,1.75,-0.514323,0,0.0465233,1.32093e+08
2,0,1.75,-0.514323,0,0.0495248,1.4836e+08
2,0,1.75,-0.514323,0,0.0525263,1.21492e+08
2,0,1.75,-0.514323,0,0.0555278,1.28849e+08
2,0,1.75,-0.514323,0,0.0585293,1.2223e+08
2,0,1.75,-0.514323,0,0.0615308,1.49504e+08
2,0,1.75,-0.514323,0,0.0645323,1.54975e+08
2,0,1.75,-0.514323,0,0.0675338,1.22693e+08
2,0,1.75,-0.514323,0,0.0705353,1.49931e+08
2,0,1.75,-0.514323,0,0.0735368,1.24611e+08
2,0,1.75,-0.514323,0,0.0765383,1.2496e+08
2,0,1.75,-0.514323,0,0.0795398,1.23589e+08
2,0,1.75,-0.514323,0,0.0825413,1.2382e+08
2,0,1.75,-0.514323,0,0.0855428,1.19945e+08
2,0,1.75,-0.514323,0,0.0885443,1.31434e+08
2,0,1.75,-0.514323,0,0.0915458,1.51177e+08
2,0,1.75,-0.514323,0,0.0945473,1.24598e+08
2,0,1.75,-0.514323,0,0.0975488,1.24804e+08
2,0,1.75,-0.514323,0,0.10055,1.25217e+08
2,0,1.75,-0.514323,0,0.103552,1.25137e+08
2,0,1.75,-0.514323,0,0.106553,1.25542e+08
2,0,1.75,-0.514323,0,0.109555,1.25544e+08
2,0,1.75,-0.514323,0,0.112556,1.25725e+08
2,0,1.75,-0.514323,0,0.115558,1.25927e+08
2,0,1.75,-0.514323,0,0.118559,1.53898e+08
2,0,1.75,-0.514323,0,0.121561,1.26339e+08
2,0,1.75,-0.514323,0,0.124562,1.26419e+08
2,0,1.75,-0.514323,0,0.127564,1.26531e+08
2,0,1.75,-0.514323,0,0.130565,1.26733e+08
2,0,1.75,-0.514323,0,0.133567,1.2688e+08
2,0,1.75,-0.514323,0,0.136568,1.27021e+08
2,0,1.75,-0.514323,0,0.13957,1.22394e+08
2,0,1.75,-0.514323,0,0.142571,1.27313e+08
2,0,1.75,-0.514323,0,0.145573,1.21809e+08
2,0,1.75,-0.514323,0,0.148574,1.27487e+08
2,0,1.75,-0.514323,0,0.151576,1.54841e+08
2,0,1.75,-0.514323,0,0.154577,1.27736e+08
2,0,1.75,-0.514323,0,0.157579,1.27857e+08
2,0,1.75,-0.514323,0,0.16058,1.27939e+08
2,0,1.75,-0.514323,0,0.163582,1.28102e+08
2,0,1.75,-0.514323,0,0.166583,1.28225e+08
2,0,1.75,-0.514323,0,0.169585,1.28329e+08
2,0,1.75,-0.514323,0,0.172586,1.28322e+08
2,0,1.75,-0.514323,0,0.175588,1.28406e+08
2,0,1.75,-0.514323,0,0.178589,1.28483e+08
2,0,1.75,-0.514323,0,0.181591,1.28729e+08
2,0,1.75,-0.514323,0,0.184592,1.28746e+08
2,0,1.75,-0.514323,0,0.187594,1.55009e+08
2,0,1.75,-0.514323,0,0.190595,1.19803e+08
2,0,1.75,-0.514323,0,0.193597,1.21917e+08
2,0,1.75,-0.514323,0,0.196598,1.28861e+08
2,0,1.75,-0.514323,0,0.1996,1.28906e+08
2,0,1.75,-0.514323,0,0.202601,1.28944e+08
2,0,1.75,-0.514323,0,0.205603,1.45143e+08
2,0,1.75,-0.514323,0,0.208604,1.2317e+08
2,0,1.75,-0.514323,0,0.211606,1.29207e+08
2,0,1.75,-0.514323,0,0.214607,1.22642e+08
2,0,1.75,-0.514323,0,0.217609,1.29249e+08
2,0,1.75,-0.514323,0,0.22061,1.29258e+08
2,0,1.75,-0.514323,0,0.223612,1.29067e+08
2,0,1.75,-0.514323,0,0.226613,1.30348e+08
2,0,1.75,-0.514323,0,0.229615,1.29062e+08
2,0,1.75,-0.514323,0,0.232616,1.19949e+08
2,0,1.75,-0.514323,0,0.235618,1.29268e+08
2,0,1.75,-0.514323,0,0.238619,1.24115e+08
2,0,1.75,-0.514323,0,0.241621,1.28984e+08
2,0,1.75,-0.514323,0,0.244622,1.29441e+08
2,0,1.75,-0.514323,0,0.247624,1.28943e+08
2,0,1.75,-0.514323,0,0.250625,1.19711e+08
2,0,1.75,-0.514323,0,0.253627,1.2891e+08
2,0,1.75,-0.514323,0,0.256628,1.28805e+08
2,0,1.75,-0.514323,0,0.25963,1.28684e+08
2,0,1.75,-0.514323,0,0.262631,1.2332e+08
2,0,1.75,-0.514323,0,0.265633,1.55627e+08
2,0,1.75,-0.514323,0,0.268634,1.55566e+08
2,0,1.75,-0.514323,0,0.271636,1.2864e+08
2,0,1.75,-0.514323,0,0.274637,1.28759e+08
2,0,1.75,-0.514323,0,0.277639,1.28497e+08
2,0,1.75,-0.514323,0,0.28064,1.23054e+08
2,0,1.75,-0.514323,0,0.283642,1.28438e+08
2,0,1.75,-0.514323,0,0.286643,1.28347e+08
2,0,1.75,-0.514323,0,0.289645,1.28234e+08
2,0,1.75,-0.514323,0,0.292646,1.28127e+08
2,0,1.75,-0.514323,0,0.295648,1.28032e+08
2,0,1.75,-0.514323,0,0.298649,1.54269e+08
2,0,1.75,-0.514323,0,0.301651,1.27351e+08
2,0,1.75,-0.514323,0,0.304652,1.21771e+08
2,0,1.75,-0.514323,0,0.307654,1.27017e+08
2,0,1.75,-0.514323,0,0.310655,1.2765e+08
2,0,1.75,-0.514323,0,0.313657,1.26641e+08
2,0,1.75,-0.514323,0,0.316658,1.27824e+08
2,0,1.75,-0.514323,0,0.31966,1.27167e+08
2,0,1.75,-0.514323,0,0.322661,1.41755e+08
2,0,1.75,-0.514323,0,0.325663,1.49202e+08
2,0,1.75,-0.514323,0,0.328664,1.25605e+08
2,0,1.75,-0.514323,0,0.331666,1.25598e+08
2,0,1.75,-0.514323,0,0.334667,1.53806e+08
2,0,1.75,-0.514323,0,0.337669,1.21157e+08
2,0,1.75,-0.514323,0,0.34067,1.25106e+08
2,0,1.75,-0.514323,0,0.343672,1.24621e+08
2,0,1.75,-0.514323,0,0.346673,1.50986e+08
2,0,1.75,-0.514323,0,0.349675,1.31226e+08
2,0,1.75,-0.514323,0,0.352676,1.23677e+08
2,0,1.75,-0.514323,0,0.355678,1.23509e+08
2,0,1.75,-0.514323,0,0.358679,1.2312e+08
2,0,1.75,-0.514323,0,0.361681,1.32997e+08
2,0,1.75,-0.514323,0,0.364682,1.29871e+08
2,0,1.75,-0.514323,0,0.367684,1.24853e+08
2,0,1.75,-0.514323,0,0.370685,1.47322e+08
2,0,1.75,-0.514323,0,0.373687,1.2871e+08
2,0,1.75,-0.514323,0,0.376688,1.21353e+08
2,0,1.75,-0.514323,0,0.37969,1.50607e+08
2,0,1.75,-0.514323,0,0.382691,1.27788e+08
2,0,1.75,-0.514323,0,0.385693,1.21617e+08
2,0,1.75,-0.514323,0,0.388694,1.20177e+08
2,0,1.75,-0.514323,0,0.391696,1.21334e+08
2,0,1.75,-0.514323,0,0.394697,1.19267e+08
2,0,1.75,-0.514323,0,0.397699,1.18897e+08
2,0,1.75,-0.514323,0,0.4007,1.29567e+08
2,0,1.75,-0.514323,0,0.403702,1.19173e+08
2,0,1.75,-0.514323,0,0.406703,1.24684e+08
2,0,1.75,-0.514323,0,0.409705,1.32059e+08
2,0,1.75,-0.514323,0,0.412706,1.23843e+08
2,0,1.75,-0.514323,0,0.415708,1.31753e+08
2,0,1.75,-0.514323,0,0.418709,1.36407e+08
2,0,1.75,-0.514323,0,0.421711,1.39957e+08
2,0,1.75,-0.514323,0,0.424712,1.24096e+08
2,0,1.75,-0.514323,0,0.427714,1.34622e+08
2,0,1.75,-0.514323,0,0.430715,1.28567e+08
2,0,1.75,-0.514323,0,0.433717,1.2257e+08
2,0,1.75,-0.514323,0,0.436718,1.23076e+08
2,0,1.75,-0.514323,0,0.43972,1.36522e+08
2,0,1.75,-0.514323,0,0.442721,1.20943e+08
2,0,1.75,-0.514323,0,0.445723,1.34059e+08
2,0,1.75,-0.514323,0,0.448724,1.33256e+08
2,0,1.75,-0.514323,0,0.451726,1.34519e+08
2,0,1.75,-0.514323,0,0.454727,1.33228e+08
2,0,1.75,-0.514323,0,0.457729,1.51569e+08
2,0,1.75,-0.514323,0,0.46073,1.30759e+08
2,0,1.75,-0.514323,0,0.463732,1.30712e+08
2,0,1.75,-0.514323,0,0.466733,1.22331e+08
2,0,1.75,-0.514323,0,0.469735,1.31311e+08
2,0,1.75,-0.514323,0,0.472736,1.204e+08
2,0,1.75,-0.514323,0,0.475738,1.28987e+08
2,0,1.75,-0.514323,0,0.478739,1.45611e+08
2,0,1.75,-0.514323,0,0.481741,1.19404e+08
2,0,1.75,-0.514323,0,0.484742,1.28837e+08
2,0,1.75,-0.514323,0,0.487744,1.52835e+08
2,0,1.75,-0.514323,0,0.490745,1.51925e+08
2,0,1.75,-0.514323,0,0.493747,1.26423e+08
2,0,1.75,-0.514323,0,0.496748,1.50773e+08
2,0,1.75,-0.514323,0,0.49975,1.49124e+08
2,0,1.75,-0.514323,0,0.502751,1.29017e+08
2,0,1.75,-0.514323,0,0.505753,1.4337e+08
2,0,1.75,-0.514323,0,0.508754,1.4644e+08
2,0,1.75,-0.514323,0,0.511756,1.37812e+08
2,0,1.75,-0.514323,0,0.514757,1.35143e+08
2,0,1.75,-0.514323,0,0.517759,1.44044e+08
2,0,1.75,-0.514323,0,0.52076,1.43018e+08
2,0,1.75,-0.514323,0,0.523762,1.51024e+08
2,0,1.75,-0.514323,0,0.526763,1.48417e+08
2,0,1.75,-0.514323,0,0.529765,1.3248e+08
2,0,1.75,-0.514323,0,0.532766,1.38742e+08
2,0,1.75,-0.514323,0,0.535768,1.37633e+08
2,0,1.75,-0.514323,0,0.538769,1.49008e+08
2,0,1.75,-0.514323,0,0.541771,1.35387e+08
2,0,1.75,-0.514323,0,0.544772,1.34249e+08
2,0,1.75,-0.514323,0,0.547774,1.49741e+08
2,0,1.75,-0.514323,0,0.550775,1.30908e+08
2,0,1.75,-0.514323,0,0.553777,1.29904e+08
2,0,1.75,-0.514323,0,0.556778,1.28504e+08
2,0,1.75,-0.514323,0,0.55978,1.28377e+08
2,0,1.75,-0.514323,0,0.562781,1.19837e+08
2,0,1.75,-0.514323,0,0.565783,1.40999e+08
2,0,1.75,-0.514323,0,0.568784,1.23738e+08
2,0,1.75,-0.514323,0,0.571786,1.26496e+08
2,0,1.75,-0.514323,0,0.574787,1.3317e+08
2,0,1.75,-0.514323,0,0.577789,1.48383e+08
2,0,1.75,-0.514323,0,0.58079,1.18512e+08
2,0,1.75,-0.514323,0,0.583792,1.46362e+08
2,0,1.75,-0.514323,0,0.586793,1.44516e+08
2,0,1.75,-0.514323,0,0.589795,1.49297e+08
2,0,1.75,-0.514323,0,0.592796,1.47175e+08
2,0,1.75,-0.514323,0,0.595798,1.2328e+08
2,0,1.75,-0.514323,0,0.598799,1.49843e+08
2,0,1.75,-0.514323,0,0.601801,1.20613e+08
2,0,1.75,-0.514323,0,0.604802,1.40655e+08
2,0,1.75,-0.514323,0,0.607804,1.31479e+08
2,0,1.75,-0.514323,0,0.610805,1.37442e+08
2,0,1.75,-0.514323,0,0.613807,1.28002e+08
2,0,1.75,-0.514323,0,0.616808,1.4622e+08
2,0,1.75,-0.514323,0,0.61981,1.3987e+08
2,0,1.75,-0.514323,0,0.622811,1.39612e+08
2,0,1.75,-0.514323,0,0.625813,1.27576e+08
2,0,1.75,-0.514323,0,0.628814,1.35375e+08
2,0,1.75,-0.514323,0,0.631816,1.15533e+08
2,0,1.75,-0.514323,0,0.634817,1.49598e+08
2,0,1.75,-0.514323,0,0.637819,1.19328e+08
2,0,1.75,-0.514323,0,0.64082,1.16363e+08
2,0,1.75,-0.514323,0,0.643822,1.22018e+08
2,0,1.75,-0.514323,0,0.646823,1.3922e+08
2,0,1.75,-0.514323,0,0.649825,1.36503e+08
2,0,1.75,-0.514323,0,0.652826,1.47749e+08
2,0,1.75,-0.514323,0,0.655828,1.4772e+08
2,0,1.75,-0.514323,0,0.658829,1.27107e+08
2,0,1.75,-0.514323,0,0.661831,1.32673e+08
2,0,1.75,-0.514323,0,0.664832,1.29038e+08
2,0,1.75,-0.514323,0,0.667834,1.37688e+08
2,0,1.75,-0.514323,0,0.670835,1.34702e+08
2,0,1.75,-0.514323,0,0.673837,1.30996e+08
2,0,1.75,-0.514323,0,0.676838,1.42884e+08
2,0,1.75,-0.514323,0,0.67984,1.39015e+08
2,0,1.75,-0.514323,0,0.682841,1.35597e+08
2,0,1.75,-0.514323,0,0.685843,1.1841e+08
2,0,1.75,-0.514323,0,0.688844,1.14155e+08
2,0,1.75,-0.514323,0,0.691846,1.40969e+08
2,0,1.75,-0.514323,0,0.694847,1.36488e+08
2,0,1.75,-0.514323,0,0.697849,1.23902e+08
2,0,1.75,-0.514323,0,0.70085,1.44445e+08
2,0,1.75,-0.514323,0,0.703852,1.22954e+08
2,0,1.75,-0.514323,0,0.706853,1.44768e+08
2,0,1.75,-0.514323,0,0.709855,1.13935e+08
2,0,1.75,-0.514323,0,0.712856,1.2696e+08
2,0,1.75,-0.514323,0,0.715858,1.27351e+08
2,0,1.75,-0.514323,0,0.718859,1.30749e+08
2,0,1.75,-0.514323,0,0.721861,1.2367e+08
2,0,1.75,-0.514323,0,0.724862,1.21332e+08
2,0,1.75,-0.514323,0,0.727864,1.10938e+08
2,0,1.75,-0.514323,0,0.730865,1.36385e+08
2,0,1.75,-0.514323,0,0.733867,1.13153e+08
2,0,1.75,-0.514323,0,0.736868,1.36516e+08
2,0,1.75,-0.514323,0,0.73987,1.26728e+08
2,0,1.75,-0.514323,0,0.742871,1.33448e+08
2,0,1.75,-0.514323,0,0.745873,1.36278e+08
2,0,1.75,-0.514323,0,0.748874,1.26487e+08
2,0,1.75,-0.514323,0,0.751876,1.13332e+08
2,0,1.75,-0.514323,0,0.754877,1.3646e+08
2,0,1.75,-0.514323,0,0.757879,1.29453e+08
2,0,1.75,-0.514323,0,0.76088,1.31047e+08
2,0,1.75,-0.514323,0,0.763882,1.12562e+08
2,0,1.75,-0.514323,0,0.766883,1.1491e+08
2,0,1.75,-0.514323,0,0.769885,1.24074e+08
2,0,1.75,-0.514323,0,0.772886,1.28997e+08
2,0,1.75,-0.514323,0,0.775888,1.20722e+08
2,0,1.75,-0.514323,0,0.778889,-1.11546e+08
2,0,1.75,-0.514323,0,0.781891,-1.31336e+08
2,0,1.75,-0.514323,0,0.784892,-1.04401e+08
2,0,1.75,-0.514323,0,0.787894,-1.31949e+08
2,0,1.75,-0.514323,0,0.790895,-1.29228e+08
2,0,1.75,-0.514323,0,0.793897,-1.09725e+08
2,0,1.75,-0.514323,0,0.796898,-1.08764e+08
2,0,1.75,-0.514323,0,0.7999,-1.14469e+08
2,0,1.75,-0.514323,0,0.802901,-1.09075e+08
2,0,1.75,-0.514323,0,0.805903,-1.22113e+08
2,0,1.75,-0.514323,0,0.808904,-1.18196e+08
2,0,1.75,-0.514323,0,0.811906,-1.09737e+08
2,0,1.75,-0.514323,0,0.814907,-1.14257e+08
2,0,1.75,-0.514323,0,0.817909,-1.33988e+08
2,0,1.75,-0.514323,0,0.82091,-1.14091e+08
2,0,1.75,-0.514323,0,0.823912,-1.11549e+08
2,0,1.75,-0.514323,0,0.826913,-1.1617e+08
2,0,1.75,-0.514323,0,0.829915,-1.1518e+08
2,0,1.75,-0.514323,0,0.832916,-1.27888e+08
2,0,1.75,-0.514323,0,0.835918,-1.42187e+08
2,0,1.75,-0.514323,0,0.838919,-1.14578e+08
2,0,1.75,-0.514323,0,0.841921,-1.28594e+08
2,0,1.75,-0.514323,0,0.844922,-1.26419e+08
2,0,1.75,-0.514323,0,0.847924,-1.40977e+08
2,0,1.75,-0.514323,0,0.850925,-1.38456e+08
2,0,1.75,-0.514323,0,0.853927,-1.44542e+08
2,0,1.75,-0.514323,0,0.856928,-1.16122e+08
2,0,1.75,-0.514323,0,0.85993,-1.14823e+08
2,0,1.75,-0.514323,0,0.862931,-1.33359e+08
2,0,1.75,-0.514323,0,0.865933,-1.31861e+08
2,0,1.75,-0.514323,0,0.868934,-1.34499e+08
2,0,1.75,-0.514323,0,0.871936,-1.39376e+08
2,0,1.75,-0.514323,0,0.874937,-1.44302e+08
2,0,1.75,-0.514323,0,0.877939,-1.49052e+08
2,0,1.75,-0.514323,0,0.88094,-1.28091e+08
2,0,1.75,-0.514323,0,0.883942,-1.32971e+08
2,0,1.75,-0.514323,0,0.886943,-1.34038e+08
2,0,1.75,-0.514323,0,0.889945,-1.38071e+08
2,0,1.75,-0.514323,0,0.892946,-1.41906e+08
2,0,1.75,-0.514323,0,0.895948,-1.3725e+08
2,0,1.75,-0.514323,0,0.898949,-1.42981e+08
2,0,1.75,-0.514323,0,0.901951,-1.48228e+08
2,0,1.75,-0.514323,0,0.904952,-1.21582e+08
2,0,1.75,-0.514323,0,0.907954,-1.23368e+08
2,0,1.75,-0.514323,0,0.910955,-1.31194e+08
2,0,1.75,-0.514323,0,0.913957,-1.31166e+08
2,0,1.75,-0.514323,0,0.916958,-1.34361e+08
2,0,1.75,-0.514323,0,0.91996,-1.37425e+08
2,0,1.75,-0.514323,0,0.922961,-1.33121e+08
2,0,1.75,-0.514323,0,0.925963,-1.37755e+08
2,0,1.75,-0.514323,0,0.928964,-1.29854e+08
2,0,1.75,-0.514323,0,0.931966,-1.42397e+08
2,0,1.75,-0.514323,0,0.934967,-1.22253e+08
2,0,1.75,-0.514323,0,0.937969,-1.23228e+08
2,0,1.75,-0.514323,0,0.94097,-1.23328e+08
2,0,1.75,-0.514323,0,0.943972,-1.26119e+08
2,0,1.75,-0.514323,0,0.946973,-1.28559e+08
2,0,1.75,-0.514323,0,0.949975,-1.31426e+08
2,0,1.75,-0.514323,0,0.952976,-1.18455e+08
2,0,1.75,-0.514323,0,0.955978,-1.29157e+08
2,0,1.75,-0.514323,0,0.958979,-1.32108e+08
2,0,1.75,-0.514323,0,0.961981,-1.44648e+08
2,0,1.75,-0.514323,0,0.964982,-1.44466e+08
2,0,1.75,-0.514323,0,0.967984,-1.22045e+08
2,0,1.75,-0.514323,0,0.970985,-1.49905e+08
2,0,1.75,-0.514323,0,0.973987,-1.28142e+08
2,0,1.75,-0.514323,0,0.976988,-1.46599e+08
2,0,1.75,-0.514323,0,0.97999,-1.21332e+08
2,0,1.75,-0.514323,0,0.982991,-1.23826e+08
2,0,1.75,-0.514323,0,0.985993,-1.25478e+08
2,0,1.75,-0.514323,0,0.988994,-1.2978e+08
2,0,1.75,-0.514323,0,0.991996,-1.29745e+08
2,0,1.75,-0.514323,0,0.994997,-1.3447e+08
2,0,1.75,-0.514323,0,0.997999,-1.37483e+08
2,0,1.75,-0.514323,0,1.001,-1.38557e+08
2,0,1.75,-0.514323,0,1.004,-1.38937e+08
2,0,1.75,-0.514323,0,1.007,-1.22539e+08
2,0,1.75,-0.514323,0,1.01001,-1.30542e+08
2,0,1.75,-0.514323,0,1.01301,-1.45439e+08
2,0,1.75,-0.514323,0,1.01601,-1.19704e+08
2,0,1.75,-0.514323,0,1.01901,-1.55556e+08
2,0,1.75,-0.514323,0,1.02201,-1.41116e+08
2,0,1.75,-0.514323,0,1.02501,-1.27263e+08
2,0,1.75,-0.514323,0,1.02801,-1.22352e+08
2,0,1.75,-0.514323,0,1.03102,-1.24212e+08
2,0,1.75,-0.514323,0,1.03402,-1.24671e+08
2,0,1.75,-0.514323,0,1.03702,-1.27516e+08
2,0,1.75,-0.514323,0,1.04002,-1.34496e+08
2,0,1.75,-0.514323,0,1.04302,-1.39583e+08
2,0,1.75,-0.514323,0,1.04602,-1.48559e+08
2,0,1.75,-0.514323,0,1.04902,-1.31953e+08
2,0,1.75,-0.514323,0,1.05203,-1.37692e+08
2,0,1.75,-0.514323,0,1.05503,-1.49029e+08
2,0,1.75,-0.514323,0,1.05803,-1.45888e+08
2,0,1.75,-0.514323,0,1.06103,-1.51111e+08
2,0,1.75,-0.514323,0,1.06403,-1.22736e+08
2,0,1.75,-0.514323,0,1.06703,-1.55394e+08
2,0,1.75,-0.514323,0,1.07004,-1.51819e+08
2,0,1.75,-0.514323,0,1.07304,-1.53905e+08
2,0,1.75,-0.514323,0,1.07604,-1.21018e+08
2,0,1.75,-0.514323,0,1.07904,-1.30051e+08
2,0,1.75,-0.514323,0,1.08204,-1.52499e+08
2,0,1.75,-0.514323,0,1.08504,-1.53619e+08
2,0,1.75,-0.514323,0,1.08804,-1.21791e+08
2,0,1.75,-0.514323,0,1.09105,-1.2187e+08
2,0,1.75,-0.514323,0,1.09405,-1.30696e+08
2,0,1.75,-0.514323,0,1.09705,-1.34315e+08
2,0,1.75,-0.514323,0,1.10005,-1.24879e+08
2,0,1.75,-0.514323,0,1.10305,-1.26293e+08
2,0,1.75,-0.514323,0,1.10605,-1.27697e+08
2,0,1.75,-0.514323,0,1.10905,-1.46141e+08
2,0,1.75,-0.514323,0,1.11206,-1.4355e+08
2,0,1.75,-0.514323,0,1.11506,-1.34669e+08
2,0,1.75,-0.514323,0,1.11806,-1.33453e+08
2,0,1.75,-0.514323,0,1.12106,-1.34995e+08
2,0,1.75,-0.514323,0,1.12406,-1.39289e+08
2,0,1.75,-0.514323,0,1.12706,-1.4162e+08
2,0,1.75,-0.514323,0,1.13007,-1.42646e+08
2,0,1.75,-0.514323,0,1.13307,-1.22092e+08
2,0,1.75,-0.514323,0,1.13607,-1.50427e+08
2,0,1.75,-0.514323,0,1.13907,-1.25103e+08
2,0,1.75,-0.514323,0,1.14207,-1.4848e+08
2,0,1.75,-0.514323,0,1.14507,-1.46586e+08
2,0,1.75,-0.514323,0,1.14807,-1.48037e+08
2,0,1.75,-0.514323,0,1.15108,-1.52544e+08
2,0,1.75,-0.514323,0,1.15408,-1.51228e+08
2,0,1.75,-0.514323,0,1.15708,-1.53697e+08
2,0,1.75,-0.514323,0,1.16008,-1.37095e+08
2,0,1.75,-0.514323,0,1.16308,-1.57761e+08
2,0,1.75,-0.514323,0,1.16608,-1.57502e+08
2,0,1.75,-0.514323,0,1.16908,-1.23906e+08
2,0,1.75,-0.514323,0,1.17209,-1.34499e+08
2,0,1.75,-0.514323,0,1.17509,-1.35092e+08
2,0,1.75,-0.514323,0,1.17809,-1.24959e+08
2,0,1.75,-0.514323,0,1.18109,-1.26977e+08
2,0,1.75,-0.514323,0,1.18409,-1.30073e+08
2,0,1.75,-0.514323,0,1.18709,-1.3925e+08
2,0,1.75,-0.514323,0,1.1901,-1.32476e+08
2,0,1.75,-0.514323,0,1.1931,-1.47112e+08
2,0,1.75,-0.514323,0,1.1961,-1.3301e+08
2,0,1.75,-0.514323,0,1.1991,-1.49637e+08
2,0,1.75,-0.514323,0,1.2021,-1.36313e+08
2,0,1.75,-0.514323,0,1.2051,-1.53534e+08
2,0,1.75,-0.514323,0,1.2081,-1.45812e+08
2,0,1.75,-0.514323,0,1.21111,-1.54861e+08
2,0,1.75,-0.514323,0,1.21411,-1.57611e+08
2,0,1.75,-0.514323,0,1.21711,-1.40391e+08
2,0,1.75,-0.514323,0,1.22011,-1.54766e+08
2,0,1.75,-0.514323,0,1.22311,-1.44942e+08
2,0,1.75,-0.514323,0,1.22611,-1.46851e+08
2,0,1.75,-0.514323,0,1.22911,-1.44687e+08
2,0,1.75,-0.514323,0,1.23212,-1.47983e+08
2,0,1.75,-0.514323,0,1.23512,-1.23701e+08
2,0,1.75,-0.514323,0,1.23812,-1.48615e+08
2,0,1.75,-0.514323,0,1.24112,-1.49545e+08
2,0,1.75,-0.514323,0,1.24412,-1.5405e+08
2,0,1.75,-0.514323,0,1.24712,-1.51655e+08
2,0,1.75,-0.514323,0,1.25013,-1.55697e+08
2,0,1.75,-0.514323,0,1.25313,-1.58335e+08
2,0,1.75,-0.514323,0,1.25613,-1.26364e+08
2,0,1.75,-0.514323,0,1.25913,-1.33162e+08
2,0,1.75,-0.514323,0,1.26213,-1.60148e+08
2,0,1.75,-0.514323,0,1.26513,-1.58668e+08
2,0,1.75,-0.514323,0,1.26813,-1.59784e+08
2,0,1.75,-0.514323,0,1.27114,-1.35819e+08
2,0,1.75,-0.514323,0,1.27414,-1.24476e+08
2,0,1.75,-0.514323,0,1.27714,-1.25498e+08
2,0,1.75,-0.514323,0,1.28014,-1.34759e+08
2,0,1.75,-0.514323,0,1.28314,-1.34567e+08
2,0,1.75,-0.514323,0,1.28614,-1.28109e+08
2,0,1.75,-0.514323,0,1.28914,-1.59219e+08
2,0,1.75,-0.514323,0,1.29215,-1.37652e+08
2,0,1.75,-0.514323,0,1.29515,-1.32606e+08
2,0,1.75,-0.514323,0,1.29815,-1.31935e+08
2,0,1.75,-0.514323,0,1.30115,-1.38209e+08
2,0,1.75,-0.514323,0,1.30415,-1.34158e+08
2,0,1.75,-0.514323,0,1.30715,-1.34252e+08
2,0,1.75,-0.514323,0,1.31016,-1.35931e+08
2,0,1.75,-0.514323,0,1.31316,-1.35952e+08
2,0,1.75,-0.514323,0,1.31616,-1.39128e+08
2,0,1.75,-0.514323,0,1.31916,-1.495e+08
2,0,1.75,-0.514323,0,1.32216,-1.38727e+08
2,0,1.75,-0.514323,0,1.32516,-1.46013e+08
2,0,1.75,-0.514323,0,1.32816,-1.40787e+08
2,0,1.75,-0.514323,0,1.33117,-1.49542e+08
2,0,1.75,-0.514323,0,1.33417,-1.42332e+08
2,0,1.75,-0.514323,0,1.33717,-1.40534e+08
2,0,1.75,-0.514323,0,1.34017,-1.53776e+08
2,0,1.75,-0.514323,0,1.34317,-1.56761e+08
2,0,1.75,-0.514323,0,1.34617,-1.45502e+08
2,0,1.75,-0.514323,0,1.34917,-1.4993e+08
2,0,1.75,-0.514323,0,1.35218,-1.47062e+08
2,0,1.75,-0.514323,0,1.35518,-1.48416e+08
2,0,1.75,-0.514323,0,1.35818,-1.61363e+08
2,0,1.75,-0.514323,0,1.36118,-1.60415e+08
2,0,1.75,-0.514323,0,1.36418,-1.50769e+08
2,0,1.75,-0.514323,0,1.36718,-1.52123e+08
2,0,1.75,-0.514323,0,1.37019,-1.52684e+08
2,0,1.75,-0.514323,0,1.37319,-1.52986e+08
2,0,1.75,-0.514323,0,1.37619,-1.26182e+08
2,0,1.75,-0.514323,0,1.37919,-1.29762e+08
2,0,1.75,-0.514323,0,1.38219,-1.29335e+08
2,0,1.75,-0.514323,0,1.38519,-1.56856e+08
2,0,1.75,-0.514323,0,1.38819,-1.58559e+08
2,0,1.75,-0.514323,0,1.3912,-1.58455e+08
2,0,1.75,-0.514323,0,1.3942,-1.59476e+08
2,0,1.75,-0.514323,0,1.3972,-1.59908e+08
2,0,1.75,-0.514323,0,1.4002,-1.32218e+08
2,0,1.75,-0.514323,0,1.4032,-1.25229e+08
2,0,1.75,-0.514323,0,1.4062,-1.33902e+08
2,0,1.75,-0.514323,0,1.4092,-1.36278e+08
2,0,1.75,-0.514323,0,1.41221,-1.25856e+08
2,0,1.75,-0.514323,0,1.41521,-1.36265e+08
2,0,1.75,-0.514323,0,1.41821,-1.35461e+08
2,0,1.75,-0.514323,0,1.42121,-1.38841e+08
2,0,1.75,-0.514323,0,1.42421,-1.29448e+08
2,0,1.75,-0.514323,0,1.42721,-1.29741e+08
2,0,1.75,-0.514323,0,1.43022,-1.2938e+08
2,0,1.75,-0.514323,0,1.43322,-1.3098e+08
2,0,1.75,-0.514323,0,1.43622,-1.48019e+08
2,0,1.75,-0.514323,0,1.43922,-1.31619e+08
2,0,1.75,-0.514323,0,1.44222,-1.35259e+08
2,0,1.75,-0.514323,0,1.44522,-1.37094e+08
2,0,1.75,-0.514323,0,1.44822,-1.33079e+08
2,0,1.75,-0.514323,0,1.45123,-1.37378e+08
2,0,1.75,-0.514323,0,1.45423,-1.25629e+08
2,0,1.75,-0.514323,0,1.45723,-1.25489e+08
2,0,1.75,-0.514323,0,1.46023,-1.28867e+08
2,0,1.75,-0.514323,0,1.46323,-1.2795e+08
2,0,1.75,-0.514323,0,1.46623,-1.27907e+08
2,0,1.75,-0.514323,0,1.46923,-1.27782e+08
2,0,1.75,-0.514323,0,1.47224,-1.28257e+08
2,0,1.75,-0.514323,0,1.47524,-1.30795e+08
2,0,1.75,-0.514323,0,1.47824,-1.3339e+08
2,0,1.75,-0.514323,0,1.48124,-1.38748e+08
2,0,1.75,-0.514323,0,1.48424,-1.30375e+08
2,0,1.75,-0.514323,0,1.48724,-1.41931e+08
2,0,1.75,-0.514323,0,1.49025,-1.277e+08
2,0,1.75,-0.514323,0,1.49325,-1.58093e+08
2,0,1.75,-0.514323,0,1.49625,-1.28242e+08
2,0,1.75,-0.514323,0,1.49925,-1.29449e+08
2,0,1.75,-0.514323,0,1.50225,-1.27814e+08
2,0,1.75,-0.514323,0,1.50525,-1.30356e+08
2,0,1.75,-0.514323,0,1.50825,-1.32865e+08
2,0,1.75,-0.514323,0,1.51126,-1.34858e+08
2,0,1.75,-0.514323,0,1.51426,-1.36995e+08
2,0,1.75,-0.514323,0,1.51726,-1.32433e+08
2,0,1.75,-0.514323,0,1.52026,-1.32549e+08
2,0,1.75,-0.514323,0,1.52326,-1.31328e+08
2,0,1.75,-0.514323,0,1.52626,-1.36604e+08
2,0,1.75,-0.514323,0,1.52926,-1.39295e+08
2,0,1.75,-0.514323,0,1.53227,-1.33048e+08
2,0,1.75,-0.514323,0,1.53527,-1.3767e+08
2,0,1.75,-0.514323,0,1.53827,-1.30114e+08
2,0,1.75,-0.514323,0,1.54127,-1.34182e+08
2,0,1.75,-0.514323,0,1.54427,-1.25694e+08
2,0,1.75,-0.514323,0,1.54727,-1.28344e+08
2,0,1.75,-0.514323,0,1.55028,-1.35552e+08
2,0,1.75,-0.514323,0,1.55328,-1.58202e+08
2,0,1.75,-0.514323,0,1.55628,-1.36951e+08
2,0,1.75,-0.514323,0,1.55928,-1.42171e+08
2,0,1.75,-0.514323,0,1.56228,-1.3507e+08
2,0,1.75,-0.514323,0,1.56528,-1.59432e+08
2,0,1.75,-0.514323,0,1.56828,-1.28103e+08
2,0,1.75,-0.514323,0,1.57129,-1.60082e+08
2,0,1.75,-0.514323,0,1.57429,-1.52093e+08
2,0,1.75,-0.514323,0,1.57729,-1.60966e+08
2,0,1.75,-0.514323,0,1.58029,-1.60757e+08
2,0,1.75,-0.514323,0,1.58329,-1.38757e+08
2,0,1.75,-0.514323,0,1.58629,-1.33713e+08
2,0,1.75,-0.514323,0,1.58929,-1.39776e+08
2,0,1.75,-0.514323,0,1.5923,-1.28476e+08
2,0,1.75,-0.514323,0,1.5953,-1.40321e+08
2,0,1.75,-0.514323,0,1.5983,-1.62186e+08
2,0,1.75,-0.514323,0,1.6013,-1.62324e+08
2,0,1.75,-0.514323,0,1.6043,-1.62467e+08
2,0,1.75,-0.514323,0,1.6073,-1.27473e+08
2,0,1.75,-0.514323,0,1.61031,-1.62717e+08
2,0,1.75,-0.514323,0,1.61331,-1.62819e+08
2,0,1.75,-0.514323,0,1.61631,-1.29875e+08
2,0,1.75,-0.514323,0,1.61931,-1.30049e+08
2,0,1.75,-0.514323,0,1.62231,-1.25858e+08
2,0,1.75,-0.514323,0,1.62531,-1.36308e+08
2,0,1.75,-0.514323,0,1.62831,-1.3098e+08
2,0,1.75,-0.514323,0,1.63132,-1.46783e+08
2,0,1.75,-0.514323,0,1.63432,-1.25961e+08
2,0,1.75,-0.514323,0,1.63732,-1.26307e+08
2,0,1.75,-0.514323,0,1.64032,-1.25968e+08
2,0,1.75,-0.514323,0,1.64332,-1.25944e+08
2,0,1.75,-0.514323,0,1.64632,-1.25971e+08
2,0,1.75,-0.514323,0,1.64932,-1.38088e+08
2,0,1.75,-0.514323,0,1.65233,-1.25777e+08
2,0,1.75,-0.514323,0,1.65533,-1.25827e+08
2,0,1.75,-0.514323,0,1.65833,-1.30776e+08
2,0,1.75,-0.514323,0,1.66133,-1.26212e+08
2,0,1.75,-0.514323,0,1.66433,-1.38613e+08
2,0,1.75,-0.514323,0,1.66733,-1.36731e+08
2,0,1.75,-0.514323,0,1.67034,-1.62507e+08
2,0,1.75,-0.514323,0,1.67334,-1.62289e+08
2,0,1.75,-0.514323,0,1.67634,-1.30431e+08
2,0,1.75,-0.514323,0,1.67934,-1.61908e+08
2,0,1.75,-0.514323,0,1.68234,-1.39067e+08
2,0,1.75,-0.514323,0,1.68534,-1.61508e+08
2,0,1.75,-0.514323,0,1.68834,-1.61313e+08
2,0,1.75,-0.514323,0,1.69135,-1.29504e+08
2,0,1.75,-0.514323,0,1.69435,-1.3819e+08
2,0,1.75,-0.514323,0,1.69735,-1.60477e+08
2,0,1.75,-0.514323,0,1.70035,-1.3752e+08
2,0,1.75,-0.514323,0,1.70335,-1.37721e+08
2,0,1.75,-0.514323,0,1.70635,-1.25996e+08
2,0,1.75,-0.514323,0,1.70935,-1.28243e+08
2,0,1.75,-0.514323,0,1.71236,-1.37404e+08
2,0,1.75,-0.514323,0,1.71536,-1.36778e+08
2,0,1.75,-0.514323,0,1.71836,-1.36346e+08
2,0,1.75,-0.514323,0,1.72136,-1.26838e+08
2,0,1.75,-0.514323,0,1.72436,-1.35549e+08
2,0,1.75,-0.514323,0,1.72736,-1.56833e+08
2,0,1.75,-0.514323,0,1.73037,-1.30836e+08
2,0,1.75,-0.514323,0,1.73337,-1.34196e+08
2,0,1.75,-0.514323,0,1.73637,-1.38143e+08
2,0,1.75,-0.514323,0,1.73937,-1.35187e+08
2,0,1.75,-0.514323,0,1.74237,-1.35677e+08
2,0,1.75,-0.514323,0,1.74537,-1.27839e+08
2,0,1.75,-0.514323,0,1.74837,-1.31459e+08
2,0,1.75,-0.514323,0,1.75138,-1.33086e+08
2,0,1.75,-0.514323,0,1.75438,-1.25236e+08
2,0,1.75,-0.514323,0,1.75738,-1.29326e+08
2,0,1.75,-0.514323,0,1.76038,-1.30873e+08
2,0,1.75,-0.514323,0,1.76338,-1.27777e+08
2,0,1.75,-0.514323,0,1.76638,-1.28604e+08
2,0,1.75,-0.514323,0,1.76938,-1.29235e+08
2,0,1.75,-0.514323,0,1.77239,-1.28802e+08
2,0,1.75,-0.514323,0,1.77539,-1.26955e+08
2,0,1.75,-0.514323,0,1.77839,-1.39491e+08
2,0,1.75,-0.514323,0,1.78139,-1.38669e+08
2,0,1.75,-0.514323,0,1.78439,-1.28166e+08
2,0,1.75,-0.514323,0,1.78739,-1.36979e+08
2,0,1.75,-0.514323,0,1.7904,-1.37734e+08
2,0,1.75,-0.514323,0,1.7934,-1.35285e+08
2,0,1.75,-0.514323,0,1.7964,-1.34276e+08
2,0,1.75,-0.514323,0,1.7994,-1.33329e+08
2,0,1.75,-0.514323,0,1.8024,-1.32355e+08
2,0,1.75,-0.514323,0,1.8054,-1.31361e+08
2,0,1.75,-0.514323,0,1.8084,-1.30342e+08
2,0,1.75,-0.514323,0,1.81141,-1.35796e+08
2,0,1.75,-0.514323,0,1.81441,-1.26147e+08
2,0,1.75,-0.514323,0,1.81741,-1.25098e+08
2,0,1.75,-0.514323,0,1.82041,-1.26851e+08
2,0,1.75,-0.514323,0,1.82341,-1.25094e+08
2,0,1.75,-0.514323,0,1.82641,-1.60643e+08
2,0,1.75,-0.514323,0,1.82941,-1.59823e+08
2,0,1.75,-0.514323,0,1.83242,-1.35416e+08
2,0,1.75,-0.514323,0,1.83542,-1.56438e+08
2,0,1.75,-0.514323,0,1.83842,-1.59695e+08
2,0,1.75,-0.514323,0,1.84142,-1.60046e+08
2,0,1.75,-0.514323,0,1.84442,-1.50701e+08
2,0,1.75,-0.514323,0,1.84742,-1.47991e+08
2,0,1.75,-0.514323,0,1.85043,-1.47174e+08
2,0,1.75,-0.514323,0,1.85343,-1.45176e+08
2,0,1.75,-0.514323,0,1.85643,-1.50524e+08
2,0,1.75,-0.514323,0,1.85943,-1.4301e+08
2,0,1.75,-0.514323,0,1.86243,-1.37155e+08
2,0,1.75,-0.514323,0,1.86543,-1.37558e+08
2,0,1.75,-0.514323,0,1.86843,-1.41788e+08
2,0,1.75,-0.514323,0,1.87144,-1.26306e+08
2,0,1.75,-0.514323,0,1.87444,-1.31318e+08
2,0,1.75,-0.514323,0,1.87744,-1.29081e+08
2,0,1.75,-0.514323,0,1.88044,-1.26615e+08
2,0,1.75,-0.514323,0,1.88344,-1.54487e+08
2,0,1.75,-0.514323,0,1.88644,-1.59694e+08
2,0,1.75,-0.514323,0,1.88944,-1.56922e+08
2,0,1.75,-0.514323,0,1.89245,-1.53347e+08
2,0,1.75,-0.514323,0,1.89545,-1.47687e+08
2,0,1.75,-0.514323,0,1.89845,-1.46963e+08
2,0,1.75,-0.514323,0,1.90145,-1.48328e+08
2,0,1.75,-0.514323,0,1.90445,-1.41777e+08
2,0,1.75,-0.514323,0,1.90745,-1.3693e+08
2,0,1.75,-0.514323,0,1.91046,-1.33723e+08
2,0,1.75,-0.514323,0,1.91346,-1.29744e+08
2,0,1.75,-0.514323,0,1.91646,-1.26698e+08
2,0,1.75,-0.514323,0,1.91946,-1.22391e+08
2,0,1.75,-0.514323,0,1.92246,-1.24997e+08
2,0,1.75,-0.514323,0,1.92546,-1.50679e+08
2,0,1.75,-0.514323,0,1.92846,-1.45663e+08
2,0,1.75,-0.514323,0,1.93147,-1.40426e+08
2,0,1.75,-0.514323,0,1.93447,-1.35374e+08
2,0,1.75,-0.514323,0,1.93747,-1.30116e+08
2,0,1.75,-0.514323,0,1.94047,-1.3758e+08
2,0,1.75,-0.514323,0,1.94347,-1.54922e+08
2,0,1.75,-0.514323,0,1.94647,-1.51271e+08
2,0,1.75,-0.514323,0,1.94947,-1.40989e+08
2,0,1.75,-0.514323,0,1.95248,-1.41695e+08
2,0,1.75,-0.514323,0,1.95548,-1.31837e+08
2,0,1.75,-0.514323,0,1.95848,-1.18433e+08
2,0,1.75,-0.514323,0,1.96148,-1.52381e+08
2,0,1.75,-0.514323,0,1.96448,-1.33823e+08
2,0,1.75,-0.514323,0,1.96748,-1.24917e+08
2,0,1.75,-0.514323,0,1.97049,-1.23274e+08
2,0,1.75,-0.514323,0,1.97349,-1.42525e+08
2,0,1.75,-0.514323,0,1.97649,-1.19076e+08
2,0,1.75,-0.514323,0,1.97949,-1.29372e+08
2,0,1.75,-0.514323,0,1.98249,-1.19264e+08
2,0,1.75,-0.514323,0,1.98549,-1.2797e+08
2,0,1.75,-0.514323,0,1.98849,-1.35545e+08
2,0,1.75,-0.514323,0,1.9915,-1.33057e+08
2,0,1.75,-0.514323,0,1.9945,-1.13878e+08
2,0,1.75,-0.514323,0,1.9975,-1.29129e+08
2,0,1.75,-0.514323,0,2.0005,1.22954e+08
2,0,1.75,-0.514323,0,2.0035,1.10256e+08
2,0,1.75,-0.514323,0,2.0065,1.39981e+08
2,0,1.75,-0.514323,0,2.0095,1.26457e+08
2,0,1.75,-0.514323,0,2.01251,1.18405e+08
2,0,1.75,-0.514323,0,2.01551,1.38748e+08
2,0,1.75,-0.514323,0,2.01851,1.5042e+08
2,0,1.75,-0.514323,0,2.02151,1.28925e+08
2,0,1.75,-0.514323,0,2.02451,1.23398e+08
2,0,1.75,-0.514323,0,2.02751,1.27797e+08
2,0,1.75,-0.514323,0,2.03052,1.42685e+08
2,0,1.75,-0.514323,0,2.03352,1.48907e+08
2,0,1.75,-0.514323,0,2.03652,1.32695e+08
2,0,1.75,-0.514323,0,2.03952,1.42626e+08
2,0,1.75,-0.514323,0,2.04252,1.19907e+08
2,0,1.75,-0.514323,0,2.04552,1.29588e+08
2,0,1.75,-0.514323,0,2.04852,1.31208e+08
2,0,1.75,-0.514323,0,2.05153,1.46758e+08
2,0,1.75,-0.514323,0,2.05453,1.21579e+08
2,0,1.75,-0.514323,0,2.05753,1.56021e+08
2,0,1.75,-0.514323,0,2.06053,1.37126e+08
2,0,1.75,-0.514323,0,2.06353,1.34269e+08
2,0,1.75,-0.514323,0,2.06653,1.3399e+08
2,0,1.75,-0.514323,0,2.06953,1.4112e+08
2,0,1.75,-0.514323,0,2.07254,1.47906e+08
2,0,1.75,-0.514323,0,2.07554,1.37555e+08
2,0,1.75,-0.514323,0,2.07854,1.39926e+08
2,0,1.75,-0.514323,0,2.08154,1.37492e+08
2,0,1.75,-0.514323,0,2.08454,1.32779e+08
2,0,1.75,-0.514323,0,2.08754,1.49936e+08
2,0,1.75,-0.514323,0,2.09055,1.32634e+08
2,0,1.75,-0.514323,0,2.09355,1.33382e+08
2,0,1.75,-0.514323,0,2.09655,1.32401e+08
2,0,1.75,-0.514323,0,2.09955,1.36308e+08
2,0,1.75,-0.514323,0,2.10255,1.25239e+08
2,0,1.75,-0.514323,0,2.10555,1.30147e+08
2,0,1.75,-0.514323,0,2.10855,1.291e+08
2,0,1.75,-0.514323,0,2.11156,1.33072e+08
2,0,1.75,-0.514323,0,2.11456,1.26709e+08
2,0,1.75,-0.514323,0,2.11756,1.29012e+08
2,0,1.75,-0.514323,0,2.12056,1.54447e+08
2,0,1.75,-0.514323,0,2.12356,1.57997e+08
2,0,1.75,-0.514323,0,2.12656,1.2825e+08
2,0,1.75,-0.514323,0,2.12956,1.43772e+08
2,0,1.75,-0.514323,0,2.13257,1.31158e+08
2,0,1.75,-0.514323,0,2.13557,1.5012e+08
2,0,1.75,-0.514323,0,2.13857,1.29983e+08
2,0,1.75,-0.514323,0,2.14157,1.31451e+08
2,0,1.75,-0.514323,0,2.14457,1.4715e+08
2,0,1.75,-0.514323,0,2.14757,1.29173e+08
2,0,1.75,-0.514323,0,2.15058,1.41673e+08
2,0,1.75,-0.514323,0,2.15358,1.35849e+08
2,0,1.75,-0.514323,0,2.15658,1.39393e+08
2,0,1.75,-0.514323,0,2.15958,1.39898e+08
2,0,1.75,-0.514323,0,2.16258,1.52453e+08
2,0,1.75,-0.514323,0,2.16558,1.64882e+08
2,0,1.75,-0.514323,0,2.16858,1.516e+08
2,0,1.75,-0.514323,0,2.17159,1.33295e+08
2,0,1.75,-0.514323,0,2.17459,1.36719e+08
2,0,1.75,-0.514323,0,2.17759,1.30756e+08
2,0,1.75,-0.514323,0,2.18059,1.44273e+08
2,0,1.75,-0.514323,0,2.18359,1.37604e+08
2,0,1.75,-0.514323,0,2.18659,1.5661e+08
2,0,1.75,-0.514323,0,2.18959,1.39346e+08
2,0,1.75,-0.514323,0,2.1926,1.39812e+08
2,0,1.75,-0.514323,0,2.1956,1.45967e+08
2,0,1.75,-0.514323,0,2.1986,1.5014e+08
2,0,1.75,-0.514323,0,2.2016,1.56049e+08
2,0,1.75,-0.514323,0,2.2046,1.67702e+08
2,0,1.75,-0.514323,0,2.2076,1.55985e+08
2,0,1.75,-0.514323,0,2.21061,1.5734e+08
2,0,1.75,-0.514323,0,2.21361,1.45729e+08
2,0,1.75,-0.514323,0,2.21661,1.33679e+08
2,0,1.75,-0.514323,0,2.21961,1.3242e+08
2,0,1.75,-0.514323,0,2.22261,1.35086e+08
2,0,1.75,-0.514323,0,2.22561,1.38437e+08
2,0,1.75,-0.514323,0,2.22861,1.51379e+08
2,0,1.75,-0.514323,0,2.23162,1.43379e+08
2,0,1.75,-0.514323,0,2.23462,1.63694e+08
2,0,1.75,-0.514323,0,2.23762,1.70789e+08
2,0,1.75,-0.514323,0,2.24062,1.55746e+08
2,0,1.75,-0.514323,0,2.24362,1.64468e+08
2,0,1.75,-0.514323,0,2.24662,1.53724e+08
2,0,1.75,-0.514323,0,2.24962,1.56476e+08
2,0,1.75,-0.514323,0,2.25263,1.64397e+08
2,0,1.75,-0.514323,0,2.25563,1.62954e+08
2,0,1.75,-0.514323,0,2.25863,1.70509e+08
2,0,1.75,-0.514323,0,2.26163,1.34675e+08
2,0,1.75,-0.514323,0,2.26463,1.70113e+08
2,0,1.75,-0.514323,0,2.26763,1.3855e+08
2,0,1.75,-0.514323,0,2.27064,1.40365e+08
2,0,1.75,-0.514323,0,2.27364,1.51631e+08
2,0,1.75,-0.514323,0,2.27664,1.48087e+08
2,0,1.75,-0.514323,0,2.27964,1.40574e+08
2,0,1.75,-0.514323,0,2.28264,1.34875e+08
2,0,1.75,-0.514323,0,2.28564,1.36103e+08
2,0,1.75,-0.514323,0,2.28864,1.41388e+08
2,0,1.75,-0.514323,0,2.29165,1.41015e+08
2,0,1.75,-0.514323,0,2.29465,1.38165e+08
2,0,1.75,-0.514323,0,2.29765,1.39784e+08
2,0,1.75,-0.514323,0,2.30065,1.431e+08
2,0,1.75,-0.514323,0,2.30365,1.70912e+08
2,0,1.75,-0.514323,0,2.30665,1.37178e+08
2,0,1.75,-0.514323,0,2.30965,1.49584e+08
2,0,1.75,-0.514323,0,2.31266,1.43714e+08
2,0,1.75,-0.514323,0,2.31566,1.55097e+08
2,0,1.75,-0.514323,0,2.31866,1.40946e+08
2,0,1.75,-0.514323,0,2.32166,1.59293e+08
2,0,1.75,-0.514323,0,2.32466,1.6336e+08
2,0,1.75,-0.514323,0,2.32766,1.41124e+08
2,0,1.75,-0.514323,0,2.33067,1.67185e+08
2,0,1.75,-0.514323,0,2.33367,1.69986e+08
2,0,1.75,-0.514323,0,2.33667,1.49566e+08
2,0,1.75,-0.514323,0,2.33967,1.34262e+08
2,0,1.75,-0.514323,0,2.34267,1.45171e+08
2,0,1.75,-0.514323,0,2.34567,1.35024e+08
2,0,1.75,-0.514323,0,2.34867,1.40069e+08
2,0,1.75,-0.514323,0,2.35168,1.44935e+08
2,0,1.75,-0.514323,0,2.35468,1.44361e+08
2,0,1.75,-0.514323,0,2.35768,1.47622e+08
2,0,1.75,-0.514323,0,2.36068,1.65599e+08
2,0,1.75,-0.514323,0,2.36368,1.68139e+08
2,0,1.75,-0.514323,0,2.36668,1.53305e+08
2,0,1.75,-0.514323,0,2.36968,1.55192e+08
2,0,1.75,-0.514323,0,2.37269,1.54294e+08
2,0,1.75,-0.514323,0,2.37569,1.40192e+08
2,0,1.75,-0.514323,0,2.37869,1.61895e+08
2,0,1.75,-0.514323,0,2.38169,1.40758e+08
2,0,1.75,-0.514323,0,2.38469,1.43659e+08
2,0,1.75,-0.514323,0,2.38769,1.69176e+08
2,0,1.75,-0.514323,0,2.3907,1.49176e+08
2,0,1.75,-0.514323,0,2.3937,1.7406e+08
2,0,1.75,-0.514323,0,2.3967,1.75465e+08
2,0,1.75,-0.514323,0,2.3997,1.5317e+08
2,0,1.75,-0.514323,0,2.4027,1.39121e+08
2,0,1.75,-0.514323,0,2.4057,1.57503e+08
2,0,1.75,-0.514323,0,2.4087,1.42863e+08
2,0,1.75,-0.514323,0,2.41171,1.64029e+08
2,0,1.75,-0.514323,0,2.41471,1.38049e+08
2,0,1.75,-0.514323,0,2.41771,1.6609e+08
2,0,1.75,-0.514323,0,2.42071,1.50773e+08
2,0,1.75,-0.514323,0,2.42371,1.54483e+08
2,0,1.75,-0.514323,0,2.42671,1.5482e+08
2,0,1.75,-0.514323,0,2.42971,1.38448e+08
2,0,1.75,-0.514323,0,2.43272,1.58814e+08
2,0,1.75,-0.514323,0,2.43572,1.40316e+08
2,0,1.75,-0.514323,0,2.43872,1.62701e+08
2,0,1.75,-0.514323,0,2.44172,1.61372e+08
2,0,1.75,-0.514323,0,2.44472,1.46667e+08
2,0,1.75,-0.514323,0,2.44772,1.70813e+08
2,0,1.75,-0.514323,0,2.45073,1.74301e+08
2,0,1.75,-0.514323,0,2.45373,1.73806e+08
2,0,1.75,-0.514323,0,2.45673,1.53402e+08
2,0,1.75,-0.514323,0,2.45973,1.61971e+08
2,0,1.75,-0.514323,0,2.46273,1.38437e+08
2,0,1.75,-0.514323,0,2.46573,1.68137e+08
2,0,1.75,-0.514323,0,2.46873,1.42895e+08
2,0,1.75,-0.514323,0,2.47174,1.45084e+08
2,0,1.75,-0.514323,0,2.47474,1.4532e+08
2,0,1.75,-0.514323,0,2.47774,1.48317e+08
2,0,1.75,-0.514323,0,2.48074,1.492e+08
2,0,1.75,-0.514323,0,2.48374,1.50851e+08
2,0,1.75,-0.514323,0,2.48674,1.43506e+08
2,0,1.75,-0.514323,0,2.48974,1.5397e+08
2,0,1.75,-0.514323,0,2.49275,1.5649e+08
2,0,1.75,-0.514323,0,2.49575,1.60722e+08
2,0,1.75,-0.514323,0,2.49875,1.60452e+08
2,0,1.75,-0.514323,0,2.50175,1.61752e+08
2,0,1.75,-0.514323,0,2.50475,1.52623e+08
2,0,1.75,-0.514323,0,2.50775,1.45217e+08
2,0,1.75,-0.514323,0,2.51076,1.70415e+08
2,0,1.75,-0.514323,0,2.51376,1.48663e+08
2,0,1.75,-0.514323,0,2.51676,1.72097e+08
2,0,1.75,-0.514323,0,2.51976,1.76091e+08
2,0,1.75,-0.514323,0,2.52276,1.75559e+08
2,0,1.75,-0.514323,0,2.52576,1.77555e+08
2,0,1.75,-0.514323,0,2.52876,1.79876e+08
2,0,1.75,-0.514323,0,2.53177,1.39529e+08
2,0,1.75,-0.514323,0,2.53477,1.61974e+08
2,0,1.75,-0.514323,0,2.53777,1.44837e+08
2,0,1.75,-0.514323,0,2.54077,1.46535e+08
2,0,1.75,-0.514323,0,2.54377,1.46724e+08
2,0,1.75,-0.514323,0,2.54677,1.70771e+08
2,0,1.75,-0.514323,0,2.54977,1.46684e+08
2,0,1.75,-0.514323,0,2.55278,1.48815e+08
2,0,1.75,-0.514323,0,2.55578,1.53078e+08
2,0,1.75,-0.514323,0,2.55878,1.77766e+08
2,0,1.75,-0.514323,0,2.56178,1.5934e+08
2,0,1.75,-0.514323,0,2.56478,1.55502e+08
2,0,1.75,-0.514323,0,2.56778,1.60079e+08
2,0,1.75,-0.514323,0,2.57079,1.6475e+08
2,0,1.75,-0.514323,0,2.57379,1.44093e+08
2,0,1.75,-0.514323,0,2.57679,1.62137e+08
2,0,1.75,-0.514323,0,2.57979,1.67754e+08
2,0,1.75,-0.514323,0,2.58279,1.7414e+08
2,0,1.75,-0.514323,0,2.58579,1.49625e+08
2,0,1.75,-0.514323,0,2.58879,1.43397e+08
2,0,1.75,-0.514323,0,2.5918,1.74756e+08
2,0,1.75,-0.514323,0,2.5948,1.41513e+08
2,0,1.75,-0.514323,0,2.5978,1.4617e+08
2,0,1.75,-0.514323,0,2.6008,1.41895e+08
2,0,1.75,-0.514323,0,2.6038,1.51415e+08
2,0,1.75,-0.514323,0,2.6068,1.41787e+08
2,0,1.75,-0.514323,0,2.6098,1.43388e+08
2,0,1.75,-0.514323,0,2.61281,1.45747e+08
2,0,1.75,-0.514323,0,2.61581,1.48741e+08
2,0,1.75,-0.514323,0,2.61881,1.42224e+08
2,0,1.75,-0.514323,0,2.62181,1.49154e+08
2,0,1.75,-0.514323,0,2.62481,1.5171e+08
2,0,1.75,-0.514323,0,2.62781,1.50366e+08
2,0,1.75,-0.514323,0,2.63082,1.54429e+08
2,0,1.75,-0.514323,0,2.63382,1.56173e+08
2,0,1.75,-0.514323,0,2.63682,1.4895e+08
2,0,1.75,-0.514323,0,2.63982,1.47126e+08
2,0,1.75,-0.514323,0,2.64282,1.61176e+08
2,0,1.75,-0.514323,0,2.64582,1.63251e+08
2,0,1.75,-0.514323,0,2.64882,1.65494e+08
2,0,1.75,-0.514323,0,2.65183,1.79425e+08
2,0,1.75,-0.514323,0,2.65483,1.4419e+08
2,0,1.75,-0.514323,0,2.65783,1.71406e+08
2,0,1.75,-0.514323,0,2.66083,1.7327e+08
2,0,1.75,-0.514323,0,2.66383,1.55069e+08
2,0,1.75,-0.514323,0,2.66683,1.74468e+08
2,0,1.75,-0.514323,0,2.66983,1.76838e+08
2,0,1.75,-0.514323,0,2.67284,1.53118e+08
2,0,1.75,-0.514323,0,2.67584,1.79688e+08
2,0,1.75,-0.514323,0,2.67884,1.56224e+08
2,0,1.75,-0.514323,0,2.68184,1.84407e+08
2,0,1.75,-0.514323,0,2.68484,1.80602e+08
2,0,1.75,-0.514323,0,2.68784,1.69804e+08
2,0,1.75,-0.514323,0,2.69085,1.85858e+08
2,0,1.75,-0.514323,0,2.69385,1.49343e+08
2,0,1.75,-0.514323,0,2.69685,1.48767e+08
2,0,1.75,-0.514323,0,2.69985,1.50019e+08
2,0,1.75,-0.514323,0,2.70285,1.51707e+08
2,0,1.75,-0.514323,0,2.70585,1.5315e+08
2,0,1.75,-0.514323,0,2.70885,1.54176e+08
2,0,1.75,-0.514323,0,2.71186,1.55716e+08
2,0,1.75,-0.514323,0,2.71486,1.57113e+08
2,0,1.75,-0.514323,0,2.71786,1.5931e+08
2,0,1.75,-0.514323,0,2.72086,1.55087e+08
2,0,1.75,-0.514323,0,2.72386,1.81911e+08
2,0,1.75,-0.514323,0,2.72686,1.56775e+08
2,0,1.75,-0.514323,0,2.72986,1.65118e+08
2,0,1.75,-0.514323,0,2.73287,1.708e+08
2,0,1.75,-0.514323,0,2.73587,1.44527e+08
2,0,1.75,-0.514323,0,2.73887,1.71729e+08
2,0,1.75,-0.514323,0,2.74187,1.53629e+08
2,0,1.75,-0.514323,0,2.74487,1.73951e+08
2,0,1.75,-0.514323,0,2.74787,1.45913e+08
2,0,1.75,-0.514323,0,2.75088,1.47283e+08
2,0,1.75,-0.514323,0,2.75388,1.78989e+08
2,0,1.75,-0.514323,0,2.75688,1.77305e+08
2,0,1.75,-0.514323,0,2.75988,1.82188e+08
2,0,1.75,-0.514323,0,2.76288,1.51216e+08
2,0,1.75,-0.514323,0,2.76588,1.86145e+08
2,0,1.75,-0.514323,0,2.76888,1.87126e+08
2,0,1.75,-0.514323,0,2.77189,1.4607e+08
2,0,1.75,-0.514323,0,2.77489,1.70602e+08
2,0,1.75,-0.514323,0,2.77789,1.50313e+08
2,0,1.75,-0.514323,0,2.78089,1.88272e+08
2,0,1.75,-0.514323,0,2.78389,1.51217e+08
2,0,1.75,-0.514323,0,2.78689,1.62342e+08
2,0,1.75,-0.514323,0,2.78989,1.70894e+08
2,0,1.75,-0.514323,0,2.7929,1.73497e+08
2,0,1.75,-0.514323,0,2.7959,1.49328e+08
2,0,1.75,-0.514323,0,2.7989,1.55468e+08
2,0,1.75,-0.514323,0,2.8019,1.50985e+08
2,0,1.75,-0.514323,0,2.8049,1.53072e+08
2,0,1.75,-0.514323,0,2.8079,1.62899e+08
2,0,1.75,-0.514323,0,2.81091,1.64406e+08
2,0,1.75,-0.514323,0,2.81391,1.72578e+08
2,0,1.75,-0.514323,0,2.81691,1.67449e+08
2,0,1.75,-0.514323,0,2.81991,1.61658e+08
2,0,1.75,-0.514323,0,2.82291,1.81311e+08
2,0,1.75,-0.514323,0,2.82591,1.47957e+08
2,0,1.75,-0.514323,0,2.82891,1.48527e+08
2,0,1.75,-0.514323,0,2.83192,1.5043e+08
2,0,1.75,-0.514323,0,2.83492,1.84641e+08
2,0,1.75,-0.514323,0,2.83792,1.51958e+08
2,0,1.75,-0.514323,0,2.84092,1.87738e+08
2,0,1.75,-0.514323,0,2.84392,1.81752e+08
2,0,1.75,-0.514323,0,2.84692,1.57491e+08
2,0,1.75,-0.514323,0,2.84992,1.70108e+08
2,0,1.75,-0.514323,0,2.85293,1.72132e+08
2,0,1.75,-0.514323,0,2.85593,1.90025e+08
2,0,1.75,-0.514323,0,2.85893,1.47473e+08
2,0,1.75,-0.514323,0,2.86193,1.5252e+08
2,0,1.75,-0.514323,0,2.86493,1.4872e+08
2,0,1.75,-0.514323,0,2.86793,1.68329e+08
2,0,1.75,-0.514323,0,2.87094,1.52695e+08
2,0,1.75,-0.514323,0,2.87394,1.879e+08
2,0,1.75,-0.514323,0,2.87694,1.90623e+08
2,0,1.75,-0.514323,0,2.87994,1.56928e+08
2,0,1.75,-0.514323,0,2.88294,1.74403e+08
2,0,1.75,-0.514323,0,2.88594,1.5875e+08
2,0,1.75,-0.514323,0,2.88894,1.82999e+08
2,0,1.75,-0.514323,0,2.89195,1.62866e+08
2,0,1.75,-0.514323,0,2.89495,1.64083e+08
2,0,1.75,-0.514323,0,2.89795,1.83646e+08
2,0,1.75,-0.514323,0,2.90095,1.67574e+08
2,0,1.75,-0.514323,0,2.90395,1.66901e+08
2,0,1.75,-0.514323,0,2.90695,1.60947e+08
2,0,1.75,-0.514323,0,2.90995,1.88549e+08
2,0,1.75,-0.514323,0,2.91296,1.71228e+08
2,0,1.75,-0.514323,0,2.91596,1.91982e+08
2,0,1.75,-0.514323,0,2.91896,1.64308e+08
2,0,1.75,-0.514323,0,2.92196,1.49911e+08
2,0,1.75,-0.514323,0,2.92496,1.72322e+08
2,0,1.75,-0.514323,0,2.92796,1.782e+08
2,0,1.75,-0.514323,0,2.93097,1.8534e+08
2,0,1.75,-0.514323,0,2.93397,1.55419e+08
2,0,1.75,-0.514323,0,2.93697,1.8737e+08
2,0,1.75,-0.514323,0,2.93997,1.90181e+08
2,0,1.75,-0.514323,0,2.94297,1.82456e+08
2,0,1.75,-0.514323,0,2.94597,1.88084e+08
2,0,1.75,-0.514323,0,2.94897,1.5662e+08
2,0,1.75,-0.514323,0,2.95198,1.57049e+08
2,0,1.75,-0.514323,0,2.95498,1.86506e+08
2,0,1.75,-0.514323,0,2.95798,1.51603e+08
2,0,1.75,-0.514323,0,2.96098,1.6189e+08
2,0,1.75,-0.514323,0,2.96398,1.53924e+08
2,0,1.75,-0.514323,0,2.96698,1.66137e+08
2,0,1.75,-0.514323,0,2.96998,1.71975e+08
2,0,1.75,-0.514323,0,2.97299,1.56629e+08
2,0,1.75,-0.514323,0,2.97599,1.57845e+08
2,0,1.75,-0.514323,0,2.97899,1.5948e+08
2,0,1.75,-0.514323,0,2.98199,1.60275e+08
2,0,1.75,-0.514323,0,2.98499,1.79531e+08
2,0,1.75,-0.514323,0,2.98799,1.6301e+08
2,0,1.75,-0.514323,0,2.991,1.64193e+08
2,0,1.75,-0.514323,0,2.994,1.87849e+08
2,0,1.75,-0.514323,0,2.997,1.8525e+08
2,0,1.75,-0.514323,0,3,1.50757e+08

2,0,1.8,-0.560211,0,-3,-7.09823e+07
2,0,1.8,-0.560211,0,-2.997,-7.46235e+07
2,0,1.8,-0.560211,0,-2.994,-8.22337e+07
2,0,1.8,-0.560211,0,-2.991,-7.36298e+07
2,0,1.8,-0.560211,0,-2.98799,-9.32713e+07
2,0,1.8,-0.560211,0,-2.98499,-7.29976e+07
2,0,1.8,-0.560211,0,-2.98199,-7.6995e+07
2,0,1.8,-0.560211,0,-2.97899,-7.58715e+07
2,0,1.8,-0.560211,0,-2.97599,-7.53905e+07
2,0,1.8,-0.560211,0,-2.97299,-8.85303e+07
2,0,1.8,-0.560211,0,-2.96998,-7.38348e+07
2,0,1.8,-0.560211,0,-2.96698,-7.97696e+07
2,0,1.8,-0.560211,0,-2.96398,-8.71775e+07
2,0,1.8,-0.560211,0,-2.96098,-9.1982e+07
2,0,1.8,-0.560211,0,-2.95798,-8.34397e+07
2,0,1.8,-0.560211,0,-2.95498,-7.70465e+07
2,0,1.8,-0.560211,0,-2.95198,-9.21045e+07
2,0,1.8,-0.560211,0,-2.94897,-9.05518e+07
2,0,1.8,-0.560211,0,-2.94597,-9.48425e+07
2,0,1.8,-0.560211,0,-2.94297,-7.81405e+07
2,0,1.8,-0.560211,0,-2.93997,-9.80134e+07
2,0,1.8,-0.560211,0,-2.93697,-8.46924e+07
2,0,1.8,-0.560211,0,-2.93397,-9.61871e+07
2,0,1.8,-0.560211,0,-2.93097,-9.08008e+07
2,0,1.8,-0.560211,0,-2.92796,-7.99253e+07
2,0,1.8,-0.560211,0,-2.92496,-9.30331e+07
2,0,1.8,-0.560211,0,-2.92196,-7.74533e+07
2,0,1.8,-0.560211,0,-2.91896,-7.70932e+07
2,0,1.8,-0.560211,0,-2.91596,-8.81374e+07
2,0,1.8,-0.560211,0,-2.91296,-8.78311e+07
2,0,1.8,-0.560211,0,-2.90995,-9.79283e+07
2,0,1.8,-0.560211,0,-2.90695,-9.1285e+07
2,0,1.8,-0.560211,0,-2.90395,-9.84574e+07
2,0,1.8,-0.560211,0,-2.90095,-9.76758e+07
2,0,1.8,-0.560211,0,-2.89795,-7.73019e+07
2,0,1.8,-0.560211,0,-2.89495,-7.86319e+07
2,0,1.8,-0.560211,0,-2.89195,-7.84458e+07
2,0,1.8,-0.560211,0,-2.88894,-8.29167e+07
2,0,1.8,-0.560211,0,-2.88594,-8.5379e+07
2,0,1.8,-0.560211,0,-2.88294,-9.45281e+07
2,0,1.8,-0.560211,0,-2.87994,-8.95488e+07
2,0,1.8,-0.560211,0,-2.87694,-7.7655e+07
2,0,1.8,-0.560211,0,-2.87394,-7.94256e+07
2,0,1.8,-0.560211,0,-2.87094,-9.09367e+07
2,0,1.8,-0.560211,0,-2.86793,-8.33554e+07
2,0,1.8,-0.560211,0,-2.86493,-1.00162e+08
2,0,1.8,-0.560211,0,-2.86193,-8.70096e+07
2,0,1.8,-0.560211,0,-2.85893,-8.85388e+07
2,0,1.8,-0.560211,0,-2.85593,-8.23555e+07
2,0,1.8,-0.560211,0,-2.85293,-7.94928e+07
2,0,1.8,-0.560211,0,-2.84992,-9.44476e+07
2,0,1.8,-0.560211,0,-2.84692,-8.34167e+07
2,0,1.8,-0.560211,0,-2.84392,-9.89999e+07
2,0,1.8,-0.560211,0,-2.84092,-8.77908e+07
2,0,1.8,-0.560211,0,-2.83792,-8.95281e+07
2,0,1.8,-0.560211,0,-2.83492,-9.53672e+07
2,0,1.8,-0.560211,0,-2.83192,-9.63982e+07
2,0,1.8,-0.560211,0,-2.82891,-8.62429e+07
2,0,1.8,-0.560211,0,-2.82591,-8.41685e+07
2,0,1.8,-0.560211,0,-2.82291,-1.01397e+08
2,0,1.8,-0.560211,0,-2.81991,-1.00417e+08
2,0,1.8,-0.560211,0,-2.81691,-8.99715e+07
2,0,1.8,-0.560211,0,-2.81391,-8.50278e+07
2,0,1.8,-0.560211,0,-2.81091,-9.05162e+07
2,0,1.8,-0.560211,0,-2.8079,-8.48049e+07
2,0,1.8,-0.560211,0,-2.8049,-8.97131e+07
2,0,1.8,-0.560211,0,-2.8019,-8.82945e+07
2,0,1.8,-0.560211,0,-2.7989,-8.44312e+07
2,0,1.8,-0.560211,0,-2.7959,-9.99658e+07
2,0,1.8,-0.560211,0,-2.7929,-1.01538e+08
2,0,1.8,-0.560211,0,-2.78989,-8.82712e+07
2,0,1.8,-0.560211,0,-2.78689,-1.02568e+08
2,0,1.8,-0.560211,0,-2.78389,-9.1635e+07
2,0,1.8,-0.560211,0,-2.78089,-1.00388e+08
2,0,1.8,-0.560211,0,-2.77789,-8.14857e+07
2,0,1.8,-0.560211,0,-2.77489,-8.3267e+07
2,0,1.8,-0.560211,0,-2.77189,-9.79464e+07
2,0,1.8,-0.560211,0,-2.76888,-8.75474e+07
2,0,1.8,-0.560211,0,-2.76588,-8.08351e+07
2,0,1.8,-0.560211,0,-2.76288,-8.3149e+07
2,0,1.8,-0.560211,0,-2.75988,-8.29214e+07
2,0,1.8,-0.560211,0,-2.75688,-8.42114e+07
2,0,1.8,-0.560211,0,-2.75388,-8.53313e+07
2,0,1.8,-0.560211,0,-2.75088,-9.79144e+07
2,0,1.8,-0.560211,0,-2.74787,-9.91291e+07
2,0,1.8,-0.560211,0,-2.74487,-1.00473e+08
2,0,1.8,-0.560211,0,-2.74187,-8.49178e+07
2,0,1.8,-0.560211,0,-2.73887,-1.00132e+08
2,0,1.8,-0.560211,0,-2.73587,-8.32628e+07
2,0,1.8,-0.560211,0,-2.73287,-1.01968e+08
2,0,1.8,-0.560211,0,-2.72986,-8.14368e+07
2,0,1.8,-0.560211,0,-2.72686,-8.4922e+07
2,0,1.8,-0.560211,0,-2.72386,-8.86561e+07
2,0,1.8,-0.560211,0,-2.72086,-8.27923e+07
2,0,1.8,-0.560211,0,-2.71786,-8.27063e+07
2,0,1.8,-0.560211,0,-2.71486,-8.18006e+07
2,0,1.8,-0.560211,0,-2.71186,-8.07578e+07
2,0,1.8,-0.560211,0,-2.70885,-8.053e+07
2,0,1.8,-0.560211,0,-2.70585,-8.37308e+07
2,0,1.8,-0.560211,0,-2.70285,-9.02889e+07
2,0,1.8,-0.560211,0,-2.69985,-8.01703e+07
2,0,1.8,-0.560211,0,-2.69685,-8.82431e+07
2,0,1.8,-0.560211,0,-2.69385,-9.38488e+07
2,0,1.8,-0.560211,0,-2.69085,-8.41906e+07
2,0,1.8,-0.560211,0,-2.68784,-8.28316e+07
2,0,1.8,-0.560211,0,-2.68484,-8.35441e+07
2,0,1.8,-0.560211,0,-2.68184,-9.56156e+07
2,0,1.8,-0.560211,0,-2.67884,-9.08946e+07
2,0,1.8,-0.560211,0,-2.67584,-9.107e+07
2,0,1.8,-0.560211,0,-2.67284,-9.15154e+07
2,0,1.8,-0.560211,0,-2.66983,-9.00972e+07
2,0,1.8,-0.560211,0,-2.66683,-8.89035e+07
2,0,1.8,-0.560211,0,-2.66383,-8.04437e+07
2,0,1.8,-0.560211,0,-2.66083,-8.15711e+07
2,0,1.8,-0.560211,0,-2.65783,-1.03534e+08
2,0,1.8,-0.560211,0,-2.65483,-9.72633e+07
2,0,1.8,-0.560211,0,-2.65183,-1.04803e+08
2,0,1.8,-0.560211,0,-2.64882,-9.64147e+07
2,0,1.8,-0.560211,0,-2.64582,-8.41356e+07
2,0,1.8,-0.560211,0,-2.64282,-8.52826e+07
2,0,1.8,-0.560211,0,-2.63982,-8.72006e+07
2,0,1.8,-0.560211,0,-2.63682,-1.0376e+08
2,0,1.8,-0.560211,0,-2.63382,-1.01204e+08
2,0,1.8,-0.560211,0,-2.63082,-8.8523e+07
2,0,1.8,-0.560211,0,-2.62781,-9.03266e+07
2,0,1.8,-0.560211,0,-2.62481,-9.01592e+07
2,0,1.8,-0.560211,0,-2.62181,-9.14317e+07
2,0,1.8,-0.560211,0,-2.61881,-9.24797e+07
2,0,1.8,-0.560211,0,-2.61581,-1.04122e+08
2,0,1.8,-0.560211,0,-2.61281,-9.29845e+07
2,0,1.8,-0.560211,0,-2.6098,-8.66517e+07
2,0,1.8,-0.560211,0,-2.6068,-8.81947e+07
2,0,1.8,-0.560211,0,-2.6038,-8.36226e+07
2,0,1.8,-0.560211,0,-2.6008,-8.47785e+07
2,0,1.8,-0.560211,0,-2.5978,-9.22677e+07
2,0,1.8,-0.560211,0,-2.5948,-8.59462e+07
2,0,1.8,-0.560211,0,-2.5918,-9.70704e+07
2,0,1.8,-0.560211,0,-2.58879,-8.87641e+07
2,0,1.8,-0.560211,0,-2.58579,-9.76452e+07
2,0,1.8,-0.560211,0,-2.58279,-9.41602e+07
2,0,1.8,-0.560211,0,-2.57979,-8.95091e+07
2,0,1.8,-0.560211,0,-2.57679,-8.92199e+07
2,0,1.8,-0.560211,0,-2.57379,-9.63631e+07
2,0,1.8,-0.560211,0,-2.57079,-9.64529e+07
2,0,1.8,-0.560211,0,-2.56778,-1.03393e+08
2,0,1.8,-0.560211,0,-2.56478,-9.76033e+07
2,0,1.8,-0.560211,0,-2.56178,-9.31622e+07
2,0,1.8,-0.560211,0,-2.55878,-8.35653e+07
2,0,1.8,-0.560211,0,-2.55578,-8.19182e+07
2,0,1.8,-0.560211,0,-2.55278,-9.7855e+07
2,0,1.8,-0.560211,0,-2.54977,-8.52229e+07
2,0,1.8,-0.560211,0,-2.54677,-8.66316e+07
2,0,1.8,-0.560211,0,-2.54377,-8.74039e+07
2,0,1.8,-0.560211,0,-2.54077,-9.90908e+07
2,0,1.8,-0.560211,0,-2.53777,-8.48031e+07
2,0,1.8,-0.560211,0,-2.53477,-1.04898e+08
2,0,1.8,-0.560211,0,-2.53177,-9.94426e+07
2,0,1.8,-0.560211,0,-2.52876,-9.96285e+07
2,0,1.8,-0.560211,0,-2.52576,-8.22415e+07
2,0,1.8,-0.560211,0,-2.52276,-1.01255e+08
2,0,1.8,-0.560211,0,-2.51976,-1.03444e+08
2,0,1.8,-0.560211,0,-2.51676,-8.99997e+07
2,0,1.8,-0.560211,0,-2.51376,-8.20237e+07
2,0,1.8,-0.560211,0,-2.51076,-8.54835e+07
2,0,1.8,-0.560211,0,-2.50775,-8.74021e+07
2,0,1.8,-0.560211,0,-2.50475,-9.57818e+07
2,0,1.8,-0.560211,0,-2.50175,-9.34076e+07
2,0,1.8,-0.560211,0,-2.49875,-9.71681e+07
2,0,1.8,-0.560211,0,-2.49575,-9.83456e+07
2,0,1.8,-0.560211,0,-2.49275,-1.05011e+08
2,0,1.8,-0.560211,0,-2.48974,-8.54607e+07
2,0,1.8,-0.560211,0,-2.48674,-9.03981e+07
2,0,1.8,-0.560211,0,-2.48374,-9.37551e+07
2,0,1.8,-0.560211,0,-2.48074,-9.98261e+07
2,0,1.8,-0.560211,0,-2.47774,-9.16628e+07
2,0,1.8,-0.560211,0,-2.47474,-8.89748e+07
2,0,1.8,-0.560211,0,-2.47174,-1.031e+08
2,0,1.8,-0.560211,0,-2.46873,-9.67368e+07
2,0,1.8,-0.560211,0,-2.46573,-1.04207e+08
2,0,1.8,-0.560211,0,-2.46273,-9.60589e+07
2,0,1.8,-0.560211,0,-2.45973,-9.54518e+07
2,0,1.8,-0.560211,0,-2.45673,-1.05044e+08
2,0,1.8,-0.560211,0,-2.45373,-1.05847e+08
2,0,1.8,-0.560211,0,-2.45073,-9.39616e+07
2,0,1.8,-0.560211,0,-2.44772,-9.97515e+07
2,0,1.8,-0.560211,0,-2.44472,-1.04863e+08
2,0,1.8,-0.560211,0,-2.44172,-9.4633e+07
2,0,1.8,-0.560211,0,-2.43872,-9.95404e+07
2,0,1.8,-0.560211,0,-2.43572,-1.02319e+08
2,0,1.8,-0.560211,0,-2.43272,-1.00972e+08
2,0,1.8,-0.560211,0,-2.42971,-8.67155e+07
2,0,1.8,-0.560211,0,-2.42671,-1.01088e+08
2,0,1.8,-0.560211,0,-2.42371,-8.36198e+07
2,0,1.8,-0.560211,0,-2.42071,-8.49885e+07
2,0,1.8,-0.560211,0,-2.41771,-1.03217e+08
2,0,1.8,-0.560211,0,-2.41471,-8.59579e+07
2,0,1.8,-0.560211,0,-2.41171,-9.00054e+07
2,0,1.8,-0.560211,0,-2.4087,-8.70604e+07
2,0,1.8,-0.560211,0,-2.4057,-1.0598e+08
2,0,1.8,-0.560211,0,-2.4027,-8.96738e+07
2,0,1.8,-0.560211,0,-2.3997,-9.18825e+07
2,0,1.8,-0.560211,0,-2.3967,-1.05722e+08
2,0,1.8,-0.560211,0,-2.3937,-9.13283e+07
2,0,1.8,-0.560211,0,-2.3907,-1.02634e+08
2,0,1.8,-0.560211,0,-2.38769,-9.06309e+07
2,0,1.8,-0.560211,0,-2.38469,-8.97871e+07
2,0,1.8,-0.560211,0,-2.38169,-9.37569e+07
2,0,1.8,-0.560211,0,-2.37869,-9.55824e+07
2,0,1.8,-0.560211,0,-2.37569,-9.23102e+07
2,0,1.8,-0.560211,0,-2.37269,-8.39165e+07
2,0,1.8,-0.560211,0,-2.36968,-9.72044e+07
2,0,1.8,-0.560211,0,-2.36668,-9.14898e+07
2,0,1.8,-0.560211,0,-2.36368,-9.75646e+07
2,0,1.8,-0.560211,0,-2.36068,-8.89033e+07
2,0,1.8,-0.560211,0,-2.35768,-8.64457e+07
2,0,1.8,-0.560211,0,-2.35468,-9.59319e+07
2,0,1.8,-0.560211,0,-2.35168,-9.63007e+07
2,0,1.8,-0.560211,0,-2.34867,-1.00584e+08
2,0,1.8,-0.560211,0,-2.34567,-9.78223e+07
2,0,1.8,-0.560211,0,-2.34267,-1.01062e+08
2,0,1.8,-0.560211,0,-2.33967,-1.02133e+08
2,0,1.8,-0.560211,0,-2.33667,-8.6444e+07
2,0,1.8,-0.560211,0,-2.33367,-9.29508e+07
2,0,1.8,-0.560211,0,-2.33067,-9.51666e+07
2,0,1.8,-0.560211,0,-2.32766,-9.13356e+07
2,0,1.8,-0.560211,0,-2.32466,-9.42631e+07
2,0,1.8,-0.560211,0,-2.32166,-1.00143e+08
2,0,1.8,-0.560211,0,-2.31866,-9.21869e+07
2,0,1.8,-0.560211,0,-2.31566,-1.01098e+08
2,0,1.8,-0.560211,0,-2.31266,-9.07676e+07
2,0,1.8,-0.560211,0,-2.30965,-9.8974e+07
2,0,1.8,-0.560211,0,-2.30665,-1.05843e+08
2,0,1.8,-0.560211,0,-2.30365,-9.74837e+07
2,0,1.8,-0.560211,0,-2.30065,-8.36104e+07
2,0,1.8,-0.560211,0,-2.29765,-1.06984e+08
2,0,1.8,-0.560211,0,-2.29465,-9.89755e+07
2,0,1.8,-0.560211,0,-2.29165,-9.81146e+07
2,0,1.8,-0.560211,0,-2.28864,-1.06154e+08
2,0,1.8,-0.560211,0,-2.28564,-1.05883e+08
2,0,1.8,-0.560211,0,-2.28264,-9.43409e+07
2,0,1.8,-0.560211,0,-2.27964,-1.00052e+08
2,0,1.8,-0.560211,0,-2.27664,-9.72585e+07
2,0,1.8,-0.560211,0,-2.27364,-8.70233e+07
2,0,1.8,-0.560211,0,-2.27064,-1.03393e+08
2,0,1.8,-0.560211,0,-2.26763,-8.77495e+07
2,0,1.8,-0.560211,0,-2.26463,-8.49121e+07
2,0,1.8,-0.560211,0,-2.26163,-1.01366e+08
2,0,1.8,-0.560211,0,-2.25863,-1.04706e+08
2,0,1.8,-0.560211,0,-2.25563,-8.5171e+07
2,0,1.8,-0.560211,0,-2.25263,-8.61461e+07
2,0,1.8,-0.560211,0,-2.24962,-1.01472e+08
2,0,1.8,-0.560211,0,-2.24662,-8.93786e+07
2,0,1.8,-0.560211,0,-2.24362,-9.01711e+07
2,0,1.8,-0.560211,0,-2.24062,-1.03693e+08
2,0,1.8,-0.560211,0,-2.23762,-8.41125e+07
2,0,1.8,-0.560211,0,-2.23462,-1.07967e+08
2,0,1.8,-0.560211,0,-2.23162,-9.15354e+07
2,0,1.8,-0.560211,0,-2.22861,-8.92705e+07
2,0,1.8,-0.560211,0,-2.22561,-8.35071e+07
2,0,1.8,-0.560211,0,-2.22261,-9.27881e+07
2,0,1.8,-0.560211,0,-2.21961,-1.06738e+08
2,0,1.8,-0.560211,0,-2.21661,-9.25617e+07
2,0,1.8,-0.560211,0,-2.21361,-9.25565e+07
2,0,1.8,-0.560211,0,-2.21061,-9.31762e+07
2,0,1.8,-0.560211,0,-2.2076,-8.43014e+07
2,0,1.8,-0.560211,0,-2.2046,-9.25512e+07
2,0,1.8,-0.560211,0,-2.2016,-8.67273e+07
2,0,1.8,-0.560211,0,-2.1986,-9.16136e+07
2,0,1.8,-0.560211,0,-2.1956,-9.49895e+07
2,0,1.8,-0.560211,0,-2.1926,-8.66917e+07
2,0,1.8,-0.560211,0,-2.18959,-8.98138e+07
2,0,1.8,-0.560211,0,-2.18659,-8.89163e+07
2,0,1.8,-0.560211,0,-2.18359,-8.9456e+07
2,0,1.8,-0.560211,0,-2.18059,-9.68918e+07
2,0,1.8,-0.560211,0,-2.17759,-9.85417e+07
2,0,1.8,-0.560211,0,-2.17459,-9.49105e+07
2,0,1.8,-0.560211,0,-2.17159,-8.89889e+07
2,0,1.8,-0.560211,0,-2.16858,-8.51121e+07
2,0,1.8,-0.560211,0,-2.16558,-1.00134e+08
2,0,1.8,-0.560211,0,-2.16258,-9.7055e+07
2,0,1.8,-0.560211,0,-2.15958,-1.01076e+08
2,0,1.8,-0.560211,0,-2.15658,-9.8596e+07
2,0,1.8,-0.560211,0,-2.15358,-8.90533e+07
2,0,1.8,-0.560211,0,-2.15058,-9.13262e+07
2,0,1.8,-0.560211,0,-2.14757,-9.82485e+07
2,0,1.8,-0.560211,0,-2.14457,-9.41158e+07
2,0,1.8,-0.560211,0,-2.14157,-9.519e+07
2,0,1.8,-0.560211,0,-2.13857,-9.03834e+07
2,0,1.8,-0.560211,0,-2.13557,-9.07828e+07
2,0,1.8,-0.560211,0,-2.13257,-9.85728e+07
2,0,1.8,-0.560211,0,-2.12956,-1.00768e+08
2,0,1.8,-0.560211,0,-2.12656,-8.90019e+07
2,0,1.8,-0.560211,0,-2.12356,-9.51049e+07
2,0,1.8,-0.560211,0,-2.12056,-1.04159e+08
2,0,1.8,-0.560211,0,-2.11756,-9.58877e+07
2,0,1.8,-0.560211,0,-2.11456,-9.84337e+07
2,0,1.8,-0.560211,0,-2.11156,-1.04152e+08
2,0,1.8,-0.560211,0,-2.10855,-1.06758e+08
2,0,1.8,-0.560211,0,-2.10555,-9.87273e+07
2,0,1.8,-0.560211,0,-2.10255,-1.00082e+08
2,0,1.8,-0.560211,0,-2.09955,-9.25755e+07
2,0,1.8,-0.560211,0,-2.09655,-1.00612e+08
2,0,1.8,-0.560211,0,-2.09355,-9.81012e+07
2,0,1.8,-0.560211,0,-2.09055,-9.93427e+07
2,0,1.8,-0.560211,0,-2.08754,-9.27119e+07
2,0,1.8,-0.560211,0,-2.08454,-9.31029e+07
2,0,1.8,-0.560211,0,-2.08154,-9.34829e+07
2,0,1.8,-0.560211,0,-2.07854,-8.56091e+07
2,0,1.8,-0.560211,0,-2.07554,-9.40407e+07
2,0,1.8,-0.560211,0,-2.07254,-1.02776e+08
2,0,1.8,-0.560211,0,-2.06953,-1.07407e+08
2,0,1.8,-0.560211,0,-2.06653,-9.77045e+07
2,0,1.8,-0.560211,0,-2.06353,-1.01248e+08
2,0,1.8,-0.560211,0,-2.06053,-8.47409e+07
2,0,1.8,-0.560211,0,-2.05753,-8.71938e+07
2,0,1.8,-0.560211,0,-2.05453,-8.57114e+07
2,0,1.8,-0.560211,0,-2.05153,-1.04842e+08
2,0,1.8,-0.560211,0,-2.04852,-1.02967e+08
2,0,1.8,-0.560211,0,-2.04552,-8.80352e+07
2,0,1.8,-0.560211,0,-2.04252,-8.77407e+07
2,0,1.8,-0.560211,0,-2.03952,-1.03574e+08
2,0,1.8,-0.560211,0,-2.03652,-1.01195e+08
2,0,1.8,-0.560211,0,-2.03352,-8.40352e+07
2,0,1.8,-0.560211,0,-2.03052,-1.05207e+08
2,0,1.8,-0.560211,0,-2.02751,-8.55972e+07
2,0,1.8,-0.560211,0,-2.02451,-1.04127e+08
2,0,1.8,-0.560211,0,-2.02151,-8.75168e+07
2,0,1.8,-0.560211,0,-2.01851,-1.02222e+08
2,0,1.8,-0.560211,0,-2.01551,-1.06095e+08
2,0,1.8,-0.560211,0,-2.01251,-8.74201e+07
2,0,1.8,-0.560211,0,-2.0095,-1.06391e+08
2,0,1.8,-0.560211,0,-2.0065,-1.07315e+08
2,0,1.8,-0.560211,0,-2.0035,-1.02132e+08
2,0,1.8,-0.560211,0,-2.0005,-8.56797e+07
2,0,1.8,-0.560211,0,-1.9975,-9.4213e+07
2,0,1.8,-0.560211,0,-1.9945,-1.07688e+08
2,0,1.8,-0.560211,0,-1.9915,-1.05882e+08
2,0,1.8,-0.560211,0,-1.98849,-9.00347e+07
2,0,1.8,-0.560211,0,-1.98549,-8.46416e+07
2,0,1.8,-0.560211,0,-1.98249,-1.0812e+08
2,0,1.8,-0.560211,0,-1.97949,-8.96756e+07
2,0,1.8,-0.560211,0,-1.97649,-8.40556e+07
2,0,1.8,-0.560211,0,-1.97349,-8.41016e+07
2,0,1.8,-0.560211,0,-1.97049,-1.05738e+08
2,0,1.8,-0.560211,0,-1.96748,-8.46373e+07
2,0,1.8,-0.560211,0,-1.96448,-9.43518e+07
2,0,1.8,-0.560211,0,-1.96148,-9.32375e+07
2,0,1.8,-0.560211,0,-1.95848,-9.05193e+07
2,0,1.8,-0.560211,0,-1.95548,-1.06295e+08
2,0,1.8,-0.560211,0,-1.95248,-9.4005e+07
2,0,1.8,-0.560211,0,-1.94947,-8.72273e+07
2,0,1.8,-0.560211,0,-1.94647,-9.1557e+07
2,0,1.8,-0.560211,0,-1.94347,-8.94146e+07
2,0,1.8,-0.560211,0,-1.94047,-8.61865e+07
2,0,1.8,-0.560211,0,-1.93747,-9.36931e+07
2,0,1.8,-0.560211,0,-1.93447,-9.38256e+07
2,0,1.8,-0.560211,0,-1.93147,-9.65644e+07
2,0,1.8,-0.560211,0,-1.92846,-8.95423e+07
2,0,1.8,-0.560211,0,-1.92546,-9.22527e+07
2,0,1.8,-0.560211,0,-1.92246,-9.46902e+07
2,0,1.8,-0.560211,0,-1.91946,-9.01556e+07
2,0,1.8,-0.560211,0,-1.91646,-1.07417e+08
2,0,1.8,-0.560211,0,-1.91346,-8.41029e+07
2,0,1.8,-0.560211,0,-1.91046,-8.80613e+07
2,0,1.8,-0.560211,0,-1.90745,-9.56163e+07
2,0,1.8,-0.560211,0,-1.90445,-9.12206e+07
2,0,1.8,-0.560211,0,-1.90145,-9.55772e+07
2,0,1.8,-0.560211,0,-1.89845,-9.85101e+07
2,0,1.8,-0.560211,0,-1.89545,-9.03718e+07
2,0,1.8,-0.560211,0,-1.89245,-1.05283e+08
2,0,1.8,-0.560211,0,-1.88944,-9.77146e+07
2,0,1.8,-0.560211,0,-1.88644,-9.69251e+07
2,0,1.8,-0.560211,0,-1.88344,-9.82053e+07
2,0,1.8,-0.560211,0,-1.88044,-9.65016e+07
2,0,1.8,-0.560211,0,-1.87744,-8.49843e+07
2,0,1.8,-0.560211,0,-1.87444,-8.53651e+07
2,0,1.8,-0.560211,0,-1.87144,-9.01577e+07
2,0,1.8,-0.560211,0,-1.86843,-8.97376e+07
2,0,1.8,-0.560211,0,-1.86543,-8.49982e+07
2,0,1.8,-0.560211,0,-1.86243,-9.86358e+07
2,0,1.8,-0.560211,0,-1.85943,-9.85063e+07
2,0,1.8,-0.560211,0,-1.85643,-1.00382e+08
2,0,1.8,-0.560211,0,-1.85343,-9.87276e+07
2,0,1.8,-0.560211,0,-1.85043,-8.82249e+07
2,0,1.8,-0.560211,0,-1.84742,-9.98056e+07
2,0,1.8,-0.560211,0,-1.84442,-9.9573e+07
2,0,1.8,-0.560211,0,-1.84142,-8.57891e+07
2,0,1.8,-0.560211,0,-1.83842,-1.01903e+08
2,0,1.8,-0.560211,0,-1.83542,-9.15874e+07
2,0,1.8,-0.560211,0,-1.83242,-9.09867e+07
2,0,1.8,-0.560211,0,-1.82941,-1.01732e+08
2,0,1.8,-0.560211,0,-1.82641,-9.22242e+07
2,0,1.8,-0.560211,0,-1.82341,-9.70874e+07
2,0,1.8,-0.560211,0,-1.82041,-9.2282e+07
2,0,1.8,-0.560211,0,-1.81741,-1.00217e+08
2,0,1.8,-0.560211,0,-1.81441,-1.00717e+08
2,0,1.8,-0.560211,0,-1.81141,-8.97814e+07
2,0,1.8,-0.560211,0,-1.8084,-8.87939e+07
2,0,1.8,-0.560211,0,-1.8054,-1.00968e+08
2,0,1.8,-0.560211,0,-1.8024,-9.30887e+07
2,0,1.8,-0.560211,0,-1.7994,-1.00506e+08
2,0,1.8,-0.560211,0,-1.7964,-1.02314e+08
2,0,1.8,-0.560211,0,-1.7934,-1.02473e+08
2,0,1.8,-0.560211,0,-1.7904,-1.03123e+08
2,0,1.8,-0.560211,0,-1.78739,-1.03257e+08
2,0,1.8,-0.560211,0,-1.78439,-9.34648e+07
2,0,1.8,-0.560211,0,-1.78139,-1.00984e+08
2,0,1.8,-0.560211,0,-1.77839,-9.33969e+07
2,0,1.8,-0.560211,0,-1.77539,-9.44955e+07
2,0,1.8,-0.560211,0,-1.77239,-9.43108e+07
2,0,1.8,-0.560211,0,-1.76938,-9.62454e+07
2,0,1.8,-0.560211,0,-1.76638,-1.02385e+08
2,0,1.8,-0.560211,0,-1.76338,-9.43561e+07
2,0,1.8,-0.560211,0,-1.76038,-9.15131e+07
2,0,1.8,-0.560211,0,-1.75738,-9.56074e+07
2,0,1.8,-0.560211,0,-1.75438,-8.87634e+07
2,0,1.8,-0.560211,0,-1.75138,-1.03841e+08
2,0,1.8,-0.560211,0,-1.74837,-1.03737e+08
2,0,1.8,-0.560211,0,-1.74537,-9.73971e+07
2,0,1.8,-0.560211,0,-1.74237,-1.04249e+08
2,0,1.8,-0.560211,0,-1.73937,-9.99109e+07
2,0,1.8,-0.560211,0,-1.73637,-1.01065e+08
2,0,1.8,-0.560211,0,-1.73337,-9.47589e+07
2,0,1.8,-0.560211,0,-1.73037,-1.05222e+08
2,0,1.8,-0.560211,0,-1.72736,-1.0213e+08
2,0,1.8,-0.560211,0,-1.72436,-1.02874e+08
2,0,1.8,-0.560211,0,-1.72136,-8.95659e+07
2,0,1.8,-0.560211,0,-1.71836,-9.33721e+07
2,0,1.8,-0.560211,0,-1.71536,-9.53237e+07
2,0,1.8,-0.560211,0,-1.71236,-1.04174e+08
2,0,1.8,-0.560211,0,-1.70935,-9.47976e+07
2,0,1.8,-0.560211,0,-1.70635,-9.50235e+07
2,0,1.8,-0.560211,0,-1.70335,-1.02814e+08
2,0,1.8,-0.560211,0,-1.70035,-8.99368e+07
2,0,1.8,-0.560211,0,-1.69735,-1.029e+08
2,0,1.8,-0.560211,0,-1.69435,-1.03078e+08
2,0,1.8,-0.560211,0,-1.69135,-9.76914e+07
2,0,1.8,-0.560211,0,-1.68834,-9.87533e+07
2,0,1.8,-0.560211,0,-1.68534,-9.25263e+07
2,0,1.8,-0.560211,0,-1.68234,-1.02943e+08
2,0,1.8,-0.560211,0,-1.67934,-8.9587e+07
2,0,1.8,-0.560211,0,-1.67634,-9.46306e+07
2,0,1.8,-0.560211,0,-1.67334,-9.85893e+07
2,0,1.8,-0.560211,0,-1.67034,-9.37174e+07
2,0,1.8,-0.560211,0,-1.66733,-9.00522e+07
2,0,1.8,-0.560211,0,-1.66433,-1.04805e+08
2,0,1.8,-0.560211,0,-1.66133,-1.0148e+08
2,0,1.8,-0.560211,0,-1.65833,-9.66075e+07
2,0,1.8,-0.560211,0,-1.65533,-9.51798e+07
2,0,1.8,-0.560211,0,-1.65233,-1.06022e+08
2,0,1.8,-0.560211,0,-1.64932,-1.03817e+08
2,0,1.8,-0.560211,0,-1.64632,-9.60887e+07
2,0,1.8,-0.560211,0,-1.64332,-1.03136e+08
2,0,1.8,-0.560211,0,-1.64032,-9.21592e+07
2,0,1.8,-0.560211,0,-1.63732,-9.54328e+07
2,0,1.8,-0.560211,0,-1.63432,-1.09516e+08
2,0,1.8,-0.560211,0,-1.63132,-9.57329e+07
2,0,1.8,-0.560211,0,-1.62831,-1.05623e+08
2,0,1.8,-0.560211,0,-1.62531,-1.0307e+08
2,0,1.8,-0.560211,0,-1.62231,-9.5746e+07
2,0,1.8,-0.560211,0,-1.61931,-8.98244e+07
2,0,1.8,-0.560211,0,-1.61631,-9.57294e+07
2,0,1.8,-0.560211,0,-1.61331,-9.01599e+07
2,0,1.8,-0.560211,0,-1.61031,-1.05073e+08
2,0,1.8,-0.560211,0,-1.6073,-1.04589e+08
2,0,1.8,-0.560211,0,-1.6043,-8.97463e+07
2,0,1.8,-0.560211,0,-1.6013,-9.18958e+07
2,0,1.8,-0.560211,0,-1.5983,-1.06354e+08
2,0,1.8,-0.560211,0,-1.5953,-8.98843e+07
2,0,1.8,-0.560211,0,-1.5923,-1.05925e+08
2,0,1.8,-0.560211,0,-1.58929,-9.75428e+07
2,0,1.8,-0.560211,0,-1.58629,-8.97021e+07
2,0,1.8,-0.560211,0,-1.58329,-1.08299e+08
2,0,1.8,-0.560211,0,-1.58029,-1.0468e+08
2,0,1.8,-0.560211,0,-1.57729,-1.02164e+08
2,0,1.8,-0.560211,0,-1.57429,-9.57381e+07
2,0,1.8,-0.560211,0,-1.57129,-9.4846e+07
2,0,1.8,-0.560211,0,-1.56828,-1.01956e+08
2,0,1.8,-0.560211,0,-1.56528,-1.01938e+08
2,0,1.8,-0.560211,0,-1.56228,-1.01694e+08
2,0,1.8,-0.560211,0,-1.55928,-9.45935e+07
2,0,1.8,-0.560211,0,-1.55628,-9.41592e+07
2,0,1.8,-0.560211,0,-1.55328,-1.03415e+08
2,0,1.8,-0.560211,0,-1.55028,-1.10292e+08
2,0,1.8,-0.560211,0,-1.54727,-1.03208e+08
2,0,1.8,-0.560211,0,-1.54427,-8.81485e+07
2,0,1.8,-0.560211,0,-1.54127,-8.87852e+07
2,0,1.8,-0.560211,0,-1.53827,-1.03786e+08
2,0,1.8,-0.560211,0,-1.53527,-9.42506e+07
2,0,1.8,-0.560211,0,-1.53227,-8.92524e+07
2,0,1.8,-0.560211,0,-1.52926,-8.91314e+07
2,0,1.8,-0.560211,0,-1.52626,-9.32991e+07
2,0,1.8,-0.560211,0,-1.52326,-8.91643e+07
2,0,1.8,-0.560211,0,-1.52026,-9.28306e+07
2,0,1.8,-0.560211,0,-1.51726,-9.47625e+07
2,0,1.8,-0.560211,0,-1.51426,-8.87895e+07
2,0,1.8,-0.560211,0,-1.51126,-9.3909e+07
2,0,1.8,-0.560211,0,-1.50825,-8.79785e+07
2,0,1.8,-0.560211,0,-1.50525,-9.21579e+07
2,0,1.8,-0.560211,0,-1.50225,-9.18912e+07
2,0,1.8,-0.560211,0,-1.49925,-8.94389e+07
2,0,1.8,-0.560211,0,-1.49625,-9.89898e+07
2,0,1.8,-0.560211,0,-1.49325,-9.23632e+07
2,0,1.8,-0.560211,0,-1.49025,-9.84458e+07
2,0,1.8,-0.560211,0,-1.48724,-8.8265e+07
2,0,1.8,-0.560211,0,-1.48424,-9.10232e+07
2,0,1.8,-0.560211,0,-1.48124,-9.16208e+07
2,0,1.8,-0.560211,0,-1.47824,-9.14514e+07
2,0,1.8,-0.560211,0,-1.47524,-8.76465e+07
2,0,1.8,-0.560211,0,-1.47224,-9.14567e+07
2,0,1.8,-0.560211,0,-1.46923,-9.08053e+07
2,0,1.8,-0.560211,0,-1.46623,-9.10921e+07
2,0,1.8,-0.560211,0,-1.46323,-8.7964e+07
2,0,1.8,-0.560211,0,-1.46023,-9.09606e+07
2,0,1.8,-0.560211,0,-1.45723,-9.89686e+07
2,0,1.8,-0.560211,0,-1.45423,-9.91289e+07
2,0,1.8,-0.560211,0,-1.45123,-9.66568e+07
2,0,1.8,-0.560211,0,-1.44822,-9.89763e+07
2,0,1.8,-0.560211,0,-1.44522,-8.90169e+07
2,0,1.8,-0.560211,0,-1.44222,-9.23582e+07
2,0,1.8,-0.560211,0,-1.43922,-9.03733e+07
2,0,1.8,-0.560211,0,-1.43622,-9.73187e+07
2,0,1.8,-0.560211,0,-1.43322,-8.85759e+07
2,0,1.8,-0.560211,0,-1.43022,-9.51177e+07
2,0,1.8,-0.560211,0,-1.42721,-9.38362e+07
2,0,1.8,-0.560211,0,-1.42421,-8.35772e+07
2,0,1.8,-0.560211,0,-1.42121,-8.75022e+07
2,0,1.8,-0.560211,0,-1.41821,-9.32676e+07
2,0,1.8,-0.560211,0,-1.41521,-9.35181e+07
2,0,1.8,-0.560211,0,-1.41221,-9.21434e+07
2,0,1.8,-0.560211,0,-1.4092,-8.66574e+07
2,0,1.8,-0.560211,0,-1.4062,-1.07242e+08
2,0,1.8,-0.560211,0,-1.4032,-1.06174e+08
2,0,1.8,-0.560211,0,-1.4002,-9.22058e+07
2,0,1.8,-0.560211,0,-1.3972,-9.81642e+07
2,0,1.8,-0.560211,0,-1.3942,-9.0577e+07
2,0,1.8,-0.560211,0,-1.3912,-1.07267e+08
2,0,1.8,-0.560211,0,-1.38819,-1.07954e+08
2,0,1.8,-0.560211,0,-1.38519,-9.14809e+07
2,0,1.8,-0.560211,0,-1.38219,-8.43521e+07
2,0,1.8,-0.560211,0,-1.37919,-1.02869e+08
2,0,1.8,-0.560211,0,-1.37619,-1.02663e+08
2,0,1.8,-0.560211,0,-1.37319,-1.05214e+08
2,0,1.8,-0.560211,0,-1.37019,-1.08407e+08
2,0,1.8,-0.560211,0,-1.36718,-8.82577e+07
2,0,1.8,-0.560211,0,-1.36418,-1.02971e+08
2,0,1.8,-0.560211,0,-1.36118,-1.03226e+08
2,0,1.8,-0.560211,0,-1.35818,-8.64542e+07
2,0,1.8,-0.560211,0,-1.35518,-8.82608e+07
2,0,1.8,-0.560211,0,-1.35218,-9.99278e+07
2,0,1.8,-0.560211,0,-1.34917,-8.56134e+07
2,0,1.8,-0.560211,0,-1.34617,-8.77284e+07
2,0,1.8,-0.560211,0,-1.34317,-9.84176e+07
2,0,1.8,-0.560211,0,-1.34017,-8.65236e+07
2,0,1.8,-0.560211,0,-1.33717,-1.04632e+08
2,0,1.8,-0.560211,0,-1.33417,-9.76413e+07
2,0,1.8,-0.560211,0,-1.33117,-1.01562e+08
2,0,1.8,-0.560211,0,-1.32816,-9.8679e+07
2,0,1.8,-0.560211,0,-1.32516,-1.08153e+08
2,0,1.8,-0.560211,0,-1.32216,-9.93339e+07
2,0,1.8,-0.560211,0,-1.31916,-9.59237e+07
2,0,1.8,-0.560211,0,-1.31616,-1.01752e+08
2,0,1.8,-0.560211,0,-1.31316,-9.58118e+07
2,0,1.8,-0.560211,0,-1.31016,-1.00087e+08
2,0,1.8,-0.560211,0,-1.30715,-8.7103e+07
2,0,1.8,-0.560211,0,-1.30415,-1.06862e+08
2,0,1.8,-0.560211,0,-1.30115,-9.87175e+07
2,0,1.8,-0.560211,0,-1.29815,-8.33769e+07
2,0,1.8,-0.560211,0,-1.29515,-1.01621e+08
2,0,1.8,-0.560211,0,-1.29215,-1.04584e+08
2,0,1.8,-0.560211,0,-1.28914,-1.00526e+08
2,0,1.8,-0.560211,0,-1.28614,-1.04789e+08
2,0,1.8,-0.560211,0,-1.28314,-9.54362e+07
2,0,1.8,-0.560211,0,-1.28014,-9.59377e+07
2,0,1.8,-0.560211,0,-1.27714,-8.92497e+07
2,0,1.8,-0.560211,0,-1.27414,-9.83603e+07
2,0,1.8,-0.560211,0,-1.27114,-1.00949e+08
2,0,1.8,-0.560211,0,-1.26813,-8.93979e+07
2,0,1.8,-0.560211,0,-1.26513,-9.23927e+07
2,0,1.8,-0.560211,0,-1.26213,-9.10722e+07
2,0,1.8,-0.560211,0,-1.25913,-9.83476e+07
2,0,1.8,-0.560211,0,-1.25613,-9.27518e+07
2,0,1.8,-0.560211,0,-1.25313,-1.00412e+08
2,0,1.8,-0.560211,0,-1.25013,-8.42962e+07
2,0,1.8,-0.560211,0,-1.24712,-9.56505e+07
2,0,1.8,-0.560211,0,-1.24412,-8.33369e+07
2,0,1.8,-0.560211,0,-1.24112,-9.09661e+07
2,0,1.8,-0.560211,0,-1.23812,-9.38826e+07
2,0,1.8,-0.560211,0,-1.23512,-9.36793e+07
2,0,1.8,-0.560211,0,-1.23212,-9.93893e+07
2,0,1.8,-0.560211,0,-1.22911,-8.27234e+07
2,0,1.8,-0.560211,0,-1.22611,-9.30923e+07
2,0,1.8,-0.560211,0,-1.22311,-9.08484e+07
2,0,1.8,-0.560211,0,-1.22011,-9.37965e+07
2,0,1.8,-0.560211,0,-1.21711,-1.05954e+08
2,0,1.8,-0.560211,0,-1.21411,-1.02364e+08
2,0,1.8,-0.560211,0,-1.21111,-8.4994e+07
2,0,1.8,-0.560211,0,-1.2081,-1.05837e+08
2,0,1.8,-0.560211,0,-1.2051,-8.61262e+07
2,0,1.8,-0.560211,0,-1.2021,-9.86841e+07
2,0,1.8,-0.560211,0,-1.1991,-8.93333e+07
2,0,1.8,-0.560211,0,-1.1961,-1.0256e+08
2,0,1.8,-0.560211,0,-1.1931,-1.01666e+08
2,0,1.8,-0.560211,0,-1.1901,-1.0256e+08
2,0,1.8,-0.560211,0,-1.18709,-9.43949e+07
2,0,1.8,-0.560211,0,-1.18409,-9.89594e+07
2,0,1.8,-0.560211,0,-1.18109,-8.22041e+07
2,0,1.8,-0.560211,0,-1.17809,-9.34974e+07
2,0,1.8,-0.560211,0,-1.17509,-9.0688e+07
2,0,1.8,-0.560211,0,-1.17209,-9.46502e+07
2,0,1.8,-0.560211,0,-1.16908,-8.93804e+07
2,0,1.8,-0.560211,0,-1.16608,-1.00793e+08
2,0,1.8,-0.560211,0,-1.16308,-9.21426e+07
2,0,1.8,-0.560211,0,-1.16008,-9.1223e+07
2,0,1.8,-0.560211,0,-1.15708,-9.79237e+07
2,0,1.8,-0.560211,0,-1.15408,-8.69292e+07
2,0,1.8,-0.560211,0,-1.15108,-8.99626e+07
2,0,1.8,-0.560211,0,-1.14807,-8.92081e+07
2,0,1.8,-0.560211,0,-1.14507,-9.37821e+07
2,0,1.8,-0.560211,0,-1.14207,-8.36238e+07
2,0,1.8,-0.560211,0,-1.13907,-9.16537e+07
2,0,1.8,-0.560211,0,-1.13607,-1.02814e+08
2,0,1.8,-0.560211,0,-1.13307,-8.24585e+07
2,0,1.8,-0.560211,0,-1.13007,-8.17588e+07
2,0,1.8,-0.560211,0,-1.12706,-1.01185e+08
2,0,1.8,-0.560211,0,-1.12406,-9.79084e+07
2,0,1.8,-0.560211,0,-1.12106,-1.01967e+08
2,0,1.8,-0.560211,0,-1.11806,-1.01448e+08
2,0,1.8,-0.560211,0,-1.11506,-9.40094e+07
2,0,1.8,-0.560211,0,-1.11206,-1.01685e+08
2,0,1.8,-0.560211,0,-1.10905,-9.40695e+07
2,0,1.8,-0.560211,0,-1.10605,-9.18322e+07
2,0,1.8,-0.560211,0,-1.10305,-9.44894e+07
2,0,1.8,-0.560211,0,-1.10005,-9.27071e+07
2,0,1.8,-0.560211,0,-1.09705,-9.14642e+07
2,0,1.8,-0.560211,0,-1.09405,-9.02626e+07
2,0,1.8,-0.560211,0,-1.09105,-9.44318e+07
2,0,1.8,-0.560211,0,-1.08804,-8.19638e+07
2,0,1.8,-0.560211,0,-1.08504,-8.54643e+07
2,0,1.8,-0.560211,0,-1.08204,-8.43724e+07
2,0,1.8,-0.560211,0,-1.07904,-8.29795e+07
2,0,1.8,-0.560211,0,-1.07604,-8.80925e+07
2,0,1.8,-0.560211,0,-1.07304,-9.90968e+07
2,0,1.8,-0.560211,0,-1.07004,-9.29683e+07
2,0,1.8,-0.560211,0,-1.06703,-1.00409e+08
2,0,1.8,-0.560211,0,-1.06403,-1.03622e+08
2,0,1.8,-0.560211,0,-1.06103,-9.09035e+07
2,0,1.8,-0.560211,0,-1.05803,-9.39582e+07
2,0,1.8,-0.560211,0,-1.05503,-9.16607e+07
2,0,1.8,-0.560211,0,-1.05203,-8.22209e+07
2,0,1.8,-0.560211,0,-1.04902,-8.60809e+07
2,0,1.8,-0.560211,0,-1.04602,-9.60172e+07
2,0,1.8,-0.560211,0,-1.04302,-1.03263e+08
2,0,1.8,-0.560211,0,-1.04002,-8.18965e+07
2,0,1.8,-0.560211,0,-1.03702,-9.90608e+07
2,0,1.8,-0.560211,0,-1.03402,-9.69742e+07
2,0,1.8,-0.560211,0,-1.03102,-9.31605e+07
2,0,1.8,-0.560211,0,-1.02801,-9.60213e+07
2,0,1.8,-0.560211,0,-1.02501,-9.32677e+07
2,0,1.8,-0.560211,0,-1.02201,-8.53552e+07
2,0,1.8,-0.560211,0,-1.01901,-8.75539e+07
2,0,1.8,-0.560211,0,-1.01601,-8.45387e+07
2,0,1.8,-0.560211,0,-1.01301,-9.0784e+07
2,0,1.8,-0.560211,0,-1.01001,-7.9251e+07
2,0,1.8,-0.560211,0,-1.007,-8.15187e+07
2,0,1.8,-0.560211,0,-1.004,-7.90164e+07
2,0,1.8,-0.560211,0,-1.001,-8.15844e+07
2,0,1.8,-0.560211,0,-0.997999,-7.93003e+07
2,0,1.8,-0.560211,0,-0.994997,-8.58286e+07
2,0,1.8,-0.560211,0,-0.991996,-7.88078e+07
2,0,1.8,-0.560211,0,-0.988994,-8.92396e+07
2,0,1.8,-0.560211,0,-0.985993,-9.61948e+07
2,0,1.8,-0.560211,0,-0.982991,-9.09389e+07
2,0,1.8,-0.560211,0,-0.97999,-8.09841e+07
2,0,1.8,-0.560211,0,-0.976988,-8.09141e+07
2,0,1.8,-0.560211,0,-0.973987,-7.64082e+07
2,0,1.8,-0.560211,0,-0.970985,-8.74974e+07
2,0,1.8,-0.560211,0,-0.967984,-8.08599e+07
2,0,1.8,-0.560211,0,-0.964982,-8.87069e+07
2,0,1.8,-0.560211,0,-0.961981,-9.12293e+07
2,0,1.8,-0.560211,0,-0.958979,-8.207e+07
2,0,1.8,-0.560211,0,-0.955978,-9.62738e+07
2,0,1.8,-0.560211,0,-0.952976,-8.2368e+07
2,0,1.8,-0.560211,0,-0.949975,-8.73843e+07
2,0,1.8,-0.560211,0,-0.946973,-7.58697e+07
2,0,1.8,-0.560211,0,-0.943972,-8.35716e+07
2,0,1.8,-0.560211,0,-0.94097,-7.3087e+07
2,0,1.8,-0.560211,0,-0.937969,-7.09777e+07
2,0,1.8,-0.560211,0,-0.934967,-8.52461e+07
2,0,1.8,-0.560211,0,-0.931966,7.1172e+07
2,0,1.8,-0.560211,0,-0.928964,8.76178e+07
2,0,1.8,-0.560211,0,-0.925963,8.85448e+07
2,0,1.8,-0.560211,0,-0.922961,7.83787e+07
2,0,1.8,-0.560211,0,-0.91996,7.37127e+07
2,0,1.8,-0.560211,0,-0.916958,7.70902e+07
2,0,1.8,-0.560211,0,-0.913957,8.3026e+07
2,0,1.8,-0.560211,0,-0.910955,9.50181e+07
2,0,1.8,-0.560211,0,-0.907954,8.5472e+07
2,0,1.8,-0.560211,0,-0.904952,9.05217e+07
2,0,1.8,-0.560211,0,-0.901951,8.30606e+07
2,0,1.8,-0.560211,0,-0.898949,8.27854e+07
2,0,1.8,-0.560211,0,-0.895948,9.51804e+07
2,0,1.8,-0.560211,0,-0.892946,9.04432e+07
2,0,1.8,-0.560211,0,-0.889945,9.03729e+07
2,0,1.8,-0.560211,0,-0.886943,9.07693e+07
2,0,1.8,-0.560211,0,-0.883942,9.29635e+07
2,0,1.8,-0.560211,0,-0.88094,9.95494e+07
2,0,1.8,-0.560211,0,-0.877939,9.03107e+07
2,0,1.8,-0.560211,0,-0.874937,8.59461e+07
2,0,1.8,-0.560211,0,-0.871936,8.50382e+07
2,0,1.8,-0.560211,0,-0.868934,8.20057e+07
2,0,1.8,-0.560211,0,-0.865933,8.34598e+07
2,0,1.8,-0.560211,0,-0.862931,8.31101e+07
2,0,1.8,-0.560211,0,-0.85993,8.1262e+07
2,0,1.8,-0.560211,0,-0.856928,8.83637e+07
2,0,1.8,-0.560211,0,-0.853927,8.828e+07
2,0,1.8,-0.560211,0,-0.850925,1.01455e+08
2,0,1.8,-0.560211,0,-0.847924,7.97924e+07
2,0,1.8,-0.560211,0,-0.844922,8.73019e+07
2,0,1.8,-0.560211,0,-0.841921,8.97868e+07
2,0,1.8,-0.560211,0,-0.838919,8.47496e+07
2,0,1.8,-0.560211,0,-0.835918,8.44313e+07
2,0,1.8,-0.560211,0,-0.832916,8.75513e+07
2,0,1.8,-0.560211,0,-0.829915,8.04467e+07
2,0,1.8,-0.560211,0,-0.826913,9.60998e+07
2,0,1.8,-0.560211,0,-0.823912,9.57519e+07
2,0,1.8,-0.560211,0,-0.82091,8.68238e+07
2,0,1.8,-0.560211,0,-0.817909,8.06957e+07
2,0,1.8,-0.560211,0,-0.814907,8.45993e+07
2,0,1.8,-0.560211,0,-0.811906,8.17353e+07
2,0,1.8,-0.560211,0,-0.808904,8.75294e+07
2,0,1.8,-0.560211,0,-0.805903,8.47632e+07
2,0,1.8,-0.560211,0,-0.802901,9.22066e+07
2,0,1.8,-0.560211,0,-0.7999,9.04378e+07
2,0,1.8,-0.560211,0,-0.796898,9.68525e+07
2,0,1.8,-0.560211,0,-0.793897,9.27067e+07
2,0,1.8,-0.560211,0,-0.790895,1.01734e+08
2,0,1.8,-0.560211,0,-0.787894,1.01535e+08
2,0,1.8,-0.560211,0,-0.784892,8.13181e+07
2,0,1.8,-0.560211,0,-0.781891,8.99167e+07
2,0,1.8,-0.560211,0,-0.778889,8.14818e+07
2,0,1.8,-0.560211,0,-0.775888,8.69084e+07
2,0,1.8,-0.560211,0,-0.772886,9.56692e+07
2,0,1.8,-0.560211,0,-0.769885,9.79209e+07
2,0,1.8,-0.560211,0,-0.766883,9.29972e+07
2,0,1.8,-0.560211,0,-0.763882,1.01911e+08
2,0,1.8,-0.560211,0,-0.76088,9.07356e+07
2,0,1.8,-0.560211,0,-0.757879,8.27336e+07
2,0,1.8,-0.560211,0,-0.754877,8.79527e+07
2,0,1.8,-0.560211,0,-0.751876,9.61462e+07
2,0,1.8,-0.560211,0,-0.748874,1.03179e+08
2,0,1.8,-0.560211,0,-0.745873,1.01427e+08
2,0,1.8,-0.560211,0,-0.742871,1.01843e+08
2,0,1.8,-0.560211,0,-0.73987,8.19785e+07
2,0,1.8,-0.560211,0,-0.736868,1.05122e+08
2,0,1.8,-0.560211,0,-0.733867,8.52304e+07
2,0,1.8,-0.560211,0,-0.730865,9.47273e+07
2,0,1.8,-0.560211,0,-0.727864,8.45639e+07
2,0,1.8,-0.560211,0,-0.724862,8.63257e+07
2,0,1.8,-0.560211,0,-0.721861,1.06662e+08
2,0,1.8,-0.560211,0,-0.718859,8.42952e+07
2,0,1.8,-0.560211,0,-0.715858,1.03385e+08
2,0,1.8,-0.560211,0,-0.712856,8.50348e+07
2,0,1.8,-0.560211,0,-0.709855,8.63665e+07
2,0,1.8,-0.560211,0,-0.706853,1.00155e+08
2,0,1.8,-0.560211,0,-0.703852,1.01388e+08
2,0,1.8,-0.560211,0,-0.70085,1.03044e+08
2,0,1.8,-0.560211,0,-0.697849,1.02608e+08
2,0,1.8,-0.560211,0,-0.694847,1.01681e+08
2,0,1.8,-0.560211,0,-0.691846,8.92838e+07
2,0,1.8,-0.560211,0,-0.688844,8.37017e+07
2,0,1.8,-0.560211,0,-0.685843,8.48643e+07
2,0,1.8,-0.560211,0,-0.682841,9.64828e+07
2,0,1.8,-0.560211,0,-0.67984,9.73134e+07
2,0,1.8,-0.560211,0,-0.676838,9.91676e+07
2,0,1.8,-0.560211,0,-0.673837,8.9715e+07
2,0,1.8,-0.560211,0,-0.670835,1.01605e+08
2,0,1.8,-0.560211,0,-0.667834,9.94732e+07
2,0,1.8,-0.560211,0,-0.664832,9.29043e+07
2,0,1.8,-0.560211,0,-0.661831,8.60991e+07
2,0,1.8,-0.560211,0,-0.658829,1.06867e+08
2,0,1.8,-0.560211,0,-0.655828,1.04609e+08
2,0,1.8,-0.560211,0,-0.652826,9.77112e+07
2,0,1.8,-0.560211,0,-0.649825,9.86522e+07
2,0,1.8,-0.560211,0,-0.646823,8.62915e+07
2,0,1.8,-0.560211,0,-0.643822,8.41464e+07
2,0,1.8,-0.560211,0,-0.64082,1.02339e+08
2,0,1.8,-0.560211,0,-0.637819,8.56589e+07
2,0,1.8,-0.560211,0,-0.634817,1.0651e+08
2,0,1.8,-0.560211,0,-0.631816,1.06386e+08
2,0,1.8,-0.560211,0,-0.628814,9.37728e+07
2,0,1.8,-0.560211,0,-0.625813,9.36435e+07
2,0,1.8,-0.560211,0,-0.622811,1.05077e+08
2,0,1.8,-0.560211,0,-0.61981,9.23219e+07
2,0,1.8,-0.560211,0,-0.616808,8.91434e+07
2,0,1.8,-0.560211,0,-0.613807,8.77445e+07
2,0,1.8,-0.560211,0,-0.610805,8.50392e+07
2,0,1.8,-0.560211,0,-0.607804,8.55373e+07
2,0,1.8,-0.560211,0,-0.604802,9.06976e+07
2,0,1.8,-0.560211,0,-0.601801,9.85104e+07
2,0,1.8,-0.560211,0,-0.598799,1.03763e+08
2,0,1.8,-0.560211,0,-0.595798,1.04757e+08
2,0,1.8,-0.560211,0,-0.592796,9.45568e+07
2,0,1.8,-0.560211,0,-0.589795,1.07295e+08
2,0,1.8,-0.560211,0,-0.586793,8.48217e+07
2,0,1.8,-0.560211,0,-0.583792,8.57876e+07
2,0,1.8,-0.560211,0,-0.58079,1.08905e+08
2,0,1.8,-0.560211,0,-0.577789,1.06855e+08
2,0,1.8,-0.560211,0,-0.574787,1.07942e+08
2,0,1.8,-0.560211,0,-0.571786,9.11171e+07
2,0,1.8,-0.560211,0,-0.568784,9.05083e+07
2,0,1.8,-0.560211,0,-0.565783,8.56445e+07
2,0,1.8,-0.560211,0,-0.562781,8.89841e+07
2,0,1.8,-0.560211,0,-0.55978,8.47266e+07
2,0,1.8,-0.560211,0,-0.556778,8.5407e+07
2,0,1.8,-0.560211,0,-0.553777,8.89685e+07
2,0,1.8,-0.560211,0,-0.550775,8.99754e+07
2,0,1.8,-0.560211,0,-0.547774,9.0451e+07
2,0,1.8,-0.560211,0,-0.544772,9.3891e+07
2,0,1.8,-0.560211,0,-0.541771,9.43362e+07
2,0,1.8,-0.560211,0,-0.538769,8.57547e+07
2,0,1.8,-0.560211,0,-0.535768,9.33162e+07
2,0,1.8,-0.560211,0,-0.532766,9.69402e+07
2,0,1.8,-0.560211,0,-0.529765,9.96574e+07
2,0,1.8,-0.560211,0,-0.526763,9.33055e+07
2,0,1.8,-0.560211,0,-0.523762,9.45492e+07
2,0,1.8,-0.560211,0,-0.52076,1.01946e+08
2,0,1.8,-0.560211,0,-0.517759,9.60015e+07
2,0,1.8,-0.560211,0,-0.514757,1.0058e+08
2,0,1.8,-0.560211,0,-0.511756,1.04525e+08
2,0,1.8,-0.560211,0,-0.508754,1.04361e+08
2,0,1.8,-0.560211,0,-0.505753,9.19393e+07
2,0,1.8,-0.560211,0,-0.502751,1.06638e+08
2,0,1.8,-0.560211,0,-0.49975,1.07369e+08
2,0,1.8,-0.560211,0,-0.496748,1.08667e+08
2,0,1.8,-0.560211,0,-0.493747,1.0634e+08
2,0,1.8,-0.560211,0,-0.490745,9.06684e+07
2,0,1.8,-0.560211,0,-0.487744,8.66468e+07
2,0,1.8,-0.560211,0,-0.484742,9.19721e+07
2,0,1.8,-0.560211,0,-0.481741,1.05697e+08
2,0,1.8,-0.560211,0,-0.478739,8.74936e+07
2,0,1.8,-0.560211,0,-0.475738,1.07282e+08
2,0,1.8,-0.560211,0,-0.472736,8.83694e+07
2,0,1.8,-0.560211,0,-0.469735,8.81469e+07
2,0,1.8,-0.560211,0,-0.466733,9.59395e+07
2,0,1.8,-0.560211,0,-0.463732,8.7647e+07
2,0,1.8,-0.560211,0,-0.46073,9.76485e+07
2,0,1.8,-0.560211,0,-0.457729,8.67006e+07
2,0,1.8,-0.560211,0,-0.454727,9.39523e+07
2,0,1.8,-0.560211,0,-0.451726,8.70989e+07
2,0,1.8,-0.560211,0,-0.448724,9.10543e+07
2,0,1.8,-0.560211,0,-0.445723,1.00026e+08
2,0,1.8,-0.560211,0,-0.442721,8.94395e+07
2,0,1.8,-0.560211,0,-0.43972,9.47829e+07
2,0,1.8,-0.560211,0,-0.436718,9.72434e+07
2,0,1.8,-0.560211,0,-0.433717,9.86013e+07
2,0,1.8,-0.560211,0,-0.430715,9.13536e+07
2,0,1.8,-0.560211,0,-0.427714,9.83184e+07
2,0,1.8,-0.560211,0,-0.424712,1.06027e+08
2,0,1.8,-0.560211,0,-0.421711,1.05137e+08
2,0,1.8,-0.560211,0,-0.418709,1.00839e+08
2,0,1.8,-0.560211,0,-0.415708,9.47132e+07
2,0,1.8,-0.560211,0,-0.412706,9.94987e+07
2,0,1.8,-0.560211,0,-0.409705,1.09596e+08
2,0,1.8,-0.560211,0,-0.406703,1.1029e+08
2,0,1.8,-0.560211,0,-0.403702,1.1138e+08
2,0,1.8,-0.560211,0,-0.4007,1.09062e+08
2,0,1.8,-0.560211,0,-0.397699,8.62366e+07
2,0,1.8,-0.560211,0,-0.394697,1.06246e+08
2,0,1.8,-0.560211,0,-0.391696,8.74846e+07
2,0,1.8,-0.560211,0,-0.388694,1.03627e+08
2,0,1.8,-0.560211,0,-0.385693,8.89463e+07
2,0,1.8,-0.560211,0,-0.382691,1.09889e+08
2,0,1.8,-0.560211,0,-0.37969,8.98432e+07
2,0,1.8,-0.560211,0,-0.376688,9.04561e+07
2,0,1.8,-0.560211,0,-0.373687,8.68947e+07
2,0,1.8,-0.560211,0,-0.370685,1.08543e+08
2,0,1.8,-0.560211,0,-0.367684,1.04621e+08
2,0,1.8,-0.560211,0,-0.364682,9.23524e+07
2,0,1.8,-0.560211,0,-0.361681,9.27518e+07
2,0,1.8,-0.560211,0,-0.358679,8.73982e+07
2,0,1.8,-0.560211,0,-0.355678,8.66119e+07
2,0,1.8,-0.560211,0,-0.352676,9.41727e+07
2,0,1.8,-0.560211,0,-0.349675,8.76595e+07
2,0,1.8,-0.560211,0,-0.346673,9.57353e+07
2,0,1.8,-0.560211,0,-0.343672,1.114e+08
2,0,1.8,-0.560211,0,-0.34067,8.63339e+07
2,0,1.8,-0.560211,0,-0.337669,9.82175e+07
2,0,1.8,-0.560211,0,-0.334667,9.7146e+07
2,0,1.8,-0.560211,0,-0.331666,9.06367e+07
2,0,1.8,-0.560211,0,-0.328664,9.9191e+07
2,0,1.8,-0.560211,0,-0.325663,9.18728e+07
2,0,1.8,-0.560211,0,-0.322661,9.36109e+07
2,0,1.8,-0.560211,0,-0.31966,8.95486e+07
2,0,1.8,-0.560211,0,-0.316658,8.98057e+07
2,0,1.8,-0.560211,0,-0.313657,9.57488e+07
2,0,1.8,-0.560211,0,-0.310655,9.01195e+07
2,0,1.8,-0.560211,0,-0.307654,1.02903e+08
2,0,1.8,-0.560211,0,-0.304652,8.99236e+07
2,0,1.8,-0.560211,0,-0.301651,9.11922e+07
2,0,1.8,-0.560211,0,-0.298649,9.08415e+07
2,0,1.8,-0.560211,0,-0.295648,9.75438e+07
2,0,1.8,-0.560211,0,-0.292646,1.05714e+08
2,0,1.8,-0.560211,0,-0.289645,1.07273e+08
2,0,1.8,-0.560211,0,-0.286643,9.42863e+07
2,0,1.8,-0.560211,0,-0.283642,9.85107e+07
2,0,1.8,-0.560211,0,-0.28064,1.07161e+08
2,0,1.8,-0.560211,0,-0.277639,9.4145e+07
2,0,1.8,-0.560211,0,-0.274637,9.61232e+07
2,0,1.8,-0.560211,0,-0.271636,9.93541e+07
2,0,1.8,-0.560211,0,-0.268634,1.09096e+08
2,0,1.8,-0.560211,0,-0.265633,1.013e+08
2,0,1.8,-0.560211,0,-0.262631,9.7051e+07
2,0,1.8,-0.560211,0,-0.25963,9.68844e+07
2,0,1.8,-0.560211,0,-0.256628,1.114e+08
2,0,1.8,-0.560211,0,-0.253627,1.00758e+08
2,0,1.8,-0.560211,0,-0.250625,1.02025e+08
2,0,1.8,-0.560211,0,-0.247624,1.04963e+08
2,0,1.8,-0.560211,0,-0.244622,9.94721e+07
2,0,1.8,-0.560211,0,-0.241621,8.73068e+07
2,0,1.8,-0.560211,0,-0.238619,1.00056e+08
2,0,1.8,-0.560211,0,-0.235618,1.06618e+08
2,0,1.8,-0.560211,0,-0.232616,1.07359e+08
2,0,1.8,-0.560211,0,-0.229615,1.02482e+08
2,0,1.8,-0.560211,0,-0.226613,1.05803e+08
2,0,1.8,-0.560211,0,-0.223612,8.83638e+07
2,0,1.8,-0.560211,0,-0.22061,1.05799e+08
2,0,1.8,-0.560211,0,-0.217609,1.02788e+08
2,0,1.8,-0.560211,0,-0.214607,9.10976e+07
2,0,1.8,-0.560211,0,-0.211606,9.13809e+07
2,0,1.8,-0.560211,0,-0.208604,9.01494e+07
2,0,1.8,-0.560211,0,-0.205603,9.01366e+07
2,0,1.8,-0.560211,0,-0.202601,9.21098e+07
2,0,1.8,-0.560211,0,-0.1996,1.08866e+08
2,0,1.8,-0.560211,0,-0.196598,1.10051e+08
2,0,1.8,-0.560211,0,-0.193597,1.09864e+08
2,0,1.8,-0.560211,0,-0.190595,8.78786e+07
2,0,1.8,-0.560211,0,-0.187594,8.75482e+07
2,0,1.8,-0.560211,0,-0.184592,8.93798e+07
2,0,1.8,-0.560211,0,-0.181591,8.90032e+07
2,0,1.8,-0.560211,0,-0.178589,1.08174e+08
2,0,1.8,-0.560211,0,-0.175588,1.08668e+08
2,0,1.8,-0.560211,0,-0.172586,9.04951e+07
2,0,1.8,-0.560211,0,-0.169585,1.09446e+08
2,0,1.8,-0.560211,0,-0.166583,1.12295e+08
2,0,1.8,-0.560211,0,-0.163582,9.03169e+07
2,0,1.8,-0.560211,0,-0.16058,9.04617e+07
2,0,1.8,-0.560211,0,-0.157579,8.77698e+07
2,0,1.8,-0.560211,0,-0.154577,8.73579e+07
2,0,1.8,-0.560211,0,-0.151576,9.39365e+07
2,0,1.8,-0.560211,0,-0.148574,9.88585e+07
2,0,1.8,-0.560211,0,-0.145573,8.82275e+07
2,0,1.8,-0.560211,0,-0.142571,9.80444e+07
2,0,1.8,-0.560211,0,-0.13957,9.40528e+07
2,0,1.8,-0.560211,0,-0.136568,8.75199e+07
2,0,1.8,-0.560211,0,-0.133567,9.55934e+07
2,0,1.8,-0.560211,0,-0.130565,1.00496e+08
2,0,1.8,-0.560211,0,-0.127564,8.97117e+07
2,0,1.8,-0.560211,0,-0.124562,9.36536e+07
2,0,1.8,-0.560211,0,-0.121561,9.36626e+07
2,0,1.8,-0.560211,0,-0.118559,8.89996e+07
2,0,1.8,-0.560211,0,-0.115558,9.26351e+07
2,0,1.8,-0.560211,0,-0.112556,9.66211e+07
2,0,1.8,-0.560211,0,-0.109555,9.2225e+07
2,0,1.8,-0.560211,0,-0.106553,1.03186e+08
2,0,1.8,-0.560211,0,-0.103552,9.53039e+07
2,0,1.8,-0.560211,0,-0.10055,9.04799e+07
2,0,1.8,-0.560211,0,-0.0975488,1.04089e+08
2,0,1.8,-0.560211,0,-0.0945473,9.93119e+07
2,0,1.8,-0.560211,0,-0.0915458,1.0519e+08
2,0,1.8,-0.560211,0,-0.0885443,9.78117e+07
2,0,1.8,-0.560211,0,-0.0855428,9.8077e+07
2,0,1.8,-0.560211,0,-0.0825413,9.90374e+07
2,0,1.8,-0.560211,0,-0.0795398,9.79167e+07
2,0,1.8,-0.560211,0,-0.0765383,1.06496e+08
2,0,1.8,-0.560211,0,-0.0735368,1.06289e+08
2,0,1.8,-0.560211,0,-0.0705353,1.01733e+08
2,0,1.8,-0.560211,0,-0.0675338,9.99258e+07
2,0,1.8,-0.560211,0,-0.0645323,1.08741e+08
2,0,1.8,-0.560211,0,-0.0615308,1.07414e+08
2,0,1.8,-0.560211,0,-0.0585293,9.52896e+07
2,0,1.8,-0.560211,0,-0.0555278,1.08203e+08
2,0,1.8,-0.560211,0,-0.0525263,1.00022e+08
2,0,1.8,-0.560211,0,-0.0495248,1.08767e+08
2,0,1.8,-0.560211,0,-0.0465233,1.00575e+08
2,0,1.8,-0.560211,0,-0.0435218,1.08817e+08
2,0,1.8,-0.560211,0,-0.0405203,1.09007e+08
2,0,1.8,-0.560211,0,-0.0375188,9.71553e+07
2,0,1.8,-0.560211,0,-0.0345173,1.08371e+08
2,0,1.8,-0.560211,0,-0.0315158,1.01394e+08
2,0,1.8,-0.560211,0,-0.0285143,1.01622e+08
2,0,1.8,-0.560211,0,-0.0255128,1.10584e+08
2,0,1.8,-0.560211,0,-0.0225113,1.06464e+08
2,0,1.8,-0.560211,0,-0.0195098,1.06361e+08
2,0,1.8,-0.560211,0,-0.0165083,9.84791e+07
2,0,1.8,-0.560211,0,-0.0135068,1.07641e+08
2,0,1.8,-0.560211,0,-0.0105053,1.00259e+08
2,0,1.8,-0.560211,0,-0.00750375,9.94417e+07
2,0,1.8,-0.560211,0,-0.00450225,1.03176e+08
2,0,1.8,-0.560211,0,-0.00150075,1.12541e+08
2,0,1.8,-0.560211,0,0.00150075,1.01854e+08
2,0,1.8,-0.560211,0,0.00450225,1.02308e+08
2,0,1.8,-0.560211,0,0.00750375,1.04487e+08
2,0,1.8,-0.560211,0,0.0105053,1.05499e+08
2,0,1.8,-0.560211,0,0.0135068,9.7564e+07
2,0,1.8,-0.560211,0,0.0165083,1.04855e+08
2,0,1.8,-0.560211,0,0.0195098,8.72285e+07
2,0,1.8,-0.560211,0,0.0225113,1.01209e+08
2,0,1.8,-0.560211,0,0.0255128,1.00923e+08
2,0,1.8,-0.560211,0,0.0285143,9.97018e+07
2,0,1.8,-0.560211,0,0.0315158,1.07296e+08
2,0,1.8,-0.560211,0,0.0345173,1.01851e+08
2,0,1.8,-0.560211,0,0.0375188,8.86837e+07
2,0,1.8,-0.560211,0,0.0405203,1.02936e+08
2,0,1.8,-0.560211,0,0.0435218,1.03566e+08
2,0,1.8,-0.560211,0,0.0465233,8.92386e+07
2,0,1.8,-0.560211,0,0.0495248,1.02366e+08
2,0,1.8,-0.560211,0,0.0525263,1.02339e+08
2,0,1.8,-0.560211,0,0.0555278,8.81948e+07
2,0,1.8,-0.560211,0,0.0585293,1.06963e+08
2,0,1.8,-0.560211,0,0.0615308,1.06972e+08
2,0,1.8,-0.560211,0,0.0645323,1.10083e+08
2,0,1.8,-0.560211,0,0.0675338,1.07801e+08
2,0,1.8,-0.560211,0,0.0705353,1.05848e+08
2,0,1.8,-0.560211,0,0.0735368,1.10192e+08
2,0,1.8,-0.560211,0,0.0765383,1.08125e+08
2,0,1.8,-0.560211,0,0.0795398,8.95038e+07
2,0,1.8,-0.560211,0,0.0825413,1.0196e+08
2,0,1.8,-0.560211,0,0.0855428,8.96396e+07
2,0,1.8,-0.560211,0,0.0885443,8.74351e+07
2,0,1.8,-0.560211,0,0.0915458,8.73481e+07
2,0,1.8,-0.560211,0,0.0945473,1.09742e+08
2,0,1.8,-0.560211,0,0.0975488,1.04088e+08
2,0,1.8,-0.560211,0,0.10055,1.08821e+08
2,0,1.8,-0.560211,0,0.103552,1.0971e+08
2,0,1.8,-0.560211,0,0.106553,1.10131e+08
2,0,1.8,-0.560211,0,0.109555,8.97818e+07
2,0,1.8,-0.560211,0,0.112556,1.09002e+08
2,0,1.8,-0.560211,0,0.115558,1.04434e+08
2,0,1.8,-0.560211,0,0.118559,9.05402e+07
2,0,1.8,-0.560211,0,0.121561,1.05253e+08
2,0,1.8,-0.560211,0,0.124562,1.09312e+08
2,0,1.8,-0.560211,0,0.127564,1.05923e+08
2,0,1.8,-0.560211,0,0.130565,9.05501e+07
2,0,1.8,-0.560211,0,0.133567,1.02965e+08
2,0,1.8,-0.560211,0,0.136568,1.04881e+08
2,0,1.8,-0.560211,0,0.13957,9.10707e+07
2,0,1.8,-0.560211,0,0.142571,1.05686e+08
2,0,1.8,-0.560211,0,0.145573,8.9725e+07
2,0,1.8,-0.560211,0,0.148574,1.05448e+08
2,0,1.8,-0.560211,0,0.151576,1.06146e+08
2,0,1.8,-0.560211,0,0.154577,1.04942e+08
2,0,1.8,-0.560211,0,0.157579,1.09389e+08
2,0,1.8,-0.560211,0,0.16058,1.04547e+08
2,0,1.8,-0.560211,0,0.163582,1.07768e+08
2,0,1.8,-0.560211,0,0.166583,1.039e+08
2,0,1.8,-0.560211,0,0.169585,9.06661e+07
2,0,1.8,-0.560211,0,0.172586,1.04389e+08
2,0,1.8,-0.560211,0,0.175588,9.05676e+07
2,0,1.8,-0.560211,0,0.178589,8.98649e+07
2,0,1.8,-0.560211,0,0.181591,9.03354e+07
2,0,1.8,-0.560211,0,0.184592,9.04376e+07
2,0,1.8,-0.560211,0,0.187594,1.09021e+08
2,0,1.8,-0.560211,0,0.190595,1.03551e+08
2,0,1.8,-0.560211,0,0.193597,1.02777e+08
2,0,1.8,-0.560211,0,0.196598,1.04048e+08
2,0,1.8,-0.560211,0,0.1996,1.04747e+08
2,0,1.8,-0.560211,0,0.202601,1.04519e+08
2,0,1.8,-0.560211,0,0.205603,9.53082e+07
2,0,1.8,-0.560211,0,0.208604,1.04297e+08
2,0,1.8,-0.560211,0,0.211606,8.99917e+07
2,0,1.8,-0.560211,0,0.214607,1.02367e+08
2,0,1.8,-0.560211,0,0.217609,1.09266e+08
2,0,1.8,-0.560211,0,0.22061,1.0064e+08
2,0,1.8,-0.560211,0,0.223612,1.03357e+08
2,0,1.8,-0.560211,0,0.226613,1.02772e+08
2,0,1.8,-0.560211,0,0.229615,8.86999e+07
2,0,1.8,-0.560211,0,0.232616,1.09747e+08
2,0,1.8,-0.560211,0,0.235618,1.07021e+08
2,0,1.8,-0.560211,0,0.238619,1.09239e+08
2,0,1.8,-0.560211,0,0.241621,1.09064e+08
2,0,1.8,-0.560211,0,0.244622,1.07157e+08
2,0,1.8,-0.560211,0,0.247624,1.01181e+08
2,0,1.8,-0.560211,0,0.250625,1.06637e+08
2,0,1.8,-0.560211,0,0.253627,1.06267e+08
2,0,1.8,-0.560211,0,0.256628,1.02462e+08
2,0,1.8,-0.560211,0,0.25963,1.10133e+08
2,0,1.8,-0.560211,0,0.262631,1.03085e+08
2,0,1.8,-0.560211,0,0.265633,9.82462e+07
2,0,1.8,-0.560211,0,0.268634,9.95827e+07
2,0,1.8,-0.560211,0,0.271636,1.10534e+08
2,0,1.8,-0.560211,0,0.274637,1.09305e+08
2,0,1.8,-0.560211,0,0.277639,1.04592e+08
2,0,1.8,-0.560211,0,0.28064,1.0953e+08
2,0,1.8,-0.560211,0,0.283642,1.00252e+08
2,0,1.8,-0.560211,0,0.286643,1.05953e+08
2,0,1.8,-0.560211,0,0.289645,1.05152e+08
2,0,1.8,-0.560211,0,0.292646,1.05762e+08
2,0,1.8,-0.560211,0,0.295648,1.04674e+08
2,0,1.8,-0.560211,0,0.298649,1.05564e+08
2,0,1.8,-0.560211,0,0.301651,1.04448e+08
2,0,1.8,-0.560211,0,0.304652,1.02294e+08
2,0,1.8,-0.560211,0,0.307654,9.79961e+07
2,0,1.8,-0.560211,0,0.310655,1.01289e+08
2,0,1.8,-0.560211,0,0.313657,1.09259e+08
2,0,1.8,-0.560211,0,0.316658,1.00399e+08
2,0,1.8,-0.560211,0,0.31966,1.00865e+08
2,0,1.8,-0.560211,0,0.322661,1.08787e+08
2,0,1.8,-0.560211,0,0.325663,1.00461e+08
2,0,1.8,-0.560211,0,0.328664,1.08579e+08
2,0,1.8,-0.560211,0,0.331666,1.03234e+08
2,0,1.8,-0.560211,0,0.334667,9.69792e+07
2,0,1.8,-0.560211,0,0.337669,1.01049e+08
2,0,1.8,-0.560211,0,0.34067,9.47811e+07
2,0,1.8,-0.560211,0,0.343672,1.01665e+08
2,0,1.8,-0.560211,0,0.346673,9.79288e+07
2,0,1.8,-0.560211,0,0.349675,9.92364e+07
2,0,1.8,-0.560211,0,0.352676,1.02675e+08
2,0,1.8,-0.560211,0,0.355678,9.69129e+07
2,0,1.8,-0.560211,0,0.358679,1.0468e+08
2,0,1.8,-0.560211,0,0.361681,9.27881e+07
2,0,1.8,-0.560211,0,0.364682,9.57145e+07
2,0,1.8,-0.560211,0,0.367684,9.5224e+07
2,0,1.8,-0.560211,0,0.370685,9.5233e+07
2,0,1.8,-0.560211,0,0.373687,1.01011e+08
2,0,1.8,-0.560211,0,0.376688,9.5968e+07
2,0,1.8,-0.560211,0,0.37969,9.37323e+07
2,0,1.8,-0.560211,0,0.382691,8.93263e+07
2,0,1.8,-0.560211,0,0.385693,1.00539e+08
2,0,1.8,-0.560211,0,0.388694,8.72951e+07
2,0,1.8,-0.560211,0,0.391696,9.82432e+07
2,0,1.8,-0.560211,0,0.394697,9.89251e+07
2,0,1.8,-0.560211,0,0.397699,8.79892e+07
2,0,1.8,-0.560211,0,0.4007,1.11364e+08
2,0,1.8,-0.560211,0,0.403702,1.11164e+08
2,0,1.8,-0.560211,0,0.406703,1.11933e+08
2,0,1.8,-0.560211,0,0.409705,9.02576e+07
2,0,1.8,-0.560211,0,0.412706,9.6084e+07
2,0,1.8,-0.560211,0,0.415708,1.09984e+08
2,0,1.8,-0.560211,0,0.418709,8.97367e+07
2,0,1.8,-0.560211,0,0.421711,8.83297e+07
2,0,1.8,-0.560211,0,0.424712,9.39983e+07
2,0,1.8,-0.560211,0,0.427714,8.59097e+07
2,0,1.8,-0.560211,0,0.430715,9.22116e+07
2,0,1.8,-0.560211,0,0.433717,1.10456e+08
2,0,1.8,-0.560211,0,0.436718,1.09848e+08
2,0,1.8,-0.560211,0,0.43972,1.02713e+08
2,0,1.8,-0.560211,0,0.442721,1.04929e+08
2,0,1.8,-0.560211,0,0.445723,8.9151e+07
2,0,1.8,-0.560211,0,0.448724,1.0065e+08
2,0,1.8,-0.560211,0,0.451726,1.00246e+08
2,0,1.8,-0.560211,0,0.454727,1.07819e+08
2,0,1.8,-0.560211,0,0.457729,1.09852e+08
2,0,1.8,-0.560211,0,0.46073,8.57837e+07
2,0,1.8,-0.560211,0,0.463732,1.1111e+08
2,0,1.8,-0.560211,0,0.466733,1.12841e+08
2,0,1.8,-0.560211,0,0.469735,9.72365e+07
2,0,1.8,-0.560211,0,0.472736,1.06265e+08
2,0,1.8,-0.560211,0,0.475738,1.01514e+08
2,0,1.8,-0.560211,0,0.478739,1.05967e+08
2,0,1.8,-0.560211,0,0.481741,9.73226e+07
2,0,1.8,-0.560211,0,0.484742,9.68527e+07
2,0,1.8,-0.560211,0,0.487744,9.70541e+07
2,0,1.8,-0.560211,0,0.490745,1.02332e+08
2,0,1.8,-0.560211,0,0.493747,8.8165e+07
2,0,1.8,-0.560211,0,0.496748,1.00198e+08
2,0,1.8,-0.560211,0,0.49975,9.89263e+07
2,0,1.8,-0.560211,0,0.502751,9.16186e+07
2,0,1.8,-0.560211,0,0.505753,8.59625e+07
2,0,1.8,-0.560211,0,0.508754,9.57077e+07
2,0,1.8,-0.560211,0,0.511756,9.32186e+07
2,0,1.8,-0.560211,0,0.514757,8.79402e+07
2,0,1.8,-0.560211,0,0.517759,9.11631e+07
2,0,1.8,-0.560211,0,0.52076,9.0602e+07
2,0,1.8,-0.560211,0,0.523762,1.08909e+08
2,0,1.8,-0.560211,0,0.526763,8.93086e+07
2,0,1.8,-0.560211,0,0.529765,1.05981e+08
2,0,1.8,-0.560211,0,0.532766,9.84713e+07
2,0,1.8,-0.560211,0,0.535768,1.00688e+08
2,0,1.8,-0.560211,0,0.538769,1.037e+08
2,0,1.8,-0.560211,0,0.541771,1.08109e+08
2,0,1.8,-0.560211,0,0.544772,9.88861e+07
2,0,1.8,-0.560211,0,0.547774,9.1939e+07
2,0,1.8,-0.560211,0,0.550775,1.03241e+08
2,0,1.8,-0.560211,0,0.553777,9.53907e+07
2,0,1.8,-0.560211,0,0.556778,9.65033e+07
2,0,1.8,-0.560211,0,0.55978,9.09194e+07
2,0,1.8,-0.560211,0,0.562781,9.08833e+07
2,0,1.8,-0.560211,0,0.565783,1.00965e+08
2,0,1.8,-0.560211,0,0.568784,1.05939e+08
2,0,1.8,-0.560211,0,0.571786,8.66601e+07
2,0,1.8,-0.560211,0,0.574787,1.08999e+08
2,0,1.8,-0.560211,0,0.577789,1.06474e+08
2,0,1.8,-0.560211,0,0.58079,9.92882e+07
2,0,1.8,-0.560211,0,0.583792,1.04238e+08
2,0,1.8,-0.560211,0,0.586793,9.90206e+07
2,0,1.8,-0.560211,0,0.589795,9.77469e+07
2,0,1.8,-0.560211,0,0.592796,9.39042e+07
2,0,1.8,-0.560211,0,0.595798,9.27637e+07
2,0,1.8,-0.560211,0,0.598799,9.30335e+07
2,0,1.8,-0.560211,0,0.601801,8.38104e+07
2,0,1.8,-0.560211,0,0.604802,8.5396e+07
2,0,1.8,-0.560211,0,0.607804,8.87572e+07
2,0,1.8,-0.560211,0,0.610805,1.05828e+08
2,0,1.8,-0.560211,0,0.613807,9.09578e+07
2,0,1.8,-0.560211,0,0.616808,9.14361e+07
2,0,1.8,-0.560211,0,0.61981,9.76686e+07
2,0,1.8,-0.560211,0,0.622811,8.90329e+07
2,0,1.8,-0.560211,0,0.625813,8.94809e+07
2,0,1.8,-0.560211,0,0.628814,9.74876e+07
2,0,1.8,-0.560211,0,0.631816,8.29354e+07
2,0,1.8,-0.560211,0,0.634817,9.52103e+07
2,0,1.8,-0.560211,0,0.637819,9.94063e+07
2,0,1.8,-0.560211,0,0.64082,9.5511e+07
2,0,1.8,-0.560211,0,0.643822,9.30597e+07
2,0,1.8,-0.560211,0,0.646823,9.89935e+07
2,0,1.8,-0.560211,0,0.649825,8.20323e+07
2,0,1.8,-0.560211,0,0.652826,1.00376e+08
2,0,1.8,-0.560211,0,0.655828,8.42981e+07
2,0,1.8,-0.560211,0,0.658829,8.90857e+07
2,0,1.8,-0.560211,0,0.661831,9.43181e+07
2,0,1.8,-0.560211,0,0.664832,1.00469e+08
2,0,1.8,-0.560211,0,0.667834,8.11204e+07
2,0,1.8,-0.560211,0,0.670835,9.43069e+07
2,0,1.8,-0.560211,0,0.673837,9.68037e+07
2,0,1.8,-0.560211,0,0.676838,8.73346e+07
2,0,1.8,-0.560211,0,0.67984,8.94589e+07
2,0,1.8,-0.560211,0,0.682841,8.61722e+07
2,0,1.8,-0.560211,0,0.685843,9.65327e+07
2,0,1.8,-0.560211,0,0.688844,7.79963e+07
2,0,1.8,-0.560211,0,0.691846,9.48771e+07
2,0,1.8,-0.560211,0,0.694847,7.89932e+07
2,0,1.8,-0.560211,0,0.697849,8.27058e+07
2,0,1.8,-0.560211,0,0.70085,-7.49122e+07
2,0,1.8,-0.560211,0,0.703852,-8.10711e+07
2,0,1.8,-0.560211,0,0.706853,-9.2559e+07
2,0,1.8,-0.560211,0,0.709855,-7.9752e+07
2,0,1.8,-0.560211,0,0.712856,-8.107e+07
2,0,1.8,-0.560211,0,0.715858,-7.79546e+07
2,0,1.8,-0.560211,0,0.718859,-9.66518e+07
2,0,1.8,-0.560211,0,0.721861,-9.45966e+07
2,0,1.8,-0.560211,0,0.724862,-8.5133e+07
2,0,1.8,-0.560211,0,0.727864,-9.52258e+07
2,0,1.8,-0.560211,0,0.730865,-8.1138e+07
2,0,1.8,-0.560211,0,0.733867,-8.82637e+07
2,0,1.8,-0.560211,0,0.736868,-1.02093e+08
2,0,1.8,-0.560211,0,0.73987,-8.50633e+07
2,0,1.8,-0.560211,0,0.742871,-9.01356e+07
2,0,1.8,-0.560211,0,0.745873,-9.83933e+07
2,0,1.8,-0.560211,0,0.748874,-8.8188e+07
2,0,1.8,-0.560211,0,0.751876,-8.62064e+07
2,0,1.8,-0.560211,0,0.754877,-9.97914e+07
2,0,1.8,-0.560211,0,0.757879,-1.05039e+08
2,0,1.8,-0.560211,0,0.76088,-9.80166e+07
2,0,1.8,-0.560211,0,0.763882,-9.05918e+07
2,0,1.8,-0.560211,0,0.766883,-9.5747e+07
2,0,1.8,-0.560211,0,0.769885,-1.02308e+08
2,0,1.8,-0.560211,0,0.772886,-1.04219e+08
2,0,1.8,-0.560211,0,0.775888,-8.31029e+07
2,0,1.8,-0.560211,0,0.778889,-8.96888e+07
2,0,1.8,-0.560211,0,0.781891,-9.03902e+07
2,0,1.8,-0.560211,0,0.784892,-8.51265e+07
2,0,1.8,-0.560211,0,0.787894,-9.24488e+07
2,0,1.8,-0.560211,0,0.790895,-8.3894e+07
2,0,1.8,-0.560211,0,0.793897,-9.8997e+07
2,0,1.8,-0.560211,0,0.796898,-8.44294e+07
2,0,1.8,-0.560211,0,0.7999,-1.07617e+08
2,0,1.8,-0.560211,0,0.802901,-9.78537e+07
2,0,1.8,-0.560211,0,0.805903,-9.15456e+07
2,0,1.8,-0.560211,0,0.808904,-8.99794e+07
2,0,1.8,-0.560211,0,0.811906,-9.77182e+07
2,0,1.8,-0.560211,0,0.814907,-1.07483e+08
2,0,1.8,-0.560211,0,0.817909,-1.0372e+08
2,0,1.8,-0.560211,0,0.82091,-1.07025e+08
2,0,1.8,-0.560211,0,0.823912,-1.09917e+08
2,0,1.8,-0.560211,0,0.826913,-1.07899e+08
2,0,1.8,-0.560211,0,0.829915,-8.47909e+07
2,0,1.8,-0.560211,0,0.832916,-9.12888e+07
2,0,1.8,-0.560211,0,0.835918,-9.98962e+07
2,0,1.8,-0.560211,0,0.838919,-9.21367e+07
2,0,1.8,-0.560211,0,0.841921,-9.44261e+07
2,0,1.8,-0.560211,0,0.844922,-1.0885e+08
2,0,1.8,-0.560211,0,0.847924,-1.00021e+08
2,0,1.8,-0.560211,0,0.850925,-1.06117e+08
2,0,1.8,-0.560211,0,0.853927,-8.55436e+07
2,0,1.8,-0.560211,0,0.856928,-1.10834e+08
2,0,1.8,-0.560211,0,0.85993,-8.70546e+07
2,0,1.8,-0.560211,0,0.862931,-8.89627e+07
2,0,1.8,-0.560211,0,0.865933,-1.11402e+08
2,0,1.8,-0.560211,0,0.868934,-8.73195e+07
2,0,1.8,-0.560211,0,0.871936,-9.47006e+07
2,0,1.8,-0.560211,0,0.874937,-9.92281e+07
2,0,1.8,-0.560211,0,0.877939,-9.81353e+07
2,0,1.8,-0.560211,0,0.88094,-1.01916e+08
2,0,1.8,-0.560211,0,0.883942,-1.05152e+08
2,0,1.8,-0.560211,0,0.886943,-1.0465e+08
2,0,1.8,-0.560211,0,0.889945,-1.02166e+08
2,0,1.8,-0.560211,0,0.892946,-1.08665e+08
2,0,1.8,-0.560211,0,0.895948,-9.15076e+07
2,0,1.8,-0.560211,0,0.898949,-8.80796e+07
2,0,1.8,-0.560211,0,0.901951,-1.08179e+08
2,0,1.8,-0.560211,0,0.904952,-1.10413e+08
2,0,1.8,-0.560211,0,0.907954,-1.11141e+08
2,0,1.8,-0.560211,0,0.910955,-8.94659e+07
2,0,1.8,-0.560211,0,0.913957,-9.62257e+07
2,0,1.8,-0.560211,0,0.916958,-1.01044e+08
2,0,1.8,-0.560211,0,0.91996,-1.06277e+08
2,0,1.8,-0.560211,0,0.922961,-1.05675e+08
2,0,1.8,-0.560211,0,0.925963,-9.54971e+07
2,0,1.8,-0.560211,0,0.928964,-1.0999e+08
2,0,1.8,-0.560211,0,0.931966,-9.9765e+07
2,0,1.8,-0.560211,0,0.934967,-1.08032e+08
2,0,1.8,-0.560211,0,0.937969,-1.06864e+08
2,0,1.8,-0.560211,0,0.94097,-1.09139e+08
2,0,1.8,-0.560211,0,0.943972,-1.10595e+08
2,0,1.8,-0.560211,0,0.946973,-1.05571e+08
2,0,1.8,-0.560211,0,0.949975,-8.99474e+07
2,0,1.8,-0.560211,0,0.952976,-1.08904e+08
2,0,1.8,-0.560211,0,0.955978,-1.13897e+08
2,0,1.8,-0.560211,0,0.958979,-9.1453e+07
2,0,1.8,-0.560211,0,0.961981,-1.1361e+08
2,0,1.8,-0.560211,0,0.964982,-9.07368e+07
2,0,1.8,-0.560211,0,0.967984,-1.05954e+08
2,0,1.8,-0.560211,0,0.970985,-9.0765e+07
2,0,1.8,-0.560211,0,0.973987,-9.25014e+07
2,0,1.8,-0.560211,0,0.976988,-9.73614e+07
2,0,1.8,-0.560211,0,0.97999,-9.54391e+07
2,0,1.8,-0.560211,0,0.982991,-1.01982e+08
2,0,1.8,-0.560211,0,0.985993,-9.74067e+07
2,0,1.8,-0.560211,0,0.988994,-1.04874e+08
2,0,1.8,-0.560211,0,0.991996,-1.00798e+08
2,0,1.8,-0.560211,0,0.994997,-1.01104e+08
2,0,1.8,-0.560211,0,0.997999,-1.02017e+08
2,0,1.8,-0.560211,0,1.001,-1.033e+08
2,0,1.8,-0.560211,0,1.004,-1.1338e+08
2,0,1.8,-0.560211,0,1.007,-1.07522e+08
2,0,1.8,-0.560211,0,1.01001,-8.99194e+07
2,0,1.8,-0.560211,0,1.01301,-8.91245e+07
2,0,1.8,-0.560211,0,1.01601,-1.14276e+08
2,0,1.8,-0.560211,0,1.01901,-9.12014e+07
2,0,1.8,-0.560211,0,1.02201,-9.77909e+07
2,0,1.8,-0.560211,0,1.02501,-1.10335e+08
2,0,1.8,-0.560211,0,1.02801,-9.02608e+07
2,0,1.8,-0.560211,0,1.03102,-9.96191e+07
2,0,1.8,-0.560211,0,1.03402,-9.67213e+07
2,0,1.8,-0.560211,0,1.03702,-1.04796e+08
2,0,1.8,-0.560211,0,1.04002,-9.85324e+07
2,0,1.8,-0.560211,0,1.04302,-9.5562e+07
2,0,1.8,-0.560211,0,1.04602,-8.93575e+07
2,0,1.8,-0.560211,0,1.04902,-9.86035e+07
2,0,1.8,-0.560211,0,1.05203,-1.10518e+08
2,0,1.8,-0.560211,0,1.05503,-9.20339e+07
2,0,1.8,-0.560211,0,1.05803,-9.03913e+07
2,0,1.8,-0.560211,0,1.06103,-9.10523e+07
2,0,1.8,-0.560211,0,1.06403,-1.02707e+08
2,0,1.8,-0.560211,0,1.06703,-9.62172e+07
2,0,1.8,-0.560211,0,1.07004,-9.22825e+07
2,0,1.8,-0.560211,0,1.07304,-9.62289e+07
2,0,1.8,-0.560211,0,1.07604,-9.09338e+07
2,0,1.8,-0.560211,0,1.07904,-9.29669e+07
2,0,1.8,-0.560211,0,1.08204,-8.9718e+07
2,0,1.8,-0.560211,0,1.08504,-9.33303e+07
2,0,1.8,-0.560211,0,1.08804,-9.96411e+07
2,0,1.8,-0.560211,0,1.09105,-9.48122e+07
2,0,1.8,-0.560211,0,1.09405,-9.70364e+07
2,0,1.8,-0.560211,0,1.09705,-8.9658e+07
2,0,1.8,-0.560211,0,1.10005,-9.26991e+07
2,0,1.8,-0.560211,0,1.10305,-8.96121e+07
2,0,1.8,-0.560211,0,1.10605,-9.12808e+07
2,0,1.8,-0.560211,0,1.10905,-8.99872e+07
2,0,1.8,-0.560211,0,1.11206,-9.24277e+07
2,0,1.8,-0.560211,0,1.11506,-9.50235e+07
2,0,1.8,-0.560211,0,1.11806,-9.52278e+07
2,0,1.8,-0.560211,0,1.12106,-9.38536e+07
2,0,1.8,-0.560211,0,1.12406,-1.02509e+08
2,0,1.8,-0.560211,0,1.12706,-9.51803e+07
2,0,1.8,-0.560211,0,1.13007,-1.08555e+08
2,0,1.8,-0.560211,0,1.13307,-9.10813e+07
2,0,1.8,-0.560211,0,1.13607,-9.38391e+07
2,0,1.8,-0.560211,0,1.13907,-9.9471e+07
2,0,1.8,-0.560211,0,1.14207,-9.43048e+07
2,0,1.8,-0.560211,0,1.14507,-1.01648e+08
2,0,1.8,-0.560211,0,1.14807,-9.54516e+07
2,0,1.8,-0.560211,0,1.15108,-9.89422e+07
2,0,1.8,-0.560211,0,1.15408,-1.04708e+08
2,0,1.8,-0.560211,0,1.15708,-1.1193e+08
2,0,1.8,-0.560211,0,1.16008,-1.06964e+08
2,0,1.8,-0.560211,0,1.16308,-1.00425e+08
2,0,1.8,-0.560211,0,1.16608,-1.01715e+08
2,0,1.8,-0.560211,0,1.16908,-1.00535e+08
2,0,1.8,-0.560211,0,1.17209,-1.09415e+08
2,0,1.8,-0.560211,0,1.17509,-1.02342e+08
2,0,1.8,-0.560211,0,1.17809,-9.32418e+07
2,0,1.8,-0.560211,0,1.18109,-9.29423e+07
2,0,1.8,-0.560211,0,1.18409,-1.06878e+08
2,0,1.8,-0.560211,0,1.18709,-1.07902e+08
2,0,1.8,-0.560211,0,1.1901,-1.14832e+08
2,0,1.8,-0.560211,0,1.1931,-9.43119e+07
2,0,1.8,-0.560211,0,1.1961,-1.17905e+08
2,0,1.8,-0.560211,0,1.1991,-1.17368e+08
2,0,1.8,-0.560211,0,1.2021,-9.63103e+07
2,0,1.8,-0.560211,0,1.2051,-1.10762e+08
2,0,1.8,-0.560211,0,1.2081,-9.79085e+07
2,0,1.8,-0.560211,0,1.21111,-1.13565e+08
2,0,1.8,-0.560211,0,1.21411,-1.15868e+08
2,0,1.8,-0.560211,0,1.21711,-9.4522e+07
2,0,1.8,-0.560211,0,1.22011,-1.02951e+08
2,0,1.8,-0.560211,0,1.22311,-9.67893e+07
2,0,1.8,-0.560211,0,1.22611,-9.90783e+07
2,0,1.8,-0.560211,0,1.22911,-9.92445e+07
2,0,1.8,-0.560211,0,1.23212,-1.1072e+08
2,0,1.8,-0.560211,0,1.23512,-9.60121e+07
2,0,1.8,-0.560211,0,1.23812,-1.04895e+08
2,0,1.8,-0.560211,0,1.24112,-1.01274e+08
2,0,1.8,-0.560211,0,1.24412,-9.26996e+07
2,0,1.8,-0.560211,0,1.24712,-9.70903e+07
2,0,1.8,-0.560211,0,1.25013,-1.01614e+08
2,0,1.8,-0.560211,0,1.25313,-1.03493e+08
2,0,1.8,-0.560211,0,1.25613,-1.01697e+08
2,0,1.8,-0.560211,0,1.25913,-1.05861e+08
2,0,1.8,-0.560211,0,1.26213,-1.09179e+08
2,0,1.8,-0.560211,0,1.26513,-1.02504e+08
2,0,1.8,-0.560211,0,1.26813,-1.02858e+08
2,0,1.8,-0.560211,0,1.27114,-1.12702e+08
2,0,1.8,-0.560211,0,1.27414,-9.89364e+07
2,0,1.8,-0.560211,0,1.27714,-1.14303e+08
2,0,1.8,-0.560211,0,1.28014,-1.09443e+08
2,0,1.8,-0.560211,0,1.28314,-1.16616e+08
2,0,1.8,-0.560211,0,1.28614,-1.16017e+08
2,0,1.8,-0.560211,0,1.28914,-1.1298e+08
2,0,1.8,-0.560211,0,1.29215,-1.02332e+08
2,0,1.8,-0.560211,0,1.29515,-1.04661e+08
2,0,1.8,-0.560211,0,1.29815,-1.05619e+08
2,0,1.8,-0.560211,0,1.30115,-1.13479e+08
2,0,1.8,-0.560211,0,1.30415,-1.13169e+08
2,0,1.8,-0.560211,0,1.30715,-1.07224e+08
2,0,1.8,-0.560211,0,1.31016,-1.08251e+08
2,0,1.8,-0.560211,0,1.31316,-9.44219e+07
2,0,1.8,-0.560211,0,1.31616,-1.12043e+08
2,0,1.8,-0.560211,0,1.31916,-1.16701e+08
2,0,1.8,-0.560211,0,1.32216,-9.73407e+07
2,0,1.8,-0.560211,0,1.32516,-1.16349e+08
2,0,1.8,-0.560211,0,1.32816,-1.15051e+08
2,0,1.8,-0.560211,0,1.33117,-9.85177e+07
2,0,1.8,-0.560211,0,1.33417,-9.19395e+07
2,0,1.8,-0.560211,0,1.33717,-9.86642e+07
2,0,1.8,-0.560211,0,1.34017,-1.14324e+08
2,0,1.8,-0.560211,0,1.34317,-9.17471e+07
2,0,1.8,-0.560211,0,1.34617,-1.00154e+08
2,0,1.8,-0.560211,0,1.34917,-1.03093e+08
2,0,1.8,-0.560211,0,1.35218,-1.01081e+08
2,0,1.8,-0.560211,0,1.35518,-9.61705e+07
2,0,1.8,-0.560211,0,1.35818,-9.28919e+07
2,0,1.8,-0.560211,0,1.36118,-9.86498e+07
2,0,1.8,-0.560211,0,1.36418,-9.50194e+07
2,0,1.8,-0.560211,0,1.36718,-1.03402e+08
2,0,1.8,-0.560211,0,1.37019,-1.07682e+08
2,0,1.8,-0.560211,0,1.37319,-9.83492e+07
2,0,1.8,-0.560211,0,1.37619,-9.31875e+07
2,0,1.8,-0.560211,0,1.37919,-9.63566e+07
2,0,1.8,-0.560211,0,1.38219,-9.26692e+07
2,0,1.8,-0.560211,0,1.38519,-9.75034e+07
2,0,1.8,-0.560211,0,1.38819,-1.06831e+08
2,0,1.8,-0.560211,0,1.3912,-9.38356e+07
2,0,1.8,-0.560211,0,1.3942,-1.07584e+08
2,0,1.8,-0.560211,0,1.3972,-1.14955e+08
2,0,1.8,-0.560211,0,1.4002,-1.09006e+08
2,0,1.8,-0.560211,0,1.4032,-1.02602e+08
2,0,1.8,-0.560211,0,1.4062,-9.98154e+07
2,0,1.8,-0.560211,0,1.4092,-9.63252e+07
2,0,1.8,-0.560211,0,1.41221,-9.66155e+07
2,0,1.8,-0.560211,0,1.41521,-1.05691e+08
2,0,1.8,-0.560211,0,1.41821,-9.71664e+07
2,0,1.8,-0.560211,0,1.42121,-1.06139e+08
2,0,1.8,-0.560211,0,1.42421,-1.02774e+08
2,0,1.8,-0.560211,0,1.42721,-1.0025e+08
2,0,1.8,-0.560211,0,1.43022,-9.88236e+07
2,0,1.8,-0.560211,0,1.43322,-1.08378e+08
2,0,1.8,-0.560211,0,1.43622,-1.1941e+08
2,0,1.8,-0.560211,0,1.43922,-1.05713e+08
2,0,1.8,-0.560211,0,1.44222,-1.14907e+08
2,0,1.8,-0.560211,0,1.44522,-1.18291e+08
2,0,1.8,-0.560211,0,1.44822,-1.00616e+08
2,0,1.8,-0.560211,0,1.45123,-1.12237e+08
2,0,1.8,-0.560211,0,1.45423,-1.07807e+08
2,0,1.8,-0.560211,0,1.45723,-1.12269e+08
2,0,1.8,-0.560211,0,1.46023,-1.10272e+08
2,0,1.8,-0.560211,0,1.46323,-1.13323e+08
2,0,1.8,-0.560211,0,1.46623,-1.10488e+08
2,0,1.8,-0.560211,0,1.46923,-1.16558e+08
2,0,1.8,-0.560211,0,1.47224,-1.07338e+08
2,0,1.8,-0.560211,0,1.47524,-1.17451e+08
2,0,1.8,-0.560211,0,1.47824,-1.13052e+08
2,0,1.8,-0.560211,0,1.48124,-9.90695e+07
2,0,1.8,-0.560211,0,1.48424,-1.07997e+08
2,0,1.8,-0.560211,0,1.48724,-1.11473e+08
2,0,1.8,-0.560211,0,1.49025,-1.17903e+08
2,0,1.8,-0.560211,0,1.49325,-1.12209e+08
2,0,1.8,-0.560211,0,1.49625,-1.12575e+08
2,0,1.8,-0.560211,0,1.49925,-1.06358e+08
2,0,1.8,-0.560211,0,1.50225,-1.08978e+08
2,0,1.8,-0.560211,0,1.50525,-1.17854e+08
2,0,1.8,-0.560211,0,1.50825,-1.00155e+08
2,0,1.8,-0.560211,0,1.51126,-1.09677e+08
2,0,1.8,-0.560211,0,1.51426,-1.14181e+08
2,0,1.8,-0.560211,0,1.51726,-1.083e+08
2,0,1.8,-0.560211,0,1.52026,-9.52606e+07
2,0,1.8,-0.560211,0,1.52326,-9.5867e+07
2,0,1.8,-0.560211,0,1.52626,-1.18015e+08
2,0,1.8,-0.560211,0,1.52926,-1.02889e+08
2,0,1.8,-0.560211,0,1.53227,-1.02739e+08
2,0,1.8,-0.560211,0,1.53527,-9.78228e+07
2,0,1.8,-0.560211,0,1.53827,-9.76903e+07
2,0,1.8,-0.560211,0,1.54127,-1.11464e+08
2,0,1.8,-0.560211,0,1.54427,-1.14329e+08
2,0,1.8,-0.560211,0,1.54727,-1.12541e+08
2,0,1.8,-0.560211,0,1.55028,-9.60236e+07
2,0,1.8,-0.560211,0,1.55328,-1.13816e+08
2,0,1.8,-0.560211,0,1.55628,-1.11074e+08
2,0,1.8,-0.560211,0,1.55928,-1.11515e+08
2,0,1.8,-0.560211,0,1.56228,-9.34333e+07
2,0,1.8,-0.560211,0,1.56528,-9.84564e+07
2,0,1.8,-0.560211,0,1.56828,-1.11491e+08
2,0,1.8,-0.560211,0,1.57129,-1.11542e+08
2,0,1.8,-0.560211,0,1.57429,-1.14641e+08
2,0,1.8,-0.560211,0,1.57729,-9.36149e+07
2,0,1.8,-0.560211,0,1.58029,-1.19694e+08
2,0,1.8,-0.560211,0,1.58329,-9.7597e+07
2,0,1.8,-0.560211,0,1.58629,-9.77866e+07
2,0,1.8,-0.560211,0,1.58929,-9.81864e+07
2,0,1.8,-0.560211,0,1.5923,-1.06294e+08
2,0,1.8,-0.560211,0,1.5953,-1.13149e+08
2,0,1.8,-0.560211,0,1.5983,-1.15282e+08
2,0,1.8,-0.560211,0,1.6013,-9.86315e+07
2,0,1.8,-0.560211,0,1.6043,-1.14295e+08
2,0,1.8,-0.560211,0,1.6073,-9.97401e+07
2,0,1.8,-0.560211,0,1.61031,-1.15946e+08
2,0,1.8,-0.560211,0,1.61331,-1.13611e+08
2,0,1.8,-0.560211,0,1.61631,-1.19529e+08
2,0,1.8,-0.560211,0,1.61931,-9.63562e+07
2,0,1.8,-0.560211,0,1.62231,-1.13258e+08
2,0,1.8,-0.560211,0,1.62531,-9.97936e+07
2,0,1.8,-0.560211,0,1.62831,-9.50017e+07
2,0,1.8,-0.560211,0,1.63132,-1.00151e+08
2,0,1.8,-0.560211,0,1.63432,-1.15437e+08
2,0,1.8,-0.560211,0,1.63732,-1.14343e+08
2,0,1.8,-0.560211,0,1.64032,-9.41287e+07
2,0,1.8,-0.560211,0,1.64332,-9.66408e+07
2,0,1.8,-0.560211,0,1.64632,-9.33791e+07
2,0,1.8,-0.560211,0,1.64932,-1.0044e+08
2,0,1.8,-0.560211,0,1.65233,-9.53558e+07
2,0,1.8,-0.560211,0,1.65533,-9.42057e+07
2,0,1.8,-0.560211,0,1.65833,-9.60112e+07
2,0,1.8,-0.560211,0,1.66133,-1.06344e+08
2,0,1.8,-0.560211,0,1.66433,-1.06187e+08
2,0,1.8,-0.560211,0,1.66733,-9.39292e+07
2,0,1.8,-0.560211,0,1.67034,-1.10827e+08
2,0,1.8,-0.560211,0,1.67334,-9.94463e+07
2,0,1.8,-0.560211,0,1.67634,-9.36982e+07
2,0,1.8,-0.560211,0,1.67934,-1.16885e+08
2,0,1.8,-0.560211,0,1.68234,-9.88061e+07
2,0,1.8,-0.560211,0,1.68534,-9.55376e+07
2,0,1.8,-0.560211,0,1.68834,-1.131e+08
2,0,1.8,-0.560211,0,1.69135,-9.24461e+07
2,0,1.8,-0.560211,0,1.69435,-1.11877e+08
2,0,1.8,-0.560211,0,1.69735,-1.16859e+08
2,0,1.8,-0.560211,0,1.70035,-9.36739e+07
2,0,1.8,-0.560211,0,1.70335,-1.10563e+08
2,0,1.8,-0.560211,0,1.70635,-9.70574e+07
2,0,1.8,-0.560211,0,1.70935,-1.03371e+08
2,0,1.8,-0.560211,0,1.71236,-1.12804e+08
2,0,1.8,-0.560211,0,1.71536,-9.48316e+07
2,0,1.8,-0.560211,0,1.71836,-1.10741e+08
2,0,1.8,-0.560211,0,1.72136,-1.1663e+08
2,0,1.8,-0.560211,0,1.72436,-1.15667e+08
2,0,1.8,-0.560211,0,1.72736,-1.0509e+08
2,0,1.8,-0.560211,0,1.73037,-1.01213e+08
2,0,1.8,-0.560211,0,1.73337,-1.00839e+08
2,0,1.8,-0.560211,0,1.73637,-1.00629e+08
2,0,1.8,-0.560211,0,1.73937,-9.95652e+07
2,0,1.8,-0.560211,0,1.74237,-1.12491e+08
2,0,1.8,-0.560211,0,1.74537,-1.12697e+08
2,0,1.8,-0.560211,0,1.74837,-1.07019e+08
2,0,1.8,-0.560211,0,1.75138,-9.83882e+07
2,0,1.8,-0.560211,0,1.75438,-1.10942e+08
2,0,1.8,-0.560211,0,1.75738,-1.07183e+08
2,0,1.8,-0.560211,0,1.76038,-1.08774e+08
2,0,1.8,-0.560211,0,1.76338,-1.05035e+08
2,0,1.8,-0.560211,0,1.76638,-1.06428e+08
2,0,1.8,-0.560211,0,1.76938,-1.0458e+08
2,0,1.8,-0.560211,0,1.77239,-1.1843e+08
2,0,1.8,-0.560211,0,1.77539,-1.08116e+08
2,0,1.8,-0.560211,0,1.77839,-1.09698e+08
2,0,1.8,-0.560211,0,1.78139,-9.97731e+07
2,0,1.8,-0.560211,0,1.78439,-9.92861e+07
2,0,1.8,-0.560211,0,1.78739,-1.07413e+08
2,0,1.8,-0.560211,0,1.7904,-1.06259e+08
2,0,1.8,-0.560211,0,1.7934,-9.81943e+07
2,0,1.8,-0.560211,0,1.7964,-1.11195e+08
2,0,1.8,-0.560211,0,1.7994,-1.10731e+08
2,0,1.8,-0.560211,0,1.8024,-1.05615e+08
2,0,1.8,-0.560211,0,1.8054,-1.11591e+08
2,0,1.8,-0.560211,0,1.8084,-9.60023e+07
2,0,1.8,-0.560211,0,1.81141,-9.35008e+07
2,0,1.8,-0.560211,0,1.81441,-1.01288e+08
2,0,1.8,-0.560211,0,1.81741,-1.12561e+08
2,0,1.8,-0.560211,0,1.82041,-1.06041e+08
2,0,1.8,-0.560211,0,1.82341,-1.10653e+08
2,0,1.8,-0.560211,0,1.82641,-1.04735e+08
2,0,1.8,-0.560211,0,1.82941,-1.03653e+08
2,0,1.8,-0.560211,0,1.83242,-1.02555e+08
2,0,1.8,-0.560211,0,1.83542,-9.39075e+07
2,0,1.8,-0.560211,0,1.83842,-9.29181e+07
2,0,1.8,-0.560211,0,1.84142,-9.17381e+07
2,0,1.8,-0.560211,0,1.84442,-1.02505e+08
2,0,1.8,-0.560211,0,1.84742,-9.37576e+07
2,0,1.8,-0.560211,0,1.85043,-9.49267e+07
2,0,1.8,-0.560211,0,1.85343,-1.05243e+08
2,0,1.8,-0.560211,0,1.85643,-1.10361e+08
2,0,1.8,-0.560211,0,1.85943,-1.01189e+08
2,0,1.8,-0.560211,0,1.86243,-1.06089e+08
2,0,1.8,-0.560211,0,1.86543,-9.33917e+07
2,0,1.8,-0.560211,0,1.86843,-9.18115e+07
2,0,1.8,-0.560211,0,1.87144,-9.99508e+07
2,0,1.8,-0.560211,0,1.87444,-9.44926e+07
2,0,1.8,-0.560211,0,1.87744,-9.20984e+07
2,0,1.8,-0.560211,0,1.88044,-9.14514e+07
2,0,1.8,-0.560211,0,1.88344,-9.05181e+07
2,0,1.8,-0.560211,0,1.88644,-1.16254e+08
2,0,1.8,-0.560211,0,1.88944,-1.00439e+08
2,0,1.8,-0.560211,0,1.89245,-9.93885e+07
2,0,1.8,-0.560211,0,1.89545,-9.54178e+07
2,0,1.8,-0.560211,0,1.89845,-1.12179e+08
2,0,1.8,-0.560211,0,1.90145,-1.10571e+08
2,0,1.8,-0.560211,0,1.90445,-9.64219e+07
2,0,1.8,-0.560211,0,1.90745,-1.01595e+08
2,0,1.8,-0.560211,0,1.91046,-1.01932e+08
2,0,1.8,-0.560211,0,1.91346,-9.31094e+07
2,0,1.8,-0.560211,0,1.91646,-9.42537e+07
2,0,1.8,-0.560211,0,1.91946,-9.5231e+07
2,0,1.8,-0.560211,0,1.92246,-8.97934e+07
2,0,1.8,-0.560211,0,1.92546,-9.19678e+07
2,0,1.8,-0.560211,0,1.92846,-8.84282e+07
2,0,1.8,-0.560211,0,1.93147,-9.1696e+07
2,0,1.8,-0.560211,0,1.93447,-8.83124e+07
2,0,1.8,-0.560211,0,1.93747,-9.33505e+07
2,0,1.8,-0.560211,0,1.94047,-8.9381e+07
2,0,1.8,-0.560211,0,1.94347,-9.64953e+07
2,0,1.8,-0.560211,0,1.94647,-9.20967e+07
2,0,1.8,-0.560211,0,1.94947,-9.28667e+07
2,0,1.8,-0.560211,0,1.95248,-1.07338e+08
2,0,1.8,-0.560211,0,1.95548,-1.09845e+08
2,0,1.8,-0.560211,0,1.95848,-9.56584e+07
2,0,1.8,-0.560211,0,1.96148,-9.62647e+07
2,0,1.8,-0.560211,0,1.96448,-1.08498e+08
2,0,1.8,-0.560211,0,1.96748,-9.99352e+07
2,0,1.8,-0.560211,0,1.97049,-8.71685e+07
2,0,1.8,-0.560211,0,1.97349,-1.0485e+08
2,0,1.8,-0.560211,0,1.97649,-9.8548e+07
2,0,1.8,-0.560211,0,1.97949,-1.054e+08
2,0,1.8,-0.560211,0,1.98249,-1.01416e+08
2,0,1.8,-0.560211,0,1.98549,-1.03348e+08
2,0,1.8,-0.560211,0,1.98849,-8.23653e+07
2,0,1.8,-0.560211,0,1.9915,-8.84449e+07
2,0,1.8,-0.560211,0,1.9945,-8.42634e+07
2,0,1.8,-0.560211,0,1.9975,-8.60093e+07
2,0,1.8,-0.560211,0,2.0005,9.32188e+07
2,0,1.8,-0.560211,0,2.0035,1.01751e+08
2,0,1.8,-0.560211,0,2.0065,8.39323e+07
2,0,1.8,-0.560211,0,2.0095,9.33634e+07
2,0,1.8,-0.560211,0,2.01251,9.15394e+07
2,0,1.8,-0.560211,0,2.01551,9.75466e+07
2,0,1.8,-0.560211,0,2.01851,8.86066e+07
2,0,1.8,-0.560211,0,2.02151,9.77651e+07
2,0,1.8,-0.560211,0,2.02451,8.63818e+07
2,0,1.8,-0.560211,0,2.02751,9.71627e+07
2,0,1.8,-0.560211,0,2.03052,1.08546e+08
2,0,1.8,-0.560211,0,2.03352,9.19683e+07
2,0,1.8,-0.560211,0,2.03652,9.65283e+07
2,0,1.8,-0.560211,0,2.03952,1.09973e+08
2,0,1.8,-0.560211,0,2.04252,9.18312e+07
2,0,1.8,-0.560211,0,2.04552,1.04647e+08
2,0,1.8,-0.560211,0,2.04852,1.06539e+08
2,0,1.8,-0.560211,0,2.05153,9.12124e+07
2,0,1.8,-0.560211,0,2.05453,8.99768e+07
2,0,1.8,-0.560211,0,2.05753,9.60911e+07
2,0,1.8,-0.560211,0,2.06053,9.19309e+07
2,0,1.8,-0.560211,0,2.06353,1.02934e+08
2,0,1.8,-0.560211,0,2.06653,1.00574e+08
2,0,1.8,-0.560211,0,2.06953,1.05824e+08
2,0,1.8,-0.560211,0,2.07254,9.96706e+07
2,0,1.8,-0.560211,0,2.07554,1.11479e+08
2,0,1.8,-0.560211,0,2.07854,9.32254e+07
2,0,1.8,-0.560211,0,2.08154,9.96248e+07
2,0,1.8,-0.560211,0,2.08454,1.16612e+08
2,0,1.8,-0.560211,0,2.08754,1.14237e+08
2,0,1.8,-0.560211,0,2.09055,1.12296e+08
2,0,1.8,-0.560211,0,2.09355,1.16935e+08
2,0,1.8,-0.560211,0,2.09655,9.41973e+07
2,0,1.8,-0.560211,0,2.09955,1.13674e+08
2,0,1.8,-0.560211,0,2.10255,1.07531e+08
2,0,1.8,-0.560211,0,2.10555,1.07254e+08
2,0,1.8,-0.560211,0,2.10855,1.08967e+08
2,0,1.8,-0.560211,0,2.11156,1.09959e+08
2,0,1.8,-0.560211,0,2.11456,1.13175e+08
2,0,1.8,-0.560211,0,2.11756,1.18963e+08
2,0,1.8,-0.560211,0,2.12056,1.06804e+08
2,0,1.8,-0.560211,0,2.12356,9.87586e+07
2,0,1.8,-0.560211,0,2.12656,9.9936e+07
2,0,1.8,-0.560211,0,2.12956,1.05789e+08
2,0,1.8,-0.560211,0,2.13257,1.13622e+08
2,0,1.8,-0.560211,0,2.13557,1.09455e+08
2,0,1.8,-0.560211,0,2.13857,1.18051e+08
2,0,1.8,-0.560211,0,2.14157,1.16421e+08
2,0,1.8,-0.560211,0,2.14457,1.07149e+08
2,0,1.8,-0.560211,0,2.14757,9.42436e+07
2,0,1.8,-0.560211,0,2.15058,9.47463e+07
2,0,1.8,-0.560211,0,2.15358,1.11409e+08
2,0,1.8,-0.560211,0,2.15658,1.00358e+08
2,0,1.8,-0.560211,0,2.15958,1.10802e+08
2,0,1.8,-0.560211,0,2.16258,1.07185e+08
2,0,1.8,-0.560211,0,2.16558,1.084e+08
2,0,1.8,-0.560211,0,2.16858,1.13478e+08
2,0,1.8,-0.560211,0,2.17159,1.15729e+08
2,0,1.8,-0.560211,0,2.17459,9.59057e+07
2,0,1.8,-0.560211,0,2.17759,1.22011e+08
2,0,1.8,-0.560211,0,2.18059,1.07066e+08
2,0,1.8,-0.560211,0,2.18359,9.72452e+07
2,0,1.8,-0.560211,0,2.18659,1.01282e+08
2,0,1.8,-0.560211,0,2.18959,1.02317e+08
2,0,1.8,-0.560211,0,2.1926,9.74018e+07
2,0,1.8,-0.560211,0,2.1956,9.82781e+07
2,0,1.8,-0.560211,0,2.1986,9.87813e+07
2,0,1.8,-0.560211,0,2.2016,1.01398e+08
2,0,1.8,-0.560211,0,2.2046,9.8044e+07
2,0,1.8,-0.560211,0,2.2076,9.61681e+07
2,0,1.8,-0.560211,0,2.21061,1.05745e+08
2,0,1.8,-0.560211,0,2.21361,1.00698e+08
2,0,1.8,-0.560211,0,2.21661,1.02282e+08
2,0,1.8,-0.560211,0,2.21961,1.04323e+08
2,0,1.8,-0.560211,0,2.22261,1.06434e+08
2,0,1.8,-0.560211,0,2.22561,1.08758e+08
2,0,1.8,-0.560211,0,2.22861,1.10373e+08
2,0,1.8,-0.560211,0,2.23162,1.12897e+08
2,0,1.8,-0.560211,0,2.23462,1.15719e+08
2,0,1.8,-0.560211,0,2.23762,1.13332e+08
2,0,1.8,-0.560211,0,2.24062,9.88723e+07
2,0,1.8,-0.560211,0,2.24362,1.21908e+08
2,0,1.8,-0.560211,0,2.24662,1.22286e+08
2,0,1.8,-0.560211,0,2.24962,9.83138e+07
2,0,1.8,-0.560211,0,2.25263,9.84868e+07
2,0,1.8,-0.560211,0,2.25563,1.00688e+08
2,0,1.8,-0.560211,0,2.25863,1.05257e+08
2,0,1.8,-0.560211,0,2.26163,1.06497e+08
2,0,1.8,-0.560211,0,2.26463,1.06346e+08
2,0,1.8,-0.560211,0,2.26763,1.03218e+08
2,0,1.8,-0.560211,0,2.27064,1.05376e+08
2,0,1.8,-0.560211,0,2.27364,1.24726e+08
2,0,1.8,-0.560211,0,2.27664,1.14629e+08
2,0,1.8,-0.560211,0,2.27964,1.15546e+08
2,0,1.8,-0.560211,0,2.28264,1.26105e+08
2,0,1.8,-0.560211,0,2.28564,1.14356e+08
2,0,1.8,-0.560211,0,2.28864,1.24411e+08
2,0,1.8,-0.560211,0,2.29165,1.17839e+08
2,0,1.8,-0.560211,0,2.29465,1.25535e+08
2,0,1.8,-0.560211,0,2.29765,1.08048e+08
2,0,1.8,-0.560211,0,2.30065,1.00201e+08
2,0,1.8,-0.560211,0,2.30365,1.25958e+08
2,0,1.8,-0.560211,0,2.30665,1.0156e+08
2,0,1.8,-0.560211,0,2.30965,9.89532e+07
2,0,1.8,-0.560211,0,2.31266,1.05008e+08
2,0,1.8,-0.560211,0,2.31566,1.06463e+08
2,0,1.8,-0.560211,0,2.31866,1.20724e+08
2,0,1.8,-0.560211,0,2.32166,1.12002e+08
2,0,1.8,-0.560211,0,2.32466,1.153e+08
2,0,1.8,-0.560211,0,2.32766,1.1503e+08
2,0,1.8,-0.560211,0,2.33067,1.13268e+08
2,0,1.8,-0.560211,0,2.33367,1.1683e+08
2,0,1.8,-0.560211,0,2.33667,1.18912e+08
2,0,1.8,-0.560211,0,2.33967,1.21212e+08
2,0,1.8,-0.560211,0,2.34267,1.27887e+08
2,0,1.8,-0.560211,0,2.34567,1.25592e+08
2,0,1.8,-0.560211,0,2.34867,1.26222e+08
2,0,1.8,-0.560211,0,2.35168,1.28091e+08
2,0,1.8,-0.560211,0,2.35468,1.01072e+08
2,0,1.8,-0.560211,0,2.35768,1.06974e+08
2,0,1.8,-0.560211,0,2.36068,1.04164e+08
2,0,1.8,-0.560211,0,2.36368,1.03894e+08
2,0,1.8,-0.560211,0,2.36668,1.07406e+08
2,0,1.8,-0.560211,0,2.36968,1.11275e+08
2,0,1.8,-0.560211,0,2.37269,1.10863e+08
2,0,1.8,-0.560211,0,2.37569,1.23335e+08
2,0,1.8,-0.560211,0,2.37869,1.09688e+08
2,0,1.8,-0.560211,0,2.38169,1.18448e+08
2,0,1.8,-0.560211,0,2.38469,1.16322e+08
2,0,1.8,-0.560211,0,2.38769,1.28068e+08
2,0,1.8,-0.560211,0,2.3907,1.24372e+08
2,0,1.8,-0.560211,0,2.3937,1.02241e+08
2,0,1.8,-0.560211,0,2.3967,1.22843e+08
2,0,1.8,-0.560211,0,2.3997,1.25509e+08
2,0,1.8,-0.560211,0,2.4027,1.19413e+08
2,0,1.8,-0.560211,0,2.4057,1.12406e+08
2,0,1.8,-0.560211,0,2.4087,1.01107e+08
2,0,1.8,-0.560211,0,2.41171,1.09376e+08
2,0,1.8,-0.560211,0,2.41471,1.0144e+08
2,0,1.8,-0.560211,0,2.41771,1.13857e+08
2,0,1.8,-0.560211,0,2.42071,1.05094e+08
2,0,1.8,-0.560211,0,2.42371,1.13836e+08
2,0,1.8,-0.560211,0,2.42671,1.06359e+08
2,0,1.8,-0.560211,0,2.42971,1.18509e+08
2,0,1.8,-0.560211,0,2.43272,1.14502e+08
2,0,1.8,-0.560211,0,2.43572,1.21225e+08
2,0,1.8,-0.560211,0,2.43872,1.13693e+08
2,0,1.8,-0.560211,0,2.44172,1.14537e+08
2,0,1.8,-0.560211,0,2.44472,1.30166e+08
2,0,1.8,-0.560211,0,2.44772,1.26729e+08
2,0,1.8,-0.560211,0,2.45073,1.27581e+08
2,0,1.8,-0.560211,0,2.45373,1.25269e+08
2,0,1.8,-0.560211,0,2.45673,1.0151e+08
2,0,1.8,-0.560211,0,2.45973,1.25244e+08
2,0,1.8,-0.560211,0,2.46273,1.26046e+08
2,0,1.8,-0.560211,0,2.46573,1.04861e+08
2,0,1.8,-0.560211,0,2.46873,1.06796e+08
2,0,1.8,-0.560211,0,2.47174,1.05031e+08
2,0,1.8,-0.560211,0,2.47474,1.0268e+08
2,0,1.8,-0.560211,0,2.47774,1.02858e+08
2,0,1.8,-0.560211,0,2.48074,1.31126e+08
2,0,1.8,-0.560211,0,2.48374,1.06919e+08
2,0,1.8,-0.560211,0,2.48674,1.2735e+08
2,0,1.8,-0.560211,0,2.48974,1.09466e+08
2,0,1.8,-0.560211,0,2.49275,1.14219e+08
2,0,1.8,-0.560211,0,2.49575,1.05998e+08
2,0,1.8,-0.560211,0,2.49875,1.13157e+08
2,0,1.8,-0.560211,0,2.50175,1.13196e+08
2,0,1.8,-0.560211,0,2.50475,1.28751e+08
2,0,1.8,-0.560211,0,2.50775,1.03044e+08
2,0,1.8,-0.560211,0,2.51076,1.04205e+08
2,0,1.8,-0.560211,0,2.51376,1.03078e+08
2,0,1.8,-0.560211,0,2.51676,1.07011e+08
2,0,1.8,-0.560211,0,2.51976,1.08012e+08
2,0,1.8,-0.560211,0,2.52276,1.09335e+08
2,0,1.8,-0.560211,0,2.52576,1.04594e+08
2,0,1.8,-0.560211,0,2.52876,1.05591e+08
2,0,1.8,-0.560211,0,2.53177,1.10683e+08
2,0,1.8,-0.560211,0,2.53477,1.04443e+08
2,0,1.8,-0.560211,0,2.53777,1.05481e+08
2,0,1.8,-0.560211,0,2.54077,1.07343e+08
2,0,1.8,-0.560211,0,2.54377,1.0814e+08
2,0,1.8,-0.560211,0,2.54677,1.05137e+08
2,0,1.8,-0.560211,0,2.54977,1.13909e+08
2,0,1.8,-0.560211,0,2.55278,1.03058e+08
2,0,1.8,-0.560211,0,2.55578,1.17356e+08
2,0,1.8,-0.560211,0,2.55878,1.04784e+08
2,0,1.8,-0.560211,0,2.56178,1.06468e+08
2,0,1.8,-0.560211,0,2.56478,1.11253e+08
2,0,1.8,-0.560211,0,2.56778,1.08972e+08
2,0,1.8,-0.560211,0,2.57079,1.10249e+08
2,0,1.8,-0.560211,0,2.57379,1.29438e+08
2,0,1.8,-0.560211,0,2.57679,1.1055e+08
2,0,1.8,-0.560211,0,2.57979,1.32399e+08
2,0,1.8,-0.560211,0,2.58279,1.04092e+08
2,0,1.8,-0.560211,0,2.58579,1.11669e+08
2,0,1.8,-0.560211,0,2.58879,1.06321e+08
2,0,1.8,-0.560211,0,2.5918,1.07547e+08
2,0,1.8,-0.560211,0,2.5948,1.03758e+08
2,0,1.8,-0.560211,0,2.5978,1.10088e+08
2,0,1.8,-0.560211,0,2.6008,1.20826e+08
2,0,1.8,-0.560211,0,2.6038,1.17532e+08
2,0,1.8,-0.560211,0,2.6068,1.24445e+08
2,0,1.8,-0.560211,0,2.6098,1.15866e+08
2,0,1.8,-0.560211,0,2.61281,1.2658e+08
2,0,1.8,-0.560211,0,2.61581,1.16384e+08
2,0,1.8,-0.560211,0,2.61881,1.32224e+08
2,0,1.8,-0.560211,0,2.62181,1.18507e+08
2,0,1.8,-0.560211,0,2.62481,1.31745e+08
2,0,1.8,-0.560211,0,2.62781,1.24501e+08
2,0,1.8,-0.560211,0,2.63082,1.20642e+08
2,0,1.8,-0.560211,0,2.63382,1.32762e+08
2,0,1.8,-0.560211,0,2.63682,1.24522e+08
2,0,1.8,-0.560211,0,2.63982,1.31375e+08
2,0,1.8,-0.560211,0,2.64282,1.27511e+08
2,0,1.8,-0.560211,0,2.64582,1.05789e+08
2,0,1.8,-0.560211,0,2.64882,1.33991e+08
2,0,1.8,-0.560211,0,2.65183,1.35946e+08
2,0,1.8,-0.560211,0,2.65483,1.32295e+08
2,0,1.8,-0.560211,0,2.65783,1.14216e+08
2,0,1.8,-0.560211,0,2.66083,1.09132e+08
2,0,1.8,-0.560211,0,2.66383,1.07802e+08
2,0,1.8,-0.560211,0,2.66683,1.32859e+08
2,0,1.8,-0.560211,0,2.66983,1.07254e+08
2,0,1.8,-0.560211,0,2.67284,1.19657e+08
2,0,1.8,-0.560211,0,2.67584,1.10776e+08
2,0,1.8,-0.560211,0,2.67884,1.10431e+08
2,0,1.8,-0.560211,0,2.68184,1.09677e+08
2,0,1.8,-0.560211,0,2.68484,1.10616e+08
2,0,1.8,-0.560211,0,2.68784,1.13566e+08
2,0,1.8,-0.560211,0,2.69085,1.17617e+08
2,0,1.8,-0.560211,0,2.69385,1.11576e+08
2,0,1.8,-0.560211,0,2.69685,1.18811e+08
2,0,1.8,-0.560211,0,2.69985,1.14109e+08
2,0,1.8,-0.560211,0,2.70285,1.24445e+08
2,0,1.8,-0.560211,0,2.70585,1.23456e+08
2,0,1.8,-0.560211,0,2.70885,1.17474e+08
2,0,1.8,-0.560211,0,2.71186,1.22637e+08
2,0,1.8,-0.560211,0,2.71486,1.06248e+08
2,0,1.8,-0.560211,0,2.71786,1.2227e+08
2,0,1.8,-0.560211,0,2.72086,1.22244e+08
2,0,1.8,-0.560211,0,2.72386,1.28271e+08
2,0,1.8,-0.560211,0,2.72686,1.31491e+08
2,0,1.8,-0.560211,0,2.72986,1.28568e+08
2,0,1.8,-0.560211,0,2.73287,1.32616e+08
2,0,1.8,-0.560211,0,2.73587,1.13162e+08
2,0,1.8,-0.560211,0,2.73887,1.34129e+08
2,0,1.8,-0.560211,0,2.74187,1.35335e+08
2,0,1.8,-0.560211,0,2.74487,1.18241e+08
2,0,1.8,-0.560211,0,2.74787,1.09883e+08
2,0,1.8,-0.560211,0,2.75088,1.13648e+08
2,0,1.8,-0.560211,0,2.75388,1.09067e+08
2,0,1.8,-0.560211,0,2.75688,1.11221e+08
2,0,1.8,-0.560211,0,2.75988,1.22257e+08
2,0,1.8,-0.560211,0,2.76288,1.14159e+08
2,0,1.8,-0.560211,0,2.76588,1.09208e+08
2,0,1.8,-0.560211,0,2.76888,1.25631e+08
2,0,1.8,-0.560211,0,2.77189,1.15546e+08
2,0,1.8,-0.560211,0,2.77489,1.13337e+08
2,0,1.8,-0.560211,0,2.77789,1.28992e+08
2,0,1.8,-0.560211,0,2.78089,1.17692e+08
2,0,1.8,-0.560211,0,2.78389,1.18867e+08
2,0,1.8,-0.560211,0,2.78689,1.21635e+08
2,0,1.8,-0.560211,0,2.78989,1.21699e+08
2,0,1.8,-0.560211,0,2.7929,1.21963e+08
2,0,1.8,-0.560211,0,2.7959,1.18852e+08
2,0,1.8,-0.560211,0,2.7989,1.22329e+08
2,0,1.8,-0.560211,0,2.8019,1.28811e+08
2,0,1.8,-0.560211,0,2.8049,1.23989e+08
2,0,1.8,-0.560211,0,2.8079,1.08778e+08
2,0,1.8,-0.560211,0,2.81091,1.09624e+08
2,0,1.8,-0.560211,0,2.81391,1.29024e+08
2,0,1.8,-0.560211,0,2.81691,1.10926e+08
2,0,1.8,-0.560211,0,2.81991,1.14928e+08
2,0,1.8,-0.560211,0,2.82291,1.13733e+08
2,0,1.8,-0.560211,0,2.82591,1.1516e+08
2,0,1.8,-0.560211,0,2.82891,1.3817e+08
2,0,1.8,-0.560211,0,2.83192,1.16087e+08
2,0,1.8,-0.560211,0,2.83492,1.16695e+08
2,0,1.8,-0.560211,0,2.83792,1.0917e+08
2,0,1.8,-0.560211,0,2.84092,1.08487e+08
2,0,1.8,-0.560211,0,2.84392,1.11887e+08
2,0,1.8,-0.560211,0,2.84692,1.08285e+08
2,0,1.8,-0.560211,0,2.84992,1.08876e+08
2,0,1.8,-0.560211,0,2.85293,1.32396e+08
2,0,1.8,-0.560211,0,2.85593,1.24633e+08
2,0,1.8,-0.560211,0,2.85893,1.15374e+08
2,0,1.8,-0.560211,0,2.86193,1.27632e+08
2,0,1.8,-0.560211,0,2.86493,1.28777e+08
2,0,1.8,-0.560211,0,2.86793,1.30223e+08
2,0,1.8,-0.560211,0,2.87094,1.17875e+08
2,0,1.8,-0.560211,0,2.87394,1.20905e+08
2,0,1.8,-0.560211,0,2.87694,1.33006e+08
2,0,1.8,-0.560211,0,2.87994,1.18462e+08
2,0,1.8,-0.560211,0,2.88294,1.23154e+08
2,0,1.8,-0.560211,0,2.88594,1.24862e+08
2,0,1.8,-0.560211,0,2.88894,1.38217e+08
2,0,1.8,-0.560211,0,2.89195,1.23657e+08
2,0,1.8,-0.560211,0,2.89495,1.39677e+08
2,0,1.8,-0.560211,0,2.89795,1.40906e+08
2,0,1.8,-0.560211,0,2.90095,1.26374e+08
2,0,1.8,-0.560211,0,2.90395,1.26575e+08
2,0,1.8,-0.560211,0,2.90695,1.27489e+08
2,0,1.8,-0.560211,0,2.90995,1.35337e+08
2,0,1.8,-0.560211,0,2.91296,1.33821e+08
2,0,1.8,-0.560211,0,2.91596,1.14638e+08
2,0,1.8,-0.560211,0,2.91896,1.31285e+08
2,0,1.8,-0.560211,0,2.92196,1.36769e+08
2,0,1.8,-0.560211,0,2.92496,1.3848e+08
2,0,1.8,-0.560211,0,2.92796,1.18492e+08
2,0,1.8,-0.560211,0,2.93097,1.0947e+08
2,0,1.8,-0.560211,0,2.93397,1.37275e+08
2,0,1.8,-0.560211,0,2.93697,1.21459e+08
2,0,1.8,-0.560211,0,2.93997,1.2268e+08
2,0,1.8,-0.560211,0,2.94297,1.11732e+08
2,0,1.8,-0.560211,0,2.94597,1.11559e+08
2,0,1.8,-0.560211,0,2.94897,1.18368e+08
2,0,1.8,-0.560211,0,2.95198,1.12258e+08
2,0,1.8,-0.560211,0,2.95498,1.18984e+08
2,0,1.8,-0.560211,0,2.95798,1.12713e+08
2,0,1.8,-0.560211,0,2.96098,1.29732e+08
2,0,1.8,-0.560211,0,2.96398,1.30814e+08
2,0,1.8,-0.560211,0,2.96698,1.19831e+08
2,0,1.8,-0.560211,0,2.96998,1.33104e+08
2,0,1.8,-0.560211,0,2.97299,1.11538e+08
2,0,1.8,-0.560211,0,2.97599,1.21665e+08
2,0,1.8,-0.560211,0,2.97899,1.36323e+08
2,0,1.8,-0.560211,0,2.98199,1.38282e+08
2,0,1.8,-0.560211,0,2.98499,1.28064e+08
2,0,1.8,-0.560211,0,2.98799,1.14111e+08
2,0,1.8,-0.560211,0,2.991,1.41327e+08
2,0,1.8,-0.560211,0,2.994,1.15593e+08
2,0,1.8,-0.560211,0,2.997,1.11523e+08
2,0,1.8,-0.560211,0,3,1.2049e+08

2,0,1.85,-0.609328,0,-3,-5.33959e+07
2,0,1.85,-0.609328,0,-2.997,-5.52974e+07
2,0,1.85,-0.609328,0,-2.994,-6.16178e+07
2,0,1.85,-0.609328,0,-2.991,-5.61193e+07
2,0,1.85,-0.609328,0,-2.98799,-6.59685e+07
2,0,1.85,-0.609328,0,-2.98499,-6.88155e+07
2,0,1.85,-0.609328,0,-2.98199,-6.43384e+07
2,0,1.85,-0.609328,0,-2.97899,-5.61857e+07
2,0,1.85,-0.609328,0,-2.97599,-6.48608e+07
2,0,1.85,-0.609328,0,-2.97299,-5.99865e+07
2,0,1.85,-0.609328,0,-2.96998,-5.32846e+07
2,0,1.85,-0.609328,0,-2.96698,-6.33499e+07
2,0,1.85,-0.609328,0,-2.96398,-6.49701e+07
2,0,1.85,-0.609328,0,-2.96098,-5.96681e+07
2,0,1.85,-0.609328,0,-2.95798,-6.02975e+07
2,0,1.85,-0.609328,0,-2.95498,-5.4277e+07
2,0,1.85,-0.609328,0,-2.95198,-5.54814e+07
2,0,1.85,-0.609328,0,-2.94897,-5.75183e+07
2,0,1.85,-0.609328,0,-2.94597,-5.80719e+07
2,0,1.85,-0.609328,0,-2.94297,-6.88225e+07
2,0,1.85,-0.609328,0,-2.93997,-6.11654e+07
2,0,1.85,-0.609328,0,-2.93697,-5.43409e+07
2,0,1.85,-0.609328,0,-2.93397,-6.40215e+07
2,0,1.85,-0.609328,0,-2.93097,-6.57275e+07
2,0,1.85,-0.609328,0,-2.92796,-6.4621e+07
2,0,1.85,-0.609328,0,-2.92496,-6.13723e+07
2,0,1.85,-0.609328,0,-2.92196,-5.40194e+07
2,0,1.85,-0.609328,0,-2.91896,-5.72207e+07
2,0,1.85,-0.609328,0,-2.91596,-6.27188e+07
2,0,1.85,-0.609328,0,-2.91296,-5.70762e+07
2,0,1.85,-0.609328,0,-2.90995,-5.79967e+07
2,0,1.85,-0.609328,0,-2.90695,-6.13659e+07
2,0,1.85,-0.609328,0,-2.90395,-6.94627e+07
2,0,1.85,-0.609328,0,-2.90095,-5.50142e+07
2,0,1.85,-0.609328,0,-2.89795,-5.54513e+07
2,0,1.85,-0.609328,0,-2.89495,-6.38024e+07
2,0,1.85,-0.609328,0,-2.89195,-6.9381e+07
2,0,1.85,-0.609328,0,-2.88894,-5.75336e+07
2,0,1.85,-0.609328,0,-2.88594,-6.75659e+07
2,0,1.85,-0.609328,0,-2.88294,-5.91447e+07
2,0,1.85,-0.609328,0,-2.87994,-6.00619e+07
2,0,1.85,-0.609328,0,-2.87694,-7.11352e+07
2,0,1.85,-0.609328,0,-2.87394,-6.23452e+07
2,0,1.85,-0.609328,0,-2.87094,-5.77128e+07
2,0,1.85,-0.609328,0,-2.86793,-5.69321e+07
2,0,1.85,-0.609328,0,-2.86493,-5.61306e+07
2,0,1.85,-0.609328,0,-2.86193,-5.6742e+07
2,0,1.85,-0.609328,0,-2.85893,-5.60791e+07
2,0,1.85,-0.609328,0,-2.85593,-6.87138e+07
2,0,1.85,-0.609328,0,-2.85293,-6.28756e+07
2,0,1.85,-0.609328,0,-2.84992,-5.56331e+07
2,0,1.85,-0.609328,0,-2.84692,-6.33561e+07
2,0,1.85,-0.609328,0,-2.84392,-5.70499e+07
2,0,1.85,-0.609328,0,-2.84092,-5.8625e+07
2,0,1.85,-0.609328,0,-2.83792,-6.92645e+07
2,0,1.85,-0.609328,0,-2.83492,-7.02427e+07
2,0,1.85,-0.609328,0,-2.83192,-6.79591e+07
2,0,1.85,-0.609328,0,-2.82891,-6.82418e+07
2,0,1.85,-0.609328,0,-2.82591,-6.70674e+07
2,0,1.85,-0.609328,0,-2.82291,-6.76217e+07
2,0,1.85,-0.609328,0,-2.81991,-7.16684e+07
2,0,1.85,-0.609328,0,-2.81691,-6.44848e+07
2,0,1.85,-0.609328,0,-2.81391,-5.66924e+07
2,0,1.85,-0.609328,0,-2.81091,-5.61894e+07
2,0,1.85,-0.609328,0,-2.8079,-7.08319e+07
2,0,1.85,-0.609328,0,-2.8049,-5.8766e+07
2,0,1.85,-0.609328,0,-2.8019,-5.62556e+07
2,0,1.85,-0.609328,0,-2.7989,-7.19901e+07
2,0,1.85,-0.609328,0,-2.7959,-5.56468e+07
2,0,1.85,-0.609328,0,-2.7929,-5.63169e+07
2,0,1.85,-0.609328,0,-2.78989,-6.25358e+07
2,0,1.85,-0.609328,0,-2.78689,-5.87464e+07
2,0,1.85,-0.609328,0,-2.78389,-5.85143e+07
2,0,1.85,-0.609328,0,-2.78089,-6.46957e+07
2,0,1.85,-0.609328,0,-2.77789,-5.86649e+07
2,0,1.85,-0.609328,0,-2.77489,-5.88405e+07
2,0,1.85,-0.609328,0,-2.77189,-5.9369e+07
2,0,1.85,-0.609328,0,-2.76888,-5.98237e+07
2,0,1.85,-0.609328,0,-2.76588,-6.80292e+07
2,0,1.85,-0.609328,0,-2.76288,-6.86947e+07
2,0,1.85,-0.609328,0,-2.75988,-6.98644e+07
2,0,1.85,-0.609328,0,-2.75688,-6.20631e+07
2,0,1.85,-0.609328,0,-2.75388,-6.30231e+07
2,0,1.85,-0.609328,0,-2.75088,-5.62904e+07
2,0,1.85,-0.609328,0,-2.74787,-6.59908e+07
2,0,1.85,-0.609328,0,-2.74487,-6.6694e+07
2,0,1.85,-0.609328,0,-2.74187,-6.58661e+07
2,0,1.85,-0.609328,0,-2.73887,-5.76769e+07
2,0,1.85,-0.609328,0,-2.73587,-5.82387e+07
2,0,1.85,-0.609328,0,-2.73287,-6.85783e+07
2,0,1.85,-0.609328,0,-2.72986,-6.73558e+07
2,0,1.85,-0.609328,0,-2.72686,-6.01767e+07
2,0,1.85,-0.609328,0,-2.72386,-6.82918e+07
2,0,1.85,-0.609328,0,-2.72086,-5.67544e+07
2,0,1.85,-0.609328,0,-2.71786,-6.21676e+07
2,0,1.85,-0.609328,0,-2.71486,-7.11905e+07
2,0,1.85,-0.609328,0,-2.71186,-7.09426e+07
2,0,1.85,-0.609328,0,-2.70885,-7.17973e+07
2,0,1.85,-0.609328,0,-2.70585,-5.8637e+07
2,0,1.85,-0.609328,0,-2.70285,-7.30271e+07
2,0,1.85,-0.609328,0,-2.69985,-5.68941e+07
2,0,1.85,-0.609328,0,-2.69685,-5.75783e+07
2,0,1.85,-0.609328,0,-2.69385,-5.80961e+07
2,0,1.85,-0.609328,0,-2.69085,-5.97172e+07
2,0,1.85,-0.609328,0,-2.68784,-5.89281e+07
2,0,1.85,-0.609328,0,-2.68484,-6.84558e+07
2,0,1.85,-0.609328,0,-2.68184,-6.94279e+07
2,0,1.85,-0.609328,0,-2.67884,-6.2357e+07
2,0,1.85,-0.609328,0,-2.67584,-7.03738e+07
2,0,1.85,-0.609328,0,-2.67284,-6.32368e+07
2,0,1.85,-0.609328,0,-2.66983,-6.44137e+07
2,0,1.85,-0.609328,0,-2.66683,-7.19296e+07
2,0,1.85,-0.609328,0,-2.66383,-7.30803e+07
2,0,1.85,-0.609328,0,-2.66083,-7.07141e+07
2,0,1.85,-0.609328,0,-2.65783,-5.69562e+07
2,0,1.85,-0.609328,0,-2.65483,-6.68996e+07
2,0,1.85,-0.609328,0,-2.65183,-5.78794e+07
2,0,1.85,-0.609328,0,-2.64882,-6.62046e+07
2,0,1.85,-0.609328,0,-2.64582,-6.91802e+07
2,0,1.85,-0.609328,0,-2.64282,-7.23583e+07
2,0,1.85,-0.609328,0,-2.63982,-6.96762e+07
2,0,1.85,-0.609328,0,-2.63682,-6.87729e+07
2,0,1.85,-0.609328,0,-2.63382,-6.85834e+07
2,0,1.85,-0.609328,0,-2.63082,-7.0318e+07
2,0,1.85,-0.609328,0,-2.62781,-6.16413e+07
2,0,1.85,-0.609328,0,-2.62481,-6.16185e+07
2,0,1.85,-0.609328,0,-2.62181,-6.25165e+07
2,0,1.85,-0.609328,0,-2.61881,-7.25851e+07
2,0,1.85,-0.609328,0,-2.61581,-5.98966e+07
2,0,1.85,-0.609328,0,-2.61281,-6.43391e+07
2,0,1.85,-0.609328,0,-2.6098,-6.05252e+07
2,0,1.85,-0.609328,0,-2.6068,-6.52037e+07
2,0,1.85,-0.609328,0,-2.6038,-5.718e+07
2,0,1.85,-0.609328,0,-2.6008,-6.30186e+07
2,0,1.85,-0.609328,0,-2.5978,-6.6355e+07
2,0,1.85,-0.609328,0,-2.5948,-5.81271e+07
2,0,1.85,-0.609328,0,-2.5918,-6.75493e+07
2,0,1.85,-0.609328,0,-2.58879,-6.48108e+07
2,0,1.85,-0.609328,0,-2.58579,-6.85959e+07
2,0,1.85,-0.609328,0,-2.58279,-6.8977e+07
2,0,1.85,-0.609328,0,-2.57979,-5.99697e+07
2,0,1.85,-0.609328,0,-2.57679,-6.18352e+07
2,0,1.85,-0.609328,0,-2.57379,-7.0302e+07
2,0,1.85,-0.609328,0,-2.57079,-7.07563e+07
2,0,1.85,-0.609328,0,-2.56778,-6.6768e+07
2,0,1.85,-0.609328,0,-2.56478,-7.19822e+07
2,0,1.85,-0.609328,0,-2.56178,-6.42006e+07
2,0,1.85,-0.609328,0,-2.55878,-7.22503e+07
2,0,1.85,-0.609328,0,-2.55578,-7.16351e+07
2,0,1.85,-0.609328,0,-2.55278,-6.03462e+07
2,0,1.85,-0.609328,0,-2.54977,-6.56738e+07
2,0,1.85,-0.609328,0,-2.54677,-7.42566e+07
2,0,1.85,-0.609328,0,-2.54377,-7.38595e+07
2,0,1.85,-0.609328,0,-2.54077,-5.78725e+07
2,0,1.85,-0.609328,0,-2.53777,-7.10569e+07
2,0,1.85,-0.609328,0,-2.53477,-5.87315e+07
2,0,1.85,-0.609328,0,-2.53177,-7.3456e+07
2,0,1.85,-0.609328,0,-2.52876,-5.95149e+07
2,0,1.85,-0.609328,0,-2.52576,-5.9243e+07
2,0,1.85,-0.609328,0,-2.52276,-6.83396e+07
2,0,1.85,-0.609328,0,-2.51976,-7.39403e+07
2,0,1.85,-0.609328,0,-2.51676,-6.11228e+07
2,0,1.85,-0.609328,0,-2.51376,-6.15397e+07
2,0,1.85,-0.609328,0,-2.51076,-5.97797e+07
2,0,1.85,-0.609328,0,-2.50775,-6.19156e+07
2,0,1.85,-0.609328,0,-2.50475,-7.23959e+07
2,0,1.85,-0.609328,0,-2.50175,-7.23559e+07
2,0,1.85,-0.609328,0,-2.49875,-5.80182e+07
2,0,1.85,-0.609328,0,-2.49575,-5.79819e+07
2,0,1.85,-0.609328,0,-2.49275,-5.84586e+07
2,0,1.85,-0.609328,0,-2.48974,-6.42241e+07
2,0,1.85,-0.609328,0,-2.48674,-5.73342e+07
2,0,1.85,-0.609328,0,-2.48374,-6.15778e+07
2,0,1.85,-0.609328,0,-2.48074,-7.42134e+07
2,0,1.85,-0.609328,0,-2.47774,-6.05419e+07
2,0,1.85,-0.609328,0,-2.47474,-6.31846e+07
2,0,1.85,-0.609328,0,-2.47174,-6.43051e+07
2,0,1.85,-0.609328,0,-2.46873,-6.64874e+07
2,0,1.85,-0.609328,0,-2.46573,-6.37518e+07
2,0,1.85,-0.609328,0,-2.46273,-5.90361e+07
2,0,1.85,-0.609328,0,-2.45973,-6.06468e+07
2,0,1.85,-0.609328,0,-2.45673,-6.11752e+07
2,0,1.85,-0.609328,0,-2.45373,-6.86538e+07
2,0,1.85,-0.609328,0,-2.45073,-6.88506e+07
2,0,1.85,-0.609328,0,-2.44772,-6.94554e+07
2,0,1.85,-0.609328,0,-2.44472,-7.00889e+07
2,0,1.85,-0.609328,0,-2.44172,-6.87975e+07
2,0,1.85,-0.609328,0,-2.43872,-6.53175e+07
2,0,1.85,-0.609328,0,-2.43572,-6.25298e+07
2,0,1.85,-0.609328,0,-2.43272,-6.81543e+07
2,0,1.85,-0.609328,0,-2.42971,-6.47809e+07
2,0,1.85,-0.609328,0,-2.42671,-7.2552e+07
2,0,1.85,-0.609328,0,-2.42371,-6.43864e+07
2,0,1.85,-0.609328,0,-2.42071,-7.13052e+07
2,0,1.85,-0.609328,0,-2.41771,-6.88074e+07
2,0,1.85,-0.609328,0,-2.41471,-6.74769e+07
2,0,1.85,-0.609328,0,-2.41171,-6.5848e+07
2,0,1.85,-0.609328,0,-2.4087,-6.838e+07
2,0,1.85,-0.609328,0,-2.4057,-7.19659e+07
2,0,1.85,-0.609328,0,-2.4027,-5.76523e+07
2,0,1.85,-0.609328,0,-2.3997,-5.81881e+07
2,0,1.85,-0.609328,0,-2.3967,-6.59509e+07
2,0,1.85,-0.609328,0,-2.3937,-7.0001e+07
2,0,1.85,-0.609328,0,-2.3907,-7.04616e+07
2,0,1.85,-0.609328,0,-2.38769,-7.24958e+07
2,0,1.85,-0.609328,0,-2.38469,-5.78992e+07
2,0,1.85,-0.609328,0,-2.38169,-6.92653e+07
2,0,1.85,-0.609328,0,-2.37869,-5.97561e+07
2,0,1.85,-0.609328,0,-2.37569,-5.82749e+07
2,0,1.85,-0.609328,0,-2.37269,-6.10246e+07
2,0,1.85,-0.609328,0,-2.36968,-6.08114e+07
2,0,1.85,-0.609328,0,-2.36668,-5.92076e+07
2,0,1.85,-0.609328,0,-2.36368,-6.1333e+07
2,0,1.85,-0.609328,0,-2.36068,-6.16285e+07
2,0,1.85,-0.609328,0,-2.35768,-6.03139e+07
2,0,1.85,-0.609328,0,-2.35468,-5.78642e+07
2,0,1.85,-0.609328,0,-2.35168,-6.09614e+07
2,0,1.85,-0.609328,0,-2.34867,-7.48873e+07
2,0,1.85,-0.609328,0,-2.34567,-6.32746e+07
2,0,1.85,-0.609328,0,-2.34267,-5.88971e+07
2,0,1.85,-0.609328,0,-2.33967,-7.37407e+07
2,0,1.85,-0.609328,0,-2.33667,-6.43765e+07
2,0,1.85,-0.609328,0,-2.33367,-6.2501e+07
2,0,1.85,-0.609328,0,-2.33067,-7.34292e+07
2,0,1.85,-0.609328,0,-2.32766,-6.35225e+07
2,0,1.85,-0.609328,0,-2.32466,-6.1431e+07
2,0,1.85,-0.609328,0,-2.32166,-6.43822e+07
2,0,1.85,-0.609328,0,-2.31866,-6.39099e+07
2,0,1.85,-0.609328,0,-2.31566,-5.8421e+07
2,0,1.85,-0.609328,0,-2.31266,-6.46346e+07
2,0,1.85,-0.609328,0,-2.30965,-5.80473e+07
2,0,1.85,-0.609328,0,-2.30665,-6.04793e+07
2,0,1.85,-0.609328,0,-2.30365,-6.256e+07
2,0,1.85,-0.609328,0,-2.30065,-6.32607e+07
2,0,1.85,-0.609328,0,-2.29765,-6.30611e+07
2,0,1.85,-0.609328,0,-2.29465,-6.29937e+07
2,0,1.85,-0.609328,0,-2.29165,-6.32211e+07
2,0,1.85,-0.609328,0,-2.28864,-6.82359e+07
2,0,1.85,-0.609328,0,-2.28564,-6.13993e+07
2,0,1.85,-0.609328,0,-2.28264,-6.06199e+07
2,0,1.85,-0.609328,0,-2.27964,-6.40087e+07
2,0,1.85,-0.609328,0,-2.27664,-5.96889e+07
2,0,1.85,-0.609328,0,-2.27364,-5.88324e+07
2,0,1.85,-0.609328,0,-2.27064,-6.43719e+07
2,0,1.85,-0.609328,0,-2.26763,-5.80678e+07
2,0,1.85,-0.609328,0,-2.26463,-6.22905e+07
2,0,1.85,-0.609328,0,-2.26163,-6.03987e+07
2,0,1.85,-0.609328,0,-2.25863,-6.06313e+07
2,0,1.85,-0.609328,0,-2.25563,-6.00087e+07
2,0,1.85,-0.609328,0,-2.25263,-6.16388e+07
2,0,1.85,-0.609328,0,-2.24962,-5.89898e+07
2,0,1.85,-0.609328,0,-2.24662,-6.01811e+07
2,0,1.85,-0.609328,0,-2.24362,-5.98672e+07
2,0,1.85,-0.609328,0,-2.24062,-6.23866e+07
2,0,1.85,-0.609328,0,-2.23762,-5.95628e+07
2,0,1.85,-0.609328,0,-2.23462,-6.29485e+07
2,0,1.85,-0.609328,0,-2.23162,-6.06943e+07
2,0,1.85,-0.609328,0,-2.22861,-6.1533e+07
2,0,1.85,-0.609328,0,-2.22561,-5.9619e+07
2,0,1.85,-0.609328,0,-2.22261,-7.4252e+07
2,0,1.85,-0.609328,0,-2.21961,-6.02175e+07
2,0,1.85,-0.609328,0,-2.21661,-6.41885e+07
2,0,1.85,-0.609328,0,-2.21361,-6.40029e+07
2,0,1.85,-0.609328,0,-2.21061,-6.2042e+07
2,0,1.85,-0.609328,0,-2.2076,-6.1789e+07
2,0,1.85,-0.609328,0,-2.2046,-6.25947e+07
2,0,1.85,-0.609328,0,-2.2016,-6.17761e+07
2,0,1.85,-0.609328,0,-2.1986,-6.30206e+07
2,0,1.85,-0.609328,0,-2.1956,-6.30866e+07
2,0,1.85,-0.609328,0,-2.1926,-5.99695e+07
2,0,1.85,-0.609328,0,-2.18959,-6.24003e+07
2,0,1.85,-0.609328,0,-2.18659,-5.95133e+07
2,0,1.85,-0.609328,0,-2.18359,-6.25432e+07
2,0,1.85,-0.609328,0,-2.18059,-5.9927e+07
2,0,1.85,-0.609328,0,-2.17759,-6.01056e+07
2,0,1.85,-0.609328,0,-2.17459,-6.30717e+07
2,0,1.85,-0.609328,0,-2.17159,-5.9502e+07
2,0,1.85,-0.609328,0,-2.16858,-6.00939e+07
2,0,1.85,-0.609328,0,-2.16558,-6.45222e+07
2,0,1.85,-0.609328,0,-2.16258,-6.14875e+07
2,0,1.85,-0.609328,0,-2.15958,-6.12372e+07
2,0,1.85,-0.609328,0,-2.15658,-6.14527e+07
2,0,1.85,-0.609328,0,-2.15358,-5.86714e+07
2,0,1.85,-0.609328,0,-2.15058,-6.07778e+07
2,0,1.85,-0.609328,0,-2.14757,-6.27747e+07
2,0,1.85,-0.609328,0,-2.14457,-5.95049e+07
2,0,1.85,-0.609328,0,-2.14157,-6.23888e+07
2,0,1.85,-0.609328,0,-2.13857,-5.84905e+07
2,0,1.85,-0.609328,0,-2.13557,-6.21258e+07
2,0,1.85,-0.609328,0,-2.13257,-6.16926e+07
2,0,1.85,-0.609328,0,-2.12956,-6.21817e+07
2,0,1.85,-0.609328,0,-2.12656,-6.11487e+07
2,0,1.85,-0.609328,0,-2.12356,-5.92486e+07
2,0,1.85,-0.609328,0,-2.12056,-5.94165e+07
2,0,1.85,-0.609328,0,-2.11756,-6.203e+07
2,0,1.85,-0.609328,0,-2.11456,-5.97516e+07
2,0,1.85,-0.609328,0,-2.11156,-5.99168e+07
2,0,1.85,-0.609328,0,-2.10855,-5.91011e+07
2,0,1.85,-0.609328,0,-2.10555,-6.34908e+07
2,0,1.85,-0.609328,0,-2.10255,-6.03378e+07
2,0,1.85,-0.609328,0,-2.09955,-6.12444e+07
2,0,1.85,-0.609328,0,-2.09655,-6.81785e+07
2,0,1.85,-0.609328,0,-2.09355,-6.00546e+07
2,0,1.85,-0.609328,0,-2.09055,-6.12393e+07
2,0,1.85,-0.609328,0,-2.08754,-5.88215e+07
2,0,1.85,-0.609328,0,-2.08454,-6.13953e+07
2,0,1.85,-0.609328,0,-2.08154,-6.42972e+07
2,0,1.85,-0.609328,0,-2.07854,-5.94929e+07
2,0,1.85,-0.609328,0,-2.07554,-6.52229e+07
2,0,1.85,-0.609328,0,-2.07254,-6.15919e+07
2,0,1.85,-0.609328,0,-2.06953,-6.11932e+07
2,0,1.85,-0.609328,0,-2.06653,-5.98897e+07
2,0,1.85,-0.609328,0,-2.06353,-6.24686e+07
2,0,1.85,-0.609328,0,-2.06053,-6.15635e+07
2,0,1.85,-0.609328,0,-2.05753,-6.66549e+07
2,0,1.85,-0.609328,0,-2.05453,-5.84449e+07
2,0,1.85,-0.609328,0,-2.05153,-5.86797e+07
2,0,1.85,-0.609328,0,-2.04852,-6.31774e+07
2,0,1.85,-0.609328,0,-2.04552,-6.26872e+07
2,0,1.85,-0.609328,0,-2.04252,-6.19812e+07
2,0,1.85,-0.609328,0,-2.03952,-5.91002e+07
2,0,1.85,-0.609328,0,-2.03652,-6.31095e+07
2,0,1.85,-0.609328,0,-2.03352,-6.37424e+07
2,0,1.85,-0.609328,0,-2.03052,-6.35275e+07
2,0,1.85,-0.609328,0,-2.02751,-5.90252e+07
2,0,1.85,-0.609328,0,-2.02451,-5.94751e+07
2,0,1.85,-0.609328,0,-2.02151,-6.16565e+07
2,0,1.85,-0.609328,0,-2.01851,-6.3655e+07
2,0,1.85,-0.609328,0,-2.01551,-6.27333e+07
2,0,1.85,-0.609328,0,-2.01251,-6.40061e+07
2,0,1.85,-0.609328,0,-2.0095,-6.8529e+07
2,0,1.85,-0.609328,0,-2.0065,-5.94082e+07
2,0,1.85,-0.609328,0,-2.0035,-6.0413e+07
2,0,1.85,-0.609328,0,-2.0005,-6.38935e+07
2,0,1.85,-0.609328,0,-1.9975,-6.15973e+07
2,0,1.85,-0.609328,0,-1.9945,-6.57556e+07
2,0,1.85,-0.609328,0,-1.9915,-6.46839e+07
2,0,1.85,-0.609328,0,-1.98849,-6.47651e+07
2,0,1.85,-0.609328,0,-1.98549,-7.45186e+07
2,0,1.85,-0.609328,0,-1.98249,-6.62838e+07
2,0,1.85,-0.609328,0,-1.97949,-6.63254e+07
2,0,1.85,-0.609328,0,-1.97649,-6.16901e+07
2,0,1.85,-0.609328,0,-1.97349,-6.22276e+07
2,0,1.85,-0.609328,0,-1.97049,-6.19808e+07
2,0,1.85,-0.609328,0,-1.96748,-6.27137e+07
2,0,1.85,-0.609328,0,-1.96448,-7.26049e+07
2,0,1.85,-0.609328,0,-1.96148,-6.2295e+07
2,0,1.85,-0.609328,0,-1.95848,-7.07182e+07
2,0,1.85,-0.609328,0,-1.95548,-6.24184e+07
2,0,1.85,-0.609328,0,-1.95248,-7.0949e+07
2,0,1.85,-0.609328,0,-1.94947,-6.27563e+07
2,0,1.85,-0.609328,0,-1.94647,-6.27574e+07
2,0,1.85,-0.609328,0,-1.94347,-7.42161e+07
2,0,1.85,-0.609328,0,-1.94047,-7.59109e+07
2,0,1.85,-0.609328,0,-1.93747,-6.27924e+07
2,0,1.85,-0.609328,0,-1.93447,-7.15284e+07
2,0,1.85,-0.609328,0,-1.93147,-6.53834e+07
2,0,1.85,-0.609328,0,-1.92846,-6.74576e+07
2,0,1.85,-0.609328,0,-1.92546,-6.77193e+07
2,0,1.85,-0.609328,0,-1.92246,-6.7165e+07
2,0,1.85,-0.609328,0,-1.91946,-6.38759e+07
2,0,1.85,-0.609328,0,-1.91646,-6.37369e+07
2,0,1.85,-0.609328,0,-1.91346,-6.74651e+07
2,0,1.85,-0.609328,0,-1.91046,-6.39908e+07
2,0,1.85,-0.609328,0,-1.90745,-6.374e+07
2,0,1.85,-0.609328,0,-1.90445,-7.36607e+07
2,0,1.85,-0.609328,0,-1.90145,-6.41508e+07
2,0,1.85,-0.609328,0,-1.89845,-7.01758e+07
2,0,1.85,-0.609328,0,-1.89545,-6.43602e+07
2,0,1.85,-0.609328,0,-1.89245,-6.93984e+07
2,0,1.85,-0.609328,0,-1.88944,-6.49488e+07
2,0,1.85,-0.609328,0,-1.88644,-6.47348e+07
2,0,1.85,-0.609328,0,-1.88344,-6.48583e+07
2,0,1.85,-0.609328,0,-1.88044,-6.54423e+07
2,0,1.85,-0.609328,0,-1.87744,-6.49999e+07
2,0,1.85,-0.609328,0,-1.87444,-6.55088e+07
2,0,1.85,-0.609328,0,-1.87144,-6.48388e+07
2,0,1.85,-0.609328,0,-1.86843,-6.55589e+07
2,0,1.85,-0.609328,0,-1.86543,-6.95774e+07
2,0,1.85,-0.609328,0,-1.86243,-6.54838e+07
2,0,1.85,-0.609328,0,-1.85943,-7.06807e+07
2,0,1.85,-0.609328,0,-1.85643,-7.3476e+07
2,0,1.85,-0.609328,0,-1.85343,-7.43056e+07
2,0,1.85,-0.609328,0,-1.85043,-6.57455e+07
2,0,1.85,-0.609328,0,-1.84742,-6.40579e+07
2,0,1.85,-0.609328,0,-1.84442,-6.54435e+07
2,0,1.85,-0.609328,0,-1.84142,-6.44386e+07
2,0,1.85,-0.609328,0,-1.83842,-6.55428e+07
2,0,1.85,-0.609328,0,-1.83542,-6.97364e+07
2,0,1.85,-0.609328,0,-1.83242,-6.97472e+07
2,0,1.85,-0.609328,0,-1.82941,-6.56761e+07
2,0,1.85,-0.609328,0,-1.82641,-6.78481e+07
2,0,1.85,-0.609328,0,-1.82341,-6.67538e+07
2,0,1.85,-0.609328,0,-1.82041,-6.62098e+07
2,0,1.85,-0.609328,0,-1.81741,-6.61574e+07
2,0,1.85,-0.609328,0,-1.81441,-6.64101e+07
2,0,1.85,-0.609328,0,-1.81141,-7.48824e+07
2,0,1.85,-0.609328,0,-1.8084,-6.65433e+07
2,0,1.85,-0.609328,0,-1.8054,-6.60702e+07
2,0,1.85,-0.609328,0,-1.8024,-7.48488e+07
2,0,1.85,-0.609328,0,-1.7994,-7.51544e+07
2,0,1.85,-0.609328,0,-1.7964,-7.01142e+07
2,0,1.85,-0.609328,0,-1.7934,-6.47763e+07
2,0,1.85,-0.609328,0,-1.7904,-6.52224e+07
2,0,1.85,-0.609328,0,-1.78739,-7.04079e+07
2,0,1.85,-0.609328,0,-1.78439,-6.56068e+07
2,0,1.85,-0.609328,0,-1.78139,-7.55661e+07
2,0,1.85,-0.609328,0,-1.77839,-6.72347e+07
2,0,1.85,-0.609328,0,-1.77539,-6.6443e+07
2,0,1.85,-0.609328,0,-1.77239,-6.72598e+07
2,0,1.85,-0.609328,0,-1.76938,-6.62455e+07
2,0,1.85,-0.609328,0,-1.76638,-6.49965e+07
2,0,1.85,-0.609328,0,-1.76338,-6.63848e+07
2,0,1.85,-0.609328,0,-1.76038,-7.50215e+07
2,0,1.85,-0.609328,0,-1.75738,-6.57649e+07
2,0,1.85,-0.609328,0,-1.75438,-6.6148e+07
2,0,1.85,-0.609328,0,-1.75138,-6.55348e+07
2,0,1.85,-0.609328,0,-1.74837,-6.53622e+07
2,0,1.85,-0.609328,0,-1.74537,-6.56922e+07
2,0,1.85,-0.609328,0,-1.74237,-7.58319e+07
2,0,1.85,-0.609328,0,-1.73937,-7.24283e+07
2,0,1.85,-0.609328,0,-1.73637,-6.54715e+07
2,0,1.85,-0.609328,0,-1.73337,-6.5879e+07
2,0,1.85,-0.609328,0,-1.73037,-7.03889e+07
2,0,1.85,-0.609328,0,-1.72736,-7.55856e+07
2,0,1.85,-0.609328,0,-1.72436,-6.54765e+07
2,0,1.85,-0.609328,0,-1.72136,-6.71434e+07
2,0,1.85,-0.609328,0,-1.71836,-6.68814e+07
2,0,1.85,-0.609328,0,-1.71536,-6.50628e+07
2,0,1.85,-0.609328,0,-1.71236,-6.80496e+07
2,0,1.85,-0.609328,0,-1.70935,-6.6723e+07
2,0,1.85,-0.609328,0,-1.70635,-6.65804e+07
2,0,1.85,-0.609328,0,-1.70335,-6.64004e+07
2,0,1.85,-0.609328,0,-1.70035,-7.00185e+07
2,0,1.85,-0.609328,0,-1.69735,-6.67212e+07
2,0,1.85,-0.609328,0,-1.69435,-6.61619e+07
2,0,1.85,-0.609328,0,-1.69135,-6.49764e+07
2,0,1.85,-0.609328,0,-1.68834,-6.53354e+07
2,0,1.85,-0.609328,0,-1.68534,-6.63151e+07
2,0,1.85,-0.609328,0,-1.68234,-6.60931e+07
2,0,1.85,-0.609328,0,-1.67934,-6.52549e+07
2,0,1.85,-0.609328,0,-1.67634,-6.62163e+07
2,0,1.85,-0.609328,0,-1.67334,-6.7076e+07
2,0,1.85,-0.609328,0,-1.67034,-6.69978e+07
2,0,1.85,-0.609328,0,-1.66733,-7.42114e+07
2,0,1.85,-0.609328,0,-1.66433,-6.60401e+07
2,0,1.85,-0.609328,0,-1.66133,-6.64962e+07
2,0,1.85,-0.609328,0,-1.65833,-6.47556e+07
2,0,1.85,-0.609328,0,-1.65533,-7.14161e+07
2,0,1.85,-0.609328,0,-1.65233,-6.82265e+07
2,0,1.85,-0.609328,0,-1.64932,-6.43817e+07
2,0,1.85,-0.609328,0,-1.64632,-6.75415e+07
2,0,1.85,-0.609328,0,-1.64332,-6.5692e+07
2,0,1.85,-0.609328,0,-1.64032,-6.58324e+07
2,0,1.85,-0.609328,0,-1.63732,-7.45992e+07
2,0,1.85,-0.609328,0,-1.63432,-7.3974e+07
2,0,1.85,-0.609328,0,-1.63132,-6.4175e+07
2,0,1.85,-0.609328,0,-1.62831,-6.5767e+07
2,0,1.85,-0.609328,0,-1.62531,-6.39252e+07
2,0,1.85,-0.609328,0,-1.62231,-6.62024e+07
2,0,1.85,-0.609328,0,-1.61931,-6.5258e+07
2,0,1.85,-0.609328,0,-1.61631,-6.76852e+07
2,0,1.85,-0.609328,0,-1.61331,-6.88484e+07
2,0,1.85,-0.609328,0,-1.61031,-6.61515e+07
2,0,1.85,-0.609328,0,-1.6073,-7.40067e+07
2,0,1.85,-0.609328,0,-1.6043,-6.53762e+07
2,0,1.85,-0.609328,0,-1.6013,-7.30995e+07
2,0,1.85,-0.609328,0,-1.5983,-6.6888e+07
2,0,1.85,-0.609328,0,-1.5953,-6.51678e+07
2,0,1.85,-0.609328,0,-1.5923,-6.81733e+07
2,0,1.85,-0.609328,0,-1.58929,-6.70511e+07
2,0,1.85,-0.609328,0,-1.58629,-6.46261e+07
2,0,1.85,-0.609328,0,-1.58329,-7.02242e+07
2,0,1.85,-0.609328,0,-1.58029,-6.93453e+07
2,0,1.85,-0.609328,0,-1.57729,-6.47545e+07
2,0,1.85,-0.609328,0,-1.57429,-6.47214e+07
2,0,1.85,-0.609328,0,-1.57129,-6.43401e+07
2,0,1.85,-0.609328,0,-1.56828,-6.28179e+07
2,0,1.85,-0.609328,0,-1.56528,-6.56577e+07
2,0,1.85,-0.609328,0,-1.56228,-6.59601e+07
2,0,1.85,-0.609328,0,-1.55928,-6.46653e+07
2,0,1.85,-0.609328,0,-1.55628,-6.37336e+07
2,0,1.85,-0.609328,0,-1.55328,-6.37821e+07
2,0,1.85,-0.609328,0,-1.55028,-6.30703e+07
2,0,1.85,-0.609328,0,-1.54727,-6.32635e+07
2,0,1.85,-0.609328,0,-1.54427,-6.27811e+07
2,0,1.85,-0.609328,0,-1.54127,-6.15467e+07
2,0,1.85,-0.609328,0,-1.53827,-7.08499e+07
2,0,1.85,-0.609328,0,-1.53527,-6.11149e+07
2,0,1.85,-0.609328,0,-1.53227,-6.32439e+07
2,0,1.85,-0.609328,0,-1.52926,-6.91668e+07
2,0,1.85,-0.609328,0,-1.52626,-6.23096e+07
2,0,1.85,-0.609328,0,-1.52326,-6.19288e+07
2,0,1.85,-0.609328,0,-1.52026,-6.6956e+07
2,0,1.85,-0.609328,0,-1.51726,-6.16023e+07
2,0,1.85,-0.609328,0,-1.51426,-6.3955e+07
2,0,1.85,-0.609328,0,-1.51126,-6.93837e+07
2,0,1.85,-0.609328,0,-1.50825,-6.90171e+07
2,0,1.85,-0.609328,0,-1.50525,-6.72276e+07
2,0,1.85,-0.609328,0,-1.50225,-6.23055e+07
2,0,1.85,-0.609328,0,-1.49925,-6.07033e+07
2,0,1.85,-0.609328,0,-1.49625,-6.82758e+07
2,0,1.85,-0.609328,0,-1.49325,-6.06673e+07
2,0,1.85,-0.609328,0,-1.49025,-5.98543e+07
2,0,1.85,-0.609328,0,-1.48724,-5.90093e+07
2,0,1.85,-0.609328,0,-1.48424,-5.99162e+07
2,0,1.85,-0.609328,0,-1.48124,-5.98264e+07
2,0,1.85,-0.609328,0,-1.47824,-6.60182e+07
2,0,1.85,-0.609328,0,-1.47524,-5.83209e+07
2,0,1.85,-0.609328,0,-1.47224,-5.91537e+07
2,0,1.85,-0.609328,0,-1.46923,-5.94439e+07
2,0,1.85,-0.609328,0,-1.46623,-6.2672e+07
2,0,1.85,-0.609328,0,-1.46323,-5.91395e+07
2,0,1.85,-0.609328,0,-1.46023,-6.56536e+07
2,0,1.85,-0.609328,0,-1.45723,-5.83342e+07
2,0,1.85,-0.609328,0,-1.45423,-6.18849e+07
2,0,1.85,-0.609328,0,-1.45123,-5.9458e+07
2,0,1.85,-0.609328,0,-1.44822,-6.166e+07
2,0,1.85,-0.609328,0,-1.44522,-6.18154e+07
2,0,1.85,-0.609328,0,-1.44222,-6.15087e+07
2,0,1.85,-0.609328,0,-1.43922,-6.32792e+07
2,0,1.85,-0.609328,0,-1.43622,-6.10043e+07
2,0,1.85,-0.609328,0,-1.43322,-6.34244e+07
2,0,1.85,-0.609328,0,-1.43022,-6.33751e+07
2,0,1.85,-0.609328,0,-1.42721,-6.00206e+07
2,0,1.85,-0.609328,0,-1.42421,-7.3051e+07
2,0,1.85,-0.609328,0,-1.42121,-5.79024e+07
2,0,1.85,-0.609328,0,-1.41821,-5.802e+07
2,0,1.85,-0.609328,0,-1.41521,-7.21947e+07
2,0,1.85,-0.609328,0,-1.41221,-5.89189e+07
2,0,1.85,-0.609328,0,-1.4092,-6.19979e+07
2,0,1.85,-0.609328,0,-1.4062,-5.91481e+07
2,0,1.85,-0.609328,0,-1.4032,-6.11886e+07
2,0,1.85,-0.609328,0,-1.4002,-5.83551e+07
2,0,1.85,-0.609328,0,-1.3972,-6.0827e+07
2,0,1.85,-0.609328,0,-1.3942,-5.88299e+07
2,0,1.85,-0.609328,0,-1.3912,-5.98484e+07
2,0,1.85,-0.609328,0,-1.38819,-5.89302e+07
2,0,1.85,-0.609328,0,-1.38519,-6.16459e+07
2,0,1.85,-0.609328,0,-1.38219,-5.93607e+07
2,0,1.85,-0.609328,0,-1.37919,-6.07966e+07
2,0,1.85,-0.609328,0,-1.37619,-6.04248e+07
2,0,1.85,-0.609328,0,-1.37319,-6.21493e+07
2,0,1.85,-0.609328,0,-1.37019,-5.98486e+07
2,0,1.85,-0.609328,0,-1.36718,-6.25386e+07
2,0,1.85,-0.609328,0,-1.36418,-5.92218e+07
2,0,1.85,-0.609328,0,-1.36118,-6.06906e+07
2,0,1.85,-0.609328,0,-1.35818,-6.22968e+07
2,0,1.85,-0.609328,0,-1.35518,-6.01134e+07
2,0,1.85,-0.609328,0,-1.35218,-6.15819e+07
2,0,1.85,-0.609328,0,-1.34917,-5.78971e+07
2,0,1.85,-0.609328,0,-1.34617,-5.83525e+07
2,0,1.85,-0.609328,0,-1.34317,-6.20963e+07
2,0,1.85,-0.609328,0,-1.34017,-5.9303e+07
2,0,1.85,-0.609328,0,-1.33717,-5.99269e+07
2,0,1.85,-0.609328,0,-1.33417,-6.08532e+07
2,0,1.85,-0.609328,0,-1.33117,-5.92819e+07
2,0,1.85,-0.609328,0,-1.32816,-6.0395e+07
2,0,1.85,-0.609328,0,-1.32516,-6.22274e+07
2,0,1.85,-0.609328,0,-1.32216,-5.84638e+07
2,0,1.85,-0.609328,0,-1.31916,-6.18166e+07
2,0,1.85,-0.609328,0,-1.31616,-5.9048e+07
2,0,1.85,-0.609328,0,-1.31316,-6.47739e+07
2,0,1.85,-0.609328,0,-1.31016,-6.0457e+07
2,0,1.85,-0.609328,0,-1.30715,-7.07164e+07
2,0,1.85,-0.609328,0,-1.30415,-5.93914e+07
2,0,1.85,-0.609328,0,-1.30115,-6.24518e+07
2,0,1.85,-0.609328,0,-1.29815,-6.91974e+07
2,0,1.85,-0.609328,0,-1.29515,-6.87076e+07
2,0,1.85,-0.609328,0,-1.29215,-6.13469e+07
2,0,1.85,-0.609328,0,-1.28914,-5.73035e+07
2,0,1.85,-0.609328,0,-1.28614,-5.84781e+07
2,0,1.85,-0.609328,0,-1.28314,-6.31174e+07
2,0,1.85,-0.609328,0,-1.28014,-6.12891e+07
2,0,1.85,-0.609328,0,-1.27714,-5.79739e+07
2,0,1.85,-0.609328,0,-1.27414,-6.16286e+07
2,0,1.85,-0.609328,0,-1.27114,-5.82198e+07
2,0,1.85,-0.609328,0,-1.26813,-5.71508e+07
2,0,1.85,-0.609328,0,-1.26513,-5.7373e+07
2,0,1.85,-0.609328,0,-1.26213,-5.82021e+07
2,0,1.85,-0.609328,0,-1.25913,-5.92608e+07
2,0,1.85,-0.609328,0,-1.25613,-7.09334e+07
2,0,1.85,-0.609328,0,-1.25313,-6.09564e+07
2,0,1.85,-0.609328,0,-1.25013,-6.04716e+07
2,0,1.85,-0.609328,0,-1.24712,-5.92706e+07
2,0,1.85,-0.609328,0,-1.24412,-7.19225e+07
2,0,1.85,-0.609328,0,-1.24112,-6.53017e+07
2,0,1.85,-0.609328,0,-1.23812,-5.69193e+07
2,0,1.85,-0.609328,0,-1.23512,-7.04829e+07
2,0,1.85,-0.609328,0,-1.23212,-6.62719e+07
2,0,1.85,-0.609328,0,-1.22911,-6.55165e+07
2,0,1.85,-0.609328,0,-1.22611,-7.00474e+07
2,0,1.85,-0.609328,0,-1.22311,-6.43745e+07
2,0,1.85,-0.609328,0,-1.22011,-6.33604e+07
2,0,1.85,-0.609328,0,-1.21711,-7.09477e+07
2,0,1.85,-0.609328,0,-1.21411,-6.26556e+07
2,0,1.85,-0.609328,0,-1.21111,-6.87521e+07
2,0,1.85,-0.609328,0,-1.2081,-6.41792e+07
2,0,1.85,-0.609328,0,-1.2051,-6.06882e+07
2,0,1.85,-0.609328,0,-1.2021,-6.46144e+07
2,0,1.85,-0.609328,0,-1.1991,-5.85506e+07
2,0,1.85,-0.609328,0,-1.1961,-6.12491e+07
2,0,1.85,-0.609328,0,-1.1931,-5.87863e+07
2,0,1.85,-0.609328,0,-1.1901,-5.65294e+07
2,0,1.85,-0.609328,0,-1.18709,-5.72324e+07
2,0,1.85,-0.609328,0,-1.18409,-6.99418e+07
2,0,1.85,-0.609328,0,-1.18109,-7.0051e+07
2,0,1.85,-0.609328,0,-1.17809,-5.9945e+07
2,0,1.85,-0.609328,0,-1.17509,-6.80251e+07
2,0,1.85,-0.609328,0,-1.17209,-6.73606e+07
2,0,1.85,-0.609328,0,-1.16908,-5.6774e+07
2,0,1.85,-0.609328,0,-1.16608,-6.6714e+07
2,0,1.85,-0.609328,0,-1.16308,-6.28547e+07
2,0,1.85,-0.609328,0,-1.16008,-7.10985e+07
2,0,1.85,-0.609328,0,-1.15708,-6.25148e+07
2,0,1.85,-0.609328,0,-1.15408,-6.22012e+07
2,0,1.85,-0.609328,0,-1.15108,-6.11912e+07
2,0,1.85,-0.609328,0,-1.14807,-6.64341e+07
2,0,1.85,-0.609328,0,-1.14507,-5.94409e+07
2,0,1.85,-0.609328,0,-1.14207,-5.81648e+07
2,0,1.85,-0.609328,0,-1.13907,-6.25416e+07
2,0,1.85,-0.609328,0,-1.13607,-6.15263e+07
2,0,1.85,-0.609328,0,-1.13307,-7.07015e+07
2,0,1.85,-0.609328,0,-1.13007,-5.83148e+07
2,0,1.85,-0.609328,0,-1.12706,-6.75407e+07
2,0,1.85,-0.609328,0,-1.12406,-6.66436e+07
2,0,1.85,-0.609328,0,-1.12106,-6.45192e+07
2,0,1.85,-0.609328,0,-1.11806,-6.07234e+07
2,0,1.85,-0.609328,0,-1.11506,-6.05829e+07
2,0,1.85,-0.609328,0,-1.11206,-6.09433e+07
2,0,1.85,-0.609328,0,-1.10905,-6.53101e+07
2,0,1.85,-0.609328,0,-1.10605,-5.68234e+07
2,0,1.85,-0.609328,0,-1.10305,-5.55998e+07
2,0,1.85,-0.609328,0,-1.10005,-6.9566e+07
2,0,1.85,-0.609328,0,-1.09705,-6.94481e+07
2,0,1.85,-0.609328,0,-1.09405,-5.50749e+07
2,0,1.85,-0.609328,0,-1.09105,-5.49315e+07
2,0,1.85,-0.609328,0,-1.08804,-6.21372e+07
2,0,1.85,-0.609328,0,-1.08504,-5.98812e+07
2,0,1.85,-0.609328,0,-1.08204,-6.49746e+07
2,0,1.85,-0.609328,0,-1.07904,-5.57752e+07
2,0,1.85,-0.609328,0,-1.07604,-6.01777e+07
2,0,1.85,-0.609328,0,-1.07304,-5.63195e+07
2,0,1.85,-0.609328,0,-1.07004,-7.04759e+07
2,0,1.85,-0.609328,0,-1.06703,-6.26667e+07
2,0,1.85,-0.609328,0,-1.06403,-6.61164e+07
2,0,1.85,-0.609328,0,-1.06103,-5.96382e+07
2,0,1.85,-0.609328,0,-1.05803,-5.97715e+07
2,0,1.85,-0.609328,0,-1.05503,-5.4759e+07
2,0,1.85,-0.609328,0,-1.05203,-6.35062e+07
2,0,1.85,-0.609328,0,-1.04902,-6.45797e+07
2,0,1.85,-0.609328,0,-1.04602,-5.58702e+07
2,0,1.85,-0.609328,0,-1.04302,-6.60908e+07
2,0,1.85,-0.609328,0,-1.04002,-6.32158e+07
2,0,1.85,-0.609328,0,-1.03702,-6.11877e+07
2,0,1.85,-0.609328,0,-1.03402,-6.74416e+07
2,0,1.85,-0.609328,0,-1.03102,-6.00847e+07
2,0,1.85,-0.609328,0,-1.02801,-5.56997e+07
2,0,1.85,-0.609328,0,-1.02501,-6.11785e+07
2,0,1.85,-0.609328,0,-1.02201,-5.70255e+07
2,0,1.85,-0.609328,0,-1.01901,-5.53988e+07
2,0,1.85,-0.609328,0,-1.01601,-6.49227e+07
2,0,1.85,-0.609328,0,-1.01301,-5.32427e+07
2,0,1.85,-0.609328,0,-1.01001,-5.35552e+07
2,0,1.85,-0.609328,0,-1.007,-4.81276e+07
2,0,1.85,-0.609328,0,-1.004,5.12437e+07
2,0,1.85,-0.609328,0,-1.001,5.39211e+07
2,0,1.85,-0.609328,0,-0.997999,6.13139e+07
2,0,1.85,-0.609328,0,-0.994997,5.25839e+07
2,0,1.85,-0.609328,0,-0.991996,5.36592e+07
2,0,1.85,-0.609328,0,-0.988994,5.50152e+07
2,0,1.85,-0.609328,0,-0.985993,5.58781e+07
2,0,1.85,-0.609328,0,-0.982991,6.50023e+07
2,0,1.85,-0.609328,0,-0.97999,6.22143e+07
2,0,1.85,-0.609328,0,-0.976988,6.45882e+07
2,0,1.85,-0.609328,0,-0.973987,5.33528e+07
2,0,1.85,-0.609328,0,-0.970985,6.16055e+07
2,0,1.85,-0.609328,0,-0.967984,6.44196e+07
2,0,1.85,-0.609328,0,-0.964982,5.48205e+07
2,0,1.85,-0.609328,0,-0.961981,5.41043e+07
2,0,1.85,-0.609328,0,-0.958979,6.45468e+07
2,0,1.85,-0.609328,0,-0.955978,5.44425e+07
2,0,1.85,-0.609328,0,-0.952976,5.54283e+07
2,0,1.85,-0.609328,0,-0.949975,5.91803e+07
2,0,1.85,-0.609328,0,-0.946973,6.21093e+07
2,0,1.85,-0.609328,0,-0.943972,6.69172e+07
2,0,1.85,-0.609328,0,-0.94097,6.83499e+07
2,0,1.85,-0.609328,0,-0.937969,5.52919e+07
2,0,1.85,-0.609328,0,-0.934967,5.62413e+07
2,0,1.85,-0.609328,0,-0.931966,6.05744e+07
2,0,1.85,-0.609328,0,-0.928964,7.01833e+07
2,0,1.85,-0.609328,0,-0.925963,6.6996e+07
2,0,1.85,-0.609328,0,-0.922961,6.85367e+07
2,0,1.85,-0.609328,0,-0.91996,5.57486e+07
2,0,1.85,-0.609328,0,-0.916958,6.33352e+07
2,0,1.85,-0.609328,0,-0.913957,5.88093e+07
2,0,1.85,-0.609328,0,-0.910955,6.09625e+07
2,0,1.85,-0.609328,0,-0.907954,6.29292e+07
2,0,1.85,-0.609328,0,-0.904952,6.50147e+07
2,0,1.85,-0.609328,0,-0.901951,6.9579e+07
2,0,1.85,-0.609328,0,-0.898949,5.82923e+07
2,0,1.85,-0.609328,0,-0.895948,5.65566e+07
2,0,1.85,-0.609328,0,-0.892946,5.63437e+07
2,0,1.85,-0.609328,0,-0.889945,5.79709e+07
2,0,1.85,-0.609328,0,-0.886943,5.96101e+07
2,0,1.85,-0.609328,0,-0.883942,6.1209e+07
2,0,1.85,-0.609328,0,-0.88094,6.91473e+07
2,0,1.85,-0.609328,0,-0.877939,6.50683e+07
2,0,1.85,-0.609328,0,-0.874937,7.21514e+07
2,0,1.85,-0.609328,0,-0.871936,6.79492e+07
2,0,1.85,-0.609328,0,-0.868934,7.21503e+07
2,0,1.85,-0.609328,0,-0.865933,6.94556e+07
2,0,1.85,-0.609328,0,-0.862931,7.25744e+07
2,0,1.85,-0.609328,0,-0.85993,5.72761e+07
2,0,1.85,-0.609328,0,-0.856928,6.01611e+07
2,0,1.85,-0.609328,0,-0.853927,5.98938e+07
2,0,1.85,-0.609328,0,-0.850925,6.70109e+07
2,0,1.85,-0.609328,0,-0.847924,6.25667e+07
2,0,1.85,-0.609328,0,-0.844922,6.38678e+07
2,0,1.85,-0.609328,0,-0.841921,6.59333e+07
2,0,1.85,-0.609328,0,-0.838919,6.66806e+07
2,0,1.85,-0.609328,0,-0.835918,6.96243e+07
2,0,1.85,-0.609328,0,-0.832916,6.8821e+07
2,0,1.85,-0.609328,0,-0.829915,6.05508e+07
2,0,1.85,-0.609328,0,-0.826913,7.28415e+07
2,0,1.85,-0.609328,0,-0.823912,7.1723e+07
2,0,1.85,-0.609328,0,-0.82091,5.92952e+07
2,0,1.85,-0.609328,0,-0.817909,5.90081e+07
2,0,1.85,-0.609328,0,-0.814907,6.11226e+07
2,0,1.85,-0.609328,0,-0.811906,5.92487e+07
2,0,1.85,-0.609328,0,-0.808904,6.18519e+07
2,0,1.85,-0.609328,0,-0.805903,5.78875e+07
2,0,1.85,-0.609328,0,-0.802901,5.80639e+07
2,0,1.85,-0.609328,0,-0.7999,5.90366e+07
2,0,1.85,-0.609328,0,-0.796898,6.04507e+07
2,0,1.85,-0.609328,0,-0.793897,6.11548e+07
2,0,1.85,-0.609328,0,-0.790895,6.21859e+07
2,0,1.85,-0.609328,0,-0.787894,5.89501e+07
2,0,1.85,-0.609328,0,-0.784892,5.90217e+07
2,0,1.85,-0.609328,0,-0.781891,6.12872e+07
2,0,1.85,-0.609328,0,-0.778889,6.09593e+07
2,0,1.85,-0.609328,0,-0.775888,6.02283e+07
2,0,1.85,-0.609328,0,-0.772886,5.94443e+07
2,0,1.85,-0.609328,0,-0.769885,5.74952e+07
2,0,1.85,-0.609328,0,-0.766883,6.09598e+07
2,0,1.85,-0.609328,0,-0.763882,6.00518e+07
2,0,1.85,-0.609328,0,-0.76088,6.14506e+07
2,0,1.85,-0.609328,0,-0.757879,6.07947e+07
2,0,1.85,-0.609328,0,-0.754877,5.96809e+07
2,0,1.85,-0.609328,0,-0.751876,6.20743e+07
2,0,1.85,-0.609328,0,-0.748874,6.60511e+07
2,0,1.85,-0.609328,0,-0.745873,6.76265e+07
2,0,1.85,-0.609328,0,-0.742871,6.848e+07
2,0,1.85,-0.609328,0,-0.73987,6.03285e+07
2,0,1.85,-0.609328,0,-0.736868,7.05161e+07
2,0,1.85,-0.609328,0,-0.733867,7.10286e+07
2,0,1.85,-0.609328,0,-0.730865,6.77475e+07
2,0,1.85,-0.609328,0,-0.727864,6.49131e+07
2,0,1.85,-0.609328,0,-0.724862,6.48652e+07
2,0,1.85,-0.609328,0,-0.721861,7.14137e+07
2,0,1.85,-0.609328,0,-0.718859,7.45614e+07
2,0,1.85,-0.609328,0,-0.715858,6.68247e+07
2,0,1.85,-0.609328,0,-0.712856,5.97272e+07
2,0,1.85,-0.609328,0,-0.709855,6.8587e+07
2,0,1.85,-0.609328,0,-0.706853,6.01926e+07
2,0,1.85,-0.609328,0,-0.703852,7.00215e+07
2,0,1.85,-0.609328,0,-0.70085,7.0538e+07
2,0,1.85,-0.609328,0,-0.697849,6.08238e+07
2,0,1.85,-0.609328,0,-0.694847,6.23982e+07
2,0,1.85,-0.609328,0,-0.691846,6.15398e+07
2,0,1.85,-0.609328,0,-0.688844,6.23295e+07
2,0,1.85,-0.609328,0,-0.685843,5.87916e+07
2,0,1.85,-0.609328,0,-0.682841,5.92897e+07
2,0,1.85,-0.609328,0,-0.67984,6.75653e+07
2,0,1.85,-0.609328,0,-0.676838,6.78555e+07
2,0,1.85,-0.609328,0,-0.673837,6.89015e+07
2,0,1.85,-0.609328,0,-0.670835,6.25831e+07
2,0,1.85,-0.609328,0,-0.667834,6.24332e+07
2,0,1.85,-0.609328,0,-0.664832,6.34806e+07
2,0,1.85,-0.609328,0,-0.661831,6.24842e+07
2,0,1.85,-0.609328,0,-0.658829,6.32001e+07
2,0,1.85,-0.609328,0,-0.655828,6.39557e+07
2,0,1.85,-0.609328,0,-0.652826,6.46804e+07
2,0,1.85,-0.609328,0,-0.649825,7.43869e+07
2,0,1.85,-0.609328,0,-0.646823,7.20889e+07
2,0,1.85,-0.609328,0,-0.643822,6.79982e+07
2,0,1.85,-0.609328,0,-0.64082,6.69206e+07
2,0,1.85,-0.609328,0,-0.637819,7.48025e+07
2,0,1.85,-0.609328,0,-0.634817,7.26043e+07
2,0,1.85,-0.609328,0,-0.631816,7.2664e+07
2,0,1.85,-0.609328,0,-0.628814,6.97735e+07
2,0,1.85,-0.609328,0,-0.625813,7.57586e+07
2,0,1.85,-0.609328,0,-0.622811,7.07635e+07
2,0,1.85,-0.609328,0,-0.61981,7.50194e+07
2,0,1.85,-0.609328,0,-0.616808,7.61403e+07
2,0,1.85,-0.609328,0,-0.613807,7.35751e+07
2,0,1.85,-0.609328,0,-0.610805,6.09903e+07
2,0,1.85,-0.609328,0,-0.607804,7.43561e+07
2,0,1.85,-0.609328,0,-0.604802,6.23225e+07
2,0,1.85,-0.609328,0,-0.601801,6.6803e+07
2,0,1.85,-0.609328,0,-0.598799,6.11724e+07
2,0,1.85,-0.609328,0,-0.595798,6.3534e+07
2,0,1.85,-0.609328,0,-0.592796,6.35883e+07
2,0,1.85,-0.609328,0,-0.589795,5.97375e+07
2,0,1.85,-0.609328,0,-0.586793,6.09706e+07
2,0,1.85,-0.609328,0,-0.583792,6.37524e+07
2,0,1.85,-0.609328,0,-0.58079,6.98211e+07
2,0,1.85,-0.609328,0,-0.577789,6.28102e+07
2,0,1.85,-0.609328,0,-0.574787,6.68207e+07
2,0,1.85,-0.609328,0,-0.571786,6.64806e+07
2,0,1.85,-0.609328,0,-0.568784,6.61721e+07
2,0,1.85,-0.609328,0,-0.565783,6.49363e+07
2,0,1.85,-0.609328,0,-0.562781,7.31534e+07
2,0,1.85,-0.609328,0,-0.55978,6.53496e+07
2,0,1.85,-0.609328,0,-0.556778,6.55419e+07
2,0,1.85,-0.609328,0,-0.553777,6.68797e+07
2,0,1.85,-0.609328,0,-0.550775,7.19576e+07
2,0,1.85,-0.609328,0,-0.547774,7.69585e+07
2,0,1.85,-0.609328,0,-0.544772,7.13337e+07
2,0,1.85,-0.609328,0,-0.541771,7.19356e+07
2,0,1.85,-0.609328,0,-0.538769,6.82177e+07
2,0,1.85,-0.609328,0,-0.535768,6.01951e+07
2,0,1.85,-0.609328,0,-0.532766,6.94094e+07
2,0,1.85,-0.609328,0,-0.529765,6.96689e+07
2,0,1.85,-0.609328,0,-0.526763,7.52326e+07
2,0,1.85,-0.609328,0,-0.523762,7.08605e+07
2,0,1.85,-0.609328,0,-0.52076,7.4675e+07
2,0,1.85,-0.609328,0,-0.517759,7.17161e+07
2,0,1.85,-0.609328,0,-0.514757,6.29761e+07
2,0,1.85,-0.609328,0,-0.511756,7.7193e+07
2,0,1.85,-0.609328,0,-0.508754,7.6097e+07
2,0,1.85,-0.609328,0,-0.505753,7.51992e+07
2,0,1.85,-0.609328,0,-0.502751,6.58344e+07
2,0,1.85,-0.609328,0,-0.49975,6.15431e+07
2,0,1.85,-0.609328,0,-0.496748,7.57452e+07
2,0,1.85,-0.609328,0,-0.493747,6.44804e+07
2,0,1.85,-0.609328,0,-0.490745,6.73225e+07
2,0,1.85,-0.609328,0,-0.487744,5.97085e+07
2,0,1.85,-0.609328,0,-0.484742,6.66908e+07
2,0,1.85,-0.609328,0,-0.481741,5.98365e+07
2,0,1.85,-0.609328,0,-0.478739,6.67743e+07
2,0,1.85,-0.609328,0,-0.475738,6.92159e+07
2,0,1.85,-0.609328,0,-0.472736,6.41032e+07
2,0,1.85,-0.609328,0,-0.469735,6.227e+07
2,0,1.85,-0.609328,0,-0.466733,6.165e+07
2,0,1.85,-0.609328,0,-0.463732,6.19978e+07
2,0,1.85,-0.609328,0,-0.46073,6.9204e+07
2,0,1.85,-0.609328,0,-0.457729,6.28873e+07
2,0,1.85,-0.609328,0,-0.454727,6.27517e+07
2,0,1.85,-0.609328,0,-0.451726,6.35274e+07
2,0,1.85,-0.609328,0,-0.448724,7.04545e+07
2,0,1.85,-0.609328,0,-0.445723,6.48727e+07
2,0,1.85,-0.609328,0,-0.442721,6.47072e+07
2,0,1.85,-0.609328,0,-0.43972,7.12816e+07
2,0,1.85,-0.609328,0,-0.436718,7.26784e+07
2,0,1.85,-0.609328,0,-0.433717,7.39918e+07
2,0,1.85,-0.609328,0,-0.430715,6.83212e+07
2,0,1.85,-0.609328,0,-0.427714,7.40605e+07
2,0,1.85,-0.609328,0,-0.424712,7.49533e+07
2,0,1.85,-0.609328,0,-0.421711,6.73808e+07
2,0,1.85,-0.609328,0,-0.418709,6.11963e+07
2,0,1.85,-0.609328,0,-0.415708,7.81219e+07
2,0,1.85,-0.609328,0,-0.412706,6.02226e+07
2,0,1.85,-0.609328,0,-0.409705,6.91018e+07
2,0,1.85,-0.609328,0,-0.406703,6.92309e+07
2,0,1.85,-0.609328,0,-0.403702,6.95094e+07
2,0,1.85,-0.609328,0,-0.4007,7.41498e+07
2,0,1.85,-0.609328,0,-0.397699,7.5574e+07
2,0,1.85,-0.609328,0,-0.394697,7.59691e+07
2,0,1.85,-0.609328,0,-0.391696,6.08179e+07
2,0,1.85,-0.609328,0,-0.388694,6.0049e+07
2,0,1.85,-0.609328,0,-0.385693,7.14913e+07
2,0,1.85,-0.609328,0,-0.382691,6.31581e+07
2,0,1.85,-0.609328,0,-0.37969,6.03303e+07
2,0,1.85,-0.609328,0,-0.376688,6.90192e+07
2,0,1.85,-0.609328,0,-0.373687,5.99253e+07
2,0,1.85,-0.609328,0,-0.370685,5.99382e+07
2,0,1.85,-0.609328,0,-0.367684,6.80203e+07
2,0,1.85,-0.609328,0,-0.364682,6.19414e+07
2,0,1.85,-0.609328,0,-0.361681,6.12091e+07
2,0,1.85,-0.609328,0,-0.358679,7.52515e+07
2,0,1.85,-0.609328,0,-0.355678,6.64781e+07
2,0,1.85,-0.609328,0,-0.352676,6.02874e+07
2,0,1.85,-0.609328,0,-0.349675,7.7695e+07
2,0,1.85,-0.609328,0,-0.346673,6.77625e+07
2,0,1.85,-0.609328,0,-0.343672,6.52774e+07
2,0,1.85,-0.609328,0,-0.34067,6.78203e+07
2,0,1.85,-0.609328,0,-0.337669,6.55121e+07
2,0,1.85,-0.609328,0,-0.334667,6.90526e+07
2,0,1.85,-0.609328,0,-0.331666,6.31994e+07
2,0,1.85,-0.609328,0,-0.328664,6.17495e+07
2,0,1.85,-0.609328,0,-0.325663,6.19189e+07
2,0,1.85,-0.609328,0,-0.322661,6.1943e+07
2,0,1.85,-0.609328,0,-0.31966,6.44156e+07
2,0,1.85,-0.609328,0,-0.316658,6.61235e+07
2,0,1.85,-0.609328,0,-0.313657,6.54788e+07
2,0,1.85,-0.609328,0,-0.310655,6.22243e+07
2,0,1.85,-0.609328,0,-0.307654,6.58043e+07
2,0,1.85,-0.609328,0,-0.304652,6.37178e+07
2,0,1.85,-0.609328,0,-0.301651,6.73226e+07
2,0,1.85,-0.609328,0,-0.298649,6.80972e+07
2,0,1.85,-0.609328,0,-0.295648,6.85856e+07
2,0,1.85,-0.609328,0,-0.292646,6.89719e+07
2,0,1.85,-0.609328,0,-0.289645,6.93754e+07
2,0,1.85,-0.609328,0,-0.286643,6.62532e+07
2,0,1.85,-0.609328,0,-0.283642,6.75524e+07
2,0,1.85,-0.609328,0,-0.28064,7.46559e+07
2,0,1.85,-0.609328,0,-0.277639,7.48579e+07
2,0,1.85,-0.609328,0,-0.274637,6.51161e+07
2,0,1.85,-0.609328,0,-0.271636,6.87043e+07
2,0,1.85,-0.609328,0,-0.268634,6.66927e+07
2,0,1.85,-0.609328,0,-0.265633,6.90707e+07
2,0,1.85,-0.609328,0,-0.262631,6.65913e+07
2,0,1.85,-0.609328,0,-0.25963,7.6315e+07
2,0,1.85,-0.609328,0,-0.256628,7.04981e+07
2,0,1.85,-0.609328,0,-0.253627,7.18733e+07
2,0,1.85,-0.609328,0,-0.250625,7.64753e+07
2,0,1.85,-0.609328,0,-0.247624,6.69811e+07
2,0,1.85,-0.609328,0,-0.244622,7.57887e+07
2,0,1.85,-0.609328,0,-0.241621,7.1326e+07
2,0,1.85,-0.609328,0,-0.238619,7.14635e+07
2,0,1.85,-0.609328,0,-0.235618,7.81994e+07
2,0,1.85,-0.609328,0,-0.232616,7.27416e+07
2,0,1.85,-0.609328,0,-0.229615,7.67502e+07
2,0,1.85,-0.609328,0,-0.226613,7.24359e+07
2,0,1.85,-0.609328,0,-0.223612,7.68196e+07
2,0,1.85,-0.609328,0,-0.22061,7.36534e+07
2,0,1.85,-0.609328,0,-0.217609,6.16785e+07
2,0,1.85,-0.609328,0,-0.214607,7.10582e+07
2,0,1.85,-0.609328,0,-0.211606,7.78871e+07
2,0,1.85,-0.609328,0,-0.208604,7.14649e+07
2,0,1.85,-0.609328,0,-0.205603,6.89336e+07
2,0,1.85,-0.609328,0,-0.202601,7.06495e+07
2,0,1.85,-0.609328,0,-0.1996,7.10909e+07
2,0,1.85,-0.609328,0,-0.196598,6.27498e+07
2,0,1.85,-0.609328,0,-0.193597,7.61202e+07
2,0,1.85,-0.609328,0,-0.190595,6.26543e+07
2,0,1.85,-0.609328,0,-0.187594,7.77337e+07
2,0,1.85,-0.609328,0,-0.184592,7.35531e+07
2,0,1.85,-0.609328,0,-0.181591,6.58406e+07
2,0,1.85,-0.609328,0,-0.178589,7.64154e+07
2,0,1.85,-0.609328,0,-0.175588,7.63822e+07
2,0,1.85,-0.609328,0,-0.172586,6.34277e+07
2,0,1.85,-0.609328,0,-0.169585,7.79127e+07
2,0,1.85,-0.609328,0,-0.166583,7.79812e+07
2,0,1.85,-0.609328,0,-0.163582,7.51948e+07
2,0,1.85,-0.609328,0,-0.16058,6.48119e+07
2,0,1.85,-0.609328,0,-0.157579,6.31289e+07
2,0,1.85,-0.609328,0,-0.154577,6.5439e+07
2,0,1.85,-0.609328,0,-0.151576,6.1922e+07
2,0,1.85,-0.609328,0,-0.148574,6.09106e+07
2,0,1.85,-0.609328,0,-0.145573,6.09885e+07
2,0,1.85,-0.609328,0,-0.142571,6.34766e+07
2,0,1.85,-0.609328,0,-0.13957,6.61713e+07
2,0,1.85,-0.609328,0,-0.136568,6.12376e+07
2,0,1.85,-0.609328,0,-0.133567,7.6759e+07
2,0,1.85,-0.609328,0,-0.130565,6.715e+07
2,0,1.85,-0.609328,0,-0.127564,6.36521e+07
2,0,1.85,-0.609328,0,-0.124562,6.37209e+07
2,0,1.85,-0.609328,0,-0.121561,6.14546e+07
2,0,1.85,-0.609328,0,-0.118559,7.3273e+07
2,0,1.85,-0.609328,0,-0.115558,6.17878e+07
2,0,1.85,-0.609328,0,-0.112556,6.38875e+07
2,0,1.85,-0.609328,0,-0.109555,6.12395e+07
2,0,1.85,-0.609328,0,-0.106553,7.71552e+07
2,0,1.85,-0.609328,0,-0.103552,6.15272e+07
2,0,1.85,-0.609328,0,-0.10055,6.2212e+07
2,0,1.85,-0.609328,0,-0.0975488,6.23862e+07
2,0,1.85,-0.609328,0,-0.0945473,6.25309e+07
2,0,1.85,-0.609328,0,-0.0915458,6.88257e+07
2,0,1.85,-0.609328,0,-0.0885443,7.18836e+07
2,0,1.85,-0.609328,0,-0.0855428,6.86075e+07
2,0,1.85,-0.609328,0,-0.0825413,6.89258e+07
2,0,1.85,-0.609328,0,-0.0795398,7.10832e+07
2,0,1.85,-0.609328,0,-0.0765383,6.34407e+07
2,0,1.85,-0.609328,0,-0.0735368,6.12323e+07
2,0,1.85,-0.609328,0,-0.0705353,6.34284e+07
2,0,1.85,-0.609328,0,-0.0675338,6.85806e+07
2,0,1.85,-0.609328,0,-0.0645323,6.26723e+07
2,0,1.85,-0.609328,0,-0.0615308,6.57337e+07
2,0,1.85,-0.609328,0,-0.0585293,6.74054e+07
2,0,1.85,-0.609328,0,-0.0555278,6.48799e+07
2,0,1.85,-0.609328,0,-0.0525263,7.23658e+07
2,0,1.85,-0.609328,0,-0.0495248,6.54752e+07
2,0,1.85,-0.609328,0,-0.0465233,6.23324e+07
2,0,1.85,-0.609328,0,-0.0435218,6.45215e+07
2,0,1.85,-0.609328,0,-0.0405203,6.44764e+07
2,0,1.85,-0.609328,0,-0.0375188,6.31867e+07
2,0,1.85,-0.609328,0,-0.0345173,7.32862e+07
2,0,1.85,-0.609328,0,-0.0315158,6.18835e+07
2,0,1.85,-0.609328,0,-0.0285143,6.78233e+07
2,0,1.85,-0.609328,0,-0.0255128,6.38626e+07
2,0,1.85,-0.609328,0,-0.0225113,6.26658e+07
2,0,1.85,-0.609328,0,-0.0195098,7.17428e+07
2,0,1.85,-0.609328,0,-0.0165083,6.38002e+07
2,0,1.85,-0.609328,0,-0.0135068,6.3454e+07
2,0,1.85,-0.609328,0,-0.0105053,6.35593e+07
2,0,1.85,-0.609328,0,-0.00750375,6.30122e+07
2,0,1.85,-0.609328,0,-0.00450225,7.14672e+07
2,0,1.85,-0.609328,0,-0.00150075,6.76062e+07
2,0,1.85,-0.609328,0,0.00150075,6.37263e+07
2,0,1.85,-0.609328,0,0.00450225,6.55733e+07
2,0,1.85,-0.609328,0,0.00750375,6.83311e+07
2,0,1.85,-0.609328,0,0.0105053,6.62389e+07
2,0,1.85,-0.609328,0,0.0135068,7.03584e+07
2,0,1.85,-0.609328,0,0.0165083,6.42616e+07
2,0,1.85,-0.609328,0,0.0195098,7.40367e+07
2,0,1.85,-0.609328,0,0.0225113,6.40874e+07
2,0,1.85,-0.609328,0,0.0255128,7.46798e+07
2,0,1.85,-0.609328,0,0.0285143,7.49856e+07
2,0,1.85,-0.609328,0,0.0315158,7.42294e+07
2,0,1.85,-0.609328,0,0.0345173,6.84105e+07
2,0,1.85,-0.609328,0,0.0375188,7.40194e+07
2,0,1.85,-0.609328,0,0.0405203,6.32471e+07
2,0,1.85,-0.609328,0,0.0435218,6.31901e+07
2,0,1.85,-0.609328,0,0.0465233,6.25959e+07
2,0,1.85,-0.609328,0,0.0495248,7.86077e+07
2,0,1.85,-0.609328,0,0.0525263,7.25318e+07
2,0,1.85,-0.609328,0,0.0555278,6.41134e+07
2,0,1.85,-0.609328,0,0.0585293,7.8617e+07
2,0,1.85,-0.609328,0,0.0615308,7.9226e+07
2,0,1.85,-0.609328,0,0.0645323,6.85401e+07
2,0,1.85,-0.609328,0,0.0675338,6.59926e+07
2,0,1.85,-0.609328,0,0.0705353,6.99035e+07
2,0,1.85,-0.609328,0,0.0735368,7.52484e+07
2,0,1.85,-0.609328,0,0.0765383,6.44698e+07
2,0,1.85,-0.609328,0,0.0795398,6.65433e+07
2,0,1.85,-0.609328,0,0.0825413,7.84746e+07
2,0,1.85,-0.609328,0,0.0855428,6.43758e+07
2,0,1.85,-0.609328,0,0.0885443,6.52233e+07
2,0,1.85,-0.609328,0,0.0915458,6.62895e+07
2,0,1.85,-0.609328,0,0.0945473,6.38509e+07
2,0,1.85,-0.609328,0,0.0975488,7.76255e+07
2,0,1.85,-0.609328,0,0.10055,6.37593e+07
2,0,1.85,-0.609328,0,0.103552,7.18077e+07
2,0,1.85,-0.609328,0,0.106553,6.42132e+07
2,0,1.85,-0.609328,0,0.109555,7.83373e+07
2,0,1.85,-0.609328,0,0.112556,6.54332e+07
2,0,1.85,-0.609328,0,0.115558,7.49221e+07
2,0,1.85,-0.609328,0,0.118559,6.35094e+07
2,0,1.85,-0.609328,0,0.121561,6.96121e+07
2,0,1.85,-0.609328,0,0.124562,7.44216e+07
2,0,1.85,-0.609328,0,0.127564,6.59567e+07
2,0,1.85,-0.609328,0,0.130565,6.38145e+07
2,0,1.85,-0.609328,0,0.133567,7.45413e+07
2,0,1.85,-0.609328,0,0.136568,7.46872e+07
2,0,1.85,-0.609328,0,0.13957,7.32676e+07
2,0,1.85,-0.609328,0,0.142571,7.39072e+07
2,0,1.85,-0.609328,0,0.145573,7.42693e+07
2,0,1.85,-0.609328,0,0.148574,6.70912e+07
2,0,1.85,-0.609328,0,0.151576,6.28289e+07
2,0,1.85,-0.609328,0,0.154577,6.33372e+07
2,0,1.85,-0.609328,0,0.157579,6.41714e+07
2,0,1.85,-0.609328,0,0.16058,6.44314e+07
2,0,1.85,-0.609328,0,0.163582,6.63041e+07
2,0,1.85,-0.609328,0,0.166583,7.00474e+07
2,0,1.85,-0.609328,0,0.169585,6.2847e+07
2,0,1.85,-0.609328,0,0.172586,7.27231e+07
2,0,1.85,-0.609328,0,0.175588,7.20272e+07
2,0,1.85,-0.609328,0,0.178589,6.37087e+07
2,0,1.85,-0.609328,0,0.181591,6.16788e+07
2,0,1.85,-0.609328,0,0.184592,7.12954e+07
2,0,1.85,-0.609328,0,0.187594,7.11165e+07
2,0,1.85,-0.609328,0,0.190595,7.22241e+07
2,0,1.85,-0.609328,0,0.193597,6.14401e+07
2,0,1.85,-0.609328,0,0.196598,6.95592e+07
2,0,1.85,-0.609328,0,0.1996,7.04704e+07
2,0,1.85,-0.609328,0,0.202601,6.08997e+07
2,0,1.85,-0.609328,0,0.205603,6.17079e+07
2,0,1.85,-0.609328,0,0.208604,7.74962e+07
2,0,1.85,-0.609328,0,0.211606,7.84217e+07
2,0,1.85,-0.609328,0,0.214607,7.77024e+07
2,0,1.85,-0.609328,0,0.217609,6.94538e+07
2,0,1.85,-0.609328,0,0.22061,6.20646e+07
2,0,1.85,-0.609328,0,0.223612,6.05758e+07
2,0,1.85,-0.609328,0,0.226613,7.77057e+07
2,0,1.85,-0.609328,0,0.229615,6.10771e+07
2,0,1.85,-0.609328,0,0.232616,6.52754e+07
2,0,1.85,-0.609328,0,0.235618,7.66295e+07
2,0,1.85,-0.609328,0,0.238619,6.07533e+07
2,0,1.85,-0.609328,0,0.241621,6.856e+07
2,0,1.85,-0.609328,0,0.244622,7.56999e+07
2,0,1.85,-0.609328,0,0.247624,7.77859e+07
2,0,1.85,-0.609328,0,0.250625,7.82018e+07
2,0,1.85,-0.609328,0,0.253627,7.69534e+07
2,0,1.85,-0.609328,0,0.256628,7.53077e+07
2,0,1.85,-0.609328,0,0.25963,6.45772e+07
2,0,1.85,-0.609328,0,0.262631,6.58596e+07
2,0,1.85,-0.609328,0,0.265633,6.62454e+07
2,0,1.85,-0.609328,0,0.268634,7.69351e+07
2,0,1.85,-0.609328,0,0.271636,7.38935e+07
2,0,1.85,-0.609328,0,0.274637,6.57112e+07
2,0,1.85,-0.609328,0,0.277639,7.15019e+07
2,0,1.85,-0.609328,0,0.28064,7.16984e+07
2,0,1.85,-0.609328,0,0.283642,6.377e+07
2,0,1.85,-0.609328,0,0.286643,7.29151e+07
2,0,1.85,-0.609328,0,0.289645,7.3451e+07
2,0,1.85,-0.609328,0,0.292646,6.11083e+07
2,0,1.85,-0.609328,0,0.295648,7.38961e+07
2,0,1.85,-0.609328,0,0.298649,7.00885e+07
2,0,1.85,-0.609328,0,0.301651,6.27375e+07
2,0,1.85,-0.609328,0,0.304652,6.30055e+07
2,0,1.85,-0.609328,0,0.307654,6.12624e+07
2,0,1.85,-0.609328,0,0.310655,6.90314e+07
2,0,1.85,-0.609328,0,0.313657,7.59186e+07
2,0,1.85,-0.609328,0,0.316658,7.03468e+07
2,0,1.85,-0.609328,0,0.31966,6.76574e+07
2,0,1.85,-0.609328,0,0.322661,7.6022e+07
2,0,1.85,-0.609328,0,0.325663,7.49704e+07
2,0,1.85,-0.609328,0,0.328664,6.62142e+07
2,0,1.85,-0.609328,0,0.331666,6.63097e+07
2,0,1.85,-0.609328,0,0.334667,6.53463e+07
2,0,1.85,-0.609328,0,0.337669,6.5345e+07
2,0,1.85,-0.609328,0,0.34067,6.94232e+07
2,0,1.85,-0.609328,0,0.343672,6.98359e+07
2,0,1.85,-0.609328,0,0.346673,7.17932e+07
2,0,1.85,-0.609328,0,0.349675,6.29966e+07
2,0,1.85,-0.609328,0,0.352676,7.31905e+07
2,0,1.85,-0.609328,0,0.355678,6.38182e+07
2,0,1.85,-0.609328,0,0.358679,6.1752e+07
2,0,1.85,-0.609328,0,0.361681,6.80192e+07
2,0,1.85,-0.609328,0,0.364682,6.84123e+07
2,0,1.85,-0.609328,0,0.367684,6.12906e+07
2,0,1.85,-0.609328,0,0.370685,6.77685e+07
2,0,1.85,-0.609328,0,0.373687,7.73661e+07
2,0,1.85,-0.609328,0,0.376688,6.85468e+07
2,0,1.85,-0.609328,0,0.37969,6.08611e+07
2,0,1.85,-0.609328,0,0.382691,7.42241e+07
2,0,1.85,-0.609328,0,0.385693,6.08019e+07
2,0,1.85,-0.609328,0,0.388694,5.97417e+07
2,0,1.85,-0.609328,0,0.391696,7.33053e+07
2,0,1.85,-0.609328,0,0.394697,7.45781e+07
2,0,1.85,-0.609328,0,0.397699,6.22713e+07
2,0,1.85,-0.609328,0,0.4007,6.02135e+07
2,0,1.85,-0.609328,0,0.403702,6.91436e+07
2,0,1.85,-0.609328,0,0.406703,7.21383e+07
2,0,1.85,-0.609328,0,0.409705,7.25542e+07
2,0,1.85,-0.609328,0,0.412706,6.01882e+07
2,0,1.85,-0.609328,0,0.415708,6.79081e+07
2,0,1.85,-0.609328,0,0.418709,7.67358e+07
2,0,1.85,-0.609328,0,0.421711,7.44091e+07
2,0,1.85,-0.609328,0,0.424712,6.49681e+07
2,0,1.85,-0.609328,0,0.427714,6.69266e+07
2,0,1.85,-0.609328,0,0.430715,6.61528e+07
2,0,1.85,-0.609328,0,0.433717,6.40501e+07
2,0,1.85,-0.609328,0,0.436718,6.39473e+07
2,0,1.85,-0.609328,0,0.43972,6.27265e+07
2,0,1.85,-0.609328,0,0.442721,6.00668e+07
2,0,1.85,-0.609328,0,0.445723,6.85916e+07
2,0,1.85,-0.609328,0,0.448724,7.44002e+07
2,0,1.85,-0.609328,0,0.451726,7.46619e+07
2,0,1.85,-0.609328,0,0.454727,6.3717e+07
2,0,1.85,-0.609328,0,0.457729,6.21286e+07
2,0,1.85,-0.609328,0,0.46073,7.11093e+07
2,0,1.85,-0.609328,0,0.463732,6.20999e+07
2,0,1.85,-0.609328,0,0.466733,7.06784e+07
2,0,1.85,-0.609328,0,0.469735,6.579e+07
2,0,1.85,-0.609328,0,0.472736,6.75563e+07
2,0,1.85,-0.609328,0,0.475738,7.1775e+07
2,0,1.85,-0.609328,0,0.478739,7.0726e+07
2,0,1.85,-0.609328,0,0.481741,6.92476e+07
2,0,1.85,-0.609328,0,0.484742,7.17835e+07
2,0,1.85,-0.609328,0,0.487744,5.97172e+07
2,0,1.85,-0.609328,0,0.490745,6.62786e+07
2,0,1.85,-0.609328,0,0.493747,6.31804e+07
2,0,1.85,-0.609328,0,0.496748,6.04254e+07
2,0,1.85,-0.609328,0,0.49975,5.91085e+07
2,0,1.85,-0.609328,0,0.502751,6.90581e+07
2,0,1.85,-0.609328,0,0.505753,5.92978e+07
2,0,1.85,-0.609328,0,0.508754,7.18014e+07
2,0,1.85,-0.609328,0,0.511756,7.31826e+07
2,0,1.85,-0.609328,0,0.514757,6.49708e+07
2,0,1.85,-0.609328,0,0.517759,6.64466e+07
2,0,1.85,-0.609328,0,0.52076,5.89281e+07
2,0,1.85,-0.609328,0,0.523762,7.30774e+07
2,0,1.85,-0.609328,0,0.526763,7.16023e+07
2,0,1.85,-0.609328,0,0.529765,7.12397e+07
2,0,1.85,-0.609328,0,0.532766,6.60824e+07
2,0,1.85,-0.609328,0,0.535768,6.51367e+07
2,0,1.85,-0.609328,0,0.538769,7.08796e+07
2,0,1.85,-0.609328,0,0.541771,5.97301e+07
2,0,1.85,-0.609328,0,0.544772,7.18262e+07
2,0,1.85,-0.609328,0,0.547774,5.87738e+07
2,0,1.85,-0.609328,0,0.550775,5.73232e+07
2,0,1.85,-0.609328,0,0.553777,5.76339e+07
2,0,1.85,-0.609328,0,0.556778,6.17863e+07
2,0,1.85,-0.609328,0,0.55978,7.04274e+07
2,0,1.85,-0.609328,0,0.562781,5.94924e+07
2,0,1.85,-0.609328,0,0.565783,5.78394e+07
2,0,1.85,-0.609328,0,0.568784,6.42093e+07
2,0,1.85,-0.609328,0,0.571786,5.8493e+07
2,0,1.85,-0.609328,0,0.574787,6.69493e+07
2,0,1.85,-0.609328,0,0.577789,6.04508e+07
2,0,1.85,-0.609328,0,0.58079,7.03902e+07
2,0,1.85,-0.609328,0,0.583792,6.94517e+07
2,0,1.85,-0.609328,0,0.586793,5.64775e+07
2,0,1.85,-0.609328,0,0.589795,6.90956e+07
2,0,1.85,-0.609328,0,0.592796,6.82172e+07
2,0,1.85,-0.609328,0,0.595798,5.71653e+07
2,0,1.85,-0.609328,0,0.598799,6.45847e+07
2,0,1.85,-0.609328,0,0.601801,5.89535e+07
2,0,1.85,-0.609328,0,0.604802,-5.99098e+07
2,0,1.85,-0.609328,0,0.607804,-5.71402e+07
2,0,1.85,-0.609328,0,0.610805,-5.89766e+07
2,0,1.85,-0.609328,0,0.613807,-5.78357e+07
2,0,1.85,-0.609328,0,0.616808,-5.42632e+07
2,0,1.85,-0.609328,0,0.61981,-5.9448e+07
2,0,1.85,-0.609328,0,0.622811,-5.4675e+07
2,0,1.85,-0.609328,0,0.625813,-6.35736e+07
2,0,1.85,-0.609328,0,0.628814,-5.68399e+07
2,0,1.85,-0.609328,0,0.631816,-5.55126e+07
2,0,1.85,-0.609328,0,0.634817,-5.98069e+07
2,0,1.85,-0.609328,0,0.637819,-7.17981e+07
2,0,1.85,-0.609328,0,0.64082,-5.61164e+07
2,0,1.85,-0.609328,0,0.643822,-5.62221e+07
2,0,1.85,-0.609328,0,0.646823,-5.73443e+07
2,0,1.85,-0.609328,0,0.649825,-5.96547e+07
2,0,1.85,-0.609328,0,0.652826,-6.2802e+07
2,0,1.85,-0.609328,0,0.655828,-6.11323e+07
2,0,1.85,-0.609328,0,0.658829,-5.87886e+07
2,0,1.85,-0.609328,0,0.661831,-5.88732e+07
2,0,1.85,-0.609328,0,0.664832,-6.24895e+07
2,0,1.85,-0.609328,0,0.667834,-7.37126e+07
2,0,1.85,-0.609328,0,0.670835,-6.87053e+07
2,0,1.85,-0.609328,0,0.673837,-6.55315e+07
2,0,1.85,-0.609328,0,0.676838,-6.6054e+07
2,0,1.85,-0.609328,0,0.67984,-7.10862e+07
2,0,1.85,-0.609328,0,0.682841,-7.38067e+07
2,0,1.85,-0.609328,0,0.685843,-5.84811e+07
2,0,1.85,-0.609328,0,0.688844,-5.95205e+07
2,0,1.85,-0.609328,0,0.691846,-7.13294e+07
2,0,1.85,-0.609328,0,0.694847,-6.61129e+07
2,0,1.85,-0.609328,0,0.697849,-6.54476e+07
2,0,1.85,-0.609328,0,0.70085,-6.83847e+07
2,0,1.85,-0.609328,0,0.703852,-6.17943e+07
2,0,1.85,-0.609328,0,0.706853,-7.33121e+07
2,0,1.85,-0.609328,0,0.709855,-6.12989e+07
2,0,1.85,-0.609328,0,0.712856,-6.79338e+07
2,0,1.85,-0.609328,0,0.715858,-6.07974e+07
2,0,1.85,-0.609328,0,0.718859,-6.59849e+07
2,0,1.85,-0.609328,0,0.721861,-6.78103e+07
2,0,1.85,-0.609328,0,0.724862,-7.66686e+07
2,0,1.85,-0.609328,0,0.727864,-7.28895e+07
2,0,1.85,-0.609328,0,0.730865,-7.2342e+07
2,0,1.85,-0.609328,0,0.733867,-7.17712e+07
2,0,1.85,-0.609328,0,0.736868,-7.68786e+07
2,0,1.85,-0.609328,0,0.73987,-6.66748e+07
2,0,1.85,-0.609328,0,0.742871,-6.12803e+07
2,0,1.85,-0.609328,0,0.745873,-6.28241e+07
2,0,1.85,-0.609328,0,0.748874,-6.53587e+07
2,0,1.85,-0.609328,0,0.751876,-6.78192e+07
2,0,1.85,-0.609328,0,0.754877,-7.60018e+07
2,0,1.85,-0.609328,0,0.757879,-7.04526e+07
2,0,1.85,-0.609328,0,0.76088,-5.95833e+07
2,0,1.85,-0.609328,0,0.763882,-6.9979e+07
2,0,1.85,-0.609328,0,0.766883,-7.47138e+07
2,0,1.85,-0.609328,0,0.769885,-7.27583e+07
2,0,1.85,-0.609328,0,0.772886,-7.76872e+07
2,0,1.85,-0.609328,0,0.775888,-7.48095e+07
2,0,1.85,-0.609328,0,0.778889,-6.06765e+07
2,0,1.85,-0.609328,0,0.781891,-6.21395e+07
2,0,1.85,-0.609328,0,0.784892,-6.18884e+07
2,0,1.85,-0.609328,0,0.787894,-6.62015e+07
2,0,1.85,-0.609328,0,0.790895,-7.52003e+07
2,0,1.85,-0.609328,0,0.793897,-6.95216e+07
2,0,1.85,-0.609328,0,0.796898,-7.5955e+07
2,0,1.85,-0.609328,0,0.7999,-6.08488e+07
2,0,1.85,-0.609328,0,0.802901,-6.03143e+07
2,0,1.85,-0.609328,0,0.805903,-6.29504e+07
2,0,1.85,-0.609328,0,0.808904,-7.15741e+07
2,0,1.85,-0.609328,0,0.811906,-7.74712e+07
2,0,1.85,-0.609328,0,0.814907,-7.49799e+07
2,0,1.85,-0.609328,0,0.817909,-6.78472e+07
2,0,1.85,-0.609328,0,0.82091,-7.68448e+07
2,0,1.85,-0.609328,0,0.823912,-7.81968e+07
2,0,1.85,-0.609328,0,0.826913,-6.48969e+07
2,0,1.85,-0.609328,0,0.829915,-7.07534e+07
2,0,1.85,-0.609328,0,0.832916,-6.59844e+07
2,0,1.85,-0.609328,0,0.835918,-7.38166e+07
2,0,1.85,-0.609328,0,0.838919,-6.72154e+07
2,0,1.85,-0.609328,0,0.841921,-6.60648e+07
2,0,1.85,-0.609328,0,0.844922,-6.76557e+07
2,0,1.85,-0.609328,0,0.847924,-7.86326e+07
2,0,1.85,-0.609328,0,0.850925,-6.89853e+07
2,0,1.85,-0.609328,0,0.853927,-7.60717e+07
2,0,1.85,-0.609328,0,0.856928,-6.37539e+07
2,0,1.85,-0.609328,0,0.85993,-6.43123e+07
2,0,1.85,-0.609328,0,0.862931,-7.33848e+07
2,0,1.85,-0.609328,0,0.865933,-7.49245e+07
2,0,1.85,-0.609328,0,0.868934,-6.57222e+07
2,0,1.85,-0.609328,0,0.871936,-7.91632e+07
2,0,1.85,-0.609328,0,0.874937,-6.26229e+07
2,0,1.85,-0.609328,0,0.877939,-6.18434e+07
2,0,1.85,-0.609328,0,0.88094,-6.95783e+07
2,0,1.85,-0.609328,0,0.883942,-6.21832e+07
2,0,1.85,-0.609328,0,0.886943,-7.22638e+07
2,0,1.85,-0.609328,0,0.889945,-7.30531e+07
2,0,1.85,-0.609328,0,0.892946,-7.52393e+07
2,0,1.85,-0.609328,0,0.895948,-7.42151e+07
2,0,1.85,-0.609328,0,0.898949,-6.63332e+07
2,0,1.85,-0.609328,0,0.901951,-7.62295e+07
2,0,1.85,-0.609328,0,0.904952,-7.91687e+07
2,0,1.85,-0.609328,0,0.907954,-7.88696e+07
2,0,1.85,-0.609328,0,0.910955,-6.9929e+07
2,0,1.85,-0.609328,0,0.913957,-7.04857e+07
2,0,1.85,-0.609328,0,0.916958,-7.37418e+07
2,0,1.85,-0.609328,0,0.91996,-6.44649e+07
2,0,1.85,-0.609328,0,0.922961,-6.559e+07
2,0,1.85,-0.609328,0,0.925963,-6.55194e+07
2,0,1.85,-0.609328,0,0.928964,-7.47774e+07
2,0,1.85,-0.609328,0,0.931966,-7.59824e+07
2,0,1.85,-0.609328,0,0.934967,-6.91088e+07
2,0,1.85,-0.609328,0,0.937969,-7.76081e+07
2,0,1.85,-0.609328,0,0.94097,-7.92209e+07
2,0,1.85,-0.609328,0,0.943972,-6.89031e+07
2,0,1.85,-0.609328,0,0.946973,-7.08173e+07
2,0,1.85,-0.609328,0,0.949975,-6.56114e+07
2,0,1.85,-0.609328,0,0.952976,-6.67638e+07
2,0,1.85,-0.609328,0,0.955978,-7.49647e+07
2,0,1.85,-0.609328,0,0.958979,-7.47553e+07
2,0,1.85,-0.609328,0,0.961981,-6.23613e+07
2,0,1.85,-0.609328,0,0.964982,-7.56347e+07
2,0,1.85,-0.609328,0,0.967984,-6.72159e+07
2,0,1.85,-0.609328,0,0.970985,-6.82116e+07
2,0,1.85,-0.609328,0,0.973987,-6.43132e+07
2,0,1.85,-0.609328,0,0.976988,-6.43275e+07
2,0,1.85,-0.609328,0,0.97999,-6.38079e+07
2,0,1.85,-0.609328,0,0.982991,-8.0399e+07
2,0,1.85,-0.609328,0,0.985993,-6.56913e+07
2,0,1.85,-0.609328,0,0.988994,-6.61723e+07
2,0,1.85,-0.609328,0,0.991996,-6.6645e+07
2,0,1.85,-0.609328,0,0.994997,-6.42664e+07
2,0,1.85,-0.609328,0,0.997999,-6.37368e+07
2,0,1.85,-0.609328,0,1.001,-6.43514e+07
2,0,1.85,-0.609328,0,1.004,-6.49895e+07
2,0,1.85,-0.609328,0,1.007,-6.71789e+07
2,0,1.85,-0.609328,0,1.01001,-6.73197e+07
2,0,1.85,-0.609328,0,1.01301,-6.80414e+07
2,0,1.85,-0.609328,0,1.01601,-7.06829e+07
2,0,1.85,-0.609328,0,1.01901,-6.36828e+07
2,0,1.85,-0.609328,0,1.02201,-6.79521e+07
2,0,1.85,-0.609328,0,1.02501,-7.33356e+07
2,0,1.85,-0.609328,0,1.02801,-7.17743e+07
2,0,1.85,-0.609328,0,1.03102,-6.5996e+07
2,0,1.85,-0.609328,0,1.03402,-6.52078e+07
2,0,1.85,-0.609328,0,1.03702,-6.49988e+07
2,0,1.85,-0.609328,0,1.04002,-6.57479e+07
2,0,1.85,-0.609328,0,1.04302,-6.63898e+07
2,0,1.85,-0.609328,0,1.04602,-6.69513e+07
2,0,1.85,-0.609328,0,1.04902,-7.63983e+07
2,0,1.85,-0.609328,0,1.05203,-6.83198e+07
2,0,1.85,-0.609328,0,1.05503,-6.88149e+07
2,0,1.85,-0.609328,0,1.05803,-7.01173e+07
2,0,1.85,-0.609328,0,1.06103,-6.99067e+07
2,0,1.85,-0.609328,0,1.06403,-6.67247e+07
2,0,1.85,-0.609328,0,1.06703,-7.10835e+07
2,0,1.85,-0.609328,0,1.07004,-7.16153e+07
2,0,1.85,-0.609328,0,1.07304,-6.4902e+07
2,0,1.85,-0.609328,0,1.07604,-7.39244e+07
2,0,1.85,-0.609328,0,1.07904,-7.5419e+07
2,0,1.85,-0.609328,0,1.08204,-6.4078e+07
2,0,1.85,-0.609328,0,1.08504,-7.44856e+07
2,0,1.85,-0.609328,0,1.08804,-6.53505e+07
2,0,1.85,-0.609328,0,1.09105,-6.5522e+07
2,0,1.85,-0.609328,0,1.09405,-6.66046e+07
2,0,1.85,-0.609328,0,1.09705,-6.94421e+07
2,0,1.85,-0.609328,0,1.10005,-7.91794e+07
2,0,1.85,-0.609328,0,1.10305,-7.82007e+07
2,0,1.85,-0.609328,0,1.10605,-7.81438e+07
2,0,1.85,-0.609328,0,1.10905,-8.06323e+07
2,0,1.85,-0.609328,0,1.11206,-6.92662e+07
2,0,1.85,-0.609328,0,1.11506,-6.98024e+07
2,0,1.85,-0.609328,0,1.11806,-6.95073e+07
2,0,1.85,-0.609328,0,1.12106,-7.60588e+07
2,0,1.85,-0.609328,0,1.12406,-7.54225e+07
2,0,1.85,-0.609328,0,1.12706,-7.52968e+07
2,0,1.85,-0.609328,0,1.13007,-7.36631e+07
2,0,1.85,-0.609328,0,1.13307,-6.6092e+07
2,0,1.85,-0.609328,0,1.13607,-8.12061e+07
2,0,1.85,-0.609328,0,1.13907,-6.52739e+07
2,0,1.85,-0.609328,0,1.14207,-6.60836e+07
2,0,1.85,-0.609328,0,1.14507,-6.79292e+07
2,0,1.85,-0.609328,0,1.14807,-7.59692e+07
2,0,1.85,-0.609328,0,1.15108,-6.78219e+07
2,0,1.85,-0.609328,0,1.15408,-6.82629e+07
2,0,1.85,-0.609328,0,1.15708,-6.77939e+07
2,0,1.85,-0.609328,0,1.16008,-7.8013e+07
2,0,1.85,-0.609328,0,1.16308,-7.72677e+07
2,0,1.85,-0.609328,0,1.16608,-7.89152e+07
2,0,1.85,-0.609328,0,1.16908,-7.23742e+07
2,0,1.85,-0.609328,0,1.17209,-7.02101e+07
2,0,1.85,-0.609328,0,1.17509,-8.08458e+07
2,0,1.85,-0.609328,0,1.17809,-8.12759e+07
2,0,1.85,-0.609328,0,1.18109,-8.17446e+07
2,0,1.85,-0.609328,0,1.18409,-8.29925e+07
2,0,1.85,-0.609328,0,1.18709,-8.30655e+07
2,0,1.85,-0.609328,0,1.1901,-7.33206e+07
2,0,1.85,-0.609328,0,1.1931,-6.45964e+07
2,0,1.85,-0.609328,0,1.1961,-6.77564e+07
2,0,1.85,-0.609328,0,1.1991,-6.55043e+07
2,0,1.85,-0.609328,0,1.2021,-6.60204e+07
2,0,1.85,-0.609328,0,1.2051,-6.61237e+07
2,0,1.85,-0.609328,0,1.2081,-7.65741e+07
2,0,1.85,-0.609328,0,1.21111,-7.69359e+07
2,0,1.85,-0.609328,0,1.21411,-7.01775e+07
2,0,1.85,-0.609328,0,1.21711,-7.96414e+07
2,0,1.85,-0.609328,0,1.22011,-6.77221e+07
2,0,1.85,-0.609328,0,1.22311,-7.80492e+07
2,0,1.85,-0.609328,0,1.22611,-6.89892e+07
2,0,1.85,-0.609328,0,1.22911,-6.95205e+07
2,0,1.85,-0.609328,0,1.23212,-8.05126e+07
2,0,1.85,-0.609328,0,1.23512,-7.00852e+07
2,0,1.85,-0.609328,0,1.23812,-8.018e+07
2,0,1.85,-0.609328,0,1.24112,-7.14466e+07
2,0,1.85,-0.609328,0,1.24412,-7.49875e+07
2,0,1.85,-0.609328,0,1.24712,-7.60866e+07
2,0,1.85,-0.609328,0,1.25013,-7.5089e+07
2,0,1.85,-0.609328,0,1.25313,-7.27755e+07
2,0,1.85,-0.609328,0,1.25613,-7.23816e+07
2,0,1.85,-0.609328,0,1.25913,-6.5688e+07
2,0,1.85,-0.609328,0,1.26213,-8.06013e+07
2,0,1.85,-0.609328,0,1.26513,-7.55553e+07
2,0,1.85,-0.609328,0,1.26813,-7.36819e+07
2,0,1.85,-0.609328,0,1.27114,-7.60324e+07
2,0,1.85,-0.609328,0,1.27414,-8.1372e+07
2,0,1.85,-0.609328,0,1.27714,-7.62029e+07
2,0,1.85,-0.609328,0,1.28014,-6.54107e+07
2,0,1.85,-0.609328,0,1.28314,-7.69095e+07
2,0,1.85,-0.609328,0,1.28614,-7.76904e+07
2,0,1.85,-0.609328,0,1.28914,-7.77175e+07
2,0,1.85,-0.609328,0,1.29215,-7.83942e+07
2,0,1.85,-0.609328,0,1.29515,-7.82918e+07
2,0,1.85,-0.609328,0,1.29815,-7.90315e+07
2,0,1.85,-0.609328,0,1.30115,-7.95406e+07
2,0,1.85,-0.609328,0,1.30415,-7.96789e+07
2,0,1.85,-0.609328,0,1.30715,-8.0113e+07
2,0,1.85,-0.609328,0,1.31016,-7.98922e+07
2,0,1.85,-0.609328,0,1.31316,-8.09038e+07
2,0,1.85,-0.609328,0,1.31616,-8.17459e+07
2,0,1.85,-0.609328,0,1.31916,-8.04013e+07
2,0,1.85,-0.609328,0,1.32216,-8.17651e+07
2,0,1.85,-0.609328,0,1.32516,-8.21318e+07
2,0,1.85,-0.609328,0,1.32816,-8.16123e+07
2,0,1.85,-0.609328,0,1.33117,-8.27214e+07
2,0,1.85,-0.609328,0,1.33417,-8.30861e+07
2,0,1.85,-0.609328,0,1.33717,-6.45351e+07
2,0,1.85,-0.609328,0,1.34017,-8.38081e+07
2,0,1.85,-0.609328,0,1.34317,-6.46359e+07
2,0,1.85,-0.609328,0,1.34617,-6.51591e+07
2,0,1.85,-0.609328,0,1.34917,-6.51086e+07
2,0,1.85,-0.609328,0,1.35218,-6.5373e+07
2,0,1.85,-0.609328,0,1.35518,-6.56974e+07
2,0,1.85,-0.609328,0,1.35818,-6.87398e+07
2,0,1.85,-0.609328,0,1.36118,-6.61812e+07
2,0,1.85,-0.609328,0,1.36418,-6.65982e+07
2,0,1.85,-0.609328,0,1.36718,-6.70576e+07
2,0,1.85,-0.609328,0,1.37019,-6.68638e+07
2,0,1.85,-0.609328,0,1.37319,-6.71082e+07
2,0,1.85,-0.609328,0,1.37619,-6.73605e+07
2,0,1.85,-0.609328,0,1.37919,-6.88031e+07
2,0,1.85,-0.609328,0,1.38219,-6.86519e+07
2,0,1.85,-0.609328,0,1.38519,-6.76323e+07
2,0,1.85,-0.609328,0,1.38819,-6.85957e+07
2,0,1.85,-0.609328,0,1.3912,-6.87593e+07
2,0,1.85,-0.609328,0,1.3942,-6.87785e+07
2,0,1.85,-0.609328,0,1.3972,-7.12437e+07
2,0,1.85,-0.609328,0,1.4002,-6.92979e+07
2,0,1.85,-0.609328,0,1.4032,-6.98111e+07
2,0,1.85,-0.609328,0,1.4062,-8.05295e+07
2,0,1.85,-0.609328,0,1.4092,-7.53414e+07
2,0,1.85,-0.609328,0,1.41221,-7.02357e+07
2,0,1.85,-0.609328,0,1.41521,-7.20251e+07
2,0,1.85,-0.609328,0,1.41821,-7.29201e+07
2,0,1.85,-0.609328,0,1.42121,-7.10619e+07
2,0,1.85,-0.609328,0,1.42421,-7.10046e+07
2,0,1.85,-0.609328,0,1.42721,-7.1373e+07
2,0,1.85,-0.609328,0,1.43022,-8.34164e+07
2,0,1.85,-0.609328,0,1.43322,-7.48773e+07
2,0,1.85,-0.609328,0,1.43622,-7.31836e+07
2,0,1.85,-0.609328,0,1.43922,-8.30576e+07
2,0,1.85,-0.609328,0,1.44222,-8.35221e+07
2,0,1.85,-0.609328,0,1.44522,-7.25289e+07
2,0,1.85,-0.609328,0,1.44822,-7.35298e+07
2,0,1.85,-0.609328,0,1.45123,-7.36376e+07
2,0,1.85,-0.609328,0,1.45423,-7.32243e+07
2,0,1.85,-0.609328,0,1.45723,-7.53445e+07
2,0,1.85,-0.609328,0,1.46023,-7.36314e+07
2,0,1.85,-0.609328,0,1.46323,-7.43091e+07
2,0,1.85,-0.609328,0,1.46623,-7.39012e+07
2,0,1.85,-0.609328,0,1.46923,-7.669e+07
2,0,1.85,-0.609328,0,1.47224,-7.93701e+07
2,0,1.85,-0.609328,0,1.47524,-7.44819e+07
2,0,1.85,-0.609328,0,1.47824,-8.06985e+07
2,0,1.85,-0.609328,0,1.48124,-7.67787e+07
2,0,1.85,-0.609328,0,1.48424,-7.573e+07
2,0,1.85,-0.609328,0,1.48724,-7.59027e+07
2,0,1.85,-0.609328,0,1.49025,-7.62136e+07
2,0,1.85,-0.609328,0,1.49325,-7.63895e+07
2,0,1.85,-0.609328,0,1.49625,-7.56949e+07
2,0,1.85,-0.609328,0,1.49925,-7.66761e+07
2,0,1.85,-0.609328,0,1.50225,-7.74359e+07
2,0,1.85,-0.609328,0,1.50525,-7.61873e+07
2,0,1.85,-0.609328,0,1.50825,-7.63533e+07
2,0,1.85,-0.609328,0,1.51126,-7.7129e+07
2,0,1.85,-0.609328,0,1.51426,-8.11886e+07
2,0,1.85,-0.609328,0,1.51726,-6.77363e+07
2,0,1.85,-0.609328,0,1.52026,-7.76189e+07
2,0,1.85,-0.609328,0,1.52326,-7.81149e+07
2,0,1.85,-0.609328,0,1.52626,-7.72098e+07
2,0,1.85,-0.609328,0,1.52926,-6.94225e+07
2,0,1.85,-0.609328,0,1.53227,-7.15825e+07
2,0,1.85,-0.609328,0,1.53527,-6.59942e+07
2,0,1.85,-0.609328,0,1.53827,-7.77123e+07
2,0,1.85,-0.609328,0,1.54127,-7.05397e+07
2,0,1.85,-0.609328,0,1.54427,-7.9201e+07
2,0,1.85,-0.609328,0,1.54727,-7.80504e+07
2,0,1.85,-0.609328,0,1.55028,-7.81526e+07
2,0,1.85,-0.609328,0,1.55328,-7.82516e+07
2,0,1.85,-0.609328,0,1.55628,-7.00678e+07
2,0,1.85,-0.609328,0,1.55928,-7.01514e+07
2,0,1.85,-0.609328,0,1.56228,-7.85265e+07
2,0,1.85,-0.609328,0,1.56528,-7.99268e+07
2,0,1.85,-0.609328,0,1.56828,-7.87244e+07
2,0,1.85,-0.609328,0,1.57129,-8.03307e+07
2,0,1.85,-0.609328,0,1.57429,-7.88313e+07
2,0,1.85,-0.609328,0,1.57729,-7.05993e+07
2,0,1.85,-0.609328,0,1.58029,-7.75268e+07
2,0,1.85,-0.609328,0,1.58329,-7.90243e+07
2,0,1.85,-0.609328,0,1.58629,-6.52853e+07
2,0,1.85,-0.609328,0,1.58929,-8.20214e+07
2,0,1.85,-0.609328,0,1.5923,-8.10315e+07
2,0,1.85,-0.609328,0,1.5953,-8.14512e+07
2,0,1.85,-0.609328,0,1.5983,-7.04905e+07
2,0,1.85,-0.609328,0,1.6013,-8.03523e+07
2,0,1.85,-0.609328,0,1.6043,-7.00062e+07
2,0,1.85,-0.609328,0,1.6073,-7.92776e+07
2,0,1.85,-0.609328,0,1.61031,-7.07951e+07
2,0,1.85,-0.609328,0,1.61331,-7.92866e+07
2,0,1.85,-0.609328,0,1.61631,-6.98407e+07
2,0,1.85,-0.609328,0,1.61931,-7.98434e+07
2,0,1.85,-0.609328,0,1.62231,-6.93135e+07
2,0,1.85,-0.609328,0,1.62531,-7.92605e+07
2,0,1.85,-0.609328,0,1.62831,-7.92399e+07
2,0,1.85,-0.609328,0,1.63132,-8.11352e+07
2,0,1.85,-0.609328,0,1.63432,-7.9047e+07
2,0,1.85,-0.609328,0,1.63732,-8.11614e+07
2,0,1.85,-0.609328,0,1.64032,-7.90715e+07
2,0,1.85,-0.609328,0,1.64332,-6.63126e+07
2,0,1.85,-0.609328,0,1.64632,-8.19299e+07
2,0,1.85,-0.609328,0,1.64932,-7.87631e+07
2,0,1.85,-0.609328,0,1.65233,-7.99235e+07
2,0,1.85,-0.609328,0,1.65533,-7.85659e+07
2,0,1.85,-0.609328,0,1.65833,-6.92315e+07
2,0,1.85,-0.609328,0,1.66133,-7.86387e+07
2,0,1.85,-0.609328,0,1.66433,-7.8261e+07
2,0,1.85,-0.609328,0,1.66733,-6.92046e+07
2,0,1.85,-0.609328,0,1.67034,-6.9353e+07
2,0,1.85,-0.609328,0,1.67334,-6.9758e+07
2,0,1.85,-0.609328,0,1.67634,-6.49851e+07
2,0,1.85,-0.609328,0,1.67934,-7.78737e+07
2,0,1.85,-0.609328,0,1.68234,-6.85844e+07
2,0,1.85,-0.609328,0,1.68534,-7.76916e+07
2,0,1.85,-0.609328,0,1.68834,-7.90203e+07
2,0,1.85,-0.609328,0,1.69135,-7.73922e+07
2,0,1.85,-0.609328,0,1.69435,-7.88558e+07
2,0,1.85,-0.609328,0,1.69735,-7.7002e+07
2,0,1.85,-0.609328,0,1.70035,-7.68605e+07
2,0,1.85,-0.609328,0,1.70335,-7.6563e+07
2,0,1.85,-0.609328,0,1.70635,-7.7992e+07
2,0,1.85,-0.609328,0,1.70935,-7.62621e+07
2,0,1.85,-0.609328,0,1.71236,-7.60003e+07
2,0,1.85,-0.609328,0,1.71536,-8.20745e+07
2,0,1.85,-0.609328,0,1.71836,-7.6305e+07
2,0,1.85,-0.609328,0,1.72136,-8.17417e+07
2,0,1.85,-0.609328,0,1.72436,-7.7278e+07
2,0,1.85,-0.609328,0,1.72736,-7.57936e+07
2,0,1.85,-0.609328,0,1.73037,-7.44859e+07
2,0,1.85,-0.609328,0,1.73337,-7.43357e+07
2,0,1.85,-0.609328,0,1.73637,-8.27869e+07
2,0,1.85,-0.609328,0,1.73937,-7.36839e+07
2,0,1.85,-0.609328,0,1.74237,-8.43868e+07
2,0,1.85,-0.609328,0,1.74537,-7.3052e+07
2,0,1.85,-0.609328,0,1.74837,-7.2199e+07
2,0,1.85,-0.609328,0,1.75138,-7.18035e+07
2,0,1.85,-0.609328,0,1.75438,-7.52337e+07
2,0,1.85,-0.609328,0,1.75738,-7.53186e+07
2,0,1.85,-0.609328,0,1.76038,-7.61884e+07
2,0,1.85,-0.609328,0,1.76338,-7.18078e+07
2,0,1.85,-0.609328,0,1.76638,-8.36961e+07
2,0,1.85,-0.609328,0,1.76938,-6.95823e+07
2,0,1.85,-0.609328,0,1.77239,-7.42403e+07
2,0,1.85,-0.609328,0,1.77539,-7.01893e+07
2,0,1.85,-0.609328,0,1.77839,-6.88324e+07
2,0,1.85,-0.609328,0,1.78139,-6.93547e+07
2,0,1.85,-0.609328,0,1.78439,-6.8107e+07
2,0,1.85,-0.609328,0,1.78739,-7.31621e+07
2,0,1.85,-0.609328,0,1.7904,-6.78452e+07
2,0,1.85,-0.609328,0,1.7934,-7.52381e+07
2,0,1.85,-0.609328,0,1.7964,-6.6844e+07
2,0,1.85,-0.609328,0,1.7994,-6.76224e+07
2,0,1.85,-0.609328,0,1.8024,-7.59068e+07
2,0,1.85,-0.609328,0,1.8054,-6.6158e+07
2,0,1.85,-0.609328,0,1.8084,-6.48003e+07
2,0,1.85,-0.609328,0,1.81141,-6.44535e+07
2,0,1.85,-0.609328,0,1.81441,-8.17808e+07
2,0,1.85,-0.609328,0,1.81741,-8.2165e+07
2,0,1.85,-0.609328,0,1.82041,-8.0158e+07
2,0,1.85,-0.609328,0,1.82341,-7.94629e+07
2,0,1.85,-0.609328,0,1.82641,-7.9829e+07
2,0,1.85,-0.609328,0,1.82941,-6.40226e+07
2,0,1.85,-0.609328,0,1.83242,-7.73811e+07
2,0,1.85,-0.609328,0,1.83542,-7.78701e+07
2,0,1.85,-0.609328,0,1.83842,-7.93018e+07
2,0,1.85,-0.609328,0,1.84142,-7.55277e+07
2,0,1.85,-0.609328,0,1.84442,-7.50258e+07
2,0,1.85,-0.609328,0,1.84742,-7.3308e+07
2,0,1.85,-0.609328,0,1.85043,-8.44501e+07
2,0,1.85,-0.609328,0,1.85343,-7.69915e+07
2,0,1.85,-0.609328,0,1.85643,-7.07296e+07
2,0,1.85,-0.609328,0,1.85943,-6.8829e+07
2,0,1.85,-0.609328,0,1.86243,-6.85802e+07
2,0,1.85,-0.609328,0,1.86543,-6.71792e+07
2,0,1.85,-0.609328,0,1.86843,-6.52998e+07
2,0,1.85,-0.609328,0,1.87144,-6.42856e+07
2,0,1.85,-0.609328,0,1.87444,-6.36648e+07
2,0,1.85,-0.609328,0,1.87744,-6.35198e+07
2,0,1.85,-0.609328,0,1.88044,-8.13301e+07
2,0,1.85,-0.609328,0,1.88344,-8.01071e+07
2,0,1.85,-0.609328,0,1.88644,-7.83593e+07
2,0,1.85,-0.609328,0,1.88944,-7.6455e+07
2,0,1.85,-0.609328,0,1.89245,-7.70185e+07
2,0,1.85,-0.609328,0,1.89545,-7.25112e+07
2,0,1.85,-0.609328,0,1.89845,-7.19169e+07
2,0,1.85,-0.609328,0,1.90145,-7.08712e+07
2,0,1.85,-0.609328,0,1.90445,-6.90036e+07
2,0,1.85,-0.609328,0,1.90745,-7.66997e+07
2,0,1.85,-0.609328,0,1.91046,-7.46833e+07
2,0,1.85,-0.609328,0,1.91346,-7.50506e+07
2,0,1.85,-0.609328,0,1.91646,-7.14719e+07
2,0,1.85,-0.609328,0,1.91946,-7.73918e+07
2,0,1.85,-0.609328,0,1.92246,-7.58289e+07
2,0,1.85,-0.609328,0,1.92546,-7.7217e+07
2,0,1.85,-0.609328,0,1.92846,-6.43636e+07
2,0,1.85,-0.609328,0,1.93147,-6.67533e+07
2,0,1.85,-0.609328,0,1.93447,-6.55524e+07
2,0,1.85,-0.609328,0,1.93747,-6.23167e+07
2,0,1.85,-0.609328,0,1.94047,-6.82948e+07
2,0,1.85,-0.609328,0,1.94347,-6.47565e+07
2,0,1.85,-0.609328,0,1.94647,-7.47584e+07
2,0,1.85,-0.609328,0,1.94947,-6.9467e+07
2,0,1.85,-0.609328,0,1.95248,-6.34536e+07
2,0,1.85,-0.609328,0,1.95548,-6.9995e+07
2,0,1.85,-0.609328,0,1.95848,-6.91359e+07
2,0,1.85,-0.609328,0,1.96148,-7.11159e+07
2,0,1.85,-0.609328,0,1.96448,-6.96339e+07
2,0,1.85,-0.609328,0,1.96748,-7.20181e+07
2,0,1.85,-0.609328,0,1.97049,-6.40117e+07
2,0,1.85,-0.609328,0,1.97349,-7.46624e+07
2,0,1.85,-0.609328,0,1.97649,-7.60916e+07
2,0,1.85,-0.609328,0,1.97949,-6.38608e+07
2,0,1.85,-0.609328,0,1.98249,-7.00026e+07
2,0,1.85,-0.609328,0,1.98549,-7.12282e+07
2,0,1.85,-0.609328,0,1.98849,-6.63659e+07
2,0,1.85,-0.609328,0,1.9915,-7.2016e+07
2,0,1.85,-0.609328,0,1.9945,-6.06591e+07
2,0,1.85,-0.609328,0,1.9975,-6.11899e+07
2,0,1.85,-0.609328,0,2.0005,5.85579e+07
2,0,1.85,-0.609328,0,2.0035,7.09938e+07
2,0,1.85,-0.609328,0,2.0065,6.67543e+07
2,0,1.85,-0.609328,0,2.0095,7.04945e+07
2,0,1.85,-0.609328,0,2.01251,6.57653e+07
2,0,1.85,-0.609328,0,2.01551,7.40603e+07
2,0,1.85,-0.609328,0,2.01851,7.55849e+07
2,0,1.85,-0.609328,0,2.02151,7.68519e+07
2,0,1.85,-0.609328,0,2.02451,5.98591e+07
2,0,1.85,-0.609328,0,2.02751,6.79383e+07
2,0,1.85,-0.609328,0,2.03052,7.78295e+07
2,0,1.85,-0.609328,0,2.03352,6.60039e+07
2,0,1.85,-0.609328,0,2.03652,6.08316e+07
2,0,1.85,-0.609328,0,2.03952,6.35382e+07
2,0,1.85,-0.609328,0,2.04252,6.38695e+07
2,0,1.85,-0.609328,0,2.04552,6.29116e+07
2,0,1.85,-0.609328,0,2.04852,6.21498e+07
2,0,1.85,-0.609328,0,2.05153,6.33759e+07
2,0,1.85,-0.609328,0,2.05453,7.13886e+07
2,0,1.85,-0.609328,0,2.05753,8.02473e+07
2,0,1.85,-0.609328,0,2.06053,7.89863e+07
2,0,1.85,-0.609328,0,2.06353,6.8589e+07
2,0,1.85,-0.609328,0,2.06653,7.25525e+07
2,0,1.85,-0.609328,0,2.06953,8.09672e+07
2,0,1.85,-0.609328,0,2.07254,6.70645e+07
2,0,1.85,-0.609328,0,2.07554,7.91949e+07
2,0,1.85,-0.609328,0,2.07854,8.16432e+07
2,0,1.85,-0.609328,0,2.08154,6.54173e+07
2,0,1.85,-0.609328,0,2.08454,6.95597e+07
2,0,1.85,-0.609328,0,2.08754,7.30421e+07
2,0,1.85,-0.609328,0,2.09055,7.81323e+07
2,0,1.85,-0.609328,0,2.09355,6.81643e+07
2,0,1.85,-0.609328,0,2.09655,8.15994e+07
2,0,1.85,-0.609328,0,2.09955,6.49999e+07
2,0,1.85,-0.609328,0,2.10255,6.78812e+07
2,0,1.85,-0.609328,0,2.10555,7.8797e+07
2,0,1.85,-0.609328,0,2.10855,7.36274e+07
2,0,1.85,-0.609328,0,2.11156,7.32921e+07
2,0,1.85,-0.609328,0,2.11456,8.00276e+07
2,0,1.85,-0.609328,0,2.11756,8.14258e+07
2,0,1.85,-0.609328,0,2.12056,8.09558e+07
2,0,1.85,-0.609328,0,2.12356,8.32152e+07
2,0,1.85,-0.609328,0,2.12656,7.01463e+07
2,0,1.85,-0.609328,0,2.12956,6.77852e+07
2,0,1.85,-0.609328,0,2.13257,8.08223e+07
2,0,1.85,-0.609328,0,2.13557,7.19215e+07
2,0,1.85,-0.609328,0,2.13857,7.39788e+07
2,0,1.85,-0.609328,0,2.14157,7.98973e+07
2,0,1.85,-0.609328,0,2.14457,7.1074e+07
2,0,1.85,-0.609328,0,2.14757,8.32331e+07
2,0,1.85,-0.609328,0,2.15058,8.24957e+07
2,0,1.85,-0.609328,0,2.15358,7.3983e+07
2,0,1.85,-0.609328,0,2.15658,6.7881e+07
2,0,1.85,-0.609328,0,2.15958,7.10685e+07
2,0,1.85,-0.609328,0,2.16258,7.24868e+07
2,0,1.85,-0.609328,0,2.16558,6.58823e+07
2,0,1.85,-0.609328,0,2.16858,7.36851e+07
2,0,1.85,-0.609328,0,2.17159,8.31373e+07
2,0,1.85,-0.609328,0,2.17459,6.86114e+07
2,0,1.85,-0.609328,0,2.17759,8.46417e+07
2,0,1.85,-0.609328,0,2.18059,8.50374e+07
2,0,1.85,-0.609328,0,2.18359,6.97122e+07
2,0,1.85,-0.609328,0,2.18659,7.18197e+07
2,0,1.85,-0.609328,0,2.18959,7.65366e+07
2,0,1.85,-0.609328,0,2.1926,7.96627e+07
2,0,1.85,-0.609328,0,2.1956,7.64152e+07
2,0,1.85,-0.609328,0,2.1986,7.55823e+07
2,0,1.85,-0.609328,0,2.2016,7.3468e+07
2,0,1.85,-0.609328,0,2.2046,7.775e+07
2,0,1.85,-0.609328,0,2.2076,8.07399e+07
2,0,1.85,-0.609328,0,2.21061,8.65597e+07
2,0,1.85,-0.609328,0,2.21361,8.06797e+07
2,0,1.85,-0.609328,0,2.21661,7.21455e+07
2,0,1.85,-0.609328,0,2.21961,8.19408e+07
2,0,1.85,-0.609328,0,2.22261,7.41012e+07
2,0,1.85,-0.609328,0,2.22561,7.05768e+07
2,0,1.85,-0.609328,0,2.22861,8.70864e+07
2,0,1.85,-0.609328,0,2.23162,6.89445e+07
2,0,1.85,-0.609328,0,2.23462,7.05976e+07
2,0,1.85,-0.609328,0,2.23762,7.64553e+07
2,0,1.85,-0.609328,0,2.24062,7.65142e+07
2,0,1.85,-0.609328,0,2.24362,7.32543e+07
2,0,1.85,-0.609328,0,2.24662,7.62564e+07
2,0,1.85,-0.609328,0,2.24962,8.76093e+07
2,0,1.85,-0.609328,0,2.25263,8.2809e+07
2,0,1.85,-0.609328,0,2.25563,8.06021e+07
2,0,1.85,-0.609328,0,2.25863,7.09817e+07
2,0,1.85,-0.609328,0,2.26163,8.60646e+07
2,0,1.85,-0.609328,0,2.26463,8.4895e+07
2,0,1.85,-0.609328,0,2.26763,7.49525e+07
2,0,1.85,-0.609328,0,2.27064,7.14205e+07
2,0,1.85,-0.609328,0,2.27364,7.4474e+07
2,0,1.85,-0.609328,0,2.27664,7.08917e+07
2,0,1.85,-0.609328,0,2.27964,7.01221e+07
2,0,1.85,-0.609328,0,2.28264,7.60914e+07
2,0,1.85,-0.609328,0,2.28564,7.39427e+07
2,0,1.85,-0.609328,0,2.28864,8.38933e+07
2,0,1.85,-0.609328,0,2.29165,7.16765e+07
2,0,1.85,-0.609328,0,2.29465,6.9712e+07
2,0,1.85,-0.609328,0,2.29765,7.39097e+07
2,0,1.85,-0.609328,0,2.30065,6.90873e+07
2,0,1.85,-0.609328,0,2.30365,7.36781e+07
2,0,1.85,-0.609328,0,2.30665,6.96883e+07
2,0,1.85,-0.609328,0,2.30965,7.3802e+07
2,0,1.85,-0.609328,0,2.31266,7.25916e+07
2,0,1.85,-0.609328,0,2.31566,7.1743e+07
2,0,1.85,-0.609328,0,2.31866,7.07992e+07
2,0,1.85,-0.609328,0,2.32166,7.36314e+07
2,0,1.85,-0.609328,0,2.32466,7.30225e+07
2,0,1.85,-0.609328,0,2.32766,7.7513e+07
2,0,1.85,-0.609328,0,2.33067,7.81565e+07
2,0,1.85,-0.609328,0,2.33367,7.73873e+07
2,0,1.85,-0.609328,0,2.33667,7.47014e+07
2,0,1.85,-0.609328,0,2.33967,8.255e+07
2,0,1.85,-0.609328,0,2.34267,8.0375e+07
2,0,1.85,-0.609328,0,2.34567,8.05998e+07
2,0,1.85,-0.609328,0,2.34867,9.0229e+07
2,0,1.85,-0.609328,0,2.35168,7.49596e+07
2,0,1.85,-0.609328,0,2.35468,7.49953e+07
2,0,1.85,-0.609328,0,2.35768,7.01793e+07
2,0,1.85,-0.609328,0,2.36068,7.23014e+07
2,0,1.85,-0.609328,0,2.36368,7.00096e+07
2,0,1.85,-0.609328,0,2.36668,7.49839e+07
2,0,1.85,-0.609328,0,2.36968,7.36051e+07
2,0,1.85,-0.609328,0,2.37269,7.06621e+07
2,0,1.85,-0.609328,0,2.37569,7.44874e+07
2,0,1.85,-0.609328,0,2.37869,7.31027e+07
2,0,1.85,-0.609328,0,2.38169,7.34181e+07
2,0,1.85,-0.609328,0,2.38469,7.75651e+07
2,0,1.85,-0.609328,0,2.38769,7.74828e+07
2,0,1.85,-0.609328,0,2.3907,7.19e+07
2,0,1.85,-0.609328,0,2.3937,8.25753e+07
2,0,1.85,-0.609328,0,2.3967,7.99655e+07
2,0,1.85,-0.609328,0,2.3997,7.28061e+07
2,0,1.85,-0.609328,0,2.4027,8.25166e+07
2,0,1.85,-0.609328,0,2.4057,8.52087e+07
2,0,1.85,-0.609328,0,2.4087,8.71239e+07
2,0,1.85,-0.609328,0,2.41171,8.38779e+07
2,0,1.85,-0.609328,0,2.41471,8.49964e+07
2,0,1.85,-0.609328,0,2.41771,8.69303e+07
2,0,1.85,-0.609328,0,2.42071,8.98e+07
2,0,1.85,-0.609328,0,2.42371,8.92537e+07
2,0,1.85,-0.609328,0,2.42671,8.9158e+07
2,0,1.85,-0.609328,0,2.42971,7.95876e+07
2,0,1.85,-0.609328,0,2.43272,7.18835e+07
2,0,1.85,-0.609328,0,2.43572,7.33714e+07
2,0,1.85,-0.609328,0,2.43872,8.4604e+07
2,0,1.85,-0.609328,0,2.44172,7.50259e+07
2,0,1.85,-0.609328,0,2.44472,7.49356e+07
2,0,1.85,-0.609328,0,2.44772,7.74057e+07
2,0,1.85,-0.609328,0,2.45073,8.86573e+07
2,0,1.85,-0.609328,0,2.45373,7.85564e+07
2,0,1.85,-0.609328,0,2.45673,7.80445e+07
2,0,1.85,-0.609328,0,2.45973,7.97312e+07
2,0,1.85,-0.609328,0,2.46273,7.1492e+07
2,0,1.85,-0.609328,0,2.46573,8.29017e+07
2,0,1.85,-0.609328,0,2.46873,8.32324e+07
2,0,1.85,-0.609328,0,2.47174,8.25005e+07
2,0,1.85,-0.609328,0,2.47474,7.73921e+07
2,0,1.85,-0.609328,0,2.47774,7.83444e+07
2,0,1.85,-0.609328,0,2.48074,7.29642e+07
2,0,1.85,-0.609328,0,2.48374,8.70907e+07
2,0,1.85,-0.609328,0,2.48674,8.91932e+07
2,0,1.85,-0.609328,0,2.48974,8.2132e+07
2,0,1.85,-0.609328,0,2.49275,9.13709e+07
2,0,1.85,-0.609328,0,2.49575,7.32232e+07
2,0,1.85,-0.609328,0,2.49875,7.29002e+07
2,0,1.85,-0.609328,0,2.50175,7.53218e+07
2,0,1.85,-0.609328,0,2.50475,7.87546e+07
2,0,1.85,-0.609328,0,2.50775,7.44603e+07
2,0,1.85,-0.609328,0,2.51076,8.15916e+07
2,0,1.85,-0.609328,0,2.51376,7.6038e+07
2,0,1.85,-0.609328,0,2.51676,8.72387e+07
2,0,1.85,-0.609328,0,2.51976,7.68097e+07
2,0,1.85,-0.609328,0,2.52276,7.7817e+07
2,0,1.85,-0.609328,0,2.52576,7.86006e+07
2,0,1.85,-0.609328,0,2.52876,8.07184e+07
2,0,1.85,-0.609328,0,2.53177,8.8762e+07
2,0,1.85,-0.609328,0,2.53477,8.27458e+07
2,0,1.85,-0.609328,0,2.53777,7.34076e+07
2,0,1.85,-0.609328,0,2.54077,7.37014e+07
2,0,1.85,-0.609328,0,2.54377,8.52433e+07
2,0,1.85,-0.609328,0,2.54677,7.53123e+07
2,0,1.85,-0.609328,0,2.54977,8.69945e+07
2,0,1.85,-0.609328,0,2.55278,8.82228e+07
2,0,1.85,-0.609328,0,2.55578,8.8351e+07
2,0,1.85,-0.609328,0,2.55878,9.14929e+07
2,0,1.85,-0.609328,0,2.56178,8.95789e+07
2,0,1.85,-0.609328,0,2.56478,8.08723e+07
2,0,1.85,-0.609328,0,2.56778,9.35642e+07
2,0,1.85,-0.609328,0,2.57079,8.30095e+07
2,0,1.85,-0.609328,0,2.57379,9.39555e+07
2,0,1.85,-0.609328,0,2.57679,8.12721e+07
2,0,1.85,-0.609328,0,2.57979,7.46398e+07
2,0,1.85,-0.609328,0,2.58279,7.5235e+07
2,0,1.85,-0.609328,0,2.58579,8.75834e+07
2,0,1.85,-0.609328,0,2.58879,7.70938e+07
2,0,1.85,-0.609328,0,2.5918,8.94758e+07
2,0,1.85,-0.609328,0,2.5948,8.13801e+07
2,0,1.85,-0.609328,0,2.5978,7.93457e+07
2,0,1.85,-0.609328,0,2.6008,8.04086e+07
2,0,1.85,-0.609328,0,2.6038,9.33186e+07
2,0,1.85,-0.609328,0,2.6068,8.25034e+07
2,0,1.85,-0.609328,0,2.6098,8.30527e+07
2,0,1.85,-0.609328,0,2.61281,7.37954e+07
2,0,1.85,-0.609328,0,2.61581,7.45809e+07
2,0,1.85,-0.609328,0,2.61881,8.86929e+07
2,0,1.85,-0.609328,0,2.62181,8.62871e+07
2,0,1.85,-0.609328,0,2.62481,9.33142e+07
2,0,1.85,-0.609328,0,2.62781,8.71967e+07
2,0,1.85,-0.609328,0,2.63082,7.83806e+07
2,0,1.85,-0.609328,0,2.63382,8.99161e+07
2,0,1.85,-0.609328,0,2.63682,8.01148e+07
2,0,1.85,-0.609328,0,2.63982,9.29543e+07
2,0,1.85,-0.609328,0,2.64282,8.06037e+07
2,0,1.85,-0.609328,0,2.64582,9.50089e+07
2,0,1.85,-0.609328,0,2.64882,7.79429e+07
2,0,1.85,-0.609328,0,2.65183,8.44385e+07
2,0,1.85,-0.609328,0,2.65483,8.49548e+07
2,0,1.85,-0.609328,0,2.65783,8.5079e+07
2,0,1.85,-0.609328,0,2.66083,8.68226e+07
2,0,1.85,-0.609328,0,2.66383,8.69986e+07
2,0,1.85,-0.609328,0,2.66683,7.7323e+07
2,0,1.85,-0.609328,0,2.66983,8.90824e+07
2,0,1.85,-0.609328,0,2.67284,7.94621e+07
2,0,1.85,-0.609328,0,2.67584,8.30009e+07
2,0,1.85,-0.609328,0,2.67884,8.03729e+07
2,0,1.85,-0.609328,0,2.68184,8.76855e+07
2,0,1.85,-0.609328,0,2.68484,8.79264e+07
2,0,1.85,-0.609328,0,2.68784,8.74652e+07
2,0,1.85,-0.609328,0,2.69085,9.52443e+07
2,0,1.85,-0.609328,0,2.69385,8.38862e+07
2,0,1.85,-0.609328,0,2.69685,8.43845e+07
2,0,1.85,-0.609328,0,2.69985,7.56638e+07
2,0,1.85,-0.609328,0,2.70285,8.76809e+07
2,0,1.85,-0.609328,0,2.70585,7.71787e+07
2,0,1.85,-0.609328,0,2.70885,8.8626e+07
2,0,1.85,-0.609328,0,2.71186,9.33177e+07
2,0,1.85,-0.609328,0,2.71486,7.95062e+07
2,0,1.85,-0.609328,0,2.71786,8.04196e+07
2,0,1.85,-0.609328,0,2.72086,9.28147e+07
2,0,1.85,-0.609328,0,2.72386,7.86899e+07
2,0,1.85,-0.609328,0,2.72686,8.21649e+07
2,0,1.85,-0.609328,0,2.72986,7.539e+07
2,0,1.85,-0.609328,0,2.73287,8.46664e+07
2,0,1.85,-0.609328,0,2.73587,8.46147e+07
2,0,1.85,-0.609328,0,2.73887,8.61612e+07
2,0,1.85,-0.609328,0,2.74187,7.74651e+07
2,0,1.85,-0.609328,0,2.74487,7.95289e+07
2,0,1.85,-0.609328,0,2.74787,8.79935e+07
2,0,1.85,-0.609328,0,2.75088,7.78504e+07
2,0,1.85,-0.609328,0,2.75388,7.85878e+07
2,0,1.85,-0.609328,0,2.75688,9.12406e+07
2,0,1.85,-0.609328,0,2.75988,8.23147e+07
2,0,1.85,-0.609328,0,2.76288,8.00942e+07
2,0,1.85,-0.609328,0,2.76588,9.60329e+07
2,0,1.85,-0.609328,0,2.76888,8.3709e+07
2,0,1.85,-0.609328,0,2.77189,9.45766e+07
2,0,1.85,-0.609328,0,2.77489,8.34492e+07
2,0,1.85,-0.609328,0,2.77789,7.66398e+07
2,0,1.85,-0.609328,0,2.78089,8.54543e+07
2,0,1.85,-0.609328,0,2.78389,7.57332e+07
2,0,1.85,-0.609328,0,2.78689,9.19932e+07
2,0,1.85,-0.609328,0,2.78989,7.75468e+07
2,0,1.85,-0.609328,0,2.7929,7.7519e+07
2,0,1.85,-0.609328,0,2.7959,9.53095e+07
2,0,1.85,-0.609328,0,2.7989,9.41318e+07
2,0,1.85,-0.609328,0,2.8019,7.83038e+07
2,0,1.85,-0.609328,0,2.8049,9.19135e+07
2,0,1.85,-0.609328,0,2.8079,9.22242e+07
2,0,1.85,-0.609328,0,2.81091,8.24592e+07
2,0,1.85,-0.609328,0,2.81391,9.67926e+07
2,0,1.85,-0.609328,0,2.81691,9.48295e+07
2,0,1.85,-0.609328,0,2.81991,9.61683e+07
2,0,1.85,-0.609328,0,2.82291,8.47015e+07
2,0,1.85,-0.609328,0,2.82591,8.55325e+07
2,0,1.85,-0.609328,0,2.82891,8.64124e+07
2,0,1.85,-0.609328,0,2.83192,8.71422e+07
2,0,1.85,-0.609328,0,2.83492,8.77459e+07
2,0,1.85,-0.609328,0,2.83792,8.8946e+07
2,0,1.85,-0.609328,0,2.84092,8.25186e+07
2,0,1.85,-0.609328,0,2.84392,8.02506e+07
2,0,1.85,-0.609328,0,2.84692,8.17495e+07
2,0,1.85,-0.609328,0,2.84992,8.0427e+07
2,0,1.85,-0.609328,0,2.85293,8.27234e+07
2,0,1.85,-0.609328,0,2.85593,9.32971e+07
2,0,1.85,-0.609328,0,2.85893,9.43193e+07
2,0,1.85,-0.609328,0,2.86193,7.74825e+07
2,0,1.85,-0.609328,0,2.86493,9.58105e+07
2,0,1.85,-0.609328,0,2.86793,7.79047e+07
2,0,1.85,-0.609328,0,2.87094,8.28851e+07
2,0,1.85,-0.609328,0,2.87394,7.9476e+07
2,0,1.85,-0.609328,0,2.87694,8.01433e+07
2,0,1.85,-0.609328,0,2.87994,7.87384e+07
2,0,1.85,-0.609328,0,2.88294,7.7942e+07
2,0,1.85,-0.609328,0,2.88594,7.86143e+07
2,0,1.85,-0.609328,0,2.88894,8.22031e+07
2,0,1.85,-0.609328,0,2.89195,7.80002e+07
2,0,1.85,-0.609328,0,2.89495,7.86764e+07
2,0,1.85,-0.609328,0,2.89795,7.7877e+07
2,0,1.85,-0.609328,0,2.90095,7.89456e+07
2,0,1.85,-0.609328,0,2.90395,8.55994e+07
2,0,1.85,-0.609328,0,2.90695,8.16302e+07
2,0,1.85,-0.609328,0,2.90995,8.70447e+07
2,0,1.85,-0.609328,0,2.91296,7.7755e+07
2,0,1.85,-0.609328,0,2.91596,7.98735e+07
2,0,1.85,-0.609328,0,2.91896,8.05827e+07
2,0,1.85,-0.609328,0,2.92196,9.0001e+07
2,0,1.85,-0.609328,0,2.92496,9.10585e+07
2,0,1.85,-0.609328,0,2.92796,9.21627e+07
2,0,1.85,-0.609328,0,2.93097,8.20468e+07
2,0,1.85,-0.609328,0,2.93397,8.63389e+07
2,0,1.85,-0.609328,0,2.93697,9.40131e+07
2,0,1.85,-0.609328,0,2.93997,9.53592e+07
2,0,1.85,-0.609328,0,2.94297,9.65332e+07
2,0,1.85,-0.609328,0,2.94597,9.61311e+07
2,0,1.85,-0.609328,0,2.94897,8.77515e+07
2,0,1.85,-0.609328,0,2.95198,9.45797e+07
2,0,1.85,-0.609328,0,2.95498,8.65715e+07
2,0,1.85,-0.609328,0,2.95798,8.63631e+07
2,0,1.85,-0.609328,0,2.96098,7.79192e+07
2,0,1.85,-0.609328,0,2.96398,7.82033e+07
2,0,1.85,-0.609328,0,2.96698,8.63966e+07
2,0,1.85,-0.609328,0,2.96998,7.94425e+07
2,0,1.85,-0.609328,0,2.97299,7.99444e+07
2,0,1.85,-0.609328,0,2.97599,9.21178e+07
2,0,1.85,-0.609328,0,2.97899,9.10095e+07
2,0,1.85,-0.609328,0,2.98199,9.80291e+07
2,0,1.85,-0.609328,0,2.98499,8.26519e+07
2,0,1.85,-0.609328,0,2.98799,9.11876e+07
2,0,1.85,-0.609328,0,2.991,9.55531e+07
2,0,1.85,-0.609328,0,2.994,1.00052e+08
2,0,1.85,-0.609328,0,2.997,9.3696e+07
2,0,1.85,-0.609328,0,3,9.66708e+07

2,0,1.9,-0.663965,0,-3,-3.94689e+07
2,0,1.9,-0.663965,0,-2.997,-4.06856e+07
2,0,1.9,-0.663965,0,-2.994,-3.99305e+07
2,0,1.9,-0.663965,0,-2.991,-4.09568e+07
2,0,1.9,-0.663965,0,-2.98799,-4.25917e+07
2,0,1.9,-0.663965,0,-2.98499,-4.33812e+07
2,0,1.9,-0.663965,0,-2.98199,-4.44063e+07
2,0,1.9,-0.663965,0,-2.97899,-3.55508e+07
2,0,1.9,-0.663965,0,-2.97599,-3.52415e+07
2,0,1.9,-0.663965,0,-2.97299,-3.57582e+07
2,0,1.9,-0.663965,0,-2.96998,-3.56666e+07
2,0,1.9,-0.663965,0,-2.96698,-3.67696e+07
2,0,1.9,-0.663965,0,-2.96398,-3.85391e+07
2,0,1.9,-0.663965,0,-2.96098,-3.54461e+07
2,0,1.9,-0.663965,0,-2.95798,-3.90257e+07
2,0,1.9,-0.663965,0,-2.95498,-3.81701e+07
2,0,1.9,-0.663965,0,-2.95198,-3.48728e+07
2,0,1.9,-0.663965,0,-2.94897,-4.11748e+07
2,0,1.9,-0.663965,0,-2.94597,-3.74885e+07
2,0,1.9,-0.663965,0,-2.94297,-4.09624e+07
2,0,1.9,-0.663965,0,-2.93997,-3.67483e+07
2,0,1.9,-0.663965,0,-2.93697,-3.78485e+07
2,0,1.9,-0.663965,0,-2.93397,-4.38655e+07
2,0,1.9,-0.663965,0,-2.93097,-3.88188e+07
2,0,1.9,-0.663965,0,-2.92796,-3.86579e+07
2,0,1.9,-0.663965,0,-2.92496,-4.53265e+07
2,0,1.9,-0.663965,0,-2.92196,-3.60171e+07
2,0,1.9,-0.663965,0,-2.91896,-3.63683e+07
2,0,1.9,-0.663965,0,-2.91596,-3.64632e+07
2,0,1.9,-0.663965,0,-2.91296,-4.00623e+07
2,0,1.9,-0.663965,0,-2.90995,-3.69404e+07
2,0,1.9,-0.663965,0,-2.90695,-3.74487e+07
2,0,1.9,-0.663965,0,-2.90395,-3.82854e+07
2,0,1.9,-0.663965,0,-2.90095,-3.87992e+07
2,0,1.9,-0.663965,0,-2.89795,-3.92165e+07
2,0,1.9,-0.663965,0,-2.89495,-3.92397e+07
2,0,1.9,-0.663965,0,-2.89195,-3.67373e+07
2,0,1.9,-0.663965,0,-2.88894,-3.73545e+07
2,0,1.9,-0.663965,0,-2.88594,-4.41891e+07
2,0,1.9,-0.663965,0,-2.88294,-3.78915e+07
2,0,1.9,-0.663965,0,-2.87994,-4.14346e+07
2,0,1.9,-0.663965,0,-2.87694,-4.26918e+07
2,0,1.9,-0.663965,0,-2.87394,-3.81148e+07
2,0,1.9,-0.663965,0,-2.87094,-4.31077e+07
2,0,1.9,-0.663965,0,-2.86793,-4.33858e+07
2,0,1.9,-0.663965,0,-2.86493,-4.55542e+07
2,0,1.9,-0.663965,0,-2.86193,-4.14204e+07
2,0,1.9,-0.663965,0,-2.85893,-4.14515e+07
2,0,1.9,-0.663965,0,-2.85593,-4.00687e+07
2,0,1.9,-0.663965,0,-2.85293,-3.80457e+07
2,0,1.9,-0.663965,0,-2.84992,-3.55209e+07
2,0,1.9,-0.663965,0,-2.84692,-3.849e+07
2,0,1.9,-0.663965,0,-2.84392,-3.62576e+07
2,0,1.9,-0.663965,0,-2.84092,-4.27453e+07
2,0,1.9,-0.663965,0,-2.83792,-3.71783e+07
2,0,1.9,-0.663965,0,-2.83492,-4.50623e+07
2,0,1.9,-0.663965,0,-2.83192,-4.55181e+07
2,0,1.9,-0.663965,0,-2.82891,-3.81133e+07
2,0,1.9,-0.663965,0,-2.82591,-3.57906e+07
2,0,1.9,-0.663965,0,-2.82291,-3.61014e+07
2,0,1.9,-0.663965,0,-2.81991,-4.05512e+07
2,0,1.9,-0.663965,0,-2.81691,-4.3597e+07
2,0,1.9,-0.663965,0,-2.81391,-4.62485e+07
2,0,1.9,-0.663965,0,-2.81091,-4.31612e+07
2,0,1.9,-0.663965,0,-2.8079,-4.17632e+07
2,0,1.9,-0.663965,0,-2.8049,-4.22067e+07
2,0,1.9,-0.663965,0,-2.8019,-3.84701e+07
2,0,1.9,-0.663965,0,-2.7989,-4.47467e+07
2,0,1.9,-0.663965,0,-2.7959,-4.40981e+07
2,0,1.9,-0.663965,0,-2.7929,-3.96355e+07
2,0,1.9,-0.663965,0,-2.78989,-3.65083e+07
2,0,1.9,-0.663965,0,-2.78689,-4.02288e+07
2,0,1.9,-0.663965,0,-2.78389,-4.44542e+07
2,0,1.9,-0.663965,0,-2.78089,-3.71677e+07
2,0,1.9,-0.663965,0,-2.77789,-4.56918e+07
2,0,1.9,-0.663965,0,-2.77489,-4.20245e+07
2,0,1.9,-0.663965,0,-2.77189,-4.589e+07
2,0,1.9,-0.663965,0,-2.76888,-4.65582e+07
2,0,1.9,-0.663965,0,-2.76588,-3.59315e+07
2,0,1.9,-0.663965,0,-2.76288,-4.30502e+07
2,0,1.9,-0.663965,0,-2.75988,-4.39843e+07
2,0,1.9,-0.663965,0,-2.75688,-3.64821e+07
2,0,1.9,-0.663965,0,-2.75388,-3.87572e+07
2,0,1.9,-0.663965,0,-2.75088,-4.5336e+07
2,0,1.9,-0.663965,0,-2.74787,-4.53027e+07
2,0,1.9,-0.663965,0,-2.74487,-4.56354e+07
2,0,1.9,-0.663965,0,-2.74187,-4.59923e+07
2,0,1.9,-0.663965,0,-2.73887,-4.61895e+07
2,0,1.9,-0.663965,0,-2.73587,-4.66958e+07
2,0,1.9,-0.663965,0,-2.73287,-3.63189e+07
2,0,1.9,-0.663965,0,-2.72986,-3.63982e+07
2,0,1.9,-0.663965,0,-2.72686,-3.66784e+07
2,0,1.9,-0.663965,0,-2.72386,-3.69701e+07
2,0,1.9,-0.663965,0,-2.72086,-4.06507e+07
2,0,1.9,-0.663965,0,-2.71786,-3.75747e+07
2,0,1.9,-0.663965,0,-2.71486,-3.79023e+07
2,0,1.9,-0.663965,0,-2.71186,-3.81864e+07
2,0,1.9,-0.663965,0,-2.70885,-4.30365e+07
2,0,1.9,-0.663965,0,-2.70585,-3.88866e+07
2,0,1.9,-0.663965,0,-2.70285,-3.93472e+07
2,0,1.9,-0.663965,0,-2.69985,-3.96063e+07
2,0,1.9,-0.663965,0,-2.69685,-4.36233e+07
2,0,1.9,-0.663965,0,-2.69385,-3.99749e+07
2,0,1.9,-0.663965,0,-2.69085,-4.00698e+07
2,0,1.9,-0.663965,0,-2.68784,-3.88192e+07
2,0,1.9,-0.663965,0,-2.68484,-3.91079e+07
2,0,1.9,-0.663965,0,-2.68184,-4.51164e+07
2,0,1.9,-0.663965,0,-2.67884,-3.91191e+07
2,0,1.9,-0.663965,0,-2.67584,-4.16982e+07
2,0,1.9,-0.663965,0,-2.67284,-3.63714e+07
2,0,1.9,-0.663965,0,-2.66983,-3.79311e+07
2,0,1.9,-0.663965,0,-2.66683,-3.78331e+07
2,0,1.9,-0.663965,0,-2.66383,-3.70014e+07
2,0,1.9,-0.663965,0,-2.66083,-3.7979e+07
2,0,1.9,-0.663965,0,-2.65783,-4.27909e+07
2,0,1.9,-0.663965,0,-2.65483,-4.31024e+07
2,0,1.9,-0.663965,0,-2.65183,-3.89813e+07
2,0,1.9,-0.663965,0,-2.64882,-3.86367e+07
2,0,1.9,-0.663965,0,-2.64582,-3.97522e+07
2,0,1.9,-0.663965,0,-2.64282,-3.88674e+07
2,0,1.9,-0.663965,0,-2.63982,-3.89359e+07
2,0,1.9,-0.663965,0,-2.63682,-3.72549e+07
2,0,1.9,-0.663965,0,-2.63382,-3.85953e+07
2,0,1.9,-0.663965,0,-2.63082,-3.96902e+07
2,0,1.9,-0.663965,0,-2.62781,-4.00734e+07
2,0,1.9,-0.663965,0,-2.62481,-4.05095e+07
2,0,1.9,-0.663965,0,-2.62181,-4.61191e+07
2,0,1.9,-0.663965,0,-2.61881,-4.06617e+07
2,0,1.9,-0.663965,0,-2.61581,-4.72168e+07
2,0,1.9,-0.663965,0,-2.61281,-4.11359e+07
2,0,1.9,-0.663965,0,-2.6098,-4.35536e+07
2,0,1.9,-0.663965,0,-2.6068,-3.68763e+07
2,0,1.9,-0.663965,0,-2.6038,-4.1338e+07
2,0,1.9,-0.663965,0,-2.6008,-4.09396e+07
2,0,1.9,-0.663965,0,-2.5978,-4.16943e+07
2,0,1.9,-0.663965,0,-2.5948,-3.80049e+07
2,0,1.9,-0.663965,0,-2.5918,-4.24829e+07
2,0,1.9,-0.663965,0,-2.58879,-4.31068e+07
2,0,1.9,-0.663965,0,-2.58579,-4.26711e+07
2,0,1.9,-0.663965,0,-2.58279,-4.43477e+07
2,0,1.9,-0.663965,0,-2.57979,-4.26852e+07
2,0,1.9,-0.663965,0,-2.57679,-4.31642e+07
2,0,1.9,-0.663965,0,-2.57379,-4.44554e+07
2,0,1.9,-0.663965,0,-2.57079,-3.93946e+07
2,0,1.9,-0.663965,0,-2.56778,-4.34726e+07
2,0,1.9,-0.663965,0,-2.56478,-4.38924e+07
2,0,1.9,-0.663965,0,-2.56178,-4.38571e+07
2,0,1.9,-0.663965,0,-2.55878,-4.42786e+07
2,0,1.9,-0.663965,0,-2.55578,-4.01138e+07
2,0,1.9,-0.663965,0,-2.55278,-4.45876e+07
2,0,1.9,-0.663965,0,-2.54977,-4.1173e+07
2,0,1.9,-0.663965,0,-2.54677,-4.09769e+07
2,0,1.9,-0.663965,0,-2.54377,-3.6632e+07
2,0,1.9,-0.663965,0,-2.54077,-4.48835e+07
2,0,1.9,-0.663965,0,-2.53777,-4.13998e+07
2,0,1.9,-0.663965,0,-2.53477,-4.25923e+07
2,0,1.9,-0.663965,0,-2.53177,-4.67128e+07
2,0,1.9,-0.663965,0,-2.52876,-4.24837e+07
2,0,1.9,-0.663965,0,-2.52576,-4.68897e+07
2,0,1.9,-0.663965,0,-2.52276,-4.25207e+07
2,0,1.9,-0.663965,0,-2.51976,-4.73421e+07
2,0,1.9,-0.663965,0,-2.51676,-3.66946e+07
2,0,1.9,-0.663965,0,-2.51376,-3.67854e+07
2,0,1.9,-0.663965,0,-2.51076,-3.69912e+07
2,0,1.9,-0.663965,0,-2.50775,-3.75092e+07
2,0,1.9,-0.663965,0,-2.50475,-3.84916e+07
2,0,1.9,-0.663965,0,-2.50175,-4.49692e+07
2,0,1.9,-0.663965,0,-2.49875,-3.77951e+07
2,0,1.9,-0.663965,0,-2.49575,-3.79856e+07
2,0,1.9,-0.663965,0,-2.49275,-3.74362e+07
2,0,1.9,-0.663965,0,-2.48974,-4.47571e+07
2,0,1.9,-0.663965,0,-2.48674,-3.90498e+07
2,0,1.9,-0.663965,0,-2.48374,-3.84854e+07
2,0,1.9,-0.663965,0,-2.48074,-3.88693e+07
2,0,1.9,-0.663965,0,-2.47774,-4.60216e+07
2,0,1.9,-0.663965,0,-2.47474,-4.62443e+07
2,0,1.9,-0.663965,0,-2.47174,-3.93826e+07
2,0,1.9,-0.663965,0,-2.46873,-3.98094e+07
2,0,1.9,-0.663965,0,-2.46573,-3.96704e+07
2,0,1.9,-0.663965,0,-2.46273,-4.12099e+07
2,0,1.9,-0.663965,0,-2.45973,-4.68355e+07
2,0,1.9,-0.663965,0,-2.45673,-4.08893e+07
2,0,1.9,-0.663965,0,-2.45373,-4.03347e+07
2,0,1.9,-0.663965,0,-2.45073,-4.09709e+07
2,0,1.9,-0.663965,0,-2.44772,-4.24425e+07
2,0,1.9,-0.663965,0,-2.44472,-4.1349e+07
2,0,1.9,-0.663965,0,-2.44172,-4.21486e+07
2,0,1.9,-0.663965,0,-2.43872,-4.28455e+07
2,0,1.9,-0.663965,0,-2.43572,-3.76147e+07
2,0,1.9,-0.663965,0,-2.43272,-4.16447e+07
2,0,1.9,-0.663965,0,-2.42971,-4.18139e+07
2,0,1.9,-0.663965,0,-2.42671,-4.30365e+07
2,0,1.9,-0.663965,0,-2.42371,-3.79029e+07
2,0,1.9,-0.663965,0,-2.42071,-4.24943e+07
2,0,1.9,-0.663965,0,-2.41771,-4.288e+07
2,0,1.9,-0.663965,0,-2.41471,-4.39454e+07
2,0,1.9,-0.663965,0,-2.41171,-4.3509e+07
2,0,1.9,-0.663965,0,-2.4087,-4.44193e+07
2,0,1.9,-0.663965,0,-2.4057,-4.50445e+07
2,0,1.9,-0.663965,0,-2.4027,-4.37108e+07
2,0,1.9,-0.663965,0,-2.3997,-4.35559e+07
2,0,1.9,-0.663965,0,-2.3967,-4.65423e+07
2,0,1.9,-0.663965,0,-2.3937,-4.37815e+07
2,0,1.9,-0.663965,0,-2.3907,-4.01674e+07
2,0,1.9,-0.663965,0,-2.38769,-4.41195e+07
2,0,1.9,-0.663965,0,-2.38469,-4.57032e+07
2,0,1.9,-0.663965,0,-2.38169,-4.47895e+07
2,0,1.9,-0.663965,0,-2.37869,-4.62172e+07
2,0,1.9,-0.663965,0,-2.37569,-3.94908e+07
2,0,1.9,-0.663965,0,-2.37269,-4.48905e+07
2,0,1.9,-0.663965,0,-2.36968,-4.07665e+07
2,0,1.9,-0.663965,0,-2.36668,-4.15587e+07
2,0,1.9,-0.663965,0,-2.36368,-4.18915e+07
2,0,1.9,-0.663965,0,-2.36068,-4.71027e+07
2,0,1.9,-0.663965,0,-2.35768,-4.63674e+07
2,0,1.9,-0.663965,0,-2.35468,-4.11201e+07
2,0,1.9,-0.663965,0,-2.35168,-4.7248e+07
2,0,1.9,-0.663965,0,-2.34867,-3.69597e+07
2,0,1.9,-0.663965,0,-2.34567,-4.75715e+07
2,0,1.9,-0.663965,0,-2.34267,-4.30991e+07
2,0,1.9,-0.663965,0,-2.33967,-4.78145e+07
2,0,1.9,-0.663965,0,-2.33667,-4.69599e+07
2,0,1.9,-0.663965,0,-2.33367,-4.32308e+07
2,0,1.9,-0.663965,0,-2.33067,-4.31246e+07
2,0,1.9,-0.663965,0,-2.32766,-4.73891e+07
2,0,1.9,-0.663965,0,-2.32466,-4.78319e+07
2,0,1.9,-0.663965,0,-2.32166,-4.45806e+07
2,0,1.9,-0.663965,0,-2.31866,-4.3671e+07
2,0,1.9,-0.663965,0,-2.31566,-4.48055e+07
2,0,1.9,-0.663965,0,-2.31266,-4.3877e+07
2,0,1.9,-0.663965,0,-2.30965,-3.78735e+07
2,0,1.9,-0.663965,0,-2.30665,-4.40144e+07
2,0,1.9,-0.663965,0,-2.30365,-4.4414e+07
2,0,1.9,-0.663965,0,-2.30065,-4.4613e+07
2,0,1.9,-0.663965,0,-2.29765,-3.75012e+07
2,0,1.9,-0.663965,0,-2.29465,-4.58773e+07
2,0,1.9,-0.663965,0,-2.29165,-4.47626e+07
2,0,1.9,-0.663965,0,-2.28864,-3.78809e+07
2,0,1.9,-0.663965,0,-2.28564,-3.86829e+07
2,0,1.9,-0.663965,0,-2.28264,-4.5456e+07
2,0,1.9,-0.663965,0,-2.27964,-3.81991e+07
2,0,1.9,-0.663965,0,-2.27664,-3.83437e+07
2,0,1.9,-0.663965,0,-2.27364,-3.86907e+07
2,0,1.9,-0.663965,0,-2.27064,-3.85494e+07
2,0,1.9,-0.663965,0,-2.26763,-3.87366e+07
2,0,1.9,-0.663965,0,-2.26463,-3.92498e+07
2,0,1.9,-0.663965,0,-2.26163,-4.61043e+07
2,0,1.9,-0.663965,0,-2.25863,-4.67132e+07
2,0,1.9,-0.663965,0,-2.25563,-4.10441e+07
2,0,1.9,-0.663965,0,-2.25263,-3.92317e+07
2,0,1.9,-0.663965,0,-2.24962,-4.67345e+07
2,0,1.9,-0.663965,0,-2.24662,-4.14647e+07
2,0,1.9,-0.663965,0,-2.24362,-4.76726e+07
2,0,1.9,-0.663965,0,-2.24062,-4.72323e+07
2,0,1.9,-0.663965,0,-2.23762,-3.98032e+07
2,0,1.9,-0.663965,0,-2.23462,-4.04679e+07
2,0,1.9,-0.663965,0,-2.23162,-4.79221e+07
2,0,1.9,-0.663965,0,-2.22861,-4.12732e+07
2,0,1.9,-0.663965,0,-2.22561,-4.11933e+07
2,0,1.9,-0.663965,0,-2.22261,-3.7192e+07
2,0,1.9,-0.663965,0,-2.21961,-4.70893e+07
2,0,1.9,-0.663965,0,-2.21661,-4.12936e+07
2,0,1.9,-0.663965,0,-2.21361,-4.6144e+07
2,0,1.9,-0.663965,0,-2.21061,-4.59195e+07
2,0,1.9,-0.663965,0,-2.2076,-3.80328e+07
2,0,1.9,-0.663965,0,-2.2046,-4.75449e+07
2,0,1.9,-0.663965,0,-2.2016,-4.80838e+07
2,0,1.9,-0.663965,0,-2.1986,-3.80572e+07
2,0,1.9,-0.663965,0,-2.1956,-4.35445e+07
2,0,1.9,-0.663965,0,-2.1926,-3.78116e+07
2,0,1.9,-0.663965,0,-2.18959,-4.37598e+07
2,0,1.9,-0.663965,0,-2.18659,-3.75456e+07
2,0,1.9,-0.663965,0,-2.18359,-4.3767e+07
2,0,1.9,-0.663965,0,-2.18059,-4.39508e+07
2,0,1.9,-0.663965,0,-2.17759,-3.78806e+07
2,0,1.9,-0.663965,0,-2.17459,-4.40921e+07
2,0,1.9,-0.663965,0,-2.17159,-4.42211e+07
2,0,1.9,-0.663965,0,-2.16858,-3.94477e+07
2,0,1.9,-0.663965,0,-2.16558,-4.37197e+07
2,0,1.9,-0.663965,0,-2.16258,-4.30545e+07
2,0,1.9,-0.663965,0,-2.15958,-3.87621e+07
2,0,1.9,-0.663965,0,-2.15658,-3.84843e+07
2,0,1.9,-0.663965,0,-2.15358,-4.52868e+07
2,0,1.9,-0.663965,0,-2.15058,-3.84256e+07
2,0,1.9,-0.663965,0,-2.14757,-4.03217e+07
2,0,1.9,-0.663965,0,-2.14457,-4.55949e+07
2,0,1.9,-0.663965,0,-2.14157,-4.73092e+07
2,0,1.9,-0.663965,0,-2.13857,-4.53899e+07
2,0,1.9,-0.663965,0,-2.13557,-4.74234e+07
2,0,1.9,-0.663965,0,-2.13257,-3.94667e+07
2,0,1.9,-0.663965,0,-2.12956,-3.96503e+07
2,0,1.9,-0.663965,0,-2.12656,-4.54137e+07
2,0,1.9,-0.663965,0,-2.12356,-4.62364e+07
2,0,1.9,-0.663965,0,-2.12056,-4.50046e+07
2,0,1.9,-0.663965,0,-2.11756,-3.99145e+07
2,0,1.9,-0.663965,0,-2.11456,-4.51988e+07
2,0,1.9,-0.663965,0,-2.11156,-4.52747e+07
2,0,1.9,-0.663965,0,-2.10855,-3.99607e+07
2,0,1.9,-0.663965,0,-2.10555,-3.99967e+07
2,0,1.9,-0.663965,0,-2.10255,-4.43688e+07
2,0,1.9,-0.663965,0,-2.09955,-4.10435e+07
2,0,1.9,-0.663965,0,-2.09655,-4.12072e+07
2,0,1.9,-0.663965,0,-2.09355,-4.68972e+07
2,0,1.9,-0.663965,0,-2.09055,-4.07539e+07
2,0,1.9,-0.663965,0,-2.08754,-4.03733e+07
2,0,1.9,-0.663965,0,-2.08454,-3.83125e+07
2,0,1.9,-0.663965,0,-2.08154,-4.17145e+07
2,0,1.9,-0.663965,0,-2.07854,-4.84242e+07
2,0,1.9,-0.663965,0,-2.07554,-4.08704e+07
2,0,1.9,-0.663965,0,-2.07254,-4.23142e+07
2,0,1.9,-0.663965,0,-2.06953,-4.09963e+07
2,0,1.9,-0.663965,0,-2.06653,-4.22604e+07
2,0,1.9,-0.663965,0,-2.06353,-4.55818e+07
2,0,1.9,-0.663965,0,-2.06053,-4.56657e+07
2,0,1.9,-0.663965,0,-2.05753,-4.12981e+07
2,0,1.9,-0.663965,0,-2.05453,-4.11998e+07
2,0,1.9,-0.663965,0,-2.05153,-3.82241e+07
2,0,1.9,-0.663965,0,-2.04852,-4.81404e+07
2,0,1.9,-0.663965,0,-2.04552,-3.98508e+07
2,0,1.9,-0.663965,0,-2.04252,-3.9403e+07
2,0,1.9,-0.663965,0,-2.03952,-4.09703e+07
2,0,1.9,-0.663965,0,-2.03652,-4.19537e+07
2,0,1.9,-0.663965,0,-2.03352,-4.17184e+07
2,0,1.9,-0.663965,0,-2.03052,-4.79693e+07
2,0,1.9,-0.663965,0,-2.02751,-3.7611e+07
2,0,1.9,-0.663965,0,-2.02451,-4.14873e+07
2,0,1.9,-0.663965,0,-2.02151,-4.72739e+07
2,0,1.9,-0.663965,0,-2.01851,-4.76093e+07
2,0,1.9,-0.663965,0,-2.01551,-4.65843e+07
2,0,1.9,-0.663965,0,-2.01251,-3.94508e+07
2,0,1.9,-0.663965,0,-2.0095,-4.72109e+07
2,0,1.9,-0.663965,0,-2.0065,-4.73017e+07
2,0,1.9,-0.663965,0,-2.0035,-4.77221e+07
2,0,1.9,-0.663965,0,-2.0005,-4.06833e+07
2,0,1.9,-0.663965,0,-1.9975,-4.29765e+07
2,0,1.9,-0.663965,0,-1.9945,-4.81591e+07
2,0,1.9,-0.663965,0,-1.9915,-4.82774e+07
2,0,1.9,-0.663965,0,-1.98849,-4.85218e+07
2,0,1.9,-0.663965,0,-1.98549,-4.3396e+07
2,0,1.9,-0.663965,0,-1.98249,-4.82647e+07
2,0,1.9,-0.663965,0,-1.97949,-3.82991e+07
2,0,1.9,-0.663965,0,-1.97649,-4.73467e+07
2,0,1.9,-0.663965,0,-1.97349,-4.10224e+07
2,0,1.9,-0.663965,0,-1.97049,-4.18976e+07
2,0,1.9,-0.663965,0,-1.96748,-4.74446e+07
2,0,1.9,-0.663965,0,-1.96448,-4.81584e+07
2,0,1.9,-0.663965,0,-1.96148,-3.9079e+07
2,0,1.9,-0.663965,0,-1.95848,-4.82161e+07
2,0,1.9,-0.663965,0,-1.95548,-4.75986e+07
2,0,1.9,-0.663965,0,-1.95248,-4.49029e+07
2,0,1.9,-0.663965,0,-1.94947,-4.10657e+07
2,0,1.9,-0.663965,0,-1.94647,-4.77054e+07
2,0,1.9,-0.663965,0,-1.94347,-4.79418e+07
2,0,1.9,-0.663965,0,-1.94047,-4.44749e+07
2,0,1.9,-0.663965,0,-1.93747,-3.99861e+07
2,0,1.9,-0.663965,0,-1.93447,-4.41689e+07
2,0,1.9,-0.663965,0,-1.93147,-3.75755e+07
2,0,1.9,-0.663965,0,-1.92846,-3.75422e+07
2,0,1.9,-0.663965,0,-1.92546,-4.33266e+07
2,0,1.9,-0.663965,0,-1.92246,-4.40542e+07
2,0,1.9,-0.663965,0,-1.91946,-3.89485e+07
2,0,1.9,-0.663965,0,-1.91646,-3.77719e+07
2,0,1.9,-0.663965,0,-1.91346,-3.75045e+07
2,0,1.9,-0.663965,0,-1.91046,-3.76698e+07
2,0,1.9,-0.663965,0,-1.90745,-4.84861e+07
2,0,1.9,-0.663965,0,-1.90445,-3.77109e+07
2,0,1.9,-0.663965,0,-1.90145,-4.30802e+07
2,0,1.9,-0.663965,0,-1.89845,-3.95843e+07
2,0,1.9,-0.663965,0,-1.89545,-3.7938e+07
2,0,1.9,-0.663965,0,-1.89245,-4.43742e+07
2,0,1.9,-0.663965,0,-1.88944,-4.08667e+07
2,0,1.9,-0.663965,0,-1.88644,-3.72718e+07
2,0,1.9,-0.663965,0,-1.88344,-4.08524e+07
2,0,1.9,-0.663965,0,-1.88044,-3.78907e+07
2,0,1.9,-0.663965,0,-1.87744,-3.77313e+07
2,0,1.9,-0.663965,0,-1.87444,-3.97651e+07
2,0,1.9,-0.663965,0,-1.87144,-3.96594e+07
2,0,1.9,-0.663965,0,-1.86843,-3.82059e+07
2,0,1.9,-0.663965,0,-1.86543,-3.90734e+07
2,0,1.9,-0.663965,0,-1.86243,-3.92731e+07
2,0,1.9,-0.663965,0,-1.85943,-3.83839e+07
2,0,1.9,-0.663965,0,-1.85643,-4.53732e+07
2,0,1.9,-0.663965,0,-1.85343,-4.37952e+07
2,0,1.9,-0.663965,0,-1.85043,-3.75946e+07
2,0,1.9,-0.663965,0,-1.84742,-3.93322e+07
2,0,1.9,-0.663965,0,-1.84442,-4.40486e+07
2,0,1.9,-0.663965,0,-1.84142,-3.73678e+07
2,0,1.9,-0.663965,0,-1.83842,-4.45925e+07
2,0,1.9,-0.663965,0,-1.83542,-3.77519e+07
2,0,1.9,-0.663965,0,-1.83242,-3.92127e+07
2,0,1.9,-0.663965,0,-1.82941,-4.44246e+07
2,0,1.9,-0.663965,0,-1.82641,-3.92821e+07
2,0,1.9,-0.663965,0,-1.82341,-3.78674e+07
2,0,1.9,-0.663965,0,-1.82041,-4.85092e+07
2,0,1.9,-0.663965,0,-1.81741,-4.41617e+07
2,0,1.9,-0.663965,0,-1.81441,-4.84231e+07
2,0,1.9,-0.663965,0,-1.81141,-3.80776e+07
2,0,1.9,-0.663965,0,-1.8084,-3.90834e+07
2,0,1.9,-0.663965,0,-1.8054,-3.90437e+07
2,0,1.9,-0.663965,0,-1.8024,-3.79303e+07
2,0,1.9,-0.663965,0,-1.7994,-3.8389e+07
2,0,1.9,-0.663965,0,-1.7964,-3.77596e+07
2,0,1.9,-0.663965,0,-1.7934,-4.47809e+07
2,0,1.9,-0.663965,0,-1.7904,-4.38556e+07
2,0,1.9,-0.663965,0,-1.78739,-4.22555e+07
2,0,1.9,-0.663965,0,-1.78439,-3.89705e+07
2,0,1.9,-0.663965,0,-1.78139,-3.92623e+07
2,0,1.9,-0.663965,0,-1.77839,-4.54535e+07
2,0,1.9,-0.663965,0,-1.77539,-4.32724e+07
2,0,1.9,-0.663965,0,-1.77239,-3.7268e+07
2,0,1.9,-0.663965,0,-1.76938,-3.86383e+07
2,0,1.9,-0.663965,0,-1.76638,-4.41426e+07
2,0,1.9,-0.663965,0,-1.76338,-3.91051e+07
2,0,1.9,-0.663965,0,-1.76038,-4.39881e+07
2,0,1.9,-0.663965,0,-1.75738,-4.81852e+07
2,0,1.9,-0.663965,0,-1.75438,-3.7811e+07
2,0,1.9,-0.663965,0,-1.75138,-4.39919e+07
2,0,1.9,-0.663965,0,-1.74837,-3.8845e+07
2,0,1.9,-0.663965,0,-1.74537,-4.34053e+07
2,0,1.9,-0.663965,0,-1.74237,-3.93409e+07
2,0,1.9,-0.663965,0,-1.73937,-3.72373e+07
2,0,1.9,-0.663965,0,-1.73637,-4.34149e+07
2,0,1.9,-0.663965,0,-1.73337,-4.31055e+07
2,0,1.9,-0.663965,0,-1.73037,-3.91168e+07
2,0,1.9,-0.663965,0,-1.72736,-4.38396e+07
2,0,1.9,-0.663965,0,-1.72436,-3.71849e+07
2,0,1.9,-0.663965,0,-1.72136,-3.85257e+07
2,0,1.9,-0.663965,0,-1.71836,-3.72273e+07
2,0,1.9,-0.663965,0,-1.71536,-4.10397e+07
2,0,1.9,-0.663965,0,-1.71236,-4.41668e+07
2,0,1.9,-0.663965,0,-1.70935,-4.01214e+07
2,0,1.9,-0.663965,0,-1.70635,-3.8987e+07
2,0,1.9,-0.663965,0,-1.70335,-4.25458e+07
2,0,1.9,-0.663965,0,-1.70035,-4.26403e+07
2,0,1.9,-0.663965,0,-1.69735,-3.74177e+07
2,0,1.9,-0.663965,0,-1.69435,-4.24701e+07
2,0,1.9,-0.663965,0,-1.69135,-4.25432e+07
2,0,1.9,-0.663965,0,-1.68834,-4.80285e+07
2,0,1.9,-0.663965,0,-1.68534,-4.75976e+07
2,0,1.9,-0.663965,0,-1.68234,-4.74337e+07
2,0,1.9,-0.663965,0,-1.67934,-4.73963e+07
2,0,1.9,-0.663965,0,-1.67634,-3.91114e+07
2,0,1.9,-0.663965,0,-1.67334,-4.82296e+07
2,0,1.9,-0.663965,0,-1.67034,-4.75531e+07
2,0,1.9,-0.663965,0,-1.66733,-4.19702e+07
2,0,1.9,-0.663965,0,-1.66433,-4.7333e+07
2,0,1.9,-0.663965,0,-1.66133,-4.70395e+07
2,0,1.9,-0.663965,0,-1.65833,-3.72887e+07
2,0,1.9,-0.663965,0,-1.65533,-4.7637e+07
2,0,1.9,-0.663965,0,-1.65233,-4.80799e+07
2,0,1.9,-0.663965,0,-1.64932,-3.96789e+07
2,0,1.9,-0.663965,0,-1.64632,-4.64859e+07
2,0,1.9,-0.663965,0,-1.64332,-3.74708e+07
2,0,1.9,-0.663965,0,-1.64032,-4.64373e+07
2,0,1.9,-0.663965,0,-1.63732,-3.75864e+07
2,0,1.9,-0.663965,0,-1.63432,-3.76074e+07
2,0,1.9,-0.663965,0,-1.63132,-4.57788e+07
2,0,1.9,-0.663965,0,-1.62831,-4.56603e+07
2,0,1.9,-0.663965,0,-1.62531,-4.81955e+07
2,0,1.9,-0.663965,0,-1.62231,-4.76325e+07
2,0,1.9,-0.663965,0,-1.61931,-4.80345e+07
2,0,1.9,-0.663965,0,-1.61631,-4.7343e+07
2,0,1.9,-0.663965,0,-1.61331,-4.5582e+07
2,0,1.9,-0.663965,0,-1.61031,-4.04754e+07
2,0,1.9,-0.663965,0,-1.6073,-3.75923e+07
2,0,1.9,-0.663965,0,-1.6043,-4.59017e+07
2,0,1.9,-0.663965,0,-1.6013,-3.80761e+07
2,0,1.9,-0.663965,0,-1.5983,-4.00328e+07
2,0,1.9,-0.663965,0,-1.5953,-4.65008e+07
2,0,1.9,-0.663965,0,-1.5923,-4.75884e+07
2,0,1.9,-0.663965,0,-1.58929,-4.38755e+07
2,0,1.9,-0.663965,0,-1.58629,-4.42982e+07
2,0,1.9,-0.663965,0,-1.58329,-4.42187e+07
2,0,1.9,-0.663965,0,-1.58029,-4.66028e+07
2,0,1.9,-0.663965,0,-1.57729,-4.39663e+07
2,0,1.9,-0.663965,0,-1.57429,-4.32578e+07
2,0,1.9,-0.663965,0,-1.57129,-4.35442e+07
2,0,1.9,-0.663965,0,-1.56828,-4.36681e+07
2,0,1.9,-0.663965,0,-1.56528,-4.27843e+07
2,0,1.9,-0.663965,0,-1.56228,-4.26475e+07
2,0,1.9,-0.663965,0,-1.55928,-4.47527e+07
2,0,1.9,-0.663965,0,-1.55628,-4.23746e+07
2,0,1.9,-0.663965,0,-1.55328,-4.22345e+07
2,0,1.9,-0.663965,0,-1.55028,-4.43017e+07
2,0,1.9,-0.663965,0,-1.54727,-4.3231e+07
2,0,1.9,-0.663965,0,-1.54427,-4.18114e+07
2,0,1.9,-0.663965,0,-1.54127,-3.75337e+07
2,0,1.9,-0.663965,0,-1.53827,-4.19466e+07
2,0,1.9,-0.663965,0,-1.53527,-3.87142e+07
2,0,1.9,-0.663965,0,-1.53227,-4.38093e+07
2,0,1.9,-0.663965,0,-1.52926,-4.10544e+07
2,0,1.9,-0.663965,0,-1.52626,-4.25794e+07
2,0,1.9,-0.663965,0,-1.52326,-4.0772e+07
2,0,1.9,-0.663965,0,-1.52026,-4.13168e+07
2,0,1.9,-0.663965,0,-1.51726,-4.06676e+07
2,0,1.9,-0.663965,0,-1.51426,-4.03041e+07
2,0,1.9,-0.663965,0,-1.51126,-4.03171e+07
2,0,1.9,-0.663965,0,-1.50825,-4.13889e+07
2,0,1.9,-0.663965,0,-1.50525,-4.09137e+07
2,0,1.9,-0.663965,0,-1.50225,-3.68963e+07
2,0,1.9,-0.663965,0,-1.49925,-3.97804e+07
2,0,1.9,-0.663965,0,-1.49625,-3.93331e+07
2,0,1.9,-0.663965,0,-1.49325,-3.91609e+07
2,0,1.9,-0.663965,0,-1.49025,-3.90498e+07
2,0,1.9,-0.663965,0,-1.48724,-3.95024e+07
2,0,1.9,-0.663965,0,-1.48424,-3.92893e+07
2,0,1.9,-0.663965,0,-1.48124,-3.85065e+07
2,0,1.9,-0.663965,0,-1.47824,-4.01741e+07
2,0,1.9,-0.663965,0,-1.47524,-3.81644e+07
2,0,1.9,-0.663965,0,-1.47224,-3.79572e+07
2,0,1.9,-0.663965,0,-1.46923,-4.44434e+07
2,0,1.9,-0.663965,0,-1.46623,-3.76447e+07
2,0,1.9,-0.663965,0,-1.46323,-3.7458e+07
2,0,1.9,-0.663965,0,-1.46023,-3.71768e+07
2,0,1.9,-0.663965,0,-1.45723,-4.36497e+07
2,0,1.9,-0.663965,0,-1.45423,-4.04992e+07
2,0,1.9,-0.663965,0,-1.45123,-4.35281e+07
2,0,1.9,-0.663965,0,-1.44822,-4.40512e+07
2,0,1.9,-0.663965,0,-1.44522,-3.67297e+07
2,0,1.9,-0.663965,0,-1.44222,-4.72931e+07
2,0,1.9,-0.663965,0,-1.43922,-4.75377e+07
2,0,1.9,-0.663965,0,-1.43622,-3.66486e+07
2,0,1.9,-0.663965,0,-1.43322,-4.67533e+07
2,0,1.9,-0.663965,0,-1.43022,-3.69657e+07
2,0,1.9,-0.663965,0,-1.42721,-3.69756e+07
2,0,1.9,-0.663965,0,-1.42421,-3.81614e+07
2,0,1.9,-0.663965,0,-1.42121,-3.86217e+07
2,0,1.9,-0.663965,0,-1.41821,-3.95005e+07
2,0,1.9,-0.663965,0,-1.41521,-4.48584e+07
2,0,1.9,-0.663965,0,-1.41221,-4.41478e+07
2,0,1.9,-0.663965,0,-1.4092,-4.51428e+07
2,0,1.9,-0.663965,0,-1.4062,-4.32555e+07
2,0,1.9,-0.663965,0,-1.4032,-4.30062e+07
2,0,1.9,-0.663965,0,-1.4002,-4.46286e+07
2,0,1.9,-0.663965,0,-1.3972,-4.33194e+07
2,0,1.9,-0.663965,0,-1.3942,-4.31033e+07
2,0,1.9,-0.663965,0,-1.3912,-4.19444e+07
2,0,1.9,-0.663965,0,-1.38819,-4.15866e+07
2,0,1.9,-0.663965,0,-1.38519,-3.76299e+07
2,0,1.9,-0.663965,0,-1.38219,-3.73944e+07
2,0,1.9,-0.663965,0,-1.37919,-4.47454e+07
2,0,1.9,-0.663965,0,-1.37619,-4.11173e+07
2,0,1.9,-0.663965,0,-1.37319,-4.07834e+07
2,0,1.9,-0.663965,0,-1.37019,-4.00987e+07
2,0,1.9,-0.663965,0,-1.36718,-3.98283e+07
2,0,1.9,-0.663965,0,-1.36418,-4.05761e+07
2,0,1.9,-0.663965,0,-1.36118,-4.54187e+07
2,0,1.9,-0.663965,0,-1.35818,-3.93069e+07
2,0,1.9,-0.663965,0,-1.35518,-4.49394e+07
2,0,1.9,-0.663965,0,-1.35218,-3.80855e+07
2,0,1.9,-0.663965,0,-1.34917,-3.88215e+07
2,0,1.9,-0.663965,0,-1.34617,-3.79933e+07
2,0,1.9,-0.663965,0,-1.34317,-3.65892e+07
2,0,1.9,-0.663965,0,-1.34017,-3.67676e+07
2,0,1.9,-0.663965,0,-1.33717,-3.7389e+07
2,0,1.9,-0.663965,0,-1.33417,-4.16788e+07
2,0,1.9,-0.663965,0,-1.33117,-3.69563e+07
2,0,1.9,-0.663965,0,-1.32816,-3.66795e+07
2,0,1.9,-0.663965,0,-1.32516,-4.55551e+07
2,0,1.9,-0.663965,0,-1.32216,-4.55722e+07
2,0,1.9,-0.663965,0,-1.31916,-4.4788e+07
2,0,1.9,-0.663965,0,-1.31616,-4.61809e+07
2,0,1.9,-0.663965,0,-1.31316,-4.37033e+07
2,0,1.9,-0.663965,0,-1.31016,-4.363e+07
2,0,1.9,-0.663965,0,-1.30715,-4.2038e+07
2,0,1.9,-0.663965,0,-1.30415,-4.20188e+07
2,0,1.9,-0.663965,0,-1.30115,-4.11771e+07
2,0,1.9,-0.663965,0,-1.29815,-3.78201e+07
2,0,1.9,-0.663965,0,-1.29515,-4.42732e+07
2,0,1.9,-0.663965,0,-1.29215,-4.16538e+07
2,0,1.9,-0.663965,0,-1.28914,-3.97578e+07
2,0,1.9,-0.663965,0,-1.28614,-3.85938e+07
2,0,1.9,-0.663965,0,-1.28314,-4.51525e+07
2,0,1.9,-0.663965,0,-1.28014,-4.44639e+07
2,0,1.9,-0.663965,0,-1.27714,-3.79679e+07
2,0,1.9,-0.663965,0,-1.27414,-4.28952e+07
2,0,1.9,-0.663965,0,-1.27114,-4.09677e+07
2,0,1.9,-0.663965,0,-1.26813,-3.69162e+07
2,0,1.9,-0.663965,0,-1.26513,-4.55639e+07
2,0,1.9,-0.663965,0,-1.26213,-3.62688e+07
2,0,1.9,-0.663965,0,-1.25913,-4.34261e+07
2,0,1.9,-0.663965,0,-1.25613,-4.53008e+07
2,0,1.9,-0.663965,0,-1.25313,-3.78391e+07
2,0,1.9,-0.663965,0,-1.25013,-4.18276e+07
2,0,1.9,-0.663965,0,-1.24712,-3.72397e+07
2,0,1.9,-0.663965,0,-1.24412,-4.03624e+07
2,0,1.9,-0.663965,0,-1.24112,-3.59329e+07
2,0,1.9,-0.663965,0,-1.23812,-4.51003e+07
2,0,1.9,-0.663965,0,-1.23512,-3.74884e+07
2,0,1.9,-0.663965,0,-1.23212,-3.9708e+07
2,0,1.9,-0.663965,0,-1.22911,-3.79167e+07
2,0,1.9,-0.663965,0,-1.22611,-3.59075e+07
2,0,1.9,-0.663965,0,-1.22311,-4.5062e+07
2,0,1.9,-0.663965,0,-1.22011,-3.9576e+07
2,0,1.9,-0.663965,0,-1.21711,-4.30823e+07
2,0,1.9,-0.663965,0,-1.21411,-4.2432e+07
2,0,1.9,-0.663965,0,-1.21111,-4.13295e+07
2,0,1.9,-0.663965,0,-1.2081,-4.0462e+07
2,0,1.9,-0.663965,0,-1.2051,-3.98871e+07
2,0,1.9,-0.663965,0,-1.2021,-4.43563e+07
2,0,1.9,-0.663965,0,-1.1991,-3.72641e+07
2,0,1.9,-0.663965,0,-1.1961,-3.61738e+07
2,0,1.9,-0.663965,0,-1.1931,-3.51194e+07
2,0,1.9,-0.663965,0,-1.1901,-4.44203e+07
2,0,1.9,-0.663965,0,-1.18709,-4.22045e+07
2,0,1.9,-0.663965,0,-1.18409,-4.22194e+07
2,0,1.9,-0.663965,0,-1.18109,-3.99419e+07
2,0,1.9,-0.663965,0,-1.17809,-4.19964e+07
2,0,1.9,-0.663965,0,-1.17509,-4.46435e+07
2,0,1.9,-0.663965,0,-1.17209,-3.68707e+07
2,0,1.9,-0.663965,0,-1.16908,-4.44998e+07
2,0,1.9,-0.663965,0,-1.16608,-3.80707e+07
2,0,1.9,-0.663965,0,-1.16308,-4.06329e+07
2,0,1.9,-0.663965,0,-1.16008,-3.81539e+07
2,0,1.9,-0.663965,0,-1.15708,-4.26596e+07
2,0,1.9,-0.663965,0,-1.15408,-3.6938e+07
2,0,1.9,-0.663965,0,-1.15108,-3.60693e+07
2,0,1.9,-0.663965,0,-1.14807,-3.96039e+07
2,0,1.9,-0.663965,0,-1.14507,-3.98856e+07
2,0,1.9,-0.663965,0,-1.14207,-4.05502e+07
2,0,1.9,-0.663965,0,-1.13907,-4.31145e+07
2,0,1.9,-0.663965,0,-1.13607,-4.04179e+07
2,0,1.9,-0.663965,0,-1.13307,-3.51045e+07
2,0,1.9,-0.663965,0,-1.13007,-3.50088e+07
2,0,1.9,-0.663965,0,-1.12706,-3.8891e+07
2,0,1.9,-0.663965,0,-1.12406,-4.06637e+07
2,0,1.9,-0.663965,0,-1.12106,-3.44614e+07
2,0,1.9,-0.663965,0,-1.11806,-4.1371e+07
2,0,1.9,-0.663965,0,-1.11506,-3.31952e+07
2,0,1.9,-0.663965,0,-1.11206,-3.76153e+07
2,0,1.9,-0.663965,0,-1.10905,-3.9872e+07
2,0,1.9,-0.663965,0,-1.10605,-3.33162e+07
2,0,1.9,-0.663965,0,-1.10305,2.91269e+07
2,0,1.9,-0.663965,0,-1.10005,3.95043e+07
2,0,1.9,-0.663965,0,-1.09705,3.37689e+07
2,0,1.9,-0.663965,0,-1.09405,3.33851e+07
2,0,1.9,-0.663965,0,-1.09105,4.09991e+07
2,0,1.9,-0.663965,0,-1.08804,3.87279e+07
2,0,1.9,-0.663965,0,-1.08504,3.46327e+07
2,0,1.9,-0.663965,0,-1.08204,4.11274e+07
2,0,1.9,-0.663965,0,-1.07904,3.57578e+07
2,0,1.9,-0.663965,0,-1.07604,3.32128e+07
2,0,1.9,-0.663965,0,-1.07304,3.96016e+07
2,0,1.9,-0.663965,0,-1.07004,4.07022e+07
2,0,1.9,-0.663965,0,-1.06703,3.65221e+07
2,0,1.9,-0.663965,0,-1.06403,4.37182e+07
2,0,1.9,-0.663965,0,-1.06103,3.4547e+07
2,0,1.9,-0.663965,0,-1.05803,4.33902e+07
2,0,1.9,-0.663965,0,-1.05503,3.753e+07
2,0,1.9,-0.663965,0,-1.05203,3.99881e+07
2,0,1.9,-0.663965,0,-1.04902,4.02611e+07
2,0,1.9,-0.663965,0,-1.04602,4.20177e+07
2,0,1.9,-0.663965,0,-1.04302,3.57827e+07
2,0,1.9,-0.663965,0,-1.04002,3.57156e+07
2,0,1.9,-0.663965,0,-1.03702,3.82462e+07
2,0,1.9,-0.663965,0,-1.03402,4.03649e+07
2,0,1.9,-0.663965,0,-1.03102,4.09838e+07
2,0,1.9,-0.663965,0,-1.02801,4.31661e+07
2,0,1.9,-0.663965,0,-1.02501,4.01487e+07
2,0,1.9,-0.663965,0,-1.02201,4.17949e+07
2,0,1.9,-0.663965,0,-1.01901,4.34123e+07
2,0,1.9,-0.663965,0,-1.01601,3.53967e+07
2,0,1.9,-0.663965,0,-1.01301,4.04697e+07
2,0,1.9,-0.663965,0,-1.01001,3.71201e+07
2,0,1.9,-0.663965,0,-1.007,4.44771e+07
2,0,1.9,-0.663965,0,-1.004,4.43669e+07
2,0,1.9,-0.663965,0,-1.001,4.09542e+07
2,0,1.9,-0.663965,0,-0.997999,3.61816e+07
2,0,1.9,-0.663965,0,-0.994997,3.89694e+07
2,0,1.9,-0.663965,0,-0.991996,3.89618e+07
2,0,1.9,-0.663965,0,-0.988994,4.03008e+07
2,0,1.9,-0.663965,0,-0.985993,3.6155e+07
2,0,1.9,-0.663965,0,-0.982991,4.17875e+07
2,0,1.9,-0.663965,0,-0.97999,3.84805e+07
2,0,1.9,-0.663965,0,-0.976988,4.54835e+07
2,0,1.9,-0.663965,0,-0.973987,4.60992e+07
2,0,1.9,-0.663965,0,-0.970985,3.72827e+07
2,0,1.9,-0.663965,0,-0.967984,4.24783e+07
2,0,1.9,-0.663965,0,-0.964982,3.80322e+07
2,0,1.9,-0.663965,0,-0.961981,4.00226e+07
2,0,1.9,-0.663965,0,-0.958979,4.5323e+07
2,0,1.9,-0.663965,0,-0.955978,4.12813e+07
2,0,1.9,-0.663965,0,-0.952976,4.32278e+07
2,0,1.9,-0.663965,0,-0.949975,4.13457e+07
2,0,1.9,-0.663965,0,-0.946973,4.32211e+07
2,0,1.9,-0.663965,0,-0.943972,3.86074e+07
2,0,1.9,-0.663965,0,-0.94097,3.93716e+07
2,0,1.9,-0.663965,0,-0.937969,4.01699e+07
2,0,1.9,-0.663965,0,-0.934967,4.09336e+07
2,0,1.9,-0.663965,0,-0.931966,4.17904e+07
2,0,1.9,-0.663965,0,-0.928964,3.86902e+07
2,0,1.9,-0.663965,0,-0.925963,4.37838e+07
2,0,1.9,-0.663965,0,-0.922961,4.42487e+07
2,0,1.9,-0.663965,0,-0.91996,4.49059e+07
2,0,1.9,-0.663965,0,-0.916958,4.00411e+07
2,0,1.9,-0.663965,0,-0.913957,4.18674e+07
2,0,1.9,-0.663965,0,-0.910955,4.36665e+07
2,0,1.9,-0.663965,0,-0.907954,4.26217e+07
2,0,1.9,-0.663965,0,-0.904952,4.45369e+07
2,0,1.9,-0.663965,0,-0.901951,4.29843e+07
2,0,1.9,-0.663965,0,-0.898949,3.97215e+07
2,0,1.9,-0.663965,0,-0.895948,4.48837e+07
2,0,1.9,-0.663965,0,-0.892946,4.58193e+07
2,0,1.9,-0.663965,0,-0.889945,4.71028e+07
2,0,1.9,-0.663965,0,-0.886943,3.86871e+07
2,0,1.9,-0.663965,0,-0.883942,3.76933e+07
2,0,1.9,-0.663965,0,-0.88094,3.7821e+07
2,0,1.9,-0.663965,0,-0.877939,4.02632e+07
2,0,1.9,-0.663965,0,-0.874937,3.80882e+07
2,0,1.9,-0.663965,0,-0.871936,4.00342e+07
2,0,1.9,-0.663965,0,-0.868934,3.95654e+07
2,0,1.9,-0.663965,0,-0.865933,3.93986e+07
2,0,1.9,-0.663965,0,-0.862931,4.05356e+07
2,0,1.9,-0.663965,0,-0.85993,4.08579e+07
2,0,1.9,-0.663965,0,-0.856928,4.1734e+07
2,0,1.9,-0.663965,0,-0.853927,4.19796e+07
2,0,1.9,-0.663965,0,-0.850925,4.29204e+07
2,0,1.9,-0.663965,0,-0.847924,4.33001e+07
2,0,1.9,-0.663965,0,-0.844922,4.53281e+07
2,0,1.9,-0.663965,0,-0.841921,4.43081e+07
2,0,1.9,-0.663965,0,-0.838919,4.76839e+07
2,0,1.9,-0.663965,0,-0.835918,4.54794e+07
2,0,1.9,-0.663965,0,-0.832916,3.71123e+07
2,0,1.9,-0.663965,0,-0.829915,4.6604e+07
2,0,1.9,-0.663965,0,-0.826913,4.22806e+07
2,0,1.9,-0.663965,0,-0.823912,3.75027e+07
2,0,1.9,-0.663965,0,-0.82091,3.88499e+07
2,0,1.9,-0.663965,0,-0.817909,3.77682e+07
2,0,1.9,-0.663965,0,-0.814907,3.97532e+07
2,0,1.9,-0.663965,0,-0.811906,3.96501e+07
2,0,1.9,-0.663965,0,-0.808904,4.07942e+07
2,0,1.9,-0.663965,0,-0.805903,4.12853e+07
2,0,1.9,-0.663965,0,-0.802901,4.25395e+07
2,0,1.9,-0.663965,0,-0.7999,4.2326e+07
2,0,1.9,-0.663965,0,-0.796898,4.35324e+07
2,0,1.9,-0.663965,0,-0.793897,4.14409e+07
2,0,1.9,-0.663965,0,-0.790895,4.56167e+07
2,0,1.9,-0.663965,0,-0.787894,4.4167e+07
2,0,1.9,-0.663965,0,-0.784892,4.44486e+07
2,0,1.9,-0.663965,0,-0.781891,3.86749e+07
2,0,1.9,-0.663965,0,-0.778889,4.37761e+07
2,0,1.9,-0.663965,0,-0.775888,4.41447e+07
2,0,1.9,-0.663965,0,-0.772886,3.9753e+07
2,0,1.9,-0.663965,0,-0.769885,4.02631e+07
2,0,1.9,-0.663965,0,-0.766883,4.57308e+07
2,0,1.9,-0.663965,0,-0.763882,4.55654e+07
2,0,1.9,-0.663965,0,-0.76088,3.9811e+07
2,0,1.9,-0.663965,0,-0.757879,4.16856e+07
2,0,1.9,-0.663965,0,-0.754877,4.20457e+07
2,0,1.9,-0.663965,0,-0.751876,3.83087e+07
2,0,1.9,-0.663965,0,-0.748874,3.96258e+07
2,0,1.9,-0.663965,0,-0.745873,3.78383e+07
2,0,1.9,-0.663965,0,-0.742871,3.9379e+07
2,0,1.9,-0.663965,0,-0.73987,3.94126e+07
2,0,1.9,-0.663965,0,-0.736868,4.05441e+07
2,0,1.9,-0.663965,0,-0.733867,3.89262e+07
2,0,1.9,-0.663965,0,-0.730865,4.27733e+07
2,0,1.9,-0.663965,0,-0.727864,4.11012e+07
2,0,1.9,-0.663965,0,-0.724862,3.94758e+07
2,0,1.9,-0.663965,0,-0.721861,4.399e+07
2,0,1.9,-0.663965,0,-0.718859,4.23297e+07
2,0,1.9,-0.663965,0,-0.715858,4.11921e+07
2,0,1.9,-0.663965,0,-0.712856,4.39894e+07
2,0,1.9,-0.663965,0,-0.709855,4.329e+07
2,0,1.9,-0.663965,0,-0.706853,4.29508e+07
2,0,1.9,-0.663965,0,-0.703852,4.60048e+07
2,0,1.9,-0.663965,0,-0.70085,3.86444e+07
2,0,1.9,-0.663965,0,-0.697849,3.85637e+07
2,0,1.9,-0.663965,0,-0.694847,4.74553e+07
2,0,1.9,-0.663965,0,-0.691846,4.40633e+07
2,0,1.9,-0.663965,0,-0.688844,4.81194e+07
2,0,1.9,-0.663965,0,-0.685843,4.5185e+07
2,0,1.9,-0.663965,0,-0.682841,4.5807e+07
2,0,1.9,-0.663965,0,-0.67984,4.62928e+07
2,0,1.9,-0.663965,0,-0.676838,4.1974e+07
2,0,1.9,-0.663965,0,-0.673837,4.62597e+07
2,0,1.9,-0.663965,0,-0.670835,4.66054e+07
2,0,1.9,-0.663965,0,-0.667834,3.87844e+07
2,0,1.9,-0.663965,0,-0.664832,4.31744e+07
2,0,1.9,-0.663965,0,-0.661831,4.77094e+07
2,0,1.9,-0.663965,0,-0.658829,4.78132e+07
2,0,1.9,-0.663965,0,-0.655828,4.81895e+07
2,0,1.9,-0.663965,0,-0.652826,4.88269e+07
2,0,1.9,-0.663965,0,-0.649825,3.86532e+07
2,0,1.9,-0.663965,0,-0.646823,3.80403e+07
2,0,1.9,-0.663965,0,-0.643822,3.90096e+07
2,0,1.9,-0.663965,0,-0.64082,3.89323e+07
2,0,1.9,-0.663965,0,-0.637819,4.03075e+07
2,0,1.9,-0.663965,0,-0.634817,3.89222e+07
2,0,1.9,-0.663965,0,-0.631816,3.9201e+07
2,0,1.9,-0.663965,0,-0.628814,4.00371e+07
2,0,1.9,-0.663965,0,-0.625813,3.98494e+07
2,0,1.9,-0.663965,0,-0.622811,4.09386e+07
2,0,1.9,-0.663965,0,-0.61981,4.10741e+07
2,0,1.9,-0.663965,0,-0.616808,4.43601e+07
2,0,1.9,-0.663965,0,-0.613807,4.21369e+07
2,0,1.9,-0.663965,0,-0.610805,4.18512e+07
2,0,1.9,-0.663965,0,-0.607804,4.17512e+07
2,0,1.9,-0.663965,0,-0.604802,4.26045e+07
2,0,1.9,-0.663965,0,-0.601801,4.22923e+07
2,0,1.9,-0.663965,0,-0.598799,4.29772e+07
2,0,1.9,-0.663965,0,-0.595798,4.72681e+07
2,0,1.9,-0.663965,0,-0.592796,4.32361e+07
2,0,1.9,-0.663965,0,-0.589795,4.3546e+07
2,0,1.9,-0.663965,0,-0.586793,3.89668e+07
2,0,1.9,-0.663965,0,-0.583792,4.72298e+07
2,0,1.9,-0.663965,0,-0.58079,4.70292e+07
2,0,1.9,-0.663965,0,-0.577789,4.6133e+07
2,0,1.9,-0.663965,0,-0.574787,4.50878e+07
2,0,1.9,-0.663965,0,-0.571786,4.56824e+07
2,0,1.9,-0.663965,0,-0.568784,4.6884e+07
2,0,1.9,-0.663965,0,-0.565783,4.80102e+07
2,0,1.9,-0.663965,0,-0.562781,4.70269e+07
2,0,1.9,-0.663965,0,-0.55978,4.56274e+07
2,0,1.9,-0.663965,0,-0.556778,4.68834e+07
2,0,1.9,-0.663965,0,-0.553777,4.69023e+07
2,0,1.9,-0.663965,0,-0.550775,4.17974e+07
2,0,1.9,-0.663965,0,-0.547774,3.89266e+07
2,0,1.9,-0.663965,0,-0.544772,3.87354e+07
2,0,1.9,-0.663965,0,-0.541771,4.24719e+07
2,0,1.9,-0.663965,0,-0.538769,4.91501e+07
2,0,1.9,-0.663965,0,-0.535768,4.3357e+07
2,0,1.9,-0.663965,0,-0.532766,4.40941e+07
2,0,1.9,-0.663965,0,-0.529765,3.82527e+07
2,0,1.9,-0.663965,0,-0.526763,4.93096e+07
2,0,1.9,-0.663965,0,-0.523762,3.85522e+07
2,0,1.9,-0.663965,0,-0.52076,3.87604e+07
2,0,1.9,-0.663965,0,-0.517759,4.43665e+07
2,0,1.9,-0.663965,0,-0.514757,4.07881e+07
2,0,1.9,-0.663965,0,-0.511756,3.97797e+07
2,0,1.9,-0.663965,0,-0.508754,4.33966e+07
2,0,1.9,-0.663965,0,-0.505753,3.95713e+07
2,0,1.9,-0.663965,0,-0.502751,4.39611e+07
2,0,1.9,-0.663965,0,-0.49975,4.06034e+07
2,0,1.9,-0.663965,0,-0.496748,3.9955e+07
2,0,1.9,-0.663965,0,-0.493747,4.16814e+07
2,0,1.9,-0.663965,0,-0.490745,4.6136e+07
2,0,1.9,-0.663965,0,-0.487744,4.72392e+07
2,0,1.9,-0.663965,0,-0.484742,4.13593e+07
2,0,1.9,-0.663965,0,-0.481741,4.76436e+07
2,0,1.9,-0.663965,0,-0.478739,4.177e+07
2,0,1.9,-0.663965,0,-0.475738,4.55028e+07
2,0,1.9,-0.663965,0,-0.472736,4.19924e+07
2,0,1.9,-0.663965,0,-0.469735,4.20319e+07
2,0,1.9,-0.663965,0,-0.466733,4.33472e+07
2,0,1.9,-0.663965,0,-0.463732,4.33959e+07
2,0,1.9,-0.663965,0,-0.46073,4.24258e+07
2,0,1.9,-0.663965,0,-0.457729,4.41395e+07
2,0,1.9,-0.663965,0,-0.454727,4.93317e+07
2,0,1.9,-0.663965,0,-0.451726,4.30669e+07
2,0,1.9,-0.663965,0,-0.448724,4.33533e+07
2,0,1.9,-0.663965,0,-0.445723,4.38502e+07
2,0,1.9,-0.663965,0,-0.442721,4.39446e+07
2,0,1.9,-0.663965,0,-0.43972,4.74871e+07
2,0,1.9,-0.663965,0,-0.436718,4.55181e+07
2,0,1.9,-0.663965,0,-0.433717,4.4296e+07
2,0,1.9,-0.663965,0,-0.430715,3.93971e+07
2,0,1.9,-0.663965,0,-0.427714,4.43538e+07
2,0,1.9,-0.663965,0,-0.424712,4.6515e+07
2,0,1.9,-0.663965,0,-0.421711,4.51456e+07
2,0,1.9,-0.663965,0,-0.418709,4.52384e+07
2,0,1.9,-0.663965,0,-0.415708,4.57434e+07
2,0,1.9,-0.663965,0,-0.412706,4.60368e+07
2,0,1.9,-0.663965,0,-0.409705,4.62394e+07
2,0,1.9,-0.663965,0,-0.406703,4.60887e+07
2,0,1.9,-0.663965,0,-0.403702,4.62701e+07
2,0,1.9,-0.663965,0,-0.4007,4.84989e+07
2,0,1.9,-0.663965,0,-0.397699,3.88973e+07
2,0,1.9,-0.663965,0,-0.394697,4.68753e+07
2,0,1.9,-0.663965,0,-0.391696,3.90446e+07
2,0,1.9,-0.663965,0,-0.388694,4.36807e+07
2,0,1.9,-0.663965,0,-0.385693,4.83206e+07
2,0,1.9,-0.663965,0,-0.382691,4.77266e+07
2,0,1.9,-0.663965,0,-0.37969,4.2376e+07
2,0,1.9,-0.663965,0,-0.376688,4.8136e+07
2,0,1.9,-0.663965,0,-0.373687,4.23304e+07
2,0,1.9,-0.663965,0,-0.370685,3.96542e+07
2,0,1.9,-0.663965,0,-0.367684,4.85968e+07
2,0,1.9,-0.663965,0,-0.364682,4.8503e+07
2,0,1.9,-0.663965,0,-0.361681,4.96302e+07
2,0,1.9,-0.663965,0,-0.358679,3.89087e+07
2,0,1.9,-0.663965,0,-0.355678,3.91386e+07
2,0,1.9,-0.663965,0,-0.352676,4.93597e+07
2,0,1.9,-0.663965,0,-0.349675,3.99391e+07
2,0,1.9,-0.663965,0,-0.346673,3.88415e+07
2,0,1.9,-0.663965,0,-0.343672,4.40482e+07
2,0,1.9,-0.663965,0,-0.34067,3.85953e+07
2,0,1.9,-0.663965,0,-0.337669,4.95298e+07
2,0,1.9,-0.663965,0,-0.334667,3.86313e+07
2,0,1.9,-0.663965,0,-0.331666,3.84797e+07
2,0,1.9,-0.663965,0,-0.328664,3.85891e+07
2,0,1.9,-0.663965,0,-0.325663,4.0757e+07
2,0,1.9,-0.663965,0,-0.322661,4.04017e+07
2,0,1.9,-0.663965,0,-0.31966,4.32721e+07
2,0,1.9,-0.663965,0,-0.316658,3.94535e+07
2,0,1.9,-0.663965,0,-0.313657,3.96622e+07
2,0,1.9,-0.663965,0,-0.310655,3.99378e+07
2,0,1.9,-0.663965,0,-0.307654,3.98542e+07
2,0,1.9,-0.663965,0,-0.304652,3.93095e+07
2,0,1.9,-0.663965,0,-0.301651,4.03539e+07
2,0,1.9,-0.663965,0,-0.298649,4.05399e+07
2,0,1.9,-0.663965,0,-0.295648,3.96763e+07
2,0,1.9,-0.663965,0,-0.292646,4.05019e+07
2,0,1.9,-0.663965,0,-0.289645,3.9996e+07
2,0,1.9,-0.663965,0,-0.286643,4.08366e+07
2,0,1.9,-0.663965,0,-0.283642,4.01374e+07
2,0,1.9,-0.663965,0,-0.28064,4.10128e+07
2,0,1.9,-0.663965,0,-0.277639,4.1138e+07
2,0,1.9,-0.663965,0,-0.274637,4.11634e+07
2,0,1.9,-0.663965,0,-0.271636,4.16002e+07
2,0,1.9,-0.663965,0,-0.268634,4.17348e+07
2,0,1.9,-0.663965,0,-0.265633,4.32256e+07
2,0,1.9,-0.663965,0,-0.262631,4.1679e+07
2,0,1.9,-0.663965,0,-0.25963,4.38337e+07
2,0,1.9,-0.663965,0,-0.256628,4.23048e+07
2,0,1.9,-0.663965,0,-0.253627,4.3309e+07
2,0,1.9,-0.663965,0,-0.250625,4.24249e+07
2,0,1.9,-0.663965,0,-0.247624,4.27062e+07
2,0,1.9,-0.663965,0,-0.244622,4.21432e+07
2,0,1.9,-0.663965,0,-0.241621,4.17717e+07
2,0,1.9,-0.663965,0,-0.238619,4.1979e+07
2,0,1.9,-0.663965,0,-0.235618,4.32327e+07
2,0,1.9,-0.663965,0,-0.232616,4.41613e+07
2,0,1.9,-0.663965,0,-0.229615,4.20602e+07
2,0,1.9,-0.663965,0,-0.226613,4.29674e+07
2,0,1.9,-0.663965,0,-0.223612,4.2932e+07
2,0,1.9,-0.663965,0,-0.22061,4.37601e+07
2,0,1.9,-0.663965,0,-0.217609,4.27619e+07
2,0,1.9,-0.663965,0,-0.214607,4.46189e+07
2,0,1.9,-0.663965,0,-0.211606,4.33844e+07
2,0,1.9,-0.663965,0,-0.208604,4.28947e+07
2,0,1.9,-0.663965,0,-0.205603,4.99583e+07
2,0,1.9,-0.663965,0,-0.202601,4.35329e+07
2,0,1.9,-0.663965,0,-0.1996,4.43867e+07
2,0,1.9,-0.663965,0,-0.196598,3.89368e+07
2,0,1.9,-0.663965,0,-0.193597,4.39888e+07
2,0,1.9,-0.663965,0,-0.190595,4.39256e+07
2,0,1.9,-0.663965,0,-0.187594,4.44347e+07
2,0,1.9,-0.663965,0,-0.184592,4.40206e+07
2,0,1.9,-0.663965,0,-0.181591,4.78881e+07
2,0,1.9,-0.663965,0,-0.178589,4.42144e+07
2,0,1.9,-0.663965,0,-0.175588,4.68038e+07
2,0,1.9,-0.663965,0,-0.172586,4.39282e+07
2,0,1.9,-0.663965,0,-0.169585,4.39638e+07
2,0,1.9,-0.663965,0,-0.166583,4.45976e+07
2,0,1.9,-0.663965,0,-0.163582,4.37753e+07
2,0,1.9,-0.663965,0,-0.16058,4.45495e+07
2,0,1.9,-0.663965,0,-0.157579,4.45368e+07
2,0,1.9,-0.663965,0,-0.154577,3.95343e+07
2,0,1.9,-0.663965,0,-0.151576,3.96167e+07
2,0,1.9,-0.663965,0,-0.148574,4.50922e+07
2,0,1.9,-0.663965,0,-0.145573,4.65693e+07
2,0,1.9,-0.663965,0,-0.142571,3.93018e+07
2,0,1.9,-0.663965,0,-0.13957,4.65521e+07
2,0,1.9,-0.663965,0,-0.136568,4.52064e+07
2,0,1.9,-0.663965,0,-0.133567,4.45513e+07
2,0,1.9,-0.663965,0,-0.130565,3.90177e+07
2,0,1.9,-0.663965,0,-0.127564,4.43908e+07
2,0,1.9,-0.663965,0,-0.124562,4.45887e+07
2,0,1.9,-0.663965,0,-0.121561,4.67379e+07
2,0,1.9,-0.663965,0,-0.118559,4.5186e+07
2,0,1.9,-0.663965,0,-0.115558,4.63257e+07
2,0,1.9,-0.663965,0,-0.112556,4.62099e+07
2,0,1.9,-0.663965,0,-0.109555,4.93152e+07
2,0,1.9,-0.663965,0,-0.106553,4.13663e+07
2,0,1.9,-0.663965,0,-0.103552,4.55409e+07
2,0,1.9,-0.663965,0,-0.10055,4.14119e+07
2,0,1.9,-0.663965,0,-0.0975488,4.53016e+07
2,0,1.9,-0.663965,0,-0.0945473,4.1432e+07
2,0,1.9,-0.663965,0,-0.0915458,4.59794e+07
2,0,1.9,-0.663965,0,-0.0885443,4.56743e+07
2,0,1.9,-0.663965,0,-0.0855428,4.72381e+07
2,0,1.9,-0.663965,0,-0.0825413,4.81746e+07
2,0,1.9,-0.663965,0,-0.0795398,4.55483e+07
2,0,1.9,-0.663965,0,-0.0765383,4.7497e+07
2,0,1.9,-0.663965,0,-0.0735368,4.73927e+07
2,0,1.9,-0.663965,0,-0.0705353,4.58912e+07
2,0,1.9,-0.663965,0,-0.0675338,4.74259e+07
2,0,1.9,-0.663965,0,-0.0645323,4.09276e+07
2,0,1.9,-0.663965,0,-0.0615308,4.96553e+07
2,0,1.9,-0.663965,0,-0.0585293,4.86947e+07
2,0,1.9,-0.663965,0,-0.0555278,4.5751e+07
2,0,1.9,-0.663965,0,-0.0525263,4.51741e+07
2,0,1.9,-0.663965,0,-0.0495248,4.66544e+07
2,0,1.9,-0.663965,0,-0.0465233,4.53186e+07
2,0,1.9,-0.663965,0,-0.0435218,4.52884e+07
2,0,1.9,-0.663965,0,-0.0405203,4.57998e+07
2,0,1.9,-0.663965,0,-0.0375188,4.49067e+07
2,0,1.9,-0.663965,0,-0.0345173,4.5012e+07
2,0,1.9,-0.663965,0,-0.0315158,4.72763e+07
2,0,1.9,-0.663965,0,-0.0285143,4.52869e+07
2,0,1.9,-0.663965,0,-0.0255128,4.60477e+07
2,0,1.9,-0.663965,0,-0.0225113,4.75016e+07
2,0,1.9,-0.663965,0,-0.0195098,4.49838e+07
2,0,1.9,-0.663965,0,-0.0165083,4.57418e+07
2,0,1.9,-0.663965,0,-0.0135068,3.85515e+07
2,0,1.9,-0.663965,0,-0.0105053,4.55861e+07
2,0,1.9,-0.663965,0,-0.00750375,4.5694e+07
2,0,1.9,-0.663965,0,-0.00450225,4.7996e+07
2,0,1.9,-0.663965,0,-0.00150075,4.60874e+07
2,0,1.9,-0.663965,0,0.00150075,4.68194e+07
2,0,1.9,-0.663965,0,0.00450225,4.68691e+07
2,0,1.9,-0.663965,0,0.00750375,4.67894e+07
2,0,1.9,-0.663965,0,0.0105053,4.53057e+07
2,0,1.9,-0.663965,0,0.0135068,4.46115e+07
2,0,1.9,-0.663965,0,0.0165083,4.51723e+07
2,0,1.9,-0.663965,0,0.0195098,4.51601e+07
2,0,1.9,-0.663965,0,0.0225113,4.52063e+07
2,0,1.9,-0.663965,0,0.0255128,4.50814e+07
2,0,1.9,-0.663965,0,0.0285143,3.9669e+07
2,0,1.9,-0.663965,0,0.0315158,4.4924e+07
2,0,1.9,-0.663965,0,0.0345173,4.45474e+07
2,0,1.9,-0.663965,0,0.0375188,4.47008e+07
2,0,1.9,-0.663965,0,0.0405203,4.47389e+07
2,0,1.9,-0.663965,0,0.0435218,4.54646e+07
2,0,1.9,-0.663965,0,0.0465233,4.46133e+07
2,0,1.9,-0.663965,0,0.0495248,4.47431e+07
2,0,1.9,-0.663965,0,0.0525263,4.49796e+07
2,0,1.9,-0.663965,0,0.0555278,4.41816e+07
2,0,1.9,-0.663965,0,0.0585293,4.55519e+07
2,0,1.9,-0.663965,0,0.0615308,4.42145e+07
2,0,1.9,-0.663965,0,0.0645323,4.16781e+07
2,0,1.9,-0.663965,0,0.0675338,4.41512e+07
2,0,1.9,-0.663965,0,0.0705353,4.55787e+07
2,0,1.9,-0.663965,0,0.0735368,4.3923e+07
2,0,1.9,-0.663965,0,0.0765383,4.28429e+07
2,0,1.9,-0.663965,0,0.0795398,4.29958e+07
2,0,1.9,-0.663965,0,0.0825413,4.3439e+07
2,0,1.9,-0.663965,0,0.0855428,4.39003e+07
2,0,1.9,-0.663965,0,0.0885443,4.65683e+07
2,0,1.9,-0.663965,0,0.0915458,4.33299e+07
2,0,1.9,-0.663965,0,0.0945473,4.30667e+07
2,0,1.9,-0.663965,0,0.0975488,4.43182e+07
2,0,1.9,-0.663965,0,0.10055,4.3464e+07
2,0,1.9,-0.663965,0,0.103552,4.47837e+07
2,0,1.9,-0.663965,0,0.106553,4.01855e+07
2,0,1.9,-0.663965,0,0.109555,4.22782e+07
2,0,1.9,-0.663965,0,0.112556,4.27029e+07
2,0,1.9,-0.663965,0,0.115558,4.40857e+07
2,0,1.9,-0.663965,0,0.118559,4.14832e+07
2,0,1.9,-0.663965,0,0.121561,4.91411e+07
2,0,1.9,-0.663965,0,0.124562,4.79405e+07
2,0,1.9,-0.663965,0,0.127564,4.11828e+07
2,0,1.9,-0.663965,0,0.130565,4.31485e+07
2,0,1.9,-0.663965,0,0.133567,4.06845e+07
2,0,1.9,-0.663965,0,0.136568,4.05704e+07
2,0,1.9,-0.663965,0,0.13957,4.25133e+07
2,0,1.9,-0.663965,0,0.142571,4.66212e+07
2,0,1.9,-0.663965,0,0.145573,4.01e+07
2,0,1.9,-0.663965,0,0.148574,4.35198e+07
2,0,1.9,-0.663965,0,0.151576,3.97915e+07
2,0,1.9,-0.663965,0,0.154577,4.48504e+07
2,0,1.9,-0.663965,0,0.157579,4.00447e+07
2,0,1.9,-0.663965,0,0.16058,3.93114e+07
2,0,1.9,-0.663965,0,0.163582,4.5069e+07
2,0,1.9,-0.663965,0,0.166583,3.91504e+07
2,0,1.9,-0.663965,0,0.169585,3.91099e+07
2,0,1.9,-0.663965,0,0.172586,3.88489e+07
2,0,1.9,-0.663965,0,0.175588,3.89607e+07
2,0,1.9,-0.663965,0,0.178589,4.16722e+07
2,0,1.9,-0.663965,0,0.181591,4.39889e+07
2,0,1.9,-0.663965,0,0.184592,4.00352e+07
2,0,1.9,-0.663965,0,0.187594,4.21152e+07
2,0,1.9,-0.663965,0,0.190595,4.80346e+07
2,0,1.9,-0.663965,0,0.193597,3.85595e+07
2,0,1.9,-0.663965,0,0.196598,3.88489e+07
2,0,1.9,-0.663965,0,0.1996,4.27591e+07
2,0,1.9,-0.663965,0,0.202601,4.70519e+07
2,0,1.9,-0.663965,0,0.205603,4.81746e+07
2,0,1.9,-0.663965,0,0.208604,4.35845e+07
2,0,1.9,-0.663965,0,0.211606,4.62994e+07
2,0,1.9,-0.663965,0,0.214607,4.29419e+07
2,0,1.9,-0.663965,0,0.217609,4.09539e+07
2,0,1.9,-0.663965,0,0.22061,4.56266e+07
2,0,1.9,-0.663965,0,0.223612,4.068e+07
2,0,1.9,-0.663965,0,0.226613,4.68478e+07
2,0,1.9,-0.663965,0,0.229615,4.55246e+07
2,0,1.9,-0.663965,0,0.232616,4.4439e+07
2,0,1.9,-0.663965,0,0.235618,4.33117e+07
2,0,1.9,-0.663965,0,0.238619,4.51317e+07
2,0,1.9,-0.663965,0,0.241621,4.01345e+07
2,0,1.9,-0.663965,0,0.244622,4.3247e+07
2,0,1.9,-0.663965,0,0.247624,4.25427e+07
2,0,1.9,-0.663965,0,0.250625,4.8724e+07
2,0,1.9,-0.663965,0,0.253627,4.24406e+07
2,0,1.9,-0.663965,0,0.256628,3.83742e+07
2,0,1.9,-0.663965,0,0.25963,4.53545e+07
2,0,1.9,-0.663965,0,0.262631,4.07292e+07
2,0,1.9,-0.663965,0,0.265633,4.00304e+07
2,0,1.9,-0.663965,0,0.268634,4.04387e+07
2,0,1.9,-0.663965,0,0.271636,4.66899e+07
2,0,1.9,-0.663965,0,0.274637,3.86904e+07
2,0,1.9,-0.663965,0,0.277639,4.65997e+07
2,0,1.9,-0.663965,0,0.28064,3.888e+07
2,0,1.9,-0.663965,0,0.283642,4.53381e+07
2,0,1.9,-0.663965,0,0.286643,4.49495e+07
2,0,1.9,-0.663965,0,0.289645,4.83061e+07
2,0,1.9,-0.663965,0,0.292646,4.763e+07
2,0,1.9,-0.663965,0,0.295648,4.87088e+07
2,0,1.9,-0.663965,0,0.298649,4.61775e+07
2,0,1.9,-0.663965,0,0.301651,4.54306e+07
2,0,1.9,-0.663965,0,0.304652,4.47359e+07
2,0,1.9,-0.663965,0,0.307654,4.44811e+07
2,0,1.9,-0.663965,0,0.310655,4.40944e+07
2,0,1.9,-0.663965,0,0.313657,4.49174e+07
2,0,1.9,-0.663965,0,0.316658,3.91486e+07
2,0,1.9,-0.663965,0,0.31966,4.15725e+07
2,0,1.9,-0.663965,0,0.322661,4.11592e+07
2,0,1.9,-0.663965,0,0.325663,4.07213e+07
2,0,1.9,-0.663965,0,0.328664,4.0389e+07
2,0,1.9,-0.663965,0,0.331666,4.73105e+07
2,0,1.9,-0.663965,0,0.334667,3.99232e+07
2,0,1.9,-0.663965,0,0.337669,3.80367e+07
2,0,1.9,-0.663965,0,0.34067,4.29545e+07
2,0,1.9,-0.663965,0,0.343672,4.21942e+07
2,0,1.9,-0.663965,0,0.346673,3.74389e+07
2,0,1.9,-0.663965,0,0.349675,4.60086e+07
2,0,1.9,-0.663965,0,0.352676,4.55423e+07
2,0,1.9,-0.663965,0,0.355678,4.39338e+07
2,0,1.9,-0.663965,0,0.358679,3.92944e+07
2,0,1.9,-0.663965,0,0.361681,3.85423e+07
2,0,1.9,-0.663965,0,0.364682,4.13544e+07
2,0,1.9,-0.663965,0,0.367684,4.01625e+07
2,0,1.9,-0.663965,0,0.370685,3.98145e+07
2,0,1.9,-0.663965,0,0.373687,3.93041e+07
2,0,1.9,-0.663965,0,0.376688,3.7204e+07
2,0,1.9,-0.663965,0,0.37969,3.66273e+07
2,0,1.9,-0.663965,0,0.382691,4.57272e+07
2,0,1.9,-0.663965,0,0.385693,4.50608e+07
2,0,1.9,-0.663965,0,0.388694,4.46002e+07
2,0,1.9,-0.663965,0,0.391696,4.23451e+07
2,0,1.9,-0.663965,0,0.394697,4.02174e+07
2,0,1.9,-0.663965,0,0.397699,4.15598e+07
2,0,1.9,-0.663965,0,0.4007,4.33342e+07
2,0,1.9,-0.663965,0,0.403702,3.83957e+07
2,0,1.9,-0.663965,0,0.406703,4.52792e+07
2,0,1.9,-0.663965,0,0.409705,4.57076e+07
2,0,1.9,-0.663965,0,0.412706,4.15729e+07
2,0,1.9,-0.663965,0,0.415708,4.15551e+07
2,0,1.9,-0.663965,0,0.418709,3.8152e+07
2,0,1.9,-0.663965,0,0.421711,3.68117e+07
2,0,1.9,-0.663965,0,0.424712,3.60613e+07
2,0,1.9,-0.663965,0,0.427714,4.08231e+07
2,0,1.9,-0.663965,0,0.430715,3.83575e+07
2,0,1.9,-0.663965,0,0.433717,4.60436e+07
2,0,1.9,-0.663965,0,0.436718,4.19981e+07
2,0,1.9,-0.663965,0,0.43972,3.52431e+07
2,0,1.9,-0.663965,0,0.442721,3.52617e+07
2,0,1.9,-0.663965,0,0.445723,3.61113e+07
2,0,1.9,-0.663965,0,0.448724,3.61938e+07
2,0,1.9,-0.663965,0,0.451726,4.07605e+07
2,0,1.9,-0.663965,0,0.454727,3.5815e+07
2,0,1.9,-0.663965,0,0.457729,3.7276e+07
2,0,1.9,-0.663965,0,0.46073,3.86668e+07
2,0,1.9,-0.663965,0,0.463732,3.5569e+07
2,0,1.9,-0.663965,0,0.466733,3.45099e+07
2,0,1.9,-0.663965,0,0.469735,3.20407e+07
2,0,1.9,-0.663965,0,0.472736,-3.72037e+07
2,0,1.9,-0.663965,0,0.475738,-3.46013e+07
2,0,1.9,-0.663965,0,0.478739,-4.1545e+07
2,0,1.9,-0.663965,0,0.481741,-3.76777e+07
2,0,1.9,-0.663965,0,0.484742,-4.37204e+07
2,0,1.9,-0.663965,0,0.487744,-3.89749e+07
2,0,1.9,-0.663965,0,0.490745,-3.5505e+07
2,0,1.9,-0.663965,0,0.493747,-3.94085e+07
2,0,1.9,-0.663965,0,0.496748,-3.51951e+07
2,0,1.9,-0.663965,0,0.49975,-4.02303e+07
2,0,1.9,-0.663965,0,0.502751,-4.20578e+07
2,0,1.9,-0.663965,0,0.505753,-3.82648e+07
2,0,1.9,-0.663965,0,0.508754,-3.92378e+07
2,0,1.9,-0.663965,0,0.511756,-4.46668e+07
2,0,1.9,-0.663965,0,0.514757,-3.65647e+07
2,0,1.9,-0.663965,0,0.517759,-3.90911e+07
2,0,1.9,-0.663965,0,0.52076,-4.00741e+07
2,0,1.9,-0.663965,0,0.523762,-4.42483e+07
2,0,1.9,-0.663965,0,0.526763,-4.04954e+07
2,0,1.9,-0.663965,0,0.529765,-3.81908e+07
2,0,1.9,-0.663965,0,0.532766,-4.03224e+07
2,0,1.9,-0.663965,0,0.535768,-4.67651e+07
2,0,1.9,-0.663965,0,0.538769,-4.2712e+07
2,0,1.9,-0.663965,0,0.541771,-3.98633e+07
2,0,1.9,-0.663965,0,0.544772,-4.16769e+07
2,0,1.9,-0.663965,0,0.547774,-3.86145e+07
2,0,1.9,-0.663965,0,0.550775,-4.65147e+07
2,0,1.9,-0.663965,0,0.553777,-4.32247e+07
2,0,1.9,-0.663965,0,0.556778,-4.7583e+07
2,0,1.9,-0.663965,0,0.55978,-4.44336e+07
2,0,1.9,-0.663965,0,0.562781,-4.79918e+07
2,0,1.9,-0.663965,0,0.565783,-3.887e+07
2,0,1.9,-0.663965,0,0.568784,-3.80899e+07
2,0,1.9,-0.663965,0,0.571786,-3.93208e+07
2,0,1.9,-0.663965,0,0.574787,-4.81278e+07
2,0,1.9,-0.663965,0,0.577789,-3.86304e+07
2,0,1.9,-0.663965,0,0.58079,-4.4824e+07
2,0,1.9,-0.663965,0,0.583792,-4.50577e+07
2,0,1.9,-0.663965,0,0.586793,-4.84205e+07
2,0,1.9,-0.663965,0,0.589795,-4.31662e+07
2,0,1.9,-0.663965,0,0.592796,-3.77057e+07
2,0,1.9,-0.663965,0,0.595798,-3.84193e+07
2,0,1.9,-0.663965,0,0.598799,-4.08473e+07
2,0,1.9,-0.663965,0,0.601801,-4.28922e+07
2,0,1.9,-0.663965,0,0.604802,-4.2074e+07
2,0,1.9,-0.663965,0,0.607804,-4.30629e+07
2,0,1.9,-0.663965,0,0.610805,-4.32282e+07
2,0,1.9,-0.663965,0,0.613807,-4.52367e+07
2,0,1.9,-0.663965,0,0.616808,-4.57632e+07
2,0,1.9,-0.663965,0,0.61981,-4.7477e+07
2,0,1.9,-0.663965,0,0.622811,-4.86059e+07
2,0,1.9,-0.663965,0,0.625813,-3.81577e+07
2,0,1.9,-0.663965,0,0.628814,-3.90191e+07
2,0,1.9,-0.663965,0,0.631816,-4.43401e+07
2,0,1.9,-0.663965,0,0.634817,-4.07937e+07
2,0,1.9,-0.663965,0,0.637819,-4.16772e+07
2,0,1.9,-0.663965,0,0.64082,-4.25855e+07
2,0,1.9,-0.663965,0,0.643822,-4.34688e+07
2,0,1.9,-0.663965,0,0.646823,-4.43828e+07
2,0,1.9,-0.663965,0,0.649825,-4.53044e+07
2,0,1.9,-0.663965,0,0.652826,-4.62177e+07
2,0,1.9,-0.663965,0,0.655828,-4.71434e+07
2,0,1.9,-0.663965,0,0.658829,-4.80331e+07
2,0,1.9,-0.663965,0,0.661831,-4.90301e+07
2,0,1.9,-0.663965,0,0.664832,-4.97926e+07
2,0,1.9,-0.663965,0,0.667834,-3.90709e+07
2,0,1.9,-0.663965,0,0.670835,-4.1207e+07
2,0,1.9,-0.663965,0,0.673837,-4.05452e+07
2,0,1.9,-0.663965,0,0.676838,-4.11455e+07
2,0,1.9,-0.663965,0,0.67984,-5.00573e+07
2,0,1.9,-0.663965,0,0.682841,-4.32618e+07
2,0,1.9,-0.663965,0,0.685843,-4.3484e+07
2,0,1.9,-0.663965,0,0.688844,-4.43652e+07
2,0,1.9,-0.663965,0,0.691846,-4.51392e+07
2,0,1.9,-0.663965,0,0.694847,-4.65053e+07
2,0,1.9,-0.663965,0,0.697849,-4.67562e+07
2,0,1.9,-0.663965,0,0.70085,-4.7648e+07
2,0,1.9,-0.663965,0,0.703852,-4.83837e+07
2,0,1.9,-0.663965,0,0.706853,-4.46833e+07
2,0,1.9,-0.663965,0,0.709855,-5.01528e+07
2,0,1.9,-0.663965,0,0.712856,-3.91652e+07
2,0,1.9,-0.663965,0,0.715858,-3.98905e+07
2,0,1.9,-0.663965,0,0.718859,-4.69941e+07
2,0,1.9,-0.663965,0,0.721861,-4.14712e+07
2,0,1.9,-0.663965,0,0.724862,-4.79481e+07
2,0,1.9,-0.663965,0,0.727864,-4.36199e+07
2,0,1.9,-0.663965,0,0.730865,-4.36301e+07
2,0,1.9,-0.663965,0,0.733867,-4.48316e+07
2,0,1.9,-0.663965,0,0.736868,-3.93635e+07
2,0,1.9,-0.663965,0,0.73987,-4.41423e+07
2,0,1.9,-0.663965,0,0.742871,-4.40994e+07
2,0,1.9,-0.663965,0,0.745873,-4.54166e+07
2,0,1.9,-0.663965,0,0.748874,-4.69472e+07
2,0,1.9,-0.663965,0,0.751876,-4.69102e+07
2,0,1.9,-0.663965,0,0.754877,-4.34662e+07
2,0,1.9,-0.663965,0,0.757879,-4.97064e+07
2,0,1.9,-0.663965,0,0.76088,-5.02546e+07
2,0,1.9,-0.663965,0,0.763882,-3.93516e+07
2,0,1.9,-0.663965,0,0.766883,-3.99872e+07
2,0,1.9,-0.663965,0,0.769885,-5.05238e+07
2,0,1.9,-0.663965,0,0.772886,-4.20605e+07
2,0,1.9,-0.663965,0,0.775888,-4.24306e+07
2,0,1.9,-0.663965,0,0.778889,-4.23906e+07
2,0,1.9,-0.663965,0,0.781891,-4.10518e+07
2,0,1.9,-0.663965,0,0.784892,-4.29153e+07
2,0,1.9,-0.663965,0,0.787894,-3.94805e+07
2,0,1.9,-0.663965,0,0.790895,-3.99634e+07
2,0,1.9,-0.663965,0,0.793897,-4.0448e+07
2,0,1.9,-0.663965,0,0.796898,-4.09391e+07
2,0,1.9,-0.663965,0,0.7999,-4.14346e+07
2,0,1.9,-0.663965,0,0.802901,-4.2101e+07
2,0,1.9,-0.663965,0,0.805903,-4.11596e+07
2,0,1.9,-0.663965,0,0.808904,-4.20125e+07
2,0,1.9,-0.663965,0,0.811906,-4.01945e+07
2,0,1.9,-0.663965,0,0.814907,-4.06764e+07
2,0,1.9,-0.663965,0,0.817909,-4.11525e+07
2,0,1.9,-0.663965,0,0.82091,-4.15954e+07
2,0,1.9,-0.663965,0,0.823912,-4.21239e+07
2,0,1.9,-0.663965,0,0.826913,-4.00945e+07
2,0,1.9,-0.663965,0,0.829915,-4.0556e+07
2,0,1.9,-0.663965,0,0.832916,-4.09523e+07
2,0,1.9,-0.663965,0,0.835918,-4.14046e+07
2,0,1.9,-0.663965,0,0.838919,-4.18744e+07
2,0,1.9,-0.663965,0,0.841921,-3.97929e+07
2,0,1.9,-0.663965,0,0.844922,-4.05206e+07
2,0,1.9,-0.663965,0,0.847924,-4.0877e+07
2,0,1.9,-0.663965,0,0.850925,-4.78512e+07
2,0,1.9,-0.663965,0,0.853927,-4.19299e+07
2,0,1.9,-0.663965,0,0.856928,-4.23946e+07
2,0,1.9,-0.663965,0,0.85993,-4.32378e+07
2,0,1.9,-0.663965,0,0.862931,-4.38741e+07
2,0,1.9,-0.663965,0,0.865933,-4.48403e+07
2,0,1.9,-0.663965,0,0.868934,-4.49789e+07
2,0,1.9,-0.663965,0,0.871936,-4.52064e+07
2,0,1.9,-0.663965,0,0.874937,-4.42515e+07
2,0,1.9,-0.663965,0,0.877939,-4.4518e+07
2,0,1.9,-0.663965,0,0.88094,-4.66028e+07
2,0,1.9,-0.663965,0,0.883942,-4.59624e+07
2,0,1.9,-0.663965,0,0.886943,-4.67936e+07
2,0,1.9,-0.663965,0,0.889945,-4.70417e+07
2,0,1.9,-0.663965,0,0.892946,-4.87994e+07
2,0,1.9,-0.663965,0,0.895948,-4.9373e+07
2,0,1.9,-0.663965,0,0.898949,-4.89676e+07
2,0,1.9,-0.663965,0,0.901951,-4.20482e+07
2,0,1.9,-0.663965,0,0.904952,-4.4297e+07
2,0,1.9,-0.663965,0,0.907954,-5.00755e+07
2,0,1.9,-0.663965,0,0.910955,-4.45979e+07
2,0,1.9,-0.663965,0,0.913957,-5.09733e+07
2,0,1.9,-0.663965,0,0.916958,-5.14636e+07
2,0,1.9,-0.663965,0,0.91996,-5.18793e+07
2,0,1.9,-0.663965,0,0.922961,-5.23495e+07
2,0,1.9,-0.663965,0,0.925963,-4.06854e+07
2,0,1.9,-0.663965,0,0.928964,-4.3413e+07
2,0,1.9,-0.663965,0,0.931966,-4.13929e+07
2,0,1.9,-0.663965,0,0.934967,-4.19378e+07
2,0,1.9,-0.663965,0,0.937969,-4.10475e+07
2,0,1.9,-0.663965,0,0.94097,-4.21129e+07
2,0,1.9,-0.663965,0,0.943972,-4.34097e+07
2,0,1.9,-0.663965,0,0.946973,-4.341e+07
2,0,1.9,-0.663965,0,0.949975,-4.41314e+07
2,0,1.9,-0.663965,0,0.952976,-4.4648e+07
2,0,1.9,-0.663965,0,0.955978,-4.48798e+07
2,0,1.9,-0.663965,0,0.958979,-4.66754e+07
2,0,1.9,-0.663965,0,0.961981,-4.25982e+07
2,0,1.9,-0.663965,0,0.964982,-4.43114e+07
2,0,1.9,-0.663965,0,0.967984,-4.97233e+07
2,0,1.9,-0.663965,0,0.970985,-4.50492e+07
2,0,1.9,-0.663965,0,0.973987,-4.61028e+07
2,0,1.9,-0.663965,0,0.976988,-4.72918e+07
2,0,1.9,-0.663965,0,0.97999,-4.73803e+07
2,0,1.9,-0.663965,0,0.982991,-4.34214e+07
2,0,1.9,-0.663965,0,0.985993,-4.76264e+07
2,0,1.9,-0.663965,0,0.988994,-4.98064e+07
2,0,1.9,-0.663965,0,0.991996,-4.78188e+07
2,0,1.9,-0.663965,0,0.994997,-4.82889e+07
2,0,1.9,-0.663965,0,0.997999,-4.92049e+07
2,0,1.9,-0.663965,0,1.001,-5.09933e+07
2,0,1.9,-0.663965,0,1.004,-4.91825e+07
2,0,1.9,-0.663965,0,1.007,-4.27127e+07
2,0,1.9,-0.663965,0,1.01001,-5.25783e+07
2,0,1.9,-0.663965,0,1.01301,-5.11925e+07
2,0,1.9,-0.663965,0,1.01601,-5.14817e+07
2,0,1.9,-0.663965,0,1.01901,-4.1021e+07
2,0,1.9,-0.663965,0,1.02201,-4.16382e+07
2,0,1.9,-0.663965,0,1.02501,-5.25417e+07
2,0,1.9,-0.663965,0,1.02801,-5.23191e+07
2,0,1.9,-0.663965,0,1.03102,-4.76478e+07
2,0,1.9,-0.663965,0,1.03402,-5.30319e+07
2,0,1.9,-0.663965,0,1.03702,-4.1445e+07
2,0,1.9,-0.663965,0,1.04002,-4.15568e+07
2,0,1.9,-0.663965,0,1.04302,-4.3029e+07
2,0,1.9,-0.663965,0,1.04602,-4.8847e+07
2,0,1.9,-0.663965,0,1.04902,-4.32014e+07
2,0,1.9,-0.663965,0,1.05203,-4.36865e+07
2,0,1.9,-0.663965,0,1.05503,-5.01998e+07
2,0,1.9,-0.663965,0,1.05803,-4.39739e+07
2,0,1.9,-0.663965,0,1.06103,-4.46088e+07
2,0,1.9,-0.663965,0,1.06403,-4.5488e+07
2,0,1.9,-0.663965,0,1.06703,-4.47635e+07
2,0,1.9,-0.663965,0,1.07004,-4.66586e+07
2,0,1.9,-0.663965,0,1.07304,-4.50775e+07
2,0,1.9,-0.663965,0,1.07604,-4.15899e+07
2,0,1.9,-0.663965,0,1.07904,-5.32933e+07
2,0,1.9,-0.663965,0,1.08204,-4.80293e+07
2,0,1.9,-0.663965,0,1.08504,-4.65798e+07
2,0,1.9,-0.663965,0,1.08804,-4.17405e+07
2,0,1.9,-0.663965,0,1.09105,-4.23501e+07
2,0,1.9,-0.663965,0,1.09405,-4.98606e+07
2,0,1.9,-0.663965,0,1.09705,-4.9584e+07
2,0,1.9,-0.663965,0,1.10005,-4.84724e+07
2,0,1.9,-0.663965,0,1.10305,-4.78525e+07
2,0,1.9,-0.663965,0,1.10605,-4.93453e+07
2,0,1.9,-0.663965,0,1.10905,-4.96509e+07
2,0,1.9,-0.663965,0,1.11206,-4.9467e+07
2,0,1.9,-0.663965,0,1.11506,-4.96245e+07
2,0,1.9,-0.663965,0,1.11806,-4.94094e+07
2,0,1.9,-0.663965,0,1.12106,-5.02388e+07
2,0,1.9,-0.663965,0,1.12406,-5.23877e+07
2,0,1.9,-0.663965,0,1.12706,-5.26587e+07
2,0,1.9,-0.663965,0,1.13007,-5.14639e+07
2,0,1.9,-0.663965,0,1.13307,-5.10962e+07
2,0,1.9,-0.663965,0,1.13607,-5.1711e+07
2,0,1.9,-0.663965,0,1.13907,-4.21839e+07
2,0,1.9,-0.663965,0,1.14207,-5.18686e+07
2,0,1.9,-0.663965,0,1.14507,-4.28647e+07
2,0,1.9,-0.663965,0,1.14807,-5.22503e+07
2,0,1.9,-0.663965,0,1.15108,-4.58589e+07
2,0,1.9,-0.663965,0,1.15408,-4.99462e+07
2,0,1.9,-0.663965,0,1.15708,-4.1656e+07
2,0,1.9,-0.663965,0,1.16008,-4.21781e+07
2,0,1.9,-0.663965,0,1.16308,-4.13411e+07
2,0,1.9,-0.663965,0,1.16608,-4.1537e+07
2,0,1.9,-0.663965,0,1.16908,-4.17936e+07
2,0,1.9,-0.663965,0,1.17209,-4.19931e+07
2,0,1.9,-0.663965,0,1.17509,-4.34857e+07
2,0,1.9,-0.663965,0,1.17809,-4.63477e+07
2,0,1.9,-0.663965,0,1.18109,-4.46539e+07
2,0,1.9,-0.663965,0,1.18409,-5.06575e+07
2,0,1.9,-0.663965,0,1.18709,-5.19817e+07
2,0,1.9,-0.663965,0,1.1901,-5.36032e+07
2,0,1.9,-0.663965,0,1.1931,-4.49498e+07
2,0,1.9,-0.663965,0,1.1961,-4.46974e+07
2,0,1.9,-0.663965,0,1.1991,-4.43792e+07
2,0,1.9,-0.663965,0,1.2021,-5.36663e+07
2,0,1.9,-0.663965,0,1.2051,-4.55483e+07
2,0,1.9,-0.663965,0,1.2081,-4.52416e+07
2,0,1.9,-0.663965,0,1.21111,-4.62303e+07
2,0,1.9,-0.663965,0,1.21411,-4.67742e+07
2,0,1.9,-0.663965,0,1.21711,-4.63929e+07
2,0,1.9,-0.663965,0,1.22011,-4.58787e+07
2,0,1.9,-0.663965,0,1.22311,-5.00079e+07
2,0,1.9,-0.663965,0,1.22611,-4.76229e+07
2,0,1.9,-0.663965,0,1.22911,-4.68287e+07
2,0,1.9,-0.663965,0,1.23212,-4.9997e+07
2,0,1.9,-0.663965,0,1.23512,-4.22296e+07
2,0,1.9,-0.663965,0,1.23812,-4.91977e+07
2,0,1.9,-0.663965,0,1.24112,-4.89038e+07
2,0,1.9,-0.663965,0,1.24412,-4.86389e+07
2,0,1.9,-0.663965,0,1.24712,-5.03609e+07
2,0,1.9,-0.663965,0,1.25013,-4.91052e+07
2,0,1.9,-0.663965,0,1.25313,-4.90356e+07
2,0,1.9,-0.663965,0,1.25613,-4.84825e+07
2,0,1.9,-0.663965,0,1.25913,-4.72607e+07
2,0,1.9,-0.663965,0,1.26213,-4.93066e+07
2,0,1.9,-0.663965,0,1.26513,-5.06598e+07
2,0,1.9,-0.663965,0,1.26813,-5.23218e+07
2,0,1.9,-0.663965,0,1.27114,-5.0374e+07
2,0,1.9,-0.663965,0,1.27414,-4.99347e+07
2,0,1.9,-0.663965,0,1.27714,-5.11989e+07
2,0,1.9,-0.663965,0,1.28014,-5.22514e+07
2,0,1.9,-0.663965,0,1.28314,-5.27159e+07
2,0,1.9,-0.663965,0,1.28614,-5.28821e+07
2,0,1.9,-0.663965,0,1.28914,-5.18337e+07
2,0,1.9,-0.663965,0,1.29215,-5.13949e+07
2,0,1.9,-0.663965,0,1.29515,-5.2315e+07
2,0,1.9,-0.663965,0,1.29815,-5.24165e+07
2,0,1.9,-0.663965,0,1.30115,-5.39856e+07
2,0,1.9,-0.663965,0,1.30415,-5.4104e+07
2,0,1.9,-0.663965,0,1.30715,-4.18319e+07
2,0,1.9,-0.663965,0,1.31016,-4.17546e+07
2,0,1.9,-0.663965,0,1.31316,-5.38878e+07
2,0,1.9,-0.663965,0,1.31616,-5.37747e+07
2,0,1.9,-0.663965,0,1.31916,-5.38405e+07
2,0,1.9,-0.663965,0,1.32216,-5.39552e+07
2,0,1.9,-0.663965,0,1.32516,-4.205e+07
2,0,1.9,-0.663965,0,1.32816,-4.21513e+07
2,0,1.9,-0.663965,0,1.33117,-4.42093e+07
2,0,1.9,-0.663965,0,1.33417,-4.26517e+07
2,0,1.9,-0.663965,0,1.33717,-4.3721e+07
2,0,1.9,-0.663965,0,1.34017,-4.3174e+07
2,0,1.9,-0.663965,0,1.34317,-4.41235e+07
2,0,1.9,-0.663965,0,1.34617,-4.25584e+07
2,0,1.9,-0.663965,0,1.34917,-4.81905e+07
2,0,1.9,-0.663965,0,1.35218,-4.44162e+07
2,0,1.9,-0.663965,0,1.35518,-4.5437e+07
2,0,1.9,-0.663965,0,1.35818,-4.43503e+07
2,0,1.9,-0.663965,0,1.36118,-4.56454e+07
2,0,1.9,-0.663965,0,1.36418,-4.35487e+07
2,0,1.9,-0.663965,0,1.36718,-4.70114e+07
2,0,1.9,-0.663965,0,1.37019,-4.38083e+07
2,0,1.9,-0.663965,0,1.37319,-4.39156e+07
2,0,1.9,-0.663965,0,1.37619,-4.44034e+07
2,0,1.9,-0.663965,0,1.37919,-4.41723e+07
2,0,1.9,-0.663965,0,1.38219,-4.50001e+07
2,0,1.9,-0.663965,0,1.38519,-4.58228e+07
2,0,1.9,-0.663965,0,1.38819,-4.9216e+07
2,0,1.9,-0.663965,0,1.3912,-4.49998e+07
2,0,1.9,-0.663965,0,1.3942,-5.27928e+07
2,0,1.9,-0.663965,0,1.3972,-4.53478e+07
2,0,1.9,-0.663965,0,1.4002,-4.52911e+07
2,0,1.9,-0.663965,0,1.4032,-4.58632e+07
2,0,1.9,-0.663965,0,1.4062,-4.57487e+07
2,0,1.9,-0.663965,0,1.4092,-5.30024e+07
2,0,1.9,-0.663965,0,1.41221,-4.71622e+07
2,0,1.9,-0.663965,0,1.41521,-4.54889e+07
2,0,1.9,-0.663965,0,1.41821,-5.39273e+07
2,0,1.9,-0.663965,0,1.42121,-4.63908e+07
2,0,1.9,-0.663965,0,1.42421,-4.62421e+07
2,0,1.9,-0.663965,0,1.42721,-5.4311e+07
2,0,1.9,-0.663965,0,1.43022,-5.18761e+07
2,0,1.9,-0.663965,0,1.43322,-5.43622e+07
2,0,1.9,-0.663965,0,1.43622,-5.02112e+07
2,0,1.9,-0.663965,0,1.43922,-4.74909e+07
2,0,1.9,-0.663965,0,1.44222,-4.21547e+07
2,0,1.9,-0.663965,0,1.44522,-4.93166e+07
2,0,1.9,-0.663965,0,1.44822,-5.29494e+07
2,0,1.9,-0.663965,0,1.45123,-4.97016e+07
2,0,1.9,-0.663965,0,1.45423,-5.21559e+07
2,0,1.9,-0.663965,0,1.45723,-4.74324e+07
2,0,1.9,-0.663965,0,1.46023,-4.26828e+07
2,0,1.9,-0.663965,0,1.46323,-5.12264e+07
2,0,1.9,-0.663965,0,1.46623,-4.28813e+07
2,0,1.9,-0.663965,0,1.46923,-4.83763e+07
2,0,1.9,-0.663965,0,1.47224,-4.80986e+07
2,0,1.9,-0.663965,0,1.47524,-4.80807e+07
2,0,1.9,-0.663965,0,1.47824,-5.23804e+07
2,0,1.9,-0.663965,0,1.48124,-5.07011e+07
2,0,1.9,-0.663965,0,1.48424,-5.03582e+07
2,0,1.9,-0.663965,0,1.48724,-4.91208e+07
2,0,1.9,-0.663965,0,1.49025,-4.32735e+07
2,0,1.9,-0.663965,0,1.49325,-5.23584e+07
2,0,1.9,-0.663965,0,1.49625,-4.52461e+07
2,0,1.9,-0.663965,0,1.49925,-5.07818e+07
2,0,1.9,-0.663965,0,1.50225,-4.95395e+07
2,0,1.9,-0.663965,0,1.50525,-5.1138e+07
2,0,1.9,-0.663965,0,1.50825,-4.25418e+07
2,0,1.9,-0.663965,0,1.51126,-5.35758e+07
2,0,1.9,-0.663965,0,1.51426,-5.05567e+07
2,0,1.9,-0.663965,0,1.51726,-5.11908e+07
2,0,1.9,-0.663965,0,1.52026,-5.27282e+07
2,0,1.9,-0.663965,0,1.52326,-5.12595e+07
2,0,1.9,-0.663965,0,1.52626,-5.01605e+07
2,0,1.9,-0.663965,0,1.52926,-4.90087e+07
2,0,1.9,-0.663965,0,1.53227,-5.0783e+07
2,0,1.9,-0.663965,0,1.53527,-5.29306e+07
2,0,1.9,-0.663965,0,1.53827,-5.06068e+07
2,0,1.9,-0.663965,0,1.54127,-5.16219e+07
2,0,1.9,-0.663965,0,1.54427,-5.3112e+07
2,0,1.9,-0.663965,0,1.54727,-4.4551e+07
2,0,1.9,-0.663965,0,1.55028,-5.17991e+07
2,0,1.9,-0.663965,0,1.55328,-5.00393e+07
2,0,1.9,-0.663965,0,1.55628,-4.97812e+07
2,0,1.9,-0.663965,0,1.55928,-5.20093e+07
2,0,1.9,-0.663965,0,1.56228,-5.20585e+07
2,0,1.9,-0.663965,0,1.56528,-5.12231e+07
2,0,1.9,-0.663965,0,1.56828,-4.99422e+07
2,0,1.9,-0.663965,0,1.57129,-5.12186e+07
2,0,1.9,-0.663965,0,1.57429,-4.25762e+07
2,0,1.9,-0.663965,0,1.57729,-5.02111e+07
2,0,1.9,-0.663965,0,1.58029,-4.94977e+07
2,0,1.9,-0.663965,0,1.58329,-4.25977e+07
2,0,1.9,-0.663965,0,1.58629,-5.03854e+07
2,0,1.9,-0.663965,0,1.58929,-5.0307e+07
2,0,1.9,-0.663965,0,1.5923,-4.95054e+07
2,0,1.9,-0.663965,0,1.5953,-4.99813e+07
2,0,1.9,-0.663965,0,1.5983,-5.03903e+07
2,0,1.9,-0.663965,0,1.6013,-5.02695e+07
2,0,1.9,-0.663965,0,1.6043,-5.22605e+07
2,0,1.9,-0.663965,0,1.6073,-4.4604e+07
2,0,1.9,-0.663965,0,1.61031,-4.55152e+07
2,0,1.9,-0.663965,0,1.61331,-5.01097e+07
2,0,1.9,-0.663965,0,1.61631,-4.51598e+07
2,0,1.9,-0.663965,0,1.61931,-5.06673e+07
2,0,1.9,-0.663965,0,1.62231,-5.24102e+07
2,0,1.9,-0.663965,0,1.62531,-4.22963e+07
2,0,1.9,-0.663965,0,1.62831,-5.01541e+07
2,0,1.9,-0.663965,0,1.63132,-5.00296e+07
2,0,1.9,-0.663965,0,1.63432,-4.46243e+07
2,0,1.9,-0.663965,0,1.63732,-5.33429e+07
2,0,1.9,-0.663965,0,1.64032,-4.97939e+07
2,0,1.9,-0.663965,0,1.64332,-4.97115e+07
2,0,1.9,-0.663965,0,1.64632,-5.06294e+07
2,0,1.9,-0.663965,0,1.64932,-5.16927e+07
2,0,1.9,-0.663965,0,1.65233,-4.40061e+07
2,0,1.9,-0.663965,0,1.65533,-4.95777e+07
2,0,1.9,-0.663965,0,1.65833,-4.98577e+07
2,0,1.9,-0.663965,0,1.66133,-4.85113e+07
2,0,1.9,-0.663965,0,1.66433,-4.87885e+07
2,0,1.9,-0.663965,0,1.66733,-5.43408e+07
2,0,1.9,-0.663965,0,1.67034,-4.90715e+07
2,0,1.9,-0.663965,0,1.67334,-4.98708e+07
2,0,1.9,-0.663965,0,1.67634,-5.17497e+07
2,0,1.9,-0.663965,0,1.67934,-4.78906e+07
2,0,1.9,-0.663965,0,1.68234,-4.1816e+07
2,0,1.9,-0.663965,0,1.68534,-5.00655e+07
2,0,1.9,-0.663965,0,1.68834,-5.08634e+07
2,0,1.9,-0.663965,0,1.69135,-5.10593e+07
2,0,1.9,-0.663965,0,1.69435,-4.43436e+07
2,0,1.9,-0.663965,0,1.69735,-4.79133e+07
2,0,1.9,-0.663965,0,1.70035,-4.75758e+07
2,0,1.9,-0.663965,0,1.70335,-4.76251e+07
2,0,1.9,-0.663965,0,1.70635,-4.91181e+07
2,0,1.9,-0.663965,0,1.70935,-5.09186e+07
2,0,1.9,-0.663965,0,1.71236,-4.89864e+07
2,0,1.9,-0.663965,0,1.71536,-4.71116e+07
2,0,1.9,-0.663965,0,1.71836,-5.0827e+07
2,0,1.9,-0.663965,0,1.72136,-4.8281e+07
2,0,1.9,-0.663965,0,1.72436,-4.70322e+07
2,0,1.9,-0.663965,0,1.72736,-4.62258e+07
2,0,1.9,-0.663965,0,1.73037,-4.62617e+07
2,0,1.9,-0.663965,0,1.73337,-4.66722e+07
2,0,1.9,-0.663965,0,1.73637,-4.56294e+07
2,0,1.9,-0.663965,0,1.73937,-4.56192e+07
2,0,1.9,-0.663965,0,1.74237,-4.53368e+07
2,0,1.9,-0.663965,0,1.74537,-4.45871e+07
2,0,1.9,-0.663965,0,1.74837,-4.64243e+07
2,0,1.9,-0.663965,0,1.75138,-4.39552e+07
2,0,1.9,-0.663965,0,1.75438,-5.22262e+07
2,0,1.9,-0.663965,0,1.75738,-4.56253e+07
2,0,1.9,-0.663965,0,1.76038,-4.39101e+07
2,0,1.9,-0.663965,0,1.76338,-4.36374e+07
2,0,1.9,-0.663965,0,1.76638,-4.33079e+07
2,0,1.9,-0.663965,0,1.76938,-4.37618e+07
2,0,1.9,-0.663965,0,1.77239,-4.24572e+07
2,0,1.9,-0.663965,0,1.77539,-4.91484e+07
2,0,1.9,-0.663965,0,1.77839,-4.21816e+07
2,0,1.9,-0.663965,0,1.78139,-4.2252e+07
2,0,1.9,-0.663965,0,1.78439,-4.21009e+07
2,0,1.9,-0.663965,0,1.78739,-4.1857e+07
2,0,1.9,-0.663965,0,1.7904,-4.16071e+07
2,0,1.9,-0.663965,0,1.7934,-5.27982e+07
2,0,1.9,-0.663965,0,1.7964,-4.15675e+07
2,0,1.9,-0.663965,0,1.7994,-5.31334e+07
2,0,1.9,-0.663965,0,1.8024,-5.10725e+07
2,0,1.9,-0.663965,0,1.8054,-5.35129e+07
2,0,1.9,-0.663965,0,1.8084,-5.11647e+07
2,0,1.9,-0.663965,0,1.81141,-5.07966e+07
2,0,1.9,-0.663965,0,1.81441,-4.42626e+07
2,0,1.9,-0.663965,0,1.81741,-4.92324e+07
2,0,1.9,-0.663965,0,1.82041,-4.32706e+07
2,0,1.9,-0.663965,0,1.82341,-4.88304e+07
2,0,1.9,-0.663965,0,1.82641,-4.747e+07
2,0,1.9,-0.663965,0,1.82941,-4.95229e+07
2,0,1.9,-0.663965,0,1.83242,-4.79158e+07
2,0,1.9,-0.663965,0,1.83542,-4.5746e+07
2,0,1.9,-0.663965,0,1.83842,-4.52561e+07
2,0,1.9,-0.663965,0,1.84142,-4.57886e+07
2,0,1.9,-0.663965,0,1.84442,-4.71078e+07
2,0,1.9,-0.663965,0,1.84742,-4.38914e+07
2,0,1.9,-0.663965,0,1.85043,-5.04178e+07
2,0,1.9,-0.663965,0,1.85343,-4.30478e+07
2,0,1.9,-0.663965,0,1.85643,-4.24058e+07
2,0,1.9,-0.663965,0,1.85943,-4.11279e+07
2,0,1.9,-0.663965,0,1.86243,-4.73796e+07
2,0,1.9,-0.663965,0,1.86543,-5.27475e+07
2,0,1.9,-0.663965,0,1.86843,-5.19245e+07
2,0,1.9,-0.663965,0,1.87144,-5.12036e+07
2,0,1.9,-0.663965,0,1.87444,-5.14505e+07
2,0,1.9,-0.663965,0,1.87744,-4.96286e+07
2,0,1.9,-0.663965,0,1.88044,-5.20145e+07
2,0,1.9,-0.663965,0,1.88344,-4.7752e+07
2,0,1.9,-0.663965,0,1.88644,-4.62431e+07
2,0,1.9,-0.663965,0,1.88944,-4.67163e+07
2,0,1.9,-0.663965,0,1.89245,-4.48376e+07
2,0,1.9,-0.663965,0,1.89545,-4.38028e+07
2,0,1.9,-0.663965,0,1.89845,-4.51904e+07
2,0,1.9,-0.663965,0,1.90145,-4.21731e+07
2,0,1.9,-0.663965,0,1.90445,-4.75831e+07
2,0,1.9,-0.663965,0,1.90745,-4.77207e+07
2,0,1.9,-0.663965,0,1.91046,-5.01898e+07
2,0,1.9,-0.663965,0,1.91346,-5.06587e+07
2,0,1.9,-0.663965,0,1.91646,-5.21316e+07
2,0,1.9,-0.663965,0,1.91946,-4.78788e+07
2,0,1.9,-0.663965,0,1.92246,-4.51149e+07
2,0,1.9,-0.663965,0,1.92546,-4.3416e+07
2,0,1.9,-0.663965,0,1.92846,-4.12897e+07
2,0,1.9,-0.663965,0,1.93147,-3.98118e+07
2,0,1.9,-0.663965,0,1.93447,-5.0054e+07
2,0,1.9,-0.663965,0,1.93747,-4.82336e+07
2,0,1.9,-0.663965,0,1.94047,-4.6669e+07
2,0,1.9,-0.663965,0,1.94347,-4.64765e+07
2,0,1.9,-0.663965,0,1.94647,-4.26485e+07
2,0,1.9,-0.663965,0,1.94947,-3.98264e+07
2,0,1.9,-0.663965,0,1.95248,-4.14011e+07
2,0,1.9,-0.663965,0,1.95548,-3.97104e+07
2,0,1.9,-0.663965,0,1.95848,-3.94055e+07
2,0,1.9,-0.663965,0,1.96148,-4.03377e+07
2,0,1.9,-0.663965,0,1.96448,-3.95586e+07
2,0,1.9,-0.663965,0,1.96748,-4.85664e+07
2,0,1.9,-0.663965,0,1.97049,-4.56127e+07
2,0,1.9,-0.663965,0,1.97349,-4.15276e+07
2,0,1.9,-0.663965,0,1.97649,-4.74838e+07
2,0,1.9,-0.663965,0,1.97949,-4.09945e+07
2,0,1.9,-0.663965,0,1.98249,-4.59694e+07
2,0,1.9,-0.663965,0,1.98549,-3.8345e+07
2,0,1.9,-0.663965,0,1.98849,-3.94337e+07
2,0,1.9,-0.663965,0,1.9915,-3.86777e+07
2,0,1.9,-0.663965,0,1.9945,-3.76946e+07
2,0,1.9,-0.663965,0,1.9975,-4.28055e+07
2,0,1.9,-0.663965,0,2.0005,3.37739e+07
2,0,1.9,-0.663965,0,2.0035,3.57188e+07
2,0,1.9,-0.663965,0,2.0065,4.01805e+07
2,0,1.9,-0.663965,0,2.0095,4.73754e+07
2,0,1.9,-0.663965,0,2.01251,4.57756e+07
2,0,1.9,-0.663965,0,2.01551,4.37468e+07
2,0,1.9,-0.663965,0,2.01851,4.02242e+07
2,0,1.9,-0.663965,0,2.02151,4.70621e+07
2,0,1.9,-0.663965,0,2.02451,4.15777e+07
2,0,1.9,-0.663965,0,2.02751,4.74183e+07
2,0,1.9,-0.663965,0,2.03052,4.02085e+07
2,0,1.9,-0.663965,0,2.03352,4.16472e+07
2,0,1.9,-0.663965,0,2.03652,4.08179e+07
2,0,1.9,-0.663965,0,2.03952,4.20135e+07
2,0,1.9,-0.663965,0,2.04252,4.11847e+07
2,0,1.9,-0.663965,0,2.04552,4.5853e+07
2,0,1.9,-0.663965,0,2.04852,4.80044e+07
2,0,1.9,-0.663965,0,2.05153,5.02623e+07
2,0,1.9,-0.663965,0,2.05453,4.17532e+07
2,0,1.9,-0.663965,0,2.05753,4.4047e+07
2,0,1.9,-0.663965,0,2.06053,4.61467e+07
2,0,1.9,-0.663965,0,2.06353,4.96064e+07
2,0,1.9,-0.663965,0,2.06653,5.17511e+07
2,0,1.9,-0.663965,0,2.06953,4.37844e+07
2,0,1.9,-0.663965,0,2.07254,4.57432e+07
2,0,1.9,-0.663965,0,2.07554,4.57209e+07
2,0,1.9,-0.663965,0,2.07854,4.76777e+07
2,0,1.9,-0.663965,0,2.08154,5.09256e+07
2,0,1.9,-0.663965,0,2.08454,4.14657e+07
2,0,1.9,-0.663965,0,2.08754,4.1547e+07
2,0,1.9,-0.663965,0,2.09055,4.42917e+07
2,0,1.9,-0.663965,0,2.09355,4.49463e+07
2,0,1.9,-0.663965,0,2.09655,4.66738e+07
2,0,1.9,-0.663965,0,2.09955,4.26066e+07
2,0,1.9,-0.663965,0,2.10255,5.01852e+07
2,0,1.9,-0.663965,0,2.10555,5.19756e+07
2,0,1.9,-0.663965,0,2.10855,4.21746e+07
2,0,1.9,-0.663965,0,2.11156,4.82113e+07
2,0,1.9,-0.663965,0,2.11456,4.40939e+07
2,0,1.9,-0.663965,0,2.11756,4.55281e+07
2,0,1.9,-0.663965,0,2.12056,4.70015e+07
2,0,1.9,-0.663965,0,2.12356,4.48549e+07
2,0,1.9,-0.663965,0,2.12656,5.00781e+07
2,0,1.9,-0.663965,0,2.12956,5.18355e+07
2,0,1.9,-0.663965,0,2.13257,5.35348e+07
2,0,1.9,-0.663965,0,2.13557,4.18522e+07
2,0,1.9,-0.663965,0,2.13857,4.31495e+07
2,0,1.9,-0.663965,0,2.14157,4.46199e+07
2,0,1.9,-0.663965,0,2.14457,4.5601e+07
2,0,1.9,-0.663965,0,2.14757,4.69233e+07
2,0,1.9,-0.663965,0,2.15058,4.79287e+07
2,0,1.9,-0.663965,0,2.15358,4.92389e+07
2,0,1.9,-0.663965,0,2.15658,5.29708e+07
2,0,1.9,-0.663965,0,2.15958,5.20925e+07
2,0,1.9,-0.663965,0,2.16258,5.29759e+07
2,0,1.9,-0.663965,0,2.16558,5.5136e+07
2,0,1.9,-0.663965,0,2.16858,4.27855e+07
2,0,1.9,-0.663965,0,2.17159,4.37539e+07
2,0,1.9,-0.663965,0,2.17459,5.2859e+07
2,0,1.9,-0.663965,0,2.17759,4.57591e+07
2,0,1.9,-0.663965,0,2.18059,4.6813e+07
2,0,1.9,-0.663965,0,2.18359,4.849e+07
2,0,1.9,-0.663965,0,2.18659,4.45225e+07
2,0,1.9,-0.663965,0,2.18959,4.52043e+07
2,0,1.9,-0.663965,0,2.1926,4.61293e+07
2,0,1.9,-0.663965,0,2.1956,4.79433e+07
2,0,1.9,-0.663965,0,2.1986,5.40441e+07
2,0,1.9,-0.663965,0,2.2016,5.44952e+07
2,0,1.9,-0.663965,0,2.2046,5.56364e+07
2,0,1.9,-0.663965,0,2.2076,4.45199e+07
2,0,1.9,-0.663965,0,2.21061,4.4508e+07
2,0,1.9,-0.663965,0,2.21361,4.5596e+07
2,0,1.9,-0.663965,0,2.21661,4.67118e+07
2,0,1.9,-0.663965,0,2.21961,4.72518e+07
2,0,1.9,-0.663965,0,2.22261,4.85801e+07
2,0,1.9,-0.663965,0,2.22561,4.95857e+07
2,0,1.9,-0.663965,0,2.22861,5.15175e+07
2,0,1.9,-0.663965,0,2.23162,5.21774e+07
2,0,1.9,-0.663965,0,2.23462,5.27079e+07
2,0,1.9,-0.663965,0,2.23762,5.3025e+07
2,0,1.9,-0.663965,0,2.24062,5.44773e+07
2,0,1.9,-0.663965,0,2.24362,5.53806e+07
2,0,1.9,-0.663965,0,2.24662,5.59601e+07
2,0,1.9,-0.663965,0,2.24962,4.42811e+07
2,0,1.9,-0.663965,0,2.25263,4.51076e+07
2,0,1.9,-0.663965,0,2.25563,4.73929e+07
2,0,1.9,-0.663965,0,2.25863,4.62747e+07
2,0,1.9,-0.663965,0,2.26163,4.89462e+07
2,0,1.9,-0.663965,0,2.26463,4.99981e+07
2,0,1.9,-0.663965,0,2.26763,4.89398e+07
2,0,1.9,-0.663965,0,2.27064,4.94384e+07
2,0,1.9,-0.663965,0,2.27364,5.0351e+07
2,0,1.9,-0.663965,0,2.27664,5.12308e+07
2,0,1.9,-0.663965,0,2.27964,5.19908e+07
2,0,1.9,-0.663965,0,2.28264,5.39734e+07
2,0,1.9,-0.663965,0,2.28564,5.63596e+07
2,0,1.9,-0.663965,0,2.28864,5.67314e+07
2,0,1.9,-0.663965,0,2.29165,5.59449e+07
2,0,1.9,-0.663965,0,2.29465,4.4273e+07
2,0,1.9,-0.663965,0,2.29765,4.47039e+07
2,0,1.9,-0.663965,0,2.30065,4.57694e+07
2,0,1.9,-0.663965,0,2.30365,4.78264e+07
2,0,1.9,-0.663965,0,2.30665,4.68507e+07
2,0,1.9,-0.663965,0,2.30965,4.93108e+07
2,0,1.9,-0.663965,0,2.31266,4.77453e+07
2,0,1.9,-0.663965,0,2.31566,4.91716e+07
2,0,1.9,-0.663965,0,2.31866,4.96018e+07
2,0,1.9,-0.663965,0,2.32166,5.16943e+07
2,0,1.9,-0.663965,0,2.32466,4.78437e+07
2,0,1.9,-0.663965,0,2.32766,5.40614e+07
2,0,1.9,-0.663965,0,2.33067,5.14254e+07
2,0,1.9,-0.663965,0,2.33367,5.45056e+07
2,0,1.9,-0.663965,0,2.33667,5.07403e+07
2,0,1.9,-0.663965,0,2.33967,5.76156e+07
2,0,1.9,-0.663965,0,2.34267,5.61294e+07
2,0,1.9,-0.663965,0,2.34567,5.28191e+07
2,0,1.9,-0.663965,0,2.34867,5.67435e+07
2,0,1.9,-0.663965,0,2.35168,5.44367e+07
2,0,1.9,-0.663965,0,2.35468,4.76135e+07
2,0,1.9,-0.663965,0,2.35768,4.7161e+07
2,0,1.9,-0.663965,0,2.36068,4.66114e+07
2,0,1.9,-0.663965,0,2.36368,5.7444e+07
2,0,1.9,-0.663965,0,2.36668,5.0374e+07
2,0,1.9,-0.663965,0,2.36968,4.82692e+07
2,0,1.9,-0.663965,0,2.37269,4.62384e+07
2,0,1.9,-0.663965,0,2.37569,4.96262e+07
2,0,1.9,-0.663965,0,2.37869,5.10982e+07
2,0,1.9,-0.663965,0,2.38169,4.79831e+07
2,0,1.9,-0.663965,0,2.38469,4.70681e+07
2,0,1.9,-0.663965,0,2.38769,4.70016e+07
2,0,1.9,-0.663965,0,2.3907,5.00207e+07
2,0,1.9,-0.663965,0,2.3937,5.64569e+07
2,0,1.9,-0.663965,0,2.3967,5.64884e+07
2,0,1.9,-0.663965,0,2.3997,5.5232e+07
2,0,1.9,-0.663965,0,2.4027,5.25329e+07
2,0,1.9,-0.663965,0,2.4057,5.68356e+07
2,0,1.9,-0.663965,0,2.4087,5.42641e+07
2,0,1.9,-0.663965,0,2.41171,4.53949e+07
2,0,1.9,-0.663965,0,2.41471,4.64455e+07
2,0,1.9,-0.663965,0,2.41771,4.61056e+07
2,0,1.9,-0.663965,0,2.42071,4.79652e+07
2,0,1.9,-0.663965,0,2.42371,4.93366e+07
2,0,1.9,-0.663965,0,2.42671,5.82839e+07
2,0,1.9,-0.663965,0,2.42971,4.82822e+07
2,0,1.9,-0.663965,0,2.43272,5.77428e+07
2,0,1.9,-0.663965,0,2.43572,4.63803e+07
2,0,1.9,-0.663965,0,2.43872,4.73319e+07
2,0,1.9,-0.663965,0,2.44172,4.7443e+07
2,0,1.9,-0.663965,0,2.44472,4.92683e+07
2,0,1.9,-0.663965,0,2.44772,4.85473e+07
2,0,1.9,-0.663965,0,2.45073,4.94861e+07
2,0,1.9,-0.663965,0,2.45373,5.333e+07
2,0,1.9,-0.663965,0,2.45673,5.33444e+07
2,0,1.9,-0.663965,0,2.45973,5.48026e+07
2,0,1.9,-0.663965,0,2.46273,5.17931e+07
2,0,1.9,-0.663965,0,2.46573,5.2512e+07
2,0,1.9,-0.663965,0,2.46873,5.77014e+07
2,0,1.9,-0.663965,0,2.47174,5.78143e+07
2,0,1.9,-0.663965,0,2.47474,5.43782e+07
2,0,1.9,-0.663965,0,2.47774,5.31158e+07
2,0,1.9,-0.663965,0,2.48074,4.80514e+07
2,0,1.9,-0.663965,0,2.48374,5.64443e+07
2,0,1.9,-0.663965,0,2.48674,4.74953e+07
2,0,1.9,-0.663965,0,2.48974,5.76652e+07
2,0,1.9,-0.663965,0,2.49275,4.99896e+07
2,0,1.9,-0.663965,0,2.49575,5.89455e+07
2,0,1.9,-0.663965,0,2.49875,5.13879e+07
2,0,1.9,-0.663965,0,2.50175,4.67902e+07
2,0,1.9,-0.663965,0,2.50475,5.55665e+07
2,0,1.9,-0.663965,0,2.50775,5.67553e+07
2,0,1.9,-0.663965,0,2.51076,5.36573e+07
2,0,1.9,-0.663965,0,2.51376,4.84493e+07
2,0,1.9,-0.663965,0,2.51676,4.92966e+07
2,0,1.9,-0.663965,0,2.51976,5.68365e+07
2,0,1.9,-0.663965,0,2.52276,5.02526e+07
2,0,1.9,-0.663965,0,2.52576,5.12019e+07
2,0,1.9,-0.663965,0,2.52876,5.17008e+07
2,0,1.9,-0.663965,0,2.53177,5.18743e+07
2,0,1.9,-0.663965,0,2.53477,5.26591e+07
2,0,1.9,-0.663965,0,2.53777,5.30907e+07
2,0,1.9,-0.663965,0,2.54077,4.71193e+07
2,0,1.9,-0.663965,0,2.54377,5.39194e+07
2,0,1.9,-0.663965,0,2.54677,5.53394e+07
2,0,1.9,-0.663965,0,2.54977,4.6639e+07
2,0,1.9,-0.663965,0,2.55278,4.9102e+07
2,0,1.9,-0.663965,0,2.55578,5.69359e+07
2,0,1.9,-0.663965,0,2.55878,5.78893e+07
2,0,1.9,-0.663965,0,2.56178,5.02072e+07
2,0,1.9,-0.663965,0,2.56478,4.84041e+07
2,0,1.9,-0.663965,0,2.56778,4.89927e+07
2,0,1.9,-0.663965,0,2.57079,6.00714e+07
2,0,1.9,-0.663965,0,2.57379,6.07315e+07
2,0,1.9,-0.663965,0,2.57679,4.77543e+07
2,0,1.9,-0.663965,0,2.57979,4.77536e+07
2,0,1.9,-0.663965,0,2.58279,4.78351e+07
2,0,1.9,-0.663965,0,2.58579,4.86992e+07
2,0,1.9,-0.663965,0,2.58879,4.91204e+07
2,0,1.9,-0.663965,0,2.5918,4.7402e+07
2,0,1.9,-0.663965,0,2.5948,5.02248e+07
2,0,1.9,-0.663965,0,2.5978,4.74241e+07
2,0,1.9,-0.663965,0,2.6008,5.16855e+07
2,0,1.9,-0.663965,0,2.6038,4.70692e+07
2,0,1.9,-0.663965,0,2.6068,4.9396e+07
2,0,1.9,-0.663965,0,2.6098,4.78609e+07
2,0,1.9,-0.663965,0,2.61281,4.89972e+07
2,0,1.9,-0.663965,0,2.61581,5.07982e+07
2,0,1.9,-0.663965,0,2.61881,4.94919e+07
2,0,1.9,-0.663965,0,2.62181,5.46767e+07
2,0,1.9,-0.663965,0,2.62481,4.84569e+07
2,0,1.9,-0.663965,0,2.62781,4.74849e+07
2,0,1.9,-0.663965,0,2.63082,4.84914e+07
2,0,1.9,-0.663965,0,2.63382,5.6942e+07
2,0,1.9,-0.663965,0,2.63682,5.81259e+07
2,0,1.9,-0.663965,0,2.63982,5.72259e+07
2,0,1.9,-0.663965,0,2.64282,5.87429e+07
2,0,1.9,-0.663965,0,2.64582,5.04051e+07
2,0,1.9,-0.663965,0,2.64882,5.27005e+07
2,0,1.9,-0.663965,0,2.65183,5.25252e+07
2,0,1.9,-0.663965,0,2.65483,6.11356e+07
2,0,1.9,-0.663965,0,2.65783,5.60254e+07
2,0,1.9,-0.663965,0,2.66083,4.82101e+07
2,0,1.9,-0.663965,0,2.66383,5.63992e+07
2,0,1.9,-0.663965,0,2.66683,5.45016e+07
2,0,1.9,-0.663965,0,2.66983,5.7116e+07
2,0,1.9,-0.663965,0,2.67284,4.99128e+07
2,0,1.9,-0.663965,0,2.67584,5.74245e+07
2,0,1.9,-0.663965,0,2.67884,5.09651e+07
2,0,1.9,-0.663965,0,2.68184,5.04168e+07
2,0,1.9,-0.663965,0,2.68484,5.8155e+07
2,0,1.9,-0.663965,0,2.68784,5.77562e+07
2,0,1.9,-0.663965,0,2.69085,5.18916e+07
2,0,1.9,-0.663965,0,2.69385,5.23764e+07
2,0,1.9,-0.663965,0,2.69685,6.03308e+07
2,0,1.9,-0.663965,0,2.69985,5.99993e+07
2,0,1.9,-0.663965,0,2.70285,4.80343e+07
2,0,1.9,-0.663965,0,2.70585,5.03526e+07
2,0,1.9,-0.663965,0,2.70885,5.58302e+07
2,0,1.9,-0.663965,0,2.71186,5.1424e+07
2,0,1.9,-0.663965,0,2.71486,5.32672e+07
2,0,1.9,-0.663965,0,2.71786,5.45132e+07
2,0,1.9,-0.663965,0,2.72086,5.60827e+07
2,0,1.9,-0.663965,0,2.72386,5.00065e+07
2,0,1.9,-0.663965,0,2.72686,5.90293e+07
2,0,1.9,-0.663965,0,2.72986,5.73914e+07
2,0,1.9,-0.663965,0,2.73287,5.88381e+07
2,0,1.9,-0.663965,0,2.73587,4.89045e+07
2,0,1.9,-0.663965,0,2.73887,4.93202e+07
2,0,1.9,-0.663965,0,2.74187,5.77796e+07
2,0,1.9,-0.663965,0,2.74487,5.0313e+07
2,0,1.9,-0.663965,0,2.74787,5.07175e+07
2,0,1.9,-0.663965,0,2.75088,5.12089e+07
2,0,1.9,-0.663965,0,2.75388,5.48553e+07
2,0,1.9,-0.663965,0,2.75688,4.89315e+07
2,0,1.9,-0.663965,0,2.75988,5.04701e+07
2,0,1.9,-0.663965,0,2.76288,5.1019e+07
2,0,1.9,-0.663965,0,2.76588,5.34981e+07
2,0,1.9,-0.663965,0,2.76888,5.70765e+07
2,0,1.9,-0.663965,0,2.77189,5.42663e+07
2,0,1.9,-0.663965,0,2.77489,5.96039e+07
2,0,1.9,-0.663965,0,2.77789,5.90835e+07
2,0,1.9,-0.663965,0,2.78089,6.2196e+07
2,0,1.9,-0.663965,0,2.78389,5.20134e+07
2,0,1.9,-0.663965,0,2.78689,6.12422e+07
2,0,1.9,-0.663965,0,2.78989,6.27353e+07
2,0,1.9,-0.663965,0,2.7929,6.23753e+07
2,0,1.9,-0.663965,0,2.7959,5.50018e+07
2,0,1.9,-0.663965,0,2.7989,5.64262e+07
2,0,1.9,-0.663965,0,2.8019,4.9984e+07
2,0,1.9,-0.663965,0,2.8049,5.13559e+07
2,0,1.9,-0.663965,0,2.8079,5.11002e+07
2,0,1.9,-0.663965,0,2.81091,5.1091e+07
2,0,1.9,-0.663965,0,2.81391,5.10388e+07
2,0,1.9,-0.663965,0,2.81691,5.26902e+07
2,0,1.9,-0.663965,0,2.81991,5.0995e+07
2,0,1.9,-0.663965,0,2.82291,6.32316e+07
2,0,1.9,-0.663965,0,2.82591,4.89985e+07
2,0,1.9,-0.663965,0,2.82891,5.31214e+07
2,0,1.9,-0.663965,0,2.83192,5.51267e+07
2,0,1.9,-0.663965,0,2.83492,5.05356e+07
2,0,1.9,-0.663965,0,2.83792,5.09003e+07
2,0,1.9,-0.663965,0,2.84092,5.53032e+07
2,0,1.9,-0.663965,0,2.84392,5.60372e+07
2,0,1.9,-0.663965,0,2.84692,5.67089e+07
2,0,1.9,-0.663965,0,2.84992,6.30579e+07
2,0,1.9,-0.663965,0,2.85293,5.29219e+07
2,0,1.9,-0.663965,0,2.85593,5.34562e+07
2,0,1.9,-0.663965,0,2.85893,5.21328e+07
2,0,1.9,-0.663965,0,2.86193,5.95092e+07
2,0,1.9,-0.663965,0,2.86493,5.50529e+07
2,0,1.9,-0.663965,0,2.86793,6.02022e+07
2,0,1.9,-0.663965,0,2.87094,5.95461e+07
2,0,1.9,-0.663965,0,2.87394,6.09455e+07
2,0,1.9,-0.663965,0,2.87694,5.48428e+07
2,0,1.9,-0.663965,0,2.87994,6.37856e+07
2,0,1.9,-0.663965,0,2.88294,5.76812e+07
2,0,1.9,-0.663965,0,2.88594,6.24797e+07
2,0,1.9,-0.663965,0,2.88894,6.29992e+07
2,0,1.9,-0.663965,0,2.89195,5.88738e+07
2,0,1.9,-0.663965,0,2.89495,5.95053e+07
2,0,1.9,-0.663965,0,2.89795,5.758e+07
2,0,1.9,-0.663965,0,2.90095,6.04357e+07
2,0,1.9,-0.663965,0,2.90395,6.12739e+07
2,0,1.9,-0.663965,0,2.90695,5.08074e+07
2,0,1.9,-0.663965,0,2.90995,6.20375e+07
2,0,1.9,-0.663965,0,2.91296,5.14746e+07
2,0,1.9,-0.663965,0,2.91596,5.26254e+07
2,0,1.9,-0.663965,0,2.91896,6.33518e+07
2,0,1.9,-0.663965,0,2.92196,6.17058e+07
2,0,1.9,-0.663965,0,2.92496,4.97472e+07
2,0,1.9,-0.663965,0,2.92796,5.35254e+07
2,0,1.9,-0.663965,0,2.93097,6.30339e+07
2,0,1.9,-0.663965,0,2.93397,6.41154e+07
2,0,1.9,-0.663965,0,2.93697,6.17342e+07
2,0,1.9,-0.663965,0,2.93997,5.19928e+07
2,0,1.9,-0.663965,0,2.94297,5.20449e+07
2,0,1.9,-0.663965,0,2.94597,5.67106e+07
2,0,1.9,-0.663965,0,2.94897,5.29751e+07
2,0,1.9,-0.663965,0,2.95198,5.33067e+07
2,0,1.9,-0.663965,0,2.95498,5.37318e+07
2,0,1.9,-0.663965,0,2.95798,5.41596e+07
2,0,1.9,-0.663965,0,2.96098,6.04064e+07
2,0,1.9,-0.663965,0,2.96398,5.50185e+07
2,0,1.9,-0.663965,0,2.96698,5.58304e+07
2,0,1.9,-0.663965,0,2.96998,6.07819e+07
2,0,1.9,-0.663965,0,2.97299,6.14895e+07
2,0,1.9,-0.663965,0,2.97599,5.71463e+07
2,0,1.9,-0.663965,0,2.97899,6.20016e+07
2,0,1.9,-0.663965,0,2.98199,5.82651e+07
2,0,1.9,-0.663965,0,2.98499,5.81423e+07
2,0,1.9,-0.663965,0,2.98799,6.46136e+07
2,0,1.9,-0.663965,0,2.991,5.59871e+07
2,0,1.9,-0.663965,0,2.994,6.00566e+07
2,0,1.9,-0.663965,0,2.997,6.00389e+07
2,0,1.9,-0.663965,0,3,6.10386e+07

2,0,1.95,-0.730576,0,-3,-1.75117e+07
2,0,1.95,-0.730576,0,-2.997,-2.16261e+07
2,0,1.95,-0.730576,0,-2.994,-2.19542e+07
2,0,1.95,-0.730576,0,-2.991,-1.82914e+07
2,0,1.95,-0.730576,0,-2.98799,-1.73291e+07
2,0,1.95,-0.730576,0,-2.98499,-1.76875e+07
2,0,1.95,-0.730576,0,-2.98199,-1.78386e+07
2,0,1.95,-0.730576,0,-2.97899,-1.82102e+07
2,0,1.95,-0.730576,0,-2.97599,-2.07059e+07
2,0,1.95,-0.730576,0,-2.97299,-1.8902e+07
2,0,1.95,-0.730576,0,-2.96998,-1.91385e+07
2,0,1.95,-0.730576,0,-2.96698,-2.05384e+07
2,0,1.95,-0.730576,0,-2.96398,-2.19143e+07
2,0,1.95,-0.730576,0,-2.96098,-2.09442e+07
2,0,1.95,-0.730576,0,-2.95798,-2.01493e+07
2,0,1.95,-0.730576,0,-2.95498,-2.2004e+07
2,0,1.95,-0.730576,0,-2.95198,-2.23129e+07
2,0,1.95,-0.730576,0,-2.94897,-2.05097e+07
2,0,1.95,-0.730576,0,-2.94597,-2.10006e+07
2,0,1.95,-0.730576,0,-2.94297,-2.25586e+07
2,0,1.95,-0.730576,0,-2.93997,-2.1275e+07
2,0,1.95,-0.730576,0,-2.93697,-2.15922e+07
2,0,1.95,-0.730576,0,-2.93397,-2.17239e+07
2,0,1.95,-0.730576,0,-2.93097,-1.82371e+07
2,0,1.95,-0.730576,0,-2.92796,-1.83568e+07
2,0,1.95,-0.730576,0,-2.92496,-2.241e+07
2,0,1.95,-0.730576,0,-2.92196,-1.88812e+07
2,0,1.95,-0.730576,0,-2.91896,-1.89838e+07
2,0,1.95,-0.730576,0,-2.91596,-1.79619e+07
2,0,1.95,-0.730576,0,-2.91296,-1.97665e+07
2,0,1.95,-0.730576,0,-2.90995,-1.83384e+07
2,0,1.95,-0.730576,0,-2.90695,-1.83708e+07
2,0,1.95,-0.730576,0,-2.90395,-1.85554e+07
2,0,1.95,-0.730576,0,-2.90095,-2.06216e+07
2,0,1.95,-0.730576,0,-2.89795,-2.04541e+07
2,0,1.95,-0.730576,0,-2.89495,-1.91985e+07
2,0,1.95,-0.730576,0,-2.89195,-2.13917e+07
2,0,1.95,-0.730576,0,-2.88894,-2.18656e+07
2,0,1.95,-0.730576,0,-2.88594,-2.14043e+07
2,0,1.95,-0.730576,0,-2.88294,-2.05175e+07
2,0,1.95,-0.730576,0,-2.87994,-2.02829e+07
2,0,1.95,-0.730576,0,-2.87694,-2.03082e+07
2,0,1.95,-0.730576,0,-2.87394,-2.07812e+07
2,0,1.95,-0.730576,0,-2.87094,-1.76503e+07
2,0,1.95,-0.730576,0,-2.86793,-2.09037e+07
2,0,1.95,-0.730576,0,-2.86493,-2.10542e+07
2,0,1.95,-0.730576,0,-2.86193,-2.12409e+07
2,0,1.95,-0.730576,0,-2.85893,-2.16348e+07
2,0,1.95,-0.730576,0,-2.85593,-2.20195e+07
2,0,1.95,-0.730576,0,-2.85293,-1.82246e+07
2,0,1.95,-0.730576,0,-2.84992,-1.87231e+07
2,0,1.95,-0.730576,0,-2.84692,-2.22861e+07
2,0,1.95,-0.730576,0,-2.84392,-2.04309e+07
2,0,1.95,-0.730576,0,-2.84092,-2.05521e+07
2,0,1.95,-0.730576,0,-2.83792,-2.14051e+07
2,0,1.95,-0.730576,0,-2.83492,-1.84043e+07
2,0,1.95,-0.730576,0,-2.83192,-1.93638e+07
2,0,1.95,-0.730576,0,-2.82891,-2.06405e+07
2,0,1.95,-0.730576,0,-2.82591,-1.88343e+07
2,0,1.95,-0.730576,0,-2.82291,-1.84891e+07
2,0,1.95,-0.730576,0,-2.81991,-2.04044e+07
2,0,1.95,-0.730576,0,-2.81691,-2.3037e+07
2,0,1.95,-0.730576,0,-2.81391,-2.03406e+07
2,0,1.95,-0.730576,0,-2.81091,-1.89207e+07
2,0,1.95,-0.730576,0,-2.8079,-1.955e+07
2,0,1.95,-0.730576,0,-2.8049,-1.94179e+07
2,0,1.95,-0.730576,0,-2.8019,-2.12543e+07
2,0,1.95,-0.730576,0,-2.7989,-1.80384e+07
2,0,1.95,-0.730576,0,-2.7959,-2.26719e+07
2,0,1.95,-0.730576,0,-2.7929,-2.26747e+07
2,0,1.95,-0.730576,0,-2.78989,-2.18107e+07
2,0,1.95,-0.730576,0,-2.78689,-2.09143e+07
2,0,1.95,-0.730576,0,-2.78389,-2.05382e+07
2,0,1.95,-0.730576,0,-2.78089,-2.05796e+07
2,0,1.95,-0.730576,0,-2.77789,-2.23923e+07
2,0,1.95,-0.730576,0,-2.77489,-2.10909e+07
2,0,1.95,-0.730576,0,-2.77189,-2.17652e+07
2,0,1.95,-0.730576,0,-2.76888,-2.13256e+07
2,0,1.95,-0.730576,0,-2.76588,-2.15828e+07
2,0,1.95,-0.730576,0,-2.76288,-2.14603e+07
2,0,1.95,-0.730576,0,-2.75988,-1.84668e+07
2,0,1.95,-0.730576,0,-2.75688,-2.20186e+07
2,0,1.95,-0.730576,0,-2.75388,-1.91547e+07
2,0,1.95,-0.730576,0,-2.75088,-2.19209e+07
2,0,1.95,-0.730576,0,-2.74787,-1.94133e+07
2,0,1.95,-0.730576,0,-2.74487,-2.07365e+07
2,0,1.95,-0.730576,0,-2.74187,-1.98091e+07
2,0,1.95,-0.730576,0,-2.73887,-1.9836e+07
2,0,1.95,-0.730576,0,-2.73587,-1.90599e+07
2,0,1.95,-0.730576,0,-2.73287,-2.02965e+07
2,0,1.95,-0.730576,0,-2.72986,-1.9296e+07
2,0,1.95,-0.730576,0,-2.72686,-2.11698e+07
2,0,1.95,-0.730576,0,-2.72386,-2.06631e+07
2,0,1.95,-0.730576,0,-2.72086,-1.8209e+07
2,0,1.95,-0.730576,0,-2.71786,-2.08801e+07
2,0,1.95,-0.730576,0,-2.71486,-2.13081e+07
2,0,1.95,-0.730576,0,-2.71186,-2.1113e+07
2,0,1.95,-0.730576,0,-2.70885,-2.19687e+07
2,0,1.95,-0.730576,0,-2.70585,-2.14016e+07
2,0,1.95,-0.730576,0,-2.70285,-2.09322e+07
2,0,1.95,-0.730576,0,-2.69985,-2.19468e+07
2,0,1.95,-0.730576,0,-2.69685,-2.12454e+07
2,0,1.95,-0.730576,0,-2.69385,-2.13597e+07
2,0,1.95,-0.730576,0,-2.69085,-2.12909e+07
2,0,1.95,-0.730576,0,-2.68784,-2.21627e+07
2,0,1.95,-0.730576,0,-2.68484,-2.2804e+07
2,0,1.95,-0.730576,0,-2.68184,-2.18146e+07
2,0,1.95,-0.730576,0,-2.67884,-2.16114e+07
2,0,1.95,-0.730576,0,-2.67584,-2.30998e+07
2,0,1.95,-0.730576,0,-2.67284,-2.21946e+07
2,0,1.95,-0.730576,0,-2.66983,-2.25916e+07
2,0,1.95,-0.730576,0,-2.66683,-2.28288e+07
2,0,1.95,-0.730576,0,-2.66383,-1.80351e+07
2,0,1.95,-0.730576,0,-2.66083,-2.28742e+07
2,0,1.95,-0.730576,0,-2.65783,-1.81108e+07
2,0,1.95,-0.730576,0,-2.65483,-2.30051e+07
2,0,1.95,-0.730576,0,-2.65183,-1.84425e+07
2,0,1.95,-0.730576,0,-2.64882,-1.82413e+07
2,0,1.95,-0.730576,0,-2.64582,-1.92552e+07
2,0,1.95,-0.730576,0,-2.64282,-1.81062e+07
2,0,1.95,-0.730576,0,-2.63982,-1.88267e+07
2,0,1.95,-0.730576,0,-2.63682,-1.83723e+07
2,0,1.95,-0.730576,0,-2.63382,-1.81898e+07
2,0,1.95,-0.730576,0,-2.63082,-2.18587e+07
2,0,1.95,-0.730576,0,-2.62781,-1.98133e+07
2,0,1.95,-0.730576,0,-2.62481,-1.86883e+07
2,0,1.95,-0.730576,0,-2.62181,-1.84667e+07
2,0,1.95,-0.730576,0,-2.61881,-1.93368e+07
2,0,1.95,-0.730576,0,-2.61581,-2.29357e+07
2,0,1.95,-0.730576,0,-2.61281,-1.87657e+07
2,0,1.95,-0.730576,0,-2.6098,-1.92029e+07
2,0,1.95,-0.730576,0,-2.6068,-1.92832e+07
2,0,1.95,-0.730576,0,-2.6038,-1.91255e+07
2,0,1.95,-0.730576,0,-2.6008,-1.96574e+07
2,0,1.95,-0.730576,0,-2.5978,-1.95015e+07
2,0,1.95,-0.730576,0,-2.5948,-2.02946e+07
2,0,1.95,-0.730576,0,-2.5918,-2.01452e+07
2,0,1.95,-0.730576,0,-2.58879,-2.00449e+07
2,0,1.95,-0.730576,0,-2.58579,-1.9996e+07
2,0,1.95,-0.730576,0,-2.58279,-1.98632e+07
2,0,1.95,-0.730576,0,-2.57979,-1.99746e+07
2,0,1.95,-0.730576,0,-2.57679,-2.10003e+07
2,0,1.95,-0.730576,0,-2.57379,-2.08086e+07
2,0,1.95,-0.730576,0,-2.57079,-2.22758e+07
2,0,1.95,-0.730576,0,-2.56778,-2.05849e+07
2,0,1.95,-0.730576,0,-2.56478,-2.15772e+07
2,0,1.95,-0.730576,0,-2.56178,-2.07767e+07
2,0,1.95,-0.730576,0,-2.55878,-1.95265e+07
2,0,1.95,-0.730576,0,-2.55578,-2.07058e+07
2,0,1.95,-0.730576,0,-2.55278,-2.18517e+07
2,0,1.95,-0.730576,0,-2.54977,-2.08662e+07
2,0,1.95,-0.730576,0,-2.54677,-2.09802e+07
2,0,1.95,-0.730576,0,-2.54377,-2.14808e+07
2,0,1.95,-0.730576,0,-2.54077,-2.12086e+07
2,0,1.95,-0.730576,0,-2.53777,-2.11782e+07
2,0,1.95,-0.730576,0,-2.53477,-2.13983e+07
2,0,1.95,-0.730576,0,-2.53177,-2.1453e+07
2,0,1.95,-0.730576,0,-2.52876,-2.03995e+07
2,0,1.95,-0.730576,0,-2.52576,-2.01701e+07
2,0,1.95,-0.730576,0,-2.52276,-2.03327e+07
2,0,1.95,-0.730576,0,-2.51976,-2.19069e+07
2,0,1.95,-0.730576,0,-2.51676,-2.1974e+07
2,0,1.95,-0.730576,0,-2.51376,-2.20658e+07
2,0,1.95,-0.730576,0,-2.51076,-2.32759e+07
2,0,1.95,-0.730576,0,-2.50775,-2.2703e+07
2,0,1.95,-0.730576,0,-2.50475,-2.35585e+07
2,0,1.95,-0.730576,0,-2.50175,-2.27822e+07
2,0,1.95,-0.730576,0,-2.49875,-2.25165e+07
2,0,1.95,-0.730576,0,-2.49575,-2.25527e+07
2,0,1.95,-0.730576,0,-2.49275,-2.28151e+07
2,0,1.95,-0.730576,0,-2.48974,-2.32493e+07
2,0,1.95,-0.730576,0,-2.48674,-2.28335e+07
2,0,1.95,-0.730576,0,-2.48374,-1.92049e+07
2,0,1.95,-0.730576,0,-2.48074,-2.30961e+07
2,0,1.95,-0.730576,0,-2.47774,-2.32371e+07
2,0,1.95,-0.730576,0,-2.47474,-2.32217e+07
2,0,1.95,-0.730576,0,-2.47174,-1.85033e+07
2,0,1.95,-0.730576,0,-2.46873,-2.34519e+07
2,0,1.95,-0.730576,0,-2.46573,-2.35508e+07
2,0,1.95,-0.730576,0,-2.46273,-2.36467e+07
2,0,1.95,-0.730576,0,-2.45973,-1.82772e+07
2,0,1.95,-0.730576,0,-2.45673,-2.1987e+07
2,0,1.95,-0.730576,0,-2.45373,-2.24306e+07
2,0,1.95,-0.730576,0,-2.45073,-1.85033e+07
2,0,1.95,-0.730576,0,-2.44772,-1.85171e+07
2,0,1.95,-0.730576,0,-2.44472,-1.85091e+07
2,0,1.95,-0.730576,0,-2.44172,-1.86326e+07
2,0,1.95,-0.730576,0,-2.43872,-1.89159e+07
2,0,1.95,-0.730576,0,-2.43572,-1.87987e+07
2,0,1.95,-0.730576,0,-2.43272,-2.04633e+07
2,0,1.95,-0.730576,0,-2.42971,-1.9079e+07
2,0,1.95,-0.730576,0,-2.42671,-1.90848e+07
2,0,1.95,-0.730576,0,-2.42371,-1.92321e+07
2,0,1.95,-0.730576,0,-2.42071,-1.93638e+07
2,0,1.95,-0.730576,0,-2.41771,-1.94628e+07
2,0,1.95,-0.730576,0,-2.41471,-2.01984e+07
2,0,1.95,-0.730576,0,-2.41171,-1.93434e+07
2,0,1.95,-0.730576,0,-2.4087,-1.99222e+07
2,0,1.95,-0.730576,0,-2.4057,-2.0687e+07
2,0,1.95,-0.730576,0,-2.4027,-1.9929e+07
2,0,1.95,-0.730576,0,-2.3997,-2.10586e+07
2,0,1.95,-0.730576,0,-2.3967,-2.0093e+07
2,0,1.95,-0.730576,0,-2.3937,-2.0552e+07
2,0,1.95,-0.730576,0,-2.3907,-1.98293e+07
2,0,1.95,-0.730576,0,-2.38769,-1.98437e+07
2,0,1.95,-0.730576,0,-2.38469,-2.01608e+07
2,0,1.95,-0.730576,0,-2.38169,-2.05905e+07
2,0,1.95,-0.730576,0,-2.37869,-2.07633e+07
2,0,1.95,-0.730576,0,-2.37569,-1.84593e+07
2,0,1.95,-0.730576,0,-2.37269,-2.08207e+07
2,0,1.95,-0.730576,0,-2.36968,-2.04753e+07
2,0,1.95,-0.730576,0,-2.36668,-2.0286e+07
2,0,1.95,-0.730576,0,-2.36368,-2.03941e+07
2,0,1.95,-0.730576,0,-2.36068,-2.06413e+07
2,0,1.95,-0.730576,0,-2.35768,-2.0564e+07
2,0,1.95,-0.730576,0,-2.35468,-2.17649e+07
2,0,1.95,-0.730576,0,-2.35168,-2.06115e+07
2,0,1.95,-0.730576,0,-2.34867,-1.90245e+07
2,0,1.95,-0.730576,0,-2.34567,-1.90067e+07
2,0,1.95,-0.730576,0,-2.34267,-2.07482e+07
2,0,1.95,-0.730576,0,-2.33967,-2.22303e+07
2,0,1.95,-0.730576,0,-2.33667,-1.91191e+07
2,0,1.95,-0.730576,0,-2.33367,-1.92382e+07
2,0,1.95,-0.730576,0,-2.33067,-2.17164e+07
2,0,1.95,-0.730576,0,-2.32766,-2.10139e+07
2,0,1.95,-0.730576,0,-2.32466,-2.13544e+07
2,0,1.95,-0.730576,0,-2.32166,-2.11625e+07
2,0,1.95,-0.730576,0,-2.31866,-2.15747e+07
2,0,1.95,-0.730576,0,-2.31566,-2.13313e+07
2,0,1.95,-0.730576,0,-2.31266,-2.16503e+07
2,0,1.95,-0.730576,0,-2.30965,-2.32807e+07
2,0,1.95,-0.730576,0,-2.30665,-1.97357e+07
2,0,1.95,-0.730576,0,-2.30365,-1.99051e+07
2,0,1.95,-0.730576,0,-2.30065,-2.31823e+07
2,0,1.95,-0.730576,0,-2.29765,-1.99666e+07
2,0,1.95,-0.730576,0,-2.29465,-2.16784e+07
2,0,1.95,-0.730576,0,-2.29165,-2.27527e+07
2,0,1.95,-0.730576,0,-2.28864,-1.99976e+07
2,0,1.95,-0.730576,0,-2.28564,-2.33303e+07
2,0,1.95,-0.730576,0,-2.28264,-2.1889e+07
2,0,1.95,-0.730576,0,-2.27964,-2.31225e+07
2,0,1.95,-0.730576,0,-2.27664,-2.30473e+07
2,0,1.95,-0.730576,0,-2.27364,-2.32142e+07
2,0,1.95,-0.730576,0,-2.27064,-2.21164e+07
2,0,1.95,-0.730576,0,-2.26763,-2.28973e+07
2,0,1.95,-0.730576,0,-2.26463,-2.32573e+07
2,0,1.95,-0.730576,0,-2.26163,-2.29812e+07
2,0,1.95,-0.730576,0,-2.25863,-2.36046e+07
2,0,1.95,-0.730576,0,-2.25563,-2.35895e+07
2,0,1.95,-0.730576,0,-2.25263,-2.129e+07
2,0,1.95,-0.730576,0,-2.24962,-1.89063e+07
2,0,1.95,-0.730576,0,-2.24662,-2.34829e+07
2,0,1.95,-0.730576,0,-2.24362,-2.13245e+07
2,0,1.95,-0.730576,0,-2.24062,-2.12389e+07
2,0,1.95,-0.730576,0,-2.23762,-2.1299e+07
2,0,1.95,-0.730576,0,-2.23462,-2.30974e+07
2,0,1.95,-0.730576,0,-2.23162,-2.32091e+07
2,0,1.95,-0.730576,0,-2.22861,-2.12777e+07
2,0,1.95,-0.730576,0,-2.22561,-2.3202e+07
2,0,1.95,-0.730576,0,-2.22261,-2.15566e+07
2,0,1.95,-0.730576,0,-2.21961,-2.13389e+07
2,0,1.95,-0.730576,0,-2.21661,-2.14461e+07
2,0,1.95,-0.730576,0,-2.21361,-2.32832e+07
2,0,1.95,-0.730576,0,-2.21061,-2.31272e+07
2,0,1.95,-0.730576,0,-2.2076,-2.15265e+07
2,0,1.95,-0.730576,0,-2.2046,-2.16949e+07
2,0,1.95,-0.730576,0,-2.2016,-2.31843e+07
2,0,1.95,-0.730576,0,-2.1986,-2.16452e+07
2,0,1.95,-0.730576,0,-2.1956,-2.16879e+07
2,0,1.95,-0.730576,0,-2.1926,-2.18172e+07
2,0,1.95,-0.730576,0,-2.18959,-2.17677e+07
2,0,1.95,-0.730576,0,-2.18659,-2.17448e+07
2,0,1.95,-0.730576,0,-2.18359,-2.36327e+07
2,0,1.95,-0.730576,0,-2.18059,-2.18634e+07
2,0,1.95,-0.730576,0,-2.17759,-2.19443e+07
2,0,1.95,-0.730576,0,-2.17459,-1.97478e+07
2,0,1.95,-0.730576,0,-2.17159,-2.17373e+07
2,0,1.95,-0.730576,0,-2.16858,-2.19034e+07
2,0,1.95,-0.730576,0,-2.16558,-2.24476e+07
2,0,1.95,-0.730576,0,-2.16258,-2.20242e+07
2,0,1.95,-0.730576,0,-2.15958,-1.86755e+07
2,0,1.95,-0.730576,0,-2.15658,-2.20732e+07
2,0,1.95,-0.730576,0,-2.15358,-2.21888e+07
2,0,1.95,-0.730576,0,-2.15058,-1.86127e+07
2,0,1.95,-0.730576,0,-2.14757,-2.21271e+07
2,0,1.95,-0.730576,0,-2.14457,-2.21104e+07
2,0,1.95,-0.730576,0,-2.14157,-2.21708e+07
2,0,1.95,-0.730576,0,-2.13857,-2.23163e+07
2,0,1.95,-0.730576,0,-2.13557,-2.22332e+07
2,0,1.95,-0.730576,0,-2.13257,-2.22489e+07
2,0,1.95,-0.730576,0,-2.12956,-2.23327e+07
2,0,1.95,-0.730576,0,-2.12656,-1.88694e+07
2,0,1.95,-0.730576,0,-2.12356,-2.22949e+07
2,0,1.95,-0.730576,0,-2.12056,-2.24629e+07
2,0,1.95,-0.730576,0,-2.11756,-2.24797e+07
2,0,1.95,-0.730576,0,-2.11456,-1.94677e+07
2,0,1.95,-0.730576,0,-2.11156,-2.12407e+07
2,0,1.95,-0.730576,0,-2.10855,-2.25355e+07
2,0,1.95,-0.730576,0,-2.10555,-2.2559e+07
2,0,1.95,-0.730576,0,-2.10255,-2.25721e+07
2,0,1.95,-0.730576,0,-2.09955,-2.30041e+07
2,0,1.95,-0.730576,0,-2.09655,-2.14971e+07
2,0,1.95,-0.730576,0,-2.09355,-2.29903e+07
2,0,1.95,-0.730576,0,-2.09055,-2.13743e+07
2,0,1.95,-0.730576,0,-2.08754,-2.26437e+07
2,0,1.95,-0.730576,0,-2.08454,-2.08959e+07
2,0,1.95,-0.730576,0,-2.08154,-2.3463e+07
2,0,1.95,-0.730576,0,-2.07854,-2.2689e+07
2,0,1.95,-0.730576,0,-2.07554,-2.11548e+07
2,0,1.95,-0.730576,0,-2.07254,-1.90849e+07
2,0,1.95,-0.730576,0,-2.06953,-2.05414e+07
2,0,1.95,-0.730576,0,-2.06653,-1.92702e+07
2,0,1.95,-0.730576,0,-2.06353,-2.0579e+07
2,0,1.95,-0.730576,0,-2.06053,-2.0464e+07
2,0,1.95,-0.730576,0,-2.05753,-2.02908e+07
2,0,1.95,-0.730576,0,-2.05453,-2.28841e+07
2,0,1.95,-0.730576,0,-2.05153,-2.31588e+07
2,0,1.95,-0.730576,0,-2.04852,-2.28618e+07
2,0,1.95,-0.730576,0,-2.04552,-2.29979e+07
2,0,1.95,-0.730576,0,-2.04252,-2.02934e+07
2,0,1.95,-0.730576,0,-2.03952,-2.03763e+07
2,0,1.95,-0.730576,0,-2.03652,-2.01768e+07
2,0,1.95,-0.730576,0,-2.03352,-2.11078e+07
2,0,1.95,-0.730576,0,-2.03052,-2.24919e+07
2,0,1.95,-0.730576,0,-2.02751,-2.02961e+07
2,0,1.95,-0.730576,0,-2.02451,-1.91146e+07
2,0,1.95,-0.730576,0,-2.02151,-2.00442e+07
2,0,1.95,-0.730576,0,-2.01851,-2.08826e+07
2,0,1.95,-0.730576,0,-2.01551,-2.01651e+07
2,0,1.95,-0.730576,0,-2.01251,-2.01162e+07
2,0,1.95,-0.730576,0,-2.0095,-2.03863e+07
2,0,1.95,-0.730576,0,-2.0065,-2.03158e+07
2,0,1.95,-0.730576,0,-2.0035,-2.01405e+07
2,0,1.95,-0.730576,0,-2.0005,-2.35448e+07
2,0,1.95,-0.730576,0,-1.9975,-1.91553e+07
2,0,1.95,-0.730576,0,-1.9945,-2.01362e+07
2,0,1.95,-0.730576,0,-1.9915,-2.04455e+07
2,0,1.95,-0.730576,0,-1.98849,-2.04887e+07
2,0,1.95,-0.730576,0,-1.98549,-1.91818e+07
2,0,1.95,-0.730576,0,-1.98249,-2.03413e+07
2,0,1.95,-0.730576,0,-1.97949,-2.03473e+07
2,0,1.95,-0.730576,0,-1.97649,-2.04121e+07
2,0,1.95,-0.730576,0,-1.97349,-1.94399e+07
2,0,1.95,-0.730576,0,-1.97049,-2.01855e+07
2,0,1.95,-0.730576,0,-1.96748,-2.30712e+07
2,0,1.95,-0.730576,0,-1.96448,-1.94361e+07
2,0,1.95,-0.730576,0,-1.96148,-2.02268e+07
2,0,1.95,-0.730576,0,-1.95848,-1.99437e+07
2,0,1.95,-0.730576,0,-1.95548,-2.01635e+07
2,0,1.95,-0.730576,0,-1.95248,-1.91606e+07
2,0,1.95,-0.730576,0,-1.94947,-1.91555e+07
2,0,1.95,-0.730576,0,-1.94647,-1.97022e+07
2,0,1.95,-0.730576,0,-1.94347,-1.98757e+07
2,0,1.95,-0.730576,0,-1.94047,-2.01041e+07
2,0,1.95,-0.730576,0,-1.93747,-1.91389e+07
2,0,1.95,-0.730576,0,-1.93447,-2.02271e+07
2,0,1.95,-0.730576,0,-1.93147,-1.9171e+07
2,0,1.95,-0.730576,0,-1.92846,-2.39757e+07
2,0,1.95,-0.730576,0,-1.92546,-1.97013e+07
2,0,1.95,-0.730576,0,-1.92246,-2.01259e+07
2,0,1.95,-0.730576,0,-1.91946,-2.06164e+07
2,0,1.95,-0.730576,0,-1.91646,-1.91129e+07
2,0,1.95,-0.730576,0,-1.91346,-1.92861e+07
2,0,1.95,-0.730576,0,-1.91046,-1.98e+07
2,0,1.95,-0.730576,0,-1.90745,-1.95199e+07
2,0,1.95,-0.730576,0,-1.90445,-1.95528e+07
2,0,1.95,-0.730576,0,-1.90145,-1.97981e+07
2,0,1.95,-0.730576,0,-1.89845,-1.97541e+07
2,0,1.95,-0.730576,0,-1.89545,-1.90141e+07
2,0,1.95,-0.730576,0,-1.89245,-1.90022e+07
2,0,1.95,-0.730576,0,-1.88944,-2.30163e+07
2,0,1.95,-0.730576,0,-1.88644,-2.30845e+07
2,0,1.95,-0.730576,0,-1.88344,-2.00443e+07
2,0,1.95,-0.730576,0,-1.88044,-2.26941e+07
2,0,1.95,-0.730576,0,-1.87744,-1.88917e+07
2,0,1.95,-0.730576,0,-1.87444,-2.0375e+07
2,0,1.95,-0.730576,0,-1.87144,-2.30915e+07
2,0,1.95,-0.730576,0,-1.86843,-1.9318e+07
2,0,1.95,-0.730576,0,-1.86543,-2.2943e+07
2,0,1.95,-0.730576,0,-1.86243,-1.9205e+07
2,0,1.95,-0.730576,0,-1.85943,-1.92081e+07
2,0,1.95,-0.730576,0,-1.85643,-1.91001e+07
2,0,1.95,-0.730576,0,-1.85343,-1.99096e+07
2,0,1.95,-0.730576,0,-1.85043,-1.91316e+07
2,0,1.95,-0.730576,0,-1.84742,-2.26443e+07
2,0,1.95,-0.730576,0,-1.84442,-1.96362e+07
2,0,1.95,-0.730576,0,-1.84142,-1.87492e+07
2,0,1.95,-0.730576,0,-1.83842,-1.86047e+07
2,0,1.95,-0.730576,0,-1.83542,-1.89433e+07
2,0,1.95,-0.730576,0,-1.83242,-1.86491e+07
2,0,1.95,-0.730576,0,-1.82941,-1.88118e+07
2,0,1.95,-0.730576,0,-1.82641,-1.92774e+07
2,0,1.95,-0.730576,0,-1.82341,-1.89483e+07
2,0,1.95,-0.730576,0,-1.82041,-2.31002e+07
2,0,1.95,-0.730576,0,-1.81741,-1.84818e+07
2,0,1.95,-0.730576,0,-1.81441,-2.19307e+07
2,0,1.95,-0.730576,0,-1.81141,-1.84172e+07
2,0,1.95,-0.730576,0,-1.8084,-2.28677e+07
2,0,1.95,-0.730576,0,-1.8054,-1.84002e+07
2,0,1.95,-0.730576,0,-1.8024,-2.38882e+07
2,0,1.95,-0.730576,0,-1.7994,-2.38345e+07
2,0,1.95,-0.730576,0,-1.7964,-1.84156e+07
2,0,1.95,-0.730576,0,-1.7934,-1.8386e+07
2,0,1.95,-0.730576,0,-1.7904,-2.38537e+07
2,0,1.95,-0.730576,0,-1.78739,-2.35898e+07
2,0,1.95,-0.730576,0,-1.78439,-2.37975e+07
2,0,1.95,-0.730576,0,-1.78139,-2.34232e+07
2,0,1.95,-0.730576,0,-1.77839,-2.38599e+07
2,0,1.95,-0.730576,0,-1.77539,-2.36625e+07
2,0,1.95,-0.730576,0,-1.77239,-2.15357e+07
2,0,1.95,-0.730576,0,-1.76938,-2.32945e+07
2,0,1.95,-0.730576,0,-1.76638,-2.32202e+07
2,0,1.95,-0.730576,0,-1.76338,-2.36868e+07
2,0,1.95,-0.730576,0,-1.76038,-2.36105e+07
2,0,1.95,-0.730576,0,-1.75738,-2.31267e+07
2,0,1.95,-0.730576,0,-1.75438,-2.34468e+07
2,0,1.95,-0.730576,0,-1.75138,-2.30176e+07
2,0,1.95,-0.730576,0,-1.74837,-1.99573e+07
2,0,1.95,-0.730576,0,-1.74537,-1.88365e+07
2,0,1.95,-0.730576,0,-1.74237,-2.26824e+07
2,0,1.95,-0.730576,0,-1.73937,-2.09519e+07
2,0,1.95,-0.730576,0,-1.73637,-2.11176e+07
2,0,1.95,-0.730576,0,-1.73337,-2.25222e+07
2,0,1.95,-0.730576,0,-1.73037,-2.36376e+07
2,0,1.95,-0.730576,0,-1.72736,-2.28753e+07
2,0,1.95,-0.730576,0,-1.72436,-2.23202e+07
2,0,1.95,-0.730576,0,-1.72136,-2.22542e+07
2,0,1.95,-0.730576,0,-1.71836,-2.04607e+07
2,0,1.95,-0.730576,0,-1.71536,-2.21705e+07
2,0,1.95,-0.730576,0,-1.71236,-2.2218e+07
2,0,1.95,-0.730576,0,-1.70935,-2.20075e+07
2,0,1.95,-0.730576,0,-1.70635,-2.02947e+07
2,0,1.95,-0.730576,0,-1.70335,-2.18596e+07
2,0,1.95,-0.730576,0,-1.70035,-2.17794e+07
2,0,1.95,-0.730576,0,-1.69735,-2.1712e+07
2,0,1.95,-0.730576,0,-1.69435,-2.16653e+07
2,0,1.95,-0.730576,0,-1.69135,-2.35854e+07
2,0,1.95,-0.730576,0,-1.68834,-2.15225e+07
2,0,1.95,-0.730576,0,-1.68534,-2.14827e+07
2,0,1.95,-0.730576,0,-1.68234,-1.84228e+07
2,0,1.95,-0.730576,0,-1.67934,-2.03398e+07
2,0,1.95,-0.730576,0,-1.67634,-2.12085e+07
2,0,1.95,-0.730576,0,-1.67334,-2.11454e+07
2,0,1.95,-0.730576,0,-1.67034,-2.11806e+07
2,0,1.95,-0.730576,0,-1.66733,-2.09761e+07
2,0,1.95,-0.730576,0,-1.66433,-2.07289e+07
2,0,1.95,-0.730576,0,-1.66133,-2.12834e+07
2,0,1.95,-0.730576,0,-1.65833,-2.21263e+07
2,0,1.95,-0.730576,0,-1.65533,-2.07423e+07
2,0,1.95,-0.730576,0,-1.65233,-2.07497e+07
2,0,1.95,-0.730576,0,-1.64932,-2.06636e+07
2,0,1.95,-0.730576,0,-1.64632,-1.90123e+07
2,0,1.95,-0.730576,0,-1.64332,-2.05402e+07
2,0,1.95,-0.730576,0,-1.64032,-1.8318e+07
2,0,1.95,-0.730576,0,-1.63732,-2.10163e+07
2,0,1.95,-0.730576,0,-1.63432,-1.98579e+07
2,0,1.95,-0.730576,0,-1.63132,-1.99114e+07
2,0,1.95,-0.730576,0,-1.62831,-2.07249e+07
2,0,1.95,-0.730576,0,-1.62531,-2.0335e+07
2,0,1.95,-0.730576,0,-1.62231,-1.86171e+07
2,0,1.95,-0.730576,0,-1.61931,-2.05722e+07
2,0,1.95,-0.730576,0,-1.61631,-1.94797e+07
2,0,1.95,-0.730576,0,-1.61331,-1.95625e+07
2,0,1.95,-0.730576,0,-1.61031,-1.94378e+07
2,0,1.95,-0.730576,0,-1.6073,-1.93024e+07
2,0,1.95,-0.730576,0,-1.6043,-2.27398e+07
2,0,1.95,-0.730576,0,-1.6013,-1.89318e+07
2,0,1.95,-0.730576,0,-1.5983,-1.89359e+07
2,0,1.95,-0.730576,0,-1.5953,-1.8542e+07
2,0,1.95,-0.730576,0,-1.5923,-1.8656e+07
2,0,1.95,-0.730576,0,-1.58929,-1.848e+07
2,0,1.95,-0.730576,0,-1.58629,-1.85333e+07
2,0,1.95,-0.730576,0,-1.58329,-2.16148e+07
2,0,1.95,-0.730576,0,-1.58029,-1.8681e+07
2,0,1.95,-0.730576,0,-1.57729,-2.13464e+07
2,0,1.95,-0.730576,0,-1.57429,-2.29405e+07
2,0,1.95,-0.730576,0,-1.57129,-1.86249e+07
2,0,1.95,-0.730576,0,-1.56828,-2.32441e+07
2,0,1.95,-0.730576,0,-1.56528,-2.15571e+07
2,0,1.95,-0.730576,0,-1.56228,-2.05177e+07
2,0,1.95,-0.730576,0,-1.55928,-2.27285e+07
2,0,1.95,-0.730576,0,-1.55628,-2.02256e+07
2,0,1.95,-0.730576,0,-1.55328,-2.00636e+07
2,0,1.95,-0.730576,0,-1.55028,-1.98471e+07
2,0,1.95,-0.730576,0,-1.54727,-1.97084e+07
2,0,1.95,-0.730576,0,-1.54427,-2.14125e+07
2,0,1.95,-0.730576,0,-1.54127,-1.93751e+07
2,0,1.95,-0.730576,0,-1.53827,-2.31971e+07
2,0,1.95,-0.730576,0,-1.53527,-2.09996e+07
2,0,1.95,-0.730576,0,-1.53227,-2.07351e+07
2,0,1.95,-0.730576,0,-1.52926,-2.17998e+07
2,0,1.95,-0.730576,0,-1.52626,-2.06522e+07
2,0,1.95,-0.730576,0,-1.52326,-2.01187e+07
2,0,1.95,-0.730576,0,-1.52026,-1.99355e+07
2,0,1.95,-0.730576,0,-1.51726,-1.99197e+07
2,0,1.95,-0.730576,0,-1.51426,-1.9572e+07
2,0,1.95,-0.730576,0,-1.51126,-1.97075e+07
2,0,1.95,-0.730576,0,-1.50825,-1.9408e+07
2,0,1.95,-0.730576,0,-1.50525,-1.79983e+07
2,0,1.95,-0.730576,0,-1.50225,-2.32714e+07
2,0,1.95,-0.730576,0,-1.49925,-1.86299e+07
2,0,1.95,-0.730576,0,-1.49625,-1.86636e+07
2,0,1.95,-0.730576,0,-1.49325,-1.83654e+07
2,0,1.95,-0.730576,0,-1.49025,-2.22691e+07
2,0,1.95,-0.730576,0,-1.48724,-2.14152e+07
2,0,1.95,-0.730576,0,-1.48424,-2.3005e+07
2,0,1.95,-0.730576,0,-1.48124,-2.28078e+07
2,0,1.95,-0.730576,0,-1.47824,-2.25716e+07
2,0,1.95,-0.730576,0,-1.47524,-2.2189e+07
2,0,1.95,-0.730576,0,-1.47224,-2.23705e+07
2,0,1.95,-0.730576,0,-1.46923,-2.06682e+07
2,0,1.95,-0.730576,0,-1.46623,-2.01527e+07
2,0,1.95,-0.730576,0,-1.46323,-2.11061e+07
2,0,1.95,-0.730576,0,-1.46023,-2.09262e+07
2,0,1.95,-0.730576,0,-1.45723,-2.15799e+07
2,0,1.95,-0.730576,0,-1.45423,-2.11544e+07
2,0,1.95,-0.730576,0,-1.45123,-2.02705e+07
2,0,1.95,-0.730576,0,-1.44822,-1.98434e+07
2,0,1.95,-0.730576,0,-1.44522,-1.95995e+07
2,0,1.95,-0.730576,0,-1.44222,-1.84423e+07
2,0,1.95,-0.730576,0,-1.43922,-1.9276e+07
2,0,1.95,-0.730576,0,-1.43622,-1.85816e+07
2,0,1.95,-0.730576,0,-1.43322,-1.95226e+07
2,0,1.95,-0.730576,0,-1.43022,-1.8033e+07
2,0,1.95,-0.730576,0,-1.42721,-1.78775e+07
2,0,1.95,-0.730576,0,-1.42421,-2.28522e+07
2,0,1.95,-0.730576,0,-1.42121,-1.7731e+07
2,0,1.95,-0.730576,0,-1.41821,-2.28002e+07
2,0,1.95,-0.730576,0,-1.41521,-1.76685e+07
2,0,1.95,-0.730576,0,-1.41221,-2.20899e+07
2,0,1.95,-0.730576,0,-1.4092,-2.22469e+07
2,0,1.95,-0.730576,0,-1.4062,-1.90993e+07
2,0,1.95,-0.730576,0,-1.4032,-2.01559e+07
2,0,1.95,-0.730576,0,-1.4002,-1.9676e+07
2,0,1.95,-0.730576,0,-1.3972,-1.79762e+07
2,0,1.95,-0.730576,0,-1.3942,-1.93926e+07
2,0,1.95,-0.730576,0,-1.3912,-1.83146e+07
2,0,1.95,-0.730576,0,-1.38819,-2.18508e+07
2,0,1.95,-0.730576,0,-1.38519,-1.84236e+07
2,0,1.95,-0.730576,0,-1.38219,-2.25232e+07
2,0,1.95,-0.730576,0,-1.37919,-2.16717e+07
2,0,1.95,-0.730576,0,-1.37619,-2.11683e+07
2,0,1.95,-0.730576,0,-1.37319,-2.05475e+07
2,0,1.95,-0.730576,0,-1.37019,-2.04469e+07
2,0,1.95,-0.730576,0,-1.36718,-1.9721e+07
2,0,1.95,-0.730576,0,-1.36418,-1.88691e+07
2,0,1.95,-0.730576,0,-1.36118,-1.82476e+07
2,0,1.95,-0.730576,0,-1.35818,-1.80301e+07
2,0,1.95,-0.730576,0,-1.35518,-1.73646e+07
2,0,1.95,-0.730576,0,-1.35218,-2.15635e+07
2,0,1.95,-0.730576,0,-1.34917,-1.96602e+07
2,0,1.95,-0.730576,0,-1.34617,-2.00939e+07
2,0,1.95,-0.730576,0,-1.34317,-1.71503e+07
2,0,1.95,-0.730576,0,-1.34017,-1.87744e+07
2,0,1.95,-0.730576,0,-1.33717,-1.7746e+07
2,0,1.95,-0.730576,0,-1.33417,-2.20561e+07
2,0,1.95,-0.730576,0,-1.33117,-2.10027e+07
2,0,1.95,-0.730576,0,-1.32816,-2.03689e+07
2,0,1.95,-0.730576,0,-1.32516,-2.0505e+07
2,0,1.95,-0.730576,0,-1.32216,-1.79484e+07
2,0,1.95,-0.730576,0,-1.31916,-1.70397e+07
2,0,1.95,-0.730576,0,-1.31616,-2.06805e+07
2,0,1.95,-0.730576,0,-1.31316,-1.66818e+07
2,0,1.95,-0.730576,0,-1.31016,-1.90252e+07
2,0,1.95,-0.730576,0,-1.30715,-1.98128e+07
2,0,1.95,-0.730576,0,-1.30415,-2.0494e+07
2,0,1.95,-0.730576,0,-1.30115,-1.79381e+07
2,0,1.95,-0.730576,0,-1.29815,-2.09489e+07
2,0,1.95,-0.730576,0,-1.29515,-1.96751e+07
2,0,1.95,-0.730576,0,-1.29215,-1.8954e+07
2,0,1.95,-0.730576,0,-1.28914,-1.63491e+07
2,0,1.95,-0.730576,0,-1.28614,-1.86943e+07
2,0,1.95,-0.730576,0,-1.28314,-1.91421e+07
2,0,1.95,-0.730576,0,-1.28014,-1.83321e+07
2,0,1.95,-0.730576,0,-1.27714,-1.71444e+07
2,0,1.95,-0.730576,0,-1.27414,-1.61983e+07
2,0,1.95,-0.730576,0,-1.27114,1.77912e+07
2,0,1.95,-0.730576,0,-1.26813,1.72187e+07
2,0,1.95,-0.730576,0,-1.26513,1.84918e+07
2,0,1.95,-0.730576,0,-1.26213,1.97655e+07
2,0,1.95,-0.730576,0,-1.25913,2.01779e+07
2,0,1.95,-0.730576,0,-1.25613,1.73405e+07
2,0,1.95,-0.730576,0,-1.25313,1.80429e+07
2,0,1.95,-0.730576,0,-1.25013,2.03752e+07
2,0,1.95,-0.730576,0,-1.24712,2.09895e+07
2,0,1.95,-0.730576,0,-1.24412,1.8019e+07
2,0,1.95,-0.730576,0,-1.24112,1.82678e+07
2,0,1.95,-0.730576,0,-1.23812,2.15494e+07
2,0,1.95,-0.730576,0,-1.23512,1.96433e+07
2,0,1.95,-0.730576,0,-1.23212,2.13758e+07
2,0,1.95,-0.730576,0,-1.22911,1.84797e+07
2,0,1.95,-0.730576,0,-1.22611,1.93612e+07
2,0,1.95,-0.730576,0,-1.22311,2.02446e+07
2,0,1.95,-0.730576,0,-1.22011,2.14147e+07
2,0,1.95,-0.730576,0,-1.21711,1.74118e+07
2,0,1.95,-0.730576,0,-1.21411,1.79222e+07
2,0,1.95,-0.730576,0,-1.21111,1.91874e+07
2,0,1.95,-0.730576,0,-1.2081,2.01829e+07
2,0,1.95,-0.730576,0,-1.2051,2.12119e+07
2,0,1.95,-0.730576,0,-1.2021,1.74394e+07
2,0,1.95,-0.730576,0,-1.1991,1.83398e+07
2,0,1.95,-0.730576,0,-1.1961,2.18589e+07
2,0,1.95,-0.730576,0,-1.1931,1.9922e+07
2,0,1.95,-0.730576,0,-1.1901,2.08793e+07
2,0,1.95,-0.730576,0,-1.18709,2.07891e+07
2,0,1.95,-0.730576,0,-1.18409,2.13426e+07
2,0,1.95,-0.730576,0,-1.18109,2.23541e+07
2,0,1.95,-0.730576,0,-1.17809,1.82981e+07
2,0,1.95,-0.730576,0,-1.17509,1.90017e+07
2,0,1.95,-0.730576,0,-1.17209,1.87298e+07
2,0,1.95,-0.730576,0,-1.16908,1.96948e+07
2,0,1.95,-0.730576,0,-1.16608,2.01308e+07
2,0,1.95,-0.730576,0,-1.16308,2.19648e+07
2,0,1.95,-0.730576,0,-1.16008,2.10855e+07
2,0,1.95,-0.730576,0,-1.15708,2.20714e+07
2,0,1.95,-0.730576,0,-1.15408,2.23472e+07
2,0,1.95,-0.730576,0,-1.15108,2.28386e+07
2,0,1.95,-0.730576,0,-1.14807,1.81138e+07
2,0,1.95,-0.730576,0,-1.14507,1.86092e+07
2,0,1.95,-0.730576,0,-1.14207,1.89453e+07
2,0,1.95,-0.730576,0,-1.13907,1.79979e+07
2,0,1.95,-0.730576,0,-1.13607,2.04391e+07
2,0,1.95,-0.730576,0,-1.13307,1.88113e+07
2,0,1.95,-0.730576,0,-1.13007,2.0975e+07
2,0,1.95,-0.730576,0,-1.12706,2.16535e+07
2,0,1.95,-0.730576,0,-1.12406,2.1994e+07
2,0,1.95,-0.730576,0,-1.12106,2.24592e+07
2,0,1.95,-0.730576,0,-1.11806,2.27848e+07
2,0,1.95,-0.730576,0,-1.11506,1.78462e+07
2,0,1.95,-0.730576,0,-1.11206,1.83589e+07
2,0,1.95,-0.730576,0,-1.10905,1.90852e+07
2,0,1.95,-0.730576,0,-1.10605,1.89945e+07
2,0,1.95,-0.730576,0,-1.10305,1.96263e+07
2,0,1.95,-0.730576,0,-1.10005,1.81795e+07
2,0,1.95,-0.730576,0,-1.09705,2.16172e+07
2,0,1.95,-0.730576,0,-1.09405,2.08398e+07
2,0,1.95,-0.730576,0,-1.09105,2.21581e+07
2,0,1.95,-0.730576,0,-1.08804,2.12861e+07
2,0,1.95,-0.730576,0,-1.08504,2.20387e+07
2,0,1.95,-0.730576,0,-1.08204,2.3119e+07
2,0,1.95,-0.730576,0,-1.07904,2.25738e+07
2,0,1.95,-0.730576,0,-1.07604,1.86383e+07
2,0,1.95,-0.730576,0,-1.07304,1.81959e+07
2,0,1.95,-0.730576,0,-1.07004,1.84105e+07
2,0,1.95,-0.730576,0,-1.06703,1.8835e+07
2,0,1.95,-0.730576,0,-1.06403,1.87077e+07
2,0,1.95,-0.730576,0,-1.06103,1.95078e+07
2,0,1.95,-0.730576,0,-1.05803,2.04698e+07
2,0,1.95,-0.730576,0,-1.05503,1.96494e+07
2,0,1.95,-0.730576,0,-1.05203,1.99785e+07
2,0,1.95,-0.730576,0,-1.04902,2.02428e+07
2,0,1.95,-0.730576,0,-1.04602,2.09086e+07
2,0,1.95,-0.730576,0,-1.04302,2.08622e+07
2,0,1.95,-0.730576,0,-1.04002,2.117e+07
2,0,1.95,-0.730576,0,-1.03702,2.16569e+07
2,0,1.95,-0.730576,0,-1.03402,2.1866e+07
2,0,1.95,-0.730576,0,-1.03102,2.21031e+07
2,0,1.95,-0.730576,0,-1.02801,2.2488e+07
2,0,1.95,-0.730576,0,-1.02501,2.27462e+07
2,0,1.95,-0.730576,0,-1.02201,2.34659e+07
2,0,1.95,-0.730576,0,-1.01901,1.82379e+07
2,0,1.95,-0.730576,0,-1.01601,2.3691e+07
2,0,1.95,-0.730576,0,-1.01301,2.19e+07
2,0,1.95,-0.730576,0,-1.01001,1.87399e+07
2,0,1.95,-0.730576,0,-1.007,1.88921e+07
2,0,1.95,-0.730576,0,-1.004,1.91711e+07
2,0,1.95,-0.730576,0,-1.001,2.05139e+07
2,0,1.95,-0.730576,0,-0.997999,2.37177e+07
2,0,1.95,-0.730576,0,-0.994997,1.99061e+07
2,0,1.95,-0.730576,0,-0.991996,2.08078e+07
2,0,1.95,-0.730576,0,-0.988994,2.03899e+07
2,0,1.95,-0.730576,0,-0.985993,2.07043e+07
2,0,1.95,-0.730576,0,-0.982991,2.08934e+07
2,0,1.95,-0.730576,0,-0.97999,2.11375e+07
2,0,1.95,-0.730576,0,-0.976988,2.25273e+07
2,0,1.95,-0.730576,0,-0.973987,1.87145e+07
2,0,1.95,-0.730576,0,-0.970985,2.18858e+07
2,0,1.95,-0.730576,0,-0.967984,2.2468e+07
2,0,1.95,-0.730576,0,-0.964982,2.26169e+07
2,0,1.95,-0.730576,0,-0.961981,2.26461e+07
2,0,1.95,-0.730576,0,-0.958979,1.89628e+07
2,0,1.95,-0.730576,0,-0.955978,1.87487e+07
2,0,1.95,-0.730576,0,-0.952976,2.34059e+07
2,0,1.95,-0.730576,0,-0.949975,1.84411e+07
2,0,1.95,-0.730576,0,-0.946973,2.39097e+07
2,0,1.95,-0.730576,0,-0.943972,1.86293e+07
2,0,1.95,-0.730576,0,-0.94097,2.07808e+07
2,0,1.95,-0.730576,0,-0.937969,1.89481e+07
2,0,1.95,-0.730576,0,-0.934967,1.91275e+07
2,0,1.95,-0.730576,0,-0.931966,1.94755e+07
2,0,1.95,-0.730576,0,-0.928964,1.98687e+07
2,0,1.95,-0.730576,0,-0.925963,2.07384e+07
2,0,1.95,-0.730576,0,-0.922961,1.99379e+07
2,0,1.95,-0.730576,0,-0.91996,2.03335e+07
2,0,1.95,-0.730576,0,-0.916958,2.03376e+07
2,0,1.95,-0.730576,0,-0.913957,2.05338e+07
2,0,1.95,-0.730576,0,-0.910955,2.07299e+07
2,0,1.95,-0.730576,0,-0.907954,2.09974e+07
2,0,1.95,-0.730576,0,-0.904952,2.32781e+07
2,0,1.95,-0.730576,0,-0.901951,2.13476e+07
2,0,1.95,-0.730576,0,-0.898949,2.15171e+07
2,0,1.95,-0.730576,0,-0.895948,2.28585e+07
2,0,1.95,-0.730576,0,-0.892946,2.19375e+07
2,0,1.95,-0.730576,0,-0.889945,2.21405e+07
2,0,1.95,-0.730576,0,-0.886943,2.23454e+07
2,0,1.95,-0.730576,0,-0.883942,2.25681e+07
2,0,1.95,-0.730576,0,-0.88094,2.27471e+07
2,0,1.95,-0.730576,0,-0.877939,2.37109e+07
2,0,1.95,-0.730576,0,-0.874937,2.33205e+07
2,0,1.95,-0.730576,0,-0.871936,2.36739e+07
2,0,1.95,-0.730576,0,-0.868934,2.36345e+07
2,0,1.95,-0.730576,0,-0.865933,1.88698e+07
2,0,1.95,-0.730576,0,-0.862931,1.87426e+07
2,0,1.95,-0.730576,0,-0.85993,1.91207e+07
2,0,1.95,-0.730576,0,-0.856928,1.87827e+07
2,0,1.95,-0.730576,0,-0.853927,1.92739e+07
2,0,1.95,-0.730576,0,-0.850925,1.90265e+07
2,0,1.95,-0.730576,0,-0.847924,2.28706e+07
2,0,1.95,-0.730576,0,-0.844922,1.9792e+07
2,0,1.95,-0.730576,0,-0.841921,2.33406e+07
2,0,1.95,-0.730576,0,-0.838919,2.34238e+07
2,0,1.95,-0.730576,0,-0.835918,1.99261e+07
2,0,1.95,-0.730576,0,-0.832916,1.99411e+07
2,0,1.95,-0.730576,0,-0.829915,2.4172e+07
2,0,1.95,-0.730576,0,-0.826913,1.8896e+07
2,0,1.95,-0.730576,0,-0.823912,2.12161e+07
2,0,1.95,-0.730576,0,-0.82091,1.88707e+07
2,0,1.95,-0.730576,0,-0.817909,2.11704e+07
2,0,1.95,-0.730576,0,-0.814907,2.10897e+07
2,0,1.95,-0.730576,0,-0.811906,2.13652e+07
2,0,1.95,-0.730576,0,-0.808904,2.12329e+07
2,0,1.95,-0.730576,0,-0.805903,2.18248e+07
2,0,1.95,-0.730576,0,-0.802901,2.32259e+07
2,0,1.95,-0.730576,0,-0.7999,2.17053e+07
2,0,1.95,-0.730576,0,-0.796898,2.18553e+07
2,0,1.95,-0.730576,0,-0.793897,2.28914e+07
2,0,1.95,-0.730576,0,-0.790895,2.39725e+07
2,0,1.95,-0.730576,0,-0.787894,2.04699e+07
2,0,1.95,-0.730576,0,-0.784892,2.25679e+07
2,0,1.95,-0.730576,0,-0.781891,2.13027e+07
2,0,1.95,-0.730576,0,-0.778889,2.31938e+07
2,0,1.95,-0.730576,0,-0.775888,1.9673e+07
2,0,1.95,-0.730576,0,-0.772886,2.34802e+07
2,0,1.95,-0.730576,0,-0.769885,2.34569e+07
2,0,1.95,-0.730576,0,-0.766883,2.3449e+07
2,0,1.95,-0.730576,0,-0.763882,2.41611e+07
2,0,1.95,-0.730576,0,-0.76088,1.9414e+07
2,0,1.95,-0.730576,0,-0.757879,2.39758e+07
2,0,1.95,-0.730576,0,-0.754877,1.96521e+07
2,0,1.95,-0.730576,0,-0.751876,1.95122e+07
2,0,1.95,-0.730576,0,-0.748874,1.96461e+07
2,0,1.95,-0.730576,0,-0.745873,2.45548e+07
2,0,1.95,-0.730576,0,-0.742871,1.95109e+07
2,0,1.95,-0.730576,0,-0.73987,1.9618e+07
2,0,1.95,-0.730576,0,-0.736868,2.23953e+07
2,0,1.95,-0.730576,0,-0.733867,2.03667e+07
2,0,1.95,-0.730576,0,-0.730865,2.04137e+07
2,0,1.95,-0.730576,0,-0.727864,2.08005e+07
2,0,1.95,-0.730576,0,-0.724862,2.04038e+07
2,0,1.95,-0.730576,0,-0.721861,1.99868e+07
2,0,1.95,-0.730576,0,-0.718859,2.15634e+07
2,0,1.95,-0.730576,0,-0.715858,2.02588e+07
2,0,1.95,-0.730576,0,-0.712856,2.12524e+07
2,0,1.95,-0.730576,0,-0.709855,2.05781e+07
2,0,1.95,-0.730576,0,-0.706853,2.07118e+07
2,0,1.95,-0.730576,0,-0.703852,2.05383e+07
2,0,1.95,-0.730576,0,-0.70085,2.06477e+07
2,0,1.95,-0.730576,0,-0.697849,2.07966e+07
2,0,1.95,-0.730576,0,-0.694847,2.08955e+07
2,0,1.95,-0.730576,0,-0.691846,2.10161e+07
2,0,1.95,-0.730576,0,-0.688844,2.11256e+07
2,0,1.95,-0.730576,0,-0.685843,2.15504e+07
2,0,1.95,-0.730576,0,-0.682841,2.17885e+07
2,0,1.95,-0.730576,0,-0.67984,2.35449e+07
2,0,1.95,-0.730576,0,-0.676838,2.16148e+07
2,0,1.95,-0.730576,0,-0.673837,2.17329e+07
2,0,1.95,-0.730576,0,-0.670835,2.21811e+07
2,0,1.95,-0.730576,0,-0.667834,2.19727e+07
2,0,1.95,-0.730576,0,-0.664832,2.3443e+07
2,0,1.95,-0.730576,0,-0.661831,2.22624e+07
2,0,1.95,-0.730576,0,-0.658829,2.35616e+07
2,0,1.95,-0.730576,0,-0.655828,2.25399e+07
2,0,1.95,-0.730576,0,-0.652826,2.25576e+07
2,0,1.95,-0.730576,0,-0.649825,2.26805e+07
2,0,1.95,-0.730576,0,-0.646823,2.28004e+07
2,0,1.95,-0.730576,0,-0.643822,2.08544e+07
2,0,1.95,-0.730576,0,-0.64082,2.30488e+07
2,0,1.95,-0.730576,0,-0.637819,2.31705e+07
2,0,1.95,-0.730576,0,-0.634817,2.32691e+07
2,0,1.95,-0.730576,0,-0.631816,2.33631e+07
2,0,1.95,-0.730576,0,-0.628814,2.34876e+07
2,0,1.95,-0.730576,0,-0.625813,2.35991e+07
2,0,1.95,-0.730576,0,-0.622811,2.46879e+07
2,0,1.95,-0.730576,0,-0.61981,2.41081e+07
2,0,1.95,-0.730576,0,-0.616808,2.40387e+07
2,0,1.95,-0.730576,0,-0.613807,2.09e+07
2,0,1.95,-0.730576,0,-0.610805,2.41552e+07
2,0,1.95,-0.730576,0,-0.607804,2.18352e+07
2,0,1.95,-0.730576,0,-0.604802,2.44031e+07
2,0,1.95,-0.730576,0,-0.601801,2.4497e+07
2,0,1.95,-0.730576,0,-0.598799,2.46929e+07
2,0,1.95,-0.730576,0,-0.595798,1.92703e+07
2,0,1.95,-0.730576,0,-0.592796,2.37525e+07
2,0,1.95,-0.730576,0,-0.589795,1.99292e+07
2,0,1.95,-0.730576,0,-0.586793,1.92883e+07
2,0,1.95,-0.730576,0,-0.583792,1.94086e+07
2,0,1.95,-0.730576,0,-0.58079,1.94564e+07
2,0,1.95,-0.730576,0,-0.577789,1.95768e+07
2,0,1.95,-0.730576,0,-0.574787,1.97387e+07
2,0,1.95,-0.730576,0,-0.571786,1.9794e+07
2,0,1.95,-0.730576,0,-0.568784,2.0218e+07
2,0,1.95,-0.730576,0,-0.565783,2.00206e+07
2,0,1.95,-0.730576,0,-0.562781,2.04177e+07
2,0,1.95,-0.730576,0,-0.55978,1.99736e+07
2,0,1.95,-0.730576,0,-0.556778,2.03678e+07
2,0,1.95,-0.730576,0,-0.553777,2.03534e+07
2,0,1.95,-0.730576,0,-0.550775,2.02553e+07
2,0,1.95,-0.730576,0,-0.547774,2.43396e+07
2,0,1.95,-0.730576,0,-0.544772,2.05196e+07
2,0,1.95,-0.730576,0,-0.541771,2.05217e+07
2,0,1.95,-0.730576,0,-0.538769,2.08471e+07
2,0,1.95,-0.730576,0,-0.535768,2.11715e+07
2,0,1.95,-0.730576,0,-0.532766,2.0788e+07
2,0,1.95,-0.730576,0,-0.529765,2.07941e+07
2,0,1.95,-0.730576,0,-0.526763,2.10124e+07
2,0,1.95,-0.730576,0,-0.523762,2.10066e+07
2,0,1.95,-0.730576,0,-0.52076,2.17442e+07
2,0,1.95,-0.730576,0,-0.517759,2.15081e+07
2,0,1.95,-0.730576,0,-0.514757,2.13162e+07
2,0,1.95,-0.730576,0,-0.511756,2.12814e+07
2,0,1.95,-0.730576,0,-0.508754,2.16904e+07
2,0,1.95,-0.730576,0,-0.505753,2.15538e+07
2,0,1.95,-0.730576,0,-0.502751,2.17887e+07
2,0,1.95,-0.730576,0,-0.49975,2.16304e+07
2,0,1.95,-0.730576,0,-0.496748,2.16535e+07
2,0,1.95,-0.730576,0,-0.493747,2.17193e+07
2,0,1.95,-0.730576,0,-0.490745,2.19336e+07
2,0,1.95,-0.730576,0,-0.487744,2.18666e+07
2,0,1.95,-0.730576,0,-0.484742,2.19481e+07
2,0,1.95,-0.730576,0,-0.481741,2.20289e+07
2,0,1.95,-0.730576,0,-0.478739,2.20924e+07
2,0,1.95,-0.730576,0,-0.475738,2.21869e+07
2,0,1.95,-0.730576,0,-0.472736,2.10072e+07
2,0,1.95,-0.730576,0,-0.469735,2.22967e+07
2,0,1.95,-0.730576,0,-0.466733,2.2326e+07
2,0,1.95,-0.730576,0,-0.463732,2.24353e+07
2,0,1.95,-0.730576,0,-0.46073,2.2889e+07
2,0,1.95,-0.730576,0,-0.457729,2.25603e+07
2,0,1.95,-0.730576,0,-0.454727,2.2703e+07
2,0,1.95,-0.730576,0,-0.451726,2.26998e+07
2,0,1.95,-0.730576,0,-0.448724,2.27708e+07
2,0,1.95,-0.730576,0,-0.445723,2.30945e+07
2,0,1.95,-0.730576,0,-0.442721,2.29472e+07
2,0,1.95,-0.730576,0,-0.43972,2.30185e+07
2,0,1.95,-0.730576,0,-0.436718,2.31274e+07
2,0,1.95,-0.730576,0,-0.433717,2.31208e+07
2,0,1.95,-0.730576,0,-0.430715,2.32967e+07
2,0,1.95,-0.730576,0,-0.427714,2.3747e+07
2,0,1.95,-0.730576,0,-0.424712,2.33653e+07
2,0,1.95,-0.730576,0,-0.421711,2.49398e+07
2,0,1.95,-0.730576,0,-0.418709,2.33556e+07
2,0,1.95,-0.730576,0,-0.415708,2.34548e+07
2,0,1.95,-0.730576,0,-0.412706,2.36591e+07
2,0,1.95,-0.730576,0,-0.409705,2.35613e+07
2,0,1.95,-0.730576,0,-0.406703,2.39342e+07
2,0,1.95,-0.730576,0,-0.403702,2.40041e+07
2,0,1.95,-0.730576,0,-0.4007,2.38188e+07
2,0,1.95,-0.730576,0,-0.397699,2.41494e+07
2,0,1.95,-0.730576,0,-0.394697,2.39407e+07
2,0,1.95,-0.730576,0,-0.391696,2.44211e+07
2,0,1.95,-0.730576,0,-0.388694,2.39611e+07
2,0,1.95,-0.730576,0,-0.385693,2.39965e+07
2,0,1.95,-0.730576,0,-0.382691,2.43667e+07
2,0,1.95,-0.730576,0,-0.37969,2.40657e+07
2,0,1.95,-0.730576,0,-0.376688,2.41289e+07
2,0,1.95,-0.730576,0,-0.373687,2.41757e+07
2,0,1.95,-0.730576,0,-0.370685,2.44831e+07
2,0,1.95,-0.730576,0,-0.367684,2.44611e+07
2,0,1.95,-0.730576,0,-0.364682,2.50545e+07
2,0,1.95,-0.730576,0,-0.361681,2.4395e+07
2,0,1.95,-0.730576,0,-0.358679,2.00643e+07
2,0,1.95,-0.730576,0,-0.355678,2.46788e+07
2,0,1.95,-0.730576,0,-0.352676,2.49904e+07
2,0,1.95,-0.730576,0,-0.349675,1.92895e+07
2,0,1.95,-0.730576,0,-0.346673,2.47112e+07
2,0,1.95,-0.730576,0,-0.343672,2.46911e+07
2,0,1.95,-0.730576,0,-0.34067,2.46513e+07
2,0,1.95,-0.730576,0,-0.337669,2.47758e+07
2,0,1.95,-0.730576,0,-0.334667,2.47209e+07
2,0,1.95,-0.730576,0,-0.331666,2.48831e+07
2,0,1.95,-0.730576,0,-0.328664,2.48056e+07
2,0,1.95,-0.730576,0,-0.325663,2.48743e+07
2,0,1.95,-0.730576,0,-0.322661,1.97733e+07
2,0,1.95,-0.730576,0,-0.31966,1.97026e+07
2,0,1.95,-0.730576,0,-0.316658,2.49967e+07
2,0,1.95,-0.730576,0,-0.313657,2.50662e+07
2,0,1.95,-0.730576,0,-0.310655,2.50479e+07
2,0,1.95,-0.730576,0,-0.307654,2.50733e+07
2,0,1.95,-0.730576,0,-0.304652,1.93026e+07
2,0,1.95,-0.730576,0,-0.301651,1.93014e+07
2,0,1.95,-0.730576,0,-0.298649,2.00089e+07
2,0,1.95,-0.730576,0,-0.295648,2.06341e+07
2,0,1.95,-0.730576,0,-0.292646,1.94341e+07
2,0,1.95,-0.730576,0,-0.289645,1.93832e+07
2,0,1.95,-0.730576,0,-0.286643,1.97559e+07
2,0,1.95,-0.730576,0,-0.283642,2.23434e+07
2,0,1.95,-0.730576,0,-0.28064,2.04326e+07
2,0,1.95,-0.730576,0,-0.277639,1.97729e+07
2,0,1.95,-0.730576,0,-0.274637,2.01506e+07
2,0,1.95,-0.730576,0,-0.271636,2.01448e+07
2,0,1.95,-0.730576,0,-0.268634,2.34108e+07
2,0,1.95,-0.730576,0,-0.265633,2.01483e+07
2,0,1.95,-0.730576,0,-0.262631,1.97909e+07
2,0,1.95,-0.730576,0,-0.25963,2.33404e+07
2,0,1.95,-0.730576,0,-0.256628,2.32404e+07
2,0,1.95,-0.730576,0,-0.253627,2.01564e+07
2,0,1.95,-0.730576,0,-0.250625,2.33874e+07
2,0,1.95,-0.730576,0,-0.247624,2.32721e+07
2,0,1.95,-0.730576,0,-0.244622,1.98014e+07
2,0,1.95,-0.730576,0,-0.241621,2.21729e+07
2,0,1.95,-0.730576,0,-0.238619,2.33234e+07
2,0,1.95,-0.730576,0,-0.235618,1.96703e+07
2,0,1.95,-0.730576,0,-0.232616,2.24947e+07
2,0,1.95,-0.730576,0,-0.229615,2.19452e+07
2,0,1.95,-0.730576,0,-0.226613,2.09447e+07
2,0,1.95,-0.730576,0,-0.223612,2.34611e+07
2,0,1.95,-0.730576,0,-0.22061,2.34541e+07
2,0,1.95,-0.730576,0,-0.217609,2.12439e+07
2,0,1.95,-0.730576,0,-0.214607,1.97918e+07
2,0,1.95,-0.730576,0,-0.211606,2.33991e+07
2,0,1.95,-0.730576,0,-0.208604,2.11186e+07
2,0,1.95,-0.730576,0,-0.205603,1.99539e+07
2,0,1.95,-0.730576,0,-0.202601,1.98437e+07
2,0,1.95,-0.730576,0,-0.1996,2.0573e+07
2,0,1.95,-0.730576,0,-0.196598,1.96583e+07
2,0,1.95,-0.730576,0,-0.193597,2.03832e+07
2,0,1.95,-0.730576,0,-0.190595,2.3279e+07
2,0,1.95,-0.730576,0,-0.187594,2.04262e+07
2,0,1.95,-0.730576,0,-0.184592,2.09878e+07
2,0,1.95,-0.730576,0,-0.181591,2.06812e+07
2,0,1.95,-0.730576,0,-0.178589,2.05298e+07
2,0,1.95,-0.730576,0,-0.175588,1.95147e+07
2,0,1.95,-0.730576,0,-0.172586,1.9435e+07
2,0,1.95,-0.730576,0,-0.169585,1.99275e+07
2,0,1.95,-0.730576,0,-0.166583,2.04484e+07
2,0,1.95,-0.730576,0,-0.163582,2.07943e+07
2,0,1.95,-0.730576,0,-0.16058,1.94112e+07
2,0,1.95,-0.730576,0,-0.157579,1.96813e+07
2,0,1.95,-0.730576,0,-0.154577,2.30702e+07
2,0,1.95,-0.730576,0,-0.151576,1.95689e+07
2,0,1.95,-0.730576,0,-0.148574,1.93808e+07
2,0,1.95,-0.730576,0,-0.145573,1.92433e+07
2,0,1.95,-0.730576,0,-0.142571,1.95199e+07
2,0,1.95,-0.730576,0,-0.13957,1.94462e+07
2,0,1.95,-0.730576,0,-0.136568,1.94737e+07
2,0,1.95,-0.730576,0,-0.133567,2.00241e+07
2,0,1.95,-0.730576,0,-0.130565,1.98416e+07
2,0,1.95,-0.730576,0,-0.127564,1.97061e+07
2,0,1.95,-0.730576,0,-0.124562,1.96263e+07
2,0,1.95,-0.730576,0,-0.121561,2.0905e+07
2,0,1.95,-0.730576,0,-0.118559,1.93173e+07
2,0,1.95,-0.730576,0,-0.115558,2.46356e+07
2,0,1.95,-0.730576,0,-0.112556,2.46905e+07
2,0,1.95,-0.730576,0,-0.109555,2.46777e+07
2,0,1.95,-0.730576,0,-0.106553,2.45769e+07
2,0,1.95,-0.730576,0,-0.103552,2.47705e+07
2,0,1.95,-0.730576,0,-0.10055,2.47137e+07
2,0,1.95,-0.730576,0,-0.0975488,2.4392e+07
2,0,1.95,-0.730576,0,-0.0945473,2.43682e+07
2,0,1.95,-0.730576,0,-0.0915458,2.43013e+07
2,0,1.95,-0.730576,0,-0.0885443,2.45141e+07
2,0,1.95,-0.730576,0,-0.0855428,2.44153e+07
2,0,1.95,-0.730576,0,-0.0825413,2.40747e+07
2,0,1.95,-0.730576,0,-0.0795398,2.4277e+07
2,0,1.95,-0.730576,0,-0.0765383,2.42266e+07
2,0,1.95,-0.730576,0,-0.0735368,2.45535e+07
2,0,1.95,-0.730576,0,-0.0705353,2.3794e+07
2,0,1.95,-0.730576,0,-0.0675338,2.40237e+07
2,0,1.95,-0.730576,0,-0.0645323,2.38825e+07
2,0,1.95,-0.730576,0,-0.0615308,2.36365e+07
2,0,1.95,-0.730576,0,-0.0585293,2.34869e+07
2,0,1.95,-0.730576,0,-0.0555278,2.34095e+07
2,0,1.95,-0.730576,0,-0.0525263,2.33055e+07
2,0,1.95,-0.730576,0,-0.0495248,2.35974e+07
2,0,1.95,-0.730576,0,-0.0465233,2.31479e+07
2,0,1.95,-0.730576,0,-0.0435218,2.30701e+07
2,0,1.95,-0.730576,0,-0.0405203,2.2941e+07
2,0,1.95,-0.730576,0,-0.0375188,2.28547e+07
2,0,1.95,-0.730576,0,-0.0345173,2.29597e+07
2,0,1.95,-0.730576,0,-0.0315158,2.35916e+07
2,0,1.95,-0.730576,0,-0.0285143,2.25833e+07
2,0,1.95,-0.730576,0,-0.0255128,2.25115e+07
2,0,1.95,-0.730576,0,-0.0225113,2.23662e+07
2,0,1.95,-0.730576,0,-0.0195098,2.23081e+07
2,0,1.95,-0.730576,0,-0.0165083,2.21939e+07
2,0,1.95,-0.730576,0,-0.0135068,2.20618e+07
2,0,1.95,-0.730576,0,-0.0105053,2.19759e+07
2,0,1.95,-0.730576,0,-0.00750375,2.18353e+07
2,0,1.95,-0.730576,0,-0.00450225,2.17256e+07
2,0,1.95,-0.730576,0,-0.00150075,2.16153e+07
2,0,1.95,-0.730576,0,0.00150075,2.15263e+07
2,0,1.95,-0.730576,0,0.00450225,2.13889e+07
2,0,1.95,-0.730576,0,0.00750375,2.12613e+07
2,0,1.95,-0.730576,0,0.0105053,2.11424e+07
2,0,1.95,-0.730576,0,0.0135068,2.10304e+07
2,0,1.95,-0.730576,0,0.0165083,2.09027e+07
2,0,1.95,-0.730576,0,0.0195098,2.07689e+07
2,0,1.95,-0.730576,0,0.0225113,2.06408e+07
2,0,1.95,-0.730576,0,0.0255128,2.05107e+07
2,0,1.95,-0.730576,0,0.0285143,2.44273e+07
2,0,1.95,-0.730576,0,0.0315158,2.02517e+07
2,0,1.95,-0.730576,0,0.0345173,2.01097e+07
2,0,1.95,-0.730576,0,0.0375188,2.02775e+07
2,0,1.95,-0.730576,0,0.0405203,2.01157e+07
2,0,1.95,-0.730576,0,0.0435218,1.96842e+07
2,0,1.95,-0.730576,0,0.0465233,2.06465e+07
2,0,1.95,-0.730576,0,0.0495248,1.94089e+07
2,0,1.95,-0.730576,0,0.0525263,2.31267e+07
2,0,1.95,-0.730576,0,0.0555278,2.07766e+07
2,0,1.95,-0.730576,0,0.0585293,1.89381e+07
2,0,1.95,-0.730576,0,0.0615308,2.44692e+07
2,0,1.95,-0.730576,0,0.0645323,2.31248e+07
2,0,1.95,-0.730576,0,0.0675338,2.41196e+07
2,0,1.95,-0.730576,0,0.0705353,2.18508e+07
2,0,1.95,-0.730576,0,0.0735368,2.36254e+07
2,0,1.95,-0.730576,0,0.0765383,2.01673e+07
2,0,1.95,-0.730576,0,0.0795398,2.32643e+07
2,0,1.95,-0.730576,0,0.0825413,2.30276e+07
2,0,1.95,-0.730576,0,0.0855428,2.27624e+07
2,0,1.95,-0.730576,0,0.0885443,2.27117e+07
2,0,1.95,-0.730576,0,0.0915458,2.23159e+07
2,0,1.95,-0.730576,0,0.0945473,2.24577e+07
2,0,1.95,-0.730576,0,0.0975488,2.20674e+07
2,0,1.95,-0.730576,0,0.10055,2.16012e+07
2,0,1.95,-0.730576,0,0.103552,2.13316e+07
2,0,1.95,-0.730576,0,0.106553,2.10926e+07
2,0,1.95,-0.730576,0,0.109555,2.09137e+07
2,0,1.95,-0.730576,0,0.112556,2.08682e+07
2,0,1.95,-0.730576,0,0.115558,2.09056e+07
2,0,1.95,-0.730576,0,0.118559,2.0101e+07
2,0,1.95,-0.730576,0,0.121561,1.9867e+07
2,0,1.95,-0.730576,0,0.124562,2.02497e+07
2,0,1.95,-0.730576,0,0.127564,1.92788e+07
2,0,1.95,-0.730576,0,0.130565,1.90221e+07
2,0,1.95,-0.730576,0,0.133567,1.90117e+07
2,0,1.95,-0.730576,0,0.136568,2.13253e+07
2,0,1.95,-0.730576,0,0.13957,1.91344e+07
2,0,1.95,-0.730576,0,0.142571,2.37235e+07
2,0,1.95,-0.730576,0,0.145573,2.35752e+07
2,0,1.95,-0.730576,0,0.148574,2.25502e+07
2,0,1.95,-0.730576,0,0.151576,2.23396e+07
2,0,1.95,-0.730576,0,0.154577,2.35779e+07
2,0,1.95,-0.730576,0,0.157579,2.14338e+07
2,0,1.95,-0.730576,0,0.16058,2.10161e+07
2,0,1.95,-0.730576,0,0.163582,1.97257e+07
2,0,1.95,-0.730576,0,0.166583,2.30266e+07
2,0,1.95,-0.730576,0,0.169585,1.98332e+07
2,0,1.95,-0.730576,0,0.172586,1.86079e+07
2,0,1.95,-0.730576,0,0.175588,1.89509e+07
2,0,1.95,-0.730576,0,0.178589,1.91912e+07
2,0,1.95,-0.730576,0,0.181591,2.25229e+07
2,0,1.95,-0.730576,0,0.184592,2.31528e+07
2,0,1.95,-0.730576,0,0.187594,2.28348e+07
2,0,1.95,-0.730576,0,0.190595,2.09792e+07
2,0,1.95,-0.730576,0,0.193597,2.13876e+07
2,0,1.95,-0.730576,0,0.196598,2.0867e+07
2,0,1.95,-0.730576,0,0.1996,2.01809e+07
2,0,1.95,-0.730576,0,0.202601,1.9985e+07
2,0,1.95,-0.730576,0,0.205603,1.90282e+07
2,0,1.95,-0.730576,0,0.208604,2.2873e+07
2,0,1.95,-0.730576,0,0.211606,2.20296e+07
2,0,1.95,-0.730576,0,0.214607,2.23028e+07
2,0,1.95,-0.730576,0,0.217609,2.15608e+07
2,0,1.95,-0.730576,0,0.22061,2.06359e+07
2,0,1.95,-0.730576,0,0.223612,1.98757e+07
2,0,1.95,-0.730576,0,0.226613,1.90771e+07
2,0,1.95,-0.730576,0,0.229615,2.17311e+07
2,0,1.95,-0.730576,0,0.232616,2.14873e+07
2,0,1.95,-0.730576,0,0.235618,2.02849e+07
2,0,1.95,-0.730576,0,0.238619,2.08096e+07
2,0,1.95,-0.730576,0,0.241621,1.81465e+07
2,0,1.95,-0.730576,0,0.244622,1.81657e+07
2,0,1.95,-0.730576,0,0.247624,2.07855e+07
2,0,1.95,-0.730576,0,0.250625,1.86211e+07
2,0,1.95,-0.730576,0,0.253627,1.8985e+07
2,0,1.95,-0.730576,0,0.256628,1.76672e+07
2,0,1.95,-0.730576,0,0.25963,1.93123e+07
2,0,1.95,-0.730576,0,0.262631,1.75284e+07
2,0,1.95,-0.730576,0,0.265633,1.99712e+07
2,0,1.95,-0.730576,0,0.268634,1.84409e+07
2,0,1.95,-0.730576,0,0.271636,2.05324e+07
2,0,1.95,-0.730576,0,0.274637,2.05936e+07
2,0,1.95,-0.730576,0,0.277639,1.68217e+07
2,0,1.95,-0.730576,0,0.28064,2.04255e+07
2,0,1.95,-0.730576,0,0.283642,1.928e+07
2,0,1.95,-0.730576,0,0.286643,1.77908e+07
2,0,1.95,-0.730576,0,0.289645,-1.87675e+07
2,0,1.95,-0.730576,0,0.292646,-1.76479e+07
2,0,1.95,-0.730576,0,0.295648,-2.09835e+07
2,0,1.95,-0.730576,0,0.298649,-1.73927e+07
2,0,1.95,-0.730576,0,0.301651,-1.71381e+07
2,0,1.95,-0.730576,0,0.304652,-2.06062e+07
2,0,1.95,-0.730576,0,0.307654,-1.99545e+07
2,0,1.95,-0.730576,0,0.310655,-1.77109e+07
2,0,1.95,-0.730576,0,0.313657,-1.89333e+07
2,0,1.95,-0.730576,0,0.316658,-2.2749e+07
2,0,1.95,-0.730576,0,0.31966,-1.93529e+07
2,0,1.95,-0.730576,0,0.322661,-1.98029e+07
2,0,1.95,-0.730576,0,0.325663,-2.16992e+07
2,0,1.95,-0.730576,0,0.328664,-1.91358e+07
2,0,1.95,-0.730576,0,0.331666,-2.07962e+07
2,0,1.95,-0.730576,0,0.334667,-1.83871e+07
2,0,1.95,-0.730576,0,0.337669,-1.84167e+07
2,0,1.95,-0.730576,0,0.34067,-1.84576e+07
2,0,1.95,-0.730576,0,0.343672,-2.16784e+07
2,0,1.95,-0.730576,0,0.346673,-2.06779e+07
2,0,1.95,-0.730576,0,0.349675,-2.14673e+07
2,0,1.95,-0.730576,0,0.352676,-2.29628e+07
2,0,1.95,-0.730576,0,0.355678,-2.31522e+07
2,0,1.95,-0.730576,0,0.358679,-1.90857e+07
2,0,1.95,-0.730576,0,0.361681,-2.13136e+07
2,0,1.95,-0.730576,0,0.364682,-2.09649e+07
2,0,1.95,-0.730576,0,0.367684,-2.18166e+07
2,0,1.95,-0.730576,0,0.370685,-2.26919e+07
2,0,1.95,-0.730576,0,0.373687,-2.35874e+07
2,0,1.95,-0.730576,0,0.376688,-2.1043e+07
2,0,1.95,-0.730576,0,0.37969,-1.95501e+07
2,0,1.95,-0.730576,0,0.382691,-2.23903e+07
2,0,1.95,-0.730576,0,0.385693,-2.13735e+07
2,0,1.95,-0.730576,0,0.388694,-2.39885e+07
2,0,1.95,-0.730576,0,0.391696,-2.39613e+07
2,0,1.95,-0.730576,0,0.394697,-1.94003e+07
2,0,1.95,-0.730576,0,0.397699,-2.38471e+07
2,0,1.95,-0.730576,0,0.4007,-2.02961e+07
2,0,1.95,-0.730576,0,0.403702,-1.94592e+07
2,0,1.95,-0.730576,0,0.406703,-2.14835e+07
2,0,1.95,-0.730576,0,0.409705,-2.06399e+07
2,0,1.95,-0.730576,0,0.412706,-2.12058e+07
2,0,1.95,-0.730576,0,0.415708,-2.17949e+07
2,0,1.95,-0.730576,0,0.418709,-2.22823e+07
2,0,1.95,-0.730576,0,0.421711,-1.97616e+07
2,0,1.95,-0.730576,0,0.424712,-1.93846e+07
2,0,1.95,-0.730576,0,0.427714,-1.98953e+07
2,0,1.95,-0.730576,0,0.430715,-2.19247e+07
2,0,1.95,-0.730576,0,0.433717,-2.16034e+07
2,0,1.95,-0.730576,0,0.436718,-1.99986e+07
2,0,1.95,-0.730576,0,0.43972,-2.04177e+07
2,0,1.95,-0.730576,0,0.442721,-2.38897e+07
2,0,1.95,-0.730576,0,0.445723,-2.13231e+07
2,0,1.95,-0.730576,0,0.448724,-2.36259e+07
2,0,1.95,-0.730576,0,0.451726,-2.2563e+07
2,0,1.95,-0.730576,0,0.454727,-2.2837e+07
2,0,1.95,-0.730576,0,0.457729,-2.40664e+07
2,0,1.95,-0.730576,0,0.46073,-1.97502e+07
2,0,1.95,-0.730576,0,0.463732,-2.00659e+07
2,0,1.95,-0.730576,0,0.466733,-2.05378e+07
2,0,1.95,-0.730576,0,0.469735,-2.09249e+07
2,0,1.95,-0.730576,0,0.472736,-1.99983e+07
2,0,1.95,-0.730576,0,0.475738,-2.24663e+07
2,0,1.95,-0.730576,0,0.478739,-2.08976e+07
2,0,1.95,-0.730576,0,0.481741,-2.26798e+07
2,0,1.95,-0.730576,0,0.484742,-2.10458e+07
2,0,1.95,-0.730576,0,0.487744,-2.35218e+07
2,0,1.95,-0.730576,0,0.490745,-2.21563e+07
2,0,1.95,-0.730576,0,0.493747,-2.26879e+07
2,0,1.95,-0.730576,0,0.496748,-2.32074e+07
2,0,1.95,-0.730576,0,0.49975,-2.35474e+07
2,0,1.95,-0.730576,0,0.502751,-2.41089e+07
2,0,1.95,-0.730576,0,0.505753,-2.42107e+07
2,0,1.95,-0.730576,0,0.508754,-2.14204e+07
2,0,1.95,-0.730576,0,0.511756,-1.94591e+07
2,0,1.95,-0.730576,0,0.514757,-2.12019e+07
2,0,1.95,-0.730576,0,0.517759,-2.05131e+07
2,0,1.95,-0.730576,0,0.52076,-2.19638e+07
2,0,1.95,-0.730576,0,0.523762,-2.06874e+07
2,0,1.95,-0.730576,0,0.526763,-2.0917e+07
2,0,1.95,-0.730576,0,0.529765,-2.1179e+07
2,0,1.95,-0.730576,0,0.532766,-2.19806e+07
2,0,1.95,-0.730576,0,0.535768,-2.19289e+07
2,0,1.95,-0.730576,0,0.538769,-2.46272e+07
2,0,1.95,-0.730576,0,0.541771,-2.2707e+07
2,0,1.95,-0.730576,0,0.544772,-2.5144e+07
2,0,1.95,-0.730576,0,0.547774,-2.53055e+07
2,0,1.95,-0.730576,0,0.550775,-2.078e+07
2,0,1.95,-0.730576,0,0.553777,-2.10739e+07
2,0,1.95,-0.730576,0,0.556778,-2.11382e+07
2,0,1.95,-0.730576,0,0.55978,-2.47171e+07
2,0,1.95,-0.730576,0,0.562781,-2.12452e+07
2,0,1.95,-0.730576,0,0.565783,-1.96642e+07
2,0,1.95,-0.730576,0,0.568784,-1.97755e+07
2,0,1.95,-0.730576,0,0.571786,-2.43084e+07
2,0,1.95,-0.730576,0,0.574787,-2.03281e+07
2,0,1.95,-0.730576,0,0.577789,-2.36712e+07
2,0,1.95,-0.730576,0,0.58079,-2.27711e+07
2,0,1.95,-0.730576,0,0.583792,-2.14201e+07
2,0,1.95,-0.730576,0,0.586793,-2.35372e+07
2,0,1.95,-0.730576,0,0.589795,-2.24366e+07
2,0,1.95,-0.730576,0,0.592796,-2.41654e+07
2,0,1.95,-0.730576,0,0.595798,-2.0799e+07
2,0,1.95,-0.730576,0,0.598799,-2.46391e+07
2,0,1.95,-0.730576,0,0.601801,-2.29581e+07
2,0,1.95,-0.730576,0,0.604802,-2.52838e+07
2,0,1.95,-0.730576,0,0.607804,-2.16265e+07
2,0,1.95,-0.730576,0,0.610805,-2.02611e+07
2,0,1.95,-0.730576,0,0.613807,-2.16686e+07
2,0,1.95,-0.730576,0,0.616808,-2.43741e+07
2,0,1.95,-0.730576,0,0.61981,-2.06776e+07
2,0,1.95,-0.730576,0,0.622811,-2.23636e+07
2,0,1.95,-0.730576,0,0.625813,-2.25871e+07
2,0,1.95,-0.730576,0,0.628814,-2.3119e+07
2,0,1.95,-0.730576,0,0.631816,-2.18653e+07
2,0,1.95,-0.730576,0,0.634817,-2.0083e+07
2,0,1.95,-0.730576,0,0.637819,-2.05969e+07
2,0,1.95,-0.730576,0,0.64082,-2.40651e+07
2,0,1.95,-0.730576,0,0.643822,-2.15669e+07
2,0,1.95,-0.730576,0,0.646823,-2.48655e+07
2,0,1.95,-0.730576,0,0.649825,-2.36615e+07
2,0,1.95,-0.730576,0,0.652826,-2.50919e+07
2,0,1.95,-0.730576,0,0.655828,-2.22432e+07
2,0,1.95,-0.730576,0,0.658829,-2.41362e+07
2,0,1.95,-0.730576,0,0.661831,-2.28767e+07
2,0,1.95,-0.730576,0,0.664832,-2.49997e+07
2,0,1.95,-0.730576,0,0.667834,-2.01724e+07
2,0,1.95,-0.730576,0,0.670835,-2.39322e+07
2,0,1.95,-0.730576,0,0.673837,-2.06038e+07
2,0,1.95,-0.730576,0,0.676838,-2.39467e+07
2,0,1.95,-0.730576,0,0.67984,-2.49102e+07
2,0,1.95,-0.730576,0,0.682841,-2.4805e+07
2,0,1.95,-0.730576,0,0.685843,-2.53669e+07
2,0,1.95,-0.730576,0,0.688844,-2.06864e+07
2,0,1.95,-0.730576,0,0.691846,-2.52458e+07
2,0,1.95,-0.730576,0,0.694847,-2.61666e+07
2,0,1.95,-0.730576,0,0.697849,-2.59948e+07
2,0,1.95,-0.730576,0,0.70085,-2.01399e+07
2,0,1.95,-0.730576,0,0.703852,-2.18263e+07
2,0,1.95,-0.730576,0,0.706853,-2.3869e+07
2,0,1.95,-0.730576,0,0.709855,-2.48429e+07
2,0,1.95,-0.730576,0,0.712856,-2.44719e+07
2,0,1.95,-0.730576,0,0.715858,-2.44102e+07
2,0,1.95,-0.730576,0,0.718859,-2.13402e+07
2,0,1.95,-0.730576,0,0.721861,-2.45961e+07
2,0,1.95,-0.730576,0,0.724862,-2.55711e+07
2,0,1.95,-0.730576,0,0.727864,-2.36579e+07
2,0,1.95,-0.730576,0,0.730865,-2.25916e+07
2,0,1.95,-0.730576,0,0.733867,-2.12457e+07
2,0,1.95,-0.730576,0,0.736868,-2.43321e+07
2,0,1.95,-0.730576,0,0.73987,-2.57589e+07
2,0,1.95,-0.730576,0,0.742871,-2.53994e+07
2,0,1.95,-0.730576,0,0.745873,-2.31675e+07
2,0,1.95,-0.730576,0,0.748874,-2.03435e+07
2,0,1.95,-0.730576,0,0.751876,-2.55978e+07
2,0,1.95,-0.730576,0,0.754877,-2.6114e+07
2,0,1.95,-0.730576,0,0.757879,-2.49687e+07
2,0,1.95,-0.730576,0,0.76088,-2.4887e+07
2,0,1.95,-0.730576,0,0.763882,-2.06813e+07
2,0,1.95,-0.730576,0,0.766883,-2.13835e+07
2,0,1.95,-0.730576,0,0.769885,-2.57156e+07
2,0,1.95,-0.730576,0,0.772886,-2.04253e+07
2,0,1.95,-0.730576,0,0.775888,-2.52672e+07
2,0,1.95,-0.730576,0,0.778889,-2.14318e+07
2,0,1.95,-0.730576,0,0.781891,-2.12267e+07
2,0,1.95,-0.730576,0,0.784892,-2.10588e+07
2,0,1.95,-0.730576,0,0.787894,-2.06685e+07
2,0,1.95,-0.730576,0,0.790895,-2.14645e+07
2,0,1.95,-0.730576,0,0.793897,-2.21339e+07
2,0,1.95,-0.730576,0,0.796898,-2.1259e+07
2,0,1.95,-0.730576,0,0.7999,-2.14513e+07
2,0,1.95,-0.730576,0,0.802901,-2.08924e+07
2,0,1.95,-0.730576,0,0.805903,-2.0676e+07
2,0,1.95,-0.730576,0,0.808904,-2.0734e+07
2,0,1.95,-0.730576,0,0.811906,-2.11288e+07
2,0,1.95,-0.730576,0,0.814907,-2.27172e+07
2,0,1.95,-0.730576,0,0.817909,-2.15484e+07
2,0,1.95,-0.730576,0,0.82091,-2.14798e+07
2,0,1.95,-0.730576,0,0.823912,-2.20845e+07
2,0,1.95,-0.730576,0,0.826913,-2.2053e+07
2,0,1.95,-0.730576,0,0.829915,-2.35848e+07
2,0,1.95,-0.730576,0,0.832916,-2.37935e+07
2,0,1.95,-0.730576,0,0.835918,-2.12761e+07
2,0,1.95,-0.730576,0,0.838919,-2.39467e+07
2,0,1.95,-0.730576,0,0.841921,-2.34044e+07
2,0,1.95,-0.730576,0,0.844922,-2.3227e+07
2,0,1.95,-0.730576,0,0.847924,-2.46295e+07
2,0,1.95,-0.730576,0,0.850925,-2.47044e+07
2,0,1.95,-0.730576,0,0.853927,-2.3452e+07
2,0,1.95,-0.730576,0,0.856928,-2.36883e+07
2,0,1.95,-0.730576,0,0.85993,-2.37974e+07
2,0,1.95,-0.730576,0,0.862931,-2.41383e+07
2,0,1.95,-0.730576,0,0.865933,-2.60915e+07
2,0,1.95,-0.730576,0,0.868934,-2.44248e+07
2,0,1.95,-0.730576,0,0.871936,-2.59533e+07
2,0,1.95,-0.730576,0,0.874937,-2.62109e+07
2,0,1.95,-0.730576,0,0.877939,-2.09516e+07
2,0,1.95,-0.730576,0,0.88094,-2.66719e+07
2,0,1.95,-0.730576,0,0.883942,-2.08041e+07
2,0,1.95,-0.730576,0,0.886943,-2.62043e+07
2,0,1.95,-0.730576,0,0.889945,-2.09949e+07
2,0,1.95,-0.730576,0,0.892946,-2.6121e+07
2,0,1.95,-0.730576,0,0.895948,-2.11927e+07
2,0,1.95,-0.730576,0,0.898949,-2.63912e+07
2,0,1.95,-0.730576,0,0.901951,-2.6476e+07
2,0,1.95,-0.730576,0,0.904952,-2.07018e+07
2,0,1.95,-0.730576,0,0.907954,-2.2177e+07
2,0,1.95,-0.730576,0,0.910955,-2.11595e+07
2,0,1.95,-0.730576,0,0.913957,-2.19812e+07
2,0,1.95,-0.730576,0,0.916958,-2.10823e+07
2,0,1.95,-0.730576,0,0.91996,-2.12782e+07
2,0,1.95,-0.730576,0,0.922961,-2.1402e+07
2,0,1.95,-0.730576,0,0.925963,-2.17449e+07
2,0,1.95,-0.730576,0,0.928964,-2.21277e+07
2,0,1.95,-0.730576,0,0.931966,-2.21482e+07
2,0,1.95,-0.730576,0,0.934967,-2.19451e+07
2,0,1.95,-0.730576,0,0.937969,-2.45018e+07
2,0,1.95,-0.730576,0,0.94097,-2.24897e+07
2,0,1.95,-0.730576,0,0.943972,-2.37563e+07
2,0,1.95,-0.730576,0,0.946973,-2.27876e+07
2,0,1.95,-0.730576,0,0.949975,-2.38197e+07
2,0,1.95,-0.730576,0,0.952976,-2.33406e+07
2,0,1.95,-0.730576,0,0.955978,-2.32388e+07
2,0,1.95,-0.730576,0,0.958979,-2.312e+07
2,0,1.95,-0.730576,0,0.961981,-2.37715e+07
2,0,1.95,-0.730576,0,0.964982,-2.36667e+07
2,0,1.95,-0.730576,0,0.967984,-2.3711e+07
2,0,1.95,-0.730576,0,0.970985,-2.39839e+07
2,0,1.95,-0.730576,0,0.973987,-2.41018e+07
2,0,1.95,-0.730576,0,0.976988,-2.43049e+07
2,0,1.95,-0.730576,0,0.97999,-2.55251e+07
2,0,1.95,-0.730576,0,0.982991,-2.58369e+07
2,0,1.95,-0.730576,0,0.985993,-2.47438e+07
2,0,1.95,-0.730576,0,0.988994,-2.57431e+07
2,0,1.95,-0.730576,0,0.991996,-2.50591e+07
2,0,1.95,-0.730576,0,0.994997,-2.53209e+07
2,0,1.95,-0.730576,0,0.997999,-2.53752e+07
2,0,1.95,-0.730576,0,1.001,-2.66335e+07
2,0,1.95,-0.730576,0,1.004,-2.62012e+07
2,0,1.95,-0.730576,0,1.007,-2.5833e+07
2,0,1.95,-0.730576,0,1.01001,-2.59362e+07
2,0,1.95,-0.730576,0,1.01301,-2.60183e+07
2,0,1.95,-0.730576,0,1.01601,-2.18654e+07
2,0,1.95,-0.730576,0,1.01901,-2.09457e+07
2,0,1.95,-0.730576,0,1.02201,-2.11222e+07
2,0,1.95,-0.730576,0,1.02501,-2.65291e+07
2,0,1.95,-0.730576,0,1.02801,-2.708e+07
2,0,1.95,-0.730576,0,1.03102,-2.09004e+07
2,0,1.95,-0.730576,0,1.03402,-2.21165e+07
2,0,1.95,-0.730576,0,1.03702,-2.14064e+07
2,0,1.95,-0.730576,0,1.04002,-2.23211e+07
2,0,1.95,-0.730576,0,1.04302,-2.11675e+07
2,0,1.95,-0.730576,0,1.04602,-2.20597e+07
2,0,1.95,-0.730576,0,1.04902,-2.15019e+07
2,0,1.95,-0.730576,0,1.05203,-2.16947e+07
2,0,1.95,-0.730576,0,1.05503,-2.13759e+07
2,0,1.95,-0.730576,0,1.05803,-2.18404e+07
2,0,1.95,-0.730576,0,1.06103,-2.32526e+07
2,0,1.95,-0.730576,0,1.06403,-2.17983e+07
2,0,1.95,-0.730576,0,1.06703,-2.38763e+07
2,0,1.95,-0.730576,0,1.07004,-2.22739e+07
2,0,1.95,-0.730576,0,1.07304,-2.25818e+07
2,0,1.95,-0.730576,0,1.07604,-2.38786e+07
2,0,1.95,-0.730576,0,1.07904,-2.34896e+07
2,0,1.95,-0.730576,0,1.08204,-2.37363e+07
2,0,1.95,-0.730576,0,1.08504,-2.26141e+07
2,0,1.95,-0.730576,0,1.08804,-2.38464e+07
2,0,1.95,-0.730576,0,1.09105,-2.39245e+07
2,0,1.95,-0.730576,0,1.09405,-2.52412e+07
2,0,1.95,-0.730576,0,1.09705,-2.38536e+07
2,0,1.95,-0.730576,0,1.10005,-2.3421e+07
2,0,1.95,-0.730576,0,1.10305,-2.44089e+07
2,0,1.95,-0.730576,0,1.10605,-2.48977e+07
2,0,1.95,-0.730576,0,1.10905,-2.1696e+07
2,0,1.95,-0.730576,0,1.11206,-2.35678e+07
2,0,1.95,-0.730576,0,1.11506,-2.38972e+07
2,0,1.95,-0.730576,0,1.11806,-2.56172e+07
2,0,1.95,-0.730576,0,1.12106,-2.42191e+07
2,0,1.95,-0.730576,0,1.12406,-2.51634e+07
2,0,1.95,-0.730576,0,1.12706,-2.4735e+07
2,0,1.95,-0.730576,0,1.13007,-2.55857e+07
2,0,1.95,-0.730576,0,1.13307,-2.59215e+07
2,0,1.95,-0.730576,0,1.13607,-2.50531e+07
2,0,1.95,-0.730576,0,1.13907,-2.70474e+07
2,0,1.95,-0.730576,0,1.14207,-2.54237e+07
2,0,1.95,-0.730576,0,1.14507,-2.53848e+07
2,0,1.95,-0.730576,0,1.14807,-2.52409e+07
2,0,1.95,-0.730576,0,1.15108,-2.71708e+07
2,0,1.95,-0.730576,0,1.15408,-2.61989e+07
2,0,1.95,-0.730576,0,1.15708,-2.55495e+07
2,0,1.95,-0.730576,0,1.16008,-2.61357e+07
2,0,1.95,-0.730576,0,1.16308,-2.58561e+07
2,0,1.95,-0.730576,0,1.16608,-2.71256e+07
2,0,1.95,-0.730576,0,1.16908,-2.59216e+07
2,0,1.95,-0.730576,0,1.17209,-2.63989e+07
2,0,1.95,-0.730576,0,1.17509,-2.11507e+07
2,0,1.95,-0.730576,0,1.17809,-2.69389e+07
2,0,1.95,-0.730576,0,1.18109,-2.14999e+07
2,0,1.95,-0.730576,0,1.18409,-2.69984e+07
2,0,1.95,-0.730576,0,1.18709,-2.68145e+07
2,0,1.95,-0.730576,0,1.1901,-2.71963e+07
2,0,1.95,-0.730576,0,1.1931,-2.73789e+07
2,0,1.95,-0.730576,0,1.1961,-2.14739e+07
2,0,1.95,-0.730576,0,1.1991,-2.20635e+07
2,0,1.95,-0.730576,0,1.2021,-2.19216e+07
2,0,1.95,-0.730576,0,1.2051,-2.14963e+07
2,0,1.95,-0.730576,0,1.2081,-2.11769e+07
2,0,1.95,-0.730576,0,1.21111,-2.52689e+07
2,0,1.95,-0.730576,0,1.21411,-2.21738e+07
2,0,1.95,-0.730576,0,1.21711,-2.15091e+07
2,0,1.95,-0.730576,0,1.22011,-2.29129e+07
2,0,1.95,-0.730576,0,1.22311,-2.17948e+07
2,0,1.95,-0.730576,0,1.22611,-2.15271e+07
2,0,1.95,-0.730576,0,1.22911,-2.19864e+07
2,0,1.95,-0.730576,0,1.23212,-2.17816e+07
2,0,1.95,-0.730576,0,1.23512,-2.17313e+07
2,0,1.95,-0.730576,0,1.23812,-2.62871e+07
2,0,1.95,-0.730576,0,1.24112,-2.24938e+07
2,0,1.95,-0.730576,0,1.24412,-2.21219e+07
2,0,1.95,-0.730576,0,1.24712,-2.21687e+07
2,0,1.95,-0.730576,0,1.25013,-2.34828e+07
2,0,1.95,-0.730576,0,1.25313,-2.41115e+07
2,0,1.95,-0.730576,0,1.25613,-2.39344e+07
2,0,1.95,-0.730576,0,1.25913,-2.2438e+07
2,0,1.95,-0.730576,0,1.26213,-2.33139e+07
2,0,1.95,-0.730576,0,1.26513,-2.73789e+07
2,0,1.95,-0.730576,0,1.26813,-2.27334e+07
2,0,1.95,-0.730576,0,1.27114,-2.27987e+07
2,0,1.95,-0.730576,0,1.27414,-2.41098e+07
2,0,1.95,-0.730576,0,1.27714,-2.40311e+07
2,0,1.95,-0.730576,0,1.28014,-2.3204e+07
2,0,1.95,-0.730576,0,1.28314,-2.12537e+07
2,0,1.95,-0.730576,0,1.28614,-2.42599e+07
2,0,1.95,-0.730576,0,1.28914,-2.3265e+07
2,0,1.95,-0.730576,0,1.29215,-2.35287e+07
2,0,1.95,-0.730576,0,1.29515,-2.15307e+07
2,0,1.95,-0.730576,0,1.29815,-2.4998e+07
2,0,1.95,-0.730576,0,1.30115,-2.4602e+07
2,0,1.95,-0.730576,0,1.30415,-2.41668e+07
2,0,1.95,-0.730576,0,1.30715,-2.40836e+07
2,0,1.95,-0.730576,0,1.31016,-2.44837e+07
2,0,1.95,-0.730576,0,1.31316,-2.37897e+07
2,0,1.95,-0.730576,0,1.31616,-2.39684e+07
2,0,1.95,-0.730576,0,1.31916,-2.39608e+07
2,0,1.95,-0.730576,0,1.32216,-2.4462e+07
2,0,1.95,-0.730576,0,1.32516,-2.41136e+07
2,0,1.95,-0.730576,0,1.32816,-2.59342e+07
2,0,1.95,-0.730576,0,1.33117,-2.46368e+07
2,0,1.95,-0.730576,0,1.33417,-2.62121e+07
2,0,1.95,-0.730576,0,1.33717,-2.45565e+07
2,0,1.95,-0.730576,0,1.34017,-2.48477e+07
2,0,1.95,-0.730576,0,1.34317,-2.53635e+07
2,0,1.95,-0.730576,0,1.34617,-2.47311e+07
2,0,1.95,-0.730576,0,1.34917,-2.18446e+07
2,0,1.95,-0.730576,0,1.35218,-2.56199e+07
2,0,1.95,-0.730576,0,1.35518,-2.29952e+07
2,0,1.95,-0.730576,0,1.35818,-2.52292e+07
2,0,1.95,-0.730576,0,1.36118,-2.52124e+07
2,0,1.95,-0.730576,0,1.36418,-2.50748e+07
2,0,1.95,-0.730576,0,1.36718,-2.52655e+07
2,0,1.95,-0.730576,0,1.37019,-2.57692e+07
2,0,1.95,-0.730576,0,1.37319,-2.53232e+07
2,0,1.95,-0.730576,0,1.37619,-2.68821e+07
2,0,1.95,-0.730576,0,1.37919,-2.55626e+07
2,0,1.95,-0.730576,0,1.38219,-2.53906e+07
2,0,1.95,-0.730576,0,1.38519,-2.58387e+07
2,0,1.95,-0.730576,0,1.38819,-2.57003e+07
2,0,1.95,-0.730576,0,1.3912,-2.55895e+07
2,0,1.95,-0.730576,0,1.3942,-2.599e+07
2,0,1.95,-0.730576,0,1.3972,-2.59865e+07
2,0,1.95,-0.730576,0,1.4002,-2.67507e+07
2,0,1.95,-0.730576,0,1.4032,-2.61465e+07
2,0,1.95,-0.730576,0,1.4062,-2.61097e+07
2,0,1.95,-0.730576,0,1.4092,-2.63028e+07
2,0,1.95,-0.730576,0,1.41221,-2.59946e+07
2,0,1.95,-0.730576,0,1.41521,-2.66789e+07
2,0,1.95,-0.730576,0,1.41821,-2.60262e+07
2,0,1.95,-0.730576,0,1.42121,-2.62178e+07
2,0,1.95,-0.730576,0,1.42421,-2.67216e+07
2,0,1.95,-0.730576,0,1.42721,-2.65131e+07
2,0,1.95,-0.730576,0,1.43022,-2.67941e+07
2,0,1.95,-0.730576,0,1.43322,-2.65497e+07
2,0,1.95,-0.730576,0,1.43622,-2.64556e+07
2,0,1.95,-0.730576,0,1.43922,-2.66908e+07
2,0,1.95,-0.730576,0,1.44222,-2.67818e+07
2,0,1.95,-0.730576,0,1.44522,-2.67906e+07
2,0,1.95,-0.730576,0,1.44822,-2.72217e+07
2,0,1.95,-0.730576,0,1.45123,-2.6663e+07
2,0,1.95,-0.730576,0,1.45423,-2.69264e+07
2,0,1.95,-0.730576,0,1.45723,-2.47776e+07
2,0,1.95,-0.730576,0,1.46023,-2.66969e+07
2,0,1.95,-0.730576,0,1.46323,-2.68023e+07
2,0,1.95,-0.730576,0,1.46623,-2.68459e+07
2,0,1.95,-0.730576,0,1.46923,-2.72348e+07
2,0,1.95,-0.730576,0,1.47224,-2.7132e+07
2,0,1.95,-0.730576,0,1.47524,-2.71951e+07
2,0,1.95,-0.730576,0,1.47824,-2.71848e+07
2,0,1.95,-0.730576,0,1.48124,-2.69664e+07
2,0,1.95,-0.730576,0,1.48424,-2.75684e+07
2,0,1.95,-0.730576,0,1.48724,-2.14419e+07
2,0,1.95,-0.730576,0,1.49025,-2.19081e+07
2,0,1.95,-0.730576,0,1.49325,-2.74674e+07
2,0,1.95,-0.730576,0,1.49625,-2.74301e+07
2,0,1.95,-0.730576,0,1.49925,-2.13835e+07
2,0,1.95,-0.730576,0,1.50225,-2.7155e+07
2,0,1.95,-0.730576,0,1.50525,-2.77051e+07
2,0,1.95,-0.730576,0,1.50825,-2.27572e+07
2,0,1.95,-0.730576,0,1.51126,-2.72693e+07
2,0,1.95,-0.730576,0,1.51426,-2.72441e+07
2,0,1.95,-0.730576,0,1.51726,-2.75881e+07
2,0,1.95,-0.730576,0,1.52026,-2.75064e+07
2,0,1.95,-0.730576,0,1.52326,-2.19096e+07
2,0,1.95,-0.730576,0,1.52626,-2.75856e+07
2,0,1.95,-0.730576,0,1.52926,-2.17989e+07
2,0,1.95,-0.730576,0,1.53227,-2.22341e+07
2,0,1.95,-0.730576,0,1.53527,-2.22627e+07
2,0,1.95,-0.730576,0,1.53827,-2.13875e+07
2,0,1.95,-0.730576,0,1.54127,-2.73695e+07
2,0,1.95,-0.730576,0,1.54427,-2.76783e+07
2,0,1.95,-0.730576,0,1.54727,-2.7628e+07
2,0,1.95,-0.730576,0,1.55028,-2.74177e+07
2,0,1.95,-0.730576,0,1.55328,-2.21668e+07
2,0,1.95,-0.730576,0,1.55628,-2.76662e+07
2,0,1.95,-0.730576,0,1.55928,-2.74267e+07
2,0,1.95,-0.730576,0,1.56228,-2.228e+07
2,0,1.95,-0.730576,0,1.56528,-2.15907e+07
2,0,1.95,-0.730576,0,1.56828,-2.22837e+07
2,0,1.95,-0.730576,0,1.57129,-2.73662e+07
2,0,1.95,-0.730576,0,1.57429,-2.76695e+07
2,0,1.95,-0.730576,0,1.57729,-2.73771e+07
2,0,1.95,-0.730576,0,1.58029,-2.15817e+07
2,0,1.95,-0.730576,0,1.58329,-2.2897e+07
2,0,1.95,-0.730576,0,1.58629,-2.72972e+07
2,0,1.95,-0.730576,0,1.58929,-2.74433e+07
2,0,1.95,-0.730576,0,1.5923,-2.1955e+07
2,0,1.95,-0.730576,0,1.5953,-2.74432e+07
2,0,1.95,-0.730576,0,1.5983,-2.77537e+07
2,0,1.95,-0.730576,0,1.6013,-2.76879e+07
2,0,1.95,-0.730576,0,1.6043,-2.75641e+07
2,0,1.95,-0.730576,0,1.6073,-2.76497e+07
2,0,1.95,-0.730576,0,1.61031,-2.75039e+07
2,0,1.95,-0.730576,0,1.61331,-2.70508e+07
2,0,1.95,-0.730576,0,1.61631,-2.71139e+07
2,0,1.95,-0.730576,0,1.61931,-2.71491e+07
2,0,1.95,-0.730576,0,1.62231,-2.74236e+07
2,0,1.95,-0.730576,0,1.62531,-2.7006e+07
2,0,1.95,-0.730576,0,1.62831,-2.14683e+07
2,0,1.95,-0.730576,0,1.63132,-2.69466e+07
2,0,1.95,-0.730576,0,1.63432,-2.68832e+07
2,0,1.95,-0.730576,0,1.63732,-2.70558e+07
2,0,1.95,-0.730576,0,1.64032,-2.67735e+07
2,0,1.95,-0.730576,0,1.64332,-2.7306e+07
2,0,1.95,-0.730576,0,1.64632,-2.66887e+07
2,0,1.95,-0.730576,0,1.64932,-2.44721e+07
2,0,1.95,-0.730576,0,1.65233,-2.18404e+07
2,0,1.95,-0.730576,0,1.65533,-2.14644e+07
2,0,1.95,-0.730576,0,1.65833,-2.67972e+07
2,0,1.95,-0.730576,0,1.66133,-2.668e+07
2,0,1.95,-0.730576,0,1.66433,-2.66785e+07
2,0,1.95,-0.730576,0,1.66733,-2.15906e+07
2,0,1.95,-0.730576,0,1.67034,-2.71943e+07
2,0,1.95,-0.730576,0,1.67334,-2.61349e+07
2,0,1.95,-0.730576,0,1.67634,-2.6399e+07
2,0,1.95,-0.730576,0,1.67934,-2.65054e+07
2,0,1.95,-0.730576,0,1.68234,-2.62197e+07
2,0,1.95,-0.730576,0,1.68534,-2.60906e+07
2,0,1.95,-0.730576,0,1.68834,-2.60837e+07
2,0,1.95,-0.730576,0,1.69135,-2.55652e+07
2,0,1.95,-0.730576,0,1.69435,-2.55667e+07
2,0,1.95,-0.730576,0,1.69735,-2.6126e+07
2,0,1.95,-0.730576,0,1.70035,-2.56578e+07
2,0,1.95,-0.730576,0,1.70335,-2.51882e+07
2,0,1.95,-0.730576,0,1.70635,-2.52181e+07
2,0,1.95,-0.730576,0,1.70935,-2.50932e+07
2,0,1.95,-0.730576,0,1.71236,-2.50637e+07
2,0,1.95,-0.730576,0,1.71536,-2.48633e+07
2,0,1.95,-0.730576,0,1.71836,-2.50152e+07
2,0,1.95,-0.730576,0,1.72136,-2.45894e+07
2,0,1.95,-0.730576,0,1.72436,-2.50332e+07
2,0,1.95,-0.730576,0,1.72736,-2.45495e+07
2,0,1.95,-0.730576,0,1.73037,-2.57727e+07
2,0,1.95,-0.730576,0,1.73337,-2.57463e+07
2,0,1.95,-0.730576,0,1.73637,-2.424e+07
2,0,1.95,-0.730576,0,1.73937,-2.50464e+07
2,0,1.95,-0.730576,0,1.74237,-2.40928e+07
2,0,1.95,-0.730576,0,1.74537,-2.37415e+07
2,0,1.95,-0.730576,0,1.74837,-2.35967e+07
2,0,1.95,-0.730576,0,1.75138,-2.44837e+07
2,0,1.95,-0.730576,0,1.75438,-2.36072e+07
2,0,1.95,-0.730576,0,1.75738,-2.34635e+07
2,0,1.95,-0.730576,0,1.76038,-2.30819e+07
2,0,1.95,-0.730576,0,1.76338,-2.28368e+07
2,0,1.95,-0.730576,0,1.76638,-2.30494e+07
2,0,1.95,-0.730576,0,1.76938,-2.26278e+07
2,0,1.95,-0.730576,0,1.77239,-2.27556e+07
2,0,1.95,-0.730576,0,1.77539,-2.22652e+07
2,0,1.95,-0.730576,0,1.77839,-2.2323e+07
2,0,1.95,-0.730576,0,1.78139,-2.18923e+07
2,0,1.95,-0.730576,0,1.78439,-2.21178e+07
2,0,1.95,-0.730576,0,1.78739,-2.16744e+07
2,0,1.95,-0.730576,0,1.7904,-2.2012e+07
2,0,1.95,-0.730576,0,1.7934,-2.15331e+07
2,0,1.95,-0.730576,0,1.7964,-2.17576e+07
2,0,1.95,-0.730576,0,1.7994,-2.10755e+07
2,0,1.95,-0.730576,0,1.8024,-2.70527e+07
2,0,1.95,-0.730576,0,1.8054,-2.71327e+07
2,0,1.95,-0.730576,0,1.8084,-2.64772e+07
2,0,1.95,-0.730576,0,1.81141,-2.68693e+07
2,0,1.95,-0.730576,0,1.81441,-2.09937e+07
2,0,1.95,-0.730576,0,1.81741,-2.57123e+07
2,0,1.95,-0.730576,0,1.82041,-2.56995e+07
2,0,1.95,-0.730576,0,1.82341,-2.51771e+07
2,0,1.95,-0.730576,0,1.82641,-2.49493e+07
2,0,1.95,-0.730576,0,1.82941,-2.56851e+07
2,0,1.95,-0.730576,0,1.83242,-2.44171e+07
2,0,1.95,-0.730576,0,1.83542,-2.4217e+07
2,0,1.95,-0.730576,0,1.83842,-2.48884e+07
2,0,1.95,-0.730576,0,1.84142,-2.40453e+07
2,0,1.95,-0.730576,0,1.84442,-2.14626e+07
2,0,1.95,-0.730576,0,1.84742,-2.32598e+07
2,0,1.95,-0.730576,0,1.85043,-2.5427e+07
2,0,1.95,-0.730576,0,1.85343,-2.40692e+07
2,0,1.95,-0.730576,0,1.85643,-2.57202e+07
2,0,1.95,-0.730576,0,1.85943,-2.1672e+07
2,0,1.95,-0.730576,0,1.86243,-2.18231e+07
2,0,1.95,-0.730576,0,1.86543,-2.16724e+07
2,0,1.95,-0.730576,0,1.86843,-2.12021e+07
2,0,1.95,-0.730576,0,1.87144,-2.64012e+07
2,0,1.95,-0.730576,0,1.87444,-2.19069e+07
2,0,1.95,-0.730576,0,1.87744,-2.5566e+07
2,0,1.95,-0.730576,0,1.88044,-2.49175e+07
2,0,1.95,-0.730576,0,1.88344,-2.48844e+07
2,0,1.95,-0.730576,0,1.88644,-2.40537e+07
2,0,1.95,-0.730576,0,1.88944,-2.35474e+07
2,0,1.95,-0.730576,0,1.89245,-2.36255e+07
2,0,1.95,-0.730576,0,1.89545,-2.24842e+07
2,0,1.95,-0.730576,0,1.89845,-2.20358e+07
2,0,1.95,-0.730576,0,1.90145,-2.15152e+07
2,0,1.95,-0.730576,0,1.90445,-2.12396e+07
2,0,1.95,-0.730576,0,1.90745,-2.08666e+07
2,0,1.95,-0.730576,0,1.91046,-2.64965e+07
2,0,1.95,-0.730576,0,1.91346,-2.51599e+07
2,0,1.95,-0.730576,0,1.91646,-2.44992e+07
2,0,1.95,-0.730576,0,1.91946,-2.37296e+07
2,0,1.95,-0.730576,0,1.92246,-2.29996e+07
2,0,1.95,-0.730576,0,1.92546,-2.22502e+07
2,0,1.95,-0.730576,0,1.92846,-2.18882e+07
2,0,1.95,-0.730576,0,1.93147,-2.06932e+07
2,0,1.95,-0.730576,0,1.93447,-2.0256e+07
2,0,1.95,-0.730576,0,1.93747,-2.12026e+07
2,0,1.95,-0.730576,0,1.94047,-2.02932e+07
2,0,1.95,-0.730576,0,1.94347,-2.09099e+07
2,0,1.95,-0.730576,0,1.94647,-2.0919e+07
2,0,1.95,-0.730576,0,1.94947,-2.57491e+07
2,0,1.95,-0.730576,0,1.95248,-2.44016e+07
2,0,1.95,-0.730576,0,1.95548,-2.29718e+07
2,0,1.95,-0.730576,0,1.95848,-2.15705e+07
2,0,1.95,-0.730576,0,1.96148,-2.01403e+07
2,0,1.95,-0.730576,0,1.96448,-2.44105e+07
2,0,1.95,-0.730576,0,1.96748,-2.2464e+07
2,0,1.95,-0.730576,0,1.97049,-2.04764e+07
2,0,1.95,-0.730576,0,1.97349,-2.41402e+07
2,0,1.95,-0.730576,0,1.97649,-2.15493e+07
2,0,1.95,-0.730576,0,1.97949,-2.4695e+07
2,0,1.95,-0.730576,0,1.98249,-2.11912e+07
2,0,1.95,-0.730576,0,1.98549,-2.30052e+07
2,0,1.95,-0.730576,0,1.98849,-2.39991e+07
2,0,1.95,-0.730576,0,1.9915,-2.31911e+07
2,0,1.95,-0.730576,0,1.9945,-1.81073e+07
2,0,1.95,-0.730576,0,1.9975,-2.00493e+07
2,0,1.95,-0.730576,0,2.0005,1.99224e+07
2,0,1.95,-0.730576,0,2.0035,2.17716e+07
2,0,1.95,-0.730576,0,2.0065,1.83506e+07
2,0,1.95,-0.730576,0,2.0095,2.06377e+07
2,0,1.95,-0.730576,0,2.01251,2.10004e+07
2,0,1.95,-0.730576,0,2.01551,2.01327e+07
2,0,1.95,-0.730576,0,2.01851,2.41732e+07
2,0,1.95,-0.730576,0,2.02151,2.18329e+07
2,0,1.95,-0.730576,0,2.02451,2.47919e+07
2,0,1.95,-0.730576,0,2.02751,2.17537e+07
2,0,1.95,-0.730576,0,2.03052,2.40797e+07
2,0,1.95,-0.730576,0,2.03352,2.14107e+07
2,0,1.95,-0.730576,0,2.03652,2.27375e+07
2,0,1.95,-0.730576,0,2.03952,2.47951e+07
2,0,1.95,-0.730576,0,2.04252,2.02562e+07
2,0,1.95,-0.730576,0,2.04552,2.03964e+07
2,0,1.95,-0.730576,0,2.04852,2.05732e+07
2,0,1.95,-0.730576,0,2.05153,2.08831e+07
2,0,1.95,-0.730576,0,2.05453,2.09745e+07
2,0,1.95,-0.730576,0,2.05753,2.22196e+07
2,0,1.95,-0.730576,0,2.06053,2.349e+07
2,0,1.95,-0.730576,0,2.06353,2.48297e+07
2,0,1.95,-0.730576,0,2.06653,2.04227e+07
2,0,1.95,-0.730576,0,2.06953,2.10459e+07
2,0,1.95,-0.730576,0,2.07254,2.20991e+07
2,0,1.95,-0.730576,0,2.07554,2.31942e+07
2,0,1.95,-0.730576,0,2.07854,2.45291e+07
2,0,1.95,-0.730576,0,2.08154,2.53788e+07
2,0,1.95,-0.730576,0,2.08454,2.63655e+07
2,0,1.95,-0.730576,0,2.08754,2.10745e+07
2,0,1.95,-0.730576,0,2.09055,2.19315e+07
2,0,1.95,-0.730576,0,2.09355,2.27858e+07
2,0,1.95,-0.730576,0,2.09655,2.49108e+07
2,0,1.95,-0.730576,0,2.09955,2.49523e+07
2,0,1.95,-0.730576,0,2.10255,2.25878e+07
2,0,1.95,-0.730576,0,2.10555,2.62969e+07
2,0,1.95,-0.730576,0,2.10855,2.09989e+07
2,0,1.95,-0.730576,0,2.11156,2.15657e+07
2,0,1.95,-0.730576,0,2.11456,2.23421e+07
2,0,1.95,-0.730576,0,2.11756,2.31863e+07
2,0,1.95,-0.730576,0,2.12056,2.37068e+07
2,0,1.95,-0.730576,0,2.12356,2.48962e+07
2,0,1.95,-0.730576,0,2.12656,2.21619e+07
2,0,1.95,-0.730576,0,2.12956,2.61042e+07
2,0,1.95,-0.730576,0,2.13257,2.68674e+07
2,0,1.95,-0.730576,0,2.13557,2.16042e+07
2,0,1.95,-0.730576,0,2.13857,2.16963e+07
2,0,1.95,-0.730576,0,2.14157,2.22637e+07
2,0,1.95,-0.730576,0,2.14457,2.29745e+07
2,0,1.95,-0.730576,0,2.14757,2.34559e+07
2,0,1.95,-0.730576,0,2.15058,2.44503e+07
2,0,1.95,-0.730576,0,2.15358,2.50854e+07
2,0,1.95,-0.730576,0,2.15658,2.53195e+07
2,0,1.95,-0.730576,0,2.15958,2.59767e+07
2,0,1.95,-0.730576,0,2.16258,2.68205e+07
2,0,1.95,-0.730576,0,2.16558,2.6139e+07
2,0,1.95,-0.730576,0,2.16858,2.78984e+07
2,0,1.95,-0.730576,0,2.17159,2.19174e+07
2,0,1.95,-0.730576,0,2.17459,2.49817e+07
2,0,1.95,-0.730576,0,2.17759,2.56192e+07
2,0,1.95,-0.730576,0,2.18059,2.34991e+07
2,0,1.95,-0.730576,0,2.18359,2.39471e+07
2,0,1.95,-0.730576,0,2.18659,2.44846e+07
2,0,1.95,-0.730576,0,2.18959,2.1733e+07
2,0,1.95,-0.730576,0,2.1926,2.55996e+07
2,0,1.95,-0.730576,0,2.1956,2.60896e+07
2,0,1.95,-0.730576,0,2.1986,2.66721e+07
2,0,1.95,-0.730576,0,2.2016,2.30848e+07
2,0,1.95,-0.730576,0,2.2046,2.57408e+07
2,0,1.95,-0.730576,0,2.2076,2.43294e+07
2,0,1.95,-0.730576,0,2.21061,2.76095e+07
2,0,1.95,-0.730576,0,2.21361,2.50247e+07
2,0,1.95,-0.730576,0,2.21661,2.61787e+07
2,0,1.95,-0.730576,0,2.21961,2.52503e+07
2,0,1.95,-0.730576,0,2.22261,2.67113e+07
2,0,1.95,-0.730576,0,2.22561,2.69073e+07
2,0,1.95,-0.730576,0,2.22861,2.4895e+07
2,0,1.95,-0.730576,0,2.23162,2.53833e+07
2,0,1.95,-0.730576,0,2.23462,2.84501e+07
2,0,1.95,-0.730576,0,2.23762,2.20601e+07
2,0,1.95,-0.730576,0,2.24062,2.28995e+07
2,0,1.95,-0.730576,0,2.24362,2.28725e+07
2,0,1.95,-0.730576,0,2.24662,2.33628e+07
2,0,1.95,-0.730576,0,2.24962,2.41281e+07
2,0,1.95,-0.730576,0,2.25263,2.67102e+07
2,0,1.95,-0.730576,0,2.25563,2.45485e+07
2,0,1.95,-0.730576,0,2.25863,2.49745e+07
2,0,1.95,-0.730576,0,2.26163,2.76491e+07
2,0,1.95,-0.730576,0,2.26463,2.7315e+07
2,0,1.95,-0.730576,0,2.26763,2.63558e+07
2,0,1.95,-0.730576,0,2.27064,2.37022e+07
2,0,1.95,-0.730576,0,2.27364,2.69031e+07
2,0,1.95,-0.730576,0,2.27664,2.75933e+07
2,0,1.95,-0.730576,0,2.27964,2.81793e+07
2,0,1.95,-0.730576,0,2.28264,2.85459e+07
2,0,1.95,-0.730576,0,2.28564,2.89777e+07
2,0,1.95,-0.730576,0,2.28864,2.26104e+07
2,0,1.95,-0.730576,0,2.29165,2.32514e+07
2,0,1.95,-0.730576,0,2.29465,2.3633e+07
2,0,1.95,-0.730576,0,2.29765,2.88055e+07
2,0,1.95,-0.730576,0,2.30065,2.41412e+07
2,0,1.95,-0.730576,0,2.30365,2.47844e+07
2,0,1.95,-0.730576,0,2.30665,2.51769e+07
2,0,1.95,-0.730576,0,2.30965,2.87651e+07
2,0,1.95,-0.730576,0,2.31266,2.56031e+07
2,0,1.95,-0.730576,0,2.31566,2.62954e+07
2,0,1.95,-0.730576,0,2.31866,2.6504e+07
2,0,1.95,-0.730576,0,2.32166,2.67515e+07
2,0,1.95,-0.730576,0,2.32466,2.72264e+07
2,0,1.95,-0.730576,0,2.32766,2.77011e+07
2,0,1.95,-0.730576,0,2.33067,2.80318e+07
2,0,1.95,-0.730576,0,2.33367,2.8393e+07
2,0,1.95,-0.730576,0,2.33667,2.88757e+07
2,0,1.95,-0.730576,0,2.33967,2.5692e+07
2,0,1.95,-0.730576,0,2.34267,2.28233e+07
2,0,1.95,-0.730576,0,2.34567,2.32573e+07
2,0,1.95,-0.730576,0,2.34867,2.34606e+07
2,0,1.95,-0.730576,0,2.35168,2.40717e+07
2,0,1.95,-0.730576,0,2.35468,2.41404e+07
2,0,1.95,-0.730576,0,2.35768,2.4521e+07
2,0,1.95,-0.730576,0,2.36068,2.48107e+07
2,0,1.95,-0.730576,0,2.36368,2.48519e+07
2,0,1.95,-0.730576,0,2.36668,2.54397e+07
2,0,1.95,-0.730576,0,2.36968,2.60179e+07
2,0,1.95,-0.730576,0,2.37269,2.61599e+07
2,0,1.95,-0.730576,0,2.37569,2.65225e+07
2,0,1.95,-0.730576,0,2.37869,2.69136e+07
2,0,1.95,-0.730576,0,2.38169,2.7304e+07
2,0,1.95,-0.730576,0,2.38469,2.77267e+07
2,0,1.95,-0.730576,0,2.38769,2.79326e+07
2,0,1.95,-0.730576,0,2.3907,2.88439e+07
2,0,1.95,-0.730576,0,2.3937,2.86925e+07
2,0,1.95,-0.730576,0,2.3967,2.91778e+07
2,0,1.95,-0.730576,0,2.3997,2.59745e+07
2,0,1.95,-0.730576,0,2.4027,2.97724e+07
2,0,1.95,-0.730576,0,2.4057,2.32399e+07
2,0,1.95,-0.730576,0,2.4087,2.34759e+07
2,0,1.95,-0.730576,0,2.41171,2.73015e+07
2,0,1.95,-0.730576,0,2.41471,2.74746e+07
2,0,1.95,-0.730576,0,2.41771,2.44031e+07
2,0,1.95,-0.730576,0,2.42071,2.81006e+07
2,0,1.95,-0.730576,0,2.42371,2.84115e+07
2,0,1.95,-0.730576,0,2.42671,2.58354e+07
2,0,1.95,-0.730576,0,2.42971,2.56723e+07
2,0,1.95,-0.730576,0,2.43272,2.94335e+07
2,0,1.95,-0.730576,0,2.43572,2.6369e+07
2,0,1.95,-0.730576,0,2.43872,2.67979e+07
2,0,1.95,-0.730576,0,2.44172,2.69752e+07
2,0,1.95,-0.730576,0,2.44472,2.31608e+07
2,0,1.95,-0.730576,0,2.44772,2.75258e+07
2,0,1.95,-0.730576,0,2.45073,2.82268e+07
2,0,1.95,-0.730576,0,2.45373,2.47424e+07
2,0,1.95,-0.730576,0,2.45673,2.47789e+07
2,0,1.95,-0.730576,0,2.45973,2.89642e+07
2,0,1.95,-0.730576,0,2.46273,2.96507e+07
2,0,1.95,-0.730576,0,2.46573,2.54088e+07
2,0,1.95,-0.730576,0,2.46873,2.99163e+07
2,0,1.95,-0.730576,0,2.47174,2.56464e+07
2,0,1.95,-0.730576,0,2.47474,2.66641e+07
2,0,1.95,-0.730576,0,2.47774,2.7493e+07
2,0,1.95,-0.730576,0,2.48074,2.52287e+07
2,0,1.95,-0.730576,0,2.48374,2.81064e+07
2,0,1.95,-0.730576,0,2.48674,2.50811e+07
2,0,1.95,-0.730576,0,2.48974,2.49953e+07
2,0,1.95,-0.730576,0,2.49275,2.52882e+07
2,0,1.95,-0.730576,0,2.49575,2.94147e+07
2,0,1.95,-0.730576,0,2.49875,2.9458e+07
2,0,1.95,-0.730576,0,2.50175,2.87133e+07
2,0,1.95,-0.730576,0,2.50475,2.64496e+07
2,0,1.95,-0.730576,0,2.50775,3.04604e+07
2,0,1.95,-0.730576,0,2.51076,2.38116e+07
2,0,1.95,-0.730576,0,2.51376,2.38367e+07
2,0,1.95,-0.730576,0,2.51676,2.40834e+07
2,0,1.95,-0.730576,0,2.51976,2.79321e+07
2,0,1.95,-0.730576,0,2.52276,2.47267e+07
2,0,1.95,-0.730576,0,2.52576,2.85943e+07
2,0,1.95,-0.730576,0,2.52876,2.48296e+07
2,0,1.95,-0.730576,0,2.53177,3.06046e+07
2,0,1.95,-0.730576,0,2.53477,2.5354e+07
2,0,1.95,-0.730576,0,2.53777,2.59115e+07
2,0,1.95,-0.730576,0,2.54077,2.65089e+07
2,0,1.95,-0.730576,0,2.54377,3.04511e+07
2,0,1.95,-0.730576,0,2.54677,2.39142e+07
2,0,1.95,-0.730576,0,2.54977,2.70726e+07
2,0,1.95,-0.730576,0,2.55278,2.50428e+07
2,0,1.95,-0.730576,0,2.55578,2.75058e+07
2,0,1.95,-0.730576,0,2.55878,2.76575e+07
2,0,1.95,-0.730576,0,2.56178,2.81034e+07
2,0,1.95,-0.730576,0,2.56478,2.65329e+07
2,0,1.95,-0.730576,0,2.56778,2.85123e+07
2,0,1.95,-0.730576,0,2.57079,2.90139e+07
2,0,1.95,-0.730576,0,2.57379,2.6059e+07
2,0,1.95,-0.730576,0,2.57679,3.01167e+07
2,0,1.95,-0.730576,0,2.57979,3.05821e+07
2,0,1.95,-0.730576,0,2.58279,2.67943e+07
2,0,1.95,-0.730576,0,2.58579,3.07369e+07
2,0,1.95,-0.730576,0,2.58879,2.39495e+07
2,0,1.95,-0.730576,0,2.5918,2.42654e+07
2,0,1.95,-0.730576,0,2.5948,2.8002e+07
2,0,1.95,-0.730576,0,2.5978,2.41952e+07
2,0,1.95,-0.730576,0,2.6008,2.85957e+07
2,0,1.95,-0.730576,0,2.6038,2.45781e+07
2,0,1.95,-0.730576,0,2.6068,2.91329e+07
2,0,1.95,-0.730576,0,2.6098,2.94243e+07
2,0,1.95,-0.730576,0,2.61281,2.96922e+07
2,0,1.95,-0.730576,0,2.61581,2.58808e+07
2,0,1.95,-0.730576,0,2.61881,3.02985e+07
2,0,1.95,-0.730576,0,2.62181,2.64187e+07
2,0,1.95,-0.730576,0,2.62481,2.7189e+07
2,0,1.95,-0.730576,0,2.62781,2.40097e+07
2,0,1.95,-0.730576,0,2.63082,2.42936e+07
2,0,1.95,-0.730576,0,2.63382,2.45168e+07
2,0,1.95,-0.730576,0,2.63682,2.82136e+07
2,0,1.95,-0.730576,0,2.63982,2.547e+07
2,0,1.95,-0.730576,0,2.64282,2.51798e+07
2,0,1.95,-0.730576,0,2.64582,2.82898e+07
2,0,1.95,-0.730576,0,2.64882,2.5746e+07
2,0,1.95,-0.730576,0,2.65183,2.87928e+07
2,0,1.95,-0.730576,0,2.65483,2.97835e+07
2,0,1.95,-0.730576,0,2.65783,2.99262e+07
2,0,1.95,-0.730576,0,2.66083,3.00082e+07
2,0,1.95,-0.730576,0,2.66383,3.04669e+07
2,0,1.95,-0.730576,0,2.66683,2.72349e+07
2,0,1.95,-0.730576,0,2.66983,2.88475e+07
2,0,1.95,-0.730576,0,2.67284,3.12813e+07
2,0,1.95,-0.730576,0,2.67584,2.79382e+07
2,0,1.95,-0.730576,0,2.67884,2.50321e+07
2,0,1.95,-0.730576,0,2.68184,2.47953e+07
2,0,1.95,-0.730576,0,2.68484,2.47456e+07
2,0,1.95,-0.730576,0,2.68784,2.49395e+07
2,0,1.95,-0.730576,0,2.69085,2.9477e+07
2,0,1.95,-0.730576,0,2.69385,3.10392e+07
2,0,1.95,-0.730576,0,2.69685,2.998e+07
2,0,1.95,-0.730576,0,2.69985,2.6235e+07
2,0,1.95,-0.730576,0,2.70285,2.45236e+07
2,0,1.95,-0.730576,0,2.70585,2.63787e+07
2,0,1.95,-0.730576,0,2.70885,2.65322e+07
2,0,1.95,-0.730576,0,2.71186,2.71351e+07
2,0,1.95,-0.730576,0,2.71486,3.1561e+07
2,0,1.95,-0.730576,0,2.71786,2.71656e+07
2,0,1.95,-0.730576,0,2.72086,2.47863e+07
2,0,1.95,-0.730576,0,2.72386,2.76257e+07
2,0,1.95,-0.730576,0,2.72686,2.55975e+07
2,0,1.95,-0.730576,0,2.72986,2.88296e+07
2,0,1.95,-0.730576,0,2.73287,2.57613e+07
2,0,1.95,-0.730576,0,2.73587,2.64036e+07
2,0,1.95,-0.730576,0,2.73887,2.62233e+07
2,0,1.95,-0.730576,0,2.74187,2.9286e+07
2,0,1.95,-0.730576,0,2.74487,2.95017e+07
2,0,1.95,-0.730576,0,2.74787,2.69248e+07
2,0,1.95,-0.730576,0,2.75088,3.06979e+07
2,0,1.95,-0.730576,0,2.75388,3.03242e+07
2,0,1.95,-0.730576,0,2.75688,2.76589e+07
2,0,1.95,-0.730576,0,2.75988,2.79149e+07
2,0,1.95,-0.730576,0,2.76288,2.80731e+07
2,0,1.95,-0.730576,0,2.76588,3.14477e+07
2,0,1.95,-0.730576,0,2.76888,2.85712e+07
2,0,1.95,-0.730576,0,2.77189,2.89048e+07
2,0,1.95,-0.730576,0,2.77489,2.49751e+07
2,0,1.95,-0.730576,0,2.77789,3.17128e+07
2,0,1.95,-0.730576,0,2.78089,2.97028e+07
2,0,1.95,-0.730576,0,2.78389,2.54828e+07
2,0,1.95,-0.730576,0,2.78689,2.58376e+07
2,0,1.95,-0.730576,0,2.78989,2.60867e+07
2,0,1.95,-0.730576,0,2.7929,2.4977e+07
2,0,1.95,-0.730576,0,2.7959,3.09834e+07
2,0,1.95,-0.730576,0,2.7989,3.13375e+07
2,0,1.95,-0.730576,0,2.8019,2.56359e+07
2,0,1.95,-0.730576,0,2.8049,3.17737e+07
2,0,1.95,-0.730576,0,2.8079,2.47404e+07
2,0,1.95,-0.730576,0,2.81091,2.82277e+07
2,0,1.95,-0.730576,0,2.81391,2.86998e+07
2,0,1.95,-0.730576,0,2.81691,2.90383e+07
2,0,1.95,-0.730576,0,2.81991,2.73187e+07
2,0,1.95,-0.730576,0,2.82291,2.57963e+07
2,0,1.95,-0.730576,0,2.82591,2.5965e+07
2,0,1.95,-0.730576,0,2.82891,2.61988e+07
2,0,1.95,-0.730576,0,2.83192,2.65076e+07
2,0,1.95,-0.730576,0,2.83492,3.02735e+07
2,0,1.95,-0.730576,0,2.83792,2.78912e+07
2,0,1.95,-0.730576,0,2.84092,2.71083e+07
2,0,1.95,-0.730576,0,2.84392,3.12498e+07
2,0,1.95,-0.730576,0,2.84692,3.09261e+07
2,0,1.95,-0.730576,0,2.84992,2.79007e+07
2,0,1.95,-0.730576,0,2.85293,2.89815e+07
2,0,1.95,-0.730576,0,2.85593,3.18978e+07
2,0,1.95,-0.730576,0,2.85893,2.85716e+07
2,0,1.95,-0.730576,0,2.86193,2.88335e+07
2,0,1.95,-0.730576,0,2.86493,2.54389e+07
2,0,1.95,-0.730576,0,2.86793,2.51654e+07
2,0,1.95,-0.730576,0,2.87094,2.57521e+07
2,0,1.95,-0.730576,0,2.87394,2.55646e+07
2,0,1.95,-0.730576,0,2.87694,2.57177e+07
2,0,1.95,-0.730576,0,2.87994,3.03435e+07
2,0,1.95,-0.730576,0,2.88294,2.67512e+07
2,0,1.95,-0.730576,0,2.88594,3.08108e+07
2,0,1.95,-0.730576,0,2.88894,2.70977e+07
2,0,1.95,-0.730576,0,2.89195,3.13152e+07
2,0,1.95,-0.730576,0,2.89495,3.15056e+07
2,0,1.95,-0.730576,0,2.89795,2.72843e+07
2,0,1.95,-0.730576,0,2.90095,3.21256e+07
2,0,1.95,-0.730576,0,2.90395,2.76312e+07
2,0,1.95,-0.730576,0,2.90695,2.9179e+07
2,0,1.95,-0.730576,0,2.90995,2.86881e+07
2,0,1.95,-0.730576,0,2.91296,2.9361e+07
2,0,1.95,-0.730576,0,2.91596,2.90949e+07
2,0,1.95,-0.730576,0,2.91896,2.65745e+07
2,0,1.95,-0.730576,0,2.92196,2.61951e+07
2,0,1.95,-0.730576,0,2.92496,2.91359e+07
2,0,1.95,-0.730576,0,2.92796,2.98843e+07
2,0,1.95,-0.730576,0,2.93097,3.05898e+07
2,0,1.95,-0.730576,0,2.93397,3.05313e+07
2,0,1.95,-0.730576,0,2.93697,3.01259e+07
2,0,1.95,-0.730576,0,2.93997,2.74165e+07
2,0,1.95,-0.730576,0,2.94297,2.52778e+07
2,0,1.95,-0.730576,0,2.94597,3.09006e+07
2,0,1.95,-0.730576,0,2.94897,2.81515e+07
2,0,1.95,-0.730576,0,2.95198,2.81656e+07
2,0,1.95,-0.730576,0,2.95498,2.86419e+07
2,0,1.95,-0.730576,0,2.95798,2.88708e+07
2,0,1.95,-0.730576,0,2.96098,3.26973e+07
2,0,1.95,-0.730576,0,2.96398,2.93367e+07
2,0,1.95,-0.730576,0,2.96698,2.95474e+07
2,0,1.95,-0.730576,0,2.96998,2.5334e+07
2,0,1.95,-0.730576,0,2.97299,3.25918e+07
2,0,1.95,-0.730576,0,2.97599,2.58792e+07
2,0,1.95,-0.730576,0,2.97899,2.6067e+07
2,0,1.95,-0.730576,0,2.98199,3.20346e+07
2,0,1.95,-0.730576,0,2.98499,2.65387e+07
2,0,1.95,-0.730576,0,2.98799,2.69115e+07
2,0,1.95,-0.730576,0,2.991,3.1475e+07
2,0,1.95,-0.730576,0,2.994,2.70869e+07
2,0,1.95,-0.730576,0,2.997,2.70026e+07
2,0,1.95,-0.730576,0,3,2.77311e+07

