2,1.65,0,-0.95,12.7122
2,1.65,0,-0.947581,12.1569
2,1.65,0,-0.945163,11.6509
2,1.65,0,-0.942744,11.1878
2,1.65,0,-0.940325,10.7625
2,1.65,0,-0.937907,10.3706
2,1.65,0,-0.935488,10.0082
2,1.65,0,-0.933069,9.67227
2,1.65,0,-0.930651,9.35995
2,1.65,0,-0.928232,9.06887
2,1.65,0,-0.925813,8.79695
2,1.65,0,-0.923394,8.54238
2,1.65,0,-0.920976,8.30357
2,1.65,0,-0.918557,8.07911
2,1.65,0,-0.916138,7.86776
2,1.65,0,-0.91372,7.66842
2,1.65,0,-0.911301,7.4801
2,1.65,0,-0.908882,7.30193
2,1.65,0,-0.906464,7.13313
2,1.65,0,-0.904045,6.97298
2,1.65,0,-0.901626,6.82084
2,1.65,0,-0.899208,6.67615
2,1.65,0,-0.896789,6.53838
2,1.65,0,-0.89437,6.40705
2,1.65,0,-0.891952,6.28173
2,1.65,0,-0.889533,6.16203
2,1.65,0,-0.887114,6.04759
2,1.65,0,-0.884696,5.93807
2,1.65,0,-0.882277,5.83318
2,1.65,0,-0.879858,5.73263
2,1.65,0,-0.87744,5.63618
2,1.65,0,-0.875021,5.54358
2,1.65,0,-0.872602,5.45461
2,1.65,0,-0.870183,5.36908
2,1.65,0,-0.867765,5.28679
2,1.65,0,-0.865346,5.20757
2,1.65,0,-0.862927,5.13126
2,1.65,0,-0.860509,5.05771
2,1.65,0,-0.85809,4.98678
2,1.65,0,-0.855671,4.91833
2,1.65,0,-0.853253,4.85226
2,1.65,0,-0.850834,4.78843
2,1.65,0,-0.848415,4.72675
2,1.65,0,-0.845997,4.66712
2,1.65,0,-0.843578,4.60943
2,1.65,0,-0.841159,4.55361
2,1.65,0,-0.838741,4.49957
2,1.65,0,-0.836322,4.44723
2,1.65,0,-0.833903,4.39652
2,1.65,0,-0.831485,4.34737
2,1.65,0,-0.829066,4.29972
2,1.65,0,-0.826647,4.2535
2,1.65,0,-0.824229,4.20865
2,1.65,0,-0.82181,4.16513
2,1.65,0,-0.819391,4.12287
2,1.65,0,-0.816972,4.08183
2,1.65,0,-0.814554,4.04196
2,1.65,0,-0.812135,4.00322
2,1.65,0,-0.809716,3.96557
2,1.65,0,-0.807298,3.92896
2,1.65,0,-0.804879,3.89336
2,1.65,0,-0.80246,3.85873
2,1.65,0,-0.800042,3.82504
2,1.65,0,-0.797623,3.79226
2,1.65,0,-0.795204,3.76035
2,1.65,0,-0.792786,3.72929
2,1.65,0,-0.790367,3.69904
2,1.65,0,-0.787948,3.66959
2,1.65,0,-0.78553,3.6409
2,1.65,0,-0.783111,3.61295
2,1.65,0,-0.780692,3.58571
2,1.65,0,-0.778274,3.55917
2,1.65,0,-0.775855,3.53331
2,1.65,0,-0.773436,3.50809
2,1.65,0,-0.771018,3.48352
2,1.65,0,-0.768599,3.45955
2,1.65,0,-0.76618,3.43618
2,1.65,0,-0.763761,3.41339
2,1.65,0,-0.761343,3.39117
2,1.65,0,-0.758924,3.36949
2,1.65,0,-0.756505,3.34835
2,1.65,0,-0.754087,3.32772
2,1.65,0,-0.751668,3.3076
2,1.65,0,-0.749249,3.28797
2,1.65,0,-0.746831,3.26882
2,1.65,0,-0.744412,3.25013
2,1.65,0,-0.741993,3.2319
2,1.65,0,-0.739575,3.21411
2,1.65,0,-0.737156,3.19675
2,1.65,0,-0.734737,3.17982
2,1.65,0,-0.732319,3.16329
2,1.65,0,-0.7299,3.14717
2,1.65,0,-0.727481,3.13144
2,1.65,0,-0.725063,3.11609
2,1.65,0,-0.722644,3.10112
2,1.65,0,-0.720225,3.08652
2,1.65,0,-0.717807,3.07228
2,1.65,0,-0.715388,3.05838
2,1.65,0,-0.712969,3.04483
2,1.65,0,-0.71055,3.03162
2,1.65,0,-0.708132,3.01874
2,1.65,0,-0.705713,3.00618
2,1.65,0,-0.703294,2.99394
2,1.65,0,-0.700876,2.98201
2,1.65,0,-0.698457,2.97038
2,1.65,0,-0.696038,2.95906
2,1.65,0,-0.69362,2.94802
2,1.65,0,-0.691201,2.93728
2,1.65,0,-0.688782,2.92682
2,1.65,0,-0.686364,2.91665
2,1.65,0,-0.683945,2.90674
2,1.65,0,-0.681526,2.89711
2,1.65,0,-0.679108,2.88774
2,1.65,0,-0.676689,2.87863
2,1.65,0,-0.67427,2.86979
2,1.65,0,-0.671852,2.86119
2,1.65,0,-0.669433,2.85285
2,1.65,0,-0.667014,2.84476
2,1.65,0,-0.664595,2.8369
2,1.65,0,-0.662177,2.82929
2,1.65,0,-0.659758,2.82192
2,1.65,0,-0.657339,2.81478
2,1.65,0,-0.654921,2.80788
2,1.65,0,-0.652502,2.8012
2,1.65,0,-0.650083,2.79475
2,1.65,0,-0.647665,2.78853
2,1.65,0,-0.645246,2.78252
2,1.65,0,-0.642827,2.77674
2,1.65,0,-0.640409,2.77118
2,1.65,0,-0.63799,2.76583
2,1.65,0,-0.635571,2.7607
2,1.65,0,-0.633153,2.75578
2,1.65,0,-0.630734,2.75107
2,1.65,0,-0.628315,2.74657
2,1.65,0,-0.625897,2.74229
2,1.65,0,-0.623478,2.73821
2,1.65,0,-0.621059,2.73433
2,1.65,0,-0.618641,2.73066
2,1.65,0,-0.616222,2.7272
2,1.65,0,-0.613803,2.72394
2,1.65,0,-0.611384,2.72089
2,1.65,0,-0.608966,2.71803
2,1.65,0,-0.606547,2.71538
2,1.65,0,-0.604128,2.71294
2,1.65,0,-0.60171,2.71069
2,1.65,0,-0.599291,2.70865
2,1.65,0,-0.596872,2.70681
2,1.65,0,-0.594454,2.70517
2,1.65,0,-0.592035,2.70373
2,1.65,0,-0.589616,2.7025
2,1.65,0,-0.587198,2.70147
2,1.65,0,-0.584779,2.70065
2,1.65,0,-0.58236,2.70003
2,1.65,0,-0.579942,2.69962
2,1.65,0,-0.577523,2.69941
2,1.65,0,-0.575104,2.69942
2,1.65,0,-0.572686,2.69963
2,1.65,0,-0.570267,2.70006
2,1.65,0,-0.567848,2.7007
2,1.65,0,-0.56543,2.70156
2,1.65,0,-0.563011,2.70263
2,1.65,0,-0.560592,2.70393
2,1.65,0,-0.558173,2.70544
2,1.65,0,-0.555755,2.70718
2,1.65,0,-0.553336,2.70915
2,1.65,0,-0.550917,2.71136
2,1.65,0,-0.548499,2.71379
2,1.65,0,-0.54608,2.71647
2,1.65,0,-0.543661,2.71939
2,1.65,0,-0.541243,2.72255
2,1.65,0,-0.538824,2.72597
2,1.65,0,-0.536405,2.72964
2,1.65,0,-0.533987,2.73357
2,1.65,0,-0.531568,2.73777
2,1.65,0,-0.529149,2.74225
2,1.65,0,-0.526731,2.747
2,1.65,0,-0.524312,2.75204
2,1.65,0,-0.521893,2.75738
2,1.65,0,-0.519475,2.76301
2,1.65,0,-0.517056,2.76896
2,1.65,0,-0.514637,2.77523
2,1.65,0,-0.512219,2.78183
2,1.65,0,-0.5098,2.78877
2,1.65,0,-0.507381,2.79606
2,1.65,0,-0.504962,2.80372
2,1.65,0,-0.502544,2.81176
2,1.65,0,-0.500125,2.82019
2,1.65,0,-0.497706,2.82903
2,1.65,0,-0.495288,2.83831
2,1.65,0,-0.492869,2.84803
2,1.65,0,-0.49045,2.85823
2,1.65,0,-0.488032,2.86892
2,1.65,0,-0.485613,2.88013
2,1.65,0,-0.483194,2.89189
2,1.65,0,-0.480776,2.90424
2,1.65,0,-0.478357,2.9172
2,1.65,0,-0.475938,2.93084
2,1.65,0,-0.47352,2.94518
2,1.65,0,-0.471101,2.96028
2,1.65,0,-0.468682,2.97622
2,1.65,0,-0.466264,2.99305
2,1.65,0,-0.463845,3.01086
2,1.65,0,-0.461426,3.02976
2,1.65,0,-0.459008,3.04987
2,1.65,0,-0.456589,3.07132
2,1.65,0,-0.45417,3.09429
2,1.65,0,-0.451751,3.11903
2,1.65,0,-0.449333,3.1458
2,1.65,0,-0.446914,3.175
2,1.65,0,-0.444495,3.20715
2,1.65,0,-0.442077,3.24299
2,1.65,0,-0.439658,3.28367
2,1.65,0,-0.437239,3.33105
2,1.65,0,-0.434821,3.38858
2,1.65,0,-0.432402,3.46413
2,1.65,0,-0.429983,3.58569
2,1.65,0,-0.427565,47.5839
2,1.65,0,-0.425146,41.9551
2,1.65,0,-0.422727,39.6093
2,1.65,0,-0.420309,38.0965
2,1.65,0,-0.41789,36.9761
2,1.65,0,-0.415471,36.0855
2,1.65,0,-0.413053,35.3463
2,1.65,0,-0.410634,34.7143
2,1.65,0,-0.408215,34.1625
2,1.65,0,-0.405796,33.673
2,1.65,0,-0.403378,33.2332
2,1.65,0,-0.400959,32.834
2,1.65,0,-0.39854,32.4688
2,1.65,0,-0.396122,32.1322
2,1.65,0,-0.393703,31.8202
2,1.65,0,-0.391284,31.5296
2,1.65,0,-0.388866,31.2576
2,1.65,0,-0.386447,31.0022
2,1.65,0,-0.384028,30.7614
2,1.65,0,-0.38161,30.5338
2,1.65,0,-0.379191,30.3181
2,1.65,0,-0.376772,30.1131
2,1.65,0,-0.374354,29.9179
2,1.65,0,-0.371935,29.7316
2,1.65,0,-0.369516,29.5536
2,1.65,0,-0.367098,29.3831
2,1.65,0,-0.364679,29.2197
2,1.65,0,-0.36226,29.0627
2,1.65,0,-0.359842,28.9118
2,1.65,0,-0.357423,28.7665
2,1.65,0,-0.355004,28.6265
2,1.65,0,-0.352585,28.4914
2,1.65,0,-0.350167,28.361
2,1.65,0,-0.347748,28.2349
2,1.65,0,-0.345329,28.113
2,1.65,0,-0.342911,27.995
2,1.65,0,-0.340492,27.8807
2,1.65,0,-0.338073,27.7699
2,1.65,0,-0.335655,27.6624
2,1.65,0,-0.333236,27.5581
2,1.65,0,-0.330817,27.4568
2,1.65,0,-0.328399,27.3583
2,1.65,0,-0.32598,27.2627
2,1.65,0,-0.323561,27.1696
2,1.65,0,-0.321143,27.0791
2,1.65,0,-0.318724,26.991
2,1.65,0,-0.316305,26.9052
2,1.65,0,-0.313887,26.8217
2,1.65,0,-0.311468,26.7403
2,1.65,0,-0.309049,26.661
2,1.65,0,-0.306631,26.5837
2,1.65,0,-0.304212,26.5083
2,1.65,0,-0.301793,26.4348
2,1.65,0,-0.299374,26.363
2,1.65,0,-0.296956,26.293
2,1.65,0,-0.294537,26.2247
2,1.65,0,-0.292118,26.1581
2,1.65,0,-0.2897,26.093
2,1.65,0,-0.287281,26.0295
2,1.65,0,-0.284862,25.9675
2,1.65,0,-0.282444,25.907
2,1.65,0,-0.280025,25.8478
2,1.65,0,-0.277606,25.7901
2,1.65,0,-0.275188,25.7337
2,1.65,0,-0.272769,25.6787
2,1.65,0,-0.27035,25.6249
2,1.65,0,-0.267932,25.5724
2,1.65,0,-0.265513,25.5212
2,1.65,0,-0.263094,25.4711
2,1.65,0,-0.260676,25.4223
2,1.65,0,-0.258257,25.3746
2,1.65,0,-0.255838,25.3281
2,1.65,0,-0.25342,25.2827
2,1.65,0,-0.251001,25.2384
2,1.65,0,-0.248582,25.1952
2,1.65,0,-0.246163,25.1531
2,1.65,0,-0.243745,25.112
2,1.65,0,-0.241326,25.072
2,1.65,0,-0.238907,25.033
2,1.65,0,-0.236489,24.9951
2,1.65,0,-0.23407,24.9581
2,1.65,0,-0.231651,24.9222
2,1.65,0,-0.229233,24.8873
2,1.65,0,-0.226814,24.8533
2,1.65,0,-0.224395,24.8203
2,1.65,0,-0.221977,24.7884
2,1.65,0,-0.219558,24.7573
2,1.65,0,-0.217139,24.7273
2,1.65,0,-0.214721,24.6982
2,1.65,0,-0.212302,24.6701
2,1.65,0,-0.209883,24.6429
2,1.65,0,-0.207465,24.6167
2,1.65,0,-0.205046,24.5914
2,1.65,0,-0.202627,24.5671
2,1.65,0,-0.200209,24.5438
2,1.65,0,-0.19779,24.5214
2,1.65,0,-0.195371,24.5
2,1.65,0,-0.192952,24.4796
2,1.65,0,-0.190534,24.4602
2,1.65,0,-0.188115,24.4418
2,1.65,0,-0.185696,24.4244
2,1.65,0,-0.183278,24.4079
2,1.65,0,-0.180859,24.3926
2,1.65,0,-0.17844,24.3782
2,1.65,0,-0.176022,24.3649
2,1.65,0,-0.173603,24.3526
2,1.65,0,-0.171184,24.3415
2,1.65,0,-0.168766,24.3314
2,1.65,0,-0.166347,24.3225
2,1.65,0,-0.163928,24.3147
2,1.65,0,-0.16151,24.3081
2,1.65,0,-0.159091,24.3026
2,1.65,0,-0.156672,24.2984
2,1.65,0,-0.154254,24.2954
2,1.65,0,-0.151835,24.2937
2,1.65,0,-0.149416,24.2934
2,1.65,0,-0.146997,24.2943
2,1.65,0,-0.144579,24.2967
2,1.65,0,-0.14216,24.3005
2,1.65,0,-0.139741,24.3058
2,1.65,0,-0.137323,24.3126
2,1.65,0,-0.134904,24.321
2,1.65,0,-0.132485,24.3311
2,1.65,0,-0.130067,24.3428
2,1.65,0,-0.127648,24.3564
2,1.65,0,-0.125229,24.3717
2,1.65,0,-0.122811,24.389
2,1.65,0,-0.120392,24.4083
2,1.65,0,-0.117973,24.4298
2,1.65,0,-0.115555,24.4534
2,1.65,0,-0.113136,24.4793
2,1.65,0,-0.110717,24.5076
2,1.65,0,-0.108299,24.5385
2,1.65,0,-0.10588,24.5721
2,1.65,0,-0.103461,24.6086
2,1.65,0,-0.101043,24.648
2,1.65,0,-0.0986239,24.6907
2,1.65,0,-0.0962052,24.7367
2,1.65,0,-0.0937865,24.7864
2,1.65,0,-0.0913678,24.8399
2,1.65,0,-0.0889491,24.8976
2,1.65,0,-0.0865304,24.9597
2,1.65,0,-0.0841118,25.0266
2,1.65,0,-0.0816931,25.0986
2,1.65,0,-0.0792744,25.1761
2,1.65,0,-0.0768557,25.2597
2,1.65,0,-0.074437,25.3499
2,1.65,0,-0.0720183,25.4471
2,1.65,0,-0.0695997,25.5523
2,1.65,0,-0.067181,25.666
2,1.65,0,-0.0647623,25.7893
2,1.65,0,-0.0623436,25.9232
2,1.65,0,-0.0599249,26.0689
2,1.65,0,-0.0575063,26.2278
2,1.65,0,-0.0550876,26.4016
2,1.65,0,-0.0526689,26.5925
2,1.65,0,-0.0502502,26.8028
2,1.65,0,-0.0478315,27.0357
2,1.65,0,-0.0454128,27.2948
2,1.65,0,-0.0429942,27.5851
2,1.65,0,-0.0405755,27.9126
2,1.65,0,-0.0381568,28.2857
2,1.65,0,-0.0357381,28.7154
2,1.65,0,-0.0333194,29.2179
2,1.65,0,-0.0309008,29.8173
2,1.65,0,-0.0284821,30.5529
2,1.65,0,-0.0260634,31.4979
2,1.65,0,-0.0236447,32.823
2,1.65,0,-0.021226,35.2627
2,1.65,0,-0.0188073,96.1187
2,1.65,0,-0.0163887,88.6964
2,1.65,0,-0.01397,84.8643
2,1.65,0,-0.0115513,82.2867
2,1.65,0,-0.00913261,80.411
2,1.65,0,-0.00671393,79.0735
2,1.65,0,-0.00429525,78.3607
2,1.65,0,-0.00187656,79.1095
2,1.65,0,0.000542118,147.02
2,1.65,0,0.0029608,54.21
2,1.65,0,0.00537948,50.544
2,1.65,0,0.00779817,48.814
2,1.65,0,0.0102168,47.7894
2,1.65,0,0.0126355,47.1163
2,1.65,0,0.0150542,46.6483
2,1.65,0,0.0174729,46.3123
2,1.65,0,0.0198916,46.0673
2,1.65,0,0.0223103,45.8882
2,1.65,0,0.0247289,45.7587
2,1.65,0,0.0271476,45.6676
2,1.65,0,0.0295663,45.6072
2,1.65,0,0.031985,45.5716
2,1.65,0,0.0344037,45.5567
2,1.65,0,0.0368224,45.5592
2,1.65,0,0.039241,45.5765
2,1.65,0,0.0416597,45.6066
2,1.65,0,0.0440784,45.648
2,1.65,0,0.0464971,45.6995
2,1.65,0,0.0489158,45.7598
2,1.65,0,0.0513344,45.8283
2,1.65,0,0.0537531,45.9042
2,1.65,0,0.0561718,45.9869
2,1.65,0,0.0585905,46.076
2,1.65,0,0.0610092,46.171
2,1.65,0,0.0634279,46.2717
2,1.65,0,0.0658465,46.3777
2,1.65,0,0.0682652,46.4889
2,1.65,0,0.0706839,46.6051
2,1.65,0,0.0731026,46.7262
2,1.65,0,0.0755213,46.852
2,1.65,0,0.0779399,46.9825
2,1.65,0,0.0803586,47.1177
2,1.65,0,0.0827773,47.2575
2,1.65,0,0.085196,47.4019
2,1.65,0,0.0876147,47.5511
2,1.65,0,0.0900334,47.7049
2,1.65,0,0.092452,47.8636
2,1.65,0,0.0948707,48.0272
2,1.65,0,0.0972894,48.1958
2,1.65,0,0.0997081,48.3697
2,1.65,0,0.102127,48.5488
2,1.65,0,0.104545,48.7336
2,1.65,0,0.106964,48.9241
2,1.65,0,0.109383,49.1206
2,1.65,0,0.111802,49.3234
2,1.65,0,0.11422,49.5329
2,1.65,0,0.116639,49.7493
2,1.65,0,0.119058,49.9732
2,1.65,0,0.121476,50.2048
2,1.65,0,0.123895,50.4448
2,1.65,0,0.126314,50.6938
2,1.65,0,0.128732,50.9522
2,1.65,0,0.131151,51.2209
2,1.65,0,0.13357,51.5008
2,1.65,0,0.135988,51.7926
2,1.65,0,0.138407,52.0976
2,1.65,0,0.140826,52.4169
2,1.65,0,0.143244,52.7519
2,1.65,0,0.145663,53.1044
2,1.65,0,0.148082,53.4763
2,1.65,0,0.1505,53.8699
2,1.65,0,0.152919,54.288
2,1.65,0,0.155338,54.734
2,1.65,0,0.157756,55.212
2,1.65,0,0.160175,55.7273
2,1.65,0,0.162594,56.2862
2,1.65,0,0.165013,56.8975
2,1.65,0,0.167431,57.5723
2,1.65,0,0.16985,58.326
2,1.65,0,0.172269,59.1807
2,1.65,0,0.174687,60.169
2,1.65,0,0.177106,61.3429
2,1.65,0,0.179525,62.7931
2,1.65,0,0.181943,64.6995
2,1.65,0,0.184362,67.5141
2,1.65,0,0.186781,73.1811
2,1.65,0,0.189199,15.22
2,1.65,0,0.191618,14.6691
2,1.65,0,0.194037,14.3644
2,1.65,0,0.196455,14.1404
2,1.65,0,0.198874,13.959
2,1.65,0,0.201293,13.8047
2,1.65,0,0.203711,13.6696
2,1.65,0,0.20613,13.5488
2,1.65,0,0.208549,13.4392
2,1.65,0,0.210967,13.3388
2,1.65,0,0.213386,13.246
2,1.65,0,0.215805,13.1597
2,1.65,0,0.218224,13.0789
2,1.65,0,0.220642,13.003
2,1.65,0,0.223061,12.9314
2,1.65,0,0.22548,12.8636
2,1.65,0,0.227898,12.7993
2,1.65,0,0.230317,12.7381
2,1.65,0,0.232736,12.6797
2,1.65,0,0.235154,12.6239
2,1.65,0,0.237573,12.5705
2,1.65,0,0.239992,12.5193
2,1.65,0,0.24241,12.4702
2,1.65,0,0.244829,12.423
2,1.65,0,0.247248,12.3775
2,1.65,0,0.249666,12.3337
2,1.65,0,0.252085,12.2915
2,1.65,0,0.254504,12.2507
2,1.65,0,0.256922,12.2113
2,1.65,0,0.259341,12.1732
2,1.65,0,0.26176,12.1363
2,1.65,0,0.264178,12.1006
2,1.65,0,0.266597,12.066
2,1.65,0,0.269016,12.0325
2,1.65,0,0.271435,12
2,1.65,0,0.273853,11.9684
2,1.65,0,0.276272,11.9377
2,1.65,0,0.278691,11.9079
2,1.65,0,0.281109,11.879
2,1.65,0,0.283528,11.8508
2,1.65,0,0.285947,11.8234
2,1.65,0,0.288365,11.7967
2,1.65,0,0.290784,11.7707
2,1.65,0,0.293203,11.7454
2,1.65,0,0.295621,11.7208
2,1.65,0,0.29804,11.6968
2,1.65,0,0.300459,11.6734
2,1.65,0,0.302877,11.6505
2,1.65,0,0.305296,11.6283
2,1.65,0,0.307715,11.6065
2,1.65,0,0.310133,11.5853
2,1.65,0,0.312552,11.5646
2,1.65,0,0.314971,11.5444
2,1.65,0,0.317389,11.5246
2,1.65,0,0.319808,11.5053
2,1.65,0,0.322227,11.4865
2,1.65,0,0.324646,11.468
2,1.65,0,0.327064,11.45
2,1.65,0,0.329483,11.4324
2,1.65,0,0.331902,11.4152
2,1.65,0,0.33432,11.3983
2,1.65,0,0.336739,11.3818
2,1.65,0,0.339158,11.3657
2,1.65,0,0.341576,11.3499
2,1.65,0,0.343995,11.3345
2,1.65,0,0.346414,11.3193
2,1.65,0,0.348832,11.3045
2,1.65,0,0.351251,11.2901
2,1.65,0,0.35367,11.2759
2,1.65,0,0.356088,11.262
2,1.65,0,0.358507,11.2483
2,1.65,0,0.360926,11.235
2,1.65,0,0.363344,11.2219
2,1.65,0,0.365763,11.2091
2,1.65,0,0.368182,11.1966
2,1.65,0,0.370601,11.1843
2,1.65,0,0.373019,11.1722
2,1.65,0,0.375438,11.1604
2,1.65,0,0.377857,11.1488
2,1.65,0,0.380275,11.1374
2,1.65,0,0.382694,11.1263
2,1.65,0,0.385113,11.1154
2,1.65,0,0.387531,11.1047
2,1.65,0,0.38995,11.0942
2,1.65,0,0.392369,11.0839
2,1.65,0,0.394787,11.0738
2,1.65,0,0.397206,11.0638
2,1.65,0,0.399625,11.0541
2,1.65,0,0.402043,11.0446
2,1.65,0,0.404462,11.0352
2,1.65,0,0.406881,11.026
2,1.65,0,0.409299,11.017
2,1.65,0,0.411718,11.0081
2,1.65,0,0.414137,10.9995
2,1.65,0,0.416555,10.9909
2,1.65,0,0.418974,10.9826
2,1.65,0,0.421393,10.9744
2,1.65,0,0.423812,10.9663
2,1.65,0,0.42623,10.9584
2,1.65,0,0.428649,10.9506
2,1.65,0,0.431068,10.943
2,1.65,0,0.433486,10.9355
2,1.65,0,0.435905,10.9282
2,1.65,0,0.438324,10.921
2,1.65,0,0.440742,10.9139
2,1.65,0,0.443161,10.9069
2,1.65,0,0.44558,10.9001
2,1.65,0,0.447998,10.8934
2,1.65,0,0.450417,10.8868
2,1.65,0,0.452836,10.8804
2,1.65,0,0.455254,10.874
2,1.65,0,0.457673,10.8678
2,1.65,0,0.460092,10.8617
2,1.65,0,0.46251,10.8557
2,1.65,0,0.464929,10.8498
2,1.65,0,0.467348,10.844
2,1.65,0,0.469766,10.8383
2,1.65,0,0.472185,10.8327
2,1.65,0,0.474604,10.8272
2,1.65,0,0.477023,10.8218
2,1.65,0,0.479441,10.8165
2,1.65,0,0.48186,10.8114
2,1.65,0,0.484279,10.8063
2,1.65,0,0.486697,10.8013
2,1.65,0,0.489116,10.7963
2,1.65,0,0.491535,10.7915
2,1.65,0,0.493953,10.7868
2,1.65,0,0.496372,10.7821
2,1.65,0,0.498791,10.7776
2,1.65,0,0.501209,10.7731
2,1.65,0,0.503628,10.7687
2,1.65,0,0.506047,10.7644
2,1.65,0,0.508465,10.7601
2,1.65,0,0.510884,10.756
2,1.65,0,0.513303,10.7519
2,1.65,0,0.515721,10.7479
2,1.65,0,0.51814,10.7439
2,1.65,0,0.520559,10.7401
2,1.65,0,0.522977,10.7363
2,1.65,0,0.525396,10.7325
2,1.65,0,0.527815,10.7289
2,1.65,0,0.530234,10.7253
2,1.65,0,0.532652,10.7218
2,1.65,0,0.535071,10.7183
2,1.65,0,0.53749,10.715
2,1.65,0,0.539908,10.7116
2,1.65,0,0.542327,10.7084
2,1.65,0,0.544746,10.7052
2,1.65,0,0.547164,10.702
2,1.65,0,0.549583,10.699
2,1.65,0,0.552002,10.696
2,1.65,0,0.55442,10.693
2,1.65,0,0.556839,10.6901
2,1.65,0,0.559258,10.6873
2,1.65,0,0.561676,10.6845
2,1.65,0,0.564095,10.6817
2,1.65,0,0.566514,10.6791
2,1.65,0,0.568932,10.6764
2,1.65,0,0.571351,10.6739
2,1.65,0,0.57377,10.6714
2,1.65,0,0.576188,10.6689
2,1.65,0,0.578607,10.6665
2,1.65,0,0.581026,10.6641
2,1.65,0,0.583445,10.6618
2,1.65,0,0.585863,10.6595
2,1.65,0,0.588282,10.6573
2,1.65,0,0.590701,10.6551
2,1.65,0,0.593119,10.653
2,1.65,0,0.595538,10.6509
2,1.65,0,0.597957,10.6489
2,1.65,0,0.600375,10.6469
2,1.65,0,0.602794,10.6449
2,1.65,0,0.605213,10.643
2,1.65,0,0.607631,10.6412
2,1.65,0,0.61005,10.6393
2,1.65,0,0.612469,10.6376
2,1.65,0,0.614887,10.6358
2,1.65,0,0.617306,10.6341
2,1.65,0,0.619725,10.6325
2,1.65,0,0.622143,10.6308
2,1.65,0,0.624562,10.6293
2,1.65,0,0.626981,10.6277
2,1.65,0,0.629399,10.6262
2,1.65,0,0.631818,10.6247
2,1.65,0,0.634237,10.6233
2,1.65,0,0.636656,10.6219
2,1.65,0,0.639074,10.6205
2,1.65,0,0.641493,10.6192
2,1.65,0,0.643912,10.6179
2,1.65,0,0.64633,10.6167
2,1.65,0,0.648749,10.6155
2,1.65,0,0.651168,10.6143
2,1.65,0,0.653586,10.6131
2,1.65,0,0.656005,10.612
2,1.65,0,0.658424,10.6109
2,1.65,0,0.660842,10.6098
2,1.65,0,0.663261,10.6088
2,1.65,0,0.66568,10.6078
2,1.65,0,0.668098,10.6068
2,1.65,0,0.670517,10.6059
2,1.65,0,0.672936,10.605
2,1.65,0,0.675354,10.6041
2,1.65,0,0.677773,10.6033
2,1.65,0,0.680192,10.6024
2,1.65,0,0.682611,10.6017
2,1.65,0,0.685029,10.6009
2,1.65,0,0.687448,10.6002
2,1.65,0,0.689867,10.5994
2,1.65,0,0.692285,10.5988
2,1.65,0,0.694704,10.5981
2,1.65,0,0.697123,10.5975
2,1.65,0,0.699541,10.5969
2,1.65,0,0.70196,10.5963
2,1.65,0,0.704379,10.5957
2,1.65,0,0.706797,10.5952
2,1.65,0,0.709216,10.5947
2,1.65,0,0.711635,10.5942
2,1.65,0,0.714053,10.5938
2,1.65,0,0.716472,10.5933
2,1.65,0,0.718891,10.5929
2,1.65,0,0.721309,10.5926
2,1.65,0,0.723728,10.5922
2,1.65,0,0.726147,10.5919
2,1.65,0,0.728565,10.5915
2,1.65,0,0.730984,10.5912
2,1.65,0,0.733403,10.591
2,1.65,0,0.735822,10.5907
2,1.65,0,0.73824,10.5905
2,1.65,0,0.740659,10.5903
2,1.65,0,0.743078,10.5901
2,1.65,0,0.745496,10.5899
2,1.65,0,0.747915,10.5898
2,1.65,0,0.750334,10.5897
2,1.65,0,0.752752,10.5896
2,1.65,0,0.755171,10.5895
2,1.65,0,0.75759,10.5894
2,1.65,0,0.760008,10.5894
2,1.65,0,0.762427,10.5893
2,1.65,0,0.764846,10.5893
2,1.65,0,0.767264,10.5893
2,1.65,0,0.769683,10.5894
2,1.65,0,0.772102,10.5894
2,1.65,0,0.77452,10.5895
2,1.65,0,0.776939,10.5895
2,1.65,0,0.779358,10.5896
2,1.65,0,0.781776,10.5898
2,1.65,0,0.784195,10.5899
2,1.65,0,0.786614,10.59
2,1.65,0,0.789033,10.5902
2,1.65,0,0.791451,10.5904
2,1.65,0,0.79387,10.5906
2,1.65,0,0.796289,10.5908
2,1.65,0,0.798707,10.5911
2,1.65,0,0.801126,10.5913
2,1.65,0,0.803545,10.5916
2,1.65,0,0.805963,10.5918
2,1.65,0,0.808382,10.5921
2,1.65,0,0.810801,10.5925
2,1.65,0,0.813219,10.5928
2,1.65,0,0.815638,10.5931
2,1.65,0,0.818057,10.5935
2,1.65,0,0.820475,10.5938
2,1.65,0,0.822894,10.5942
2,1.65,0,0.825313,10.5946
2,1.65,0,0.827731,10.595
2,1.65,0,0.83015,10.5955
2,1.65,0,0.832569,10.5959
2,1.65,0,0.834987,10.5964
2,1.65,0,0.837406,10.5968
2,1.65,0,0.839825,10.5973
2,1.65,0,0.842244,10.5978
2,1.65,0,0.844662,10.5983
2,1.65,0,0.847081,10.5988
2,1.65,0,0.8495,10.5994
2,1.65,0,0.851918,10.5999
2,1.65,0,0.854337,10.6005
2,1.65,0,0.856756,10.601
2,1.65,0,0.859174,10.6016
2,1.65,0,0.861593,10.6022
2,1.65,0,0.864012,10.6028
2,1.65,0,0.86643,10.6034
2,1.65,0,0.868849,10.6041
2,1.65,0,0.871268,10.6047
2,1.65,0,0.873686,10.6054
2,1.65,0,0.876105,10.606
2,1.65,0,0.878524,10.6067
2,1.65,0,0.880942,10.6074
2,1.65,0,0.883361,10.6081
2,1.65,0,0.88578,10.6088
2,1.65,0,0.888198,10.6095
2,1.65,0,0.890617,10.6102
2,1.65,0,0.893036,10.611
2,1.65,0,0.895455,10.6117
2,1.65,0,0.897873,10.6125
2,1.65,0,0.900292,10.6133
2,1.65,0,0.902711,10.6141
2,1.65,0,0.905129,10.6148
2,1.65,0,0.907548,10.6156
2,1.65,0,0.909967,10.6165
2,1.65,0,0.912385,10.6173
2,1.65,0,0.914804,10.6181
2,1.65,0,0.917223,10.619
2,1.65,0,0.919641,10.6198
2,1.65,0,0.92206,10.6207
2,1.65,0,0.924479,10.6215
2,1.65,0,0.926897,10.6224
2,1.65,0,0.929316,10.6233
2,1.65,0,0.931735,10.6242
2,1.65,0,0.934153,10.6251
2,1.65,0,0.936572,10.626
2,1.65,0,0.938991,10.6269
2,1.65,0,0.94141,10.6279
2,1.65,0,0.943828,10.6288
2,1.65,0,0.946247,10.6297
2,1.65,0,0.948666,10.6307
2,1.65,0,0.951084,10.6317
2,1.65,0,0.953503,10.6326
2,1.65,0,0.955922,10.6336
2,1.65,0,0.95834,10.6346
2,1.65,0,0.960759,10.6356
2,1.65,0,0.963178,10.6366
2,1.65,0,0.965596,10.6376
2,1.65,0,0.968015,10.6386
2,1.65,0,0.970434,10.6397
2,1.65,0,0.972852,10.6407
2,1.65,0,0.975271,10.6417
2,1.65,0,0.97769,10.6428
2,1.65,0,0.980108,10.6438
2,1.65,0,0.982527,10.6449
2,1.65,0,0.984946,10.646
2,1.65,0,0.987364,10.6471
2,1.65,0,0.989783,10.6481
2,1.65,0,0.992202,10.6492
2,1.65,0,0.994621,10.6503
2,1.65,0,0.997039,10.6514
2,1.65,0,0.999458,10.6526
2,1.65,0,1.00188,10.6537
2,1.65,0,1.0043,10.6548
2,1.65,0,1.00671,10.6559
2,1.65,0,1.00913,10.6571
2,1.65,0,1.01155,10.6582
2,1.65,0,1.01397,10.6594
2,1.65,0,1.01639,10.6605
2,1.65,0,1.01881,10.6617
2,1.65,0,1.02123,10.6629
2,1.65,0,1.02364,10.664
2,1.65,0,1.02606,10.6652
2,1.65,0,1.02848,10.6664
2,1.65,0,1.0309,10.6676
2,1.65,0,1.03332,10.6688
2,1.65,0,1.03574,10.67
2,1.65,0,1.03816,10.6712
2,1.65,0,1.04058,10.6724
2,1.65,0,1.04299,10.6737
2,1.65,0,1.04541,10.6749
2,1.65,0,1.04783,10.6761
2,1.65,0,1.05025,10.6774
2,1.65,0,1.05267,10.6786
2,1.65,0,1.05509,10.6799
2,1.65,0,1.05751,10.6811
2,1.65,0,1.05992,10.6824
2,1.65,0,1.06234,10.6836
2,1.65,0,1.06476,10.6849
2,1.65,0,1.06718,10.6862
2,1.65,0,1.0696,10.6875
2,1.65,0,1.07202,10.6888
2,1.65,0,1.07444,10.69
2,1.65,0,1.07686,10.6913
2,1.65,0,1.07927,10.6926
2,1.65,0,1.08169,10.6939
2,1.65,0,1.08411,10.6953
2,1.65,0,1.08653,10.6966
2,1.65,0,1.08895,10.6979
2,1.65,0,1.09137,10.6992
2,1.65,0,1.09379,10.7005
2,1.65,0,1.09621,10.7019
2,1.65,0,1.09862,10.7032
2,1.65,0,1.10104,10.7046
2,1.65,0,1.10346,10.7059
2,1.65,0,1.10588,10.7073
2,1.65,0,1.1083,10.7086
2,1.65,0,1.11072,10.71
2,1.65,0,1.11314,10.7113
2,1.65,0,1.11555,10.7127
2,1.65,0,1.11797,10.7141
2,1.65,0,1.12039,10.7155
2,1.65,0,1.12281,10.7168
2,1.65,0,1.12523,10.7182
2,1.65,0,1.12765,10.7196
2,1.65,0,1.13007,10.721
2,1.65,0,1.13249,10.7224
2,1.65,0,1.1349,10.7238
2,1.65,0,1.13732,10.7252
2,1.65,0,1.13974,10.7266
2,1.65,0,1.14216,10.728
2,1.65,0,1.14458,10.7294
2,1.65,0,1.147,10.7309
2,1.65,0,1.14942,10.7323
2,1.65,0,1.15183,10.7337
2,1.65,0,1.15425,10.7351
2,1.65,0,1.15667,10.7366
2,1.65,0,1.15909,10.738
2,1.65,0,1.16151,10.7394
2,1.65,0,1.16393,10.7409
2,1.65,0,1.16635,10.7423
2,1.65,0,1.16877,10.7438
2,1.65,0,1.17118,10.7452
2,1.65,0,1.1736,10.7467
2,1.65,0,1.17602,10.7482
2,1.65,0,1.17844,10.7496
2,1.65,0,1.18086,10.7511
2,1.65,0,1.18328,10.7526
2,1.65,0,1.1857,10.754
2,1.65,0,1.18812,10.7555
2,1.65,0,1.19053,10.757
2,1.65,0,1.19295,10.7585
2,1.65,0,1.19537,10.76
2,1.65,0,1.19779,10.7614
2,1.65,0,1.20021,10.7629
2,1.65,0,1.20263,10.7644
2,1.65,0,1.20505,10.7659
2,1.65,0,1.20746,10.7674
2,1.65,0,1.20988,10.7689
2,1.65,0,1.2123,10.7704
2,1.65,0,1.21472,10.7719
2,1.65,0,1.21714,10.7735
2,1.65,0,1.21956,10.775
2,1.65,0,1.22198,10.7765
2,1.65,0,1.2244,10.778
2,1.65,0,1.22681,10.7795
2,1.65,0,1.22923,10.781
2,1.65,0,1.23165,10.7826
2,1.65,0,1.23407,10.7841
2,1.65,0,1.23649,10.7856
2,1.65,0,1.23891,10.7872
2,1.65,0,1.24133,10.7887
2,1.65,0,1.24374,10.7902
2,1.65,0,1.24616,10.7918
2,1.65,0,1.24858,10.7933
2,1.65,0,1.251,10.7949
2,1.65,0,1.25342,10.7964
2,1.65,0,1.25584,10.798
2,1.65,0,1.25826,10.7995
2,1.65,0,1.26068,10.8011
2,1.65,0,1.26309,10.8026
2,1.65,0,1.26551,10.8042
2,1.65,0,1.26793,10.8058
2,1.65,0,1.27035,10.8073
2,1.65,0,1.27277,10.8089
2,1.65,0,1.27519,10.8105
2,1.65,0,1.27761,10.812
2,1.65,0,1.28003,10.8136
2,1.65,0,1.28244,10.8152
2,1.65,0,1.28486,10.8168
2,1.65,0,1.28728,10.8183
2,1.65,0,1.2897,10.8199
2,1.65,0,1.29212,10.8215
2,1.65,0,1.29454,10.8231
2,1.65,0,1.29696,10.8247
2,1.65,0,1.29937,10.8263
2,1.65,0,1.30179,10.8279
2,1.65,0,1.30421,10.8295
2,1.65,0,1.30663,10.831
2,1.65,0,1.30905,10.8326
2,1.65,0,1.31147,10.8342
2,1.65,0,1.31389,10.8358
2,1.65,0,1.31631,10.8374
2,1.65,0,1.31872,10.839
2,1.65,0,1.32114,10.8407
2,1.65,0,1.32356,10.8423
2,1.65,0,1.32598,10.8439
2,1.65,0,1.3284,10.8455
2,1.65,0,1.33082,10.8471
2,1.65,0,1.33324,10.8487
2,1.65,0,1.33565,10.8503
2,1.65,0,1.33807,10.8519
2,1.65,0,1.34049,10.8536
2,1.65,0,1.34291,10.8552
2,1.65,0,1.34533,10.8568
2,1.65,0,1.34775,10.8584
2,1.65,0,1.35017,10.86
2,1.65,0,1.35259,10.8617
2,1.65,0,1.355,10.8633
2,1.65,0,1.35742,10.8649
2,1.65,0,1.35984,10.8666
2,1.65,0,1.36226,10.8682
2,1.65,0,1.36468,10.8698
2,1.65,0,1.3671,10.8715
2,1.65,0,1.36952,10.8731
2,1.65,0,1.37193,10.8747
2,1.65,0,1.37435,10.8764
2,1.65,0,1.37677,10.878
2,1.65,0,1.37919,10.8797
2,1.65,0,1.38161,10.8813
2,1.65,0,1.38403,10.8829
2,1.65,0,1.38645,10.8846
2,1.65,0,1.38887,10.8862
2,1.65,0,1.39128,10.8879
2,1.65,0,1.3937,10.8895
2,1.65,0,1.39612,10.8912
2,1.65,0,1.39854,10.8928
2,1.65,0,1.40096,10.8945
2,1.65,0,1.40338,10.8961
2,1.65,0,1.4058,10.8978
2,1.65,0,1.40822,10.8995
2,1.65,0,1.41063,10.9011
2,1.65,0,1.41305,10.9028
2,1.65,0,1.41547,10.9044
2,1.65,0,1.41789,10.9061
2,1.65,0,1.42031,10.9078
2,1.65,0,1.42273,10.9094
2,1.65,0,1.42515,10.9111
2,1.65,0,1.42756,10.9127
2,1.65,0,1.42998,10.9144
2,1.65,0,1.4324,10.9161
2,1.65,0,1.43482,10.9178
2,1.65,0,1.43724,10.9194
2,1.65,0,1.43966,10.9211
2,1.65,0,1.44208,10.9228
2,1.65,0,1.4445,10.9244
2,1.65,0,1.44691,10.9261
2,1.65,0,1.44933,10.9278
2,1.65,0,1.45175,10.9295
2,1.65,0,1.45417,10.9311
2,1.65,0,1.45659,10.9328
2,1.65,0,1.45901,10.9345
2,1.65,0,1.46143,10.9362
2,1.65,0,1.46384,10.9378
2,1.65,0,1.46626,10.9395
2,1.65,0,1.46868,10.9412
2,1.65,0,1.4711,10.9429
2,1.65,0,1.47352,10.9446
2,1.65,0,1.47594,10.9463
2,1.65,0,1.47836,10.9479
2,1.65,0,1.48078,10.9496
2,1.65,0,1.48319,10.9513
2,1.65,0,1.48561,10.953
2,1.65,0,1.48803,10.9547
2,1.65,0,1.49045,10.9564
2,1.65,0,1.49287,10.9581
2,1.65,0,1.49529,10.9597
2,1.65,0,1.49771,10.9614
2,1.65,0,1.50013,10.9631
2,1.65,0,1.50254,10.9648
2,1.65,0,1.50496,10.9665
2,1.65,0,1.50738,10.9682
2,1.65,0,1.5098,10.9699
2,1.65,0,1.51222,10.9716
2,1.65,0,1.51464,10.9733
2,1.65,0,1.51706,10.975
2,1.65,0,1.51947,10.9767
2,1.65,0,1.52189,10.9784
2,1.65,0,1.52431,10.9801
2,1.65,0,1.52673,10.9818
2,1.65,0,1.52915,10.9835
2,1.65,0,1.53157,10.9852
2,1.65,0,1.53399,10.9869
2,1.65,0,1.53641,10.9886
2,1.65,0,1.53882,10.9903
2,1.65,0,1.54124,10.992
2,1.65,0,1.54366,10.9937
2,1.65,0,1.54608,10.9954
2,1.65,0,1.5485,10.9971
2,1.65,0,1.55092,10.9988
2,1.65,0,1.55334,11.0005
2,1.65,0,1.55575,11.0022
2,1.65,0,1.55817,11.0039
2,1.65,0,1.56059,11.0056
2,1.65,0,1.56301,11.0073
2,1.65,0,1.56543,11.009
2,1.65,0,1.56785,11.0107
2,1.65,0,1.57027,11.0124
2,1.65,0,1.57269,11.0141
2,1.65,0,1.5751,11.0158
2,1.65,0,1.57752,11.0175
2,1.65,0,1.57994,11.0192
2,1.65,0,1.58236,11.0209
2,1.65,0,1.58478,11.0227
2,1.65,0,1.5872,11.0244
2,1.65,0,1.58962,11.0261
2,1.65,0,1.59204,11.0278
2,1.65,0,1.59445,11.0295
2,1.65,0,1.59687,11.0312
2,1.65,0,1.59929,11.0329
2,1.65,0,1.60171,11.0346
2,1.65,0,1.60413,11.0363
2,1.65,0,1.60655,11.038
2,1.65,0,1.60897,11.0398
2,1.65,0,1.61138,11.0415
2,1.65,0,1.6138,11.0432
2,1.65,0,1.61622,11.0449
2,1.65,0,1.61864,11.0466
2,1.65,0,1.62106,11.0483
2,1.65,0,1.62348,11.05
2,1.65,0,1.6259,11.0517
2,1.65,0,1.62832,11.0535
2,1.65,0,1.63073,11.0552
2,1.65,0,1.63315,11.0569
2,1.65,0,1.63557,11.0586
2,1.65,0,1.63799,11.0603
2,1.65,0,1.64041,11.062
2,1.65,0,1.64283,11.0637
2,1.65,0,1.64525,11.0655
2,1.65,0,1.64766,11.0672
2,1.65,0,1.65008,11.0689
2,1.65,0,1.6525,11.0706
2,1.65,0,1.65492,11.0723
2,1.65,0,1.65734,11.074
2,1.65,0,1.65976,11.0758
2,1.65,0,1.66218,11.0775
2,1.65,0,1.6646,11.0792
2,1.65,0,1.66701,11.0809
2,1.65,0,1.66943,11.0826
2,1.65,0,1.67185,11.0843
2,1.65,0,1.67427,11.0861
2,1.65,0,1.67669,11.0878
2,1.65,0,1.67911,11.0895
2,1.65,0,1.68153,11.0912
2,1.65,0,1.68394,11.0929
2,1.65,0,1.68636,11.0946
2,1.65,0,1.68878,11.0964
2,1.65,0,1.6912,11.0981
2,1.65,0,1.69362,11.0998
2,1.65,0,1.69604,11.1015
2,1.65,0,1.69846,11.1032
2,1.65,0,1.70088,11.105
2,1.65,0,1.70329,11.1067
2,1.65,0,1.70571,11.1084
2,1.65,0,1.70813,11.1101
2,1.65,0,1.71055,11.1118
2,1.65,0,1.71297,11.1135
2,1.65,0,1.71539,11.1153
2,1.65,0,1.71781,11.117
2,1.65,0,1.72023,11.1187
2,1.65,0,1.72264,11.1204
2,1.65,0,1.72506,11.1221
2,1.65,0,1.72748,11.1239
2,1.65,0,1.7299,11.1256
2,1.65,0,1.73232,11.1273
2,1.65,0,1.73474,11.129
2,1.65,0,1.73716,11.1307
2,1.65,0,1.73957,11.1324
2,1.65,0,1.74199,11.1342
2,1.65,0,1.74441,11.1359
2,1.65,0,1.74683,11.1376
2,1.65,0,1.74925,11.1393
2,1.65,0,1.75167,11.141
2,1.65,0,1.75409,11.1427
2,1.65,0,1.75651,11.1445
2,1.65,0,1.75892,11.1462
2,1.65,0,1.76134,11.1479
2,1.65,0,1.76376,11.1496
2,1.65,0,1.76618,11.1513
2,1.65,0,1.7686,11.1531
2,1.65,0,1.77102,11.1548
2,1.65,0,1.77344,11.1565
2,1.65,0,1.77585,11.1582
2,1.65,0,1.77827,11.1599
2,1.65,0,1.78069,11.1616
2,1.65,0,1.78311,11.1634
2,1.65,0,1.78553,11.1651
2,1.65,0,1.78795,11.1668
2,1.65,0,1.79037,11.1685
2,1.65,0,1.79279,11.1702
2,1.65,0,1.7952,11.1719
2,1.65,0,1.79762,11.1736
2,1.65,0,1.80004,11.1754
2,1.65,0,1.80246,11.1771
2,1.65,0,1.80488,11.1788
2,1.65,0,1.8073,11.1805
2,1.65,0,1.80972,11.1822
2,1.65,0,1.81214,11.1839
2,1.65,0,1.81455,11.1857
2,1.65,0,1.81697,11.1874
2,1.65,0,1.81939,11.1891
2,1.65,0,1.82181,11.1908
2,1.65,0,1.82423,11.1925
2,1.65,0,1.82665,11.1942
2,1.65,0,1.82907,11.1959
2,1.65,0,1.83148,11.1977
2,1.65,0,1.8339,11.1994
2,1.65,0,1.83632,11.2011
2,1.65,0,1.83874,11.2028
2,1.65,0,1.84116,11.2045
2,1.65,0,1.84358,11.2062
2,1.65,0,1.846,11.2079
2,1.65,0,1.84842,11.2096
2,1.65,0,1.85083,11.2114
2,1.65,0,1.85325,11.2131
2,1.65,0,1.85567,11.2148
2,1.65,0,1.85809,11.2165
2,1.65,0,1.86051,11.2182
2,1.65,0,1.86293,11.2199
2,1.65,0,1.86535,11.2216
2,1.65,0,1.86776,11.2233
2,1.65,0,1.87018,11.225
2,1.65,0,1.8726,11.2267
2,1.65,0,1.87502,11.2285
2,1.65,0,1.87744,11.2302
2,1.65,0,1.87986,11.2319
2,1.65,0,1.88228,11.2336
2,1.65,0,1.8847,11.2353
2,1.65,0,1.88711,11.237
2,1.65,0,1.88953,11.2387
2,1.65,0,1.89195,11.2404
2,1.65,0,1.89437,11.2421
2,1.65,0,1.89679,11.2438
2,1.65,0,1.89921,11.2455
2,1.65,0,1.90163,11.2472
2,1.65,0,1.90405,11.2489
2,1.65,0,1.90646,11.2507
2,1.65,0,1.90888,11.2524
2,1.65,0,1.9113,11.2541
2,1.65,0,1.91372,11.2558
2,1.65,0,1.91614,11.2575
2,1.65,0,1.91856,11.2592
2,1.65,0,1.92098,11.2609
2,1.65,0,1.92339,11.2626
2,1.65,0,1.92581,11.2643
2,1.65,0,1.92823,11.266
2,1.65,0,1.93065,11.2677
2,1.65,0,1.93307,11.2694
2,1.65,0,1.93549,11.2711
2,1.65,0,1.93791,11.2728
2,1.65,0,1.94033,11.2745
2,1.65,0,1.94274,11.2762
2,1.65,0,1.94516,11.2779
2,1.65,0,1.94758,11.2796
2,1.65,0,1.95,11.2813
2,1.65,0,-0.361958,29.0435
2,1.65,0,-0.361353,29.0054
2,1.65,0,-0.360749,28.9677
2,1.65,0,-0.360144,28.9303
2,1.65,0,-0.359539,28.8933
2,1.65,0,-0.358935,28.8566
2,1.65,0,-0.35833,28.8203
2,1.65,0,-0.357725,28.7843
2,1.65,0,-0.357121,28.7487
2,1.65,0,-0.356516,28.7134
2,1.65,0,-0.355911,28.6784
2,1.65,0,-0.355307,28.6437
2,1.65,0,-0.354702,28.6093
2,1.65,0,-0.354097,28.5753
2,1.65,0,-0.353492,28.5415
2,1.65,0,-0.352888,28.508
2,1.65,0,-0.352283,28.4749
2,1.65,0,-0.351678,28.442
2,1.65,0,-0.351074,28.4094
2,1.65,0,-0.350469,28.377
2,1.65,0,-0.349864,28.345
2,1.65,0,-0.34926,28.3132
2,1.65,0,-0.348655,28.2817
2,1.65,0,-0.34805,28.2505
2,1.65,0,-0.347446,28.2195
2,1.65,0,-0.346841,28.1888
2,1.65,0,-0.346236,28.1583
2,1.65,0,-0.345632,28.1281
2,1.65,0,-0.345027,28.0981
2,1.65,0,-0.344422,28.0683
2,1.65,0,-0.343818,28.0388
2,1.65,0,-0.343213,28.0096
2,1.65,0,-0.342608,27.9805
2,1.65,0,-0.342004,27.9517
2,1.65,0,-0.341399,27.9231
2,1.65,0,-0.340794,27.8948
2,1.65,0,-0.34019,27.8666
2,1.65,0,-0.339585,27.8387
2,1.65,0,-0.33898,27.811
2,1.65,0,-0.338376,27.7835
2,1.65,0,-0.337771,27.7563
2,1.65,0,-0.337166,27.7292
2,1.65,0,-0.336562,27.7023
2,1.65,0,-0.335957,27.6756
2,1.65,0,-0.335352,27.6492
2,1.65,0,-0.334748,27.6229
2,1.65,0,-0.334143,27.5968
2,1.65,0,-0.333538,27.5709
2,1.65,0,-0.332934,27.5452
2,1.65,0,-0.332329,27.5197
2,1.65,0,-0.331724,27.4944
2,1.65,0,-0.33112,27.4693
2,1.65,0,-0.330515,27.4443
2,1.65,0,-0.32991,27.4195
2,1.65,0,-0.329306,27.3949
2,1.65,0,-0.328701,27.3705
2,1.65,0,-0.328096,27.3462
2,1.65,0,-0.327492,27.3221
2,1.65,0,-0.326887,27.2982
2,1.65,0,-0.326282,27.2745
2,1.65,0,-0.325678,27.2509
2,1.65,0,-0.325073,27.2275
2,1.65,0,-0.324468,27.2042
2,1.65,0,-0.323864,27.1811
2,1.65,0,-0.323259,27.1582
2,1.65,0,-0.322654,27.1354
2,1.65,0,-0.32205,27.1128
2,1.65,0,-0.321445,27.0903
2,1.65,0,-0.32084,27.068
2,1.65,0,-0.320236,27.0458
2,1.65,0,-0.319631,27.0238
2,1.65,0,-0.319026,27.0019
2,1.65,0,-0.318422,26.9802
2,1.65,0,-0.317817,26.9586
2,1.65,0,-0.317212,26.9371
2,1.65,0,-0.316608,26.9158
2,1.65,0,-0.316003,26.8947
2,1.65,0,-0.315398,26.8737
2,1.65,0,-0.314794,26.8528
2,1.65,0,-0.314189,26.832
2,1.65,0,-0.313584,26.8114
2,1.65,0,-0.31298,26.7909
2,1.65,0,-0.312375,26.7706
2,1.65,0,-0.31177,26.7504
2,1.65,0,-0.311166,26.7303
2,1.65,0,-0.310561,26.7103
2,1.65,0,-0.309956,26.6905
2,1.65,0,-0.309352,26.6708
2,1.65,0,-0.308747,26.6512
2,1.65,0,-0.308142,26.6318
2,1.65,0,-0.307538,26.6124
2,1.65,0,-0.306933,26.5932
2,1.65,0,-0.306328,26.5742
2,1.65,0,-0.305724,26.5552
2,1.65,0,-0.305119,26.5363
2,1.65,0,-0.304514,26.5176
2,1.65,0,-0.30391,26.499
2,1.65,0,-0.303305,26.4805
2,1.65,0,-0.3027,26.4621
2,1.65,0,-0.302095,26.4438
2,1.65,0,-0.301491,26.4257
2,1.65,0,-0.300886,26.4076
2,1.65,0,-0.300281,26.3897
2,1.65,0,-0.299677,26.3719
2,1.65,0,-0.299072,26.3542
2,1.65,0,-0.298467,26.3366
2,1.65,0,-0.297863,26.3191
2,1.65,0,-0.297258,26.3017
2,1.65,0,-0.296653,26.2844
2,1.65,0,-0.296049,26.2672
2,1.65,0,-0.295444,26.2502
2,1.65,0,-0.294839,26.2332
2,1.65,0,-0.294235,26.2163
2,1.65,0,-0.29363,26.1996
2,1.65,0,-0.293025,26.1829
2,1.65,0,-0.292421,26.1663
2,1.65,0,-0.291816,26.1499
2,1.65,0,-0.291211,26.1335
2,1.65,0,-0.290607,26.1172
2,1.65,0,-0.290002,26.1011
2,1.65,0,-0.289397,26.085
2,1.65,0,-0.288793,26.069
2,1.65,0,-0.288188,26.0532
2,1.65,0,-0.287583,26.0374
2,1.65,0,-0.286979,26.0217
2,1.65,0,-0.286374,26.0061
2,1.65,0,-0.285769,25.9906
2,1.65,0,-0.285165,25.9752
2,1.65,0,-0.28456,25.9599
2,1.65,0,-0.283955,25.9446
2,1.65,0,-0.283351,25.9295
2,1.65,0,-0.282746,25.9144
2,1.65,0,-0.282141,25.8995
2,1.65,0,-0.281537,25.8846
2,1.65,0,-0.280932,25.8698
2,1.65,0,-0.280327,25.8551
2,1.65,0,-0.279723,25.8405
2,1.65,0,-0.279118,25.826
2,1.65,0,-0.278513,25.8116
2,1.65,0,-0.277909,25.7972
2,1.65,0,-0.277304,25.783
2,1.65,0,-0.276699,25.7688
2,1.65,0,-0.276095,25.7547
2,1.65,0,-0.27549,25.7407
2,1.65,0,-0.274885,25.7268
2,1.65,0,-0.274281,25.7129
2,1.65,0,-0.273676,25.6992
2,1.65,0,-0.273071,25.6855
2,1.65,0,-0.272467,25.6719
2,1.65,0,-0.271862,25.6584
2,1.65,0,-0.271257,25.6449
2,1.65,0,-0.270653,25.6316
2,1.65,0,-0.270048,25.6183
2,1.65,0,-0.269443,25.6051
2,1.65,0,-0.268839,25.592
2,1.65,0,-0.268234,25.5789
2,1.65,0,-0.267629,25.5659
2,1.65,0,-0.267025,25.5531
2,1.65,0,-0.26642,25.5402
2,1.65,0,-0.265815,25.5275
2,1.65,0,-0.265211,25.5148
2,1.65,0,-0.264606,25.5023
2,1.65,0,-0.264001,25.4898
2,1.65,0,-0.263397,25.4773
2,1.65,0,-0.262792,25.465
2,1.65,0,-0.262187,25.4527
2,1.65,0,-0.261583,25.4405
2,1.65,0,-0.260978,25.4283
2,1.65,0,-0.260373,25.4163
2,1.65,0,-0.259769,25.4043
2,1.65,0,-0.259164,25.3924
2,1.65,0,-0.258559,25.3805
2,1.65,0,-0.257955,25.3687
2,1.65,0,-0.25735,25.357
2,1.65,0,-0.256745,25.3454
2,1.65,0,-0.256141,25.3338
2,1.65,0,-0.255536,25.3223
2,1.65,0,-0.254931,25.3109
2,1.65,0,-0.254327,25.2996
2,1.65,0,-0.253722,25.2883
2,1.65,0,-0.253117,25.2771
2,1.65,0,-0.252513,25.2659
2,1.65,0,-0.251908,25.2549
2,1.65,0,-0.251303,25.2439
2,1.65,0,-0.250698,25.2329
2,1.65,0,-0.250094,25.2221
2,1.65,0,-0.249489,25.2113
2,1.65,0,-0.248884,25.2005
2,1.65,0,-0.24828,25.1899
2,1.65,0,-0.247675,25.1793
2,1.65,0,-0.24707,25.1687
2,1.65,0,-0.246466,25.1583
2,1.65,0,-0.245861,25.1479
2,1.65,0,-0.245256,25.1375
2,1.65,0,-0.244652,25.1273
2,1.65,0,-0.244047,25.1171
2,1.65,0,-0.243442,25.1069
2,1.65,0,-0.242838,25.0969
2,1.65,0,-0.242233,25.0869
2,1.65,0,-0.241628,25.0769
2,1.65,0,-0.241024,25.0671
2,1.65,0,-0.240419,25.0573
2,1.65,0,-0.239814,25.0475
2,1.65,0,-0.23921,25.0378
2,1.65,0,-0.238605,25.0282
2,1.65,0,-0.238,25.0187
2,1.65,0,-0.237396,25.0092
2,1.65,0,-0.236791,24.9998
2,1.65,0,-0.236186,24.9904
2,1.65,0,-0.235582,24.9811
2,1.65,0,-0.234977,24.9719
2,1.65,0,-0.234372,24.9627
2,1.65,0,-0.233768,24.9536
2,1.65,0,-0.233163,24.9445
2,1.65,0,-0.232558,24.9356
2,1.65,0,-0.231954,24.9266
2,1.65,0,-0.231349,24.9178
2,1.65,0,-0.230744,24.909
2,1.65,0,-0.23014,24.9003
2,1.65,0,-0.229535,24.8916
2,1.65,0,-0.22893,24.883
2,1.65,0,-0.228326,24.8744
2,1.65,0,-0.227721,24.8659
2,1.65,0,-0.227116,24.8575
2,1.65,0,-0.226512,24.8491
2,1.65,0,-0.225907,24.8408
2,1.65,0,-0.225302,24.8326
2,1.65,0,-0.224698,24.8244
2,1.65,0,-0.224093,24.8163
2,1.65,0,-0.223488,24.8082
2,1.65,0,-0.222884,24.8002
2,1.65,0,-0.222279,24.7923
2,1.65,0,-0.221674,24.7844
2,1.65,0,-0.22107,24.7766
2,1.65,0,-0.220465,24.7689
2,1.65,0,-0.21986,24.7612
2,1.65,0,-0.219256,24.7535
2,1.65,0,-0.218651,24.7459
2,1.65,0,-0.218046,24.7384
2,1.65,0,-0.217442,24.731
2,1.65,0,-0.216837,24.7236
2,1.65,0,-0.216232,24.7163
2,1.65,0,-0.215628,24.709
2,1.65,0,-0.215023,24.7018
2,1.65,0,-0.214418,24.6946
2,1.65,0,-0.213814,24.6875
2,1.65,0,-0.213209,24.6805
2,1.65,0,-0.212604,24.6735
2,1.65,0,-0.212,24.6666
2,1.65,0,-0.211395,24.6597
2,1.65,0,-0.21079,24.653
2,1.65,0,-0.210186,24.6462
2,1.65,0,-0.209581,24.6395
2,1.65,0,-0.208976,24.6329
2,1.65,0,-0.208372,24.6264
2,1.65,0,-0.207767,24.6199
2,1.65,0,-0.207162,24.6135
2,1.65,0,-0.206558,24.6071
2,1.65,0,-0.205953,24.6008
2,1.65,0,-0.205348,24.5945
2,1.65,0,-0.204744,24.5883
2,1.65,0,-0.204139,24.5822
2,1.65,0,-0.203534,24.5761
2,1.65,0,-0.20293,24.5701
2,1.65,0,-0.202325,24.5642
2,1.65,0,-0.20172,24.5583
2,1.65,0,-0.201116,24.5524
2,1.65,0,-0.200511,24.5467
2,1.65,0,-0.199906,24.5409
2,1.65,0,-0.199302,24.5353
2,1.65,0,-0.198697,24.5297
2,1.65,0,-0.198092,24.5242
2,1.65,0,-0.197487,24.5187
2,1.65,0,-0.196883,24.5133
2,1.65,0,-0.196278,24.508
2,1.65,0,-0.195673,24.5027
2,1.65,0,-0.195069,24.4974
2,1.65,0,-0.194464,24.4923
2,1.65,0,-0.193859,24.4872
2,1.65,0,-0.193255,24.4821
2,1.65,0,-0.19265,24.4772
2,1.65,0,-0.192045,24.4722
2,1.65,0,-0.191441,24.4674
2,1.65,0,-0.190836,24.4626
2,1.65,0,-0.190231,24.4579
2,1.65,0,-0.189627,24.4532
2,1.65,0,-0.189022,24.4486
2,1.65,0,-0.188417,24.444
2,1.65,0,-0.187813,24.4396
2,1.65,0,-0.187208,24.4351
2,1.65,0,-0.186603,24.4308
2,1.65,0,-0.185999,24.4265
2,1.65,0,-0.185394,24.4223
2,1.65,0,-0.184789,24.4181
2,1.65,0,-0.184185,24.414
2,1.65,0,-0.18358,24.4099
2,1.65,0,-0.182975,24.406
2,1.65,0,-0.182371,24.4021
2,1.65,0,-0.181766,24.3982
2,1.65,0,-0.181161,24.3944
2,1.65,0,-0.180557,24.3907
2,1.65,0,-0.179952,24.387
2,1.65,0,-0.179347,24.3835
2,1.65,0,-0.178743,24.3799
2,1.65,0,-0.178138,24.3765
2,1.65,0,-0.177533,24.3731
2,1.65,0,-0.176929,24.3698
2,1.65,0,-0.176324,24.3665
2,1.65,0,-0.175719,24.3633
2,1.65,0,-0.175115,24.3602
2,1.65,0,-0.17451,24.3571
2,1.65,0,-0.173905,24.3541
2,1.65,0,-0.173301,24.3512
2,1.65,0,-0.172696,24.3483
2,1.65,0,-0.172091,24.3455
2,1.65,0,-0.171487,24.3428
2,1.65,0,-0.170882,24.3402
2,1.65,0,-0.170277,24.3376
2,1.65,0,-0.169673,24.3351
2,1.65,0,-0.169068,24.3326
2,1.65,0,-0.168463,24.3302
2,1.65,0,-0.167859,24.3279
2,1.65,0,-0.167254,24.3257
2,1.65,0,-0.166649,24.3235
2,1.65,0,-0.166045,24.3215
2,1.65,0,-0.16544,24.3194
2,1.65,0,-0.164835,24.3175
2,1.65,0,-0.164231,24.3156
2,1.65,0,-0.163626,24.3138
2,1.65,0,-0.163021,24.3121
2,1.65,0,-0.162417,24.3104
2,1.65,0,-0.161812,24.3088
2,1.65,0,-0.161207,24.3073
2,1.65,0,-0.160603,24.3059
2,1.65,0,-0.159998,24.3045
2,1.65,0,-0.159393,24.3032
2,1.65,0,-0.158789,24.302
2,1.65,0,-0.158184,24.3009
2,1.65,0,-0.157579,24.2998
2,1.65,0,-0.156975,24.2989
2,1.65,0,-0.15637,24.298
2,1.65,0,-0.155765,24.2971
2,1.65,0,-0.155161,24.2964
2,1.65,0,-0.154556,24.2957
2,1.65,0,-0.153951,24.2952
2,1.65,0,-0.153347,24.2947
2,1.65,0,-0.152742,24.2942
2,1.65,0,-0.152137,24.2939
2,1.65,0,-0.151533,24.2936
2,1.65,0,-0.150928,24.2935
2,1.65,0,-0.150323,24.2934
2,1.65,0,-0.149719,24.2933
2,1.65,0,-0.149114,24.2934
2,1.65,0,-0.148509,24.2936
2,1.65,0,-0.147905,24.2938
2,1.65,0,-0.1473,24.2942
2,1.65,0,-0.146695,24.2946
2,1.65,0,-0.14609,24.2951
2,1.65,0,-0.145486,24.2957
2,1.65,0,-0.144881,24.2963
2,1.65,0,-0.144276,24.2971
2,1.65,0,-0.143672,24.298
2,1.65,0,-0.143067,24.2989
2,1.65,0,-0.142462,24.3
2,1.65,0,-0.141858,24.3011
2,1.65,0,-0.141253,24.3023
2,1.65,0,-0.140648,24.3037
2,1.65,0,-0.140044,24.3051
2,1.65,0,-0.139439,24.3066
2,1.65,0,-0.138834,24.3082
2,1.65,0,-0.13823,24.3099
2,1.65,0,-0.137625,24.3117
2,1.65,0,-0.13702,24.3136
2,1.65,0,-0.136416,24.3156
2,1.65,0,-0.135811,24.3177
2,1.65,0,-0.135206,24.3199
2,1.65,0,-0.134602,24.3222
2,1.65,0,-0.133997,24.3246
2,1.65,0,-0.133392,24.3271
2,1.65,0,-0.132788,24.3297
2,1.65,0,-0.132183,24.3325
2,1.65,0,-0.131578,24.3353
2,1.65,0,-0.130974,24.3382
2,1.65,0,-0.130369,24.3413
2,1.65,0,-0.129764,24.3444
2,1.65,0,-0.12916,24.3477
2,1.65,0,-0.128555,24.3511
2,1.65,0,-0.12795,24.3546
2,1.65,0,-0.127346,24.3582
2,1.65,0,-0.126741,24.3619
2,1.65,0,-0.126136,24.3658
2,1.65,0,-0.125532,24.3697
2,1.65,0,-0.124927,24.3738
2,1.65,0,-0.124322,24.378
2,1.65,0,-0.123718,24.3823
2,1.65,0,-0.123113,24.3868
2,1.65,0,-0.122508,24.3913
2,1.65,0,-0.121904,24.396
2,1.65,0,-0.121299,24.4009
2,1.65,0,-0.120694,24.4058
2,1.65,0,-0.12009,24.4109
2,1.65,0,-0.119485,24.4161
2,1.65,0,-0.11888,24.4215
2,1.65,0,-0.118276,24.427
2,1.65,0,-0.117671,24.4326
2,1.65,0,-0.117066,24.4383
2,1.65,0,-0.116462,24.4442
2,1.65,0,-0.115857,24.4503
2,1.65,0,-0.115252,24.4565
2,1.65,0,-0.114648,24.4628
2,1.65,0,-0.114043,24.4693
2,1.65,0,-0.113438,24.4759
2,1.65,0,-0.112834,24.4827
2,1.65,0,-0.112229,24.4896
2,1.65,0,-0.111624,24.4967
2,1.65,0,-0.11102,24.5039
2,1.65,0,-0.110415,24.5114
2,1.65,0,-0.10981,24.5189
2,1.65,0,-0.109206,24.5266
2,1.65,0,-0.108601,24.5345
2,1.65,0,-0.107996,24.5426
2,1.65,0,-0.107392,24.5508
2,1.65,0,-0.106787,24.5592
2,1.65,0,-0.106182,24.5678
2,1.65,0,-0.105578,24.5765
2,1.65,0,-0.104973,24.5855
2,1.65,0,-0.104368,24.5946
2,1.65,0,-0.103764,24.6039
2,1.65,0,-0.103159,24.6133
2,1.65,0,-0.102554,24.623
2,1.65,0,-0.10195,24.6329
2,1.65,0,-0.101345,24.6429
2,1.65,0,-0.10074,24.6532
2,1.65,0,-0.100136,24.6636
2,1.65,0,-0.0995309,24.6743
2,1.65,0,-0.0989262,24.6852
2,1.65,0,-0.0983215,24.6963
2,1.65,0,-0.0977168,24.7076
2,1.65,0,-0.0971122,24.7191
2,1.65,0,-0.0965075,24.7308
2,1.65,0,-0.0959028,24.7428
2,1.65,0,-0.0952982,24.7549
2,1.65,0,-0.0946935,24.7673
2,1.65,0,-0.0940888,24.78
2,1.65,0,-0.0934842,24.7929
2,1.65,0,-0.0928795,24.806
2,1.65,0,-0.0922748,24.8194
2,1.65,0,-0.0916701,24.833
2,1.65,0,-0.0910655,24.8469
2,1.65,0,-0.0904608,24.8611
2,1.65,0,-0.0898561,24.8755
2,1.65,0,-0.0892515,24.8902
2,1.65,0,-0.0886468,24.9051
2,1.65,0,-0.0880421,24.9204
2,1.65,0,-0.0874374,24.9359
2,1.65,0,-0.0868328,24.9517
2,1.65,0,-0.0862281,24.9678
2,1.65,0,-0.0856234,24.9842
2,1.65,0,-0.0850188,25.0009
2,1.65,0,-0.0844141,25.0179
2,1.65,0,-0.0838094,25.0353
2,1.65,0,-0.0832048,25.053
2,1.65,0,-0.0826001,25.071
2,1.65,0,-0.0819954,25.0893
2,1.65,0,-0.0813907,25.108
2,1.65,0,-0.0807861,25.127
2,1.65,0,-0.0801814,25.1464
2,1.65,0,-0.0795767,25.1661
2,1.65,0,-0.0789721,25.1862
2,1.65,0,-0.0783674,25.2067
2,1.65,0,-0.0777627,25.2276
2,1.65,0,-0.077158,25.2489
2,1.65,0,-0.0765534,25.2706
2,1.65,0,-0.0759487,25.2927
2,1.65,0,-0.075344,25.3152
2,1.65,0,-0.0747394,25.3382
2,1.65,0,-0.0741347,25.3616
2,1.65,0,-0.07353,25.3855
2,1.65,0,-0.0729254,25.4098
2,1.65,0,-0.0723207,25.4346
2,1.65,0,-0.071716,25.4598
2,1.65,0,-0.0711113,25.4856
2,1.65,0,-0.0705067,25.5119
2,1.65,0,-0.069902,25.5387
2,1.65,0,-0.0692973,25.566
2,1.65,0,-0.0686927,25.5939
2,1.65,0,-0.068088,25.6223
2,1.65,0,-0.0674833,25.6513
2,1.65,0,-0.0668786,25.6809
2,1.65,0,-0.066274,25.7111
2,1.65,0,-0.0656693,25.7419
2,1.65,0,-0.0650646,25.7734
2,1.65,0,-0.06446,25.8054
2,1.65,0,-0.0638553,25.8382
2,1.65,0,-0.0632506,25.8717
2,1.65,0,-0.062646,25.9058
2,1.65,0,-0.0620413,25.9407
2,1.65,0,-0.0614366,25.9764
2,1.65,0,-0.0608319,26.0128
2,1.65,0,-0.0602273,26.0499
2,1.65,0,-0.0596226,26.088
2,1.65,0,-0.0590179,26.1268
2,1.65,0,-0.0584133,26.1665
2,1.65,0,-0.0578086,26.2071
2,1.65,0,-0.0572039,26.2486
2,1.65,0,-0.0565992,26.2911
2,1.65,0,-0.0559946,26.3345
2,1.65,0,-0.0553899,26.379
2,1.65,0,-0.0547852,26.4245
2,1.65,0,-0.0541806,26.4711
2,1.65,0,-0.0535759,26.5188
2,1.65,0,-0.0529712,26.5676
2,1.65,0,-0.0523666,26.6176
2,1.65,0,-0.0517619,26.6689
2,1.65,0,-0.0511572,26.7215
2,1.65,0,-0.0505525,26.7754
2,1.65,0,-0.0499479,26.8306
2,1.65,0,-0.0493432,26.8873
2,1.65,0,-0.0487385,26.9455
2,1.65,0,-0.0481339,27.0052
2,1.65,0,-0.0475292,27.0665
2,1.65,0,-0.0469245,27.1295
2,1.65,0,-0.0463198,27.1943
2,1.65,0,-0.0457152,27.2608
2,1.65,0,-0.0451105,27.3293
2,1.65,0,-0.0445058,27.3997
2,1.65,0,-0.0439012,27.4722
2,1.65,0,-0.0432965,27.5469
2,1.65,0,-0.0426918,27.6238
2,1.65,0,-0.0420872,27.7031
2,1.65,0,-0.0414825,27.7849
2,1.65,0,-0.0408778,27.8694
2,1.65,0,-0.0402731,27.9566
2,1.65,0,-0.0396685,28.0466
2,1.65,0,-0.0390638,28.1398
2,1.65,0,-0.0384591,28.2362
2,1.65,0,-0.0378545,28.336
2,1.65,0,-0.0372498,28.4394
2,1.65,0,-0.0366451,28.5467
2,1.65,0,-0.0360405,28.6581
2,1.65,0,-0.0354358,28.7739
2,1.65,0,-0.0348311,28.8943
2,1.65,0,-0.0342264,29.0197
2,1.65,0,-0.0336218,29.1504
2,1.65,0,-0.0330171,29.2869
2,1.65,0,-0.0324124,29.4297
2,1.65,0,-0.0318078,29.5791
2,1.65,0,-0.0312031,29.7359
2,1.65,0,-0.0305984,29.9007
2,1.65,0,-0.0299937,30.0743
2,1.65,0,-0.0293891,30.2575
2,1.65,0,-0.0287844,30.4515
2,1.65,0,-0.0281797,30.6575
2,1.65,0,-0.0275751,30.877
2,1.65,0,-0.0269704,31.1118
2,1.65,0,-0.0263657,31.3642
2,1.65,0,-0.0257611,31.6372
2,1.65,0,-0.0251564,31.9345
2,1.65,0,-0.0245517,32.2612
2,1.65,0,-0.023947,32.6245
2,1.65,0,-0.0233424,33.0349
2,1.65,0,-0.0227377,33.5091
2,1.65,0,-0.022133,34.0766
2,1.65,0,-0.0215284,34.7992
2,1.65,0,-0.0209237,35.8558
2,1.65,0,-0.020319,40.2418
2,1.65,0,-0.0197143,102.937
2,1.65,0,-0.0191097,97.8051
2,1.65,0,-0.018505,94.7277
2,1.65,0,-0.0179003,92.5084
2,1.65,0,-0.0172957,90.7665
2,1.65,0,-0.016691,89.3304
2,1.65,0,-0.0160863,88.1077
2,1.65,0,-0.0154817,87.0431
2,1.65,0,-0.014877,86.1007
2,1.65,0,-0.0142723,85.2558
2,1.65,0,-0.0136676,84.4911
2,1.65,0,-0.013063,83.7937
2,1.65,0,-0.0124583,83.1539
2,1.65,0,-0.0118536,82.5644
2,1.65,0,-0.011249,82.0196
2,1.65,0,-0.0106443,81.5151
2,1.65,0,-0.0100396,81.0476
2,1.65,0,-0.00943495,80.6149
2,1.65,0,-0.00883028,80.2152
2,1.65,0,-0.0082256,79.8479
2,1.65,0,-0.00762093,79.5129
2,1.65,0,-0.00701626,79.2113
2,1.65,0,-0.00641159,78.9449
2,1.65,0,-0.00580692,78.7172
2,1.65,0,-0.00520225,78.5337
2,1.65,0,-0.00459758,78.4027
2,1.65,0,-0.00399291,78.3373
2,1.65,0,-0.00338824,78.3586
2,1.65,0,-0.00278357,78.5022
2,1.65,0,-0.0021789,78.8343
2,1.65,0,-0.00157423,79.4959
2,1.65,0,-0.000969558,80.8698
2,1.65,0,-0.000364887,84.7945
2,1.65,0,0.000239783,134.902
2,1.65,0,0.000844454,68.4465
2,1.65,0,0.00144912,60.5647
2,1.65,0,0.00205379,57.1232
2,1.65,0,0.00265847,55.007
2,1.65,0,0.00326314,53.5294
2,1.65,0,0.00386781,52.4219
2,1.65,0,0.00447248,51.553
2,1.65,0,0.00507715,50.8489
2,1.65,0,0.00568182,50.2647
2,1.65,0,0.00628649,49.771
2,1.65,0,0.00689116,49.3476
2,1.65,0,0.00749583,48.9801
2,1.65,0,0.0081005,48.6581
2,1.65,0,0.00870517,48.3736
2,1.65,0,0.00930984,48.1205
2,1.65,0,0.00991451,47.894
2,1.65,0,0.0105192,47.6902
2,1.65,0,0.0111239,47.5061
2,1.65,0,0.0117285,47.3391
2,1.65,0,0.0123332,47.1872
2,1.65,0,0.0129379,47.0485
2,1.65,0,0.0135425,46.9217
2,1.65,0,0.0141472,46.8053
2,1.65,0,0.0147519,46.6984
2,1.65,0,0.0153565,46.6001
2,1.65,0,0.0159612,46.5095
2,1.65,0,0.0165659,46.4259
2,1.65,0,0.0171706,46.3486
2,1.65,0,0.0177752,46.2773
2,1.65,0,0.0183799,46.2113
2,1.65,0,0.0189846,46.1503
2,1.65,0,0.0195892,46.0939
2,1.65,0,0.0201939,46.0417
2,1.65,0,0.0207986,45.9934
2,1.65,0,0.0214033,45.9488
2,1.65,0,0.0220079,45.9076
2,1.65,0,0.0226126,45.8696
2,1.65,0,0.0232173,45.8345
2,1.65,0,0.0238219,45.8022
2,1.65,0,0.0244266,45.7726
2,1.65,0,0.0250313,45.7454
2,1.65,0,0.0256359,45.7205
2,1.65,0,0.0262406,45.6978
2,1.65,0,0.0268453,45.6772
2,1.65,0,0.02745,45.6585
2,1.65,0,0.0280546,45.6417
2,1.65,0,0.0286593,45.6267
2,1.65,0,0.029264,45.6133
2,1.65,0,0.0298686,45.6015
2,1.65,0,0.0304733,45.5912
2,1.65,0,0.031078,45.5823
2,1.65,0,0.0316827,45.5749
2,1.65,0,0.0322873,45.5687
2,1.65,0,0.032892,45.5638
2,1.65,0,0.0334967,45.5601
2,1.65,0,0.0341013,45.5576
2,1.65,0,0.034706,45.5561
2,1.65,0,0.0353107,45.5558
2,1.65,0,0.0359153,45.5564
2,1.65,0,0.03652,45.558
2,1.65,0,0.0371247,45.5606
2,1.65,0,0.0377294,45.564
2,1.65,0,0.038334,45.5684
2,1.65,0,0.0389387,45.5736
2,1.65,0,0.0395434,45.5796
2,1.65,0,0.040148,45.5864
2,1.65,0,0.0407527,45.5939
2,1.65,0,0.0413574,45.6022
2,1.65,0,0.0419621,45.6112
2,1.65,0,0.0425667,45.6209
2,1.65,0,0.0431714,45.6313
2,1.65,0,0.0437761,45.6423
2,1.65,0,0.0443807,45.6539
2,1.65,0,0.0449854,45.6662
2,1.65,0,0.0455901,45.6791
2,1.65,0,0.0461947,45.6925
2,1.65,0,0.0467994,45.7065
2,1.65,0,0.0474041,45.7211
2,1.65,0,0.0480088,45.7362
2,1.65,0,0.0486134,45.7518
2,1.65,0,0.0492181,45.768
2,1.65,0,0.0498228,45.7846
2,1.65,0,0.0504274,45.8017
2,1.65,0,0.0510321,45.8193
2,1.65,0,0.0516368,45.8374
2,1.65,0,0.0522415,45.8559
2,1.65,0,0.0528461,45.8749
2,1.65,0,0.0534508,45.8943
2,1.65,0,0.0540555,45.9142
2,1.65,0,0.0546601,45.9344
2,1.65,0,0.0552648,45.9551
2,1.65,0,0.0558695,45.9762
2,1.65,0,0.0564741,45.9977
2,1.65,0,0.0570788,46.0196
2,1.65,0,0.0576835,46.0418
2,1.65,0,0.0582882,46.0645
2,1.65,0,0.0588928,46.0875
2,1.65,0,0.0594975,46.1109
2,1.65,0,0.0601022,46.1347
2,1.65,0,0.0607068,46.1588
2,1.65,0,0.0613115,46.1833
2,1.65,0,0.0619162,46.2081
2,1.65,0,0.0625209,46.2333
2,1.65,0,0.0631255,46.2588
2,1.65,0,0.0637302,46.2846
2,1.65,0,0.0643349,46.3108
2,1.65,0,0.0649395,46.3373
2,1.65,0,0.0655442,46.3642
2,1.65,0,0.0661489,46.3913
2,1.65,0,0.0667535,46.4188
2,1.65,0,0.0673582,46.4466
2,1.65,0,0.0679629,46.4748
2,1.65,0,0.0685676,46.5032
2,1.65,0,0.0691722,46.5319
2,1.65,0,0.0697769,46.561
2,1.65,0,0.0703816,46.5903
2,1.65,0,0.0709862,46.62
2,1.65,0,0.0715909,46.65
2,1.65,0,0.0721956,46.6802
2,1.65,0,0.0728003,46.7108
2,1.65,0,0.0734049,46.7417
2,1.65,0,0.0740096,46.7728
2,1.65,0,0.0746143,46.8043
2,1.65,0,0.0752189,46.836
2,1.65,0,0.0758236,46.8681
2,1.65,0,0.0764283,46.9004
2,1.65,0,0.0770329,46.933
2,1.65,0,0.0776376,46.9659
2,1.65,0,0.0782423,46.9992
2,1.65,0,0.078847,47.0327
2,1.65,0,0.0794516,47.0665
2,1.65,0,0.0800563,47.1005
2,1.65,0,0.080661,47.1349
2,1.65,0,0.0812656,47.1696
2,1.65,0,0.0818703,47.2045
2,1.65,0,0.082475,47.2398
2,1.65,0,0.0830796,47.2753
2,1.65,0,0.0836843,47.3111
2,1.65,0,0.084289,47.3472
2,1.65,0,0.0848937,47.3836
2,1.65,0,0.0854983,47.4203
2,1.65,0,0.086103,47.4573
2,1.65,0,0.0867077,47.4946
2,1.65,0,0.0873123,47.5322
2,1.65,0,0.087917,47.57
2,1.65,0,0.0885217,47.6082
2,1.65,0,0.0891264,47.6467
2,1.65,0,0.089731,47.6854
2,1.65,0,0.0903357,47.7245
2,1.65,0,0.0909404,47.7639
2,1.65,0,0.091545,47.8035
2,1.65,0,0.0921497,47.8435
2,1.65,0,0.0927544,47.8838
2,1.65,0,0.093359,47.9244
2,1.65,0,0.0939637,47.9653
2,1.65,0,0.0945684,48.0065
2,1.65,0,0.0951731,48.048
2,1.65,0,0.0957777,48.0898
2,1.65,0,0.0963824,48.132
2,1.65,0,0.0969871,48.1745
2,1.65,0,0.0975917,48.2173
2,1.65,0,0.0981964,48.2604
2,1.65,0,0.0988011,48.3039
2,1.65,0,0.0994058,48.3476
2,1.65,0,0.10001,48.3918
2,1.65,0,0.100615,48.4362
2,1.65,0,0.10122,48.481
2,1.65,0,0.101824,48.5261
2,1.65,0,0.102429,48.5716
2,1.65,0,0.103034,48.6175
2,1.65,0,0.103638,48.6636
2,1.65,0,0.104243,48.7102
2,1.65,0,0.104848,48.7571
2,1.65,0,0.105452,48.8043
2,1.65,0,0.106057,48.8519
2,1.65,0,0.106662,48.8999
2,1.65,0,0.107266,48.9483
2,1.65,0,0.107871,48.997
2,1.65,0,0.108476,49.0462
2,1.65,0,0.10908,49.0957
2,1.65,0,0.109685,49.1456
2,1.65,0,0.11029,49.1959
2,1.65,0,0.110894,49.2466
2,1.65,0,0.111499,49.2977
2,1.65,0,0.112104,49.3492
2,1.65,0,0.112709,49.4012
2,1.65,0,0.113313,49.4535
2,1.65,0,0.113918,49.5063
2,1.65,0,0.114523,49.5596
2,1.65,0,0.115127,49.6132
2,1.65,0,0.115732,49.6673
2,1.65,0,0.116337,49.7219
2,1.65,0,0.116941,49.7769
2,1.65,0,0.117546,49.8324
2,1.65,0,0.118151,49.8883
2,1.65,0,0.118755,49.9448
2,1.65,0,0.11936,50.0017
2,1.65,0,0.119965,50.0591
2,1.65,0,0.120569,50.117
2,1.65,0,0.121174,50.1754
2,1.65,0,0.121779,50.2344
2,1.65,0,0.122383,50.2938
2,1.65,0,0.122988,50.3538
2,1.65,0,0.123593,50.4144
2,1.65,0,0.124197,50.4755
2,1.65,0,0.124802,50.5371
2,1.65,0,0.125407,50.5993
2,1.65,0,0.126011,50.6621
2,1.65,0,0.126616,50.7255
2,1.65,0,0.127221,50.7895
2,1.65,0,0.127825,50.8541
2,1.65,0,0.12843,50.9194
2,1.65,0,0.129035,50.9852
2,1.65,0,0.129639,51.0517
2,1.65,0,0.130244,51.1189
2,1.65,0,0.130849,51.1868
2,1.65,0,0.131453,51.2553
2,1.65,0,0.132058,51.3245
2,1.65,0,0.132663,51.3945
2,1.65,0,0.133267,51.4652
2,1.65,0,0.133872,51.5366
2,1.65,0,0.134477,51.6088
2,1.65,0,0.135081,51.6817
2,1.65,0,0.135686,51.7555
2,1.65,0,0.136291,51.83
2,1.65,0,0.136895,51.9054
2,1.65,0,0.1375,51.9816
2,1.65,0,0.138105,52.0587
2,1.65,0,0.138709,52.1367
2,1.65,0,0.139314,52.2156
2,1.65,0,0.139919,52.2954
2,1.65,0,0.140523,52.3761
2,1.65,0,0.141128,52.4579
2,1.65,0,0.141733,52.5406
2,1.65,0,0.142337,52.6243
2,1.65,0,0.142942,52.7091
2,1.65,0,0.143547,52.795
2,1.65,0,0.144151,52.882
2,1.65,0,0.144756,52.9701
2,1.65,0,0.145361,53.0593
2,1.65,0,0.145965,53.1498
2,1.65,0,0.14657,53.2415
2,1.65,0,0.147175,53.3344
2,1.65,0,0.147779,53.4287
2,1.65,0,0.148384,53.5243
2,1.65,0,0.148989,53.6212
2,1.65,0,0.149593,53.7196
2,1.65,0,0.150198,53.8194
2,1.65,0,0.150803,53.9208
2,1.65,0,0.151407,54.0236
2,1.65,0,0.152012,54.1281
2,1.65,0,0.152617,54.2343
2,1.65,0,0.153221,54.3422
2,1.65,0,0.153826,54.4518
2,1.65,0,0.154431,54.5632
2,1.65,0,0.155035,54.6766
2,1.65,0,0.15564,54.7919
2,1.65,0,0.156245,54.9093
2,1.65,0,0.156849,55.0287
2,1.65,0,0.157454,55.1504
2,1.65,0,0.158059,55.2743
2,1.65,0,0.158663,55.4006
2,1.65,0,0.159268,55.5293
2,1.65,0,0.159873,55.6606
2,1.65,0,0.160477,55.7946
2,1.65,0,0.161082,55.9313
2,1.65,0,0.161687,56.071
2,1.65,0,0.162291,56.2137
2,1.65,0,0.162896,56.3596
2,1.65,0,0.163501,56.5088
2,1.65,0,0.164106,56.6615
2,1.65,0,0.16471,56.8179
2,1.65,0,0.165315,56.9781
2,1.65,0,0.16592,57.1424
2,1.65,0,0.166524,57.3109
2,1.65,0,0.167129,57.484
2,1.65,0,0.167734,57.6618
2,1.65,0,0.168338,57.8447
2,1.65,0,0.168943,58.0329
2,1.65,0,0.169548,58.2268
2,1.65,0,0.170152,58.4268
2,1.65,0,0.170757,58.6332
2,1.65,0,0.171362,58.8466
2,1.65,0,0.171966,59.0673
2,1.65,0,0.172571,59.2961
2,1.65,0,0.173176,59.5334
2,1.65,0,0.17378,59.78
2,1.65,0,0.174385,60.0366
2,1.65,0,0.17499,60.3042
2,1.65,0,0.175594,60.5837
2,1.65,0,0.176199,60.8764
2,1.65,0,0.176804,61.1835
2,1.65,0,0.177408,61.5066
2,1.65,0,0.178013,61.8475
2,1.65,0,0.178618,62.2085
2,1.65,0,0.179222,62.5919
2,1.65,0,0.179827,63.0011
2,1.65,0,0.180432,63.4397
2,1.65,0,0.181036,63.9125
2,1.65,0,0.181641,64.4256
2,1.65,0,0.182246,64.9865
2,1.65,0,0.18285,65.6056
2,1.65,0,0.183455,66.2968
2,1.65,0,0.18406,67.0797
2,1.65,0,0.184664,67.9833
2,1.65,0,0.185269,69.0535
2,1.65,0,0.185874,70.3686
2,1.65,0,0.186478,72.0804
2,1.65,0,0.187083,74.5534
2,1.65,0,0.187688,79.1605
2,1.65,0,0.188292,15.8523
2,1.65,0,0.188897,15.3497
2,1.65,0,0.189502,15.1165
2,1.65,0,0.190106,14.9535
2,1.65,0,0.190711,14.8249
2,1.65,0,0.191316,14.7173
2,1.65,0,0.19192,14.6238
2,1.65,0,0.192525,14.5408
2,1.65,0,0.19313,14.4656
2,1.65,0,0.193734,14.3968
2,1.65,0,0.194339,14.3332
2,1.65,0,0.194944,14.2738
2,1.65,0,0.195548,14.2181
2,1.65,0,0.196153,14.1656
2,1.65,0,0.196758,14.1158
2,1.65,0,0.197362,14.0684
2,1.65,0,0.197967,14.0232
2,1.65,0,0.198572,13.98
2,1.65,0,0.199176,13.9384
2,1.65,0,0.199781,13.8985
2,1.65,0,0.200386,13.86
2,1.65,0,0.20099,13.8228
2,1.65,0,0.201595,13.7869
2,1.65,0,0.2022,13.7521
2,1.65,0,0.202804,13.7184
2,1.65,0,0.203409,13.6856
2,1.65,0,0.204014,13.6538
2,1.65,0,0.204618,13.6228
2,1.65,0,0.205223,13.5926
2,1.65,0,0.205828,13.5632
2,1.65,0,0.206432,13.5345
2,1.65,0,0.207037,13.5065
2,1.65,0,0.207642,13.4791
2,1.65,0,0.208246,13.4524
2,1.65,0,0.208851,13.4262
2,1.65,0,0.209456,13.4006
2,1.65,0,0.21006,13.3755
2,1.65,0,0.210665,13.3509
2,1.65,0,0.21127,13.3268
2,1.65,0,0.211874,13.3032
2,1.65,0,0.212479,13.28
2,1.65,0,0.213084,13.2572
2,1.65,0,0.213688,13.2349
2,1.65,0,0.214293,13.2129
2,1.65,0,0.214898,13.1913
2,1.65,0,0.215503,13.1701
2,1.65,0,0.216107,13.1493
2,1.65,0,0.216712,13.1288
2,1.65,0,0.217317,13.1086
2,1.65,0,0.217921,13.0887
2,1.65,0,0.218526,13.0691
2,1.65,0,0.219131,13.0499
2,1.65,0,0.219735,13.0309
2,1.65,0,0.22034,13.0122
2,1.65,0,0.220945,12.9938
2,1.65,0,0.221549,12.9757
2,1.65,0,0.222154,12.9578
2,1.65,0,0.222759,12.9401
2,1.65,0,0.223363,12.9227
2,1.65,0,0.223968,12.9055
2,1.65,0,0.224573,12.8886
2,1.65,0,0.225177,12.8719
2,1.65,0,0.225782,12.8554
2,1.65,0,0.226387,12.8391
2,1.65,0,0.226991,12.823
2,1.65,0,0.227596,12.8071
2,1.65,0,0.228201,12.7915
2,1.65,0,0.228805,12.776
2,1.65,0,0.22941,12.7607
2,1.65,0,0.230015,12.7456
2,1.65,0,0.230619,12.7306
2,1.65,0,0.231224,12.7159
2,1.65,0,0.231829,12.7013
2,1.65,0,0.232433,12.6868
2,1.65,0,0.233038,12.6726
2,1.65,0,0.233643,12.6585
2,1.65,0,0.234247,12.6445
2,1.65,0,0.234852,12.6308
2,1.65,0,0.235457,12.6171
2,1.65,0,0.236061,12.6036
2,1.65,0,0.236666,12.5903
2,1.65,0,0.237271,12.5771
2,1.65,0,0.237875,12.564
2,1.65,0,0.23848,12.5511
2,1.65,0,0.239085,12.5383
2,1.65,0,0.239689,12.5256
2,1.65,0,0.240294,12.5131
2,1.65,0,0.240899,12.5007
2,1.65,0,0.241503,12.4884
2,1.65,0,0.242108,12.4762
2,1.65,0,0.242713,12.4642
2,1.65,0,0.243317,12.4523
2,1.65,0,0.243922,12.4405
2,1.65,0,0.244527,12.4288
2,1.65,0,0.245131,12.4172
2,1.65,0,0.245736,12.4057
2,1.65,0,0.246341,12.3944
2,1.65,0,0.246945,12.3831
2,1.65,0,0.24755,12.3719
2,1.65,0,0.248155,12.3609
2,1.65,0,0.248759,12.3499
2,1.65,0,0.249364,12.3391
2,1.65,0,0.249969,12.3283
2,1.65,0,0.250573,12.3177
2,1.65,0,0.251178,12.3071
2,1.65,0,0.251783,12.2967
2,1.65,0,0.252387,12.2863
2,1.65,0,0.252992,12.276
2,1.65,0,0.253597,12.2658
2,1.65,0,0.254201,12.2557
2,1.65,0,0.254806,12.2457
2,1.65,0,0.255411,12.2358
2,1.65,0,0.256015,12.2259
2,1.65,0,0.25662,12.2161
2,1.65,0,0.257225,12.2065
2,1.65,0,0.257829,12.1969
2,1.65,0,0.258434,12.1873
2,1.65,0,0.259039,12.1779
2,1.65,0,0.259643,12.1685
2,1.65,0,0.260248,12.1592
2,1.65,0,0.260853,12.15
2,1.65,0,0.261457,12.1409
2,1.65,0,0.262062,12.1318
2,1.65,0,0.262667,12.1228
2,1.65,0,0.263271,12.1139
2,1.65,0,0.263876,12.105
2,1.65,0,0.264481,12.0962
2,1.65,0,0.265085,12.0875
2,1.65,0,0.26569,12.0789
2,1.65,0,0.266295,12.0703
2,1.65,0,0.266899,12.0618
2,1.65,0,0.267504,12.0533
2,1.65,0,0.268109,12.045
2,1.65,0,0.268714,12.0366
2,1.65,0,0.269318,12.0284
2,1.65,0,0.269923,12.0202
2,1.65,0,0.270528,12.0121
2,1.65,0,0.271132,12.004
2,1.65,0,0.271737,11.996
2,1.65,0,0.272342,11.988
2,1.65,0,0.272946,11.9801
2,1.65,0,0.273551,11.9723
2,1.65,0,0.274156,11.9645
2,1.65,0,0.27476,11.9568
2,1.65,0,0.275365,11.9491
2,1.65,0,0.27597,11.9415
2,1.65,0,0.276574,11.9339
2,1.65,0,0.277179,11.9264
2,1.65,0,0.277784,11.919
2,1.65,0,0.278388,11.9116
2,1.65,0,0.278993,11.9043
2,1.65,0,0.279598,11.897
2,1.65,0,0.280202,11.8897
2,1.65,0,0.280807,11.8825
2,1.65,0,0.281412,11.8754
2,1.65,0,0.282016,11.8683
2,1.65,0,0.282621,11.8613
2,1.65,0,0.283226,11.8543
2,1.65,0,0.28383,11.8473
2,1.65,0,0.284435,11.8404
2,1.65,0,0.28504,11.8336
2,1.65,0,0.285644,11.8268
2,1.65,0,0.286249,11.82
2,1.65,0,0.286854,11.8133
2,1.65,0,0.287458,11.8066
2,1.65,0,0.288063,11.8
2,1.65,0,0.288668,11.7934
2,1.65,0,0.289272,11.7869
2,1.65,0,0.289877,11.7804
2,1.65,0,0.290482,11.774
2,1.65,0,0.291086,11.7675
2,1.65,0,0.291691,11.7612
2,1.65,0,0.292296,11.7549
2,1.65,0,0.2929,11.7486
2,1.65,0,0.293505,11.7423
2,1.65,0,0.29411,11.7361
2,1.65,0,0.294714,11.73
2,1.65,0,0.295319,11.7239
2,1.65,0,0.295924,11.7178
2,1.65,0,0.296528,11.7117
2,1.65,0,0.297133,11.7057
2,1.65,0,0.297738,11.6998
2,1.65,0,0.298342,11.6938
2,1.65,0,0.298947,11.6879
2,1.65,0,0.299552,11.6821
2,1.65,0,0.300156,11.6763
2,1.65,0,0.300761,11.6705
2,1.65,0,0.301366,11.6647
2,1.65,0,0.30197,11.659
2,1.65,0,0.302575,11.6534
2,1.65,0,0.30318,11.6477
2,1.65,0,0.303784,11.6421
2,1.65,0,0.304389,11.6365
2,1.65,0,0.304994,11.631
2,1.65,0,0.305598,11.6255
2,1.65,0,0.306203,11.62
2,1.65,0,0.306808,11.6146
2,1.65,0,0.307412,11.6092
2,1.65,0,0.308017,11.6038
2,1.65,0,0.308622,11.5985
2,1.65,0,0.309226,11.5932
2,1.65,0,0.309831,11.5879
2,1.65,0,0.310436,11.5827
2,1.65,0,0.31104,11.5775
2,1.65,0,0.311645,11.5723
2,1.65,0,0.31225,11.5672
2,1.65,0,0.312854,11.562
2,1.65,0,0.313459,11.557
2,1.65,0,0.314064,11.5519
2,1.65,0,0.314668,11.5469
2,1.65,0,0.315273,11.5419
2,1.65,0,0.315878,11.5369
2,1.65,0,0.316482,11.532
2,1.65,0,0.317087,11.5271
2,1.65,0,0.317692,11.5222
2,1.65,0,0.318296,11.5173
2,1.65,0,0.318901,11.5125
2,1.65,0,0.319506,11.5077
2,1.65,0,0.320111,11.5029
2,1.65,0,0.320715,11.4982
2,1.65,0,0.32132,11.4935
2,1.65,0,0.321925,11.4888
2,1.65,0,0.322529,11.4841
2,1.65,0,0.323134,11.4795
2,1.65,0,0.323739,11.4749
2,1.65,0,0.324343,11.4703
2,1.65,0,0.324948,11.4658
2,1.65,0,0.325553,11.4612
2,1.65,0,0.326157,11.4567
2,1.65,0,0.326762,11.4522
2,1.65,0,0.327367,11.4478
2,1.65,0,0.327971,11.4434
2,1.65,0,0.328576,11.439
2,1.65,0,0.329181,11.4346
2,1.65,0,0.329785,11.4302
2,1.65,0,0.33039,11.4259
2,1.65,0,0.330995,11.4216
2,1.65,0,0.331599,11.4173
2,1.65,0,0.332204,11.413
2,1.65,0,0.332809,11.4088
2,1.65,0,0.333413,11.4046
2,1.65,0,0.334018,11.4004
2,1.65,0,0.334623,11.3962
2,1.65,0,0.335227,11.3921
2,1.65,0,0.335832,11.388
2,1.65,0,0.336437,11.3839
2,1.65,0,0.337041,11.3798
2,1.65,0,0.337646,11.3757
2,1.65,0,0.338251,11.3717
2,1.65,0,0.338855,11.3677
2,1.65,0,0.33946,11.3637
2,1.65,0,0.340065,11.3597
2,1.65,0,0.340669,11.3558
2,1.65,0,0.341274,11.3519
2,1.65,0,0.341879,11.348
2,1.65,0,0.342483,11.3441
2,1.65,0,0.343088,11.3402
2,1.65,0,0.343693,11.3364
2,1.65,0,0.344297,11.3326
2,1.65,0,0.344902,11.3288
2,1.65,0,0.345507,11.325
2,1.65,0,0.346111,11.3212
2,1.65,0,0.346716,11.3175
2,1.65,0,0.347321,11.3138
2,1.65,0,0.347925,11.3101
2,1.65,0,0.34853,11.3064
2,1.65,0,0.349135,11.3027
2,1.65,0,0.349739,11.2991
2,1.65,0,0.350344,11.2955
2,1.65,0,0.350949,11.2918
2,1.65,0,0.351553,11.2883
2,1.65,0,0.352158,11.2847
2,1.65,0,0.352763,11.2811
2,1.65,0,0.353367,11.2776
2,1.65,0,0.353972,11.2741
2,1.65,0,0.354577,11.2706
2,1.65,0,0.355181,11.2671
2,1.65,0,0.355786,11.2637
2,1.65,0,0.356391,11.2602
2,1.65,0,0.356995,11.2568
2,1.65,0,0.3576,11.2534
2,1.65,0,0.358205,11.25
2,1.65,0,0.358809,11.2467
2,1.65,0,0.359414,11.2433
2,1.65,0,0.360019,11.24
2,1.65,0,0.360623,11.2366
2,1.65,0,0.361228,11.2333
2,1.65,0,0.361833,11.2301
2,1.65,0,0.362437,11.2268
2,1.65,0,0.363042,11.2235
2,1.65,0,-0.0903852,24.8629
2,1.65,0,-0.090234,24.8664
2,1.65,0,-0.0900829,24.8701
2,1.65,0,-0.0899317,24.8737
2,1.65,0,-0.0897805,24.8773
2,1.65,0,-0.0896294,24.881
2,1.65,0,-0.0894782,24.8846
2,1.65,0,-0.089327,24.8883
2,1.65,0,-0.0891759,24.892
2,1.65,0,-0.0890247,24.8957
2,1.65,0,-0.0888735,24.8995
2,1.65,0,-0.0887224,24.9032
2,1.65,0,-0.0885712,24.907
2,1.65,0,-0.08842,24.9108
2,1.65,0,-0.0882689,24.9146
2,1.65,0,-0.0881177,24.9184
2,1.65,0,-0.0879665,24.9223
2,1.65,0,-0.0878154,24.9262
2,1.65,0,-0.0876642,24.93
2,1.65,0,-0.087513,24.9339
2,1.65,0,-0.0873619,24.9378
2,1.65,0,-0.0872107,24.9418
2,1.65,0,-0.0870595,24.9457
2,1.65,0,-0.0869084,24.9497
2,1.65,0,-0.0867572,24.9537
2,1.65,0,-0.086606,24.9577
2,1.65,0,-0.0864549,24.9617
2,1.65,0,-0.0863037,24.9658
2,1.65,0,-0.0861525,24.9698
2,1.65,0,-0.0860014,24.9739
2,1.65,0,-0.0858502,24.978
2,1.65,0,-0.085699,24.9821
2,1.65,0,-0.0855479,24.9863
2,1.65,0,-0.0853967,24.9904
2,1.65,0,-0.0852455,24.9946
2,1.65,0,-0.0850943,24.9988
2,1.65,0,-0.0849432,25.003
2,1.65,0,-0.084792,25.0073
2,1.65,0,-0.0846408,25.0115
2,1.65,0,-0.0844897,25.0158
2,1.65,0,-0.0843385,25.0201
2,1.65,0,-0.0841873,25.0244
2,1.65,0,-0.0840362,25.0287
2,1.65,0,-0.083885,25.0331
2,1.65,0,-0.0837338,25.0375
2,1.65,0,-0.0835827,25.0419
2,1.65,0,-0.0834315,25.0463
2,1.65,0,-0.0832803,25.0507
2,1.65,0,-0.0831292,25.0552
2,1.65,0,-0.082978,25.0597
2,1.65,0,-0.0828268,25.0642
2,1.65,0,-0.0826757,25.0687
2,1.65,0,-0.0825245,25.0732
2,1.65,0,-0.0823733,25.0778
2,1.65,0,-0.0822222,25.0824
2,1.65,0,-0.082071,25.087
2,1.65,0,-0.0819198,25.0916
2,1.65,0,-0.0817687,25.0962
2,1.65,0,-0.0816175,25.1009
2,1.65,0,-0.0814663,25.1056
2,1.65,0,-0.0813152,25.1103
2,1.65,0,-0.081164,25.1151
2,1.65,0,-0.0810128,25.1198
2,1.65,0,-0.0808617,25.1246
2,1.65,0,-0.0807105,25.1294
2,1.65,0,-0.0805593,25.1342
2,1.65,0,-0.0804082,25.1391
2,1.65,0,-0.080257,25.1439
2,1.65,0,-0.0801058,25.1488
2,1.65,0,-0.0799546,25.1537
2,1.65,0,-0.0798035,25.1587
2,1.65,0,-0.0796523,25.1636
2,1.65,0,-0.0795011,25.1686
2,1.65,0,-0.07935,25.1736
2,1.65,0,-0.0791988,25.1787
2,1.65,0,-0.0790476,25.1837
2,1.65,0,-0.0788965,25.1888
2,1.65,0,-0.0787453,25.1939
2,1.65,0,-0.0785941,25.199
2,1.65,0,-0.078443,25.2042
2,1.65,0,-0.0782918,25.2093
2,1.65,0,-0.0781406,25.2145
2,1.65,0,-0.0779895,25.2198
2,1.65,0,-0.0778383,25.225
2,1.65,0,-0.0776871,25.2303
2,1.65,0,-0.077536,25.2356
2,1.65,0,-0.0773848,25.2409
2,1.65,0,-0.0772336,25.2462
2,1.65,0,-0.0770825,25.2516
2,1.65,0,-0.0769313,25.257
2,1.65,0,-0.0767801,25.2624
2,1.65,0,-0.076629,25.2679
2,1.65,0,-0.0764778,25.2734
2,1.65,0,-0.0763266,25.2789
2,1.65,0,-0.0761755,25.2844
2,1.65,0,-0.0760243,25.2899
2,1.65,0,-0.0758731,25.2955
2,1.65,0,-0.075722,25.3011
2,1.65,0,-0.0755708,25.3068
2,1.65,0,-0.0754196,25.3124
2,1.65,0,-0.0752685,25.3181
2,1.65,0,-0.0751173,25.3238
2,1.65,0,-0.0749661,25.3295
2,1.65,0,-0.0748149,25.3353
2,1.65,0,-0.0746638,25.3411
2,1.65,0,-0.0745126,25.3469
2,1.65,0,-0.0743614,25.3528
2,1.65,0,-0.0742103,25.3587
2,1.65,0,-0.0740591,25.3646
2,1.65,0,-0.0739079,25.3705
2,1.65,0,-0.0737568,25.3765
2,1.65,0,-0.0736056,25.3825
2,1.65,0,-0.0734544,25.3885
2,1.65,0,-0.0733033,25.3945
2,1.65,0,-0.0731521,25.4006
2,1.65,0,-0.0730009,25.4067
2,1.65,0,-0.0728498,25.4129
2,1.65,0,-0.0726986,25.419
2,1.65,0,-0.0725474,25.4252
2,1.65,0,-0.0723963,25.4314
2,1.65,0,-0.0722451,25.4377
2,1.65,0,-0.0720939,25.444
2,1.65,0,-0.0719428,25.4503
2,1.65,0,-0.0717916,25.4567
2,1.65,0,-0.0716404,25.463
2,1.65,0,-0.0714893,25.4694
2,1.65,0,-0.0713381,25.4759
2,1.65,0,-0.0711869,25.4824
2,1.65,0,-0.0710358,25.4889
2,1.65,0,-0.0708846,25.4954
2,1.65,0,-0.0707334,25.502
2,1.65,0,-0.0705823,25.5086
2,1.65,0,-0.0704311,25.5152
2,1.65,0,-0.0702799,25.5219
2,1.65,0,-0.0701288,25.5286
2,1.65,0,-0.0699776,25.5353
2,1.65,0,-0.0698264,25.5421
2,1.65,0,-0.0696753,25.5489
2,1.65,0,-0.0695241,25.5557
2,1.65,0,-0.0693729,25.5626
2,1.65,0,-0.0692217,25.5695
2,1.65,0,-0.0690706,25.5764
2,1.65,0,-0.0689194,25.5834
2,1.65,0,-0.0687682,25.5904
2,1.65,0,-0.0686171,25.5974
2,1.65,0,-0.0684659,25.6045
2,1.65,0,-0.0683147,25.6116
2,1.65,0,-0.0681636,25.6187
2,1.65,0,-0.0680124,25.6259
2,1.65,0,-0.0678612,25.6331
2,1.65,0,-0.0677101,25.6404
2,1.65,0,-0.0675589,25.6477
2,1.65,0,-0.0674077,25.655
2,1.65,0,-0.0672566,25.6623
2,1.65,0,-0.0671054,25.6697
2,1.65,0,-0.0669542,25.6772
2,1.65,0,-0.0668031,25.6846
2,1.65,0,-0.0666519,25.6922
2,1.65,0,-0.0665007,25.6997
2,1.65,0,-0.0663496,25.7073
2,1.65,0,-0.0661984,25.7149
2,1.65,0,-0.0660472,25.7226
2,1.65,0,-0.0658961,25.7303
2,1.65,0,-0.0657449,25.738
2,1.65,0,-0.0655937,25.7458
2,1.65,0,-0.0654426,25.7536
2,1.65,0,-0.0652914,25.7615
2,1.65,0,-0.0651402,25.7694
2,1.65,0,-0.0649891,25.7773
2,1.65,0,-0.0648379,25.7853
2,1.65,0,-0.0646867,25.7933
2,1.65,0,-0.0645356,25.8014
2,1.65,0,-0.0643844,25.8095
2,1.65,0,-0.0642332,25.8177
2,1.65,0,-0.064082,25.8258
2,1.65,0,-0.0639309,25.8341
2,1.65,0,-0.0637797,25.8424
2,1.65,0,-0.0636285,25.8507
2,1.65,0,-0.0634774,25.859
2,1.65,0,-0.0633262,25.8675
2,1.65,0,-0.063175,25.8759
2,1.65,0,-0.0630239,25.8844
2,1.65,0,-0.0628727,25.8929
2,1.65,0,-0.0627215,25.9015
2,1.65,0,-0.0625704,25.9102
2,1.65,0,-0.0624192,25.9188
2,1.65,0,-0.062268,25.9275
2,1.65,0,-0.0621169,25.9363
2,1.65,0,-0.0619657,25.9451
2,1.65,0,-0.0618145,25.954
2,1.65,0,-0.0616634,25.9629
2,1.65,0,-0.0615122,25.9719
2,1.65,0,-0.061361,25.9809
2,1.65,0,-0.0612099,25.9899
2,1.65,0,-0.0610587,25.999
2,1.65,0,-0.0609075,26.0082
2,1.65,0,-0.0607564,26.0174
2,1.65,0,-0.0606052,26.0266
2,1.65,0,-0.060454,26.0359
2,1.65,0,-0.0603029,26.0453
2,1.65,0,-0.0601517,26.0547
2,1.65,0,-0.0600005,26.0641
2,1.65,0,-0.0598494,26.0736
2,1.65,0,-0.0596982,26.0832
2,1.65,0,-0.059547,26.0928
2,1.65,0,-0.0593959,26.1024
2,1.65,0,-0.0592447,26.1121
2,1.65,0,-0.0590935,26.1219
2,1.65,0,-0.0589423,26.1317
2,1.65,0,-0.0587912,26.1416
2,1.65,0,-0.05864,26.1515
2,1.65,0,-0.0584888,26.1615
2,1.65,0,-0.0583377,26.1715
2,1.65,0,-0.0581865,26.1816
2,1.65,0,-0.0580353,26.1918
2,1.65,0,-0.0578842,26.202
2,1.65,0,-0.057733,26.2123
2,1.65,0,-0.0575818,26.2226
2,1.65,0,-0.0574307,26.233
2,1.65,0,-0.0572795,26.2434
2,1.65,0,-0.0571283,26.2539
2,1.65,0,-0.0569772,26.2644
2,1.65,0,-0.056826,26.2751
2,1.65,0,-0.0566748,26.2857
2,1.65,0,-0.0565237,26.2965
2,1.65,0,-0.0563725,26.3073
2,1.65,0,-0.0562213,26.3181
2,1.65,0,-0.0560702,26.3291
2,1.65,0,-0.055919,26.34
2,1.65,0,-0.0557678,26.3511
2,1.65,0,-0.0556167,26.3622
2,1.65,0,-0.0554655,26.3734
2,1.65,0,-0.0553143,26.3846
2,1.65,0,-0.0551632,26.3959
2,1.65,0,-0.055012,26.4073
2,1.65,0,-0.0548608,26.4188
2,1.65,0,-0.0547097,26.4303
2,1.65,0,-0.0545585,26.4418
2,1.65,0,-0.0544073,26.4535
2,1.65,0,-0.0542562,26.4652
2,1.65,0,-0.054105,26.477
2,1.65,0,-0.0539538,26.4888
2,1.65,0,-0.0538026,26.5008
2,1.65,0,-0.0536515,26.5127
2,1.65,0,-0.0535003,26.5248
2,1.65,0,-0.0533491,26.5369
2,1.65,0,-0.053198,26.5492
2,1.65,0,-0.0530468,26.5614
2,1.65,0,-0.0528956,26.5738
2,1.65,0,-0.0527445,26.5862
2,1.65,0,-0.0525933,26.5987
2,1.65,0,-0.0524421,26.6113
2,1.65,0,-0.052291,26.624
2,1.65,0,-0.0521398,26.6367
2,1.65,0,-0.0519886,26.6495
2,1.65,0,-0.0518375,26.6624
2,1.65,0,-0.0516863,26.6754
2,1.65,0,-0.0515351,26.6885
2,1.65,0,-0.051384,26.7016
2,1.65,0,-0.0512328,26.7148
2,1.65,0,-0.0510816,26.7281
2,1.65,0,-0.0509305,26.7415
2,1.65,0,-0.0507793,26.755
2,1.65,0,-0.0506281,26.7685
2,1.65,0,-0.050477,26.7822
2,1.65,0,-0.0503258,26.7959
2,1.65,0,-0.0501746,26.8097
2,1.65,0,-0.0500235,26.8236
2,1.65,0,-0.0498723,26.8376
2,1.65,0,-0.0497211,26.8517
2,1.65,0,-0.04957,26.8659
2,1.65,0,-0.0494188,26.8801
2,1.65,0,-0.0492676,26.8945
2,1.65,0,-0.0491165,26.9089
2,1.65,0,-0.0489653,26.9235
2,1.65,0,-0.0488141,26.9381
2,1.65,0,-0.0486629,26.9529
2,1.65,0,-0.0485118,26.9677
2,1.65,0,-0.0483606,26.9826
2,1.65,0,-0.0482094,26.9977
2,1.65,0,-0.0480583,27.0128
2,1.65,0,-0.0479071,27.028
2,1.65,0,-0.0477559,27.0433
2,1.65,0,-0.0476048,27.0588
2,1.65,0,-0.0474536,27.0743
2,1.65,0,-0.0473024,27.09
2,1.65,0,-0.0471513,27.1057
2,1.65,0,-0.0470001,27.1216
2,1.65,0,-0.0468489,27.1375
2,1.65,0,-0.0466978,27.1536
2,1.65,0,-0.0465466,27.1698
2,1.65,0,-0.0463954,27.1861
2,1.65,0,-0.0462443,27.2025
2,1.65,0,-0.0460931,27.219
2,1.65,0,-0.0459419,27.2357
2,1.65,0,-0.0457908,27.2524
2,1.65,0,-0.0456396,27.2693
2,1.65,0,-0.0454884,27.2863
2,1.65,0,-0.0453373,27.3034
2,1.65,0,-0.0451861,27.3206
2,1.65,0,-0.0450349,27.338
2,1.65,0,-0.0448838,27.3555
2,1.65,0,-0.0447326,27.3731
2,1.65,0,-0.0445814,27.3908
2,1.65,0,-0.0444303,27.4087
2,1.65,0,-0.0442791,27.4267
2,1.65,0,-0.0441279,27.4448
2,1.65,0,-0.0439768,27.4631
2,1.65,0,-0.0438256,27.4814
2,1.65,0,-0.0436744,27.5
2,1.65,0,-0.0435232,27.5186
2,1.65,0,-0.0433721,27.5374
2,1.65,0,-0.0432209,27.5564
2,1.65,0,-0.0430697,27.5755
2,1.65,0,-0.0429186,27.5947
2,1.65,0,-0.0427674,27.6141
2,1.65,0,-0.0426162,27.6336
2,1.65,0,-0.0424651,27.6533
2,1.65,0,-0.0423139,27.6731
2,1.65,0,-0.0421627,27.6931
2,1.65,0,-0.0420116,27.7132
2,1.65,0,-0.0418604,27.7335
2,1.65,0,-0.0417092,27.754
2,1.65,0,-0.0415581,27.7746
2,1.65,0,-0.0414069,27.7954
2,1.65,0,-0.0412557,27.8163
2,1.65,0,-0.0411046,27.8374
2,1.65,0,-0.0409534,27.8587
2,1.65,0,-0.0408022,27.8801
2,1.65,0,-0.0406511,27.9017
2,1.65,0,-0.0404999,27.9235
2,1.65,0,-0.0403487,27.9455
2,1.65,0,-0.0401976,27.9677
2,1.65,0,-0.0400464,27.99
2,1.65,0,-0.0398952,28.0125
2,1.65,0,-0.0397441,28.0352
2,1.65,0,-0.0395929,28.0581
2,1.65,0,-0.0394417,28.0812
2,1.65,0,-0.0392906,28.1045
2,1.65,0,-0.0391394,28.128
2,1.65,0,-0.0389882,28.1517
2,1.65,0,-0.0388371,28.1756
2,1.65,0,-0.0386859,28.1997
2,1.65,0,-0.0385347,28.224
2,1.65,0,-0.0383835,28.2485
2,1.65,0,-0.0382324,28.2732
2,1.65,0,-0.0380812,28.2982
2,1.65,0,-0.03793,28.3233
2,1.65,0,-0.0377789,28.3487
2,1.65,0,-0.0376277,28.3743
2,1.65,0,-0.0374765,28.4002
2,1.65,0,-0.0373254,28.4263
2,1.65,0,-0.0371742,28.4526
2,1.65,0,-0.037023,28.4792
2,1.65,0,-0.0368719,28.506
2,1.65,0,-0.0367207,28.5331
2,1.65,0,-0.0365695,28.5604
2,1.65,0,-0.0364184,28.588
2,1.65,0,-0.0362672,28.6158
2,1.65,0,-0.036116,28.6439
2,1.65,0,-0.0359649,28.6723
2,1.65,0,-0.0358137,28.701
2,1.65,0,-0.0356625,28.7299
2,1.65,0,-0.0355114,28.7591
2,1.65,0,-0.0353602,28.7886
2,1.65,0,-0.035209,28.8184
2,1.65,0,-0.0350579,28.8485
2,1.65,0,-0.0349067,28.8789
2,1.65,0,-0.0347555,28.9097
2,1.65,0,-0.0346044,28.9407
2,1.65,0,-0.0344532,28.972
2,1.65,0,-0.034302,29.0037
2,1.65,0,-0.0341509,29.0357
2,1.65,0,-0.0339997,29.068
2,1.65,0,-0.0338485,29.1007
2,1.65,0,-0.0336974,29.1338
2,1.65,0,-0.0335462,29.1671
2,1.65,0,-0.033395,29.2009
2,1.65,0,-0.0332438,29.235
2,1.65,0,-0.0330927,29.2695
2,1.65,0,-0.0329415,29.3044
2,1.65,0,-0.0327903,29.3397
2,1.65,0,-0.0326392,29.3754
2,1.65,0,-0.032488,29.4115
2,1.65,0,-0.0323368,29.448
2,1.65,0,-0.0321857,29.4849
2,1.65,0,-0.0320345,29.5222
2,1.65,0,-0.0318833,29.5601
2,1.65,0,-0.0317322,29.5983
2,1.65,0,-0.031581,29.637
2,1.65,0,-0.0314298,29.6762
2,1.65,0,-0.0312787,29.7159
2,1.65,0,-0.0311275,29.7561
2,1.65,0,-0.0309763,29.7967
2,1.65,0,-0.0308252,29.8379
2,1.65,0,-0.030674,29.8797
2,1.65,0,-0.0305228,29.9219
2,1.65,0,-0.0303717,29.9647
2,1.65,0,-0.0302205,30.0081
2,1.65,0,-0.0300693,30.0521
2,1.65,0,-0.0299182,30.0967
2,1.65,0,-0.029767,30.1418
2,1.65,0,-0.0296158,30.1876
2,1.65,0,-0.0294647,30.2341
2,1.65,0,-0.0293135,30.2812
2,1.65,0,-0.0291623,30.329
2,1.65,0,-0.0290112,30.3775
2,1.65,0,-0.02886,30.4267
2,1.65,0,-0.0287088,30.4766
2,1.65,0,-0.0285577,30.5273
2,1.65,0,-0.0284065,30.5788
2,1.65,0,-0.0282553,30.631
2,1.65,0,-0.0281041,30.6842
2,1.65,0,-0.027953,30.7381
2,1.65,0,-0.0278018,30.793
2,1.65,0,-0.0276506,30.8487
2,1.65,0,-0.0274995,30.9054
2,1.65,0,-0.0273483,30.9631
2,1.65,0,-0.0271971,31.0218
2,1.65,0,-0.027046,31.0815
2,1.65,0,-0.0268948,31.1423
2,1.65,0,-0.0267436,31.2042
2,1.65,0,-0.0265925,31.2673
2,1.65,0,-0.0264413,31.3316
2,1.65,0,-0.0262901,31.3972
2,1.65,0,-0.026139,31.464
2,1.65,0,-0.0259878,31.5322
2,1.65,0,-0.0258366,31.6018
2,1.65,0,-0.0256855,31.6729
2,1.65,0,-0.0255343,31.7456
2,1.65,0,-0.0253831,31.8199
2,1.65,0,-0.025232,31.8959
2,1.65,0,-0.0250808,31.9736
2,1.65,0,-0.0249296,32.0533
2,1.65,0,-0.0247785,32.1349
2,1.65,0,-0.0246273,32.2186
2,1.65,0,-0.0244761,32.3045
2,1.65,0,-0.024325,32.3927
2,1.65,0,-0.0241738,32.4834
2,1.65,0,-0.0240226,32.5768
2,1.65,0,-0.0238715,32.673
2,1.65,0,-0.0237203,32.7722
2,1.65,0,-0.0235691,32.8746
2,1.65,0,-0.023418,32.9805
2,1.65,0,-0.0232668,33.0902
2,1.65,0,-0.0231156,33.204
2,1.65,0,-0.0229644,33.3223
2,1.65,0,-0.0228133,33.4455
2,1.65,0,-0.0226621,33.5741
2,1.65,0,-0.0225109,33.7087
2,1.65,0,-0.0223598,33.8501
2,1.65,0,-0.0222086,33.999
2,1.65,0,-0.0220574,34.1566
2,1.65,0,-0.0219063,34.3242
2,1.65,0,-0.0217551,34.5034
2,1.65,0,-0.0216039,34.6966
2,1.65,0,-0.0214528,34.9066
2,1.65,0,-0.0213016,35.1376
2,1.65,0,-0.0211504,35.3956
2,1.65,0,-0.0209993,35.6902
2,1.65,0,-0.0208481,36.0373
2,1.65,0,-0.0206969,36.4679
2,1.65,0,-0.0205458,37.0571
2,1.65,0,-0.0203946,38.1152
2,1.65,0,-0.0202434,117.667
2,1.65,0,-0.0200923,109.966
2,1.65,0,-0.0199411,106.334
2,1.65,0,-0.0197899,103.908
2,1.65,0,-0.0196388,102.076
2,1.65,0,-0.0194876,100.598
2,1.65,0,-0.0193364,99.3588
2,1.65,0,-0.0191853,98.2896
2,1.65,0,-0.0190341,97.3486
2,1.65,0,-0.0188829,96.5079
2,1.65,0,-0.0187318,95.7476
2,1.65,0,-0.0185806,95.0534
2,1.65,0,-0.0184294,94.4146
2,1.65,0,-0.0182783,93.8227
2,1.65,0,-0.0181271,93.2712
2,1.65,0,-0.0179759,92.7548
2,1.65,0,-0.0178247,92.2693
2,1.65,0,-0.0176736,91.811
2,1.65,0,-0.0175224,91.3771
2,1.65,0,-0.0173712,90.965
2,1.65,0,-0.0172201,90.5727
2,1.65,0,-0.0170689,90.1982
2,1.65,0,-0.0169177,89.84
2,1.65,0,-0.0167666,89.4968
2,1.65,0,-0.0166154,89.1672
2,1.65,0,-0.0164642,88.8504
2,1.65,0,-0.0163131,88.5452
2,1.65,0,-0.0161619,88.251
2,1.65,0,-0.0160107,87.9669
2,1.65,0,-0.0158596,87.6922
2,1.65,0,-0.0157084,87.4264
2,1.65,0,-0.0155572,87.1689
2,1.65,0,-0.0154061,86.9192
2,1.65,0,-0.0152549,86.6769
2,1.65,0,-0.0151037,86.4415
2,1.65,0,-0.0149526,86.2127
2,1.65,0,-0.0148014,85.9901
2,1.65,0,-0.0146502,85.7735
2,1.65,0,-0.0144991,85.5624
2,1.65,0,-0.0143479,85.3567
2,1.65,0,-0.0141967,85.1561
2,1.65,0,-0.0140456,84.9604
2,1.65,0,-0.0138944,84.7694
2,1.65,0,-0.0137432,84.5828
2,1.65,0,-0.0135921,84.4005
2,1.65,0,-0.0134409,84.2223
2,1.65,0,-0.0132897,84.048
2,1.65,0,-0.0131386,83.8775
2,1.65,0,-0.0129874,83.7107
2,1.65,0,-0.0128362,83.5474
2,1.65,0,-0.0126851,83.3876
2,1.65,0,-0.0125339,83.231
2,1.65,0,-0.0123827,83.0776
2,1.65,0,-0.0122315,82.9273
2,1.65,0,-0.0120804,82.78
2,1.65,0,-0.0119292,82.6356
2,1.65,0,-0.011778,82.494
2,1.65,0,-0.0116269,82.3551
2,1.65,0,-0.0114757,82.219
2,1.65,0,-0.0113245,82.0854
2,1.65,0,-0.0111734,81.9544
2,1.65,0,-0.0110222,81.8259
2,1.65,0,-0.010871,81.6998
2,1.65,0,-0.0107199,81.5761
2,1.65,0,-0.0105687,81.4547
2,1.65,0,-0.0104175,81.3356
2,1.65,0,-0.0102664,81.2187
2,1.65,0,-0.0101152,81.1041
2,1.65,0,-0.00996403,80.9917
2,1.65,0,-0.00981286,80.8814
2,1.65,0,-0.0096617,80.7732
2,1.65,0,-0.00951053,80.6671
2,1.65,0,-0.00935936,80.5631
2,1.65,0,-0.00920819,80.4612
2,1.65,0,-0.00905703,80.3613
2,1.65,0,-0.00890586,80.2634
2,1.65,0,-0.00875469,80.1675
2,1.65,0,-0.00860352,80.0737
2,1.65,0,-0.00845236,79.9819
2,1.65,0,-0.00830119,79.8921
2,1.65,0,-0.00815002,79.8043
2,1.65,0,-0.00799885,79.7185
2,1.65,0,-0.00784769,79.6347
2,1.65,0,-0.00769652,79.553
2,1.65,0,-0.00754535,79.4734
2,1.65,0,-0.00739418,79.3958
2,1.65,0,-0.00724302,79.3204
2,1.65,0,-0.00709185,79.2471
2,1.65,0,-0.00694068,79.176
2,1.65,0,-0.00678951,79.1071
2,1.65,0,-0.00663834,79.0404
2,1.65,0,-0.00648718,78.9761
2,1.65,0,-0.00633601,78.9142
2,1.65,0,-0.00618484,78.8547
2,1.65,0,-0.00603367,78.7977
2,1.65,0,-0.00588251,78.7434
2,1.65,0,-0.00573134,78.6917
2,1.65,0,-0.00558017,78.6428
2,1.65,0,-0.005429,78.5969
2,1.65,0,-0.00527784,78.5539
2,1.65,0,-0.00512667,78.5142
2,1.65,0,-0.0049755,78.4778
2,1.65,0,-0.00482433,78.4449
2,1.65,0,-0.00467317,78.4158
2,1.65,0,-0.004522,78.3906
2,1.65,0,-0.00437083,78.3696
2,1.65,0,-0.00421966,78.353
2,1.65,0,-0.00406849,78.3413
2,1.65,0,-0.00391733,78.3347
2,1.65,0,-0.00376616,78.3337
2,1.65,0,-0.00361499,78.3386
2,1.65,0,-0.00346382,78.3502
2,1.65,0,-0.00331266,78.3689
2,1.65,0,-0.00316149,78.3955
2,1.65,0,-0.00301032,78.4308
2,1.65,0,-0.00285915,78.4757
2,1.65,0,-0.00270799,78.5315
2,1.65,0,-0.00255682,78.5995
2,1.65,0,-0.00240565,78.6812
2,1.65,0,-0.00225448,78.7788
2,1.65,0,-0.00210332,78.8947
2,1.65,0,-0.00195215,79.0318
2,1.65,0,-0.00180098,79.1941
2,1.65,0,-0.00164981,79.3865
2,1.65,0,-0.00149864,79.6155
2,1.65,0,-0.00134748,79.89
2,1.65,0,-0.00119631,80.2222
2,1.65,0,-0.00104514,80.6298
2,1.65,0,-0.000893974,81.1398
2,1.65,0,-0.000742807,81.7957
2,1.65,0,-0.000591639,82.674
2,1.65,0,-0.000440471,83.928
2,1.65,0,-0.000289304,85.9332
2,1.65,0,-0.000138136,90.0748
2,1.65,0,1.30317e-05,149.135
2,1.65,0,0.000164199,134.387
2,1.65,0,0.000315367,136.324
2,1.65,0,0.000466535,141.814
2,1.65,0,0.000617702,158.957
2,1.65,0,0.00076887,70.6541
2,1.65,0,0.000920038,66.8026
2,1.65,0,0.00107121,64.3723
2,1.65,0,0.00122237,62.5821
2,1.65,0,0.00137354,61.1704
2,1.65,0,0.00152471,60.0116
2,1.65,0,0.00167588,59.034
2,1.65,0,0.00182704,58.1928
2,1.65,0,0.00197821,57.4578
2,1.65,0,0.00212938,56.8077
2,1.65,0,0.00228055,56.2268
2,1.65,0,0.00243171,55.7035
2,1.65,0,0.00258288,55.2286
2,1.65,0,0.00273405,54.795
2,1.65,0,0.00288522,54.3971
2,1.65,0,0.00303638,54.0301
2,1.65,0,0.00318755,53.6902
2,1.65,0,0.00333872,53.3742
2,1.65,0,0.00348989,53.0796
2,1.65,0,0.00364106,52.8039
2,1.65,0,0.00379222,52.5453
2,1.65,0,0.00394339,52.3021
2,1.65,0,0.00409456,52.0729
2,1.65,0,0.00424573,51.8563
2,1.65,0,0.00439689,51.6514
2,1.65,0,0.00454806,51.4571
2,1.65,0,0.00469923,51.2725
2,1.65,0,0.0048504,51.0969
2,1.65,0,0.00500156,50.9296
2,1.65,0,0.00515273,50.7701
2,1.65,0,0.0053039,50.6176
2,1.65,0,0.00545507,50.4719
2,1.65,0,0.00560623,50.3323
2,1.65,0,0.0057574,50.1985
2,1.65,0,0.00590857,50.0702
2,1.65,0,0.00605974,49.947
2,1.65,0,0.0062109,49.8285
2,1.65,0,0.00636207,49.7146
2,1.65,0,0.00651324,49.6048
2,1.65,0,0.00666441,49.4991
2,1.65,0,0.00681558,49.3972
2,1.65,0,0.00696674,49.2988
2,1.65,0,0.00711791,49.2038
2,1.65,0,0.00726908,49.1121
2,1.65,0,0.00742025,49.0234
2,1.65,0,0.00757141,48.9376
2,1.65,0,0.00772258,48.8545
2,1.65,0,0.00787375,48.7741
2,1.65,0,0.00802492,48.6962
2,1.65,0,0.00817608,48.6206
2,1.65,0,0.00832725,48.5474
2,1.65,0,0.00847842,48.4763
2,1.65,0,0.00862959,48.4073
2,1.65,0,0.00878075,48.3403
2,1.65,0,0.00893192,48.2753
2,1.65,0,0.00908309,48.212
2,1.65,0,0.00923426,48.1506
2,1.65,0,0.00938543,48.0908
2,1.65,0,0.00953659,48.0326
2,1.65,0,0.00968776,47.9761
2,1.65,0,0.00983893,47.921
2,1.65,0,0.0099901,47.8673
2,1.65,0,0.0101413,47.8151
2,1.65,0,0.0102924,47.7642
2,1.65,0,0.0104436,47.7145
2,1.65,0,0.0105948,47.6662
2,1.65,0,0.0107459,47.619
2,1.65,0,0.0108971,47.573
2,1.65,0,0.0110483,47.5281
2,1.65,0,0.0111994,47.4843
2,1.65,0,0.0113506,47.4416
2,1.65,0,0.0115018,47.3999
2,1.65,0,0.0116529,47.3591
2,1.65,0,0.0118041,47.3194
2,1.65,0,0.0119553,47.2805
2,1.65,0,0.0121064,47.2425
2,1.65,0,0.0122576,47.2054
2,1.65,0,0.0124088,47.1692
2,1.65,0,0.0125599,47.1337
2,1.65,0,0.0127111,47.0991
2,1.65,0,0.0128623,47.0652
2,1.65,0,0.0130134,47.0321
2,1.65,0,0.0131646,46.9996
2,1.65,0,0.0133158,46.9679
2,1.65,0,0.013467,46.9369
2,1.65,0,0.0136181,46.9066
2,1.65,0,0.0137693,46.8769
2,1.65,0,0.0139205,46.8478
2,1.65,0,0.0140716,46.8193
2,1.65,0,0.0142228,46.7915
2,1.65,0,0.014374,46.7642
2,1.65,0,0.0145251,46.7375
2,1.65,0,0.0146763,46.7113
2,1.65,0,0.0148275,46.6857
2,1.65,0,0.0149786,46.6606
2,1.65,0,0.0151298,46.636
2,1.65,0,0.015281,46.6119
2,1.65,0,0.0154321,46.5884
2,1.65,0,0.0155833,46.5652
2,1.65,0,0.0157345,46.5426
2,1.65,0,0.0158856,46.5204
2,1.65,0,0.0160368,46.4986
2,1.65,0,0.016188,46.4773
2,1.65,0,0.0163391,46.4564
2,1.65,0,0.0164903,46.4359
2,1.65,0,0.0166415,46.4159
2,1.65,0,0.0167926,46.3962
2,1.65,0,0.0169438,46.3769
2,1.65,0,0.017095,46.358
2,1.65,0,0.0172461,46.3394
2,1.65,0,0.0173973,46.3212
2,1.65,0,0.0175485,46.3034
2,1.65,0,0.0176996,46.2859
2,1.65,0,0.0178508,46.2688
2,1.65,0,0.018002,46.252
2,1.65,0,0.0181531,46.2355
2,1.65,0,0.0183043,46.2193
2,1.65,0,0.0184555,46.2035
2,1.65,0,0.0186067,46.1879
2,1.65,0,0.0187578,46.1727
2,1.65,0,0.018909,46.1577
2,1.65,0,0.0190602,46.143
2,1.65,0,0.0192113,46.1287
2,1.65,0,0.0193625,46.1146
2,1.65,0,0.0195137,46.1007
2,1.65,0,0.0196648,46.0872
2,1.65,0,0.019816,46.0738
2,1.65,0,0.0199672,46.0608
2,1.65,0,0.0201183,46.048
2,1.65,0,0.0202695,46.0355
2,1.65,0,0.0204207,46.0232
2,1.65,0,0.0205718,46.0111
2,1.65,0,0.020723,45.9993
2,1.65,0,0.0208742,45.9877
2,1.65,0,0.0210253,45.9763
2,1.65,0,0.0211765,45.9651
2,1.65,0,0.0213277,45.9542
2,1.65,0,0.0214788,45.9435
2,1.65,0,0.02163,45.933
2,1.65,0,0.0217812,45.9227
2,1.65,0,0.0219323,45.9126
2,1.65,0,0.0220835,45.9027
2,1.65,0,0.0222347,45.893
2,1.65,0,0.0223858,45.8835
2,1.65,0,0.022537,45.8741
2,1.65,0,0.0226882,45.865
2,1.65,0,0.0228393,45.8561
2,1.65,0,0.0229905,45.8473
2,1.65,0,0.0231417,45.8387
2,1.65,0,0.0232928,45.8303
2,1.65,0,0.023444,45.8221
2,1.65,0,0.0235952,45.814
2,1.65,0,0.0237464,45.8061
2,1.65,0,0.0238975,45.7984
2,1.65,0,0.0240487,45.7908
2,1.65,0,0.0241999,45.7834
2,1.65,0,0.024351,45.7761
2,1.65,0,0.0245022,45.769
2,1.65,0,0.0246534,45.7621
2,1.65,0,0.0248045,45.7553
2,1.65,0,0.0249557,45.7486
2,1.65,0,0.0251069,45.7421
2,1.65,0,0.025258,45.7358
2,1.65,0,0.0254092,45.7296
2,1.65,0,0.0255604,45.7235
2,1.65,0,0.0257115,45.7175
2,1.65,0,0.0258627,45.7117
2,1.65,0,0.0260139,45.7061
2,1.65,0,0.026165,45.7005
2,1.65,0,0.0263162,45.6951
2,1.65,0,0.0264674,45.6898
2,1.65,0,0.0266185,45.6847
2,1.65,0,0.0267697,45.6797
2,1.65,0,0.0269209,45.6747
2,1.65,0,0.027072,45.67
2,1.65,0,0.0272232,45.6653
2,1.65,0,0.0273744,45.6607
2,1.65,0,0.0275255,45.6563
2,1.65,0,0.0276767,45.652
2,1.65,0,0.0278279,45.6478
2,1.65,0,0.027979,45.6437
2,1.65,0,0.0281302,45.6397
2,1.65,0,0.0282814,45.6359
2,1.65,0,0.0284325,45.6321
2,1.65,0,0.0285837,45.6284
2,1.65,0,0.0287349,45.6249
2,1.65,0,0.0288861,45.6214
2,1.65,0,0.0290372,45.6181
2,1.65,0,0.0291884,45.6149
2,1.65,0,0.0293396,45.6117
2,1.65,0,0.0294907,45.6087
2,1.65,0,0.0296419,45.6057
2,1.65,0,0.0297931,45.6029
2,1.65,0,0.0299442,45.6001
2,1.65,0,0.0300954,45.5974
2,1.65,0,0.0302466,45.5949
2,1.65,0,0.0303977,45.5924
2,1.65,0,0.0305489,45.59
2,1.65,0,0.0307001,45.5877
2,1.65,0,0.0308512,45.5855
2,1.65,0,0.0310024,45.5834
2,1.65,0,0.0311536,45.5813
2,1.65,0,0.0313047,45.5794
2,1.65,0,0.0314559,45.5775
2,1.65,0,0.0316071,45.5757
2,1.65,0,0.0317582,45.574
2,1.65,0,0.0319094,45.5724
2,1.65,0,0.0320606,45.5709
2,1.65,0,0.0322117,45.5694
2,1.65,0,0.0323629,45.568
2,1.65,0,0.0325141,45.5667
2,1.65,0,0.0326652,45.5655
2,1.65,0,0.0328164,45.5644
2,1.65,0,0.0329676,45.5633
2,1.65,0,0.0331187,45.5623
2,1.65,0,0.0332699,45.5614
2,1.65,0,0.0334211,45.5605
2,1.65,0,0.0335722,45.5597
2,1.65,0,0.0337234,45.559
2,1.65,0,0.0338746,45.5584
2,1.65,0,0.0340258,45.5578
2,1.65,0,0.0341769,45.5573
2,1.65,0,0.0343281,45.5569
2,1.65,0,0.0344793,45.5565
2,1.65,0,0.0346304,45.5563
2,1.65,0,0.0347816,45.556
2,1.65,0,0.0349328,45.5559
2,1.65,0,0.0350839,45.5558
2,1.65,0,0.0352351,45.5557
2,1.65,0,0.0353863,45.5558
2,1.65,0,0.0355374,45.5559
2,1.65,0,0.0356886,45.556
2,1.65,0,0.0358398,45.5563
2,1.65,0,0.0359909,45.5565
2,1.65,0,0.0361421,45.5569
2,1.65,0,0.0362933,45.5573
2,1.65,0,0.0364444,45.5578
2,1.65,0,0.0365956,45.5583
2,1.65,0,0.0367468,45.5589
2,1.65,0,0.0368979,45.5595
2,1.65,0,0.0370491,45.5602
2,1.65,0,0.0372003,45.561
2,1.65,0,0.0373514,45.5618
2,1.65,0,0.0375026,45.5626
2,1.65,0,0.0376538,45.5636
2,1.65,0,0.0378049,45.5645
2,1.65,0,0.0379561,45.5656
2,1.65,0,0.0381073,45.5667
2,1.65,0,0.0382584,45.5678
2,1.65,0,0.0384096,45.569
2,1.65,0,0.0385608,45.5702
2,1.65,0,0.0387119,45.5715
2,1.65,0,0.0388631,45.5729
2,1.65,0,0.0390143,45.5743
2,1.65,0,0.0391655,45.5757
2,1.65,0,0.0393166,45.5772
2,1.65,0,0.0394678,45.5788
2,1.65,0,0.039619,45.5804
2,1.65,0,0.0397701,45.582
2,1.65,0,0.0399213,45.5837
2,1.65,0,0.0400725,45.5855
2,1.65,0,0.0402236,45.5873
2,1.65,0,0.0403748,45.5891
2,1.65,0,0.040526,45.591
2,1.65,0,0.0406771,45.5929
2,1.65,0,0.0408283,45.5949
2,1.65,0,0.0409795,45.5969
2,1.65,0,0.0411306,45.599
2,1.65,0,0.0412818,45.6011
2,1.65,0,0.041433,45.6033
2,1.65,0,0.0415841,45.6055
2,1.65,0,0.0417353,45.6078
2,1.65,0,0.0418865,45.6101
2,1.65,0,0.0420376,45.6124
2,1.65,0,0.0421888,45.6148
2,1.65,0,0.04234,45.6172
2,1.65,0,0.0424911,45.6197
2,1.65,0,0.0426423,45.6222
2,1.65,0,0.0427935,45.6247
2,1.65,0,0.0429446,45.6273
2,1.65,0,0.0430958,45.6299
2,1.65,0,0.043247,45.6326
2,1.65,0,0.0433981,45.6353
2,1.65,0,0.0435493,45.6381
2,1.65,0,0.0437005,45.6409
2,1.65,0,0.0438516,45.6437
2,1.65,0,0.0440028,45.6466
2,1.65,0,0.044154,45.6495
2,1.65,0,0.0443052,45.6525
2,1.65,0,0.0444563,45.6554
2,1.65,0,0.0446075,45.6585
2,1.65,0,0.0447587,45.6615
2,1.65,0,0.0449098,45.6646
2,1.65,0,0.045061,45.6678
2,1.65,0,0.0452122,45.671
2,1.65,0,0.0453633,45.6742
2,1.65,0,0.0455145,45.6774
2,1.65,0,0.0456657,45.6807
2,1.65,0,0.0458168,45.6841
2,1.65,0,0.045968,45.6874
2,1.65,0,0.0461192,45.6908
2,1.65,0,0.0462703,45.6942
2,1.65,0,0.0464215,45.6977
2,1.65,0,0.0465727,45.7012
2,1.65,0,0.0467238,45.7048
2,1.65,0,0.046875,45.7083
2,1.65,0,0.0470262,45.7119
2,1.65,0,0.0471773,45.7156
2,1.65,0,0.0473285,45.7192
2,1.65,0,0.0474797,45.723
2,1.65,0,0.0476308,45.7267
2,1.65,0,0.047782,45.7305
2,1.65,0,0.0479332,45.7343
2,1.65,0,0.0480843,45.7381
2,1.65,0,0.0482355,45.742
2,1.65,0,0.0483867,45.7459
2,1.65,0,0.0485378,45.7498
2,1.65,0,0.048689,45.7538
2,1.65,0,0.0488402,45.7578
2,1.65,0,0.0489913,45.7618
2,1.65,0,0.0491425,45.7659
2,1.65,0,0.0492937,45.77
2,1.65,0,0.0494448,45.7741
2,1.65,0,0.049596,45.7783
2,1.65,0,0.0497472,45.7825
2,1.65,0,0.0498984,45.7867
2,1.65,0,0.0500495,45.791
2,1.65,0,0.0502007,45.7952
2,1.65,0,0.0503519,45.7996
2,1.65,0,0.050503,45.8039
2,1.65,0,0.0506542,45.8083
2,1.65,0,0.0508054,45.8127
2,1.65,0,0.0509565,45.8171
2,1.65,0,0.0511077,45.8216
2,1.65,0,0.0512589,45.826
2,1.65,0,0.05141,45.8306
2,1.65,0,0.0515612,45.8351
2,1.65,0,0.0517124,45.8397
2,1.65,0,0.0518635,45.8443
2,1.65,0,0.0520147,45.8489
2,1.65,0,0.0521659,45.8536
2,1.65,0,0.052317,45.8583
2,1.65,0,0.0524682,45.863
2,1.65,0,0.0526194,45.8677
2,1.65,0,0.0527705,45.8725
2,1.65,0,0.0529217,45.8773
2,1.65,0,0.0530729,45.8821
2,1.65,0,0.053224,45.887
2,1.65,0,0.0533752,45.8919
2,1.65,0,0.0535264,45.8968
2,1.65,0,0.0536775,45.9017
2,1.65,0,0.0538287,45.9067
2,1.65,0,0.0539799,45.9117
2,1.65,0,0.054131,45.9167
2,1.65,0,0.0542822,45.9217
2,1.65,0,0.0544334,45.9268
2,1.65,0,0.0545845,45.9319
2,1.65,0,0.0547357,45.937
2,1.65,0,0.0548869,45.9421
2,1.65,0,0.0550381,45.9473
2,1.65,0,0.0551892,45.9525
2,1.65,0,0.0553404,45.9577
2,1.65,0,0.0554916,45.963
2,1.65,0,0.0556427,45.9682
2,1.65,0,0.0557939,45.9735
2,1.65,0,0.0559451,45.9789
2,1.65,0,0.0560962,45.9842
2,1.65,0,0.0562474,45.9896
2,1.65,0,0.0563986,45.995
2,1.65,0,0.0565497,46.0004
2,1.65,0,0.0567009,46.0058
2,1.65,0,0.0568521,46.0113
2,1.65,0,0.0570032,46.0168
2,1.65,0,0.0571544,46.0223
2,1.65,0,0.0573056,46.0279
2,1.65,0,0.0574567,46.0334
2,1.65,0,0.0576079,46.039
2,1.65,0,0.0577591,46.0447
2,1.65,0,0.0579102,46.0503
2,1.65,0,0.0580614,46.056
2,1.65,0,0.0582126,46.0616
2,1.65,0,0.0583637,46.0674
2,1.65,0,0.0585149,46.0731
2,1.65,0,0.0586661,46.0788
2,1.65,0,0.0588172,46.0846
2,1.65,0,0.0589684,46.0904
2,1.65,0,0.0591196,46.0963
2,1.65,0,0.0592707,46.1021
2,1.65,0,0.0594219,46.108
2,1.65,0,0.0595731,46.1139
2,1.65,0,0.0597242,46.1198
2,1.65,0,0.0598754,46.1257
2,1.65,0,0.0600266,46.1317
2,1.65,0,0.0601778,46.1377
2,1.65,0,0.0603289,46.1437
2,1.65,0,0.0604801,46.1497
2,1.65,0,0.0606313,46.1558
2,1.65,0,0.0607824,46.1618
2,1.65,0,0.0609336,46.1679
2,1.65,0,0.0610848,46.1741
2,1.65,0,0.0612359,46.1802
2,1.65,0,0.0613871,46.1864
2,1.65,0,0.0615383,46.1925
2,1.65,0,0.0616894,46.1988
2,1.65,0,0.0618406,46.205
2,1.65,0,0.0619918,46.2112
2,1.65,0,0.0621429,46.2175
2,1.65,0,0.0622941,46.2238
2,1.65,0,0.0624453,46.2301
2,1.65,0,0.0625964,46.2364
2,1.65,0,0.0627476,46.2428
2,1.65,0,0.0628988,46.2492
2,1.65,0,0.0630499,46.2556
2,1.65,0,0.0632011,46.262
2,1.65,0,0.0633523,46.2684
2,1.65,0,0.0635034,46.2749
2,1.65,0,0.0636546,46.2814
2,1.65,0,0.0638058,46.2879
2,1.65,0,0.0639569,46.2944
2,1.65,0,0.0641081,46.301
2,1.65,0,0.0642593,46.3075
2,1.65,0,0.0644104,46.3141
2,1.65,0,0.0645616,46.3207
2,1.65,0,0.0647128,46.3274
2,1.65,0,0.0648639,46.334
2,1.65,0,0.0650151,46.3407
2,1.65,0,0.0651663,46.3474
2,1.65,0,0.0653175,46.3541
2,1.65,0,0.0654686,46.3608
2,1.65,0,0.0656198,46.3676
2,1.65,0,0.065771,46.3743
2,1.65,0,0.0659221,46.3811
2,1.65,0,0.0660733,46.3879
2,1.65,0,0.0662245,46.3948
2,1.65,0,0.0663756,46.4016
2,1.65,0,0.0665268,46.4085
2,1.65,0,0.066678,46.4154
2,1.65,0,0.0668291,46.4223
2,1.65,0,0.0669803,46.4292
2,1.65,0,0.0671315,46.4362
2,1.65,0,0.0672826,46.4431
2,1.65,0,0.0674338,46.4501
2,1.65,0,0.067585,46.4571
2,1.65,0,0.0677361,46.4642
2,1.65,0,0.0678873,46.4712
2,1.65,0,0.0680385,46.4783
2,1.65,0,0.0681896,46.4854
2,1.65,0,0.0683408,46.4925
2,1.65,0,0.068492,46.4996
2,1.65,0,0.0686431,46.5068
2,1.65,0,0.0687943,46.5139
2,1.65,0,0.0689455,46.5211
2,1.65,0,0.0690966,46.5283
2,1.65,0,0.0692478,46.5355
2,1.65,0,0.069399,46.5428
2,1.65,0,0.0695501,46.55
2,1.65,0,0.0697013,46.5573
2,1.65,0,0.0698525,46.5646
2,1.65,0,0.0700036,46.572
2,1.65,0,0.0701548,46.5793
2,1.65,0,0.070306,46.5866
2,1.65,0,0.0704572,46.594
2,1.65,0,0.0706083,46.6014
2,1.65,0,0.0707595,46.6088
2,1.65,0,0.0709107,46.6163
2,1.65,0,0.0710618,46.6237
2,1.65,0,0.071213,46.6312
2,1.65,0,0.0713642,46.6387
2,1.65,0,0.0715153,46.6462
2,1.65,0,0.0716665,46.6537
2,1.65,0,0.0718177,46.6613
2,1.65,0,0.0719688,46.6688
2,1.65,0,0.07212,46.6764
2,1.65,0,0.0722712,46.684
2,1.65,0,0.0724223,46.6917
2,1.65,0,0.0725735,46.6993
2,1.65,0,0.0727247,46.707
2,1.65,0,0.0728758,46.7146
2,1.65,0,0.073027,46.7223
2,1.65,0,0.0731782,46.73
2,1.65,0,0.0733293,46.7378
2,1.65,0,0.0734805,46.7455
2,1.65,0,0.0736317,46.7533
2,1.65,0,0.0737828,46.7611
2,1.65,0,0.073934,46.7689
2,1.65,0,0.0740852,46.7767
2,1.65,0,0.0742363,46.7846
2,1.65,0,0.0743875,46.7924
2,1.65,0,0.0745387,46.8003
2,1.65,0,0.0746898,46.8082
2,1.65,0,0.074841,46.8161
2,1.65,0,0.0749922,46.8241
2,1.65,0,0.0751433,46.832
2,1.65,0,0.0752945,46.84
2,1.65,0,0.0754457,46.848
2,1.65,0,0.0755969,46.856
2,1.65,0,0.075748,46.864
2,1.65,0,0.0758992,46.8721
2,1.65,0,0.0760504,46.8802
2,1.65,0,0.0762015,46.8882
2,1.65,0,0.0763527,46.8963
2,1.65,0,0.0765039,46.9045
2,1.65,0,0.076655,46.9126
2,1.65,0,0.0768062,46.9208
2,1.65,0,0.0769574,46.9289
2,1.65,0,0.0771085,46.9371
2,1.65,0,0.0772597,46.9453
2,1.65,0,0.0774109,46.9536
2,1.65,0,0.077562,46.9618
2,1.65,0,0.0777132,46.9701
2,1.65,0,0.0778644,46.9784
2,1.65,0,0.0780155,46.9867
2,1.65,0,0.0781667,46.995
2,1.65,0,0.0783179,47.0033
2,1.65,0,0.078469,47.0117
2,1.65,0,0.0786202,47.0201
2,1.65,0,0.0787714,47.0285
2,1.65,0,0.0789225,47.0369
2,1.65,0,0.0790737,47.0453
2,1.65,0,0.0792249,47.0537
2,1.65,0,0.079376,47.0622
2,1.65,0,0.0795272,47.0707
2,1.65,0,0.0796784,47.0792
2,1.65,0,0.0798295,47.0877
2,1.65,0,0.0799807,47.0963
2,1.65,0,0.0801319,47.1048
2,1.65,0,0.080283,47.1134
2,1.65,0,0.0804342,47.122
2,1.65,0,0.0805854,47.1306
2,1.65,0,0.0807366,47.1392
2,1.65,0,0.0808877,47.1479
2,1.65,0,0.0810389,47.1565
2,1.65,0,0.0811901,47.1652
2,1.65,0,0.0813412,47.1739
2,1.65,0,0.0814924,47.1826
2,1.65,0,0.0816436,47.1914
2,1.65,0,0.0817947,47.2001
2,1.65,0,0.0819459,47.2089
2,1.65,0,0.0820971,47.2177
2,1.65,0,0.0822482,47.2265
2,1.65,0,0.0823994,47.2353
2,1.65,0,0.0825506,47.2442
2,1.65,0,0.0827017,47.253
2,1.65,0,0.0828529,47.2619
2,1.65,0,0.0830041,47.2708
2,1.65,0,0.0831552,47.2797
2,1.65,0,0.0833064,47.2887
2,1.65,0,0.0834576,47.2976
2,1.65,0,0.0836087,47.3066
2,1.65,0,0.0837599,47.3156
2,1.65,0,0.0839111,47.3246
2,1.65,0,0.0840622,47.3336
2,1.65,0,0.0842134,47.3427
2,1.65,0,0.0843646,47.3517
2,1.65,0,0.0845157,47.3608
2,1.65,0,0.0846669,47.3699
2,1.65,0,0.0848181,47.3791
2,1.65,0,0.0849692,47.3882
2,1.65,0,0.0851204,47.3973
2,1.65,0,0.0852716,47.4065
2,1.65,0,0.0854227,47.4157
2,1.65,0,0.0855739,47.4249
2,1.65,0,0.0857251,47.4341
2,1.65,0,0.0858763,47.4434
2,1.65,0,0.0860274,47.4527
2,1.65,0,0.0861786,47.4619
2,1.65,0,0.0863298,47.4712
2,1.65,0,0.0864809,47.4806
2,1.65,0,0.0866321,47.4899
2,1.65,0,0.0867833,47.4993
2,1.65,0,0.0869344,47.5086
2,1.65,0,0.0870856,47.518
2,1.65,0,0.0872368,47.5274
2,1.65,0,0.0873879,47.5369
2,1.65,0,0.0875391,47.5463
2,1.65,0,0.0876903,47.5558
2,1.65,0,0.0878414,47.5653
2,1.65,0,0.0879926,47.5748
2,1.65,0,0.0881438,47.5843
2,1.65,0,0.0882949,47.5939
2,1.65,0,0.0884461,47.6034
2,1.65,0,0.0885973,47.613
2,1.65,0,0.0887484,47.6226
2,1.65,0,0.0888996,47.6322
2,1.65,0,0.0890508,47.6418
2,1.65,0,0.0892019,47.6515
2,1.65,0,0.0893531,47.6612
2,1.65,0,0.0895043,47.6709
2,1.65,0,0.0896554,47.6806
2,1.65,0,0.0898066,47.6903
2,1.65,0,0.0899578,47.7
2,1.65,0,0.0901089,47.7098
2,1.65,0,0.0902601,47.7196
2,1.65,0,0.0904113,47.7294
2,1.65,0,0.0905624,47.7392
2,1.65,0,0.0907136,47.7491
2,1.65,0,0.0908648,47.7589
2,1.65,0,-0.0220385,34.177
2,1.65,0,-0.0220008,34.2182
2,1.65,0,-0.021963,34.26
2,1.65,0,-0.0219252,34.3026
2,1.65,0,-0.0218874,34.3459
2,1.65,0,-0.0218496,34.3899
2,1.65,0,-0.0218118,34.4347
2,1.65,0,-0.021774,34.4803
2,1.65,0,-0.0217362,34.5267
2,1.65,0,-0.0216984,34.5741
2,1.65,0,-0.0216606,34.6223
2,1.65,0,-0.0216228,34.6716
2,1.65,0,-0.021585,34.7218
2,1.65,0,-0.0215473,34.7731
2,1.65,0,-0.0215095,34.8256
2,1.65,0,-0.0214717,34.8793
2,1.65,0,-0.0214339,34.9342
2,1.65,0,-0.0213961,34.9905
2,1.65,0,-0.0213583,35.0482
2,1.65,0,-0.0213205,35.1074
2,1.65,0,-0.0212827,35.1682
2,1.65,0,-0.0212449,35.2308
2,1.65,0,-0.0212071,35.2952
2,1.65,0,-0.0211693,35.3616
2,1.65,0,-0.0211315,35.4302
2,1.65,0,-0.0210937,35.5012
2,1.65,0,-0.021056,35.5747
2,1.65,0,-0.0210182,35.651
2,1.65,0,-0.0209804,35.7303
2,1.65,0,-0.0209426,35.813
2,1.65,0,-0.0209048,35.8995
2,1.65,0,-0.020867,35.9902
2,1.65,0,-0.0208292,36.0856
2,1.65,0,-0.0207914,36.1865
2,1.65,0,-0.0207536,36.2935
2,1.65,0,-0.0207158,36.4077
2,1.65,0,-0.020678,36.5304
2,1.65,0,-0.0206402,36.6632
2,1.65,0,-0.0206025,36.8085
2,1.65,0,-0.0205647,36.9694
2,1.65,0,-0.0205269,37.1506
2,1.65,0,-0.0204891,37.3594
2,1.65,0,-0.0204513,37.608
2,1.65,0,-0.0204135,37.9203
2,1.65,0,-0.0203757,38.3529
2,1.65,0,-0.0203379,39.1252
2,1.65,0,-0.0203001,127.915
2,1.65,0,-0.0202623,119.696
2,1.65,0,-0.0202245,116.104
2,1.65,0,-0.0201867,113.751
2,1.65,0,-0.020149,111.99
2,1.65,0,-0.0201112,110.58
2,1.65,0,-0.0200734,109.4
2,1.65,0,-0.0200356,108.386
2,1.65,0,-0.0199978,107.496
2,1.65,0,-0.01996,106.702
2,1.65,0,-0.0199222,105.984
2,1.65,0,-0.0198844,105.33
2,1.65,0,-0.0198466,104.729
2,1.65,0,-0.0198088,104.172
2,1.65,0,-0.019771,103.654
2,1.65,0,-0.0197332,103.168
2,1.65,0,-0.0196954,102.712
2,1.65,0,-0.0196577,102.282
2,1.65,0,-0.0196199,101.875
2,1.65,0,-0.0195821,101.488
2,1.65,0,-0.0195443,101.12
2,1.65,0,-0.0195065,100.768
2,1.65,0,-0.0194687,100.432
2,1.65,0,-0.0194309,100.11
2,1.65,0,-0.0193931,99.8008
2,1.65,0,-0.0193553,99.5034
2,1.65,0,-0.0193175,99.2169
2,1.65,0,-0.0192797,98.9406
2,1.65,0,-0.0192419,98.6737
2,1.65,0,-0.0192042,98.4155
2,1.65,0,-0.0191664,98.1656
2,1.65,0,-0.0191286,97.9234
2,1.65,0,-0.0190908,97.6885
2,1.65,0,-0.019053,97.4603
2,1.65,0,-0.0190152,97.2385
2,1.65,0,-0.0189774,97.0228
2,1.65,0,-0.0189396,96.8128
2,1.65,0,-0.0189018,96.6082
2,1.65,0,-0.018864,96.4088
2,1.65,0,-0.0188262,96.2142
2,1.65,0,-0.0187884,96.0243
2,1.65,0,-0.0187507,95.8388
2,1.65,0,-0.0187129,95.6575
2,1.65,0,-0.0186751,95.4802
2,1.65,0,-0.0186373,95.3068
2,1.65,0,-0.0185995,95.137
2,1.65,0,-0.0185617,94.9708
2,1.65,0,-0.0185239,94.8079
2,1.65,0,-0.0184861,94.6483
2,1.65,0,-0.0184483,94.4917
2,1.65,0,-0.0184105,94.3382
2,1.65,0,-0.0183727,94.1875
2,1.65,0,-0.0183349,94.0396
2,1.65,0,-0.0182971,93.8944
2,1.65,0,-0.0182594,93.7517
2,1.65,0,-0.0182216,93.6115
2,1.65,0,-0.0181838,93.4736
2,1.65,0,-0.018146,93.3381
2,1.65,0,-0.0181082,93.2048
2,1.65,0,-0.0180704,93.0737
2,1.65,0,-0.0180326,92.9446
2,1.65,0,-0.0179948,92.8176
2,1.65,0,-0.017957,92.6925
2,1.65,0,-0.0179192,92.5693
2,1.65,0,-0.0178814,92.448
2,1.65,0,-0.0178436,92.3284
2,1.65,0,-0.0178059,92.2106
2,1.65,0,-0.0177681,92.0944
2,1.65,0,-0.0177303,91.9799
2,1.65,0,-0.0176925,91.8669
2,1.65,0,-0.0176547,91.7555
2,1.65,0,-0.0176169,91.6456
2,1.65,0,-0.0175791,91.5371
2,1.65,0,-0.0175413,91.4301
2,1.65,0,-0.0175035,91.3245
2,1.65,0,-0.0174657,91.2201
2,1.65,0,-0.0174279,91.1171
2,1.65,0,-0.0173901,91.0154
2,1.65,0,-0.0173524,90.9149
2,1.65,0,-0.0173146,90.8157
2,1.65,0,-0.0172768,90.7176
2,1.65,0,-0.017239,90.6207
2,1.65,0,-0.0172012,90.5249
2,1.65,0,-0.0171634,90.4302
2,1.65,0,-0.0171256,90.3366
2,1.65,0,-0.0170878,90.2441
2,1.65,0,-0.01705,90.1526
2,1.65,0,-0.0170122,90.062
2,1.65,0,-0.0169744,89.9725
2,1.65,0,-0.0169366,89.8839
2,1.65,0,-0.0168988,89.7963
2,1.65,0,-0.0168611,89.7096
2,1.65,0,-0.0168233,89.6238
2,1.65,0,-0.0167855,89.5389
2,1.65,0,-0.0167477,89.4548
2,1.65,0,-0.0167099,89.3716
2,1.65,0,-0.0166721,89.2893
2,1.65,0,-0.0166343,89.2077
2,1.65,0,-0.0165965,89.127
2,1.65,0,-0.0165587,89.047
2,1.65,0,-0.0165209,88.9678
2,1.65,0,-0.0164831,88.8893
2,1.65,0,-0.0164453,88.8116
2,1.65,0,-0.0164076,88.7346
2,1.65,0,-0.0163698,88.6584
2,1.65,0,-0.016332,88.5828
2,1.65,0,-0.0162942,88.5079
2,1.65,0,-0.0162564,88.4337
2,1.65,0,-0.0162186,88.3601
2,1.65,0,-0.0161808,88.2872
2,1.65,0,-0.016143,88.2149
2,1.65,0,-0.0161052,88.1433
2,1.65,0,-0.0160674,88.0723
2,1.65,0,-0.0160296,88.0018
2,1.65,0,-0.0159918,87.932
2,1.65,0,-0.0159541,87.8628
2,1.65,0,-0.0159163,87.7941
2,1.65,0,-0.0158785,87.726
2,1.65,0,-0.0158407,87.6585
2,1.65,0,-0.0158029,87.5915
2,1.65,0,-0.0157651,87.5251
2,1.65,0,-0.0157273,87.4591
2,1.65,0,-0.0156895,87.3938
2,1.65,0,-0.0156517,87.3289
2,1.65,0,-0.0156139,87.2645
2,1.65,0,-0.0155761,87.2006
2,1.65,0,-0.0155383,87.1373
2,1.65,0,-0.0155005,87.0744
2,1.65,0,-0.0154628,87.0119
2,1.65,0,-0.015425,86.95
2,1.65,0,-0.0153872,86.8885
2,1.65,0,-0.0153494,86.8275
2,1.65,0,-0.0153116,86.7669
2,1.65,0,-0.0152738,86.7068
2,1.65,0,-0.015236,86.6471
2,1.65,0,-0.0151982,86.5878
2,1.65,0,-0.0151604,86.529
2,1.65,0,-0.0151226,86.4706
2,1.65,0,-0.0150848,86.4125
2,1.65,0,-0.015047,86.3549
2,1.65,0,-0.0150093,86.2977
2,1.65,0,-0.0149715,86.2409
2,1.65,0,-0.0149337,86.1845
2,1.65,0,-0.0148959,86.1285
2,1.65,0,-0.0148581,86.0729
2,1.65,0,-0.0148203,86.0176
2,1.65,0,-0.0147825,85.9627
2,1.65,0,-0.0147447,85.9082
2,1.65,0,-0.0147069,85.854
2,1.65,0,-0.0146691,85.8002
2,1.65,0,-0.0146313,85.7468
2,1.65,0,-0.0145935,85.6937
2,1.65,0,-0.0145557,85.6409
2,1.65,0,-0.014518,85.5885
2,1.65,0,-0.0144802,85.5364
2,1.65,0,-0.0144424,85.4847
2,1.65,0,-0.0144046,85.4333
2,1.65,0,-0.0143668,85.3822
2,1.65,0,-0.014329,85.3314
2,1.65,0,-0.0142912,85.2809
2,1.65,0,-0.0142534,85.2308
2,1.65,0,-0.0142156,85.1809
2,1.65,0,-0.0141778,85.1314
2,1.65,0,-0.01414,85.0822
2,1.65,0,-0.0141022,85.0333
2,1.65,0,-0.0140645,84.9846
2,1.65,0,-0.0140267,84.9363
2,1.65,0,-0.0139889,84.8882
2,1.65,0,-0.0139511,84.8405
2,1.65,0,-0.0139133,84.793
2,1.65,0,-0.0138755,84.7458
2,1.65,0,-0.0138377,84.6989
2,1.65,0,-0.0137999,84.6522
2,1.65,0,-0.0137621,84.6059
2,1.65,0,-0.0137243,84.5598
2,1.65,0,-0.0136865,84.5139
2,1.65,0,-0.0136487,84.4683
2,1.65,0,-0.013611,84.423
2,1.65,0,-0.0135732,84.378
2,1.65,0,-0.0135354,84.3332
2,1.65,0,-0.0134976,84.2886
2,1.65,0,-0.0134598,84.2443
2,1.65,0,-0.013422,84.2003
2,1.65,0,-0.0133842,84.1565
2,1.65,0,-0.0133464,84.1129
2,1.65,0,-0.0133086,84.0696
2,1.65,0,-0.0132708,84.0265
2,1.65,0,-0.013233,83.9836
2,1.65,0,-0.0131952,83.941
2,1.65,0,-0.0131574,83.8986
2,1.65,0,-0.0131197,83.8565
2,1.65,0,-0.0130819,83.8146
2,1.65,0,-0.0130441,83.7729
2,1.65,0,-0.0130063,83.7314
2,1.65,0,-0.0129685,83.6901
2,1.65,0,-0.0129307,83.6491
2,1.65,0,-0.0128929,83.6083
2,1.65,0,-0.0128551,83.5677
2,1.65,0,-0.0128173,83.5273
2,1.65,0,-0.0127795,83.4871
2,1.65,0,-0.0127417,83.4471
2,1.65,0,-0.0127039,83.4074
2,1.65,0,-0.0126662,83.3678
2,1.65,0,-0.0126284,83.3285
2,1.65,0,-0.0125906,83.2893
2,1.65,0,-0.0125528,83.2504
2,1.65,0,-0.012515,83.2116
2,1.65,0,-0.0124772,83.1731
2,1.65,0,-0.0124394,83.1347
2,1.65,0,-0.0124016,83.0966
2,1.65,0,-0.0123638,83.0586
2,1.65,0,-0.012326,83.0209
2,1.65,0,-0.0122882,82.9833
2,1.65,0,-0.0122504,82.9459
2,1.65,0,-0.0122127,82.9087
2,1.65,0,-0.0121749,82.8717
2,1.65,0,-0.0121371,82.8349
2,1.65,0,-0.0120993,82.7982
2,1.65,0,-0.0120615,82.7618
2,1.65,0,-0.0120237,82.7255
2,1.65,0,-0.0119859,82.6894
2,1.65,0,-0.0119481,82.6535
2,1.65,0,-0.0119103,82.6177
2,1.65,0,-0.0118725,82.5821
2,1.65,0,-0.0118347,82.5467
2,1.65,0,-0.0117969,82.5115
2,1.65,0,-0.0117591,82.4765
2,1.65,0,-0.0117214,82.4416
2,1.65,0,-0.0116836,82.4069
2,1.65,0,-0.0116458,82.3723
2,1.65,0,-0.011608,82.338
2,1.65,0,-0.0115702,82.3038
2,1.65,0,-0.0115324,82.2697
2,1.65,0,-0.0114946,82.2358
2,1.65,0,-0.0114568,82.2021
2,1.65,0,-0.011419,82.1686
2,1.65,0,-0.0113812,82.1352
2,1.65,0,-0.0113434,82.102
2,1.65,0,-0.0113056,82.0689
2,1.65,0,-0.0112679,82.036
2,1.65,0,-0.0112301,82.0032
2,1.65,0,-0.0111923,81.9706
2,1.65,0,-0.0111545,81.9382
2,1.65,0,-0.0111167,81.9059
2,1.65,0,-0.0110789,81.8738
2,1.65,0,-0.0110411,81.8418
2,1.65,0,-0.0110033,81.81
2,1.65,0,-0.0109655,81.7783
2,1.65,0,-0.0109277,81.7468
2,1.65,0,-0.0108899,81.7154
2,1.65,0,-0.0108521,81.6842
2,1.65,0,-0.0108144,81.6531
2,1.65,0,-0.0107766,81.6222
2,1.65,0,-0.0107388,81.5914
2,1.65,0,-0.010701,81.5608
2,1.65,0,-0.0106632,81.5303
2,1.65,0,-0.0106254,81.4999
2,1.65,0,-0.0105876,81.4697
2,1.65,0,-0.0105498,81.4397
2,1.65,0,-0.010512,81.4098
2,1.65,0,-0.0104742,81.38
2,1.65,0,-0.0104364,81.3503
2,1.65,0,-0.0103986,81.3209
2,1.65,0,-0.0103608,81.2915
2,1.65,0,-0.0103231,81.2623
2,1.65,0,-0.0102853,81.2332
2,1.65,0,-0.0102475,81.2043
2,1.65,0,-0.0102097,81.1755
2,1.65,0,-0.0101719,81.1468
2,1.65,0,-0.0101341,81.1183
2,1.65,0,-0.0100963,81.0899
2,1.65,0,-0.0100585,81.0617
2,1.65,0,-0.0100207,81.0336
2,1.65,0,-0.00998293,81.0056
2,1.65,0,-0.00994514,80.9778
2,1.65,0,-0.00990734,80.9501
2,1.65,0,-0.00986955,80.9225
2,1.65,0,-0.00983176,80.895
2,1.65,0,-0.00979397,80.8677
2,1.65,0,-0.00975618,80.8406
2,1.65,0,-0.00971839,80.8135
2,1.65,0,-0.00968059,80.7866
2,1.65,0,-0.0096428,80.7598
2,1.65,0,-0.00960501,80.7332
2,1.65,0,-0.00956722,80.7066
2,1.65,0,-0.00952943,80.6803
2,1.65,0,-0.00949163,80.654
2,1.65,0,-0.00945384,80.6279
2,1.65,0,-0.00941605,80.6019
2,1.65,0,-0.00937826,80.576
2,1.65,0,-0.00934047,80.5503
2,1.65,0,-0.00930267,80.5246
2,1.65,0,-0.00926488,80.4992
2,1.65,0,-0.00922709,80.4738
2,1.65,0,-0.0091893,80.4486
2,1.65,0,-0.00915151,80.4235
2,1.65,0,-0.00911371,80.3985
2,1.65,0,-0.00907592,80.3736
2,1.65,0,-0.00903813,80.3489
2,1.65,0,-0.00900034,80.3243
2,1.65,0,-0.00896255,80.2999
2,1.65,0,-0.00892476,80.2755
2,1.65,0,-0.00888696,80.2513
2,1.65,0,-0.00884917,80.2272
2,1.65,0,-0.00881138,80.2032
2,1.65,0,-0.00877359,80.1794
2,1.65,0,-0.0087358,80.1557
2,1.65,0,-0.008698,80.1321
2,1.65,0,-0.00866021,80.1086
2,1.65,0,-0.00862242,80.0853
2,1.65,0,-0.00858463,80.0621
2,1.65,0,-0.00854684,80.039
2,1.65,0,-0.00850904,80.0161
2,1.65,0,-0.00847125,79.9932
2,1.65,0,-0.00843346,79.9705
2,1.65,0,-0.00839567,79.948
2,1.65,0,-0.00835788,79.9255
2,1.65,0,-0.00832008,79.9032
2,1.65,0,-0.00828229,79.881
2,1.65,0,-0.0082445,79.8589
2,1.65,0,-0.00820671,79.8369
2,1.65,0,-0.00816892,79.8151
2,1.65,0,-0.00813112,79.7934
2,1.65,0,-0.00809333,79.7718
2,1.65,0,-0.00805554,79.7504
2,1.65,0,-0.00801775,79.7291
2,1.65,0,-0.00797996,79.7079
2,1.65,0,-0.00794217,79.6868
2,1.65,0,-0.00790437,79.6659
2,1.65,0,-0.00786658,79.6451
2,1.65,0,-0.00782879,79.6244
2,1.65,0,-0.007791,79.6038
2,1.65,0,-0.00775321,79.5834
2,1.65,0,-0.00771541,79.5631
2,1.65,0,-0.00767762,79.543
2,1.65,0,-0.00763983,79.5229
2,1.65,0,-0.00760204,79.503
2,1.65,0,-0.00756425,79.4832
2,1.65,0,-0.00752645,79.4636
2,1.65,0,-0.00748866,79.4441
2,1.65,0,-0.00745087,79.4247
2,1.65,0,-0.00741308,79.4054
2,1.65,0,-0.00737529,79.3863
2,1.65,0,-0.00733749,79.3673
2,1.65,0,-0.0072997,79.3484
2,1.65,0,-0.00726191,79.3297
2,1.65,0,-0.00722412,79.3111
2,1.65,0,-0.00718633,79.2926
2,1.65,0,-0.00714854,79.2743
2,1.65,0,-0.00711074,79.2561
2,1.65,0,-0.00707295,79.2381
2,1.65,0,-0.00703516,79.2202
2,1.65,0,-0.00699737,79.2024
2,1.65,0,-0.00695958,79.1847
2,1.65,0,-0.00692178,79.1672
2,1.65,0,-0.00688399,79.1499
2,1.65,0,-0.0068462,79.1326
2,1.65,0,-0.00680841,79.1156
2,1.65,0,-0.00677062,79.0986
2,1.65,0,-0.00673282,79.0818
2,1.65,0,-0.00669503,79.0652
2,1.65,0,-0.00665724,79.0486
2,1.65,0,-0.00661945,79.0323
2,1.65,0,-0.00658166,79.016
2,1.65,0,-0.00654386,79
2,1.65,0,-0.00650607,78.984
2,1.65,0,-0.00646828,78.9683
2,1.65,0,-0.00643049,78.9526
2,1.65,0,-0.0063927,78.9371
2,1.65,0,-0.00635491,78.9218
2,1.65,0,-0.00631711,78.9066
2,1.65,0,-0.00627932,78.8916
2,1.65,0,-0.00624153,78.8767
2,1.65,0,-0.00620374,78.862
2,1.65,0,-0.00616595,78.8474
2,1.65,0,-0.00612815,78.833
2,1.65,0,-0.00609036,78.8188
2,1.65,0,-0.00605257,78.8047
2,1.65,0,-0.00601478,78.7908
2,1.65,0,-0.00597699,78.777
2,1.65,0,-0.00593919,78.7634
2,1.65,0,-0.0059014,78.75
2,1.65,0,-0.00586361,78.7367
2,1.65,0,-0.00582582,78.7237
2,1.65,0,-0.00578803,78.7107
2,1.65,0,-0.00575023,78.698
2,1.65,0,-0.00571244,78.6854
2,1.65,0,-0.00567465,78.673
2,1.65,0,-0.00563686,78.6608
2,1.65,0,-0.00559907,78.6488
2,1.65,0,-0.00556128,78.6369
2,1.65,0,-0.00552348,78.6252
2,1.65,0,-0.00548569,78.6137
2,1.65,0,-0.0054479,78.6024
2,1.65,0,-0.00541011,78.5913
2,1.65,0,-0.00537232,78.5804
2,1.65,0,-0.00533452,78.5697
2,1.65,0,-0.00529673,78.5591
2,1.65,0,-0.00525894,78.5488
2,1.65,0,-0.00522115,78.5387
2,1.65,0,-0.00518336,78.5287
2,1.65,0,-0.00514556,78.519
2,1.65,0,-0.00510777,78.5095
2,1.65,0,-0.00506998,78.5002
2,1.65,0,-0.00503219,78.4911
2,1.65,0,-0.0049944,78.4822
2,1.65,0,-0.0049566,78.4735
2,1.65,0,-0.00491881,78.4651
2,1.65,0,-0.00488102,78.4568
2,1.65,0,-0.00484323,78.4489
2,1.65,0,-0.00480544,78.4411
2,1.65,0,-0.00476764,78.4336
2,1.65,0,-0.00472985,78.4263
2,1.65,0,-0.00469206,78.4192
2,1.65,0,-0.00465427,78.4124
2,1.65,0,-0.00461648,78.4059
2,1.65,0,-0.00457869,78.3996
2,1.65,0,-0.00454089,78.3935
2,1.65,0,-0.0045031,78.3877
2,1.65,0,-0.00446531,78.3822
2,1.65,0,-0.00442752,78.377
2,1.65,0,-0.00438973,78.372
2,1.65,0,-0.00435193,78.3673
2,1.65,0,-0.00431414,78.3628
2,1.65,0,-0.00427635,78.3587
2,1.65,0,-0.00423856,78.3549
2,1.65,0,-0.00420077,78.3513
2,1.65,0,-0.00416297,78.3481
2,1.65,0,-0.00412518,78.3451
2,1.65,0,-0.00408739,78.3425
2,1.65,0,-0.0040496,78.3402
2,1.65,0,-0.00401181,78.3382
2,1.65,0,-0.00397401,78.3366
2,1.65,0,-0.00393622,78.3352
2,1.65,0,-0.00389843,78.3343
2,1.65,0,-0.00386064,78.3336
2,1.65,0,-0.00382285,78.3334
2,1.65,0,-0.00378506,78.3335
2,1.65,0,-0.00374726,78.3339
2,1.65,0,-0.00370947,78.3348
2,1.65,0,-0.00367168,78.336
2,1.65,0,-0.00363389,78.3377
2,1.65,0,-0.0035961,78.3397
2,1.65,0,-0.0035583,78.3422
2,1.65,0,-0.00352051,78.345
2,1.65,0,-0.00348272,78.3484
2,1.65,0,-0.00344493,78.3521
2,1.65,0,-0.00340714,78.3563
2,1.65,0,-0.00336934,78.361
2,1.65,0,-0.00333155,78.3661
2,1.65,0,-0.00329376,78.3718
2,1.65,0,-0.00325597,78.3779
2,1.65,0,-0.00321818,78.3845
2,1.65,0,-0.00318038,78.3917
2,1.65,0,-0.00314259,78.3994
2,1.65,0,-0.0031048,78.4076
2,1.65,0,-0.00306701,78.4164
2,1.65,0,-0.00302922,78.4258
2,1.65,0,-0.00299143,78.4358
2,1.65,0,-0.00295363,78.4464
2,1.65,0,-0.00291584,78.4577
2,1.65,0,-0.00287805,78.4695
2,1.65,0,-0.00284026,78.4821
2,1.65,0,-0.00280247,78.4953
2,1.65,0,-0.00276467,78.5092
2,1.65,0,-0.00272688,78.5239
2,1.65,0,-0.00268909,78.5393
2,1.65,0,-0.0026513,78.5555
2,1.65,0,-0.00261351,78.5725
2,1.65,0,-0.00257571,78.5902
2,1.65,0,-0.00253792,78.6089
2,1.65,0,-0.00250013,78.6284
2,1.65,0,-0.00246234,78.6488
2,1.65,0,-0.00242455,78.6702
2,1.65,0,-0.00238675,78.6925
2,1.65,0,-0.00234896,78.7159
2,1.65,0,-0.00231117,78.7402
2,1.65,0,-0.00227338,78.7657
2,1.65,0,-0.00223559,78.7923
2,1.65,0,-0.0021978,78.82
2,1.65,0,-0.00216,78.8489
2,1.65,0,-0.00212221,78.8791
2,1.65,0,-0.00208442,78.9106
2,1.65,0,-0.00204663,78.9434
2,1.65,0,-0.00200884,78.9777
2,1.65,0,-0.00197104,79.0134
2,1.65,0,-0.00193325,79.0506
2,1.65,0,-0.00189546,79.0895
2,1.65,0,-0.00185767,79.13
2,1.65,0,-0.00181988,79.1723
2,1.65,0,-0.00178208,79.2164
2,1.65,0,-0.00174429,79.2624
2,1.65,0,-0.0017065,79.3104
2,1.65,0,-0.00166871,79.3606
2,1.65,0,-0.00163092,79.4129
2,1.65,0,-0.00159312,79.4677
2,1.65,0,-0.00155533,79.5248
2,1.65,0,-0.00151754,79.5846
2,1.65,0,-0.00147975,79.6471
2,1.65,0,-0.00144196,79.7125
2,1.65,0,-0.00140416,79.781
2,1.65,0,-0.00136637,79.8528
2,1.65,0,-0.00132858,79.928
2,1.65,0,-0.00129079,80.007
2,1.65,0,-0.001253,80.0899
2,1.65,0,-0.00121521,80.1769
2,1.65,0,-0.00117741,80.2686
2,1.65,0,-0.00113962,80.365
2,1.65,0,-0.00110183,80.4667
2,1.65,0,-0.00106404,80.5739
2,1.65,0,-0.00102625,80.6873
2,1.65,0,-0.000988454,80.8072
2,1.65,0,-0.000950662,80.9343
2,1.65,0,-0.00091287,81.0692
2,1.65,0,-0.000875078,81.2127
2,1.65,0,-0.000837286,81.3656
2,1.65,0,-0.000799494,81.5288
2,1.65,0,-0.000761702,81.7036
2,1.65,0,-0.000723911,81.8912
2,1.65,0,-0.000686119,82.0932
2,1.65,0,-0.000648327,82.3114
2,1.65,0,-0.000610535,82.548
2,1.65,0,-0.000572743,82.8057
2,1.65,0,-0.000534951,83.0877
2,1.65,0,-0.000497159,83.398
2,1.65,0,-0.000459367,83.7417
2,1.65,0,-0.000421575,84.1253
2,1.65,0,-0.000383783,84.5571
2,1.65,0,-0.000345991,85.0485
2,1.65,0,-0.0003082,85.6151
2,1.65,0,-0.000270408,86.2791
2,1.65,0,-0.000232616,87.0736
2,1.65,0,-0.000194824,88.051
2,1.65,0,-0.000157032,89.3005
2,1.65,0,-0.00011924,90.9919
2,1.65,0,-8.14481e-05,93.5099
2,1.65,0,-4.36562e-05,98.0538
2,1.65,0,-5.86426e-06,115.571
2,1.65,0,3.19276e-05,141.251
2,1.65,0,6.97196e-05,136.607
2,1.65,0,0.000107511,135.03
2,1.65,0,0.000145303,134.463
2,1.65,0,0.000183095,134.408
2,1.65,0,0.000220887,134.675
2,1.65,0,0.000258679,135.183
2,1.65,0,0.000296471,135.895
2,1.65,0,0.000334263,136.801
2,1.65,0,0.000372055,137.908
2,1.65,0,0.000409847,139.246
2,1.65,0,0.000447639,140.869
2,1.65,0,0.000485431,142.87
2,1.65,0,0.000523222,145.429
2,1.65,0,0.000561014,148.92
2,1.65,0,0.000598806,154.383
2,1.65,0,0.000636598,168.015
2,1.65,0,0.00067439,75.9268
2,1.65,0,0.000712182,73.1165
2,1.65,0,0.000749974,71.3592
2,1.65,0,0.000787766,70.0244
2,1.65,0,0.000825558,68.9303
2,1.65,0,0.00086335,67.996
2,1.65,0,0.000901142,67.1774
2,1.65,0,0.000938933,66.4474
2,1.65,0,0.000976725,65.788
2,1.65,0,0.00101452,65.1863
2,1.65,0,0.00105231,64.6331
2,1.65,0,0.0010901,64.1211
2,1.65,0,0.00112789,63.6447
2,1.65,0,0.00116568,63.1994
2,1.65,0,0.00120348,62.7816
2,1.65,0,0.00124127,62.3883
2,1.65,0,0.00127906,62.0168
2,1.65,0,0.00131685,61.665
2,1.65,0,0.00135464,61.3311
2,1.65,0,0.00139244,61.0135
2,1.65,0,0.00143023,60.7108
2,1.65,0,0.00146802,60.4218
2,1.65,0,0.00150581,60.1454
2,1.65,0,0.0015436,59.8806
2,1.65,0,0.0015814,59.6266
2,1.65,0,0.00161919,59.3826
2,1.65,0,0.00165698,59.148
2,1.65,0,0.00169477,58.9221
2,1.65,0,0.00173256,58.7045
2,1.65,0,0.00177036,58.4945
2,1.65,0,0.00180815,58.2917
2,1.65,0,0.00184594,58.0957
2,1.65,0,0.00188373,57.9061
2,1.65,0,0.00192152,57.7225
2,1.65,0,0.00195932,57.5447
2,1.65,0,0.00199711,57.3723
2,1.65,0,0.0020349,57.205
2,1.65,0,0.00207269,57.0426
2,1.65,0,0.00211048,56.8849
2,1.65,0,0.00214827,56.7316
2,1.65,0,0.00218607,56.5824
2,1.65,0,0.00222386,56.4373
2,1.65,0,0.00226165,56.2961
2,1.65,0,0.00229944,56.1585
2,1.65,0,0.00233723,56.0244
2,1.65,0,0.00237503,55.8936
2,1.65,0,0.00241282,55.7661
2,1.65,0,0.00245061,55.6416
2,1.65,0,0.0024884,55.5201
2,1.65,0,0.00252619,55.4015
2,1.65,0,0.00256399,55.2856
2,1.65,0,0.00260178,55.1723
2,1.65,0,0.00263957,55.0615
2,1.65,0,0.00267736,54.9532
2,1.65,0,0.00271515,54.8472
2,1.65,0,0.00275295,54.7434
2,1.65,0,0.00279074,54.6419
2,1.65,0,0.00282853,54.5425
2,1.65,0,0.00286632,54.445
2,1.65,0,0.00290411,54.3496
2,1.65,0,0.0029419,54.256
2,1.65,0,0.0029797,54.1643
2,1.65,0,0.00301749,54.0744
2,1.65,0,0.00305528,53.9862
2,1.65,0,0.00309307,53.8996
2,1.65,0,0.00313086,53.8147
2,1.65,0,0.00316866,53.7313
2,1.65,0,0.00320645,53.6494
2,1.65,0,0.00324424,53.569
2,1.65,0,0.00328203,53.4901
2,1.65,0,0.00331982,53.4125
2,1.65,0,0.00335762,53.3363
2,1.65,0,0.00339541,53.2614
2,1.65,0,0.0034332,53.1877
2,1.65,0,0.00347099,53.1153
2,1.65,0,0.00350878,53.0441
2,1.65,0,0.00354658,52.9741
2,1.65,0,0.00358437,52.9052
2,1.65,0,0.00362216,52.8374
2,1.65,0,0.00365995,52.7707
2,1.65,0,0.00369774,52.705
2,1.65,0,0.00373553,52.6404
2,1.65,0,0.00377333,52.5768
2,1.65,0,0.00381112,52.5141
2,1.65,0,0.00384891,52.4524
2,1.65,0,0.0038867,52.3916
2,1.65,0,0.00392449,52.3317
2,1.65,0,0.00396229,52.2727
2,1.65,0,0.00400008,52.2146
2,1.65,0,0.00403787,52.1573
2,1.65,0,0.00407566,52.1008
2,1.65,0,0.00411345,52.0451
2,1.65,0,0.00415125,51.9903
2,1.65,0,0.00418904,51.9361
2,1.65,0,0.00422683,51.8828
2,1.65,0,0.00426462,51.8301
2,1.65,0,0.00430241,51.7782
2,1.65,0,0.00434021,51.727
2,1.65,0,0.004378,51.6764
2,1.65,0,0.00441579,51.6265
2,1.65,0,0.00445358,51.5773
2,1.65,0,0.00449137,51.5287
2,1.65,0,0.00452916,51.4808
2,1.65,0,0.00456696,51.4335
2,1.65,0,0.00460475,51.3867
2,1.65,0,0.00464254,51.3406
2,1.65,0,0.00468033,51.295
2,1.65,0,0.00471812,51.2501
2,1.65,0,0.00475592,51.2056
2,1.65,0,0.00479371,51.1617
2,1.65,0,0.0048315,51.1184
2,1.65,0,0.00486929,51.0756
2,1.65,0,0.00490708,51.0332
2,1.65,0,0.00494488,50.9914
2,1.65,0,0.00498267,50.9501
2,1.65,0,0.00502046,50.9093
2,1.65,0,0.00505825,50.8689
2,1.65,0,0.00509604,50.829
2,1.65,0,0.00513384,50.7896
2,1.65,0,0.00517163,50.7506
2,1.65,0,0.00520942,50.7121
2,1.65,0,0.00524721,50.674
2,1.65,0,0.005285,50.6363
2,1.65,0,0.0053228,50.5991
2,1.65,0,0.00536059,50.5622
2,1.65,0,0.00539838,50.5258
2,1.65,0,0.00543617,50.4897
2,1.65,0,0.00547396,50.4541
2,1.65,0,0.00551175,50.4188
2,1.65,0,0.00554955,50.3839
2,1.65,0,0.00558734,50.3494
2,1.65,0,0.00562513,50.3153
2,1.65,0,0.00566292,50.2815
2,1.65,0,0.00570071,50.2481
2,1.65,0,0.00573851,50.215
2,1.65,0,0.0057763,50.1822
2,1.65,0,0.00581409,50.1498
2,1.65,0,0.00585188,50.1177
2,1.65,0,0.00588967,50.086
2,1.65,0,0.00592747,50.0545
2,1.65,0,0.00596526,50.0234
2,1.65,0,0.00600305,49.9926
2,1.65,0,0.00604084,49.9621
2,1.65,0,0.00607863,49.9319
2,1.65,0,0.00611643,49.902
2,1.65,0,0.00615422,49.8724
2,1.65,0,0.00619201,49.8431
2,1.65,0,0.0062298,49.814
2,1.65,0,0.00626759,49.7853
2,1.65,0,0.00630538,49.7568
2,1.65,0,0.00634318,49.7286
2,1.65,0,0.00638097,49.7006
2,1.65,0,0.00641876,49.6729
2,1.65,0,0.00645655,49.6455
2,1.65,0,0.00649434,49.6183
2,1.65,0,0.00653214,49.5914
2,1.65,0,0.00656993,49.5647
2,1.65,0,0.00660772,49.5383
2,1.65,0,0.00664551,49.5121
2,1.65,0,0.0066833,49.4862
2,1.65,0,0.0067211,49.4605
2,1.65,0,0.00675889,49.435
2,1.65,0,0.00679668,49.4097
2,1.65,0,0.00683447,49.3847
2,1.65,0,0.00687226,49.3599
2,1.65,0,0.00691006,49.3353
2,1.65,0,0.00694785,49.3109
2,1.65,0,0.00698564,49.2868
2,1.65,0,0.00702343,49.2628
2,1.65,0,0.00706122,49.2391
2,1.65,0,0.00709901,49.2155
2,1.65,0,0.00713681,49.1922
2,1.65,0,0.0071746,49.1691
2,1.65,0,0.00721239,49.1461
2,1.65,0,0.00725018,49.1234
2,1.65,0,0.00728797,49.1008
2,1.65,0,0.00732577,49.0785
2,1.65,0,0.00736356,49.0563
2,1.65,0,0.00740135,49.0343
2,1.65,0,0.00743914,49.0125
2,1.65,0,0.00747693,48.9909
2,1.65,0,0.00751473,48.9694
2,1.65,0,0.00755252,48.9481
2,1.65,0,0.00759031,48.927
2,1.65,0,0.0076281,48.9061
2,1.65,0,0.00766589,48.8853
2,1.65,0,0.00770369,48.8647
2,1.65,0,0.00774148,48.8443
2,1.65,0,0.00777927,48.824
2,1.65,0,0.00781706,48.8039
2,1.65,0,0.00785485,48.784
2,1.65,0,0.00789264,48.7642
2,1.65,0,0.00793044,48.7446
2,1.65,0,0.00796823,48.7251
2,1.65,0,0.00800602,48.7058
2,1.65,0,0.00804381,48.6866
2,1.65,0,0.0080816,48.6676
2,1.65,0,0.0081194,48.6487
2,1.65,0,0.00815719,48.6299
2,1.65,0,0.00819498,48.6113
2,1.65,0,0.00823277,48.5929
2,1.65,0,0.00827056,48.5746
2,1.65,0,0.00830836,48.5564
2,1.65,0,0.00834615,48.5384
2,1.65,0,0.00838394,48.5205
2,1.65,0,0.00842173,48.5027
2,1.65,0,0.00845952,48.4851
2,1.65,0,0.00849732,48.4676
2,1.65,0,0.00853511,48.4502
2,1.65,0,0.0085729,48.433
2,1.65,0,0.00861069,48.4158
2,1.65,0,0.00864848,48.3988
2,1.65,0,0.00868628,48.382
2,1.65,0,0.00872407,48.3652
2,1.65,0,0.00876186,48.3486
2,1.65,0,0.00879965,48.3321
2,1.65,0,0.00883744,48.3157
2,1.65,0,0.00887523,48.2995
2,1.65,0,0.00891303,48.2833
2,1.65,0,0.00895082,48.2673
2,1.65,0,0.00898861,48.2514
2,1.65,0,0.0090264,48.2356
2,1.65,0,0.00906419,48.2199
2,1.65,0,0.00910199,48.2043
2,1.65,0,0.00913978,48.1888
2,1.65,0,0.00917757,48.1734
2,1.65,0,0.00921536,48.1582
2,1.65,0,0.00925315,48.143
2,1.65,0,0.00929095,48.128
2,1.65,0,0.00932874,48.113
2,1.65,0,0.00936653,48.0982
2,1.65,0,0.00940432,48.0834
2,1.65,0,0.00944211,48.0688
2,1.65,0,0.00947991,48.0543
2,1.65,0,0.0095177,48.0398
2,1.65,0,0.00955549,48.0255
2,1.65,0,0.00959328,48.0112
2,1.65,0,0.00963107,47.9971
2,1.65,0,0.00966886,47.983
2,1.65,0,0.00970666,47.9691
2,1.65,0,0.00974445,47.9552
2,1.65,0,0.00978224,47.9414
2,1.65,0,0.00982003,47.9278
2,1.65,0,0.00985782,47.9142
2,1.65,0,0.00989562,47.9007
2,1.65,0,0.00993341,47.8873
2,1.65,0,0.0099712,47.8739
2,1.65,0,0.010009,47.8607
2,1.65,0,0.0100468,47.8476
2,1.65,0,0.0100846,47.8345
2,1.65,0,0.0101224,47.8215
2,1.65,0,0.0101602,47.8086
2,1.65,0,0.010198,47.7958
2,1.65,0,0.0102357,47.7831
2,1.65,0,0.0102735,47.7704
2,1.65,0,0.0103113,47.7579
2,1.65,0,0.0103491,47.7454
2,1.65,0,0.0103869,47.733
2,1.65,0,0.0104247,47.7207
2,1.65,0,0.0104625,47.7084
2,1.65,0,0.0105003,47.6963
2,1.65,0,0.0105381,47.6842
2,1.65,0,0.0105759,47.6721
2,1.65,0,0.0106137,47.6602
2,1.65,0,0.0106515,47.6483
2,1.65,0,0.0106892,47.6366
2,1.65,0,0.010727,47.6248
2,1.65,0,0.0107648,47.6132
2,1.65,0,0.0108026,47.6016
2,1.65,0,0.0108404,47.5901
2,1.65,0,0.0108782,47.5787
2,1.65,0,0.010916,47.5673
2,1.65,0,0.0109538,47.556
2,1.65,0,0.0109916,47.5448
2,1.65,0,0.0110294,47.5337
2,1.65,0,0.0110672,47.5226
2,1.65,0,0.011105,47.5116
2,1.65,0,0.0111427,47.5006
2,1.65,0,0.0111805,47.4898
2,1.65,0,0.0112183,47.4789
2,1.65,0,0.0112561,47.4682
2,1.65,0,0.0112939,47.4575
2,1.65,0,0.0113317,47.4469
2,1.65,0,0.0113695,47.4363
2,1.65,0,0.0114073,47.4258
2,1.65,0,0.0114451,47.4154
2,1.65,0,0.0114829,47.405
2,1.65,0,0.0115207,47.3947
2,1.65,0,0.0115585,47.3845
2,1.65,0,0.0115963,47.3743
2,1.65,0,0.011634,47.3642
2,1.65,0,0.0116718,47.3541
2,1.65,0,0.0117096,47.3441
2,1.65,0,0.0117474,47.3342
2,1.65,0,0.0117852,47.3243
2,1.65,0,0.011823,47.3144
2,1.65,0,0.0118608,47.3047
2,1.65,0,0.0118986,47.295
2,1.65,0,0.0119364,47.2853
2,1.65,0,0.0119742,47.2757
2,1.65,0,0.012012,47.2662
2,1.65,0,0.0120498,47.2567
2,1.65,0,0.0120875,47.2472
2,1.65,0,0.0121253,47.2378
2,1.65,0,0.0121631,47.2285
2,1.65,0,0.0122009,47.2192
2,1.65,0,0.0122387,47.21
2,1.65,0,0.0122765,47.2008
2,1.65,0,0.0123143,47.1917
2,1.65,0,0.0123521,47.1827
2,1.65,0,0.0123899,47.1737
2,1.65,0,0.0124277,47.1647
2,1.65,0,0.0124655,47.1558
2,1.65,0,0.0125033,47.1469
2,1.65,0,0.012541,47.1381
2,1.65,0,0.0125788,47.1293
2,1.65,0,0.0126166,47.1206
2,1.65,0,0.0126544,47.112
2,1.65,0,0.0126922,47.1034
2,1.65,0,0.01273,47.0948
2,1.65,0,0.0127678,47.0863
2,1.65,0,0.0128056,47.0778
2,1.65,0,0.0128434,47.0694
2,1.65,0,0.0128812,47.061
2,1.65,0,0.012919,47.0527
2,1.65,0,0.0129568,47.0444
2,1.65,0,0.0129946,47.0362
2,1.65,0,0.0130323,47.028
2,1.65,0,0.0130701,47.0198
2,1.65,0,0.0131079,47.0117
2,1.65,0,0.0131457,47.0037
2,1.65,0,0.0131835,46.9956
2,1.65,0,0.0132213,46.9877
2,1.65,0,0.0132591,46.9797
2,1.65,0,0.0132969,46.9719
2,1.65,0,0.0133347,46.964
2,1.65,0,0.0133725,46.9562
2,1.65,0,0.0134103,46.9485
2,1.65,0,0.0134481,46.9408
2,1.65,0,0.0134858,46.9331
2,1.65,0,0.0135236,46.9255
2,1.65,0,0.0135614,46.9179
2,1.65,0,0.0135992,46.9103
2,1.65,0,0.013637,46.9028
2,1.65,0,0.0136748,46.8953
2,1.65,0,0.0137126,46.8879
2,1.65,0,0.0137504,46.8805
2,1.65,0,0.0137882,46.8732
2,1.65,0,0.013826,46.8659
2,1.65,0,0.0138638,46.8586
2,1.65,0,0.0139016,46.8514
2,1.65,0,0.0139394,46.8442
2,1.65,0,0.0139771,46.837
2,1.65,0,0.0140149,46.8299
2,1.65,0,0.0140527,46.8228
2,1.65,0,0.0140905,46.8158
2,1.65,0,0.0141283,46.8088
2,1.65,0,0.0141661,46.8018
2,1.65,0,0.0142039,46.7949
2,1.65,0,0.0142417,46.788
2,1.65,0,0.0142795,46.7812
2,1.65,0,0.0143173,46.7743
2,1.65,0,0.0143551,46.7676
2,1.65,0,0.0143929,46.7608
2,1.65,0,0.0144306,46.7541
2,1.65,0,0.0144684,46.7474
2,1.65,0,0.0145062,46.7408
2,1.65,0,0.014544,46.7342
2,1.65,0,0.0145818,46.7276
2,1.65,0,0.0146196,46.7211
2,1.65,0,0.0146574,46.7146
2,1.65,0,0.0146952,46.7081
2,1.65,0,0.014733,46.7016
2,1.65,0,0.0147708,46.6952
2,1.65,0,0.0148086,46.6889
2,1.65,0,0.0148464,46.6825
2,1.65,0,0.0148841,46.6762
2,1.65,0,0.0149219,46.67
2,1.65,0,0.0149597,46.6637
2,1.65,0,0.0149975,46.6575
2,1.65,0,0.0150353,46.6513
2,1.65,0,0.0150731,46.6452
2,1.65,0,0.0151109,46.6391
2,1.65,0,0.0151487,46.633
2,1.65,0,0.0151865,46.6269
2,1.65,0,0.0152243,46.6209
2,1.65,0,0.0152621,46.6149
2,1.65,0,0.0152999,46.609
2,1.65,0,0.0153377,46.603
2,1.65,0,0.0153754,46.5971
2,1.65,0,0.0154132,46.5913
2,1.65,0,0.015451,46.5854
2,1.65,0,0.0154888,46.5796
2,1.65,0,0.0155266,46.5739
2,1.65,0,0.0155644,46.5681
2,1.65,0,0.0156022,46.5624
2,1.65,0,0.01564,46.5567
2,1.65,0,0.0156778,46.551
2,1.65,0,0.0157156,46.5454
2,1.65,0,0.0157534,46.5398
2,1.65,0,0.0157912,46.5342
2,1.65,0,0.0158289,46.5287
2,1.65,0,0.0158667,46.5231
2,1.65,0,0.0159045,46.5176
2,1.65,0,0.0159423,46.5122
2,1.65,0,0.0159801,46.5067
2,1.65,0,0.0160179,46.5013
2,1.65,0,0.0160557,46.496
2,1.65,0,0.0160935,46.4906
2,1.65,0,0.0161313,46.4853
2,1.65,0,0.0161691,46.48
2,1.65,0,0.0162069,46.4747
2,1.65,0,0.0162447,46.4694
2,1.65,0,0.0162824,46.4642
2,1.65,0,0.0163202,46.459
2,1.65,0,0.016358,46.4538
2,1.65,0,0.0163958,46.4487
2,1.65,0,0.0164336,46.4436
2,1.65,0,0.0164714,46.4385
2,1.65,0,0.0165092,46.4334
2,1.65,0,0.016547,46.4284
2,1.65,0,0.0165848,46.4233
2,1.65,0,0.0166226,46.4184
2,1.65,0,0.0166604,46.4134
2,1.65,0,0.0166982,46.4084
2,1.65,0,0.016736,46.4035
2,1.65,0,0.0167737,46.3986
2,1.65,0,0.0168115,46.3937
2,1.65,0,0.0168493,46.3889
2,1.65,0,0.0168871,46.3841
2,1.65,0,0.0169249,46.3793
2,1.65,0,0.0169627,46.3745
2,1.65,0,0.0170005,46.3697
2,1.65,0,0.0170383,46.365
2,1.65,0,0.0170761,46.3603
2,1.65,0,0.0171139,46.3556
2,1.65,0,0.0171517,46.351
2,1.65,0,0.0171895,46.3463
2,1.65,0,0.0172272,46.3417
2,1.65,0,0.017265,46.3371
2,1.65,0,0.0173028,46.3326
2,1.65,0,0.0173406,46.328
2,1.65,0,0.0173784,46.3235
2,1.65,0,0.0174162,46.319
2,1.65,0,0.017454,46.3145
2,1.65,0,0.0174918,46.3101
2,1.65,0,0.0175296,46.3056
2,1.65,0,0.0175674,46.3012
2,1.65,0,0.0176052,46.2968
2,1.65,0,0.017643,46.2924
2,1.65,0,0.0176807,46.2881
2,1.65,0,0.0177185,46.2838
2,1.65,0,0.0177563,46.2795
2,1.65,0,0.0177941,46.2752
2,1.65,0,0.0178319,46.2709
2,1.65,0,0.0178697,46.2667
2,1.65,0,0.0179075,46.2624
2,1.65,0,0.0179453,46.2582
2,1.65,0,0.0179831,46.254
2,1.65,0,0.0180209,46.2499
2,1.65,0,0.0180587,46.2457
2,1.65,0,0.0180965,46.2416
2,1.65,0,0.0181343,46.2375
2,1.65,0,0.018172,46.2334
2,1.65,0,0.0182098,46.2294
2,1.65,0,0.0182476,46.2253
2,1.65,0,0.0182854,46.2213
2,1.65,0,0.0183232,46.2173
2,1.65,0,0.018361,46.2133
2,1.65,0,0.0183988,46.2094
2,1.65,0,0.0184366,46.2054
2,1.65,0,0.0184744,46.2015
2,1.65,0,0.0185122,46.1976
2,1.65,0,0.01855,46.1937
2,1.65,0,0.0185878,46.1898
2,1.65,0,0.0186255,46.186
2,1.65,0,0.0186633,46.1822
2,1.65,0,0.0187011,46.1783
2,1.65,0,0.0187389,46.1745
2,1.65,0,0.0187767,46.1708
2,1.65,0,0.0188145,46.167
2,1.65,0,0.0188523,46.1633
2,1.65,0,0.0188901,46.1596
2,1.65,0,0.0189279,46.1559
2,1.65,0,0.0189657,46.1522
2,1.65,0,0.0190035,46.1485
2,1.65,0,0.0190413,46.1449
2,1.65,0,0.0190791,46.1412
2,1.65,0,0.0191168,46.1376
2,1.65,0,0.0191546,46.134
2,1.65,0,0.0191924,46.1304
2,1.65,0,0.0192302,46.1269
2,1.65,0,0.019268,46.1233
2,1.65,0,0.0193058,46.1198
2,1.65,0,0.0193436,46.1163
2,1.65,0,0.0193814,46.1128
2,1.65,0,0.0194192,46.1093
2,1.65,0,0.019457,46.1059
2,1.65,0,0.0194948,46.1024
2,1.65,0,0.0195326,46.099
2,1.65,0,0.0195703,46.0956
2,1.65,0,0.0196081,46.0922
2,1.65,0,0.0196459,46.0888
2,1.65,0,0.0196837,46.0855
2,1.65,0,0.0197215,46.0821
2,1.65,0,0.0197593,46.0788
2,1.65,0,0.0197971,46.0755
2,1.65,0,0.0198349,46.0722
2,1.65,0,0.0198727,46.0689
2,1.65,0,0.0199105,46.0657
2,1.65,0,0.0199483,46.0624
2,1.65,0,0.0199861,46.0592
2,1.65,0,0.0200238,46.056
2,1.65,0,0.0200616,46.0528
2,1.65,0,0.0200994,46.0496
2,1.65,0,0.0201372,46.0464
2,1.65,0,0.020175,46.0433
2,1.65,0,0.0202128,46.0401
2,1.65,0,0.0202506,46.037
2,1.65,0,0.0202884,46.0339
2,1.65,0,0.0203262,46.0308
2,1.65,0,0.020364,46.0277
2,1.65,0,0.0204018,46.0247
2,1.65,0,0.0204396,46.0216
2,1.65,0,0.0204774,46.0186
2,1.65,0,0.0205151,46.0156
2,1.65,0,0.0205529,46.0126
2,1.65,0,0.0205907,46.0096
2,1.65,0,0.0206285,46.0066
2,1.65,0,0.0206663,46.0037
2,1.65,0,0.0207041,46.0007
2,1.65,0,0.0207419,45.9978
2,1.65,0,0.0207797,45.9949
2,1.65,0,0.0208175,45.992
2,1.65,0,0.0208553,45.9891
2,1.65,0,0.0208931,45.9862
2,1.65,0,0.0209309,45.9834
2,1.65,0,0.0209686,45.9805
2,1.65,0,0.0210064,45.9777
2,1.65,0,0.0210442,45.9749
2,1.65,0,0.021082,45.9721
2,1.65,0,0.0211198,45.9693
2,1.65,0,0.0211576,45.9665
2,1.65,0,0.0211954,45.9638
2,1.65,0,0.0212332,45.961
2,1.65,0,0.021271,45.9583
2,1.65,0,0.0213088,45.9556
2,1.65,0,0.0213466,45.9528
2,1.65,0,0.0213844,45.9502
2,1.65,0,0.0214221,45.9475
2,1.65,0,0.0214599,45.9448
2,1.65,0,0.0214977,45.9422
2,1.65,0,0.0215355,45.9395
2,1.65,0,0.0215733,45.9369
2,1.65,0,0.0216111,45.9343
2,1.65,0,0.0216489,45.9317
2,1.65,0,0.0216867,45.9291
2,1.65,0,0.0217245,45.9265
2,1.65,0,0.0217623,45.9239
2,1.65,0,0.0218001,45.9214
2,1.65,0,0.0218379,45.9189
2,1.65,0,0.0218757,45.9163
2,1.65,0,0.0219134,45.9138
2,1.65,0,0.0219512,45.9113
2,1.65,0,0.021989,45.9088
2,1.65,0,0.0220268,45.9064
2,1.65,0,0.0220646,45.9039
2,1.65,0,0.0221024,45.9014
2,1.65,0,0.0221402,45.899
2,1.65,0,0.022178,45.8966
2,1.65,0,0.0222158,45.8942
2,1.65,0,0.0222536,45.8918
2,1.65,0,0.0222914,45.8894
2,1.65,0,0.0223292,45.887
2,1.65,0,0.0223669,45.8846
2,1.65,0,0.0224047,45.8823
2,1.65,0,0.0224425,45.8799
2,1.65,0,0.0224803,45.8776
2,1.65,0,0.0225181,45.8753
2,1.65,0,0.0225559,45.873
2,1.65,0,0.0225937,45.8707
2,1.65,0,0.0226315,45.8684
2,1.65,0,0.0226693,45.8661
2,1.65,0,0.0227071,45.8639
2,1.65,0,0.0227449,45.8616
2,1.65,0,0.0227827,45.8594
2,1.65,0,0.0228204,45.8572
2,1.65,0,0.0228582,45.855
2,1.65,0,0.022896,45.8528
2,1.65,0,0.0229338,45.8506
2,1.65,0,0.0229716,45.8484
2,1.65,0,0.0230094,45.8462
2,1.65,0,0.0230472,45.8441
2,1.65,0,0.023085,45.8419
2,1.65,0,0.0231228,45.8398
2,1.65,0,0.0231606,45.8377
2,1.65,0,0.0231984,45.8355
2,1.65,0,0.0232362,45.8334
2,1.65,0,0.023274,45.8314
2,1.65,0,-0.00502746,78.4899
2,1.65,0,-0.00501802,78.4877
2,1.65,0,-0.00500857,78.4855
2,1.65,0,-0.00499912,78.4833
2,1.65,0,-0.00498967,78.4811
2,1.65,0,-0.00498022,78.4789
2,1.65,0,-0.00497078,78.4767
2,1.65,0,-0.00496133,78.4746
2,1.65,0,-0.00495188,78.4724
2,1.65,0,-0.00494243,78.4703
2,1.65,0,-0.00493298,78.4682
2,1.65,0,-0.00492354,78.4661
2,1.65,0,-0.00491409,78.464
2,1.65,0,-0.00490464,78.462
2,1.65,0,-0.00489519,78.4599
2,1.65,0,-0.00488574,78.4579
2,1.65,0,-0.0048763,78.4558
2,1.65,0,-0.00486685,78.4538
2,1.65,0,-0.0048574,78.4518
2,1.65,0,-0.00484795,78.4498
2,1.65,0,-0.0048385,78.4479
2,1.65,0,-0.00482906,78.4459
2,1.65,0,-0.00481961,78.444
2,1.65,0,-0.00481016,78.4421
2,1.65,0,-0.00480071,78.4401
2,1.65,0,-0.00479126,78.4382
2,1.65,0,-0.00478182,78.4364
2,1.65,0,-0.00477237,78.4345
2,1.65,0,-0.00476292,78.4326
2,1.65,0,-0.00475347,78.4308
2,1.65,0,-0.00474402,78.429
2,1.65,0,-0.00473458,78.4272
2,1.65,0,-0.00472513,78.4254
2,1.65,0,-0.00471568,78.4236
2,1.65,0,-0.00470623,78.4218
2,1.65,0,-0.00469679,78.4201
2,1.65,0,-0.00468734,78.4184
2,1.65,0,-0.00467789,78.4167
2,1.65,0,-0.00466844,78.415
2,1.65,0,-0.00465899,78.4133
2,1.65,0,-0.00464955,78.4116
2,1.65,0,-0.0046401,78.4099
2,1.65,0,-0.00463065,78.4083
2,1.65,0,-0.0046212,78.4067
2,1.65,0,-0.00461175,78.4051
2,1.65,0,-0.00460231,78.4035
2,1.65,0,-0.00459286,78.4019
2,1.65,0,-0.00458341,78.4003
2,1.65,0,-0.00457396,78.3988
2,1.65,0,-0.00456451,78.3973
2,1.65,0,-0.00455507,78.3958
2,1.65,0,-0.00454562,78.3943
2,1.65,0,-0.00453617,78.3928
2,1.65,0,-0.00452672,78.3913
2,1.65,0,-0.00451727,78.3899
2,1.65,0,-0.00450783,78.3884
2,1.65,0,-0.00449838,78.387
2,1.65,0,-0.00448893,78.3856
2,1.65,0,-0.00447948,78.3843
2,1.65,0,-0.00447003,78.3829
2,1.65,0,-0.00446059,78.3815
2,1.65,0,-0.00445114,78.3802
2,1.65,0,-0.00444169,78.3789
2,1.65,0,-0.00443224,78.3776
2,1.65,0,-0.00442279,78.3763
2,1.65,0,-0.00441335,78.3751
2,1.65,0,-0.0044039,78.3738
2,1.65,0,-0.00439445,78.3726
2,1.65,0,-0.004385,78.3714
2,1.65,0,-0.00437555,78.3702
2,1.65,0,-0.00436611,78.369
2,1.65,0,-0.00435666,78.3678
2,1.65,0,-0.00434721,78.3667
2,1.65,0,-0.00433776,78.3656
2,1.65,0,-0.00432831,78.3645
2,1.65,0,-0.00431887,78.3634
2,1.65,0,-0.00430942,78.3623
2,1.65,0,-0.00429997,78.3613
2,1.65,0,-0.00429052,78.3602
2,1.65,0,-0.00428107,78.3592
2,1.65,0,-0.00427163,78.3582
2,1.65,0,-0.00426218,78.3572
2,1.65,0,-0.00425273,78.3563
2,1.65,0,-0.00424328,78.3553
2,1.65,0,-0.00423383,78.3544
2,1.65,0,-0.00422439,78.3535
2,1.65,0,-0.00421494,78.3526
2,1.65,0,-0.00420549,78.3517
2,1.65,0,-0.00419604,78.3509
2,1.65,0,-0.00418659,78.3501
2,1.65,0,-0.00417715,78.3492
2,1.65,0,-0.0041677,78.3485
2,1.65,0,-0.00415825,78.3477
2,1.65,0,-0.0041488,78.3469
2,1.65,0,-0.00413935,78.3462
2,1.65,0,-0.00412991,78.3455
2,1.65,0,-0.00412046,78.3448
2,1.65,0,-0.00411101,78.3441
2,1.65,0,-0.00410156,78.3434
2,1.65,0,-0.00409211,78.3428
2,1.65,0,-0.00408267,78.3422
2,1.65,0,-0.00407322,78.3416
2,1.65,0,-0.00406377,78.341
2,1.65,0,-0.00405432,78.3405
2,1.65,0,-0.00404487,78.3399
2,1.65,0,-0.00403543,78.3394
2,1.65,0,-0.00402598,78.3389
2,1.65,0,-0.00401653,78.3384
2,1.65,0,-0.00400708,78.338
2,1.65,0,-0.00399763,78.3375
2,1.65,0,-0.00398819,78.3371
2,1.65,0,-0.00397874,78.3367
2,1.65,0,-0.00396929,78.3364
2,1.65,0,-0.00395984,78.336
2,1.65,0,-0.00395039,78.3357
2,1.65,0,-0.00394095,78.3354
2,1.65,0,-0.0039315,78.3351
2,1.65,0,-0.00392205,78.3348
2,1.65,0,-0.0039126,78.3346
2,1.65,0,-0.00390315,78.3344
2,1.65,0,-0.00389371,78.3342
2,1.65,0,-0.00388426,78.334
2,1.65,0,-0.00387481,78.3338
2,1.65,0,-0.00386536,78.3337
2,1.65,0,-0.00385592,78.3336
2,1.65,0,-0.00384647,78.3335
2,1.65,0,-0.00383702,78.3334
2,1.65,0,-0.00382757,78.3334
2,1.65,0,-0.00381812,78.3334
2,1.65,0,-0.00380868,78.3334
2,1.65,0,-0.00379923,78.3334
2,1.65,0,-0.00378978,78.3334
2,1.65,0,-0.00378033,78.3335
2,1.65,0,-0.00377088,78.3336
2,1.65,0,-0.00376144,78.3337
2,1.65,0,-0.00375199,78.3339
2,1.65,0,-0.00374254,78.334
2,1.65,0,-0.00373309,78.3342
2,1.65,0,-0.00372364,78.3344
2,1.65,0,-0.0037142,78.3347
2,1.65,0,-0.00370475,78.3349
2,1.65,0,-0.0036953,78.3352
2,1.65,0,-0.00368585,78.3355
2,1.65,0,-0.0036764,78.3359
2,1.65,0,-0.00366696,78.3362
2,1.65,0,-0.00365751,78.3366
2,1.65,0,-0.00364806,78.337
2,1.65,0,-0.00363861,78.3374
2,1.65,0,-0.00362916,78.3379
2,1.65,0,-0.00361972,78.3384
2,1.65,0,-0.00361027,78.3389
2,1.65,0,-0.00360082,78.3394
2,1.65,0,-0.00359137,78.34
2,1.65,0,-0.00358192,78.3406
2,1.65,0,-0.00357248,78.3412
2,1.65,0,-0.00356303,78.3418
2,1.65,0,-0.00355358,78.3425
2,1.65,0,-0.00354413,78.3432
2,1.65,0,-0.00353468,78.3439
2,1.65,0,-0.00352524,78.3447
2,1.65,0,-0.00351579,78.3454
2,1.65,0,-0.00350634,78.3462
2,1.65,0,-0.00349689,78.3471
2,1.65,0,-0.00348744,78.3479
2,1.65,0,-0.003478,78.3488
2,1.65,0,-0.00346855,78.3497
2,1.65,0,-0.0034591,78.3507
2,1.65,0,-0.00344965,78.3516
2,1.65,0,-0.0034402,78.3526
2,1.65,0,-0.00343076,78.3536
2,1.65,0,-0.00342131,78.3547
2,1.65,0,-0.00341186,78.3558
2,1.65,0,-0.00340241,78.3569
2,1.65,0,-0.00339296,78.358
2,1.65,0,-0.00338352,78.3592
2,1.65,0,-0.00337407,78.3604
2,1.65,0,-0.00336462,78.3616
2,1.65,0,-0.00335517,78.3629
2,1.65,0,-0.00334572,78.3641
2,1.65,0,-0.00333628,78.3655
2,1.65,0,-0.00332683,78.3668
2,1.65,0,-0.00331738,78.3682
2,1.65,0,-0.00330793,78.3696
2,1.65,0,-0.00329848,78.371
2,1.65,0,-0.00328904,78.3725
2,1.65,0,-0.00327959,78.374
2,1.65,0,-0.00327014,78.3755
2,1.65,0,-0.00326069,78.3771
2,1.65,0,-0.00325124,78.3787
2,1.65,0,-0.0032418,78.3803
2,1.65,0,-0.00323235,78.382
2,1.65,0,-0.0032229,78.3837
2,1.65,0,-0.00321345,78.3854
2,1.65,0,-0.003204,78.3871
2,1.65,0,-0.00319456,78.3889
2,1.65,0,-0.00318511,78.3908
2,1.65,0,-0.00317566,78.3926
2,1.65,0,-0.00316621,78.3945
2,1.65,0,-0.00315676,78.3964
2,1.65,0,-0.00314732,78.3984
2,1.65,0,-0.00313787,78.4004
2,1.65,0,-0.00312842,78.4024
2,1.65,0,-0.00311897,78.4045
2,1.65,0,-0.00310952,78.4066
2,1.65,0,-0.00310008,78.4087
2,1.65,0,-0.00309063,78.4109
2,1.65,0,-0.00308118,78.4131
2,1.65,0,-0.00307173,78.4153
2,1.65,0,-0.00306228,78.4176
2,1.65,0,-0.00305284,78.4199
2,1.65,0,-0.00304339,78.4222
2,1.65,0,-0.00303394,78.4246
2,1.65,0,-0.00302449,78.4271
2,1.65,0,-0.00301505,78.4295
2,1.65,0,-0.0030056,78.432
2,1.65,0,-0.00299615,78.4345
2,1.65,0,-0.0029867,78.4371
2,1.65,0,-0.00297725,78.4397
2,1.65,0,-0.00296781,78.4424
2,1.65,0,-0.00295836,78.4451
2,1.65,0,-0.00294891,78.4478
2,1.65,0,-0.00293946,78.4506
2,1.65,0,-0.00293001,78.4534
2,1.65,0,-0.00292057,78.4562
2,1.65,0,-0.00291112,78.4591
2,1.65,0,-0.00290167,78.462
2,1.65,0,-0.00289222,78.465
2,1.65,0,-0.00288277,78.468
2,1.65,0,-0.00287333,78.4711
2,1.65,0,-0.00286388,78.4742
2,1.65,0,-0.00285443,78.4773
2,1.65,0,-0.00284498,78.4805
2,1.65,0,-0.00283553,78.4837
2,1.65,0,-0.00282609,78.487
2,1.65,0,-0.00281664,78.4903
2,1.65,0,-0.00280719,78.4936
2,1.65,0,-0.00279774,78.497
2,1.65,0,-0.00278829,78.5004
2,1.65,0,-0.00277885,78.5039
2,1.65,0,-0.0027694,78.5075
2,1.65,0,-0.00275995,78.511
2,1.65,0,-0.0027505,78.5146
2,1.65,0,-0.00274105,78.5183
2,1.65,0,-0.00273161,78.522
2,1.65,0,-0.00272216,78.5258
2,1.65,0,-0.00271271,78.5296
2,1.65,0,-0.00270326,78.5334
2,1.65,0,-0.00269381,78.5373
2,1.65,0,-0.00268437,78.5413
2,1.65,0,-0.00267492,78.5453
2,1.65,0,-0.00266547,78.5493
2,1.65,0,-0.00265602,78.5534
2,1.65,0,-0.00264657,78.5576
2,1.65,0,-0.00263713,78.5617
2,1.65,0,-0.00262768,78.566
2,1.65,0,-0.00261823,78.5703
2,1.65,0,-0.00260878,78.5746
2,1.65,0,-0.00259933,78.579
2,1.65,0,-0.00258989,78.5835
2,1.65,0,-0.00258044,78.588
2,1.65,0,-0.00257099,78.5925
2,1.65,0,-0.00256154,78.5971
2,1.65,0,-0.00255209,78.6018
2,1.65,0,-0.00254265,78.6065
2,1.65,0,-0.0025332,78.6113
2,1.65,0,-0.00252375,78.6161
2,1.65,0,-0.0025143,78.621
2,1.65,0,-0.00250485,78.6259
2,1.65,0,-0.00249541,78.6309
2,1.65,0,-0.00248596,78.636
2,1.65,0,-0.00247651,78.6411
2,1.65,0,-0.00246706,78.6462
2,1.65,0,-0.00245761,78.6515
2,1.65,0,-0.00244817,78.6567
2,1.65,0,-0.00243872,78.6621
2,1.65,0,-0.00242927,78.6675
2,1.65,0,-0.00241982,78.6729
2,1.65,0,-0.00241037,78.6785
2,1.65,0,-0.00240093,78.684
2,1.65,0,-0.00239148,78.6897
2,1.65,0,-0.00238203,78.6954
2,1.65,0,-0.00237258,78.7012
2,1.65,0,-0.00236313,78.707
2,1.65,0,-0.00235369,78.7129
2,1.65,0,-0.00234424,78.7189
2,1.65,0,-0.00233479,78.7249
2,1.65,0,-0.00232534,78.731
2,1.65,0,-0.00231589,78.7371
2,1.65,0,-0.00230645,78.7434
2,1.65,0,-0.002297,78.7497
2,1.65,0,-0.00228755,78.756
2,1.65,0,-0.0022781,78.7624
2,1.65,0,-0.00226865,78.7689
2,1.65,0,-0.00225921,78.7755
2,1.65,0,-0.00224976,78.7822
2,1.65,0,-0.00224031,78.7889
2,1.65,0,-0.00223086,78.7957
2,1.65,0,-0.00222141,78.8025
2,1.65,0,-0.00221197,78.8094
2,1.65,0,-0.00220252,78.8165
2,1.65,0,-0.00219307,78.8235
2,1.65,0,-0.00218362,78.8307
2,1.65,0,-0.00217418,78.8379
2,1.65,0,-0.00216473,78.8452
2,1.65,0,-0.00215528,78.8526
2,1.65,0,-0.00214583,78.8601
2,1.65,0,-0.00213638,78.8676
2,1.65,0,-0.00212694,78.8753
2,1.65,0,-0.00211749,78.883
2,1.65,0,-0.00210804,78.8907
2,1.65,0,-0.00209859,78.8986
2,1.65,0,-0.00208914,78.9066
2,1.65,0,-0.0020797,78.9146
2,1.65,0,-0.00207025,78.9227
2,1.65,0,-0.0020608,78.9309
2,1.65,0,-0.00205135,78.9392
2,1.65,0,-0.0020419,78.9476
2,1.65,0,-0.00203246,78.9561
2,1.65,0,-0.00202301,78.9646
2,1.65,0,-0.00201356,78.9733
2,1.65,0,-0.00200411,78.982
2,1.65,0,-0.00199466,78.9909
2,1.65,0,-0.00198522,78.9998
2,1.65,0,-0.00197577,79.0088
2,1.65,0,-0.00196632,79.0179
2,1.65,0,-0.00195687,79.0272
2,1.65,0,-0.00194742,79.0365
2,1.65,0,-0.00193798,79.0459
2,1.65,0,-0.00192853,79.0554
2,1.65,0,-0.00191908,79.065
2,1.65,0,-0.00190963,79.0747
2,1.65,0,-0.00190018,79.0845
2,1.65,0,-0.00189074,79.0944
2,1.65,0,-0.00188129,79.1045
2,1.65,0,-0.00187184,79.1146
2,1.65,0,-0.00186239,79.1248
2,1.65,0,-0.00185294,79.1352
2,1.65,0,-0.0018435,79.1456
2,1.65,0,-0.00183405,79.1562
2,1.65,0,-0.0018246,79.1669
2,1.65,0,-0.00181515,79.1777
2,1.65,0,-0.0018057,79.1886
2,1.65,0,-0.00179626,79.1996
2,1.65,0,-0.00178681,79.2108
2,1.65,0,-0.00177736,79.222
2,1.65,0,-0.00176791,79.2334
2,1.65,0,-0.00175846,79.2449
2,1.65,0,-0.00174902,79.2565
2,1.65,0,-0.00173957,79.2683
2,1.65,0,-0.00173012,79.2802
2,1.65,0,-0.00172067,79.2922
2,1.65,0,-0.00171122,79.3043
2,1.65,0,-0.00170178,79.3166
2,1.65,0,-0.00169233,79.329
2,1.65,0,-0.00168288,79.3415
2,1.65,0,-0.00167343,79.3542
2,1.65,0,-0.00166398,79.367
2,1.65,0,-0.00165454,79.3799
2,1.65,0,-0.00164509,79.393
2,1.65,0,-0.00163564,79.4063
2,1.65,0,-0.00162619,79.4197
2,1.65,0,-0.00161674,79.4332
2,1.65,0,-0.0016073,79.4469
2,1.65,0,-0.00159785,79.4607
2,1.65,0,-0.0015884,79.4747
2,1.65,0,-0.00157895,79.4888
2,1.65,0,-0.0015695,79.5031
2,1.65,0,-0.00156006,79.5175
2,1.65,0,-0.00155061,79.5321
2,1.65,0,-0.00154116,79.5469
2,1.65,0,-0.00153171,79.5619
2,1.65,0,-0.00152226,79.577
2,1.65,0,-0.00151282,79.5923
2,1.65,0,-0.00150337,79.6077
2,1.65,0,-0.00149392,79.6233
2,1.65,0,-0.00148447,79.6391
2,1.65,0,-0.00147502,79.6551
2,1.65,0,-0.00146558,79.6713
2,1.65,0,-0.00145613,79.6876
2,1.65,0,-0.00144668,79.7042
2,1.65,0,-0.00143723,79.7209
2,1.65,0,-0.00142778,79.7379
2,1.65,0,-0.00141834,79.755
2,1.65,0,-0.00140889,79.7723
2,1.65,0,-0.00139944,79.7898
2,1.65,0,-0.00138999,79.8076
2,1.65,0,-0.00138054,79.8255
2,1.65,0,-0.0013711,79.8436
2,1.65,0,-0.00136165,79.862
2,1.65,0,-0.0013522,79.8806
2,1.65,0,-0.00134275,79.8994
2,1.65,0,-0.00133331,79.9184
2,1.65,0,-0.00132386,79.9377
2,1.65,0,-0.00131441,79.9572
2,1.65,0,-0.00130496,79.9769
2,1.65,0,-0.00129551,79.9969
2,1.65,0,-0.00128607,80.0171
2,1.65,0,-0.00127662,80.0376
2,1.65,0,-0.00126717,80.0583
2,1.65,0,-0.00125772,80.0793
2,1.65,0,-0.00124827,80.1005
2,1.65,0,-0.00123883,80.122
2,1.65,0,-0.00122938,80.1438
2,1.65,0,-0.00121993,80.1658
2,1.65,0,-0.00121048,80.1881
2,1.65,0,-0.00120103,80.2108
2,1.65,0,-0.00119159,80.2337
2,1.65,0,-0.00118214,80.2568
2,1.65,0,-0.00117269,80.2803
2,1.65,0,-0.00116324,80.3041
2,1.65,0,-0.00115379,80.3282
2,1.65,0,-0.00114435,80.3527
2,1.65,0,-0.0011349,80.3774
2,1.65,0,-0.00112545,80.4025
2,1.65,0,-0.001116,80.4279
2,1.65,0,-0.00110655,80.4537
2,1.65,0,-0.00109711,80.4797
2,1.65,0,-0.00108766,80.5062
2,1.65,0,-0.00107821,80.533
2,1.65,0,-0.00106876,80.5602
2,1.65,0,-0.00105931,80.5878
2,1.65,0,-0.00104987,80.6157
2,1.65,0,-0.00104042,80.644
2,1.65,0,-0.00103097,80.6728
2,1.65,0,-0.00102152,80.7019
2,1.65,0,-0.00101207,80.7315
2,1.65,0,-0.00100263,80.7614
2,1.65,0,-0.000993178,80.7918
2,1.65,0,-0.00098373,80.8227
2,1.65,0,-0.000974282,80.854
2,1.65,0,-0.000964834,80.8858
2,1.65,0,-0.000955386,80.918
2,1.65,0,-0.000945938,80.9507
2,1.65,0,-0.00093649,80.9839
2,1.65,0,-0.000927042,81.0177
2,1.65,0,-0.000917594,81.0519
2,1.65,0,-0.000908146,81.0867
2,1.65,0,-0.000898698,81.122
2,1.65,0,-0.00088925,81.1578
2,1.65,0,-0.000879802,81.1943
2,1.65,0,-0.000870354,81.2313
2,1.65,0,-0.000860906,81.2689
2,1.65,0,-0.000851458,81.3071
2,1.65,0,-0.00084201,81.3459
2,1.65,0,-0.000832562,81.3854
2,1.65,0,-0.000823114,81.4255
2,1.65,0,-0.000813666,81.4663
2,1.65,0,-0.000804218,81.5078
2,1.65,0,-0.00079477,81.55
2,1.65,0,-0.000785322,81.5929
2,1.65,0,-0.000775874,81.6366
2,1.65,0,-0.000766426,81.6811
2,1.65,0,-0.000756978,81.7263
2,1.65,0,-0.00074753,81.7724
2,1.65,0,-0.000738083,81.8192
2,1.65,0,-0.000728635,81.867
2,1.65,0,-0.000719187,81.9156
2,1.65,0,-0.000709739,81.9652
2,1.65,0,-0.000700291,82.0156
2,1.65,0,-0.000690843,82.0671
2,1.65,0,-0.000681395,82.1195
2,1.65,0,-0.000671947,82.173
2,1.65,0,-0.000662499,82.2275
2,1.65,0,-0.000653051,82.2832
2,1.65,0,-0.000643603,82.3399
2,1.65,0,-0.000634155,82.3978
2,1.65,0,-0.000624707,82.457
2,1.65,0,-0.000615259,82.5173
2,1.65,0,-0.000605811,82.579
2,1.65,0,-0.000596363,82.642
2,1.65,0,-0.000586915,82.7064
2,1.65,0,-0.000577467,82.7722
2,1.65,0,-0.000568019,82.8396
2,1.65,0,-0.000558571,82.9084
2,1.65,0,-0.000549123,82.9789
2,1.65,0,-0.000539675,83.051
2,1.65,0,-0.000530227,83.1249
2,1.65,0,-0.000520779,83.2005
2,1.65,0,-0.000511331,83.278
2,1.65,0,-0.000501883,83.3575
2,1.65,0,-0.000492435,83.439
2,1.65,0,-0.000482987,83.5227
2,1.65,0,-0.000473539,83.6085
2,1.65,0,-0.000464091,83.6967
2,1.65,0,-0.000454643,83.7873
2,1.65,0,-0.000445195,83.8805
2,1.65,0,-0.000435747,83.9763
2,1.65,0,-0.000426299,84.0749
2,1.65,0,-0.000416851,84.1764
2,1.65,0,-0.000407403,84.281
2,1.65,0,-0.000397955,84.3889
2,1.65,0,-0.000388507,84.5001
2,1.65,0,-0.000379059,84.615
2,1.65,0,-0.000369611,84.7337
2,1.65,0,-0.000360163,84.8564
2,1.65,0,-0.000350715,84.9834
2,1.65,0,-0.000341267,85.1149
2,1.65,0,-0.000331819,85.2512
2,1.65,0,-0.000322372,85.3926
2,1.65,0,-0.000312924,85.5395
2,1.65,0,-0.000303476,85.6922
2,1.65,0,-0.000294028,85.8512
2,1.65,0,-0.00028458,86.0169
2,1.65,0,-0.000275132,86.1898
2,1.65,0,-0.000265684,86.3704
2,1.65,0,-0.000256236,86.5595
2,1.65,0,-0.000246788,86.7576
2,1.65,0,-0.00023734,86.9656
2,1.65,0,-0.000227892,87.1844
2,1.65,0,-0.000218444,87.415
2,1.65,0,-0.000208996,87.6585
2,1.65,0,-0.000199548,87.9163
2,1.65,0,-0.0001901,88.1899
2,1.65,0,-0.000180652,88.481
2,1.65,0,-0.000171204,88.7918
2,1.65,0,-0.000161756,89.1248
2,1.65,0,-0.000152308,89.4828
2,1.65,0,-0.00014286,89.8694
2,1.65,0,-0.000133412,90.289
2,1.65,0,-0.000123964,90.7467
2,1.65,0,-0.000114516,91.2493
2,1.65,0,-0.000105068,91.8053
2,1.65,0,-9.562e-05,92.4256
2,1.65,0,-8.61721e-05,93.1247
2,1.65,0,-7.67241e-05,93.9228
2,1.65,0,-6.72761e-05,94.848
2,1.65,0,-5.78281e-05,95.9421
2,1.65,0,-4.83802e-05,97.2703
2,1.65,0,-3.89322e-05,98.9427
2,1.65,0,-2.94842e-05,101.166
2,1.65,0,-2.00362e-05,104.4
2,1.65,0,-1.05883e-05,110.057
2,1.65,0,-1.14027e-06,131.414
2,1.65,0,8.3077e-06,154.19
2,1.65,0,1.77557e-05,146.101
2,1.65,0,2.72037e-05,142.46
2,1.65,0,3.66516e-05,140.278
2,1.65,0,4.60996e-05,138.802
2,1.65,0,5.55476e-05,137.736
2,1.65,0,6.49956e-05,136.935
2,1.65,0,7.44435e-05,136.317
2,1.65,0,8.38915e-05,135.835
2,1.65,0,9.33395e-05,135.454
2,1.65,0,0.000102787,135.154
2,1.65,0,0.000112235,134.919
2,1.65,0,0.000121683,134.737
2,1.65,0,0.000131131,134.6
2,1.65,0,0.000140579,134.5
2,1.65,0,0.000150027,134.434
2,1.65,0,0.000159475,134.396
2,1.65,0,0.000168923,134.384
2,1.65,0,0.000178371,134.395
2,1.65,0,0.000187819,134.426
2,1.65,0,0.000197267,134.476
2,1.65,0,0.000206715,134.544
2,1.65,0,0.000216163,134.628
2,1.65,0,0.000225611,134.727
2,1.65,0,0.000235059,134.84
2,1.65,0,0.000244507,134.968
2,1.65,0,0.000253955,135.108
2,1.65,0,0.000263403,135.262
2,1.65,0,0.000272851,135.427
2,1.65,0,0.000282299,135.605
2,1.65,0,0.000291747,135.796
2,1.65,0,0.000301195,135.998
2,1.65,0,0.000310643,136.212
2,1.65,0,0.000320091,136.438
2,1.65,0,0.000329539,136.677
2,1.65,0,0.000338987,136.928
2,1.65,0,0.000348435,137.191
2,1.65,0,0.000357883,137.468
2,1.65,0,0.000367331,137.758
2,1.65,0,0.000376779,138.062
2,1.65,0,0.000386227,138.381
2,1.65,0,0.000395675,138.715
2,1.65,0,0.000405123,139.065
2,1.65,0,0.000414571,139.432
2,1.65,0,0.000424019,139.818
2,1.65,0,0.000433467,140.222
2,1.65,0,0.000442915,140.648
2,1.65,0,0.000452363,141.096
2,1.65,0,0.000461811,141.568
2,1.65,0,0.000471259,142.067
2,1.65,0,0.000480707,142.595
2,1.65,0,0.000490155,143.155
2,1.65,0,0.000499603,143.751
2,1.65,0,0.000509051,144.387
2,1.65,0,0.000518498,145.069
2,1.65,0,0.000527946,145.803
2,1.65,0,0.000537394,146.597
2,1.65,0,0.000546842,147.462
2,1.65,0,0.00055629,148.41
2,1.65,0,0.000565738,149.459
2,1.65,0,0.000575186,150.634
2,1.65,0,0.000584634,151.968
2,1.65,0,0.000594082,153.51
2,1.65,0,0.00060353,155.342
2,1.65,0,0.000612978,157.597
2,1.65,0,0.000622426,160.542
2,1.65,0,0.000631874,164.819
2,1.65,0,0.000641322,172.955
2,1.65,0,0.00065077,80.8563
2,1.65,0,0.000660218,77.9055
2,1.65,0,0.000669666,76.4685
2,1.65,0,0.000679114,75.454
2,1.65,0,0.000688562,74.6495
2,1.65,0,0.00069801,73.9736
2,1.65,0,0.000707458,73.3854
2,1.65,0,0.000716906,72.8616
2,1.65,0,0.000726354,72.3872
2,1.65,0,0.000735802,71.9524
2,1.65,0,0.00074525,71.55
2,1.65,0,0.000754698,71.1747
2,1.65,0,0.000764146,70.8225
2,1.65,0,0.000773594,70.4904
2,1.65,0,0.000783042,70.1758
2,1.65,0,0.00079249,69.8767
2,1.65,0,0.000801938,69.5915
2,1.65,0,0.000811386,69.3187
2,1.65,0,0.000820834,69.0572
2,1.65,0,0.000830282,68.8059
2,1.65,0,0.00083973,68.5641
2,1.65,0,0.000849178,68.331
2,1.65,0,0.000858626,68.1058
2,1.65,0,0.000868074,67.888
2,1.65,0,0.000877522,67.6772
2,1.65,0,0.00088697,67.4728
2,1.65,0,0.000896418,67.2745
2,1.65,0,0.000905866,67.0818
2,1.65,0,0.000915314,66.8944
2,1.65,0,0.000924762,66.7121
2,1.65,0,0.000934209,66.5345
2,1.65,0,0.000943657,66.3614
2,1.65,0,0.000953105,66.1926
2,1.65,0,0.000962553,66.0279
2,1.65,0,0.000972001,65.867
2,1.65,0,0.000981449,65.7098
2,1.65,0,0.000990897,65.5562
2,1.65,0,0.00100035,65.4058
2,1.65,0,0.00100979,65.2587
2,1.65,0,0.00101924,65.1147
2,1.65,0,0.00102869,64.9736
2,1.65,0,0.00103814,64.8354
2,1.65,0,0.00104759,64.6999
2,1.65,0,0.00105703,64.567
2,1.65,0,0.00106648,64.4366
2,1.65,0,0.00107593,64.3086
2,1.65,0,0.00108538,64.183
2,1.65,0,0.00109483,64.0597
2,1.65,0,0.00110427,63.9385
2,1.65,0,0.00111372,63.8195
2,1.65,0,0.00112317,63.7025
2,1.65,0,0.00113262,63.5874
2,1.65,0,0.00114207,63.4743
2,1.65,0,0.00115151,63.363
2,1.65,0,0.00116096,63.2535
2,1.65,0,0.00117041,63.1458
2,1.65,0,0.00117986,63.0397
2,1.65,0,0.0011893,62.9353
2,1.65,0,0.00119875,62.8325
2,1.65,0,0.0012082,62.7312
2,1.65,0,0.00121765,62.6314
2,1.65,0,0.0012271,62.5331
2,1.65,0,0.00123654,62.4362
2,1.65,0,0.00124599,62.3407
2,1.65,0,0.00125544,62.2465
2,1.65,0,0.00126489,62.1537
2,1.65,0,0.00127434,62.0621
2,1.65,0,0.00128378,61.9718
2,1.65,0,0.00129323,61.8827
2,1.65,0,0.00130268,61.7948
2,1.65,0,0.00131213,61.708
2,1.65,0,0.00132158,61.6224
2,1.65,0,0.00133102,61.5378
2,1.65,0,0.00134047,61.4544
2,1.65,0,0.00134992,61.372
2,1.65,0,0.00135937,61.2906
2,1.65,0,0.00136882,61.2102
2,1.65,0,0.00137826,61.1308
2,1.65,0,0.00138771,61.0524
2,1.65,0,0.00139716,60.9749
2,1.65,0,0.00140661,60.8984
2,1.65,0,0.00141606,60.8227
2,1.65,0,0.0014255,60.7479
2,1.65,0,0.00143495,60.674
2,1.65,0,0.0014444,60.6009
2,1.65,0,0.00145385,60.5287
2,1.65,0,0.0014633,60.4572
2,1.65,0,0.00147274,60.3866
2,1.65,0,0.00148219,60.3167
2,1.65,0,0.00149164,60.2476
2,1.65,0,0.00150109,60.1793
2,1.65,0,0.00151054,60.1116
2,1.65,0,0.00151998,60.0447
2,1.65,0,0.00152943,59.9785
2,1.65,0,0.00153888,59.9131
2,1.65,0,0.00154833,59.8482
2,1.65,0,0.00155778,59.7841
2,1.65,0,0.00156722,59.7206
2,1.65,0,0.00157667,59.6577
2,1.65,0,0.00158612,59.5955
2,1.65,0,0.00159557,59.5339
2,1.65,0,0.00160502,59.473
2,1.65,0,0.00161446,59.4126
2,1.65,0,0.00162391,59.3528
2,1.65,0,0.00163336,59.2936
2,1.65,0,0.00164281,59.2349
2,1.65,0,0.00165226,59.1768
2,1.65,0,0.0016617,59.1193
2,1.65,0,0.00167115,59.0623
2,1.65,0,0.0016806,59.0059
2,1.65,0,0.00169005,58.9499
2,1.65,0,0.0016995,58.8945
2,1.65,0,0.00170894,58.8396
2,1.65,0,0.00171839,58.7852
2,1.65,0,0.00172784,58.7312
2,1.65,0,0.00173729,58.6778
2,1.65,0,0.00174674,58.6248
2,1.65,0,0.00175618,58.5723
2,1.65,0,0.00176563,58.5203
2,1.65,0,0.00177508,58.4687
2,1.65,0,0.00178453,58.4176
2,1.65,0,0.00179398,58.3669
2,1.65,0,0.00180342,58.3166
2,1.65,0,0.00181287,58.2668
2,1.65,0,0.00182232,58.2174
2,1.65,0,0.00183177,58.1684
2,1.65,0,0.00184122,58.1198
2,1.65,0,0.00185066,58.0716
2,1.65,0,0.00186011,58.0238
2,1.65,0,0.00186956,57.9764
2,1.65,0,0.00187901,57.9294
2,1.65,0,0.00188846,57.8828
2,1.65,0,0.0018979,57.8366
2,1.65,0,0.00190735,57.7907
2,1.65,0,0.0019168,57.7452
2,1.65,0,0.00192625,57.7
2,1.65,0,0.0019357,57.6552
2,1.65,0,0.00194514,57.6107
2,1.65,0,0.00195459,57.5666
2,1.65,0,0.00196404,57.5229
2,1.65,0,0.00197349,57.4794
2,1.65,0,0.00198293,57.4363
2,1.65,0,0.00199238,57.3936
2,1.65,0,0.00200183,57.3511
2,1.65,0,0.00201128,57.309
2,1.65,0,0.00202073,57.2672
2,1.65,0,0.00203017,57.2257
2,1.65,0,0.00203962,57.1845
2,1.65,0,0.00204907,57.1436
2,1.65,0,0.00205852,57.103
2,1.65,0,0.00206797,57.0627
2,1.65,0,0.00207741,57.0227
2,1.65,0,0.00208686,56.983
2,1.65,0,0.00209631,56.9435
2,1.65,0,0.00210576,56.9044
2,1.65,0,0.00211521,56.8655
2,1.65,0,0.00212465,56.8269
2,1.65,0,0.0021341,56.7886
2,1.65,0,0.00214355,56.7505
2,1.65,0,0.002153,56.7127
2,1.65,0,0.00216245,56.6752
2,1.65,0,0.00217189,56.6379
2,1.65,0,0.00218134,56.6009
2,1.65,0,0.00219079,56.5641
2,1.65,0,0.00220024,56.5276
2,1.65,0,0.00220969,56.4913
2,1.65,0,0.00221913,56.4553
2,1.65,0,0.00222858,56.4195
2,1.65,0,0.00223803,56.3839
2,1.65,0,0.00224748,56.3486
2,1.65,0,0.00225693,56.3135
2,1.65,0,0.00226637,56.2787
2,1.65,0,0.00227582,56.2441
2,1.65,0,0.00228527,56.2097
2,1.65,0,0.00229472,56.1755
2,1.65,0,0.00230417,56.1415
2,1.65,0,0.00231361,56.1078
2,1.65,0,0.00232306,56.0743
2,1.65,0,0.00233251,56.0409
2,1.65,0,0.00234196,56.0078
2,1.65,0,0.00235141,55.975
2,1.65,0,0.00236085,55.9423
2,1.65,0,0.0023703,55.9098
2,1.65,0,0.00237975,55.8775
2,1.65,0,0.0023892,55.8454
2,1.65,0,0.00239865,55.8135
2,1.65,0,0.00240809,55.7819
2,1.65,0,0.00241754,55.7504
2,1.65,0,0.00242699,55.7191
2,1.65,0,0.00243644,55.688
2,1.65,0,0.00244589,55.657
2,1.65,0,0.00245533,55.6263
2,1.65,0,0.00246478,55.5957
2,1.65,0,0.00247423,55.5654
2,1.65,0,0.00248368,55.5352
2,1.65,0,0.00249313,55.5052
2,1.65,0,0.00250257,55.4753
2,1.65,0,0.00251202,55.4457
2,1.65,0,0.00252147,55.4162
2,1.65,0,0.00253092,55.3869
2,1.65,0,0.00254037,55.3577
2,1.65,0,0.00254981,55.3287
2,1.65,0,0.00255926,55.2999
2,1.65,0,0.00256871,55.2713
2,1.65,0,0.00257816,55.2428
2,1.65,0,0.00258761,55.2145
2,1.65,0,0.00259705,55.1863
2,1.65,0,0.0026065,55.1583
2,1.65,0,0.00261595,55.1304
2,1.65,0,0.0026254,55.1028
2,1.65,0,0.00263485,55.0752
2,1.65,0,0.00264429,55.0478
2,1.65,0,0.00265374,55.0206
2,1.65,0,0.00266319,54.9935
2,1.65,0,0.00267264,54.9666
2,1.65,0,0.00268209,54.9398
2,1.65,0,0.00269153,54.9132
2,1.65,0,0.00270098,54.8867
2,1.65,0,0.00271043,54.8603
2,1.65,0,0.00271988,54.8341
2,1.65,0,0.00272933,54.808
2,1.65,0,0.00273877,54.7821
2,1.65,0,0.00274822,54.7563
2,1.65,0,0.00275767,54.7306
2,1.65,0,0.00276712,54.7051
2,1.65,0,0.00277657,54.6797
2,1.65,0,0.00278601,54.6545
2,1.65,0,0.00279546,54.6294
2,1.65,0,0.00280491,54.6044
2,1.65,0,0.00281436,54.5795
2,1.65,0,0.0028238,54.5548
2,1.65,0,0.00283325,54.5302
2,1.65,0,0.0028427,54.5057
2,1.65,0,0.00285215,54.4813
2,1.65,0,0.0028616,54.4571
2,1.65,0,0.00287104,54.433
2,1.65,0,0.00288049,54.409
2,1.65,0,0.00288994,54.3852
2,1.65,0,0.00289939,54.3614
2,1.65,0,0.00290884,54.3378
2,1.65,0,0.00291828,54.3143
2,1.65,0,0.00292773,54.2909
2,1.65,0,0.00293718,54.2676
2,1.65,0,0.00294663,54.2445
2,1.65,0,0.00295608,54.2214
2,1.65,0,0.00296552,54.1985
2,1.65,0,0.00297497,54.1757
2,1.65,0,0.00298442,54.153
2,1.65,0,0.00299387,54.1304
2,1.65,0,0.00300332,54.1079
2,1.65,0,0.00301276,54.0855
2,1.65,0,0.00302221,54.0633
2,1.65,0,0.00303166,54.0411
2,1.65,0,0.00304111,54.019
2,1.65,0,0.00305056,53.9971
2,1.65,0,0.00306,53.9752
2,1.65,0,0.00306945,53.9535
2,1.65,0,0.0030789,53.9319
2,1.65,0,0.00308835,53.9103
2,1.65,0,0.0030978,53.8889
2,1.65,0,0.00310724,53.8676
2,1.65,0,0.00311669,53.8463
2,1.65,0,0.00312614,53.8252
2,1.65,0,0.00313559,53.8042
2,1.65,0,0.00314504,53.7832
2,1.65,0,0.00315448,53.7624
2,1.65,0,0.00316393,53.7416
2,1.65,0,0.00317338,53.721
2,1.65,0,0.00318283,53.7004
2,1.65,0,0.00319228,53.68
2,1.65,0,0.00320172,53.6596
2,1.65,0,0.00321117,53.6393
2,1.65,0,0.00322062,53.6191
2,1.65,0,0.00323007,53.599
2,1.65,0,0.00323952,53.579
2,1.65,0,0.00324896,53.5591
2,1.65,0,0.00325841,53.5393
2,1.65,0,0.00326786,53.5195
2,1.65,0,0.00327731,53.4999
2,1.65,0,0.00328676,53.4803
2,1.65,0,0.0032962,53.4608
2,1.65,0,0.00330565,53.4414
2,1.65,0,0.0033151,53.4221
2,1.65,0,0.00332455,53.4029
2,1.65,0,0.003334,53.3838
2,1.65,0,0.00334344,53.3647
2,1.65,0,0.00335289,53.3457
2,1.65,0,0.00336234,53.3269
2,1.65,0,0.00337179,53.308
2,1.65,0,0.00338124,53.2893
2,1.65,0,0.00339068,53.2707
2,1.65,0,0.00340013,53.2521
2,1.65,0,0.00340958,53.2336
2,1.65,0,0.00341903,53.2152
2,1.65,0,0.00342848,53.1969
2,1.65,0,0.00343792,53.1786
2,1.65,0,0.00344737,53.1604
2,1.65,0,0.00345682,53.1423
2,1.65,0,0.00346627,53.1243
2,1.65,0,0.00347572,53.1064
2,1.65,0,0.00348516,53.0885
2,1.65,0,0.00349461,53.0707
2,1.65,0,0.00350406,53.053
2,1.65,0,0.00351351,53.0353
2,1.65,0,0.00352296,53.0177
2,1.65,0,0.0035324,53.0002
2,1.65,0,0.00354185,52.9828
2,1.65,0,0.0035513,52.9654
2,1.65,0,0.00356075,52.9481
2,1.65,0,0.0035702,52.9309
2,1.65,0,0.00357964,52.9137
2,1.65,0,0.00358909,52.8967
2,1.65,0,0.00359854,52.8796
2,1.65,0,0.00360799,52.8627
2,1.65,0,0.00361744,52.8458
2,1.65,0,0.00362688,52.829
2,1.65,0,0.00363633,52.8123
2,1.65,0,0.00364578,52.7956
2,1.65,0,0.00365523,52.779
2,1.65,0,0.00366467,52.7624
2,1.65,0,0.00367412,52.7459
2,1.65,0,0.00368357,52.7295
2,1.65,0,0.00369302,52.7132
2,1.65,0,0.00370247,52.6969
2,1.65,0,0.00371191,52.6807
2,1.65,0,0.00372136,52.6645
2,1.65,0,0.00373081,52.6484
2,1.65,0,0.00374026,52.6324
2,1.65,0,0.00374971,52.6164
2,1.65,0,0.00375915,52.6005
2,1.65,0,0.0037686,52.5847
2,1.65,0,0.00377805,52.5689
2,1.65,0,0.0037875,52.5532
2,1.65,0,0.00379695,52.5375
2,1.65,0,0.00380639,52.5219
2,1.65,0,0.00381584,52.5063
2,1.65,0,0.00382529,52.4909
2,1.65,0,0.00383474,52.4754
2,1.65,0,0.00384419,52.4601
2,1.65,0,0.00385363,52.4447
2,1.65,0,0.00386308,52.4295
2,1.65,0,0.00387253,52.4143
2,1.65,0,0.00388198,52.3992
2,1.65,0,0.00389143,52.3841
2,1.65,0,0.00390087,52.3691
2,1.65,0,0.00391032,52.3541
2,1.65,0,0.00391977,52.3392
2,1.65,0,0.00392922,52.3243
2,1.65,0,0.00393867,52.3095
2,1.65,0,0.00394811,52.2948
2,1.65,0,0.00395756,52.2801
2,1.65,0,0.00396701,52.2654
2,1.65,0,0.00397646,52.2508
2,1.65,0,0.00398591,52.2363
2,1.65,0,0.00399535,52.2218
2,1.65,0,0.0040048,52.2074
2,1.65,0,0.00401425,52.193
2,1.65,0,0.0040237,52.1787
2,1.65,0,0.00403315,52.1644
2,1.65,0,0.00404259,52.1502
2,1.65,0,0.00405204,52.136
2,1.65,0,0.00406149,52.1219
2,1.65,0,0.00407094,52.1078
2,1.65,0,0.00408039,52.0938
2,1.65,0,0.00408983,52.0799
2,1.65,0,0.00409928,52.0659
2,1.65,0,0.00410873,52.0521
2,1.65,0,0.00411818,52.0382
2,1.65,0,0.00412763,52.0245
2,1.65,0,0.00413707,52.0108
2,1.65,0,0.00414652,51.9971
2,1.65,0,0.00415597,51.9835
2,1.65,0,0.00416542,51.9699
2,1.65,0,0.00417487,51.9563
2,1.65,0,0.00418431,51.9429
2,1.65,0,0.00419376,51.9294
2,1.65,0,0.00420321,51.916
2,1.65,0,0.00421266,51.9027
2,1.65,0,0.00422211,51.8894
2,1.65,0,0.00423155,51.8761
2,1.65,0,0.004241,51.8629
2,1.65,0,0.00425045,51.8498
2,1.65,0,0.0042599,51.8367
2,1.65,0,0.00426935,51.8236
2,1.65,0,0.00427879,51.8106
2,1.65,0,0.00428824,51.7976
2,1.65,0,0.00429769,51.7846
2,1.65,0,0.00430714,51.7717
2,1.65,0,0.00431659,51.7589
2,1.65,0,0.00432603,51.7461
2,1.65,0,0.00433548,51.7333
2,1.65,0,0.00434493,51.7206
2,1.65,0,0.00435438,51.7079
2,1.65,0,0.00436383,51.6953
2,1.65,0,0.00437327,51.6827
2,1.65,0,0.00438272,51.6701
2,1.65,0,0.00439217,51.6576
2,1.65,0,0.00440162,51.6452
2,1.65,0,0.00441107,51.6327
2,1.65,0,0.00442051,51.6204
2,1.65,0,0.00442996,51.608
2,1.65,0,0.00443941,51.5957
2,1.65,0,0.00444886,51.5834
2,1.65,0,0.00445831,51.5712
2,1.65,0,0.00446775,51.559
2,1.65,0,0.0044772,51.5469
2,1.65,0,0.00448665,51.5348
2,1.65,0,0.0044961,51.5227
2,1.65,0,0.00450554,51.5107
2,1.65,0,0.00451499,51.4987
2,1.65,0,0.00452444,51.4868
2,1.65,0,0.00453389,51.4749
2,1.65,0,0.00454334,51.463
2,1.65,0,0.00455278,51.4511
2,1.65,0,0.00456223,51.4394
2,1.65,0,0.00457168,51.4276
2,1.65,0,0.00458113,51.4159
2,1.65,0,0.00459058,51.4042
2,1.65,0,0.00460002,51.3926
2,1.65,0,0.00460947,51.3809
2,1.65,0,0.00461892,51.3694
2,1.65,0,0.00462837,51.3578
2,1.65,0,0.00463782,51.3463
2,1.65,0,0.00464726,51.3349
2,1.65,0,0.00465671,51.3235
2,1.65,0,0.00466616,51.3121
2,1.65,0,0.00467561,51.3007
2,1.65,0,0.00468506,51.2894
2,1.65,0,0.0046945,51.2781
2,1.65,0,0.00470395,51.2669
2,1.65,0,0.0047134,51.2557
2,1.65,0,0.00472285,51.2445
2,1.65,0,0.0047323,51.2333
2,1.65,0,0.00474174,51.2222
2,1.65,0,0.00475119,51.2111
2,1.65,0,0.00476064,51.2001
2,1.65,0,0.00477009,51.1891
2,1.65,0,0.00477954,51.1781
2,1.65,0,0.00478898,51.1672
2,1.65,0,0.00479843,51.1563
2,1.65,0,0.00480788,51.1454
2,1.65,0,0.00481733,51.1346
2,1.65,0,0.00482678,51.1238
2,1.65,0,0.00483622,51.113
2,1.65,0,0.00484567,51.1023
2,1.65,0,0.00485512,51.0916
2,1.65,0,0.00486457,51.0809
2,1.65,0,0.00487402,51.0702
2,1.65,0,0.00488346,51.0596
2,1.65,0,0.00489291,51.049
2,1.65,0,0.00490236,51.0385
2,1.65,0,0.00491181,51.028
2,1.65,0,0.00492126,51.0175
2,1.65,0,0.0049307,51.007
2,1.65,0,0.00494015,50.9966
2,1.65,0,0.0049496,50.9862
2,1.65,0,0.00495905,50.9759
2,1.65,0,0.0049685,50.9655
2,1.65,0,0.00497794,50.9552
2,1.65,0,0.00498739,50.945
2,1.65,0,0.00499684,50.9347
2,1.65,0,0.00500629,50.9245
2,1.65,0,0.00501574,50.9144
2,1.65,0,0.00502518,50.9042
2,1.65,0,0.00503463,50.8941
2,1.65,0,0.00504408,50.884
2,1.65,0,0.00505353,50.8739
2,1.65,0,0.00506298,50.8639
2,1.65,0,0.00507242,50.8539
2,1.65,0,0.00508187,50.8439
2,1.65,0,0.00509132,50.834
2,1.65,0,0.00510077,50.8241
2,1.65,0,0.00511022,50.8142
2,1.65,0,0.00511966,50.8043
2,1.65,0,0.00512911,50.7945
2,1.65,0,0.00513856,50.7847
2,1.65,0,0.00514801,50.7749
2,1.65,0,0.00515746,50.7652
2,1.65,0,0.0051669,50.7555
2,1.65,0,0.00517635,50.7458
2,1.65,0,0.0051858,50.7361
2,1.65,0,0.00519525,50.7265
2,1.65,0,0.0052047,50.7169
2,1.65,0,0.00521414,50.7073
2,1.65,0,0.00522359,50.6978
2,1.65,0,0.00523304,50.6882
2,1.65,0,0.00524249,50.6787
2,1.65,0,0.00525194,50.6693
2,1.65,0,0.00526138,50.6598
2,1.65,0,0.00527083,50.6504
2,1.65,0,0.00528028,50.641
2,1.65,0,0.00528973,50.6316
2,1.65,0,0.00529918,50.6223
2,1.65,0,0.00530862,50.613
2,1.65,0,0.00531807,50.6037
2,1.65,0,0.00532752,50.5944
2,1.65,0,0.00533697,50.5852
2,1.65,0,0.00534641,50.576
2,1.65,0,0.00535586,50.5668
2,1.65,0,0.00536531,50.5576
2,1.65,0,0.00537476,50.5485
2,1.65,0,0.00538421,50.5394
2,1.65,0,0.00539365,50.5303
2,1.65,0,0.0054031,50.5213
2,1.65,0,0.00541255,50.5122
2,1.65,0,0.005422,50.5032
2,1.65,0,0.00543145,50.4942
2,1.65,0,0.00544089,50.4853
2,1.65,0,0.00545034,50.4763
2,1.65,0,0.00545979,50.4674
2,1.65,0,0.00546924,50.4585
2,1.65,0,0.00547869,50.4497
2,1.65,0,0.00548813,50.4408
2,1.65,0,0.00549758,50.432
2,1.65,0,0.00550703,50.4232
2,1.65,0,0.00551648,50.4144
2,1.65,0,0.00552593,50.4057
2,1.65,0,0.00553537,50.397
2,1.65,0,0.00554482,50.3883
2,1.65,0,0.00555427,50.3796
2,1.65,0,0.00556372,50.371
2,1.65,0,0.00557317,50.3623
2,1.65,0,0.00558261,50.3537
2,1.65,0,0.00559206,50.3451
2,1.65,0,0.00560151,50.3366
2,1.65,0,0.00561096,50.328
2,1.65,0,0.00562041,50.3195
2,1.65,0,0.00562985,50.311
2,1.65,0,0.0056393,50.3026
2,1.65,0,0.00564875,50.2941
2,1.65,0,0.0056582,50.2857
2,1.65,0,0.00566765,50.2773
2,1.65,0,0.00567709,50.2689
2,1.65,0,0.00568654,50.2606
2,1.65,0,0.00569599,50.2522
2,1.65,0,0.00570544,50.2439
2,1.65,0,0.00571489,50.2356
2,1.65,0,0.00572433,50.2273
2,1.65,0,0.00573378,50.2191
2,1.65,0,0.00574323,50.2109
2,1.65,0,0.00575268,50.2026
2,1.65,0,0.00576213,50.1945
2,1.65,0,0.00577157,50.1863
2,1.65,0,0.00578102,50.1781
2,1.65,0,0.00579047,50.17
2,1.65,0,0.00579992,50.1619
2,1.65,0,0.00580937,50.1538
2,1.65,0,0.00581881,50.1458
2,1.65,0,0.00582826,50.1377
2,1.65,0,0.00583771,50.1297
2,1.65,0,0.00584716,50.1217
2,1.65,0,0.00585661,50.1137
2,1.65,0,0.00586605,50.1058
2,1.65,0,0.0058755,50.0978
2,1.65,0,0.00588495,50.0899
2,1.65,0,0.0058944,50.082
2,1.65,0,0.00590385,50.0741
2,1.65,0,0.00591329,50.0663
2,1.65,0,0.00592274,50.0584
2,1.65,0,0.00593219,50.0506
2,1.65,0,0.00594164,50.0428
2,1.65,0,0.00595109,50.0351
2,1.65,0,0.00596053,50.0273
2,1.65,0,0.00596998,50.0195
2,1.65,0,0.00597943,50.0118
2,1.65,0,0.00598888,50.0041
2,1.65,0,0.00599833,49.9964
2,1.65,0,0.00600777,49.9888
2,1.65,0,0.00601722,49.9811
2,1.65,0,0.00602667,49.9735
2,1.65,0,0.00603612,49.9659
2,1.65,0,0.00604557,49.9583
2,1.65,0,0.00605501,49.9507
2,1.65,0,0.00606446,49.9432
2,1.65,0,0.00607391,49.9357
2,1.65,0,0.00608336,49.9282
2,1.65,0,0.00609281,49.9207
2,1.65,0,0.00610225,49.9132
2,1.65,0,0.0061117,49.9057
2,1.65,0,0.00612115,49.8983
2,1.65,0,0.0061306,49.8909
2,1.65,0,0.00614005,49.8835
2,1.65,0,0.00614949,49.8761
2,1.65,0,0.00615894,49.8687
2,1.65,0,0.00616839,49.8614
2,1.65,0,0.00617784,49.854
2,1.65,0,0.00618728,49.8467
2,1.65,0,0.00619673,49.8394
2,1.65,0,0.00620618,49.8321
2,1.65,0,0.00621563,49.8249
2,1.65,0,0.00622508,49.8176
2,1.65,0,0.00623452,49.8104
2,1.65,0,0.00624397,49.8032
2,1.65,0,0.00625342,49.796
2,1.65,0,0.00626287,49.7888
2,1.65,0,0.00627232,49.7817
2,1.65,0,0.00628176,49.7745
2,1.65,0,0.00629121,49.7674
2,1.65,0,0.00630066,49.7603

