3,0.0586661,2,-0.159201,0.0630266,-3,-1828.81
3,0.0586661,2,-0.159201,0.0630266,-2.997,-2013.16
3,0.0586661,2,-0.159201,0.0630266,-2.994,-2197.94
3,0.0586661,2,-0.159201,0.0630266,-2.991,-2383.16
3,0.0586661,2,-0.159201,0.0630266,-2.98799,-2568.81
3,0.0586661,2,-0.159201,0.0630266,-2.98499,-2754.9
3,0.0586661,2,-0.159201,0.0630266,-2.98199,-2941.43
3,0.0586661,2,-0.159201,0.0630266,-2.97899,-3128.39
3,0.0586661,2,-0.159201,0.0630266,-2.97599,-3315.78
3,0.0586661,2,-0.159201,0.0630266,-2.97299,-3503.6
3,0.0586661,2,-0.159201,0.0630266,-2.96998,-3691.84
3,0.0586661,2,-0.159201,0.0630266,-2.96698,-3880.51
3,0.0586661,2,-0.159201,0.0630266,-2.96398,-4069.6
3,0.0586661,2,-0.159201,0.0630266,-2.96098,-4259.12
3,0.0586661,2,-0.159201,0.0630266,-2.95798,-4449.06
3,0.0586661,2,-0.159201,0.0630266,-2.95498,-4639.43
3,0.0586661,2,-0.159201,0.0630266,-2.95198,-4830.21
3,0.0586661,2,-0.159201,0.0630266,-2.94897,-5021.4
3,0.0586661,2,-0.159201,0.0630266,-2.94597,-5213.01
3,0.0586661,2,-0.159201,0.0630266,-2.94297,-5405.04
3,0.0586661,2,-0.159201,0.0630266,-2.93997,-5597.47
3,0.0586661,2,-0.159201,0.0630266,-2.93697,-5790.32
3,0.0586661,2,-0.159201,0.0630266,-2.93397,-5983.58
3,0.0586661,2,-0.159201,0.0630266,-2.93097,-6177.24
3,0.0586661,2,-0.159201,0.0630266,-2.92796,-6371.31
3,0.0586661,2,-0.159201,0.0630266,-2.92496,-6565.79
3,0.0586661,2,-0.159201,0.0630266,-2.92196,-6760.68
3,0.0586661,2,-0.159201,0.0630266,-2.91896,-6955.94
3,0.0586661,2,-0.159201,0.0630266,-2.91596,-7151.62
3,0.0586661,2,-0.159201,0.0630266,-2.91296,-7347.7
3,0.0586661,2,-0.159201,0.0630266,-2.90995,-7544.17
3,0.0586661,2,-0.159201,0.0630266,-2.90695,-7741.03
3,0.0586661,2,-0.159201,0.0630266,-2.90395,-7938.3
3,0.0586661,2,-0.159201,0.0630266,-2.90095,-8135.94
3,0.0586661,2,-0.159201,0.0630266,-2.89795,-8333.98
3,0.0586661,2,-0.159201,0.0630266,-2.89495,-8532.4
3,0.0586661,2,-0.159201,0.0630266,-2.89195,-8731.21
3,0.0586661,2,-0.159201,0.0630266,-2.88894,-8930.39
3,0.0586661,2,-0.159201,0.0630266,-2.88594,-9129.96
3,0.0586661,2,-0.159201,0.0630266,-2.88294,-9329.93
3,0.0586661,2,-0.159201,0.0630266,-2.87994,-9530.25
3,0.0586661,2,-0.159201,0.0630266,-2.87694,-9730.95
3,0.0586661,2,-0.159201,0.0630266,-2.87394,-9932.04
3,0.0586661,2,-0.159201,0.0630266,-2.87094,-10133.5
3,0.0586661,2,-0.159201,0.0630266,-2.86793,-10335.3
3,0.0586661,2,-0.159201,0.0630266,-2.86493,-10537.5
3,0.0586661,2,-0.159201,0.0630266,-2.86193,-10740.1
3,0.0586661,2,-0.159201,0.0630266,-2.85893,-10943
3,0.0586661,2,-0.159201,0.0630266,-2.85593,-11146.3
3,0.0586661,2,-0.159201,0.0630266,-2.85293,-11350
3,0.0586661,2,-0.159201,0.0630266,-2.84992,-11554
3,0.0586661,2,-0.159201,0.0630266,-2.84692,-11758.3
3,0.0586661,2,-0.159201,0.0630266,-2.84392,-11963
3,0.0586661,2,-0.159201,0.0630266,-2.84092,-12168.1
3,0.0586661,2,-0.159201,0.0630266,-2.83792,-12373.5
3,0.0586661,2,-0.159201,0.0630266,-2.83492,-12579.3
3,0.0586661,2,-0.159201,0.0630266,-2.83192,-12785.5
3,0.0586661,2,-0.159201,0.0630266,-2.82891,-12991.9
3,0.0586661,2,-0.159201,0.0630266,-2.82591,-13198.7
3,0.0586661,2,-0.159201,0.0630266,-2.82291,-13405.9
3,0.0586661,2,-0.159201,0.0630266,-2.81991,-13613.4
3,0.0586661,2,-0.159201,0.0630266,-2.81691,-13821.2
3,0.0586661,2,-0.159201,0.0630266,-2.81391,-14029.4
3,0.0586661,2,-0.159201,0.0630266,-2.81091,-14237.9
3,0.0586661,2,-0.159201,0.0630266,-2.8079,-14446.7
3,0.0586661,2,-0.159201,0.0630266,-2.8049,-14655.9
3,0.0586661,2,-0.159201,0.0630266,-2.8019,-14865.4
3,0.0586661,2,-0.159201,0.0630266,-2.7989,-15075.2
3,0.0586661,2,-0.159201,0.0630266,-2.7959,-15285.3
3,0.0586661,2,-0.159201,0.0630266,-2.7929,-15495.8
3,0.0586661,2,-0.159201,0.0630266,-2.78989,-15706.6
3,0.0586661,2,-0.159201,0.0630266,-2.78689,-15917.6
3,0.0586661,2,-0.159201,0.0630266,-2.78389,-16129.1
3,0.0586661,2,-0.159201,0.0630266,-2.78089,-16340.8
3,0.0586661,2,-0.159201,0.0630266,-2.77789,-16552.8
3,0.0586661,2,-0.159201,0.0630266,-2.77489,-16765.1
3,0.0586661,2,-0.159201,0.0630266,-2.77189,-16977.8
3,0.0586661,2,-0.159201,0.0630266,-2.76888,-17190.7
3,0.0586661,2,-0.159201,0.0630266,-2.76588,-17404
3,0.0586661,2,-0.159201,0.0630266,-2.76288,-17617.5
3,0.0586661,2,-0.159201,0.0630266,-2.75988,-17831.4
3,0.0586661,2,-0.159201,0.0630266,-2.75688,-18045.5
3,0.0586661,2,-0.159201,0.0630266,-2.75388,-18259.9
3,0.0586661,2,-0.159201,0.0630266,-2.75088,-18474.6
3,0.0586661,2,-0.159201,0.0630266,-2.74787,-18689.6
3,0.0586661,2,-0.159201,0.0630266,-2.74487,-18904.9
3,0.0586661,2,-0.159201,0.0630266,-2.74187,-19120.5
3,0.0586661,2,-0.159201,0.0630266,-2.73887,-19336.3
3,0.0586661,2,-0.159201,0.0630266,-2.73587,-19552.5
3,0.0586661,2,-0.159201,0.0630266,-2.73287,-19768.9
3,0.0586661,2,-0.159201,0.0630266,-2.72986,-19985.6
3,0.0586661,2,-0.159201,0.0630266,-2.72686,-20202.5
3,0.0586661,2,-0.159201,0.0630266,-2.72386,-20419.7
3,0.0586661,2,-0.159201,0.0630266,-2.72086,-20637.2
3,0.0586661,2,-0.159201,0.0630266,-2.71786,-20854.9
3,0.0586661,2,-0.159201,0.0630266,-2.71486,-21072.9
3,0.0586661,2,-0.159201,0.0630266,-2.71186,-21291.2
3,0.0586661,2,-0.159201,0.0630266,-2.70885,-21509.7
3,0.0586661,2,-0.159201,0.0630266,-2.70585,-21728.5
3,0.0586661,2,-0.159201,0.0630266,-2.70285,-21947.5
3,0.0586661,2,-0.159201,0.0630266,-2.69985,-22166.8
3,0.0586661,2,-0.159201,0.0630266,-2.69685,-22386.3
3,0.0586661,2,-0.159201,0.0630266,-2.69385,-22606.1
3,0.0586661,2,-0.159201,0.0630266,-2.69085,-22826.1
3,0.0586661,2,-0.159201,0.0630266,-2.68784,-23046.3
3,0.0586661,2,-0.159201,0.0630266,-2.68484,-23266.8
3,0.0586661,2,-0.159201,0.0630266,-2.68184,-23487.5
3,0.0586661,2,-0.159201,0.0630266,-2.67884,-23708.4
3,0.0586661,2,-0.159201,0.0630266,-2.67584,-23929.6
3,0.0586661,2,-0.159201,0.0630266,-2.67284,-24151
3,0.0586661,2,-0.159201,0.0630266,-2.66983,-24372.6
3,0.0586661,2,-0.159201,0.0630266,-2.66683,-24594.5
3,0.0586661,2,-0.159201,0.0630266,-2.66383,-24816.5
3,0.0586661,2,-0.159201,0.0630266,-2.66083,-25038.8
3,0.0586661,2,-0.159201,0.0630266,-2.65783,-25261.3
3,0.0586661,2,-0.159201,0.0630266,-2.65483,-25484
3,0.0586661,2,-0.159201,0.0630266,-2.65183,-25706.9
3,0.0586661,2,-0.159201,0.0630266,-2.64882,-25930
3,0.0586661,2,-0.159201,0.0630266,-2.64582,-26153.3
3,0.0586661,2,-0.159201,0.0630266,-2.64282,-26376.8
3,0.0586661,2,-0.159201,0.0630266,-2.63982,-26600.5
3,0.0586661,2,-0.159201,0.0630266,-2.63682,-26824.4
3,0.0586661,2,-0.159201,0.0630266,-2.63382,-27048.5
3,0.0586661,2,-0.159201,0.0630266,-2.63082,-27272.8
3,0.0586661,2,-0.159201,0.0630266,-2.62781,-27497.2
3,0.0586661,2,-0.159201,0.0630266,-2.62481,-27721.9
3,0.0586661,2,-0.159201,0.0630266,-2.62181,-27946.7
3,0.0586661,2,-0.159201,0.0630266,-2.61881,-28171.7
3,0.0586661,2,-0.159201,0.0630266,-2.61581,-28396.9
3,0.0586661,2,-0.159201,0.0630266,-2.61281,-28622.2
3,0.0586661,2,-0.159201,0.0630266,-2.6098,-28847.7
3,0.0586661,2,-0.159201,0.0630266,-2.6068,-29073.4
3,0.0586661,2,-0.159201,0.0630266,-2.6038,-29299.2
3,0.0586661,2,-0.159201,0.0630266,-2.6008,-29525.2
3,0.0586661,2,-0.159201,0.0630266,-2.5978,-29751.4
3,0.0586661,2,-0.159201,0.0630266,-2.5948,-29977.7
3,0.0586661,2,-0.159201,0.0630266,-2.5918,-30204.2
3,0.0586661,2,-0.159201,0.0630266,-2.58879,-30430.8
3,0.0586661,2,-0.159201,0.0630266,-2.58579,-30657.5
3,0.0586661,2,-0.159201,0.0630266,-2.58279,-30884.4
3,0.0586661,2,-0.159201,0.0630266,-2.57979,-31111.5
3,0.0586661,2,-0.159201,0.0630266,-2.57679,-31338.6
3,0.0586661,2,-0.159201,0.0630266,-2.57379,-31566
3,0.0586661,2,-0.159201,0.0630266,-2.57079,-31793.4
3,0.0586661,2,-0.159201,0.0630266,-2.56778,-32020.9
3,0.0586661,2,-0.159201,0.0630266,-2.56478,-32248.6
3,0.0586661,2,-0.159201,0.0630266,-2.56178,-32476.4
3,0.0586661,2,-0.159201,0.0630266,-2.55878,-32704.4
3,0.0586661,2,-0.159201,0.0630266,-2.55578,-32932.4
3,0.0586661,2,-0.159201,0.0630266,-2.55278,-33160.5
3,0.0586661,2,-0.159201,0.0630266,-2.54977,-33388.8
3,0.0586661,2,-0.159201,0.0630266,-2.54677,-33617.2
3,0.0586661,2,-0.159201,0.0630266,-2.54377,-33845.7
3,0.0586661,2,-0.159201,0.0630266,-2.54077,-34074.2
3,0.0586661,2,-0.159201,0.0630266,-2.53777,-34302.9
3,0.0586661,2,-0.159201,0.0630266,-2.53477,-34531.6
3,0.0586661,2,-0.159201,0.0630266,-2.53177,-34760.5
3,0.0586661,2,-0.159201,0.0630266,-2.52876,-34989.4
3,0.0586661,2,-0.159201,0.0630266,-2.52576,-35218.4
3,0.0586661,2,-0.159201,0.0630266,-2.52276,-35447.5
3,0.0586661,2,-0.159201,0.0630266,-2.51976,-35676.7
3,0.0586661,2,-0.159201,0.0630266,-2.51676,-35905.9
3,0.0586661,2,-0.159201,0.0630266,-2.51376,-36135.3
3,0.0586661,2,-0.159201,0.0630266,-2.51076,-36364.7
3,0.0586661,2,-0.159201,0.0630266,-2.50775,-36594.1
3,0.0586661,2,-0.159201,0.0630266,-2.50475,-36823.6
3,0.0586661,2,-0.159201,0.0630266,-2.50175,-37053.2
3,0.0586661,2,-0.159201,0.0630266,-2.49875,-37282.8
3,0.0586661,2,-0.159201,0.0630266,-2.49575,-37512.5
3,0.0586661,2,-0.159201,0.0630266,-2.49275,-37742.2
3,0.0586661,2,-0.159201,0.0630266,-2.48974,-37972
3,0.0586661,2,-0.159201,0.0630266,-2.48674,-38201.8
3,0.0586661,2,-0.159201,0.0630266,-2.48374,-38431.6
3,0.0586661,2,-0.159201,0.0630266,-2.48074,-38661.5
3,0.0586661,2,-0.159201,0.0630266,-2.47774,-38891.4
3,0.0586661,2,-0.159201,0.0630266,-2.47474,-39121.4
3,0.0586661,2,-0.159201,0.0630266,-2.47174,-39351.3
3,0.0586661,2,-0.159201,0.0630266,-2.46873,-39581.3
3,0.0586661,2,-0.159201,0.0630266,-2.46573,-39811.3
3,0.0586661,2,-0.159201,0.0630266,-2.46273,-40041.3
3,0.0586661,2,-0.159201,0.0630266,-2.45973,-40271.4
3,0.0586661,2,-0.159201,0.0630266,-2.45673,-40501.4
3,0.0586661,2,-0.159201,0.0630266,-2.45373,-40731.5
3,0.0586661,2,-0.159201,0.0630266,-2.45073,-40961.5
3,0.0586661,2,-0.159201,0.0630266,-2.44772,-41191.5
3,0.0586661,2,-0.159201,0.0630266,-2.44472,-41421.5
3,0.0586661,2,-0.159201,0.0630266,-2.44172,-41651.6
3,0.0586661,2,-0.159201,0.0630266,-2.43872,-41881.6
3,0.0586661,2,-0.159201,0.0630266,-2.43572,-42111.6
3,0.0586661,2,-0.159201,0.0630266,-2.43272,-42341.5
3,0.0586661,2,-0.159201,0.0630266,-2.42971,-42571.5
3,0.0586661,2,-0.159201,0.0630266,-2.42671,-42801.4
3,0.0586661,2,-0.159201,0.0630266,-2.42371,-43031.3
3,0.0586661,2,-0.159201,0.0630266,-2.42071,-43261.1
3,0.0586661,2,-0.159201,0.0630266,-2.41771,-43490.9
3,0.0586661,2,-0.159201,0.0630266,-2.41471,-43720.7
3,0.0586661,2,-0.159201,0.0630266,-2.41171,-43950.4
3,0.0586661,2,-0.159201,0.0630266,-2.4087,-44180.1
3,0.0586661,2,-0.159201,0.0630266,-2.4057,-44409.7
3,0.0586661,2,-0.159201,0.0630266,-2.4027,-44639.3
3,0.0586661,2,-0.159201,0.0630266,-2.3997,-44868.8
3,0.0586661,2,-0.159201,0.0630266,-2.3967,-45098.2
3,0.0586661,2,-0.159201,0.0630266,-2.3937,-45327.6
3,0.0586661,2,-0.159201,0.0630266,-2.3907,-45556.9
3,0.0586661,2,-0.159201,0.0630266,-2.38769,-45786.1
3,0.0586661,2,-0.159201,0.0630266,-2.38469,-46015.2
3,0.0586661,2,-0.159201,0.0630266,-2.38169,-46244.3
3,0.0586661,2,-0.159201,0.0630266,-2.37869,-46473.3
3,0.0586661,2,-0.159201,0.0630266,-2.37569,-46702.2
3,0.0586661,2,-0.159201,0.0630266,-2.37269,-46931
3,0.0586661,2,-0.159201,0.0630266,-2.36968,-47159.7
3,0.0586661,2,-0.159201,0.0630266,-2.36668,-47388.2
3,0.0586661,2,-0.159201,0.0630266,-2.36368,-47616.7
3,0.0586661,2,-0.159201,0.0630266,-2.36068,-47845.1
3,0.0586661,2,-0.159201,0.0630266,-2.35768,-48073.4
3,0.0586661,2,-0.159201,0.0630266,-2.35468,-48301.5
3,0.0586661,2,-0.159201,0.0630266,-2.35168,-48529.5
3,0.0586661,2,-0.159201,0.0630266,-2.34867,-48757.4
3,0.0586661,2,-0.159201,0.0630266,-2.34567,-48985.2
3,0.0586661,2,-0.159201,0.0630266,-2.34267,-49212.8
3,0.0586661,2,-0.159201,0.0630266,-2.33967,-49440.4
3,0.0586661,2,-0.159201,0.0630266,-2.33667,-49667.7
3,0.0586661,2,-0.159201,0.0630266,-2.33367,-49894.9
3,0.0586661,2,-0.159201,0.0630266,-2.33067,-50122
3,0.0586661,2,-0.159201,0.0630266,-2.32766,-50348.9
3,0.0586661,2,-0.159201,0.0630266,-2.32466,-50575.7
3,0.0586661,2,-0.159201,0.0630266,-2.32166,-50802.3
3,0.0586661,2,-0.159201,0.0630266,-2.31866,-51028.7
3,0.0586661,2,-0.159201,0.0630266,-2.31566,-51255
3,0.0586661,2,-0.159201,0.0630266,-2.31266,-51481.1
3,0.0586661,2,-0.159201,0.0630266,-2.30965,-51707
3,0.0586661,2,-0.159201,0.0630266,-2.30665,-51932.8
3,0.0586661,2,-0.159201,0.0630266,-2.30365,-52158.3
3,0.0586661,2,-0.159201,0.0630266,-2.30065,-52383.7
3,0.0586661,2,-0.159201,0.0630266,-2.29765,-52608.9
3,0.0586661,2,-0.159201,0.0630266,-2.29465,-52833.8
3,0.0586661,2,-0.159201,0.0630266,-2.29165,-53058.6
3,0.0586661,2,-0.159201,0.0630266,-2.28864,-53283.2
3,0.0586661,2,-0.159201,0.0630266,-2.28564,-53507.6
3,0.0586661,2,-0.159201,0.0630266,-2.28264,-53731.7
3,0.0586661,2,-0.159201,0.0630266,-2.27964,-53955.7
3,0.0586661,2,-0.159201,0.0630266,-2.27664,-54179.4
3,0.0586661,2,-0.159201,0.0630266,-2.27364,-54402.9
3,0.0586661,2,-0.159201,0.0630266,-2.27064,-54626.1
3,0.0586661,2,-0.159201,0.0630266,-2.26763,-54849.2
3,0.0586661,2,-0.159201,0.0630266,-2.26463,-55072
3,0.0586661,2,-0.159201,0.0630266,-2.26163,-55294.5
3,0.0586661,2,-0.159201,0.0630266,-2.25863,-55516.8
3,0.0586661,2,-0.159201,0.0630266,-2.25563,-55738.9
3,0.0586661,2,-0.159201,0.0630266,-2.25263,-55960.7
3,0.0586661,2,-0.159201,0.0630266,-2.24962,-56182.2
3,0.0586661,2,-0.159201,0.0630266,-2.24662,-56403.5
3,0.0586661,2,-0.159201,0.0630266,-2.24362,-56624.5
3,0.0586661,2,-0.159201,0.0630266,-2.24062,-56845.3
3,0.0586661,2,-0.159201,0.0630266,-2.23762,-57065.8
3,0.0586661,2,-0.159201,0.0630266,-2.23462,-57286
3,0.0586661,2,-0.159201,0.0630266,-2.23162,-57505.9
3,0.0586661,2,-0.159201,0.0630266,-2.22861,-57725.5
3,0.0586661,2,-0.159201,0.0630266,-2.22561,-57944.8
3,0.0586661,2,-0.159201,0.0630266,-2.22261,-58163.9
3,0.0586661,2,-0.159201,0.0630266,-2.21961,-58382.6
3,0.0586661,2,-0.159201,0.0630266,-2.21661,-58601
3,0.0586661,2,-0.159201,0.0630266,-2.21361,-58819.1
3,0.0586661,2,-0.159201,0.0630266,-2.21061,-59036.9
3,0.0586661,2,-0.159201,0.0630266,-2.2076,-59254.4
3,0.0586661,2,-0.159201,0.0630266,-2.2046,-59471.5
3,0.0586661,2,-0.159201,0.0630266,-2.2016,-59688.4
3,0.0586661,2,-0.159201,0.0630266,-2.1986,-59904.9
3,0.0586661,2,-0.159201,0.0630266,-2.1956,-60121.1
3,0.0586661,2,-0.159201,0.0630266,-2.1926,-60336.8
3,0.0586661,2,-0.159201,0.0630266,-2.18959,-60552.3
3,0.0586661,2,-0.159201,0.0630266,-2.18659,-60767.4
3,0.0586661,2,-0.159201,0.0630266,-2.18359,-60982.2
3,0.0586661,2,-0.159201,0.0630266,-2.18059,-61196.7
3,0.0586661,2,-0.159201,0.0630266,-2.17759,-61410.7
3,0.0586661,2,-0.159201,0.0630266,-2.17459,-61624.4
3,0.0586661,2,-0.159201,0.0630266,-2.17159,-61837.7
3,0.0586661,2,-0.159201,0.0630266,-2.16858,-62050.7
3,0.0586661,2,-0.159201,0.0630266,-2.16558,-62263.2
3,0.0586661,2,-0.159201,0.0630266,-2.16258,-62475.3
3,0.0586661,2,-0.159201,0.0630266,-2.15958,-62687.1
3,0.0586661,2,-0.159201,0.0630266,-2.15658,-62898.5
3,0.0586661,2,-0.159201,0.0630266,-2.15358,-63109.5
3,0.0586661,2,-0.159201,0.0630266,-2.15058,-63320.1
3,0.0586661,2,-0.159201,0.0630266,-2.14757,-63530.3
3,0.0586661,2,-0.159201,0.0630266,-2.14457,-63740
3,0.0586661,2,-0.159201,0.0630266,-2.14157,-63949.3
3,0.0586661,2,-0.159201,0.0630266,-2.13857,-64158.3
3,0.0586661,2,-0.159201,0.0630266,-2.13557,-64366.8
3,0.0586661,2,-0.159201,0.0630266,-2.13257,-64574.8
3,0.0586661,2,-0.159201,0.0630266,-2.12956,-64782.5
3,0.0586661,2,-0.159201,0.0630266,-2.12656,-64989.7
3,0.0586661,2,-0.159201,0.0630266,-2.12356,-65196.4
3,0.0586661,2,-0.159201,0.0630266,-2.12056,-65402.7
3,0.0586661,2,-0.159201,0.0630266,-2.11756,-65608.5
3,0.0586661,2,-0.159201,0.0630266,-2.11456,-65813.9
3,0.0586661,2,-0.159201,0.0630266,-2.11156,-66018.9
3,0.0586661,2,-0.159201,0.0630266,-2.10855,-66223.3
3,0.0586661,2,-0.159201,0.0630266,-2.10555,-66427.3
3,0.0586661,2,-0.159201,0.0630266,-2.10255,-66630.8
3,0.0586661,2,-0.159201,0.0630266,-2.09955,-66833.8
3,0.0586661,2,-0.159201,0.0630266,-2.09655,-67036.3
3,0.0586661,2,-0.159201,0.0630266,-2.09355,-67238.3
3,0.0586661,2,-0.159201,0.0630266,-2.09055,-67439.9
3,0.0586661,2,-0.159201,0.0630266,-2.08754,-67640.9
3,0.0586661,2,-0.159201,0.0630266,-2.08454,-67841.4
3,0.0586661,2,-0.159201,0.0630266,-2.08154,-68041.4
3,0.0586661,2,-0.159201,0.0630266,-2.07854,-68241
3,0.0586661,2,-0.159201,0.0630266,-2.07554,-68440
3,0.0586661,2,-0.159201,0.0630266,-2.07254,-68638.4
3,0.0586661,2,-0.159201,0.0630266,-2.06953,-68836.3
3,0.0586661,2,-0.159201,0.0630266,-2.06653,-69033.7
3,0.0586661,2,-0.159201,0.0630266,-2.06353,-69230.6
3,0.0586661,2,-0.159201,0.0630266,-2.06053,-69426.9
3,0.0586661,2,-0.159201,0.0630266,-2.05753,-69622.7
3,0.0586661,2,-0.159201,0.0630266,-2.05453,-69817.9
3,0.0586661,2,-0.159201,0.0630266,-2.05153,-70012.5
3,0.0586661,2,-0.159201,0.0630266,-2.04852,-70206.6
3,0.0586661,2,-0.159201,0.0630266,-2.04552,-70400.1
3,0.0586661,2,-0.159201,0.0630266,-2.04252,-70593
3,0.0586661,2,-0.159201,0.0630266,-2.03952,-70785.4
3,0.0586661,2,-0.159201,0.0630266,-2.03652,-70977.2
3,0.0586661,2,-0.159201,0.0630266,-2.03352,-71168.4
3,0.0586661,2,-0.159201,0.0630266,-2.03052,-71359
3,0.0586661,2,-0.159201,0.0630266,-2.02751,-71549
3,0.0586661,2,-0.159201,0.0630266,-2.02451,-71738.3
3,0.0586661,2,-0.159201,0.0630266,-2.02151,-71927.2
3,0.0586661,2,-0.159201,0.0630266,-2.01851,-72115.3
3,0.0586661,2,-0.159201,0.0630266,-2.01551,-72302.9
3,0.0586661,2,-0.159201,0.0630266,-2.01251,-72489.8
3,0.0586661,2,-0.159201,0.0630266,-2.0095,-72676.1
3,0.0586661,2,-0.159201,0.0630266,-2.0065,-72861.8
3,0.0586661,2,-0.159201,0.0630266,-2.0035,-73046.8
3,0.0586661,2,-0.159201,0.0630266,-2.0005,-73231.2
3,0.0586661,2,-0.159201,0.0630266,-1.9975,-73414.9
3,0.0586661,2,-0.159201,0.0630266,-1.9945,-73598
3,0.0586661,2,-0.159201,0.0630266,-1.9915,-73780.5
3,0.0586661,2,-0.159201,0.0630266,-1.98849,-73962.2
3,0.0586661,2,-0.159201,0.0630266,-1.98549,-74143.3
3,0.0586661,2,-0.159201,0.0630266,-1.98249,-74323.7
3,0.0586661,2,-0.159201,0.0630266,-1.97949,-74503.4
3,0.0586661,2,-0.159201,0.0630266,-1.97649,-74682.5
3,0.0586661,2,-0.159201,0.0630266,-1.97349,-74860.9
3,0.0586661,2,-0.159201,0.0630266,-1.97049,-75038.6
3,0.0586661,2,-0.159201,0.0630266,-1.96748,-75215.5
3,0.0586661,2,-0.159201,0.0630266,-1.96448,-75391.8
3,0.0586661,2,-0.159201,0.0630266,-1.96148,-75567.4
3,0.0586661,2,-0.159201,0.0630266,-1.95848,-75742.2
3,0.0586661,2,-0.159201,0.0630266,-1.95548,-75916.4
3,0.0586661,2,-0.159201,0.0630266,-1.95248,-76089.8
3,0.0586661,2,-0.159201,0.0630266,-1.94947,-76262.5
3,0.0586661,2,-0.159201,0.0630266,-1.94647,-76434.4
3,0.0586661,2,-0.159201,0.0630266,-1.94347,-76605.6
3,0.0586661,2,-0.159201,0.0630266,-1.94047,-76776.1
3,0.0586661,2,-0.159201,0.0630266,-1.93747,-76945.8
3,0.0586661,2,-0.159201,0.0630266,-1.93447,-77114.7
3,0.0586661,2,-0.159201,0.0630266,-1.93147,-77283
3,0.0586661,2,-0.159201,0.0630266,-1.92846,-77450.4
3,0.0586661,2,-0.159201,0.0630266,-1.92546,-77617
3,0.0586661,2,-0.159201,0.0630266,-1.92246,-77782.9
3,0.0586661,2,-0.159201,0.0630266,-1.91946,-77948
3,0.0586661,2,-0.159201,0.0630266,-1.91646,-78112.4
3,0.0586661,2,-0.159201,0.0630266,-1.91346,-78275.9
3,0.0586661,2,-0.159201,0.0630266,-1.91046,-78438.6
3,0.0586661,2,-0.159201,0.0630266,-1.90745,-78600.6
3,0.0586661,2,-0.159201,0.0630266,-1.90445,-78761.7
3,0.0586661,2,-0.159201,0.0630266,-1.90145,-78922
3,0.0586661,2,-0.159201,0.0630266,-1.89845,-79081.5
3,0.0586661,2,-0.159201,0.0630266,-1.89545,-79240.1
3,0.0586661,2,-0.159201,0.0630266,-1.89245,-79398
3,0.0586661,2,-0.159201,0.0630266,-1.88944,-79555
3,0.0586661,2,-0.159201,0.0630266,-1.88644,-79711.2
3,0.0586661,2,-0.159201,0.0630266,-1.88344,-79866.6
3,0.0586661,2,-0.159201,0.0630266,-1.88044,-80021
3,0.0586661,2,-0.159201,0.0630266,-1.87744,-80174.6
3,0.0586661,2,-0.159201,0.0630266,-1.87444,-80327.4
3,0.0586661,2,-0.159201,0.0630266,-1.87144,-80479.3
3,0.0586661,2,-0.159201,0.0630266,-1.86843,-80630.3
3,0.0586661,2,-0.159201,0.0630266,-1.86543,-80780.5
3,0.0586661,2,-0.159201,0.0630266,-1.86243,-80929.7
3,0.0586661,2,-0.159201,0.0630266,-1.85943,-81078.1
3,0.0586661,2,-0.159201,0.0630266,-1.85643,-81225.6
3,0.0586661,2,-0.159201,0.0630266,-1.85343,-81372.2
3,0.0586661,2,-0.159201,0.0630266,-1.85043,-81517.9
3,0.0586661,2,-0.159201,0.0630266,-1.84742,-81662.8
3,0.0586661,2,-0.159201,0.0630266,-1.84442,-81806.6
3,0.0586661,2,-0.159201,0.0630266,-1.84142,-81949.6
3,0.0586661,2,-0.159201,0.0630266,-1.83842,-82091.6
3,0.0586661,2,-0.159201,0.0630266,-1.83542,-82232.7
3,0.0586661,2,-0.159201,0.0630266,-1.83242,-82372.9
3,0.0586661,2,-0.159201,0.0630266,-1.82941,-82512.2
3,0.0586661,2,-0.159201,0.0630266,-1.82641,-82650.4
3,0.0586661,2,-0.159201,0.0630266,-1.82341,-82787.8
3,0.0586661,2,-0.159201,0.0630266,-1.82041,-82924.2
3,0.0586661,2,-0.159201,0.0630266,-1.81741,-83059.6
3,0.0586661,2,-0.159201,0.0630266,-1.81441,-83194.1
3,0.0586661,2,-0.159201,0.0630266,-1.81141,-83327.6
3,0.0586661,2,-0.159201,0.0630266,-1.8084,-83460.1
3,0.0586661,2,-0.159201,0.0630266,-1.8054,-83591.6
3,0.0586661,2,-0.159201,0.0630266,-1.8024,-83722.2
3,0.0586661,2,-0.159201,0.0630266,-1.7994,-83851.7
3,0.0586661,2,-0.159201,0.0630266,-1.7964,-83980.3
3,0.0586661,2,-0.159201,0.0630266,-1.7934,-84107.8
3,0.0586661,2,-0.159201,0.0630266,-1.7904,-84234.3
3,0.0586661,2,-0.159201,0.0630266,-1.78739,-84359.9
3,0.0586661,2,-0.159201,0.0630266,-1.78439,-84484.4
3,0.0586661,2,-0.159201,0.0630266,-1.78139,-84607.9
3,0.0586661,2,-0.159201,0.0630266,-1.77839,-84730.3
3,0.0586661,2,-0.159201,0.0630266,-1.77539,-84851.7
3,0.0586661,2,-0.159201,0.0630266,-1.77239,-84972.1
3,0.0586661,2,-0.159201,0.0630266,-1.76938,-85091.4
3,0.0586661,2,-0.159201,0.0630266,-1.76638,-85209.7
3,0.0586661,2,-0.159201,0.0630266,-1.76338,-85326.9
3,0.0586661,2,-0.159201,0.0630266,-1.76038,-85443.1
3,0.0586661,2,-0.159201,0.0630266,-1.75738,-85558.1
3,0.0586661,2,-0.159201,0.0630266,-1.75438,-85672.1
3,0.0586661,2,-0.159201,0.0630266,-1.75138,-85785.1
3,0.0586661,2,-0.159201,0.0630266,-1.74837,-85896.9
3,0.0586661,2,-0.159201,0.0630266,-1.74537,-86007.7
3,0.0586661,2,-0.159201,0.0630266,-1.74237,-86117.3
3,0.0586661,2,-0.159201,0.0630266,-1.73937,-86225.9
3,0.0586661,2,-0.159201,0.0630266,-1.73637,-86333.3
3,0.0586661,2,-0.159201,0.0630266,-1.73337,-86439.7
3,0.0586661,2,-0.159201,0.0630266,-1.73037,-86544.9
3,0.0586661,2,-0.159201,0.0630266,-1.72736,-86649
3,0.0586661,2,-0.159201,0.0630266,-1.72436,-86751.9
3,0.0586661,2,-0.159201,0.0630266,-1.72136,-86853.8
3,0.0586661,2,-0.159201,0.0630266,-1.71836,-86954.5
3,0.0586661,2,-0.159201,0.0630266,-1.71536,-87054
3,0.0586661,2,-0.159201,0.0630266,-1.71236,-87152.4
3,0.0586661,2,-0.159201,0.0630266,-1.70935,-87249.7
3,0.0586661,2,-0.159201,0.0630266,-1.70635,-87345.7
3,0.0586661,2,-0.159201,0.0630266,-1.70335,-87440.6
3,0.0586661,2,-0.159201,0.0630266,-1.70035,-87534.4
3,0.0586661,2,-0.159201,0.0630266,-1.69735,-87627
3,0.0586661,2,-0.159201,0.0630266,-1.69435,-87718.3
3,0.0586661,2,-0.159201,0.0630266,-1.69135,-87808.5
3,0.0586661,2,-0.159201,0.0630266,-1.68834,-87897.5
3,0.0586661,2,-0.159201,0.0630266,-1.68534,-87985.3
3,0.0586661,2,-0.159201,0.0630266,-1.68234,-88071.9
3,0.0586661,2,-0.159201,0.0630266,-1.67934,-88157.3
3,0.0586661,2,-0.159201,0.0630266,-1.67634,-88241.4
3,0.0586661,2,-0.159201,0.0630266,-1.67334,-88324.4
3,0.0586661,2,-0.159201,0.0630266,-1.67034,-88406.1
3,0.0586661,2,-0.159201,0.0630266,-1.66733,-88486.6
3,0.0586661,2,-0.159201,0.0630266,-1.66433,-88565.8
3,0.0586661,2,-0.159201,0.0630266,-1.66133,-88643.8
3,0.0586661,2,-0.159201,0.0630266,-1.65833,-88720.6
3,0.0586661,2,-0.159201,0.0630266,-1.65533,-88796.1
3,0.0586661,2,-0.159201,0.0630266,-1.65233,-88870.3
3,0.0586661,2,-0.159201,0.0630266,-1.64932,-88943.3
3,0.0586661,2,-0.159201,0.0630266,-1.64632,-89014.9
3,0.0586661,2,-0.159201,0.0630266,-1.64332,-89085.4
3,0.0586661,2,-0.159201,0.0630266,-1.64032,-89154.5
3,0.0586661,2,-0.159201,0.0630266,-1.63732,-89222.4
3,0.0586661,2,-0.159201,0.0630266,-1.63432,-89288.9
3,0.0586661,2,-0.159201,0.0630266,-1.63132,-89354.2
3,0.0586661,2,-0.159201,0.0630266,-1.62831,-89418.1
3,0.0586661,2,-0.159201,0.0630266,-1.62531,-89480.8
3,0.0586661,2,-0.159201,0.0630266,-1.62231,-89542.1
3,0.0586661,2,-0.159201,0.0630266,-1.61931,-89602.1
3,0.0586661,2,-0.159201,0.0630266,-1.61631,-89660.8
3,0.0586661,2,-0.159201,0.0630266,-1.61331,-89718.1
3,0.0586661,2,-0.159201,0.0630266,-1.61031,-89774.1
3,0.0586661,2,-0.159201,0.0630266,-1.6073,-89828.9
3,0.0586661,2,-0.159201,0.0630266,-1.6043,-89882.1
3,0.0586661,2,-0.159201,0.0630266,-1.6013,-89934.1
3,0.0586661,2,-0.159201,0.0630266,-1.5983,-89984.7
3,0.0586661,2,-0.159201,0.0630266,-1.5953,-90034
3,0.0586661,2,-0.159201,0.0630266,-1.5923,-90081.9
3,0.0586661,2,-0.159201,0.0630266,-1.58929,-90128.3
3,0.0586661,2,-0.159201,0.0630266,-1.58629,-90173.5
3,0.0586661,2,-0.159201,0.0630266,-1.58329,-90217.2
3,0.0586661,2,-0.159201,0.0630266,-1.58029,-90259.6
3,0.0586661,2,-0.159201,0.0630266,-1.57729,-90300.5
3,0.0586661,2,-0.159201,0.0630266,-1.57429,-90340.1
3,0.0586661,2,-0.159201,0.0630266,-1.57129,-90378.2
3,0.0586661,2,-0.159201,0.0630266,-1.56828,-90414.9
3,0.0586661,2,-0.159201,0.0630266,-1.56528,-90450.2
3,0.0586661,2,-0.159201,0.0630266,-1.56228,-90484
3,0.0586661,2,-0.159201,0.0630266,-1.55928,-90516.5
3,0.0586661,2,-0.159201,0.0630266,-1.55628,-90547.5
3,0.0586661,2,-0.159201,0.0630266,-1.55328,-90577.1
3,0.0586661,2,-0.159201,0.0630266,-1.55028,-90605.2
3,0.0586661,2,-0.159201,0.0630266,-1.54727,-90631.9
3,0.0586661,2,-0.159201,0.0630266,-1.54427,-90657.1
3,0.0586661,2,-0.159201,0.0630266,-1.54127,-90680.8
3,0.0586661,2,-0.159201,0.0630266,-1.53827,-90703.2
3,0.0586661,2,-0.159201,0.0630266,-1.53527,-90723.9
3,0.0586661,2,-0.159201,0.0630266,-1.53227,-90743.3
3,0.0586661,2,-0.159201,0.0630266,-1.52926,-90761.1
3,0.0586661,2,-0.159201,0.0630266,-1.52626,-90777.5
3,0.0586661,2,-0.159201,0.0630266,-1.52326,-90792.4
3,0.0586661,2,-0.159201,0.0630266,-1.52026,-90805.7
3,0.0586661,2,-0.159201,0.0630266,-1.51726,-90817.5
3,0.0586661,2,-0.159201,0.0630266,-1.51426,-90828
3,0.0586661,2,-0.159201,0.0630266,-1.51126,-90836.8
3,0.0586661,2,-0.159201,0.0630266,-1.50825,-90844.1
3,0.0586661,2,-0.159201,0.0630266,-1.50525,-90849.9
3,0.0586661,2,-0.159201,0.0630266,-1.50225,-90854.1
3,0.0586661,2,-0.159201,0.0630266,-1.49925,-90856.8
3,0.0586661,2,-0.159201,0.0630266,-1.49625,-90858
3,0.0586661,2,-0.159201,0.0630266,-1.49325,-90857.6
3,0.0586661,2,-0.159201,0.0630266,-1.49025,-90855.7
3,0.0586661,2,-0.159201,0.0630266,-1.48724,-90852.3
3,0.0586661,2,-0.159201,0.0630266,-1.48424,-90847.1
3,0.0586661,2,-0.159201,0.0630266,-1.48124,-90840.5
3,0.0586661,2,-0.159201,0.0630266,-1.47824,-90832.3
3,0.0586661,2,-0.159201,0.0630266,-1.47524,-90822.5
3,0.0586661,2,-0.159201,0.0630266,-1.47224,-90811.2
3,0.0586661,2,-0.159201,0.0630266,-1.46923,-90798.2
3,0.0586661,2,-0.159201,0.0630266,-1.46623,-90783.6
3,0.0586661,2,-0.159201,0.0630266,-1.46323,-90767.5
3,0.0586661,2,-0.159201,0.0630266,-1.46023,-90749.7
3,0.0586661,2,-0.159201,0.0630266,-1.45723,-90730.3
3,0.0586661,2,-0.159201,0.0630266,-1.45423,-90709.4
3,0.0586661,2,-0.159201,0.0630266,-1.45123,-90686.7
3,0.0586661,2,-0.159201,0.0630266,-1.44822,-90662.6
3,0.0586661,2,-0.159201,0.0630266,-1.44522,-90636.6
3,0.0586661,2,-0.159201,0.0630266,-1.44222,-90609.2
3,0.0586661,2,-0.159201,0.0630266,-1.43922,-90579.9
3,0.0586661,2,-0.159201,0.0630266,-1.43622,-90549.2
3,0.0586661,2,-0.159201,0.0630266,-1.43322,-90516.7
3,0.0586661,2,-0.159201,0.0630266,-1.43022,-90482.6
3,0.0586661,2,-0.159201,0.0630266,-1.42721,-90446.8
3,0.0586661,2,-0.159201,0.0630266,-1.42421,-90409.4
3,0.0586661,2,-0.159201,0.0630266,-1.42121,-90370.2
3,0.0586661,2,-0.159201,0.0630266,-1.41821,-90329.4
3,0.0586661,2,-0.159201,0.0630266,-1.41521,-90286.9
3,0.0586661,2,-0.159201,0.0630266,-1.41221,-90242.7
3,0.0586661,2,-0.159201,0.0630266,-1.4092,-90196.8
3,0.0586661,2,-0.159201,0.0630266,-1.4062,-90149.3
3,0.0586661,2,-0.159201,0.0630266,-1.4032,-90099.9
3,0.0586661,2,-0.159201,0.0630266,-1.4002,-90049
3,0.0586661,2,-0.159201,0.0630266,-1.3972,-89996.3
3,0.0586661,2,-0.159201,0.0630266,-1.3942,-89941.8
3,0.0586661,2,-0.159201,0.0630266,-1.3912,-89885.7
3,0.0586661,2,-0.159201,0.0630266,-1.38819,-89827.7
3,0.0586661,2,-0.159201,0.0630266,-1.38519,-89768.1
3,0.0586661,2,-0.159201,0.0630266,-1.38219,-89706.8
3,0.0586661,2,-0.159201,0.0630266,-1.37919,-89643.6
3,0.0586661,2,-0.159201,0.0630266,-1.37619,-89578.8
3,0.0586661,2,-0.159201,0.0630266,-1.37319,-89512.1
3,0.0586661,2,-0.159201,0.0630266,-1.37019,-89443.8
3,0.0586661,2,-0.159201,0.0630266,-1.36718,-89373.6
3,0.0586661,2,-0.159201,0.0630266,-1.36418,-89301.7
3,0.0586661,2,-0.159201,0.0630266,-1.36118,-89228
3,0.0586661,2,-0.159201,0.0630266,-1.35818,-89152.5
3,0.0586661,2,-0.159201,0.0630266,-1.35518,-89075.2
3,0.0586661,2,-0.159201,0.0630266,-1.35218,-88996.2
3,0.0586661,2,-0.159201,0.0630266,-1.34917,-88915.3
3,0.0586661,2,-0.159201,0.0630266,-1.34617,-88832.7
3,0.0586661,2,-0.159201,0.0630266,-1.34317,-88748.2
3,0.0586661,2,-0.159201,0.0630266,-1.34017,-88661.9
3,0.0586661,2,-0.159201,0.0630266,-1.33717,-88573.8
3,0.0586661,2,-0.159201,0.0630266,-1.33417,-88483.9
3,0.0586661,2,-0.159201,0.0630266,-1.33117,-88392.2
3,0.0586661,2,-0.159201,0.0630266,-1.32816,-88298.6
3,0.0586661,2,-0.159201,0.0630266,-1.32516,-88203.2
3,0.0586661,2,-0.159201,0.0630266,-1.32216,-88106
3,0.0586661,2,-0.159201,0.0630266,-1.31916,-88006.9
3,0.0586661,2,-0.159201,0.0630266,-1.31616,-87905.9
3,0.0586661,2,-0.159201,0.0630266,-1.31316,-87803.1
3,0.0586661,2,-0.159201,0.0630266,-1.31016,-87698.5
3,0.0586661,2,-0.159201,0.0630266,-1.30715,-87592
3,0.0586661,2,-0.159201,0.0630266,-1.30415,-87483.6
3,0.0586661,2,-0.159201,0.0630266,-1.30115,-87373.3
3,0.0586661,2,-0.159201,0.0630266,-1.29815,-87261.2
3,0.0586661,2,-0.159201,0.0630266,-1.29515,-87147.1
3,0.0586661,2,-0.159201,0.0630266,-1.29215,-87031.2
3,0.0586661,2,-0.159201,0.0630266,-1.28914,-86913.4
3,0.0586661,2,-0.159201,0.0630266,-1.28614,-86793.7
3,0.0586661,2,-0.159201,0.0630266,-1.28314,-86672.1
3,0.0586661,2,-0.159201,0.0630266,-1.28014,-86548.6
3,0.0586661,2,-0.159201,0.0630266,-1.27714,-86423.2
3,0.0586661,2,-0.159201,0.0630266,-1.27414,-86295.8
3,0.0586661,2,-0.159201,0.0630266,-1.27114,-86166.6
3,0.0586661,2,-0.159201,0.0630266,-1.26813,-86035.4
3,0.0586661,2,-0.159201,0.0630266,-1.26513,-85902.2
3,0.0586661,2,-0.159201,0.0630266,-1.26213,-85767.2
3,0.0586661,2,-0.159201,0.0630266,-1.25913,-85630.2
3,0.0586661,2,-0.159201,0.0630266,-1.25613,-85491.3
3,0.0586661,2,-0.159201,0.0630266,-1.25313,-85350.5
3,0.0586661,2,-0.159201,0.0630266,-1.25013,-85207.6
3,0.0586661,2,-0.159201,0.0630266,-1.24712,-85062.8
3,0.0586661,2,-0.159201,0.0630266,-1.24412,-84916
3,0.0586661,2,-0.159201,0.0630266,-1.24112,-84767.4
3,0.0586661,2,-0.159201,0.0630266,-1.23812,-84616.7
3,0.0586661,2,-0.159201,0.0630266,-1.23512,-84464
3,0.0586661,2,-0.159201,0.0630266,-1.23212,-84309.4
3,0.0586661,2,-0.159201,0.0630266,-1.22911,-84152.7
3,0.0586661,2,-0.159201,0.0630266,-1.22611,-83994.1
3,0.0586661,2,-0.159201,0.0630266,-1.22311,-83833.5
3,0.0586661,2,-0.159201,0.0630266,-1.22011,-83670.9
3,0.0586661,2,-0.159201,0.0630266,-1.21711,-83506.3
3,0.0586661,2,-0.159201,0.0630266,-1.21411,-83339.7
3,0.0586661,2,-0.159201,0.0630266,-1.21111,-83171.1
3,0.0586661,2,-0.159201,0.0630266,-1.2081,-83000.4
3,0.0586661,2,-0.159201,0.0630266,-1.2051,-82827.8
3,0.0586661,2,-0.159201,0.0630266,-1.2021,-82653.2
3,0.0586661,2,-0.159201,0.0630266,-1.1991,-82476.5
3,0.0586661,2,-0.159201,0.0630266,-1.1961,-82297.7
3,0.0586661,2,-0.159201,0.0630266,-1.1931,-82116.9
3,0.0586661,2,-0.159201,0.0630266,-1.1901,-81934.2
3,0.0586661,2,-0.159201,0.0630266,-1.18709,-81749.3
3,0.0586661,2,-0.159201,0.0630266,-1.18409,-81562.5
3,0.0586661,2,-0.159201,0.0630266,-1.18109,-81373.5
3,0.0586661,2,-0.159201,0.0630266,-1.17809,-81182.5
3,0.0586661,2,-0.159201,0.0630266,-1.17509,-80989.4
3,0.0586661,2,-0.159201,0.0630266,-1.17209,-80794.3
3,0.0586661,2,-0.159201,0.0630266,-1.16908,-80597.1
3,0.0586661,2,-0.159201,0.0630266,-1.16608,-80397.9
3,0.0586661,2,-0.159201,0.0630266,-1.16308,-80196.6
3,0.0586661,2,-0.159201,0.0630266,-1.16008,-79993.2
3,0.0586661,2,-0.159201,0.0630266,-1.15708,-79787.6
3,0.0586661,2,-0.159201,0.0630266,-1.15408,-79580
3,0.0586661,2,-0.159201,0.0630266,-1.15108,-79370.4
3,0.0586661,2,-0.159201,0.0630266,-1.14807,-79158.6
3,0.0586661,2,-0.159201,0.0630266,-1.14507,-78944.8
3,0.0586661,2,-0.159201,0.0630266,-1.14207,-78728.8
3,0.0586661,2,-0.159201,0.0630266,-1.13907,-78510.7
3,0.0586661,2,-0.159201,0.0630266,-1.13607,-78290.5
3,0.0586661,2,-0.159201,0.0630266,-1.13307,-78068.3
3,0.0586661,2,-0.159201,0.0630266,-1.13007,-77843.8
3,0.0586661,2,-0.159201,0.0630266,-1.12706,-77617.3
3,0.0586661,2,-0.159201,0.0630266,-1.12406,-77388.6
3,0.0586661,2,-0.159201,0.0630266,-1.12106,-77157.8
3,0.0586661,2,-0.159201,0.0630266,-1.11806,-76924.9
3,0.0586661,2,-0.159201,0.0630266,-1.11506,-76689.8
3,0.0586661,2,-0.159201,0.0630266,-1.11206,-76452.6
3,0.0586661,2,-0.159201,0.0630266,-1.10905,-76213.3
3,0.0586661,2,-0.159201,0.0630266,-1.10605,-75971.8
3,0.0586661,2,-0.159201,0.0630266,-1.10305,-75728.2
3,0.0586661,2,-0.159201,0.0630266,-1.10005,-75482.3
3,0.0586661,2,-0.159201,0.0630266,-1.09705,-75234.4
3,0.0586661,2,-0.159201,0.0630266,-1.09405,-74984.3
3,0.0586661,2,-0.159201,0.0630266,-1.09105,-74732
3,0.0586661,2,-0.159201,0.0630266,-1.08804,-74477.5
3,0.0586661,2,-0.159201,0.0630266,-1.08504,-74221
3,0.0586661,2,-0.159201,0.0630266,-1.08204,-73962.2
3,0.0586661,2,-0.159201,0.0630266,-1.07904,-73701.2
3,0.0586661,2,-0.159201,0.0630266,-1.07604,-73438
3,0.0586661,2,-0.159201,0.0630266,-1.07304,-73172.7
3,0.0586661,2,-0.159201,0.0630266,-1.07004,-72905.2
3,0.0586661,2,-0.159201,0.0630266,-1.06703,-72635.5
3,0.0586661,2,-0.159201,0.0630266,-1.06403,-72363.6
3,0.0586661,2,-0.159201,0.0630266,-1.06103,-72089.5
3,0.0586661,2,-0.159201,0.0630266,-1.05803,-71813.2
3,0.0586661,2,-0.159201,0.0630266,-1.05503,-71534.7
3,0.0586661,2,-0.159201,0.0630266,-1.05203,-71254
3,0.0586661,2,-0.159201,0.0630266,-1.04902,-70971
3,0.0586661,2,-0.159201,0.0630266,-1.04602,-70685.9
3,0.0586661,2,-0.159201,0.0630266,-1.04302,-70398.6
3,0.0586661,2,-0.159201,0.0630266,-1.04002,-70109
3,0.0586661,2,-0.159201,0.0630266,-1.03702,-69817.2
3,0.0586661,2,-0.159201,0.0630266,-1.03402,-69523.2
3,0.0586661,2,-0.159201,0.0630266,-1.03102,-69226.9
3,0.0586661,2,-0.159201,0.0630266,-1.02801,-68928.5
3,0.0586661,2,-0.159201,0.0630266,-1.02501,-68627.8
3,0.0586661,2,-0.159201,0.0630266,-1.02201,-68324.8
3,0.0586661,2,-0.159201,0.0630266,-1.01901,-68019.6
3,0.0586661,2,-0.159201,0.0630266,-1.01601,-67712.2
3,0.0586661,2,-0.159201,0.0630266,-1.01301,-67402.6
3,0.0586661,2,-0.159201,0.0630266,-1.01001,-67090.6
3,0.0586661,2,-0.159201,0.0630266,-1.007,-66776.5
3,0.0586661,2,-0.159201,0.0630266,-1.004,-66460
3,0.0586661,2,-0.159201,0.0630266,-1.001,-66141.4
3,0.0586661,2,-0.159201,0.0630266,-0.997999,-65820.4
3,0.0586661,2,-0.159201,0.0630266,-0.994997,-65497.2
3,0.0586661,2,-0.159201,0.0630266,-0.991996,-65171.8
3,0.0586661,2,-0.159201,0.0630266,-0.988994,-64844.1
3,0.0586661,2,-0.159201,0.0630266,-0.985993,-64514.1
3,0.0586661,2,-0.159201,0.0630266,-0.982991,-64181.8
3,0.0586661,2,-0.159201,0.0630266,-0.97999,-63847.3
3,0.0586661,2,-0.159201,0.0630266,-0.976988,-63510.5
3,0.0586661,2,-0.159201,0.0630266,-0.973987,-63171.4
3,0.0586661,2,-0.159201,0.0630266,-0.970985,-62830.1
3,0.0586661,2,-0.159201,0.0630266,-0.967984,-62486.4
3,0.0586661,2,-0.159201,0.0630266,-0.964982,-62140.5
3,0.0586661,2,-0.159201,0.0630266,-0.961981,-61792.3
3,0.0586661,2,-0.159201,0.0630266,-0.958979,-61441.8
3,0.0586661,2,-0.159201,0.0630266,-0.955978,-61089
3,0.0586661,2,-0.159201,0.0630266,-0.952976,-60733.9
3,0.0586661,2,-0.159201,0.0630266,-0.949975,-60376.5
3,0.0586661,2,-0.159201,0.0630266,-0.946973,-60016.8
3,0.0586661,2,-0.159201,0.0630266,-0.943972,-59654.8
3,0.0586661,2,-0.159201,0.0630266,-0.94097,-59290.6
3,0.0586661,2,-0.159201,0.0630266,-0.937969,-58924
3,0.0586661,2,-0.159201,0.0630266,-0.934967,-58555.1
3,0.0586661,2,-0.159201,0.0630266,-0.931966,-58183.9
3,0.0586661,2,-0.159201,0.0630266,-0.928964,-57810.4
3,0.0586661,2,-0.159201,0.0630266,-0.925963,-57434.6
3,0.0586661,2,-0.159201,0.0630266,-0.922961,-57056.4
3,0.0586661,2,-0.159201,0.0630266,-0.91996,-56676
3,0.0586661,2,-0.159201,0.0630266,-0.916958,-56293.3
3,0.0586661,2,-0.159201,0.0630266,-0.913957,-55908.2
3,0.0586661,2,-0.159201,0.0630266,-0.910955,-55520.8
3,0.0586661,2,-0.159201,0.0630266,-0.907954,-55131.1
3,0.0586661,2,-0.159201,0.0630266,-0.904952,-54739
3,0.0586661,2,-0.159201,0.0630266,-0.901951,-54344.7
3,0.0586661,2,-0.159201,0.0630266,-0.898949,-53948
3,0.0586661,2,-0.159201,0.0630266,-0.895948,-53549
3,0.0586661,2,-0.159201,0.0630266,-0.892946,-53147.6
3,0.0586661,2,-0.159201,0.0630266,-0.889945,-52743.9
3,0.0586661,2,-0.159201,0.0630266,-0.886943,-52337.9
3,0.0586661,2,-0.159201,0.0630266,-0.883942,-51929.6
3,0.0586661,2,-0.159201,0.0630266,-0.88094,-51518.9
3,0.0586661,2,-0.159201,0.0630266,-0.877939,-51105.9
3,0.0586661,2,-0.159201,0.0630266,-0.874937,-50690.6
3,0.0586661,2,-0.159201,0.0630266,-0.871936,-50272.9
3,0.0586661,2,-0.159201,0.0630266,-0.868934,-49852.9
3,0.0586661,2,-0.159201,0.0630266,-0.865933,-49430.5
3,0.0586661,2,-0.159201,0.0630266,-0.862931,-49005.8
3,0.0586661,2,-0.159201,0.0630266,-0.85993,-48578.8
3,0.0586661,2,-0.159201,0.0630266,-0.856928,-48149.4
3,0.0586661,2,-0.159201,0.0630266,-0.853927,-47717.7
3,0.0586661,2,-0.159201,0.0630266,-0.850925,-47283.6
3,0.0586661,2,-0.159201,0.0630266,-0.847924,-46847.2
3,0.0586661,2,-0.159201,0.0630266,-0.844922,-46408.4
3,0.0586661,2,-0.159201,0.0630266,-0.841921,-45967.3
3,0.0586661,2,-0.159201,0.0630266,-0.838919,-45523.8
3,0.0586661,2,-0.159201,0.0630266,-0.835918,-45078
3,0.0586661,2,-0.159201,0.0630266,-0.832916,-44629.8
3,0.0586661,2,-0.159201,0.0630266,-0.829915,-44179.3
3,0.0586661,2,-0.159201,0.0630266,-0.826913,-43726.5
3,0.0586661,2,-0.159201,0.0630266,-0.823912,-43271.3
3,0.0586661,2,-0.159201,0.0630266,-0.82091,-42813.7
3,0.0586661,2,-0.159201,0.0630266,-0.817909,-42353.8
3,0.0586661,2,-0.159201,0.0630266,-0.814907,-41891.5
3,0.0586661,2,-0.159201,0.0630266,-0.811906,-41426.9
3,0.0586661,2,-0.159201,0.0630266,-0.808904,-40959.9
3,0.0586661,2,-0.159201,0.0630266,-0.805903,-40490.6
3,0.0586661,2,-0.159201,0.0630266,-0.802901,-40018.9
3,0.0586661,2,-0.159201,0.0630266,-0.7999,-39544.8
3,0.0586661,2,-0.159201,0.0630266,-0.796898,-39068.4
3,0.0586661,2,-0.159201,0.0630266,-0.793897,-38589.7
3,0.0586661,2,-0.159201,0.0630266,-0.790895,-38108.6
3,0.0586661,2,-0.159201,0.0630266,-0.787894,-37625.1
3,0.0586661,2,-0.159201,0.0630266,-0.784892,-37139.3
3,0.0586661,2,-0.159201,0.0630266,-0.781891,-36651.2
3,0.0586661,2,-0.159201,0.0630266,-0.778889,-36160.6
3,0.0586661,2,-0.159201,0.0630266,-0.775888,-35667.8
3,0.0586661,2,-0.159201,0.0630266,-0.772886,-35172.5
3,0.0586661,2,-0.159201,0.0630266,-0.769885,-34674.9
3,0.0586661,2,-0.159201,0.0630266,-0.766883,-34175
3,0.0586661,2,-0.159201,0.0630266,-0.763882,-33672.7
3,0.0586661,2,-0.159201,0.0630266,-0.76088,-33168.1
3,0.0586661,2,-0.159201,0.0630266,-0.757879,-32661.1
3,0.0586661,2,-0.159201,0.0630266,-0.754877,-32151.7
3,0.0586661,2,-0.159201,0.0630266,-0.751876,-31640
3,0.0586661,2,-0.159201,0.0630266,-0.748874,-31126
3,0.0586661,2,-0.159201,0.0630266,-0.745873,-30609.6
3,0.0586661,2,-0.159201,0.0630266,-0.742871,-30090.8
3,0.0586661,2,-0.159201,0.0630266,-0.73987,-29569.7
3,0.0586661,2,-0.159201,0.0630266,-0.736868,-29046.2
3,0.0586661,2,-0.159201,0.0630266,-0.733867,-28520.5
3,0.0586661,2,-0.159201,0.0630266,-0.730865,-27992.3
3,0.0586661,2,-0.159201,0.0630266,-0.727864,-27461.8
3,0.0586661,2,-0.159201,0.0630266,-0.724862,-26929
3,0.0586661,2,-0.159201,0.0630266,-0.721861,-26393.8
3,0.0586661,2,-0.159201,0.0630266,-0.718859,-25856.3
3,0.0586661,2,-0.159201,0.0630266,-0.715858,-25316.4
3,0.0586661,2,-0.159201,0.0630266,-0.712856,-24774.2
3,0.0586661,2,-0.159201,0.0630266,-0.709855,-24229.6
3,0.0586661,2,-0.159201,0.0630266,-0.706853,-23682.7
3,0.0586661,2,-0.159201,0.0630266,-0.703852,-23133.5
3,0.0586661,2,-0.159201,0.0630266,-0.70085,-22582
3,0.0586661,2,-0.159201,0.0630266,-0.697849,-22028.1
3,0.0586661,2,-0.159201,0.0630266,-0.694847,-21471.8
3,0.0586661,2,-0.159201,0.0630266,-0.691846,-20913.3
3,0.0586661,2,-0.159201,0.0630266,-0.688844,-20352.4
3,0.0586661,2,-0.159201,0.0630266,-0.685843,-19789.1
3,0.0586661,2,-0.159201,0.0630266,-0.682841,-19223.6
3,0.0586661,2,-0.159201,0.0630266,-0.67984,-18655.7
3,0.0586661,2,-0.159201,0.0630266,-0.676838,-18085.5
3,0.0586661,2,-0.159201,0.0630266,-0.673837,-17513
3,0.0586661,2,-0.159201,0.0630266,-0.670835,-16938.1
3,0.0586661,2,-0.159201,0.0630266,-0.667834,-16361
3,0.0586661,2,-0.159201,0.0630266,-0.664832,-15781.5
3,0.0586661,2,-0.159201,0.0630266,-0.661831,-15199.7
3,0.0586661,2,-0.159201,0.0630266,-0.658829,-14615.6
3,0.0586661,2,-0.159201,0.0630266,-0.655828,-14029.2
3,0.0586661,2,-0.159201,0.0630266,-0.652826,-13440.5
3,0.0586661,2,-0.159201,0.0630266,-0.649825,-12849.4
3,0.0586661,2,-0.159201,0.0630266,-0.646823,-12256.1
3,0.0586661,2,-0.159201,0.0630266,-0.643822,-11660.4
3,0.0586661,2,-0.159201,0.0630266,-0.64082,-11062.5
3,0.0586661,2,-0.159201,0.0630266,-0.637819,-10462.3
3,0.0586661,2,-0.159201,0.0630266,-0.634817,-9859.74
3,0.0586661,2,-0.159201,0.0630266,-0.631816,-9254.92
3,0.0586661,2,-0.159201,0.0630266,-0.628814,-8647.8
3,0.0586661,2,-0.159201,0.0630266,-0.625813,-8038.39
3,0.0586661,2,-0.159201,0.0630266,-0.622811,-7426.71
3,0.0586661,2,-0.159201,0.0630266,-0.61981,-6812.74
3,0.0586661,2,-0.159201,0.0630266,-0.616808,-6196.48
3,0.0586661,2,-0.159201,0.0630266,-0.613807,-5577.95
3,0.0586661,2,-0.159201,0.0630266,-0.610805,-4957.17
3,0.0586661,2,-0.159201,0.0630266,-0.607804,-4334.1
3,0.0586661,2,-0.159201,0.0630266,-0.604802,-3708.77
3,0.0586661,2,-0.159201,0.0630266,-0.601801,-3081.17
3,0.0586661,2,-0.159201,0.0630266,-0.598799,-2451.31
3,0.0586661,2,-0.159201,0.0630266,-0.595798,-1819.18
3,0.0586661,2,-0.159201,0.0630266,-0.592796,-1184.81
3,0.0586661,2,-0.159201,0.0630266,-0.589795,-548.188
3,0.0586661,2,-0.159201,0.0630266,-0.586793,90.6886
3,0.0586661,2,-0.159201,0.0630266,-0.583792,731.809
3,0.0586661,2,-0.159201,0.0630266,-0.58079,1375.17
3,0.0586661,2,-0.159201,0.0630266,-0.577789,2020.77
3,0.0586661,2,-0.159201,0.0630266,-0.574787,2668.61
3,0.0586661,2,-0.159201,0.0630266,-0.571786,3318.67
3,0.0586661,2,-0.159201,0.0630266,-0.568784,3970.97
3,0.0586661,2,-0.159201,0.0630266,-0.565783,4625.48
3,0.0586661,2,-0.159201,0.0630266,-0.562781,5282.21
3,0.0586661,2,-0.159201,0.0630266,-0.55978,5941.16
3,0.0586661,2,-0.159201,0.0630266,-0.556778,6602.33
3,0.0586661,2,-0.159201,0.0630266,-0.553777,7265.7
3,0.0586661,2,-0.159201,0.0630266,-0.550775,7931.27
3,0.0586661,2,-0.159201,0.0630266,-0.547774,8599.05
3,0.0586661,2,-0.159201,0.0630266,-0.544772,9269.01
3,0.0586661,2,-0.159201,0.0630266,-0.541771,9941.19
3,0.0586661,2,-0.159201,0.0630266,-0.538769,10615.5
3,0.0586661,2,-0.159201,0.0630266,-0.535768,11292.1
3,0.0586661,2,-0.159201,0.0630266,-0.532766,11970.8
3,0.0586661,2,-0.159201,0.0630266,-0.529765,12651.6
3,0.0586661,2,-0.159201,0.0630266,-0.526763,13334.7
3,0.0586661,2,-0.159201,0.0630266,-0.523762,14019.9
3,0.0586661,2,-0.159201,0.0630266,-0.52076,14707.3
3,0.0586661,2,-0.159201,0.0630266,-0.517759,15396.8
3,0.0586661,2,-0.159201,0.0630266,-0.514757,16088.5
3,0.0586661,2,-0.159201,0.0630266,-0.511756,16782.4
3,0.0586661,2,-0.159201,0.0630266,-0.508754,17478.3
3,0.0586661,2,-0.159201,0.0630266,-0.505753,18176.4
3,0.0586661,2,-0.159201,0.0630266,-0.502751,18876.7
3,0.0586661,2,-0.159201,0.0630266,-0.49975,19579
3,0.0586661,2,-0.159201,0.0630266,-0.496748,20283.5
3,0.0586661,2,-0.159201,0.0630266,-0.493747,20990.1
3,0.0586661,2,-0.159201,0.0630266,-0.490745,21698.8
3,0.0586661,2,-0.159201,0.0630266,-0.487744,22409.7
3,0.0586661,2,-0.159201,0.0630266,-0.484742,23122.6
3,0.0586661,2,-0.159201,0.0630266,-0.481741,23837.6
3,0.0586661,2,-0.159201,0.0630266,-0.478739,24554.7
3,0.0586661,2,-0.159201,0.0630266,-0.475738,25273.9
3,0.0586661,2,-0.159201,0.0630266,-0.472736,25995.1
3,0.0586661,2,-0.159201,0.0630266,-0.469735,26718.4
3,0.0586661,2,-0.159201,0.0630266,-0.466733,27443.8
3,0.0586661,2,-0.159201,0.0630266,-0.463732,28171.3
3,0.0586661,2,-0.159201,0.0630266,-0.46073,28900.8
3,0.0586661,2,-0.159201,0.0630266,-0.457729,29632.4
3,0.0586661,2,-0.159201,0.0630266,-0.454727,30366
3,0.0586661,2,-0.159201,0.0630266,-0.451726,31101.6
3,0.0586661,2,-0.159201,0.0630266,-0.448724,31839.3
3,0.0586661,2,-0.159201,0.0630266,-0.445723,32578.9
3,0.0586661,2,-0.159201,0.0630266,-0.442721,33320.7
3,0.0586661,2,-0.159201,0.0630266,-0.43972,34064.4
3,0.0586661,2,-0.159201,0.0630266,-0.436718,34810.1
3,0.0586661,2,-0.159201,0.0630266,-0.433717,35557.8
3,0.0586661,2,-0.159201,0.0630266,-0.430715,36307.5
3,0.0586661,2,-0.159201,0.0630266,-0.427714,37059.2
3,0.0586661,2,-0.159201,0.0630266,-0.424712,37812.8
3,0.0586661,2,-0.159201,0.0630266,-0.421711,38568.5
3,0.0586661,2,-0.159201,0.0630266,-0.418709,39326.1
3,0.0586661,2,-0.159201,0.0630266,-0.415708,40085.7
3,0.0586661,2,-0.159201,0.0630266,-0.412706,40847.2
3,0.0586661,2,-0.159201,0.0630266,-0.409705,41610.6
3,0.0586661,2,-0.159201,0.0630266,-0.406703,42376
3,0.0586661,2,-0.159201,0.0630266,-0.403702,43143.3
3,0.0586661,2,-0.159201,0.0630266,-0.4007,43912.5
3,0.0586661,2,-0.159201,0.0630266,-0.397699,44683.7
3,0.0586661,2,-0.159201,0.0630266,-0.394697,45456.7
3,0.0586661,2,-0.159201,0.0630266,-0.391696,46231.7
3,0.0586661,2,-0.159201,0.0630266,-0.388694,47008.5
3,0.0586661,2,-0.159201,0.0630266,-0.385693,47787.3
3,0.0586661,2,-0.159201,0.0630266,-0.382691,48567.9
3,0.0586661,2,-0.159201,0.0630266,-0.37969,49350.3
3,0.0586661,2,-0.159201,0.0630266,-0.376688,50134.6
3,0.0586661,2,-0.159201,0.0630266,-0.373687,50920.8
3,0.0586661,2,-0.159201,0.0630266,-0.370685,51708.9
3,0.0586661,2,-0.159201,0.0630266,-0.367684,52498.7
3,0.0586661,2,-0.159201,0.0630266,-0.364682,53290.4
3,0.0586661,2,-0.159201,0.0630266,-0.361681,54083.9
3,0.0586661,2,-0.159201,0.0630266,-0.358679,54879.2
3,0.0586661,2,-0.159201,0.0630266,-0.355678,55676.3
3,0.0586661,2,-0.159201,0.0630266,-0.352676,56475.3
3,0.0586661,2,-0.159201,0.0630266,-0.349675,57276
3,0.0586661,2,-0.159201,0.0630266,-0.346673,58078.4
3,0.0586661,2,-0.159201,0.0630266,-0.343672,58882.7
3,0.0586661,2,-0.159201,0.0630266,-0.34067,59688.7
3,0.0586661,2,-0.159201,0.0630266,-0.337669,60496.4
3,0.0586661,2,-0.159201,0.0630266,-0.334667,61305.9
3,0.0586661,2,-0.159201,0.0630266,-0.331666,62117.1
3,0.0586661,2,-0.159201,0.0630266,-0.328664,62930.1
3,0.0586661,2,-0.159201,0.0630266,-0.325663,63744.8
3,0.0586661,2,-0.159201,0.0630266,-0.322661,64561.1
3,0.0586661,2,-0.159201,0.0630266,-0.31966,65379.2
3,0.0586661,2,-0.159201,0.0630266,-0.316658,66199
3,0.0586661,2,-0.159201,0.0630266,-0.313657,67020.4
3,0.0586661,2,-0.159201,0.0630266,-0.310655,67843.5
3,0.0586661,2,-0.159201,0.0630266,-0.307654,68668.2
3,0.0586661,2,-0.159201,0.0630266,-0.304652,69494.6
3,0.0586661,2,-0.159201,0.0630266,-0.301651,70322.7
3,0.0586661,2,-0.159201,0.0630266,-0.298649,71152.3
3,0.0586661,2,-0.159201,0.0630266,-0.295648,71983.6
3,0.0586661,2,-0.159201,0.0630266,-0.292646,72816.5
3,0.0586661,2,-0.159201,0.0630266,-0.289645,73651
3,0.0586661,2,-0.159201,0.0630266,-0.286643,74487.1
3,0.0586661,2,-0.159201,0.0630266,-0.283642,75324.7
3,0.0586661,2,-0.159201,0.0630266,-0.28064,76163.9
3,0.0586661,2,-0.159201,0.0630266,-0.277639,77004.7
3,0.0586661,2,-0.159201,0.0630266,-0.274637,77847
3,0.0586661,2,-0.159201,0.0630266,-0.271636,78690.9
3,0.0586661,2,-0.159201,0.0630266,-0.268634,79536.4
3,0.0586661,2,-0.159201,0.0630266,-0.265633,80383.3
3,0.0586661,2,-0.159201,0.0630266,-0.262631,81231.6
3,0.0586661,2,-0.159201,0.0630266,-0.25963,82081.5
3,0.0586661,2,-0.159201,0.0630266,-0.256628,82932.9
3,0.0586661,2,-0.159201,0.0630266,-0.253627,83785.8
3,0.0586661,2,-0.159201,0.0630266,-0.250625,84640.1
3,0.0586661,2,-0.159201,0.0630266,-0.247624,85495.9
3,0.0586661,2,-0.159201,0.0630266,-0.244622,86353.1
3,0.0586661,2,-0.159201,0.0630266,-0.241621,87211.7
3,0.0586661,2,-0.159201,0.0630266,-0.238619,88071.8
3,0.0586661,2,-0.159201,0.0630266,-0.235618,88933.2
3,0.0586661,2,-0.159201,0.0630266,-0.232616,89796
3,0.0586661,2,-0.159201,0.0630266,-0.229615,90660.3
3,0.0586661,2,-0.159201,0.0630266,-0.226613,91525.8
3,0.0586661,2,-0.159201,0.0630266,-0.223612,92392.8
3,0.0586661,2,-0.159201,0.0630266,-0.22061,93261.1
3,0.0586661,2,-0.159201,0.0630266,-0.217609,94130.7
3,0.0586661,2,-0.159201,0.0630266,-0.214607,95001.6
3,0.0586661,2,-0.159201,0.0630266,-0.211606,95873.9
3,0.0586661,2,-0.159201,0.0630266,-0.208604,96747.4
3,0.0586661,2,-0.159201,0.0630266,-0.205603,97622.2
3,0.0586661,2,-0.159201,0.0630266,-0.202601,98498.4
3,0.0586661,2,-0.159201,0.0630266,-0.1996,99375.7
3,0.0586661,2,-0.159201,0.0630266,-0.196598,100254
3,0.0586661,2,-0.159201,0.0630266,-0.193597,101134
3,0.0586661,2,-0.159201,0.0630266,-0.190595,102015
3,0.0586661,2,-0.159201,0.0630266,-0.187594,102897
3,0.0586661,2,-0.159201,0.0630266,-0.184592,103781
3,0.0586661,2,-0.159201,0.0630266,-0.181591,104666
3,0.0586661,2,-0.159201,0.0630266,-0.178589,105551
3,0.0586661,2,-0.159201,0.0630266,-0.175588,106438
3,0.0586661,2,-0.159201,0.0630266,-0.172586,107326
3,0.0586661,2,-0.159201,0.0630266,-0.169585,108216
3,0.0586661,2,-0.159201,0.0630266,-0.166583,109106
3,0.0586661,2,-0.159201,0.0630266,-0.163582,109997
3,0.0586661,2,-0.159201,0.0630266,-0.16058,110890
3,0.0586661,2,-0.159201,0.0630266,-0.157579,111784
3,0.0586661,2,-0.159201,0.0630266,-0.154577,112678
3,0.0586661,2,-0.159201,0.0630266,-0.151576,113574
3,0.0586661,2,-0.159201,0.0630266,-0.148574,114471
3,0.0586661,2,-0.159201,0.0630266,-0.145573,115369
3,0.0586661,2,-0.159201,0.0630266,-0.142571,116267
3,0.0586661,2,-0.159201,0.0630266,-0.13957,117167
3,0.0586661,2,-0.159201,0.0630266,-0.136568,118068
3,0.0586661,2,-0.159201,0.0630266,-0.133567,118970
3,0.0586661,2,-0.159201,0.0630266,-0.130565,119872
3,0.0586661,2,-0.159201,0.0630266,-0.127564,120776
3,0.0586661,2,-0.159201,0.0630266,-0.124562,121680
3,0.0586661,2,-0.159201,0.0630266,-0.121561,122586
3,0.0586661,2,-0.159201,0.0630266,-0.118559,123492
3,0.0586661,2,-0.159201,0.0630266,-0.115558,124279
3,0.0586661,2,-0.159201,0.0630266,-0.112556,124989
3,0.0586661,2,-0.159201,0.0630266,-0.109555,125986
3,0.0586661,2,-0.159201,0.0630266,-0.106553,125821
3,0.0586661,2,-0.159201,0.0630266,-0.103552,126870
3,0.0586661,2,-0.159201,0.0630266,-0.10055,127438
3,0.0586661,2,-0.159201,0.0630266,-0.0975488,129016
3,0.0586661,2,-0.159201,0.0630266,-0.0945473,125642
3,0.0586661,2,-0.159201,0.0630266,-0.0915458,130205
3,0.0586661,2,-0.159201,0.0630266,-0.0885443,131348
3,0.0586661,2,-0.159201,0.0630266,-0.0855428,132399
3,0.0586661,2,-0.159201,0.0630266,-0.0825413,132965
3,0.0586661,2,-0.159201,0.0630266,-0.0795398,130285
3,0.0586661,2,-0.159201,0.0630266,-0.0765383,126375
3,0.0586661,2,-0.159201,0.0630266,-0.0735368,126422
3,0.0586661,2,-0.159201,0.0630266,-0.0705353,136516
3,0.0586661,2,-0.159201,0.0630266,-0.0675338,135679
3,0.0586661,2,-0.159201,0.0630266,-0.0645323,127669
3,0.0586661,2,-0.159201,0.0630266,-0.0615308,128606
3,0.0586661,2,-0.159201,0.0630266,-0.0585293,131515
3,0.0586661,2,-0.159201,0.0630266,-0.0555278,131738
3,0.0586661,2,-0.159201,0.0630266,-0.0525263,127675
3,0.0586661,2,-0.159201,0.0630266,-0.0495248,131597
3,0.0586661,2,-0.159201,0.0630266,-0.0465233,127667
3,0.0586661,2,-0.159201,0.0630266,-0.0435218,132601
3,0.0586661,2,-0.159201,0.0630266,-0.0405203,129583
3,0.0586661,2,-0.159201,0.0630266,-0.0375188,134579
3,0.0586661,2,-0.159201,0.0630266,-0.0345173,125257
3,0.0586661,2,-0.159201,0.0630266,-0.0315158,130234
3,0.0586661,2,-0.159201,0.0630266,-0.0285143,126422
3,0.0586661,2,-0.159201,0.0630266,-0.0255128,129546
3,0.0586661,2,-0.159201,0.0630266,-0.0225113,133390
3,0.0586661,2,-0.159201,0.0630266,-0.0195098,125532
3,0.0586661,2,-0.159201,0.0630266,-0.0165083,125702
3,0.0586661,2,-0.159201,0.0630266,-0.0135068,126471
3,0.0586661,2,-0.159201,0.0630266,-0.0105053,131802
3,0.0586661,2,-0.159201,0.0630266,-0.00750375,130014
3,0.0586661,2,-0.159201,0.0630266,-0.00450225,131717
3,0.0586661,2,-0.159201,0.0630266,-0.00150075,129090
3,0.0586661,2,-0.159201,0.0630266,0.00150075,127012
3,0.0586661,2,-0.159201,0.0630266,0.00450225,136476
3,0.0586661,2,-0.159201,0.0630266,0.00750375,128216
3,0.0586661,2,-0.159201,0.0630266,0.0105053,126293
3,0.0586661,2,-0.159201,0.0630266,0.0135068,129677
3,0.0586661,2,-0.159201,0.0630266,0.0165083,129026
3,0.0586661,2,-0.159201,0.0630266,0.0195098,139124
3,0.0586661,2,-0.159201,0.0630266,0.0225113,143521
3,0.0586661,2,-0.159201,0.0630266,0.0255128,125559
3,0.0586661,2,-0.159201,0.0630266,0.0285143,127150
3,0.0586661,2,-0.159201,0.0630266,0.0315158,128154
3,0.0586661,2,-0.159201,0.0630266,0.0345173,127905
3,0.0586661,2,-0.159201,0.0630266,0.0375188,132576
3,0.0586661,2,-0.159201,0.0630266,0.0405203,134844
3,0.0586661,2,-0.159201,0.0630266,0.0435218,130123
3,0.0586661,2,-0.159201,0.0630266,0.0465233,135772
3,0.0586661,2,-0.159201,0.0630266,0.0495248,126844
3,0.0586661,2,-0.159201,0.0630266,0.0525263,133334
3,0.0586661,2,-0.159201,0.0630266,0.0555278,138862
3,0.0586661,2,-0.159201,0.0630266,0.0585293,137784
3,0.0586661,2,-0.159201,0.0630266,0.0615308,132908
3,0.0586661,2,-0.159201,0.0630266,0.0645323,132675
3,0.0586661,2,-0.159201,0.0630266,0.0675338,126219
3,0.0586661,2,-0.159201,0.0630266,0.0705353,134097
3,0.0586661,2,-0.159201,0.0630266,0.0735368,134656
3,0.0586661,2,-0.159201,0.0630266,0.0765383,126834
3,0.0586661,2,-0.159201,0.0630266,0.0795398,135048
3,0.0586661,2,-0.159201,0.0630266,0.0825413,132211
3,0.0586661,2,-0.159201,0.0630266,0.0855428,128941
3,0.0586661,2,-0.159201,0.0630266,0.0885443,126225
3,0.0586661,2,-0.159201,0.0630266,0.0915458,127646
3,0.0586661,2,-0.159201,0.0630266,0.0945473,127046
3,0.0586661,2,-0.159201,0.0630266,0.0975488,128089
3,0.0586661,2,-0.159201,0.0630266,0.10055,125847
3,0.0586661,2,-0.159201,0.0630266,0.103552,131057
3,0.0586661,2,-0.159201,0.0630266,0.106553,138116
3,0.0586661,2,-0.159201,0.0630266,0.109555,128040
3,0.0586661,2,-0.159201,0.0630266,0.112556,127784
3,0.0586661,2,-0.159201,0.0630266,0.115558,130132
3,0.0586661,2,-0.159201,0.0630266,0.118559,127025
3,0.0586661,2,-0.159201,0.0630266,0.121561,130443
3,0.0586661,2,-0.159201,0.0630266,0.124562,127880
3,0.0586661,2,-0.159201,0.0630266,0.127564,129063
3,0.0586661,2,-0.159201,0.0630266,0.130565,127860
3,0.0586661,2,-0.159201,0.0630266,0.133567,133550
3,0.0586661,2,-0.159201,0.0630266,0.136568,128731
3,0.0586661,2,-0.159201,0.0630266,0.13957,126061
3,0.0586661,2,-0.159201,0.0630266,0.142571,126643
3,0.0586661,2,-0.159201,0.0630266,0.145573,126833
3,0.0586661,2,-0.159201,0.0630266,0.148574,133456
3,0.0586661,2,-0.159201,0.0630266,0.151576,128868
3,0.0586661,2,-0.159201,0.0630266,0.154577,128760
3,0.0586661,2,-0.159201,0.0630266,0.157579,131515
3,0.0586661,2,-0.159201,0.0630266,0.16058,138420
3,0.0586661,2,-0.159201,0.0630266,0.163582,132950
3,0.0586661,2,-0.159201,0.0630266,0.166583,137316
3,0.0586661,2,-0.159201,0.0630266,0.169585,128774
3,0.0586661,2,-0.159201,0.0630266,0.172586,127698
3,0.0586661,2,-0.159201,0.0630266,0.175588,127956
3,0.0586661,2,-0.159201,0.0630266,0.178589,130660
3,0.0586661,2,-0.159201,0.0630266,0.181591,136966
3,0.0586661,2,-0.159201,0.0630266,0.184592,128670
3,0.0586661,2,-0.159201,0.0630266,0.187594,128186
3,0.0586661,2,-0.159201,0.0630266,0.190595,140044
3,0.0586661,2,-0.159201,0.0630266,0.193597,132771
3,0.0586661,2,-0.159201,0.0630266,0.196598,136603
3,0.0586661,2,-0.159201,0.0630266,0.1996,131955
3,0.0586661,2,-0.159201,0.0630266,0.202601,138347
3,0.0586661,2,-0.159201,0.0630266,0.205603,128108
3,0.0586661,2,-0.159201,0.0630266,0.208604,130409
3,0.0586661,2,-0.159201,0.0630266,0.211606,128704
3,0.0586661,2,-0.159201,0.0630266,0.214607,129192
3,0.0586661,2,-0.159201,0.0630266,0.217609,134734
3,0.0586661,2,-0.159201,0.0630266,0.22061,139388
3,0.0586661,2,-0.159201,0.0630266,0.223612,141825
3,0.0586661,2,-0.159201,0.0630266,0.226613,134244
3,0.0586661,2,-0.159201,0.0630266,0.229615,126565
3,0.0586661,2,-0.159201,0.0630266,0.232616,131415
3,0.0586661,2,-0.159201,0.0630266,0.235618,131830
3,0.0586661,2,-0.159201,0.0630266,0.238619,131544
3,0.0586661,2,-0.159201,0.0630266,0.241621,135494
3,0.0586661,2,-0.159201,0.0630266,0.244622,126590
3,0.0586661,2,-0.159201,0.0630266,0.247624,139291
3,0.0586661,2,-0.159201,0.0630266,0.250625,132207
3,0.0586661,2,-0.159201,0.0630266,0.253627,135255
3,0.0586661,2,-0.159201,0.0630266,0.256628,133756
3,0.0586661,2,-0.159201,0.0630266,0.25963,132710
3,0.0586661,2,-0.159201,0.0630266,0.262631,139989
3,0.0586661,2,-0.159201,0.0630266,0.265633,135933
3,0.0586661,2,-0.159201,0.0630266,0.268634,143401
3,0.0586661,2,-0.159201,0.0630266,0.271636,136324
3,0.0586661,2,-0.159201,0.0630266,0.274637,137438
3,0.0586661,2,-0.159201,0.0630266,0.277639,136733
3,0.0586661,2,-0.159201,0.0630266,0.28064,136633
3,0.0586661,2,-0.159201,0.0630266,0.283642,133558
3,0.0586661,2,-0.159201,0.0630266,0.286643,128948
3,0.0586661,2,-0.159201,0.0630266,0.289645,138151
3,0.0586661,2,-0.159201,0.0630266,0.292646,127112
3,0.0586661,2,-0.159201,0.0630266,0.295648,133508
3,0.0586661,2,-0.159201,0.0630266,0.298649,130187
3,0.0586661,2,-0.159201,0.0630266,0.301651,127217
3,0.0586661,2,-0.159201,0.0630266,0.304652,131041
3,0.0586661,2,-0.159201,0.0630266,0.307654,133709
3,0.0586661,2,-0.159201,0.0630266,0.310655,131472
3,0.0586661,2,-0.159201,0.0630266,0.313657,133657
3,0.0586661,2,-0.159201,0.0630266,0.316658,129595
3,0.0586661,2,-0.159201,0.0630266,0.31966,129743
3,0.0586661,2,-0.159201,0.0630266,0.322661,131607
3,0.0586661,2,-0.159201,0.0630266,0.325663,131577
3,0.0586661,2,-0.159201,0.0630266,0.328664,134300
3,0.0586661,2,-0.159201,0.0630266,0.331666,130522
3,0.0586661,2,-0.159201,0.0630266,0.334667,137597
3,0.0586661,2,-0.159201,0.0630266,0.337669,131848
3,0.0586661,2,-0.159201,0.0630266,0.34067,131017
3,0.0586661,2,-0.159201,0.0630266,0.343672,135179
3,0.0586661,2,-0.159201,0.0630266,0.346673,131448
3,0.0586661,2,-0.159201,0.0630266,0.349675,128417
3,0.0586661,2,-0.159201,0.0630266,0.352676,132868
3,0.0586661,2,-0.159201,0.0630266,0.355678,128206
3,0.0586661,2,-0.159201,0.0630266,0.358679,130495
3,0.0586661,2,-0.159201,0.0630266,0.361681,133097
3,0.0586661,2,-0.159201,0.0630266,0.364682,137192
3,0.0586661,2,-0.159201,0.0630266,0.367684,137007
3,0.0586661,2,-0.159201,0.0630266,0.370685,130072
3,0.0586661,2,-0.159201,0.0630266,0.373687,133098
3,0.0586661,2,-0.159201,0.0630266,0.376688,130010
3,0.0586661,2,-0.159201,0.0630266,0.37969,136882
3,0.0586661,2,-0.159201,0.0630266,0.382691,129120
3,0.0586661,2,-0.159201,0.0630266,0.385693,132513
3,0.0586661,2,-0.159201,0.0630266,0.388694,133123
3,0.0586661,2,-0.159201,0.0630266,0.391696,132385
3,0.0586661,2,-0.159201,0.0630266,0.394697,143092
3,0.0586661,2,-0.159201,0.0630266,0.397699,133540
3,0.0586661,2,-0.159201,0.0630266,0.4007,128813
3,0.0586661,2,-0.159201,0.0630266,0.403702,130718
3,0.0586661,2,-0.159201,0.0630266,0.406703,129014
3,0.0586661,2,-0.159201,0.0630266,0.409705,138019
3,0.0586661,2,-0.159201,0.0630266,0.412706,129932
3,0.0586661,2,-0.159201,0.0630266,0.415708,139832
3,0.0586661,2,-0.159201,0.0630266,0.418709,127991
3,0.0586661,2,-0.159201,0.0630266,0.421711,129339
3,0.0586661,2,-0.159201,0.0630266,0.424712,133259
3,0.0586661,2,-0.159201,0.0630266,0.427714,127343
3,0.0586661,2,-0.159201,0.0630266,0.430715,139481
3,0.0586661,2,-0.159201,0.0630266,0.433717,132066
3,0.0586661,2,-0.159201,0.0630266,0.436718,132356
3,0.0586661,2,-0.159201,0.0630266,0.43972,134307
3,0.0586661,2,-0.159201,0.0630266,0.442721,131397
3,0.0586661,2,-0.159201,0.0630266,0.445723,134077
3,0.0586661,2,-0.159201,0.0630266,0.448724,138144
3,0.0586661,2,-0.159201,0.0630266,0.451726,137139
3,0.0586661,2,-0.159201,0.0630266,0.454727,135398
3,0.0586661,2,-0.159201,0.0630266,0.457729,138451
3,0.0586661,2,-0.159201,0.0630266,0.46073,141716
3,0.0586661,2,-0.159201,0.0630266,0.463732,137532
3,0.0586661,2,-0.159201,0.0630266,0.466733,139472
3,0.0586661,2,-0.159201,0.0630266,0.469735,138456
3,0.0586661,2,-0.159201,0.0630266,0.472736,132660
3,0.0586661,2,-0.159201,0.0630266,0.475738,127858
3,0.0586661,2,-0.159201,0.0630266,0.478739,143414
3,0.0586661,2,-0.159201,0.0630266,0.481741,139044
3,0.0586661,2,-0.159201,0.0630266,0.484742,134945
3,0.0586661,2,-0.159201,0.0630266,0.487744,136626
3,0.0586661,2,-0.159201,0.0630266,0.490745,131992
3,0.0586661,2,-0.159201,0.0630266,0.493747,137006
3,0.0586661,2,-0.159201,0.0630266,0.496748,140796
3,0.0586661,2,-0.159201,0.0630266,0.49975,132602
3,0.0586661,2,-0.159201,0.0630266,0.502751,128210
3,0.0586661,2,-0.159201,0.0630266,0.505753,131837
3,0.0586661,2,-0.159201,0.0630266,0.508754,142647
3,0.0586661,2,-0.159201,0.0630266,0.511756,133006
3,0.0586661,2,-0.159201,0.0630266,0.514757,128909
3,0.0586661,2,-0.159201,0.0630266,0.517759,127592
3,0.0586661,2,-0.159201,0.0630266,0.52076,140452
3,0.0586661,2,-0.159201,0.0630266,0.523762,131389
3,0.0586661,2,-0.159201,0.0630266,0.526763,132212
3,0.0586661,2,-0.159201,0.0630266,0.529765,130249
3,0.0586661,2,-0.159201,0.0630266,0.532766,134563
3,0.0586661,2,-0.159201,0.0630266,0.535768,130114
3,0.0586661,2,-0.159201,0.0630266,0.538769,129042
3,0.0586661,2,-0.159201,0.0630266,0.541771,136571
3,0.0586661,2,-0.159201,0.0630266,0.544772,143177
3,0.0586661,2,-0.159201,0.0630266,0.547774,142501
3,0.0586661,2,-0.159201,0.0630266,0.550775,130710
3,0.0586661,2,-0.159201,0.0630266,0.553777,128123
3,0.0586661,2,-0.159201,0.0630266,0.556778,136496
3,0.0586661,2,-0.159201,0.0630266,0.55978,139919
3,0.0586661,2,-0.159201,0.0630266,0.562781,133168
3,0.0586661,2,-0.159201,0.0630266,0.565783,135025
3,0.0586661,2,-0.159201,0.0630266,0.568784,132046
3,0.0586661,2,-0.159201,0.0630266,0.571786,127542
3,0.0586661,2,-0.159201,0.0630266,0.574787,137323
3,0.0586661,2,-0.159201,0.0630266,0.577789,134510
3,0.0586661,2,-0.159201,0.0630266,0.58079,128496
3,0.0586661,2,-0.159201,0.0630266,0.583792,138453
3,0.0586661,2,-0.159201,0.0630266,0.586793,129475
3,0.0586661,2,-0.159201,0.0630266,0.589795,130031
3,0.0586661,2,-0.159201,0.0630266,0.592796,131538
3,0.0586661,2,-0.159201,0.0630266,0.595798,137092
3,0.0586661,2,-0.159201,0.0630266,0.598799,130211
3,0.0586661,2,-0.159201,0.0630266,0.601801,135792
3,0.0586661,2,-0.159201,0.0630266,0.604802,131623
3,0.0586661,2,-0.159201,0.0630266,0.607804,136472
3,0.0586661,2,-0.159201,0.0630266,0.610805,129662
3,0.0586661,2,-0.159201,0.0630266,0.613807,135464
3,0.0586661,2,-0.159201,0.0630266,0.616808,135841
3,0.0586661,2,-0.159201,0.0630266,0.61981,138161
3,0.0586661,2,-0.159201,0.0630266,0.622811,132507
3,0.0586661,2,-0.159201,0.0630266,0.625813,136380
3,0.0586661,2,-0.159201,0.0630266,0.628814,128345
3,0.0586661,2,-0.159201,0.0630266,0.631816,135258
3,0.0586661,2,-0.159201,0.0630266,0.634817,142118
3,0.0586661,2,-0.159201,0.0630266,0.637819,128860
3,0.0586661,2,-0.159201,0.0630266,0.64082,133456
3,0.0586661,2,-0.159201,0.0630266,0.643822,131506
3,0.0586661,2,-0.159201,0.0630266,0.646823,133423
3,0.0586661,2,-0.159201,0.0630266,0.649825,136282
3,0.0586661,2,-0.159201,0.0630266,0.652826,136292
3,0.0586661,2,-0.159201,0.0630266,0.655828,127870
3,0.0586661,2,-0.159201,0.0630266,0.658829,132451
3,0.0586661,2,-0.159201,0.0630266,0.661831,135622
3,0.0586661,2,-0.159201,0.0630266,0.664832,136296
3,0.0586661,2,-0.159201,0.0630266,0.667834,128880
3,0.0586661,2,-0.159201,0.0630266,0.670835,129111
3,0.0586661,2,-0.159201,0.0630266,0.673837,134200
3,0.0586661,2,-0.159201,0.0630266,0.676838,129628
3,0.0586661,2,-0.159201,0.0630266,0.67984,131645
3,0.0586661,2,-0.159201,0.0630266,0.682841,130899
3,0.0586661,2,-0.159201,0.0630266,0.685843,134828
3,0.0586661,2,-0.159201,0.0630266,0.688844,131780
3,0.0586661,2,-0.159201,0.0630266,0.691846,143162
3,0.0586661,2,-0.159201,0.0630266,0.694847,142380
3,0.0586661,2,-0.159201,0.0630266,0.697849,128395
3,0.0586661,2,-0.159201,0.0630266,0.70085,136893
3,0.0586661,2,-0.159201,0.0630266,0.703852,131204
3,0.0586661,2,-0.159201,0.0630266,0.706853,129266
3,0.0586661,2,-0.159201,0.0630266,0.709855,143067
3,0.0586661,2,-0.159201,0.0630266,0.712856,128901
3,0.0586661,2,-0.159201,0.0630266,0.715858,130318
3,0.0586661,2,-0.159201,0.0630266,0.718859,141634
3,0.0586661,2,-0.159201,0.0630266,0.721861,128614
3,0.0586661,2,-0.159201,0.0630266,0.724862,128209
3,0.0586661,2,-0.159201,0.0630266,0.727864,133324
3,0.0586661,2,-0.159201,0.0630266,0.730865,131080
3,0.0586661,2,-0.159201,0.0630266,0.733867,140033
3,0.0586661,2,-0.159201,0.0630266,0.736868,128844
3,0.0586661,2,-0.159201,0.0630266,0.73987,127955
3,0.0586661,2,-0.159201,0.0630266,0.742871,132387
3,0.0586661,2,-0.159201,0.0630266,0.745873,128055
3,0.0586661,2,-0.159201,0.0630266,0.748874,138297
3,0.0586661,2,-0.159201,0.0630266,0.751876,129173
3,0.0586661,2,-0.159201,0.0630266,0.754877,141934
3,0.0586661,2,-0.159201,0.0630266,0.757879,141832
3,0.0586661,2,-0.159201,0.0630266,0.76088,128506
3,0.0586661,2,-0.159201,0.0630266,0.763882,139820
3,0.0586661,2,-0.159201,0.0630266,0.766883,128681
3,0.0586661,2,-0.159201,0.0630266,0.769885,139599
3,0.0586661,2,-0.159201,0.0630266,0.772886,130425
3,0.0586661,2,-0.159201,0.0630266,0.775888,128562
3,0.0586661,2,-0.159201,0.0630266,0.778889,137323
3,0.0586661,2,-0.159201,0.0630266,0.781891,129877
3,0.0586661,2,-0.159201,0.0630266,0.784892,140210
3,0.0586661,2,-0.159201,0.0630266,0.787894,130357
3,0.0586661,2,-0.159201,0.0630266,0.790895,128219
3,0.0586661,2,-0.159201,0.0630266,0.793897,140505
3,0.0586661,2,-0.159201,0.0630266,0.796898,130042
3,0.0586661,2,-0.159201,0.0630266,0.7999,132207
3,0.0586661,2,-0.159201,0.0630266,0.802901,139295
3,0.0586661,2,-0.159201,0.0630266,0.805903,134235
3,0.0586661,2,-0.159201,0.0630266,0.808904,137903
3,0.0586661,2,-0.159201,0.0630266,0.811906,131752
3,0.0586661,2,-0.159201,0.0630266,0.814907,130369
3,0.0586661,2,-0.159201,0.0630266,0.817909,134856
3,0.0586661,2,-0.159201,0.0630266,0.82091,129369
3,0.0586661,2,-0.159201,0.0630266,0.823912,129165
3,0.0586661,2,-0.159201,0.0630266,0.826913,132045
3,0.0586661,2,-0.159201,0.0630266,0.829915,127870
3,0.0586661,2,-0.159201,0.0630266,0.832916,136730
3,0.0586661,2,-0.159201,0.0630266,0.835918,130250
3,0.0586661,2,-0.159201,0.0630266,0.838919,141520
3,0.0586661,2,-0.159201,0.0630266,0.841921,127219
3,0.0586661,2,-0.159201,0.0630266,0.844922,129131
3,0.0586661,2,-0.159201,0.0630266,0.847924,133921
3,0.0586661,2,-0.159201,0.0630266,0.850925,131109
3,0.0586661,2,-0.159201,0.0630266,0.853927,141029
3,0.0586661,2,-0.159201,0.0630266,0.856928,131865
3,0.0586661,2,-0.159201,0.0630266,0.85993,141923
3,0.0586661,2,-0.159201,0.0630266,0.862931,138530
3,0.0586661,2,-0.159201,0.0630266,0.865933,132419
3,0.0586661,2,-0.159201,0.0630266,0.868934,133440
3,0.0586661,2,-0.159201,0.0630266,0.871936,127071
3,0.0586661,2,-0.159201,0.0630266,0.874937,132428
3,0.0586661,2,-0.159201,0.0630266,0.877939,128920
3,0.0586661,2,-0.159201,0.0630266,0.88094,130616
3,0.0586661,2,-0.159201,0.0630266,0.883942,137954
3,0.0586661,2,-0.159201,0.0630266,0.886943,143484
3,0.0586661,2,-0.159201,0.0630266,0.889945,132985
3,0.0586661,2,-0.159201,0.0630266,0.892946,129861
3,0.0586661,2,-0.159201,0.0630266,0.895948,135983
3,0.0586661,2,-0.159201,0.0630266,0.898949,140422
3,0.0586661,2,-0.159201,0.0630266,0.901951,138509
3,0.0586661,2,-0.159201,0.0630266,0.904952,139950
3,0.0586661,2,-0.159201,0.0630266,0.907954,127484
3,0.0586661,2,-0.159201,0.0630266,0.910955,140535
3,0.0586661,2,-0.159201,0.0630266,0.913957,129873
3,0.0586661,2,-0.159201,0.0630266,0.916958,140129
3,0.0586661,2,-0.159201,0.0630266,0.91996,129209
3,0.0586661,2,-0.159201,0.0630266,0.922961,138827
3,0.0586661,2,-0.159201,0.0630266,0.925963,133545
3,0.0586661,2,-0.159201,0.0630266,0.928964,136505
3,0.0586661,2,-0.159201,0.0630266,0.931966,131734
3,0.0586661,2,-0.159201,0.0630266,0.934967,129383
3,0.0586661,2,-0.159201,0.0630266,0.937969,127460
3,0.0586661,2,-0.159201,0.0630266,0.94097,142312
3,0.0586661,2,-0.159201,0.0630266,0.943972,131717
3,0.0586661,2,-0.159201,0.0630266,0.946973,129579
3,0.0586661,2,-0.159201,0.0630266,0.949975,138673
3,0.0586661,2,-0.159201,0.0630266,0.952976,141587
3,0.0586661,2,-0.159201,0.0630266,0.955978,135137
3,0.0586661,2,-0.159201,0.0630266,0.958979,137630
3,0.0586661,2,-0.159201,0.0630266,0.961981,130300
3,0.0586661,2,-0.159201,0.0630266,0.964982,141144
3,0.0586661,2,-0.159201,0.0630266,0.967984,135519
3,0.0586661,2,-0.159201,0.0630266,0.970985,132514
3,0.0586661,2,-0.159201,0.0630266,0.973987,131710
3,0.0586661,2,-0.159201,0.0630266,0.976988,141088
3,0.0586661,2,-0.159201,0.0630266,0.97999,132737
3,0.0586661,2,-0.159201,0.0630266,0.982991,130818
3,0.0586661,2,-0.159201,0.0630266,0.985993,132504
3,0.0586661,2,-0.159201,0.0630266,0.988994,136797
3,0.0586661,2,-0.159201,0.0630266,0.991996,129207
3,0.0586661,2,-0.159201,0.0630266,0.994997,134496
3,0.0586661,2,-0.159201,0.0630266,0.997999,137146
3,0.0586661,2,-0.159201,0.0630266,1.001,135192
3,0.0586661,2,-0.159201,0.0630266,1.004,136155
3,0.0586661,2,-0.159201,0.0630266,1.007,128353
3,0.0586661,2,-0.159201,0.0630266,1.01001,126676
3,0.0586661,2,-0.159201,0.0630266,1.01301,137401
3,0.0586661,2,-0.159201,0.0630266,1.01601,129062
3,0.0586661,2,-0.159201,0.0630266,1.01901,128201
3,0.0586661,2,-0.159201,0.0630266,1.02201,132527
3,0.0586661,2,-0.159201,0.0630266,1.02501,133625
3,0.0586661,2,-0.159201,0.0630266,1.02801,130609
3,0.0586661,2,-0.159201,0.0630266,1.03102,129844
3,0.0586661,2,-0.159201,0.0630266,1.03402,135171
3,0.0586661,2,-0.159201,0.0630266,1.03702,128512
3,0.0586661,2,-0.159201,0.0630266,1.04002,140861
3,0.0586661,2,-0.159201,0.0630266,1.04302,127818
3,0.0586661,2,-0.159201,0.0630266,1.04602,129077
3,0.0586661,2,-0.159201,0.0630266,1.04902,126492
3,0.0586661,2,-0.159201,0.0630266,1.05203,140436
3,0.0586661,2,-0.159201,0.0630266,1.05503,127122
3,0.0586661,2,-0.159201,0.0630266,1.05803,132779
3,0.0586661,2,-0.159201,0.0630266,1.06103,137149
3,0.0586661,2,-0.159201,0.0630266,1.06403,126752
3,0.0586661,2,-0.159201,0.0630266,1.06703,140779
3,0.0586661,2,-0.159201,0.0630266,1.07004,140733
3,0.0586661,2,-0.159201,0.0630266,1.07304,132503
3,0.0586661,2,-0.159201,0.0630266,1.07604,128649
3,0.0586661,2,-0.159201,0.0630266,1.07904,135400
3,0.0586661,2,-0.159201,0.0630266,1.08204,134418
3,0.0586661,2,-0.159201,0.0630266,1.08504,134689
3,0.0586661,2,-0.159201,0.0630266,1.08804,143279
3,0.0586661,2,-0.159201,0.0630266,1.09105,136385
3,0.0586661,2,-0.159201,0.0630266,1.09405,133478
3,0.0586661,2,-0.159201,0.0630266,1.09705,137023
3,0.0586661,2,-0.159201,0.0630266,1.10005,135248
3,0.0586661,2,-0.159201,0.0630266,1.10305,128600
3,0.0586661,2,-0.159201,0.0630266,1.10605,138716
3,0.0586661,2,-0.159201,0.0630266,1.10905,134885
3,0.0586661,2,-0.159201,0.0630266,1.11206,132786
3,0.0586661,2,-0.159201,0.0630266,1.11506,136100
3,0.0586661,2,-0.159201,0.0630266,1.11806,129637
3,0.0586661,2,-0.159201,0.0630266,1.12106,127837
3,0.0586661,2,-0.159201,0.0630266,1.12406,137434
3,0.0586661,2,-0.159201,0.0630266,1.12706,135192
3,0.0586661,2,-0.159201,0.0630266,1.13007,130562
3,0.0586661,2,-0.159201,0.0630266,1.13307,137821
3,0.0586661,2,-0.159201,0.0630266,1.13607,127715
3,0.0586661,2,-0.159201,0.0630266,1.13907,135320
3,0.0586661,2,-0.159201,0.0630266,1.14207,138135
3,0.0586661,2,-0.159201,0.0630266,1.14507,137866
3,0.0586661,2,-0.159201,0.0630266,1.14807,139049
3,0.0586661,2,-0.159201,0.0630266,1.15108,127392
3,0.0586661,2,-0.159201,0.0630266,1.15408,132662
3,0.0586661,2,-0.159201,0.0630266,1.15708,125184
3,0.0586661,2,-0.159201,0.0630266,1.16008,135195
3,0.0586661,2,-0.159201,0.0630266,1.16308,140864
3,0.0586661,2,-0.159201,0.0630266,1.16608,126726
3,0.0586661,2,-0.159201,0.0630266,1.16908,127632
3,0.0586661,2,-0.159201,0.0630266,1.17209,132622
3,0.0586661,2,-0.159201,0.0630266,1.17509,133018
3,0.0586661,2,-0.159201,0.0630266,1.17809,128589
3,0.0586661,2,-0.159201,0.0630266,1.18109,128173
3,0.0586661,2,-0.159201,0.0630266,1.18409,130125
3,0.0586661,2,-0.159201,0.0630266,1.18709,130547
3,0.0586661,2,-0.159201,0.0630266,1.1901,129152
3,0.0586661,2,-0.159201,0.0630266,1.1931,125772
3,0.0586661,2,-0.159201,0.0630266,1.1961,126341
3,0.0586661,2,-0.159201,0.0630266,1.1991,125079
3,0.0586661,2,-0.159201,0.0630266,1.2021,130932
3,0.0586661,2,-0.159201,0.0630266,1.2051,131625
3,0.0586661,2,-0.159201,0.0630266,1.2081,144066
3,0.0586661,2,-0.159201,0.0630266,1.21111,124098
3,0.0586661,2,-0.159201,0.0630266,1.21411,137936
3,0.0586661,2,-0.159201,0.0630266,1.21711,140589
3,0.0586661,2,-0.159201,0.0630266,1.22011,127214
3,0.0586661,2,-0.159201,0.0630266,1.22311,126476
3,0.0586661,2,-0.159201,0.0630266,1.22611,128157
3,0.0586661,2,-0.159201,0.0630266,1.22911,138143
3,0.0586661,2,-0.159201,0.0630266,1.23212,126074
3,0.0586661,2,-0.159201,0.0630266,1.23512,128132
3,0.0586661,2,-0.159201,0.0630266,1.23812,127345
3,0.0586661,2,-0.159201,0.0630266,1.24112,128721
3,0.0586661,2,-0.159201,0.0630266,1.24412,125954
3,0.0586661,2,-0.159201,0.0630266,1.24712,133894
3,0.0586661,2,-0.159201,0.0630266,1.25013,132397
3,0.0586661,2,-0.159201,0.0630266,1.25313,126660
3,0.0586661,2,-0.159201,0.0630266,1.25613,126920
3,0.0586661,2,-0.159201,0.0630266,1.25913,133469
3,0.0586661,2,-0.159201,0.0630266,1.26213,136291
3,0.0586661,2,-0.159201,0.0630266,1.26513,129587
3,0.0586661,2,-0.159201,0.0630266,1.26813,130036
3,0.0586661,2,-0.159201,0.0630266,1.27114,124033
3,0.0586661,2,-0.159201,0.0630266,1.27414,127378
3,0.0586661,2,-0.159201,0.0630266,1.27714,128837
3,0.0586661,2,-0.159201,0.0630266,1.28014,124442
3,0.0586661,2,-0.159201,0.0630266,1.28314,123413
3,0.0586661,2,-0.159201,0.0630266,1.28614,128558
3,0.0586661,2,-0.159201,0.0630266,1.28914,126275
3,0.0586661,2,-0.159201,0.0630266,1.29215,133923
3,0.0586661,2,-0.159201,0.0630266,1.29515,123665
3,0.0586661,2,-0.159201,0.0630266,1.29815,135670
3,0.0586661,2,-0.159201,0.0630266,1.30115,127715
3,0.0586661,2,-0.159201,0.0630266,1.30415,123329
3,0.0586661,2,-0.159201,0.0630266,1.30715,128185
3,0.0586661,2,-0.159201,0.0630266,1.31016,133902
3,0.0586661,2,-0.159201,0.0630266,1.31316,127647
3,0.0586661,2,-0.159201,0.0630266,1.31616,130768
3,0.0586661,2,-0.159201,0.0630266,1.31916,127533
3,0.0586661,2,-0.159201,0.0630266,1.32216,124457
3,0.0586661,2,-0.159201,0.0630266,1.32516,126913
3,0.0586661,2,-0.159201,0.0630266,1.32816,121855
3,0.0586661,2,-0.159201,0.0630266,1.33117,123526
3,0.0586661,2,-0.159201,0.0630266,1.33417,128238
3,0.0586661,2,-0.159201,0.0630266,1.33717,132685
3,0.0586661,2,-0.159201,0.0630266,1.34017,125033
3,0.0586661,2,-0.159201,0.0630266,1.34317,129533
3,0.0586661,2,-0.159201,0.0630266,1.34617,126288
3,0.0586661,2,-0.159201,0.0630266,1.34917,121594
3,0.0586661,2,-0.159201,0.0630266,1.35218,130277
3,0.0586661,2,-0.159201,0.0630266,1.35518,124084
3,0.0586661,2,-0.159201,0.0630266,1.35818,132096
3,0.0586661,2,-0.159201,0.0630266,1.36118,131473
3,0.0586661,2,-0.159201,0.0630266,1.36418,128347
3,0.0586661,2,-0.159201,0.0630266,1.36718,129667
3,0.0586661,2,-0.159201,0.0630266,1.37019,122117
3,0.0586661,2,-0.159201,0.0630266,1.37319,128841
3,0.0586661,2,-0.159201,0.0630266,1.37619,125571
3,0.0586661,2,-0.159201,0.0630266,1.37919,120697
3,0.0586661,2,-0.159201,0.0630266,1.38219,133557
3,0.0586661,2,-0.159201,0.0630266,1.38519,139005
3,0.0586661,2,-0.159201,0.0630266,1.38819,126068
3,0.0586661,2,-0.159201,0.0630266,1.3912,123924
3,0.0586661,2,-0.159201,0.0630266,1.3942,132511
3,0.0586661,2,-0.159201,0.0630266,1.3972,123960
3,0.0586661,2,-0.159201,0.0630266,1.4002,127720
3,0.0586661,2,-0.159201,0.0630266,1.4032,126538
3,0.0586661,2,-0.159201,0.0630266,1.4062,124476
3,0.0586661,2,-0.159201,0.0630266,1.4092,121428
3,0.0586661,2,-0.159201,0.0630266,1.41221,120427
3,0.0586661,2,-0.159201,0.0630266,1.41521,118176
3,0.0586661,2,-0.159201,0.0630266,1.41821,115787
3,0.0586661,2,-0.159201,0.0630266,1.42121,113383
3,0.0586661,2,-0.159201,0.0630266,1.42421,110965
3,0.0586661,2,-0.159201,0.0630266,1.42721,108533
3,0.0586661,2,-0.159201,0.0630266,1.43022,106086
3,0.0586661,2,-0.159201,0.0630266,1.43322,103624
3,0.0586661,2,-0.159201,0.0630266,1.43622,101148
3,0.0586661,2,-0.159201,0.0630266,1.43922,98656.9
3,0.0586661,2,-0.159201,0.0630266,1.44222,96151.5
3,0.0586661,2,-0.159201,0.0630266,1.44522,93631.5
3,0.0586661,2,-0.159201,0.0630266,1.44822,91096.9
3,0.0586661,2,-0.159201,0.0630266,1.45123,88547.7
3,0.0586661,2,-0.159201,0.0630266,1.45423,85983.9
3,0.0586661,2,-0.159201,0.0630266,1.45723,83405.5
3,0.0586661,2,-0.159201,0.0630266,1.46023,80812.4
3,0.0586661,2,-0.159201,0.0630266,1.46323,78204.8
3,0.0586661,2,-0.159201,0.0630266,1.46623,75582.6
3,0.0586661,2,-0.159201,0.0630266,1.46923,72945.7
3,0.0586661,2,-0.159201,0.0630266,1.47224,70294.2
3,0.0586661,2,-0.159201,0.0630266,1.47524,67628.1
3,0.0586661,2,-0.159201,0.0630266,1.47824,64947.3
3,0.0586661,2,-0.159201,0.0630266,1.48124,62251.9
3,0.0586661,2,-0.159201,0.0630266,1.48424,59542
3,0.0586661,2,-0.159201,0.0630266,1.48724,56817.3
3,0.0586661,2,-0.159201,0.0630266,1.49025,54078.1
3,0.0586661,2,-0.159201,0.0630266,1.49325,51324.3
3,0.0586661,2,-0.159201,0.0630266,1.49625,48555.8
3,0.0586661,2,-0.159201,0.0630266,1.49925,45772.7
3,0.0586661,2,-0.159201,0.0630266,1.50225,42975
3,0.0586661,2,-0.159201,0.0630266,1.50525,40162.7
3,0.0586661,2,-0.159201,0.0630266,1.50825,37335.8
3,0.0586661,2,-0.159201,0.0630266,1.51126,34494.2
3,0.0586661,2,-0.159201,0.0630266,1.51426,31638.1
3,0.0586661,2,-0.159201,0.0630266,1.51726,28767.4
3,0.0586661,2,-0.159201,0.0630266,1.52026,25882.1
3,0.0586661,2,-0.159201,0.0630266,1.52326,22982.2
3,0.0586661,2,-0.159201,0.0630266,1.52626,20067.7
3,0.0586661,2,-0.159201,0.0630266,1.52926,17138.7
3,0.0586661,2,-0.159201,0.0630266,1.53227,14195.2
3,0.0586661,2,-0.159201,0.0630266,1.53527,11237
3,0.0586661,2,-0.159201,0.0630266,1.53827,8264.38
3,0.0586661,2,-0.159201,0.0630266,1.54127,5277.23
3,0.0586661,2,-0.159201,0.0630266,1.54427,2275.53
3,0.0586661,2,-0.159201,0.0630266,1.54727,-740.651
3,0.0586661,2,-0.159201,0.0630266,1.55028,-3771.38
3,0.0586661,2,-0.159201,0.0630266,1.55328,-6816.52
3,0.0586661,2,-0.159201,0.0630266,1.55628,-9876.14
3,0.0586661,2,-0.159201,0.0630266,1.55928,-12950.2
3,0.0586661,2,-0.159201,0.0630266,1.56228,-16038.8
3,0.0586661,2,-0.159201,0.0630266,1.56528,-19141.7
3,0.0586661,2,-0.159201,0.0630266,1.56828,-22259.1
3,0.0586661,2,-0.159201,0.0630266,1.57129,-25390.9
3,0.0586661,2,-0.159201,0.0630266,1.57429,-28537
3,0.0586661,2,-0.159201,0.0630266,1.57729,-31697.5
3,0.0586661,2,-0.159201,0.0630266,1.58029,-34872.3
3,0.0586661,2,-0.159201,0.0630266,1.58329,-38061.5
3,0.0586661,2,-0.159201,0.0630266,1.58629,-41264.9
3,0.0586661,2,-0.159201,0.0630266,1.58929,-44482.7
3,0.0586661,2,-0.159201,0.0630266,1.5923,-47714.7
3,0.0586661,2,-0.159201,0.0630266,1.5953,-50960.9
3,0.0586661,2,-0.159201,0.0630266,1.5983,-54221.4
3,0.0586661,2,-0.159201,0.0630266,1.6013,-57496.1
3,0.0586661,2,-0.159201,0.0630266,1.6043,-60784.9
3,0.0586661,2,-0.159201,0.0630266,1.6073,-64087.9
3,0.0586661,2,-0.159201,0.0630266,1.61031,-67405
3,0.0586661,2,-0.159201,0.0630266,1.61331,-70736.3
3,0.0586661,2,-0.159201,0.0630266,1.61631,-74081.6
3,0.0586661,2,-0.159201,0.0630266,1.61931,-77441
3,0.0586661,2,-0.159201,0.0630266,1.62231,-80814.4
3,0.0586661,2,-0.159201,0.0630266,1.62531,-84201.7
3,0.0586661,2,-0.159201,0.0630266,1.62831,-87603.1
3,0.0586661,2,-0.159201,0.0630266,1.63132,-91018.4
3,0.0586661,2,-0.159201,0.0630266,1.63432,-94447.5
3,0.0586661,2,-0.159201,0.0630266,1.63732,-97890.6
3,0.0586661,2,-0.159201,0.0630266,1.64032,-101347
3,0.0586661,2,-0.159201,0.0630266,1.64332,-104818
3,0.0586661,2,-0.159201,0.0630266,1.64632,-108303
3,0.0586661,2,-0.159201,0.0630266,1.64932,-111801
3,0.0586661,2,-0.159201,0.0630266,1.65233,-115313
3,0.0586661,2,-0.159201,0.0630266,1.65533,-118839
3,0.0586661,2,-0.159201,0.0630266,1.65833,-120965
3,0.0586661,2,-0.159201,0.0630266,1.66133,-125126
3,0.0586661,2,-0.159201,0.0630266,1.66433,-127999
3,0.0586661,2,-0.159201,0.0630266,1.66733,-119922
3,0.0586661,2,-0.159201,0.0630266,1.67034,-123841
3,0.0586661,2,-0.159201,0.0630266,1.67334,-121045
3,0.0586661,2,-0.159201,0.0630266,1.67634,-122373
3,0.0586661,2,-0.159201,0.0630266,1.67934,-123384
3,0.0586661,2,-0.159201,0.0630266,1.68234,-129883
3,0.0586661,2,-0.159201,0.0630266,1.68534,-124010
3,0.0586661,2,-0.159201,0.0630266,1.68834,-127272
3,0.0586661,2,-0.159201,0.0630266,1.69135,-127727
3,0.0586661,2,-0.159201,0.0630266,1.69435,-124309
3,0.0586661,2,-0.159201,0.0630266,1.69735,-132341
3,0.0586661,2,-0.159201,0.0630266,1.70035,-127532
3,0.0586661,2,-0.159201,0.0630266,1.70335,-122872
3,0.0586661,2,-0.159201,0.0630266,1.70635,-130522
3,0.0586661,2,-0.159201,0.0630266,1.70935,-122852
3,0.0586661,2,-0.159201,0.0630266,1.71236,-126206
3,0.0586661,2,-0.159201,0.0630266,1.71536,-129107
3,0.0586661,2,-0.159201,0.0630266,1.71836,-131988
3,0.0586661,2,-0.159201,0.0630266,1.72136,-124464
3,0.0586661,2,-0.159201,0.0630266,1.72436,-127315
3,0.0586661,2,-0.159201,0.0630266,1.72736,-123885
3,0.0586661,2,-0.159201,0.0630266,1.73037,-125930
3,0.0586661,2,-0.159201,0.0630266,1.73337,-127531
3,0.0586661,2,-0.159201,0.0630266,1.73637,-122332
3,0.0586661,2,-0.159201,0.0630266,1.73937,-122267
3,0.0586661,2,-0.159201,0.0630266,1.74237,-132356
3,0.0586661,2,-0.159201,0.0630266,1.74537,-124487
3,0.0586661,2,-0.159201,0.0630266,1.74837,-125406
3,0.0586661,2,-0.159201,0.0630266,1.75138,-138457
3,0.0586661,2,-0.159201,0.0630266,1.75438,-140835
3,0.0586661,2,-0.159201,0.0630266,1.75738,-131943
3,0.0586661,2,-0.159201,0.0630266,1.76038,-123830
3,0.0586661,2,-0.159201,0.0630266,1.76338,-136791
3,0.0586661,2,-0.159201,0.0630266,1.76638,-129427
3,0.0586661,2,-0.159201,0.0630266,1.76938,-126426
3,0.0586661,2,-0.159201,0.0630266,1.77239,-134276
3,0.0586661,2,-0.159201,0.0630266,1.77539,-133076
3,0.0586661,2,-0.159201,0.0630266,1.77839,-123180
3,0.0586661,2,-0.159201,0.0630266,1.78139,-125352
3,0.0586661,2,-0.159201,0.0630266,1.78439,-125611
3,0.0586661,2,-0.159201,0.0630266,1.78739,-125983
3,0.0586661,2,-0.159201,0.0630266,1.7904,-131325
3,0.0586661,2,-0.159201,0.0630266,1.7934,-133949
3,0.0586661,2,-0.159201,0.0630266,1.7964,-124007
3,0.0586661,2,-0.159201,0.0630266,1.7994,-137166
3,0.0586661,2,-0.159201,0.0630266,1.8024,-126746
3,0.0586661,2,-0.159201,0.0630266,1.8054,-138093
3,0.0586661,2,-0.159201,0.0630266,1.8084,-128411
3,0.0586661,2,-0.159201,0.0630266,1.81141,-132484
3,0.0586661,2,-0.159201,0.0630266,1.81441,-125735
3,0.0586661,2,-0.159201,0.0630266,1.81741,-128514
3,0.0586661,2,-0.159201,0.0630266,1.82041,-134951
3,0.0586661,2,-0.159201,0.0630266,1.82341,-131252
3,0.0586661,2,-0.159201,0.0630266,1.82641,-126644
3,0.0586661,2,-0.159201,0.0630266,1.82941,-124495
3,0.0586661,2,-0.159201,0.0630266,1.83242,-125961
3,0.0586661,2,-0.159201,0.0630266,1.83542,-128073
3,0.0586661,2,-0.159201,0.0630266,1.83842,-127746
3,0.0586661,2,-0.159201,0.0630266,1.84142,-130978
3,0.0586661,2,-0.159201,0.0630266,1.84442,-134224
3,0.0586661,2,-0.159201,0.0630266,1.84742,-131009
3,0.0586661,2,-0.159201,0.0630266,1.85043,-124866
3,0.0586661,2,-0.159201,0.0630266,1.85343,-139713
3,0.0586661,2,-0.159201,0.0630266,1.85643,-128151
3,0.0586661,2,-0.159201,0.0630266,1.85943,-130850
3,0.0586661,2,-0.159201,0.0630266,1.86243,-132839
3,0.0586661,2,-0.159201,0.0630266,1.86543,-130457
3,0.0586661,2,-0.159201,0.0630266,1.86843,-128052
3,0.0586661,2,-0.159201,0.0630266,1.87144,-135763
3,0.0586661,2,-0.159201,0.0630266,1.87444,-134565
3,0.0586661,2,-0.159201,0.0630266,1.87744,-131607
3,0.0586661,2,-0.159201,0.0630266,1.88044,-131905
3,0.0586661,2,-0.159201,0.0630266,1.88344,-127572
3,0.0586661,2,-0.159201,0.0630266,1.88644,-133106
3,0.0586661,2,-0.159201,0.0630266,1.88944,-126445
3,0.0586661,2,-0.159201,0.0630266,1.89245,-131351
3,0.0586661,2,-0.159201,0.0630266,1.89545,-134990
3,0.0586661,2,-0.159201,0.0630266,1.89845,-127486
3,0.0586661,2,-0.159201,0.0630266,1.90145,-138496
3,0.0586661,2,-0.159201,0.0630266,1.90445,-129328
3,0.0586661,2,-0.159201,0.0630266,1.90745,-134802
3,0.0586661,2,-0.159201,0.0630266,1.91046,-130271
3,0.0586661,2,-0.159201,0.0630266,1.91346,-130123
3,0.0586661,2,-0.159201,0.0630266,1.91646,-130097
3,0.0586661,2,-0.159201,0.0630266,1.91946,-142435
3,0.0586661,2,-0.159201,0.0630266,1.92246,-128052
3,0.0586661,2,-0.159201,0.0630266,1.92546,-136205
3,0.0586661,2,-0.159201,0.0630266,1.92846,-138057
3,0.0586661,2,-0.159201,0.0630266,1.93147,-126722
3,0.0586661,2,-0.159201,0.0630266,1.93447,-142734
3,0.0586661,2,-0.159201,0.0630266,1.93747,-131460
3,0.0586661,2,-0.159201,0.0630266,1.94047,-127876
3,0.0586661,2,-0.159201,0.0630266,1.94347,-130984
3,0.0586661,2,-0.159201,0.0630266,1.94647,-133585
3,0.0586661,2,-0.159201,0.0630266,1.94947,-139246
3,0.0586661,2,-0.159201,0.0630266,1.95248,-135531
3,0.0586661,2,-0.159201,0.0630266,1.95548,-132471
3,0.0586661,2,-0.159201,0.0630266,1.95848,-131379
3,0.0586661,2,-0.159201,0.0630266,1.96148,-141238
3,0.0586661,2,-0.159201,0.0630266,1.96448,-131074
3,0.0586661,2,-0.159201,0.0630266,1.96748,-129945
3,0.0586661,2,-0.159201,0.0630266,1.97049,-127695
3,0.0586661,2,-0.159201,0.0630266,1.97349,-129637
3,0.0586661,2,-0.159201,0.0630266,1.97649,-128126
3,0.0586661,2,-0.159201,0.0630266,1.97949,-133351
3,0.0586661,2,-0.159201,0.0630266,1.98249,-136217
3,0.0586661,2,-0.159201,0.0630266,1.98549,-136189
3,0.0586661,2,-0.159201,0.0630266,1.98849,-128728
3,0.0586661,2,-0.159201,0.0630266,1.9915,-127744
3,0.0586661,2,-0.159201,0.0630266,1.9945,-139598
3,0.0586661,2,-0.159201,0.0630266,1.9975,-144537
3,0.0586661,2,-0.159201,0.0630266,2.0005,-132499
3,0.0586661,2,-0.159201,0.0630266,2.0035,-129968
3,0.0586661,2,-0.159201,0.0630266,2.0065,-147371
3,0.0586661,2,-0.159201,0.0630266,2.0095,-139236
3,0.0586661,2,-0.159201,0.0630266,2.01251,-130361
3,0.0586661,2,-0.159201,0.0630266,2.01551,-144667
3,0.0586661,2,-0.159201,0.0630266,2.01851,-128706
3,0.0586661,2,-0.159201,0.0630266,2.02151,-132105
3,0.0586661,2,-0.159201,0.0630266,2.02451,-133909
3,0.0586661,2,-0.159201,0.0630266,2.02751,-136801
3,0.0586661,2,-0.159201,0.0630266,2.03052,-130684
3,0.0586661,2,-0.159201,0.0630266,2.03352,-149516
3,0.0586661,2,-0.159201,0.0630266,2.03652,-144563
3,0.0586661,2,-0.159201,0.0630266,2.03952,-134227
3,0.0586661,2,-0.159201,0.0630266,2.04252,-130726
3,0.0586661,2,-0.159201,0.0630266,2.04552,-130169
3,0.0586661,2,-0.159201,0.0630266,2.04852,-141842
3,0.0586661,2,-0.159201,0.0630266,2.05153,-133975
3,0.0586661,2,-0.159201,0.0630266,2.05453,-133389
3,0.0586661,2,-0.159201,0.0630266,2.05753,-140408
3,0.0586661,2,-0.159201,0.0630266,2.06053,-140852
3,0.0586661,2,-0.159201,0.0630266,2.06353,-136811
3,0.0586661,2,-0.159201,0.0630266,2.06653,-132686
3,0.0586661,2,-0.159201,0.0630266,2.06953,-130445
3,0.0586661,2,-0.159201,0.0630266,2.07254,-133624
3,0.0586661,2,-0.159201,0.0630266,2.07554,-129369
3,0.0586661,2,-0.159201,0.0630266,2.07854,-133026
3,0.0586661,2,-0.159201,0.0630266,2.08154,-144987
3,0.0586661,2,-0.159201,0.0630266,2.08454,-132895
3,0.0586661,2,-0.159201,0.0630266,2.08754,-133620
3,0.0586661,2,-0.159201,0.0630266,2.09055,-133711
3,0.0586661,2,-0.159201,0.0630266,2.09355,-140193
3,0.0586661,2,-0.159201,0.0630266,2.09655,-134037
3,0.0586661,2,-0.159201,0.0630266,2.09955,-130265
3,0.0586661,2,-0.159201,0.0630266,2.10255,-134742
3,0.0586661,2,-0.159201,0.0630266,2.10555,-133410
3,0.0586661,2,-0.159201,0.0630266,2.10855,-139666
3,0.0586661,2,-0.159201,0.0630266,2.11156,-136477
3,0.0586661,2,-0.159201,0.0630266,2.11456,-138928
3,0.0586661,2,-0.159201,0.0630266,2.11756,-131633
3,0.0586661,2,-0.159201,0.0630266,2.12056,-143993
3,0.0586661,2,-0.159201,0.0630266,2.12356,-133785
3,0.0586661,2,-0.159201,0.0630266,2.12656,-140489
3,0.0586661,2,-0.159201,0.0630266,2.12956,-129820
3,0.0586661,2,-0.159201,0.0630266,2.13257,-135466
3,0.0586661,2,-0.159201,0.0630266,2.13557,-136276
3,0.0586661,2,-0.159201,0.0630266,2.13857,-131799
3,0.0586661,2,-0.159201,0.0630266,2.14157,-136639
3,0.0586661,2,-0.159201,0.0630266,2.14457,-145350
3,0.0586661,2,-0.159201,0.0630266,2.14757,-130273
3,0.0586661,2,-0.159201,0.0630266,2.15058,-143793
3,0.0586661,2,-0.159201,0.0630266,2.15358,-137447
3,0.0586661,2,-0.159201,0.0630266,2.15658,-134771
3,0.0586661,2,-0.159201,0.0630266,2.15958,-131967
3,0.0586661,2,-0.159201,0.0630266,2.16258,-132664
3,0.0586661,2,-0.159201,0.0630266,2.16558,-132457
3,0.0586661,2,-0.159201,0.0630266,2.16858,-130891
3,0.0586661,2,-0.159201,0.0630266,2.17159,-136285
3,0.0586661,2,-0.159201,0.0630266,2.17459,-133658
3,0.0586661,2,-0.159201,0.0630266,2.17759,-134490
3,0.0586661,2,-0.159201,0.0630266,2.18059,-131369
3,0.0586661,2,-0.159201,0.0630266,2.18359,-143815
3,0.0586661,2,-0.159201,0.0630266,2.18659,-144808
3,0.0586661,2,-0.159201,0.0630266,2.18959,-136941
3,0.0586661,2,-0.159201,0.0630266,2.1926,-140558
3,0.0586661,2,-0.159201,0.0630266,2.1956,-130203
3,0.0586661,2,-0.159201,0.0630266,2.1986,-143852
3,0.0586661,2,-0.159201,0.0630266,2.2016,-133449
3,0.0586661,2,-0.159201,0.0630266,2.2046,-135928
3,0.0586661,2,-0.159201,0.0630266,2.2076,-148691
3,0.0586661,2,-0.159201,0.0630266,2.21061,-137434
3,0.0586661,2,-0.159201,0.0630266,2.21361,-130206
3,0.0586661,2,-0.159201,0.0630266,2.21661,-152745
3,0.0586661,2,-0.159201,0.0630266,2.21961,-144674
3,0.0586661,2,-0.159201,0.0630266,2.22261,-141018
3,0.0586661,2,-0.159201,0.0630266,2.22561,-138639
3,0.0586661,2,-0.159201,0.0630266,2.22861,-151314
3,0.0586661,2,-0.159201,0.0630266,2.23162,-142505
3,0.0586661,2,-0.159201,0.0630266,2.23462,-136163
3,0.0586661,2,-0.159201,0.0630266,2.23762,-139496
3,0.0586661,2,-0.159201,0.0630266,2.24062,-135913
3,0.0586661,2,-0.159201,0.0630266,2.24362,-145104
3,0.0586661,2,-0.159201,0.0630266,2.24662,-146979
3,0.0586661,2,-0.159201,0.0630266,2.24962,-146650
3,0.0586661,2,-0.159201,0.0630266,2.25263,-149458
3,0.0586661,2,-0.159201,0.0630266,2.25563,-130467
3,0.0586661,2,-0.159201,0.0630266,2.25863,-135695
3,0.0586661,2,-0.159201,0.0630266,2.26163,-150231
3,0.0586661,2,-0.159201,0.0630266,2.26463,-143855
3,0.0586661,2,-0.159201,0.0630266,2.26763,-133263
3,0.0586661,2,-0.159201,0.0630266,2.27064,-135270
3,0.0586661,2,-0.159201,0.0630266,2.27364,-145271
3,0.0586661,2,-0.159201,0.0630266,2.27664,-143064
3,0.0586661,2,-0.159201,0.0630266,2.27964,-137689
3,0.0586661,2,-0.159201,0.0630266,2.28264,-142025
3,0.0586661,2,-0.159201,0.0630266,2.28564,-140035
3,0.0586661,2,-0.159201,0.0630266,2.28864,-152189
3,0.0586661,2,-0.159201,0.0630266,2.29165,-142358
3,0.0586661,2,-0.159201,0.0630266,2.29465,-135825
3,0.0586661,2,-0.159201,0.0630266,2.29765,-142287
3,0.0586661,2,-0.159201,0.0630266,2.30065,-144063
3,0.0586661,2,-0.159201,0.0630266,2.30365,-136396
3,0.0586661,2,-0.159201,0.0630266,2.30665,-138847
3,0.0586661,2,-0.159201,0.0630266,2.30965,-139919
3,0.0586661,2,-0.159201,0.0630266,2.31266,-144490
3,0.0586661,2,-0.159201,0.0630266,2.31566,-147509
3,0.0586661,2,-0.159201,0.0630266,2.31866,-146128
3,0.0586661,2,-0.159201,0.0630266,2.32166,-147572
3,0.0586661,2,-0.159201,0.0630266,2.32466,-139564
3,0.0586661,2,-0.159201,0.0630266,2.32766,-134732
3,0.0586661,2,-0.159201,0.0630266,2.33067,-136683
3,0.0586661,2,-0.159201,0.0630266,2.33367,-138344
3,0.0586661,2,-0.159201,0.0630266,2.33667,-135484
3,0.0586661,2,-0.159201,0.0630266,2.33967,-139012
3,0.0586661,2,-0.159201,0.0630266,2.34267,-138177
3,0.0586661,2,-0.159201,0.0630266,2.34567,-130789
3,0.0586661,2,-0.159201,0.0630266,2.34867,-140781
3,0.0586661,2,-0.159201,0.0630266,2.35168,-131484
3,0.0586661,2,-0.159201,0.0630266,2.35468,-138049
3,0.0586661,2,-0.159201,0.0630266,2.35768,-148315
3,0.0586661,2,-0.159201,0.0630266,2.36068,-138707
3,0.0586661,2,-0.159201,0.0630266,2.36368,-139510
3,0.0586661,2,-0.159201,0.0630266,2.36668,-144035
3,0.0586661,2,-0.159201,0.0630266,2.36968,-140745
3,0.0586661,2,-0.159201,0.0630266,2.37269,-137767
3,0.0586661,2,-0.159201,0.0630266,2.37569,-134595
3,0.0586661,2,-0.159201,0.0630266,2.37869,-140750
3,0.0586661,2,-0.159201,0.0630266,2.38169,-139697
3,0.0586661,2,-0.159201,0.0630266,2.38469,-147306
3,0.0586661,2,-0.159201,0.0630266,2.38769,-135623
3,0.0586661,2,-0.159201,0.0630266,2.3907,-131837
3,0.0586661,2,-0.159201,0.0630266,2.3937,-135757
3,0.0586661,2,-0.159201,0.0630266,2.3967,-145737
3,0.0586661,2,-0.159201,0.0630266,2.3997,-141828
3,0.0586661,2,-0.159201,0.0630266,2.4027,-141651
3,0.0586661,2,-0.159201,0.0630266,2.4057,-141366
3,0.0586661,2,-0.159201,0.0630266,2.4087,-141625
3,0.0586661,2,-0.159201,0.0630266,2.41171,-132340
3,0.0586661,2,-0.159201,0.0630266,2.41471,-146174
3,0.0586661,2,-0.159201,0.0630266,2.41771,-133365
3,0.0586661,2,-0.159201,0.0630266,2.42071,-137714
3,0.0586661,2,-0.159201,0.0630266,2.42371,-140056
3,0.0586661,2,-0.159201,0.0630266,2.42671,-143710
3,0.0586661,2,-0.159201,0.0630266,2.42971,-138276
3,0.0586661,2,-0.159201,0.0630266,2.43272,-139000
3,0.0586661,2,-0.159201,0.0630266,2.43572,-131301
3,0.0586661,2,-0.159201,0.0630266,2.43872,-135580
3,0.0586661,2,-0.159201,0.0630266,2.44172,-148636
3,0.0586661,2,-0.159201,0.0630266,2.44472,-133457
3,0.0586661,2,-0.159201,0.0630266,2.44772,-135685
3,0.0586661,2,-0.159201,0.0630266,2.45073,-139755
3,0.0586661,2,-0.159201,0.0630266,2.45373,-134454
3,0.0586661,2,-0.159201,0.0630266,2.45673,-133389
3,0.0586661,2,-0.159201,0.0630266,2.45973,-136334
3,0.0586661,2,-0.159201,0.0630266,2.46273,-140614
3,0.0586661,2,-0.159201,0.0630266,2.46573,-141251
3,0.0586661,2,-0.159201,0.0630266,2.46873,-146872
3,0.0586661,2,-0.159201,0.0630266,2.47174,-133903
3,0.0586661,2,-0.159201,0.0630266,2.47474,-140291
3,0.0586661,2,-0.159201,0.0630266,2.47774,-134728
3,0.0586661,2,-0.159201,0.0630266,2.48074,-135174
3,0.0586661,2,-0.159201,0.0630266,2.48374,-151241
3,0.0586661,2,-0.159201,0.0630266,2.48674,-136599
3,0.0586661,2,-0.159201,0.0630266,2.48974,-133749
3,0.0586661,2,-0.159201,0.0630266,2.49275,-138324
3,0.0586661,2,-0.159201,0.0630266,2.49575,-135799
3,0.0586661,2,-0.159201,0.0630266,2.49875,-145769
3,0.0586661,2,-0.159201,0.0630266,2.50175,-135052
3,0.0586661,2,-0.159201,0.0630266,2.50475,-131350
3,0.0586661,2,-0.159201,0.0630266,2.50775,-147399
3,0.0586661,2,-0.159201,0.0630266,2.51076,-135337
3,0.0586661,2,-0.159201,0.0630266,2.51376,-134222
3,0.0586661,2,-0.159201,0.0630266,2.51676,-142988
3,0.0586661,2,-0.159201,0.0630266,2.51976,-131331
3,0.0586661,2,-0.159201,0.0630266,2.52276,-136173
3,0.0586661,2,-0.159201,0.0630266,2.52576,-136883
3,0.0586661,2,-0.159201,0.0630266,2.52876,-138106
3,0.0586661,2,-0.159201,0.0630266,2.53177,-131568
3,0.0586661,2,-0.159201,0.0630266,2.53477,-134785
3,0.0586661,2,-0.159201,0.0630266,2.53777,-139032
3,0.0586661,2,-0.159201,0.0630266,2.54077,-132512
3,0.0586661,2,-0.159201,0.0630266,2.54377,-138223
3,0.0586661,2,-0.159201,0.0630266,2.54677,-143605
3,0.0586661,2,-0.159201,0.0630266,2.54977,-138453
3,0.0586661,2,-0.159201,0.0630266,2.55278,-131104
3,0.0586661,2,-0.159201,0.0630266,2.55578,-143414
3,0.0586661,2,-0.159201,0.0630266,2.55878,-137658
3,0.0586661,2,-0.159201,0.0630266,2.56178,-135153
3,0.0586661,2,-0.159201,0.0630266,2.56478,-136693
3,0.0586661,2,-0.159201,0.0630266,2.56778,-140482
3,0.0586661,2,-0.159201,0.0630266,2.57079,-132403
3,0.0586661,2,-0.159201,0.0630266,2.57379,-150318
3,0.0586661,2,-0.159201,0.0630266,2.57679,-147793
3,0.0586661,2,-0.159201,0.0630266,2.57979,-136858
3,0.0586661,2,-0.159201,0.0630266,2.58279,-134457
3,0.0586661,2,-0.159201,0.0630266,2.58579,-136022
3,0.0586661,2,-0.159201,0.0630266,2.58879,-137521
3,0.0586661,2,-0.159201,0.0630266,2.5918,-135619
3,0.0586661,2,-0.159201,0.0630266,2.5948,-137303
3,0.0586661,2,-0.159201,0.0630266,2.5978,-133837
3,0.0586661,2,-0.159201,0.0630266,2.6008,-136269
3,0.0586661,2,-0.159201,0.0630266,2.6038,-133719
3,0.0586661,2,-0.159201,0.0630266,2.6068,-133967
3,0.0586661,2,-0.159201,0.0630266,2.6098,-141790
3,0.0586661,2,-0.159201,0.0630266,2.61281,-147475
3,0.0586661,2,-0.159201,0.0630266,2.61581,-131804
3,0.0586661,2,-0.159201,0.0630266,2.61881,-147167
3,0.0586661,2,-0.159201,0.0630266,2.62181,-134406
3,0.0586661,2,-0.159201,0.0630266,2.62481,-147094
3,0.0586661,2,-0.159201,0.0630266,2.62781,-136674
3,0.0586661,2,-0.159201,0.0630266,2.63082,-136408
3,0.0586661,2,-0.159201,0.0630266,2.63382,-140256
3,0.0586661,2,-0.159201,0.0630266,2.63682,-148520
3,0.0586661,2,-0.159201,0.0630266,2.63982,-139270
3,0.0586661,2,-0.159201,0.0630266,2.64282,-140227
3,0.0586661,2,-0.159201,0.0630266,2.64582,-134598
3,0.0586661,2,-0.159201,0.0630266,2.64882,-136945
3,0.0586661,2,-0.159201,0.0630266,2.65183,-141306
3,0.0586661,2,-0.159201,0.0630266,2.65483,-133877
3,0.0586661,2,-0.159201,0.0630266,2.65783,-132245
3,0.0586661,2,-0.159201,0.0630266,2.66083,-133445
3,0.0586661,2,-0.159201,0.0630266,2.66383,-136707
3,0.0586661,2,-0.159201,0.0630266,2.66683,-142148
3,0.0586661,2,-0.159201,0.0630266,2.66983,-137844
3,0.0586661,2,-0.159201,0.0630266,2.67284,-141047
3,0.0586661,2,-0.159201,0.0630266,2.67584,-143195
3,0.0586661,2,-0.159201,0.0630266,2.67884,-139786
3,0.0586661,2,-0.159201,0.0630266,2.68184,-149364
3,0.0586661,2,-0.159201,0.0630266,2.68484,-141271
3,0.0586661,2,-0.159201,0.0630266,2.68784,-132337
3,0.0586661,2,-0.159201,0.0630266,2.69085,-130587
3,0.0586661,2,-0.159201,0.0630266,2.69385,-143636
3,0.0586661,2,-0.159201,0.0630266,2.69685,-139334
3,0.0586661,2,-0.159201,0.0630266,2.69985,-145054
3,0.0586661,2,-0.159201,0.0630266,2.70285,-132977
3,0.0586661,2,-0.159201,0.0630266,2.70585,-133985
3,0.0586661,2,-0.159201,0.0630266,2.70885,-132695
3,0.0586661,2,-0.159201,0.0630266,2.71186,-141447
3,0.0586661,2,-0.159201,0.0630266,2.71486,-134873
3,0.0586661,2,-0.159201,0.0630266,2.71786,-134430
3,0.0586661,2,-0.159201,0.0630266,2.72086,-132846
3,0.0586661,2,-0.159201,0.0630266,2.72386,-137103
3,0.0586661,2,-0.159201,0.0630266,2.72686,-138820
3,0.0586661,2,-0.159201,0.0630266,2.72986,-135709
3,0.0586661,2,-0.159201,0.0630266,2.73287,-145507
3,0.0586661,2,-0.159201,0.0630266,2.73587,-130871
3,0.0586661,2,-0.159201,0.0630266,2.73887,-133186
3,0.0586661,2,-0.159201,0.0630266,2.74187,-134647
3,0.0586661,2,-0.159201,0.0630266,2.74487,-134464
3,0.0586661,2,-0.159201,0.0630266,2.74787,-140677
3,0.0586661,2,-0.159201,0.0630266,2.75088,-145456
3,0.0586661,2,-0.159201,0.0630266,2.75388,-135727
3,0.0586661,2,-0.159201,0.0630266,2.75688,-129112
3,0.0586661,2,-0.159201,0.0630266,2.75988,-143842
3,0.0586661,2,-0.159201,0.0630266,2.76288,-136677
3,0.0586661,2,-0.159201,0.0630266,2.76588,-129962
3,0.0586661,2,-0.159201,0.0630266,2.76888,-136091
3,0.0586661,2,-0.159201,0.0630266,2.77189,-142429
3,0.0586661,2,-0.159201,0.0630266,2.77489,-135895
3,0.0586661,2,-0.159201,0.0630266,2.77789,-145735
3,0.0586661,2,-0.159201,0.0630266,2.78089,-145106
3,0.0586661,2,-0.159201,0.0630266,2.78389,-140248
3,0.0586661,2,-0.159201,0.0630266,2.78689,-132857
3,0.0586661,2,-0.159201,0.0630266,2.78989,-129760
3,0.0586661,2,-0.159201,0.0630266,2.7929,-134909
3,0.0586661,2,-0.159201,0.0630266,2.7959,-148821
3,0.0586661,2,-0.159201,0.0630266,2.7989,-141106
3,0.0586661,2,-0.159201,0.0630266,2.8019,-128679
3,0.0586661,2,-0.159201,0.0630266,2.8049,-132988
3,0.0586661,2,-0.159201,0.0630266,2.8079,-134519
3,0.0586661,2,-0.159201,0.0630266,2.81091,-131769
3,0.0586661,2,-0.159201,0.0630266,2.81391,-133692
3,0.0586661,2,-0.159201,0.0630266,2.81691,-138738
3,0.0586661,2,-0.159201,0.0630266,2.81991,-140518
3,0.0586661,2,-0.159201,0.0630266,2.82291,-142567
3,0.0586661,2,-0.159201,0.0630266,2.82591,-135436
3,0.0586661,2,-0.159201,0.0630266,2.82891,-133042
3,0.0586661,2,-0.159201,0.0630266,2.83192,-131841
3,0.0586661,2,-0.159201,0.0630266,2.83492,-140310
3,0.0586661,2,-0.159201,0.0630266,2.83792,-143821
3,0.0586661,2,-0.159201,0.0630266,2.84092,-142185
3,0.0586661,2,-0.159201,0.0630266,2.84392,-132665
3,0.0586661,2,-0.159201,0.0630266,2.84692,-131423
3,0.0586661,2,-0.159201,0.0630266,2.84992,-140509
3,0.0586661,2,-0.159201,0.0630266,2.85293,-134963
3,0.0586661,2,-0.159201,0.0630266,2.85593,-137453
3,0.0586661,2,-0.159201,0.0630266,2.85893,-130012
3,0.0586661,2,-0.159201,0.0630266,2.86193,-135592
3,0.0586661,2,-0.159201,0.0630266,2.86493,-130614
3,0.0586661,2,-0.159201,0.0630266,2.86793,-143887
3,0.0586661,2,-0.159201,0.0630266,2.87094,-127493
3,0.0586661,2,-0.159201,0.0630266,2.87394,-128369
3,0.0586661,2,-0.159201,0.0630266,2.87694,-127128
3,0.0586661,2,-0.159201,0.0630266,2.87994,-135459
3,0.0586661,2,-0.159201,0.0630266,2.88294,-137892
3,0.0586661,2,-0.159201,0.0630266,2.88594,-125411
3,0.0586661,2,-0.159201,0.0630266,2.88894,-132487
3,0.0586661,2,-0.159201,0.0630266,2.89195,-135709
3,0.0586661,2,-0.159201,0.0630266,2.89495,-135868
3,0.0586661,2,-0.159201,0.0630266,2.89795,-134438
3,0.0586661,2,-0.159201,0.0630266,2.90095,-125465
3,0.0586661,2,-0.159201,0.0630266,2.90395,-135573
3,0.0586661,2,-0.159201,0.0630266,2.90695,-138038
3,0.0586661,2,-0.159201,0.0630266,2.90995,-124803
3,0.0586661,2,-0.159201,0.0630266,2.91296,-127581
3,0.0586661,2,-0.159201,0.0630266,2.91596,-128483
3,0.0586661,2,-0.159201,0.0630266,2.91896,-134282
3,0.0586661,2,-0.159201,0.0630266,2.92196,-134528
3,0.0586661,2,-0.159201,0.0630266,2.92496,-133035
3,0.0586661,2,-0.159201,0.0630266,2.92796,-126465
3,0.0586661,2,-0.159201,0.0630266,2.93097,-124608
3,0.0586661,2,-0.159201,0.0630266,2.93397,-124020
3,0.0586661,2,-0.159201,0.0630266,2.93697,-127220
3,0.0586661,2,-0.159201,0.0630266,2.93997,-121594
3,0.0586661,2,-0.159201,0.0630266,2.94297,-125930
3,0.0586661,2,-0.159201,0.0630266,2.94597,-125757
3,0.0586661,2,-0.159201,0.0630266,2.94897,-131882
3,0.0586661,2,-0.159201,0.0630266,2.95198,-121199
3,0.0586661,2,-0.159201,0.0630266,2.95498,-127536
3,0.0586661,2,-0.159201,0.0630266,2.95798,-130696
3,0.0586661,2,-0.159201,0.0630266,2.96098,-123452
3,0.0586661,2,-0.159201,0.0630266,2.96398,-127167
3,0.0586661,2,-0.159201,0.0630266,2.96698,-129408
3,0.0586661,2,-0.159201,0.0630266,2.96998,-127740
3,0.0586661,2,-0.159201,0.0630266,2.97299,-130585
3,0.0586661,2,-0.159201,0.0630266,2.97599,-123317
3,0.0586661,2,-0.159201,0.0630266,2.97899,-121656
3,0.0586661,2,-0.159201,0.0630266,2.98199,-117691
3,0.0586661,2,-0.159201,0.0630266,2.98499,-99661.6
3,0.0586661,2,-0.159201,0.0630266,2.98799,-80181.3
3,0.0586661,2,-0.159201,0.0630266,2.991,-60476.4
3,0.0586661,2,-0.159201,0.0630266,2.994,-40545.5
3,0.0586661,2,-0.159201,0.0630266,2.997,-20386.9
3,0.0586661,2,-0.159201,0.0630266,3,1

2.8,0.0900086,2,-0.20778,0.0911436,-3,-44671.7
2.8,0.0900086,2,-0.20778,0.0911436,-2.997,-46722.7
2.8,0.0900086,2,-0.20778,0.0911436,-2.994,-48779.3
2.8,0.0900086,2,-0.20778,0.0911436,-2.991,-50841.4
2.8,0.0900086,2,-0.20778,0.0911436,-2.98799,-52909
2.8,0.0900086,2,-0.20778,0.0911436,-2.98499,-54981.9
2.8,0.0900086,2,-0.20778,0.0911436,-2.98199,-57060.4
2.8,0.0900086,2,-0.20778,0.0911436,-2.97899,-59144.2
2.8,0.0900086,2,-0.20778,0.0911436,-2.97599,-61233.7
2.8,0.0900086,2,-0.20778,0.0911436,-2.97299,-63328.5
2.8,0.0900086,2,-0.20778,0.0911436,-2.96998,-65428.6
2.8,0.0900086,2,-0.20778,0.0911436,-2.96698,-67534.2
2.8,0.0900086,2,-0.20778,0.0911436,-2.96398,-69645.2
2.8,0.0900086,2,-0.20778,0.0911436,-2.96098,-71761.6
2.8,0.0900086,2,-0.20778,0.0911436,-2.95798,-73883.2
2.8,0.0900086,2,-0.20778,0.0911436,-2.95498,-76010.2
2.8,0.0900086,2,-0.20778,0.0911436,-2.95198,-78142.3
2.8,0.0900086,2,-0.20778,0.0911436,-2.94897,-80280.1
2.8,0.0900086,2,-0.20778,0.0911436,-2.94597,-82422.9
2.8,0.0900086,2,-0.20778,0.0911436,-2.94297,-84571
2.8,0.0900086,2,-0.20778,0.0911436,-2.93997,-86468.4
2.8,0.0900086,2,-0.20778,0.0911436,-2.93697,-86692.5
2.8,0.0900086,2,-0.20778,0.0911436,-2.93397,-85938.4
2.8,0.0900086,2,-0.20778,0.0911436,-2.93097,-91201.3
2.8,0.0900086,2,-0.20778,0.0911436,-2.92796,-92672.3
2.8,0.0900086,2,-0.20778,0.0911436,-2.92496,-86190.4
2.8,0.0900086,2,-0.20778,0.0911436,-2.92196,-97463.6
2.8,0.0900086,2,-0.20778,0.0911436,-2.91896,-93360.5
2.8,0.0900086,2,-0.20778,0.0911436,-2.91596,-102046
2.8,0.0900086,2,-0.20778,0.0911436,-2.91296,-100515
2.8,0.0900086,2,-0.20778,0.0911436,-2.90995,-99368.6
2.8,0.0900086,2,-0.20778,0.0911436,-2.90695,-99843.4
2.8,0.0900086,2,-0.20778,0.0911436,-2.90395,-104367
2.8,0.0900086,2,-0.20778,0.0911436,-2.90095,-93571.7
2.8,0.0900086,2,-0.20778,0.0911436,-2.89795,-88745.8
2.8,0.0900086,2,-0.20778,0.0911436,-2.89495,-87931.9
2.8,0.0900086,2,-0.20778,0.0911436,-2.89195,-93179.2
2.8,0.0900086,2,-0.20778,0.0911436,-2.88894,-99771.3
2.8,0.0900086,2,-0.20778,0.0911436,-2.88594,-90896.7
2.8,0.0900086,2,-0.20778,0.0911436,-2.88294,-94195.6
2.8,0.0900086,2,-0.20778,0.0911436,-2.87994,-96576.1
2.8,0.0900086,2,-0.20778,0.0911436,-2.87694,-96158.8
2.8,0.0900086,2,-0.20778,0.0911436,-2.87394,-96647
2.8,0.0900086,2,-0.20778,0.0911436,-2.87094,-103258
2.8,0.0900086,2,-0.20778,0.0911436,-2.86793,-102749
2.8,0.0900086,2,-0.20778,0.0911436,-2.86493,-106759
2.8,0.0900086,2,-0.20778,0.0911436,-2.86193,-91266.3
2.8,0.0900086,2,-0.20778,0.0911436,-2.85893,-112228
2.8,0.0900086,2,-0.20778,0.0911436,-2.85593,-102098
2.8,0.0900086,2,-0.20778,0.0911436,-2.85293,-93471.5
2.8,0.0900086,2,-0.20778,0.0911436,-2.84992,-92165.7
2.8,0.0900086,2,-0.20778,0.0911436,-2.84692,-90152.2
2.8,0.0900086,2,-0.20778,0.0911436,-2.84392,-108730
2.8,0.0900086,2,-0.20778,0.0911436,-2.84092,-89295
2.8,0.0900086,2,-0.20778,0.0911436,-2.83792,-89317.2
2.8,0.0900086,2,-0.20778,0.0911436,-2.83492,-97956.2
2.8,0.0900086,2,-0.20778,0.0911436,-2.83192,-109544
2.8,0.0900086,2,-0.20778,0.0911436,-2.82891,-93032.6
2.8,0.0900086,2,-0.20778,0.0911436,-2.82591,-95743.1
2.8,0.0900086,2,-0.20778,0.0911436,-2.82291,-94124.6
2.8,0.0900086,2,-0.20778,0.0911436,-2.81991,-94117.1
2.8,0.0900086,2,-0.20778,0.0911436,-2.81691,-100327
2.8,0.0900086,2,-0.20778,0.0911436,-2.81391,-108410
2.8,0.0900086,2,-0.20778,0.0911436,-2.81091,-106501
2.8,0.0900086,2,-0.20778,0.0911436,-2.8079,-105964
2.8,0.0900086,2,-0.20778,0.0911436,-2.8049,-90634.5
2.8,0.0900086,2,-0.20778,0.0911436,-2.8019,-92105.6
2.8,0.0900086,2,-0.20778,0.0911436,-2.7989,-104637
2.8,0.0900086,2,-0.20778,0.0911436,-2.7959,-103314
2.8,0.0900086,2,-0.20778,0.0911436,-2.7929,-109628
2.8,0.0900086,2,-0.20778,0.0911436,-2.78989,-92271.1
2.8,0.0900086,2,-0.20778,0.0911436,-2.78689,-98606.5
2.8,0.0900086,2,-0.20778,0.0911436,-2.78389,-110504
2.8,0.0900086,2,-0.20778,0.0911436,-2.78089,-111644
2.8,0.0900086,2,-0.20778,0.0911436,-2.77789,-114712
2.8,0.0900086,2,-0.20778,0.0911436,-2.77489,-90037.4
2.8,0.0900086,2,-0.20778,0.0911436,-2.77189,-98074.9
2.8,0.0900086,2,-0.20778,0.0911436,-2.76888,-109038
2.8,0.0900086,2,-0.20778,0.0911436,-2.76588,-92568.8
2.8,0.0900086,2,-0.20778,0.0911436,-2.76288,-94689.1
2.8,0.0900086,2,-0.20778,0.0911436,-2.75988,-98817.2
2.8,0.0900086,2,-0.20778,0.0911436,-2.75688,-108548
2.8,0.0900086,2,-0.20778,0.0911436,-2.75388,-105454
2.8,0.0900086,2,-0.20778,0.0911436,-2.75088,-98991.7
2.8,0.0900086,2,-0.20778,0.0911436,-2.74787,-99708.3
2.8,0.0900086,2,-0.20778,0.0911436,-2.74487,-95503.5
2.8,0.0900086,2,-0.20778,0.0911436,-2.74187,-101198
2.8,0.0900086,2,-0.20778,0.0911436,-2.73887,-104326
2.8,0.0900086,2,-0.20778,0.0911436,-2.73587,-99947.5
2.8,0.0900086,2,-0.20778,0.0911436,-2.73287,-103857
2.8,0.0900086,2,-0.20778,0.0911436,-2.72986,-102635
2.8,0.0900086,2,-0.20778,0.0911436,-2.72686,-93969
2.8,0.0900086,2,-0.20778,0.0911436,-2.72386,-98271.9
2.8,0.0900086,2,-0.20778,0.0911436,-2.72086,-95500.5
2.8,0.0900086,2,-0.20778,0.0911436,-2.71786,-103664
2.8,0.0900086,2,-0.20778,0.0911436,-2.71486,-112183
2.8,0.0900086,2,-0.20778,0.0911436,-2.71186,-90828.8
2.8,0.0900086,2,-0.20778,0.0911436,-2.70885,-110125
2.8,0.0900086,2,-0.20778,0.0911436,-2.70585,-109604
2.8,0.0900086,2,-0.20778,0.0911436,-2.70285,-115432
2.8,0.0900086,2,-0.20778,0.0911436,-2.69985,-100402
2.8,0.0900086,2,-0.20778,0.0911436,-2.69685,-115365
2.8,0.0900086,2,-0.20778,0.0911436,-2.69385,-115477
2.8,0.0900086,2,-0.20778,0.0911436,-2.69085,-93198.9
2.8,0.0900086,2,-0.20778,0.0911436,-2.68784,-91591.5
2.8,0.0900086,2,-0.20778,0.0911436,-2.68484,-105147
2.8,0.0900086,2,-0.20778,0.0911436,-2.68184,-117449
2.8,0.0900086,2,-0.20778,0.0911436,-2.67884,-104903
2.8,0.0900086,2,-0.20778,0.0911436,-2.67584,-109316
2.8,0.0900086,2,-0.20778,0.0911436,-2.67284,-95870
2.8,0.0900086,2,-0.20778,0.0911436,-2.66983,-97268.3
2.8,0.0900086,2,-0.20778,0.0911436,-2.66683,-94969.5
2.8,0.0900086,2,-0.20778,0.0911436,-2.66383,-107526
2.8,0.0900086,2,-0.20778,0.0911436,-2.66083,-110754
2.8,0.0900086,2,-0.20778,0.0911436,-2.65783,-96668.6
2.8,0.0900086,2,-0.20778,0.0911436,-2.65483,-100366
2.8,0.0900086,2,-0.20778,0.0911436,-2.65183,-106655
2.8,0.0900086,2,-0.20778,0.0911436,-2.64882,-100874
2.8,0.0900086,2,-0.20778,0.0911436,-2.64582,-101831
2.8,0.0900086,2,-0.20778,0.0911436,-2.64282,-103657
2.8,0.0900086,2,-0.20778,0.0911436,-2.63982,-107486
2.8,0.0900086,2,-0.20778,0.0911436,-2.63682,-101182
2.8,0.0900086,2,-0.20778,0.0911436,-2.63382,-114461
2.8,0.0900086,2,-0.20778,0.0911436,-2.63082,-109546
2.8,0.0900086,2,-0.20778,0.0911436,-2.62781,-109928
2.8,0.0900086,2,-0.20778,0.0911436,-2.62481,-106918
2.8,0.0900086,2,-0.20778,0.0911436,-2.62181,-95975.6
2.8,0.0900086,2,-0.20778,0.0911436,-2.61881,-105625
2.8,0.0900086,2,-0.20778,0.0911436,-2.61581,-115523
2.8,0.0900086,2,-0.20778,0.0911436,-2.61281,-102114
2.8,0.0900086,2,-0.20778,0.0911436,-2.6098,-114095
2.8,0.0900086,2,-0.20778,0.0911436,-2.6068,-113330
2.8,0.0900086,2,-0.20778,0.0911436,-2.6038,-112880
2.8,0.0900086,2,-0.20778,0.0911436,-2.6008,-98210.5
2.8,0.0900086,2,-0.20778,0.0911436,-2.5978,-102305
2.8,0.0900086,2,-0.20778,0.0911436,-2.5948,-102499
2.8,0.0900086,2,-0.20778,0.0911436,-2.5918,-97650.4
2.8,0.0900086,2,-0.20778,0.0911436,-2.58879,-98555.6
2.8,0.0900086,2,-0.20778,0.0911436,-2.58579,-115183
2.8,0.0900086,2,-0.20778,0.0911436,-2.58279,-117049
2.8,0.0900086,2,-0.20778,0.0911436,-2.57979,-115723
2.8,0.0900086,2,-0.20778,0.0911436,-2.57679,-107208
2.8,0.0900086,2,-0.20778,0.0911436,-2.57379,-94708.7
2.8,0.0900086,2,-0.20778,0.0911436,-2.57079,-98667.7
2.8,0.0900086,2,-0.20778,0.0911436,-2.56778,-110380
2.8,0.0900086,2,-0.20778,0.0911436,-2.56478,-108386
2.8,0.0900086,2,-0.20778,0.0911436,-2.56178,-118932
2.8,0.0900086,2,-0.20778,0.0911436,-2.55878,-96532.6
2.8,0.0900086,2,-0.20778,0.0911436,-2.55578,-98551.6
2.8,0.0900086,2,-0.20778,0.0911436,-2.55278,-97244.6
2.8,0.0900086,2,-0.20778,0.0911436,-2.54977,-101149
2.8,0.0900086,2,-0.20778,0.0911436,-2.54677,-102434
2.8,0.0900086,2,-0.20778,0.0911436,-2.54377,-98774.5
2.8,0.0900086,2,-0.20778,0.0911436,-2.54077,-102603
2.8,0.0900086,2,-0.20778,0.0911436,-2.53777,-101987
2.8,0.0900086,2,-0.20778,0.0911436,-2.53477,-97328.3
2.8,0.0900086,2,-0.20778,0.0911436,-2.53177,-102166
2.8,0.0900086,2,-0.20778,0.0911436,-2.52876,-104840
2.8,0.0900086,2,-0.20778,0.0911436,-2.52576,-116619
2.8,0.0900086,2,-0.20778,0.0911436,-2.52276,-111293
2.8,0.0900086,2,-0.20778,0.0911436,-2.51976,-113885
2.8,0.0900086,2,-0.20778,0.0911436,-2.51676,-105037
2.8,0.0900086,2,-0.20778,0.0911436,-2.51376,-107043
2.8,0.0900086,2,-0.20778,0.0911436,-2.51076,-118009
2.8,0.0900086,2,-0.20778,0.0911436,-2.50775,-115784
2.8,0.0900086,2,-0.20778,0.0911436,-2.50475,-95541.5
2.8,0.0900086,2,-0.20778,0.0911436,-2.50175,-102583
2.8,0.0900086,2,-0.20778,0.0911436,-2.49875,-97867.7
2.8,0.0900086,2,-0.20778,0.0911436,-2.49575,-97136.4
2.8,0.0900086,2,-0.20778,0.0911436,-2.49275,-104773
2.8,0.0900086,2,-0.20778,0.0911436,-2.48974,-94879
2.8,0.0900086,2,-0.20778,0.0911436,-2.48674,-98622.5
2.8,0.0900086,2,-0.20778,0.0911436,-2.48374,-117592
2.8,0.0900086,2,-0.20778,0.0911436,-2.48074,-99867.8
2.8,0.0900086,2,-0.20778,0.0911436,-2.47774,-97021.5
2.8,0.0900086,2,-0.20778,0.0911436,-2.47474,-105143
2.8,0.0900086,2,-0.20778,0.0911436,-2.47174,-114175
2.8,0.0900086,2,-0.20778,0.0911436,-2.46873,-101462
2.8,0.0900086,2,-0.20778,0.0911436,-2.46573,-99374.1
2.8,0.0900086,2,-0.20778,0.0911436,-2.46273,-98789.6
2.8,0.0900086,2,-0.20778,0.0911436,-2.45973,-101732
2.8,0.0900086,2,-0.20778,0.0911436,-2.45673,-104176
2.8,0.0900086,2,-0.20778,0.0911436,-2.45373,-99891.2
2.8,0.0900086,2,-0.20778,0.0911436,-2.45073,-103356
2.8,0.0900086,2,-0.20778,0.0911436,-2.44772,-103818
2.8,0.0900086,2,-0.20778,0.0911436,-2.44472,-95775.4
2.8,0.0900086,2,-0.20778,0.0911436,-2.44172,-102085
2.8,0.0900086,2,-0.20778,0.0911436,-2.43872,-104710
2.8,0.0900086,2,-0.20778,0.0911436,-2.43572,-103019
2.8,0.0900086,2,-0.20778,0.0911436,-2.43272,-104506
2.8,0.0900086,2,-0.20778,0.0911436,-2.42971,-97255.3
2.8,0.0900086,2,-0.20778,0.0911436,-2.42671,-108142
2.8,0.0900086,2,-0.20778,0.0911436,-2.42371,-106757
2.8,0.0900086,2,-0.20778,0.0911436,-2.42071,-113864
2.8,0.0900086,2,-0.20778,0.0911436,-2.41771,-103037
2.8,0.0900086,2,-0.20778,0.0911436,-2.41471,-108754
2.8,0.0900086,2,-0.20778,0.0911436,-2.41171,-107159
2.8,0.0900086,2,-0.20778,0.0911436,-2.4087,-107257
2.8,0.0900086,2,-0.20778,0.0911436,-2.4057,-107456
2.8,0.0900086,2,-0.20778,0.0911436,-2.4027,-108690
2.8,0.0900086,2,-0.20778,0.0911436,-2.3997,-109911
2.8,0.0900086,2,-0.20778,0.0911436,-2.3967,-106152
2.8,0.0900086,2,-0.20778,0.0911436,-2.3937,-109097
2.8,0.0900086,2,-0.20778,0.0911436,-2.3907,-117220
2.8,0.0900086,2,-0.20778,0.0911436,-2.38769,-105521
2.8,0.0900086,2,-0.20778,0.0911436,-2.38469,-113537
2.8,0.0900086,2,-0.20778,0.0911436,-2.38169,-112816
2.8,0.0900086,2,-0.20778,0.0911436,-2.37869,-115957
2.8,0.0900086,2,-0.20778,0.0911436,-2.37569,-110347
2.8,0.0900086,2,-0.20778,0.0911436,-2.37269,-110072
2.8,0.0900086,2,-0.20778,0.0911436,-2.36968,-100386
2.8,0.0900086,2,-0.20778,0.0911436,-2.36668,-113278
2.8,0.0900086,2,-0.20778,0.0911436,-2.36368,-118552
2.8,0.0900086,2,-0.20778,0.0911436,-2.36068,-118311
2.8,0.0900086,2,-0.20778,0.0911436,-2.35768,-117169
2.8,0.0900086,2,-0.20778,0.0911436,-2.35468,-113204
2.8,0.0900086,2,-0.20778,0.0911436,-2.35168,-100743
2.8,0.0900086,2,-0.20778,0.0911436,-2.34867,-117788
2.8,0.0900086,2,-0.20778,0.0911436,-2.34567,-116121
2.8,0.0900086,2,-0.20778,0.0911436,-2.34267,-98409.1
2.8,0.0900086,2,-0.20778,0.0911436,-2.33967,-95602.5
2.8,0.0900086,2,-0.20778,0.0911436,-2.33667,-119147
2.8,0.0900086,2,-0.20778,0.0911436,-2.33367,-95423.1
2.8,0.0900086,2,-0.20778,0.0911436,-2.33067,-121613
2.8,0.0900086,2,-0.20778,0.0911436,-2.32766,-105525
2.8,0.0900086,2,-0.20778,0.0911436,-2.32466,-106160
2.8,0.0900086,2,-0.20778,0.0911436,-2.32166,-101085
2.8,0.0900086,2,-0.20778,0.0911436,-2.31866,-108939
2.8,0.0900086,2,-0.20778,0.0911436,-2.31566,-104240
2.8,0.0900086,2,-0.20778,0.0911436,-2.31266,-97096.1
2.8,0.0900086,2,-0.20778,0.0911436,-2.30965,-114582
2.8,0.0900086,2,-0.20778,0.0911436,-2.30665,-111289
2.8,0.0900086,2,-0.20778,0.0911436,-2.30365,-97105
2.8,0.0900086,2,-0.20778,0.0911436,-2.30065,-96837.7
2.8,0.0900086,2,-0.20778,0.0911436,-2.29765,-99330.1
2.8,0.0900086,2,-0.20778,0.0911436,-2.29465,-99644.8
2.8,0.0900086,2,-0.20778,0.0911436,-2.29165,-97444.6
2.8,0.0900086,2,-0.20778,0.0911436,-2.28864,-111245
2.8,0.0900086,2,-0.20778,0.0911436,-2.28564,-116073
2.8,0.0900086,2,-0.20778,0.0911436,-2.28264,-106895
2.8,0.0900086,2,-0.20778,0.0911436,-2.27964,-99555
2.8,0.0900086,2,-0.20778,0.0911436,-2.27664,-102233
2.8,0.0900086,2,-0.20778,0.0911436,-2.27364,-118095
2.8,0.0900086,2,-0.20778,0.0911436,-2.27064,-99983.8
2.8,0.0900086,2,-0.20778,0.0911436,-2.26763,-112438
2.8,0.0900086,2,-0.20778,0.0911436,-2.26463,-96440.7
2.8,0.0900086,2,-0.20778,0.0911436,-2.26163,-109723
2.8,0.0900086,2,-0.20778,0.0911436,-2.25863,-103391
2.8,0.0900086,2,-0.20778,0.0911436,-2.25563,-122050
2.8,0.0900086,2,-0.20778,0.0911436,-2.25263,-101673
2.8,0.0900086,2,-0.20778,0.0911436,-2.24962,-106234
2.8,0.0900086,2,-0.20778,0.0911436,-2.24662,-116919
2.8,0.0900086,2,-0.20778,0.0911436,-2.24362,-122158
2.8,0.0900086,2,-0.20778,0.0911436,-2.24062,-96894.1
2.8,0.0900086,2,-0.20778,0.0911436,-2.23762,-119551
2.8,0.0900086,2,-0.20778,0.0911436,-2.23462,-105512
2.8,0.0900086,2,-0.20778,0.0911436,-2.23162,-99683.3
2.8,0.0900086,2,-0.20778,0.0911436,-2.22861,-103049
2.8,0.0900086,2,-0.20778,0.0911436,-2.22561,-118945
2.8,0.0900086,2,-0.20778,0.0911436,-2.22261,-119846
2.8,0.0900086,2,-0.20778,0.0911436,-2.21961,-102471
2.8,0.0900086,2,-0.20778,0.0911436,-2.21661,-121863
2.8,0.0900086,2,-0.20778,0.0911436,-2.21361,-111318
2.8,0.0900086,2,-0.20778,0.0911436,-2.21061,-103053
2.8,0.0900086,2,-0.20778,0.0911436,-2.2076,-103948
2.8,0.0900086,2,-0.20778,0.0911436,-2.2046,-106514
2.8,0.0900086,2,-0.20778,0.0911436,-2.2016,-109974
2.8,0.0900086,2,-0.20778,0.0911436,-2.1986,-109202
2.8,0.0900086,2,-0.20778,0.0911436,-2.1956,-112375
2.8,0.0900086,2,-0.20778,0.0911436,-2.1926,-124122
2.8,0.0900086,2,-0.20778,0.0911436,-2.18959,-118154
2.8,0.0900086,2,-0.20778,0.0911436,-2.18659,-116993
2.8,0.0900086,2,-0.20778,0.0911436,-2.18359,-110722
2.8,0.0900086,2,-0.20778,0.0911436,-2.18059,-105656
2.8,0.0900086,2,-0.20778,0.0911436,-2.17759,-116408
2.8,0.0900086,2,-0.20778,0.0911436,-2.17459,-117305
2.8,0.0900086,2,-0.20778,0.0911436,-2.17159,-115530
2.8,0.0900086,2,-0.20778,0.0911436,-2.16858,-108992
2.8,0.0900086,2,-0.20778,0.0911436,-2.16558,-116168
2.8,0.0900086,2,-0.20778,0.0911436,-2.16258,-118581
2.8,0.0900086,2,-0.20778,0.0911436,-2.15958,-116302
2.8,0.0900086,2,-0.20778,0.0911436,-2.15658,-115124
2.8,0.0900086,2,-0.20778,0.0911436,-2.15358,-107418
2.8,0.0900086,2,-0.20778,0.0911436,-2.15058,-108160
2.8,0.0900086,2,-0.20778,0.0911436,-2.14757,-120564
2.8,0.0900086,2,-0.20778,0.0911436,-2.14457,-111857
2.8,0.0900086,2,-0.20778,0.0911436,-2.14157,-96731.9
2.8,0.0900086,2,-0.20778,0.0911436,-2.13857,-119862
2.8,0.0900086,2,-0.20778,0.0911436,-2.13557,-121438
2.8,0.0900086,2,-0.20778,0.0911436,-2.13257,-105694
2.8,0.0900086,2,-0.20778,0.0911436,-2.12956,-119572
2.8,0.0900086,2,-0.20778,0.0911436,-2.12656,-108712
2.8,0.0900086,2,-0.20778,0.0911436,-2.12356,-107930
2.8,0.0900086,2,-0.20778,0.0911436,-2.12056,-119739
2.8,0.0900086,2,-0.20778,0.0911436,-2.11756,-103637
2.8,0.0900086,2,-0.20778,0.0911436,-2.11456,-117796
2.8,0.0900086,2,-0.20778,0.0911436,-2.11156,-119512
2.8,0.0900086,2,-0.20778,0.0911436,-2.10855,-122578
2.8,0.0900086,2,-0.20778,0.0911436,-2.10555,-122525
2.8,0.0900086,2,-0.20778,0.0911436,-2.10255,-121281
2.8,0.0900086,2,-0.20778,0.0911436,-2.09955,-114316
2.8,0.0900086,2,-0.20778,0.0911436,-2.09655,-99893
2.8,0.0900086,2,-0.20778,0.0911436,-2.09355,-117562
2.8,0.0900086,2,-0.20778,0.0911436,-2.09055,-119672
2.8,0.0900086,2,-0.20778,0.0911436,-2.08754,-96210.2
2.8,0.0900086,2,-0.20778,0.0911436,-2.08454,-122295
2.8,0.0900086,2,-0.20778,0.0911436,-2.08154,-105266
2.8,0.0900086,2,-0.20778,0.0911436,-2.07854,-99775.3
2.8,0.0900086,2,-0.20778,0.0911436,-2.07554,-97193.2
2.8,0.0900086,2,-0.20778,0.0911436,-2.07254,-96345.1
2.8,0.0900086,2,-0.20778,0.0911436,-2.06953,-123625
2.8,0.0900086,2,-0.20778,0.0911436,-2.06653,-99776.7
2.8,0.0900086,2,-0.20778,0.0911436,-2.06353,-111040
2.8,0.0900086,2,-0.20778,0.0911436,-2.06053,-115063
2.8,0.0900086,2,-0.20778,0.0911436,-2.05753,-101285
2.8,0.0900086,2,-0.20778,0.0911436,-2.05453,-101494
2.8,0.0900086,2,-0.20778,0.0911436,-2.05153,-96016.4
2.8,0.0900086,2,-0.20778,0.0911436,-2.04852,-112465
2.8,0.0900086,2,-0.20778,0.0911436,-2.04552,-100294
2.8,0.0900086,2,-0.20778,0.0911436,-2.04252,-97958.2
2.8,0.0900086,2,-0.20778,0.0911436,-2.03952,-106023
2.8,0.0900086,2,-0.20778,0.0911436,-2.03652,-101204
2.8,0.0900086,2,-0.20778,0.0911436,-2.03352,-102283
2.8,0.0900086,2,-0.20778,0.0911436,-2.03052,-101071
2.8,0.0900086,2,-0.20778,0.0911436,-2.02751,-101275
2.8,0.0900086,2,-0.20778,0.0911436,-2.02451,-99907.5
2.8,0.0900086,2,-0.20778,0.0911436,-2.02151,-104545
2.8,0.0900086,2,-0.20778,0.0911436,-2.01851,-99875.2
2.8,0.0900086,2,-0.20778,0.0911436,-2.01551,-113166
2.8,0.0900086,2,-0.20778,0.0911436,-2.01251,-98115.1
2.8,0.0900086,2,-0.20778,0.0911436,-2.0095,-101965
2.8,0.0900086,2,-0.20778,0.0911436,-2.0065,-97661.2
2.8,0.0900086,2,-0.20778,0.0911436,-2.0035,-109216
2.8,0.0900086,2,-0.20778,0.0911436,-2.0005,-122193
2.8,0.0900086,2,-0.20778,0.0911436,-1.9975,-111938
2.8,0.0900086,2,-0.20778,0.0911436,-1.9945,-116021
2.8,0.0900086,2,-0.20778,0.0911436,-1.9915,-101034
2.8,0.0900086,2,-0.20778,0.0911436,-1.98849,-102927
2.8,0.0900086,2,-0.20778,0.0911436,-1.98549,-99440.5
2.8,0.0900086,2,-0.20778,0.0911436,-1.98249,-120954
2.8,0.0900086,2,-0.20778,0.0911436,-1.97949,-104636
2.8,0.0900086,2,-0.20778,0.0911436,-1.97649,-120072
2.8,0.0900086,2,-0.20778,0.0911436,-1.97349,-114150
2.8,0.0900086,2,-0.20778,0.0911436,-1.97049,-117034
2.8,0.0900086,2,-0.20778,0.0911436,-1.96748,-107336
2.8,0.0900086,2,-0.20778,0.0911436,-1.96448,-100704
2.8,0.0900086,2,-0.20778,0.0911436,-1.96148,-119803
2.8,0.0900086,2,-0.20778,0.0911436,-1.95848,-103945
2.8,0.0900086,2,-0.20778,0.0911436,-1.95548,-99226.2
2.8,0.0900086,2,-0.20778,0.0911436,-1.95248,-106117
2.8,0.0900086,2,-0.20778,0.0911436,-1.94947,-106509
2.8,0.0900086,2,-0.20778,0.0911436,-1.94647,-103820
2.8,0.0900086,2,-0.20778,0.0911436,-1.94347,-105318
2.8,0.0900086,2,-0.20778,0.0911436,-1.94047,-104463
2.8,0.0900086,2,-0.20778,0.0911436,-1.93747,-112133
2.8,0.0900086,2,-0.20778,0.0911436,-1.93447,-106814
2.8,0.0900086,2,-0.20778,0.0911436,-1.93147,-108283
2.8,0.0900086,2,-0.20778,0.0911436,-1.92846,-115389
2.8,0.0900086,2,-0.20778,0.0911436,-1.92546,-103348
2.8,0.0900086,2,-0.20778,0.0911436,-1.92246,-108948
2.8,0.0900086,2,-0.20778,0.0911436,-1.91946,-97498.8
2.8,0.0900086,2,-0.20778,0.0911436,-1.91646,-107053
2.8,0.0900086,2,-0.20778,0.0911436,-1.91346,-108422
2.8,0.0900086,2,-0.20778,0.0911436,-1.91046,-107616
2.8,0.0900086,2,-0.20778,0.0911436,-1.90745,-107743
2.8,0.0900086,2,-0.20778,0.0911436,-1.90445,-111253
2.8,0.0900086,2,-0.20778,0.0911436,-1.90145,-101917
2.8,0.0900086,2,-0.20778,0.0911436,-1.89845,-108585
2.8,0.0900086,2,-0.20778,0.0911436,-1.89545,-122141
2.8,0.0900086,2,-0.20778,0.0911436,-1.89245,-112086
2.8,0.0900086,2,-0.20778,0.0911436,-1.88944,-106324
2.8,0.0900086,2,-0.20778,0.0911436,-1.88644,-109087
2.8,0.0900086,2,-0.20778,0.0911436,-1.88344,-108161
2.8,0.0900086,2,-0.20778,0.0911436,-1.88044,-109422
2.8,0.0900086,2,-0.20778,0.0911436,-1.87744,-111657
2.8,0.0900086,2,-0.20778,0.0911436,-1.87444,-113138
2.8,0.0900086,2,-0.20778,0.0911436,-1.87144,-109177
2.8,0.0900086,2,-0.20778,0.0911436,-1.86843,-115799
2.8,0.0900086,2,-0.20778,0.0911436,-1.86543,-113870
2.8,0.0900086,2,-0.20778,0.0911436,-1.86243,-110773
2.8,0.0900086,2,-0.20778,0.0911436,-1.85943,-116875
2.8,0.0900086,2,-0.20778,0.0911436,-1.85643,-104195
2.8,0.0900086,2,-0.20778,0.0911436,-1.85343,-120244
2.8,0.0900086,2,-0.20778,0.0911436,-1.85043,-114357
2.8,0.0900086,2,-0.20778,0.0911436,-1.84742,-99306.2
2.8,0.0900086,2,-0.20778,0.0911436,-1.84442,-114156
2.8,0.0900086,2,-0.20778,0.0911436,-1.84142,-124008
2.8,0.0900086,2,-0.20778,0.0911436,-1.83842,-115951
2.8,0.0900086,2,-0.20778,0.0911436,-1.83542,-108951
2.8,0.0900086,2,-0.20778,0.0911436,-1.83242,-118120
2.8,0.0900086,2,-0.20778,0.0911436,-1.82941,-110449
2.8,0.0900086,2,-0.20778,0.0911436,-1.82641,-113655
2.8,0.0900086,2,-0.20778,0.0911436,-1.82341,-96362.2
2.8,0.0900086,2,-0.20778,0.0911436,-1.82041,-111761
2.8,0.0900086,2,-0.20778,0.0911436,-1.81741,-112016
2.8,0.0900086,2,-0.20778,0.0911436,-1.81441,-114785
2.8,0.0900086,2,-0.20778,0.0911436,-1.81141,-109757
2.8,0.0900086,2,-0.20778,0.0911436,-1.8084,-114689
2.8,0.0900086,2,-0.20778,0.0911436,-1.8054,-97700.3
2.8,0.0900086,2,-0.20778,0.0911436,-1.8024,-97430
2.8,0.0900086,2,-0.20778,0.0911436,-1.7994,-113940
2.8,0.0900086,2,-0.20778,0.0911436,-1.7964,-110821
2.8,0.0900086,2,-0.20778,0.0911436,-1.7934,-105897
2.8,0.0900086,2,-0.20778,0.0911436,-1.7904,-97727.3
2.8,0.0900086,2,-0.20778,0.0911436,-1.78739,-97001
2.8,0.0900086,2,-0.20778,0.0911436,-1.78439,-99440.8
2.8,0.0900086,2,-0.20778,0.0911436,-1.78139,-109242
2.8,0.0900086,2,-0.20778,0.0911436,-1.77839,-115744
2.8,0.0900086,2,-0.20778,0.0911436,-1.77539,-100439
2.8,0.0900086,2,-0.20778,0.0911436,-1.77239,-115181
2.8,0.0900086,2,-0.20778,0.0911436,-1.76938,-122924
2.8,0.0900086,2,-0.20778,0.0911436,-1.76638,-116532
2.8,0.0900086,2,-0.20778,0.0911436,-1.76338,-115454
2.8,0.0900086,2,-0.20778,0.0911436,-1.76038,-117094
2.8,0.0900086,2,-0.20778,0.0911436,-1.75738,-115749
2.8,0.0900086,2,-0.20778,0.0911436,-1.75438,-101220
2.8,0.0900086,2,-0.20778,0.0911436,-1.75138,-113576
2.8,0.0900086,2,-0.20778,0.0911436,-1.74837,-101112
2.8,0.0900086,2,-0.20778,0.0911436,-1.74537,-116936
2.8,0.0900086,2,-0.20778,0.0911436,-1.74237,-117107
2.8,0.0900086,2,-0.20778,0.0911436,-1.73937,-111276
2.8,0.0900086,2,-0.20778,0.0911436,-1.73637,-114570
2.8,0.0900086,2,-0.20778,0.0911436,-1.73337,-99726.9
2.8,0.0900086,2,-0.20778,0.0911436,-1.73037,-121055
2.8,0.0900086,2,-0.20778,0.0911436,-1.72736,-100018
2.8,0.0900086,2,-0.20778,0.0911436,-1.72436,-114570
2.8,0.0900086,2,-0.20778,0.0911436,-1.72136,-116195
2.8,0.0900086,2,-0.20778,0.0911436,-1.71836,-102797
2.8,0.0900086,2,-0.20778,0.0911436,-1.71536,-113586
2.8,0.0900086,2,-0.20778,0.0911436,-1.71236,-112225
2.8,0.0900086,2,-0.20778,0.0911436,-1.70935,-116858
2.8,0.0900086,2,-0.20778,0.0911436,-1.70635,-101233
2.8,0.0900086,2,-0.20778,0.0911436,-1.70335,-117978
2.8,0.0900086,2,-0.20778,0.0911436,-1.70035,-115696
2.8,0.0900086,2,-0.20778,0.0911436,-1.69735,-118249
2.8,0.0900086,2,-0.20778,0.0911436,-1.69435,-114021
2.8,0.0900086,2,-0.20778,0.0911436,-1.69135,-114702
2.8,0.0900086,2,-0.20778,0.0911436,-1.68834,-121327
2.8,0.0900086,2,-0.20778,0.0911436,-1.68534,-119795
2.8,0.0900086,2,-0.20778,0.0911436,-1.68234,-111457
2.8,0.0900086,2,-0.20778,0.0911436,-1.67934,-121023
2.8,0.0900086,2,-0.20778,0.0911436,-1.67634,-119707
2.8,0.0900086,2,-0.20778,0.0911436,-1.67334,-113552
2.8,0.0900086,2,-0.20778,0.0911436,-1.67034,-117746
2.8,0.0900086,2,-0.20778,0.0911436,-1.66733,-119836
2.8,0.0900086,2,-0.20778,0.0911436,-1.66433,-103875
2.8,0.0900086,2,-0.20778,0.0911436,-1.66133,-103798
2.8,0.0900086,2,-0.20778,0.0911436,-1.65833,-119029
2.8,0.0900086,2,-0.20778,0.0911436,-1.65533,-119867
2.8,0.0900086,2,-0.20778,0.0911436,-1.65233,-122756
2.8,0.0900086,2,-0.20778,0.0911436,-1.64932,-120601
2.8,0.0900086,2,-0.20778,0.0911436,-1.64632,-119989
2.8,0.0900086,2,-0.20778,0.0911436,-1.64332,-115423
2.8,0.0900086,2,-0.20778,0.0911436,-1.64032,-102521
2.8,0.0900086,2,-0.20778,0.0911436,-1.63732,-107325
2.8,0.0900086,2,-0.20778,0.0911436,-1.63432,-120142
2.8,0.0900086,2,-0.20778,0.0911436,-1.63132,-118422
2.8,0.0900086,2,-0.20778,0.0911436,-1.62831,-123460
2.8,0.0900086,2,-0.20778,0.0911436,-1.62531,-104327
2.8,0.0900086,2,-0.20778,0.0911436,-1.62231,-122186
2.8,0.0900086,2,-0.20778,0.0911436,-1.61931,-99996.1
2.8,0.0900086,2,-0.20778,0.0911436,-1.61631,-104345
2.8,0.0900086,2,-0.20778,0.0911436,-1.61331,-117318
2.8,0.0900086,2,-0.20778,0.0911436,-1.61031,-102542
2.8,0.0900086,2,-0.20778,0.0911436,-1.6073,-118072
2.8,0.0900086,2,-0.20778,0.0911436,-1.6043,-120748
2.8,0.0900086,2,-0.20778,0.0911436,-1.6013,-120385
2.8,0.0900086,2,-0.20778,0.0911436,-1.5983,-106192
2.8,0.0900086,2,-0.20778,0.0911436,-1.5953,-118176
2.8,0.0900086,2,-0.20778,0.0911436,-1.5923,-111419
2.8,0.0900086,2,-0.20778,0.0911436,-1.58929,-105282
2.8,0.0900086,2,-0.20778,0.0911436,-1.58629,-104753
2.8,0.0900086,2,-0.20778,0.0911436,-1.58329,-118210
2.8,0.0900086,2,-0.20778,0.0911436,-1.58029,-114513
2.8,0.0900086,2,-0.20778,0.0911436,-1.57729,-104387
2.8,0.0900086,2,-0.20778,0.0911436,-1.57429,-101724
2.8,0.0900086,2,-0.20778,0.0911436,-1.57129,-114976
2.8,0.0900086,2,-0.20778,0.0911436,-1.56828,-118238
2.8,0.0900086,2,-0.20778,0.0911436,-1.56528,-121029
2.8,0.0900086,2,-0.20778,0.0911436,-1.56228,-114143
2.8,0.0900086,2,-0.20778,0.0911436,-1.55928,-121609
2.8,0.0900086,2,-0.20778,0.0911436,-1.55628,-118797
2.8,0.0900086,2,-0.20778,0.0911436,-1.55328,-116337
2.8,0.0900086,2,-0.20778,0.0911436,-1.55028,-119176
2.8,0.0900086,2,-0.20778,0.0911436,-1.54727,-119890
2.8,0.0900086,2,-0.20778,0.0911436,-1.54427,-103730
2.8,0.0900086,2,-0.20778,0.0911436,-1.54127,-121085
2.8,0.0900086,2,-0.20778,0.0911436,-1.53827,-123459
2.8,0.0900086,2,-0.20778,0.0911436,-1.53527,-115731
2.8,0.0900086,2,-0.20778,0.0911436,-1.53227,-115525
2.8,0.0900086,2,-0.20778,0.0911436,-1.52926,-118277
2.8,0.0900086,2,-0.20778,0.0911436,-1.52626,-121288
2.8,0.0900086,2,-0.20778,0.0911436,-1.52326,-110118
2.8,0.0900086,2,-0.20778,0.0911436,-1.52026,-120734
2.8,0.0900086,2,-0.20778,0.0911436,-1.51726,-112672
2.8,0.0900086,2,-0.20778,0.0911436,-1.51426,-97429.9
2.8,0.0900086,2,-0.20778,0.0911436,-1.51126,-118863
2.8,0.0900086,2,-0.20778,0.0911436,-1.50825,-116176
2.8,0.0900086,2,-0.20778,0.0911436,-1.50525,-117740
2.8,0.0900086,2,-0.20778,0.0911436,-1.50225,-101119
2.8,0.0900086,2,-0.20778,0.0911436,-1.49925,-114135
2.8,0.0900086,2,-0.20778,0.0911436,-1.49625,-120260
2.8,0.0900086,2,-0.20778,0.0911436,-1.49325,-109496
2.8,0.0900086,2,-0.20778,0.0911436,-1.49025,-115258
2.8,0.0900086,2,-0.20778,0.0911436,-1.48724,-115713
2.8,0.0900086,2,-0.20778,0.0911436,-1.48424,-109755
2.8,0.0900086,2,-0.20778,0.0911436,-1.48124,-108640
2.8,0.0900086,2,-0.20778,0.0911436,-1.47824,-120839
2.8,0.0900086,2,-0.20778,0.0911436,-1.47524,-107488
2.8,0.0900086,2,-0.20778,0.0911436,-1.47224,-98843.4
2.8,0.0900086,2,-0.20778,0.0911436,-1.46923,-102576
2.8,0.0900086,2,-0.20778,0.0911436,-1.46623,-116432
2.8,0.0900086,2,-0.20778,0.0911436,-1.46323,-118660
2.8,0.0900086,2,-0.20778,0.0911436,-1.46023,-121463
2.8,0.0900086,2,-0.20778,0.0911436,-1.45723,-99669
2.8,0.0900086,2,-0.20778,0.0911436,-1.45423,-122272
2.8,0.0900086,2,-0.20778,0.0911436,-1.45123,-121123
2.8,0.0900086,2,-0.20778,0.0911436,-1.44822,-116859
2.8,0.0900086,2,-0.20778,0.0911436,-1.44522,-109604
2.8,0.0900086,2,-0.20778,0.0911436,-1.44222,-117654
2.8,0.0900086,2,-0.20778,0.0911436,-1.43922,-96586.2
2.8,0.0900086,2,-0.20778,0.0911436,-1.43622,-120243
2.8,0.0900086,2,-0.20778,0.0911436,-1.43322,-117253
2.8,0.0900086,2,-0.20778,0.0911436,-1.43022,-120054
2.8,0.0900086,2,-0.20778,0.0911436,-1.42721,-98645.3
2.8,0.0900086,2,-0.20778,0.0911436,-1.42421,-112924
2.8,0.0900086,2,-0.20778,0.0911436,-1.42121,-113750
2.8,0.0900086,2,-0.20778,0.0911436,-1.41821,-112622
2.8,0.0900086,2,-0.20778,0.0911436,-1.41521,-118953
2.8,0.0900086,2,-0.20778,0.0911436,-1.41221,-97640.6
2.8,0.0900086,2,-0.20778,0.0911436,-1.4092,-100811
2.8,0.0900086,2,-0.20778,0.0911436,-1.4062,-114516
2.8,0.0900086,2,-0.20778,0.0911436,-1.4032,-115240
2.8,0.0900086,2,-0.20778,0.0911436,-1.4002,-109182
2.8,0.0900086,2,-0.20778,0.0911436,-1.3972,-117432
2.8,0.0900086,2,-0.20778,0.0911436,-1.3942,-96585.4
2.8,0.0900086,2,-0.20778,0.0911436,-1.3912,-115719
2.8,0.0900086,2,-0.20778,0.0911436,-1.38819,-112353
2.8,0.0900086,2,-0.20778,0.0911436,-1.38519,-107282
2.8,0.0900086,2,-0.20778,0.0911436,-1.38219,-115102
2.8,0.0900086,2,-0.20778,0.0911436,-1.37919,-112360
2.8,0.0900086,2,-0.20778,0.0911436,-1.37619,-122269
2.8,0.0900086,2,-0.20778,0.0911436,-1.37319,-100581
2.8,0.0900086,2,-0.20778,0.0911436,-1.37019,-96538.2
2.8,0.0900086,2,-0.20778,0.0911436,-1.36718,-112680
2.8,0.0900086,2,-0.20778,0.0911436,-1.36418,-110203
2.8,0.0900086,2,-0.20778,0.0911436,-1.36118,-114775
2.8,0.0900086,2,-0.20778,0.0911436,-1.35818,-116560
2.8,0.0900086,2,-0.20778,0.0911436,-1.35518,-115935
2.8,0.0900086,2,-0.20778,0.0911436,-1.35218,-109024
2.8,0.0900086,2,-0.20778,0.0911436,-1.34917,-111651
2.8,0.0900086,2,-0.20778,0.0911436,-1.34617,-105220
2.8,0.0900086,2,-0.20778,0.0911436,-1.34317,-115015
2.8,0.0900086,2,-0.20778,0.0911436,-1.34017,-113191
2.8,0.0900086,2,-0.20778,0.0911436,-1.33717,-109443
2.8,0.0900086,2,-0.20778,0.0911436,-1.33417,-106369
2.8,0.0900086,2,-0.20778,0.0911436,-1.33117,-106319
2.8,0.0900086,2,-0.20778,0.0911436,-1.32816,-108003
2.8,0.0900086,2,-0.20778,0.0911436,-1.32516,-106675
2.8,0.0900086,2,-0.20778,0.0911436,-1.32216,-114760
2.8,0.0900086,2,-0.20778,0.0911436,-1.31916,-107811
2.8,0.0900086,2,-0.20778,0.0911436,-1.31616,-109405
2.8,0.0900086,2,-0.20778,0.0911436,-1.31316,-103730
2.8,0.0900086,2,-0.20778,0.0911436,-1.31016,-120617
2.8,0.0900086,2,-0.20778,0.0911436,-1.30715,-110364
2.8,0.0900086,2,-0.20778,0.0911436,-1.30415,-109364
2.8,0.0900086,2,-0.20778,0.0911436,-1.30115,-110960
2.8,0.0900086,2,-0.20778,0.0911436,-1.29815,-107569
2.8,0.0900086,2,-0.20778,0.0911436,-1.29515,-117276
2.8,0.0900086,2,-0.20778,0.0911436,-1.29215,-95748.1
2.8,0.0900086,2,-0.20778,0.0911436,-1.28914,-112043
2.8,0.0900086,2,-0.20778,0.0911436,-1.28614,-116794
2.8,0.0900086,2,-0.20778,0.0911436,-1.28314,-99317.8
2.8,0.0900086,2,-0.20778,0.0911436,-1.28014,-98399.6
2.8,0.0900086,2,-0.20778,0.0911436,-1.27714,-105567
2.8,0.0900086,2,-0.20778,0.0911436,-1.27414,-108730
2.8,0.0900086,2,-0.20778,0.0911436,-1.27114,-108519
2.8,0.0900086,2,-0.20778,0.0911436,-1.26813,-110064
2.8,0.0900086,2,-0.20778,0.0911436,-1.26513,-121298
2.8,0.0900086,2,-0.20778,0.0911436,-1.26213,-111104
2.8,0.0900086,2,-0.20778,0.0911436,-1.25913,-117139
2.8,0.0900086,2,-0.20778,0.0911436,-1.25613,-107236
2.8,0.0900086,2,-0.20778,0.0911436,-1.25313,-107672
2.8,0.0900086,2,-0.20778,0.0911436,-1.25013,-118703
2.8,0.0900086,2,-0.20778,0.0911436,-1.24712,-107114
2.8,0.0900086,2,-0.20778,0.0911436,-1.24412,-100096
2.8,0.0900086,2,-0.20778,0.0911436,-1.24112,-105914
2.8,0.0900086,2,-0.20778,0.0911436,-1.23812,-99404.2
2.8,0.0900086,2,-0.20778,0.0911436,-1.23512,-106543
2.8,0.0900086,2,-0.20778,0.0911436,-1.23212,-99828.2
2.8,0.0900086,2,-0.20778,0.0911436,-1.22911,-100526
2.8,0.0900086,2,-0.20778,0.0911436,-1.22611,-104859
2.8,0.0900086,2,-0.20778,0.0911436,-1.22311,-106913
2.8,0.0900086,2,-0.20778,0.0911436,-1.22011,-119926
2.8,0.0900086,2,-0.20778,0.0911436,-1.21711,-104755
2.8,0.0900086,2,-0.20778,0.0911436,-1.21411,-98581.9
2.8,0.0900086,2,-0.20778,0.0911436,-1.21111,-100430
2.8,0.0900086,2,-0.20778,0.0911436,-1.2081,-104816
2.8,0.0900086,2,-0.20778,0.0911436,-1.2051,-101145
2.8,0.0900086,2,-0.20778,0.0911436,-1.2021,-101317
2.8,0.0900086,2,-0.20778,0.0911436,-1.1991,-100511
2.8,0.0900086,2,-0.20778,0.0911436,-1.1961,-102717
2.8,0.0900086,2,-0.20778,0.0911436,-1.1931,-101801
2.8,0.0900086,2,-0.20778,0.0911436,-1.1901,-97262.9
2.8,0.0900086,2,-0.20778,0.0911436,-1.18709,-100343
2.8,0.0900086,2,-0.20778,0.0911436,-1.18409,-98921.3
2.8,0.0900086,2,-0.20778,0.0911436,-1.18109,-106144
2.8,0.0900086,2,-0.20778,0.0911436,-1.17809,-105535
2.8,0.0900086,2,-0.20778,0.0911436,-1.17509,-97073
2.8,0.0900086,2,-0.20778,0.0911436,-1.17209,-112294
2.8,0.0900086,2,-0.20778,0.0911436,-1.16908,-100416
2.8,0.0900086,2,-0.20778,0.0911436,-1.16608,-94567.4
2.8,0.0900086,2,-0.20778,0.0911436,-1.16308,-96674.7
2.8,0.0900086,2,-0.20778,0.0911436,-1.16008,-105334
2.8,0.0900086,2,-0.20778,0.0911436,-1.15708,-97179.1
2.8,0.0900086,2,-0.20778,0.0911436,-1.15408,-93981.8
2.8,0.0900086,2,-0.20778,0.0911436,-1.15108,-119587
2.8,0.0900086,2,-0.20778,0.0911436,-1.14807,-93995.7
2.8,0.0900086,2,-0.20778,0.0911436,-1.14507,-94895.4
2.8,0.0900086,2,-0.20778,0.0911436,-1.14207,-94544.6
2.8,0.0900086,2,-0.20778,0.0911436,-1.13907,-109109
2.8,0.0900086,2,-0.20778,0.0911436,-1.13607,-114115
2.8,0.0900086,2,-0.20778,0.0911436,-1.13307,-114571
2.8,0.0900086,2,-0.20778,0.0911436,-1.13007,-108227
2.8,0.0900086,2,-0.20778,0.0911436,-1.12706,-118155
2.8,0.0900086,2,-0.20778,0.0911436,-1.12406,-118217
2.8,0.0900086,2,-0.20778,0.0911436,-1.12106,-113467
2.8,0.0900086,2,-0.20778,0.0911436,-1.11806,-102712
2.8,0.0900086,2,-0.20778,0.0911436,-1.11506,-106548
2.8,0.0900086,2,-0.20778,0.0911436,-1.11206,-120473
2.8,0.0900086,2,-0.20778,0.0911436,-1.10905,-100285
2.8,0.0900086,2,-0.20778,0.0911436,-1.10605,-107290
2.8,0.0900086,2,-0.20778,0.0911436,-1.10305,-110728
2.8,0.0900086,2,-0.20778,0.0911436,-1.10005,-112022
2.8,0.0900086,2,-0.20778,0.0911436,-1.09705,-99843
2.8,0.0900086,2,-0.20778,0.0911436,-1.09405,-115088
2.8,0.0900086,2,-0.20778,0.0911436,-1.09105,-117504
2.8,0.0900086,2,-0.20778,0.0911436,-1.08804,-113308
2.8,0.0900086,2,-0.20778,0.0911436,-1.08504,-115306
2.8,0.0900086,2,-0.20778,0.0911436,-1.08204,-104272
2.8,0.0900086,2,-0.20778,0.0911436,-1.07904,-113262
2.8,0.0900086,2,-0.20778,0.0911436,-1.07604,-104771
2.8,0.0900086,2,-0.20778,0.0911436,-1.07304,-111989
2.8,0.0900086,2,-0.20778,0.0911436,-1.07004,-99158.4
2.8,0.0900086,2,-0.20778,0.0911436,-1.06703,-107500
2.8,0.0900086,2,-0.20778,0.0911436,-1.06403,-109984
2.8,0.0900086,2,-0.20778,0.0911436,-1.06103,-106970
2.8,0.0900086,2,-0.20778,0.0911436,-1.05803,-105951
2.8,0.0900086,2,-0.20778,0.0911436,-1.05503,-113691
2.8,0.0900086,2,-0.20778,0.0911436,-1.05203,-115914
2.8,0.0900086,2,-0.20778,0.0911436,-1.04902,-116553
2.8,0.0900086,2,-0.20778,0.0911436,-1.04602,-98927
2.8,0.0900086,2,-0.20778,0.0911436,-1.04302,-102918
2.8,0.0900086,2,-0.20778,0.0911436,-1.04002,-102976
2.8,0.0900086,2,-0.20778,0.0911436,-1.03702,-97223.9
2.8,0.0900086,2,-0.20778,0.0911436,-1.03402,-104651
2.8,0.0900086,2,-0.20778,0.0911436,-1.03102,-101066
2.8,0.0900086,2,-0.20778,0.0911436,-1.02801,-106480
2.8,0.0900086,2,-0.20778,0.0911436,-1.02501,-101787
2.8,0.0900086,2,-0.20778,0.0911436,-1.02201,-94677.1
2.8,0.0900086,2,-0.20778,0.0911436,-1.01901,-93834.3
2.8,0.0900086,2,-0.20778,0.0911436,-1.01601,-101373
2.8,0.0900086,2,-0.20778,0.0911436,-1.01301,-113882
2.8,0.0900086,2,-0.20778,0.0911436,-1.01001,-116020
2.8,0.0900086,2,-0.20778,0.0911436,-1.007,-107873
2.8,0.0900086,2,-0.20778,0.0911436,-1.004,-96789.5
2.8,0.0900086,2,-0.20778,0.0911436,-1.001,-95640.4
2.8,0.0900086,2,-0.20778,0.0911436,-0.997999,-95078.7
2.8,0.0900086,2,-0.20778,0.0911436,-0.994997,-94925.7
2.8,0.0900086,2,-0.20778,0.0911436,-0.991996,-117249
2.8,0.0900086,2,-0.20778,0.0911436,-0.988994,-102748
2.8,0.0900086,2,-0.20778,0.0911436,-0.985993,-94659.6
2.8,0.0900086,2,-0.20778,0.0911436,-0.982991,-95113.1
2.8,0.0900086,2,-0.20778,0.0911436,-0.97999,-103943
2.8,0.0900086,2,-0.20778,0.0911436,-0.976988,-92446
2.8,0.0900086,2,-0.20778,0.0911436,-0.973987,-105804
2.8,0.0900086,2,-0.20778,0.0911436,-0.970985,-117180
2.8,0.0900086,2,-0.20778,0.0911436,-0.967984,-105407
2.8,0.0900086,2,-0.20778,0.0911436,-0.964982,-95646.8
2.8,0.0900086,2,-0.20778,0.0911436,-0.961981,-117233
2.8,0.0900086,2,-0.20778,0.0911436,-0.958979,-97687.3
2.8,0.0900086,2,-0.20778,0.0911436,-0.955978,-114502
2.8,0.0900086,2,-0.20778,0.0911436,-0.952976,-113900
2.8,0.0900086,2,-0.20778,0.0911436,-0.949975,-113933
2.8,0.0900086,2,-0.20778,0.0911436,-0.946973,-109493
2.8,0.0900086,2,-0.20778,0.0911436,-0.943972,-105860
2.8,0.0900086,2,-0.20778,0.0911436,-0.94097,-113991
2.8,0.0900086,2,-0.20778,0.0911436,-0.937969,-113974
2.8,0.0900086,2,-0.20778,0.0911436,-0.934967,-105208
2.8,0.0900086,2,-0.20778,0.0911436,-0.931966,-104130
2.8,0.0900086,2,-0.20778,0.0911436,-0.928964,-117232
2.8,0.0900086,2,-0.20778,0.0911436,-0.925963,-114210
2.8,0.0900086,2,-0.20778,0.0911436,-0.922961,-110768
2.8,0.0900086,2,-0.20778,0.0911436,-0.91996,-101406
2.8,0.0900086,2,-0.20778,0.0911436,-0.916958,-100916
2.8,0.0900086,2,-0.20778,0.0911436,-0.913957,-106026
2.8,0.0900086,2,-0.20778,0.0911436,-0.910955,-100056
2.8,0.0900086,2,-0.20778,0.0911436,-0.907954,-96716.3
2.8,0.0900086,2,-0.20778,0.0911436,-0.904952,-98829.2
2.8,0.0900086,2,-0.20778,0.0911436,-0.901951,-114857
2.8,0.0900086,2,-0.20778,0.0911436,-0.898949,-113161
2.8,0.0900086,2,-0.20778,0.0911436,-0.895948,-106958
2.8,0.0900086,2,-0.20778,0.0911436,-0.892946,-97421.8
2.8,0.0900086,2,-0.20778,0.0911436,-0.889945,-101785
2.8,0.0900086,2,-0.20778,0.0911436,-0.886943,-101967
2.8,0.0900086,2,-0.20778,0.0911436,-0.883942,-115292
2.8,0.0900086,2,-0.20778,0.0911436,-0.88094,-98917.6
2.8,0.0900086,2,-0.20778,0.0911436,-0.877939,-109586
2.8,0.0900086,2,-0.20778,0.0911436,-0.874937,-104779
2.8,0.0900086,2,-0.20778,0.0911436,-0.871936,-96943.1
2.8,0.0900086,2,-0.20778,0.0911436,-0.868934,-108486
2.8,0.0900086,2,-0.20778,0.0911436,-0.865933,-92102
2.8,0.0900086,2,-0.20778,0.0911436,-0.862931,-111774
2.8,0.0900086,2,-0.20778,0.0911436,-0.85993,-111137
2.8,0.0900086,2,-0.20778,0.0911436,-0.856928,-106517
2.8,0.0900086,2,-0.20778,0.0911436,-0.853927,-106763
2.8,0.0900086,2,-0.20778,0.0911436,-0.850925,-105956
2.8,0.0900086,2,-0.20778,0.0911436,-0.847924,-97447.2
2.8,0.0900086,2,-0.20778,0.0911436,-0.844922,-108829
2.8,0.0900086,2,-0.20778,0.0911436,-0.841921,-96080.5
2.8,0.0900086,2,-0.20778,0.0911436,-0.838919,-93385.7
2.8,0.0900086,2,-0.20778,0.0911436,-0.835918,-95022.7
2.8,0.0900086,2,-0.20778,0.0911436,-0.832916,-102737
2.8,0.0900086,2,-0.20778,0.0911436,-0.829915,-91397.5
2.8,0.0900086,2,-0.20778,0.0911436,-0.826913,-114446
2.8,0.0900086,2,-0.20778,0.0911436,-0.823912,-114354
2.8,0.0900086,2,-0.20778,0.0911436,-0.82091,-102599
2.8,0.0900086,2,-0.20778,0.0911436,-0.817909,-110163
2.8,0.0900086,2,-0.20778,0.0911436,-0.814907,-90138.2
2.8,0.0900086,2,-0.20778,0.0911436,-0.811906,-106409
2.8,0.0900086,2,-0.20778,0.0911436,-0.808904,-100814
2.8,0.0900086,2,-0.20778,0.0911436,-0.805903,-103765
2.8,0.0900086,2,-0.20778,0.0911436,-0.802901,-102457
2.8,0.0900086,2,-0.20778,0.0911436,-0.7999,-106861
2.8,0.0900086,2,-0.20778,0.0911436,-0.796898,-95976.2
2.8,0.0900086,2,-0.20778,0.0911436,-0.793897,-97176.1
2.8,0.0900086,2,-0.20778,0.0911436,-0.790895,-92085.8
2.8,0.0900086,2,-0.20778,0.0911436,-0.787894,-90303.3
2.8,0.0900086,2,-0.20778,0.0911436,-0.784892,-97173.3
2.8,0.0900086,2,-0.20778,0.0911436,-0.781891,-96439.1
2.8,0.0900086,2,-0.20778,0.0911436,-0.778889,-102138
2.8,0.0900086,2,-0.20778,0.0911436,-0.775888,-105959
2.8,0.0900086,2,-0.20778,0.0911436,-0.772886,-110325
2.8,0.0900086,2,-0.20778,0.0911436,-0.769885,-90721.7
2.8,0.0900086,2,-0.20778,0.0911436,-0.766883,-95738.1
2.8,0.0900086,2,-0.20778,0.0911436,-0.763882,-98860.8
2.8,0.0900086,2,-0.20778,0.0911436,-0.76088,-95828.5
2.8,0.0900086,2,-0.20778,0.0911436,-0.757879,-97304.6
2.8,0.0900086,2,-0.20778,0.0911436,-0.754877,-110500
2.8,0.0900086,2,-0.20778,0.0911436,-0.751876,-86510.9
2.8,0.0900086,2,-0.20778,0.0911436,-0.748874,-105055
2.8,0.0900086,2,-0.20778,0.0911436,-0.745873,-105354
2.8,0.0900086,2,-0.20778,0.0911436,-0.742871,-87996.6
2.8,0.0900086,2,-0.20778,0.0911436,-0.73987,-89593
2.8,0.0900086,2,-0.20778,0.0911436,-0.736868,-102897
2.8,0.0900086,2,-0.20778,0.0911436,-0.733867,-93245.6
2.8,0.0900086,2,-0.20778,0.0911436,-0.730865,-98348
2.8,0.0900086,2,-0.20778,0.0911436,-0.727864,-88961.2
2.8,0.0900086,2,-0.20778,0.0911436,-0.724862,-108707
2.8,0.0900086,2,-0.20778,0.0911436,-0.721861,-89138.4
2.8,0.0900086,2,-0.20778,0.0911436,-0.718859,-101474
2.8,0.0900086,2,-0.20778,0.0911436,-0.715858,-96039.8
2.8,0.0900086,2,-0.20778,0.0911436,-0.712856,-96502.1
2.8,0.0900086,2,-0.20778,0.0911436,-0.709855,-84770.2
2.8,0.0900086,2,-0.20778,0.0911436,-0.706853,-100204
2.8,0.0900086,2,-0.20778,0.0911436,-0.703852,-83520.5
2.8,0.0900086,2,-0.20778,0.0911436,-0.70085,-88532.1
2.8,0.0900086,2,-0.20778,0.0911436,-0.697849,-99488.5
2.8,0.0900086,2,-0.20778,0.0911436,-0.694847,-95824.2
2.8,0.0900086,2,-0.20778,0.0911436,-0.691846,-89320.9
2.8,0.0900086,2,-0.20778,0.0911436,-0.688844,-81043.3
2.8,0.0900086,2,-0.20778,0.0911436,-0.685843,-75260
2.8,0.0900086,2,-0.20778,0.0911436,-0.682841,-67511.2
2.8,0.0900086,2,-0.20778,0.0911436,-0.67984,-59731.1
2.8,0.0900086,2,-0.20778,0.0911436,-0.676838,-51919.2
2.8,0.0900086,2,-0.20778,0.0911436,-0.673837,-44075.9
2.8,0.0900086,2,-0.20778,0.0911436,-0.670835,-36202.2
2.8,0.0900086,2,-0.20778,0.0911436,-0.667834,-28295.2
2.8,0.0900086,2,-0.20778,0.0911436,-0.664832,-20358.6
2.8,0.0900086,2,-0.20778,0.0911436,-0.661831,-12389.5
2.8,0.0900086,2,-0.20778,0.0911436,-0.658829,-4389.17
2.8,0.0900086,2,-0.20778,0.0911436,-0.655828,3641.64
2.8,0.0900086,2,-0.20778,0.0911436,-0.652826,11703.5
2.8,0.0900086,2,-0.20778,0.0911436,-0.649825,19798
2.8,0.0900086,2,-0.20778,0.0911436,-0.646823,27923.1
2.8,0.0900086,2,-0.20778,0.0911436,-0.643822,36079.7
2.8,0.0900086,2,-0.20778,0.0911436,-0.64082,44266.6
2.8,0.0900086,2,-0.20778,0.0911436,-0.637819,52485
2.8,0.0900086,2,-0.20778,0.0911436,-0.634817,60734.1
2.8,0.0900086,2,-0.20778,0.0911436,-0.631816,69014.5
2.8,0.0900086,2,-0.20778,0.0911436,-0.628814,77325.9
2.8,0.0900086,2,-0.20778,0.0911436,-0.625813,83929
2.8,0.0900086,2,-0.20778,0.0911436,-0.622811,92153.4
2.8,0.0900086,2,-0.20778,0.0911436,-0.61981,82903.7
2.8,0.0900086,2,-0.20778,0.0911436,-0.616808,102288
2.8,0.0900086,2,-0.20778,0.0911436,-0.613807,96087.8
2.8,0.0900086,2,-0.20778,0.0911436,-0.610805,99558.7
2.8,0.0900086,2,-0.20778,0.0911436,-0.607804,84744.2
2.8,0.0900086,2,-0.20778,0.0911436,-0.604802,88807.4
2.8,0.0900086,2,-0.20778,0.0911436,-0.601801,95108.4
2.8,0.0900086,2,-0.20778,0.0911436,-0.598799,95178.7
2.8,0.0900086,2,-0.20778,0.0911436,-0.595798,102930
2.8,0.0900086,2,-0.20778,0.0911436,-0.592796,107688
2.8,0.0900086,2,-0.20778,0.0911436,-0.589795,95697.1
2.8,0.0900086,2,-0.20778,0.0911436,-0.586793,92763.5
2.8,0.0900086,2,-0.20778,0.0911436,-0.583792,99213.7
2.8,0.0900086,2,-0.20778,0.0911436,-0.58079,99470.4
2.8,0.0900086,2,-0.20778,0.0911436,-0.577789,102895
2.8,0.0900086,2,-0.20778,0.0911436,-0.574787,109550
2.8,0.0900086,2,-0.20778,0.0911436,-0.571786,90187.8
2.8,0.0900086,2,-0.20778,0.0911436,-0.568784,97455.4
2.8,0.0900086,2,-0.20778,0.0911436,-0.565783,107222
2.8,0.0900086,2,-0.20778,0.0911436,-0.562781,98798.3
2.8,0.0900086,2,-0.20778,0.0911436,-0.55978,103248
2.8,0.0900086,2,-0.20778,0.0911436,-0.556778,99231
2.8,0.0900086,2,-0.20778,0.0911436,-0.553777,108539
2.8,0.0900086,2,-0.20778,0.0911436,-0.550775,94178
2.8,0.0900086,2,-0.20778,0.0911436,-0.547774,88276.4
2.8,0.0900086,2,-0.20778,0.0911436,-0.544772,87225.6
2.8,0.0900086,2,-0.20778,0.0911436,-0.541771,91742.8
2.8,0.0900086,2,-0.20778,0.0911436,-0.538769,97860.1
2.8,0.0900086,2,-0.20778,0.0911436,-0.535768,104457
2.8,0.0900086,2,-0.20778,0.0911436,-0.532766,103482
2.8,0.0900086,2,-0.20778,0.0911436,-0.529765,96978.4
2.8,0.0900086,2,-0.20778,0.0911436,-0.526763,113309
2.8,0.0900086,2,-0.20778,0.0911436,-0.523762,110270
2.8,0.0900086,2,-0.20778,0.0911436,-0.52076,108127
2.8,0.0900086,2,-0.20778,0.0911436,-0.517759,113044
2.8,0.0900086,2,-0.20778,0.0911436,-0.514757,110452
2.8,0.0900086,2,-0.20778,0.0911436,-0.511756,91371.6
2.8,0.0900086,2,-0.20778,0.0911436,-0.508754,92596.2
2.8,0.0900086,2,-0.20778,0.0911436,-0.505753,98751.5
2.8,0.0900086,2,-0.20778,0.0911436,-0.502751,97975.9
2.8,0.0900086,2,-0.20778,0.0911436,-0.49975,98074.3
2.8,0.0900086,2,-0.20778,0.0911436,-0.496748,104115
2.8,0.0900086,2,-0.20778,0.0911436,-0.493747,102260
2.8,0.0900086,2,-0.20778,0.0911436,-0.490745,107945
2.8,0.0900086,2,-0.20778,0.0911436,-0.487744,105996
2.8,0.0900086,2,-0.20778,0.0911436,-0.484742,113254
2.8,0.0900086,2,-0.20778,0.0911436,-0.481741,115426
2.8,0.0900086,2,-0.20778,0.0911436,-0.478739,89966.7
2.8,0.0900086,2,-0.20778,0.0911436,-0.475738,89415.3
2.8,0.0900086,2,-0.20778,0.0911436,-0.472736,106879
2.8,0.0900086,2,-0.20778,0.0911436,-0.469735,92358.3
2.8,0.0900086,2,-0.20778,0.0911436,-0.466733,93398.3
2.8,0.0900086,2,-0.20778,0.0911436,-0.463732,93103.8
2.8,0.0900086,2,-0.20778,0.0911436,-0.46073,97932.6
2.8,0.0900086,2,-0.20778,0.0911436,-0.457729,100042
2.8,0.0900086,2,-0.20778,0.0911436,-0.454727,103204
2.8,0.0900086,2,-0.20778,0.0911436,-0.451726,99982.9
2.8,0.0900086,2,-0.20778,0.0911436,-0.448724,90509.7
2.8,0.0900086,2,-0.20778,0.0911436,-0.445723,90998.2
2.8,0.0900086,2,-0.20778,0.0911436,-0.442721,108171
2.8,0.0900086,2,-0.20778,0.0911436,-0.43972,106377
2.8,0.0900086,2,-0.20778,0.0911436,-0.436718,95898.9
2.8,0.0900086,2,-0.20778,0.0911436,-0.433717,113856
2.8,0.0900086,2,-0.20778,0.0911436,-0.430715,113058
2.8,0.0900086,2,-0.20778,0.0911436,-0.427714,99884.7
2.8,0.0900086,2,-0.20778,0.0911436,-0.424712,113019
2.8,0.0900086,2,-0.20778,0.0911436,-0.421711,93055.8
2.8,0.0900086,2,-0.20778,0.0911436,-0.418709,92427.6
2.8,0.0900086,2,-0.20778,0.0911436,-0.415708,116132
2.8,0.0900086,2,-0.20778,0.0911436,-0.412706,109534
2.8,0.0900086,2,-0.20778,0.0911436,-0.409705,101782
2.8,0.0900086,2,-0.20778,0.0911436,-0.406703,98822.5
2.8,0.0900086,2,-0.20778,0.0911436,-0.403702,100409
2.8,0.0900086,2,-0.20778,0.0911436,-0.4007,102500
2.8,0.0900086,2,-0.20778,0.0911436,-0.397699,105426
2.8,0.0900086,2,-0.20778,0.0911436,-0.394697,102912
2.8,0.0900086,2,-0.20778,0.0911436,-0.391696,97478.5
2.8,0.0900086,2,-0.20778,0.0911436,-0.388694,116893
2.8,0.0900086,2,-0.20778,0.0911436,-0.385693,114554
2.8,0.0900086,2,-0.20778,0.0911436,-0.382691,107626
2.8,0.0900086,2,-0.20778,0.0911436,-0.37969,110209
2.8,0.0900086,2,-0.20778,0.0911436,-0.376688,109961
2.8,0.0900086,2,-0.20778,0.0911436,-0.373687,93613.5
2.8,0.0900086,2,-0.20778,0.0911436,-0.370685,110247
2.8,0.0900086,2,-0.20778,0.0911436,-0.367684,101046
2.8,0.0900086,2,-0.20778,0.0911436,-0.364682,99759.8
2.8,0.0900086,2,-0.20778,0.0911436,-0.361681,118199
2.8,0.0900086,2,-0.20778,0.0911436,-0.358679,92803.8
2.8,0.0900086,2,-0.20778,0.0911436,-0.355678,118349
2.8,0.0900086,2,-0.20778,0.0911436,-0.352676,101574
2.8,0.0900086,2,-0.20778,0.0911436,-0.349675,106332
2.8,0.0900086,2,-0.20778,0.0911436,-0.346673,116344
2.8,0.0900086,2,-0.20778,0.0911436,-0.343672,98354.2
2.8,0.0900086,2,-0.20778,0.0911436,-0.34067,116859
2.8,0.0900086,2,-0.20778,0.0911436,-0.337669,97398.2
2.8,0.0900086,2,-0.20778,0.0911436,-0.334667,118768
2.8,0.0900086,2,-0.20778,0.0911436,-0.331666,100564
2.8,0.0900086,2,-0.20778,0.0911436,-0.328664,98398.7
2.8,0.0900086,2,-0.20778,0.0911436,-0.325663,116585
2.8,0.0900086,2,-0.20778,0.0911436,-0.322661,104433
2.8,0.0900086,2,-0.20778,0.0911436,-0.31966,119847
2.8,0.0900086,2,-0.20778,0.0911436,-0.316658,117132
2.8,0.0900086,2,-0.20778,0.0911436,-0.313657,106063
2.8,0.0900086,2,-0.20778,0.0911436,-0.310655,108623
2.8,0.0900086,2,-0.20778,0.0911436,-0.307654,111566
2.8,0.0900086,2,-0.20778,0.0911436,-0.304652,109200
2.8,0.0900086,2,-0.20778,0.0911436,-0.301651,113166
2.8,0.0900086,2,-0.20778,0.0911436,-0.298649,93092.3
2.8,0.0900086,2,-0.20778,0.0911436,-0.295648,113086
2.8,0.0900086,2,-0.20778,0.0911436,-0.292646,114947
2.8,0.0900086,2,-0.20778,0.0911436,-0.289645,95184.8
2.8,0.0900086,2,-0.20778,0.0911436,-0.286643,112514
2.8,0.0900086,2,-0.20778,0.0911436,-0.283642,118110
2.8,0.0900086,2,-0.20778,0.0911436,-0.28064,93809.3
2.8,0.0900086,2,-0.20778,0.0911436,-0.277639,118563
2.8,0.0900086,2,-0.20778,0.0911436,-0.274637,102565
2.8,0.0900086,2,-0.20778,0.0911436,-0.271636,94014
2.8,0.0900086,2,-0.20778,0.0911436,-0.268634,106736
2.8,0.0900086,2,-0.20778,0.0911436,-0.265633,102207
2.8,0.0900086,2,-0.20778,0.0911436,-0.262631,95786.8
2.8,0.0900086,2,-0.20778,0.0911436,-0.25963,98294.3
2.8,0.0900086,2,-0.20778,0.0911436,-0.256628,99906.5
2.8,0.0900086,2,-0.20778,0.0911436,-0.253627,120432
2.8,0.0900086,2,-0.20778,0.0911436,-0.250625,108922
2.8,0.0900086,2,-0.20778,0.0911436,-0.247624,101782
2.8,0.0900086,2,-0.20778,0.0911436,-0.244622,95463.3
2.8,0.0900086,2,-0.20778,0.0911436,-0.241621,113504
2.8,0.0900086,2,-0.20778,0.0911436,-0.238619,121499
2.8,0.0900086,2,-0.20778,0.0911436,-0.235618,104679
2.8,0.0900086,2,-0.20778,0.0911436,-0.232616,114178
2.8,0.0900086,2,-0.20778,0.0911436,-0.229615,102138
2.8,0.0900086,2,-0.20778,0.0911436,-0.226613,107933
2.8,0.0900086,2,-0.20778,0.0911436,-0.223612,105491
2.8,0.0900086,2,-0.20778,0.0911436,-0.22061,108041
2.8,0.0900086,2,-0.20778,0.0911436,-0.217609,102276
2.8,0.0900086,2,-0.20778,0.0911436,-0.214607,112491
2.8,0.0900086,2,-0.20778,0.0911436,-0.211606,111500
2.8,0.0900086,2,-0.20778,0.0911436,-0.208604,111201
2.8,0.0900086,2,-0.20778,0.0911436,-0.205603,112602
2.8,0.0900086,2,-0.20778,0.0911436,-0.202601,114892
2.8,0.0900086,2,-0.20778,0.0911436,-0.1996,113114
2.8,0.0900086,2,-0.20778,0.0911436,-0.196598,114983
2.8,0.0900086,2,-0.20778,0.0911436,-0.193597,115298
2.8,0.0900086,2,-0.20778,0.0911436,-0.190595,117457
2.8,0.0900086,2,-0.20778,0.0911436,-0.187594,94938.1
2.8,0.0900086,2,-0.20778,0.0911436,-0.184592,103053
2.8,0.0900086,2,-0.20778,0.0911436,-0.181591,97222.4
2.8,0.0900086,2,-0.20778,0.0911436,-0.178589,120479
2.8,0.0900086,2,-0.20778,0.0911436,-0.175588,95760.5
2.8,0.0900086,2,-0.20778,0.0911436,-0.172586,121706
2.8,0.0900086,2,-0.20778,0.0911436,-0.169585,95848.9
2.8,0.0900086,2,-0.20778,0.0911436,-0.166583,122391
2.8,0.0900086,2,-0.20778,0.0911436,-0.163582,96474.6
2.8,0.0900086,2,-0.20778,0.0911436,-0.16058,98588.4
2.8,0.0900086,2,-0.20778,0.0911436,-0.157579,105521
2.8,0.0900086,2,-0.20778,0.0911436,-0.154577,98245.6
2.8,0.0900086,2,-0.20778,0.0911436,-0.151576,120577
2.8,0.0900086,2,-0.20778,0.0911436,-0.148574,112237
2.8,0.0900086,2,-0.20778,0.0911436,-0.145573,110654
2.8,0.0900086,2,-0.20778,0.0911436,-0.142571,102253
2.8,0.0900086,2,-0.20778,0.0911436,-0.13957,107279
2.8,0.0900086,2,-0.20778,0.0911436,-0.136568,113226
2.8,0.0900086,2,-0.20778,0.0911436,-0.133567,102314
2.8,0.0900086,2,-0.20778,0.0911436,-0.130565,100753
2.8,0.0900086,2,-0.20778,0.0911436,-0.127564,103601
2.8,0.0900086,2,-0.20778,0.0911436,-0.124562,108467
2.8,0.0900086,2,-0.20778,0.0911436,-0.121561,118109
2.8,0.0900086,2,-0.20778,0.0911436,-0.118559,104086
2.8,0.0900086,2,-0.20778,0.0911436,-0.115558,98365.6
2.8,0.0900086,2,-0.20778,0.0911436,-0.112556,103224
2.8,0.0900086,2,-0.20778,0.0911436,-0.109555,105322
2.8,0.0900086,2,-0.20778,0.0911436,-0.106553,100035
2.8,0.0900086,2,-0.20778,0.0911436,-0.103552,121953
2.8,0.0900086,2,-0.20778,0.0911436,-0.10055,108007
2.8,0.0900086,2,-0.20778,0.0911436,-0.0975488,116960
2.8,0.0900086,2,-0.20778,0.0911436,-0.0945473,97533.5
2.8,0.0900086,2,-0.20778,0.0911436,-0.0915458,98884.1
2.8,0.0900086,2,-0.20778,0.0911436,-0.0885443,102805
2.8,0.0900086,2,-0.20778,0.0911436,-0.0855428,117974
2.8,0.0900086,2,-0.20778,0.0911436,-0.0825413,97420.5
2.8,0.0900086,2,-0.20778,0.0911436,-0.0795398,113332
2.8,0.0900086,2,-0.20778,0.0911436,-0.0765383,105128
2.8,0.0900086,2,-0.20778,0.0911436,-0.0735368,106930
2.8,0.0900086,2,-0.20778,0.0911436,-0.0705353,101335
2.8,0.0900086,2,-0.20778,0.0911436,-0.0675338,117540
2.8,0.0900086,2,-0.20778,0.0911436,-0.0645323,120529
2.8,0.0900086,2,-0.20778,0.0911436,-0.0615308,98597.5
2.8,0.0900086,2,-0.20778,0.0911436,-0.0585293,102963
2.8,0.0900086,2,-0.20778,0.0911436,-0.0555278,98350.6
2.8,0.0900086,2,-0.20778,0.0911436,-0.0525263,117649
2.8,0.0900086,2,-0.20778,0.0911436,-0.0495248,120754
2.8,0.0900086,2,-0.20778,0.0911436,-0.0465233,108755
2.8,0.0900086,2,-0.20778,0.0911436,-0.0435218,114050
2.8,0.0900086,2,-0.20778,0.0911436,-0.0405203,116677
2.8,0.0900086,2,-0.20778,0.0911436,-0.0375188,103758
2.8,0.0900086,2,-0.20778,0.0911436,-0.0345173,116242
2.8,0.0900086,2,-0.20778,0.0911436,-0.0315158,103992
2.8,0.0900086,2,-0.20778,0.0911436,-0.0285143,124412
2.8,0.0900086,2,-0.20778,0.0911436,-0.0255128,97545.3
2.8,0.0900086,2,-0.20778,0.0911436,-0.0225113,97229.1
2.8,0.0900086,2,-0.20778,0.0911436,-0.0195098,118584
2.8,0.0900086,2,-0.20778,0.0911436,-0.0165083,108087
2.8,0.0900086,2,-0.20778,0.0911436,-0.0135068,115243
2.8,0.0900086,2,-0.20778,0.0911436,-0.0105053,106142
2.8,0.0900086,2,-0.20778,0.0911436,-0.00750375,101117
2.8,0.0900086,2,-0.20778,0.0911436,-0.00450225,116441
2.8,0.0900086,2,-0.20778,0.0911436,-0.00150075,97345
2.8,0.0900086,2,-0.20778,0.0911436,0.00150075,112445
2.8,0.0900086,2,-0.20778,0.0911436,0.00450225,108098
2.8,0.0900086,2,-0.20778,0.0911436,0.00750375,113259
2.8,0.0900086,2,-0.20778,0.0911436,0.0105053,103398
2.8,0.0900086,2,-0.20778,0.0911436,0.0135068,114560
2.8,0.0900086,2,-0.20778,0.0911436,0.0165083,100255
2.8,0.0900086,2,-0.20778,0.0911436,0.0195098,102759
2.8,0.0900086,2,-0.20778,0.0911436,0.0225113,107779
2.8,0.0900086,2,-0.20778,0.0911436,0.0255128,107895
2.8,0.0900086,2,-0.20778,0.0911436,0.0285143,108330
2.8,0.0900086,2,-0.20778,0.0911436,0.0315158,103278
2.8,0.0900086,2,-0.20778,0.0911436,0.0345173,113401
2.8,0.0900086,2,-0.20778,0.0911436,0.0375188,105083
2.8,0.0900086,2,-0.20778,0.0911436,0.0405203,122466
2.8,0.0900086,2,-0.20778,0.0911436,0.0435218,108816
2.8,0.0900086,2,-0.20778,0.0911436,0.0465233,121220
2.8,0.0900086,2,-0.20778,0.0911436,0.0495248,107526
2.8,0.0900086,2,-0.20778,0.0911436,0.0525263,124767
2.8,0.0900086,2,-0.20778,0.0911436,0.0555278,102863
2.8,0.0900086,2,-0.20778,0.0911436,0.0585293,98654.6
2.8,0.0900086,2,-0.20778,0.0911436,0.0615308,128060
2.8,0.0900086,2,-0.20778,0.0911436,0.0645323,124616
2.8,0.0900086,2,-0.20778,0.0911436,0.0675338,109631
2.8,0.0900086,2,-0.20778,0.0911436,0.0705353,104269
2.8,0.0900086,2,-0.20778,0.0911436,0.0735368,120120
2.8,0.0900086,2,-0.20778,0.0911436,0.0765383,103310
2.8,0.0900086,2,-0.20778,0.0911436,0.0795398,100115
2.8,0.0900086,2,-0.20778,0.0911436,0.0825413,109948
2.8,0.0900086,2,-0.20778,0.0911436,0.0855428,99714.7
2.8,0.0900086,2,-0.20778,0.0911436,0.0885443,122804
2.8,0.0900086,2,-0.20778,0.0911436,0.0915458,122644
2.8,0.0900086,2,-0.20778,0.0911436,0.0945473,97562.9
2.8,0.0900086,2,-0.20778,0.0911436,0.0975488,104175
2.8,0.0900086,2,-0.20778,0.0911436,0.10055,124700
2.8,0.0900086,2,-0.20778,0.0911436,0.103552,104044
2.8,0.0900086,2,-0.20778,0.0911436,0.106553,106627
2.8,0.0900086,2,-0.20778,0.0911436,0.109555,98861
2.8,0.0900086,2,-0.20778,0.0911436,0.112556,125114
2.8,0.0900086,2,-0.20778,0.0911436,0.115558,105206
2.8,0.0900086,2,-0.20778,0.0911436,0.118559,103482
2.8,0.0900086,2,-0.20778,0.0911436,0.121561,119857
2.8,0.0900086,2,-0.20778,0.0911436,0.124562,104083
2.8,0.0900086,2,-0.20778,0.0911436,0.127564,122413
2.8,0.0900086,2,-0.20778,0.0911436,0.130565,107335
2.8,0.0900086,2,-0.20778,0.0911436,0.133567,102382
2.8,0.0900086,2,-0.20778,0.0911436,0.136568,110262
2.8,0.0900086,2,-0.20778,0.0911436,0.13957,103439
2.8,0.0900086,2,-0.20778,0.0911436,0.142571,99488.3
2.8,0.0900086,2,-0.20778,0.0911436,0.145573,102000
2.8,0.0900086,2,-0.20778,0.0911436,0.148574,108150
2.8,0.0900086,2,-0.20778,0.0911436,0.151576,120699
2.8,0.0900086,2,-0.20778,0.0911436,0.154577,103175
2.8,0.0900086,2,-0.20778,0.0911436,0.157579,107329
2.8,0.0900086,2,-0.20778,0.0911436,0.16058,113434
2.8,0.0900086,2,-0.20778,0.0911436,0.163582,100652
2.8,0.0900086,2,-0.20778,0.0911436,0.166583,108498
2.8,0.0900086,2,-0.20778,0.0911436,0.169585,108690
2.8,0.0900086,2,-0.20778,0.0911436,0.172586,108167
2.8,0.0900086,2,-0.20778,0.0911436,0.175588,120491
2.8,0.0900086,2,-0.20778,0.0911436,0.178589,119519
2.8,0.0900086,2,-0.20778,0.0911436,0.181591,120464
2.8,0.0900086,2,-0.20778,0.0911436,0.184592,112935
2.8,0.0900086,2,-0.20778,0.0911436,0.187594,117285
2.8,0.0900086,2,-0.20778,0.0911436,0.190595,117406
2.8,0.0900086,2,-0.20778,0.0911436,0.193597,112414
2.8,0.0900086,2,-0.20778,0.0911436,0.196598,107839
2.8,0.0900086,2,-0.20778,0.0911436,0.1996,112526
2.8,0.0900086,2,-0.20778,0.0911436,0.202601,118522
2.8,0.0900086,2,-0.20778,0.0911436,0.205603,128913
2.8,0.0900086,2,-0.20778,0.0911436,0.208604,104821
2.8,0.0900086,2,-0.20778,0.0911436,0.211606,112570
2.8,0.0900086,2,-0.20778,0.0911436,0.214607,112906
2.8,0.0900086,2,-0.20778,0.0911436,0.217609,104768
2.8,0.0900086,2,-0.20778,0.0911436,0.22061,110424
2.8,0.0900086,2,-0.20778,0.0911436,0.223612,112566
2.8,0.0900086,2,-0.20778,0.0911436,0.226613,112448
2.8,0.0900086,2,-0.20778,0.0911436,0.229615,114798
2.8,0.0900086,2,-0.20778,0.0911436,0.232616,115940
2.8,0.0900086,2,-0.20778,0.0911436,0.235618,117140
2.8,0.0900086,2,-0.20778,0.0911436,0.238619,114168
2.8,0.0900086,2,-0.20778,0.0911436,0.241621,126181
2.8,0.0900086,2,-0.20778,0.0911436,0.244622,117218
2.8,0.0900086,2,-0.20778,0.0911436,0.247624,118426
2.8,0.0900086,2,-0.20778,0.0911436,0.250625,118861
2.8,0.0900086,2,-0.20778,0.0911436,0.253627,118197
2.8,0.0900086,2,-0.20778,0.0911436,0.256628,123304
2.8,0.0900086,2,-0.20778,0.0911436,0.25963,114059
2.8,0.0900086,2,-0.20778,0.0911436,0.262631,102524
2.8,0.0900086,2,-0.20778,0.0911436,0.265633,115818
2.8,0.0900086,2,-0.20778,0.0911436,0.268634,118652
2.8,0.0900086,2,-0.20778,0.0911436,0.271636,120920
2.8,0.0900086,2,-0.20778,0.0911436,0.274637,118784
2.8,0.0900086,2,-0.20778,0.0911436,0.277639,118251
2.8,0.0900086,2,-0.20778,0.0911436,0.28064,119067
2.8,0.0900086,2,-0.20778,0.0911436,0.283642,101008
2.8,0.0900086,2,-0.20778,0.0911436,0.286643,118672
2.8,0.0900086,2,-0.20778,0.0911436,0.289645,123034
2.8,0.0900086,2,-0.20778,0.0911436,0.292646,119806
2.8,0.0900086,2,-0.20778,0.0911436,0.295648,119965
2.8,0.0900086,2,-0.20778,0.0911436,0.298649,118347
2.8,0.0900086,2,-0.20778,0.0911436,0.301651,123883
2.8,0.0900086,2,-0.20778,0.0911436,0.304652,125032
2.8,0.0900086,2,-0.20778,0.0911436,0.307654,124144
2.8,0.0900086,2,-0.20778,0.0911436,0.310655,121372
2.8,0.0900086,2,-0.20778,0.0911436,0.313657,98099.8
2.8,0.0900086,2,-0.20778,0.0911436,0.316658,124492
2.8,0.0900086,2,-0.20778,0.0911436,0.31966,100047
2.8,0.0900086,2,-0.20778,0.0911436,0.322661,124145
2.8,0.0900086,2,-0.20778,0.0911436,0.325663,126288
2.8,0.0900086,2,-0.20778,0.0911436,0.328664,107798
2.8,0.0900086,2,-0.20778,0.0911436,0.331666,100607
2.8,0.0900086,2,-0.20778,0.0911436,0.334667,110223
2.8,0.0900086,2,-0.20778,0.0911436,0.337669,98741.9
2.8,0.0900086,2,-0.20778,0.0911436,0.34067,124146
2.8,0.0900086,2,-0.20778,0.0911436,0.343672,99164.3
2.8,0.0900086,2,-0.20778,0.0911436,0.346673,126112
2.8,0.0900086,2,-0.20778,0.0911436,0.349675,124194
2.8,0.0900086,2,-0.20778,0.0911436,0.352676,101526
2.8,0.0900086,2,-0.20778,0.0911436,0.355678,98645.1
2.8,0.0900086,2,-0.20778,0.0911436,0.358679,98977.2
2.8,0.0900086,2,-0.20778,0.0911436,0.361681,127258
2.8,0.0900086,2,-0.20778,0.0911436,0.364682,100115
2.8,0.0900086,2,-0.20778,0.0911436,0.367684,99280.9
2.8,0.0900086,2,-0.20778,0.0911436,0.370685,122865
2.8,0.0900086,2,-0.20778,0.0911436,0.373687,98793.8
2.8,0.0900086,2,-0.20778,0.0911436,0.376688,99373
2.8,0.0900086,2,-0.20778,0.0911436,0.37969,126203
2.8,0.0900086,2,-0.20778,0.0911436,0.382691,101878
2.8,0.0900086,2,-0.20778,0.0911436,0.385693,125143
2.8,0.0900086,2,-0.20778,0.0911436,0.388694,105722
2.8,0.0900086,2,-0.20778,0.0911436,0.391696,104337
2.8,0.0900086,2,-0.20778,0.0911436,0.394697,104958
2.8,0.0900086,2,-0.20778,0.0911436,0.397699,109874
2.8,0.0900086,2,-0.20778,0.0911436,0.4007,102106
2.8,0.0900086,2,-0.20778,0.0911436,0.403702,103180
2.8,0.0900086,2,-0.20778,0.0911436,0.406703,107760
2.8,0.0900086,2,-0.20778,0.0911436,0.409705,128694
2.8,0.0900086,2,-0.20778,0.0911436,0.412706,104036
2.8,0.0900086,2,-0.20778,0.0911436,0.415708,106569
2.8,0.0900086,2,-0.20778,0.0911436,0.418709,122691
2.8,0.0900086,2,-0.20778,0.0911436,0.421711,107081
2.8,0.0900086,2,-0.20778,0.0911436,0.424712,103585
2.8,0.0900086,2,-0.20778,0.0911436,0.427714,105273
2.8,0.0900086,2,-0.20778,0.0911436,0.430715,106686
2.8,0.0900086,2,-0.20778,0.0911436,0.433717,115305
2.8,0.0900086,2,-0.20778,0.0911436,0.436718,102865
2.8,0.0900086,2,-0.20778,0.0911436,0.43972,124768
2.8,0.0900086,2,-0.20778,0.0911436,0.442721,104602
2.8,0.0900086,2,-0.20778,0.0911436,0.445723,106555
2.8,0.0900086,2,-0.20778,0.0911436,0.448724,109464
2.8,0.0900086,2,-0.20778,0.0911436,0.451726,106170
2.8,0.0900086,2,-0.20778,0.0911436,0.454727,103759
2.8,0.0900086,2,-0.20778,0.0911436,0.457729,103826
2.8,0.0900086,2,-0.20778,0.0911436,0.46073,105789
2.8,0.0900086,2,-0.20778,0.0911436,0.463732,110867
2.8,0.0900086,2,-0.20778,0.0911436,0.466733,107907
2.8,0.0900086,2,-0.20778,0.0911436,0.469735,118125
2.8,0.0900086,2,-0.20778,0.0911436,0.472736,109507
2.8,0.0900086,2,-0.20778,0.0911436,0.475738,107996
2.8,0.0900086,2,-0.20778,0.0911436,0.478739,100136
2.8,0.0900086,2,-0.20778,0.0911436,0.481741,107047
2.8,0.0900086,2,-0.20778,0.0911436,0.484742,105464
2.8,0.0900086,2,-0.20778,0.0911436,0.487744,110509
2.8,0.0900086,2,-0.20778,0.0911436,0.490745,109161
2.8,0.0900086,2,-0.20778,0.0911436,0.493747,108743
2.8,0.0900086,2,-0.20778,0.0911436,0.496748,121849
2.8,0.0900086,2,-0.20778,0.0911436,0.49975,119617
2.8,0.0900086,2,-0.20778,0.0911436,0.502751,108820
2.8,0.0900086,2,-0.20778,0.0911436,0.505753,109628
2.8,0.0900086,2,-0.20778,0.0911436,0.508754,109077
2.8,0.0900086,2,-0.20778,0.0911436,0.511756,111307
2.8,0.0900086,2,-0.20778,0.0911436,0.514757,110001
2.8,0.0900086,2,-0.20778,0.0911436,0.517759,104203
2.8,0.0900086,2,-0.20778,0.0911436,0.52076,124801
2.8,0.0900086,2,-0.20778,0.0911436,0.523762,111549
2.8,0.0900086,2,-0.20778,0.0911436,0.526763,101409
2.8,0.0900086,2,-0.20778,0.0911436,0.529765,104016
2.8,0.0900086,2,-0.20778,0.0911436,0.532766,113174
2.8,0.0900086,2,-0.20778,0.0911436,0.535768,105258
2.8,0.0900086,2,-0.20778,0.0911436,0.538769,107168
2.8,0.0900086,2,-0.20778,0.0911436,0.541771,109905
2.8,0.0900086,2,-0.20778,0.0911436,0.544772,109629
2.8,0.0900086,2,-0.20778,0.0911436,0.547774,124211
2.8,0.0900086,2,-0.20778,0.0911436,0.550775,107790
2.8,0.0900086,2,-0.20778,0.0911436,0.553777,111581
2.8,0.0900086,2,-0.20778,0.0911436,0.556778,110939
2.8,0.0900086,2,-0.20778,0.0911436,0.55978,124214
2.8,0.0900086,2,-0.20778,0.0911436,0.562781,124517
2.8,0.0900086,2,-0.20778,0.0911436,0.565783,124954
2.8,0.0900086,2,-0.20778,0.0911436,0.568784,103198
2.8,0.0900086,2,-0.20778,0.0911436,0.571786,113509
2.8,0.0900086,2,-0.20778,0.0911436,0.574787,111834
2.8,0.0900086,2,-0.20778,0.0911436,0.577789,122345
2.8,0.0900086,2,-0.20778,0.0911436,0.58079,124951
2.8,0.0900086,2,-0.20778,0.0911436,0.583792,99888.3
2.8,0.0900086,2,-0.20778,0.0911436,0.586793,117653
2.8,0.0900086,2,-0.20778,0.0911436,0.589795,114195
2.8,0.0900086,2,-0.20778,0.0911436,0.592796,99467.3
2.8,0.0900086,2,-0.20778,0.0911436,0.595798,105205
2.8,0.0900086,2,-0.20778,0.0911436,0.598799,99927.4
2.8,0.0900086,2,-0.20778,0.0911436,0.601801,108760
2.8,0.0900086,2,-0.20778,0.0911436,0.604802,113525
2.8,0.0900086,2,-0.20778,0.0911436,0.607804,107508
2.8,0.0900086,2,-0.20778,0.0911436,0.610805,112983
2.8,0.0900086,2,-0.20778,0.0911436,0.613807,108667
2.8,0.0900086,2,-0.20778,0.0911436,0.616808,119408
2.8,0.0900086,2,-0.20778,0.0911436,0.61981,112497
2.8,0.0900086,2,-0.20778,0.0911436,0.622811,112064
2.8,0.0900086,2,-0.20778,0.0911436,0.625813,122583
2.8,0.0900086,2,-0.20778,0.0911436,0.628814,115536
2.8,0.0900086,2,-0.20778,0.0911436,0.631816,112920
2.8,0.0900086,2,-0.20778,0.0911436,0.634817,106832
2.8,0.0900086,2,-0.20778,0.0911436,0.637819,109605
2.8,0.0900086,2,-0.20778,0.0911436,0.64082,114609
2.8,0.0900086,2,-0.20778,0.0911436,0.643822,110375
2.8,0.0900086,2,-0.20778,0.0911436,0.646823,125249
2.8,0.0900086,2,-0.20778,0.0911436,0.649825,119191
2.8,0.0900086,2,-0.20778,0.0911436,0.652826,113029
2.8,0.0900086,2,-0.20778,0.0911436,0.655828,112078
2.8,0.0900086,2,-0.20778,0.0911436,0.658829,110188
2.8,0.0900086,2,-0.20778,0.0911436,0.661831,113235
2.8,0.0900086,2,-0.20778,0.0911436,0.664832,109822
2.8,0.0900086,2,-0.20778,0.0911436,0.667834,104161
2.8,0.0900086,2,-0.20778,0.0911436,0.670835,115033
2.8,0.0900086,2,-0.20778,0.0911436,0.673837,113595
2.8,0.0900086,2,-0.20778,0.0911436,0.676838,115372
2.8,0.0900086,2,-0.20778,0.0911436,0.67984,105747
2.8,0.0900086,2,-0.20778,0.0911436,0.682841,113773
2.8,0.0900086,2,-0.20778,0.0911436,0.685843,102422
2.8,0.0900086,2,-0.20778,0.0911436,0.688844,123260
2.8,0.0900086,2,-0.20778,0.0911436,0.691846,113631
2.8,0.0900086,2,-0.20778,0.0911436,0.694847,110708
2.8,0.0900086,2,-0.20778,0.0911436,0.697849,111100
2.8,0.0900086,2,-0.20778,0.0911436,0.70085,117326
2.8,0.0900086,2,-0.20778,0.0911436,0.703852,108581
2.8,0.0900086,2,-0.20778,0.0911436,0.706853,109367
2.8,0.0900086,2,-0.20778,0.0911436,0.709855,109072
2.8,0.0900086,2,-0.20778,0.0911436,0.712856,112780
2.8,0.0900086,2,-0.20778,0.0911436,0.715858,113002
2.8,0.0900086,2,-0.20778,0.0911436,0.718859,110073
2.8,0.0900086,2,-0.20778,0.0911436,0.721861,116995
2.8,0.0900086,2,-0.20778,0.0911436,0.724862,117970
2.8,0.0900086,2,-0.20778,0.0911436,0.727864,105243
2.8,0.0900086,2,-0.20778,0.0911436,0.730865,113021
2.8,0.0900086,2,-0.20778,0.0911436,0.733867,108294
2.8,0.0900086,2,-0.20778,0.0911436,0.736868,106657
2.8,0.0900086,2,-0.20778,0.0911436,0.73987,104145
2.8,0.0900086,2,-0.20778,0.0911436,0.742871,112081
2.8,0.0900086,2,-0.20778,0.0911436,0.745873,111331
2.8,0.0900086,2,-0.20778,0.0911436,0.748874,115329
2.8,0.0900086,2,-0.20778,0.0911436,0.751876,111534
2.8,0.0900086,2,-0.20778,0.0911436,0.754877,118724
2.8,0.0900086,2,-0.20778,0.0911436,0.757879,114026
2.8,0.0900086,2,-0.20778,0.0911436,0.76088,120395
2.8,0.0900086,2,-0.20778,0.0911436,0.763882,107163
2.8,0.0900086,2,-0.20778,0.0911436,0.766883,103301
2.8,0.0900086,2,-0.20778,0.0911436,0.769885,101471
2.8,0.0900086,2,-0.20778,0.0911436,0.772886,114837
2.8,0.0900086,2,-0.20778,0.0911436,0.775888,126501
2.8,0.0900086,2,-0.20778,0.0911436,0.778889,125227
2.8,0.0900086,2,-0.20778,0.0911436,0.781891,113639
2.8,0.0900086,2,-0.20778,0.0911436,0.784892,111634
2.8,0.0900086,2,-0.20778,0.0911436,0.787894,110332
2.8,0.0900086,2,-0.20778,0.0911436,0.790895,114323
2.8,0.0900086,2,-0.20778,0.0911436,0.793897,111433
2.8,0.0900086,2,-0.20778,0.0911436,0.796898,109179
2.8,0.0900086,2,-0.20778,0.0911436,0.7999,112224
2.8,0.0900086,2,-0.20778,0.0911436,0.802901,122403
2.8,0.0900086,2,-0.20778,0.0911436,0.805903,100862
2.8,0.0900086,2,-0.20778,0.0911436,0.808904,103321
2.8,0.0900086,2,-0.20778,0.0911436,0.811906,114342
2.8,0.0900086,2,-0.20778,0.0911436,0.814907,113248
2.8,0.0900086,2,-0.20778,0.0911436,0.817909,107709
2.8,0.0900086,2,-0.20778,0.0911436,0.82091,109223
2.8,0.0900086,2,-0.20778,0.0911436,0.823912,110464
2.8,0.0900086,2,-0.20778,0.0911436,0.826913,106860
2.8,0.0900086,2,-0.20778,0.0911436,0.829915,108950
2.8,0.0900086,2,-0.20778,0.0911436,0.832916,108571
2.8,0.0900086,2,-0.20778,0.0911436,0.835918,107672
2.8,0.0900086,2,-0.20778,0.0911436,0.838919,100088
2.8,0.0900086,2,-0.20778,0.0911436,0.841921,108944
2.8,0.0900086,2,-0.20778,0.0911436,0.844922,113511
2.8,0.0900086,2,-0.20778,0.0911436,0.847924,107736
2.8,0.0900086,2,-0.20778,0.0911436,0.850925,107072
2.8,0.0900086,2,-0.20778,0.0911436,0.853927,106326
2.8,0.0900086,2,-0.20778,0.0911436,0.856928,124370
2.8,0.0900086,2,-0.20778,0.0911436,0.85993,101681
2.8,0.0900086,2,-0.20778,0.0911436,0.862931,108537
2.8,0.0900086,2,-0.20778,0.0911436,0.865933,114537
2.8,0.0900086,2,-0.20778,0.0911436,0.868934,111405
2.8,0.0900086,2,-0.20778,0.0911436,0.871936,98652.7
2.8,0.0900086,2,-0.20778,0.0911436,0.874937,115565
2.8,0.0900086,2,-0.20778,0.0911436,0.877939,103213
2.8,0.0900086,2,-0.20778,0.0911436,0.88094,105041
2.8,0.0900086,2,-0.20778,0.0911436,0.883942,104984
2.8,0.0900086,2,-0.20778,0.0911436,0.886943,109228
2.8,0.0900086,2,-0.20778,0.0911436,0.889945,102881
2.8,0.0900086,2,-0.20778,0.0911436,0.892946,116737
2.8,0.0900086,2,-0.20778,0.0911436,0.895948,105787
2.8,0.0900086,2,-0.20778,0.0911436,0.898949,113780
2.8,0.0900086,2,-0.20778,0.0911436,0.901951,99764.6
2.8,0.0900086,2,-0.20778,0.0911436,0.904952,103729
2.8,0.0900086,2,-0.20778,0.0911436,0.907954,97421
2.8,0.0900086,2,-0.20778,0.0911436,0.910955,109391
2.8,0.0900086,2,-0.20778,0.0911436,0.913957,103700
2.8,0.0900086,2,-0.20778,0.0911436,0.916958,103157
2.8,0.0900086,2,-0.20778,0.0911436,0.91996,102520
2.8,0.0900086,2,-0.20778,0.0911436,0.922961,123331
2.8,0.0900086,2,-0.20778,0.0911436,0.925963,102285
2.8,0.0900086,2,-0.20778,0.0911436,0.928964,101435
2.8,0.0900086,2,-0.20778,0.0911436,0.931966,103201
2.8,0.0900086,2,-0.20778,0.0911436,0.934967,100367
2.8,0.0900086,2,-0.20778,0.0911436,0.937969,101611
2.8,0.0900086,2,-0.20778,0.0911436,0.94097,97666.2
2.8,0.0900086,2,-0.20778,0.0911436,0.943972,125028
2.8,0.0900086,2,-0.20778,0.0911436,0.946973,102602
2.8,0.0900086,2,-0.20778,0.0911436,0.949975,112776
2.8,0.0900086,2,-0.20778,0.0911436,0.952976,99264.4
2.8,0.0900086,2,-0.20778,0.0911436,0.955978,120671
2.8,0.0900086,2,-0.20778,0.0911436,0.958979,102964
2.8,0.0900086,2,-0.20778,0.0911436,0.961981,100217
2.8,0.0900086,2,-0.20778,0.0911436,0.964982,120185
2.8,0.0900086,2,-0.20778,0.0911436,0.967984,99510.2
2.8,0.0900086,2,-0.20778,0.0911436,0.970985,99231.6
2.8,0.0900086,2,-0.20778,0.0911436,0.973987,98412.7
2.8,0.0900086,2,-0.20778,0.0911436,0.976988,99566.2
2.8,0.0900086,2,-0.20778,0.0911436,0.97999,100013
2.8,0.0900086,2,-0.20778,0.0911436,0.982991,97541.9
2.8,0.0900086,2,-0.20778,0.0911436,0.985993,122387
2.8,0.0900086,2,-0.20778,0.0911436,0.988994,117100
2.8,0.0900086,2,-0.20778,0.0911436,0.991996,120906
2.8,0.0900086,2,-0.20778,0.0911436,0.994997,120514
2.8,0.0900086,2,-0.20778,0.0911436,0.997999,102368
2.8,0.0900086,2,-0.20778,0.0911436,1.001,120885
2.8,0.0900086,2,-0.20778,0.0911436,1.004,123632
2.8,0.0900086,2,-0.20778,0.0911436,1.007,124216
2.8,0.0900086,2,-0.20778,0.0911436,1.01001,121985
2.8,0.0900086,2,-0.20778,0.0911436,1.01301,119132
2.8,0.0900086,2,-0.20778,0.0911436,1.01601,112078
2.8,0.0900086,2,-0.20778,0.0911436,1.01901,103488
2.8,0.0900086,2,-0.20778,0.0911436,1.02201,112651
2.8,0.0900086,2,-0.20778,0.0911436,1.02501,122554
2.8,0.0900086,2,-0.20778,0.0911436,1.02801,112419
2.8,0.0900086,2,-0.20778,0.0911436,1.03102,116589
2.8,0.0900086,2,-0.20778,0.0911436,1.03402,111137
2.8,0.0900086,2,-0.20778,0.0911436,1.03702,113154
2.8,0.0900086,2,-0.20778,0.0911436,1.04002,108483
2.8,0.0900086,2,-0.20778,0.0911436,1.04302,113378
2.8,0.0900086,2,-0.20778,0.0911436,1.04602,117384
2.8,0.0900086,2,-0.20778,0.0911436,1.04902,110053
2.8,0.0900086,2,-0.20778,0.0911436,1.05203,115837
2.8,0.0900086,2,-0.20778,0.0911436,1.05503,105154
2.8,0.0900086,2,-0.20778,0.0911436,1.05803,112990
2.8,0.0900086,2,-0.20778,0.0911436,1.06103,97286
2.8,0.0900086,2,-0.20778,0.0911436,1.06403,115489
2.8,0.0900086,2,-0.20778,0.0911436,1.06703,111678
2.8,0.0900086,2,-0.20778,0.0911436,1.07004,117674
2.8,0.0900086,2,-0.20778,0.0911436,1.07304,112217
2.8,0.0900086,2,-0.20778,0.0911436,1.07604,106894
2.8,0.0900086,2,-0.20778,0.0911436,1.07904,104186
2.8,0.0900086,2,-0.20778,0.0911436,1.08204,122612
2.8,0.0900086,2,-0.20778,0.0911436,1.08504,108455
2.8,0.0900086,2,-0.20778,0.0911436,1.08804,105239
2.8,0.0900086,2,-0.20778,0.0911436,1.09105,107039
2.8,0.0900086,2,-0.20778,0.0911436,1.09405,100675
2.8,0.0900086,2,-0.20778,0.0911436,1.09705,107147
2.8,0.0900086,2,-0.20778,0.0911436,1.10005,117821
2.8,0.0900086,2,-0.20778,0.0911436,1.10305,107175
2.8,0.0900086,2,-0.20778,0.0911436,1.10605,99309.4
2.8,0.0900086,2,-0.20778,0.0911436,1.10905,109504
2.8,0.0900086,2,-0.20778,0.0911436,1.11206,97950.7
2.8,0.0900086,2,-0.20778,0.0911436,1.11506,100403
2.8,0.0900086,2,-0.20778,0.0911436,1.11806,98947.4
2.8,0.0900086,2,-0.20778,0.0911436,1.12106,121466
2.8,0.0900086,2,-0.20778,0.0911436,1.12406,99400.6
2.8,0.0900086,2,-0.20778,0.0911436,1.12706,99644.7
2.8,0.0900086,2,-0.20778,0.0911436,1.13007,96465.2
2.8,0.0900086,2,-0.20778,0.0911436,1.13307,101058
2.8,0.0900086,2,-0.20778,0.0911436,1.13607,95871.6
2.8,0.0900086,2,-0.20778,0.0911436,1.13907,95338.5
2.8,0.0900086,2,-0.20778,0.0911436,1.14207,99274
2.8,0.0900086,2,-0.20778,0.0911436,1.14507,121978
2.8,0.0900086,2,-0.20778,0.0911436,1.14807,120888
2.8,0.0900086,2,-0.20778,0.0911436,1.15108,119413
2.8,0.0900086,2,-0.20778,0.0911436,1.15408,122017
2.8,0.0900086,2,-0.20778,0.0911436,1.15708,118027
2.8,0.0900086,2,-0.20778,0.0911436,1.16008,113034
2.8,0.0900086,2,-0.20778,0.0911436,1.16308,113717
2.8,0.0900086,2,-0.20778,0.0911436,1.16608,108302
2.8,0.0900086,2,-0.20778,0.0911436,1.16908,113010
2.8,0.0900086,2,-0.20778,0.0911436,1.17209,106492
2.8,0.0900086,2,-0.20778,0.0911436,1.17509,112459
2.8,0.0900086,2,-0.20778,0.0911436,1.17809,106830
2.8,0.0900086,2,-0.20778,0.0911436,1.18109,105433
2.8,0.0900086,2,-0.20778,0.0911436,1.18409,108607
2.8,0.0900086,2,-0.20778,0.0911436,1.18709,109514
2.8,0.0900086,2,-0.20778,0.0911436,1.1901,106264
2.8,0.0900086,2,-0.20778,0.0911436,1.1931,104262
2.8,0.0900086,2,-0.20778,0.0911436,1.1961,108262
2.8,0.0900086,2,-0.20778,0.0911436,1.1991,104042
2.8,0.0900086,2,-0.20778,0.0911436,1.2021,104969
2.8,0.0900086,2,-0.20778,0.0911436,1.2051,100048
2.8,0.0900086,2,-0.20778,0.0911436,1.2081,94466.8
2.8,0.0900086,2,-0.20778,0.0911436,1.21111,113959
2.8,0.0900086,2,-0.20778,0.0911436,1.21411,99707
2.8,0.0900086,2,-0.20778,0.0911436,1.21711,103850
2.8,0.0900086,2,-0.20778,0.0911436,1.22011,96154.3
2.8,0.0900086,2,-0.20778,0.0911436,1.22311,114797
2.8,0.0900086,2,-0.20778,0.0911436,1.22611,95697.4
2.8,0.0900086,2,-0.20778,0.0911436,1.22911,118389
2.8,0.0900086,2,-0.20778,0.0911436,1.23212,120290
2.8,0.0900086,2,-0.20778,0.0911436,1.23512,118698
2.8,0.0900086,2,-0.20778,0.0911436,1.23812,113916
2.8,0.0900086,2,-0.20778,0.0911436,1.24112,112535
2.8,0.0900086,2,-0.20778,0.0911436,1.24412,114782
2.8,0.0900086,2,-0.20778,0.0911436,1.24712,114238
2.8,0.0900086,2,-0.20778,0.0911436,1.25013,108233
2.8,0.0900086,2,-0.20778,0.0911436,1.25313,109324
2.8,0.0900086,2,-0.20778,0.0911436,1.25613,117079
2.8,0.0900086,2,-0.20778,0.0911436,1.25913,111176
2.8,0.0900086,2,-0.20778,0.0911436,1.26213,95779.1
2.8,0.0900086,2,-0.20778,0.0911436,1.26513,103107
2.8,0.0900086,2,-0.20778,0.0911436,1.26813,107532
2.8,0.0900086,2,-0.20778,0.0911436,1.27114,101331
2.8,0.0900086,2,-0.20778,0.0911436,1.27414,116742
2.8,0.0900086,2,-0.20778,0.0911436,1.27714,108586
2.8,0.0900086,2,-0.20778,0.0911436,1.28014,96600.9
2.8,0.0900086,2,-0.20778,0.0911436,1.28314,93134.1
2.8,0.0900086,2,-0.20778,0.0911436,1.28614,102590
2.8,0.0900086,2,-0.20778,0.0911436,1.28914,111009
2.8,0.0900086,2,-0.20778,0.0911436,1.29215,106766
2.8,0.0900086,2,-0.20778,0.0911436,1.29515,110177
2.8,0.0900086,2,-0.20778,0.0911436,1.29815,114030
2.8,0.0900086,2,-0.20778,0.0911436,1.30115,111858
2.8,0.0900086,2,-0.20778,0.0911436,1.30415,115698
2.8,0.0900086,2,-0.20778,0.0911436,1.30715,106029
2.8,0.0900086,2,-0.20778,0.0911436,1.31016,95854.7
2.8,0.0900086,2,-0.20778,0.0911436,1.31316,97008
2.8,0.0900086,2,-0.20778,0.0911436,1.31616,95347.4
2.8,0.0900086,2,-0.20778,0.0911436,1.31916,95677.2
2.8,0.0900086,2,-0.20778,0.0911436,1.32216,92391.4
2.8,0.0900086,2,-0.20778,0.0911436,1.32516,108127
2.8,0.0900086,2,-0.20778,0.0911436,1.32816,115333
2.8,0.0900086,2,-0.20778,0.0911436,1.33117,106875
2.8,0.0900086,2,-0.20778,0.0911436,1.33417,112393
2.8,0.0900086,2,-0.20778,0.0911436,1.33717,104483
2.8,0.0900086,2,-0.20778,0.0911436,1.34017,99528.2
2.8,0.0900086,2,-0.20778,0.0911436,1.34317,99098.2
2.8,0.0900086,2,-0.20778,0.0911436,1.34617,102045
2.8,0.0900086,2,-0.20778,0.0911436,1.34917,102936
2.8,0.0900086,2,-0.20778,0.0911436,1.35218,112269
2.8,0.0900086,2,-0.20778,0.0911436,1.35518,90685.4
2.8,0.0900086,2,-0.20778,0.0911436,1.35818,100113
2.8,0.0900086,2,-0.20778,0.0911436,1.36118,101937
2.8,0.0900086,2,-0.20778,0.0911436,1.36418,99757.9
2.8,0.0900086,2,-0.20778,0.0911436,1.36718,106220
2.8,0.0900086,2,-0.20778,0.0911436,1.37019,112853
2.8,0.0900086,2,-0.20778,0.0911436,1.37319,106736
2.8,0.0900086,2,-0.20778,0.0911436,1.37619,104347
2.8,0.0900086,2,-0.20778,0.0911436,1.37919,96657.5
2.8,0.0900086,2,-0.20778,0.0911436,1.38219,93310.6
2.8,0.0900086,2,-0.20778,0.0911436,1.38519,97060.8
2.8,0.0900086,2,-0.20778,0.0911436,1.38819,102532
2.8,0.0900086,2,-0.20778,0.0911436,1.3912,100695
2.8,0.0900086,2,-0.20778,0.0911436,1.3942,96865.8
2.8,0.0900086,2,-0.20778,0.0911436,1.3972,84574.9
2.8,0.0900086,2,-0.20778,0.0911436,1.4002,99772.1
2.8,0.0900086,2,-0.20778,0.0911436,1.4032,88693.7
2.8,0.0900086,2,-0.20778,0.0911436,1.4062,85126.9
2.8,0.0900086,2,-0.20778,0.0911436,1.4092,89335.9
2.8,0.0900086,2,-0.20778,0.0911436,1.41221,101229
2.8,0.0900086,2,-0.20778,0.0911436,1.41521,85765.7
2.8,0.0900086,2,-0.20778,0.0911436,1.41821,98043.2
2.8,0.0900086,2,-0.20778,0.0911436,1.42121,91282.8
2.8,0.0900086,2,-0.20778,0.0911436,1.42421,78323.9
2.8,0.0900086,2,-0.20778,0.0911436,1.42721,38039.9
2.8,0.0900086,2,-0.20778,0.0911436,1.43022,-3347.02
2.8,0.0900086,2,-0.20778,0.0911436,1.43322,-44944.1
2.8,0.0900086,2,-0.20778,0.0911436,1.43622,-79892.5
2.8,0.0900086,2,-0.20778,0.0911436,1.43922,-93735.4
2.8,0.0900086,2,-0.20778,0.0911436,1.44222,-91943.5
2.8,0.0900086,2,-0.20778,0.0911436,1.44522,-93673.3
2.8,0.0900086,2,-0.20778,0.0911436,1.44822,-83616.3
2.8,0.0900086,2,-0.20778,0.0911436,1.45123,-96283.5
2.8,0.0900086,2,-0.20778,0.0911436,1.45423,-94251.2
2.8,0.0900086,2,-0.20778,0.0911436,1.45723,-100885
2.8,0.0900086,2,-0.20778,0.0911436,1.46023,-91578.3
2.8,0.0900086,2,-0.20778,0.0911436,1.46323,-91373.5
2.8,0.0900086,2,-0.20778,0.0911436,1.46623,-92357.8
2.8,0.0900086,2,-0.20778,0.0911436,1.46923,-107972
2.8,0.0900086,2,-0.20778,0.0911436,1.47224,-88185.7
2.8,0.0900086,2,-0.20778,0.0911436,1.47524,-96248.5
2.8,0.0900086,2,-0.20778,0.0911436,1.47824,-106502
2.8,0.0900086,2,-0.20778,0.0911436,1.48124,-110621
2.8,0.0900086,2,-0.20778,0.0911436,1.48424,-88728.6
2.8,0.0900086,2,-0.20778,0.0911436,1.48724,-90830.8
2.8,0.0900086,2,-0.20778,0.0911436,1.49025,-99687.7
2.8,0.0900086,2,-0.20778,0.0911436,1.49325,-104739
2.8,0.0900086,2,-0.20778,0.0911436,1.49625,-113236
2.8,0.0900086,2,-0.20778,0.0911436,1.49925,-92073.3
2.8,0.0900086,2,-0.20778,0.0911436,1.50225,-88580.9
2.8,0.0900086,2,-0.20778,0.0911436,1.50525,-93005.4
2.8,0.0900086,2,-0.20778,0.0911436,1.50825,-96659.3
2.8,0.0900086,2,-0.20778,0.0911436,1.51126,-107916
2.8,0.0900086,2,-0.20778,0.0911436,1.51426,-114023
2.8,0.0900086,2,-0.20778,0.0911436,1.51726,-97019.7
2.8,0.0900086,2,-0.20778,0.0911436,1.52026,-90241.8
2.8,0.0900086,2,-0.20778,0.0911436,1.52326,-92882.5
2.8,0.0900086,2,-0.20778,0.0911436,1.52626,-97955
2.8,0.0900086,2,-0.20778,0.0911436,1.52926,-109248
2.8,0.0900086,2,-0.20778,0.0911436,1.53227,-92489.1
2.8,0.0900086,2,-0.20778,0.0911436,1.53527,-104937
2.8,0.0900086,2,-0.20778,0.0911436,1.53827,-105378
2.8,0.0900086,2,-0.20778,0.0911436,1.54127,-108048
2.8,0.0900086,2,-0.20778,0.0911436,1.54427,-105957
2.8,0.0900086,2,-0.20778,0.0911436,1.54727,-109331
2.8,0.0900086,2,-0.20778,0.0911436,1.55028,-111605
2.8,0.0900086,2,-0.20778,0.0911436,1.55328,-96883.5
2.8,0.0900086,2,-0.20778,0.0911436,1.55628,-98749.3
2.8,0.0900086,2,-0.20778,0.0911436,1.55928,-96423.2
2.8,0.0900086,2,-0.20778,0.0911436,1.56228,-104266
2.8,0.0900086,2,-0.20778,0.0911436,1.56528,-104160
2.8,0.0900086,2,-0.20778,0.0911436,1.56828,-106998
2.8,0.0900086,2,-0.20778,0.0911436,1.57129,-104460
2.8,0.0900086,2,-0.20778,0.0911436,1.57429,-116213
2.8,0.0900086,2,-0.20778,0.0911436,1.57729,-108850
2.8,0.0900086,2,-0.20778,0.0911436,1.58029,-110791
2.8,0.0900086,2,-0.20778,0.0911436,1.58329,-95300.2
2.8,0.0900086,2,-0.20778,0.0911436,1.58629,-118089
2.8,0.0900086,2,-0.20778,0.0911436,1.58929,-100289
2.8,0.0900086,2,-0.20778,0.0911436,1.5923,-104224
2.8,0.0900086,2,-0.20778,0.0911436,1.5953,-99142.3
2.8,0.0900086,2,-0.20778,0.0911436,1.5983,-103158
2.8,0.0900086,2,-0.20778,0.0911436,1.6013,-99256.7
2.8,0.0900086,2,-0.20778,0.0911436,1.6043,-106745
2.8,0.0900086,2,-0.20778,0.0911436,1.6073,-107899
2.8,0.0900086,2,-0.20778,0.0911436,1.61031,-120307
2.8,0.0900086,2,-0.20778,0.0911436,1.61331,-104874
2.8,0.0900086,2,-0.20778,0.0911436,1.61631,-113879
2.8,0.0900086,2,-0.20778,0.0911436,1.61931,-119111
2.8,0.0900086,2,-0.20778,0.0911436,1.62231,-117709
2.8,0.0900086,2,-0.20778,0.0911436,1.62531,-108605
2.8,0.0900086,2,-0.20778,0.0911436,1.62831,-104272
2.8,0.0900086,2,-0.20778,0.0911436,1.63132,-97375.1
2.8,0.0900086,2,-0.20778,0.0911436,1.63432,-121365
2.8,0.0900086,2,-0.20778,0.0911436,1.63732,-111366
2.8,0.0900086,2,-0.20778,0.0911436,1.64032,-113537
2.8,0.0900086,2,-0.20778,0.0911436,1.64332,-112101
2.8,0.0900086,2,-0.20778,0.0911436,1.64632,-117372
2.8,0.0900086,2,-0.20778,0.0911436,1.64932,-107298
2.8,0.0900086,2,-0.20778,0.0911436,1.65233,-108800
2.8,0.0900086,2,-0.20778,0.0911436,1.65533,-111887
2.8,0.0900086,2,-0.20778,0.0911436,1.65833,-108332
2.8,0.0900086,2,-0.20778,0.0911436,1.66133,-98366.9
2.8,0.0900086,2,-0.20778,0.0911436,1.66433,-114907
2.8,0.0900086,2,-0.20778,0.0911436,1.66733,-109635
2.8,0.0900086,2,-0.20778,0.0911436,1.67034,-117613
2.8,0.0900086,2,-0.20778,0.0911436,1.67334,-110178
2.8,0.0900086,2,-0.20778,0.0911436,1.67634,-98992.1
2.8,0.0900086,2,-0.20778,0.0911436,1.67934,-107065
2.8,0.0900086,2,-0.20778,0.0911436,1.68234,-98953.3
2.8,0.0900086,2,-0.20778,0.0911436,1.68534,-98375.5
2.8,0.0900086,2,-0.20778,0.0911436,1.68834,-99400.5
2.8,0.0900086,2,-0.20778,0.0911436,1.69135,-101746
2.8,0.0900086,2,-0.20778,0.0911436,1.69435,-123641
2.8,0.0900086,2,-0.20778,0.0911436,1.69735,-115866
2.8,0.0900086,2,-0.20778,0.0911436,1.70035,-101036
2.8,0.0900086,2,-0.20778,0.0911436,1.70335,-106545
2.8,0.0900086,2,-0.20778,0.0911436,1.70635,-104183
2.8,0.0900086,2,-0.20778,0.0911436,1.70935,-114194
2.8,0.0900086,2,-0.20778,0.0911436,1.71236,-111683
2.8,0.0900086,2,-0.20778,0.0911436,1.71536,-114448
2.8,0.0900086,2,-0.20778,0.0911436,1.71836,-102787
2.8,0.0900086,2,-0.20778,0.0911436,1.72136,-114192
2.8,0.0900086,2,-0.20778,0.0911436,1.72436,-115218
2.8,0.0900086,2,-0.20778,0.0911436,1.72736,-119935
2.8,0.0900086,2,-0.20778,0.0911436,1.73037,-121219
2.8,0.0900086,2,-0.20778,0.0911436,1.73337,-118473
2.8,0.0900086,2,-0.20778,0.0911436,1.73637,-116977
2.8,0.0900086,2,-0.20778,0.0911436,1.73937,-101332
2.8,0.0900086,2,-0.20778,0.0911436,1.74237,-122510
2.8,0.0900086,2,-0.20778,0.0911436,1.74537,-120252
2.8,0.0900086,2,-0.20778,0.0911436,1.74837,-96910.6
2.8,0.0900086,2,-0.20778,0.0911436,1.75138,-98848.9
2.8,0.0900086,2,-0.20778,0.0911436,1.75438,-105800
2.8,0.0900086,2,-0.20778,0.0911436,1.75738,-98333.2
2.8,0.0900086,2,-0.20778,0.0911436,1.76038,-99239.7
2.8,0.0900086,2,-0.20778,0.0911436,1.76338,-109912
2.8,0.0900086,2,-0.20778,0.0911436,1.76638,-101375
2.8,0.0900086,2,-0.20778,0.0911436,1.76938,-97306.8
2.8,0.0900086,2,-0.20778,0.0911436,1.77239,-99933.1
2.8,0.0900086,2,-0.20778,0.0911436,1.77539,-107666
2.8,0.0900086,2,-0.20778,0.0911436,1.77839,-107799
2.8,0.0900086,2,-0.20778,0.0911436,1.78139,-100529
2.8,0.0900086,2,-0.20778,0.0911436,1.78439,-107453
2.8,0.0900086,2,-0.20778,0.0911436,1.78739,-108164
2.8,0.0900086,2,-0.20778,0.0911436,1.7904,-106832
2.8,0.0900086,2,-0.20778,0.0911436,1.7934,-111088
2.8,0.0900086,2,-0.20778,0.0911436,1.7964,-110782
2.8,0.0900086,2,-0.20778,0.0911436,1.7994,-120572
2.8,0.0900086,2,-0.20778,0.0911436,1.8024,-115409
2.8,0.0900086,2,-0.20778,0.0911436,1.8054,-113944
2.8,0.0900086,2,-0.20778,0.0911436,1.8084,-117454
2.8,0.0900086,2,-0.20778,0.0911436,1.81141,-99405.5
2.8,0.0900086,2,-0.20778,0.0911436,1.81441,-117824
2.8,0.0900086,2,-0.20778,0.0911436,1.81741,-120040
2.8,0.0900086,2,-0.20778,0.0911436,1.82041,-118331
2.8,0.0900086,2,-0.20778,0.0911436,1.82341,-104052
2.8,0.0900086,2,-0.20778,0.0911436,1.82641,-117537
2.8,0.0900086,2,-0.20778,0.0911436,1.82941,-116507
2.8,0.0900086,2,-0.20778,0.0911436,1.83242,-123725
2.8,0.0900086,2,-0.20778,0.0911436,1.83542,-100262
2.8,0.0900086,2,-0.20778,0.0911436,1.83842,-124241
2.8,0.0900086,2,-0.20778,0.0911436,1.84142,-102213
2.8,0.0900086,2,-0.20778,0.0911436,1.84442,-99653.8
2.8,0.0900086,2,-0.20778,0.0911436,1.84742,-102465
2.8,0.0900086,2,-0.20778,0.0911436,1.85043,-101475
2.8,0.0900086,2,-0.20778,0.0911436,1.85343,-103395
2.8,0.0900086,2,-0.20778,0.0911436,1.85643,-102715
2.8,0.0900086,2,-0.20778,0.0911436,1.85943,-111699
2.8,0.0900086,2,-0.20778,0.0911436,1.86243,-127103
2.8,0.0900086,2,-0.20778,0.0911436,1.86543,-110160
2.8,0.0900086,2,-0.20778,0.0911436,1.86843,-105017
2.8,0.0900086,2,-0.20778,0.0911436,1.87144,-100555
2.8,0.0900086,2,-0.20778,0.0911436,1.87444,-120675
2.8,0.0900086,2,-0.20778,0.0911436,1.87744,-106657
2.8,0.0900086,2,-0.20778,0.0911436,1.88044,-108666
2.8,0.0900086,2,-0.20778,0.0911436,1.88344,-113945
2.8,0.0900086,2,-0.20778,0.0911436,1.88644,-112147
2.8,0.0900086,2,-0.20778,0.0911436,1.88944,-108463
2.8,0.0900086,2,-0.20778,0.0911436,1.89245,-108498
2.8,0.0900086,2,-0.20778,0.0911436,1.89545,-113869
2.8,0.0900086,2,-0.20778,0.0911436,1.89845,-111106
2.8,0.0900086,2,-0.20778,0.0911436,1.90145,-114167
2.8,0.0900086,2,-0.20778,0.0911436,1.90445,-114628
2.8,0.0900086,2,-0.20778,0.0911436,1.90745,-118516
2.8,0.0900086,2,-0.20778,0.0911436,1.91046,-114240
2.8,0.0900086,2,-0.20778,0.0911436,1.91346,-118739
2.8,0.0900086,2,-0.20778,0.0911436,1.91646,-107930
2.8,0.0900086,2,-0.20778,0.0911436,1.91946,-115865
2.8,0.0900086,2,-0.20778,0.0911436,1.92246,-117131
2.8,0.0900086,2,-0.20778,0.0911436,1.92546,-111952
2.8,0.0900086,2,-0.20778,0.0911436,1.92846,-118551
2.8,0.0900086,2,-0.20778,0.0911436,1.93147,-124149
2.8,0.0900086,2,-0.20778,0.0911436,1.93447,-124442
2.8,0.0900086,2,-0.20778,0.0911436,1.93747,-108645
2.8,0.0900086,2,-0.20778,0.0911436,1.94047,-125493
2.8,0.0900086,2,-0.20778,0.0911436,1.94347,-121021
2.8,0.0900086,2,-0.20778,0.0911436,1.94647,-105909
2.8,0.0900086,2,-0.20778,0.0911436,1.94947,-99213.6
2.8,0.0900086,2,-0.20778,0.0911436,1.95248,-118801
2.8,0.0900086,2,-0.20778,0.0911436,1.95548,-123158
2.8,0.0900086,2,-0.20778,0.0911436,1.95848,-100913
2.8,0.0900086,2,-0.20778,0.0911436,1.96148,-122610
2.8,0.0900086,2,-0.20778,0.0911436,1.96448,-102943
2.8,0.0900086,2,-0.20778,0.0911436,1.96748,-125027
2.8,0.0900086,2,-0.20778,0.0911436,1.97049,-112387
2.8,0.0900086,2,-0.20778,0.0911436,1.97349,-103714
2.8,0.0900086,2,-0.20778,0.0911436,1.97649,-118213
2.8,0.0900086,2,-0.20778,0.0911436,1.97949,-106518
2.8,0.0900086,2,-0.20778,0.0911436,1.98249,-107031
2.8,0.0900086,2,-0.20778,0.0911436,1.98549,-126081
2.8,0.0900086,2,-0.20778,0.0911436,1.98849,-107750
2.8,0.0900086,2,-0.20778,0.0911436,1.9915,-117228
2.8,0.0900086,2,-0.20778,0.0911436,1.9945,-120406
2.8,0.0900086,2,-0.20778,0.0911436,1.9975,-107911
2.8,0.0900086,2,-0.20778,0.0911436,2.0005,-109301
2.8,0.0900086,2,-0.20778,0.0911436,2.0035,-106540
2.8,0.0900086,2,-0.20778,0.0911436,2.0065,-110364
2.8,0.0900086,2,-0.20778,0.0911436,2.0095,-103708
2.8,0.0900086,2,-0.20778,0.0911436,2.01251,-108523
2.8,0.0900086,2,-0.20778,0.0911436,2.01551,-108026
2.8,0.0900086,2,-0.20778,0.0911436,2.01851,-110610
2.8,0.0900086,2,-0.20778,0.0911436,2.02151,-126911
2.8,0.0900086,2,-0.20778,0.0911436,2.02451,-111080
2.8,0.0900086,2,-0.20778,0.0911436,2.02751,-112645
2.8,0.0900086,2,-0.20778,0.0911436,2.03052,-127623
2.8,0.0900086,2,-0.20778,0.0911436,2.03352,-111935
2.8,0.0900086,2,-0.20778,0.0911436,2.03652,-106203
2.8,0.0900086,2,-0.20778,0.0911436,2.03952,-121235
2.8,0.0900086,2,-0.20778,0.0911436,2.04252,-122613
2.8,0.0900086,2,-0.20778,0.0911436,2.04552,-127168
2.8,0.0900086,2,-0.20778,0.0911436,2.04852,-117831
2.8,0.0900086,2,-0.20778,0.0911436,2.05153,-124895
2.8,0.0900086,2,-0.20778,0.0911436,2.05453,-114937
2.8,0.0900086,2,-0.20778,0.0911436,2.05753,-120002
2.8,0.0900086,2,-0.20778,0.0911436,2.06053,-117894
2.8,0.0900086,2,-0.20778,0.0911436,2.06353,-118738
2.8,0.0900086,2,-0.20778,0.0911436,2.06653,-128833
2.8,0.0900086,2,-0.20778,0.0911436,2.06953,-112728
2.8,0.0900086,2,-0.20778,0.0911436,2.07254,-113973
2.8,0.0900086,2,-0.20778,0.0911436,2.07554,-121472
2.8,0.0900086,2,-0.20778,0.0911436,2.07854,-118849
2.8,0.0900086,2,-0.20778,0.0911436,2.08154,-112394
2.8,0.0900086,2,-0.20778,0.0911436,2.08454,-105665
2.8,0.0900086,2,-0.20778,0.0911436,2.08754,-116980
2.8,0.0900086,2,-0.20778,0.0911436,2.09055,-100984
2.8,0.0900086,2,-0.20778,0.0911436,2.09355,-127896
2.8,0.0900086,2,-0.20778,0.0911436,2.09655,-125141
2.8,0.0900086,2,-0.20778,0.0911436,2.09955,-127299
2.8,0.0900086,2,-0.20778,0.0911436,2.10255,-123588
2.8,0.0900086,2,-0.20778,0.0911436,2.10555,-100418
2.8,0.0900086,2,-0.20778,0.0911436,2.10855,-106135
2.8,0.0900086,2,-0.20778,0.0911436,2.11156,-123381
2.8,0.0900086,2,-0.20778,0.0911436,2.11456,-130028
2.8,0.0900086,2,-0.20778,0.0911436,2.11756,-100629
2.8,0.0900086,2,-0.20778,0.0911436,2.12056,-105623
2.8,0.0900086,2,-0.20778,0.0911436,2.12356,-117777
2.8,0.0900086,2,-0.20778,0.0911436,2.12656,-128536
2.8,0.0900086,2,-0.20778,0.0911436,2.12956,-110779
2.8,0.0900086,2,-0.20778,0.0911436,2.13257,-105546
2.8,0.0900086,2,-0.20778,0.0911436,2.13557,-102123
2.8,0.0900086,2,-0.20778,0.0911436,2.13857,-115444
2.8,0.0900086,2,-0.20778,0.0911436,2.14157,-129612
2.8,0.0900086,2,-0.20778,0.0911436,2.14457,-126208
2.8,0.0900086,2,-0.20778,0.0911436,2.14757,-103657
2.8,0.0900086,2,-0.20778,0.0911436,2.15058,-111433
2.8,0.0900086,2,-0.20778,0.0911436,2.15358,-101633
2.8,0.0900086,2,-0.20778,0.0911436,2.15658,-105876
2.8,0.0900086,2,-0.20778,0.0911436,2.15958,-103830
2.8,0.0900086,2,-0.20778,0.0911436,2.16258,-105745
2.8,0.0900086,2,-0.20778,0.0911436,2.16558,-106331
2.8,0.0900086,2,-0.20778,0.0911436,2.16858,-116594
2.8,0.0900086,2,-0.20778,0.0911436,2.17159,-104064
2.8,0.0900086,2,-0.20778,0.0911436,2.17459,-103911
2.8,0.0900086,2,-0.20778,0.0911436,2.17759,-106309
2.8,0.0900086,2,-0.20778,0.0911436,2.18059,-114812
2.8,0.0900086,2,-0.20778,0.0911436,2.18359,-106088
2.8,0.0900086,2,-0.20778,0.0911436,2.18659,-107044
2.8,0.0900086,2,-0.20778,0.0911436,2.18959,-106267
2.8,0.0900086,2,-0.20778,0.0911436,2.1926,-119990
2.8,0.0900086,2,-0.20778,0.0911436,2.1956,-110742
2.8,0.0900086,2,-0.20778,0.0911436,2.1986,-121750
2.8,0.0900086,2,-0.20778,0.0911436,2.2016,-116082
2.8,0.0900086,2,-0.20778,0.0911436,2.2046,-116607
2.8,0.0900086,2,-0.20778,0.0911436,2.2076,-108220
2.8,0.0900086,2,-0.20778,0.0911436,2.21061,-110652
2.8,0.0900086,2,-0.20778,0.0911436,2.21361,-112922
2.8,0.0900086,2,-0.20778,0.0911436,2.21661,-108690
2.8,0.0900086,2,-0.20778,0.0911436,2.21961,-104855
2.8,0.0900086,2,-0.20778,0.0911436,2.22261,-103694
2.8,0.0900086,2,-0.20778,0.0911436,2.22561,-129841
2.8,0.0900086,2,-0.20778,0.0911436,2.22861,-114507
2.8,0.0900086,2,-0.20778,0.0911436,2.23162,-108939
2.8,0.0900086,2,-0.20778,0.0911436,2.23462,-110187
2.8,0.0900086,2,-0.20778,0.0911436,2.23762,-112540
2.8,0.0900086,2,-0.20778,0.0911436,2.24062,-112836
2.8,0.0900086,2,-0.20778,0.0911436,2.24362,-107634
2.8,0.0900086,2,-0.20778,0.0911436,2.24662,-116404
2.8,0.0900086,2,-0.20778,0.0911436,2.24962,-120814
2.8,0.0900086,2,-0.20778,0.0911436,2.25263,-102134
2.8,0.0900086,2,-0.20778,0.0911436,2.25563,-112664
2.8,0.0900086,2,-0.20778,0.0911436,2.25863,-113684
2.8,0.0900086,2,-0.20778,0.0911436,2.26163,-130549
2.8,0.0900086,2,-0.20778,0.0911436,2.26463,-117419
2.8,0.0900086,2,-0.20778,0.0911436,2.26763,-116264
2.8,0.0900086,2,-0.20778,0.0911436,2.27064,-113409
2.8,0.0900086,2,-0.20778,0.0911436,2.27364,-116891
2.8,0.0900086,2,-0.20778,0.0911436,2.27664,-130411
2.8,0.0900086,2,-0.20778,0.0911436,2.27964,-117411
2.8,0.0900086,2,-0.20778,0.0911436,2.28264,-132294
2.8,0.0900086,2,-0.20778,0.0911436,2.28564,-114199
2.8,0.0900086,2,-0.20778,0.0911436,2.28864,-110076
2.8,0.0900086,2,-0.20778,0.0911436,2.29165,-117554
2.8,0.0900086,2,-0.20778,0.0911436,2.29465,-114310
2.8,0.0900086,2,-0.20778,0.0911436,2.29765,-115977
2.8,0.0900086,2,-0.20778,0.0911436,2.30065,-122754
2.8,0.0900086,2,-0.20778,0.0911436,2.30365,-114851
2.8,0.0900086,2,-0.20778,0.0911436,2.30665,-115315
2.8,0.0900086,2,-0.20778,0.0911436,2.30965,-118200
2.8,0.0900086,2,-0.20778,0.0911436,2.31266,-117909
2.8,0.0900086,2,-0.20778,0.0911436,2.31566,-118086
2.8,0.0900086,2,-0.20778,0.0911436,2.31866,-114676
2.8,0.0900086,2,-0.20778,0.0911436,2.32166,-118899
2.8,0.0900086,2,-0.20778,0.0911436,2.32466,-117927
2.8,0.0900086,2,-0.20778,0.0911436,2.32766,-113778
2.8,0.0900086,2,-0.20778,0.0911436,2.33067,-111235
2.8,0.0900086,2,-0.20778,0.0911436,2.33367,-113349
2.8,0.0900086,2,-0.20778,0.0911436,2.33667,-118983
2.8,0.0900086,2,-0.20778,0.0911436,2.33967,-118655
2.8,0.0900086,2,-0.20778,0.0911436,2.34267,-113901
2.8,0.0900086,2,-0.20778,0.0911436,2.34567,-101169
2.8,0.0900086,2,-0.20778,0.0911436,2.34867,-119172
2.8,0.0900086,2,-0.20778,0.0911436,2.35168,-115204
2.8,0.0900086,2,-0.20778,0.0911436,2.35468,-119616
2.8,0.0900086,2,-0.20778,0.0911436,2.35768,-127514
2.8,0.0900086,2,-0.20778,0.0911436,2.36068,-121175
2.8,0.0900086,2,-0.20778,0.0911436,2.36368,-119210
2.8,0.0900086,2,-0.20778,0.0911436,2.36668,-120932
2.8,0.0900086,2,-0.20778,0.0911436,2.36968,-117839
2.8,0.0900086,2,-0.20778,0.0911436,2.37269,-123091
2.8,0.0900086,2,-0.20778,0.0911436,2.37569,-115719
2.8,0.0900086,2,-0.20778,0.0911436,2.37869,-115300
2.8,0.0900086,2,-0.20778,0.0911436,2.38169,-117637
2.8,0.0900086,2,-0.20778,0.0911436,2.38469,-118987
2.8,0.0900086,2,-0.20778,0.0911436,2.38769,-117450
2.8,0.0900086,2,-0.20778,0.0911436,2.3907,-118681
2.8,0.0900086,2,-0.20778,0.0911436,2.3937,-113454
2.8,0.0900086,2,-0.20778,0.0911436,2.3967,-101317
2.8,0.0900086,2,-0.20778,0.0911436,2.3997,-127869
2.8,0.0900086,2,-0.20778,0.0911436,2.4027,-115112
2.8,0.0900086,2,-0.20778,0.0911436,2.4057,-111734
2.8,0.0900086,2,-0.20778,0.0911436,2.4087,-117014
2.8,0.0900086,2,-0.20778,0.0911436,2.41171,-109663
2.8,0.0900086,2,-0.20778,0.0911436,2.41471,-109158
2.8,0.0900086,2,-0.20778,0.0911436,2.41771,-111480
2.8,0.0900086,2,-0.20778,0.0911436,2.42071,-118203
2.8,0.0900086,2,-0.20778,0.0911436,2.42371,-116941
2.8,0.0900086,2,-0.20778,0.0911436,2.42671,-123777
2.8,0.0900086,2,-0.20778,0.0911436,2.42971,-116167
2.8,0.0900086,2,-0.20778,0.0911436,2.43272,-124060
2.8,0.0900086,2,-0.20778,0.0911436,2.43572,-110306
2.8,0.0900086,2,-0.20778,0.0911436,2.43872,-106906
2.8,0.0900086,2,-0.20778,0.0911436,2.44172,-100308
2.8,0.0900086,2,-0.20778,0.0911436,2.44472,-114276
2.8,0.0900086,2,-0.20778,0.0911436,2.44772,-114332
2.8,0.0900086,2,-0.20778,0.0911436,2.45073,-116353
2.8,0.0900086,2,-0.20778,0.0911436,2.45373,-117552
2.8,0.0900086,2,-0.20778,0.0911436,2.45673,-112245
2.8,0.0900086,2,-0.20778,0.0911436,2.45973,-114315
2.8,0.0900086,2,-0.20778,0.0911436,2.46273,-121235
2.8,0.0900086,2,-0.20778,0.0911436,2.46573,-109903
2.8,0.0900086,2,-0.20778,0.0911436,2.46873,-103888
2.8,0.0900086,2,-0.20778,0.0911436,2.47174,-111320
2.8,0.0900086,2,-0.20778,0.0911436,2.47474,-128602
2.8,0.0900086,2,-0.20778,0.0911436,2.47774,-109349
2.8,0.0900086,2,-0.20778,0.0911436,2.48074,-102975
2.8,0.0900086,2,-0.20778,0.0911436,2.48374,-116106
2.8,0.0900086,2,-0.20778,0.0911436,2.48674,-110145
2.8,0.0900086,2,-0.20778,0.0911436,2.48974,-113742
2.8,0.0900086,2,-0.20778,0.0911436,2.49275,-124791
2.8,0.0900086,2,-0.20778,0.0911436,2.49575,-112667
2.8,0.0900086,2,-0.20778,0.0911436,2.49875,-108415
2.8,0.0900086,2,-0.20778,0.0911436,2.50175,-108787
2.8,0.0900086,2,-0.20778,0.0911436,2.50475,-100296
2.8,0.0900086,2,-0.20778,0.0911436,2.50775,-113121
2.8,0.0900086,2,-0.20778,0.0911436,2.51076,-119414
2.8,0.0900086,2,-0.20778,0.0911436,2.51376,-103934
2.8,0.0900086,2,-0.20778,0.0911436,2.51676,-109874
2.8,0.0900086,2,-0.20778,0.0911436,2.51976,-108982
2.8,0.0900086,2,-0.20778,0.0911436,2.52276,-113667
2.8,0.0900086,2,-0.20778,0.0911436,2.52576,-106193
2.8,0.0900086,2,-0.20778,0.0911436,2.52876,-104303
2.8,0.0900086,2,-0.20778,0.0911436,2.53177,-117619
2.8,0.0900086,2,-0.20778,0.0911436,2.53477,-103589
2.8,0.0900086,2,-0.20778,0.0911436,2.53777,-127719
2.8,0.0900086,2,-0.20778,0.0911436,2.54077,-105254
2.8,0.0900086,2,-0.20778,0.0911436,2.54377,-102394
2.8,0.0900086,2,-0.20778,0.0911436,2.54677,-125410
2.8,0.0900086,2,-0.20778,0.0911436,2.54977,-106578
2.8,0.0900086,2,-0.20778,0.0911436,2.55278,-101074
2.8,0.0900086,2,-0.20778,0.0911436,2.55578,-101690
2.8,0.0900086,2,-0.20778,0.0911436,2.55878,-111289
2.8,0.0900086,2,-0.20778,0.0911436,2.56178,-127319
2.8,0.0900086,2,-0.20778,0.0911436,2.56478,-125101
2.8,0.0900086,2,-0.20778,0.0911436,2.56778,-126542
2.8,0.0900086,2,-0.20778,0.0911436,2.57079,-122396
2.8,0.0900086,2,-0.20778,0.0911436,2.57379,-118504
2.8,0.0900086,2,-0.20778,0.0911436,2.57679,-125890
2.8,0.0900086,2,-0.20778,0.0911436,2.57979,-121471
2.8,0.0900086,2,-0.20778,0.0911436,2.58279,-106798
2.8,0.0900086,2,-0.20778,0.0911436,2.58579,-121387
2.8,0.0900086,2,-0.20778,0.0911436,2.58879,-102351
2.8,0.0900086,2,-0.20778,0.0911436,2.5918,-105827
2.8,0.0900086,2,-0.20778,0.0911436,2.5948,-102204
2.8,0.0900086,2,-0.20778,0.0911436,2.5978,-119852
2.8,0.0900086,2,-0.20778,0.0911436,2.6008,-119650
2.8,0.0900086,2,-0.20778,0.0911436,2.6038,-112048
2.8,0.0900086,2,-0.20778,0.0911436,2.6068,-111620
2.8,0.0900086,2,-0.20778,0.0911436,2.6098,-115582
2.8,0.0900086,2,-0.20778,0.0911436,2.61281,-126897
2.8,0.0900086,2,-0.20778,0.0911436,2.61581,-104269
2.8,0.0900086,2,-0.20778,0.0911436,2.61881,-114280
2.8,0.0900086,2,-0.20778,0.0911436,2.62181,-123312
2.8,0.0900086,2,-0.20778,0.0911436,2.62481,-101728
2.8,0.0900086,2,-0.20778,0.0911436,2.62781,-107859
2.8,0.0900086,2,-0.20778,0.0911436,2.63082,-101355
2.8,0.0900086,2,-0.20778,0.0911436,2.63382,-123993
2.8,0.0900086,2,-0.20778,0.0911436,2.63682,-100788
2.8,0.0900086,2,-0.20778,0.0911436,2.63982,-103510
2.8,0.0900086,2,-0.20778,0.0911436,2.64282,-108525
2.8,0.0900086,2,-0.20778,0.0911436,2.64582,-99654.1
2.8,0.0900086,2,-0.20778,0.0911436,2.64882,-124990
2.8,0.0900086,2,-0.20778,0.0911436,2.65183,-108650
2.8,0.0900086,2,-0.20778,0.0911436,2.65483,-123076
2.8,0.0900086,2,-0.20778,0.0911436,2.65783,-124962
2.8,0.0900086,2,-0.20778,0.0911436,2.66083,-121436
2.8,0.0900086,2,-0.20778,0.0911436,2.66383,-115811
2.8,0.0900086,2,-0.20778,0.0911436,2.66683,-122002
2.8,0.0900086,2,-0.20778,0.0911436,2.66983,-115845
2.8,0.0900086,2,-0.20778,0.0911436,2.67284,-114213
2.8,0.0900086,2,-0.20778,0.0911436,2.67584,-114958
2.8,0.0900086,2,-0.20778,0.0911436,2.67884,-104752
2.8,0.0900086,2,-0.20778,0.0911436,2.68184,-102369
2.8,0.0900086,2,-0.20778,0.0911436,2.68484,-104169
2.8,0.0900086,2,-0.20778,0.0911436,2.68784,-101415
2.8,0.0900086,2,-0.20778,0.0911436,2.69085,-103960
2.8,0.0900086,2,-0.20778,0.0911436,2.69385,-98629.2
2.8,0.0900086,2,-0.20778,0.0911436,2.69685,-107302
2.8,0.0900086,2,-0.20778,0.0911436,2.69985,-124318
2.8,0.0900086,2,-0.20778,0.0911436,2.70285,-110173
2.8,0.0900086,2,-0.20778,0.0911436,2.70585,-118184
2.8,0.0900086,2,-0.20778,0.0911436,2.70885,-110473
2.8,0.0900086,2,-0.20778,0.0911436,2.71186,-109993
2.8,0.0900086,2,-0.20778,0.0911436,2.71486,-105312
2.8,0.0900086,2,-0.20778,0.0911436,2.71786,-101196
2.8,0.0900086,2,-0.20778,0.0911436,2.72086,-111665
2.8,0.0900086,2,-0.20778,0.0911436,2.72386,-104015
2.8,0.0900086,2,-0.20778,0.0911436,2.72686,-94673.7
2.8,0.0900086,2,-0.20778,0.0911436,2.72986,-103401
2.8,0.0900086,2,-0.20778,0.0911436,2.73287,-112037
2.8,0.0900086,2,-0.20778,0.0911436,2.73587,-104357
2.8,0.0900086,2,-0.20778,0.0911436,2.73887,-110057
2.8,0.0900086,2,-0.20778,0.0911436,2.74187,-95287.1
2.8,0.0900086,2,-0.20778,0.0911436,2.74487,-94650.8
2.8,0.0900086,2,-0.20778,0.0911436,2.74787,-116268
2.8,0.0900086,2,-0.20778,0.0911436,2.75088,-113067
2.8,0.0900086,2,-0.20778,0.0911436,2.75388,-106736
2.8,0.0900086,2,-0.20778,0.0911436,2.75688,-93414.3
2.8,0.0900086,2,-0.20778,0.0911436,2.75988,-92120.2
2.8,0.0900086,2,-0.20778,0.0911436,2.76288,-96695.4
2.8,0.0900086,2,-0.20778,0.0911436,2.76588,-98100.4
2.8,0.0900086,2,-0.20778,0.0911436,2.76888,-96065.3
2.8,0.0900086,2,-0.20778,0.0911436,2.77189,-96253.5
2.8,0.0900086,2,-0.20778,0.0911436,2.77489,-103131
2.8,0.0900086,2,-0.20778,0.0911436,2.77789,-90139
2.8,0.0900086,2,-0.20778,0.0911436,2.78089,-88419.6
2.8,0.0900086,2,-0.20778,0.0911436,2.78389,-101578
2.8,0.0900086,2,-0.20778,0.0911436,2.78689,-90880.8
2.8,0.0900086,2,-0.20778,0.0911436,2.78989,-91836.7
2.8,0.0900086,2,-0.20778,0.0911436,2.7929,-97759.2
2.8,0.0900086,2,-0.20778,0.0911436,2.7959,-85524.7
2.8,0.0900086,2,-0.20778,0.0911436,2.7989,-83311.9
2.8,0.0900086,2,-0.20778,0.0911436,2.8019,92194.3
2.8,0.0900086,2,-0.20778,0.0911436,2.8049,105958
2.8,0.0900086,2,-0.20778,0.0911436,2.8079,94506.9
2.8,0.0900086,2,-0.20778,0.0911436,2.81091,97462.7
2.8,0.0900086,2,-0.20778,0.0911436,2.81391,101802
2.8,0.0900086,2,-0.20778,0.0911436,2.81691,98056.7
2.8,0.0900086,2,-0.20778,0.0911436,2.81991,113830
2.8,0.0900086,2,-0.20778,0.0911436,2.82291,100582
2.8,0.0900086,2,-0.20778,0.0911436,2.82591,112609
2.8,0.0900086,2,-0.20778,0.0911436,2.82891,96661.5
2.8,0.0900086,2,-0.20778,0.0911436,2.83192,93568.6
2.8,0.0900086,2,-0.20778,0.0911436,2.83492,93999.2
2.8,0.0900086,2,-0.20778,0.0911436,2.83792,99562.2
2.8,0.0900086,2,-0.20778,0.0911436,2.84092,106214
2.8,0.0900086,2,-0.20778,0.0911436,2.84392,93913.7
2.8,0.0900086,2,-0.20778,0.0911436,2.84692,100691
2.8,0.0900086,2,-0.20778,0.0911436,2.84992,99082
2.8,0.0900086,2,-0.20778,0.0911436,2.85293,104479
2.8,0.0900086,2,-0.20778,0.0911436,2.85593,119308
2.8,0.0900086,2,-0.20778,0.0911436,2.85893,102232
2.8,0.0900086,2,-0.20778,0.0911436,2.86193,100633
2.8,0.0900086,2,-0.20778,0.0911436,2.86493,103282
2.8,0.0900086,2,-0.20778,0.0911436,2.86793,114222
2.8,0.0900086,2,-0.20778,0.0911436,2.87094,121594
2.8,0.0900086,2,-0.20778,0.0911436,2.87394,98068.2
2.8,0.0900086,2,-0.20778,0.0911436,2.87694,97429.4
2.8,0.0900086,2,-0.20778,0.0911436,2.87994,103093
2.8,0.0900086,2,-0.20778,0.0911436,2.88294,117080
2.8,0.0900086,2,-0.20778,0.0911436,2.88594,106359
2.8,0.0900086,2,-0.20778,0.0911436,2.88894,115083
2.8,0.0900086,2,-0.20778,0.0911436,2.89195,107049
2.8,0.0900086,2,-0.20778,0.0911436,2.89495,99705.3
2.8,0.0900086,2,-0.20778,0.0911436,2.89795,100531
2.8,0.0900086,2,-0.20778,0.0911436,2.90095,108526
2.8,0.0900086,2,-0.20778,0.0911436,2.90395,124090
2.8,0.0900086,2,-0.20778,0.0911436,2.90695,114816
2.8,0.0900086,2,-0.20778,0.0911436,2.90995,120726
2.8,0.0900086,2,-0.20778,0.0911436,2.91296,126463
2.8,0.0900086,2,-0.20778,0.0911436,2.91596,107603
2.8,0.0900086,2,-0.20778,0.0911436,2.91896,100009
2.8,0.0900086,2,-0.20778,0.0911436,2.92196,100088
2.8,0.0900086,2,-0.20778,0.0911436,2.92496,128159
2.8,0.0900086,2,-0.20778,0.0911436,2.92796,116408
2.8,0.0900086,2,-0.20778,0.0911436,2.93097,111059
2.8,0.0900086,2,-0.20778,0.0911436,2.93397,127796
2.8,0.0900086,2,-0.20778,0.0911436,2.93697,115784
2.8,0.0900086,2,-0.20778,0.0911436,2.93997,120717
2.8,0.0900086,2,-0.20778,0.0911436,2.94297,107340
2.8,0.0900086,2,-0.20778,0.0911436,2.94597,100734
2.8,0.0900086,2,-0.20778,0.0911436,2.94897,129028
2.8,0.0900086,2,-0.20778,0.0911436,2.95198,128222
2.8,0.0900086,2,-0.20778,0.0911436,2.95498,102148
2.8,0.0900086,2,-0.20778,0.0911436,2.95798,112899
2.8,0.0900086,2,-0.20778,0.0911436,2.96098,110428
2.8,0.0900086,2,-0.20778,0.0911436,2.96398,125443
2.8,0.0900086,2,-0.20778,0.0911436,2.96698,117980
2.8,0.0900086,2,-0.20778,0.0911436,2.96998,107338
2.8,0.0900086,2,-0.20778,0.0911436,2.97299,120972
2.8,0.0900086,2,-0.20778,0.0911436,2.97599,117682
2.8,0.0900086,2,-0.20778,0.0911436,2.97899,103864
2.8,0.0900086,2,-0.20778,0.0911436,2.98199,104324
2.8,0.0900086,2,-0.20778,0.0911436,2.98499,101509
2.8,0.0900086,2,-0.20778,0.0911436,2.98799,100607
2.8,0.0900086,2,-0.20778,0.0911436,2.991,101993
2.8,0.0900086,2,-0.20778,0.0911436,2.994,102123
2.8,0.0900086,2,-0.20778,0.0911436,2.997,103425
2.8,0.0900086,2,-0.20778,0.0911436,3,103202

2.6,0.127944,2,-0.263126,0.12693,-3,-74155
2.6,0.127944,2,-0.263126,0.12693,-2.997,-75534.8
2.6,0.127944,2,-0.263126,0.12693,-2.994,-68232.8
2.6,0.127944,2,-0.263126,0.12693,-2.991,-77364.8
2.6,0.127944,2,-0.263126,0.12693,-2.98799,-67746.1
2.6,0.127944,2,-0.263126,0.12693,-2.98499,-64980.1
2.6,0.127944,2,-0.263126,0.12693,-2.98199,-67302.4
2.6,0.127944,2,-0.263126,0.12693,-2.97899,-80291.6
2.6,0.127944,2,-0.263126,0.12693,-2.97599,-64409.9
2.6,0.127944,2,-0.263126,0.12693,-2.97299,-64806.3
2.6,0.127944,2,-0.263126,0.12693,-2.96998,-67836.2
2.6,0.127944,2,-0.263126,0.12693,-2.96698,-68909.8
2.6,0.127944,2,-0.263126,0.12693,-2.96398,-81576
2.6,0.127944,2,-0.263126,0.12693,-2.96098,-77673.4
2.6,0.127944,2,-0.263126,0.12693,-2.95798,-73869.7
2.6,0.127944,2,-0.263126,0.12693,-2.95498,-73090.5
2.6,0.127944,2,-0.263126,0.12693,-2.95198,-65515.3
2.6,0.127944,2,-0.263126,0.12693,-2.94897,-74445.2
2.6,0.127944,2,-0.263126,0.12693,-2.94597,-71317
2.6,0.127944,2,-0.263126,0.12693,-2.94297,-71700.2
2.6,0.127944,2,-0.263126,0.12693,-2.93997,-74257.2
2.6,0.127944,2,-0.263126,0.12693,-2.93697,-74272.9
2.6,0.127944,2,-0.263126,0.12693,-2.93397,-76493.5
2.6,0.127944,2,-0.263126,0.12693,-2.93097,-74864.6
2.6,0.127944,2,-0.263126,0.12693,-2.92796,-75133.7
2.6,0.127944,2,-0.263126,0.12693,-2.92496,-64196.2
2.6,0.127944,2,-0.263126,0.12693,-2.92196,-81118.7
2.6,0.127944,2,-0.263126,0.12693,-2.91896,-68425.3
2.6,0.127944,2,-0.263126,0.12693,-2.91596,-81324.4
2.6,0.127944,2,-0.263126,0.12693,-2.91296,-81053.5
2.6,0.127944,2,-0.263126,0.12693,-2.90995,-68928.3
2.6,0.127944,2,-0.263126,0.12693,-2.90695,-71895.5
2.6,0.127944,2,-0.263126,0.12693,-2.90395,-70402.3
2.6,0.127944,2,-0.263126,0.12693,-2.90095,-67779
2.6,0.127944,2,-0.263126,0.12693,-2.89795,-68994.1
2.6,0.127944,2,-0.263126,0.12693,-2.89495,-81139.6
2.6,0.127944,2,-0.263126,0.12693,-2.89195,-76227.6
2.6,0.127944,2,-0.263126,0.12693,-2.88894,-68161.9
2.6,0.127944,2,-0.263126,0.12693,-2.88594,-68620.4
2.6,0.127944,2,-0.263126,0.12693,-2.88294,-75355.5
2.6,0.127944,2,-0.263126,0.12693,-2.87994,-77560.3
2.6,0.127944,2,-0.263126,0.12693,-2.87694,-73020.7
2.6,0.127944,2,-0.263126,0.12693,-2.87394,-68445.9
2.6,0.127944,2,-0.263126,0.12693,-2.87094,-81899.4
2.6,0.127944,2,-0.263126,0.12693,-2.86793,-70796.4
2.6,0.127944,2,-0.263126,0.12693,-2.86493,-81117
2.6,0.127944,2,-0.263126,0.12693,-2.86193,-67103.7
2.6,0.127944,2,-0.263126,0.12693,-2.85893,-81742.5
2.6,0.127944,2,-0.263126,0.12693,-2.85593,-72727.8
2.6,0.127944,2,-0.263126,0.12693,-2.85293,-75461
2.6,0.127944,2,-0.263126,0.12693,-2.84992,-80982.1
2.6,0.127944,2,-0.263126,0.12693,-2.84692,-69355
2.6,0.127944,2,-0.263126,0.12693,-2.84392,-75298
2.6,0.127944,2,-0.263126,0.12693,-2.84092,-84487.4
2.6,0.127944,2,-0.263126,0.12693,-2.83792,-68490.3
2.6,0.127944,2,-0.263126,0.12693,-2.83492,-82019.4
2.6,0.127944,2,-0.263126,0.12693,-2.83192,-79370.2
2.6,0.127944,2,-0.263126,0.12693,-2.82891,-84500
2.6,0.127944,2,-0.263126,0.12693,-2.82591,-82699.6
2.6,0.127944,2,-0.263126,0.12693,-2.82291,-80329.6
2.6,0.127944,2,-0.263126,0.12693,-2.81991,-83600.5
2.6,0.127944,2,-0.263126,0.12693,-2.81691,-85868.6
2.6,0.127944,2,-0.263126,0.12693,-2.81391,-68196.5
2.6,0.127944,2,-0.263126,0.12693,-2.81091,-83216.5
2.6,0.127944,2,-0.263126,0.12693,-2.8079,-81418.9
2.6,0.127944,2,-0.263126,0.12693,-2.8049,-84851.6
2.6,0.127944,2,-0.263126,0.12693,-2.8019,-70647.6
2.6,0.127944,2,-0.263126,0.12693,-2.7989,-69642.9
2.6,0.127944,2,-0.263126,0.12693,-2.7959,-72106.4
2.6,0.127944,2,-0.263126,0.12693,-2.7929,-66713.6
2.6,0.127944,2,-0.263126,0.12693,-2.78989,-77220.8
2.6,0.127944,2,-0.263126,0.12693,-2.78689,-76054.2
2.6,0.127944,2,-0.263126,0.12693,-2.78389,-69475.6
2.6,0.127944,2,-0.263126,0.12693,-2.78089,-75730.4
2.6,0.127944,2,-0.263126,0.12693,-2.77789,-72613.5
2.6,0.127944,2,-0.263126,0.12693,-2.77489,-68371.5
2.6,0.127944,2,-0.263126,0.12693,-2.77189,-80123.2
2.6,0.127944,2,-0.263126,0.12693,-2.76888,-67753.8
2.6,0.127944,2,-0.263126,0.12693,-2.76588,-82250.6
2.6,0.127944,2,-0.263126,0.12693,-2.76288,-75990.5
2.6,0.127944,2,-0.263126,0.12693,-2.75988,-77186.1
2.6,0.127944,2,-0.263126,0.12693,-2.75688,-77363.2
2.6,0.127944,2,-0.263126,0.12693,-2.75388,-72716.8
2.6,0.127944,2,-0.263126,0.12693,-2.75088,-85355.7
2.6,0.127944,2,-0.263126,0.12693,-2.74787,-82407.9
2.6,0.127944,2,-0.263126,0.12693,-2.74487,-68589.1
2.6,0.127944,2,-0.263126,0.12693,-2.74187,-79372.1
2.6,0.127944,2,-0.263126,0.12693,-2.73887,-70124.6
2.6,0.127944,2,-0.263126,0.12693,-2.73587,-74828.4
2.6,0.127944,2,-0.263126,0.12693,-2.73287,-69110.3
2.6,0.127944,2,-0.263126,0.12693,-2.72986,-84271.8
2.6,0.127944,2,-0.263126,0.12693,-2.72686,-82529.6
2.6,0.127944,2,-0.263126,0.12693,-2.72386,-67234
2.6,0.127944,2,-0.263126,0.12693,-2.72086,-73248.5
2.6,0.127944,2,-0.263126,0.12693,-2.71786,-68511.2
2.6,0.127944,2,-0.263126,0.12693,-2.71486,-84505.9
2.6,0.127944,2,-0.263126,0.12693,-2.71186,-76858.3
2.6,0.127944,2,-0.263126,0.12693,-2.70885,-69578.1
2.6,0.127944,2,-0.263126,0.12693,-2.70585,-75840.8
2.6,0.127944,2,-0.263126,0.12693,-2.70285,-85480.8
2.6,0.127944,2,-0.263126,0.12693,-2.69985,-83121.8
2.6,0.127944,2,-0.263126,0.12693,-2.69685,-72517.5
2.6,0.127944,2,-0.263126,0.12693,-2.69385,-72336.5
2.6,0.127944,2,-0.263126,0.12693,-2.69085,-79694.8
2.6,0.127944,2,-0.263126,0.12693,-2.68784,-79758.5
2.6,0.127944,2,-0.263126,0.12693,-2.68484,-86379.2
2.6,0.127944,2,-0.263126,0.12693,-2.68184,-80522.6
2.6,0.127944,2,-0.263126,0.12693,-2.67884,-73550.6
2.6,0.127944,2,-0.263126,0.12693,-2.67584,-71687.2
2.6,0.127944,2,-0.263126,0.12693,-2.67284,-85235
2.6,0.127944,2,-0.263126,0.12693,-2.66983,-74025.7
2.6,0.127944,2,-0.263126,0.12693,-2.66683,-68871.6
2.6,0.127944,2,-0.263126,0.12693,-2.66383,-87629.3
2.6,0.127944,2,-0.263126,0.12693,-2.66083,-67967.6
2.6,0.127944,2,-0.263126,0.12693,-2.65783,-79203.1
2.6,0.127944,2,-0.263126,0.12693,-2.65483,-68118.5
2.6,0.127944,2,-0.263126,0.12693,-2.65183,-70220.8
2.6,0.127944,2,-0.263126,0.12693,-2.64882,-69667.6
2.6,0.127944,2,-0.263126,0.12693,-2.64582,-70659.6
2.6,0.127944,2,-0.263126,0.12693,-2.64282,-70519.2
2.6,0.127944,2,-0.263126,0.12693,-2.63982,-85634.2
2.6,0.127944,2,-0.263126,0.12693,-2.63682,-73224.2
2.6,0.127944,2,-0.263126,0.12693,-2.63382,-72178.3
2.6,0.127944,2,-0.263126,0.12693,-2.63082,-71801.4
2.6,0.127944,2,-0.263126,0.12693,-2.62781,-73301.3
2.6,0.127944,2,-0.263126,0.12693,-2.62481,-81910.7
2.6,0.127944,2,-0.263126,0.12693,-2.62181,-77480.6
2.6,0.127944,2,-0.263126,0.12693,-2.61881,-83700.7
2.6,0.127944,2,-0.263126,0.12693,-2.61581,-76342.8
2.6,0.127944,2,-0.263126,0.12693,-2.61281,-69530.6
2.6,0.127944,2,-0.263126,0.12693,-2.6098,-76279.2
2.6,0.127944,2,-0.263126,0.12693,-2.6068,-69193.5
2.6,0.127944,2,-0.263126,0.12693,-2.6038,-79575.9
2.6,0.127944,2,-0.263126,0.12693,-2.6008,-71728.6
2.6,0.127944,2,-0.263126,0.12693,-2.5978,-79469.9
2.6,0.127944,2,-0.263126,0.12693,-2.5948,-77312.8
2.6,0.127944,2,-0.263126,0.12693,-2.5918,-77900.7
2.6,0.127944,2,-0.263126,0.12693,-2.58879,-80980.4
2.6,0.127944,2,-0.263126,0.12693,-2.58579,-77080.9
2.6,0.127944,2,-0.263126,0.12693,-2.58279,-69583
2.6,0.127944,2,-0.263126,0.12693,-2.57979,-76382.1
2.6,0.127944,2,-0.263126,0.12693,-2.57679,-70413
2.6,0.127944,2,-0.263126,0.12693,-2.57379,-88310.8
2.6,0.127944,2,-0.263126,0.12693,-2.57079,-84558.4
2.6,0.127944,2,-0.263126,0.12693,-2.56778,-81436.4
2.6,0.127944,2,-0.263126,0.12693,-2.56478,-78607.4
2.6,0.127944,2,-0.263126,0.12693,-2.56178,-83190.3
2.6,0.127944,2,-0.263126,0.12693,-2.55878,-84408.1
2.6,0.127944,2,-0.263126,0.12693,-2.55578,-78638.6
2.6,0.127944,2,-0.263126,0.12693,-2.55278,-84666.8
2.6,0.127944,2,-0.263126,0.12693,-2.54977,-71494.2
2.6,0.127944,2,-0.263126,0.12693,-2.54677,-88632.7
2.6,0.127944,2,-0.263126,0.12693,-2.54377,-85103.4
2.6,0.127944,2,-0.263126,0.12693,-2.54077,-76982.2
2.6,0.127944,2,-0.263126,0.12693,-2.53777,-87965.8
2.6,0.127944,2,-0.263126,0.12693,-2.53477,-69111.9
2.6,0.127944,2,-0.263126,0.12693,-2.53177,-70274.6
2.6,0.127944,2,-0.263126,0.12693,-2.52876,-89070
2.6,0.127944,2,-0.263126,0.12693,-2.52576,-69788.6
2.6,0.127944,2,-0.263126,0.12693,-2.52276,-79251.5
2.6,0.127944,2,-0.263126,0.12693,-2.51976,-71247.9
2.6,0.127944,2,-0.263126,0.12693,-2.51676,-72910.3
2.6,0.127944,2,-0.263126,0.12693,-2.51376,-86040.4
2.6,0.127944,2,-0.263126,0.12693,-2.51076,-81873.5
2.6,0.127944,2,-0.263126,0.12693,-2.50775,-71976.4
2.6,0.127944,2,-0.263126,0.12693,-2.50475,-82586.7
2.6,0.127944,2,-0.263126,0.12693,-2.50175,-89371.4
2.6,0.127944,2,-0.263126,0.12693,-2.49875,-72731.7
2.6,0.127944,2,-0.263126,0.12693,-2.49575,-71830.7
2.6,0.127944,2,-0.263126,0.12693,-2.49275,-74929.6
2.6,0.127944,2,-0.263126,0.12693,-2.48974,-72282.3
2.6,0.127944,2,-0.263126,0.12693,-2.48674,-69424.1
2.6,0.127944,2,-0.263126,0.12693,-2.48374,-83272.9
2.6,0.127944,2,-0.263126,0.12693,-2.48074,-77418
2.6,0.127944,2,-0.263126,0.12693,-2.47774,-75448.3
2.6,0.127944,2,-0.263126,0.12693,-2.47474,-76536.1
2.6,0.127944,2,-0.263126,0.12693,-2.47174,-81099.2
2.6,0.127944,2,-0.263126,0.12693,-2.46873,-71603.2
2.6,0.127944,2,-0.263126,0.12693,-2.46573,-90118.5
2.6,0.127944,2,-0.263126,0.12693,-2.46273,-74390.1
2.6,0.127944,2,-0.263126,0.12693,-2.45973,-80043.4
2.6,0.127944,2,-0.263126,0.12693,-2.45673,-74133.9
2.6,0.127944,2,-0.263126,0.12693,-2.45373,-79286.8
2.6,0.127944,2,-0.263126,0.12693,-2.45073,-70238.7
2.6,0.127944,2,-0.263126,0.12693,-2.44772,-81239.6
2.6,0.127944,2,-0.263126,0.12693,-2.44472,-73844
2.6,0.127944,2,-0.263126,0.12693,-2.44172,-85410.9
2.6,0.127944,2,-0.263126,0.12693,-2.43872,-76469.7
2.6,0.127944,2,-0.263126,0.12693,-2.43572,-77904.5
2.6,0.127944,2,-0.263126,0.12693,-2.43272,-83557.4
2.6,0.127944,2,-0.263126,0.12693,-2.42971,-88040.3
2.6,0.127944,2,-0.263126,0.12693,-2.42671,-80610.6
2.6,0.127944,2,-0.263126,0.12693,-2.42371,-84508.9
2.6,0.127944,2,-0.263126,0.12693,-2.42071,-89301.5
2.6,0.127944,2,-0.263126,0.12693,-2.41771,-79787.4
2.6,0.127944,2,-0.263126,0.12693,-2.41471,-76766.7
2.6,0.127944,2,-0.263126,0.12693,-2.41171,-77688.8
2.6,0.127944,2,-0.263126,0.12693,-2.4087,-84632.1
2.6,0.127944,2,-0.263126,0.12693,-2.4057,-70564.6
2.6,0.127944,2,-0.263126,0.12693,-2.4027,-88170.6
2.6,0.127944,2,-0.263126,0.12693,-2.3997,-81630.2
2.6,0.127944,2,-0.263126,0.12693,-2.3967,-77146.8
2.6,0.127944,2,-0.263126,0.12693,-2.3937,-81738.7
2.6,0.127944,2,-0.263126,0.12693,-2.3907,-87944.8
2.6,0.127944,2,-0.263126,0.12693,-2.38769,-79436.8
2.6,0.127944,2,-0.263126,0.12693,-2.38469,-89567.6
2.6,0.127944,2,-0.263126,0.12693,-2.38169,-71464.4
2.6,0.127944,2,-0.263126,0.12693,-2.37869,-70163.2
2.6,0.127944,2,-0.263126,0.12693,-2.37569,-80638.6
2.6,0.127944,2,-0.263126,0.12693,-2.37269,-87037.4
2.6,0.127944,2,-0.263126,0.12693,-2.36968,-72449
2.6,0.127944,2,-0.263126,0.12693,-2.36668,-71312.2
2.6,0.127944,2,-0.263126,0.12693,-2.36368,-74545.2
2.6,0.127944,2,-0.263126,0.12693,-2.36068,-89134.3
2.6,0.127944,2,-0.263126,0.12693,-2.35768,-79517.6
2.6,0.127944,2,-0.263126,0.12693,-2.35468,-73216.8
2.6,0.127944,2,-0.263126,0.12693,-2.35168,-70609.6
2.6,0.127944,2,-0.263126,0.12693,-2.34867,-87311.2
2.6,0.127944,2,-0.263126,0.12693,-2.34567,-71990.2
2.6,0.127944,2,-0.263126,0.12693,-2.34267,-73041.3
2.6,0.127944,2,-0.263126,0.12693,-2.33967,-73226.9
2.6,0.127944,2,-0.263126,0.12693,-2.33667,-82852.2
2.6,0.127944,2,-0.263126,0.12693,-2.33367,-87406.4
2.6,0.127944,2,-0.263126,0.12693,-2.33067,-74674.5
2.6,0.127944,2,-0.263126,0.12693,-2.32766,-71014.7
2.6,0.127944,2,-0.263126,0.12693,-2.32466,-77070.3
2.6,0.127944,2,-0.263126,0.12693,-2.32166,-73906.2
2.6,0.127944,2,-0.263126,0.12693,-2.31866,-76991.4
2.6,0.127944,2,-0.263126,0.12693,-2.31566,-75219
2.6,0.127944,2,-0.263126,0.12693,-2.31266,-82010.5
2.6,0.127944,2,-0.263126,0.12693,-2.30965,-75478.3
2.6,0.127944,2,-0.263126,0.12693,-2.30665,-75080.9
2.6,0.127944,2,-0.263126,0.12693,-2.30365,-79885.2
2.6,0.127944,2,-0.263126,0.12693,-2.30065,-79545
2.6,0.127944,2,-0.263126,0.12693,-2.29765,-78436.7
2.6,0.127944,2,-0.263126,0.12693,-2.29465,-77056.1
2.6,0.127944,2,-0.263126,0.12693,-2.29165,-71000.8
2.6,0.127944,2,-0.263126,0.12693,-2.28864,-78106.5
2.6,0.127944,2,-0.263126,0.12693,-2.28564,-89933
2.6,0.127944,2,-0.263126,0.12693,-2.28264,-71064.5
2.6,0.127944,2,-0.263126,0.12693,-2.27964,-70814.5
2.6,0.127944,2,-0.263126,0.12693,-2.27664,-82062.4
2.6,0.127944,2,-0.263126,0.12693,-2.27364,-72030.4
2.6,0.127944,2,-0.263126,0.12693,-2.27064,-90933.2
2.6,0.127944,2,-0.263126,0.12693,-2.26763,-77562.3
2.6,0.127944,2,-0.263126,0.12693,-2.26463,-73488.3
2.6,0.127944,2,-0.263126,0.12693,-2.26163,-72862
2.6,0.127944,2,-0.263126,0.12693,-2.25863,-80539.4
2.6,0.127944,2,-0.263126,0.12693,-2.25563,-90148.3
2.6,0.127944,2,-0.263126,0.12693,-2.25263,-82110.8
2.6,0.127944,2,-0.263126,0.12693,-2.24962,-73790.8
2.6,0.127944,2,-0.263126,0.12693,-2.24662,-85569.3
2.6,0.127944,2,-0.263126,0.12693,-2.24362,-84946.3
2.6,0.127944,2,-0.263126,0.12693,-2.24062,-72388
2.6,0.127944,2,-0.263126,0.12693,-2.23762,-71271.7
2.6,0.127944,2,-0.263126,0.12693,-2.23462,-72216.7
2.6,0.127944,2,-0.263126,0.12693,-2.23162,-86057.4
2.6,0.127944,2,-0.263126,0.12693,-2.22861,-82641.4
2.6,0.127944,2,-0.263126,0.12693,-2.22561,-82547.4
2.6,0.127944,2,-0.263126,0.12693,-2.22261,-85600.5
2.6,0.127944,2,-0.263126,0.12693,-2.21961,-85717
2.6,0.127944,2,-0.263126,0.12693,-2.21661,-79469.5
2.6,0.127944,2,-0.263126,0.12693,-2.21361,-77938.3
2.6,0.127944,2,-0.263126,0.12693,-2.21061,-89143.5
2.6,0.127944,2,-0.263126,0.12693,-2.2076,-79570.3
2.6,0.127944,2,-0.263126,0.12693,-2.2046,-76415.9
2.6,0.127944,2,-0.263126,0.12693,-2.2016,-75863.6
2.6,0.127944,2,-0.263126,0.12693,-2.1986,-87934.4
2.6,0.127944,2,-0.263126,0.12693,-2.1956,-79182.5
2.6,0.127944,2,-0.263126,0.12693,-2.1926,-74896.6
2.6,0.127944,2,-0.263126,0.12693,-2.18959,-76709.6
2.6,0.127944,2,-0.263126,0.12693,-2.18659,-78937.5
2.6,0.127944,2,-0.263126,0.12693,-2.18359,-75811.3
2.6,0.127944,2,-0.263126,0.12693,-2.18059,-90414.1
2.6,0.127944,2,-0.263126,0.12693,-2.17759,-90755.4
2.6,0.127944,2,-0.263126,0.12693,-2.17459,-90681.5
2.6,0.127944,2,-0.263126,0.12693,-2.17159,-90120.6
2.6,0.127944,2,-0.263126,0.12693,-2.16858,-73524.1
2.6,0.127944,2,-0.263126,0.12693,-2.16558,-72938.8
2.6,0.127944,2,-0.263126,0.12693,-2.16258,-90985.5
2.6,0.127944,2,-0.263126,0.12693,-2.15958,-81398.6
2.6,0.127944,2,-0.263126,0.12693,-2.15658,-79481.6
2.6,0.127944,2,-0.263126,0.12693,-2.15358,-79659.3
2.6,0.127944,2,-0.263126,0.12693,-2.15058,-78121.7
2.6,0.127944,2,-0.263126,0.12693,-2.14757,-72734
2.6,0.127944,2,-0.263126,0.12693,-2.14457,-71299.7
2.6,0.127944,2,-0.263126,0.12693,-2.14157,-77956.5
2.6,0.127944,2,-0.263126,0.12693,-2.13857,-72271.2
2.6,0.127944,2,-0.263126,0.12693,-2.13557,-73387.7
2.6,0.127944,2,-0.263126,0.12693,-2.13257,-72006.8
2.6,0.127944,2,-0.263126,0.12693,-2.12956,-85501
2.6,0.127944,2,-0.263126,0.12693,-2.12656,-85321.2
2.6,0.127944,2,-0.263126,0.12693,-2.12356,-74086.5
2.6,0.127944,2,-0.263126,0.12693,-2.12056,-73291.4
2.6,0.127944,2,-0.263126,0.12693,-2.11756,-71918.1
2.6,0.127944,2,-0.263126,0.12693,-2.11456,-77964.5
2.6,0.127944,2,-0.263126,0.12693,-2.11156,-74295.2
2.6,0.127944,2,-0.263126,0.12693,-2.10855,-91047.1
2.6,0.127944,2,-0.263126,0.12693,-2.10555,-76911.9
2.6,0.127944,2,-0.263126,0.12693,-2.10255,-75855.9
2.6,0.127944,2,-0.263126,0.12693,-2.09955,-76683.9
2.6,0.127944,2,-0.263126,0.12693,-2.09655,-72793.5
2.6,0.127944,2,-0.263126,0.12693,-2.09355,-72277.8
2.6,0.127944,2,-0.263126,0.12693,-2.09055,-87294.8
2.6,0.127944,2,-0.263126,0.12693,-2.08754,-77427.8
2.6,0.127944,2,-0.263126,0.12693,-2.08454,-74410
2.6,0.127944,2,-0.263126,0.12693,-2.08154,-75481.6
2.6,0.127944,2,-0.263126,0.12693,-2.07854,-77979.1
2.6,0.127944,2,-0.263126,0.12693,-2.07554,-87125.6
2.6,0.127944,2,-0.263126,0.12693,-2.07254,-81372.6
2.6,0.127944,2,-0.263126,0.12693,-2.06953,-83761.3
2.6,0.127944,2,-0.263126,0.12693,-2.06653,-86915.5
2.6,0.127944,2,-0.263126,0.12693,-2.06353,-86899.9
2.6,0.127944,2,-0.263126,0.12693,-2.06053,-85157.9
2.6,0.127944,2,-0.263126,0.12693,-2.05753,-74723.8
2.6,0.127944,2,-0.263126,0.12693,-2.05453,-87783
2.6,0.127944,2,-0.263126,0.12693,-2.05153,-78094.5
2.6,0.127944,2,-0.263126,0.12693,-2.04852,-88519.4
2.6,0.127944,2,-0.263126,0.12693,-2.04552,-90162.9
2.6,0.127944,2,-0.263126,0.12693,-2.04252,-88610.7
2.6,0.127944,2,-0.263126,0.12693,-2.03952,-80298.7
2.6,0.127944,2,-0.263126,0.12693,-2.03652,-71790.9
2.6,0.127944,2,-0.263126,0.12693,-2.03352,-80862.5
2.6,0.127944,2,-0.263126,0.12693,-2.03052,-90324.4
2.6,0.127944,2,-0.263126,0.12693,-2.02751,-89569.6
2.6,0.127944,2,-0.263126,0.12693,-2.02451,-82951.9
2.6,0.127944,2,-0.263126,0.12693,-2.02151,-75659.7
2.6,0.127944,2,-0.263126,0.12693,-2.01851,-87534.8
2.6,0.127944,2,-0.263126,0.12693,-2.01551,-79961.6
2.6,0.127944,2,-0.263126,0.12693,-2.01251,-74066.7
2.6,0.127944,2,-0.263126,0.12693,-2.0095,-90547.9
2.6,0.127944,2,-0.263126,0.12693,-2.0065,-84681.5
2.6,0.127944,2,-0.263126,0.12693,-2.0035,-88175.5
2.6,0.127944,2,-0.263126,0.12693,-2.0005,-90162.9
2.6,0.127944,2,-0.263126,0.12693,-1.9975,-71478.9
2.6,0.127944,2,-0.263126,0.12693,-1.9945,-89854
2.6,0.127944,2,-0.263126,0.12693,-1.9915,-79208.8
2.6,0.127944,2,-0.263126,0.12693,-1.98849,-79433
2.6,0.127944,2,-0.263126,0.12693,-1.98549,-94138.2
2.6,0.127944,2,-0.263126,0.12693,-1.98249,-91409.1
2.6,0.127944,2,-0.263126,0.12693,-1.97949,-83168.3
2.6,0.127944,2,-0.263126,0.12693,-1.97649,-90931.8
2.6,0.127944,2,-0.263126,0.12693,-1.97349,-91646
2.6,0.127944,2,-0.263126,0.12693,-1.97049,-85824.1
2.6,0.127944,2,-0.263126,0.12693,-1.96748,-79691.8
2.6,0.127944,2,-0.263126,0.12693,-1.96448,-78828.4
2.6,0.127944,2,-0.263126,0.12693,-1.96148,-80784.6
2.6,0.127944,2,-0.263126,0.12693,-1.95848,-86631.9
2.6,0.127944,2,-0.263126,0.12693,-1.95548,-80300.1
2.6,0.127944,2,-0.263126,0.12693,-1.95248,-71464.4
2.6,0.127944,2,-0.263126,0.12693,-1.94947,-80593.5
2.6,0.127944,2,-0.263126,0.12693,-1.94647,-80714.2
2.6,0.127944,2,-0.263126,0.12693,-1.94347,-86466.8
2.6,0.127944,2,-0.263126,0.12693,-1.94047,-87567.5
2.6,0.127944,2,-0.263126,0.12693,-1.93747,-88480
2.6,0.127944,2,-0.263126,0.12693,-1.93447,-75305.6
2.6,0.127944,2,-0.263126,0.12693,-1.93147,-72186.9
2.6,0.127944,2,-0.263126,0.12693,-1.92846,-72714.7
2.6,0.127944,2,-0.263126,0.12693,-1.92546,-73262.5
2.6,0.127944,2,-0.263126,0.12693,-1.92246,-87270.8
2.6,0.127944,2,-0.263126,0.12693,-1.91946,-77418
2.6,0.127944,2,-0.263126,0.12693,-1.91646,-74572.4
2.6,0.127944,2,-0.263126,0.12693,-1.91346,-72896
2.6,0.127944,2,-0.263126,0.12693,-1.91046,-82384.6
2.6,0.127944,2,-0.263126,0.12693,-1.90745,-73145.3
2.6,0.127944,2,-0.263126,0.12693,-1.90445,-73221.9
2.6,0.127944,2,-0.263126,0.12693,-1.90145,-73908.8
2.6,0.127944,2,-0.263126,0.12693,-1.89845,-74475.1
2.6,0.127944,2,-0.263126,0.12693,-1.89545,-83894.4
2.6,0.127944,2,-0.263126,0.12693,-1.89245,-91819.2
2.6,0.127944,2,-0.263126,0.12693,-1.88944,-84719
2.6,0.127944,2,-0.263126,0.12693,-1.88644,-90325.8
2.6,0.127944,2,-0.263126,0.12693,-1.88344,-88975.8
2.6,0.127944,2,-0.263126,0.12693,-1.88044,-74377.1
2.6,0.127944,2,-0.263126,0.12693,-1.87744,-93416.3
2.6,0.127944,2,-0.263126,0.12693,-1.87444,-89666.7
2.6,0.127944,2,-0.263126,0.12693,-1.87144,-76220.7
2.6,0.127944,2,-0.263126,0.12693,-1.86843,-72056.4
2.6,0.127944,2,-0.263126,0.12693,-1.86543,-78696.1
2.6,0.127944,2,-0.263126,0.12693,-1.86243,-77272.8
2.6,0.127944,2,-0.263126,0.12693,-1.85943,-86397.8
2.6,0.127944,2,-0.263126,0.12693,-1.85643,-79427.9
2.6,0.127944,2,-0.263126,0.12693,-1.85343,-90446.5
2.6,0.127944,2,-0.263126,0.12693,-1.85043,-86034.3
2.6,0.127944,2,-0.263126,0.12693,-1.84742,-73749.1
2.6,0.127944,2,-0.263126,0.12693,-1.84442,-74602.8
2.6,0.127944,2,-0.263126,0.12693,-1.84142,-77419.6
2.6,0.127944,2,-0.263126,0.12693,-1.83842,-90248.4
2.6,0.127944,2,-0.263126,0.12693,-1.83542,-90593.4
2.6,0.127944,2,-0.263126,0.12693,-1.83242,-72041.3
2.6,0.127944,2,-0.263126,0.12693,-1.82941,-71868.7
2.6,0.127944,2,-0.263126,0.12693,-1.82641,-87616.1
2.6,0.127944,2,-0.263126,0.12693,-1.82341,-91980.2
2.6,0.127944,2,-0.263126,0.12693,-1.82041,-78652.3
2.6,0.127944,2,-0.263126,0.12693,-1.81741,-79452.4
2.6,0.127944,2,-0.263126,0.12693,-1.81441,-73175.3
2.6,0.127944,2,-0.263126,0.12693,-1.81141,-91418.2
2.6,0.127944,2,-0.263126,0.12693,-1.8084,-86226.4
2.6,0.127944,2,-0.263126,0.12693,-1.8054,-86464.7
2.6,0.127944,2,-0.263126,0.12693,-1.8024,-86166.4
2.6,0.127944,2,-0.263126,0.12693,-1.7994,-92202.4
2.6,0.127944,2,-0.263126,0.12693,-1.7964,-88207.6
2.6,0.127944,2,-0.263126,0.12693,-1.7934,-78317.3
2.6,0.127944,2,-0.263126,0.12693,-1.7904,-76905.1
2.6,0.127944,2,-0.263126,0.12693,-1.78739,-84232.4
2.6,0.127944,2,-0.263126,0.12693,-1.78439,-73769.2
2.6,0.127944,2,-0.263126,0.12693,-1.78139,-78505.9
2.6,0.127944,2,-0.263126,0.12693,-1.77839,-79184
2.6,0.127944,2,-0.263126,0.12693,-1.77539,-85455.3
2.6,0.127944,2,-0.263126,0.12693,-1.77239,-92474.9
2.6,0.127944,2,-0.263126,0.12693,-1.76938,-71659.8
2.6,0.127944,2,-0.263126,0.12693,-1.76638,-80701.1
2.6,0.127944,2,-0.263126,0.12693,-1.76338,-92050.5
2.6,0.127944,2,-0.263126,0.12693,-1.76038,-77708.4
2.6,0.127944,2,-0.263126,0.12693,-1.75738,-84003.6
2.6,0.127944,2,-0.263126,0.12693,-1.75438,-71752.9
2.6,0.127944,2,-0.263126,0.12693,-1.75138,-75215.3
2.6,0.127944,2,-0.263126,0.12693,-1.74837,-92950.8
2.6,0.127944,2,-0.263126,0.12693,-1.74537,-79116.5
2.6,0.127944,2,-0.263126,0.12693,-1.74237,-73768.8
2.6,0.127944,2,-0.263126,0.12693,-1.73937,-78075.9
2.6,0.127944,2,-0.263126,0.12693,-1.73637,-78840.9
2.6,0.127944,2,-0.263126,0.12693,-1.73337,-89920.4
2.6,0.127944,2,-0.263126,0.12693,-1.73037,-76003.4
2.6,0.127944,2,-0.263126,0.12693,-1.72736,-82739.9
2.6,0.127944,2,-0.263126,0.12693,-1.72436,-74594.2
2.6,0.127944,2,-0.263126,0.12693,-1.72136,-77190.1
2.6,0.127944,2,-0.263126,0.12693,-1.71836,-74585.2
2.6,0.127944,2,-0.263126,0.12693,-1.71536,-77973.8
2.6,0.127944,2,-0.263126,0.12693,-1.71236,-77042.4
2.6,0.127944,2,-0.263126,0.12693,-1.70935,-80499.6
2.6,0.127944,2,-0.263126,0.12693,-1.70635,-90479.9
2.6,0.127944,2,-0.263126,0.12693,-1.70335,-73887.7
2.6,0.127944,2,-0.263126,0.12693,-1.70035,-71506.5
2.6,0.127944,2,-0.263126,0.12693,-1.69735,-77016.8
2.6,0.127944,2,-0.263126,0.12693,-1.69435,-80623.8
2.6,0.127944,2,-0.263126,0.12693,-1.69135,-90780.9
2.6,0.127944,2,-0.263126,0.12693,-1.68834,-89262.1
2.6,0.127944,2,-0.263126,0.12693,-1.68534,-91885
2.6,0.127944,2,-0.263126,0.12693,-1.68234,-88012
2.6,0.127944,2,-0.263126,0.12693,-1.67934,-92687.9
2.6,0.127944,2,-0.263126,0.12693,-1.67634,-88134.6
2.6,0.127944,2,-0.263126,0.12693,-1.67334,-78215.6
2.6,0.127944,2,-0.263126,0.12693,-1.67034,-78628.3
2.6,0.127944,2,-0.263126,0.12693,-1.66733,-84492.9
2.6,0.127944,2,-0.263126,0.12693,-1.66433,-79816.2
2.6,0.127944,2,-0.263126,0.12693,-1.66133,-90103.9
2.6,0.127944,2,-0.263126,0.12693,-1.65833,-91834.5
2.6,0.127944,2,-0.263126,0.12693,-1.65533,-72333.4
2.6,0.127944,2,-0.263126,0.12693,-1.65233,-77347.5
2.6,0.127944,2,-0.263126,0.12693,-1.64932,-84125.2
2.6,0.127944,2,-0.263126,0.12693,-1.64632,-83780.8
2.6,0.127944,2,-0.263126,0.12693,-1.64332,-83202
2.6,0.127944,2,-0.263126,0.12693,-1.64032,-91569.7
2.6,0.127944,2,-0.263126,0.12693,-1.63732,-73112.4
2.6,0.127944,2,-0.263126,0.12693,-1.63432,-78726.9
2.6,0.127944,2,-0.263126,0.12693,-1.63132,-74403.3
2.6,0.127944,2,-0.263126,0.12693,-1.62831,-75687.8
2.6,0.127944,2,-0.263126,0.12693,-1.62531,-80682.9
2.6,0.127944,2,-0.263126,0.12693,-1.62231,-82224
2.6,0.127944,2,-0.263126,0.12693,-1.61931,-77057.5
2.6,0.127944,2,-0.263126,0.12693,-1.61631,-82104.7
2.6,0.127944,2,-0.263126,0.12693,-1.61331,-71814.6
2.6,0.127944,2,-0.263126,0.12693,-1.61031,-85904.5
2.6,0.127944,2,-0.263126,0.12693,-1.6073,-92271.6
2.6,0.127944,2,-0.263126,0.12693,-1.6043,-91158.4
2.6,0.127944,2,-0.263126,0.12693,-1.6013,-79617.9
2.6,0.127944,2,-0.263126,0.12693,-1.5983,-72131.6
2.6,0.127944,2,-0.263126,0.12693,-1.5953,-82929.6
2.6,0.127944,2,-0.263126,0.12693,-1.5923,-74319.8
2.6,0.127944,2,-0.263126,0.12693,-1.58929,-72784.8
2.6,0.127944,2,-0.263126,0.12693,-1.58629,-90392.8
2.6,0.127944,2,-0.263126,0.12693,-1.58329,-73409.1
2.6,0.127944,2,-0.263126,0.12693,-1.58029,-72072.4
2.6,0.127944,2,-0.263126,0.12693,-1.57729,-90632.1
2.6,0.127944,2,-0.263126,0.12693,-1.57429,-78413.9
2.6,0.127944,2,-0.263126,0.12693,-1.57129,-81967.1
2.6,0.127944,2,-0.263126,0.12693,-1.56828,-91281.2
2.6,0.127944,2,-0.263126,0.12693,-1.56528,-80715.8
2.6,0.127944,2,-0.263126,0.12693,-1.56228,-72769.7
2.6,0.127944,2,-0.263126,0.12693,-1.55928,-71110.1
2.6,0.127944,2,-0.263126,0.12693,-1.55628,-92749.1
2.6,0.127944,2,-0.263126,0.12693,-1.55328,-83005.5
2.6,0.127944,2,-0.263126,0.12693,-1.55028,-71283.3
2.6,0.127944,2,-0.263126,0.12693,-1.54727,-81709.3
2.6,0.127944,2,-0.263126,0.12693,-1.54427,-71523.5
2.6,0.127944,2,-0.263126,0.12693,-1.54127,-71127.1
2.6,0.127944,2,-0.263126,0.12693,-1.53827,-89936.4
2.6,0.127944,2,-0.263126,0.12693,-1.53527,-80392.8
2.6,0.127944,2,-0.263126,0.12693,-1.53227,-74987.3
2.6,0.127944,2,-0.263126,0.12693,-1.52926,-93350.9
2.6,0.127944,2,-0.263126,0.12693,-1.52626,-77306.9
2.6,0.127944,2,-0.263126,0.12693,-1.52326,-80571.7
2.6,0.127944,2,-0.263126,0.12693,-1.52026,-71096.7
2.6,0.127944,2,-0.263126,0.12693,-1.51726,-87848.1
2.6,0.127944,2,-0.263126,0.12693,-1.51426,-71553.4
2.6,0.127944,2,-0.263126,0.12693,-1.51126,-78868.9
2.6,0.127944,2,-0.263126,0.12693,-1.50825,-80322.5
2.6,0.127944,2,-0.263126,0.12693,-1.50525,-73279.7
2.6,0.127944,2,-0.263126,0.12693,-1.50225,-71992.3
2.6,0.127944,2,-0.263126,0.12693,-1.49925,-78758.1
2.6,0.127944,2,-0.263126,0.12693,-1.49625,-87470.9
2.6,0.127944,2,-0.263126,0.12693,-1.49325,-72624.1
2.6,0.127944,2,-0.263126,0.12693,-1.49025,-74985.5
2.6,0.127944,2,-0.263126,0.12693,-1.48724,-70998.4
2.6,0.127944,2,-0.263126,0.12693,-1.48424,-92028.6
2.6,0.127944,2,-0.263126,0.12693,-1.48124,-78670.6
2.6,0.127944,2,-0.263126,0.12693,-1.47824,-79563.4
2.6,0.127944,2,-0.263126,0.12693,-1.47524,-71763.1
2.6,0.127944,2,-0.263126,0.12693,-1.47224,-78452.9
2.6,0.127944,2,-0.263126,0.12693,-1.46923,-91152.4
2.6,0.127944,2,-0.263126,0.12693,-1.46623,-71322.9
2.6,0.127944,2,-0.263126,0.12693,-1.46323,-73261.1
2.6,0.127944,2,-0.263126,0.12693,-1.46023,-78161.5
2.6,0.127944,2,-0.263126,0.12693,-1.45723,-80487
2.6,0.127944,2,-0.263126,0.12693,-1.45423,-79911.6
2.6,0.127944,2,-0.263126,0.12693,-1.45123,-71950.1
2.6,0.127944,2,-0.263126,0.12693,-1.44822,-77171.5
2.6,0.127944,2,-0.263126,0.12693,-1.44522,-78549
2.6,0.127944,2,-0.263126,0.12693,-1.44222,-71330.4
2.6,0.127944,2,-0.263126,0.12693,-1.43922,-76636
2.6,0.127944,2,-0.263126,0.12693,-1.43622,-75081
2.6,0.127944,2,-0.263126,0.12693,-1.43322,-93479
2.6,0.127944,2,-0.263126,0.12693,-1.43022,-78068.2
2.6,0.127944,2,-0.263126,0.12693,-1.42721,-77526
2.6,0.127944,2,-0.263126,0.12693,-1.42421,-70841.6
2.6,0.127944,2,-0.263126,0.12693,-1.42121,-85154
2.6,0.127944,2,-0.263126,0.12693,-1.41821,-71514.4
2.6,0.127944,2,-0.263126,0.12693,-1.41521,-75968.2
2.6,0.127944,2,-0.263126,0.12693,-1.41221,-75072.6
2.6,0.127944,2,-0.263126,0.12693,-1.4092,-90891.2
2.6,0.127944,2,-0.263126,0.12693,-1.4062,-92100.7
2.6,0.127944,2,-0.263126,0.12693,-1.4032,-92373.1
2.6,0.127944,2,-0.263126,0.12693,-1.4002,-85676.4
2.6,0.127944,2,-0.263126,0.12693,-1.3972,-89336.9
2.6,0.127944,2,-0.263126,0.12693,-1.3942,-74524.1
2.6,0.127944,2,-0.263126,0.12693,-1.3912,-83404.7
2.6,0.127944,2,-0.263126,0.12693,-1.38819,-73305.2
2.6,0.127944,2,-0.263126,0.12693,-1.38519,-84304.2
2.6,0.127944,2,-0.263126,0.12693,-1.38219,-72443
2.6,0.127944,2,-0.263126,0.12693,-1.37919,-70904.8
2.6,0.127944,2,-0.263126,0.12693,-1.37619,-75429
2.6,0.127944,2,-0.263126,0.12693,-1.37319,-88946.4
2.6,0.127944,2,-0.263126,0.12693,-1.37019,-71793.9
2.6,0.127944,2,-0.263126,0.12693,-1.36718,-73303.8
2.6,0.127944,2,-0.263126,0.12693,-1.36418,-74073.2
2.6,0.127944,2,-0.263126,0.12693,-1.36118,-88778.9
2.6,0.127944,2,-0.263126,0.12693,-1.35818,-92844.9
2.6,0.127944,2,-0.263126,0.12693,-1.35518,-73666.5
2.6,0.127944,2,-0.263126,0.12693,-1.35218,-88721.7
2.6,0.127944,2,-0.263126,0.12693,-1.34917,-86411.4
2.6,0.127944,2,-0.263126,0.12693,-1.34617,-76939.7
2.6,0.127944,2,-0.263126,0.12693,-1.34317,-70850.4
2.6,0.127944,2,-0.263126,0.12693,-1.34017,-88395.9
2.6,0.127944,2,-0.263126,0.12693,-1.33717,-73512.5
2.6,0.127944,2,-0.263126,0.12693,-1.33417,-85907.6
2.6,0.127944,2,-0.263126,0.12693,-1.33117,-70750.3
2.6,0.127944,2,-0.263126,0.12693,-1.32816,-70322.5
2.6,0.127944,2,-0.263126,0.12693,-1.32516,-71999
2.6,0.127944,2,-0.263126,0.12693,-1.32216,-70685.9
2.6,0.127944,2,-0.263126,0.12693,-1.31916,-86759.4
2.6,0.127944,2,-0.263126,0.12693,-1.31616,-70867.2
2.6,0.127944,2,-0.263126,0.12693,-1.31316,-87959.5
2.6,0.127944,2,-0.263126,0.12693,-1.31016,-74455.3
2.6,0.127944,2,-0.263126,0.12693,-1.30715,-84680.5
2.6,0.127944,2,-0.263126,0.12693,-1.30415,-84299
2.6,0.127944,2,-0.263126,0.12693,-1.30115,-91979.6
2.6,0.127944,2,-0.263126,0.12693,-1.29815,-85496.2
2.6,0.127944,2,-0.263126,0.12693,-1.29515,-70521.1
2.6,0.127944,2,-0.263126,0.12693,-1.29215,-83586.9
2.6,0.127944,2,-0.263126,0.12693,-1.28914,-84527.4
2.6,0.127944,2,-0.263126,0.12693,-1.28614,-75618.8
2.6,0.127944,2,-0.263126,0.12693,-1.28314,-81114.3
2.6,0.127944,2,-0.263126,0.12693,-1.28014,-71812.7
2.6,0.127944,2,-0.263126,0.12693,-1.27714,-77417
2.6,0.127944,2,-0.263126,0.12693,-1.27414,-82866
2.6,0.127944,2,-0.263126,0.12693,-1.27114,-91121.7
2.6,0.127944,2,-0.263126,0.12693,-1.26813,-80873.8
2.6,0.127944,2,-0.263126,0.12693,-1.26513,-69915.9
2.6,0.127944,2,-0.263126,0.12693,-1.26213,-79396.7
2.6,0.127944,2,-0.263126,0.12693,-1.25913,-71380.5
2.6,0.127944,2,-0.263126,0.12693,-1.25613,-89258
2.6,0.127944,2,-0.263126,0.12693,-1.25313,-81850.5
2.6,0.127944,2,-0.263126,0.12693,-1.25013,-78772.8
2.6,0.127944,2,-0.263126,0.12693,-1.24712,-87842.5
2.6,0.127944,2,-0.263126,0.12693,-1.24412,-86883.3
2.6,0.127944,2,-0.263126,0.12693,-1.24112,-86010.3
2.6,0.127944,2,-0.263126,0.12693,-1.23812,-75480.4
2.6,0.127944,2,-0.263126,0.12693,-1.23512,-84649.5
2.6,0.127944,2,-0.263126,0.12693,-1.23212,-70735.2
2.6,0.127944,2,-0.263126,0.12693,-1.22911,-80453
2.6,0.127944,2,-0.263126,0.12693,-1.22611,-69855
2.6,0.127944,2,-0.263126,0.12693,-1.22311,-80331.2
2.6,0.127944,2,-0.263126,0.12693,-1.22011,-73731.9
2.6,0.127944,2,-0.263126,0.12693,-1.21711,-71753.7
2.6,0.127944,2,-0.263126,0.12693,-1.21411,-75176.3
2.6,0.127944,2,-0.263126,0.12693,-1.21111,-85296.3
2.6,0.127944,2,-0.263126,0.12693,-1.2081,-86530.7
2.6,0.127944,2,-0.263126,0.12693,-1.2051,-75429.3
2.6,0.127944,2,-0.263126,0.12693,-1.2021,-74716.2
2.6,0.127944,2,-0.263126,0.12693,-1.1991,-90016.7
2.6,0.127944,2,-0.263126,0.12693,-1.1961,-91824.5
2.6,0.127944,2,-0.263126,0.12693,-1.1931,-84833.6
2.6,0.127944,2,-0.263126,0.12693,-1.1901,-73783.7
2.6,0.127944,2,-0.263126,0.12693,-1.18709,-77597.6
2.6,0.127944,2,-0.263126,0.12693,-1.18409,-75752.8
2.6,0.127944,2,-0.263126,0.12693,-1.18109,-88090
2.6,0.127944,2,-0.263126,0.12693,-1.17809,-80752
2.6,0.127944,2,-0.263126,0.12693,-1.17509,-80433.8
2.6,0.127944,2,-0.263126,0.12693,-1.17209,-81822.4
2.6,0.127944,2,-0.263126,0.12693,-1.16908,-78137.1
2.6,0.127944,2,-0.263126,0.12693,-1.16608,-72534.9
2.6,0.127944,2,-0.263126,0.12693,-1.16308,-79342.7
2.6,0.127944,2,-0.263126,0.12693,-1.16008,-73010.3
2.6,0.127944,2,-0.263126,0.12693,-1.15708,-80926.3
2.6,0.127944,2,-0.263126,0.12693,-1.15408,-73916.8
2.6,0.127944,2,-0.263126,0.12693,-1.15108,-72474.6
2.6,0.127944,2,-0.263126,0.12693,-1.14807,-88350.3
2.6,0.127944,2,-0.263126,0.12693,-1.14507,-69816.4
2.6,0.127944,2,-0.263126,0.12693,-1.14207,-73671.6
2.6,0.127944,2,-0.263126,0.12693,-1.13907,-75048.3
2.6,0.127944,2,-0.263126,0.12693,-1.13607,-78038.5
2.6,0.127944,2,-0.263126,0.12693,-1.13307,-76052.7
2.6,0.127944,2,-0.263126,0.12693,-1.13007,-73322.3
2.6,0.127944,2,-0.263126,0.12693,-1.12706,-77544.7
2.6,0.127944,2,-0.263126,0.12693,-1.12406,-78301.2
2.6,0.127944,2,-0.263126,0.12693,-1.12106,-87406.8
2.6,0.127944,2,-0.263126,0.12693,-1.11806,-76200
2.6,0.127944,2,-0.263126,0.12693,-1.11506,-75943.7
2.6,0.127944,2,-0.263126,0.12693,-1.11206,-71900
2.6,0.127944,2,-0.263126,0.12693,-1.10905,-75145.9
2.6,0.127944,2,-0.263126,0.12693,-1.10605,-71835.7
2.6,0.127944,2,-0.263126,0.12693,-1.10305,-70803
2.6,0.127944,2,-0.263126,0.12693,-1.10005,-72995.3
2.6,0.127944,2,-0.263126,0.12693,-1.09705,-78688
2.6,0.127944,2,-0.263126,0.12693,-1.09405,-71596.7
2.6,0.127944,2,-0.263126,0.12693,-1.09105,-75997.7
2.6,0.127944,2,-0.263126,0.12693,-1.08804,-69514.2
2.6,0.127944,2,-0.263126,0.12693,-1.08504,-70296.9
2.6,0.127944,2,-0.263126,0.12693,-1.08204,-81879.5
2.6,0.127944,2,-0.263126,0.12693,-1.07904,-77982.8
2.6,0.127944,2,-0.263126,0.12693,-1.07604,-73025.7
2.6,0.127944,2,-0.263126,0.12693,-1.07304,-70286.8
2.6,0.127944,2,-0.263126,0.12693,-1.07004,-69333
2.6,0.127944,2,-0.263126,0.12693,-1.06703,-72356.6
2.6,0.127944,2,-0.263126,0.12693,-1.06403,-87754.1
2.6,0.127944,2,-0.263126,0.12693,-1.06103,-75911.4
2.6,0.127944,2,-0.263126,0.12693,-1.05803,-87036.7
2.6,0.127944,2,-0.263126,0.12693,-1.05503,-75796
2.6,0.127944,2,-0.263126,0.12693,-1.05203,-73914.2
2.6,0.127944,2,-0.263126,0.12693,-1.04902,-85742.4
2.6,0.127944,2,-0.263126,0.12693,-1.04602,-83992.2
2.6,0.127944,2,-0.263126,0.12693,-1.04302,-68358
2.6,0.127944,2,-0.263126,0.12693,-1.04002,-74505.3
2.6,0.127944,2,-0.263126,0.12693,-1.03702,-72554.5
2.6,0.127944,2,-0.263126,0.12693,-1.03402,-71486.5
2.6,0.127944,2,-0.263126,0.12693,-1.03102,-74514.1
2.6,0.127944,2,-0.263126,0.12693,-1.02801,-72533
2.6,0.127944,2,-0.263126,0.12693,-1.02501,-77847.3
2.6,0.127944,2,-0.263126,0.12693,-1.02201,-86247.7
2.6,0.127944,2,-0.263126,0.12693,-1.01901,-87384.3
2.6,0.127944,2,-0.263126,0.12693,-1.01601,-72141.5
2.6,0.127944,2,-0.263126,0.12693,-1.01301,-82909.5
2.6,0.127944,2,-0.263126,0.12693,-1.01001,-82609.2
2.6,0.127944,2,-0.263126,0.12693,-1.007,-68957.5
2.6,0.127944,2,-0.263126,0.12693,-1.004,-76452.9
2.6,0.127944,2,-0.263126,0.12693,-1.001,-75780.5
2.6,0.127944,2,-0.263126,0.12693,-0.997999,-75093.7
2.6,0.127944,2,-0.263126,0.12693,-0.994997,-72939.2
2.6,0.127944,2,-0.263126,0.12693,-0.991996,-74625.4
2.6,0.127944,2,-0.263126,0.12693,-0.988994,-71090.8
2.6,0.127944,2,-0.263126,0.12693,-0.985993,-87938.2
2.6,0.127944,2,-0.263126,0.12693,-0.982991,-84277.3
2.6,0.127944,2,-0.263126,0.12693,-0.97999,-86697.4
2.6,0.127944,2,-0.263126,0.12693,-0.976988,-72797.5
2.6,0.127944,2,-0.263126,0.12693,-0.973987,-80057.9
2.6,0.127944,2,-0.263126,0.12693,-0.970985,-75263.3
2.6,0.127944,2,-0.263126,0.12693,-0.967984,-72985.9
2.6,0.127944,2,-0.263126,0.12693,-0.964982,-83937
2.6,0.127944,2,-0.263126,0.12693,-0.961981,-75057.2
2.6,0.127944,2,-0.263126,0.12693,-0.958979,-66982
2.6,0.127944,2,-0.263126,0.12693,-0.955978,-70665.5
2.6,0.127944,2,-0.263126,0.12693,-0.952976,-75967.6
2.6,0.127944,2,-0.263126,0.12693,-0.949975,-72147.3
2.6,0.127944,2,-0.263126,0.12693,-0.946973,-85537.9
2.6,0.127944,2,-0.263126,0.12693,-0.943972,-85711.2
2.6,0.127944,2,-0.263126,0.12693,-0.94097,-80762.7
2.6,0.127944,2,-0.263126,0.12693,-0.937969,-79827.7
2.6,0.127944,2,-0.263126,0.12693,-0.934967,-69888
2.6,0.127944,2,-0.263126,0.12693,-0.931966,-80990.2
2.6,0.127944,2,-0.263126,0.12693,-0.928964,-68137
2.6,0.127944,2,-0.263126,0.12693,-0.925963,-79958.1
2.6,0.127944,2,-0.263126,0.12693,-0.922961,-75427.3
2.6,0.127944,2,-0.263126,0.12693,-0.91996,-82062.9
2.6,0.127944,2,-0.263126,0.12693,-0.916958,-84564.6
2.6,0.127944,2,-0.263126,0.12693,-0.913957,-72506.6
2.6,0.127944,2,-0.263126,0.12693,-0.910955,-81721.7
2.6,0.127944,2,-0.263126,0.12693,-0.907954,-80744.7
2.6,0.127944,2,-0.263126,0.12693,-0.904952,-83670.2
2.6,0.127944,2,-0.263126,0.12693,-0.901951,-71356.1
2.6,0.127944,2,-0.263126,0.12693,-0.898949,-65832
2.6,0.127944,2,-0.263126,0.12693,-0.895948,-67572
2.6,0.127944,2,-0.263126,0.12693,-0.892946,-67373.8
2.6,0.127944,2,-0.263126,0.12693,-0.889945,-75594.3
2.6,0.127944,2,-0.263126,0.12693,-0.886943,-78806.4
2.6,0.127944,2,-0.263126,0.12693,-0.883942,-76091.7
2.6,0.127944,2,-0.263126,0.12693,-0.88094,-76657.7
2.6,0.127944,2,-0.263126,0.12693,-0.877939,-71274.7
2.6,0.127944,2,-0.263126,0.12693,-0.874937,-83582.1
2.6,0.127944,2,-0.263126,0.12693,-0.871936,-81819.8
2.6,0.127944,2,-0.263126,0.12693,-0.868934,-72285
2.6,0.127944,2,-0.263126,0.12693,-0.865933,-72916.3
2.6,0.127944,2,-0.263126,0.12693,-0.862931,-70132.6
2.6,0.127944,2,-0.263126,0.12693,-0.85993,-71174.9
2.6,0.127944,2,-0.263126,0.12693,-0.856928,-79197.9
2.6,0.127944,2,-0.263126,0.12693,-0.853927,-77329.1
2.6,0.127944,2,-0.263126,0.12693,-0.850925,-78251.1
2.6,0.127944,2,-0.263126,0.12693,-0.847924,-68670.7
2.6,0.127944,2,-0.263126,0.12693,-0.844922,-72385.3
2.6,0.127944,2,-0.263126,0.12693,-0.841921,-77817.9
2.6,0.127944,2,-0.263126,0.12693,-0.838919,-71373.1
2.6,0.127944,2,-0.263126,0.12693,-0.835918,-67765.4
2.6,0.127944,2,-0.263126,0.12693,-0.832916,-76631.7
2.6,0.127944,2,-0.263126,0.12693,-0.829915,-79167.2
2.6,0.127944,2,-0.263126,0.12693,-0.826913,-69338
2.6,0.127944,2,-0.263126,0.12693,-0.823912,-82568
2.6,0.127944,2,-0.263126,0.12693,-0.82091,-72430.2
2.6,0.127944,2,-0.263126,0.12693,-0.817909,-73954.4
2.6,0.127944,2,-0.263126,0.12693,-0.814907,-73308.3
2.6,0.127944,2,-0.263126,0.12693,-0.811906,-64459.8
2.6,0.127944,2,-0.263126,0.12693,-0.808904,-70617.2
2.6,0.127944,2,-0.263126,0.12693,-0.805903,-70749.5
2.6,0.127944,2,-0.263126,0.12693,-0.802901,-78511.2
2.6,0.127944,2,-0.263126,0.12693,-0.7999,-73932.9
2.6,0.127944,2,-0.263126,0.12693,-0.796898,-68900.2
2.6,0.127944,2,-0.263126,0.12693,-0.793897,-82628.3
2.6,0.127944,2,-0.263126,0.12693,-0.790895,-80689.7
2.6,0.127944,2,-0.263126,0.12693,-0.787894,-74645.5
2.6,0.127944,2,-0.263126,0.12693,-0.784892,-67742.2
2.6,0.127944,2,-0.263126,0.12693,-0.781891,-66231.6
2.6,0.127944,2,-0.263126,0.12693,-0.778889,-72382.7
2.6,0.127944,2,-0.263126,0.12693,-0.775888,-62688.3
2.6,0.127944,2,-0.263126,0.12693,-0.772886,-77340.3
2.6,0.127944,2,-0.263126,0.12693,-0.769885,-64308.2
2.6,0.127944,2,-0.263126,0.12693,-0.766883,-70786.6
2.6,0.127944,2,-0.263126,0.12693,-0.763882,-65700.7
2.6,0.127944,2,-0.263126,0.12693,-0.76088,-69655.2
2.6,0.127944,2,-0.263126,0.12693,-0.757879,-61758.7
2.6,0.127944,2,-0.263126,0.12693,-0.754877,-71879
2.6,0.127944,2,-0.263126,0.12693,-0.751876,-70241.9
2.6,0.127944,2,-0.263126,0.12693,-0.748874,-77152.7
2.6,0.127944,2,-0.263126,0.12693,-0.745873,-68243.6
2.6,0.127944,2,-0.263126,0.12693,-0.742871,-66243.1
2.6,0.127944,2,-0.263126,0.12693,-0.73987,-68565
2.6,0.127944,2,-0.263126,0.12693,-0.736868,-66477.6
2.6,0.127944,2,-0.263126,0.12693,-0.733867,-63305.3
2.6,0.127944,2,-0.263126,0.12693,-0.730865,-62152.2
2.6,0.127944,2,-0.263126,0.12693,-0.727864,-59214.8
2.6,0.127944,2,-0.263126,0.12693,-0.724862,-70342
2.6,0.127944,2,-0.263126,0.12693,-0.721861,-57649.6
2.6,0.127944,2,-0.263126,0.12693,-0.718859,-61797.5
2.6,0.127944,2,-0.263126,0.12693,-0.715858,-50620.3
2.6,0.127944,2,-0.263126,0.12693,-0.712856,63863.4
2.6,0.127944,2,-0.263126,0.12693,-0.709855,56730.9
2.6,0.127944,2,-0.263126,0.12693,-0.706853,60859.1
2.6,0.127944,2,-0.263126,0.12693,-0.703852,59028.4
2.6,0.127944,2,-0.263126,0.12693,-0.70085,68901.8
2.6,0.127944,2,-0.263126,0.12693,-0.697849,72102.4
2.6,0.127944,2,-0.263126,0.12693,-0.694847,61882.2
2.6,0.127944,2,-0.263126,0.12693,-0.691846,74607.9
2.6,0.127944,2,-0.263126,0.12693,-0.688844,70204.2
2.6,0.127944,2,-0.263126,0.12693,-0.685843,72795.3
2.6,0.127944,2,-0.263126,0.12693,-0.682841,69098.1
2.6,0.127944,2,-0.263126,0.12693,-0.67984,70112.2
2.6,0.127944,2,-0.263126,0.12693,-0.676838,61856.4
2.6,0.127944,2,-0.263126,0.12693,-0.673837,67957.5
2.6,0.127944,2,-0.263126,0.12693,-0.670835,69186.6
2.6,0.127944,2,-0.263126,0.12693,-0.667834,78312.1
2.6,0.127944,2,-0.263126,0.12693,-0.664832,73962.6
2.6,0.127944,2,-0.263126,0.12693,-0.661831,62968.2
2.6,0.127944,2,-0.263126,0.12693,-0.658829,62775.7
2.6,0.127944,2,-0.263126,0.12693,-0.655828,65178.1
2.6,0.127944,2,-0.263126,0.12693,-0.652826,68516.5
2.6,0.127944,2,-0.263126,0.12693,-0.649825,62276
2.6,0.127944,2,-0.263126,0.12693,-0.646823,67167.4
2.6,0.127944,2,-0.263126,0.12693,-0.643822,70206.4
2.6,0.127944,2,-0.263126,0.12693,-0.64082,65703
2.6,0.127944,2,-0.263126,0.12693,-0.637819,69333.1
2.6,0.127944,2,-0.263126,0.12693,-0.634817,75103.9
2.6,0.127944,2,-0.263126,0.12693,-0.631816,70831.8
2.6,0.127944,2,-0.263126,0.12693,-0.628814,65961.7
2.6,0.127944,2,-0.263126,0.12693,-0.625813,74829.4
2.6,0.127944,2,-0.263126,0.12693,-0.622811,64720.7
2.6,0.127944,2,-0.263126,0.12693,-0.61981,64867.3
2.6,0.127944,2,-0.263126,0.12693,-0.616808,81594.1
2.6,0.127944,2,-0.263126,0.12693,-0.613807,78330.1
2.6,0.127944,2,-0.263126,0.12693,-0.610805,69767.3
2.6,0.127944,2,-0.263126,0.12693,-0.607804,70564.9
2.6,0.127944,2,-0.263126,0.12693,-0.604802,82065.8
2.6,0.127944,2,-0.263126,0.12693,-0.601801,80357.8
2.6,0.127944,2,-0.263126,0.12693,-0.598799,76434.9
2.6,0.127944,2,-0.263126,0.12693,-0.595798,76510.2
2.6,0.127944,2,-0.263126,0.12693,-0.592796,79590.2
2.6,0.127944,2,-0.263126,0.12693,-0.589795,82414.7
2.6,0.127944,2,-0.263126,0.12693,-0.586793,82048.2
2.6,0.127944,2,-0.263126,0.12693,-0.583792,82319.3
2.6,0.127944,2,-0.263126,0.12693,-0.58079,66317.4
2.6,0.127944,2,-0.263126,0.12693,-0.577789,67223.1
2.6,0.127944,2,-0.263126,0.12693,-0.574787,83079.8
2.6,0.127944,2,-0.263126,0.12693,-0.571786,73276.1
2.6,0.127944,2,-0.263126,0.12693,-0.568784,69016.7
2.6,0.127944,2,-0.263126,0.12693,-0.565783,74968.7
2.6,0.127944,2,-0.263126,0.12693,-0.562781,76698.3
2.6,0.127944,2,-0.263126,0.12693,-0.55978,73880.7
2.6,0.127944,2,-0.263126,0.12693,-0.556778,80981.6
2.6,0.127944,2,-0.263126,0.12693,-0.553777,84634.9
2.6,0.127944,2,-0.263126,0.12693,-0.550775,83143.5
2.6,0.127944,2,-0.263126,0.12693,-0.547774,79266
2.6,0.127944,2,-0.263126,0.12693,-0.544772,77990.5
2.6,0.127944,2,-0.263126,0.12693,-0.541771,69710
2.6,0.127944,2,-0.263126,0.12693,-0.538769,79550
2.6,0.127944,2,-0.263126,0.12693,-0.535768,71485.4
2.6,0.127944,2,-0.263126,0.12693,-0.532766,71949.8
2.6,0.127944,2,-0.263126,0.12693,-0.529765,69440.5
2.6,0.127944,2,-0.263126,0.12693,-0.526763,76753.5
2.6,0.127944,2,-0.263126,0.12693,-0.523762,80287.3
2.6,0.127944,2,-0.263126,0.12693,-0.52076,67398.4
2.6,0.127944,2,-0.263126,0.12693,-0.517759,84766.8
2.6,0.127944,2,-0.263126,0.12693,-0.514757,79281.7
2.6,0.127944,2,-0.263126,0.12693,-0.511756,84582
2.6,0.127944,2,-0.263126,0.12693,-0.508754,67594.1
2.6,0.127944,2,-0.263126,0.12693,-0.505753,70332.2
2.6,0.127944,2,-0.263126,0.12693,-0.502751,81962.8
2.6,0.127944,2,-0.263126,0.12693,-0.49975,80328.2
2.6,0.127944,2,-0.263126,0.12693,-0.496748,70252.6
2.6,0.127944,2,-0.263126,0.12693,-0.493747,69279.2
2.6,0.127944,2,-0.263126,0.12693,-0.490745,69974
2.6,0.127944,2,-0.263126,0.12693,-0.487744,75729.8
2.6,0.127944,2,-0.263126,0.12693,-0.484742,71495.7
2.6,0.127944,2,-0.263126,0.12693,-0.481741,80929.4
2.6,0.127944,2,-0.263126,0.12693,-0.478739,80169.2
2.6,0.127944,2,-0.263126,0.12693,-0.475738,67655.1
2.6,0.127944,2,-0.263126,0.12693,-0.472736,78362.8
2.6,0.127944,2,-0.263126,0.12693,-0.469735,84221.8
2.6,0.127944,2,-0.263126,0.12693,-0.466733,77208.6
2.6,0.127944,2,-0.263126,0.12693,-0.463732,86834.3
2.6,0.127944,2,-0.263126,0.12693,-0.46073,74306.1
2.6,0.127944,2,-0.263126,0.12693,-0.457729,80152
2.6,0.127944,2,-0.263126,0.12693,-0.454727,70021.8
2.6,0.127944,2,-0.263126,0.12693,-0.451726,75725.4
2.6,0.127944,2,-0.263126,0.12693,-0.448724,85025.9
2.6,0.127944,2,-0.263126,0.12693,-0.445723,67997.7
2.6,0.127944,2,-0.263126,0.12693,-0.442721,86935.3
2.6,0.127944,2,-0.263126,0.12693,-0.43972,70702.7
2.6,0.127944,2,-0.263126,0.12693,-0.436718,68299.2
2.6,0.127944,2,-0.263126,0.12693,-0.433717,75712.4
2.6,0.127944,2,-0.263126,0.12693,-0.430715,72414.9
2.6,0.127944,2,-0.263126,0.12693,-0.427714,69735.9
2.6,0.127944,2,-0.263126,0.12693,-0.424712,81330.3
2.6,0.127944,2,-0.263126,0.12693,-0.421711,71015.7
2.6,0.127944,2,-0.263126,0.12693,-0.418709,78581.2
2.6,0.127944,2,-0.263126,0.12693,-0.415708,75635.1
2.6,0.127944,2,-0.263126,0.12693,-0.412706,76856.6
2.6,0.127944,2,-0.263126,0.12693,-0.409705,77363.4
2.6,0.127944,2,-0.263126,0.12693,-0.406703,77862.5
2.6,0.127944,2,-0.263126,0.12693,-0.403702,80303.4
2.6,0.127944,2,-0.263126,0.12693,-0.4007,79802.1
2.6,0.127944,2,-0.263126,0.12693,-0.397699,80064.5
2.6,0.127944,2,-0.263126,0.12693,-0.394697,85561.3
2.6,0.127944,2,-0.263126,0.12693,-0.391696,75560.5
2.6,0.127944,2,-0.263126,0.12693,-0.388694,84517
2.6,0.127944,2,-0.263126,0.12693,-0.385693,70582.3
2.6,0.127944,2,-0.263126,0.12693,-0.382691,76918.3
2.6,0.127944,2,-0.263126,0.12693,-0.37969,84426.1
2.6,0.127944,2,-0.263126,0.12693,-0.376688,73759.9
2.6,0.127944,2,-0.263126,0.12693,-0.373687,68910
2.6,0.127944,2,-0.263126,0.12693,-0.370685,72122.3
2.6,0.127944,2,-0.263126,0.12693,-0.367684,89065.4
2.6,0.127944,2,-0.263126,0.12693,-0.364682,88354.4
2.6,0.127944,2,-0.263126,0.12693,-0.361681,87998.7
2.6,0.127944,2,-0.263126,0.12693,-0.358679,87302.5
2.6,0.127944,2,-0.263126,0.12693,-0.355678,77679.5
2.6,0.127944,2,-0.263126,0.12693,-0.352676,72581.6
2.6,0.127944,2,-0.263126,0.12693,-0.349675,85664.3
2.6,0.127944,2,-0.263126,0.12693,-0.346673,72111.4
2.6,0.127944,2,-0.263126,0.12693,-0.343672,76395.2
2.6,0.127944,2,-0.263126,0.12693,-0.34067,84137.3
2.6,0.127944,2,-0.263126,0.12693,-0.337669,85974.6
2.6,0.127944,2,-0.263126,0.12693,-0.334667,83519.4
2.6,0.127944,2,-0.263126,0.12693,-0.331666,87695.7
2.6,0.127944,2,-0.263126,0.12693,-0.328664,71209.7
2.6,0.127944,2,-0.263126,0.12693,-0.325663,86023.8
2.6,0.127944,2,-0.263126,0.12693,-0.322661,69579.2
2.6,0.127944,2,-0.263126,0.12693,-0.31966,72106.6
2.6,0.127944,2,-0.263126,0.12693,-0.316658,87592.2
2.6,0.127944,2,-0.263126,0.12693,-0.313657,86750.8
2.6,0.127944,2,-0.263126,0.12693,-0.310655,78305.8
2.6,0.127944,2,-0.263126,0.12693,-0.307654,79540
2.6,0.127944,2,-0.263126,0.12693,-0.304652,86330.9
2.6,0.127944,2,-0.263126,0.12693,-0.301651,81725.5
2.6,0.127944,2,-0.263126,0.12693,-0.298649,88075.5
2.6,0.127944,2,-0.263126,0.12693,-0.295648,78131.7
2.6,0.127944,2,-0.263126,0.12693,-0.292646,87939.9
2.6,0.127944,2,-0.263126,0.12693,-0.289645,77672.6
2.6,0.127944,2,-0.263126,0.12693,-0.286643,71468.4
2.6,0.127944,2,-0.263126,0.12693,-0.283642,88146.4
2.6,0.127944,2,-0.263126,0.12693,-0.28064,86030.3
2.6,0.127944,2,-0.263126,0.12693,-0.277639,73644.1
2.6,0.127944,2,-0.263126,0.12693,-0.274637,90862.3
2.6,0.127944,2,-0.263126,0.12693,-0.271636,88520.3
2.6,0.127944,2,-0.263126,0.12693,-0.268634,74821.2
2.6,0.127944,2,-0.263126,0.12693,-0.265633,87844
2.6,0.127944,2,-0.263126,0.12693,-0.262631,85174.9
2.6,0.127944,2,-0.263126,0.12693,-0.25963,88968
2.6,0.127944,2,-0.263126,0.12693,-0.256628,70908.2
2.6,0.127944,2,-0.263126,0.12693,-0.253627,74409.4
2.6,0.127944,2,-0.263126,0.12693,-0.250625,77449
2.6,0.127944,2,-0.263126,0.12693,-0.247624,72838.1
2.6,0.127944,2,-0.263126,0.12693,-0.244622,80027.6
2.6,0.127944,2,-0.263126,0.12693,-0.241621,76899.4
2.6,0.127944,2,-0.263126,0.12693,-0.238619,74688.6
2.6,0.127944,2,-0.263126,0.12693,-0.235618,87451.8
2.6,0.127944,2,-0.263126,0.12693,-0.232616,80839
2.6,0.127944,2,-0.263126,0.12693,-0.229615,70211.5
2.6,0.127944,2,-0.263126,0.12693,-0.226613,77438.1
2.6,0.127944,2,-0.263126,0.12693,-0.223612,83550.7
2.6,0.127944,2,-0.263126,0.12693,-0.22061,77002.8
2.6,0.127944,2,-0.263126,0.12693,-0.217609,82860.9
2.6,0.127944,2,-0.263126,0.12693,-0.214607,85827
2.6,0.127944,2,-0.263126,0.12693,-0.211606,72698.8
2.6,0.127944,2,-0.263126,0.12693,-0.208604,85851
2.6,0.127944,2,-0.263126,0.12693,-0.205603,71514.2
2.6,0.127944,2,-0.263126,0.12693,-0.202601,87647.5
2.6,0.127944,2,-0.263126,0.12693,-0.1996,77690.5
2.6,0.127944,2,-0.263126,0.12693,-0.196598,86819.2
2.6,0.127944,2,-0.263126,0.12693,-0.193597,88725.4
2.6,0.127944,2,-0.263126,0.12693,-0.190595,89315.7
2.6,0.127944,2,-0.263126,0.12693,-0.187594,74253.1
2.6,0.127944,2,-0.263126,0.12693,-0.184592,87645.7
2.6,0.127944,2,-0.263126,0.12693,-0.181591,82018.1
2.6,0.127944,2,-0.263126,0.12693,-0.178589,90278.7
2.6,0.127944,2,-0.263126,0.12693,-0.175588,74190.5
2.6,0.127944,2,-0.263126,0.12693,-0.172586,85061.7
2.6,0.127944,2,-0.263126,0.12693,-0.169585,81935.3
2.6,0.127944,2,-0.263126,0.12693,-0.166583,80427.6
2.6,0.127944,2,-0.263126,0.12693,-0.163582,76876.2
2.6,0.127944,2,-0.263126,0.12693,-0.16058,73759
2.6,0.127944,2,-0.263126,0.12693,-0.157579,87186.6
2.6,0.127944,2,-0.263126,0.12693,-0.154577,81647.1
2.6,0.127944,2,-0.263126,0.12693,-0.151576,74163.5
2.6,0.127944,2,-0.263126,0.12693,-0.148574,84814.6
2.6,0.127944,2,-0.263126,0.12693,-0.145573,84492.8
2.6,0.127944,2,-0.263126,0.12693,-0.142571,85921.5
2.6,0.127944,2,-0.263126,0.12693,-0.13957,75443.8
2.6,0.127944,2,-0.263126,0.12693,-0.136568,86162.3
2.6,0.127944,2,-0.263126,0.12693,-0.133567,71041.5
2.6,0.127944,2,-0.263126,0.12693,-0.130565,71513.9
2.6,0.127944,2,-0.263126,0.12693,-0.127564,74233.1
2.6,0.127944,2,-0.263126,0.12693,-0.124562,81093.5
2.6,0.127944,2,-0.263126,0.12693,-0.121561,91666.5
2.6,0.127944,2,-0.263126,0.12693,-0.118559,90322.8
2.6,0.127944,2,-0.263126,0.12693,-0.115558,80633.5
2.6,0.127944,2,-0.263126,0.12693,-0.112556,90600.8
2.6,0.127944,2,-0.263126,0.12693,-0.109555,85484.9
2.6,0.127944,2,-0.263126,0.12693,-0.106553,90741.5
2.6,0.127944,2,-0.263126,0.12693,-0.103552,77482.5
2.6,0.127944,2,-0.263126,0.12693,-0.10055,80061.1
2.6,0.127944,2,-0.263126,0.12693,-0.0975488,72784.7
2.6,0.127944,2,-0.263126,0.12693,-0.0945473,71689.3
2.6,0.127944,2,-0.263126,0.12693,-0.0915458,71947.4
2.6,0.127944,2,-0.263126,0.12693,-0.0885443,77765.5
2.6,0.127944,2,-0.263126,0.12693,-0.0855428,82574.6
2.6,0.127944,2,-0.263126,0.12693,-0.0825413,72818
2.6,0.127944,2,-0.263126,0.12693,-0.0795398,85376.5
2.6,0.127944,2,-0.263126,0.12693,-0.0765383,79446.7
2.6,0.127944,2,-0.263126,0.12693,-0.0735368,88878.3
2.6,0.127944,2,-0.263126,0.12693,-0.0705353,86808.4
2.6,0.127944,2,-0.263126,0.12693,-0.0675338,79883.6
2.6,0.127944,2,-0.263126,0.12693,-0.0645323,75791.8
2.6,0.127944,2,-0.263126,0.12693,-0.0615308,85978.7
2.6,0.127944,2,-0.263126,0.12693,-0.0585293,83563.8
2.6,0.127944,2,-0.263126,0.12693,-0.0555278,80406.9
2.6,0.127944,2,-0.263126,0.12693,-0.0525263,82008
2.6,0.127944,2,-0.263126,0.12693,-0.0495248,80311
2.6,0.127944,2,-0.263126,0.12693,-0.0465233,71788.4
2.6,0.127944,2,-0.263126,0.12693,-0.0435218,81239.8
2.6,0.127944,2,-0.263126,0.12693,-0.0405203,90558.8
2.6,0.127944,2,-0.263126,0.12693,-0.0375188,73789.2
2.6,0.127944,2,-0.263126,0.12693,-0.0345173,83664.3
2.6,0.127944,2,-0.263126,0.12693,-0.0315158,81669.6
2.6,0.127944,2,-0.263126,0.12693,-0.0285143,91049.4
2.6,0.127944,2,-0.263126,0.12693,-0.0255128,79560.2
2.6,0.127944,2,-0.263126,0.12693,-0.0225113,73546.6
2.6,0.127944,2,-0.263126,0.12693,-0.0195098,84533.6
2.6,0.127944,2,-0.263126,0.12693,-0.0165083,88116.9
2.6,0.127944,2,-0.263126,0.12693,-0.0135068,81450.1
2.6,0.127944,2,-0.263126,0.12693,-0.0105053,92718.7
2.6,0.127944,2,-0.263126,0.12693,-0.00750375,80944
2.6,0.127944,2,-0.263126,0.12693,-0.00450225,73818.3
2.6,0.127944,2,-0.263126,0.12693,-0.00150075,81275.9
2.6,0.127944,2,-0.263126,0.12693,0.00150075,86120.4
2.6,0.127944,2,-0.263126,0.12693,0.00450225,75154.5
2.6,0.127944,2,-0.263126,0.12693,0.00750375,76598.3
2.6,0.127944,2,-0.263126,0.12693,0.0105053,83607.2
2.6,0.127944,2,-0.263126,0.12693,0.0135068,79558.2
2.6,0.127944,2,-0.263126,0.12693,0.0165083,76594.4
2.6,0.127944,2,-0.263126,0.12693,0.0195098,78027.7
2.6,0.127944,2,-0.263126,0.12693,0.0225113,75711.5
2.6,0.127944,2,-0.263126,0.12693,0.0255128,79023.2
2.6,0.127944,2,-0.263126,0.12693,0.0285143,78076
2.6,0.127944,2,-0.263126,0.12693,0.0315158,75950.8
2.6,0.127944,2,-0.263126,0.12693,0.0345173,73207.3
2.6,0.127944,2,-0.263126,0.12693,0.0375188,77566.8
2.6,0.127944,2,-0.263126,0.12693,0.0405203,78488
2.6,0.127944,2,-0.263126,0.12693,0.0435218,72862.9
2.6,0.127944,2,-0.263126,0.12693,0.0465233,80421.3
2.6,0.127944,2,-0.263126,0.12693,0.0495248,75681.3
2.6,0.127944,2,-0.263126,0.12693,0.0525263,77920.9
2.6,0.127944,2,-0.263126,0.12693,0.0555278,79682.9
2.6,0.127944,2,-0.263126,0.12693,0.0585293,80853.7
2.6,0.127944,2,-0.263126,0.12693,0.0615308,74092
2.6,0.127944,2,-0.263126,0.12693,0.0645323,77914.2
2.6,0.127944,2,-0.263126,0.12693,0.0675338,74365.2
2.6,0.127944,2,-0.263126,0.12693,0.0705353,90464.5
2.6,0.127944,2,-0.263126,0.12693,0.0735368,80960.6
2.6,0.127944,2,-0.263126,0.12693,0.0765383,80407
2.6,0.127944,2,-0.263126,0.12693,0.0795398,74479.8
2.6,0.127944,2,-0.263126,0.12693,0.0825413,80472.8
2.6,0.127944,2,-0.263126,0.12693,0.0855428,82264.1
2.6,0.127944,2,-0.263126,0.12693,0.0885443,81525.2
2.6,0.127944,2,-0.263126,0.12693,0.0915458,80114.2
2.6,0.127944,2,-0.263126,0.12693,0.0945473,88865.1
2.6,0.127944,2,-0.263126,0.12693,0.0975488,84819.4
2.6,0.127944,2,-0.263126,0.12693,0.10055,73760.1
2.6,0.127944,2,-0.263126,0.12693,0.103552,72305.6
2.6,0.127944,2,-0.263126,0.12693,0.106553,76684.2
2.6,0.127944,2,-0.263126,0.12693,0.109555,84525.7
2.6,0.127944,2,-0.263126,0.12693,0.112556,74958.6
2.6,0.127944,2,-0.263126,0.12693,0.115558,75349.9
2.6,0.127944,2,-0.263126,0.12693,0.118559,77069.1
2.6,0.127944,2,-0.263126,0.12693,0.121561,86810.5
2.6,0.127944,2,-0.263126,0.12693,0.124562,73654.9
2.6,0.127944,2,-0.263126,0.12693,0.127564,88484.1
2.6,0.127944,2,-0.263126,0.12693,0.130565,78853.1
2.6,0.127944,2,-0.263126,0.12693,0.133567,85046.3
2.6,0.127944,2,-0.263126,0.12693,0.136568,91204.9
2.6,0.127944,2,-0.263126,0.12693,0.13957,78606.3
2.6,0.127944,2,-0.263126,0.12693,0.142571,85855.3
2.6,0.127944,2,-0.263126,0.12693,0.145573,89210.7
2.6,0.127944,2,-0.263126,0.12693,0.148574,78938.5
2.6,0.127944,2,-0.263126,0.12693,0.151576,75394.5
2.6,0.127944,2,-0.263126,0.12693,0.154577,87716
2.6,0.127944,2,-0.263126,0.12693,0.157579,86489.5
2.6,0.127944,2,-0.263126,0.12693,0.16058,90623.9
2.6,0.127944,2,-0.263126,0.12693,0.163582,81739
2.6,0.127944,2,-0.263126,0.12693,0.166583,92112.7
2.6,0.127944,2,-0.263126,0.12693,0.169585,82955
2.6,0.127944,2,-0.263126,0.12693,0.172586,90479.5
2.6,0.127944,2,-0.263126,0.12693,0.175588,82544.9
2.6,0.127944,2,-0.263126,0.12693,0.178589,92007.8
2.6,0.127944,2,-0.263126,0.12693,0.181591,89772.1
2.6,0.127944,2,-0.263126,0.12693,0.184592,91184.1
2.6,0.127944,2,-0.263126,0.12693,0.187594,92856.5
2.6,0.127944,2,-0.263126,0.12693,0.190595,83801.2
2.6,0.127944,2,-0.263126,0.12693,0.193597,79669.6
2.6,0.127944,2,-0.263126,0.12693,0.196598,72124.1
2.6,0.127944,2,-0.263126,0.12693,0.1996,88243.5
2.6,0.127944,2,-0.263126,0.12693,0.202601,79413.6
2.6,0.127944,2,-0.263126,0.12693,0.205603,84606.9
2.6,0.127944,2,-0.263126,0.12693,0.208604,92837.8
2.6,0.127944,2,-0.263126,0.12693,0.211606,87274.8
2.6,0.127944,2,-0.263126,0.12693,0.214607,84542.1
2.6,0.127944,2,-0.263126,0.12693,0.217609,74504.6
2.6,0.127944,2,-0.263126,0.12693,0.22061,89104.7
2.6,0.127944,2,-0.263126,0.12693,0.223612,85203.7
2.6,0.127944,2,-0.263126,0.12693,0.226613,76740.6
2.6,0.127944,2,-0.263126,0.12693,0.229615,72768.7
2.6,0.127944,2,-0.263126,0.12693,0.232616,76191.4
2.6,0.127944,2,-0.263126,0.12693,0.235618,86228.1
2.6,0.127944,2,-0.263126,0.12693,0.238619,77409.4
2.6,0.127944,2,-0.263126,0.12693,0.241621,76571.5
2.6,0.127944,2,-0.263126,0.12693,0.244622,89896.6
2.6,0.127944,2,-0.263126,0.12693,0.247624,83403.3
2.6,0.127944,2,-0.263126,0.12693,0.250625,84747.6
2.6,0.127944,2,-0.263126,0.12693,0.253627,76021.7
2.6,0.127944,2,-0.263126,0.12693,0.256628,85311.1
2.6,0.127944,2,-0.263126,0.12693,0.25963,82117.2
2.6,0.127944,2,-0.263126,0.12693,0.262631,88206.8
2.6,0.127944,2,-0.263126,0.12693,0.265633,79647.2
2.6,0.127944,2,-0.263126,0.12693,0.268634,81839.6
2.6,0.127944,2,-0.263126,0.12693,0.271636,77467.5
2.6,0.127944,2,-0.263126,0.12693,0.274637,84824.9
2.6,0.127944,2,-0.263126,0.12693,0.277639,89774.4
2.6,0.127944,2,-0.263126,0.12693,0.28064,80332.8
2.6,0.127944,2,-0.263126,0.12693,0.283642,73327.4
2.6,0.127944,2,-0.263126,0.12693,0.286643,75500.8
2.6,0.127944,2,-0.263126,0.12693,0.289645,72421.8
2.6,0.127944,2,-0.263126,0.12693,0.292646,79286.2
2.6,0.127944,2,-0.263126,0.12693,0.295648,93110.6
2.6,0.127944,2,-0.263126,0.12693,0.298649,88906.2
2.6,0.127944,2,-0.263126,0.12693,0.301651,76744.7
2.6,0.127944,2,-0.263126,0.12693,0.304652,91032.3
2.6,0.127944,2,-0.263126,0.12693,0.307654,82572.9
2.6,0.127944,2,-0.263126,0.12693,0.310655,81200.2
2.6,0.127944,2,-0.263126,0.12693,0.313657,78414.6
2.6,0.127944,2,-0.263126,0.12693,0.316658,77756.6
2.6,0.127944,2,-0.263126,0.12693,0.31966,81345
2.6,0.127944,2,-0.263126,0.12693,0.322661,79419.5
2.6,0.127944,2,-0.263126,0.12693,0.325663,79800.3
2.6,0.127944,2,-0.263126,0.12693,0.328664,79793.4
2.6,0.127944,2,-0.263126,0.12693,0.331666,79369.4
2.6,0.127944,2,-0.263126,0.12693,0.334667,86494.5
2.6,0.127944,2,-0.263126,0.12693,0.337669,83496.5
2.6,0.127944,2,-0.263126,0.12693,0.34067,80864.3
2.6,0.127944,2,-0.263126,0.12693,0.343672,92107.1
2.6,0.127944,2,-0.263126,0.12693,0.346673,73111.5
2.6,0.127944,2,-0.263126,0.12693,0.349675,91738.7
2.6,0.127944,2,-0.263126,0.12693,0.352676,80526.3
2.6,0.127944,2,-0.263126,0.12693,0.355678,87148.3
2.6,0.127944,2,-0.263126,0.12693,0.358679,77175.5
2.6,0.127944,2,-0.263126,0.12693,0.361681,82630.9
2.6,0.127944,2,-0.263126,0.12693,0.364682,82056.2
2.6,0.127944,2,-0.263126,0.12693,0.367684,72428.1
2.6,0.127944,2,-0.263126,0.12693,0.370685,81348.9
2.6,0.127944,2,-0.263126,0.12693,0.373687,79225.4
2.6,0.127944,2,-0.263126,0.12693,0.376688,90044.5
2.6,0.127944,2,-0.263126,0.12693,0.37969,80759
2.6,0.127944,2,-0.263126,0.12693,0.382691,76069.2
2.6,0.127944,2,-0.263126,0.12693,0.385693,79911.1
2.6,0.127944,2,-0.263126,0.12693,0.388694,79392.2
2.6,0.127944,2,-0.263126,0.12693,0.391696,82162.7
2.6,0.127944,2,-0.263126,0.12693,0.394697,84032.5
2.6,0.127944,2,-0.263126,0.12693,0.397699,73837.3
2.6,0.127944,2,-0.263126,0.12693,0.4007,82948.8
2.6,0.127944,2,-0.263126,0.12693,0.403702,83326.9
2.6,0.127944,2,-0.263126,0.12693,0.406703,81477.2
2.6,0.127944,2,-0.263126,0.12693,0.409705,88072.9
2.6,0.127944,2,-0.263126,0.12693,0.412706,80806.8
2.6,0.127944,2,-0.263126,0.12693,0.415708,84533.1
2.6,0.127944,2,-0.263126,0.12693,0.418709,86748.6
2.6,0.127944,2,-0.263126,0.12693,0.421711,81964
2.6,0.127944,2,-0.263126,0.12693,0.424712,84840.6
2.6,0.127944,2,-0.263126,0.12693,0.427714,90397.1
2.6,0.127944,2,-0.263126,0.12693,0.430715,83840.4
2.6,0.127944,2,-0.263126,0.12693,0.433717,84707.1
2.6,0.127944,2,-0.263126,0.12693,0.436718,83754.4
2.6,0.127944,2,-0.263126,0.12693,0.43972,83099.7
2.6,0.127944,2,-0.263126,0.12693,0.442721,85204.4
2.6,0.127944,2,-0.263126,0.12693,0.445723,87008.2
2.6,0.127944,2,-0.263126,0.12693,0.448724,83356.3
2.6,0.127944,2,-0.263126,0.12693,0.451726,83354.5
2.6,0.127944,2,-0.263126,0.12693,0.454727,88083.6
2.6,0.127944,2,-0.263126,0.12693,0.457729,79025.9
2.6,0.127944,2,-0.263126,0.12693,0.46073,85050.5
2.6,0.127944,2,-0.263126,0.12693,0.463732,79291.4
2.6,0.127944,2,-0.263126,0.12693,0.466733,74884
2.6,0.127944,2,-0.263126,0.12693,0.469735,85038.9
2.6,0.127944,2,-0.263126,0.12693,0.472736,88165.4
2.6,0.127944,2,-0.263126,0.12693,0.475738,77522.7
2.6,0.127944,2,-0.263126,0.12693,0.478739,76191.6
2.6,0.127944,2,-0.263126,0.12693,0.481741,73615.3
2.6,0.127944,2,-0.263126,0.12693,0.484742,86387.2
2.6,0.127944,2,-0.263126,0.12693,0.487744,76368.1
2.6,0.127944,2,-0.263126,0.12693,0.490745,77528.3
2.6,0.127944,2,-0.263126,0.12693,0.493747,80056
2.6,0.127944,2,-0.263126,0.12693,0.496748,85086.5
2.6,0.127944,2,-0.263126,0.12693,0.49975,75359.9
2.6,0.127944,2,-0.263126,0.12693,0.502751,75361.7
2.6,0.127944,2,-0.263126,0.12693,0.505753,84900.5
2.6,0.127944,2,-0.263126,0.12693,0.508754,80449.3
2.6,0.127944,2,-0.263126,0.12693,0.511756,85152.1
2.6,0.127944,2,-0.263126,0.12693,0.514757,77714.1
2.6,0.127944,2,-0.263126,0.12693,0.517759,82042.8
2.6,0.127944,2,-0.263126,0.12693,0.52076,89577.5
2.6,0.127944,2,-0.263126,0.12693,0.523762,74090
2.6,0.127944,2,-0.263126,0.12693,0.526763,88488.7
2.6,0.127944,2,-0.263126,0.12693,0.529765,76890.8
2.6,0.127944,2,-0.263126,0.12693,0.532766,83263.9
2.6,0.127944,2,-0.263126,0.12693,0.535768,81092.9
2.6,0.127944,2,-0.263126,0.12693,0.538769,89756.1
2.6,0.127944,2,-0.263126,0.12693,0.541771,91171
2.6,0.127944,2,-0.263126,0.12693,0.544772,84354.7
2.6,0.127944,2,-0.263126,0.12693,0.547774,88406.6
2.6,0.127944,2,-0.263126,0.12693,0.550775,75005
2.6,0.127944,2,-0.263126,0.12693,0.553777,76267.2
2.6,0.127944,2,-0.263126,0.12693,0.556778,76176.2
2.6,0.127944,2,-0.263126,0.12693,0.55978,73250.6
2.6,0.127944,2,-0.263126,0.12693,0.562781,89000.7
2.6,0.127944,2,-0.263126,0.12693,0.565783,81331.3
2.6,0.127944,2,-0.263126,0.12693,0.568784,74255.5
2.6,0.127944,2,-0.263126,0.12693,0.571786,86771.8
2.6,0.127944,2,-0.263126,0.12693,0.574787,91387.2
2.6,0.127944,2,-0.263126,0.12693,0.577789,73108
2.6,0.127944,2,-0.263126,0.12693,0.58079,78985.1
2.6,0.127944,2,-0.263126,0.12693,0.583792,79823.6
2.6,0.127944,2,-0.263126,0.12693,0.586793,83948.9
2.6,0.127944,2,-0.263126,0.12693,0.589795,86678.2
2.6,0.127944,2,-0.263126,0.12693,0.592796,73961.9
2.6,0.127944,2,-0.263126,0.12693,0.595798,91082.8
2.6,0.127944,2,-0.263126,0.12693,0.598799,86150.9
2.6,0.127944,2,-0.263126,0.12693,0.601801,77815.7
2.6,0.127944,2,-0.263126,0.12693,0.604802,89148.2
2.6,0.127944,2,-0.263126,0.12693,0.607804,89134.9
2.6,0.127944,2,-0.263126,0.12693,0.610805,78007.2
2.6,0.127944,2,-0.263126,0.12693,0.613807,88096.4
2.6,0.127944,2,-0.263126,0.12693,0.616808,75867.4
2.6,0.127944,2,-0.263126,0.12693,0.61981,86775.3
2.6,0.127944,2,-0.263126,0.12693,0.622811,86781.1
2.6,0.127944,2,-0.263126,0.12693,0.625813,89242
2.6,0.127944,2,-0.263126,0.12693,0.628814,91601.7
2.6,0.127944,2,-0.263126,0.12693,0.631816,90541.8
2.6,0.127944,2,-0.263126,0.12693,0.634817,73116.4
2.6,0.127944,2,-0.263126,0.12693,0.637819,74083.4
2.6,0.127944,2,-0.263126,0.12693,0.64082,91082.7
2.6,0.127944,2,-0.263126,0.12693,0.643822,76801.2
2.6,0.127944,2,-0.263126,0.12693,0.646823,79493.1
2.6,0.127944,2,-0.263126,0.12693,0.649825,80723
2.6,0.127944,2,-0.263126,0.12693,0.652826,85404.2
2.6,0.127944,2,-0.263126,0.12693,0.655828,76490.8
2.6,0.127944,2,-0.263126,0.12693,0.658829,77353.8
2.6,0.127944,2,-0.263126,0.12693,0.661831,79724.5
2.6,0.127944,2,-0.263126,0.12693,0.664832,81594.2
2.6,0.127944,2,-0.263126,0.12693,0.667834,80697.5
2.6,0.127944,2,-0.263126,0.12693,0.670835,88685.8
2.6,0.127944,2,-0.263126,0.12693,0.673837,82080.4
2.6,0.127944,2,-0.263126,0.12693,0.676838,86775.1
2.6,0.127944,2,-0.263126,0.12693,0.67984,78323.3
2.6,0.127944,2,-0.263126,0.12693,0.682841,75264.9
2.6,0.127944,2,-0.263126,0.12693,0.685843,73813.5
2.6,0.127944,2,-0.263126,0.12693,0.688844,71940.5
2.6,0.127944,2,-0.263126,0.12693,0.691846,86174.1
2.6,0.127944,2,-0.263126,0.12693,0.694847,83834
2.6,0.127944,2,-0.263126,0.12693,0.697849,71836.5
2.6,0.127944,2,-0.263126,0.12693,0.70085,83841.3
2.6,0.127944,2,-0.263126,0.12693,0.703852,88464
2.6,0.127944,2,-0.263126,0.12693,0.706853,82473.1
2.6,0.127944,2,-0.263126,0.12693,0.709855,72222.2
2.6,0.127944,2,-0.263126,0.12693,0.712856,89549.7
2.6,0.127944,2,-0.263126,0.12693,0.715858,72370.2
2.6,0.127944,2,-0.263126,0.12693,0.718859,74992
2.6,0.127944,2,-0.263126,0.12693,0.721861,76915.4
2.6,0.127944,2,-0.263126,0.12693,0.724862,75789.6
2.6,0.127944,2,-0.263126,0.12693,0.727864,72405.6
2.6,0.127944,2,-0.263126,0.12693,0.730865,73137.6
2.6,0.127944,2,-0.263126,0.12693,0.733867,76840
2.6,0.127944,2,-0.263126,0.12693,0.736868,91768.6
2.6,0.127944,2,-0.263126,0.12693,0.73987,82061.9
2.6,0.127944,2,-0.263126,0.12693,0.742871,85088.8
2.6,0.127944,2,-0.263126,0.12693,0.745873,72919.7
2.6,0.127944,2,-0.263126,0.12693,0.748874,72764.8
2.6,0.127944,2,-0.263126,0.12693,0.751876,85951.3
2.6,0.127944,2,-0.263126,0.12693,0.754877,80463.3
2.6,0.127944,2,-0.263126,0.12693,0.757879,82380.7
2.6,0.127944,2,-0.263126,0.12693,0.76088,82291.9
2.6,0.127944,2,-0.263126,0.12693,0.763882,71640.4
2.6,0.127944,2,-0.263126,0.12693,0.766883,81196
2.6,0.127944,2,-0.263126,0.12693,0.769885,72741.5
2.6,0.127944,2,-0.263126,0.12693,0.772886,89764.2
2.6,0.127944,2,-0.263126,0.12693,0.775888,76773.1
2.6,0.127944,2,-0.263126,0.12693,0.778889,89969.7
2.6,0.127944,2,-0.263126,0.12693,0.781891,84550.1
2.6,0.127944,2,-0.263126,0.12693,0.784892,89011.5
2.6,0.127944,2,-0.263126,0.12693,0.787894,72900.1
2.6,0.127944,2,-0.263126,0.12693,0.790895,91878
2.6,0.127944,2,-0.263126,0.12693,0.793897,83321.6
2.6,0.127944,2,-0.263126,0.12693,0.796898,75676.1
2.6,0.127944,2,-0.263126,0.12693,0.7999,80009.1
2.6,0.127944,2,-0.263126,0.12693,0.802901,73300.3
2.6,0.127944,2,-0.263126,0.12693,0.805903,71508.9
2.6,0.127944,2,-0.263126,0.12693,0.808904,76108.5
2.6,0.127944,2,-0.263126,0.12693,0.811906,73077.9
2.6,0.127944,2,-0.263126,0.12693,0.814907,79685.7
2.6,0.127944,2,-0.263126,0.12693,0.817909,76352.4
2.6,0.127944,2,-0.263126,0.12693,0.82091,73986.3
2.6,0.127944,2,-0.263126,0.12693,0.823912,82514.8
2.6,0.127944,2,-0.263126,0.12693,0.826913,71820.9
2.6,0.127944,2,-0.263126,0.12693,0.829915,83437.2
2.6,0.127944,2,-0.263126,0.12693,0.832916,82778.7
2.6,0.127944,2,-0.263126,0.12693,0.835918,78390.8
2.6,0.127944,2,-0.263126,0.12693,0.838919,81360.9
2.6,0.127944,2,-0.263126,0.12693,0.841921,81252.1
2.6,0.127944,2,-0.263126,0.12693,0.844922,76571.9
2.6,0.127944,2,-0.263126,0.12693,0.847924,77057.8
2.6,0.127944,2,-0.263126,0.12693,0.850925,76440.5
2.6,0.127944,2,-0.263126,0.12693,0.853927,71454.3
2.6,0.127944,2,-0.263126,0.12693,0.856928,77362.6
2.6,0.127944,2,-0.263126,0.12693,0.85993,80794.6
2.6,0.127944,2,-0.263126,0.12693,0.862931,83285.1
2.6,0.127944,2,-0.263126,0.12693,0.865933,71293.4
2.6,0.127944,2,-0.263126,0.12693,0.868934,87856.7
2.6,0.127944,2,-0.263126,0.12693,0.871936,75524.3
2.6,0.127944,2,-0.263126,0.12693,0.874937,75626.4
2.6,0.127944,2,-0.263126,0.12693,0.877939,74922.7
2.6,0.127944,2,-0.263126,0.12693,0.88094,92272.4
2.6,0.127944,2,-0.263126,0.12693,0.883942,75480
2.6,0.127944,2,-0.263126,0.12693,0.886943,75030.3
2.6,0.127944,2,-0.263126,0.12693,0.889945,80811.7
2.6,0.127944,2,-0.263126,0.12693,0.892946,73122.6
2.6,0.127944,2,-0.263126,0.12693,0.895948,73671.7
2.6,0.127944,2,-0.263126,0.12693,0.898949,78126.7
2.6,0.127944,2,-0.263126,0.12693,0.901951,89289.6
2.6,0.127944,2,-0.263126,0.12693,0.904952,72259
2.6,0.127944,2,-0.263126,0.12693,0.907954,84283.7
2.6,0.127944,2,-0.263126,0.12693,0.910955,90765.8
2.6,0.127944,2,-0.263126,0.12693,0.913957,71065.5
2.6,0.127944,2,-0.263126,0.12693,0.916958,79911.7
2.6,0.127944,2,-0.263126,0.12693,0.91996,71146.4
2.6,0.127944,2,-0.263126,0.12693,0.922961,72150.2
2.6,0.127944,2,-0.263126,0.12693,0.925963,82561.1
2.6,0.127944,2,-0.263126,0.12693,0.928964,90041.9
2.6,0.127944,2,-0.263126,0.12693,0.931966,73207.1
2.6,0.127944,2,-0.263126,0.12693,0.934967,87024
2.6,0.127944,2,-0.263126,0.12693,0.937969,91142.1
2.6,0.127944,2,-0.263126,0.12693,0.94097,86163.6
2.6,0.127944,2,-0.263126,0.12693,0.943972,87157.8
2.6,0.127944,2,-0.263126,0.12693,0.946973,74555.9
2.6,0.127944,2,-0.263126,0.12693,0.949975,80767.3
2.6,0.127944,2,-0.263126,0.12693,0.952976,77167.4
2.6,0.127944,2,-0.263126,0.12693,0.955978,86692.7
2.6,0.127944,2,-0.263126,0.12693,0.958979,74304.1
2.6,0.127944,2,-0.263126,0.12693,0.961981,87458
2.6,0.127944,2,-0.263126,0.12693,0.964982,80285.5
2.6,0.127944,2,-0.263126,0.12693,0.967984,86353.1
2.6,0.127944,2,-0.263126,0.12693,0.970985,91430.7
2.6,0.127944,2,-0.263126,0.12693,0.973987,77764.2
2.6,0.127944,2,-0.263126,0.12693,0.976988,71690
2.6,0.127944,2,-0.263126,0.12693,0.97999,73819
2.6,0.127944,2,-0.263126,0.12693,0.982991,82987.6
2.6,0.127944,2,-0.263126,0.12693,0.985993,79744.4
2.6,0.127944,2,-0.263126,0.12693,0.988994,71278.8
2.6,0.127944,2,-0.263126,0.12693,0.991996,71564.7
2.6,0.127944,2,-0.263126,0.12693,0.994997,74659.1
2.6,0.127944,2,-0.263126,0.12693,0.997999,87272.9
2.6,0.127944,2,-0.263126,0.12693,1.001,81125.5
2.6,0.127944,2,-0.263126,0.12693,1.004,79316.7
2.6,0.127944,2,-0.263126,0.12693,1.007,90392.6
2.6,0.127944,2,-0.263126,0.12693,1.01001,72207
2.6,0.127944,2,-0.263126,0.12693,1.01301,84356.6
2.6,0.127944,2,-0.263126,0.12693,1.01601,77779.3
2.6,0.127944,2,-0.263126,0.12693,1.01901,77069.8
2.6,0.127944,2,-0.263126,0.12693,1.02201,87260.8
2.6,0.127944,2,-0.263126,0.12693,1.02501,89154.5
2.6,0.127944,2,-0.263126,0.12693,1.02801,84253.7
2.6,0.127944,2,-0.263126,0.12693,1.03102,72975.1
2.6,0.127944,2,-0.263126,0.12693,1.03402,82755.8
2.6,0.127944,2,-0.263126,0.12693,1.03702,86885.3
2.6,0.127944,2,-0.263126,0.12693,1.04002,70733.9
2.6,0.127944,2,-0.263126,0.12693,1.04302,77598
2.6,0.127944,2,-0.263126,0.12693,1.04602,76909.7
2.6,0.127944,2,-0.263126,0.12693,1.04902,85313.5
2.6,0.127944,2,-0.263126,0.12693,1.05203,72887.3
2.6,0.127944,2,-0.263126,0.12693,1.05503,72487.3
2.6,0.127944,2,-0.263126,0.12693,1.05803,86654.2
2.6,0.127944,2,-0.263126,0.12693,1.06103,83104.1
2.6,0.127944,2,-0.263126,0.12693,1.06403,85341.3
2.6,0.127944,2,-0.263126,0.12693,1.06703,90148.1
2.6,0.127944,2,-0.263126,0.12693,1.07004,84477.3
2.6,0.127944,2,-0.263126,0.12693,1.07304,81514.6
2.6,0.127944,2,-0.263126,0.12693,1.07604,82647.7
2.6,0.127944,2,-0.263126,0.12693,1.07904,75556.9
2.6,0.127944,2,-0.263126,0.12693,1.08204,81530.5
2.6,0.127944,2,-0.263126,0.12693,1.08504,86297.8
2.6,0.127944,2,-0.263126,0.12693,1.08804,72382.9
2.6,0.127944,2,-0.263126,0.12693,1.09105,77234.8
2.6,0.127944,2,-0.263126,0.12693,1.09405,78000.4
2.6,0.127944,2,-0.263126,0.12693,1.09705,83592.8
2.6,0.127944,2,-0.263126,0.12693,1.10005,83501.8
2.6,0.127944,2,-0.263126,0.12693,1.10305,82570
2.6,0.127944,2,-0.263126,0.12693,1.10605,76364.6
2.6,0.127944,2,-0.263126,0.12693,1.10905,81912.4
2.6,0.127944,2,-0.263126,0.12693,1.11206,78672.3
2.6,0.127944,2,-0.263126,0.12693,1.11506,82614.8
2.6,0.127944,2,-0.263126,0.12693,1.11806,69032.2
2.6,0.127944,2,-0.263126,0.12693,1.12106,72946.5
2.6,0.127944,2,-0.263126,0.12693,1.12406,81708.6
2.6,0.127944,2,-0.263126,0.12693,1.12706,69552.1
2.6,0.127944,2,-0.263126,0.12693,1.13007,74290.2
2.6,0.127944,2,-0.263126,0.12693,1.13307,69511.2
2.6,0.127944,2,-0.263126,0.12693,1.13607,80084.9
2.6,0.127944,2,-0.263126,0.12693,1.13907,71756.2
2.6,0.127944,2,-0.263126,0.12693,1.14207,72089.6
2.6,0.127944,2,-0.263126,0.12693,1.14507,74797.1
2.6,0.127944,2,-0.263126,0.12693,1.14807,71926.9
2.6,0.127944,2,-0.263126,0.12693,1.15108,73248.6
2.6,0.127944,2,-0.263126,0.12693,1.15408,69624.3
2.6,0.127944,2,-0.263126,0.12693,1.15708,70885.8
2.6,0.127944,2,-0.263126,0.12693,1.16008,83039.3
2.6,0.127944,2,-0.263126,0.12693,1.16308,72614.6
2.6,0.127944,2,-0.263126,0.12693,1.16608,86044.4
2.6,0.127944,2,-0.263126,0.12693,1.16908,85722.8
2.6,0.127944,2,-0.263126,0.12693,1.17209,68835.1
2.6,0.127944,2,-0.263126,0.12693,1.17509,86320.7
2.6,0.127944,2,-0.263126,0.12693,1.17809,82295.4
2.6,0.127944,2,-0.263126,0.12693,1.18109,72131.4
2.6,0.127944,2,-0.263126,0.12693,1.18409,72756.7
2.6,0.127944,2,-0.263126,0.12693,1.18709,76287
2.6,0.127944,2,-0.263126,0.12693,1.1901,74987
2.6,0.127944,2,-0.263126,0.12693,1.1931,71041.8
2.6,0.127944,2,-0.263126,0.12693,1.1961,75123.5
2.6,0.127944,2,-0.263126,0.12693,1.1991,67438.2
2.6,0.127944,2,-0.263126,0.12693,1.2021,75000
2.6,0.127944,2,-0.263126,0.12693,1.2051,82593.4
2.6,0.127944,2,-0.263126,0.12693,1.2081,75773.1
2.6,0.127944,2,-0.263126,0.12693,1.21111,82891.8
2.6,0.127944,2,-0.263126,0.12693,1.21411,78877.9
2.6,0.127944,2,-0.263126,0.12693,1.21711,76614.1
2.6,0.127944,2,-0.263126,0.12693,1.22011,74338.8
2.6,0.127944,2,-0.263126,0.12693,1.22311,65986.4
2.6,0.127944,2,-0.263126,0.12693,1.22611,83148.9
2.6,0.127944,2,-0.263126,0.12693,1.22911,82464.7
2.6,0.127944,2,-0.263126,0.12693,1.23212,84358.4
2.6,0.127944,2,-0.263126,0.12693,1.23512,81289.3
2.6,0.127944,2,-0.263126,0.12693,1.23812,72096.8
2.6,0.127944,2,-0.263126,0.12693,1.24112,70031.7
2.6,0.127944,2,-0.263126,0.12693,1.24412,79536.8
2.6,0.127944,2,-0.263126,0.12693,1.24712,82955
2.6,0.127944,2,-0.263126,0.12693,1.25013,73498.9
2.6,0.127944,2,-0.263126,0.12693,1.25313,79061.1
2.6,0.127944,2,-0.263126,0.12693,1.25613,74524.2
2.6,0.127944,2,-0.263126,0.12693,1.25913,64923
2.6,0.127944,2,-0.263126,0.12693,1.26213,65632.7
2.6,0.127944,2,-0.263126,0.12693,1.26513,68123.5
2.6,0.127944,2,-0.263126,0.12693,1.26813,72252.7
2.6,0.127944,2,-0.263126,0.12693,1.27114,65623.5
2.6,0.127944,2,-0.263126,0.12693,1.27414,69686
2.6,0.127944,2,-0.263126,0.12693,1.27714,66713
2.6,0.127944,2,-0.263126,0.12693,1.28014,67366.9
2.6,0.127944,2,-0.263126,0.12693,1.28314,71110.6
2.6,0.127944,2,-0.263126,0.12693,1.28614,76203.6
2.6,0.127944,2,-0.263126,0.12693,1.28914,63313.2
2.6,0.127944,2,-0.263126,0.12693,1.29215,67979.2
2.6,0.127944,2,-0.263126,0.12693,1.29515,64487.2
2.6,0.127944,2,-0.263126,0.12693,1.29815,65396.4
2.6,0.127944,2,-0.263126,0.12693,1.30115,60597.8
2.6,0.127944,2,-0.263126,0.12693,1.30415,-60111.2
2.6,0.127944,2,-0.263126,0.12693,1.30715,-66230.4
2.6,0.127944,2,-0.263126,0.12693,1.31016,-58419.3
2.6,0.127944,2,-0.263126,0.12693,1.31316,-64531
2.6,0.127944,2,-0.263126,0.12693,1.31616,-71159.8
2.6,0.127944,2,-0.263126,0.12693,1.31916,-70437.8
2.6,0.127944,2,-0.263126,0.12693,1.32216,-72708.9
2.6,0.127944,2,-0.263126,0.12693,1.32516,-66982.4
2.6,0.127944,2,-0.263126,0.12693,1.32816,-78611
2.6,0.127944,2,-0.263126,0.12693,1.33117,-75464.2
2.6,0.127944,2,-0.263126,0.12693,1.33417,-72606
2.6,0.127944,2,-0.263126,0.12693,1.33717,-69736.2
2.6,0.127944,2,-0.263126,0.12693,1.34017,-75330.6
2.6,0.127944,2,-0.263126,0.12693,1.34317,-68237.5
2.6,0.127944,2,-0.263126,0.12693,1.34617,-69324.7
2.6,0.127944,2,-0.263126,0.12693,1.34917,-66447.8
2.6,0.127944,2,-0.263126,0.12693,1.35218,-73429
2.6,0.127944,2,-0.263126,0.12693,1.35518,-67911.3
2.6,0.127944,2,-0.263126,0.12693,1.35818,-70073.7
2.6,0.127944,2,-0.263126,0.12693,1.36118,-77406.9
2.6,0.127944,2,-0.263126,0.12693,1.36418,-77114
2.6,0.127944,2,-0.263126,0.12693,1.36718,-69228
2.6,0.127944,2,-0.263126,0.12693,1.37019,-67398.9
2.6,0.127944,2,-0.263126,0.12693,1.37319,-69696.1
2.6,0.127944,2,-0.263126,0.12693,1.37619,-72581.2
2.6,0.127944,2,-0.263126,0.12693,1.37919,-77219.3
2.6,0.127944,2,-0.263126,0.12693,1.38219,-74644.3
2.6,0.127944,2,-0.263126,0.12693,1.38519,-78219.4
2.6,0.127944,2,-0.263126,0.12693,1.38819,-79280.3
2.6,0.127944,2,-0.263126,0.12693,1.3912,-84410.9
2.6,0.127944,2,-0.263126,0.12693,1.3942,-67154.1
2.6,0.127944,2,-0.263126,0.12693,1.3972,-82790.4
2.6,0.127944,2,-0.263126,0.12693,1.4002,-77593.1
2.6,0.127944,2,-0.263126,0.12693,1.4032,-85879.4
2.6,0.127944,2,-0.263126,0.12693,1.4062,-84191.4
2.6,0.127944,2,-0.263126,0.12693,1.4092,-67333.7
2.6,0.127944,2,-0.263126,0.12693,1.41221,-71612
2.6,0.127944,2,-0.263126,0.12693,1.41521,-83737.8
2.6,0.127944,2,-0.263126,0.12693,1.41821,-71999.5
2.6,0.127944,2,-0.263126,0.12693,1.42121,-67391.2
2.6,0.127944,2,-0.263126,0.12693,1.42421,-83886.5
2.6,0.127944,2,-0.263126,0.12693,1.42721,-75298.8
2.6,0.127944,2,-0.263126,0.12693,1.43022,-84662.6
2.6,0.127944,2,-0.263126,0.12693,1.43322,-82606.8
2.6,0.127944,2,-0.263126,0.12693,1.43622,-87426.6
2.6,0.127944,2,-0.263126,0.12693,1.43922,-85672.7
2.6,0.127944,2,-0.263126,0.12693,1.44222,-85211.8
2.6,0.127944,2,-0.263126,0.12693,1.44522,-77792.9
2.6,0.127944,2,-0.263126,0.12693,1.44822,-73356.3
2.6,0.127944,2,-0.263126,0.12693,1.45123,-87658.2
2.6,0.127944,2,-0.263126,0.12693,1.45423,-78609.8
2.6,0.127944,2,-0.263126,0.12693,1.45723,-75474.7
2.6,0.127944,2,-0.263126,0.12693,1.46023,-86046.3
2.6,0.127944,2,-0.263126,0.12693,1.46323,-79147.1
2.6,0.127944,2,-0.263126,0.12693,1.46623,-88382
2.6,0.127944,2,-0.263126,0.12693,1.46923,-81559
2.6,0.127944,2,-0.263126,0.12693,1.47224,-83567.2
2.6,0.127944,2,-0.263126,0.12693,1.47524,-71192.2
2.6,0.127944,2,-0.263126,0.12693,1.47824,-88158.3
2.6,0.127944,2,-0.263126,0.12693,1.48124,-81163.2
2.6,0.127944,2,-0.263126,0.12693,1.48424,-87415.6
2.6,0.127944,2,-0.263126,0.12693,1.48724,-86115.6
2.6,0.127944,2,-0.263126,0.12693,1.49025,-81627.9
2.6,0.127944,2,-0.263126,0.12693,1.49325,-73858.7
2.6,0.127944,2,-0.263126,0.12693,1.49625,-87443.4
2.6,0.127944,2,-0.263126,0.12693,1.49925,-81584.1
2.6,0.127944,2,-0.263126,0.12693,1.50225,-77082.8
2.6,0.127944,2,-0.263126,0.12693,1.50525,-89046
2.6,0.127944,2,-0.263126,0.12693,1.50825,-73697.3
2.6,0.127944,2,-0.263126,0.12693,1.51126,-87872.8
2.6,0.127944,2,-0.263126,0.12693,1.51426,-69808.9
2.6,0.127944,2,-0.263126,0.12693,1.51726,-84152.5
2.6,0.127944,2,-0.263126,0.12693,1.52026,-84655.2
2.6,0.127944,2,-0.263126,0.12693,1.52326,-73742.1
2.6,0.127944,2,-0.263126,0.12693,1.52626,-77504.6
2.6,0.127944,2,-0.263126,0.12693,1.52926,-86255.7
2.6,0.127944,2,-0.263126,0.12693,1.53227,-70089.2
2.6,0.127944,2,-0.263126,0.12693,1.53527,-84625.1
2.6,0.127944,2,-0.263126,0.12693,1.53827,-88160.9
2.6,0.127944,2,-0.263126,0.12693,1.54127,-88832.6
2.6,0.127944,2,-0.263126,0.12693,1.54427,-81466.1
2.6,0.127944,2,-0.263126,0.12693,1.54727,-86628.6
2.6,0.127944,2,-0.263126,0.12693,1.55028,-89363.3
2.6,0.127944,2,-0.263126,0.12693,1.55328,-74179.9
2.6,0.127944,2,-0.263126,0.12693,1.55628,-71392.9
2.6,0.127944,2,-0.263126,0.12693,1.55928,-79837.4
2.6,0.127944,2,-0.263126,0.12693,1.56228,-88981.7
2.6,0.127944,2,-0.263126,0.12693,1.56528,-79443.5
2.6,0.127944,2,-0.263126,0.12693,1.56828,-82584.3
2.6,0.127944,2,-0.263126,0.12693,1.57129,-90650.3
2.6,0.127944,2,-0.263126,0.12693,1.57429,-81256
2.6,0.127944,2,-0.263126,0.12693,1.57729,-76820.4
2.6,0.127944,2,-0.263126,0.12693,1.58029,-76809.3
2.6,0.127944,2,-0.263126,0.12693,1.58329,-74901.9
2.6,0.127944,2,-0.263126,0.12693,1.58629,-78152.1
2.6,0.127944,2,-0.263126,0.12693,1.58929,-83098.8
2.6,0.127944,2,-0.263126,0.12693,1.5923,-71387
2.6,0.127944,2,-0.263126,0.12693,1.5953,-82776.7
2.6,0.127944,2,-0.263126,0.12693,1.5983,-84860.8
2.6,0.127944,2,-0.263126,0.12693,1.6013,-75703.9
2.6,0.127944,2,-0.263126,0.12693,1.6043,-74156.5
2.6,0.127944,2,-0.263126,0.12693,1.6073,-85387.8
2.6,0.127944,2,-0.263126,0.12693,1.61031,-74143.7
2.6,0.127944,2,-0.263126,0.12693,1.61331,-90245
2.6,0.127944,2,-0.263126,0.12693,1.61631,-72115.4
2.6,0.127944,2,-0.263126,0.12693,1.61931,-71128
2.6,0.127944,2,-0.263126,0.12693,1.62231,-71660.4
2.6,0.127944,2,-0.263126,0.12693,1.62531,-91811
2.6,0.127944,2,-0.263126,0.12693,1.62831,-78225
2.6,0.127944,2,-0.263126,0.12693,1.63132,-73244.9
2.6,0.127944,2,-0.263126,0.12693,1.63432,-70952.8
2.6,0.127944,2,-0.263126,0.12693,1.63732,-75008.2
2.6,0.127944,2,-0.263126,0.12693,1.64032,-82391.5
2.6,0.127944,2,-0.263126,0.12693,1.64332,-79091.3
2.6,0.127944,2,-0.263126,0.12693,1.64632,-83343
2.6,0.127944,2,-0.263126,0.12693,1.64932,-78961.6
2.6,0.127944,2,-0.263126,0.12693,1.65233,-87401.4
2.6,0.127944,2,-0.263126,0.12693,1.65533,-75521.3
2.6,0.127944,2,-0.263126,0.12693,1.65833,-89644.8
2.6,0.127944,2,-0.263126,0.12693,1.66133,-91742.9
2.6,0.127944,2,-0.263126,0.12693,1.66433,-90790.8
2.6,0.127944,2,-0.263126,0.12693,1.66733,-82505.3
2.6,0.127944,2,-0.263126,0.12693,1.67034,-80023.6
2.6,0.127944,2,-0.263126,0.12693,1.67334,-88199.3
2.6,0.127944,2,-0.263126,0.12693,1.67634,-79068.3
2.6,0.127944,2,-0.263126,0.12693,1.67934,-79619
2.6,0.127944,2,-0.263126,0.12693,1.68234,-71904.9
2.6,0.127944,2,-0.263126,0.12693,1.68534,-75727.5
2.6,0.127944,2,-0.263126,0.12693,1.68834,-81970.6
2.6,0.127944,2,-0.263126,0.12693,1.69135,-73017.7
2.6,0.127944,2,-0.263126,0.12693,1.69435,-72809
2.6,0.127944,2,-0.263126,0.12693,1.69735,-72751.6
2.6,0.127944,2,-0.263126,0.12693,1.70035,-74235.1
2.6,0.127944,2,-0.263126,0.12693,1.70335,-71938.9
2.6,0.127944,2,-0.263126,0.12693,1.70635,-72906.8
2.6,0.127944,2,-0.263126,0.12693,1.70935,-73124.9
2.6,0.127944,2,-0.263126,0.12693,1.71236,-73738.9
2.6,0.127944,2,-0.263126,0.12693,1.71536,-73528
2.6,0.127944,2,-0.263126,0.12693,1.71836,-74207.1
2.6,0.127944,2,-0.263126,0.12693,1.72136,-72150.9
2.6,0.127944,2,-0.263126,0.12693,1.72436,-71597.5
2.6,0.127944,2,-0.263126,0.12693,1.72736,-71720.6
2.6,0.127944,2,-0.263126,0.12693,1.73037,-73599.3
2.6,0.127944,2,-0.263126,0.12693,1.73337,-72379.5
2.6,0.127944,2,-0.263126,0.12693,1.73637,-71866.7
2.6,0.127944,2,-0.263126,0.12693,1.73937,-74462.7
2.6,0.127944,2,-0.263126,0.12693,1.74237,-72954.5
2.6,0.127944,2,-0.263126,0.12693,1.74537,-74135.9
2.6,0.127944,2,-0.263126,0.12693,1.74837,-76875.5
2.6,0.127944,2,-0.263126,0.12693,1.75138,-76856.2
2.6,0.127944,2,-0.263126,0.12693,1.75438,-71819
2.6,0.127944,2,-0.263126,0.12693,1.75738,-78718.9
2.6,0.127944,2,-0.263126,0.12693,1.76038,-73797
2.6,0.127944,2,-0.263126,0.12693,1.76338,-75025.6
2.6,0.127944,2,-0.263126,0.12693,1.76638,-74669.4
2.6,0.127944,2,-0.263126,0.12693,1.76938,-72195
2.6,0.127944,2,-0.263126,0.12693,1.77239,-79816
2.6,0.127944,2,-0.263126,0.12693,1.77539,-75962.3
2.6,0.127944,2,-0.263126,0.12693,1.77839,-72952.4
2.6,0.127944,2,-0.263126,0.12693,1.78139,-73206.2
2.6,0.127944,2,-0.263126,0.12693,1.78439,-73369.6
2.6,0.127944,2,-0.263126,0.12693,1.78739,-71731.7
2.6,0.127944,2,-0.263126,0.12693,1.7904,-74201.5
2.6,0.127944,2,-0.263126,0.12693,1.7934,-74192.2
2.6,0.127944,2,-0.263126,0.12693,1.7964,-72146
2.6,0.127944,2,-0.263126,0.12693,1.7994,-74099.8
2.6,0.127944,2,-0.263126,0.12693,1.8024,-77530.4
2.6,0.127944,2,-0.263126,0.12693,1.8054,-72656.4
2.6,0.127944,2,-0.263126,0.12693,1.8084,-76737.6
2.6,0.127944,2,-0.263126,0.12693,1.81141,-74100.8
2.6,0.127944,2,-0.263126,0.12693,1.81441,-75574.7
2.6,0.127944,2,-0.263126,0.12693,1.81741,-72344.5
2.6,0.127944,2,-0.263126,0.12693,1.82041,-75552.2
2.6,0.127944,2,-0.263126,0.12693,1.82341,-77314.7
2.6,0.127944,2,-0.263126,0.12693,1.82641,-76063.9
2.6,0.127944,2,-0.263126,0.12693,1.82941,-74071.7
2.6,0.127944,2,-0.263126,0.12693,1.83242,-74484.9
2.6,0.127944,2,-0.263126,0.12693,1.83542,-73634.8
2.6,0.127944,2,-0.263126,0.12693,1.83842,-74908.4
2.6,0.127944,2,-0.263126,0.12693,1.84142,-73919.8
2.6,0.127944,2,-0.263126,0.12693,1.84442,-79963.2
2.6,0.127944,2,-0.263126,0.12693,1.84742,-76443.3
2.6,0.127944,2,-0.263126,0.12693,1.85043,-75631.3
2.6,0.127944,2,-0.263126,0.12693,1.85343,-72091.1
2.6,0.127944,2,-0.263126,0.12693,1.85643,-82093.4
2.6,0.127944,2,-0.263126,0.12693,1.85943,-80261.9
2.6,0.127944,2,-0.263126,0.12693,1.86243,-73372.8
2.6,0.127944,2,-0.263126,0.12693,1.86543,-73567.1
2.6,0.127944,2,-0.263126,0.12693,1.86843,-75510.9
2.6,0.127944,2,-0.263126,0.12693,1.87144,-74335.2
2.6,0.127944,2,-0.263126,0.12693,1.87444,-75237.7
2.6,0.127944,2,-0.263126,0.12693,1.87744,-73972.7
2.6,0.127944,2,-0.263126,0.12693,1.88044,-75724.7
2.6,0.127944,2,-0.263126,0.12693,1.88344,-78931
2.6,0.127944,2,-0.263126,0.12693,1.88644,-76379.1
2.6,0.127944,2,-0.263126,0.12693,1.88944,-76726.2
2.6,0.127944,2,-0.263126,0.12693,1.89245,-75091.2
2.6,0.127944,2,-0.263126,0.12693,1.89545,-77846
2.6,0.127944,2,-0.263126,0.12693,1.89845,-78042.4
2.6,0.127944,2,-0.263126,0.12693,1.90145,-79282.8
2.6,0.127944,2,-0.263126,0.12693,1.90445,-73328.4
2.6,0.127944,2,-0.263126,0.12693,1.90745,-77185.2
2.6,0.127944,2,-0.263126,0.12693,1.91046,-74781.9
2.6,0.127944,2,-0.263126,0.12693,1.91346,-74600.8
2.6,0.127944,2,-0.263126,0.12693,1.91646,-76132.7
2.6,0.127944,2,-0.263126,0.12693,1.91946,-72335.8
2.6,0.127944,2,-0.263126,0.12693,1.92246,-74152.2
2.6,0.127944,2,-0.263126,0.12693,1.92546,-77689
2.6,0.127944,2,-0.263126,0.12693,1.92846,-75307.4
2.6,0.127944,2,-0.263126,0.12693,1.93147,-80758.8
2.6,0.127944,2,-0.263126,0.12693,1.93447,-76310.5
2.6,0.127944,2,-0.263126,0.12693,1.93747,-76032.2
2.6,0.127944,2,-0.263126,0.12693,1.94047,-76845.3
2.6,0.127944,2,-0.263126,0.12693,1.94347,-73442.5
2.6,0.127944,2,-0.263126,0.12693,1.94647,-75708
2.6,0.127944,2,-0.263126,0.12693,1.94947,-73247.2
2.6,0.127944,2,-0.263126,0.12693,1.95248,-75117.8
2.6,0.127944,2,-0.263126,0.12693,1.95548,-74034
2.6,0.127944,2,-0.263126,0.12693,1.95848,-74562
2.6,0.127944,2,-0.263126,0.12693,1.96148,-75843.8
2.6,0.127944,2,-0.263126,0.12693,1.96448,-81414.4
2.6,0.127944,2,-0.263126,0.12693,1.96748,-75707.2
2.6,0.127944,2,-0.263126,0.12693,1.97049,-73090.4
2.6,0.127944,2,-0.263126,0.12693,1.97349,-73559.9
2.6,0.127944,2,-0.263126,0.12693,1.97649,-73164.1
2.6,0.127944,2,-0.263126,0.12693,1.97949,-75913.9
2.6,0.127944,2,-0.263126,0.12693,1.98249,-75289.2
2.6,0.127944,2,-0.263126,0.12693,1.98549,-76856.8
2.6,0.127944,2,-0.263126,0.12693,1.98849,-73377.5
2.6,0.127944,2,-0.263126,0.12693,1.9915,-73850.6
2.6,0.127944,2,-0.263126,0.12693,1.9945,-78790.3
2.6,0.127944,2,-0.263126,0.12693,1.9975,-74501.2
2.6,0.127944,2,-0.263126,0.12693,2.0005,-75019.8
2.6,0.127944,2,-0.263126,0.12693,2.0035,-75410.6
2.6,0.127944,2,-0.263126,0.12693,2.0065,-77935.7
2.6,0.127944,2,-0.263126,0.12693,2.0095,-76249
2.6,0.127944,2,-0.263126,0.12693,2.01251,-72525.5
2.6,0.127944,2,-0.263126,0.12693,2.01551,-75364.6
2.6,0.127944,2,-0.263126,0.12693,2.01851,-73889.4
2.6,0.127944,2,-0.263126,0.12693,2.02151,-75761.4
2.6,0.127944,2,-0.263126,0.12693,2.02451,-76324.3
2.6,0.127944,2,-0.263126,0.12693,2.02751,-73009.7
2.6,0.127944,2,-0.263126,0.12693,2.03052,-74251.6
2.6,0.127944,2,-0.263126,0.12693,2.03352,-74344.5
2.6,0.127944,2,-0.263126,0.12693,2.03652,-73101.6
2.6,0.127944,2,-0.263126,0.12693,2.03952,-80407.8
2.6,0.127944,2,-0.263126,0.12693,2.04252,-74422.2
2.6,0.127944,2,-0.263126,0.12693,2.04552,-77347.9
2.6,0.127944,2,-0.263126,0.12693,2.04852,-78583.7
2.6,0.127944,2,-0.263126,0.12693,2.05153,-73368.5
2.6,0.127944,2,-0.263126,0.12693,2.05453,-80563.4
2.6,0.127944,2,-0.263126,0.12693,2.05753,-78623.2
2.6,0.127944,2,-0.263126,0.12693,2.06053,-77555.1
2.6,0.127944,2,-0.263126,0.12693,2.06353,-77414.7
2.6,0.127944,2,-0.263126,0.12693,2.06653,-72780.2
2.6,0.127944,2,-0.263126,0.12693,2.06953,-82173.8
2.6,0.127944,2,-0.263126,0.12693,2.07254,-77971.8
2.6,0.127944,2,-0.263126,0.12693,2.07554,-76430.1
2.6,0.127944,2,-0.263126,0.12693,2.07854,-73714.9
2.6,0.127944,2,-0.263126,0.12693,2.08154,-80867.5
2.6,0.127944,2,-0.263126,0.12693,2.08454,-80514.6
2.6,0.127944,2,-0.263126,0.12693,2.08754,-73656.5
2.6,0.127944,2,-0.263126,0.12693,2.09055,-74260.9
2.6,0.127944,2,-0.263126,0.12693,2.09355,-76113.1
2.6,0.127944,2,-0.263126,0.12693,2.09655,-76610.7
2.6,0.127944,2,-0.263126,0.12693,2.09955,-75663.1
2.6,0.127944,2,-0.263126,0.12693,2.10255,-77177.7
2.6,0.127944,2,-0.263126,0.12693,2.10555,-77357.1
2.6,0.127944,2,-0.263126,0.12693,2.10855,-73241.4
2.6,0.127944,2,-0.263126,0.12693,2.11156,-72915.1
2.6,0.127944,2,-0.263126,0.12693,2.11456,-72859
2.6,0.127944,2,-0.263126,0.12693,2.11756,-73723.3
2.6,0.127944,2,-0.263126,0.12693,2.12056,-73073.9
2.6,0.127944,2,-0.263126,0.12693,2.12356,-74908.1
2.6,0.127944,2,-0.263126,0.12693,2.12656,-72805
2.6,0.127944,2,-0.263126,0.12693,2.12956,-75691.3
2.6,0.127944,2,-0.263126,0.12693,2.13257,-75626.4
2.6,0.127944,2,-0.263126,0.12693,2.13557,-77082.3
2.6,0.127944,2,-0.263126,0.12693,2.13857,-72722.9
2.6,0.127944,2,-0.263126,0.12693,2.14157,-73755.5
2.6,0.127944,2,-0.263126,0.12693,2.14457,-74396.3
2.6,0.127944,2,-0.263126,0.12693,2.14757,-73204
2.6,0.127944,2,-0.263126,0.12693,2.15058,-72631.2
2.6,0.127944,2,-0.263126,0.12693,2.15358,-81197
2.6,0.127944,2,-0.263126,0.12693,2.15658,-72931.4
2.6,0.127944,2,-0.263126,0.12693,2.15958,-73379.4
2.6,0.127944,2,-0.263126,0.12693,2.16258,-75235.4
2.6,0.127944,2,-0.263126,0.12693,2.16558,-73226.6
2.6,0.127944,2,-0.263126,0.12693,2.16858,-74602.9
2.6,0.127944,2,-0.263126,0.12693,2.17159,-73774.8
2.6,0.127944,2,-0.263126,0.12693,2.17459,-75681.8
2.6,0.127944,2,-0.263126,0.12693,2.17759,-74021.6
2.6,0.127944,2,-0.263126,0.12693,2.18059,-73047
2.6,0.127944,2,-0.263126,0.12693,2.18359,-73865.8
2.6,0.127944,2,-0.263126,0.12693,2.18659,-76133.9
2.6,0.127944,2,-0.263126,0.12693,2.18959,-72759.8
2.6,0.127944,2,-0.263126,0.12693,2.1926,-73676.2
2.6,0.127944,2,-0.263126,0.12693,2.1956,-76435.9
2.6,0.127944,2,-0.263126,0.12693,2.1986,-74545.8
2.6,0.127944,2,-0.263126,0.12693,2.2016,-72810.7
2.6,0.127944,2,-0.263126,0.12693,2.2046,-75782.2
2.6,0.127944,2,-0.263126,0.12693,2.2076,-72834.1
2.6,0.127944,2,-0.263126,0.12693,2.21061,-74641.9
2.6,0.127944,2,-0.263126,0.12693,2.21361,-74798.5
2.6,0.127944,2,-0.263126,0.12693,2.21661,-75175.9
2.6,0.127944,2,-0.263126,0.12693,2.21961,-74007.1
2.6,0.127944,2,-0.263126,0.12693,2.22261,-74390.6
2.6,0.127944,2,-0.263126,0.12693,2.22561,-76070.9
2.6,0.127944,2,-0.263126,0.12693,2.22861,-72505
2.6,0.127944,2,-0.263126,0.12693,2.23162,-75595
2.6,0.127944,2,-0.263126,0.12693,2.23462,-74180.7
2.6,0.127944,2,-0.263126,0.12693,2.23762,-76500
2.6,0.127944,2,-0.263126,0.12693,2.24062,-73934
2.6,0.127944,2,-0.263126,0.12693,2.24362,-72897.6
2.6,0.127944,2,-0.263126,0.12693,2.24662,-74415
2.6,0.127944,2,-0.263126,0.12693,2.24962,-73975.2
2.6,0.127944,2,-0.263126,0.12693,2.25263,-75624.6
2.6,0.127944,2,-0.263126,0.12693,2.25563,-74797
2.6,0.127944,2,-0.263126,0.12693,2.25863,-74325.8
2.6,0.127944,2,-0.263126,0.12693,2.26163,-79480
2.6,0.127944,2,-0.263126,0.12693,2.26463,-75580
2.6,0.127944,2,-0.263126,0.12693,2.26763,-79514
2.6,0.127944,2,-0.263126,0.12693,2.27064,-76598.2
2.6,0.127944,2,-0.263126,0.12693,2.27364,-72546
2.6,0.127944,2,-0.263126,0.12693,2.27664,-79117.3
2.6,0.127944,2,-0.263126,0.12693,2.27964,-75226.4
2.6,0.127944,2,-0.263126,0.12693,2.28264,-79410
2.6,0.127944,2,-0.263126,0.12693,2.28564,-75995.4
2.6,0.127944,2,-0.263126,0.12693,2.28864,-74238.3
2.6,0.127944,2,-0.263126,0.12693,2.29165,-76011.1
2.6,0.127944,2,-0.263126,0.12693,2.29465,-72392.5
2.6,0.127944,2,-0.263126,0.12693,2.29765,-80058.6
2.6,0.127944,2,-0.263126,0.12693,2.30065,-76104
2.6,0.127944,2,-0.263126,0.12693,2.30365,-76660.3
2.6,0.127944,2,-0.263126,0.12693,2.30665,-72382.4
2.6,0.127944,2,-0.263126,0.12693,2.30965,-73771
2.6,0.127944,2,-0.263126,0.12693,2.31266,-77913.3
2.6,0.127944,2,-0.263126,0.12693,2.31566,-75587.7
2.6,0.127944,2,-0.263126,0.12693,2.31866,-75450.4
2.6,0.127944,2,-0.263126,0.12693,2.32166,-74518.8
2.6,0.127944,2,-0.263126,0.12693,2.32466,-73268.1
2.6,0.127944,2,-0.263126,0.12693,2.32766,-72024.1
2.6,0.127944,2,-0.263126,0.12693,2.33067,-74856.1
2.6,0.127944,2,-0.263126,0.12693,2.33367,-75638.1
2.6,0.127944,2,-0.263126,0.12693,2.33667,-75668.3
2.6,0.127944,2,-0.263126,0.12693,2.33967,-74458
2.6,0.127944,2,-0.263126,0.12693,2.34267,-72724.8
2.6,0.127944,2,-0.263126,0.12693,2.34567,-73980.9
2.6,0.127944,2,-0.263126,0.12693,2.34867,-74725.2
2.6,0.127944,2,-0.263126,0.12693,2.35168,-72744.4
2.6,0.127944,2,-0.263126,0.12693,2.35468,-73629.8
2.6,0.127944,2,-0.263126,0.12693,2.35768,-72387.8
2.6,0.127944,2,-0.263126,0.12693,2.36068,-76332
2.6,0.127944,2,-0.263126,0.12693,2.36368,-74954.3
2.6,0.127944,2,-0.263126,0.12693,2.36668,-75417.2
2.6,0.127944,2,-0.263126,0.12693,2.36968,-72426
2.6,0.127944,2,-0.263126,0.12693,2.37269,-72764
2.6,0.127944,2,-0.263126,0.12693,2.37569,-72020.1
2.6,0.127944,2,-0.263126,0.12693,2.37869,-71672.5
2.6,0.127944,2,-0.263126,0.12693,2.38169,-76851.4
2.6,0.127944,2,-0.263126,0.12693,2.38469,-73572.7
2.6,0.127944,2,-0.263126,0.12693,2.38769,-74345.9
2.6,0.127944,2,-0.263126,0.12693,2.3907,-75978.2
2.6,0.127944,2,-0.263126,0.12693,2.3937,-74466.6
2.6,0.127944,2,-0.263126,0.12693,2.3967,-73122.2
2.6,0.127944,2,-0.263126,0.12693,2.3997,-74069.7
2.6,0.127944,2,-0.263126,0.12693,2.4027,-76333.6
2.6,0.127944,2,-0.263126,0.12693,2.4057,-71967.8
2.6,0.127944,2,-0.263126,0.12693,2.4087,-73617.2
2.6,0.127944,2,-0.263126,0.12693,2.41171,-72947.8
2.6,0.127944,2,-0.263126,0.12693,2.41471,-72706.3
2.6,0.127944,2,-0.263126,0.12693,2.41771,-71220
2.6,0.127944,2,-0.263126,0.12693,2.42071,-76980.1
2.6,0.127944,2,-0.263126,0.12693,2.42371,-72474
2.6,0.127944,2,-0.263126,0.12693,2.42671,-72513.2
2.6,0.127944,2,-0.263126,0.12693,2.42971,-73452.7
2.6,0.127944,2,-0.263126,0.12693,2.43272,-78354.8
2.6,0.127944,2,-0.263126,0.12693,2.43572,-71243.3
2.6,0.127944,2,-0.263126,0.12693,2.43872,-80419.9
2.6,0.127944,2,-0.263126,0.12693,2.44172,-73180.7
2.6,0.127944,2,-0.263126,0.12693,2.44472,-73838.9
2.6,0.127944,2,-0.263126,0.12693,2.44772,-72647.9
2.6,0.127944,2,-0.263126,0.12693,2.45073,-77701.8
2.6,0.127944,2,-0.263126,0.12693,2.45373,-72325.2
2.6,0.127944,2,-0.263126,0.12693,2.45673,-73567.2
2.6,0.127944,2,-0.263126,0.12693,2.45973,-74036
2.6,0.127944,2,-0.263126,0.12693,2.46273,-71738.4
2.6,0.127944,2,-0.263126,0.12693,2.46573,-72953.3
2.6,0.127944,2,-0.263126,0.12693,2.46873,-73433.9
2.6,0.127944,2,-0.263126,0.12693,2.47174,-71765.3
2.6,0.127944,2,-0.263126,0.12693,2.47474,-75519.9
2.6,0.127944,2,-0.263126,0.12693,2.47774,-74315.1
2.6,0.127944,2,-0.263126,0.12693,2.48074,-74190
2.6,0.127944,2,-0.263126,0.12693,2.48374,-73507.8
2.6,0.127944,2,-0.263126,0.12693,2.48674,-71498.6
2.6,0.127944,2,-0.263126,0.12693,2.48974,-70447.6
2.6,0.127944,2,-0.263126,0.12693,2.49275,-70248.9
2.6,0.127944,2,-0.263126,0.12693,2.49575,-71648.4
2.6,0.127944,2,-0.263126,0.12693,2.49875,-71335.2
2.6,0.127944,2,-0.263126,0.12693,2.50175,-72434.1
2.6,0.127944,2,-0.263126,0.12693,2.50475,-71255.4
2.6,0.127944,2,-0.263126,0.12693,2.50775,-80507.2
2.6,0.127944,2,-0.263126,0.12693,2.51076,-74151.5
2.6,0.127944,2,-0.263126,0.12693,2.51376,-74458.6
2.6,0.127944,2,-0.263126,0.12693,2.51676,-85315
2.6,0.127944,2,-0.263126,0.12693,2.51976,-83207.9
2.6,0.127944,2,-0.263126,0.12693,2.52276,-76652.2
2.6,0.127944,2,-0.263126,0.12693,2.52576,-69503.9
2.6,0.127944,2,-0.263126,0.12693,2.52876,-72831.5
2.6,0.127944,2,-0.263126,0.12693,2.53177,-70396.5
2.6,0.127944,2,-0.263126,0.12693,2.53477,-74264
2.6,0.127944,2,-0.263126,0.12693,2.53777,-84114.9
2.6,0.127944,2,-0.263126,0.12693,2.54077,-74619.8
2.6,0.127944,2,-0.263126,0.12693,2.54377,-72848.5
2.6,0.127944,2,-0.263126,0.12693,2.54677,-72523.6
2.6,0.127944,2,-0.263126,0.12693,2.54977,-79648
2.6,0.127944,2,-0.263126,0.12693,2.55278,-76747.2
2.6,0.127944,2,-0.263126,0.12693,2.55578,-84172.8
2.6,0.127944,2,-0.263126,0.12693,2.55878,-76294
2.6,0.127944,2,-0.263126,0.12693,2.56178,-81932.8
2.6,0.127944,2,-0.263126,0.12693,2.56478,-86622.1
2.6,0.127944,2,-0.263126,0.12693,2.56778,-71752.5
2.6,0.127944,2,-0.263126,0.12693,2.57079,-77418.2
2.6,0.127944,2,-0.263126,0.12693,2.57379,-73686.7
2.6,0.127944,2,-0.263126,0.12693,2.57679,-69836.1
2.6,0.127944,2,-0.263126,0.12693,2.57979,-73219.4
2.6,0.127944,2,-0.263126,0.12693,2.58279,-65838.8
2.6,0.127944,2,-0.263126,0.12693,2.58579,-66082.2
2.6,0.127944,2,-0.263126,0.12693,2.58879,-75138.7
2.6,0.127944,2,-0.263126,0.12693,2.5918,-74775.7
2.6,0.127944,2,-0.263126,0.12693,2.5948,-64986
2.6,0.127944,2,-0.263126,0.12693,2.5978,-75127.8
2.6,0.127944,2,-0.263126,0.12693,2.6008,62819.4
2.6,0.127944,2,-0.263126,0.12693,2.6038,62055.1
2.6,0.127944,2,-0.263126,0.12693,2.6068,71677.9
2.6,0.127944,2,-0.263126,0.12693,2.6098,70384.5
2.6,0.127944,2,-0.263126,0.12693,2.61281,74415.9
2.6,0.127944,2,-0.263126,0.12693,2.61581,71404.5
2.6,0.127944,2,-0.263126,0.12693,2.61881,66532.2
2.6,0.127944,2,-0.263126,0.12693,2.62181,70384.7
2.6,0.127944,2,-0.263126,0.12693,2.62481,67754.5
2.6,0.127944,2,-0.263126,0.12693,2.62781,68311.4
2.6,0.127944,2,-0.263126,0.12693,2.63082,84700.8
2.6,0.127944,2,-0.263126,0.12693,2.63382,72858.1
2.6,0.127944,2,-0.263126,0.12693,2.63682,80367.5
2.6,0.127944,2,-0.263126,0.12693,2.63982,87257.9
2.6,0.127944,2,-0.263126,0.12693,2.64282,73419.4
2.6,0.127944,2,-0.263126,0.12693,2.64582,76380.4
2.6,0.127944,2,-0.263126,0.12693,2.64882,68632.7
2.6,0.127944,2,-0.263126,0.12693,2.65183,81502.8
2.6,0.127944,2,-0.263126,0.12693,2.65483,72626.4
2.6,0.127944,2,-0.263126,0.12693,2.65783,70588
2.6,0.127944,2,-0.263126,0.12693,2.66083,77151.2
2.6,0.127944,2,-0.263126,0.12693,2.66383,84744.3
2.6,0.127944,2,-0.263126,0.12693,2.66683,71812.5
2.6,0.127944,2,-0.263126,0.12693,2.66983,71495.6
2.6,0.127944,2,-0.263126,0.12693,2.67284,70558.2
2.6,0.127944,2,-0.263126,0.12693,2.67584,72579.5
2.6,0.127944,2,-0.263126,0.12693,2.67884,70995.1
2.6,0.127944,2,-0.263126,0.12693,2.68184,74490.9
2.6,0.127944,2,-0.263126,0.12693,2.68484,73675.5
2.6,0.127944,2,-0.263126,0.12693,2.68784,71895.4
2.6,0.127944,2,-0.263126,0.12693,2.69085,74824.4
2.6,0.127944,2,-0.263126,0.12693,2.69385,75205
2.6,0.127944,2,-0.263126,0.12693,2.69685,71975.7
2.6,0.127944,2,-0.263126,0.12693,2.69985,72031.3
2.6,0.127944,2,-0.263126,0.12693,2.70285,71678.6
2.6,0.127944,2,-0.263126,0.12693,2.70585,74482.6
2.6,0.127944,2,-0.263126,0.12693,2.70885,73821.4
2.6,0.127944,2,-0.263126,0.12693,2.71186,75318.8
2.6,0.127944,2,-0.263126,0.12693,2.71486,74157.8
2.6,0.127944,2,-0.263126,0.12693,2.71786,76632.2
2.6,0.127944,2,-0.263126,0.12693,2.72086,78091.3
2.6,0.127944,2,-0.263126,0.12693,2.72386,73290.4
2.6,0.127944,2,-0.263126,0.12693,2.72686,76571
2.6,0.127944,2,-0.263126,0.12693,2.72986,73392.8
2.6,0.127944,2,-0.263126,0.12693,2.73287,72085.5
2.6,0.127944,2,-0.263126,0.12693,2.73587,72309.2
2.6,0.127944,2,-0.263126,0.12693,2.73887,76247.3
2.6,0.127944,2,-0.263126,0.12693,2.74187,78835.6
2.6,0.127944,2,-0.263126,0.12693,2.74487,72354.8
2.6,0.127944,2,-0.263126,0.12693,2.74787,76673.1
2.6,0.127944,2,-0.263126,0.12693,2.75088,78585.2
2.6,0.127944,2,-0.263126,0.12693,2.75388,76764.8
2.6,0.127944,2,-0.263126,0.12693,2.75688,74745.1
2.6,0.127944,2,-0.263126,0.12693,2.75988,80295.8
2.6,0.127944,2,-0.263126,0.12693,2.76288,79088
2.6,0.127944,2,-0.263126,0.12693,2.76588,76241.3
2.6,0.127944,2,-0.263126,0.12693,2.76888,74529.1
2.6,0.127944,2,-0.263126,0.12693,2.77189,74675.2
2.6,0.127944,2,-0.263126,0.12693,2.77489,75815.6
2.6,0.127944,2,-0.263126,0.12693,2.77789,77179.1
2.6,0.127944,2,-0.263126,0.12693,2.78089,76951.7
2.6,0.127944,2,-0.263126,0.12693,2.78389,77900.7
2.6,0.127944,2,-0.263126,0.12693,2.78689,75559.6
2.6,0.127944,2,-0.263126,0.12693,2.78989,76230
2.6,0.127944,2,-0.263126,0.12693,2.7929,75722.8
2.6,0.127944,2,-0.263126,0.12693,2.7959,74592.4
2.6,0.127944,2,-0.263126,0.12693,2.7989,78814.3
2.6,0.127944,2,-0.263126,0.12693,2.8019,77648
2.6,0.127944,2,-0.263126,0.12693,2.8049,80747
2.6,0.127944,2,-0.263126,0.12693,2.8079,74831
2.6,0.127944,2,-0.263126,0.12693,2.81091,76258.7
2.6,0.127944,2,-0.263126,0.12693,2.81391,77146.3
2.6,0.127944,2,-0.263126,0.12693,2.81691,77110.7
2.6,0.127944,2,-0.263126,0.12693,2.81991,81923.7
2.6,0.127944,2,-0.263126,0.12693,2.82291,77132.2
2.6,0.127944,2,-0.263126,0.12693,2.82591,79184.9
2.6,0.127944,2,-0.263126,0.12693,2.82891,81683.4
2.6,0.127944,2,-0.263126,0.12693,2.83192,74719
2.6,0.127944,2,-0.263126,0.12693,2.83492,76261.2
2.6,0.127944,2,-0.263126,0.12693,2.83792,75823.5
2.6,0.127944,2,-0.263126,0.12693,2.84092,77423.9
2.6,0.127944,2,-0.263126,0.12693,2.84392,79687.4
2.6,0.127944,2,-0.263126,0.12693,2.84692,85636.1
2.6,0.127944,2,-0.263126,0.12693,2.84992,75558.6
2.6,0.127944,2,-0.263126,0.12693,2.85293,80649.3
2.6,0.127944,2,-0.263126,0.12693,2.85593,77522.8
2.6,0.127944,2,-0.263126,0.12693,2.85893,83797.4
2.6,0.127944,2,-0.263126,0.12693,2.86193,79770.3
2.6,0.127944,2,-0.263126,0.12693,2.86493,77124.3
2.6,0.127944,2,-0.263126,0.12693,2.86793,76116.6
2.6,0.127944,2,-0.263126,0.12693,2.87094,78270.9
2.6,0.127944,2,-0.263126,0.12693,2.87394,80915
2.6,0.127944,2,-0.263126,0.12693,2.87694,83121
2.6,0.127944,2,-0.263126,0.12693,2.87994,84216.5
2.6,0.127944,2,-0.263126,0.12693,2.88294,83967
2.6,0.127944,2,-0.263126,0.12693,2.88594,85859.8
2.6,0.127944,2,-0.263126,0.12693,2.88894,76439.5
2.6,0.127944,2,-0.263126,0.12693,2.89195,79651.8
2.6,0.127944,2,-0.263126,0.12693,2.89495,80313.6
2.6,0.127944,2,-0.263126,0.12693,2.89795,76660.8
2.6,0.127944,2,-0.263126,0.12693,2.90095,78935.6
2.6,0.127944,2,-0.263126,0.12693,2.90395,84609.9
2.6,0.127944,2,-0.263126,0.12693,2.90695,87460
2.6,0.127944,2,-0.263126,0.12693,2.90995,85119.6
2.6,0.127944,2,-0.263126,0.12693,2.91296,86518.5
2.6,0.127944,2,-0.263126,0.12693,2.91596,85829.2
2.6,0.127944,2,-0.263126,0.12693,2.91896,78930.8
2.6,0.127944,2,-0.263126,0.12693,2.92196,78457.9
2.6,0.127944,2,-0.263126,0.12693,2.92496,80549.1
2.6,0.127944,2,-0.263126,0.12693,2.92796,78448.4
2.6,0.127944,2,-0.263126,0.12693,2.93097,85343
2.6,0.127944,2,-0.263126,0.12693,2.93397,80960.9
2.6,0.127944,2,-0.263126,0.12693,2.93697,87090.6
2.6,0.127944,2,-0.263126,0.12693,2.93997,77946
2.6,0.127944,2,-0.263126,0.12693,2.94297,78182.8
2.6,0.127944,2,-0.263126,0.12693,2.94597,79720.7
2.6,0.127944,2,-0.263126,0.12693,2.94897,80970.1
2.6,0.127944,2,-0.263126,0.12693,2.95198,77361.8
2.6,0.127944,2,-0.263126,0.12693,2.95498,78816.3
2.6,0.127944,2,-0.263126,0.12693,2.95798,81066.8
2.6,0.127944,2,-0.263126,0.12693,2.96098,84297.5
2.6,0.127944,2,-0.263126,0.12693,2.96398,89971
2.6,0.127944,2,-0.263126,0.12693,2.96698,85401.5
2.6,0.127944,2,-0.263126,0.12693,2.96998,77736.2
2.6,0.127944,2,-0.263126,0.12693,2.97299,84500.3
2.6,0.127944,2,-0.263126,0.12693,2.97599,84745.5
2.6,0.127944,2,-0.263126,0.12693,2.97899,82525.8
2.6,0.127944,2,-0.263126,0.12693,2.98199,81565.5
2.6,0.127944,2,-0.263126,0.12693,2.98499,79948.6
2.6,0.127944,2,-0.263126,0.12693,2.98799,80233.1
2.6,0.127944,2,-0.263126,0.12693,2.991,87608.3
2.6,0.127944,2,-0.263126,0.12693,2.994,81327.9
2.6,0.127944,2,-0.263126,0.12693,2.997,83219
2.6,0.127944,2,-0.263126,0.12693,3,85903.4

2.4,0.171548,2,-0.32669,0.161369,-3,-48460.4
2.4,0.171548,2,-0.32669,0.161369,-2.997,-56762.7
2.4,0.171548,2,-0.32669,0.161369,-2.994,-54849.6
2.4,0.171548,2,-0.32669,0.161369,-2.991,-47061.6
2.4,0.171548,2,-0.32669,0.161369,-2.98799,-53363.7
2.4,0.171548,2,-0.32669,0.161369,-2.98499,-50766.2
2.4,0.171548,2,-0.32669,0.161369,-2.98199,-53578.9
2.4,0.171548,2,-0.32669,0.161369,-2.97899,-57653.4
2.4,0.171548,2,-0.32669,0.161369,-2.97599,-49618.3
2.4,0.171548,2,-0.32669,0.161369,-2.97299,-56260.8
2.4,0.171548,2,-0.32669,0.161369,-2.96998,-49782.6
2.4,0.171548,2,-0.32669,0.161369,-2.96698,-48280
2.4,0.171548,2,-0.32669,0.161369,-2.96398,-51454.3
2.4,0.171548,2,-0.32669,0.161369,-2.96098,-53064.1
2.4,0.171548,2,-0.32669,0.161369,-2.95798,-56456.2
2.4,0.171548,2,-0.32669,0.161369,-2.95498,-54066.9
2.4,0.171548,2,-0.32669,0.161369,-2.95198,-52179.7
2.4,0.171548,2,-0.32669,0.161369,-2.94897,-49005.1
2.4,0.171548,2,-0.32669,0.161369,-2.94597,-54120.3
2.4,0.171548,2,-0.32669,0.161369,-2.94297,-55933.2
2.4,0.171548,2,-0.32669,0.161369,-2.93997,-47122.5
2.4,0.171548,2,-0.32669,0.161369,-2.93697,-58932.5
2.4,0.171548,2,-0.32669,0.161369,-2.93397,-58625.5
2.4,0.171548,2,-0.32669,0.161369,-2.93097,-57394.5
2.4,0.171548,2,-0.32669,0.161369,-2.92796,-53955.1
2.4,0.171548,2,-0.32669,0.161369,-2.92496,-50422.3
2.4,0.171548,2,-0.32669,0.161369,-2.92196,-54987.9
2.4,0.171548,2,-0.32669,0.161369,-2.91896,-48459.9
2.4,0.171548,2,-0.32669,0.161369,-2.91596,-55895
2.4,0.171548,2,-0.32669,0.161369,-2.91296,-49563.3
2.4,0.171548,2,-0.32669,0.161369,-2.90995,-50432.1
2.4,0.171548,2,-0.32669,0.161369,-2.90695,-50597.4
2.4,0.171548,2,-0.32669,0.161369,-2.90395,-53051.1
2.4,0.171548,2,-0.32669,0.161369,-2.90095,-57915.6
2.4,0.171548,2,-0.32669,0.161369,-2.89795,-56870.7
2.4,0.171548,2,-0.32669,0.161369,-2.89495,-47166.2
2.4,0.171548,2,-0.32669,0.161369,-2.89195,-57473.5
2.4,0.171548,2,-0.32669,0.161369,-2.88894,-50495.7
2.4,0.171548,2,-0.32669,0.161369,-2.88594,-54379.4
2.4,0.171548,2,-0.32669,0.161369,-2.88294,-48850.5
2.4,0.171548,2,-0.32669,0.161369,-2.87994,-57734.5
2.4,0.171548,2,-0.32669,0.161369,-2.87694,-50575.9
2.4,0.171548,2,-0.32669,0.161369,-2.87394,-54408.1
2.4,0.171548,2,-0.32669,0.161369,-2.87094,-49128.8
2.4,0.171548,2,-0.32669,0.161369,-2.86793,-48265.5
2.4,0.171548,2,-0.32669,0.161369,-2.86493,-48775.2
2.4,0.171548,2,-0.32669,0.161369,-2.86193,-49062.3
2.4,0.171548,2,-0.32669,0.161369,-2.85893,-50049.4
2.4,0.171548,2,-0.32669,0.161369,-2.85593,-53860.4
2.4,0.171548,2,-0.32669,0.161369,-2.85293,-54091.5
2.4,0.171548,2,-0.32669,0.161369,-2.84992,-55809
2.4,0.171548,2,-0.32669,0.161369,-2.84692,-48479.5
2.4,0.171548,2,-0.32669,0.161369,-2.84392,-55917.5
2.4,0.171548,2,-0.32669,0.161369,-2.84092,-56339.7
2.4,0.171548,2,-0.32669,0.161369,-2.83792,-54194.8
2.4,0.171548,2,-0.32669,0.161369,-2.83492,-49896.2
2.4,0.171548,2,-0.32669,0.161369,-2.83192,-51051.5
2.4,0.171548,2,-0.32669,0.161369,-2.82891,-56611.9
2.4,0.171548,2,-0.32669,0.161369,-2.82591,-48320
2.4,0.171548,2,-0.32669,0.161369,-2.82291,-50445.3
2.4,0.171548,2,-0.32669,0.161369,-2.81991,-61404.5
2.4,0.171548,2,-0.32669,0.161369,-2.81691,-48773.7
2.4,0.171548,2,-0.32669,0.161369,-2.81391,-52536
2.4,0.171548,2,-0.32669,0.161369,-2.81091,-52896.6
2.4,0.171548,2,-0.32669,0.161369,-2.8079,-52380.7
2.4,0.171548,2,-0.32669,0.161369,-2.8049,-48768
2.4,0.171548,2,-0.32669,0.161369,-2.8019,-48280.1
2.4,0.171548,2,-0.32669,0.161369,-2.7989,-53596
2.4,0.171548,2,-0.32669,0.161369,-2.7959,-49826.1
2.4,0.171548,2,-0.32669,0.161369,-2.7929,-54814.5
2.4,0.171548,2,-0.32669,0.161369,-2.78989,-60580.4
2.4,0.171548,2,-0.32669,0.161369,-2.78689,-55139
2.4,0.171548,2,-0.32669,0.161369,-2.78389,-51892.9
2.4,0.171548,2,-0.32669,0.161369,-2.78089,-59721.4
2.4,0.171548,2,-0.32669,0.161369,-2.77789,-49266.4
2.4,0.171548,2,-0.32669,0.161369,-2.77489,-61983.5
2.4,0.171548,2,-0.32669,0.161369,-2.77189,-57608.5
2.4,0.171548,2,-0.32669,0.161369,-2.76888,-61067.8
2.4,0.171548,2,-0.32669,0.161369,-2.76588,-59570.8
2.4,0.171548,2,-0.32669,0.161369,-2.76288,-49998
2.4,0.171548,2,-0.32669,0.161369,-2.75988,-59314.5
2.4,0.171548,2,-0.32669,0.161369,-2.75688,-54521.2
2.4,0.171548,2,-0.32669,0.161369,-2.75388,-54211.8
2.4,0.171548,2,-0.32669,0.161369,-2.75088,-55050.2
2.4,0.171548,2,-0.32669,0.161369,-2.74787,-53118.8
2.4,0.171548,2,-0.32669,0.161369,-2.74487,-56048.9
2.4,0.171548,2,-0.32669,0.161369,-2.74187,-56284.9
2.4,0.171548,2,-0.32669,0.161369,-2.73887,-55061.8
2.4,0.171548,2,-0.32669,0.161369,-2.73587,-55719.9
2.4,0.171548,2,-0.32669,0.161369,-2.73287,-50292.7
2.4,0.171548,2,-0.32669,0.161369,-2.72986,-61428.9
2.4,0.171548,2,-0.32669,0.161369,-2.72686,-51673
2.4,0.171548,2,-0.32669,0.161369,-2.72386,-50251.5
2.4,0.171548,2,-0.32669,0.161369,-2.72086,-60746.6
2.4,0.171548,2,-0.32669,0.161369,-2.71786,-49938.9
2.4,0.171548,2,-0.32669,0.161369,-2.71486,-49993
2.4,0.171548,2,-0.32669,0.161369,-2.71186,-52279.9
2.4,0.171548,2,-0.32669,0.161369,-2.70885,-53837.3
2.4,0.171548,2,-0.32669,0.161369,-2.70585,-52085.1
2.4,0.171548,2,-0.32669,0.161369,-2.70285,-54228.5
2.4,0.171548,2,-0.32669,0.161369,-2.69985,-62691.7
2.4,0.171548,2,-0.32669,0.161369,-2.69685,-57651.3
2.4,0.171548,2,-0.32669,0.161369,-2.69385,-53317.2
2.4,0.171548,2,-0.32669,0.161369,-2.69085,-58950.1
2.4,0.171548,2,-0.32669,0.161369,-2.68784,-61532.2
2.4,0.171548,2,-0.32669,0.161369,-2.68484,-50329.8
2.4,0.171548,2,-0.32669,0.161369,-2.68184,-57342.9
2.4,0.171548,2,-0.32669,0.161369,-2.67884,-54069.2
2.4,0.171548,2,-0.32669,0.161369,-2.67584,-54518.6
2.4,0.171548,2,-0.32669,0.161369,-2.67284,-60179.9
2.4,0.171548,2,-0.32669,0.161369,-2.66983,-52682.1
2.4,0.171548,2,-0.32669,0.161369,-2.66683,-55252.9
2.4,0.171548,2,-0.32669,0.161369,-2.66383,-60389.7
2.4,0.171548,2,-0.32669,0.161369,-2.66083,-51423
2.4,0.171548,2,-0.32669,0.161369,-2.65783,-52005.7
2.4,0.171548,2,-0.32669,0.161369,-2.65483,-58298.3
2.4,0.171548,2,-0.32669,0.161369,-2.65183,-55652.5
2.4,0.171548,2,-0.32669,0.161369,-2.64882,-53533.9
2.4,0.171548,2,-0.32669,0.161369,-2.64582,-49710
2.4,0.171548,2,-0.32669,0.161369,-2.64282,-55660.1
2.4,0.171548,2,-0.32669,0.161369,-2.63982,-50582.4
2.4,0.171548,2,-0.32669,0.161369,-2.63682,-61210.4
2.4,0.171548,2,-0.32669,0.161369,-2.63382,-50163.4
2.4,0.171548,2,-0.32669,0.161369,-2.63082,-60616.8
2.4,0.171548,2,-0.32669,0.161369,-2.62781,-58217.2
2.4,0.171548,2,-0.32669,0.161369,-2.62481,-58165.3
2.4,0.171548,2,-0.32669,0.161369,-2.62181,-54379
2.4,0.171548,2,-0.32669,0.161369,-2.61881,-51298.2
2.4,0.171548,2,-0.32669,0.161369,-2.61581,-59283.8
2.4,0.171548,2,-0.32669,0.161369,-2.61281,-57737.3
2.4,0.171548,2,-0.32669,0.161369,-2.6098,-55161.6
2.4,0.171548,2,-0.32669,0.161369,-2.6068,-59969.1
2.4,0.171548,2,-0.32669,0.161369,-2.6038,-53480.2
2.4,0.171548,2,-0.32669,0.161369,-2.6008,-63034.8
2.4,0.171548,2,-0.32669,0.161369,-2.5978,-56052.5
2.4,0.171548,2,-0.32669,0.161369,-2.5948,-54577.9
2.4,0.171548,2,-0.32669,0.161369,-2.5918,-60685.1
2.4,0.171548,2,-0.32669,0.161369,-2.58879,-56070.8
2.4,0.171548,2,-0.32669,0.161369,-2.58579,-58592.8
2.4,0.171548,2,-0.32669,0.161369,-2.58279,-54730.4
2.4,0.171548,2,-0.32669,0.161369,-2.57979,-58655.1
2.4,0.171548,2,-0.32669,0.161369,-2.57679,-53762.6
2.4,0.171548,2,-0.32669,0.161369,-2.57379,-56292.3
2.4,0.171548,2,-0.32669,0.161369,-2.57079,-52526.3
2.4,0.171548,2,-0.32669,0.161369,-2.56778,-54162.7
2.4,0.171548,2,-0.32669,0.161369,-2.56478,-52273.7
2.4,0.171548,2,-0.32669,0.161369,-2.56178,-53712.9
2.4,0.171548,2,-0.32669,0.161369,-2.55878,-52811.6
2.4,0.171548,2,-0.32669,0.161369,-2.55578,-53350.4
2.4,0.171548,2,-0.32669,0.161369,-2.55278,-63453.4
2.4,0.171548,2,-0.32669,0.161369,-2.54977,-61982.1
2.4,0.171548,2,-0.32669,0.161369,-2.54677,-58384.1
2.4,0.171548,2,-0.32669,0.161369,-2.54377,-61155.6
2.4,0.171548,2,-0.32669,0.161369,-2.54077,-52302.8
2.4,0.171548,2,-0.32669,0.161369,-2.53777,-60438
2.4,0.171548,2,-0.32669,0.161369,-2.53477,-58517.9
2.4,0.171548,2,-0.32669,0.161369,-2.53177,-54401.9
2.4,0.171548,2,-0.32669,0.161369,-2.52876,-52153.9
2.4,0.171548,2,-0.32669,0.161369,-2.52576,-51690.8
2.4,0.171548,2,-0.32669,0.161369,-2.52276,-63036.8
2.4,0.171548,2,-0.32669,0.161369,-2.51976,-58914.7
2.4,0.171548,2,-0.32669,0.161369,-2.51676,-54609.3
2.4,0.171548,2,-0.32669,0.161369,-2.51376,-59361.2
2.4,0.171548,2,-0.32669,0.161369,-2.51076,-51309.8
2.4,0.171548,2,-0.32669,0.161369,-2.50775,-52390.5
2.4,0.171548,2,-0.32669,0.161369,-2.50475,-58389.1
2.4,0.171548,2,-0.32669,0.161369,-2.50175,-53533.1
2.4,0.171548,2,-0.32669,0.161369,-2.49875,-56069.7
2.4,0.171548,2,-0.32669,0.161369,-2.49575,-59142.9
2.4,0.171548,2,-0.32669,0.161369,-2.49275,-62001.9
2.4,0.171548,2,-0.32669,0.161369,-2.48974,-66372.4
2.4,0.171548,2,-0.32669,0.161369,-2.48674,-51483.6
2.4,0.171548,2,-0.32669,0.161369,-2.48374,-53245.2
2.4,0.171548,2,-0.32669,0.161369,-2.48074,-63996.4
2.4,0.171548,2,-0.32669,0.161369,-2.47774,-53925.9
2.4,0.171548,2,-0.32669,0.161369,-2.47474,-54582.8
2.4,0.171548,2,-0.32669,0.161369,-2.47174,-62545.6
2.4,0.171548,2,-0.32669,0.161369,-2.46873,-51338.2
2.4,0.171548,2,-0.32669,0.161369,-2.46573,-54419.2
2.4,0.171548,2,-0.32669,0.161369,-2.46273,-53822.6
2.4,0.171548,2,-0.32669,0.161369,-2.45973,-59106.6
2.4,0.171548,2,-0.32669,0.161369,-2.45673,-57222
2.4,0.171548,2,-0.32669,0.161369,-2.45373,-65498.4
2.4,0.171548,2,-0.32669,0.161369,-2.45073,-58932.8
2.4,0.171548,2,-0.32669,0.161369,-2.44772,-56954.9
2.4,0.171548,2,-0.32669,0.161369,-2.44472,-52677.3
2.4,0.171548,2,-0.32669,0.161369,-2.44172,-55186
2.4,0.171548,2,-0.32669,0.161369,-2.43872,-59342
2.4,0.171548,2,-0.32669,0.161369,-2.43572,-54337.9
2.4,0.171548,2,-0.32669,0.161369,-2.43272,-64076
2.4,0.171548,2,-0.32669,0.161369,-2.42971,-65383.2
2.4,0.171548,2,-0.32669,0.161369,-2.42671,-53892.3
2.4,0.171548,2,-0.32669,0.161369,-2.42371,-61535.7
2.4,0.171548,2,-0.32669,0.161369,-2.42071,-59160.6
2.4,0.171548,2,-0.32669,0.161369,-2.41771,-58564.3
2.4,0.171548,2,-0.32669,0.161369,-2.41471,-51939.5
2.4,0.171548,2,-0.32669,0.161369,-2.41171,-51452.5
2.4,0.171548,2,-0.32669,0.161369,-2.4087,-52050.4
2.4,0.171548,2,-0.32669,0.161369,-2.4057,-53819.1
2.4,0.171548,2,-0.32669,0.161369,-2.4027,-53489.4
2.4,0.171548,2,-0.32669,0.161369,-2.3997,-53777.4
2.4,0.171548,2,-0.32669,0.161369,-2.3967,-66410.4
2.4,0.171548,2,-0.32669,0.161369,-2.3937,-55804.8
2.4,0.171548,2,-0.32669,0.161369,-2.3907,-57971.8
2.4,0.171548,2,-0.32669,0.161369,-2.38769,-56433.9
2.4,0.171548,2,-0.32669,0.161369,-2.38469,-59561.7
2.4,0.171548,2,-0.32669,0.161369,-2.38169,-59072.6
2.4,0.171548,2,-0.32669,0.161369,-2.37869,-52299.7
2.4,0.171548,2,-0.32669,0.161369,-2.37569,-54959.7
2.4,0.171548,2,-0.32669,0.161369,-2.37269,-61247.9
2.4,0.171548,2,-0.32669,0.161369,-2.36968,-52172.1
2.4,0.171548,2,-0.32669,0.161369,-2.36668,-60868.7
2.4,0.171548,2,-0.32669,0.161369,-2.36368,-64625.8
2.4,0.171548,2,-0.32669,0.161369,-2.36068,-53454.9
2.4,0.171548,2,-0.32669,0.161369,-2.35768,-58108.4
2.4,0.171548,2,-0.32669,0.161369,-2.35468,-55906.8
2.4,0.171548,2,-0.32669,0.161369,-2.35168,-54911.9
2.4,0.171548,2,-0.32669,0.161369,-2.34867,-55548.6
2.4,0.171548,2,-0.32669,0.161369,-2.34567,-58322.2
2.4,0.171548,2,-0.32669,0.161369,-2.34267,-62841.8
2.4,0.171548,2,-0.32669,0.161369,-2.33967,-61455.8
2.4,0.171548,2,-0.32669,0.161369,-2.33667,-63684.4
2.4,0.171548,2,-0.32669,0.161369,-2.33367,-64889.6
2.4,0.171548,2,-0.32669,0.161369,-2.33067,-51592.3
2.4,0.171548,2,-0.32669,0.161369,-2.32766,-56698.6
2.4,0.171548,2,-0.32669,0.161369,-2.32466,-59836.7
2.4,0.171548,2,-0.32669,0.161369,-2.32166,-66637
2.4,0.171548,2,-0.32669,0.161369,-2.31866,-57540.5
2.4,0.171548,2,-0.32669,0.161369,-2.31566,-60536.5
2.4,0.171548,2,-0.32669,0.161369,-2.31266,-63688.4
2.4,0.171548,2,-0.32669,0.161369,-2.30965,-65591
2.4,0.171548,2,-0.32669,0.161369,-2.30665,-61082.8
2.4,0.171548,2,-0.32669,0.161369,-2.30365,-63495.6
2.4,0.171548,2,-0.32669,0.161369,-2.30065,-53608.7
2.4,0.171548,2,-0.32669,0.161369,-2.29765,-61840.6
2.4,0.171548,2,-0.32669,0.161369,-2.29465,-62097.7
2.4,0.171548,2,-0.32669,0.161369,-2.29165,-57117.1
2.4,0.171548,2,-0.32669,0.161369,-2.28864,-58919.1
2.4,0.171548,2,-0.32669,0.161369,-2.28564,-53065.6
2.4,0.171548,2,-0.32669,0.161369,-2.28264,-53015.2
2.4,0.171548,2,-0.32669,0.161369,-2.27964,-64070.6
2.4,0.171548,2,-0.32669,0.161369,-2.27664,-62571.3
2.4,0.171548,2,-0.32669,0.161369,-2.27364,-60464.8
2.4,0.171548,2,-0.32669,0.161369,-2.27064,-56449.6
2.4,0.171548,2,-0.32669,0.161369,-2.26763,-60954.7
2.4,0.171548,2,-0.32669,0.161369,-2.26463,-54652.7
2.4,0.171548,2,-0.32669,0.161369,-2.26163,-64546.4
2.4,0.171548,2,-0.32669,0.161369,-2.25863,-61023.3
2.4,0.171548,2,-0.32669,0.161369,-2.25563,-66639.6
2.4,0.171548,2,-0.32669,0.161369,-2.25263,-59643.5
2.4,0.171548,2,-0.32669,0.161369,-2.24962,-66463.9
2.4,0.171548,2,-0.32669,0.161369,-2.24662,-51781.2
2.4,0.171548,2,-0.32669,0.161369,-2.24362,-56341.3
2.4,0.171548,2,-0.32669,0.161369,-2.24062,-67404.9
2.4,0.171548,2,-0.32669,0.161369,-2.23762,-62990.7
2.4,0.171548,2,-0.32669,0.161369,-2.23462,-59377.2
2.4,0.171548,2,-0.32669,0.161369,-2.23162,-57738.7
2.4,0.171548,2,-0.32669,0.161369,-2.22861,-64051.2
2.4,0.171548,2,-0.32669,0.161369,-2.22561,-67203.8
2.4,0.171548,2,-0.32669,0.161369,-2.22261,-53159
2.4,0.171548,2,-0.32669,0.161369,-2.21961,-55418.8
2.4,0.171548,2,-0.32669,0.161369,-2.21661,-51607.9
2.4,0.171548,2,-0.32669,0.161369,-2.21361,-54004.7
2.4,0.171548,2,-0.32669,0.161369,-2.21061,-66670.4
2.4,0.171548,2,-0.32669,0.161369,-2.2076,-64656.7
2.4,0.171548,2,-0.32669,0.161369,-2.2046,-52362.4
2.4,0.171548,2,-0.32669,0.161369,-2.2016,-57771.9
2.4,0.171548,2,-0.32669,0.161369,-2.1986,-61954.5
2.4,0.171548,2,-0.32669,0.161369,-2.1956,-52495.8
2.4,0.171548,2,-0.32669,0.161369,-2.1926,-54210.3
2.4,0.171548,2,-0.32669,0.161369,-2.18959,-57793.1
2.4,0.171548,2,-0.32669,0.161369,-2.18659,-54714
2.4,0.171548,2,-0.32669,0.161369,-2.18359,-52400.2
2.4,0.171548,2,-0.32669,0.161369,-2.18059,-57420.4
2.4,0.171548,2,-0.32669,0.161369,-2.17759,-63493.8
2.4,0.171548,2,-0.32669,0.161369,-2.17459,-52294.5
2.4,0.171548,2,-0.32669,0.161369,-2.17159,-52690.9
2.4,0.171548,2,-0.32669,0.161369,-2.16858,-55562.2
2.4,0.171548,2,-0.32669,0.161369,-2.16558,-55719.8
2.4,0.171548,2,-0.32669,0.161369,-2.16258,-65577.4
2.4,0.171548,2,-0.32669,0.161369,-2.15958,-55440.4
2.4,0.171548,2,-0.32669,0.161369,-2.15658,-55206
2.4,0.171548,2,-0.32669,0.161369,-2.15358,-54166.6
2.4,0.171548,2,-0.32669,0.161369,-2.15058,-54496.4
2.4,0.171548,2,-0.32669,0.161369,-2.14757,-55659.6
2.4,0.171548,2,-0.32669,0.161369,-2.14457,-54740.9
2.4,0.171548,2,-0.32669,0.161369,-2.14157,-55861.7
2.4,0.171548,2,-0.32669,0.161369,-2.13857,-64354
2.4,0.171548,2,-0.32669,0.161369,-2.13557,-65752.5
2.4,0.171548,2,-0.32669,0.161369,-2.13257,-63654.7
2.4,0.171548,2,-0.32669,0.161369,-2.12956,-66137.3
2.4,0.171548,2,-0.32669,0.161369,-2.12656,-52418.6
2.4,0.171548,2,-0.32669,0.161369,-2.12356,-54696.5
2.4,0.171548,2,-0.32669,0.161369,-2.12056,-52391.9
2.4,0.171548,2,-0.32669,0.161369,-2.11756,-56886.5
2.4,0.171548,2,-0.32669,0.161369,-2.11456,-52743.4
2.4,0.171548,2,-0.32669,0.161369,-2.11156,-55213.7
2.4,0.171548,2,-0.32669,0.161369,-2.10855,-56589.1
2.4,0.171548,2,-0.32669,0.161369,-2.10555,-54362.3
2.4,0.171548,2,-0.32669,0.161369,-2.10255,-55664
2.4,0.171548,2,-0.32669,0.161369,-2.09955,-66033.4
2.4,0.171548,2,-0.32669,0.161369,-2.09655,-67386
2.4,0.171548,2,-0.32669,0.161369,-2.09355,-65029.6
2.4,0.171548,2,-0.32669,0.161369,-2.09055,-60267.3
2.4,0.171548,2,-0.32669,0.161369,-2.08754,-62693.3
2.4,0.171548,2,-0.32669,0.161369,-2.08454,-62622.8
2.4,0.171548,2,-0.32669,0.161369,-2.08154,-60813.1
2.4,0.171548,2,-0.32669,0.161369,-2.07854,-66411.3
2.4,0.171548,2,-0.32669,0.161369,-2.07554,-61216.9
2.4,0.171548,2,-0.32669,0.161369,-2.07254,-63217.5
2.4,0.171548,2,-0.32669,0.161369,-2.06953,-57300.6
2.4,0.171548,2,-0.32669,0.161369,-2.06653,-64381.9
2.4,0.171548,2,-0.32669,0.161369,-2.06353,-53301.2
2.4,0.171548,2,-0.32669,0.161369,-2.06053,-66053.9
2.4,0.171548,2,-0.32669,0.161369,-2.05753,-67029.9
2.4,0.171548,2,-0.32669,0.161369,-2.05453,-53113.7
2.4,0.171548,2,-0.32669,0.161369,-2.05153,-52875.9
2.4,0.171548,2,-0.32669,0.161369,-2.04852,-63992.7
2.4,0.171548,2,-0.32669,0.161369,-2.04552,-52874.6
2.4,0.171548,2,-0.32669,0.161369,-2.04252,-52504.1
2.4,0.171548,2,-0.32669,0.161369,-2.03952,-57898.3
2.4,0.171548,2,-0.32669,0.161369,-2.03652,-61449.3
2.4,0.171548,2,-0.32669,0.161369,-2.03352,-58982.9
2.4,0.171548,2,-0.32669,0.161369,-2.03052,-61850.2
2.4,0.171548,2,-0.32669,0.161369,-2.02751,-67278.7
2.4,0.171548,2,-0.32669,0.161369,-2.02451,-57623.3
2.4,0.171548,2,-0.32669,0.161369,-2.02151,-58677.7
2.4,0.171548,2,-0.32669,0.161369,-2.01851,-52873.6
2.4,0.171548,2,-0.32669,0.161369,-2.01551,-56464.4
2.4,0.171548,2,-0.32669,0.161369,-2.01251,-57987.5
2.4,0.171548,2,-0.32669,0.161369,-2.0095,-54524.4
2.4,0.171548,2,-0.32669,0.161369,-2.0065,-53108.1
2.4,0.171548,2,-0.32669,0.161369,-2.0035,-61667.3
2.4,0.171548,2,-0.32669,0.161369,-2.0005,-65500.8
2.4,0.171548,2,-0.32669,0.161369,-1.9975,-58444
2.4,0.171548,2,-0.32669,0.161369,-1.9945,-61795.4
2.4,0.171548,2,-0.32669,0.161369,-1.9915,-54751
2.4,0.171548,2,-0.32669,0.161369,-1.98849,-63201
2.4,0.171548,2,-0.32669,0.161369,-1.98549,-66281.3
2.4,0.171548,2,-0.32669,0.161369,-1.98249,-54143.4
2.4,0.171548,2,-0.32669,0.161369,-1.97949,-54109.9
2.4,0.171548,2,-0.32669,0.161369,-1.97649,-53279.2
2.4,0.171548,2,-0.32669,0.161369,-1.97349,-67049
2.4,0.171548,2,-0.32669,0.161369,-1.97049,-54962.4
2.4,0.171548,2,-0.32669,0.161369,-1.96748,-67179.5
2.4,0.171548,2,-0.32669,0.161369,-1.96448,-65979.8
2.4,0.171548,2,-0.32669,0.161369,-1.96148,-63848.9
2.4,0.171548,2,-0.32669,0.161369,-1.95848,-53205.6
2.4,0.171548,2,-0.32669,0.161369,-1.95548,-64075.6
2.4,0.171548,2,-0.32669,0.161369,-1.95248,-57344
2.4,0.171548,2,-0.32669,0.161369,-1.94947,-64567.2
2.4,0.171548,2,-0.32669,0.161369,-1.94647,-64629.3
2.4,0.171548,2,-0.32669,0.161369,-1.94347,-62193.4
2.4,0.171548,2,-0.32669,0.161369,-1.94047,-54668.2
2.4,0.171548,2,-0.32669,0.161369,-1.93747,-52951.1
2.4,0.171548,2,-0.32669,0.161369,-1.93447,-62985.5
2.4,0.171548,2,-0.32669,0.161369,-1.93147,-61627.7
2.4,0.171548,2,-0.32669,0.161369,-1.92846,-65087.3
2.4,0.171548,2,-0.32669,0.161369,-1.92546,-58774.9
2.4,0.171548,2,-0.32669,0.161369,-1.92246,-66446.2
2.4,0.171548,2,-0.32669,0.161369,-1.91946,-56538.1
2.4,0.171548,2,-0.32669,0.161369,-1.91646,-62197.5
2.4,0.171548,2,-0.32669,0.161369,-1.91346,-65348.9
2.4,0.171548,2,-0.32669,0.161369,-1.91046,-55542.9
2.4,0.171548,2,-0.32669,0.161369,-1.90745,-60424
2.4,0.171548,2,-0.32669,0.161369,-1.90445,-60667.4
2.4,0.171548,2,-0.32669,0.161369,-1.90145,-62696.6
2.4,0.171548,2,-0.32669,0.161369,-1.89845,-55073
2.4,0.171548,2,-0.32669,0.161369,-1.89545,-59476.9
2.4,0.171548,2,-0.32669,0.161369,-1.89245,-66717.6
2.4,0.171548,2,-0.32669,0.161369,-1.88944,-59528
2.4,0.171548,2,-0.32669,0.161369,-1.88644,-57570.2
2.4,0.171548,2,-0.32669,0.161369,-1.88344,-62688.3
2.4,0.171548,2,-0.32669,0.161369,-1.88044,-58753.4
2.4,0.171548,2,-0.32669,0.161369,-1.87744,-66267.5
2.4,0.171548,2,-0.32669,0.161369,-1.87444,-56574.7
2.4,0.171548,2,-0.32669,0.161369,-1.87144,-67787.6
2.4,0.171548,2,-0.32669,0.161369,-1.86843,-57150.4
2.4,0.171548,2,-0.32669,0.161369,-1.86543,-65921.8
2.4,0.171548,2,-0.32669,0.161369,-1.86243,-64577.1
2.4,0.171548,2,-0.32669,0.161369,-1.85943,-53391.8
2.4,0.171548,2,-0.32669,0.161369,-1.85643,-63110.6
2.4,0.171548,2,-0.32669,0.161369,-1.85343,-55183.5
2.4,0.171548,2,-0.32669,0.161369,-1.85043,-64973.8
2.4,0.171548,2,-0.32669,0.161369,-1.84742,-57629.8
2.4,0.171548,2,-0.32669,0.161369,-1.84442,-57255.6
2.4,0.171548,2,-0.32669,0.161369,-1.84142,-54073.2
2.4,0.171548,2,-0.32669,0.161369,-1.83842,-56185.5
2.4,0.171548,2,-0.32669,0.161369,-1.83542,-56839.9
2.4,0.171548,2,-0.32669,0.161369,-1.83242,-54832.4
2.4,0.171548,2,-0.32669,0.161369,-1.82941,-66836.3
2.4,0.171548,2,-0.32669,0.161369,-1.82641,-56598.8
2.4,0.171548,2,-0.32669,0.161369,-1.82341,-53863.2
2.4,0.171548,2,-0.32669,0.161369,-1.82041,-57380.6
2.4,0.171548,2,-0.32669,0.161369,-1.81741,-67122.9
2.4,0.171548,2,-0.32669,0.161369,-1.81441,-54589
2.4,0.171548,2,-0.32669,0.161369,-1.81141,-60120.5
2.4,0.171548,2,-0.32669,0.161369,-1.8084,-63325.9
2.4,0.171548,2,-0.32669,0.161369,-1.8054,-57465.6
2.4,0.171548,2,-0.32669,0.161369,-1.8024,-63151.6
2.4,0.171548,2,-0.32669,0.161369,-1.7994,-57254
2.4,0.171548,2,-0.32669,0.161369,-1.7964,-57656.1
2.4,0.171548,2,-0.32669,0.161369,-1.7934,-61356.4
2.4,0.171548,2,-0.32669,0.161369,-1.7904,-59871.4
2.4,0.171548,2,-0.32669,0.161369,-1.78739,-54162.9
2.4,0.171548,2,-0.32669,0.161369,-1.78439,-67691
2.4,0.171548,2,-0.32669,0.161369,-1.78139,-67266
2.4,0.171548,2,-0.32669,0.161369,-1.77839,-60053.3
2.4,0.171548,2,-0.32669,0.161369,-1.77539,-58140.6
2.4,0.171548,2,-0.32669,0.161369,-1.77239,-57057.8
2.4,0.171548,2,-0.32669,0.161369,-1.76938,-55530.6
2.4,0.171548,2,-0.32669,0.161369,-1.76638,-62524.3
2.4,0.171548,2,-0.32669,0.161369,-1.76338,-68004.1
2.4,0.171548,2,-0.32669,0.161369,-1.76038,-66167.5
2.4,0.171548,2,-0.32669,0.161369,-1.75738,-67480.2
2.4,0.171548,2,-0.32669,0.161369,-1.75438,-57346.1
2.4,0.171548,2,-0.32669,0.161369,-1.75138,-59585.2
2.4,0.171548,2,-0.32669,0.161369,-1.74837,-54808.8
2.4,0.171548,2,-0.32669,0.161369,-1.74537,-52245.7
2.4,0.171548,2,-0.32669,0.161369,-1.74237,-65911.7
2.4,0.171548,2,-0.32669,0.161369,-1.73937,-54133.5
2.4,0.171548,2,-0.32669,0.161369,-1.73637,-56901.4
2.4,0.171548,2,-0.32669,0.161369,-1.73337,-67752.8
2.4,0.171548,2,-0.32669,0.161369,-1.73037,-63807.9
2.4,0.171548,2,-0.32669,0.161369,-1.72736,-62989.6
2.4,0.171548,2,-0.32669,0.161369,-1.72436,-66146.2
2.4,0.171548,2,-0.32669,0.161369,-1.72136,-54941.9
2.4,0.171548,2,-0.32669,0.161369,-1.71836,-63050.1
2.4,0.171548,2,-0.32669,0.161369,-1.71536,-65748.3
2.4,0.171548,2,-0.32669,0.161369,-1.71236,-66860.1
2.4,0.171548,2,-0.32669,0.161369,-1.70935,-62518.1
2.4,0.171548,2,-0.32669,0.161369,-1.70635,-52297.7
2.4,0.171548,2,-0.32669,0.161369,-1.70335,-60545
2.4,0.171548,2,-0.32669,0.161369,-1.70035,-53099.4
2.4,0.171548,2,-0.32669,0.161369,-1.69735,-61208.5
2.4,0.171548,2,-0.32669,0.161369,-1.69435,-62135.8
2.4,0.171548,2,-0.32669,0.161369,-1.69135,-61883.6
2.4,0.171548,2,-0.32669,0.161369,-1.68834,-54364.3
2.4,0.171548,2,-0.32669,0.161369,-1.68534,-58248
2.4,0.171548,2,-0.32669,0.161369,-1.68234,-55236.3
2.4,0.171548,2,-0.32669,0.161369,-1.67934,-59153.9
2.4,0.171548,2,-0.32669,0.161369,-1.67634,-55372.8
2.4,0.171548,2,-0.32669,0.161369,-1.67334,-57311.9
2.4,0.171548,2,-0.32669,0.161369,-1.67034,-64478.5
2.4,0.171548,2,-0.32669,0.161369,-1.66733,-62943.1
2.4,0.171548,2,-0.32669,0.161369,-1.66433,-55308.7
2.4,0.171548,2,-0.32669,0.161369,-1.66133,-58903.6
2.4,0.171548,2,-0.32669,0.161369,-1.65833,-58908.8
2.4,0.171548,2,-0.32669,0.161369,-1.65533,-53540.7
2.4,0.171548,2,-0.32669,0.161369,-1.65233,-54016.6
2.4,0.171548,2,-0.32669,0.161369,-1.64932,-57325.3
2.4,0.171548,2,-0.32669,0.161369,-1.64632,-59425.4
2.4,0.171548,2,-0.32669,0.161369,-1.64332,-54191.8
2.4,0.171548,2,-0.32669,0.161369,-1.64032,-58977.1
2.4,0.171548,2,-0.32669,0.161369,-1.63732,-55051.2
2.4,0.171548,2,-0.32669,0.161369,-1.63432,-59536.8
2.4,0.171548,2,-0.32669,0.161369,-1.63132,-63705
2.4,0.171548,2,-0.32669,0.161369,-1.62831,-55149.5
2.4,0.171548,2,-0.32669,0.161369,-1.62531,-65931
2.4,0.171548,2,-0.32669,0.161369,-1.62231,-62529
2.4,0.171548,2,-0.32669,0.161369,-1.61931,-55738.3
2.4,0.171548,2,-0.32669,0.161369,-1.61631,-64228.8
2.4,0.171548,2,-0.32669,0.161369,-1.61331,-56078.8
2.4,0.171548,2,-0.32669,0.161369,-1.61031,-53161.7
2.4,0.171548,2,-0.32669,0.161369,-1.6073,-52027.2
2.4,0.171548,2,-0.32669,0.161369,-1.6043,-63321.6
2.4,0.171548,2,-0.32669,0.161369,-1.6013,-66530.7
2.4,0.171548,2,-0.32669,0.161369,-1.5983,-53615.8
2.4,0.171548,2,-0.32669,0.161369,-1.5953,-61025.5
2.4,0.171548,2,-0.32669,0.161369,-1.5923,-59848.9
2.4,0.171548,2,-0.32669,0.161369,-1.58929,-56056.8
2.4,0.171548,2,-0.32669,0.161369,-1.58629,-55843.8
2.4,0.171548,2,-0.32669,0.161369,-1.58329,-63818.1
2.4,0.171548,2,-0.32669,0.161369,-1.58029,-59949.1
2.4,0.171548,2,-0.32669,0.161369,-1.57729,-65282.8
2.4,0.171548,2,-0.32669,0.161369,-1.57429,-67326.9
2.4,0.171548,2,-0.32669,0.161369,-1.57129,-52918.3
2.4,0.171548,2,-0.32669,0.161369,-1.56828,-58543.8
2.4,0.171548,2,-0.32669,0.161369,-1.56528,-67631.2
2.4,0.171548,2,-0.32669,0.161369,-1.56228,-53863.1
2.4,0.171548,2,-0.32669,0.161369,-1.55928,-58042.4
2.4,0.171548,2,-0.32669,0.161369,-1.55628,-57624.3
2.4,0.171548,2,-0.32669,0.161369,-1.55328,-64843.5
2.4,0.171548,2,-0.32669,0.161369,-1.55028,-63468.7
2.4,0.171548,2,-0.32669,0.161369,-1.54727,-62300.5
2.4,0.171548,2,-0.32669,0.161369,-1.54427,-66033.8
2.4,0.171548,2,-0.32669,0.161369,-1.54127,-64408.6
2.4,0.171548,2,-0.32669,0.161369,-1.53827,-67284.1
2.4,0.171548,2,-0.32669,0.161369,-1.53527,-52941.1
2.4,0.171548,2,-0.32669,0.161369,-1.53227,-64429.8
2.4,0.171548,2,-0.32669,0.161369,-1.52926,-60357.1
2.4,0.171548,2,-0.32669,0.161369,-1.52626,-52727.2
2.4,0.171548,2,-0.32669,0.161369,-1.52326,-54295.6
2.4,0.171548,2,-0.32669,0.161369,-1.52026,-52084.3
2.4,0.171548,2,-0.32669,0.161369,-1.51726,-65194.1
2.4,0.171548,2,-0.32669,0.161369,-1.51426,-51805.1
2.4,0.171548,2,-0.32669,0.161369,-1.51126,-67309.7
2.4,0.171548,2,-0.32669,0.161369,-1.50825,-66170.3
2.4,0.171548,2,-0.32669,0.161369,-1.50525,-65681.4
2.4,0.171548,2,-0.32669,0.161369,-1.50225,-56089.9
2.4,0.171548,2,-0.32669,0.161369,-1.49925,-52566.3
2.4,0.171548,2,-0.32669,0.161369,-1.49625,-62464.4
2.4,0.171548,2,-0.32669,0.161369,-1.49325,-55502.1
2.4,0.171548,2,-0.32669,0.161369,-1.49025,-57080.7
2.4,0.171548,2,-0.32669,0.161369,-1.48724,-53300.6
2.4,0.171548,2,-0.32669,0.161369,-1.48424,-65114.8
2.4,0.171548,2,-0.32669,0.161369,-1.48124,-55982.8
2.4,0.171548,2,-0.32669,0.161369,-1.47824,-58854.9
2.4,0.171548,2,-0.32669,0.161369,-1.47524,-57159.7
2.4,0.171548,2,-0.32669,0.161369,-1.47224,-53646.1
2.4,0.171548,2,-0.32669,0.161369,-1.46923,-61223.3
2.4,0.171548,2,-0.32669,0.161369,-1.46623,-53467.5
2.4,0.171548,2,-0.32669,0.161369,-1.46323,-57148
2.4,0.171548,2,-0.32669,0.161369,-1.46023,-63378
2.4,0.171548,2,-0.32669,0.161369,-1.45723,-64497.4
2.4,0.171548,2,-0.32669,0.161369,-1.45423,-51681.5
2.4,0.171548,2,-0.32669,0.161369,-1.45123,-52079.7
2.4,0.171548,2,-0.32669,0.161369,-1.44822,-66728.2
2.4,0.171548,2,-0.32669,0.161369,-1.44522,-57733.7
2.4,0.171548,2,-0.32669,0.161369,-1.44222,-65350.2
2.4,0.171548,2,-0.32669,0.161369,-1.43922,-61826.3
2.4,0.171548,2,-0.32669,0.161369,-1.43622,-62737.8
2.4,0.171548,2,-0.32669,0.161369,-1.43322,-55571.2
2.4,0.171548,2,-0.32669,0.161369,-1.43022,-65321.8
2.4,0.171548,2,-0.32669,0.161369,-1.42721,-63307.1
2.4,0.171548,2,-0.32669,0.161369,-1.42421,-64711.5
2.4,0.171548,2,-0.32669,0.161369,-1.42121,-52635.3
2.4,0.171548,2,-0.32669,0.161369,-1.41821,-61759.6
2.4,0.171548,2,-0.32669,0.161369,-1.41521,-62178.7
2.4,0.171548,2,-0.32669,0.161369,-1.41221,-59524.9
2.4,0.171548,2,-0.32669,0.161369,-1.4092,-63359.2
2.4,0.171548,2,-0.32669,0.161369,-1.4062,-64754.6
2.4,0.171548,2,-0.32669,0.161369,-1.4032,-56049.4
2.4,0.171548,2,-0.32669,0.161369,-1.4002,-52997.5
2.4,0.171548,2,-0.32669,0.161369,-1.3972,-51940.6
2.4,0.171548,2,-0.32669,0.161369,-1.3942,-58899.1
2.4,0.171548,2,-0.32669,0.161369,-1.3912,-63699.5
2.4,0.171548,2,-0.32669,0.161369,-1.38819,-62862
2.4,0.171548,2,-0.32669,0.161369,-1.38519,-59987
2.4,0.171548,2,-0.32669,0.161369,-1.38219,-64290
2.4,0.171548,2,-0.32669,0.161369,-1.37919,-63598.1
2.4,0.171548,2,-0.32669,0.161369,-1.37619,-53117.3
2.4,0.171548,2,-0.32669,0.161369,-1.37319,-60407
2.4,0.171548,2,-0.32669,0.161369,-1.37019,-64504.2
2.4,0.171548,2,-0.32669,0.161369,-1.36718,-61034.7
2.4,0.171548,2,-0.32669,0.161369,-1.36418,-62915.6
2.4,0.171548,2,-0.32669,0.161369,-1.36118,-57107.9
2.4,0.171548,2,-0.32669,0.161369,-1.35818,-57322.2
2.4,0.171548,2,-0.32669,0.161369,-1.35518,-62878
2.4,0.171548,2,-0.32669,0.161369,-1.35218,-51426.6
2.4,0.171548,2,-0.32669,0.161369,-1.34917,-59675.3
2.4,0.171548,2,-0.32669,0.161369,-1.34617,-58199.8
2.4,0.171548,2,-0.32669,0.161369,-1.34317,-56363.8
2.4,0.171548,2,-0.32669,0.161369,-1.34017,-51173.9
2.4,0.171548,2,-0.32669,0.161369,-1.33717,-52676.3
2.4,0.171548,2,-0.32669,0.161369,-1.33417,-51232.3
2.4,0.171548,2,-0.32669,0.161369,-1.33117,-66903.1
2.4,0.171548,2,-0.32669,0.161369,-1.32816,-53159.8
2.4,0.171548,2,-0.32669,0.161369,-1.32516,-60428.3
2.4,0.171548,2,-0.32669,0.161369,-1.32216,-64424.4
2.4,0.171548,2,-0.32669,0.161369,-1.31916,-61949.4
2.4,0.171548,2,-0.32669,0.161369,-1.31616,-52191.9
2.4,0.171548,2,-0.32669,0.161369,-1.31316,-58542.9
2.4,0.171548,2,-0.32669,0.161369,-1.31016,-64300.5
2.4,0.171548,2,-0.32669,0.161369,-1.30715,-54249.3
2.4,0.171548,2,-0.32669,0.161369,-1.30415,-52917.4
2.4,0.171548,2,-0.32669,0.161369,-1.30115,-55875.4
2.4,0.171548,2,-0.32669,0.161369,-1.29815,-56802
2.4,0.171548,2,-0.32669,0.161369,-1.29515,-63003.7
2.4,0.171548,2,-0.32669,0.161369,-1.29215,-51142.7
2.4,0.171548,2,-0.32669,0.161369,-1.28914,-57148.6
2.4,0.171548,2,-0.32669,0.161369,-1.28614,-55449.7
2.4,0.171548,2,-0.32669,0.161369,-1.28314,-54590.3
2.4,0.171548,2,-0.32669,0.161369,-1.28014,-57537.7
2.4,0.171548,2,-0.32669,0.161369,-1.27714,-52336.8
2.4,0.171548,2,-0.32669,0.161369,-1.27414,-53532.3
2.4,0.171548,2,-0.32669,0.161369,-1.27114,-60385.6
2.4,0.171548,2,-0.32669,0.161369,-1.26813,-60735.3
2.4,0.171548,2,-0.32669,0.161369,-1.26513,-66445.8
2.4,0.171548,2,-0.32669,0.161369,-1.26213,-55179.8
2.4,0.171548,2,-0.32669,0.161369,-1.25913,-54233.3
2.4,0.171548,2,-0.32669,0.161369,-1.25613,-53022.7
2.4,0.171548,2,-0.32669,0.161369,-1.25313,-51825.7
2.4,0.171548,2,-0.32669,0.161369,-1.25013,-52427.1
2.4,0.171548,2,-0.32669,0.161369,-1.24712,-64924.7
2.4,0.171548,2,-0.32669,0.161369,-1.24412,-52266.6
2.4,0.171548,2,-0.32669,0.161369,-1.24112,-57178.3
2.4,0.171548,2,-0.32669,0.161369,-1.23812,-51912.9
2.4,0.171548,2,-0.32669,0.161369,-1.23512,-51380.6
2.4,0.171548,2,-0.32669,0.161369,-1.23212,-65162.4
2.4,0.171548,2,-0.32669,0.161369,-1.22911,-61983.7
2.4,0.171548,2,-0.32669,0.161369,-1.22611,-50903.6
2.4,0.171548,2,-0.32669,0.161369,-1.22311,-65278.5
2.4,0.171548,2,-0.32669,0.161369,-1.22011,-53498.1
2.4,0.171548,2,-0.32669,0.161369,-1.21711,-53962.9
2.4,0.171548,2,-0.32669,0.161369,-1.21411,-65964.4
2.4,0.171548,2,-0.32669,0.161369,-1.21111,-61390.7
2.4,0.171548,2,-0.32669,0.161369,-1.2081,-60380.9
2.4,0.171548,2,-0.32669,0.161369,-1.2051,-56589.6
2.4,0.171548,2,-0.32669,0.161369,-1.2021,-58906.3
2.4,0.171548,2,-0.32669,0.161369,-1.1991,-55586.8
2.4,0.171548,2,-0.32669,0.161369,-1.1961,-55442.2
2.4,0.171548,2,-0.32669,0.161369,-1.1931,-50336.4
2.4,0.171548,2,-0.32669,0.161369,-1.1901,-62568.4
2.4,0.171548,2,-0.32669,0.161369,-1.18709,-63526.6
2.4,0.171548,2,-0.32669,0.161369,-1.18409,-55373.4
2.4,0.171548,2,-0.32669,0.161369,-1.18109,-58728.7
2.4,0.171548,2,-0.32669,0.161369,-1.17809,-56418.8
2.4,0.171548,2,-0.32669,0.161369,-1.17509,-50325.4
2.4,0.171548,2,-0.32669,0.161369,-1.17209,-62159
2.4,0.171548,2,-0.32669,0.161369,-1.16908,-57543.1
2.4,0.171548,2,-0.32669,0.161369,-1.16608,-58107
2.4,0.171548,2,-0.32669,0.161369,-1.16308,-58332.3
2.4,0.171548,2,-0.32669,0.161369,-1.16008,-57565.2
2.4,0.171548,2,-0.32669,0.161369,-1.15708,-62939.4
2.4,0.171548,2,-0.32669,0.161369,-1.15408,-50883.2
2.4,0.171548,2,-0.32669,0.161369,-1.15108,-54949.4
2.4,0.171548,2,-0.32669,0.161369,-1.14807,-62243.3
2.4,0.171548,2,-0.32669,0.161369,-1.14507,-51369.9
2.4,0.171548,2,-0.32669,0.161369,-1.14207,-63722
2.4,0.171548,2,-0.32669,0.161369,-1.13907,-59629.7
2.4,0.171548,2,-0.32669,0.161369,-1.13607,-61683.7
2.4,0.171548,2,-0.32669,0.161369,-1.13307,-63622.9
2.4,0.171548,2,-0.32669,0.161369,-1.13007,-52789.4
2.4,0.171548,2,-0.32669,0.161369,-1.12706,-50293.1
2.4,0.171548,2,-0.32669,0.161369,-1.12406,-60246.7
2.4,0.171548,2,-0.32669,0.161369,-1.12106,-49855.7
2.4,0.171548,2,-0.32669,0.161369,-1.11806,-49925.5
2.4,0.171548,2,-0.32669,0.161369,-1.11506,-57446.3
2.4,0.171548,2,-0.32669,0.161369,-1.11206,-59875.6
2.4,0.171548,2,-0.32669,0.161369,-1.10905,-51497.5
2.4,0.171548,2,-0.32669,0.161369,-1.10605,-49627.4
2.4,0.171548,2,-0.32669,0.161369,-1.10305,-62751
2.4,0.171548,2,-0.32669,0.161369,-1.10005,-63316.5
2.4,0.171548,2,-0.32669,0.161369,-1.09705,-53013.1
2.4,0.171548,2,-0.32669,0.161369,-1.09405,-56564.9
2.4,0.171548,2,-0.32669,0.161369,-1.09105,-52611.1
2.4,0.171548,2,-0.32669,0.161369,-1.08804,-50305.1
2.4,0.171548,2,-0.32669,0.161369,-1.08504,-49752.2
2.4,0.171548,2,-0.32669,0.161369,-1.08204,-55142.1
2.4,0.171548,2,-0.32669,0.161369,-1.07904,-58320
2.4,0.171548,2,-0.32669,0.161369,-1.07604,-49347.5
2.4,0.171548,2,-0.32669,0.161369,-1.07304,-64028.5
2.4,0.171548,2,-0.32669,0.161369,-1.07004,-58044.4
2.4,0.171548,2,-0.32669,0.161369,-1.06703,-63433.5
2.4,0.171548,2,-0.32669,0.161369,-1.06403,-50039.8
2.4,0.171548,2,-0.32669,0.161369,-1.06103,-51943.7
2.4,0.171548,2,-0.32669,0.161369,-1.05803,-58026.7
2.4,0.171548,2,-0.32669,0.161369,-1.05503,-51403.5
2.4,0.171548,2,-0.32669,0.161369,-1.05203,-62817.8
2.4,0.171548,2,-0.32669,0.161369,-1.04902,-52982.8
2.4,0.171548,2,-0.32669,0.161369,-1.04602,-63878.8
2.4,0.171548,2,-0.32669,0.161369,-1.04302,-54753.3
2.4,0.171548,2,-0.32669,0.161369,-1.04002,-59114
2.4,0.171548,2,-0.32669,0.161369,-1.03702,-52802.5
2.4,0.171548,2,-0.32669,0.161369,-1.03402,-53006.2
2.4,0.171548,2,-0.32669,0.161369,-1.03102,-59272.6
2.4,0.171548,2,-0.32669,0.161369,-1.02801,-55661.6
2.4,0.171548,2,-0.32669,0.161369,-1.02501,-55357.2
2.4,0.171548,2,-0.32669,0.161369,-1.02201,-55809.3
2.4,0.171548,2,-0.32669,0.161369,-1.01901,-50655.3
2.4,0.171548,2,-0.32669,0.161369,-1.01601,-57297.4
2.4,0.171548,2,-0.32669,0.161369,-1.01301,-49886.8
2.4,0.171548,2,-0.32669,0.161369,-1.01001,-50205.5
2.4,0.171548,2,-0.32669,0.161369,-1.007,-61173.8
2.4,0.171548,2,-0.32669,0.161369,-1.004,-57248.1
2.4,0.171548,2,-0.32669,0.161369,-1.001,-50866.9
2.4,0.171548,2,-0.32669,0.161369,-0.997999,-55763.4
2.4,0.171548,2,-0.32669,0.161369,-0.994997,-49890.2
2.4,0.171548,2,-0.32669,0.161369,-0.991996,-63240.5
2.4,0.171548,2,-0.32669,0.161369,-0.988994,-55568.2
2.4,0.171548,2,-0.32669,0.161369,-0.985993,-50945.6
2.4,0.171548,2,-0.32669,0.161369,-0.982991,-53407.2
2.4,0.171548,2,-0.32669,0.161369,-0.97999,-49122.5
2.4,0.171548,2,-0.32669,0.161369,-0.976988,-57812.3
2.4,0.171548,2,-0.32669,0.161369,-0.973987,-59678
2.4,0.171548,2,-0.32669,0.161369,-0.970985,-48477
2.4,0.171548,2,-0.32669,0.161369,-0.967984,-49045.2
2.4,0.171548,2,-0.32669,0.161369,-0.964982,-54211.1
2.4,0.171548,2,-0.32669,0.161369,-0.961981,-58187.2
2.4,0.171548,2,-0.32669,0.161369,-0.958979,-59024.2
2.4,0.171548,2,-0.32669,0.161369,-0.955978,-54401.5
2.4,0.171548,2,-0.32669,0.161369,-0.952976,-62380.7
2.4,0.171548,2,-0.32669,0.161369,-0.949975,-54519.5
2.4,0.171548,2,-0.32669,0.161369,-0.946973,-51527.1
2.4,0.171548,2,-0.32669,0.161369,-0.943972,-53374
2.4,0.171548,2,-0.32669,0.161369,-0.94097,-50602
2.4,0.171548,2,-0.32669,0.161369,-0.937969,-47744.3
2.4,0.171548,2,-0.32669,0.161369,-0.934967,-52327.2
2.4,0.171548,2,-0.32669,0.161369,-0.931966,-50291.9
2.4,0.171548,2,-0.32669,0.161369,-0.928964,-58628.3
2.4,0.171548,2,-0.32669,0.161369,-0.925963,-50991.7
2.4,0.171548,2,-0.32669,0.161369,-0.922961,-57834
2.4,0.171548,2,-0.32669,0.161369,-0.91996,-52467.1
2.4,0.171548,2,-0.32669,0.161369,-0.916958,-49605.2
2.4,0.171548,2,-0.32669,0.161369,-0.913957,-54043.7
2.4,0.171548,2,-0.32669,0.161369,-0.910955,-59642.9
2.4,0.171548,2,-0.32669,0.161369,-0.907954,-52249.9
2.4,0.171548,2,-0.32669,0.161369,-0.904952,-55423.8
2.4,0.171548,2,-0.32669,0.161369,-0.901951,-58441.7
2.4,0.171548,2,-0.32669,0.161369,-0.898949,-48710.4
2.4,0.171548,2,-0.32669,0.161369,-0.895948,-59127
2.4,0.171548,2,-0.32669,0.161369,-0.892946,-60528.2
2.4,0.171548,2,-0.32669,0.161369,-0.889945,-51061.8
2.4,0.171548,2,-0.32669,0.161369,-0.886943,-52210.8
2.4,0.171548,2,-0.32669,0.161369,-0.883942,-51600.6
2.4,0.171548,2,-0.32669,0.161369,-0.88094,-54115.6
2.4,0.171548,2,-0.32669,0.161369,-0.877939,-59830.9
2.4,0.171548,2,-0.32669,0.161369,-0.874937,-57152.5
2.4,0.171548,2,-0.32669,0.161369,-0.871936,-46836.7
2.4,0.171548,2,-0.32669,0.161369,-0.868934,-54876.5
2.4,0.171548,2,-0.32669,0.161369,-0.865933,-45927.3
2.4,0.171548,2,-0.32669,0.161369,-0.862931,-56150
2.4,0.171548,2,-0.32669,0.161369,-0.85993,-54012.4
2.4,0.171548,2,-0.32669,0.161369,-0.856928,-56299.1
2.4,0.171548,2,-0.32669,0.161369,-0.853927,-46133.7
2.4,0.171548,2,-0.32669,0.161369,-0.850925,-57996.8
2.4,0.171548,2,-0.32669,0.161369,-0.847924,-47294.9
2.4,0.171548,2,-0.32669,0.161369,-0.844922,-46793.6
2.4,0.171548,2,-0.32669,0.161369,-0.841921,-45829.1
2.4,0.171548,2,-0.32669,0.161369,-0.838919,-54762.6
2.4,0.171548,2,-0.32669,0.161369,-0.835918,-56431.1
2.4,0.171548,2,-0.32669,0.161369,-0.832916,-48983.9
2.4,0.171548,2,-0.32669,0.161369,-0.829915,-46416.9
2.4,0.171548,2,-0.32669,0.161369,-0.826913,-48464.6
2.4,0.171548,2,-0.32669,0.161369,-0.823912,-56093.7
2.4,0.171548,2,-0.32669,0.161369,-0.82091,-45786.5
2.4,0.171548,2,-0.32669,0.161369,-0.817909,-55401.3
2.4,0.171548,2,-0.32669,0.161369,-0.814907,-44545.7
2.4,0.171548,2,-0.32669,0.161369,-0.811906,-44706.2
2.4,0.171548,2,-0.32669,0.161369,-0.808904,-44784.1
2.4,0.171548,2,-0.32669,0.161369,-0.805903,-45929.6
2.4,0.171548,2,-0.32669,0.161369,-0.802901,-44556.2
2.4,0.171548,2,-0.32669,0.161369,-0.7999,-52503.9
2.4,0.171548,2,-0.32669,0.161369,-0.796898,-49097.4
2.4,0.171548,2,-0.32669,0.161369,-0.793897,-44734
2.4,0.171548,2,-0.32669,0.161369,-0.790895,-52441.1
2.4,0.171548,2,-0.32669,0.161369,-0.787894,-44287.5
2.4,0.171548,2,-0.32669,0.161369,-0.784892,-41173.4
2.4,0.171548,2,-0.32669,0.161369,-0.781891,-49695.5
2.4,0.171548,2,-0.32669,0.161369,-0.778889,-44988.6
2.4,0.171548,2,-0.32669,0.161369,-0.775888,-43256
2.4,0.171548,2,-0.32669,0.161369,-0.772886,-38733
2.4,0.171548,2,-0.32669,0.161369,-0.769885,45343.2
2.4,0.171548,2,-0.32669,0.161369,-0.766883,46222
2.4,0.171548,2,-0.32669,0.161369,-0.763882,40689.4
2.4,0.171548,2,-0.32669,0.161369,-0.76088,40675.1
2.4,0.171548,2,-0.32669,0.161369,-0.757879,43721.3
2.4,0.171548,2,-0.32669,0.161369,-0.754877,52214.8
2.4,0.171548,2,-0.32669,0.161369,-0.751876,50813.8
2.4,0.171548,2,-0.32669,0.161369,-0.748874,49565.9
2.4,0.171548,2,-0.32669,0.161369,-0.745873,43113.6
2.4,0.171548,2,-0.32669,0.161369,-0.742871,45525.9
2.4,0.171548,2,-0.32669,0.161369,-0.73987,48536.3
2.4,0.171548,2,-0.32669,0.161369,-0.736868,56732.3
2.4,0.171548,2,-0.32669,0.161369,-0.733867,48616.3
2.4,0.171548,2,-0.32669,0.161369,-0.730865,45426.2
2.4,0.171548,2,-0.32669,0.161369,-0.727864,53182
2.4,0.171548,2,-0.32669,0.161369,-0.724862,47530.7
2.4,0.171548,2,-0.32669,0.161369,-0.721861,47477.7
2.4,0.171548,2,-0.32669,0.161369,-0.718859,51533.1
2.4,0.171548,2,-0.32669,0.161369,-0.715858,50940.7
2.4,0.171548,2,-0.32669,0.161369,-0.712856,53722.8
2.4,0.171548,2,-0.32669,0.161369,-0.709855,46292.3
2.4,0.171548,2,-0.32669,0.161369,-0.706853,51518
2.4,0.171548,2,-0.32669,0.161369,-0.703852,50203.6
2.4,0.171548,2,-0.32669,0.161369,-0.70085,48973.4
2.4,0.171548,2,-0.32669,0.161369,-0.697849,46270.6
2.4,0.171548,2,-0.32669,0.161369,-0.694847,46409.6
2.4,0.171548,2,-0.32669,0.161369,-0.691846,46533.1
2.4,0.171548,2,-0.32669,0.161369,-0.688844,47135.4
2.4,0.171548,2,-0.32669,0.161369,-0.685843,55729.3
2.4,0.171548,2,-0.32669,0.161369,-0.682841,58532.4
2.4,0.171548,2,-0.32669,0.161369,-0.67984,51701.2
2.4,0.171548,2,-0.32669,0.161369,-0.676838,47814.5
2.4,0.171548,2,-0.32669,0.161369,-0.673837,51681.5
2.4,0.171548,2,-0.32669,0.161369,-0.670835,46327
2.4,0.171548,2,-0.32669,0.161369,-0.667834,57708.5
2.4,0.171548,2,-0.32669,0.161369,-0.664832,52336
2.4,0.171548,2,-0.32669,0.161369,-0.661831,53905
2.4,0.171548,2,-0.32669,0.161369,-0.658829,50702.7
2.4,0.171548,2,-0.32669,0.161369,-0.655828,48986.6
2.4,0.171548,2,-0.32669,0.161369,-0.652826,57916.4
2.4,0.171548,2,-0.32669,0.161369,-0.649825,51957.5
2.4,0.171548,2,-0.32669,0.161369,-0.646823,52001.1
2.4,0.171548,2,-0.32669,0.161369,-0.643822,57352.5
2.4,0.171548,2,-0.32669,0.161369,-0.64082,58565.5
2.4,0.171548,2,-0.32669,0.161369,-0.637819,56432.7
2.4,0.171548,2,-0.32669,0.161369,-0.634817,57469.8
2.4,0.171548,2,-0.32669,0.161369,-0.631816,51249.1
2.4,0.171548,2,-0.32669,0.161369,-0.628814,55348.6
2.4,0.171548,2,-0.32669,0.161369,-0.625813,59178.3
2.4,0.171548,2,-0.32669,0.161369,-0.622811,53045.2
2.4,0.171548,2,-0.32669,0.161369,-0.61981,59820.3
2.4,0.171548,2,-0.32669,0.161369,-0.616808,51935.3
2.4,0.171548,2,-0.32669,0.161369,-0.613807,56106
2.4,0.171548,2,-0.32669,0.161369,-0.610805,57049.7
2.4,0.171548,2,-0.32669,0.161369,-0.607804,58533.4
2.4,0.171548,2,-0.32669,0.161369,-0.604802,53217.8
2.4,0.171548,2,-0.32669,0.161369,-0.601801,54073.9
2.4,0.171548,2,-0.32669,0.161369,-0.598799,62325.5
2.4,0.171548,2,-0.32669,0.161369,-0.595798,48220
2.4,0.171548,2,-0.32669,0.161369,-0.592796,50930.2
2.4,0.171548,2,-0.32669,0.161369,-0.589795,62666.2
2.4,0.171548,2,-0.32669,0.161369,-0.586793,49908
2.4,0.171548,2,-0.32669,0.161369,-0.583792,49325.7
2.4,0.171548,2,-0.32669,0.161369,-0.58079,59804.2
2.4,0.171548,2,-0.32669,0.161369,-0.577789,57526.9
2.4,0.171548,2,-0.32669,0.161369,-0.574787,63258
2.4,0.171548,2,-0.32669,0.161369,-0.571786,50486.5
2.4,0.171548,2,-0.32669,0.161369,-0.568784,51638.2
2.4,0.171548,2,-0.32669,0.161369,-0.565783,49602.7
2.4,0.171548,2,-0.32669,0.161369,-0.562781,61220.5
2.4,0.171548,2,-0.32669,0.161369,-0.55978,54572.9
2.4,0.171548,2,-0.32669,0.161369,-0.556778,49310.1
2.4,0.171548,2,-0.32669,0.161369,-0.553777,51980.3
2.4,0.171548,2,-0.32669,0.161369,-0.550775,57766.7
2.4,0.171548,2,-0.32669,0.161369,-0.547774,58615.7
2.4,0.171548,2,-0.32669,0.161369,-0.544772,52250.9
2.4,0.171548,2,-0.32669,0.161369,-0.541771,64010.6
2.4,0.171548,2,-0.32669,0.161369,-0.538769,50339.5
2.4,0.171548,2,-0.32669,0.161369,-0.535768,61061
2.4,0.171548,2,-0.32669,0.161369,-0.532766,54038.5
2.4,0.171548,2,-0.32669,0.161369,-0.529765,54873
2.4,0.171548,2,-0.32669,0.161369,-0.526763,60360.9
2.4,0.171548,2,-0.32669,0.161369,-0.523762,51083.7
2.4,0.171548,2,-0.32669,0.161369,-0.52076,52441.9
2.4,0.171548,2,-0.32669,0.161369,-0.517759,50991.7
2.4,0.171548,2,-0.32669,0.161369,-0.514757,61020.1
2.4,0.171548,2,-0.32669,0.161369,-0.511756,49868.6
2.4,0.171548,2,-0.32669,0.161369,-0.508754,51945.9
2.4,0.171548,2,-0.32669,0.161369,-0.505753,60353.5
2.4,0.171548,2,-0.32669,0.161369,-0.502751,63105.8
2.4,0.171548,2,-0.32669,0.161369,-0.49975,60941.2
2.4,0.171548,2,-0.32669,0.161369,-0.496748,56528.2
2.4,0.171548,2,-0.32669,0.161369,-0.493747,53818.8
2.4,0.171548,2,-0.32669,0.161369,-0.490745,55004.1
2.4,0.171548,2,-0.32669,0.161369,-0.487744,54782.8
2.4,0.171548,2,-0.32669,0.161369,-0.484742,64540.6
2.4,0.171548,2,-0.32669,0.161369,-0.481741,61216.4
2.4,0.171548,2,-0.32669,0.161369,-0.478739,53905.3
2.4,0.171548,2,-0.32669,0.161369,-0.475738,55690.5
2.4,0.171548,2,-0.32669,0.161369,-0.472736,57260
2.4,0.171548,2,-0.32669,0.161369,-0.469735,55897.8
2.4,0.171548,2,-0.32669,0.161369,-0.466733,52590.9
2.4,0.171548,2,-0.32669,0.161369,-0.463732,54377.9
2.4,0.171548,2,-0.32669,0.161369,-0.46073,62856.1
2.4,0.171548,2,-0.32669,0.161369,-0.457729,55098.7
2.4,0.171548,2,-0.32669,0.161369,-0.454727,50019.6
2.4,0.171548,2,-0.32669,0.161369,-0.451726,63088.5
2.4,0.171548,2,-0.32669,0.161369,-0.448724,53327.4
2.4,0.171548,2,-0.32669,0.161369,-0.445723,58421.4
2.4,0.171548,2,-0.32669,0.161369,-0.442721,63868.5
2.4,0.171548,2,-0.32669,0.161369,-0.43972,58945.5
2.4,0.171548,2,-0.32669,0.161369,-0.436718,51860.8
2.4,0.171548,2,-0.32669,0.161369,-0.433717,64760.7
2.4,0.171548,2,-0.32669,0.161369,-0.430715,58702.6
2.4,0.171548,2,-0.32669,0.161369,-0.427714,56900.1
2.4,0.171548,2,-0.32669,0.161369,-0.424712,55625.7
2.4,0.171548,2,-0.32669,0.161369,-0.421711,63687.7
2.4,0.171548,2,-0.32669,0.161369,-0.418709,53370.7
2.4,0.171548,2,-0.32669,0.161369,-0.415708,61163.6
2.4,0.171548,2,-0.32669,0.161369,-0.412706,54757.7
2.4,0.171548,2,-0.32669,0.161369,-0.409705,60052.1
2.4,0.171548,2,-0.32669,0.161369,-0.406703,64949.5
2.4,0.171548,2,-0.32669,0.161369,-0.403702,55030.5
2.4,0.171548,2,-0.32669,0.161369,-0.4007,54300.6
2.4,0.171548,2,-0.32669,0.161369,-0.397699,64876.4
2.4,0.171548,2,-0.32669,0.161369,-0.394697,59610.7
2.4,0.171548,2,-0.32669,0.161369,-0.391696,56839.7
2.4,0.171548,2,-0.32669,0.161369,-0.388694,57026.4
2.4,0.171548,2,-0.32669,0.161369,-0.385693,55501.6
2.4,0.171548,2,-0.32669,0.161369,-0.382691,56389.2
2.4,0.171548,2,-0.32669,0.161369,-0.37969,63573.9
2.4,0.171548,2,-0.32669,0.161369,-0.376688,58916.2
2.4,0.171548,2,-0.32669,0.161369,-0.373687,63736.1
2.4,0.171548,2,-0.32669,0.161369,-0.370685,62172.6
2.4,0.171548,2,-0.32669,0.161369,-0.367684,58057
2.4,0.171548,2,-0.32669,0.161369,-0.364682,61325.5
2.4,0.171548,2,-0.32669,0.161369,-0.361681,53164.8
2.4,0.171548,2,-0.32669,0.161369,-0.358679,50856.4
2.4,0.171548,2,-0.32669,0.161369,-0.355678,55363.3
2.4,0.171548,2,-0.32669,0.161369,-0.352676,59985.8
2.4,0.171548,2,-0.32669,0.161369,-0.349675,53511.4
2.4,0.171548,2,-0.32669,0.161369,-0.346673,53441.6
2.4,0.171548,2,-0.32669,0.161369,-0.343672,51345.2
2.4,0.171548,2,-0.32669,0.161369,-0.34067,51071.1
2.4,0.171548,2,-0.32669,0.161369,-0.337669,59277
2.4,0.171548,2,-0.32669,0.161369,-0.334667,55962.3
2.4,0.171548,2,-0.32669,0.161369,-0.331666,53664.2
2.4,0.171548,2,-0.32669,0.161369,-0.328664,65388.8
2.4,0.171548,2,-0.32669,0.161369,-0.325663,51548.2
2.4,0.171548,2,-0.32669,0.161369,-0.322661,52450.4
2.4,0.171548,2,-0.32669,0.161369,-0.31966,66315.1
2.4,0.171548,2,-0.32669,0.161369,-0.316658,57000.4
2.4,0.171548,2,-0.32669,0.161369,-0.313657,52843.8
2.4,0.171548,2,-0.32669,0.161369,-0.310655,60681.5
2.4,0.171548,2,-0.32669,0.161369,-0.307654,66901.2
2.4,0.171548,2,-0.32669,0.161369,-0.304652,56553.9
2.4,0.171548,2,-0.32669,0.161369,-0.301651,53882.3
2.4,0.171548,2,-0.32669,0.161369,-0.298649,64205.3
2.4,0.171548,2,-0.32669,0.161369,-0.295648,51618.4
2.4,0.171548,2,-0.32669,0.161369,-0.292646,57817.3
2.4,0.171548,2,-0.32669,0.161369,-0.289645,66699.7
2.4,0.171548,2,-0.32669,0.161369,-0.286643,61108.8
2.4,0.171548,2,-0.32669,0.161369,-0.283642,51727.5
2.4,0.171548,2,-0.32669,0.161369,-0.28064,52400.9
2.4,0.171548,2,-0.32669,0.161369,-0.277639,57326.8
2.4,0.171548,2,-0.32669,0.161369,-0.274637,51509.2
2.4,0.171548,2,-0.32669,0.161369,-0.271636,56745
2.4,0.171548,2,-0.32669,0.161369,-0.268634,55222.5
2.4,0.171548,2,-0.32669,0.161369,-0.265633,54188.1
2.4,0.171548,2,-0.32669,0.161369,-0.262631,58469.1
2.4,0.171548,2,-0.32669,0.161369,-0.25963,55167.9
2.4,0.171548,2,-0.32669,0.161369,-0.256628,52700.5
2.4,0.171548,2,-0.32669,0.161369,-0.253627,53907.5
2.4,0.171548,2,-0.32669,0.161369,-0.250625,56277.9
2.4,0.171548,2,-0.32669,0.161369,-0.247624,54891.6
2.4,0.171548,2,-0.32669,0.161369,-0.244622,62868
2.4,0.171548,2,-0.32669,0.161369,-0.241621,65667.8
2.4,0.171548,2,-0.32669,0.161369,-0.238619,52099.6
2.4,0.171548,2,-0.32669,0.161369,-0.235618,56851.7
2.4,0.171548,2,-0.32669,0.161369,-0.232616,54368.3
2.4,0.171548,2,-0.32669,0.161369,-0.229615,57492.3
2.4,0.171548,2,-0.32669,0.161369,-0.226613,51934.8
2.4,0.171548,2,-0.32669,0.161369,-0.223612,60887.7
2.4,0.171548,2,-0.32669,0.161369,-0.22061,58362.4
2.4,0.171548,2,-0.32669,0.161369,-0.217609,58070
2.4,0.171548,2,-0.32669,0.161369,-0.214607,61091.8
2.4,0.171548,2,-0.32669,0.161369,-0.211606,62911.5
2.4,0.171548,2,-0.32669,0.161369,-0.208604,58374.7
2.4,0.171548,2,-0.32669,0.161369,-0.205603,52474.8
2.4,0.171548,2,-0.32669,0.161369,-0.202601,61668.8
2.4,0.171548,2,-0.32669,0.161369,-0.1996,52944.3
2.4,0.171548,2,-0.32669,0.161369,-0.196598,61454.5
2.4,0.171548,2,-0.32669,0.161369,-0.193597,56641.6
2.4,0.171548,2,-0.32669,0.161369,-0.190595,54787.5
2.4,0.171548,2,-0.32669,0.161369,-0.187594,54705.5
2.4,0.171548,2,-0.32669,0.161369,-0.184592,56137.2
2.4,0.171548,2,-0.32669,0.161369,-0.181591,57791.6
2.4,0.171548,2,-0.32669,0.161369,-0.178589,53539.4
2.4,0.171548,2,-0.32669,0.161369,-0.175588,65803.6
2.4,0.171548,2,-0.32669,0.161369,-0.172586,55806.8
2.4,0.171548,2,-0.32669,0.161369,-0.169585,52956.2
2.4,0.171548,2,-0.32669,0.161369,-0.166583,67493.4
2.4,0.171548,2,-0.32669,0.161369,-0.163582,54673
2.4,0.171548,2,-0.32669,0.161369,-0.16058,55897.1
2.4,0.171548,2,-0.32669,0.161369,-0.157579,65682.3
2.4,0.171548,2,-0.32669,0.161369,-0.154577,57574.8
2.4,0.171548,2,-0.32669,0.161369,-0.151576,56566.8
2.4,0.171548,2,-0.32669,0.161369,-0.148574,55119.6
2.4,0.171548,2,-0.32669,0.161369,-0.145573,55628.5
2.4,0.171548,2,-0.32669,0.161369,-0.142571,65305.7
2.4,0.171548,2,-0.32669,0.161369,-0.13957,58893.4
2.4,0.171548,2,-0.32669,0.161369,-0.136568,56145.3
2.4,0.171548,2,-0.32669,0.161369,-0.133567,58674.3
2.4,0.171548,2,-0.32669,0.161369,-0.130565,55926.3
2.4,0.171548,2,-0.32669,0.161369,-0.127564,59594.7
2.4,0.171548,2,-0.32669,0.161369,-0.124562,62442.2
2.4,0.171548,2,-0.32669,0.161369,-0.121561,52836
2.4,0.171548,2,-0.32669,0.161369,-0.118559,67284.9
2.4,0.171548,2,-0.32669,0.161369,-0.115558,53010.2
2.4,0.171548,2,-0.32669,0.161369,-0.112556,57955.1
2.4,0.171548,2,-0.32669,0.161369,-0.109555,61273.3
2.4,0.171548,2,-0.32669,0.161369,-0.106553,66857
2.4,0.171548,2,-0.32669,0.161369,-0.103552,55151.3
2.4,0.171548,2,-0.32669,0.161369,-0.10055,62974.3
2.4,0.171548,2,-0.32669,0.161369,-0.0975488,63202.7
2.4,0.171548,2,-0.32669,0.161369,-0.0945473,54826.4
2.4,0.171548,2,-0.32669,0.161369,-0.0915458,52900.7
2.4,0.171548,2,-0.32669,0.161369,-0.0885443,54400.9
2.4,0.171548,2,-0.32669,0.161369,-0.0855428,61357.2
2.4,0.171548,2,-0.32669,0.161369,-0.0825413,64109.4
2.4,0.171548,2,-0.32669,0.161369,-0.0795398,66027.2
2.4,0.171548,2,-0.32669,0.161369,-0.0765383,62674.2
2.4,0.171548,2,-0.32669,0.161369,-0.0735368,60717.2
2.4,0.171548,2,-0.32669,0.161369,-0.0705353,52761.5
2.4,0.171548,2,-0.32669,0.161369,-0.0675338,64673.2
2.4,0.171548,2,-0.32669,0.161369,-0.0645323,68645.4
2.4,0.171548,2,-0.32669,0.161369,-0.0615308,52676.3
2.4,0.171548,2,-0.32669,0.161369,-0.0585293,66327.5
2.4,0.171548,2,-0.32669,0.161369,-0.0555278,59396
2.4,0.171548,2,-0.32669,0.161369,-0.0525263,66750.6
2.4,0.171548,2,-0.32669,0.161369,-0.0495248,55535.1
2.4,0.171548,2,-0.32669,0.161369,-0.0465233,53550.8
2.4,0.171548,2,-0.32669,0.161369,-0.0435218,65533.8
2.4,0.171548,2,-0.32669,0.161369,-0.0405203,53974.3
2.4,0.171548,2,-0.32669,0.161369,-0.0375188,67937
2.4,0.171548,2,-0.32669,0.161369,-0.0345173,69360.9
2.4,0.171548,2,-0.32669,0.161369,-0.0315158,66531.3
2.4,0.171548,2,-0.32669,0.161369,-0.0285143,66320.9
2.4,0.171548,2,-0.32669,0.161369,-0.0255128,68218.2
2.4,0.171548,2,-0.32669,0.161369,-0.0225113,59319
2.4,0.171548,2,-0.32669,0.161369,-0.0195098,55474.2
2.4,0.171548,2,-0.32669,0.161369,-0.0165083,63582.3
2.4,0.171548,2,-0.32669,0.161369,-0.0135068,62701.3
2.4,0.171548,2,-0.32669,0.161369,-0.0105053,64945.7
2.4,0.171548,2,-0.32669,0.161369,-0.00750375,54804.8
2.4,0.171548,2,-0.32669,0.161369,-0.00450225,62284.4
2.4,0.171548,2,-0.32669,0.161369,-0.00150075,69677.2
2.4,0.171548,2,-0.32669,0.161369,0.00150075,61151.8
2.4,0.171548,2,-0.32669,0.161369,0.00450225,60969.9
2.4,0.171548,2,-0.32669,0.161369,0.00750375,65481.7
2.4,0.171548,2,-0.32669,0.161369,0.0105053,63370.6
2.4,0.171548,2,-0.32669,0.161369,0.0135068,58169.3
2.4,0.171548,2,-0.32669,0.161369,0.0165083,56736.9
2.4,0.171548,2,-0.32669,0.161369,0.0195098,68923.4
2.4,0.171548,2,-0.32669,0.161369,0.0225113,64934.8
2.4,0.171548,2,-0.32669,0.161369,0.0255128,54628.7
2.4,0.171548,2,-0.32669,0.161369,0.0285143,63116.7
2.4,0.171548,2,-0.32669,0.161369,0.0315158,62214.4
2.4,0.171548,2,-0.32669,0.161369,0.0345173,62872.2
2.4,0.171548,2,-0.32669,0.161369,0.0375188,57630.4
2.4,0.171548,2,-0.32669,0.161369,0.0405203,55771.4
2.4,0.171548,2,-0.32669,0.161369,0.0435218,56639.1
2.4,0.171548,2,-0.32669,0.161369,0.0465233,69084.7
2.4,0.171548,2,-0.32669,0.161369,0.0495248,69101.1
2.4,0.171548,2,-0.32669,0.161369,0.0525263,54188.4
2.4,0.171548,2,-0.32669,0.161369,0.0555278,53250.8
2.4,0.171548,2,-0.32669,0.161369,0.0585293,54249.5
2.4,0.171548,2,-0.32669,0.161369,0.0615308,68726.4
2.4,0.171548,2,-0.32669,0.161369,0.0645323,65841.7
2.4,0.171548,2,-0.32669,0.161369,0.0675338,67803.1
2.4,0.171548,2,-0.32669,0.161369,0.0705353,55776.5
2.4,0.171548,2,-0.32669,0.161369,0.0735368,67366.7
2.4,0.171548,2,-0.32669,0.161369,0.0765383,65963.4
2.4,0.171548,2,-0.32669,0.161369,0.0795398,54514
2.4,0.171548,2,-0.32669,0.161369,0.0825413,53922.8
2.4,0.171548,2,-0.32669,0.161369,0.0855428,60014.4
2.4,0.171548,2,-0.32669,0.161369,0.0885443,56221.5
2.4,0.171548,2,-0.32669,0.161369,0.0915458,63029.8
2.4,0.171548,2,-0.32669,0.161369,0.0945473,59154.9
2.4,0.171548,2,-0.32669,0.161369,0.0975488,64102.2
2.4,0.171548,2,-0.32669,0.161369,0.10055,55078
2.4,0.171548,2,-0.32669,0.161369,0.103552,54865
2.4,0.171548,2,-0.32669,0.161369,0.106553,57240.9
2.4,0.171548,2,-0.32669,0.161369,0.109555,56079.7
2.4,0.171548,2,-0.32669,0.161369,0.112556,69554.3
2.4,0.171548,2,-0.32669,0.161369,0.115558,57507
2.4,0.171548,2,-0.32669,0.161369,0.118559,55700.9
2.4,0.171548,2,-0.32669,0.161369,0.121561,56479.3
2.4,0.171548,2,-0.32669,0.161369,0.124562,65107.5
2.4,0.171548,2,-0.32669,0.161369,0.127564,64305.1
2.4,0.171548,2,-0.32669,0.161369,0.130565,58075.2
2.4,0.171548,2,-0.32669,0.161369,0.133567,59932.7
2.4,0.171548,2,-0.32669,0.161369,0.136568,65475
2.4,0.171548,2,-0.32669,0.161369,0.13957,55580.4
2.4,0.171548,2,-0.32669,0.161369,0.142571,54886.3
2.4,0.171548,2,-0.32669,0.161369,0.145573,58889.3
2.4,0.171548,2,-0.32669,0.161369,0.148574,58818.1
2.4,0.171548,2,-0.32669,0.161369,0.151576,65132
2.4,0.171548,2,-0.32669,0.161369,0.154577,52948.3
2.4,0.171548,2,-0.32669,0.161369,0.157579,65008.9
2.4,0.171548,2,-0.32669,0.161369,0.16058,61741.8
2.4,0.171548,2,-0.32669,0.161369,0.163582,53797
2.4,0.171548,2,-0.32669,0.161369,0.166583,55982.2
2.4,0.171548,2,-0.32669,0.161369,0.169585,56866
2.4,0.171548,2,-0.32669,0.161369,0.172586,59593.6
2.4,0.171548,2,-0.32669,0.161369,0.175588,61520
2.4,0.171548,2,-0.32669,0.161369,0.178589,63348.2
2.4,0.171548,2,-0.32669,0.161369,0.181591,54706.3
2.4,0.171548,2,-0.32669,0.161369,0.184592,60877.9
2.4,0.171548,2,-0.32669,0.161369,0.187594,54154
2.4,0.171548,2,-0.32669,0.161369,0.190595,54299.7
2.4,0.171548,2,-0.32669,0.161369,0.193597,57804.4
2.4,0.171548,2,-0.32669,0.161369,0.196598,66178.6
2.4,0.171548,2,-0.32669,0.161369,0.1996,59216.3
2.4,0.171548,2,-0.32669,0.161369,0.202601,61704.4
2.4,0.171548,2,-0.32669,0.161369,0.205603,68518.3
2.4,0.171548,2,-0.32669,0.161369,0.208604,60100.5
2.4,0.171548,2,-0.32669,0.161369,0.211606,56629
2.4,0.171548,2,-0.32669,0.161369,0.214607,53937.2
2.4,0.171548,2,-0.32669,0.161369,0.217609,62502.6
2.4,0.171548,2,-0.32669,0.161369,0.22061,62688.9
2.4,0.171548,2,-0.32669,0.161369,0.223612,58859.2
2.4,0.171548,2,-0.32669,0.161369,0.226613,58303.5
2.4,0.171548,2,-0.32669,0.161369,0.229615,62511.4
2.4,0.171548,2,-0.32669,0.161369,0.232616,65038
2.4,0.171548,2,-0.32669,0.161369,0.235618,55056.9
2.4,0.171548,2,-0.32669,0.161369,0.238619,64749.9
2.4,0.171548,2,-0.32669,0.161369,0.241621,68398.3
2.4,0.171548,2,-0.32669,0.161369,0.244622,69380.5
2.4,0.171548,2,-0.32669,0.161369,0.247624,62476
2.4,0.171548,2,-0.32669,0.161369,0.250625,68315.4
2.4,0.171548,2,-0.32669,0.161369,0.253627,57623.5
2.4,0.171548,2,-0.32669,0.161369,0.256628,54320.5
2.4,0.171548,2,-0.32669,0.161369,0.25963,59618.3
2.4,0.171548,2,-0.32669,0.161369,0.262631,61181.3
2.4,0.171548,2,-0.32669,0.161369,0.265633,62022.7
2.4,0.171548,2,-0.32669,0.161369,0.268634,55730.1
2.4,0.171548,2,-0.32669,0.161369,0.271636,66810
2.4,0.171548,2,-0.32669,0.161369,0.274637,68002.5
2.4,0.171548,2,-0.32669,0.161369,0.277639,68634.7
2.4,0.171548,2,-0.32669,0.161369,0.28064,58005
2.4,0.171548,2,-0.32669,0.161369,0.283642,58132.2
2.4,0.171548,2,-0.32669,0.161369,0.286643,53324.7
2.4,0.171548,2,-0.32669,0.161369,0.289645,60157.4
2.4,0.171548,2,-0.32669,0.161369,0.292646,66323.9
2.4,0.171548,2,-0.32669,0.161369,0.295648,62789.4
2.4,0.171548,2,-0.32669,0.161369,0.298649,64148.8
2.4,0.171548,2,-0.32669,0.161369,0.301651,61451
2.4,0.171548,2,-0.32669,0.161369,0.304652,56877.1
2.4,0.171548,2,-0.32669,0.161369,0.307654,67772.5
2.4,0.171548,2,-0.32669,0.161369,0.310655,65871.1
2.4,0.171548,2,-0.32669,0.161369,0.313657,68389.9
2.4,0.171548,2,-0.32669,0.161369,0.316658,69632.7
2.4,0.171548,2,-0.32669,0.161369,0.31966,65539.4
2.4,0.171548,2,-0.32669,0.161369,0.322661,65054.5
2.4,0.171548,2,-0.32669,0.161369,0.325663,56736.5
2.4,0.171548,2,-0.32669,0.161369,0.328664,63554.1
2.4,0.171548,2,-0.32669,0.161369,0.331666,59899.7
2.4,0.171548,2,-0.32669,0.161369,0.334667,68221.4
2.4,0.171548,2,-0.32669,0.161369,0.337669,57800.1
2.4,0.171548,2,-0.32669,0.161369,0.34067,60655.4
2.4,0.171548,2,-0.32669,0.161369,0.343672,61974.8
2.4,0.171548,2,-0.32669,0.161369,0.346673,67781.3
2.4,0.171548,2,-0.32669,0.161369,0.349675,54246.1
2.4,0.171548,2,-0.32669,0.161369,0.352676,61195.5
2.4,0.171548,2,-0.32669,0.161369,0.355678,59173.5
2.4,0.171548,2,-0.32669,0.161369,0.358679,60060.4
2.4,0.171548,2,-0.32669,0.161369,0.361681,54299.7
2.4,0.171548,2,-0.32669,0.161369,0.364682,58786.9
2.4,0.171548,2,-0.32669,0.161369,0.367684,65079.5
2.4,0.171548,2,-0.32669,0.161369,0.370685,65920.2
2.4,0.171548,2,-0.32669,0.161369,0.373687,61749.5
2.4,0.171548,2,-0.32669,0.161369,0.376688,64354.3
2.4,0.171548,2,-0.32669,0.161369,0.37969,53607.4
2.4,0.171548,2,-0.32669,0.161369,0.382691,64854.1
2.4,0.171548,2,-0.32669,0.161369,0.385693,54586.3
2.4,0.171548,2,-0.32669,0.161369,0.388694,55322
2.4,0.171548,2,-0.32669,0.161369,0.391696,67022
2.4,0.171548,2,-0.32669,0.161369,0.394697,62849.3
2.4,0.171548,2,-0.32669,0.161369,0.397699,67457
2.4,0.171548,2,-0.32669,0.161369,0.4007,53737.2
2.4,0.171548,2,-0.32669,0.161369,0.403702,64244
2.4,0.171548,2,-0.32669,0.161369,0.406703,67208.4
2.4,0.171548,2,-0.32669,0.161369,0.409705,53155.9
2.4,0.171548,2,-0.32669,0.161369,0.412706,62750.5
2.4,0.171548,2,-0.32669,0.161369,0.415708,60765.7
2.4,0.171548,2,-0.32669,0.161369,0.418709,64989.1
2.4,0.171548,2,-0.32669,0.161369,0.421711,57975.9
2.4,0.171548,2,-0.32669,0.161369,0.424712,53578.5
2.4,0.171548,2,-0.32669,0.161369,0.427714,64710.7
2.4,0.171548,2,-0.32669,0.161369,0.430715,60944.8
2.4,0.171548,2,-0.32669,0.161369,0.433717,54109.7
2.4,0.171548,2,-0.32669,0.161369,0.436718,53364.2
2.4,0.171548,2,-0.32669,0.161369,0.43972,60594.1
2.4,0.171548,2,-0.32669,0.161369,0.442721,62646.4
2.4,0.171548,2,-0.32669,0.161369,0.445723,55719.6
2.4,0.171548,2,-0.32669,0.161369,0.448724,66959.4
2.4,0.171548,2,-0.32669,0.161369,0.451726,67945.8
2.4,0.171548,2,-0.32669,0.161369,0.454727,54264.1
2.4,0.171548,2,-0.32669,0.161369,0.457729,54183.5
2.4,0.171548,2,-0.32669,0.161369,0.46073,56649
2.4,0.171548,2,-0.32669,0.161369,0.463732,53730.6
2.4,0.171548,2,-0.32669,0.161369,0.466733,61292.4
2.4,0.171548,2,-0.32669,0.161369,0.469735,54233.2
2.4,0.171548,2,-0.32669,0.161369,0.472736,67002.9
2.4,0.171548,2,-0.32669,0.161369,0.475738,60322.1
2.4,0.171548,2,-0.32669,0.161369,0.478739,56009.7
2.4,0.171548,2,-0.32669,0.161369,0.481741,53384.3
2.4,0.171548,2,-0.32669,0.161369,0.484742,63917.1
2.4,0.171548,2,-0.32669,0.161369,0.487744,61329.8
2.4,0.171548,2,-0.32669,0.161369,0.490745,59645.8
2.4,0.171548,2,-0.32669,0.161369,0.493747,54712.5
2.4,0.171548,2,-0.32669,0.161369,0.496748,60142.8
2.4,0.171548,2,-0.32669,0.161369,0.49975,66894.5
2.4,0.171548,2,-0.32669,0.161369,0.502751,57053
2.4,0.171548,2,-0.32669,0.161369,0.505753,66888.3
2.4,0.171548,2,-0.32669,0.161369,0.508754,58921
2.4,0.171548,2,-0.32669,0.161369,0.511756,63942.8
2.4,0.171548,2,-0.32669,0.161369,0.514757,53265
2.4,0.171548,2,-0.32669,0.161369,0.517759,68438
2.4,0.171548,2,-0.32669,0.161369,0.52076,68571.5
2.4,0.171548,2,-0.32669,0.161369,0.523762,66208.9
2.4,0.171548,2,-0.32669,0.161369,0.526763,60272.5
2.4,0.171548,2,-0.32669,0.161369,0.529765,60927.2
2.4,0.171548,2,-0.32669,0.161369,0.532766,58746.8
2.4,0.171548,2,-0.32669,0.161369,0.535768,60551.1
2.4,0.171548,2,-0.32669,0.161369,0.538769,53457
2.4,0.171548,2,-0.32669,0.161369,0.541771,59739.6
2.4,0.171548,2,-0.32669,0.161369,0.544772,68548
2.4,0.171548,2,-0.32669,0.161369,0.547774,54186.3
2.4,0.171548,2,-0.32669,0.161369,0.550775,59305.4
2.4,0.171548,2,-0.32669,0.161369,0.553777,64476.2
2.4,0.171548,2,-0.32669,0.161369,0.556778,59193.5
2.4,0.171548,2,-0.32669,0.161369,0.55978,62379.1
2.4,0.171548,2,-0.32669,0.161369,0.562781,54977.3
2.4,0.171548,2,-0.32669,0.161369,0.565783,68029.8
2.4,0.171548,2,-0.32669,0.161369,0.568784,57509.4
2.4,0.171548,2,-0.32669,0.161369,0.571786,63543.6
2.4,0.171548,2,-0.32669,0.161369,0.574787,57035.5
2.4,0.171548,2,-0.32669,0.161369,0.577789,54044.4
2.4,0.171548,2,-0.32669,0.161369,0.58079,60383.2
2.4,0.171548,2,-0.32669,0.161369,0.583792,53697.3
2.4,0.171548,2,-0.32669,0.161369,0.586793,62909.7
2.4,0.171548,2,-0.32669,0.161369,0.589795,68332.6
2.4,0.171548,2,-0.32669,0.161369,0.592796,59516.4
2.4,0.171548,2,-0.32669,0.161369,0.595798,54678.3
2.4,0.171548,2,-0.32669,0.161369,0.598799,56451.8
2.4,0.171548,2,-0.32669,0.161369,0.601801,67981.4
2.4,0.171548,2,-0.32669,0.161369,0.604802,58468.6
2.4,0.171548,2,-0.32669,0.161369,0.607804,55576.7
2.4,0.171548,2,-0.32669,0.161369,0.610805,66126.1
2.4,0.171548,2,-0.32669,0.161369,0.613807,62453.5
2.4,0.171548,2,-0.32669,0.161369,0.616808,66774.4
2.4,0.171548,2,-0.32669,0.161369,0.61981,58071.3
2.4,0.171548,2,-0.32669,0.161369,0.622811,57452.6
2.4,0.171548,2,-0.32669,0.161369,0.625813,66464.7
2.4,0.171548,2,-0.32669,0.161369,0.628814,66012.1
2.4,0.171548,2,-0.32669,0.161369,0.631816,53245.1
2.4,0.171548,2,-0.32669,0.161369,0.634817,59313.8
2.4,0.171548,2,-0.32669,0.161369,0.637819,68560.2
2.4,0.171548,2,-0.32669,0.161369,0.64082,62693.7
2.4,0.171548,2,-0.32669,0.161369,0.643822,66153.1
2.4,0.171548,2,-0.32669,0.161369,0.646823,64254.9
2.4,0.171548,2,-0.32669,0.161369,0.649825,56182.7
2.4,0.171548,2,-0.32669,0.161369,0.652826,56600.2
2.4,0.171548,2,-0.32669,0.161369,0.655828,69099.7
2.4,0.171548,2,-0.32669,0.161369,0.658829,54257.4
2.4,0.171548,2,-0.32669,0.161369,0.661831,53787.4
2.4,0.171548,2,-0.32669,0.161369,0.664832,54520.1
2.4,0.171548,2,-0.32669,0.161369,0.667834,66874.1
2.4,0.171548,2,-0.32669,0.161369,0.670835,53081.8
2.4,0.171548,2,-0.32669,0.161369,0.673837,68607.5
2.4,0.171548,2,-0.32669,0.161369,0.676838,56627.6
2.4,0.171548,2,-0.32669,0.161369,0.67984,67813.9
2.4,0.171548,2,-0.32669,0.161369,0.682841,58846.5
2.4,0.171548,2,-0.32669,0.161369,0.685843,60138.9
2.4,0.171548,2,-0.32669,0.161369,0.688844,60197.5
2.4,0.171548,2,-0.32669,0.161369,0.691846,60778.4
2.4,0.171548,2,-0.32669,0.161369,0.694847,52752.4
2.4,0.171548,2,-0.32669,0.161369,0.697849,58655.6
2.4,0.171548,2,-0.32669,0.161369,0.70085,55683.3
2.4,0.171548,2,-0.32669,0.161369,0.703852,57499.6
2.4,0.171548,2,-0.32669,0.161369,0.706853,67074.8
2.4,0.171548,2,-0.32669,0.161369,0.709855,57206.4
2.4,0.171548,2,-0.32669,0.161369,0.712856,59409.1
2.4,0.171548,2,-0.32669,0.161369,0.715858,53976
2.4,0.171548,2,-0.32669,0.161369,0.718859,62904.1
2.4,0.171548,2,-0.32669,0.161369,0.721861,63040.9
2.4,0.171548,2,-0.32669,0.161369,0.724862,53884.4
2.4,0.171548,2,-0.32669,0.161369,0.727864,58003.1
2.4,0.171548,2,-0.32669,0.161369,0.730865,57396
2.4,0.171548,2,-0.32669,0.161369,0.733867,53247.2
2.4,0.171548,2,-0.32669,0.161369,0.736868,60100.2
2.4,0.171548,2,-0.32669,0.161369,0.73987,67580.7
2.4,0.171548,2,-0.32669,0.161369,0.742871,59869.2
2.4,0.171548,2,-0.32669,0.161369,0.745873,59639.4
2.4,0.171548,2,-0.32669,0.161369,0.748874,61711.4
2.4,0.171548,2,-0.32669,0.161369,0.751876,67661.1
2.4,0.171548,2,-0.32669,0.161369,0.754877,55709.4
2.4,0.171548,2,-0.32669,0.161369,0.757879,59105.6
2.4,0.171548,2,-0.32669,0.161369,0.76088,62775.6
2.4,0.171548,2,-0.32669,0.161369,0.763882,60118.4
2.4,0.171548,2,-0.32669,0.161369,0.766883,60291.5
2.4,0.171548,2,-0.32669,0.161369,0.769885,52029.7
2.4,0.171548,2,-0.32669,0.161369,0.772886,55437.7
2.4,0.171548,2,-0.32669,0.161369,0.775888,52300.2
2.4,0.171548,2,-0.32669,0.161369,0.778889,54467.9
2.4,0.171548,2,-0.32669,0.161369,0.781891,65620.9
2.4,0.171548,2,-0.32669,0.161369,0.784892,67265.4
2.4,0.171548,2,-0.32669,0.161369,0.787894,61065.1
2.4,0.171548,2,-0.32669,0.161369,0.790895,52090.9
2.4,0.171548,2,-0.32669,0.161369,0.793897,68161.9
2.4,0.171548,2,-0.32669,0.161369,0.796898,52228.8
2.4,0.171548,2,-0.32669,0.161369,0.7999,63580.4
2.4,0.171548,2,-0.32669,0.161369,0.802901,63192.7
2.4,0.171548,2,-0.32669,0.161369,0.805903,55355.4
2.4,0.171548,2,-0.32669,0.161369,0.808904,55705.2
2.4,0.171548,2,-0.32669,0.161369,0.811906,64366.5
2.4,0.171548,2,-0.32669,0.161369,0.814907,56317.6
2.4,0.171548,2,-0.32669,0.161369,0.817909,56107.8
2.4,0.171548,2,-0.32669,0.161369,0.82091,58265.7
2.4,0.171548,2,-0.32669,0.161369,0.823912,64639
2.4,0.171548,2,-0.32669,0.161369,0.826913,57526.2
2.4,0.171548,2,-0.32669,0.161369,0.829915,67977.8
2.4,0.171548,2,-0.32669,0.161369,0.832916,61085.1
2.4,0.171548,2,-0.32669,0.161369,0.835918,57925.6
2.4,0.171548,2,-0.32669,0.161369,0.838919,66693.6
2.4,0.171548,2,-0.32669,0.161369,0.841921,56683.7
2.4,0.171548,2,-0.32669,0.161369,0.844922,66853.5
2.4,0.171548,2,-0.32669,0.161369,0.847924,61755.3
2.4,0.171548,2,-0.32669,0.161369,0.850925,51596
2.4,0.171548,2,-0.32669,0.161369,0.853927,57743.1
2.4,0.171548,2,-0.32669,0.161369,0.856928,54458.2
2.4,0.171548,2,-0.32669,0.161369,0.85993,58421.1
2.4,0.171548,2,-0.32669,0.161369,0.862931,54071.7
2.4,0.171548,2,-0.32669,0.161369,0.865933,51940
2.4,0.171548,2,-0.32669,0.161369,0.868934,58516.8
2.4,0.171548,2,-0.32669,0.161369,0.871936,56658.3
2.4,0.171548,2,-0.32669,0.161369,0.874937,64953.2
2.4,0.171548,2,-0.32669,0.161369,0.877939,52868
2.4,0.171548,2,-0.32669,0.161369,0.88094,57071.1
2.4,0.171548,2,-0.32669,0.161369,0.883942,64433.3
2.4,0.171548,2,-0.32669,0.161369,0.886943,54378.2
2.4,0.171548,2,-0.32669,0.161369,0.889945,57766.7
2.4,0.171548,2,-0.32669,0.161369,0.892946,53059.4
2.4,0.171548,2,-0.32669,0.161369,0.895948,56418.5
2.4,0.171548,2,-0.32669,0.161369,0.898949,60050.5
2.4,0.171548,2,-0.32669,0.161369,0.901951,53693.5
2.4,0.171548,2,-0.32669,0.161369,0.904952,66632.2
2.4,0.171548,2,-0.32669,0.161369,0.907954,66075.8
2.4,0.171548,2,-0.32669,0.161369,0.910955,53287.4
2.4,0.171548,2,-0.32669,0.161369,0.913957,60971.5
2.4,0.171548,2,-0.32669,0.161369,0.916958,58097.8
2.4,0.171548,2,-0.32669,0.161369,0.91996,56776.4
2.4,0.171548,2,-0.32669,0.161369,0.922961,55300.1
2.4,0.171548,2,-0.32669,0.161369,0.925963,62983.9
2.4,0.171548,2,-0.32669,0.161369,0.928964,56458.4
2.4,0.171548,2,-0.32669,0.161369,0.931966,51310.1
2.4,0.171548,2,-0.32669,0.161369,0.934967,51521.3
2.4,0.171548,2,-0.32669,0.161369,0.937969,61268.7
2.4,0.171548,2,-0.32669,0.161369,0.94097,66580.5
2.4,0.171548,2,-0.32669,0.161369,0.943972,58633.7
2.4,0.171548,2,-0.32669,0.161369,0.946973,53808.6
2.4,0.171548,2,-0.32669,0.161369,0.949975,63998.6
2.4,0.171548,2,-0.32669,0.161369,0.952976,51461.4
2.4,0.171548,2,-0.32669,0.161369,0.955978,59325.1
2.4,0.171548,2,-0.32669,0.161369,0.958979,54912.2
2.4,0.171548,2,-0.32669,0.161369,0.961981,57265.3
2.4,0.171548,2,-0.32669,0.161369,0.964982,58847.6
2.4,0.171548,2,-0.32669,0.161369,0.967984,56304.7
2.4,0.171548,2,-0.32669,0.161369,0.970985,51127.3
2.4,0.171548,2,-0.32669,0.161369,0.973987,54495
2.4,0.171548,2,-0.32669,0.161369,0.976988,58596.1
2.4,0.171548,2,-0.32669,0.161369,0.97999,51496.1
2.4,0.171548,2,-0.32669,0.161369,0.982991,52495.2
2.4,0.171548,2,-0.32669,0.161369,0.985993,55615.4
2.4,0.171548,2,-0.32669,0.161369,0.988994,56642.8
2.4,0.171548,2,-0.32669,0.161369,0.991996,62869.2
2.4,0.171548,2,-0.32669,0.161369,0.994997,51658.1
2.4,0.171548,2,-0.32669,0.161369,0.997999,57632.4
2.4,0.171548,2,-0.32669,0.161369,1.001,51022.4
2.4,0.171548,2,-0.32669,0.161369,1.004,49623.4
2.4,0.171548,2,-0.32669,0.161369,1.007,53790
2.4,0.171548,2,-0.32669,0.161369,1.01001,57923.6
2.4,0.171548,2,-0.32669,0.161369,1.01301,58075.1
2.4,0.171548,2,-0.32669,0.161369,1.01601,63872.4
2.4,0.171548,2,-0.32669,0.161369,1.01901,56460.5
2.4,0.171548,2,-0.32669,0.161369,1.02201,63734.7
2.4,0.171548,2,-0.32669,0.161369,1.02501,60653.9
2.4,0.171548,2,-0.32669,0.161369,1.02801,54102.8
2.4,0.171548,2,-0.32669,0.161369,1.03102,52550.1
2.4,0.171548,2,-0.32669,0.161369,1.03402,54950.8
2.4,0.171548,2,-0.32669,0.161369,1.03702,52189.7
2.4,0.171548,2,-0.32669,0.161369,1.04002,52577.7
2.4,0.171548,2,-0.32669,0.161369,1.04302,63818.4
2.4,0.171548,2,-0.32669,0.161369,1.04602,49573.1
2.4,0.171548,2,-0.32669,0.161369,1.04902,56172.4
2.4,0.171548,2,-0.32669,0.161369,1.05203,56318.3
2.4,0.171548,2,-0.32669,0.161369,1.05503,58288.9
2.4,0.171548,2,-0.32669,0.161369,1.05803,52493.6
2.4,0.171548,2,-0.32669,0.161369,1.06103,56293.8
2.4,0.171548,2,-0.32669,0.161369,1.06403,61468.3
2.4,0.171548,2,-0.32669,0.161369,1.06703,52840.5
2.4,0.171548,2,-0.32669,0.161369,1.07004,51216.6
2.4,0.171548,2,-0.32669,0.161369,1.07304,50972.8
2.4,0.171548,2,-0.32669,0.161369,1.07604,57538.9
2.4,0.171548,2,-0.32669,0.161369,1.07904,52352.7
2.4,0.171548,2,-0.32669,0.161369,1.08204,51553.2
2.4,0.171548,2,-0.32669,0.161369,1.08504,52249.6
2.4,0.171548,2,-0.32669,0.161369,1.08804,54220.3
2.4,0.171548,2,-0.32669,0.161369,1.09105,50840.9
2.4,0.171548,2,-0.32669,0.161369,1.09405,47861.1
2.4,0.171548,2,-0.32669,0.161369,1.09705,52340.2
2.4,0.171548,2,-0.32669,0.161369,1.10005,54018.1
2.4,0.171548,2,-0.32669,0.161369,1.10305,48156
2.4,0.171548,2,-0.32669,0.161369,1.10605,59473.3
2.4,0.171548,2,-0.32669,0.161369,1.10905,51844.2
2.4,0.171548,2,-0.32669,0.161369,1.11206,51657
2.4,0.171548,2,-0.32669,0.161369,1.11506,46306.8
2.4,0.171548,2,-0.32669,0.161369,1.11806,46435
2.4,0.171548,2,-0.32669,0.161369,1.12106,53854.1
2.4,0.171548,2,-0.32669,0.161369,1.12406,46240.9
2.4,0.171548,2,-0.32669,0.161369,1.12706,54255.6
2.4,0.171548,2,-0.32669,0.161369,1.13007,45303
2.4,0.171548,2,-0.32669,0.161369,1.13307,53728.7
2.4,0.171548,2,-0.32669,0.161369,1.13607,44565
2.4,0.171548,2,-0.32669,0.161369,1.13907,56233.4
2.4,0.171548,2,-0.32669,0.161369,1.14207,44958.1
2.4,0.171548,2,-0.32669,0.161369,1.14507,47613.3
2.4,0.171548,2,-0.32669,0.161369,1.14807,44011.7
2.4,0.171548,2,-0.32669,0.161369,1.15108,42405.9
2.4,0.171548,2,-0.32669,0.161369,1.15408,43498.5
2.4,0.171548,2,-0.32669,0.161369,1.15708,44833.1
2.4,0.171548,2,-0.32669,0.161369,1.16008,-49868.4
2.4,0.171548,2,-0.32669,0.161369,1.16308,-41451.5
2.4,0.171548,2,-0.32669,0.161369,1.16608,-53091.1
2.4,0.171548,2,-0.32669,0.161369,1.16908,-54218.3
2.4,0.171548,2,-0.32669,0.161369,1.17209,-52745.7
2.4,0.171548,2,-0.32669,0.161369,1.17509,-55377.2
2.4,0.171548,2,-0.32669,0.161369,1.17809,-49794.1
2.4,0.171548,2,-0.32669,0.161369,1.18109,-57824.7
2.4,0.171548,2,-0.32669,0.161369,1.18409,-54159.4
2.4,0.171548,2,-0.32669,0.161369,1.18709,-46082.2
2.4,0.171548,2,-0.32669,0.161369,1.1901,-46139.7
2.4,0.171548,2,-0.32669,0.161369,1.1931,-48556.4
2.4,0.171548,2,-0.32669,0.161369,1.1961,-51886.3
2.4,0.171548,2,-0.32669,0.161369,1.1991,-50186.9
2.4,0.171548,2,-0.32669,0.161369,1.2021,-50860.6
2.4,0.171548,2,-0.32669,0.161369,1.2051,-54345.7
2.4,0.171548,2,-0.32669,0.161369,1.2081,-52650.6
2.4,0.171548,2,-0.32669,0.161369,1.21111,-48494.7
2.4,0.171548,2,-0.32669,0.161369,1.21411,-49166.3
2.4,0.171548,2,-0.32669,0.161369,1.21711,-49572.7
2.4,0.171548,2,-0.32669,0.161369,1.22011,-55024.6
2.4,0.171548,2,-0.32669,0.161369,1.22311,-49135.6
2.4,0.171548,2,-0.32669,0.161369,1.22611,-53024.7
2.4,0.171548,2,-0.32669,0.161369,1.22911,-55243.3
2.4,0.171548,2,-0.32669,0.161369,1.23212,-58281.7
2.4,0.171548,2,-0.32669,0.161369,1.23512,-50369.2
2.4,0.171548,2,-0.32669,0.161369,1.23812,-54188.2
2.4,0.171548,2,-0.32669,0.161369,1.24112,-49201
2.4,0.171548,2,-0.32669,0.161369,1.24412,-59096.1
2.4,0.171548,2,-0.32669,0.161369,1.24712,-55640.2
2.4,0.171548,2,-0.32669,0.161369,1.25013,-58899.9
2.4,0.171548,2,-0.32669,0.161369,1.25313,-49753
2.4,0.171548,2,-0.32669,0.161369,1.25613,-51034.4
2.4,0.171548,2,-0.32669,0.161369,1.25913,-58082
2.4,0.171548,2,-0.32669,0.161369,1.26213,-49056.5
2.4,0.171548,2,-0.32669,0.161369,1.26513,-63845.1
2.4,0.171548,2,-0.32669,0.161369,1.26813,-59785.3
2.4,0.171548,2,-0.32669,0.161369,1.27114,-57644.9
2.4,0.171548,2,-0.32669,0.161369,1.27414,-61393.8
2.4,0.171548,2,-0.32669,0.161369,1.27714,-62399
2.4,0.171548,2,-0.32669,0.161369,1.28014,-62770
2.4,0.171548,2,-0.32669,0.161369,1.28314,-55726.3
2.4,0.171548,2,-0.32669,0.161369,1.28614,-51487.7
2.4,0.171548,2,-0.32669,0.161369,1.28914,-54560.9
2.4,0.171548,2,-0.32669,0.161369,1.29215,-52967.9
2.4,0.171548,2,-0.32669,0.161369,1.29515,-62512.1
2.4,0.171548,2,-0.32669,0.161369,1.29815,-64895.7
2.4,0.171548,2,-0.32669,0.161369,1.30115,-53554.2
2.4,0.171548,2,-0.32669,0.161369,1.30415,-55748.7
2.4,0.171548,2,-0.32669,0.161369,1.30715,-61719.8
2.4,0.171548,2,-0.32669,0.161369,1.31016,-61616.4
2.4,0.171548,2,-0.32669,0.161369,1.31316,-54005.1
2.4,0.171548,2,-0.32669,0.161369,1.31616,-63343.9
2.4,0.171548,2,-0.32669,0.161369,1.31916,-50200.8
2.4,0.171548,2,-0.32669,0.161369,1.32216,-56330.2
2.4,0.171548,2,-0.32669,0.161369,1.32516,-54035.8
2.4,0.171548,2,-0.32669,0.161369,1.32816,-54750.4
2.4,0.171548,2,-0.32669,0.161369,1.33117,-54639.4
2.4,0.171548,2,-0.32669,0.161369,1.33417,-55309.6
2.4,0.171548,2,-0.32669,0.161369,1.33717,-62195.4
2.4,0.171548,2,-0.32669,0.161369,1.34017,-50873.7
2.4,0.171548,2,-0.32669,0.161369,1.34317,-51719
2.4,0.171548,2,-0.32669,0.161369,1.34617,-60311.5
2.4,0.171548,2,-0.32669,0.161369,1.34917,-59949.1
2.4,0.171548,2,-0.32669,0.161369,1.35218,-57018.3
2.4,0.171548,2,-0.32669,0.161369,1.35518,-55091.2
2.4,0.171548,2,-0.32669,0.161369,1.35818,-60342.3
2.4,0.171548,2,-0.32669,0.161369,1.36118,-62288.6
2.4,0.171548,2,-0.32669,0.161369,1.36418,-62708.7
2.4,0.171548,2,-0.32669,0.161369,1.36718,-61637.7
2.4,0.171548,2,-0.32669,0.161369,1.37019,-52938.6
2.4,0.171548,2,-0.32669,0.161369,1.37319,-51422.3
2.4,0.171548,2,-0.32669,0.161369,1.37619,-57789.8
2.4,0.171548,2,-0.32669,0.161369,1.37919,-52172.1
2.4,0.171548,2,-0.32669,0.161369,1.38219,-54442.7
2.4,0.171548,2,-0.32669,0.161369,1.38519,-56077.1
2.4,0.171548,2,-0.32669,0.161369,1.38819,-54559.3
2.4,0.171548,2,-0.32669,0.161369,1.3912,-53884.3
2.4,0.171548,2,-0.32669,0.161369,1.3942,-66372
2.4,0.171548,2,-0.32669,0.161369,1.3972,-53643.6
2.4,0.171548,2,-0.32669,0.161369,1.4002,-65033.2
2.4,0.171548,2,-0.32669,0.161369,1.4032,-64264.1
2.4,0.171548,2,-0.32669,0.161369,1.4062,-53727.7
2.4,0.171548,2,-0.32669,0.161369,1.4092,-62586.2
2.4,0.171548,2,-0.32669,0.161369,1.41221,-52009.7
2.4,0.171548,2,-0.32669,0.161369,1.41521,-58915
2.4,0.171548,2,-0.32669,0.161369,1.41821,-60781.4
2.4,0.171548,2,-0.32669,0.161369,1.42121,-56203
2.4,0.171548,2,-0.32669,0.161369,1.42421,-55854.5
2.4,0.171548,2,-0.32669,0.161369,1.42721,-54133.1
2.4,0.171548,2,-0.32669,0.161369,1.43022,-57068.2
2.4,0.171548,2,-0.32669,0.161369,1.43322,-55769.7
2.4,0.171548,2,-0.32669,0.161369,1.43622,-57638.5
2.4,0.171548,2,-0.32669,0.161369,1.43922,-58830.8
2.4,0.171548,2,-0.32669,0.161369,1.44222,-56417.1
2.4,0.171548,2,-0.32669,0.161369,1.44522,-52806.4
2.4,0.171548,2,-0.32669,0.161369,1.44822,-65015
2.4,0.171548,2,-0.32669,0.161369,1.45123,-57802.3
2.4,0.171548,2,-0.32669,0.161369,1.45423,-58690.5
2.4,0.171548,2,-0.32669,0.161369,1.45723,-62715.7
2.4,0.171548,2,-0.32669,0.161369,1.46023,-60006.6
2.4,0.171548,2,-0.32669,0.161369,1.46323,-57174.3
2.4,0.171548,2,-0.32669,0.161369,1.46623,-53837.8
2.4,0.171548,2,-0.32669,0.161369,1.46923,-59818.7
2.4,0.171548,2,-0.32669,0.161369,1.47224,-53422
2.4,0.171548,2,-0.32669,0.161369,1.47524,-60169
2.4,0.171548,2,-0.32669,0.161369,1.47824,-59167.9
2.4,0.171548,2,-0.32669,0.161369,1.48124,-57975.4
2.4,0.171548,2,-0.32669,0.161369,1.48424,-52753
2.4,0.171548,2,-0.32669,0.161369,1.48724,-57526.7
2.4,0.171548,2,-0.32669,0.161369,1.49025,-53226.4
2.4,0.171548,2,-0.32669,0.161369,1.49325,-59540.3
2.4,0.171548,2,-0.32669,0.161369,1.49625,-55134.7
2.4,0.171548,2,-0.32669,0.161369,1.49925,-62208
2.4,0.171548,2,-0.32669,0.161369,1.50225,-61256.6
2.4,0.171548,2,-0.32669,0.161369,1.50525,-62589
2.4,0.171548,2,-0.32669,0.161369,1.50825,-64208.4
2.4,0.171548,2,-0.32669,0.161369,1.51126,-66272.4
2.4,0.171548,2,-0.32669,0.161369,1.51426,-53457.9
2.4,0.171548,2,-0.32669,0.161369,1.51726,-63163.3
2.4,0.171548,2,-0.32669,0.161369,1.52026,-58691.1
2.4,0.171548,2,-0.32669,0.161369,1.52326,-60996
2.4,0.171548,2,-0.32669,0.161369,1.52626,-67851
2.4,0.171548,2,-0.32669,0.161369,1.52926,-59253.5
2.4,0.171548,2,-0.32669,0.161369,1.53227,-68955
2.4,0.171548,2,-0.32669,0.161369,1.53527,-66709.3
2.4,0.171548,2,-0.32669,0.161369,1.53827,-55344
2.4,0.171548,2,-0.32669,0.161369,1.54127,-52869.6
2.4,0.171548,2,-0.32669,0.161369,1.54427,-62490.2
2.4,0.171548,2,-0.32669,0.161369,1.54727,-55366.6
2.4,0.171548,2,-0.32669,0.161369,1.55028,-67400.6
2.4,0.171548,2,-0.32669,0.161369,1.55328,-56697.8
2.4,0.171548,2,-0.32669,0.161369,1.55628,-66303.7
2.4,0.171548,2,-0.32669,0.161369,1.55928,-58252.1
2.4,0.171548,2,-0.32669,0.161369,1.56228,-63323.6
2.4,0.171548,2,-0.32669,0.161369,1.56528,-56309.4
2.4,0.171548,2,-0.32669,0.161369,1.56828,-56429
2.4,0.171548,2,-0.32669,0.161369,1.57129,-58799.5
2.4,0.171548,2,-0.32669,0.161369,1.57429,-63077.8
2.4,0.171548,2,-0.32669,0.161369,1.57729,-65230.4
2.4,0.171548,2,-0.32669,0.161369,1.58029,-65958.7
2.4,0.171548,2,-0.32669,0.161369,1.58329,-65161.4
2.4,0.171548,2,-0.32669,0.161369,1.58629,-60435.9
2.4,0.171548,2,-0.32669,0.161369,1.58929,-64826.5
2.4,0.171548,2,-0.32669,0.161369,1.5923,-60837.6
2.4,0.171548,2,-0.32669,0.161369,1.5953,-56930.8
2.4,0.171548,2,-0.32669,0.161369,1.5983,-59328.1
2.4,0.171548,2,-0.32669,0.161369,1.6013,-55008.8
2.4,0.171548,2,-0.32669,0.161369,1.6043,-60985
2.4,0.171548,2,-0.32669,0.161369,1.6073,-62143.7
2.4,0.171548,2,-0.32669,0.161369,1.61031,-55665.6
2.4,0.171548,2,-0.32669,0.161369,1.61331,-65760.4
2.4,0.171548,2,-0.32669,0.161369,1.61631,-57456.5
2.4,0.171548,2,-0.32669,0.161369,1.61931,-55288.3
2.4,0.171548,2,-0.32669,0.161369,1.62231,-59021.3
2.4,0.171548,2,-0.32669,0.161369,1.62531,-63069.3
2.4,0.171548,2,-0.32669,0.161369,1.62831,-65126.2
2.4,0.171548,2,-0.32669,0.161369,1.63132,-57657.6
2.4,0.171548,2,-0.32669,0.161369,1.63432,-59409.7
2.4,0.171548,2,-0.32669,0.161369,1.63732,-68040.2
2.4,0.171548,2,-0.32669,0.161369,1.64032,-63764.3
2.4,0.171548,2,-0.32669,0.161369,1.64332,-65182.4
2.4,0.171548,2,-0.32669,0.161369,1.64632,-66733
2.4,0.171548,2,-0.32669,0.161369,1.64932,-61995.8
2.4,0.171548,2,-0.32669,0.161369,1.65233,-58575.2
2.4,0.171548,2,-0.32669,0.161369,1.65533,-69150.1
2.4,0.171548,2,-0.32669,0.161369,1.65833,-58579.3
2.4,0.171548,2,-0.32669,0.161369,1.66133,-68326
2.4,0.171548,2,-0.32669,0.161369,1.66433,-53358
2.4,0.171548,2,-0.32669,0.161369,1.66733,-66546.8
2.4,0.171548,2,-0.32669,0.161369,1.67034,-63304
2.4,0.171548,2,-0.32669,0.161369,1.67334,-54271.3
2.4,0.171548,2,-0.32669,0.161369,1.67634,-59515.7
2.4,0.171548,2,-0.32669,0.161369,1.67934,-54847.6
2.4,0.171548,2,-0.32669,0.161369,1.68234,-60000.4
2.4,0.171548,2,-0.32669,0.161369,1.68534,-61883.6
2.4,0.171548,2,-0.32669,0.161369,1.68834,-56387.3
2.4,0.171548,2,-0.32669,0.161369,1.69135,-56497
2.4,0.171548,2,-0.32669,0.161369,1.69435,-59651.2
2.4,0.171548,2,-0.32669,0.161369,1.69735,-65317.4
2.4,0.171548,2,-0.32669,0.161369,1.70035,-65278
2.4,0.171548,2,-0.32669,0.161369,1.70335,-64046.2
2.4,0.171548,2,-0.32669,0.161369,1.70635,-67214.5
2.4,0.171548,2,-0.32669,0.161369,1.70935,-53707.1
2.4,0.171548,2,-0.32669,0.161369,1.71236,-61374.8
2.4,0.171548,2,-0.32669,0.161369,1.71536,-59206.4
2.4,0.171548,2,-0.32669,0.161369,1.71836,-66294.3
2.4,0.171548,2,-0.32669,0.161369,1.72136,-68292.5
2.4,0.171548,2,-0.32669,0.161369,1.72436,-65363.6
2.4,0.171548,2,-0.32669,0.161369,1.72736,-65796.5
2.4,0.171548,2,-0.32669,0.161369,1.73037,-68804.2
2.4,0.171548,2,-0.32669,0.161369,1.73337,-62675.4
2.4,0.171548,2,-0.32669,0.161369,1.73637,-67616.4
2.4,0.171548,2,-0.32669,0.161369,1.73937,-61803.5
2.4,0.171548,2,-0.32669,0.161369,1.74237,-65223.9
2.4,0.171548,2,-0.32669,0.161369,1.74537,-55460.8
2.4,0.171548,2,-0.32669,0.161369,1.74837,-68570.5
2.4,0.171548,2,-0.32669,0.161369,1.75138,-59929
2.4,0.171548,2,-0.32669,0.161369,1.75438,-61047.5
2.4,0.171548,2,-0.32669,0.161369,1.75738,-54500.3
2.4,0.171548,2,-0.32669,0.161369,1.76038,-57010
2.4,0.171548,2,-0.32669,0.161369,1.76338,-61340.5
2.4,0.171548,2,-0.32669,0.161369,1.76638,-63433.7
2.4,0.171548,2,-0.32669,0.161369,1.76938,-56172.5
2.4,0.171548,2,-0.32669,0.161369,1.77239,-54324.9
2.4,0.171548,2,-0.32669,0.161369,1.77539,-58998.4
2.4,0.171548,2,-0.32669,0.161369,1.77839,-63807.1
2.4,0.171548,2,-0.32669,0.161369,1.78139,-67120.8
2.4,0.171548,2,-0.32669,0.161369,1.78439,-57959.4
2.4,0.171548,2,-0.32669,0.161369,1.78739,-61834.2
2.4,0.171548,2,-0.32669,0.161369,1.7904,-58395.5
2.4,0.171548,2,-0.32669,0.161369,1.7934,-61464.9
2.4,0.171548,2,-0.32669,0.161369,1.7964,-68429.1
2.4,0.171548,2,-0.32669,0.161369,1.7994,-65421
2.4,0.171548,2,-0.32669,0.161369,1.8024,-66880.3
2.4,0.171548,2,-0.32669,0.161369,1.8054,-63537.8
2.4,0.171548,2,-0.32669,0.161369,1.8084,-57142.6
2.4,0.171548,2,-0.32669,0.161369,1.81141,-68952.8
2.4,0.171548,2,-0.32669,0.161369,1.81441,-68623.1
2.4,0.171548,2,-0.32669,0.161369,1.81741,-59601.6
2.4,0.171548,2,-0.32669,0.161369,1.82041,-55528.5
2.4,0.171548,2,-0.32669,0.161369,1.82341,-68862.9
2.4,0.171548,2,-0.32669,0.161369,1.82641,-54296.5
2.4,0.171548,2,-0.32669,0.161369,1.82941,-56548.1
2.4,0.171548,2,-0.32669,0.161369,1.83242,-53961.9
2.4,0.171548,2,-0.32669,0.161369,1.83542,-61921
2.4,0.171548,2,-0.32669,0.161369,1.83842,-55607
2.4,0.171548,2,-0.32669,0.161369,1.84142,-65857.6
2.4,0.171548,2,-0.32669,0.161369,1.84442,-62299.3
2.4,0.171548,2,-0.32669,0.161369,1.84742,-54258.6
2.4,0.171548,2,-0.32669,0.161369,1.85043,-61016.3
2.4,0.171548,2,-0.32669,0.161369,1.85343,-64679.3
2.4,0.171548,2,-0.32669,0.161369,1.85643,-67329.4
2.4,0.171548,2,-0.32669,0.161369,1.85943,-57613.2
2.4,0.171548,2,-0.32669,0.161369,1.86243,-63509.1
2.4,0.171548,2,-0.32669,0.161369,1.86543,-59752.1
2.4,0.171548,2,-0.32669,0.161369,1.86843,-56431.5
2.4,0.171548,2,-0.32669,0.161369,1.87144,-59371.1
2.4,0.171548,2,-0.32669,0.161369,1.87444,-65396.9
2.4,0.171548,2,-0.32669,0.161369,1.87744,-58843.8
2.4,0.171548,2,-0.32669,0.161369,1.88044,-62872.6
2.4,0.171548,2,-0.32669,0.161369,1.88344,-55054.2
2.4,0.171548,2,-0.32669,0.161369,1.88644,-64321.8
2.4,0.171548,2,-0.32669,0.161369,1.88944,-66982.6
2.4,0.171548,2,-0.32669,0.161369,1.89245,-61531.3
2.4,0.171548,2,-0.32669,0.161369,1.89545,-55741
2.4,0.171548,2,-0.32669,0.161369,1.89845,-57262.9
2.4,0.171548,2,-0.32669,0.161369,1.90145,-67129.6
2.4,0.171548,2,-0.32669,0.161369,1.90445,-65917.4
2.4,0.171548,2,-0.32669,0.161369,1.90745,-68788.9
2.4,0.171548,2,-0.32669,0.161369,1.91046,-60743
2.4,0.171548,2,-0.32669,0.161369,1.91346,-58917.3
2.4,0.171548,2,-0.32669,0.161369,1.91646,-58505.5
2.4,0.171548,2,-0.32669,0.161369,1.91946,-69156.8
2.4,0.171548,2,-0.32669,0.161369,1.92246,-68741.4
2.4,0.171548,2,-0.32669,0.161369,1.92546,-65362.2
2.4,0.171548,2,-0.32669,0.161369,1.92846,-64399.1
2.4,0.171548,2,-0.32669,0.161369,1.93147,-56231.2
2.4,0.171548,2,-0.32669,0.161369,1.93447,-65740.7
2.4,0.171548,2,-0.32669,0.161369,1.93747,-61692.2
2.4,0.171548,2,-0.32669,0.161369,1.94047,-60233.2
2.4,0.171548,2,-0.32669,0.161369,1.94347,-60070.1
2.4,0.171548,2,-0.32669,0.161369,1.94647,-64596.7
2.4,0.171548,2,-0.32669,0.161369,1.94947,-60456.4
2.4,0.171548,2,-0.32669,0.161369,1.95248,-61978.8
2.4,0.171548,2,-0.32669,0.161369,1.95548,-63553.5
2.4,0.171548,2,-0.32669,0.161369,1.95848,-64099.3
2.4,0.171548,2,-0.32669,0.161369,1.96148,-59195.7
2.4,0.171548,2,-0.32669,0.161369,1.96448,-68983.9
2.4,0.171548,2,-0.32669,0.161369,1.96748,-67335.7
2.4,0.171548,2,-0.32669,0.161369,1.97049,-55201.8
2.4,0.171548,2,-0.32669,0.161369,1.97349,-69198.3
2.4,0.171548,2,-0.32669,0.161369,1.97649,-60487.1
2.4,0.171548,2,-0.32669,0.161369,1.97949,-55267.7
2.4,0.171548,2,-0.32669,0.161369,1.98249,-58034
2.4,0.171548,2,-0.32669,0.161369,1.98549,-59286.4
2.4,0.171548,2,-0.32669,0.161369,1.98849,-59548.4
2.4,0.171548,2,-0.32669,0.161369,1.9915,-67942.7
2.4,0.171548,2,-0.32669,0.161369,1.9945,-56045.9
2.4,0.171548,2,-0.32669,0.161369,1.9975,-60352.7
2.4,0.171548,2,-0.32669,0.161369,2.0005,-61513.4
2.4,0.171548,2,-0.32669,0.161369,2.0035,-58306
2.4,0.171548,2,-0.32669,0.161369,2.0065,-62575.1
2.4,0.171548,2,-0.32669,0.161369,2.0095,-56770.2
2.4,0.171548,2,-0.32669,0.161369,2.01251,-61933.7
2.4,0.171548,2,-0.32669,0.161369,2.01551,-70382.6
2.4,0.171548,2,-0.32669,0.161369,2.01851,-54487
2.4,0.171548,2,-0.32669,0.161369,2.02151,-59412.8
2.4,0.171548,2,-0.32669,0.161369,2.02451,-62914.6
2.4,0.171548,2,-0.32669,0.161369,2.02751,-57651.3
2.4,0.171548,2,-0.32669,0.161369,2.03052,-62355.5
2.4,0.171548,2,-0.32669,0.161369,2.03352,-69240.4
2.4,0.171548,2,-0.32669,0.161369,2.03652,-67044.8
2.4,0.171548,2,-0.32669,0.161369,2.03952,-69398
2.4,0.171548,2,-0.32669,0.161369,2.04252,-68499.4
2.4,0.171548,2,-0.32669,0.161369,2.04552,-64503.4
2.4,0.171548,2,-0.32669,0.161369,2.04852,-55367.1
2.4,0.171548,2,-0.32669,0.161369,2.05153,-61505.8
2.4,0.171548,2,-0.32669,0.161369,2.05453,-58557.5
2.4,0.171548,2,-0.32669,0.161369,2.05753,-59019.8
2.4,0.171548,2,-0.32669,0.161369,2.06053,-57004.4
2.4,0.171548,2,-0.32669,0.161369,2.06353,-57227.6
2.4,0.171548,2,-0.32669,0.161369,2.06653,-61894.7
2.4,0.171548,2,-0.32669,0.161369,2.06953,-62176.4
2.4,0.171548,2,-0.32669,0.161369,2.07254,-64474
2.4,0.171548,2,-0.32669,0.161369,2.07554,-56217.8
2.4,0.171548,2,-0.32669,0.161369,2.07854,-55780.8
2.4,0.171548,2,-0.32669,0.161369,2.08154,-69465.6
2.4,0.171548,2,-0.32669,0.161369,2.08454,-58651.3
2.4,0.171548,2,-0.32669,0.161369,2.08754,-56113.4
2.4,0.171548,2,-0.32669,0.161369,2.09055,-57026.2
2.4,0.171548,2,-0.32669,0.161369,2.09355,-56670.1
2.4,0.171548,2,-0.32669,0.161369,2.09655,-56149.2
2.4,0.171548,2,-0.32669,0.161369,2.09955,-61358.9
2.4,0.171548,2,-0.32669,0.161369,2.10255,-53629.9
2.4,0.171548,2,-0.32669,0.161369,2.10555,-66092.5
2.4,0.171548,2,-0.32669,0.161369,2.10855,-54968.3
2.4,0.171548,2,-0.32669,0.161369,2.11156,-61968.2
2.4,0.171548,2,-0.32669,0.161369,2.11456,-55379.2
2.4,0.171548,2,-0.32669,0.161369,2.11756,-57904.9
2.4,0.171548,2,-0.32669,0.161369,2.12056,-57509.6
2.4,0.171548,2,-0.32669,0.161369,2.12356,-58931.1
2.4,0.171548,2,-0.32669,0.161369,2.12656,-63878.6
2.4,0.171548,2,-0.32669,0.161369,2.12956,-59613.5
2.4,0.171548,2,-0.32669,0.161369,2.13257,-57894.8
2.4,0.171548,2,-0.32669,0.161369,2.13557,-60899.7
2.4,0.171548,2,-0.32669,0.161369,2.13857,-56147.8
2.4,0.171548,2,-0.32669,0.161369,2.14157,-62588
2.4,0.171548,2,-0.32669,0.161369,2.14457,-55622.9
2.4,0.171548,2,-0.32669,0.161369,2.14757,-59041.9
2.4,0.171548,2,-0.32669,0.161369,2.15058,-66356.7
2.4,0.171548,2,-0.32669,0.161369,2.15358,-59588.6
2.4,0.171548,2,-0.32669,0.161369,2.15658,-61226.5
2.4,0.171548,2,-0.32669,0.161369,2.15958,-55843.5
2.4,0.171548,2,-0.32669,0.161369,2.16258,-67225.5
2.4,0.171548,2,-0.32669,0.161369,2.16558,-68338.6
2.4,0.171548,2,-0.32669,0.161369,2.16858,-59202.6
2.4,0.171548,2,-0.32669,0.161369,2.17159,-66073.3
2.4,0.171548,2,-0.32669,0.161369,2.17459,-65007.9
2.4,0.171548,2,-0.32669,0.161369,2.17759,-63416.4
2.4,0.171548,2,-0.32669,0.161369,2.18059,-65511.9
2.4,0.171548,2,-0.32669,0.161369,2.18359,-64867.5
2.4,0.171548,2,-0.32669,0.161369,2.18659,-65934.2
2.4,0.171548,2,-0.32669,0.161369,2.18959,-55009.9
2.4,0.171548,2,-0.32669,0.161369,2.1926,-57893.2
2.4,0.171548,2,-0.32669,0.161369,2.1956,-54971.7
2.4,0.171548,2,-0.32669,0.161369,2.1986,-65671
2.4,0.171548,2,-0.32669,0.161369,2.2016,-59542.1
2.4,0.171548,2,-0.32669,0.161369,2.2046,-64582
2.4,0.171548,2,-0.32669,0.161369,2.2076,-64463.5
2.4,0.171548,2,-0.32669,0.161369,2.21061,-62010.3
2.4,0.171548,2,-0.32669,0.161369,2.21361,-64614.7
2.4,0.171548,2,-0.32669,0.161369,2.21661,-54508.2
2.4,0.171548,2,-0.32669,0.161369,2.21961,-59619.4
2.4,0.171548,2,-0.32669,0.161369,2.22261,-53919.5
2.4,0.171548,2,-0.32669,0.161369,2.22561,-57661.4
2.4,0.171548,2,-0.32669,0.161369,2.22861,-65623
2.4,0.171548,2,-0.32669,0.161369,2.23162,-62189.4
2.4,0.171548,2,-0.32669,0.161369,2.23462,-57024.8
2.4,0.171548,2,-0.32669,0.161369,2.23762,-65052.7
2.4,0.171548,2,-0.32669,0.161369,2.24062,-58183.4
2.4,0.171548,2,-0.32669,0.161369,2.24362,-61292.7
2.4,0.171548,2,-0.32669,0.161369,2.24662,-68787.4
2.4,0.171548,2,-0.32669,0.161369,2.24962,-67821.4
2.4,0.171548,2,-0.32669,0.161369,2.25263,-56043.3
2.4,0.171548,2,-0.32669,0.161369,2.25563,-57342
2.4,0.171548,2,-0.32669,0.161369,2.25863,-58632.5
2.4,0.171548,2,-0.32669,0.161369,2.26163,-53654.9
2.4,0.171548,2,-0.32669,0.161369,2.26463,-56943.6
2.4,0.171548,2,-0.32669,0.161369,2.26763,-62478.6
2.4,0.171548,2,-0.32669,0.161369,2.27064,-62577.7
2.4,0.171548,2,-0.32669,0.161369,2.27364,-61135.7
2.4,0.171548,2,-0.32669,0.161369,2.27664,-64103.1
2.4,0.171548,2,-0.32669,0.161369,2.27964,-64080.5
2.4,0.171548,2,-0.32669,0.161369,2.28264,-59614.1
2.4,0.171548,2,-0.32669,0.161369,2.28564,-60926.9
2.4,0.171548,2,-0.32669,0.161369,2.28864,-57887.5
2.4,0.171548,2,-0.32669,0.161369,2.29165,-57765
2.4,0.171548,2,-0.32669,0.161369,2.29465,-52545
2.4,0.171548,2,-0.32669,0.161369,2.29765,-52050.4
2.4,0.171548,2,-0.32669,0.161369,2.30065,-52417.3
2.4,0.171548,2,-0.32669,0.161369,2.30365,-65785
2.4,0.171548,2,-0.32669,0.161369,2.30665,-61133
2.4,0.171548,2,-0.32669,0.161369,2.30965,-59268.8
2.4,0.171548,2,-0.32669,0.161369,2.31266,-56294.8
2.4,0.171548,2,-0.32669,0.161369,2.31566,-53544.1
2.4,0.171548,2,-0.32669,0.161369,2.31866,-54978
2.4,0.171548,2,-0.32669,0.161369,2.32166,-63047.7
2.4,0.171548,2,-0.32669,0.161369,2.32466,-56265.6
2.4,0.171548,2,-0.32669,0.161369,2.32766,-53476.8
2.4,0.171548,2,-0.32669,0.161369,2.33067,-62703.9
2.4,0.171548,2,-0.32669,0.161369,2.33367,-64137.1
2.4,0.171548,2,-0.32669,0.161369,2.33667,-58967.2
2.4,0.171548,2,-0.32669,0.161369,2.33967,-51453.8
2.4,0.171548,2,-0.32669,0.161369,2.34267,-55981
2.4,0.171548,2,-0.32669,0.161369,2.34567,-64487.2
2.4,0.171548,2,-0.32669,0.161369,2.34867,-61226.5
2.4,0.171548,2,-0.32669,0.161369,2.35168,-59724.9
2.4,0.171548,2,-0.32669,0.161369,2.35468,-50446.2
2.4,0.171548,2,-0.32669,0.161369,2.35768,-61230.2
2.4,0.171548,2,-0.32669,0.161369,2.36068,-50060.8
2.4,0.171548,2,-0.32669,0.161369,2.36368,-61333.8
2.4,0.171548,2,-0.32669,0.161369,2.36668,-50992.9
2.4,0.171548,2,-0.32669,0.161369,2.36968,-62351
2.4,0.171548,2,-0.32669,0.161369,2.37269,-53755.1
2.4,0.171548,2,-0.32669,0.161369,2.37569,-49931.4
2.4,0.171548,2,-0.32669,0.161369,2.37869,-50953.7
2.4,0.171548,2,-0.32669,0.161369,2.38169,-53713
2.4,0.171548,2,-0.32669,0.161369,2.38469,-57850.2
2.4,0.171548,2,-0.32669,0.161369,2.38769,-57089.8
2.4,0.171548,2,-0.32669,0.161369,2.3907,-52597.9
2.4,0.171548,2,-0.32669,0.161369,2.3937,-46497.7
2.4,0.171548,2,-0.32669,0.161369,2.3967,-46700.2
2.4,0.171548,2,-0.32669,0.161369,2.3997,-40004.1
2.4,0.171548,2,-0.32669,0.161369,2.4027,54661.4
2.4,0.171548,2,-0.32669,0.161369,2.4057,55022.6
2.4,0.171548,2,-0.32669,0.161369,2.4087,53607.6
2.4,0.171548,2,-0.32669,0.161369,2.41171,56118.7
2.4,0.171548,2,-0.32669,0.161369,2.41471,49953.2
2.4,0.171548,2,-0.32669,0.161369,2.41771,61903.2
2.4,0.171548,2,-0.32669,0.161369,2.42071,53589.7
2.4,0.171548,2,-0.32669,0.161369,2.42371,53657.4
2.4,0.171548,2,-0.32669,0.161369,2.42671,55024.8
2.4,0.171548,2,-0.32669,0.161369,2.42971,60862.3
2.4,0.171548,2,-0.32669,0.161369,2.43272,55860.1
2.4,0.171548,2,-0.32669,0.161369,2.43572,63651.2
2.4,0.171548,2,-0.32669,0.161369,2.43872,59245.3
2.4,0.171548,2,-0.32669,0.161369,2.44172,63120.3
2.4,0.171548,2,-0.32669,0.161369,2.44472,59053.9
2.4,0.171548,2,-0.32669,0.161369,2.44772,61954.1
2.4,0.171548,2,-0.32669,0.161369,2.45073,62504.5
2.4,0.171548,2,-0.32669,0.161369,2.45373,55494.6
2.4,0.171548,2,-0.32669,0.161369,2.45673,66528.4
2.4,0.171548,2,-0.32669,0.161369,2.45973,58604.9
2.4,0.171548,2,-0.32669,0.161369,2.46273,64965.7
2.4,0.171548,2,-0.32669,0.161369,2.46573,63378.6
2.4,0.171548,2,-0.32669,0.161369,2.46873,61092.7
2.4,0.171548,2,-0.32669,0.161369,2.47174,54152.1
2.4,0.171548,2,-0.32669,0.161369,2.47474,55893.5
2.4,0.171548,2,-0.32669,0.161369,2.47774,52881
2.4,0.171548,2,-0.32669,0.161369,2.48074,54742.8
2.4,0.171548,2,-0.32669,0.161369,2.48374,67166.2
2.4,0.171548,2,-0.32669,0.161369,2.48674,67833.8
2.4,0.171548,2,-0.32669,0.161369,2.48974,56688.5
2.4,0.171548,2,-0.32669,0.161369,2.49275,54206.9
2.4,0.171548,2,-0.32669,0.161369,2.49575,60783.6
2.4,0.171548,2,-0.32669,0.161369,2.49875,53694.9
2.4,0.171548,2,-0.32669,0.161369,2.50175,60860.5
2.4,0.171548,2,-0.32669,0.161369,2.50475,61585.7
2.4,0.171548,2,-0.32669,0.161369,2.50775,59049.1
2.4,0.171548,2,-0.32669,0.161369,2.51076,57335.9
2.4,0.171548,2,-0.32669,0.161369,2.51376,58290.9
2.4,0.171548,2,-0.32669,0.161369,2.51676,54128.8
2.4,0.171548,2,-0.32669,0.161369,2.51976,53979.6
2.4,0.171548,2,-0.32669,0.161369,2.52276,61971.3
2.4,0.171548,2,-0.32669,0.161369,2.52576,66551.8
2.4,0.171548,2,-0.32669,0.161369,2.52876,57481
2.4,0.171548,2,-0.32669,0.161369,2.53177,66725.6
2.4,0.171548,2,-0.32669,0.161369,2.53477,59918.5
2.4,0.171548,2,-0.32669,0.161369,2.53777,66194.8
2.4,0.171548,2,-0.32669,0.161369,2.54077,58583.3
2.4,0.171548,2,-0.32669,0.161369,2.54377,53697.8
2.4,0.171548,2,-0.32669,0.161369,2.54677,53716.8
2.4,0.171548,2,-0.32669,0.161369,2.54977,63144.8
2.4,0.171548,2,-0.32669,0.161369,2.55278,55578.5
2.4,0.171548,2,-0.32669,0.161369,2.55578,57108.9
2.4,0.171548,2,-0.32669,0.161369,2.55878,56433.2
2.4,0.171548,2,-0.32669,0.161369,2.56178,54157.7
2.4,0.171548,2,-0.32669,0.161369,2.56478,54608.8
2.4,0.171548,2,-0.32669,0.161369,2.56778,54503.4
2.4,0.171548,2,-0.32669,0.161369,2.57079,56061.9
2.4,0.171548,2,-0.32669,0.161369,2.57379,56197.5
2.4,0.171548,2,-0.32669,0.161369,2.57679,54151.3
2.4,0.171548,2,-0.32669,0.161369,2.57979,56153
2.4,0.171548,2,-0.32669,0.161369,2.58279,53999.1
2.4,0.171548,2,-0.32669,0.161369,2.58579,55585.3
2.4,0.171548,2,-0.32669,0.161369,2.58879,56498.4
2.4,0.171548,2,-0.32669,0.161369,2.5918,55368.8
2.4,0.171548,2,-0.32669,0.161369,2.5948,54470.4
2.4,0.171548,2,-0.32669,0.161369,2.5978,54356.5
2.4,0.171548,2,-0.32669,0.161369,2.6008,56615.5
2.4,0.171548,2,-0.32669,0.161369,2.6038,57612.7
2.4,0.171548,2,-0.32669,0.161369,2.6068,55287.2
2.4,0.171548,2,-0.32669,0.161369,2.6098,58424.8
2.4,0.171548,2,-0.32669,0.161369,2.61281,54002
2.4,0.171548,2,-0.32669,0.161369,2.61581,55753.2
2.4,0.171548,2,-0.32669,0.161369,2.61881,56996.4
2.4,0.171548,2,-0.32669,0.161369,2.62181,54695.3
2.4,0.171548,2,-0.32669,0.161369,2.62481,55056.4
2.4,0.171548,2,-0.32669,0.161369,2.62781,55820
2.4,0.171548,2,-0.32669,0.161369,2.63082,58780.4
2.4,0.171548,2,-0.32669,0.161369,2.63382,55727.3
2.4,0.171548,2,-0.32669,0.161369,2.63682,56272.6
2.4,0.171548,2,-0.32669,0.161369,2.63982,56319.3
2.4,0.171548,2,-0.32669,0.161369,2.64282,54540.6
2.4,0.171548,2,-0.32669,0.161369,2.64582,58636.9
2.4,0.171548,2,-0.32669,0.161369,2.64882,56457.7
2.4,0.171548,2,-0.32669,0.161369,2.65183,56309
2.4,0.171548,2,-0.32669,0.161369,2.65483,54442.5
2.4,0.171548,2,-0.32669,0.161369,2.65783,59428.7
2.4,0.171548,2,-0.32669,0.161369,2.66083,55690.8
2.4,0.171548,2,-0.32669,0.161369,2.66383,57572.6
2.4,0.171548,2,-0.32669,0.161369,2.66683,55009.1
2.4,0.171548,2,-0.32669,0.161369,2.66983,58636.3
2.4,0.171548,2,-0.32669,0.161369,2.67284,59173.3
2.4,0.171548,2,-0.32669,0.161369,2.67584,55459.8
2.4,0.171548,2,-0.32669,0.161369,2.67884,60992.9
2.4,0.171548,2,-0.32669,0.161369,2.68184,56784.5
2.4,0.171548,2,-0.32669,0.161369,2.68484,55860
2.4,0.171548,2,-0.32669,0.161369,2.68784,56567.5
2.4,0.171548,2,-0.32669,0.161369,2.69085,55603.4
2.4,0.171548,2,-0.32669,0.161369,2.69385,56151.5
2.4,0.171548,2,-0.32669,0.161369,2.69685,57163.2
2.4,0.171548,2,-0.32669,0.161369,2.69985,56644.1
2.4,0.171548,2,-0.32669,0.161369,2.70285,55227.9
2.4,0.171548,2,-0.32669,0.161369,2.70585,57654.8
2.4,0.171548,2,-0.32669,0.161369,2.70885,55976.9
2.4,0.171548,2,-0.32669,0.161369,2.71186,58636.9
2.4,0.171548,2,-0.32669,0.161369,2.71486,57622.1
2.4,0.171548,2,-0.32669,0.161369,2.71786,57415.3
2.4,0.171548,2,-0.32669,0.161369,2.72086,58036.2
2.4,0.171548,2,-0.32669,0.161369,2.72386,56734.1
2.4,0.171548,2,-0.32669,0.161369,2.72686,55638.8
2.4,0.171548,2,-0.32669,0.161369,2.72986,56209.9
2.4,0.171548,2,-0.32669,0.161369,2.73287,56602.6
2.4,0.171548,2,-0.32669,0.161369,2.73587,57526.1
2.4,0.171548,2,-0.32669,0.161369,2.73887,57672.4
2.4,0.171548,2,-0.32669,0.161369,2.74187,55871.3
2.4,0.171548,2,-0.32669,0.161369,2.74487,60749.5
2.4,0.171548,2,-0.32669,0.161369,2.74787,58560.8
2.4,0.171548,2,-0.32669,0.161369,2.75088,59042.8
2.4,0.171548,2,-0.32669,0.161369,2.75388,61461.8
2.4,0.171548,2,-0.32669,0.161369,2.75688,57981.9
2.4,0.171548,2,-0.32669,0.161369,2.75988,56822.8
2.4,0.171548,2,-0.32669,0.161369,2.76288,58873.8
2.4,0.171548,2,-0.32669,0.161369,2.76588,56572.6
2.4,0.171548,2,-0.32669,0.161369,2.76888,56250.4
2.4,0.171548,2,-0.32669,0.161369,2.77189,56947
2.4,0.171548,2,-0.32669,0.161369,2.77489,57946.7
2.4,0.171548,2,-0.32669,0.161369,2.77789,56940.8
2.4,0.171548,2,-0.32669,0.161369,2.78089,62823.8
2.4,0.171548,2,-0.32669,0.161369,2.78389,58103.8
2.4,0.171548,2,-0.32669,0.161369,2.78689,59379.9
2.4,0.171548,2,-0.32669,0.161369,2.78989,59574.1
2.4,0.171548,2,-0.32669,0.161369,2.7929,61277.3
2.4,0.171548,2,-0.32669,0.161369,2.7959,58047.9
2.4,0.171548,2,-0.32669,0.161369,2.7989,56490
2.4,0.171548,2,-0.32669,0.161369,2.8019,60393.7
2.4,0.171548,2,-0.32669,0.161369,2.8049,59627.7
2.4,0.171548,2,-0.32669,0.161369,2.8079,57502
2.4,0.171548,2,-0.32669,0.161369,2.81091,58403.1
2.4,0.171548,2,-0.32669,0.161369,2.81391,57060.7
2.4,0.171548,2,-0.32669,0.161369,2.81691,58664.2
2.4,0.171548,2,-0.32669,0.161369,2.81991,64326.6
2.4,0.171548,2,-0.32669,0.161369,2.82291,59674.2
2.4,0.171548,2,-0.32669,0.161369,2.82591,60178.7
2.4,0.171548,2,-0.32669,0.161369,2.82891,57950.2
2.4,0.171548,2,-0.32669,0.161369,2.83192,59043
2.4,0.171548,2,-0.32669,0.161369,2.83492,60836.4
2.4,0.171548,2,-0.32669,0.161369,2.83792,57163.2
2.4,0.171548,2,-0.32669,0.161369,2.84092,61724.5
2.4,0.171548,2,-0.32669,0.161369,2.84392,58543.6
2.4,0.171548,2,-0.32669,0.161369,2.84692,59709.1
2.4,0.171548,2,-0.32669,0.161369,2.84992,59704.9
2.4,0.171548,2,-0.32669,0.161369,2.85293,60860.3
2.4,0.171548,2,-0.32669,0.161369,2.85593,57553.1
2.4,0.171548,2,-0.32669,0.161369,2.85893,58015
2.4,0.171548,2,-0.32669,0.161369,2.86193,57901.7
2.4,0.171548,2,-0.32669,0.161369,2.86493,60870.6
2.4,0.171548,2,-0.32669,0.161369,2.86793,59043.4
2.4,0.171548,2,-0.32669,0.161369,2.87094,58676.4
2.4,0.171548,2,-0.32669,0.161369,2.87394,58741.6
2.4,0.171548,2,-0.32669,0.161369,2.87694,62153.1
2.4,0.171548,2,-0.32669,0.161369,2.87994,63194.4
2.4,0.171548,2,-0.32669,0.161369,2.88294,59505.9
2.4,0.171548,2,-0.32669,0.161369,2.88594,58386.6
2.4,0.171548,2,-0.32669,0.161369,2.88894,62293.9
2.4,0.171548,2,-0.32669,0.161369,2.89195,58930.3
2.4,0.171548,2,-0.32669,0.161369,2.89495,63825.1
2.4,0.171548,2,-0.32669,0.161369,2.89795,57983.3
2.4,0.171548,2,-0.32669,0.161369,2.90095,59254.9
2.4,0.171548,2,-0.32669,0.161369,2.90395,61097.2
2.4,0.171548,2,-0.32669,0.161369,2.90695,59779.6
2.4,0.171548,2,-0.32669,0.161369,2.90995,59954.8
2.4,0.171548,2,-0.32669,0.161369,2.91296,59748.6
2.4,0.171548,2,-0.32669,0.161369,2.91596,59369.4
2.4,0.171548,2,-0.32669,0.161369,2.91896,59369.2
2.4,0.171548,2,-0.32669,0.161369,2.92196,60088.3
2.4,0.171548,2,-0.32669,0.161369,2.92496,59210.1
2.4,0.171548,2,-0.32669,0.161369,2.92796,59142.6
2.4,0.171548,2,-0.32669,0.161369,2.93097,64853.4
2.4,0.171548,2,-0.32669,0.161369,2.93397,63470
2.4,0.171548,2,-0.32669,0.161369,2.93697,60659.6
2.4,0.171548,2,-0.32669,0.161369,2.93997,59750.1
2.4,0.171548,2,-0.32669,0.161369,2.94297,67052.6
2.4,0.171548,2,-0.32669,0.161369,2.94597,62721.7
2.4,0.171548,2,-0.32669,0.161369,2.94897,65464
2.4,0.171548,2,-0.32669,0.161369,2.95198,66434.2
2.4,0.171548,2,-0.32669,0.161369,2.95498,66883.9
2.4,0.171548,2,-0.32669,0.161369,2.95798,61450.8
2.4,0.171548,2,-0.32669,0.161369,2.96098,59217.1
2.4,0.171548,2,-0.32669,0.161369,2.96398,59742.7
2.4,0.171548,2,-0.32669,0.161369,2.96698,60233
2.4,0.171548,2,-0.32669,0.161369,2.96998,62137.5
2.4,0.171548,2,-0.32669,0.161369,2.97299,61513.3
2.4,0.171548,2,-0.32669,0.161369,2.97599,63085.6
2.4,0.171548,2,-0.32669,0.161369,2.97899,61127.8
2.4,0.171548,2,-0.32669,0.161369,2.98199,60023.8
2.4,0.171548,2,-0.32669,0.161369,2.98499,64715.2
2.4,0.171548,2,-0.32669,0.161369,2.98799,65151.5
2.4,0.171548,2,-0.32669,0.161369,2.991,64326.8
2.4,0.171548,2,-0.32669,0.161369,2.994,62089.6
2.4,0.171548,2,-0.32669,0.161369,2.997,59020.4
2.4,0.171548,2,-0.32669,0.161369,3,63614.5

2.2,0.219023,2,-0.402821,0.217031,-3,-26971.8
2.2,0.219023,2,-0.402821,0.217031,-2.997,-32207.9
2.2,0.219023,2,-0.402821,0.217031,-2.994,-28476
2.2,0.219023,2,-0.402821,0.217031,-2.991,-34688.3
2.2,0.219023,2,-0.402821,0.217031,-2.98799,-29890.8
2.2,0.219023,2,-0.402821,0.217031,-2.98499,-28181.2
2.2,0.219023,2,-0.402821,0.217031,-2.98199,-28276.8
2.2,0.219023,2,-0.402821,0.217031,-2.97899,-30874.8
2.2,0.219023,2,-0.402821,0.217031,-2.97599,-35398.5
2.2,0.219023,2,-0.402821,0.217031,-2.97299,-30612.3
2.2,0.219023,2,-0.402821,0.217031,-2.96998,-31780.4
2.2,0.219023,2,-0.402821,0.217031,-2.96698,-35156.5
2.2,0.219023,2,-0.402821,0.217031,-2.96398,-33373.5
2.2,0.219023,2,-0.402821,0.217031,-2.96098,-32377.1
2.2,0.219023,2,-0.402821,0.217031,-2.95798,-31482.3
2.2,0.219023,2,-0.402821,0.217031,-2.95498,-35969.2
2.2,0.219023,2,-0.402821,0.217031,-2.95198,-31797.4
2.2,0.219023,2,-0.402821,0.217031,-2.94897,-38309
2.2,0.219023,2,-0.402821,0.217031,-2.94597,-37333.8
2.2,0.219023,2,-0.402821,0.217031,-2.94297,-30234.5
2.2,0.219023,2,-0.402821,0.217031,-2.93997,-36752.9
2.2,0.219023,2,-0.402821,0.217031,-2.93697,-38206.4
2.2,0.219023,2,-0.402821,0.217031,-2.93397,-39018.9
2.2,0.219023,2,-0.402821,0.217031,-2.93097,-32018.8
2.2,0.219023,2,-0.402821,0.217031,-2.92796,-36067.3
2.2,0.219023,2,-0.402821,0.217031,-2.92496,-39369.5
2.2,0.219023,2,-0.402821,0.217031,-2.92196,-38101.9
2.2,0.219023,2,-0.402821,0.217031,-2.91896,-31031
2.2,0.219023,2,-0.402821,0.217031,-2.91596,-31982.5
2.2,0.219023,2,-0.402821,0.217031,-2.91296,-39856.2
2.2,0.219023,2,-0.402821,0.217031,-2.90995,-31605.9
2.2,0.219023,2,-0.402821,0.217031,-2.90695,-38569.5
2.2,0.219023,2,-0.402821,0.217031,-2.90395,-39910.6
2.2,0.219023,2,-0.402821,0.217031,-2.90095,-35629.6
2.2,0.219023,2,-0.402821,0.217031,-2.89795,-32076.7
2.2,0.219023,2,-0.402821,0.217031,-2.89495,-40849.6
2.2,0.219023,2,-0.402821,0.217031,-2.89195,-36237.7
2.2,0.219023,2,-0.402821,0.217031,-2.88894,-38418.5
2.2,0.219023,2,-0.402821,0.217031,-2.88594,-32749.2
2.2,0.219023,2,-0.402821,0.217031,-2.88294,-34944.5
2.2,0.219023,2,-0.402821,0.217031,-2.87994,-34470.4
2.2,0.219023,2,-0.402821,0.217031,-2.87694,-32930.3
2.2,0.219023,2,-0.402821,0.217031,-2.87394,-38690.4
2.2,0.219023,2,-0.402821,0.217031,-2.87094,-40931.5
2.2,0.219023,2,-0.402821,0.217031,-2.86793,-33618.4
2.2,0.219023,2,-0.402821,0.217031,-2.86493,-39418.2
2.2,0.219023,2,-0.402821,0.217031,-2.86193,-33678.7
2.2,0.219023,2,-0.402821,0.217031,-2.85893,-39521.1
2.2,0.219023,2,-0.402821,0.217031,-2.85593,-32336.5
2.2,0.219023,2,-0.402821,0.217031,-2.85293,-35935.9
2.2,0.219023,2,-0.402821,0.217031,-2.84992,-37163.8
2.2,0.219023,2,-0.402821,0.217031,-2.84692,-32849.1
2.2,0.219023,2,-0.402821,0.217031,-2.84392,-35200.8
2.2,0.219023,2,-0.402821,0.217031,-2.84092,-34531.2
2.2,0.219023,2,-0.402821,0.217031,-2.83792,-38939.4
2.2,0.219023,2,-0.402821,0.217031,-2.83492,-33758.4
2.2,0.219023,2,-0.402821,0.217031,-2.83192,-32654.8
2.2,0.219023,2,-0.402821,0.217031,-2.82891,-38206.7
2.2,0.219023,2,-0.402821,0.217031,-2.82591,-40104.8
2.2,0.219023,2,-0.402821,0.217031,-2.82291,-34257.6
2.2,0.219023,2,-0.402821,0.217031,-2.81991,-33900.9
2.2,0.219023,2,-0.402821,0.217031,-2.81691,-33297.6
2.2,0.219023,2,-0.402821,0.217031,-2.81391,-35304.5
2.2,0.219023,2,-0.402821,0.217031,-2.81091,-33962.7
2.2,0.219023,2,-0.402821,0.217031,-2.8079,-38511.3
2.2,0.219023,2,-0.402821,0.217031,-2.8049,-42386.6
2.2,0.219023,2,-0.402821,0.217031,-2.8019,-34120.2
2.2,0.219023,2,-0.402821,0.217031,-2.7989,-37097.1
2.2,0.219023,2,-0.402821,0.217031,-2.7959,-37401.9
2.2,0.219023,2,-0.402821,0.217031,-2.7929,-35533.1
2.2,0.219023,2,-0.402821,0.217031,-2.78989,-34011.6
2.2,0.219023,2,-0.402821,0.217031,-2.78689,-35106
2.2,0.219023,2,-0.402821,0.217031,-2.78389,-37348.8
2.2,0.219023,2,-0.402821,0.217031,-2.78089,-34577.6
2.2,0.219023,2,-0.402821,0.217031,-2.77789,-37316.9
2.2,0.219023,2,-0.402821,0.217031,-2.77489,-38690.1
2.2,0.219023,2,-0.402821,0.217031,-2.77189,-35510
2.2,0.219023,2,-0.402821,0.217031,-2.76888,-36509.3
2.2,0.219023,2,-0.402821,0.217031,-2.76588,-38786
2.2,0.219023,2,-0.402821,0.217031,-2.76288,-36612.2
2.2,0.219023,2,-0.402821,0.217031,-2.75988,-41823.9
2.2,0.219023,2,-0.402821,0.217031,-2.75688,-43577.6
2.2,0.219023,2,-0.402821,0.217031,-2.75388,-33408.6
2.2,0.219023,2,-0.402821,0.217031,-2.75088,-41770.1
2.2,0.219023,2,-0.402821,0.217031,-2.74787,-41831.6
2.2,0.219023,2,-0.402821,0.217031,-2.74487,-41683.4
2.2,0.219023,2,-0.402821,0.217031,-2.74187,-33640.9
2.2,0.219023,2,-0.402821,0.217031,-2.73887,-33310.5
2.2,0.219023,2,-0.402821,0.217031,-2.73587,-41359.3
2.2,0.219023,2,-0.402821,0.217031,-2.73287,-37813.8
2.2,0.219023,2,-0.402821,0.217031,-2.72986,-36901.9
2.2,0.219023,2,-0.402821,0.217031,-2.72686,-33678.3
2.2,0.219023,2,-0.402821,0.217031,-2.72386,-38045.1
2.2,0.219023,2,-0.402821,0.217031,-2.72086,-34936.7
2.2,0.219023,2,-0.402821,0.217031,-2.71786,-39730.6
2.2,0.219023,2,-0.402821,0.217031,-2.71486,-35756.4
2.2,0.219023,2,-0.402821,0.217031,-2.71186,-33629.3
2.2,0.219023,2,-0.402821,0.217031,-2.70885,-37906.5
2.2,0.219023,2,-0.402821,0.217031,-2.70585,-34027.2
2.2,0.219023,2,-0.402821,0.217031,-2.70285,-42499.6
2.2,0.219023,2,-0.402821,0.217031,-2.69985,-34385.8
2.2,0.219023,2,-0.402821,0.217031,-2.69685,-34118.9
2.2,0.219023,2,-0.402821,0.217031,-2.69385,-35837
2.2,0.219023,2,-0.402821,0.217031,-2.69085,-35910.7
2.2,0.219023,2,-0.402821,0.217031,-2.68784,-34808.1
2.2,0.219023,2,-0.402821,0.217031,-2.68484,-40786.8
2.2,0.219023,2,-0.402821,0.217031,-2.68184,-40874.5
2.2,0.219023,2,-0.402821,0.217031,-2.67884,-40709.4
2.2,0.219023,2,-0.402821,0.217031,-2.67584,-40071.9
2.2,0.219023,2,-0.402821,0.217031,-2.67284,-40145.4
2.2,0.219023,2,-0.402821,0.217031,-2.66983,-43795.3
2.2,0.219023,2,-0.402821,0.217031,-2.66683,-35346.1
2.2,0.219023,2,-0.402821,0.217031,-2.66383,-39318.5
2.2,0.219023,2,-0.402821,0.217031,-2.66083,-38277
2.2,0.219023,2,-0.402821,0.217031,-2.65783,-38713.9
2.2,0.219023,2,-0.402821,0.217031,-2.65483,-38353.3
2.2,0.219023,2,-0.402821,0.217031,-2.65183,-37536.7
2.2,0.219023,2,-0.402821,0.217031,-2.64882,-38034.9
2.2,0.219023,2,-0.402821,0.217031,-2.64582,-36451.7
2.2,0.219023,2,-0.402821,0.217031,-2.64282,-34968.6
2.2,0.219023,2,-0.402821,0.217031,-2.63982,-35449.8
2.2,0.219023,2,-0.402821,0.217031,-2.63682,-36008.5
2.2,0.219023,2,-0.402821,0.217031,-2.63382,-37265.6
2.2,0.219023,2,-0.402821,0.217031,-2.63082,-37010.2
2.2,0.219023,2,-0.402821,0.217031,-2.62781,-42175.1
2.2,0.219023,2,-0.402821,0.217031,-2.62481,-35114
2.2,0.219023,2,-0.402821,0.217031,-2.62181,-43571.7
2.2,0.219023,2,-0.402821,0.217031,-2.61881,-35925.5
2.2,0.219023,2,-0.402821,0.217031,-2.61581,-37266.5
2.2,0.219023,2,-0.402821,0.217031,-2.61281,-39229.8
2.2,0.219023,2,-0.402821,0.217031,-2.6098,-34611.2
2.2,0.219023,2,-0.402821,0.217031,-2.6068,-38503.3
2.2,0.219023,2,-0.402821,0.217031,-2.6038,-36872.1
2.2,0.219023,2,-0.402821,0.217031,-2.6008,-43620.3
2.2,0.219023,2,-0.402821,0.217031,-2.5978,-35399
2.2,0.219023,2,-0.402821,0.217031,-2.5948,-41197.7
2.2,0.219023,2,-0.402821,0.217031,-2.5918,-38059.9
2.2,0.219023,2,-0.402821,0.217031,-2.58879,-35973.5
2.2,0.219023,2,-0.402821,0.217031,-2.58579,-40166.5
2.2,0.219023,2,-0.402821,0.217031,-2.58279,-38884.3
2.2,0.219023,2,-0.402821,0.217031,-2.57979,-43104.4
2.2,0.219023,2,-0.402821,0.217031,-2.57679,-44526.2
2.2,0.219023,2,-0.402821,0.217031,-2.57379,-35174.1
2.2,0.219023,2,-0.402821,0.217031,-2.57079,-39978.4
2.2,0.219023,2,-0.402821,0.217031,-2.56778,-40072.6
2.2,0.219023,2,-0.402821,0.217031,-2.56478,-41099.6
2.2,0.219023,2,-0.402821,0.217031,-2.56178,-38468.6
2.2,0.219023,2,-0.402821,0.217031,-2.55878,-42391.7
2.2,0.219023,2,-0.402821,0.217031,-2.55578,-41325.2
2.2,0.219023,2,-0.402821,0.217031,-2.55278,-42821.1
2.2,0.219023,2,-0.402821,0.217031,-2.54977,-39486.2
2.2,0.219023,2,-0.402821,0.217031,-2.54677,-41207.7
2.2,0.219023,2,-0.402821,0.217031,-2.54377,-45216.2
2.2,0.219023,2,-0.402821,0.217031,-2.54077,-43452.1
2.2,0.219023,2,-0.402821,0.217031,-2.53777,-41667.6
2.2,0.219023,2,-0.402821,0.217031,-2.53477,-37378.7
2.2,0.219023,2,-0.402821,0.217031,-2.53177,-39892.1
2.2,0.219023,2,-0.402821,0.217031,-2.52876,-40533.8
2.2,0.219023,2,-0.402821,0.217031,-2.52576,-35788.5
2.2,0.219023,2,-0.402821,0.217031,-2.52276,-35274.1
2.2,0.219023,2,-0.402821,0.217031,-2.51976,-41350.4
2.2,0.219023,2,-0.402821,0.217031,-2.51676,-43958.4
2.2,0.219023,2,-0.402821,0.217031,-2.51376,-38926.9
2.2,0.219023,2,-0.402821,0.217031,-2.51076,-35637.5
2.2,0.219023,2,-0.402821,0.217031,-2.50775,-36815.3
2.2,0.219023,2,-0.402821,0.217031,-2.50475,-42111.8
2.2,0.219023,2,-0.402821,0.217031,-2.50175,-35194.2
2.2,0.219023,2,-0.402821,0.217031,-2.49875,-37437.9
2.2,0.219023,2,-0.402821,0.217031,-2.49575,-39820.8
2.2,0.219023,2,-0.402821,0.217031,-2.49275,-38119.3
2.2,0.219023,2,-0.402821,0.217031,-2.48974,-34918.3
2.2,0.219023,2,-0.402821,0.217031,-2.48674,-36432.2
2.2,0.219023,2,-0.402821,0.217031,-2.48374,-38400
2.2,0.219023,2,-0.402821,0.217031,-2.48074,-42976.1
2.2,0.219023,2,-0.402821,0.217031,-2.47774,-35808
2.2,0.219023,2,-0.402821,0.217031,-2.47474,-42287.7
2.2,0.219023,2,-0.402821,0.217031,-2.47174,-39261.4
2.2,0.219023,2,-0.402821,0.217031,-2.46873,-36521.1
2.2,0.219023,2,-0.402821,0.217031,-2.46573,-39259
2.2,0.219023,2,-0.402821,0.217031,-2.46273,-35562.6
2.2,0.219023,2,-0.402821,0.217031,-2.45973,-39119.3
2.2,0.219023,2,-0.402821,0.217031,-2.45673,-37497.5
2.2,0.219023,2,-0.402821,0.217031,-2.45373,-43568.9
2.2,0.219023,2,-0.402821,0.217031,-2.45073,-38147.1
2.2,0.219023,2,-0.402821,0.217031,-2.44772,-35117.7
2.2,0.219023,2,-0.402821,0.217031,-2.44472,-42803.6
2.2,0.219023,2,-0.402821,0.217031,-2.44172,-40710.3
2.2,0.219023,2,-0.402821,0.217031,-2.43872,-39588.8
2.2,0.219023,2,-0.402821,0.217031,-2.43572,-40475.9
2.2,0.219023,2,-0.402821,0.217031,-2.43272,-45545.8
2.2,0.219023,2,-0.402821,0.217031,-2.42971,-45830.9
2.2,0.219023,2,-0.402821,0.217031,-2.42671,-38445.1
2.2,0.219023,2,-0.402821,0.217031,-2.42371,-44440
2.2,0.219023,2,-0.402821,0.217031,-2.42071,-37939.9
2.2,0.219023,2,-0.402821,0.217031,-2.41771,-39262.2
2.2,0.219023,2,-0.402821,0.217031,-2.41471,-40933.2
2.2,0.219023,2,-0.402821,0.217031,-2.41171,-36782.5
2.2,0.219023,2,-0.402821,0.217031,-2.4087,-43915.5
2.2,0.219023,2,-0.402821,0.217031,-2.4057,-42384.5
2.2,0.219023,2,-0.402821,0.217031,-2.4027,-39374.2
2.2,0.219023,2,-0.402821,0.217031,-2.3997,-42296.8
2.2,0.219023,2,-0.402821,0.217031,-2.3967,-38379.7
2.2,0.219023,2,-0.402821,0.217031,-2.3937,-38685.7
2.2,0.219023,2,-0.402821,0.217031,-2.3907,-35908.5
2.2,0.219023,2,-0.402821,0.217031,-2.38769,-44455.9
2.2,0.219023,2,-0.402821,0.217031,-2.38469,-45337.3
2.2,0.219023,2,-0.402821,0.217031,-2.38169,-38073
2.2,0.219023,2,-0.402821,0.217031,-2.37869,-42422.2
2.2,0.219023,2,-0.402821,0.217031,-2.37569,-43470.8
2.2,0.219023,2,-0.402821,0.217031,-2.37269,-44928.4
2.2,0.219023,2,-0.402821,0.217031,-2.36968,-41657.6
2.2,0.219023,2,-0.402821,0.217031,-2.36668,-38761.4
2.2,0.219023,2,-0.402821,0.217031,-2.36368,-38221.7
2.2,0.219023,2,-0.402821,0.217031,-2.36068,-39862.2
2.2,0.219023,2,-0.402821,0.217031,-2.35768,-40344.2
2.2,0.219023,2,-0.402821,0.217031,-2.35468,-41332.9
2.2,0.219023,2,-0.402821,0.217031,-2.35168,-35611.7
2.2,0.219023,2,-0.402821,0.217031,-2.34867,-40973.3
2.2,0.219023,2,-0.402821,0.217031,-2.34567,-37839.9
2.2,0.219023,2,-0.402821,0.217031,-2.34267,-43971.6
2.2,0.219023,2,-0.402821,0.217031,-2.33967,-45899.1
2.2,0.219023,2,-0.402821,0.217031,-2.33667,-39176
2.2,0.219023,2,-0.402821,0.217031,-2.33367,-36119.6
2.2,0.219023,2,-0.402821,0.217031,-2.33067,-43019.3
2.2,0.219023,2,-0.402821,0.217031,-2.32766,-39557.8
2.2,0.219023,2,-0.402821,0.217031,-2.32466,-37158.7
2.2,0.219023,2,-0.402821,0.217031,-2.32166,-42617.1
2.2,0.219023,2,-0.402821,0.217031,-2.31866,-41991.5
2.2,0.219023,2,-0.402821,0.217031,-2.31566,-43591.6
2.2,0.219023,2,-0.402821,0.217031,-2.31266,-36992.6
2.2,0.219023,2,-0.402821,0.217031,-2.30965,-39200.2
2.2,0.219023,2,-0.402821,0.217031,-2.30665,-39112
2.2,0.219023,2,-0.402821,0.217031,-2.30365,-39285.1
2.2,0.219023,2,-0.402821,0.217031,-2.30065,-46478
2.2,0.219023,2,-0.402821,0.217031,-2.29765,-38504.9
2.2,0.219023,2,-0.402821,0.217031,-2.29465,-42369.3
2.2,0.219023,2,-0.402821,0.217031,-2.29165,-44926.3
2.2,0.219023,2,-0.402821,0.217031,-2.28864,-37005.3
2.2,0.219023,2,-0.402821,0.217031,-2.28564,-39408.6
2.2,0.219023,2,-0.402821,0.217031,-2.28264,-42419.9
2.2,0.219023,2,-0.402821,0.217031,-2.27964,-40331.9
2.2,0.219023,2,-0.402821,0.217031,-2.27664,-44295.7
2.2,0.219023,2,-0.402821,0.217031,-2.27364,-42961.4
2.2,0.219023,2,-0.402821,0.217031,-2.27064,-37787.4
2.2,0.219023,2,-0.402821,0.217031,-2.26763,-39823.3
2.2,0.219023,2,-0.402821,0.217031,-2.26463,-42155.6
2.2,0.219023,2,-0.402821,0.217031,-2.26163,-36466.7
2.2,0.219023,2,-0.402821,0.217031,-2.25863,-39635.1
2.2,0.219023,2,-0.402821,0.217031,-2.25563,-38527.9
2.2,0.219023,2,-0.402821,0.217031,-2.25263,-37607.3
2.2,0.219023,2,-0.402821,0.217031,-2.24962,-37046.9
2.2,0.219023,2,-0.402821,0.217031,-2.24662,-44958.8
2.2,0.219023,2,-0.402821,0.217031,-2.24362,-35808.3
2.2,0.219023,2,-0.402821,0.217031,-2.24062,-39041.7
2.2,0.219023,2,-0.402821,0.217031,-2.23762,-38021.4
2.2,0.219023,2,-0.402821,0.217031,-2.23462,-38426
2.2,0.219023,2,-0.402821,0.217031,-2.23162,-38452.5
2.2,0.219023,2,-0.402821,0.217031,-2.22861,-37406.7
2.2,0.219023,2,-0.402821,0.217031,-2.22561,-39118
2.2,0.219023,2,-0.402821,0.217031,-2.22261,-41210.7
2.2,0.219023,2,-0.402821,0.217031,-2.21961,-42964.7
2.2,0.219023,2,-0.402821,0.217031,-2.21661,-41152.3
2.2,0.219023,2,-0.402821,0.217031,-2.21361,-37310.8
2.2,0.219023,2,-0.402821,0.217031,-2.21061,-38360.9
2.2,0.219023,2,-0.402821,0.217031,-2.2076,-38261.5
2.2,0.219023,2,-0.402821,0.217031,-2.2046,-37821.7
2.2,0.219023,2,-0.402821,0.217031,-2.2016,-44775.1
2.2,0.219023,2,-0.402821,0.217031,-2.1986,-39267
2.2,0.219023,2,-0.402821,0.217031,-2.1956,-39318.2
2.2,0.219023,2,-0.402821,0.217031,-2.1926,-45983.7
2.2,0.219023,2,-0.402821,0.217031,-2.18959,-42192
2.2,0.219023,2,-0.402821,0.217031,-2.18659,-40893.6
2.2,0.219023,2,-0.402821,0.217031,-2.18359,-39037.5
2.2,0.219023,2,-0.402821,0.217031,-2.18059,-46637.7
2.2,0.219023,2,-0.402821,0.217031,-2.17759,-44719.1
2.2,0.219023,2,-0.402821,0.217031,-2.17459,-45401.4
2.2,0.219023,2,-0.402821,0.217031,-2.17159,-37816.7
2.2,0.219023,2,-0.402821,0.217031,-2.16858,-43847.5
2.2,0.219023,2,-0.402821,0.217031,-2.16558,-37077.5
2.2,0.219023,2,-0.402821,0.217031,-2.16258,-44858.9
2.2,0.219023,2,-0.402821,0.217031,-2.15958,-43399
2.2,0.219023,2,-0.402821,0.217031,-2.15658,-40841.5
2.2,0.219023,2,-0.402821,0.217031,-2.15358,-46753.2
2.2,0.219023,2,-0.402821,0.217031,-2.15058,-37979.9
2.2,0.219023,2,-0.402821,0.217031,-2.14757,-43364.5
2.2,0.219023,2,-0.402821,0.217031,-2.14457,-46763.1
2.2,0.219023,2,-0.402821,0.217031,-2.14157,-41567.6
2.2,0.219023,2,-0.402821,0.217031,-2.13857,-36281.4
2.2,0.219023,2,-0.402821,0.217031,-2.13557,-44951.8
2.2,0.219023,2,-0.402821,0.217031,-2.13257,-46278.5
2.2,0.219023,2,-0.402821,0.217031,-2.12956,-38121.9
2.2,0.219023,2,-0.402821,0.217031,-2.12656,-39532.2
2.2,0.219023,2,-0.402821,0.217031,-2.12356,-45416.2
2.2,0.219023,2,-0.402821,0.217031,-2.12056,-41462.2
2.2,0.219023,2,-0.402821,0.217031,-2.11756,-40186.4
2.2,0.219023,2,-0.402821,0.217031,-2.11456,-46341.8
2.2,0.219023,2,-0.402821,0.217031,-2.11156,-40974.8
2.2,0.219023,2,-0.402821,0.217031,-2.10855,-39045.3
2.2,0.219023,2,-0.402821,0.217031,-2.10555,-45820.8
2.2,0.219023,2,-0.402821,0.217031,-2.10255,-40597.8
2.2,0.219023,2,-0.402821,0.217031,-2.09955,-41151.9
2.2,0.219023,2,-0.402821,0.217031,-2.09655,-36206
2.2,0.219023,2,-0.402821,0.217031,-2.09355,-36176.2
2.2,0.219023,2,-0.402821,0.217031,-2.09055,-39567.2
2.2,0.219023,2,-0.402821,0.217031,-2.08754,-39519.7
2.2,0.219023,2,-0.402821,0.217031,-2.08454,-42443.7
2.2,0.219023,2,-0.402821,0.217031,-2.08154,-39829.1
2.2,0.219023,2,-0.402821,0.217031,-2.07854,-38739.5
2.2,0.219023,2,-0.402821,0.217031,-2.07554,-39740.6
2.2,0.219023,2,-0.402821,0.217031,-2.07254,-38975
2.2,0.219023,2,-0.402821,0.217031,-2.06953,-39505.1
2.2,0.219023,2,-0.402821,0.217031,-2.06653,-41720.6
2.2,0.219023,2,-0.402821,0.217031,-2.06353,-36892.7
2.2,0.219023,2,-0.402821,0.217031,-2.06053,-41648.2
2.2,0.219023,2,-0.402821,0.217031,-2.05753,-44652.6
2.2,0.219023,2,-0.402821,0.217031,-2.05453,-37635.9
2.2,0.219023,2,-0.402821,0.217031,-2.05153,-44106.8
2.2,0.219023,2,-0.402821,0.217031,-2.04852,-40868.3
2.2,0.219023,2,-0.402821,0.217031,-2.04552,-37582.2
2.2,0.219023,2,-0.402821,0.217031,-2.04252,-40666.3
2.2,0.219023,2,-0.402821,0.217031,-2.03952,-37265.1
2.2,0.219023,2,-0.402821,0.217031,-2.03652,-47231.4
2.2,0.219023,2,-0.402821,0.217031,-2.03352,-43976.7
2.2,0.219023,2,-0.402821,0.217031,-2.03052,-42427.1
2.2,0.219023,2,-0.402821,0.217031,-2.02751,-42349.5
2.2,0.219023,2,-0.402821,0.217031,-2.02451,-43640.2
2.2,0.219023,2,-0.402821,0.217031,-2.02151,-43195.6
2.2,0.219023,2,-0.402821,0.217031,-2.01851,-37026.4
2.2,0.219023,2,-0.402821,0.217031,-2.01551,-42833.8
2.2,0.219023,2,-0.402821,0.217031,-2.01251,-38659.8
2.2,0.219023,2,-0.402821,0.217031,-2.0095,-41391
2.2,0.219023,2,-0.402821,0.217031,-2.0065,-38087.7
2.2,0.219023,2,-0.402821,0.217031,-2.0035,-39607.1
2.2,0.219023,2,-0.402821,0.217031,-2.0005,-38830.8
2.2,0.219023,2,-0.402821,0.217031,-1.9975,-39499.9
2.2,0.219023,2,-0.402821,0.217031,-1.9945,-37193.9
2.2,0.219023,2,-0.402821,0.217031,-1.9915,-43382.5
2.2,0.219023,2,-0.402821,0.217031,-1.98849,-47091.4
2.2,0.219023,2,-0.402821,0.217031,-1.98549,-41625
2.2,0.219023,2,-0.402821,0.217031,-1.98249,-39848.8
2.2,0.219023,2,-0.402821,0.217031,-1.97949,-44359.2
2.2,0.219023,2,-0.402821,0.217031,-1.97649,-39618.1
2.2,0.219023,2,-0.402821,0.217031,-1.97349,-41247.2
2.2,0.219023,2,-0.402821,0.217031,-1.97049,-36263.5
2.2,0.219023,2,-0.402821,0.217031,-1.96748,-38091.4
2.2,0.219023,2,-0.402821,0.217031,-1.96448,-36262.3
2.2,0.219023,2,-0.402821,0.217031,-1.96148,-44545.2
2.2,0.219023,2,-0.402821,0.217031,-1.95848,-36653.1
2.2,0.219023,2,-0.402821,0.217031,-1.95548,-44122.8
2.2,0.219023,2,-0.402821,0.217031,-1.95248,-43905.6
2.2,0.219023,2,-0.402821,0.217031,-1.94947,-40492.2
2.2,0.219023,2,-0.402821,0.217031,-1.94647,-43579
2.2,0.219023,2,-0.402821,0.217031,-1.94347,-42046.1
2.2,0.219023,2,-0.402821,0.217031,-1.94047,-39628.9
2.2,0.219023,2,-0.402821,0.217031,-1.93747,-37028.9
2.2,0.219023,2,-0.402821,0.217031,-1.93447,-41259.5
2.2,0.219023,2,-0.402821,0.217031,-1.93147,-45691.3
2.2,0.219023,2,-0.402821,0.217031,-1.92846,-37642.4
2.2,0.219023,2,-0.402821,0.217031,-1.92546,-44179
2.2,0.219023,2,-0.402821,0.217031,-1.92246,-42290.1
2.2,0.219023,2,-0.402821,0.217031,-1.91946,-45633.5
2.2,0.219023,2,-0.402821,0.217031,-1.91646,-36483
2.2,0.219023,2,-0.402821,0.217031,-1.91346,-41766.5
2.2,0.219023,2,-0.402821,0.217031,-1.91046,-40745.7
2.2,0.219023,2,-0.402821,0.217031,-1.90745,-38072
2.2,0.219023,2,-0.402821,0.217031,-1.90445,-38960.8
2.2,0.219023,2,-0.402821,0.217031,-1.90145,-42152
2.2,0.219023,2,-0.402821,0.217031,-1.89845,-45575.5
2.2,0.219023,2,-0.402821,0.217031,-1.89545,-45681.2
2.2,0.219023,2,-0.402821,0.217031,-1.89245,-40696.4
2.2,0.219023,2,-0.402821,0.217031,-1.88944,-41675.4
2.2,0.219023,2,-0.402821,0.217031,-1.88644,-37749.6
2.2,0.219023,2,-0.402821,0.217031,-1.88344,-42459.8
2.2,0.219023,2,-0.402821,0.217031,-1.88044,-36409.8
2.2,0.219023,2,-0.402821,0.217031,-1.87744,-39581.7
2.2,0.219023,2,-0.402821,0.217031,-1.87444,-42295.3
2.2,0.219023,2,-0.402821,0.217031,-1.87144,-45328.7
2.2,0.219023,2,-0.402821,0.217031,-1.86843,-41171.6
2.2,0.219023,2,-0.402821,0.217031,-1.86543,-41526.3
2.2,0.219023,2,-0.402821,0.217031,-1.86243,-42686.3
2.2,0.219023,2,-0.402821,0.217031,-1.85943,-37140.9
2.2,0.219023,2,-0.402821,0.217031,-1.85643,-43399.6
2.2,0.219023,2,-0.402821,0.217031,-1.85343,-46098.6
2.2,0.219023,2,-0.402821,0.217031,-1.85043,-45930.1
2.2,0.219023,2,-0.402821,0.217031,-1.84742,-39558.1
2.2,0.219023,2,-0.402821,0.217031,-1.84442,-40986.7
2.2,0.219023,2,-0.402821,0.217031,-1.84142,-42102
2.2,0.219023,2,-0.402821,0.217031,-1.83842,-45907.1
2.2,0.219023,2,-0.402821,0.217031,-1.83542,-37666.8
2.2,0.219023,2,-0.402821,0.217031,-1.83242,-45046.6
2.2,0.219023,2,-0.402821,0.217031,-1.82941,-37855.4
2.2,0.219023,2,-0.402821,0.217031,-1.82641,-42507.4
2.2,0.219023,2,-0.402821,0.217031,-1.82341,-45594.4
2.2,0.219023,2,-0.402821,0.217031,-1.82041,-46258.6
2.2,0.219023,2,-0.402821,0.217031,-1.81741,-41409
2.2,0.219023,2,-0.402821,0.217031,-1.81441,-38164.9
2.2,0.219023,2,-0.402821,0.217031,-1.81141,-44586.5
2.2,0.219023,2,-0.402821,0.217031,-1.8084,-41018.7
2.2,0.219023,2,-0.402821,0.217031,-1.8054,-36585.2
2.2,0.219023,2,-0.402821,0.217031,-1.8024,-36598.9
2.2,0.219023,2,-0.402821,0.217031,-1.7994,-46683.1
2.2,0.219023,2,-0.402821,0.217031,-1.7964,-37595.4
2.2,0.219023,2,-0.402821,0.217031,-1.7934,-39958.1
2.2,0.219023,2,-0.402821,0.217031,-1.7904,-47416.7
2.2,0.219023,2,-0.402821,0.217031,-1.78739,-39267.3
2.2,0.219023,2,-0.402821,0.217031,-1.78439,-45191.5
2.2,0.219023,2,-0.402821,0.217031,-1.78139,-45564.2
2.2,0.219023,2,-0.402821,0.217031,-1.77839,-36873.5
2.2,0.219023,2,-0.402821,0.217031,-1.77539,-39542
2.2,0.219023,2,-0.402821,0.217031,-1.77239,-39387.8
2.2,0.219023,2,-0.402821,0.217031,-1.76938,-40285.1
2.2,0.219023,2,-0.402821,0.217031,-1.76638,-43161.4
2.2,0.219023,2,-0.402821,0.217031,-1.76338,-46422.9
2.2,0.219023,2,-0.402821,0.217031,-1.76038,-47201.7
2.2,0.219023,2,-0.402821,0.217031,-1.75738,-41300.3
2.2,0.219023,2,-0.402821,0.217031,-1.75438,-45803.6
2.2,0.219023,2,-0.402821,0.217031,-1.75138,-39571.9
2.2,0.219023,2,-0.402821,0.217031,-1.74837,-37384
2.2,0.219023,2,-0.402821,0.217031,-1.74537,-37687.6
2.2,0.219023,2,-0.402821,0.217031,-1.74237,-37011.3
2.2,0.219023,2,-0.402821,0.217031,-1.73937,-39077.8
2.2,0.219023,2,-0.402821,0.217031,-1.73637,-37595.2
2.2,0.219023,2,-0.402821,0.217031,-1.73337,-44627.1
2.2,0.219023,2,-0.402821,0.217031,-1.73037,-38255.2
2.2,0.219023,2,-0.402821,0.217031,-1.72736,-42161.1
2.2,0.219023,2,-0.402821,0.217031,-1.72436,-43623.4
2.2,0.219023,2,-0.402821,0.217031,-1.72136,-38617.1
2.2,0.219023,2,-0.402821,0.217031,-1.71836,-36507.2
2.2,0.219023,2,-0.402821,0.217031,-1.71536,-43715.5
2.2,0.219023,2,-0.402821,0.217031,-1.71236,-41467.6
2.2,0.219023,2,-0.402821,0.217031,-1.70935,-39885.5
2.2,0.219023,2,-0.402821,0.217031,-1.70635,-36481.1
2.2,0.219023,2,-0.402821,0.217031,-1.70335,-39104.8
2.2,0.219023,2,-0.402821,0.217031,-1.70035,-37586.7
2.2,0.219023,2,-0.402821,0.217031,-1.69735,-41664.4
2.2,0.219023,2,-0.402821,0.217031,-1.69435,-38799.8
2.2,0.219023,2,-0.402821,0.217031,-1.69135,-42788.3
2.2,0.219023,2,-0.402821,0.217031,-1.68834,-41830.8
2.2,0.219023,2,-0.402821,0.217031,-1.68534,-38140.5
2.2,0.219023,2,-0.402821,0.217031,-1.68234,-38929.4
2.2,0.219023,2,-0.402821,0.217031,-1.67934,-40864.2
2.2,0.219023,2,-0.402821,0.217031,-1.67634,-39543.5
2.2,0.219023,2,-0.402821,0.217031,-1.67334,-37949.8
2.2,0.219023,2,-0.402821,0.217031,-1.67034,-47094.7
2.2,0.219023,2,-0.402821,0.217031,-1.66733,-42630.6
2.2,0.219023,2,-0.402821,0.217031,-1.66433,-38185.8
2.2,0.219023,2,-0.402821,0.217031,-1.66133,-38760.2
2.2,0.219023,2,-0.402821,0.217031,-1.65833,-38250.5
2.2,0.219023,2,-0.402821,0.217031,-1.65533,-43143.5
2.2,0.219023,2,-0.402821,0.217031,-1.65233,-41459.7
2.2,0.219023,2,-0.402821,0.217031,-1.64932,-44206.2
2.2,0.219023,2,-0.402821,0.217031,-1.64632,-36515.5
2.2,0.219023,2,-0.402821,0.217031,-1.64332,-42334.6
2.2,0.219023,2,-0.402821,0.217031,-1.64032,-38302.9
2.2,0.219023,2,-0.402821,0.217031,-1.63732,-45437.3
2.2,0.219023,2,-0.402821,0.217031,-1.63432,-44437.7
2.2,0.219023,2,-0.402821,0.217031,-1.63132,-41991
2.2,0.219023,2,-0.402821,0.217031,-1.62831,-37937.3
2.2,0.219023,2,-0.402821,0.217031,-1.62531,-46063.4
2.2,0.219023,2,-0.402821,0.217031,-1.62231,-37030.2
2.2,0.219023,2,-0.402821,0.217031,-1.61931,-42931.4
2.2,0.219023,2,-0.402821,0.217031,-1.61631,-38826.7
2.2,0.219023,2,-0.402821,0.217031,-1.61331,-44095.8
2.2,0.219023,2,-0.402821,0.217031,-1.61031,-36306.6
2.2,0.219023,2,-0.402821,0.217031,-1.6073,-43776.5
2.2,0.219023,2,-0.402821,0.217031,-1.6043,-36411.6
2.2,0.219023,2,-0.402821,0.217031,-1.6013,-43504.7
2.2,0.219023,2,-0.402821,0.217031,-1.5983,-44667.8
2.2,0.219023,2,-0.402821,0.217031,-1.5953,-39148.2
2.2,0.219023,2,-0.402821,0.217031,-1.5923,-39707.4
2.2,0.219023,2,-0.402821,0.217031,-1.58929,-45431.5
2.2,0.219023,2,-0.402821,0.217031,-1.58629,-38228.9
2.2,0.219023,2,-0.402821,0.217031,-1.58329,-45527.4
2.2,0.219023,2,-0.402821,0.217031,-1.58029,-39245.9
2.2,0.219023,2,-0.402821,0.217031,-1.57729,-43188.4
2.2,0.219023,2,-0.402821,0.217031,-1.57429,-39756.6
2.2,0.219023,2,-0.402821,0.217031,-1.57129,-46776.9
2.2,0.219023,2,-0.402821,0.217031,-1.56828,-38719.3
2.2,0.219023,2,-0.402821,0.217031,-1.56528,-41494.1
2.2,0.219023,2,-0.402821,0.217031,-1.56228,-39475.6
2.2,0.219023,2,-0.402821,0.217031,-1.55928,-40711.5
2.2,0.219023,2,-0.402821,0.217031,-1.55628,-44588.5
2.2,0.219023,2,-0.402821,0.217031,-1.55328,-42534.9
2.2,0.219023,2,-0.402821,0.217031,-1.55028,-42055.7
2.2,0.219023,2,-0.402821,0.217031,-1.54727,-37168.8
2.2,0.219023,2,-0.402821,0.217031,-1.54427,-42366.5
2.2,0.219023,2,-0.402821,0.217031,-1.54127,-37106.1
2.2,0.219023,2,-0.402821,0.217031,-1.53827,-35979
2.2,0.219023,2,-0.402821,0.217031,-1.53527,-46418.8
2.2,0.219023,2,-0.402821,0.217031,-1.53227,-40958.1
2.2,0.219023,2,-0.402821,0.217031,-1.52926,-46575.8
2.2,0.219023,2,-0.402821,0.217031,-1.52626,-37223.6
2.2,0.219023,2,-0.402821,0.217031,-1.52326,-41127.1
2.2,0.219023,2,-0.402821,0.217031,-1.52026,-40618.8
2.2,0.219023,2,-0.402821,0.217031,-1.51726,-41519
2.2,0.219023,2,-0.402821,0.217031,-1.51426,-39651.8
2.2,0.219023,2,-0.402821,0.217031,-1.51126,-46478.8
2.2,0.219023,2,-0.402821,0.217031,-1.50825,-41684.8
2.2,0.219023,2,-0.402821,0.217031,-1.50525,-44259.1
2.2,0.219023,2,-0.402821,0.217031,-1.50225,-46241
2.2,0.219023,2,-0.402821,0.217031,-1.49925,-43690.4
2.2,0.219023,2,-0.402821,0.217031,-1.49625,-43050.4
2.2,0.219023,2,-0.402821,0.217031,-1.49325,-40552.5
2.2,0.219023,2,-0.402821,0.217031,-1.49025,-39215.6
2.2,0.219023,2,-0.402821,0.217031,-1.48724,-41529.8
2.2,0.219023,2,-0.402821,0.217031,-1.48424,-45016.4
2.2,0.219023,2,-0.402821,0.217031,-1.48124,-42497.5
2.2,0.219023,2,-0.402821,0.217031,-1.47824,-35977.3
2.2,0.219023,2,-0.402821,0.217031,-1.47524,-45125.7
2.2,0.219023,2,-0.402821,0.217031,-1.47224,-44741.7
2.2,0.219023,2,-0.402821,0.217031,-1.46923,-38842.8
2.2,0.219023,2,-0.402821,0.217031,-1.46623,-42563.4
2.2,0.219023,2,-0.402821,0.217031,-1.46323,-37757.7
2.2,0.219023,2,-0.402821,0.217031,-1.46023,-41200
2.2,0.219023,2,-0.402821,0.217031,-1.45723,-44689
2.2,0.219023,2,-0.402821,0.217031,-1.45423,-43585.4
2.2,0.219023,2,-0.402821,0.217031,-1.45123,-45655.4
2.2,0.219023,2,-0.402821,0.217031,-1.44822,-37922.1
2.2,0.219023,2,-0.402821,0.217031,-1.44522,-38851.6
2.2,0.219023,2,-0.402821,0.217031,-1.44222,-40387.3
2.2,0.219023,2,-0.402821,0.217031,-1.43922,-42509.3
2.2,0.219023,2,-0.402821,0.217031,-1.43622,-42515.8
2.2,0.219023,2,-0.402821,0.217031,-1.43322,-35997.4
2.2,0.219023,2,-0.402821,0.217031,-1.43022,-43911.7
2.2,0.219023,2,-0.402821,0.217031,-1.42721,-36692.1
2.2,0.219023,2,-0.402821,0.217031,-1.42421,-39803.2
2.2,0.219023,2,-0.402821,0.217031,-1.42121,-43277.4
2.2,0.219023,2,-0.402821,0.217031,-1.41821,-42752.2
2.2,0.219023,2,-0.402821,0.217031,-1.41521,-37517
2.2,0.219023,2,-0.402821,0.217031,-1.41221,-38430.8
2.2,0.219023,2,-0.402821,0.217031,-1.4092,-39994
2.2,0.219023,2,-0.402821,0.217031,-1.4062,-43296.5
2.2,0.219023,2,-0.402821,0.217031,-1.4032,-42465.2
2.2,0.219023,2,-0.402821,0.217031,-1.4002,-44211
2.2,0.219023,2,-0.402821,0.217031,-1.3972,-46461.3
2.2,0.219023,2,-0.402821,0.217031,-1.3942,-36799.3
2.2,0.219023,2,-0.402821,0.217031,-1.3912,-43180.2
2.2,0.219023,2,-0.402821,0.217031,-1.38819,-41472.9
2.2,0.219023,2,-0.402821,0.217031,-1.38519,-37325.5
2.2,0.219023,2,-0.402821,0.217031,-1.38219,-38198.7
2.2,0.219023,2,-0.402821,0.217031,-1.37919,-37471.2
2.2,0.219023,2,-0.402821,0.217031,-1.37619,-37062.2
2.2,0.219023,2,-0.402821,0.217031,-1.37319,-44276.2
2.2,0.219023,2,-0.402821,0.217031,-1.37019,-36398.7
2.2,0.219023,2,-0.402821,0.217031,-1.36718,-37484.6
2.2,0.219023,2,-0.402821,0.217031,-1.36418,-38601.3
2.2,0.219023,2,-0.402821,0.217031,-1.36118,-39190.6
2.2,0.219023,2,-0.402821,0.217031,-1.35818,-41039.5
2.2,0.219023,2,-0.402821,0.217031,-1.35518,-37335.3
2.2,0.219023,2,-0.402821,0.217031,-1.35218,-38497.5
2.2,0.219023,2,-0.402821,0.217031,-1.34917,-37670.3
2.2,0.219023,2,-0.402821,0.217031,-1.34617,-37680.1
2.2,0.219023,2,-0.402821,0.217031,-1.34317,-45435
2.2,0.219023,2,-0.402821,0.217031,-1.34017,-44602.7
2.2,0.219023,2,-0.402821,0.217031,-1.33717,-39056.7
2.2,0.219023,2,-0.402821,0.217031,-1.33417,-40808.4
2.2,0.219023,2,-0.402821,0.217031,-1.33117,-36832
2.2,0.219023,2,-0.402821,0.217031,-1.32816,-42969.2
2.2,0.219023,2,-0.402821,0.217031,-1.32516,-38163.2
2.2,0.219023,2,-0.402821,0.217031,-1.32216,-38062.4
2.2,0.219023,2,-0.402821,0.217031,-1.31916,-38688.4
2.2,0.219023,2,-0.402821,0.217031,-1.31616,-36359.3
2.2,0.219023,2,-0.402821,0.217031,-1.31316,-39169.8
2.2,0.219023,2,-0.402821,0.217031,-1.31016,-40210.3
2.2,0.219023,2,-0.402821,0.217031,-1.30715,-40036.7
2.2,0.219023,2,-0.402821,0.217031,-1.30415,-39859.7
2.2,0.219023,2,-0.402821,0.217031,-1.30115,-37310.1
2.2,0.219023,2,-0.402821,0.217031,-1.29815,-39504.5
2.2,0.219023,2,-0.402821,0.217031,-1.29515,-38221.8
2.2,0.219023,2,-0.402821,0.217031,-1.29215,-39166.6
2.2,0.219023,2,-0.402821,0.217031,-1.28914,-39668.7
2.2,0.219023,2,-0.402821,0.217031,-1.28614,-38876.9
2.2,0.219023,2,-0.402821,0.217031,-1.28314,-39937.1
2.2,0.219023,2,-0.402821,0.217031,-1.28014,-44360.3
2.2,0.219023,2,-0.402821,0.217031,-1.27714,-40788.8
2.2,0.219023,2,-0.402821,0.217031,-1.27414,-38270.2
2.2,0.219023,2,-0.402821,0.217031,-1.27114,-44942.1
2.2,0.219023,2,-0.402821,0.217031,-1.26813,-41620.7
2.2,0.219023,2,-0.402821,0.217031,-1.26513,-38390.7
2.2,0.219023,2,-0.402821,0.217031,-1.26213,-41911.5
2.2,0.219023,2,-0.402821,0.217031,-1.25913,-37748.7
2.2,0.219023,2,-0.402821,0.217031,-1.25613,-36540
2.2,0.219023,2,-0.402821,0.217031,-1.25313,-37908.9
2.2,0.219023,2,-0.402821,0.217031,-1.25013,-39074.7
2.2,0.219023,2,-0.402821,0.217031,-1.24712,-35397.9
2.2,0.219023,2,-0.402821,0.217031,-1.24412,-38587.5
2.2,0.219023,2,-0.402821,0.217031,-1.24112,-39778.2
2.2,0.219023,2,-0.402821,0.217031,-1.23812,-41932.5
2.2,0.219023,2,-0.402821,0.217031,-1.23512,-39469.7
2.2,0.219023,2,-0.402821,0.217031,-1.23212,-36414
2.2,0.219023,2,-0.402821,0.217031,-1.22911,-38546
2.2,0.219023,2,-0.402821,0.217031,-1.22611,-43056.2
2.2,0.219023,2,-0.402821,0.217031,-1.22311,-41563.9
2.2,0.219023,2,-0.402821,0.217031,-1.22011,-42795.6
2.2,0.219023,2,-0.402821,0.217031,-1.21711,-38064.1
2.2,0.219023,2,-0.402821,0.217031,-1.21411,-38810.2
2.2,0.219023,2,-0.402821,0.217031,-1.21111,-36468.2
2.2,0.219023,2,-0.402821,0.217031,-1.2081,-42745.2
2.2,0.219023,2,-0.402821,0.217031,-1.2051,-36995
2.2,0.219023,2,-0.402821,0.217031,-1.2021,-38555.5
2.2,0.219023,2,-0.402821,0.217031,-1.1991,-44107.4
2.2,0.219023,2,-0.402821,0.217031,-1.1961,-43763.7
2.2,0.219023,2,-0.402821,0.217031,-1.1931,-41063.9
2.2,0.219023,2,-0.402821,0.217031,-1.1901,-35855.7
2.2,0.219023,2,-0.402821,0.217031,-1.18709,-38963.5
2.2,0.219023,2,-0.402821,0.217031,-1.18409,-41862
2.2,0.219023,2,-0.402821,0.217031,-1.18109,-36071.9
2.2,0.219023,2,-0.402821,0.217031,-1.17809,-42762.1
2.2,0.219023,2,-0.402821,0.217031,-1.17509,-34789.7
2.2,0.219023,2,-0.402821,0.217031,-1.17209,-43026.1
2.2,0.219023,2,-0.402821,0.217031,-1.16908,-36019.2
2.2,0.219023,2,-0.402821,0.217031,-1.16608,-38947.6
2.2,0.219023,2,-0.402821,0.217031,-1.16308,-37539
2.2,0.219023,2,-0.402821,0.217031,-1.16008,-40405.2
2.2,0.219023,2,-0.402821,0.217031,-1.15708,-36953.5
2.2,0.219023,2,-0.402821,0.217031,-1.15408,-35735.3
2.2,0.219023,2,-0.402821,0.217031,-1.15108,-42952.8
2.2,0.219023,2,-0.402821,0.217031,-1.14807,-37556.2
2.2,0.219023,2,-0.402821,0.217031,-1.14507,-37136.7
2.2,0.219023,2,-0.402821,0.217031,-1.14207,-42489.2
2.2,0.219023,2,-0.402821,0.217031,-1.13907,-37820
2.2,0.219023,2,-0.402821,0.217031,-1.13607,-36541.5
2.2,0.219023,2,-0.402821,0.217031,-1.13307,-39273.6
2.2,0.219023,2,-0.402821,0.217031,-1.13007,-34831.3
2.2,0.219023,2,-0.402821,0.217031,-1.12706,-38269.4
2.2,0.219023,2,-0.402821,0.217031,-1.12406,-37373.4
2.2,0.219023,2,-0.402821,0.217031,-1.12106,-35311.2
2.2,0.219023,2,-0.402821,0.217031,-1.11806,-35172
2.2,0.219023,2,-0.402821,0.217031,-1.11506,-39004.3
2.2,0.219023,2,-0.402821,0.217031,-1.11206,-36794.3
2.2,0.219023,2,-0.402821,0.217031,-1.10905,-40704.8
2.2,0.219023,2,-0.402821,0.217031,-1.10605,-36330.3
2.2,0.219023,2,-0.402821,0.217031,-1.10305,-40391.9
2.2,0.219023,2,-0.402821,0.217031,-1.10005,-35027.2
2.2,0.219023,2,-0.402821,0.217031,-1.09705,-40554.9
2.2,0.219023,2,-0.402821,0.217031,-1.09405,-35451.5
2.2,0.219023,2,-0.402821,0.217031,-1.09105,-37212.9
2.2,0.219023,2,-0.402821,0.217031,-1.08804,-35776.4
2.2,0.219023,2,-0.402821,0.217031,-1.08504,-35572.4
2.2,0.219023,2,-0.402821,0.217031,-1.08204,-35309.7
2.2,0.219023,2,-0.402821,0.217031,-1.07904,-36658.1
2.2,0.219023,2,-0.402821,0.217031,-1.07604,-36396.1
2.2,0.219023,2,-0.402821,0.217031,-1.07304,-38893.1
2.2,0.219023,2,-0.402821,0.217031,-1.07004,-38590.9
2.2,0.219023,2,-0.402821,0.217031,-1.06703,-36916.4
2.2,0.219023,2,-0.402821,0.217031,-1.06403,-40827.8
2.2,0.219023,2,-0.402821,0.217031,-1.06103,-39915.2
2.2,0.219023,2,-0.402821,0.217031,-1.05803,-40003.5
2.2,0.219023,2,-0.402821,0.217031,-1.05503,-39993.1
2.2,0.219023,2,-0.402821,0.217031,-1.05203,-38030
2.2,0.219023,2,-0.402821,0.217031,-1.04902,-34623.5
2.2,0.219023,2,-0.402821,0.217031,-1.04602,-39199.5
2.2,0.219023,2,-0.402821,0.217031,-1.04302,-36818.7
2.2,0.219023,2,-0.402821,0.217031,-1.04002,-44067.2
2.2,0.219023,2,-0.402821,0.217031,-1.03702,-39237.8
2.2,0.219023,2,-0.402821,0.217031,-1.03402,-40682.3
2.2,0.219023,2,-0.402821,0.217031,-1.03102,-36104.4
2.2,0.219023,2,-0.402821,0.217031,-1.02801,-42265.5
2.2,0.219023,2,-0.402821,0.217031,-1.02501,-37139.9
2.2,0.219023,2,-0.402821,0.217031,-1.02201,-37863
2.2,0.219023,2,-0.402821,0.217031,-1.01901,-43918.7
2.2,0.219023,2,-0.402821,0.217031,-1.01601,-33570.7
2.2,0.219023,2,-0.402821,0.217031,-1.01301,-37901.2
2.2,0.219023,2,-0.402821,0.217031,-1.01001,-36555.9
2.2,0.219023,2,-0.402821,0.217031,-1.007,-38672.2
2.2,0.219023,2,-0.402821,0.217031,-1.004,-42499.4
2.2,0.219023,2,-0.402821,0.217031,-1.001,-35711.3
2.2,0.219023,2,-0.402821,0.217031,-0.997999,-35138.1
2.2,0.219023,2,-0.402821,0.217031,-0.994997,-39796
2.2,0.219023,2,-0.402821,0.217031,-0.991996,-34464.8
2.2,0.219023,2,-0.402821,0.217031,-0.988994,-40282.9
2.2,0.219023,2,-0.402821,0.217031,-0.985993,-36793.3
2.2,0.219023,2,-0.402821,0.217031,-0.982991,-40611.6
2.2,0.219023,2,-0.402821,0.217031,-0.97999,-41923.2
2.2,0.219023,2,-0.402821,0.217031,-0.976988,-40102.8
2.2,0.219023,2,-0.402821,0.217031,-0.973987,-38216.4
2.2,0.219023,2,-0.402821,0.217031,-0.970985,-36155.9
2.2,0.219023,2,-0.402821,0.217031,-0.967984,-36875.4
2.2,0.219023,2,-0.402821,0.217031,-0.964982,-40073.4
2.2,0.219023,2,-0.402821,0.217031,-0.961981,-38214.5
2.2,0.219023,2,-0.402821,0.217031,-0.958979,-33503.1
2.2,0.219023,2,-0.402821,0.217031,-0.955978,-34020.5
2.2,0.219023,2,-0.402821,0.217031,-0.952976,-40060.8
2.2,0.219023,2,-0.402821,0.217031,-0.949975,-38497.5
2.2,0.219023,2,-0.402821,0.217031,-0.946973,-39897.9
2.2,0.219023,2,-0.402821,0.217031,-0.943972,-39420.7
2.2,0.219023,2,-0.402821,0.217031,-0.94097,-38701.4
2.2,0.219023,2,-0.402821,0.217031,-0.937969,-41895.7
2.2,0.219023,2,-0.402821,0.217031,-0.934967,-35608.8
2.2,0.219023,2,-0.402821,0.217031,-0.931966,-38655.6
2.2,0.219023,2,-0.402821,0.217031,-0.928964,-35625.8
2.2,0.219023,2,-0.402821,0.217031,-0.925963,-38721.9
2.2,0.219023,2,-0.402821,0.217031,-0.922961,-39708.6
2.2,0.219023,2,-0.402821,0.217031,-0.91996,-42110.3
2.2,0.219023,2,-0.402821,0.217031,-0.916958,-33508.4
2.2,0.219023,2,-0.402821,0.217031,-0.913957,-40261.4
2.2,0.219023,2,-0.402821,0.217031,-0.910955,-39637.8
2.2,0.219023,2,-0.402821,0.217031,-0.907954,-41296.7
2.2,0.219023,2,-0.402821,0.217031,-0.904952,-33237.7
2.2,0.219023,2,-0.402821,0.217031,-0.901951,-39724.6
2.2,0.219023,2,-0.402821,0.217031,-0.898949,-36321.4
2.2,0.219023,2,-0.402821,0.217031,-0.895948,-35329.1
2.2,0.219023,2,-0.402821,0.217031,-0.892946,-33947.6
2.2,0.219023,2,-0.402821,0.217031,-0.889945,-35659
2.2,0.219023,2,-0.402821,0.217031,-0.886943,-34298.9
2.2,0.219023,2,-0.402821,0.217031,-0.883942,-33422.8
2.2,0.219023,2,-0.402821,0.217031,-0.88094,-31995.7
2.2,0.219023,2,-0.402821,0.217031,-0.877939,-32986.2
2.2,0.219023,2,-0.402821,0.217031,-0.874937,-38184.2
2.2,0.219023,2,-0.402821,0.217031,-0.871936,-38165.6
2.2,0.219023,2,-0.402821,0.217031,-0.868934,-34530.6
2.2,0.219023,2,-0.402821,0.217031,-0.865933,-32670.6
2.2,0.219023,2,-0.402821,0.217031,-0.862931,-36869
2.2,0.219023,2,-0.402821,0.217031,-0.85993,-32309.3
2.2,0.219023,2,-0.402821,0.217031,-0.856928,-31866.6
2.2,0.219023,2,-0.402821,0.217031,-0.853927,-35794.1
2.2,0.219023,2,-0.402821,0.217031,-0.850925,-30569.5
2.2,0.219023,2,-0.402821,0.217031,-0.847924,-35936.8
2.2,0.219023,2,-0.402821,0.217031,-0.844922,-34085
2.2,0.219023,2,-0.402821,0.217031,-0.841921,-32527
2.2,0.219023,2,-0.402821,0.217031,-0.838919,-30091.4
2.2,0.219023,2,-0.402821,0.217031,-0.835918,-31980.1
2.2,0.219023,2,-0.402821,0.217031,-0.832916,-30978.4
2.2,0.219023,2,-0.402821,0.217031,-0.829915,-31922.2
2.2,0.219023,2,-0.402821,0.217031,-0.826913,-36669.3
2.2,0.219023,2,-0.402821,0.217031,-0.823912,-33084.7
2.2,0.219023,2,-0.402821,0.217031,-0.82091,-37164.9
2.2,0.219023,2,-0.402821,0.217031,-0.817909,-35104.8
2.2,0.219023,2,-0.402821,0.217031,-0.814907,-28776.9
2.2,0.219023,2,-0.402821,0.217031,-0.811906,-27253.6
2.2,0.219023,2,-0.402821,0.217031,-0.808904,-29533
2.2,0.219023,2,-0.402821,0.217031,-0.805903,27321.6
2.2,0.219023,2,-0.402821,0.217031,-0.802901,35146
2.2,0.219023,2,-0.402821,0.217031,-0.7999,31629.5
2.2,0.219023,2,-0.402821,0.217031,-0.796898,34564.1
2.2,0.219023,2,-0.402821,0.217031,-0.793897,31766.4
2.2,0.219023,2,-0.402821,0.217031,-0.790895,34009.7
2.2,0.219023,2,-0.402821,0.217031,-0.787894,34229
2.2,0.219023,2,-0.402821,0.217031,-0.784892,33108.1
2.2,0.219023,2,-0.402821,0.217031,-0.781891,34551.8
2.2,0.219023,2,-0.402821,0.217031,-0.778889,30871.3
2.2,0.219023,2,-0.402821,0.217031,-0.775888,37382.4
2.2,0.219023,2,-0.402821,0.217031,-0.772886,31687.1
2.2,0.219023,2,-0.402821,0.217031,-0.769885,36937.1
2.2,0.219023,2,-0.402821,0.217031,-0.766883,30803.8
2.2,0.219023,2,-0.402821,0.217031,-0.763882,33213.6
2.2,0.219023,2,-0.402821,0.217031,-0.76088,30863.5
2.2,0.219023,2,-0.402821,0.217031,-0.757879,34539.3
2.2,0.219023,2,-0.402821,0.217031,-0.754877,39952.9
2.2,0.219023,2,-0.402821,0.217031,-0.751876,37965.3
2.2,0.219023,2,-0.402821,0.217031,-0.748874,37932.9
2.2,0.219023,2,-0.402821,0.217031,-0.745873,31782
2.2,0.219023,2,-0.402821,0.217031,-0.742871,31604.4
2.2,0.219023,2,-0.402821,0.217031,-0.73987,38294
2.2,0.219023,2,-0.402821,0.217031,-0.736868,31727.5
2.2,0.219023,2,-0.402821,0.217031,-0.733867,38153.1
2.2,0.219023,2,-0.402821,0.217031,-0.730865,33262.2
2.2,0.219023,2,-0.402821,0.217031,-0.727864,41248.2
2.2,0.219023,2,-0.402821,0.217031,-0.724862,38883.3
2.2,0.219023,2,-0.402821,0.217031,-0.721861,39409.3
2.2,0.219023,2,-0.402821,0.217031,-0.718859,39208.6
2.2,0.219023,2,-0.402821,0.217031,-0.715858,32905.7
2.2,0.219023,2,-0.402821,0.217031,-0.712856,39991.7
2.2,0.219023,2,-0.402821,0.217031,-0.709855,38095.9
2.2,0.219023,2,-0.402821,0.217031,-0.706853,37426.4
2.2,0.219023,2,-0.402821,0.217031,-0.703852,37104
2.2,0.219023,2,-0.402821,0.217031,-0.70085,38871.7
2.2,0.219023,2,-0.402821,0.217031,-0.697849,38274.8
2.2,0.219023,2,-0.402821,0.217031,-0.694847,36585.9
2.2,0.219023,2,-0.402821,0.217031,-0.691846,37605.8
2.2,0.219023,2,-0.402821,0.217031,-0.688844,41042.1
2.2,0.219023,2,-0.402821,0.217031,-0.685843,41872
2.2,0.219023,2,-0.402821,0.217031,-0.682841,40410.7
2.2,0.219023,2,-0.402821,0.217031,-0.67984,36160.1
2.2,0.219023,2,-0.402821,0.217031,-0.676838,34207.8
2.2,0.219023,2,-0.402821,0.217031,-0.673837,35822.5
2.2,0.219023,2,-0.402821,0.217031,-0.670835,42259.4
2.2,0.219023,2,-0.402821,0.217031,-0.667834,39454.6
2.2,0.219023,2,-0.402821,0.217031,-0.664832,39286.3
2.2,0.219023,2,-0.402821,0.217031,-0.661831,41533.7
2.2,0.219023,2,-0.402821,0.217031,-0.658829,39108
2.2,0.219023,2,-0.402821,0.217031,-0.655828,36541.3
2.2,0.219023,2,-0.402821,0.217031,-0.652826,35129.6
2.2,0.219023,2,-0.402821,0.217031,-0.649825,42060.8
2.2,0.219023,2,-0.402821,0.217031,-0.646823,43131.6
2.2,0.219023,2,-0.402821,0.217031,-0.643822,34268
2.2,0.219023,2,-0.402821,0.217031,-0.64082,40245.6
2.2,0.219023,2,-0.402821,0.217031,-0.637819,37471.2
2.2,0.219023,2,-0.402821,0.217031,-0.634817,35367.9
2.2,0.219023,2,-0.402821,0.217031,-0.631816,35119.3
2.2,0.219023,2,-0.402821,0.217031,-0.628814,37212.3
2.2,0.219023,2,-0.402821,0.217031,-0.625813,37840.9
2.2,0.219023,2,-0.402821,0.217031,-0.622811,38827.3
2.2,0.219023,2,-0.402821,0.217031,-0.61981,41402.5
2.2,0.219023,2,-0.402821,0.217031,-0.616808,37491.9
2.2,0.219023,2,-0.402821,0.217031,-0.613807,38493.5
2.2,0.219023,2,-0.402821,0.217031,-0.610805,41710.4
2.2,0.219023,2,-0.402821,0.217031,-0.607804,36144.1
2.2,0.219023,2,-0.402821,0.217031,-0.604802,36544.6
2.2,0.219023,2,-0.402821,0.217031,-0.601801,36286.7
2.2,0.219023,2,-0.402821,0.217031,-0.598799,36340.4
2.2,0.219023,2,-0.402821,0.217031,-0.595798,34723.2
2.2,0.219023,2,-0.402821,0.217031,-0.592796,42297.3
2.2,0.219023,2,-0.402821,0.217031,-0.589795,35582.7
2.2,0.219023,2,-0.402821,0.217031,-0.586793,34571.9
2.2,0.219023,2,-0.402821,0.217031,-0.583792,44770.4
2.2,0.219023,2,-0.402821,0.217031,-0.58079,34809
2.2,0.219023,2,-0.402821,0.217031,-0.577789,34456
2.2,0.219023,2,-0.402821,0.217031,-0.574787,39032
2.2,0.219023,2,-0.402821,0.217031,-0.571786,36967.7
2.2,0.219023,2,-0.402821,0.217031,-0.568784,37581.5
2.2,0.219023,2,-0.402821,0.217031,-0.565783,35904.3
2.2,0.219023,2,-0.402821,0.217031,-0.562781,38032.7
2.2,0.219023,2,-0.402821,0.217031,-0.55978,38812.7
2.2,0.219023,2,-0.402821,0.217031,-0.556778,41590.6
2.2,0.219023,2,-0.402821,0.217031,-0.553777,38157.7
2.2,0.219023,2,-0.402821,0.217031,-0.550775,40915.8
2.2,0.219023,2,-0.402821,0.217031,-0.547774,34547.9
2.2,0.219023,2,-0.402821,0.217031,-0.544772,40375
2.2,0.219023,2,-0.402821,0.217031,-0.541771,40733.9
2.2,0.219023,2,-0.402821,0.217031,-0.538769,36680.3
2.2,0.219023,2,-0.402821,0.217031,-0.535768,36008.4
2.2,0.219023,2,-0.402821,0.217031,-0.532766,42012.7
2.2,0.219023,2,-0.402821,0.217031,-0.529765,41345
2.2,0.219023,2,-0.402821,0.217031,-0.526763,41507
2.2,0.219023,2,-0.402821,0.217031,-0.523762,44116.9
2.2,0.219023,2,-0.402821,0.217031,-0.52076,37727
2.2,0.219023,2,-0.402821,0.217031,-0.517759,37323.8
2.2,0.219023,2,-0.402821,0.217031,-0.514757,43330.1
2.2,0.219023,2,-0.402821,0.217031,-0.511756,39763.1
2.2,0.219023,2,-0.402821,0.217031,-0.508754,34703.8
2.2,0.219023,2,-0.402821,0.217031,-0.505753,36444.3
2.2,0.219023,2,-0.402821,0.217031,-0.502751,35057.2
2.2,0.219023,2,-0.402821,0.217031,-0.49975,43155.4
2.2,0.219023,2,-0.402821,0.217031,-0.496748,40486.5
2.2,0.219023,2,-0.402821,0.217031,-0.493747,35079.7
2.2,0.219023,2,-0.402821,0.217031,-0.490745,36791.6
2.2,0.219023,2,-0.402821,0.217031,-0.487744,40774.8
2.2,0.219023,2,-0.402821,0.217031,-0.484742,35908.3
2.2,0.219023,2,-0.402821,0.217031,-0.481741,42354.2
2.2,0.219023,2,-0.402821,0.217031,-0.478739,42906.2
2.2,0.219023,2,-0.402821,0.217031,-0.475738,40762.8
2.2,0.219023,2,-0.402821,0.217031,-0.472736,40518.3
2.2,0.219023,2,-0.402821,0.217031,-0.469735,39486.4
2.2,0.219023,2,-0.402821,0.217031,-0.466733,45004.7
2.2,0.219023,2,-0.402821,0.217031,-0.463732,36611.6
2.2,0.219023,2,-0.402821,0.217031,-0.46073,38162.7
2.2,0.219023,2,-0.402821,0.217031,-0.457729,43384.2
2.2,0.219023,2,-0.402821,0.217031,-0.454727,39562.3
2.2,0.219023,2,-0.402821,0.217031,-0.451726,35865.9
2.2,0.219023,2,-0.402821,0.217031,-0.448724,37749.7
2.2,0.219023,2,-0.402821,0.217031,-0.445723,36796.8
2.2,0.219023,2,-0.402821,0.217031,-0.442721,41014.6
2.2,0.219023,2,-0.402821,0.217031,-0.43972,42314.3
2.2,0.219023,2,-0.402821,0.217031,-0.436718,38717.9
2.2,0.219023,2,-0.402821,0.217031,-0.433717,43544.7
2.2,0.219023,2,-0.402821,0.217031,-0.430715,39997.9
2.2,0.219023,2,-0.402821,0.217031,-0.427714,41471.9
2.2,0.219023,2,-0.402821,0.217031,-0.424712,42750.5
2.2,0.219023,2,-0.402821,0.217031,-0.421711,44448.7
2.2,0.219023,2,-0.402821,0.217031,-0.418709,40039.7
2.2,0.219023,2,-0.402821,0.217031,-0.415708,44419.5
2.2,0.219023,2,-0.402821,0.217031,-0.412706,36245
2.2,0.219023,2,-0.402821,0.217031,-0.409705,36005
2.2,0.219023,2,-0.402821,0.217031,-0.406703,39462.7
2.2,0.219023,2,-0.402821,0.217031,-0.403702,36431.4
2.2,0.219023,2,-0.402821,0.217031,-0.4007,39932.7
2.2,0.219023,2,-0.402821,0.217031,-0.397699,38665.9
2.2,0.219023,2,-0.402821,0.217031,-0.394697,36945.8
2.2,0.219023,2,-0.402821,0.217031,-0.391696,39409.3
2.2,0.219023,2,-0.402821,0.217031,-0.388694,40619.3
2.2,0.219023,2,-0.402821,0.217031,-0.385693,37453.5
2.2,0.219023,2,-0.402821,0.217031,-0.382691,46058.7
2.2,0.219023,2,-0.402821,0.217031,-0.37969,42301.4
2.2,0.219023,2,-0.402821,0.217031,-0.376688,39508.8
2.2,0.219023,2,-0.402821,0.217031,-0.373687,38681.7
2.2,0.219023,2,-0.402821,0.217031,-0.370685,39495
2.2,0.219023,2,-0.402821,0.217031,-0.367684,38818.1
2.2,0.219023,2,-0.402821,0.217031,-0.364682,44682.9
2.2,0.219023,2,-0.402821,0.217031,-0.361681,46294
2.2,0.219023,2,-0.402821,0.217031,-0.358679,39572.5
2.2,0.219023,2,-0.402821,0.217031,-0.355678,37663.3
2.2,0.219023,2,-0.402821,0.217031,-0.352676,39075.6
2.2,0.219023,2,-0.402821,0.217031,-0.349675,37366
2.2,0.219023,2,-0.402821,0.217031,-0.346673,40511.3
2.2,0.219023,2,-0.402821,0.217031,-0.343672,39072.9
2.2,0.219023,2,-0.402821,0.217031,-0.34067,36849.4
2.2,0.219023,2,-0.402821,0.217031,-0.337669,42817.6
2.2,0.219023,2,-0.402821,0.217031,-0.334667,39917.8
2.2,0.219023,2,-0.402821,0.217031,-0.331666,39659.2
2.2,0.219023,2,-0.402821,0.217031,-0.328664,44211.5
2.2,0.219023,2,-0.402821,0.217031,-0.325663,44874.4
2.2,0.219023,2,-0.402821,0.217031,-0.322661,44221.5
2.2,0.219023,2,-0.402821,0.217031,-0.31966,44392.2
2.2,0.219023,2,-0.402821,0.217031,-0.316658,41477.3
2.2,0.219023,2,-0.402821,0.217031,-0.313657,37086.9
2.2,0.219023,2,-0.402821,0.217031,-0.310655,46278.6
2.2,0.219023,2,-0.402821,0.217031,-0.307654,38493.4
2.2,0.219023,2,-0.402821,0.217031,-0.304652,41617.3
2.2,0.219023,2,-0.402821,0.217031,-0.301651,47116.4
2.2,0.219023,2,-0.402821,0.217031,-0.298649,41254
2.2,0.219023,2,-0.402821,0.217031,-0.295648,46478.6
2.2,0.219023,2,-0.402821,0.217031,-0.292646,40471.9
2.2,0.219023,2,-0.402821,0.217031,-0.289645,37492.4
2.2,0.219023,2,-0.402821,0.217031,-0.286643,41416.4
2.2,0.219023,2,-0.402821,0.217031,-0.283642,37652.4
2.2,0.219023,2,-0.402821,0.217031,-0.28064,46204.9
2.2,0.219023,2,-0.402821,0.217031,-0.277639,41310.9
2.2,0.219023,2,-0.402821,0.217031,-0.274637,40593.4
2.2,0.219023,2,-0.402821,0.217031,-0.271636,45300.8
2.2,0.219023,2,-0.402821,0.217031,-0.268634,36607.2
2.2,0.219023,2,-0.402821,0.217031,-0.265633,45671.1
2.2,0.219023,2,-0.402821,0.217031,-0.262631,37865.6
2.2,0.219023,2,-0.402821,0.217031,-0.25963,43791.2
2.2,0.219023,2,-0.402821,0.217031,-0.256628,46415.3
2.2,0.219023,2,-0.402821,0.217031,-0.253627,41131.5
2.2,0.219023,2,-0.402821,0.217031,-0.250625,43730.4
2.2,0.219023,2,-0.402821,0.217031,-0.247624,45768.6
2.2,0.219023,2,-0.402821,0.217031,-0.244622,37947.4
2.2,0.219023,2,-0.402821,0.217031,-0.241621,43514.2
2.2,0.219023,2,-0.402821,0.217031,-0.238619,38415.2
2.2,0.219023,2,-0.402821,0.217031,-0.235618,40413.9
2.2,0.219023,2,-0.402821,0.217031,-0.232616,37087.2
2.2,0.219023,2,-0.402821,0.217031,-0.229615,41162.3
2.2,0.219023,2,-0.402821,0.217031,-0.226613,40877.7
2.2,0.219023,2,-0.402821,0.217031,-0.223612,38204.2
2.2,0.219023,2,-0.402821,0.217031,-0.22061,38844.3
2.2,0.219023,2,-0.402821,0.217031,-0.217609,43117
2.2,0.219023,2,-0.402821,0.217031,-0.214607,43396.2
2.2,0.219023,2,-0.402821,0.217031,-0.211606,40467.7
2.2,0.219023,2,-0.402821,0.217031,-0.208604,42700.9
2.2,0.219023,2,-0.402821,0.217031,-0.205603,40839.6
2.2,0.219023,2,-0.402821,0.217031,-0.202601,39943.6
2.2,0.219023,2,-0.402821,0.217031,-0.1996,39609.7
2.2,0.219023,2,-0.402821,0.217031,-0.196598,41011.1
2.2,0.219023,2,-0.402821,0.217031,-0.193597,38640.5
2.2,0.219023,2,-0.402821,0.217031,-0.190595,38225.9
2.2,0.219023,2,-0.402821,0.217031,-0.187594,38075.1
2.2,0.219023,2,-0.402821,0.217031,-0.184592,47368.9
2.2,0.219023,2,-0.402821,0.217031,-0.181591,47101.5
2.2,0.219023,2,-0.402821,0.217031,-0.178589,37428.9
2.2,0.219023,2,-0.402821,0.217031,-0.175588,45137.7
2.2,0.219023,2,-0.402821,0.217031,-0.172586,45328.2
2.2,0.219023,2,-0.402821,0.217031,-0.169585,43859.6
2.2,0.219023,2,-0.402821,0.217031,-0.166583,45237.4
2.2,0.219023,2,-0.402821,0.217031,-0.163582,38359.4
2.2,0.219023,2,-0.402821,0.217031,-0.16058,40772.9
2.2,0.219023,2,-0.402821,0.217031,-0.157579,46824.1
2.2,0.219023,2,-0.402821,0.217031,-0.154577,36769.6
2.2,0.219023,2,-0.402821,0.217031,-0.151576,39754.5
2.2,0.219023,2,-0.402821,0.217031,-0.148574,36800.6
2.2,0.219023,2,-0.402821,0.217031,-0.145573,36860.1
2.2,0.219023,2,-0.402821,0.217031,-0.142571,45691.3
2.2,0.219023,2,-0.402821,0.217031,-0.13957,44874.6
2.2,0.219023,2,-0.402821,0.217031,-0.136568,46668.9
2.2,0.219023,2,-0.402821,0.217031,-0.133567,47213.7
2.2,0.219023,2,-0.402821,0.217031,-0.130565,38933.4
2.2,0.219023,2,-0.402821,0.217031,-0.127564,38653.2
2.2,0.219023,2,-0.402821,0.217031,-0.124562,41042.3
2.2,0.219023,2,-0.402821,0.217031,-0.121561,39363.9
2.2,0.219023,2,-0.402821,0.217031,-0.118559,40799.9
2.2,0.219023,2,-0.402821,0.217031,-0.115558,45217.7
2.2,0.219023,2,-0.402821,0.217031,-0.112556,38650.2
2.2,0.219023,2,-0.402821,0.217031,-0.109555,36727
2.2,0.219023,2,-0.402821,0.217031,-0.106553,39415.4
2.2,0.219023,2,-0.402821,0.217031,-0.103552,42327.9
2.2,0.219023,2,-0.402821,0.217031,-0.10055,39087.7
2.2,0.219023,2,-0.402821,0.217031,-0.0975488,38187.3
2.2,0.219023,2,-0.402821,0.217031,-0.0945473,44245.2
2.2,0.219023,2,-0.402821,0.217031,-0.0915458,43721.2
2.2,0.219023,2,-0.402821,0.217031,-0.0885443,39523.1
2.2,0.219023,2,-0.402821,0.217031,-0.0855428,45613.4
2.2,0.219023,2,-0.402821,0.217031,-0.0825413,44445
2.2,0.219023,2,-0.402821,0.217031,-0.0795398,44973.8
2.2,0.219023,2,-0.402821,0.217031,-0.0765383,39543.6
2.2,0.219023,2,-0.402821,0.217031,-0.0735368,44942.4
2.2,0.219023,2,-0.402821,0.217031,-0.0705353,40031.2
2.2,0.219023,2,-0.402821,0.217031,-0.0675338,45967.5
2.2,0.219023,2,-0.402821,0.217031,-0.0645323,40115.5
2.2,0.219023,2,-0.402821,0.217031,-0.0615308,45785.5
2.2,0.219023,2,-0.402821,0.217031,-0.0585293,41241.7
2.2,0.219023,2,-0.402821,0.217031,-0.0555278,38714.2
2.2,0.219023,2,-0.402821,0.217031,-0.0525263,47499.7
2.2,0.219023,2,-0.402821,0.217031,-0.0495248,37381.8
2.2,0.219023,2,-0.402821,0.217031,-0.0465233,45281
2.2,0.219023,2,-0.402821,0.217031,-0.0435218,40557.5
2.2,0.219023,2,-0.402821,0.217031,-0.0405203,45799.9
2.2,0.219023,2,-0.402821,0.217031,-0.0375188,46943.8
2.2,0.219023,2,-0.402821,0.217031,-0.0345173,36665.9
2.2,0.219023,2,-0.402821,0.217031,-0.0315158,38009
2.2,0.219023,2,-0.402821,0.217031,-0.0285143,41493.8
2.2,0.219023,2,-0.402821,0.217031,-0.0255128,46658.4
2.2,0.219023,2,-0.402821,0.217031,-0.0225113,43038.1
2.2,0.219023,2,-0.402821,0.217031,-0.0195098,41124.4
2.2,0.219023,2,-0.402821,0.217031,-0.0165083,38968.5
2.2,0.219023,2,-0.402821,0.217031,-0.0135068,37694
2.2,0.219023,2,-0.402821,0.217031,-0.0105053,42455.8
2.2,0.219023,2,-0.402821,0.217031,-0.00750375,37186.8
2.2,0.219023,2,-0.402821,0.217031,-0.00450225,38766.1
2.2,0.219023,2,-0.402821,0.217031,-0.00150075,42130.5
2.2,0.219023,2,-0.402821,0.217031,0.00150075,44137.7
2.2,0.219023,2,-0.402821,0.217031,0.00450225,38802.3
2.2,0.219023,2,-0.402821,0.217031,0.00750375,38914.7
2.2,0.219023,2,-0.402821,0.217031,0.0105053,47859.4
2.2,0.219023,2,-0.402821,0.217031,0.0135068,47768.3
2.2,0.219023,2,-0.402821,0.217031,0.0165083,44752.4
2.2,0.219023,2,-0.402821,0.217031,0.0195098,45108.7
2.2,0.219023,2,-0.402821,0.217031,0.0225113,47123
2.2,0.219023,2,-0.402821,0.217031,0.0255128,40460
2.2,0.219023,2,-0.402821,0.217031,0.0285143,44208.7
2.2,0.219023,2,-0.402821,0.217031,0.0315158,40866.6
2.2,0.219023,2,-0.402821,0.217031,0.0345173,47992.8
2.2,0.219023,2,-0.402821,0.217031,0.0375188,41120.5
2.2,0.219023,2,-0.402821,0.217031,0.0405203,38517.6
2.2,0.219023,2,-0.402821,0.217031,0.0435218,37289.3
2.2,0.219023,2,-0.402821,0.217031,0.0465233,44371.4
2.2,0.219023,2,-0.402821,0.217031,0.0495248,37384.8
2.2,0.219023,2,-0.402821,0.217031,0.0525263,47601.1
2.2,0.219023,2,-0.402821,0.217031,0.0555278,44341.9
2.2,0.219023,2,-0.402821,0.217031,0.0585293,38904.9
2.2,0.219023,2,-0.402821,0.217031,0.0615308,43795.2
2.2,0.219023,2,-0.402821,0.217031,0.0645323,43298.1
2.2,0.219023,2,-0.402821,0.217031,0.0675338,43707.7
2.2,0.219023,2,-0.402821,0.217031,0.0705353,37201.3
2.2,0.219023,2,-0.402821,0.217031,0.0735368,40029.4
2.2,0.219023,2,-0.402821,0.217031,0.0765383,48004.4
2.2,0.219023,2,-0.402821,0.217031,0.0795398,39014.7
2.2,0.219023,2,-0.402821,0.217031,0.0825413,43343.1
2.2,0.219023,2,-0.402821,0.217031,0.0855428,39356.6
2.2,0.219023,2,-0.402821,0.217031,0.0885443,38842.8
2.2,0.219023,2,-0.402821,0.217031,0.0915458,39460.6
2.2,0.219023,2,-0.402821,0.217031,0.0945473,41155.7
2.2,0.219023,2,-0.402821,0.217031,0.0975488,41402.4
2.2,0.219023,2,-0.402821,0.217031,0.10055,48599
2.2,0.219023,2,-0.402821,0.217031,0.103552,38141.3
2.2,0.219023,2,-0.402821,0.217031,0.106553,44445.9
2.2,0.219023,2,-0.402821,0.217031,0.109555,37575
2.2,0.219023,2,-0.402821,0.217031,0.112556,39939.3
2.2,0.219023,2,-0.402821,0.217031,0.115558,37878.5
2.2,0.219023,2,-0.402821,0.217031,0.118559,38050.3
2.2,0.219023,2,-0.402821,0.217031,0.121561,44580.4
2.2,0.219023,2,-0.402821,0.217031,0.124562,38610.1
2.2,0.219023,2,-0.402821,0.217031,0.127564,40425.3
2.2,0.219023,2,-0.402821,0.217031,0.130565,40493.2
2.2,0.219023,2,-0.402821,0.217031,0.133567,38822.6
2.2,0.219023,2,-0.402821,0.217031,0.136568,37380.4
2.2,0.219023,2,-0.402821,0.217031,0.13957,38283.1
2.2,0.219023,2,-0.402821,0.217031,0.142571,39770
2.2,0.219023,2,-0.402821,0.217031,0.145573,41724.1
2.2,0.219023,2,-0.402821,0.217031,0.148574,45689.3
2.2,0.219023,2,-0.402821,0.217031,0.151576,37737.2
2.2,0.219023,2,-0.402821,0.217031,0.154577,47313.9
2.2,0.219023,2,-0.402821,0.217031,0.157579,38507.6
2.2,0.219023,2,-0.402821,0.217031,0.16058,37640.9
2.2,0.219023,2,-0.402821,0.217031,0.163582,47394.9
2.2,0.219023,2,-0.402821,0.217031,0.166583,38232.4
2.2,0.219023,2,-0.402821,0.217031,0.169585,38391
2.2,0.219023,2,-0.402821,0.217031,0.172586,41067.5
2.2,0.219023,2,-0.402821,0.217031,0.175588,38822
2.2,0.219023,2,-0.402821,0.217031,0.178589,47027.5
2.2,0.219023,2,-0.402821,0.217031,0.181591,45819.8
2.2,0.219023,2,-0.402821,0.217031,0.184592,38821.9
2.2,0.219023,2,-0.402821,0.217031,0.187594,37927.8
2.2,0.219023,2,-0.402821,0.217031,0.190595,39138.5
2.2,0.219023,2,-0.402821,0.217031,0.193597,46456.6
2.2,0.219023,2,-0.402821,0.217031,0.196598,43602.2
2.2,0.219023,2,-0.402821,0.217031,0.1996,44554.9
2.2,0.219023,2,-0.402821,0.217031,0.202601,39022.1
2.2,0.219023,2,-0.402821,0.217031,0.205603,44339
2.2,0.219023,2,-0.402821,0.217031,0.208604,41013.7
2.2,0.219023,2,-0.402821,0.217031,0.211606,38927.8
2.2,0.219023,2,-0.402821,0.217031,0.214607,38185.9
2.2,0.219023,2,-0.402821,0.217031,0.217609,38398.7
2.2,0.219023,2,-0.402821,0.217031,0.22061,44884.1
2.2,0.219023,2,-0.402821,0.217031,0.223612,40776.9
2.2,0.219023,2,-0.402821,0.217031,0.226613,45176
2.2,0.219023,2,-0.402821,0.217031,0.229615,40207.3
2.2,0.219023,2,-0.402821,0.217031,0.232616,39434.9
2.2,0.219023,2,-0.402821,0.217031,0.235618,38989.2
2.2,0.219023,2,-0.402821,0.217031,0.238619,41551.1
2.2,0.219023,2,-0.402821,0.217031,0.241621,38731.2
2.2,0.219023,2,-0.402821,0.217031,0.244622,39243.6
2.2,0.219023,2,-0.402821,0.217031,0.247624,45089.4
2.2,0.219023,2,-0.402821,0.217031,0.250625,37805.3
2.2,0.219023,2,-0.402821,0.217031,0.253627,38003.4
2.2,0.219023,2,-0.402821,0.217031,0.256628,38052.7
2.2,0.219023,2,-0.402821,0.217031,0.25963,40180.7
2.2,0.219023,2,-0.402821,0.217031,0.262631,47045.1
2.2,0.219023,2,-0.402821,0.217031,0.265633,38074.4
2.2,0.219023,2,-0.402821,0.217031,0.268634,43781.9
2.2,0.219023,2,-0.402821,0.217031,0.271636,43243.5
2.2,0.219023,2,-0.402821,0.217031,0.274637,39132
2.2,0.219023,2,-0.402821,0.217031,0.277639,38235.1
2.2,0.219023,2,-0.402821,0.217031,0.28064,42076.4
2.2,0.219023,2,-0.402821,0.217031,0.283642,41044.3
2.2,0.219023,2,-0.402821,0.217031,0.286643,40228.4
2.2,0.219023,2,-0.402821,0.217031,0.289645,37353.1
2.2,0.219023,2,-0.402821,0.217031,0.292646,47182.5
2.2,0.219023,2,-0.402821,0.217031,0.295648,42042.1
2.2,0.219023,2,-0.402821,0.217031,0.298649,38171.2
2.2,0.219023,2,-0.402821,0.217031,0.301651,43027.2
2.2,0.219023,2,-0.402821,0.217031,0.304652,43990.6
2.2,0.219023,2,-0.402821,0.217031,0.307654,40248.5
2.2,0.219023,2,-0.402821,0.217031,0.310655,42700.2
2.2,0.219023,2,-0.402821,0.217031,0.313657,39389.3
2.2,0.219023,2,-0.402821,0.217031,0.316658,43444.4
2.2,0.219023,2,-0.402821,0.217031,0.31966,43386.8
2.2,0.219023,2,-0.402821,0.217031,0.322661,39814.7
2.2,0.219023,2,-0.402821,0.217031,0.325663,46353.3
2.2,0.219023,2,-0.402821,0.217031,0.328664,42736.3
2.2,0.219023,2,-0.402821,0.217031,0.331666,39483.2
2.2,0.219023,2,-0.402821,0.217031,0.334667,39833
2.2,0.219023,2,-0.402821,0.217031,0.337669,39474.5
2.2,0.219023,2,-0.402821,0.217031,0.34067,39435.3
2.2,0.219023,2,-0.402821,0.217031,0.343672,40450.4
2.2,0.219023,2,-0.402821,0.217031,0.346673,47853.6
2.2,0.219023,2,-0.402821,0.217031,0.349675,39707.7
2.2,0.219023,2,-0.402821,0.217031,0.352676,45788
2.2,0.219023,2,-0.402821,0.217031,0.355678,37665.2
2.2,0.219023,2,-0.402821,0.217031,0.358679,46922.7
2.2,0.219023,2,-0.402821,0.217031,0.361681,47504.8
2.2,0.219023,2,-0.402821,0.217031,0.364682,40399.2
2.2,0.219023,2,-0.402821,0.217031,0.367684,39206.8
2.2,0.219023,2,-0.402821,0.217031,0.370685,38719
2.2,0.219023,2,-0.402821,0.217031,0.373687,41746.5
2.2,0.219023,2,-0.402821,0.217031,0.376688,40643.2
2.2,0.219023,2,-0.402821,0.217031,0.37969,43831.4
2.2,0.219023,2,-0.402821,0.217031,0.382691,41145.3
2.2,0.219023,2,-0.402821,0.217031,0.385693,40275.6
2.2,0.219023,2,-0.402821,0.217031,0.388694,44437
2.2,0.219023,2,-0.402821,0.217031,0.391696,40015.6
2.2,0.219023,2,-0.402821,0.217031,0.394697,43585.8
2.2,0.219023,2,-0.402821,0.217031,0.397699,38331.3
2.2,0.219023,2,-0.402821,0.217031,0.4007,40687.2
2.2,0.219023,2,-0.402821,0.217031,0.403702,39523.8
2.2,0.219023,2,-0.402821,0.217031,0.406703,43811.8
2.2,0.219023,2,-0.402821,0.217031,0.409705,40091.9
2.2,0.219023,2,-0.402821,0.217031,0.412706,46352.2
2.2,0.219023,2,-0.402821,0.217031,0.415708,39681.2
2.2,0.219023,2,-0.402821,0.217031,0.418709,40919
2.2,0.219023,2,-0.402821,0.217031,0.421711,45770.3
2.2,0.219023,2,-0.402821,0.217031,0.424712,39340.5
2.2,0.219023,2,-0.402821,0.217031,0.427714,41980.9
2.2,0.219023,2,-0.402821,0.217031,0.430715,39135.1
2.2,0.219023,2,-0.402821,0.217031,0.433717,37111.2
2.2,0.219023,2,-0.402821,0.217031,0.436718,40799.4
2.2,0.219023,2,-0.402821,0.217031,0.43972,40481.1
2.2,0.219023,2,-0.402821,0.217031,0.442721,36751
2.2,0.219023,2,-0.402821,0.217031,0.445723,37798.9
2.2,0.219023,2,-0.402821,0.217031,0.448724,46519.1
2.2,0.219023,2,-0.402821,0.217031,0.451726,41425.2
2.2,0.219023,2,-0.402821,0.217031,0.454727,38499.3
2.2,0.219023,2,-0.402821,0.217031,0.457729,37486
2.2,0.219023,2,-0.402821,0.217031,0.46073,43094.1
2.2,0.219023,2,-0.402821,0.217031,0.463732,38421.6
2.2,0.219023,2,-0.402821,0.217031,0.466733,40764.4
2.2,0.219023,2,-0.402821,0.217031,0.469735,41471.4
2.2,0.219023,2,-0.402821,0.217031,0.472736,38121.9
2.2,0.219023,2,-0.402821,0.217031,0.475738,43354.1
2.2,0.219023,2,-0.402821,0.217031,0.478739,37324.2
2.2,0.219023,2,-0.402821,0.217031,0.481741,38345.5
2.2,0.219023,2,-0.402821,0.217031,0.484742,38425
2.2,0.219023,2,-0.402821,0.217031,0.487744,42109.5
2.2,0.219023,2,-0.402821,0.217031,0.490745,44555.8
2.2,0.219023,2,-0.402821,0.217031,0.493747,47008.4
2.2,0.219023,2,-0.402821,0.217031,0.496748,44324.7
2.2,0.219023,2,-0.402821,0.217031,0.49975,42990.5
2.2,0.219023,2,-0.402821,0.217031,0.502751,41500.3
2.2,0.219023,2,-0.402821,0.217031,0.505753,40265.2
2.2,0.219023,2,-0.402821,0.217031,0.508754,43913.9
2.2,0.219023,2,-0.402821,0.217031,0.511756,39498.6
2.2,0.219023,2,-0.402821,0.217031,0.514757,46073.6
2.2,0.219023,2,-0.402821,0.217031,0.517759,37526
2.2,0.219023,2,-0.402821,0.217031,0.52076,47946.9
2.2,0.219023,2,-0.402821,0.217031,0.523762,37760.7
2.2,0.219023,2,-0.402821,0.217031,0.526763,37648.6
2.2,0.219023,2,-0.402821,0.217031,0.529765,37828.4
2.2,0.219023,2,-0.402821,0.217031,0.532766,36605
2.2,0.219023,2,-0.402821,0.217031,0.535768,42931.3
2.2,0.219023,2,-0.402821,0.217031,0.538769,39469
2.2,0.219023,2,-0.402821,0.217031,0.541771,36664.3
2.2,0.219023,2,-0.402821,0.217031,0.544772,44692.5
2.2,0.219023,2,-0.402821,0.217031,0.547774,37317.8
2.2,0.219023,2,-0.402821,0.217031,0.550775,40697.5
2.2,0.219023,2,-0.402821,0.217031,0.553777,37896.9
2.2,0.219023,2,-0.402821,0.217031,0.556778,36817.3
2.2,0.219023,2,-0.402821,0.217031,0.55978,45495.7
2.2,0.219023,2,-0.402821,0.217031,0.562781,37054.1
2.2,0.219023,2,-0.402821,0.217031,0.565783,41053.5
2.2,0.219023,2,-0.402821,0.217031,0.568784,38092.4
2.2,0.219023,2,-0.402821,0.217031,0.571786,42752.4
2.2,0.219023,2,-0.402821,0.217031,0.574787,47444.1
2.2,0.219023,2,-0.402821,0.217031,0.577789,42993.2
2.2,0.219023,2,-0.402821,0.217031,0.58079,37476.7
2.2,0.219023,2,-0.402821,0.217031,0.583792,46486.5
2.2,0.219023,2,-0.402821,0.217031,0.586793,37176.5
2.2,0.219023,2,-0.402821,0.217031,0.589795,47214.3
2.2,0.219023,2,-0.402821,0.217031,0.592796,39526.5
2.2,0.219023,2,-0.402821,0.217031,0.595798,43544
2.2,0.219023,2,-0.402821,0.217031,0.598799,43374.4
2.2,0.219023,2,-0.402821,0.217031,0.601801,45614.1
2.2,0.219023,2,-0.402821,0.217031,0.604802,45371.2
2.2,0.219023,2,-0.402821,0.217031,0.607804,38435.8
2.2,0.219023,2,-0.402821,0.217031,0.610805,42963.2
2.2,0.219023,2,-0.402821,0.217031,0.613807,45597.4
2.2,0.219023,2,-0.402821,0.217031,0.616808,44849
2.2,0.219023,2,-0.402821,0.217031,0.61981,37029.3
2.2,0.219023,2,-0.402821,0.217031,0.622811,38316.6
2.2,0.219023,2,-0.402821,0.217031,0.625813,41821.9
2.2,0.219023,2,-0.402821,0.217031,0.628814,39876.9
2.2,0.219023,2,-0.402821,0.217031,0.631816,43032
2.2,0.219023,2,-0.402821,0.217031,0.634817,43511.7
2.2,0.219023,2,-0.402821,0.217031,0.637819,39162
2.2,0.219023,2,-0.402821,0.217031,0.64082,40637.6
2.2,0.219023,2,-0.402821,0.217031,0.643822,38768.6
2.2,0.219023,2,-0.402821,0.217031,0.646823,36955.4
2.2,0.219023,2,-0.402821,0.217031,0.649825,39143.4
2.2,0.219023,2,-0.402821,0.217031,0.652826,44341.5
2.2,0.219023,2,-0.402821,0.217031,0.655828,43929.7
2.2,0.219023,2,-0.402821,0.217031,0.658829,42268.8
2.2,0.219023,2,-0.402821,0.217031,0.661831,46322.6
2.2,0.219023,2,-0.402821,0.217031,0.664832,45911.7
2.2,0.219023,2,-0.402821,0.217031,0.667834,42160.5
2.2,0.219023,2,-0.402821,0.217031,0.670835,44552.1
2.2,0.219023,2,-0.402821,0.217031,0.673837,40692.2
2.2,0.219023,2,-0.402821,0.217031,0.676838,44755.1
2.2,0.219023,2,-0.402821,0.217031,0.67984,36093.6
2.2,0.219023,2,-0.402821,0.217031,0.682841,37434.6
2.2,0.219023,2,-0.402821,0.217031,0.685843,36280
2.2,0.219023,2,-0.402821,0.217031,0.688844,38621.9
2.2,0.219023,2,-0.402821,0.217031,0.691846,41868.8
2.2,0.219023,2,-0.402821,0.217031,0.694847,43914.6
2.2,0.219023,2,-0.402821,0.217031,0.697849,37789
2.2,0.219023,2,-0.402821,0.217031,0.70085,39374.5
2.2,0.219023,2,-0.402821,0.217031,0.703852,37368
2.2,0.219023,2,-0.402821,0.217031,0.706853,40957.6
2.2,0.219023,2,-0.402821,0.217031,0.709855,37791.5
2.2,0.219023,2,-0.402821,0.217031,0.712856,37843.5
2.2,0.219023,2,-0.402821,0.217031,0.715858,35879.1
2.2,0.219023,2,-0.402821,0.217031,0.718859,42785.6
2.2,0.219023,2,-0.402821,0.217031,0.721861,35817.3
2.2,0.219023,2,-0.402821,0.217031,0.724862,38357.7
2.2,0.219023,2,-0.402821,0.217031,0.727864,36966.4
2.2,0.219023,2,-0.402821,0.217031,0.730865,39730.7
2.2,0.219023,2,-0.402821,0.217031,0.733867,40297.4
2.2,0.219023,2,-0.402821,0.217031,0.736868,39914.2
2.2,0.219023,2,-0.402821,0.217031,0.73987,38160.9
2.2,0.219023,2,-0.402821,0.217031,0.742871,42269.5
2.2,0.219023,2,-0.402821,0.217031,0.745873,43748
2.2,0.219023,2,-0.402821,0.217031,0.748874,40246.7
2.2,0.219023,2,-0.402821,0.217031,0.751876,45065.1
2.2,0.219023,2,-0.402821,0.217031,0.754877,37806.2
2.2,0.219023,2,-0.402821,0.217031,0.757879,35778.4
2.2,0.219023,2,-0.402821,0.217031,0.76088,42270.3
2.2,0.219023,2,-0.402821,0.217031,0.763882,46311.9
2.2,0.219023,2,-0.402821,0.217031,0.766883,42344.1
2.2,0.219023,2,-0.402821,0.217031,0.769885,42400
2.2,0.219023,2,-0.402821,0.217031,0.772886,41966
2.2,0.219023,2,-0.402821,0.217031,0.775888,44884.4
2.2,0.219023,2,-0.402821,0.217031,0.778889,41439.1
2.2,0.219023,2,-0.402821,0.217031,0.781891,36604.6
2.2,0.219023,2,-0.402821,0.217031,0.784892,37926.3
2.2,0.219023,2,-0.402821,0.217031,0.787894,37969.2
2.2,0.219023,2,-0.402821,0.217031,0.790895,45790.9
2.2,0.219023,2,-0.402821,0.217031,0.793897,46233
2.2,0.219023,2,-0.402821,0.217031,0.796898,38584.5
2.2,0.219023,2,-0.402821,0.217031,0.7999,44913.2
2.2,0.219023,2,-0.402821,0.217031,0.802901,38948.9
2.2,0.219023,2,-0.402821,0.217031,0.805903,39559.4
2.2,0.219023,2,-0.402821,0.217031,0.808904,41859.6
2.2,0.219023,2,-0.402821,0.217031,0.811906,38120.1
2.2,0.219023,2,-0.402821,0.217031,0.814907,35212.7
2.2,0.219023,2,-0.402821,0.217031,0.817909,39420
2.2,0.219023,2,-0.402821,0.217031,0.82091,41951.9
2.2,0.219023,2,-0.402821,0.217031,0.823912,35611.1
2.2,0.219023,2,-0.402821,0.217031,0.826913,44189.1
2.2,0.219023,2,-0.402821,0.217031,0.829915,37137.2
2.2,0.219023,2,-0.402821,0.217031,0.832916,38627.5
2.2,0.219023,2,-0.402821,0.217031,0.835918,40073.6
2.2,0.219023,2,-0.402821,0.217031,0.838919,37717.4
2.2,0.219023,2,-0.402821,0.217031,0.841921,41067.9
2.2,0.219023,2,-0.402821,0.217031,0.844922,39295.1
2.2,0.219023,2,-0.402821,0.217031,0.847924,40287
2.2,0.219023,2,-0.402821,0.217031,0.850925,44788.5
2.2,0.219023,2,-0.402821,0.217031,0.853927,42622.1
2.2,0.219023,2,-0.402821,0.217031,0.856928,40175.6
2.2,0.219023,2,-0.402821,0.217031,0.85993,35851.3
2.2,0.219023,2,-0.402821,0.217031,0.862931,36113.4
2.2,0.219023,2,-0.402821,0.217031,0.865933,37402.9
2.2,0.219023,2,-0.402821,0.217031,0.868934,37335.1
2.2,0.219023,2,-0.402821,0.217031,0.871936,37697.8
2.2,0.219023,2,-0.402821,0.217031,0.874937,34282.2
2.2,0.219023,2,-0.402821,0.217031,0.877939,38139.9
2.2,0.219023,2,-0.402821,0.217031,0.88094,42510.2
2.2,0.219023,2,-0.402821,0.217031,0.883942,38426.1
2.2,0.219023,2,-0.402821,0.217031,0.886943,39709.1
2.2,0.219023,2,-0.402821,0.217031,0.889945,40551.4
2.2,0.219023,2,-0.402821,0.217031,0.892946,34323.6
2.2,0.219023,2,-0.402821,0.217031,0.895948,37802.4
2.2,0.219023,2,-0.402821,0.217031,0.898949,34875.4
2.2,0.219023,2,-0.402821,0.217031,0.901951,38074.1
2.2,0.219023,2,-0.402821,0.217031,0.904952,35597.5
2.2,0.219023,2,-0.402821,0.217031,0.907954,37839
2.2,0.219023,2,-0.402821,0.217031,0.910955,40794.4
2.2,0.219023,2,-0.402821,0.217031,0.913957,39944.7
2.2,0.219023,2,-0.402821,0.217031,0.916958,38995.1
2.2,0.219023,2,-0.402821,0.217031,0.91996,33521.1
2.2,0.219023,2,-0.402821,0.217031,0.922961,34776.3
2.2,0.219023,2,-0.402821,0.217031,0.925963,41065.1
2.2,0.219023,2,-0.402821,0.217031,0.928964,36831.9
2.2,0.219023,2,-0.402821,0.217031,0.931966,36252.9
2.2,0.219023,2,-0.402821,0.217031,0.934967,34171.4
2.2,0.219023,2,-0.402821,0.217031,0.937969,34888.8
2.2,0.219023,2,-0.402821,0.217031,0.94097,37722.9
2.2,0.219023,2,-0.402821,0.217031,0.943972,40889.9
2.2,0.219023,2,-0.402821,0.217031,0.946973,40495.8
2.2,0.219023,2,-0.402821,0.217031,0.949975,36818.9
2.2,0.219023,2,-0.402821,0.217031,0.952976,32678.6
2.2,0.219023,2,-0.402821,0.217031,0.955978,39473.5
2.2,0.219023,2,-0.402821,0.217031,0.958979,36178.3
2.2,0.219023,2,-0.402821,0.217031,0.961981,40658.4
2.2,0.219023,2,-0.402821,0.217031,0.964982,41348.1
2.2,0.219023,2,-0.402821,0.217031,0.967984,38149.2
2.2,0.219023,2,-0.402821,0.217031,0.970985,34955.6
2.2,0.219023,2,-0.402821,0.217031,0.973987,36242.3
2.2,0.219023,2,-0.402821,0.217031,0.976988,32541.5
2.2,0.219023,2,-0.402821,0.217031,0.97999,36856.1
2.2,0.219023,2,-0.402821,0.217031,0.982991,33482.4
2.2,0.219023,2,-0.402821,0.217031,0.985993,31226.8
2.2,0.219023,2,-0.402821,0.217031,0.988994,32499.5
2.2,0.219023,2,-0.402821,0.217031,0.991996,29546.1
2.2,0.219023,2,-0.402821,0.217031,0.994997,28829.8
2.2,0.219023,2,-0.402821,0.217031,0.997999,33816.2
2.2,0.219023,2,-0.402821,0.217031,1.001,-28315.6
2.2,0.219023,2,-0.402821,0.217031,1.004,-30655.6
2.2,0.219023,2,-0.402821,0.217031,1.007,-29862.3
2.2,0.219023,2,-0.402821,0.217031,1.01001,-37596.6
2.2,0.219023,2,-0.402821,0.217031,1.01301,-35079.7
2.2,0.219023,2,-0.402821,0.217031,1.01601,-36680.1
2.2,0.219023,2,-0.402821,0.217031,1.01901,-34205.6
2.2,0.219023,2,-0.402821,0.217031,1.02201,-30958.1
2.2,0.219023,2,-0.402821,0.217031,1.02501,-37296.1
2.2,0.219023,2,-0.402821,0.217031,1.02801,-40318.2
2.2,0.219023,2,-0.402821,0.217031,1.03102,-39801.6
2.2,0.219023,2,-0.402821,0.217031,1.03402,-35719.1
2.2,0.219023,2,-0.402821,0.217031,1.03702,-34057.7
2.2,0.219023,2,-0.402821,0.217031,1.04002,-35395
2.2,0.219023,2,-0.402821,0.217031,1.04302,-37299
2.2,0.219023,2,-0.402821,0.217031,1.04602,-36799.9
2.2,0.219023,2,-0.402821,0.217031,1.04902,-37970.7
2.2,0.219023,2,-0.402821,0.217031,1.05203,-33859.3
2.2,0.219023,2,-0.402821,0.217031,1.05503,-37249.7
2.2,0.219023,2,-0.402821,0.217031,1.05803,-42394.6
2.2,0.219023,2,-0.402821,0.217031,1.06103,-34920.6
2.2,0.219023,2,-0.402821,0.217031,1.06403,-33499.8
2.2,0.219023,2,-0.402821,0.217031,1.06703,-41967.4
2.2,0.219023,2,-0.402821,0.217031,1.07004,-36131
2.2,0.219023,2,-0.402821,0.217031,1.07304,-42737.9
2.2,0.219023,2,-0.402821,0.217031,1.07604,-39831
2.2,0.219023,2,-0.402821,0.217031,1.07904,-35988.3
2.2,0.219023,2,-0.402821,0.217031,1.08204,-33782.6
2.2,0.219023,2,-0.402821,0.217031,1.08504,-34003.6
2.2,0.219023,2,-0.402821,0.217031,1.08804,-41637.6
2.2,0.219023,2,-0.402821,0.217031,1.09105,-34252.8
2.2,0.219023,2,-0.402821,0.217031,1.09405,-38169.2
2.2,0.219023,2,-0.402821,0.217031,1.09705,-39389.9
2.2,0.219023,2,-0.402821,0.217031,1.10005,-37525.7
2.2,0.219023,2,-0.402821,0.217031,1.10305,-43192.4
2.2,0.219023,2,-0.402821,0.217031,1.10605,-39825.7
2.2,0.219023,2,-0.402821,0.217031,1.10905,-41099.6
2.2,0.219023,2,-0.402821,0.217031,1.11206,-40300.9
2.2,0.219023,2,-0.402821,0.217031,1.11506,-40332.5
2.2,0.219023,2,-0.402821,0.217031,1.11806,-40931.2
2.2,0.219023,2,-0.402821,0.217031,1.12106,-43667.4
2.2,0.219023,2,-0.402821,0.217031,1.12406,-37953.7
2.2,0.219023,2,-0.402821,0.217031,1.12706,-40723
2.2,0.219023,2,-0.402821,0.217031,1.13007,-38350.6
2.2,0.219023,2,-0.402821,0.217031,1.13307,-37566.8
2.2,0.219023,2,-0.402821,0.217031,1.13607,-35927.9
2.2,0.219023,2,-0.402821,0.217031,1.13907,-41929.1
2.2,0.219023,2,-0.402821,0.217031,1.14207,-36269.8
2.2,0.219023,2,-0.402821,0.217031,1.14507,-40852.8
2.2,0.219023,2,-0.402821,0.217031,1.14807,-43767.1
2.2,0.219023,2,-0.402821,0.217031,1.15108,-44064.1
2.2,0.219023,2,-0.402821,0.217031,1.15408,-39481.1
2.2,0.219023,2,-0.402821,0.217031,1.15708,-38240.1
2.2,0.219023,2,-0.402821,0.217031,1.16008,-45834.4
2.2,0.219023,2,-0.402821,0.217031,1.16308,-41332.1
2.2,0.219023,2,-0.402821,0.217031,1.16608,-41142.5
2.2,0.219023,2,-0.402821,0.217031,1.16908,-36354.2
2.2,0.219023,2,-0.402821,0.217031,1.17209,-35183.1
2.2,0.219023,2,-0.402821,0.217031,1.17509,-36135.7
2.2,0.219023,2,-0.402821,0.217031,1.17809,-44440.1
2.2,0.219023,2,-0.402821,0.217031,1.18109,-45770.3
2.2,0.219023,2,-0.402821,0.217031,1.18409,-38463.2
2.2,0.219023,2,-0.402821,0.217031,1.18709,-40908.5
2.2,0.219023,2,-0.402821,0.217031,1.1901,-41218.9
2.2,0.219023,2,-0.402821,0.217031,1.1931,-41378.3
2.2,0.219023,2,-0.402821,0.217031,1.1961,-38758.8
2.2,0.219023,2,-0.402821,0.217031,1.1991,-37350.9
2.2,0.219023,2,-0.402821,0.217031,1.2021,-43768.3
2.2,0.219023,2,-0.402821,0.217031,1.2051,-41014.9
2.2,0.219023,2,-0.402821,0.217031,1.2081,-44988.9
2.2,0.219023,2,-0.402821,0.217031,1.21111,-46141.5
2.2,0.219023,2,-0.402821,0.217031,1.21411,-36369.7
2.2,0.219023,2,-0.402821,0.217031,1.21711,-42206.3
2.2,0.219023,2,-0.402821,0.217031,1.22011,-39638.2
2.2,0.219023,2,-0.402821,0.217031,1.22311,-46726.5
2.2,0.219023,2,-0.402821,0.217031,1.22611,-37416.9
2.2,0.219023,2,-0.402821,0.217031,1.22911,-40929.6
2.2,0.219023,2,-0.402821,0.217031,1.23212,-36258.3
2.2,0.219023,2,-0.402821,0.217031,1.23512,-39132.3
2.2,0.219023,2,-0.402821,0.217031,1.23812,-36024
2.2,0.219023,2,-0.402821,0.217031,1.24112,-36761.2
2.2,0.219023,2,-0.402821,0.217031,1.24412,-39187.5
2.2,0.219023,2,-0.402821,0.217031,1.24712,-44338.8
2.2,0.219023,2,-0.402821,0.217031,1.25013,-39009.5
2.2,0.219023,2,-0.402821,0.217031,1.25313,-38456.4
2.2,0.219023,2,-0.402821,0.217031,1.25613,-46319.7
2.2,0.219023,2,-0.402821,0.217031,1.25913,-42666.3
2.2,0.219023,2,-0.402821,0.217031,1.26213,-37208.2
2.2,0.219023,2,-0.402821,0.217031,1.26513,-40989
2.2,0.219023,2,-0.402821,0.217031,1.26813,-42485.7
2.2,0.219023,2,-0.402821,0.217031,1.27114,-45084.9
2.2,0.219023,2,-0.402821,0.217031,1.27414,-43689.3
2.2,0.219023,2,-0.402821,0.217031,1.27714,-44241.7
2.2,0.219023,2,-0.402821,0.217031,1.28014,-42764.6
2.2,0.219023,2,-0.402821,0.217031,1.28314,-41358
2.2,0.219023,2,-0.402821,0.217031,1.28614,-40874
2.2,0.219023,2,-0.402821,0.217031,1.28914,-44412.9
2.2,0.219023,2,-0.402821,0.217031,1.29215,-37802.5
2.2,0.219023,2,-0.402821,0.217031,1.29515,-37747.4
2.2,0.219023,2,-0.402821,0.217031,1.29815,-43186.4
2.2,0.219023,2,-0.402821,0.217031,1.30115,-44484.4
2.2,0.219023,2,-0.402821,0.217031,1.30415,-40659.1
2.2,0.219023,2,-0.402821,0.217031,1.30715,-37469.9
2.2,0.219023,2,-0.402821,0.217031,1.31016,-39639.6
2.2,0.219023,2,-0.402821,0.217031,1.31316,-36693.9
2.2,0.219023,2,-0.402821,0.217031,1.31616,-47506.7
2.2,0.219023,2,-0.402821,0.217031,1.31916,-36491.7
2.2,0.219023,2,-0.402821,0.217031,1.32216,-38679.3
2.2,0.219023,2,-0.402821,0.217031,1.32516,-43261.5
2.2,0.219023,2,-0.402821,0.217031,1.32816,-46689.7
2.2,0.219023,2,-0.402821,0.217031,1.33117,-42426.2
2.2,0.219023,2,-0.402821,0.217031,1.33417,-45704.4
2.2,0.219023,2,-0.402821,0.217031,1.33717,-39493.4
2.2,0.219023,2,-0.402821,0.217031,1.34017,-41876
2.2,0.219023,2,-0.402821,0.217031,1.34317,-43295.6
2.2,0.219023,2,-0.402821,0.217031,1.34617,-40880.8
2.2,0.219023,2,-0.402821,0.217031,1.34917,-44210.4
2.2,0.219023,2,-0.402821,0.217031,1.35218,-40247
2.2,0.219023,2,-0.402821,0.217031,1.35518,-43123.5
2.2,0.219023,2,-0.402821,0.217031,1.35818,-43476
2.2,0.219023,2,-0.402821,0.217031,1.36118,-43488.1
2.2,0.219023,2,-0.402821,0.217031,1.36418,-42290.4
2.2,0.219023,2,-0.402821,0.217031,1.36718,-38267.4
2.2,0.219023,2,-0.402821,0.217031,1.37019,-46993.3
2.2,0.219023,2,-0.402821,0.217031,1.37319,-42542.8
2.2,0.219023,2,-0.402821,0.217031,1.37619,-39097.7
2.2,0.219023,2,-0.402821,0.217031,1.37919,-44306.4
2.2,0.219023,2,-0.402821,0.217031,1.38219,-45445.8
2.2,0.219023,2,-0.402821,0.217031,1.38519,-46002.2
2.2,0.219023,2,-0.402821,0.217031,1.38819,-46264.1
2.2,0.219023,2,-0.402821,0.217031,1.3912,-38370
2.2,0.219023,2,-0.402821,0.217031,1.3942,-43507.1
2.2,0.219023,2,-0.402821,0.217031,1.3972,-45500.5
2.2,0.219023,2,-0.402821,0.217031,1.4002,-38045.3
2.2,0.219023,2,-0.402821,0.217031,1.4032,-36975.5
2.2,0.219023,2,-0.402821,0.217031,1.4062,-43655.2
2.2,0.219023,2,-0.402821,0.217031,1.4092,-40839.6
2.2,0.219023,2,-0.402821,0.217031,1.41221,-42812.6
2.2,0.219023,2,-0.402821,0.217031,1.41521,-37485.9
2.2,0.219023,2,-0.402821,0.217031,1.41821,-39661.4
2.2,0.219023,2,-0.402821,0.217031,1.42121,-41714.1
2.2,0.219023,2,-0.402821,0.217031,1.42421,-41380.7
2.2,0.219023,2,-0.402821,0.217031,1.42721,-37501.1
2.2,0.219023,2,-0.402821,0.217031,1.43022,-47982.2
2.2,0.219023,2,-0.402821,0.217031,1.43322,-46848
2.2,0.219023,2,-0.402821,0.217031,1.43622,-37405.9
2.2,0.219023,2,-0.402821,0.217031,1.43922,-40085.4
2.2,0.219023,2,-0.402821,0.217031,1.44222,-44027.4
2.2,0.219023,2,-0.402821,0.217031,1.44522,-44314.4
2.2,0.219023,2,-0.402821,0.217031,1.44822,-45515.8
2.2,0.219023,2,-0.402821,0.217031,1.45123,-41965.6
2.2,0.219023,2,-0.402821,0.217031,1.45423,-42727.6
2.2,0.219023,2,-0.402821,0.217031,1.45723,-46201.2
2.2,0.219023,2,-0.402821,0.217031,1.46023,-43816
2.2,0.219023,2,-0.402821,0.217031,1.46323,-41511.1
2.2,0.219023,2,-0.402821,0.217031,1.46623,-40677.3
2.2,0.219023,2,-0.402821,0.217031,1.46923,-37152.6
2.2,0.219023,2,-0.402821,0.217031,1.47224,-38894.6
2.2,0.219023,2,-0.402821,0.217031,1.47524,-43533.3
2.2,0.219023,2,-0.402821,0.217031,1.47824,-47281.2
2.2,0.219023,2,-0.402821,0.217031,1.48124,-45693
2.2,0.219023,2,-0.402821,0.217031,1.48424,-41482.1
2.2,0.219023,2,-0.402821,0.217031,1.48724,-39154.3
2.2,0.219023,2,-0.402821,0.217031,1.49025,-41347.5
2.2,0.219023,2,-0.402821,0.217031,1.49325,-41597.7
2.2,0.219023,2,-0.402821,0.217031,1.49625,-45028.9
2.2,0.219023,2,-0.402821,0.217031,1.49925,-39135.1
2.2,0.219023,2,-0.402821,0.217031,1.50225,-41931.2
2.2,0.219023,2,-0.402821,0.217031,1.50525,-41379.3
2.2,0.219023,2,-0.402821,0.217031,1.50825,-44861.3
2.2,0.219023,2,-0.402821,0.217031,1.51126,-39952.8
2.2,0.219023,2,-0.402821,0.217031,1.51426,-42216.7
2.2,0.219023,2,-0.402821,0.217031,1.51726,-45414.8
2.2,0.219023,2,-0.402821,0.217031,1.52026,-46945.3
2.2,0.219023,2,-0.402821,0.217031,1.52326,-39456.4
2.2,0.219023,2,-0.402821,0.217031,1.52626,-40368.7
2.2,0.219023,2,-0.402821,0.217031,1.52926,-40835.7
2.2,0.219023,2,-0.402821,0.217031,1.53227,-42526.4
2.2,0.219023,2,-0.402821,0.217031,1.53527,-39951.3
2.2,0.219023,2,-0.402821,0.217031,1.53827,-40042.8
2.2,0.219023,2,-0.402821,0.217031,1.54127,-40519.1
2.2,0.219023,2,-0.402821,0.217031,1.54427,-39492.9
2.2,0.219023,2,-0.402821,0.217031,1.54727,-40264.8
2.2,0.219023,2,-0.402821,0.217031,1.55028,-40056.1
2.2,0.219023,2,-0.402821,0.217031,1.55328,-42028.4
2.2,0.219023,2,-0.402821,0.217031,1.55628,-40258.8
2.2,0.219023,2,-0.402821,0.217031,1.55928,-40546.9
2.2,0.219023,2,-0.402821,0.217031,1.56228,-42176.3
2.2,0.219023,2,-0.402821,0.217031,1.56528,-40722.8
2.2,0.219023,2,-0.402821,0.217031,1.56828,-41482.9
2.2,0.219023,2,-0.402821,0.217031,1.57129,-41369.8
2.2,0.219023,2,-0.402821,0.217031,1.57429,-41380.4
2.2,0.219023,2,-0.402821,0.217031,1.57729,-39483.2
2.2,0.219023,2,-0.402821,0.217031,1.58029,-38869.1
2.2,0.219023,2,-0.402821,0.217031,1.58329,-38233.4
2.2,0.219023,2,-0.402821,0.217031,1.58629,-38373.4
2.2,0.219023,2,-0.402821,0.217031,1.58929,-37653.1
2.2,0.219023,2,-0.402821,0.217031,1.5923,-37953.1
2.2,0.219023,2,-0.402821,0.217031,1.5953,-39045.7
2.2,0.219023,2,-0.402821,0.217031,1.5983,-37604.4
2.2,0.219023,2,-0.402821,0.217031,1.6013,-39735.7
2.2,0.219023,2,-0.402821,0.217031,1.6043,-39121.1
2.2,0.219023,2,-0.402821,0.217031,1.6073,-38735.1
2.2,0.219023,2,-0.402821,0.217031,1.61031,-40960.3
2.2,0.219023,2,-0.402821,0.217031,1.61331,-40121.2
2.2,0.219023,2,-0.402821,0.217031,1.61631,-38204
2.2,0.219023,2,-0.402821,0.217031,1.61931,-37409.5
2.2,0.219023,2,-0.402821,0.217031,1.62231,-39548.5
2.2,0.219023,2,-0.402821,0.217031,1.62531,-38354.6
2.2,0.219023,2,-0.402821,0.217031,1.62831,-39376.3
2.2,0.219023,2,-0.402821,0.217031,1.63132,-40305.7
2.2,0.219023,2,-0.402821,0.217031,1.63432,-39445.8
2.2,0.219023,2,-0.402821,0.217031,1.63732,-38809.3
2.2,0.219023,2,-0.402821,0.217031,1.64032,-38027.2
2.2,0.219023,2,-0.402821,0.217031,1.64332,-39021.1
2.2,0.219023,2,-0.402821,0.217031,1.64632,-38353.3
2.2,0.219023,2,-0.402821,0.217031,1.64932,-38851.2
2.2,0.219023,2,-0.402821,0.217031,1.65233,-38882.4
2.2,0.219023,2,-0.402821,0.217031,1.65533,-39132.6
2.2,0.219023,2,-0.402821,0.217031,1.65833,-37625.6
2.2,0.219023,2,-0.402821,0.217031,1.66133,-39888.5
2.2,0.219023,2,-0.402821,0.217031,1.66433,-39037.2
2.2,0.219023,2,-0.402821,0.217031,1.66733,-39156.7
2.2,0.219023,2,-0.402821,0.217031,1.67034,-37748.7
2.2,0.219023,2,-0.402821,0.217031,1.67334,-37688.3
2.2,0.219023,2,-0.402821,0.217031,1.67634,-44125.1
2.2,0.219023,2,-0.402821,0.217031,1.67934,-38236.7
2.2,0.219023,2,-0.402821,0.217031,1.68234,-39776.7
2.2,0.219023,2,-0.402821,0.217031,1.68534,-38863.8
2.2,0.219023,2,-0.402821,0.217031,1.68834,-37760
2.2,0.219023,2,-0.402821,0.217031,1.69135,-37445.1
2.2,0.219023,2,-0.402821,0.217031,1.69435,-37880.2
2.2,0.219023,2,-0.402821,0.217031,1.69735,-37482.2
2.2,0.219023,2,-0.402821,0.217031,1.70035,-38194
2.2,0.219023,2,-0.402821,0.217031,1.70335,-39490.6
2.2,0.219023,2,-0.402821,0.217031,1.70635,-38852.5
2.2,0.219023,2,-0.402821,0.217031,1.70935,-37799.4
2.2,0.219023,2,-0.402821,0.217031,1.71236,-38889.4
2.2,0.219023,2,-0.402821,0.217031,1.71536,-40332
2.2,0.219023,2,-0.402821,0.217031,1.71836,-37960.6
2.2,0.219023,2,-0.402821,0.217031,1.72136,-38083.8
2.2,0.219023,2,-0.402821,0.217031,1.72436,-37828.5
2.2,0.219023,2,-0.402821,0.217031,1.72736,-37755.3
2.2,0.219023,2,-0.402821,0.217031,1.73037,-39633.9
2.2,0.219023,2,-0.402821,0.217031,1.73337,-40499.9
2.2,0.219023,2,-0.402821,0.217031,1.73637,-38422.5
2.2,0.219023,2,-0.402821,0.217031,1.73937,-37651.9
2.2,0.219023,2,-0.402821,0.217031,1.74237,-37656.3
2.2,0.219023,2,-0.402821,0.217031,1.74537,-37533.7
2.2,0.219023,2,-0.402821,0.217031,1.74837,-39872.6
2.2,0.219023,2,-0.402821,0.217031,1.75138,-40447
2.2,0.219023,2,-0.402821,0.217031,1.75438,-39106.1
2.2,0.219023,2,-0.402821,0.217031,1.75738,-37601.1
2.2,0.219023,2,-0.402821,0.217031,1.76038,-39527.5
2.2,0.219023,2,-0.402821,0.217031,1.76338,-39206.5
2.2,0.219023,2,-0.402821,0.217031,1.76638,-38348.7
2.2,0.219023,2,-0.402821,0.217031,1.76938,-38010.2
2.2,0.219023,2,-0.402821,0.217031,1.77239,-38750.4
2.2,0.219023,2,-0.402821,0.217031,1.77539,-39059.9
2.2,0.219023,2,-0.402821,0.217031,1.77839,-37573.9
2.2,0.219023,2,-0.402821,0.217031,1.78139,-40217.7
2.2,0.219023,2,-0.402821,0.217031,1.78439,-37994.1
2.2,0.219023,2,-0.402821,0.217031,1.78739,-39595.1
2.2,0.219023,2,-0.402821,0.217031,1.7904,-40471
2.2,0.219023,2,-0.402821,0.217031,1.7934,-40605.8
2.2,0.219023,2,-0.402821,0.217031,1.7964,-39411.4
2.2,0.219023,2,-0.402821,0.217031,1.7994,-38354.6
2.2,0.219023,2,-0.402821,0.217031,1.8024,-46317.7
2.2,0.219023,2,-0.402821,0.217031,1.8054,-38462.3
2.2,0.219023,2,-0.402821,0.217031,1.8084,-38097.6
2.2,0.219023,2,-0.402821,0.217031,1.81141,-38502.1
2.2,0.219023,2,-0.402821,0.217031,1.81441,-37693.2
2.2,0.219023,2,-0.402821,0.217031,1.81741,-39693.2
2.2,0.219023,2,-0.402821,0.217031,1.82041,-38472.7
2.2,0.219023,2,-0.402821,0.217031,1.82341,-38038.8
2.2,0.219023,2,-0.402821,0.217031,1.82641,-40169.9
2.2,0.219023,2,-0.402821,0.217031,1.82941,-42137.6
2.2,0.219023,2,-0.402821,0.217031,1.83242,-38009.8
2.2,0.219023,2,-0.402821,0.217031,1.83542,-40150.1
2.2,0.219023,2,-0.402821,0.217031,1.83842,-38876.9
2.2,0.219023,2,-0.402821,0.217031,1.84142,-37482.3
2.2,0.219023,2,-0.402821,0.217031,1.84442,-38408.9
2.2,0.219023,2,-0.402821,0.217031,1.84742,-40489.3
2.2,0.219023,2,-0.402821,0.217031,1.85043,-39465.2
2.2,0.219023,2,-0.402821,0.217031,1.85343,-39285.4
2.2,0.219023,2,-0.402821,0.217031,1.85643,-39958.4
2.2,0.219023,2,-0.402821,0.217031,1.85943,-38591.7
2.2,0.219023,2,-0.402821,0.217031,1.86243,-37845.3
2.2,0.219023,2,-0.402821,0.217031,1.86543,-38964.2
2.2,0.219023,2,-0.402821,0.217031,1.86843,-37796.2
2.2,0.219023,2,-0.402821,0.217031,1.87144,-37415.6
2.2,0.219023,2,-0.402821,0.217031,1.87444,-41583.1
2.2,0.219023,2,-0.402821,0.217031,1.87744,-40488.5
2.2,0.219023,2,-0.402821,0.217031,1.88044,-39741.3
2.2,0.219023,2,-0.402821,0.217031,1.88344,-38767.6
2.2,0.219023,2,-0.402821,0.217031,1.88644,-40062.1
2.2,0.219023,2,-0.402821,0.217031,1.88944,-37724.7
2.2,0.219023,2,-0.402821,0.217031,1.89245,-39159.7
2.2,0.219023,2,-0.402821,0.217031,1.89545,-39690.4
2.2,0.219023,2,-0.402821,0.217031,1.89845,-38199.9
2.2,0.219023,2,-0.402821,0.217031,1.90145,-37922.7
2.2,0.219023,2,-0.402821,0.217031,1.90445,-39073.2
2.2,0.219023,2,-0.402821,0.217031,1.90745,-39158.7
2.2,0.219023,2,-0.402821,0.217031,1.91046,-38494.9
2.2,0.219023,2,-0.402821,0.217031,1.91346,-39029.2
2.2,0.219023,2,-0.402821,0.217031,1.91646,-37442.2
2.2,0.219023,2,-0.402821,0.217031,1.91946,-37762.6
2.2,0.219023,2,-0.402821,0.217031,1.92246,-38641.9
2.2,0.219023,2,-0.402821,0.217031,1.92546,-37537.7
2.2,0.219023,2,-0.402821,0.217031,1.92846,-38285.3
2.2,0.219023,2,-0.402821,0.217031,1.93147,-38464.5
2.2,0.219023,2,-0.402821,0.217031,1.93447,-38075.9
2.2,0.219023,2,-0.402821,0.217031,1.93747,-38032.7
2.2,0.219023,2,-0.402821,0.217031,1.94047,-37892.4
2.2,0.219023,2,-0.402821,0.217031,1.94347,-37554.7
2.2,0.219023,2,-0.402821,0.217031,1.94647,-39070.2
2.2,0.219023,2,-0.402821,0.217031,1.94947,-38773.6
2.2,0.219023,2,-0.402821,0.217031,1.95248,-38319.4
2.2,0.219023,2,-0.402821,0.217031,1.95548,-38438.6
2.2,0.219023,2,-0.402821,0.217031,1.95848,-40170.2
2.2,0.219023,2,-0.402821,0.217031,1.96148,-38296.9
2.2,0.219023,2,-0.402821,0.217031,1.96448,-37500.7
2.2,0.219023,2,-0.402821,0.217031,1.96748,-38417
2.2,0.219023,2,-0.402821,0.217031,1.97049,-38473.6
2.2,0.219023,2,-0.402821,0.217031,1.97349,-38505.5
2.2,0.219023,2,-0.402821,0.217031,1.97649,-37675.1
2.2,0.219023,2,-0.402821,0.217031,1.97949,-37390
2.2,0.219023,2,-0.402821,0.217031,1.98249,-37443.1
2.2,0.219023,2,-0.402821,0.217031,1.98549,-40644.1
2.2,0.219023,2,-0.402821,0.217031,1.98849,-37592.9
2.2,0.219023,2,-0.402821,0.217031,1.9915,-39619.2
2.2,0.219023,2,-0.402821,0.217031,1.9945,-37587.3
2.2,0.219023,2,-0.402821,0.217031,1.9975,-37808.1
2.2,0.219023,2,-0.402821,0.217031,2.0005,-39175.2
2.2,0.219023,2,-0.402821,0.217031,2.0035,-39595.5
2.2,0.219023,2,-0.402821,0.217031,2.0065,-41355
2.2,0.219023,2,-0.402821,0.217031,2.0095,-41152.4
2.2,0.219023,2,-0.402821,0.217031,2.01251,-36922.6
2.2,0.219023,2,-0.402821,0.217031,2.01551,-42193
2.2,0.219023,2,-0.402821,0.217031,2.01851,-37547.4
2.2,0.219023,2,-0.402821,0.217031,2.02151,-41747.1
2.2,0.219023,2,-0.402821,0.217031,2.02451,-37314.1
2.2,0.219023,2,-0.402821,0.217031,2.02751,-43129.5
2.2,0.219023,2,-0.402821,0.217031,2.03052,-40080.7
2.2,0.219023,2,-0.402821,0.217031,2.03352,-41249.8
2.2,0.219023,2,-0.402821,0.217031,2.03652,-38388.7
2.2,0.219023,2,-0.402821,0.217031,2.03952,-37962.4
2.2,0.219023,2,-0.402821,0.217031,2.04252,-39483.4
2.2,0.219023,2,-0.402821,0.217031,2.04552,-40140.9
2.2,0.219023,2,-0.402821,0.217031,2.04852,-39176.3
2.2,0.219023,2,-0.402821,0.217031,2.05153,-40597.6
2.2,0.219023,2,-0.402821,0.217031,2.05453,-46623.3
2.2,0.219023,2,-0.402821,0.217031,2.05753,-37779.8
2.2,0.219023,2,-0.402821,0.217031,2.06053,-46718.2
2.2,0.219023,2,-0.402821,0.217031,2.06353,-42238.6
2.2,0.219023,2,-0.402821,0.217031,2.06653,-41096.1
2.2,0.219023,2,-0.402821,0.217031,2.06953,-43285.1
2.2,0.219023,2,-0.402821,0.217031,2.07254,-44637.6
2.2,0.219023,2,-0.402821,0.217031,2.07554,-45836.6
2.2,0.219023,2,-0.402821,0.217031,2.07854,-44536.5
2.2,0.219023,2,-0.402821,0.217031,2.08154,-44215.5
2.2,0.219023,2,-0.402821,0.217031,2.08454,-40765
2.2,0.219023,2,-0.402821,0.217031,2.08754,-39360.4
2.2,0.219023,2,-0.402821,0.217031,2.09055,-37083.4
2.2,0.219023,2,-0.402821,0.217031,2.09355,-38824
2.2,0.219023,2,-0.402821,0.217031,2.09655,-40993.7
2.2,0.219023,2,-0.402821,0.217031,2.09955,-39210.2
2.2,0.219023,2,-0.402821,0.217031,2.10255,-46904.2
2.2,0.219023,2,-0.402821,0.217031,2.10555,-43025.3
2.2,0.219023,2,-0.402821,0.217031,2.10855,-44788.6
2.2,0.219023,2,-0.402821,0.217031,2.11156,-43635.5
2.2,0.219023,2,-0.402821,0.217031,2.11456,-38197.9
2.2,0.219023,2,-0.402821,0.217031,2.11756,-38038.4
2.2,0.219023,2,-0.402821,0.217031,2.12056,-44315.9
2.2,0.219023,2,-0.402821,0.217031,2.12356,-36973.5
2.2,0.219023,2,-0.402821,0.217031,2.12656,-42298.4
2.2,0.219023,2,-0.402821,0.217031,2.12956,-44876.4
2.2,0.219023,2,-0.402821,0.217031,2.13257,-45549.7
2.2,0.219023,2,-0.402821,0.217031,2.13557,-42734.7
2.2,0.219023,2,-0.402821,0.217031,2.13857,-37699.6
2.2,0.219023,2,-0.402821,0.217031,2.14157,-41458.4
2.2,0.219023,2,-0.402821,0.217031,2.14457,-36025.8
2.2,0.219023,2,-0.402821,0.217031,2.14757,-36588.1
2.2,0.219023,2,-0.402821,0.217031,2.15058,-35554.2
2.2,0.219023,2,-0.402821,0.217031,2.15358,-45030.4
2.2,0.219023,2,-0.402821,0.217031,2.15658,-37963.7
2.2,0.219023,2,-0.402821,0.217031,2.15958,-43833.2
2.2,0.219023,2,-0.402821,0.217031,2.16258,-36166.1
2.2,0.219023,2,-0.402821,0.217031,2.16558,-36612.3
2.2,0.219023,2,-0.402821,0.217031,2.16858,-38067.9
2.2,0.219023,2,-0.402821,0.217031,2.17159,-42928.5
2.2,0.219023,2,-0.402821,0.217031,2.17459,-41715.6
2.2,0.219023,2,-0.402821,0.217031,2.17759,-42181.3
2.2,0.219023,2,-0.402821,0.217031,2.18059,-36651.5
2.2,0.219023,2,-0.402821,0.217031,2.18359,-40375.4
2.2,0.219023,2,-0.402821,0.217031,2.18659,-34969.3
2.2,0.219023,2,-0.402821,0.217031,2.18959,-34595.4
2.2,0.219023,2,-0.402821,0.217031,2.1926,-32768.1
2.2,0.219023,2,-0.402821,0.217031,2.1956,-35784.5
2.2,0.219023,2,-0.402821,0.217031,2.1986,-28627.7
2.2,0.219023,2,-0.402821,0.217031,2.2016,35103.9
2.2,0.219023,2,-0.402821,0.217031,2.2046,33791.2
2.2,0.219023,2,-0.402821,0.217031,2.2076,37488.5
2.2,0.219023,2,-0.402821,0.217031,2.21061,34446.8
2.2,0.219023,2,-0.402821,0.217031,2.21361,41288.1
2.2,0.219023,2,-0.402821,0.217031,2.21661,34412.9
2.2,0.219023,2,-0.402821,0.217031,2.21961,35949.2
2.2,0.219023,2,-0.402821,0.217031,2.22261,36346.3
2.2,0.219023,2,-0.402821,0.217031,2.22561,36660.4
2.2,0.219023,2,-0.402821,0.217031,2.22861,41393.5
2.2,0.219023,2,-0.402821,0.217031,2.23162,42418.6
2.2,0.219023,2,-0.402821,0.217031,2.23462,37039
2.2,0.219023,2,-0.402821,0.217031,2.23762,45898.2
2.2,0.219023,2,-0.402821,0.217031,2.24062,36797.4
2.2,0.219023,2,-0.402821,0.217031,2.24362,37149.9
2.2,0.219023,2,-0.402821,0.217031,2.24662,40464.7
2.2,0.219023,2,-0.402821,0.217031,2.24962,40773.8
2.2,0.219023,2,-0.402821,0.217031,2.25263,42273.3
2.2,0.219023,2,-0.402821,0.217031,2.25563,36068.4
2.2,0.219023,2,-0.402821,0.217031,2.25863,45298.3
2.2,0.219023,2,-0.402821,0.217031,2.26163,39671
2.2,0.219023,2,-0.402821,0.217031,2.26463,41772.5
2.2,0.219023,2,-0.402821,0.217031,2.26763,44153
2.2,0.219023,2,-0.402821,0.217031,2.27064,41585.4
2.2,0.219023,2,-0.402821,0.217031,2.27364,38525.2
2.2,0.219023,2,-0.402821,0.217031,2.27664,42241.4
2.2,0.219023,2,-0.402821,0.217031,2.27964,42331.6
2.2,0.219023,2,-0.402821,0.217031,2.28264,39179.1
2.2,0.219023,2,-0.402821,0.217031,2.28564,46963.8
2.2,0.219023,2,-0.402821,0.217031,2.28864,39600
2.2,0.219023,2,-0.402821,0.217031,2.29165,43688
2.2,0.219023,2,-0.402821,0.217031,2.29465,37129.2
2.2,0.219023,2,-0.402821,0.217031,2.29765,41438.3
2.2,0.219023,2,-0.402821,0.217031,2.30065,38606.6
2.2,0.219023,2,-0.402821,0.217031,2.30365,37354.9
2.2,0.219023,2,-0.402821,0.217031,2.30665,37257.9
2.2,0.219023,2,-0.402821,0.217031,2.30965,37806.3
2.2,0.219023,2,-0.402821,0.217031,2.31266,36968.6
2.2,0.219023,2,-0.402821,0.217031,2.31566,37543.9
2.2,0.219023,2,-0.402821,0.217031,2.31866,40382.5
2.2,0.219023,2,-0.402821,0.217031,2.32166,38926.5
2.2,0.219023,2,-0.402821,0.217031,2.32466,39524.6
2.2,0.219023,2,-0.402821,0.217031,2.32766,39283.7
2.2,0.219023,2,-0.402821,0.217031,2.33067,39560.5
2.2,0.219023,2,-0.402821,0.217031,2.33367,38334.4
2.2,0.219023,2,-0.402821,0.217031,2.33667,40740.3
2.2,0.219023,2,-0.402821,0.217031,2.33967,39105.2
2.2,0.219023,2,-0.402821,0.217031,2.34267,41018.5
2.2,0.219023,2,-0.402821,0.217031,2.34567,40186.8
2.2,0.219023,2,-0.402821,0.217031,2.34867,40433.3
2.2,0.219023,2,-0.402821,0.217031,2.35168,38316.2
2.2,0.219023,2,-0.402821,0.217031,2.35468,39079.4
2.2,0.219023,2,-0.402821,0.217031,2.35768,41317.7
2.2,0.219023,2,-0.402821,0.217031,2.36068,37741.1
2.2,0.219023,2,-0.402821,0.217031,2.36368,40079.7
2.2,0.219023,2,-0.402821,0.217031,2.36668,39976.5
2.2,0.219023,2,-0.402821,0.217031,2.36968,38913.8
2.2,0.219023,2,-0.402821,0.217031,2.37269,38046.8
2.2,0.219023,2,-0.402821,0.217031,2.37569,38608.4
2.2,0.219023,2,-0.402821,0.217031,2.37869,41023.2
2.2,0.219023,2,-0.402821,0.217031,2.38169,38143
2.2,0.219023,2,-0.402821,0.217031,2.38469,38049
2.2,0.219023,2,-0.402821,0.217031,2.38769,39408.8
2.2,0.219023,2,-0.402821,0.217031,2.3907,40687.4
2.2,0.219023,2,-0.402821,0.217031,2.3937,38299.7
2.2,0.219023,2,-0.402821,0.217031,2.3967,38570
2.2,0.219023,2,-0.402821,0.217031,2.3997,39311
2.2,0.219023,2,-0.402821,0.217031,2.4027,38716.5
2.2,0.219023,2,-0.402821,0.217031,2.4057,40943.9
2.2,0.219023,2,-0.402821,0.217031,2.4087,38422.9
2.2,0.219023,2,-0.402821,0.217031,2.41171,41882.1
2.2,0.219023,2,-0.402821,0.217031,2.41471,40215
2.2,0.219023,2,-0.402821,0.217031,2.41771,40870.6
2.2,0.219023,2,-0.402821,0.217031,2.42071,38368.4
2.2,0.219023,2,-0.402821,0.217031,2.42371,38413.9
2.2,0.219023,2,-0.402821,0.217031,2.42671,38501.9
2.2,0.219023,2,-0.402821,0.217031,2.42971,41903.8
2.2,0.219023,2,-0.402821,0.217031,2.43272,40111.6
2.2,0.219023,2,-0.402821,0.217031,2.43572,40344.8
2.2,0.219023,2,-0.402821,0.217031,2.43872,41593.2
2.2,0.219023,2,-0.402821,0.217031,2.44172,42221.5
2.2,0.219023,2,-0.402821,0.217031,2.44472,38814.2
2.2,0.219023,2,-0.402821,0.217031,2.44772,38707
2.2,0.219023,2,-0.402821,0.217031,2.45073,38702.2
2.2,0.219023,2,-0.402821,0.217031,2.45373,40001.3
2.2,0.219023,2,-0.402821,0.217031,2.45673,41103.2
2.2,0.219023,2,-0.402821,0.217031,2.45973,42285.4
2.2,0.219023,2,-0.402821,0.217031,2.46273,40125.6
2.2,0.219023,2,-0.402821,0.217031,2.46573,39713.5
2.2,0.219023,2,-0.402821,0.217031,2.46873,39606.1
2.2,0.219023,2,-0.402821,0.217031,2.47174,40890.3
2.2,0.219023,2,-0.402821,0.217031,2.47474,40135.2
2.2,0.219023,2,-0.402821,0.217031,2.47774,44990.2
2.2,0.219023,2,-0.402821,0.217031,2.48074,39229
2.2,0.219023,2,-0.402821,0.217031,2.48374,40742.7
2.2,0.219023,2,-0.402821,0.217031,2.48674,39430
2.2,0.219023,2,-0.402821,0.217031,2.48974,42799.6
2.2,0.219023,2,-0.402821,0.217031,2.49275,40266.7
2.2,0.219023,2,-0.402821,0.217031,2.49575,41331.2
2.2,0.219023,2,-0.402821,0.217031,2.49875,43204.8
2.2,0.219023,2,-0.402821,0.217031,2.50175,42322.3
2.2,0.219023,2,-0.402821,0.217031,2.50475,44413.5
2.2,0.219023,2,-0.402821,0.217031,2.50775,41408.1
2.2,0.219023,2,-0.402821,0.217031,2.51076,42232.9
2.2,0.219023,2,-0.402821,0.217031,2.51376,43003.2
2.2,0.219023,2,-0.402821,0.217031,2.51676,40808.1
2.2,0.219023,2,-0.402821,0.217031,2.51976,42312.9
2.2,0.219023,2,-0.402821,0.217031,2.52276,40529.5
2.2,0.219023,2,-0.402821,0.217031,2.52576,42171.4
2.2,0.219023,2,-0.402821,0.217031,2.52876,41005.5
2.2,0.219023,2,-0.402821,0.217031,2.53177,41069.3
2.2,0.219023,2,-0.402821,0.217031,2.53477,41932.9
2.2,0.219023,2,-0.402821,0.217031,2.53777,42487.3
2.2,0.219023,2,-0.402821,0.217031,2.54077,44389.5
2.2,0.219023,2,-0.402821,0.217031,2.54377,44042.9
2.2,0.219023,2,-0.402821,0.217031,2.54677,42683.2
2.2,0.219023,2,-0.402821,0.217031,2.54977,41461.9
2.2,0.219023,2,-0.402821,0.217031,2.55278,45533.7
2.2,0.219023,2,-0.402821,0.217031,2.55578,42176
2.2,0.219023,2,-0.402821,0.217031,2.55878,43126.8
2.2,0.219023,2,-0.402821,0.217031,2.56178,41749.4
2.2,0.219023,2,-0.402821,0.217031,2.56478,41792.9
2.2,0.219023,2,-0.402821,0.217031,2.56778,42247.6
2.2,0.219023,2,-0.402821,0.217031,2.57079,42774.2
2.2,0.219023,2,-0.402821,0.217031,2.57379,40785.4
2.2,0.219023,2,-0.402821,0.217031,2.57679,41603.5
2.2,0.219023,2,-0.402821,0.217031,2.57979,40758.7
2.2,0.219023,2,-0.402821,0.217031,2.58279,43819
2.2,0.219023,2,-0.402821,0.217031,2.58579,40406.1
2.2,0.219023,2,-0.402821,0.217031,2.58879,42474
2.2,0.219023,2,-0.402821,0.217031,2.5918,41243.5
2.2,0.219023,2,-0.402821,0.217031,2.5948,41937.2
2.2,0.219023,2,-0.402821,0.217031,2.5978,42585.4
2.2,0.219023,2,-0.402821,0.217031,2.6008,43101.3
2.2,0.219023,2,-0.402821,0.217031,2.6038,44079.8
2.2,0.219023,2,-0.402821,0.217031,2.6068,41938.8
2.2,0.219023,2,-0.402821,0.217031,2.6098,42891.9
2.2,0.219023,2,-0.402821,0.217031,2.61281,43089.5
2.2,0.219023,2,-0.402821,0.217031,2.61581,41420.2
2.2,0.219023,2,-0.402821,0.217031,2.61881,44244.6
2.2,0.219023,2,-0.402821,0.217031,2.62181,43560.2
2.2,0.219023,2,-0.402821,0.217031,2.62481,44432.3
2.2,0.219023,2,-0.402821,0.217031,2.62781,40973.2
2.2,0.219023,2,-0.402821,0.217031,2.63082,40893.1
2.2,0.219023,2,-0.402821,0.217031,2.63382,44352.5
2.2,0.219023,2,-0.402821,0.217031,2.63682,44540.1
2.2,0.219023,2,-0.402821,0.217031,2.63982,42958
2.2,0.219023,2,-0.402821,0.217031,2.64282,43520.8
2.2,0.219023,2,-0.402821,0.217031,2.64582,41507
2.2,0.219023,2,-0.402821,0.217031,2.64882,42952.6
2.2,0.219023,2,-0.402821,0.217031,2.65183,41231.4
2.2,0.219023,2,-0.402821,0.217031,2.65483,44041.1
2.2,0.219023,2,-0.402821,0.217031,2.65783,42968.1
2.2,0.219023,2,-0.402821,0.217031,2.66083,42781.9
2.2,0.219023,2,-0.402821,0.217031,2.66383,41347.4
2.2,0.219023,2,-0.402821,0.217031,2.66683,42226
2.2,0.219023,2,-0.402821,0.217031,2.66983,41634.7
2.2,0.219023,2,-0.402821,0.217031,2.67284,42840.4
2.2,0.219023,2,-0.402821,0.217031,2.67584,42810.9
2.2,0.219023,2,-0.402821,0.217031,2.67884,43014.8
2.2,0.219023,2,-0.402821,0.217031,2.68184,45989.6
2.2,0.219023,2,-0.402821,0.217031,2.68484,46313.1
2.2,0.219023,2,-0.402821,0.217031,2.68784,45086
2.2,0.219023,2,-0.402821,0.217031,2.69085,44644
2.2,0.219023,2,-0.402821,0.217031,2.69385,45714.4
2.2,0.219023,2,-0.402821,0.217031,2.69685,41959.6
2.2,0.219023,2,-0.402821,0.217031,2.69985,46122.7
2.2,0.219023,2,-0.402821,0.217031,2.70285,47791.6
2.2,0.219023,2,-0.402821,0.217031,2.70585,45762.8
2.2,0.219023,2,-0.402821,0.217031,2.70885,43014.9
2.2,0.219023,2,-0.402821,0.217031,2.71186,44150.2
2.2,0.219023,2,-0.402821,0.217031,2.71486,44956.8
2.2,0.219023,2,-0.402821,0.217031,2.71786,44272.1
2.2,0.219023,2,-0.402821,0.217031,2.72086,45208.2
2.2,0.219023,2,-0.402821,0.217031,2.72386,44658.2
2.2,0.219023,2,-0.402821,0.217031,2.72686,43735.1
2.2,0.219023,2,-0.402821,0.217031,2.72986,43009
2.2,0.219023,2,-0.402821,0.217031,2.73287,46072.5
2.2,0.219023,2,-0.402821,0.217031,2.73587,45024.9
2.2,0.219023,2,-0.402821,0.217031,2.73887,45384.2
2.2,0.219023,2,-0.402821,0.217031,2.74187,46451
2.2,0.219023,2,-0.402821,0.217031,2.74487,44081.1
2.2,0.219023,2,-0.402821,0.217031,2.74787,43890.2
2.2,0.219023,2,-0.402821,0.217031,2.75088,43714.5
2.2,0.219023,2,-0.402821,0.217031,2.75388,44355.8
2.2,0.219023,2,-0.402821,0.217031,2.75688,46923.9
2.2,0.219023,2,-0.402821,0.217031,2.75988,43833.4
2.2,0.219023,2,-0.402821,0.217031,2.76288,48171.9
2.2,0.219023,2,-0.402821,0.217031,2.76588,45331.2
2.2,0.219023,2,-0.402821,0.217031,2.76888,47957.3
2.2,0.219023,2,-0.402821,0.217031,2.77189,43982.4
2.2,0.219023,2,-0.402821,0.217031,2.77489,43380
2.2,0.219023,2,-0.402821,0.217031,2.77789,44347
2.2,0.219023,2,-0.402821,0.217031,2.78089,45273.3
2.2,0.219023,2,-0.402821,0.217031,2.78389,48774.7
2.2,0.219023,2,-0.402821,0.217031,2.78689,43529.2
2.2,0.219023,2,-0.402821,0.217031,2.78989,46364.4
2.2,0.219023,2,-0.402821,0.217031,2.7929,43769.5
2.2,0.219023,2,-0.402821,0.217031,2.7959,43094.3
2.2,0.219023,2,-0.402821,0.217031,2.7989,46492.6
2.2,0.219023,2,-0.402821,0.217031,2.8019,43317.7
2.2,0.219023,2,-0.402821,0.217031,2.8049,42777.9
2.2,0.219023,2,-0.402821,0.217031,2.8079,43060.9
2.2,0.219023,2,-0.402821,0.217031,2.81091,44400.1
2.2,0.219023,2,-0.402821,0.217031,2.81391,45081
2.2,0.219023,2,-0.402821,0.217031,2.81691,45575.6
2.2,0.219023,2,-0.402821,0.217031,2.81991,46638.4
2.2,0.219023,2,-0.402821,0.217031,2.82291,45674.2
2.2,0.219023,2,-0.402821,0.217031,2.82591,46051.8
2.2,0.219023,2,-0.402821,0.217031,2.82891,42998.5
2.2,0.219023,2,-0.402821,0.217031,2.83192,44968.7
2.2,0.219023,2,-0.402821,0.217031,2.83492,47967.2
2.2,0.219023,2,-0.402821,0.217031,2.83792,47129.8
2.2,0.219023,2,-0.402821,0.217031,2.84092,48707.5
2.2,0.219023,2,-0.402821,0.217031,2.84392,47714
2.2,0.219023,2,-0.402821,0.217031,2.84692,45542
2.2,0.219023,2,-0.402821,0.217031,2.84992,46498.8
2.2,0.219023,2,-0.402821,0.217031,2.85293,47745.5
2.2,0.219023,2,-0.402821,0.217031,2.85593,44457.6
2.2,0.219023,2,-0.402821,0.217031,2.85893,46149.2
2.2,0.219023,2,-0.402821,0.217031,2.86193,46364
2.2,0.219023,2,-0.402821,0.217031,2.86493,46688.2
2.2,0.219023,2,-0.402821,0.217031,2.86793,44722.9
2.2,0.219023,2,-0.402821,0.217031,2.87094,44464.2
2.2,0.219023,2,-0.402821,0.217031,2.87394,43988.8
2.2,0.219023,2,-0.402821,0.217031,2.87694,45242.6
2.2,0.219023,2,-0.402821,0.217031,2.87994,44050.6
2.2,0.219023,2,-0.402821,0.217031,2.88294,46080.2
2.2,0.219023,2,-0.402821,0.217031,2.88594,44984
2.2,0.219023,2,-0.402821,0.217031,2.88894,45151.9
2.2,0.219023,2,-0.402821,0.217031,2.89195,46837
2.2,0.219023,2,-0.402821,0.217031,2.89495,47756.2
2.2,0.219023,2,-0.402821,0.217031,2.89795,44502.5
2.2,0.219023,2,-0.402821,0.217031,2.90095,44836.4
2.2,0.219023,2,-0.402821,0.217031,2.90395,44508
2.2,0.219023,2,-0.402821,0.217031,2.90695,43782.6
2.2,0.219023,2,-0.402821,0.217031,2.90995,46620.3
2.2,0.219023,2,-0.402821,0.217031,2.91296,47233.2
2.2,0.219023,2,-0.402821,0.217031,2.91596,44826.8
2.2,0.219023,2,-0.402821,0.217031,2.91896,44849.3
2.2,0.219023,2,-0.402821,0.217031,2.92196,50554.3
2.2,0.219023,2,-0.402821,0.217031,2.92496,47371.1
2.2,0.219023,2,-0.402821,0.217031,2.92796,44089.2
2.2,0.219023,2,-0.402821,0.217031,2.93097,50584.9
2.2,0.219023,2,-0.402821,0.217031,2.93397,47477.8
2.2,0.219023,2,-0.402821,0.217031,2.93697,45622.8
2.2,0.219023,2,-0.402821,0.217031,2.93997,48941
2.2,0.219023,2,-0.402821,0.217031,2.94297,51364.3
2.2,0.219023,2,-0.402821,0.217031,2.94597,46769.6
2.2,0.219023,2,-0.402821,0.217031,2.94897,44212.7
2.2,0.219023,2,-0.402821,0.217031,2.95198,47978.9
2.2,0.219023,2,-0.402821,0.217031,2.95498,44470.7
2.2,0.219023,2,-0.402821,0.217031,2.95798,45398.3
2.2,0.219023,2,-0.402821,0.217031,2.96098,52813.9
2.2,0.219023,2,-0.402821,0.217031,2.96398,50715.1
2.2,0.219023,2,-0.402821,0.217031,2.96698,47019.2
2.2,0.219023,2,-0.402821,0.217031,2.96998,45677.1
2.2,0.219023,2,-0.402821,0.217031,2.97299,50690.8
2.2,0.219023,2,-0.402821,0.217031,2.97599,47173.4
2.2,0.219023,2,-0.402821,0.217031,2.97899,54290.4
2.2,0.219023,2,-0.402821,0.217031,2.98199,52025.8
2.2,0.219023,2,-0.402821,0.217031,2.98499,45157.8
2.2,0.219023,2,-0.402821,0.217031,2.98799,47884.7
2.2,0.219023,2,-0.402821,0.217031,2.991,47355
2.2,0.219023,2,-0.402821,0.217031,2.994,46047.4
2.2,0.219023,2,-0.402821,0.217031,2.997,47358.7
2.2,0.219023,2,-0.402821,0.217031,3,47203

2.1,0.24297,2,-0.447775,0.264429,-3,24945.1
2.1,0.24297,2,-0.447775,0.264429,-2.997,27056
2.1,0.24297,2,-0.447775,0.264429,-2.994,24143.9
2.1,0.24297,2,-0.447775,0.264429,-2.991,29767.2
2.1,0.24297,2,-0.447775,0.264429,-2.98799,27450.1
2.1,0.24297,2,-0.447775,0.264429,-2.98499,27008.1
2.1,0.24297,2,-0.447775,0.264429,-2.98199,24343.3
2.1,0.24297,2,-0.447775,0.264429,-2.97899,28156.9
2.1,0.24297,2,-0.447775,0.264429,-2.97599,27705.5
2.1,0.24297,2,-0.447775,0.264429,-2.97299,23749.4
2.1,0.24297,2,-0.447775,0.264429,-2.96998,27827.4
2.1,0.24297,2,-0.447775,0.264429,-2.96698,29274
2.1,0.24297,2,-0.447775,0.264429,-2.96398,24729.9
2.1,0.24297,2,-0.447775,0.264429,-2.96098,24102.4
2.1,0.24297,2,-0.447775,0.264429,-2.95798,26413.2
2.1,0.24297,2,-0.447775,0.264429,-2.95498,23694.9
2.1,0.24297,2,-0.447775,0.264429,-2.95198,26472.6
2.1,0.24297,2,-0.447775,0.264429,-2.94897,22481.5
2.1,0.24297,2,-0.447775,0.264429,-2.94597,27626.4
2.1,0.24297,2,-0.447775,0.264429,-2.94297,22151.4
2.1,0.24297,2,-0.447775,0.264429,-2.93997,25242.4
2.1,0.24297,2,-0.447775,0.264429,-2.93697,23575.6
2.1,0.24297,2,-0.447775,0.264429,-2.93397,25148
2.1,0.24297,2,-0.447775,0.264429,-2.93097,21123.8
2.1,0.24297,2,-0.447775,0.264429,-2.92796,-21017.2
2.1,0.24297,2,-0.447775,0.264429,-2.92496,-26106.8
2.1,0.24297,2,-0.447775,0.264429,-2.92196,-22831.6
2.1,0.24297,2,-0.447775,0.264429,-2.91896,-26468.4
2.1,0.24297,2,-0.447775,0.264429,-2.91596,-23120.5
2.1,0.24297,2,-0.447775,0.264429,-2.91296,-25769.8
2.1,0.24297,2,-0.447775,0.264429,-2.90995,-29143.5
2.1,0.24297,2,-0.447775,0.264429,-2.90695,-25279.7
2.1,0.24297,2,-0.447775,0.264429,-2.90395,-26259.8
2.1,0.24297,2,-0.447775,0.264429,-2.90095,-27872.9
2.1,0.24297,2,-0.447775,0.264429,-2.89795,-23825
2.1,0.24297,2,-0.447775,0.264429,-2.89495,-23818.4
2.1,0.24297,2,-0.447775,0.264429,-2.89195,-27428.2
2.1,0.24297,2,-0.447775,0.264429,-2.88894,-28480.7
2.1,0.24297,2,-0.447775,0.264429,-2.88594,-23601.3
2.1,0.24297,2,-0.447775,0.264429,-2.88294,-28451.5
2.1,0.24297,2,-0.447775,0.264429,-2.87994,-28864.7
2.1,0.24297,2,-0.447775,0.264429,-2.87694,-27854.4
2.1,0.24297,2,-0.447775,0.264429,-2.87394,-27567.1
2.1,0.24297,2,-0.447775,0.264429,-2.87094,-29610.4
2.1,0.24297,2,-0.447775,0.264429,-2.86793,-30896.2
2.1,0.24297,2,-0.447775,0.264429,-2.86493,-24326.1
2.1,0.24297,2,-0.447775,0.264429,-2.86193,-26043.1
2.1,0.24297,2,-0.447775,0.264429,-2.85893,-25955.9
2.1,0.24297,2,-0.447775,0.264429,-2.85593,-27471.1
2.1,0.24297,2,-0.447775,0.264429,-2.85293,-26498.1
2.1,0.24297,2,-0.447775,0.264429,-2.84992,-25154.3
2.1,0.24297,2,-0.447775,0.264429,-2.84692,-25057
2.1,0.24297,2,-0.447775,0.264429,-2.84392,-26114.9
2.1,0.24297,2,-0.447775,0.264429,-2.84092,-28559.6
2.1,0.24297,2,-0.447775,0.264429,-2.83792,-24894.8
2.1,0.24297,2,-0.447775,0.264429,-2.83492,-29763.5
2.1,0.24297,2,-0.447775,0.264429,-2.83192,-30376.8
2.1,0.24297,2,-0.447775,0.264429,-2.82891,-28639.7
2.1,0.24297,2,-0.447775,0.264429,-2.82591,-25730.7
2.1,0.24297,2,-0.447775,0.264429,-2.82291,-31331.8
2.1,0.24297,2,-0.447775,0.264429,-2.81991,-30619.9
2.1,0.24297,2,-0.447775,0.264429,-2.81691,-26509.1
2.1,0.24297,2,-0.447775,0.264429,-2.81391,-25845.3
2.1,0.24297,2,-0.447775,0.264429,-2.81091,-31810.3
2.1,0.24297,2,-0.447775,0.264429,-2.8079,-28627.7
2.1,0.24297,2,-0.447775,0.264429,-2.8049,-28745
2.1,0.24297,2,-0.447775,0.264429,-2.8019,-29600.1
2.1,0.24297,2,-0.447775,0.264429,-2.7989,-31783.6
2.1,0.24297,2,-0.447775,0.264429,-2.7959,-25075.6
2.1,0.24297,2,-0.447775,0.264429,-2.7929,-28747.8
2.1,0.24297,2,-0.447775,0.264429,-2.78989,-27721.1
2.1,0.24297,2,-0.447775,0.264429,-2.78689,-28327.4
2.1,0.24297,2,-0.447775,0.264429,-2.78389,-26186.6
2.1,0.24297,2,-0.447775,0.264429,-2.78089,-25588.6
2.1,0.24297,2,-0.447775,0.264429,-2.77789,-30929.9
2.1,0.24297,2,-0.447775,0.264429,-2.77489,-26643
2.1,0.24297,2,-0.447775,0.264429,-2.77189,-33058
2.1,0.24297,2,-0.447775,0.264429,-2.76888,-32705.1
2.1,0.24297,2,-0.447775,0.264429,-2.76588,-26488.5
2.1,0.24297,2,-0.447775,0.264429,-2.76288,-26319.1
2.1,0.24297,2,-0.447775,0.264429,-2.75988,-33291
2.1,0.24297,2,-0.447775,0.264429,-2.75688,-28732.5
2.1,0.24297,2,-0.447775,0.264429,-2.75388,-32252.7
2.1,0.24297,2,-0.447775,0.264429,-2.75088,-33301.2
2.1,0.24297,2,-0.447775,0.264429,-2.74787,-33041.8
2.1,0.24297,2,-0.447775,0.264429,-2.74487,-27447.6
2.1,0.24297,2,-0.447775,0.264429,-2.74187,-27580.6
2.1,0.24297,2,-0.447775,0.264429,-2.73887,-30691.1
2.1,0.24297,2,-0.447775,0.264429,-2.73587,-26401.2
2.1,0.24297,2,-0.447775,0.264429,-2.73287,-31423.2
2.1,0.24297,2,-0.447775,0.264429,-2.72986,-27587.1
2.1,0.24297,2,-0.447775,0.264429,-2.72686,-26784.3
2.1,0.24297,2,-0.447775,0.264429,-2.72386,-30007.4
2.1,0.24297,2,-0.447775,0.264429,-2.72086,-26763.6
2.1,0.24297,2,-0.447775,0.264429,-2.71786,-33336.6
2.1,0.24297,2,-0.447775,0.264429,-2.71486,-32960.4
2.1,0.24297,2,-0.447775,0.264429,-2.71186,-28295.1
2.1,0.24297,2,-0.447775,0.264429,-2.70885,-26586.8
2.1,0.24297,2,-0.447775,0.264429,-2.70585,-28154.5
2.1,0.24297,2,-0.447775,0.264429,-2.70285,-28136.7
2.1,0.24297,2,-0.447775,0.264429,-2.69985,-30883.1
2.1,0.24297,2,-0.447775,0.264429,-2.69685,-32244.5
2.1,0.24297,2,-0.447775,0.264429,-2.69385,-30921.9
2.1,0.24297,2,-0.447775,0.264429,-2.69085,-30862.9
2.1,0.24297,2,-0.447775,0.264429,-2.68784,-30876.9
2.1,0.24297,2,-0.447775,0.264429,-2.68484,-27102
2.1,0.24297,2,-0.447775,0.264429,-2.68184,-29416.5
2.1,0.24297,2,-0.447775,0.264429,-2.67884,-27623.7
2.1,0.24297,2,-0.447775,0.264429,-2.67584,-27857.1
2.1,0.24297,2,-0.447775,0.264429,-2.67284,-27549.8
2.1,0.24297,2,-0.447775,0.264429,-2.66983,-32335.9
2.1,0.24297,2,-0.447775,0.264429,-2.66683,-27983.1
2.1,0.24297,2,-0.447775,0.264429,-2.66383,-29258.7
2.1,0.24297,2,-0.447775,0.264429,-2.66083,-27795.9
2.1,0.24297,2,-0.447775,0.264429,-2.65783,-30922.5
2.1,0.24297,2,-0.447775,0.264429,-2.65483,-27793.1
2.1,0.24297,2,-0.447775,0.264429,-2.65183,-27473.9
2.1,0.24297,2,-0.447775,0.264429,-2.64882,-30879.9
2.1,0.24297,2,-0.447775,0.264429,-2.64582,-30647.7
2.1,0.24297,2,-0.447775,0.264429,-2.64282,-32922.5
2.1,0.24297,2,-0.447775,0.264429,-2.63982,-28549.4
2.1,0.24297,2,-0.447775,0.264429,-2.63682,-31766
2.1,0.24297,2,-0.447775,0.264429,-2.63382,-29834.8
2.1,0.24297,2,-0.447775,0.264429,-2.63082,-26965.5
2.1,0.24297,2,-0.447775,0.264429,-2.62781,-30206
2.1,0.24297,2,-0.447775,0.264429,-2.62481,-28534.2
2.1,0.24297,2,-0.447775,0.264429,-2.62181,-30254
2.1,0.24297,2,-0.447775,0.264429,-2.61881,-32292
2.1,0.24297,2,-0.447775,0.264429,-2.61581,-34228.1
2.1,0.24297,2,-0.447775,0.264429,-2.61281,-27503.7
2.1,0.24297,2,-0.447775,0.264429,-2.6098,-27320.9
2.1,0.24297,2,-0.447775,0.264429,-2.6068,-32782
2.1,0.24297,2,-0.447775,0.264429,-2.6038,-29030.4
2.1,0.24297,2,-0.447775,0.264429,-2.6008,-26907.1
2.1,0.24297,2,-0.447775,0.264429,-2.5978,-27443.7
2.1,0.24297,2,-0.447775,0.264429,-2.5948,-32902.1
2.1,0.24297,2,-0.447775,0.264429,-2.5918,-31785.8
2.1,0.24297,2,-0.447775,0.264429,-2.58879,-29105.7
2.1,0.24297,2,-0.447775,0.264429,-2.58579,-30435.3
2.1,0.24297,2,-0.447775,0.264429,-2.58279,-33922.8
2.1,0.24297,2,-0.447775,0.264429,-2.57979,-27359.5
2.1,0.24297,2,-0.447775,0.264429,-2.57679,-32457.1
2.1,0.24297,2,-0.447775,0.264429,-2.57379,-30148.9
2.1,0.24297,2,-0.447775,0.264429,-2.57079,-32895.7
2.1,0.24297,2,-0.447775,0.264429,-2.56778,-33679.1
2.1,0.24297,2,-0.447775,0.264429,-2.56478,-28095.4
2.1,0.24297,2,-0.447775,0.264429,-2.56178,-29341.5
2.1,0.24297,2,-0.447775,0.264429,-2.55878,-30862.2
2.1,0.24297,2,-0.447775,0.264429,-2.55578,-29240.1
2.1,0.24297,2,-0.447775,0.264429,-2.55278,-30678.1
2.1,0.24297,2,-0.447775,0.264429,-2.54977,-31585.8
2.1,0.24297,2,-0.447775,0.264429,-2.54677,-27490.1
2.1,0.24297,2,-0.447775,0.264429,-2.54377,-35211.5
2.1,0.24297,2,-0.447775,0.264429,-2.54077,-30816.4
2.1,0.24297,2,-0.447775,0.264429,-2.53777,-29663.7
2.1,0.24297,2,-0.447775,0.264429,-2.53477,-33969.7
2.1,0.24297,2,-0.447775,0.264429,-2.53177,-31688.6
2.1,0.24297,2,-0.447775,0.264429,-2.52876,-29068.4
2.1,0.24297,2,-0.447775,0.264429,-2.52576,-32268.1
2.1,0.24297,2,-0.447775,0.264429,-2.52276,-27317.4
2.1,0.24297,2,-0.447775,0.264429,-2.51976,-30234.7
2.1,0.24297,2,-0.447775,0.264429,-2.51676,-33624
2.1,0.24297,2,-0.447775,0.264429,-2.51376,-33936.1
2.1,0.24297,2,-0.447775,0.264429,-2.51076,-35317.4
2.1,0.24297,2,-0.447775,0.264429,-2.50775,-32119.6
2.1,0.24297,2,-0.447775,0.264429,-2.50475,-34693.7
2.1,0.24297,2,-0.447775,0.264429,-2.50175,-28482.1
2.1,0.24297,2,-0.447775,0.264429,-2.49875,-28014
2.1,0.24297,2,-0.447775,0.264429,-2.49575,-34358.2
2.1,0.24297,2,-0.447775,0.264429,-2.49275,-34561.3
2.1,0.24297,2,-0.447775,0.264429,-2.48974,-31488.1
2.1,0.24297,2,-0.447775,0.264429,-2.48674,-32321.9
2.1,0.24297,2,-0.447775,0.264429,-2.48374,-31997.2
2.1,0.24297,2,-0.447775,0.264429,-2.48074,-34178.2
2.1,0.24297,2,-0.447775,0.264429,-2.47774,-30471.6
2.1,0.24297,2,-0.447775,0.264429,-2.47474,-33767.1
2.1,0.24297,2,-0.447775,0.264429,-2.47174,-27732.3
2.1,0.24297,2,-0.447775,0.264429,-2.46873,-29089
2.1,0.24297,2,-0.447775,0.264429,-2.46573,-30850.9
2.1,0.24297,2,-0.447775,0.264429,-2.46273,-33437.6
2.1,0.24297,2,-0.447775,0.264429,-2.45973,-31258
2.1,0.24297,2,-0.447775,0.264429,-2.45673,-29423.5
2.1,0.24297,2,-0.447775,0.264429,-2.45373,-29771.6
2.1,0.24297,2,-0.447775,0.264429,-2.45073,-33999.5
2.1,0.24297,2,-0.447775,0.264429,-2.44772,-31377.5
2.1,0.24297,2,-0.447775,0.264429,-2.44472,-34402.1
2.1,0.24297,2,-0.447775,0.264429,-2.44172,-30635.1
2.1,0.24297,2,-0.447775,0.264429,-2.43872,-35549.8
2.1,0.24297,2,-0.447775,0.264429,-2.43572,-27680
2.1,0.24297,2,-0.447775,0.264429,-2.43272,-27671.3
2.1,0.24297,2,-0.447775,0.264429,-2.42971,-29357.5
2.1,0.24297,2,-0.447775,0.264429,-2.42671,-28089.7
2.1,0.24297,2,-0.447775,0.264429,-2.42371,-28218.6
2.1,0.24297,2,-0.447775,0.264429,-2.42071,-33816.8
2.1,0.24297,2,-0.447775,0.264429,-2.41771,-31812.1
2.1,0.24297,2,-0.447775,0.264429,-2.41471,-27849.6
2.1,0.24297,2,-0.447775,0.264429,-2.41171,-30871.3
2.1,0.24297,2,-0.447775,0.264429,-2.4087,-30788.6
2.1,0.24297,2,-0.447775,0.264429,-2.4057,-33289.6
2.1,0.24297,2,-0.447775,0.264429,-2.4027,-34650.6
2.1,0.24297,2,-0.447775,0.264429,-2.3997,-34948.6
2.1,0.24297,2,-0.447775,0.264429,-2.3967,-34095.5
2.1,0.24297,2,-0.447775,0.264429,-2.3937,-29117.6
2.1,0.24297,2,-0.447775,0.264429,-2.3907,-29409.1
2.1,0.24297,2,-0.447775,0.264429,-2.38769,-33157
2.1,0.24297,2,-0.447775,0.264429,-2.38469,-28809
2.1,0.24297,2,-0.447775,0.264429,-2.38169,-33336.6
2.1,0.24297,2,-0.447775,0.264429,-2.37869,-34241
2.1,0.24297,2,-0.447775,0.264429,-2.37569,-28334.2
2.1,0.24297,2,-0.447775,0.264429,-2.37269,-30423.4
2.1,0.24297,2,-0.447775,0.264429,-2.36968,-33621.3
2.1,0.24297,2,-0.447775,0.264429,-2.36668,-31966.8
2.1,0.24297,2,-0.447775,0.264429,-2.36368,-29789.9
2.1,0.24297,2,-0.447775,0.264429,-2.36068,-30831.4
2.1,0.24297,2,-0.447775,0.264429,-2.35768,-30775.3
2.1,0.24297,2,-0.447775,0.264429,-2.35468,-35245
2.1,0.24297,2,-0.447775,0.264429,-2.35168,-28005.3
2.1,0.24297,2,-0.447775,0.264429,-2.34867,-32376.2
2.1,0.24297,2,-0.447775,0.264429,-2.34567,-34572.3
2.1,0.24297,2,-0.447775,0.264429,-2.34267,-32635.7
2.1,0.24297,2,-0.447775,0.264429,-2.33967,-32485.1
2.1,0.24297,2,-0.447775,0.264429,-2.33667,-32955.6
2.1,0.24297,2,-0.447775,0.264429,-2.33367,-30460.7
2.1,0.24297,2,-0.447775,0.264429,-2.33067,-32752.2
2.1,0.24297,2,-0.447775,0.264429,-2.32766,-29496.3
2.1,0.24297,2,-0.447775,0.264429,-2.32466,-35803.8
2.1,0.24297,2,-0.447775,0.264429,-2.32166,-30627.4
2.1,0.24297,2,-0.447775,0.264429,-2.31866,-34014.3
2.1,0.24297,2,-0.447775,0.264429,-2.31566,-34137.4
2.1,0.24297,2,-0.447775,0.264429,-2.31266,-28036.3
2.1,0.24297,2,-0.447775,0.264429,-2.30965,-34846
2.1,0.24297,2,-0.447775,0.264429,-2.30665,-30890.9
2.1,0.24297,2,-0.447775,0.264429,-2.30365,-33281.4
2.1,0.24297,2,-0.447775,0.264429,-2.30065,-32122.2
2.1,0.24297,2,-0.447775,0.264429,-2.29765,-31629.8
2.1,0.24297,2,-0.447775,0.264429,-2.29465,-29789
2.1,0.24297,2,-0.447775,0.264429,-2.29165,-32804.9
2.1,0.24297,2,-0.447775,0.264429,-2.28864,-32772.5
2.1,0.24297,2,-0.447775,0.264429,-2.28564,-35125.9
2.1,0.24297,2,-0.447775,0.264429,-2.28264,-28111.6
2.1,0.24297,2,-0.447775,0.264429,-2.27964,-32191.4
2.1,0.24297,2,-0.447775,0.264429,-2.27664,-35618.1
2.1,0.24297,2,-0.447775,0.264429,-2.27364,-28649.1
2.1,0.24297,2,-0.447775,0.264429,-2.27064,-33999.9
2.1,0.24297,2,-0.447775,0.264429,-2.26763,-32813.6
2.1,0.24297,2,-0.447775,0.264429,-2.26463,-28943.1
2.1,0.24297,2,-0.447775,0.264429,-2.26163,-34992.8
2.1,0.24297,2,-0.447775,0.264429,-2.25863,-31879.9
2.1,0.24297,2,-0.447775,0.264429,-2.25563,-29843.8
2.1,0.24297,2,-0.447775,0.264429,-2.25263,-32838.5
2.1,0.24297,2,-0.447775,0.264429,-2.24962,-30584.4
2.1,0.24297,2,-0.447775,0.264429,-2.24662,-35938.2
2.1,0.24297,2,-0.447775,0.264429,-2.24362,-36323.1
2.1,0.24297,2,-0.447775,0.264429,-2.24062,-30228.6
2.1,0.24297,2,-0.447775,0.264429,-2.23762,-31227.2
2.1,0.24297,2,-0.447775,0.264429,-2.23462,-33049.4
2.1,0.24297,2,-0.447775,0.264429,-2.23162,-29931.1
2.1,0.24297,2,-0.447775,0.264429,-2.22861,-31674.1
2.1,0.24297,2,-0.447775,0.264429,-2.22561,-35090
2.1,0.24297,2,-0.447775,0.264429,-2.22261,-31735.2
2.1,0.24297,2,-0.447775,0.264429,-2.21961,-28515.2
2.1,0.24297,2,-0.447775,0.264429,-2.21661,-35362.8
2.1,0.24297,2,-0.447775,0.264429,-2.21361,-32331.6
2.1,0.24297,2,-0.447775,0.264429,-2.21061,-28519.8
2.1,0.24297,2,-0.447775,0.264429,-2.2076,-36223.8
2.1,0.24297,2,-0.447775,0.264429,-2.2046,-33476.8
2.1,0.24297,2,-0.447775,0.264429,-2.2016,-31024.2
2.1,0.24297,2,-0.447775,0.264429,-2.1986,-33892.9
2.1,0.24297,2,-0.447775,0.264429,-2.1956,-33147
2.1,0.24297,2,-0.447775,0.264429,-2.1926,-35539.3
2.1,0.24297,2,-0.447775,0.264429,-2.18959,-30433.1
2.1,0.24297,2,-0.447775,0.264429,-2.18659,-35099.5
2.1,0.24297,2,-0.447775,0.264429,-2.18359,-28253.4
2.1,0.24297,2,-0.447775,0.264429,-2.18059,-35868.7
2.1,0.24297,2,-0.447775,0.264429,-2.17759,-34894.7
2.1,0.24297,2,-0.447775,0.264429,-2.17459,-30962.3
2.1,0.24297,2,-0.447775,0.264429,-2.17159,-28851.7
2.1,0.24297,2,-0.447775,0.264429,-2.16858,-33410.8
2.1,0.24297,2,-0.447775,0.264429,-2.16558,-31213.8
2.1,0.24297,2,-0.447775,0.264429,-2.16258,-29270.6
2.1,0.24297,2,-0.447775,0.264429,-2.15958,-34317
2.1,0.24297,2,-0.447775,0.264429,-2.15658,-30606.6
2.1,0.24297,2,-0.447775,0.264429,-2.15358,-30658
2.1,0.24297,2,-0.447775,0.264429,-2.15058,-33830.4
2.1,0.24297,2,-0.447775,0.264429,-2.14757,-33911
2.1,0.24297,2,-0.447775,0.264429,-2.14457,-29722.6
2.1,0.24297,2,-0.447775,0.264429,-2.14157,-34668
2.1,0.24297,2,-0.447775,0.264429,-2.13857,-33531.5
2.1,0.24297,2,-0.447775,0.264429,-2.13557,-30127.5
2.1,0.24297,2,-0.447775,0.264429,-2.13257,-30446.6
2.1,0.24297,2,-0.447775,0.264429,-2.12956,-30319.7
2.1,0.24297,2,-0.447775,0.264429,-2.12656,-30281.2
2.1,0.24297,2,-0.447775,0.264429,-2.12356,-28804.2
2.1,0.24297,2,-0.447775,0.264429,-2.12056,-32150.2
2.1,0.24297,2,-0.447775,0.264429,-2.11756,-34330.2
2.1,0.24297,2,-0.447775,0.264429,-2.11456,-31263.3
2.1,0.24297,2,-0.447775,0.264429,-2.11156,-28379.9
2.1,0.24297,2,-0.447775,0.264429,-2.10855,-31237.2
2.1,0.24297,2,-0.447775,0.264429,-2.10555,-33507.8
2.1,0.24297,2,-0.447775,0.264429,-2.10255,-31335.2
2.1,0.24297,2,-0.447775,0.264429,-2.09955,-33562.2
2.1,0.24297,2,-0.447775,0.264429,-2.09655,-33960.2
2.1,0.24297,2,-0.447775,0.264429,-2.09355,-30298.7
2.1,0.24297,2,-0.447775,0.264429,-2.09055,-35480.9
2.1,0.24297,2,-0.447775,0.264429,-2.08754,-29295.5
2.1,0.24297,2,-0.447775,0.264429,-2.08454,-31862.8
2.1,0.24297,2,-0.447775,0.264429,-2.08154,-29975.9
2.1,0.24297,2,-0.447775,0.264429,-2.07854,-34356
2.1,0.24297,2,-0.447775,0.264429,-2.07554,-33163
2.1,0.24297,2,-0.447775,0.264429,-2.07254,-33755.1
2.1,0.24297,2,-0.447775,0.264429,-2.06953,-28539.3
2.1,0.24297,2,-0.447775,0.264429,-2.06653,-29885.4
2.1,0.24297,2,-0.447775,0.264429,-2.06353,-31903
2.1,0.24297,2,-0.447775,0.264429,-2.06053,-32928.1
2.1,0.24297,2,-0.447775,0.264429,-2.05753,-29109
2.1,0.24297,2,-0.447775,0.264429,-2.05453,-32025
2.1,0.24297,2,-0.447775,0.264429,-2.05153,-28817
2.1,0.24297,2,-0.447775,0.264429,-2.04852,-28949.7
2.1,0.24297,2,-0.447775,0.264429,-2.04552,-35439.4
2.1,0.24297,2,-0.447775,0.264429,-2.04252,-31665
2.1,0.24297,2,-0.447775,0.264429,-2.03952,-32067.9
2.1,0.24297,2,-0.447775,0.264429,-2.03652,-28455.4
2.1,0.24297,2,-0.447775,0.264429,-2.03352,-30461
2.1,0.24297,2,-0.447775,0.264429,-2.03052,-36029.8
2.1,0.24297,2,-0.447775,0.264429,-2.02751,-30815.2
2.1,0.24297,2,-0.447775,0.264429,-2.02451,-29679.1
2.1,0.24297,2,-0.447775,0.264429,-2.02151,-32938.7
2.1,0.24297,2,-0.447775,0.264429,-2.01851,-29287.2
2.1,0.24297,2,-0.447775,0.264429,-2.01551,-30860
2.1,0.24297,2,-0.447775,0.264429,-2.01251,-30128.1
2.1,0.24297,2,-0.447775,0.264429,-2.0095,-33360.4
2.1,0.24297,2,-0.447775,0.264429,-2.0065,-31373.4
2.1,0.24297,2,-0.447775,0.264429,-2.0035,-36134
2.1,0.24297,2,-0.447775,0.264429,-2.0005,-30875.9
2.1,0.24297,2,-0.447775,0.264429,-1.9975,-33656.4
2.1,0.24297,2,-0.447775,0.264429,-1.9945,-30751.5
2.1,0.24297,2,-0.447775,0.264429,-1.9915,-36734.6
2.1,0.24297,2,-0.447775,0.264429,-1.98849,-32196
2.1,0.24297,2,-0.447775,0.264429,-1.98549,-34421
2.1,0.24297,2,-0.447775,0.264429,-1.98249,-28950.7
2.1,0.24297,2,-0.447775,0.264429,-1.97949,-33359.5
2.1,0.24297,2,-0.447775,0.264429,-1.97649,-28615.8
2.1,0.24297,2,-0.447775,0.264429,-1.97349,-29500.3
2.1,0.24297,2,-0.447775,0.264429,-1.97049,-33590.2
2.1,0.24297,2,-0.447775,0.264429,-1.96748,-33967.6
2.1,0.24297,2,-0.447775,0.264429,-1.96448,-37166.2
2.1,0.24297,2,-0.447775,0.264429,-1.96148,-31636.1
2.1,0.24297,2,-0.447775,0.264429,-1.95848,-32023.3
2.1,0.24297,2,-0.447775,0.264429,-1.95548,-30331.6
2.1,0.24297,2,-0.447775,0.264429,-1.95248,-29750.1
2.1,0.24297,2,-0.447775,0.264429,-1.94947,-35715.5
2.1,0.24297,2,-0.447775,0.264429,-1.94647,-30486.3
2.1,0.24297,2,-0.447775,0.264429,-1.94347,-31706.6
2.1,0.24297,2,-0.447775,0.264429,-1.94047,-33156.9
2.1,0.24297,2,-0.447775,0.264429,-1.93747,-36179.4
2.1,0.24297,2,-0.447775,0.264429,-1.93447,-34192.1
2.1,0.24297,2,-0.447775,0.264429,-1.93147,-31812.4
2.1,0.24297,2,-0.447775,0.264429,-1.92846,-29518.5
2.1,0.24297,2,-0.447775,0.264429,-1.92546,-34488.7
2.1,0.24297,2,-0.447775,0.264429,-1.92246,-35895.4
2.1,0.24297,2,-0.447775,0.264429,-1.91946,-33545.7
2.1,0.24297,2,-0.447775,0.264429,-1.91646,-34831.7
2.1,0.24297,2,-0.447775,0.264429,-1.91346,-35895.4
2.1,0.24297,2,-0.447775,0.264429,-1.91046,-36203.1
2.1,0.24297,2,-0.447775,0.264429,-1.90745,-30635
2.1,0.24297,2,-0.447775,0.264429,-1.90445,-30766.3
2.1,0.24297,2,-0.447775,0.264429,-1.90145,-36355.8
2.1,0.24297,2,-0.447775,0.264429,-1.89845,-30202.1
2.1,0.24297,2,-0.447775,0.264429,-1.89545,-33072.8
2.1,0.24297,2,-0.447775,0.264429,-1.89245,-35165.9
2.1,0.24297,2,-0.447775,0.264429,-1.88944,-35933
2.1,0.24297,2,-0.447775,0.264429,-1.88644,-29534.2
2.1,0.24297,2,-0.447775,0.264429,-1.88344,-36231.7
2.1,0.24297,2,-0.447775,0.264429,-1.88044,-34444.3
2.1,0.24297,2,-0.447775,0.264429,-1.87744,-32022
2.1,0.24297,2,-0.447775,0.264429,-1.87444,-31194.7
2.1,0.24297,2,-0.447775,0.264429,-1.87144,-33767.5
2.1,0.24297,2,-0.447775,0.264429,-1.86843,-31212
2.1,0.24297,2,-0.447775,0.264429,-1.86543,-30524.4
2.1,0.24297,2,-0.447775,0.264429,-1.86243,-35037.1
2.1,0.24297,2,-0.447775,0.264429,-1.85943,-28854.5
2.1,0.24297,2,-0.447775,0.264429,-1.85643,-29598.6
2.1,0.24297,2,-0.447775,0.264429,-1.85343,-30994.8
2.1,0.24297,2,-0.447775,0.264429,-1.85043,-35325.8
2.1,0.24297,2,-0.447775,0.264429,-1.84742,-36338.4
2.1,0.24297,2,-0.447775,0.264429,-1.84442,-32409.2
2.1,0.24297,2,-0.447775,0.264429,-1.84142,-33255.4
2.1,0.24297,2,-0.447775,0.264429,-1.83842,-32196
2.1,0.24297,2,-0.447775,0.264429,-1.83542,-29919.4
2.1,0.24297,2,-0.447775,0.264429,-1.83242,-31747.1
2.1,0.24297,2,-0.447775,0.264429,-1.82941,-33097.4
2.1,0.24297,2,-0.447775,0.264429,-1.82641,-35541.5
2.1,0.24297,2,-0.447775,0.264429,-1.82341,-32014.6
2.1,0.24297,2,-0.447775,0.264429,-1.82041,-29674
2.1,0.24297,2,-0.447775,0.264429,-1.81741,-31259.6
2.1,0.24297,2,-0.447775,0.264429,-1.81441,-31125.9
2.1,0.24297,2,-0.447775,0.264429,-1.81141,-33757.7
2.1,0.24297,2,-0.447775,0.264429,-1.8084,-30188.1
2.1,0.24297,2,-0.447775,0.264429,-1.8054,-30007.6
2.1,0.24297,2,-0.447775,0.264429,-1.8024,-32762.3
2.1,0.24297,2,-0.447775,0.264429,-1.7994,-31868.7
2.1,0.24297,2,-0.447775,0.264429,-1.7964,-35957.1
2.1,0.24297,2,-0.447775,0.264429,-1.7934,-32576.5
2.1,0.24297,2,-0.447775,0.264429,-1.7904,-37149.7
2.1,0.24297,2,-0.447775,0.264429,-1.78739,-35953.1
2.1,0.24297,2,-0.447775,0.264429,-1.78439,-32580.9
2.1,0.24297,2,-0.447775,0.264429,-1.78139,-36090.7
2.1,0.24297,2,-0.447775,0.264429,-1.77839,-30596.9
2.1,0.24297,2,-0.447775,0.264429,-1.77539,-33131.3
2.1,0.24297,2,-0.447775,0.264429,-1.77239,-36215.7
2.1,0.24297,2,-0.447775,0.264429,-1.76938,-32716.4
2.1,0.24297,2,-0.447775,0.264429,-1.76638,-33022.6
2.1,0.24297,2,-0.447775,0.264429,-1.76338,-30067.4
2.1,0.24297,2,-0.447775,0.264429,-1.76038,-29215.4
2.1,0.24297,2,-0.447775,0.264429,-1.75738,-33944.2
2.1,0.24297,2,-0.447775,0.264429,-1.75438,-33821.2
2.1,0.24297,2,-0.447775,0.264429,-1.75138,-29618.9
2.1,0.24297,2,-0.447775,0.264429,-1.74837,-29215.5
2.1,0.24297,2,-0.447775,0.264429,-1.74537,-33300.5
2.1,0.24297,2,-0.447775,0.264429,-1.74237,-30338.5
2.1,0.24297,2,-0.447775,0.264429,-1.73937,-36605.4
2.1,0.24297,2,-0.447775,0.264429,-1.73637,-34454.4
2.1,0.24297,2,-0.447775,0.264429,-1.73337,-31264.7
2.1,0.24297,2,-0.447775,0.264429,-1.73037,-29026.6
2.1,0.24297,2,-0.447775,0.264429,-1.72736,-30994.5
2.1,0.24297,2,-0.447775,0.264429,-1.72436,-30570.7
2.1,0.24297,2,-0.447775,0.264429,-1.72136,-34318.9
2.1,0.24297,2,-0.447775,0.264429,-1.71836,-32323.5
2.1,0.24297,2,-0.447775,0.264429,-1.71536,-32617.2
2.1,0.24297,2,-0.447775,0.264429,-1.71236,-33483.9
2.1,0.24297,2,-0.447775,0.264429,-1.70935,-31188
2.1,0.24297,2,-0.447775,0.264429,-1.70635,-31247.4
2.1,0.24297,2,-0.447775,0.264429,-1.70335,-29215.5
2.1,0.24297,2,-0.447775,0.264429,-1.70035,-31676.6
2.1,0.24297,2,-0.447775,0.264429,-1.69735,-28819.8
2.1,0.24297,2,-0.447775,0.264429,-1.69435,-31758.1
2.1,0.24297,2,-0.447775,0.264429,-1.69135,-33880.3
2.1,0.24297,2,-0.447775,0.264429,-1.68834,-31397.6
2.1,0.24297,2,-0.447775,0.264429,-1.68534,-37197.8
2.1,0.24297,2,-0.447775,0.264429,-1.68234,-31423.5
2.1,0.24297,2,-0.447775,0.264429,-1.67934,-29805.9
2.1,0.24297,2,-0.447775,0.264429,-1.67634,-35324.5
2.1,0.24297,2,-0.447775,0.264429,-1.67334,-36529.8
2.1,0.24297,2,-0.447775,0.264429,-1.67034,-29456.3
2.1,0.24297,2,-0.447775,0.264429,-1.66733,-31217
2.1,0.24297,2,-0.447775,0.264429,-1.66433,-32894.2
2.1,0.24297,2,-0.447775,0.264429,-1.66133,-35894.1
2.1,0.24297,2,-0.447775,0.264429,-1.65833,-32822.2
2.1,0.24297,2,-0.447775,0.264429,-1.65533,-31333.1
2.1,0.24297,2,-0.447775,0.264429,-1.65233,-33326.3
2.1,0.24297,2,-0.447775,0.264429,-1.64932,-28792.9
2.1,0.24297,2,-0.447775,0.264429,-1.64632,-29085.2
2.1,0.24297,2,-0.447775,0.264429,-1.64332,-32994
2.1,0.24297,2,-0.447775,0.264429,-1.64032,-31371.7
2.1,0.24297,2,-0.447775,0.264429,-1.63732,-34806.3
2.1,0.24297,2,-0.447775,0.264429,-1.63432,-33905.7
2.1,0.24297,2,-0.447775,0.264429,-1.63132,-30627.4
2.1,0.24297,2,-0.447775,0.264429,-1.62831,-29155.4
2.1,0.24297,2,-0.447775,0.264429,-1.62531,-32669.7
2.1,0.24297,2,-0.447775,0.264429,-1.62231,-32876.1
2.1,0.24297,2,-0.447775,0.264429,-1.61931,-30614.2
2.1,0.24297,2,-0.447775,0.264429,-1.61631,-29591
2.1,0.24297,2,-0.447775,0.264429,-1.61331,-29294.6
2.1,0.24297,2,-0.447775,0.264429,-1.61031,-35309.1
2.1,0.24297,2,-0.447775,0.264429,-1.6073,-30085.4
2.1,0.24297,2,-0.447775,0.264429,-1.6043,-33350.4
2.1,0.24297,2,-0.447775,0.264429,-1.6013,-32251.2
2.1,0.24297,2,-0.447775,0.264429,-1.5983,-35867.5
2.1,0.24297,2,-0.447775,0.264429,-1.5953,-33193.5
2.1,0.24297,2,-0.447775,0.264429,-1.5923,-33219.9
2.1,0.24297,2,-0.447775,0.264429,-1.58929,-30557.6
2.1,0.24297,2,-0.447775,0.264429,-1.58629,-31786.5
2.1,0.24297,2,-0.447775,0.264429,-1.58329,-34167.3
2.1,0.24297,2,-0.447775,0.264429,-1.58029,-29774.8
2.1,0.24297,2,-0.447775,0.264429,-1.57729,-31423.6
2.1,0.24297,2,-0.447775,0.264429,-1.57429,-29486.4
2.1,0.24297,2,-0.447775,0.264429,-1.57129,-30734.5
2.1,0.24297,2,-0.447775,0.264429,-1.56828,-32635.4
2.1,0.24297,2,-0.447775,0.264429,-1.56528,-31123.8
2.1,0.24297,2,-0.447775,0.264429,-1.56228,-28481.6
2.1,0.24297,2,-0.447775,0.264429,-1.55928,-36163.5
2.1,0.24297,2,-0.447775,0.264429,-1.55628,-31320.1
2.1,0.24297,2,-0.447775,0.264429,-1.55328,-29641.9
2.1,0.24297,2,-0.447775,0.264429,-1.55028,-31619.5
2.1,0.24297,2,-0.447775,0.264429,-1.54727,-32050.1
2.1,0.24297,2,-0.447775,0.264429,-1.54427,-33619.8
2.1,0.24297,2,-0.447775,0.264429,-1.54127,-28965.4
2.1,0.24297,2,-0.447775,0.264429,-1.53827,-34514.9
2.1,0.24297,2,-0.447775,0.264429,-1.53527,-31618.2
2.1,0.24297,2,-0.447775,0.264429,-1.53227,-31737.7
2.1,0.24297,2,-0.447775,0.264429,-1.52926,-29354.9
2.1,0.24297,2,-0.447775,0.264429,-1.52626,-32380.9
2.1,0.24297,2,-0.447775,0.264429,-1.52326,-36814.4
2.1,0.24297,2,-0.447775,0.264429,-1.52026,-29558.8
2.1,0.24297,2,-0.447775,0.264429,-1.51726,-34859.2
2.1,0.24297,2,-0.447775,0.264429,-1.51426,-36272.7
2.1,0.24297,2,-0.447775,0.264429,-1.51126,-29955
2.1,0.24297,2,-0.447775,0.264429,-1.50825,-31463.4
2.1,0.24297,2,-0.447775,0.264429,-1.50525,-29352.2
2.1,0.24297,2,-0.447775,0.264429,-1.50225,-33208.6
2.1,0.24297,2,-0.447775,0.264429,-1.49925,-34671.9
2.1,0.24297,2,-0.447775,0.264429,-1.49625,-28530.2
2.1,0.24297,2,-0.447775,0.264429,-1.49325,-31433.7
2.1,0.24297,2,-0.447775,0.264429,-1.49025,-34988.7
2.1,0.24297,2,-0.447775,0.264429,-1.48724,-32003.4
2.1,0.24297,2,-0.447775,0.264429,-1.48424,-32742.8
2.1,0.24297,2,-0.447775,0.264429,-1.48124,-36394.7
2.1,0.24297,2,-0.447775,0.264429,-1.47824,-32229.7
2.1,0.24297,2,-0.447775,0.264429,-1.47524,-29940.9
2.1,0.24297,2,-0.447775,0.264429,-1.47224,-35343.3
2.1,0.24297,2,-0.447775,0.264429,-1.46923,-29890.9
2.1,0.24297,2,-0.447775,0.264429,-1.46623,-30204.7
2.1,0.24297,2,-0.447775,0.264429,-1.46323,-34515
2.1,0.24297,2,-0.447775,0.264429,-1.46023,-30710.6
2.1,0.24297,2,-0.447775,0.264429,-1.45723,-31935
2.1,0.24297,2,-0.447775,0.264429,-1.45423,-30940.5
2.1,0.24297,2,-0.447775,0.264429,-1.45123,-31050.2
2.1,0.24297,2,-0.447775,0.264429,-1.44822,-30921.6
2.1,0.24297,2,-0.447775,0.264429,-1.44522,-28994.6
2.1,0.24297,2,-0.447775,0.264429,-1.44222,-30588.6
2.1,0.24297,2,-0.447775,0.264429,-1.43922,-34650.9
2.1,0.24297,2,-0.447775,0.264429,-1.43622,-33099
2.1,0.24297,2,-0.447775,0.264429,-1.43322,-32582.8
2.1,0.24297,2,-0.447775,0.264429,-1.43022,-29921
2.1,0.24297,2,-0.447775,0.264429,-1.42721,-31403.4
2.1,0.24297,2,-0.447775,0.264429,-1.42421,-33746
2.1,0.24297,2,-0.447775,0.264429,-1.42121,-30357.4
2.1,0.24297,2,-0.447775,0.264429,-1.41821,-28396.3
2.1,0.24297,2,-0.447775,0.264429,-1.41521,-30279.3
2.1,0.24297,2,-0.447775,0.264429,-1.41221,-31624.1
2.1,0.24297,2,-0.447775,0.264429,-1.4092,-28288.4
2.1,0.24297,2,-0.447775,0.264429,-1.4062,-29602.1
2.1,0.24297,2,-0.447775,0.264429,-1.4032,-33488.1
2.1,0.24297,2,-0.447775,0.264429,-1.4002,-29577.7
2.1,0.24297,2,-0.447775,0.264429,-1.3972,-31155.3
2.1,0.24297,2,-0.447775,0.264429,-1.3942,-35223.9
2.1,0.24297,2,-0.447775,0.264429,-1.3912,-35896
2.1,0.24297,2,-0.447775,0.264429,-1.38819,-28953.2
2.1,0.24297,2,-0.447775,0.264429,-1.38519,-33960.7
2.1,0.24297,2,-0.447775,0.264429,-1.38219,-34339
2.1,0.24297,2,-0.447775,0.264429,-1.37919,-31015.5
2.1,0.24297,2,-0.447775,0.264429,-1.37619,-33143.5
2.1,0.24297,2,-0.447775,0.264429,-1.37319,-29886.3
2.1,0.24297,2,-0.447775,0.264429,-1.37019,-28973.8
2.1,0.24297,2,-0.447775,0.264429,-1.36718,-28504.4
2.1,0.24297,2,-0.447775,0.264429,-1.36418,-31335.1
2.1,0.24297,2,-0.447775,0.264429,-1.36118,-34610
2.1,0.24297,2,-0.447775,0.264429,-1.35818,-30489.2
2.1,0.24297,2,-0.447775,0.264429,-1.35518,-32680.5
2.1,0.24297,2,-0.447775,0.264429,-1.35218,-34966.1
2.1,0.24297,2,-0.447775,0.264429,-1.34917,-31274.8
2.1,0.24297,2,-0.447775,0.264429,-1.34617,-36317.7
2.1,0.24297,2,-0.447775,0.264429,-1.34317,-32662.4
2.1,0.24297,2,-0.447775,0.264429,-1.34017,-30155.2
2.1,0.24297,2,-0.447775,0.264429,-1.33717,-28600.5
2.1,0.24297,2,-0.447775,0.264429,-1.33417,-35426.7
2.1,0.24297,2,-0.447775,0.264429,-1.33117,-34224.4
2.1,0.24297,2,-0.447775,0.264429,-1.32816,-31759.7
2.1,0.24297,2,-0.447775,0.264429,-1.32516,-35485.2
2.1,0.24297,2,-0.447775,0.264429,-1.32216,-36062.3
2.1,0.24297,2,-0.447775,0.264429,-1.31916,-28110.5
2.1,0.24297,2,-0.447775,0.264429,-1.31616,-32661.8
2.1,0.24297,2,-0.447775,0.264429,-1.31316,-35046.1
2.1,0.24297,2,-0.447775,0.264429,-1.31016,-31328.4
2.1,0.24297,2,-0.447775,0.264429,-1.30715,-32933.6
2.1,0.24297,2,-0.447775,0.264429,-1.30415,-35734
2.1,0.24297,2,-0.447775,0.264429,-1.30115,-28106.3
2.1,0.24297,2,-0.447775,0.264429,-1.29815,-34678
2.1,0.24297,2,-0.447775,0.264429,-1.29515,-34763.8
2.1,0.24297,2,-0.447775,0.264429,-1.29215,-32902.5
2.1,0.24297,2,-0.447775,0.264429,-1.28914,-32838.7
2.1,0.24297,2,-0.447775,0.264429,-1.28614,-29835.1
2.1,0.24297,2,-0.447775,0.264429,-1.28314,-29608.6
2.1,0.24297,2,-0.447775,0.264429,-1.28014,-28501.1
2.1,0.24297,2,-0.447775,0.264429,-1.27714,-30481.4
2.1,0.24297,2,-0.447775,0.264429,-1.27414,-29394.3
2.1,0.24297,2,-0.447775,0.264429,-1.27114,-30178.4
2.1,0.24297,2,-0.447775,0.264429,-1.26813,-33494.8
2.1,0.24297,2,-0.447775,0.264429,-1.26513,-34001.9
2.1,0.24297,2,-0.447775,0.264429,-1.26213,-33980.7
2.1,0.24297,2,-0.447775,0.264429,-1.25913,-33834.5
2.1,0.24297,2,-0.447775,0.264429,-1.25613,-31074.2
2.1,0.24297,2,-0.447775,0.264429,-1.25313,-28029.1
2.1,0.24297,2,-0.447775,0.264429,-1.25013,-28534.9
2.1,0.24297,2,-0.447775,0.264429,-1.24712,-29305.5
2.1,0.24297,2,-0.447775,0.264429,-1.24412,-32743.8
2.1,0.24297,2,-0.447775,0.264429,-1.24112,-34796.2
2.1,0.24297,2,-0.447775,0.264429,-1.23812,-31419.2
2.1,0.24297,2,-0.447775,0.264429,-1.23512,-34503.8
2.1,0.24297,2,-0.447775,0.264429,-1.23212,-30692.7
2.1,0.24297,2,-0.447775,0.264429,-1.22911,-31921.7
2.1,0.24297,2,-0.447775,0.264429,-1.22611,-27874.1
2.1,0.24297,2,-0.447775,0.264429,-1.22311,-29992.5
2.1,0.24297,2,-0.447775,0.264429,-1.22011,-32310.6
2.1,0.24297,2,-0.447775,0.264429,-1.21711,-33442.7
2.1,0.24297,2,-0.447775,0.264429,-1.21411,-33673
2.1,0.24297,2,-0.447775,0.264429,-1.21111,-29530.8
2.1,0.24297,2,-0.447775,0.264429,-1.2081,-32693.1
2.1,0.24297,2,-0.447775,0.264429,-1.2051,-36386.8
2.1,0.24297,2,-0.447775,0.264429,-1.2021,-29485.8
2.1,0.24297,2,-0.447775,0.264429,-1.1991,-32329.7
2.1,0.24297,2,-0.447775,0.264429,-1.1961,-29207.6
2.1,0.24297,2,-0.447775,0.264429,-1.1931,-29607.3
2.1,0.24297,2,-0.447775,0.264429,-1.1901,-34575.2
2.1,0.24297,2,-0.447775,0.264429,-1.18709,-34735.8
2.1,0.24297,2,-0.447775,0.264429,-1.18409,-32352.7
2.1,0.24297,2,-0.447775,0.264429,-1.18109,-31505.2
2.1,0.24297,2,-0.447775,0.264429,-1.17809,-29979.3
2.1,0.24297,2,-0.447775,0.264429,-1.17509,-29420
2.1,0.24297,2,-0.447775,0.264429,-1.17209,-27683.7
2.1,0.24297,2,-0.447775,0.264429,-1.16908,-29871
2.1,0.24297,2,-0.447775,0.264429,-1.16608,-32352
2.1,0.24297,2,-0.447775,0.264429,-1.16308,-30483.9
2.1,0.24297,2,-0.447775,0.264429,-1.16008,-30795.1
2.1,0.24297,2,-0.447775,0.264429,-1.15708,-29397.7
2.1,0.24297,2,-0.447775,0.264429,-1.15408,-30559.7
2.1,0.24297,2,-0.447775,0.264429,-1.15108,-31664.7
2.1,0.24297,2,-0.447775,0.264429,-1.14807,-30418.9
2.1,0.24297,2,-0.447775,0.264429,-1.14507,-30940.8
2.1,0.24297,2,-0.447775,0.264429,-1.14207,-35841.5
2.1,0.24297,2,-0.447775,0.264429,-1.13907,-28729.5
2.1,0.24297,2,-0.447775,0.264429,-1.13607,-29879
2.1,0.24297,2,-0.447775,0.264429,-1.13307,-27406.1
2.1,0.24297,2,-0.447775,0.264429,-1.13007,-28606.6
2.1,0.24297,2,-0.447775,0.264429,-1.12706,-29982.4
2.1,0.24297,2,-0.447775,0.264429,-1.12406,-27647.8
2.1,0.24297,2,-0.447775,0.264429,-1.12106,-30356.2
2.1,0.24297,2,-0.447775,0.264429,-1.11806,-31758.9
2.1,0.24297,2,-0.447775,0.264429,-1.11506,-35142.8
2.1,0.24297,2,-0.447775,0.264429,-1.11206,-27812.2
2.1,0.24297,2,-0.447775,0.264429,-1.10905,-31836.2
2.1,0.24297,2,-0.447775,0.264429,-1.10605,-27820.7
2.1,0.24297,2,-0.447775,0.264429,-1.10305,-27475
2.1,0.24297,2,-0.447775,0.264429,-1.10005,-34307.7
2.1,0.24297,2,-0.447775,0.264429,-1.09705,-32387.8
2.1,0.24297,2,-0.447775,0.264429,-1.09405,-27678.3
2.1,0.24297,2,-0.447775,0.264429,-1.09105,-34126
2.1,0.24297,2,-0.447775,0.264429,-1.08804,-34238.7
2.1,0.24297,2,-0.447775,0.264429,-1.08504,-28661
2.1,0.24297,2,-0.447775,0.264429,-1.08204,-29275.6
2.1,0.24297,2,-0.447775,0.264429,-1.07904,-34153.5
2.1,0.24297,2,-0.447775,0.264429,-1.07604,-32439.8
2.1,0.24297,2,-0.447775,0.264429,-1.07304,-29037
2.1,0.24297,2,-0.447775,0.264429,-1.07004,-29588
2.1,0.24297,2,-0.447775,0.264429,-1.06703,-28407.3
2.1,0.24297,2,-0.447775,0.264429,-1.06403,-29680.5
2.1,0.24297,2,-0.447775,0.264429,-1.06103,-27732.9
2.1,0.24297,2,-0.447775,0.264429,-1.05803,-32772.1
2.1,0.24297,2,-0.447775,0.264429,-1.05503,-29536.5
2.1,0.24297,2,-0.447775,0.264429,-1.05203,-31221.1
2.1,0.24297,2,-0.447775,0.264429,-1.04902,-26887.8
2.1,0.24297,2,-0.447775,0.264429,-1.04602,-31924.8
2.1,0.24297,2,-0.447775,0.264429,-1.04302,-34452.7
2.1,0.24297,2,-0.447775,0.264429,-1.04002,-31292.6
2.1,0.24297,2,-0.447775,0.264429,-1.03702,-33026.6
2.1,0.24297,2,-0.447775,0.264429,-1.03402,-28122.5
2.1,0.24297,2,-0.447775,0.264429,-1.03102,-30933.1
2.1,0.24297,2,-0.447775,0.264429,-1.02801,-32382.4
2.1,0.24297,2,-0.447775,0.264429,-1.02501,-28620.3
2.1,0.24297,2,-0.447775,0.264429,-1.02201,-27035.8
2.1,0.24297,2,-0.447775,0.264429,-1.01901,-28093.4
2.1,0.24297,2,-0.447775,0.264429,-1.01601,-26925.6
2.1,0.24297,2,-0.447775,0.264429,-1.01301,-30088.4
2.1,0.24297,2,-0.447775,0.264429,-1.01001,-27257.3
2.1,0.24297,2,-0.447775,0.264429,-1.007,-31462
2.1,0.24297,2,-0.447775,0.264429,-1.004,-32010.9
2.1,0.24297,2,-0.447775,0.264429,-1.001,-28407.6
2.1,0.24297,2,-0.447775,0.264429,-0.997999,-28962.3
2.1,0.24297,2,-0.447775,0.264429,-0.994997,-31093.6
2.1,0.24297,2,-0.447775,0.264429,-0.991996,-31628.6
2.1,0.24297,2,-0.447775,0.264429,-0.988994,-28995.6
2.1,0.24297,2,-0.447775,0.264429,-0.985993,-31699.9
2.1,0.24297,2,-0.447775,0.264429,-0.982991,-28871.8
2.1,0.24297,2,-0.447775,0.264429,-0.97999,-27149.9
2.1,0.24297,2,-0.447775,0.264429,-0.976988,-26226.3
2.1,0.24297,2,-0.447775,0.264429,-0.973987,-30433.7
2.1,0.24297,2,-0.447775,0.264429,-0.970985,-28451.7
2.1,0.24297,2,-0.447775,0.264429,-0.967984,-30372.5
2.1,0.24297,2,-0.447775,0.264429,-0.964982,-32434.1
2.1,0.24297,2,-0.447775,0.264429,-0.961981,-29229.4
2.1,0.24297,2,-0.447775,0.264429,-0.958979,-26892.1
2.1,0.24297,2,-0.447775,0.264429,-0.955978,-31688.6
2.1,0.24297,2,-0.447775,0.264429,-0.952976,-28997
2.1,0.24297,2,-0.447775,0.264429,-0.949975,-29618.4
2.1,0.24297,2,-0.447775,0.264429,-0.946973,-29088.2
2.1,0.24297,2,-0.447775,0.264429,-0.943972,-28365.3
2.1,0.24297,2,-0.447775,0.264429,-0.94097,-28932.3
2.1,0.24297,2,-0.447775,0.264429,-0.937969,-30433.8
2.1,0.24297,2,-0.447775,0.264429,-0.934967,-29031.9
2.1,0.24297,2,-0.447775,0.264429,-0.931966,-30239
2.1,0.24297,2,-0.447775,0.264429,-0.928964,-27729.4
2.1,0.24297,2,-0.447775,0.264429,-0.925963,-30485.7
2.1,0.24297,2,-0.447775,0.264429,-0.922961,-29005.7
2.1,0.24297,2,-0.447775,0.264429,-0.91996,-28120.2
2.1,0.24297,2,-0.447775,0.264429,-0.916958,-29779.9
2.1,0.24297,2,-0.447775,0.264429,-0.913957,-31740.6
2.1,0.24297,2,-0.447775,0.264429,-0.910955,-30767
2.1,0.24297,2,-0.447775,0.264429,-0.907954,-27588.6
2.1,0.24297,2,-0.447775,0.264429,-0.904952,-30215.2
2.1,0.24297,2,-0.447775,0.264429,-0.901951,-30037.5
2.1,0.24297,2,-0.447775,0.264429,-0.898949,-29107.4
2.1,0.24297,2,-0.447775,0.264429,-0.895948,-25481.1
2.1,0.24297,2,-0.447775,0.264429,-0.892946,-30324.9
2.1,0.24297,2,-0.447775,0.264429,-0.889945,-28977.3
2.1,0.24297,2,-0.447775,0.264429,-0.886943,-31738.5
2.1,0.24297,2,-0.447775,0.264429,-0.883942,-31957.5
2.1,0.24297,2,-0.447775,0.264429,-0.88094,-26451
2.1,0.24297,2,-0.447775,0.264429,-0.877939,-25420
2.1,0.24297,2,-0.447775,0.264429,-0.874937,-25110.6
2.1,0.24297,2,-0.447775,0.264429,-0.871936,-27424.5
2.1,0.24297,2,-0.447775,0.264429,-0.868934,-24715.7
2.1,0.24297,2,-0.447775,0.264429,-0.865933,-25373
2.1,0.24297,2,-0.447775,0.264429,-0.862931,-27243.4
2.1,0.24297,2,-0.447775,0.264429,-0.85993,-28166.6
2.1,0.24297,2,-0.447775,0.264429,-0.856928,-24855.4
2.1,0.24297,2,-0.447775,0.264429,-0.853927,-28531.5
2.1,0.24297,2,-0.447775,0.264429,-0.850925,-31903
2.1,0.24297,2,-0.447775,0.264429,-0.847924,-29386.3
2.1,0.24297,2,-0.447775,0.264429,-0.844922,-23948.3
2.1,0.24297,2,-0.447775,0.264429,-0.841921,-30201
2.1,0.24297,2,-0.447775,0.264429,-0.838919,-29529.9
2.1,0.24297,2,-0.447775,0.264429,-0.835918,-23531.1
2.1,0.24297,2,-0.447775,0.264429,-0.832916,-29255.6
2.1,0.24297,2,-0.447775,0.264429,-0.829915,-23807
2.1,0.24297,2,-0.447775,0.264429,-0.826913,-25975.3
2.1,0.24297,2,-0.447775,0.264429,-0.823912,-25940.6
2.1,0.24297,2,-0.447775,0.264429,-0.82091,-26741.1
2.1,0.24297,2,-0.447775,0.264429,-0.817909,-26748.9
2.1,0.24297,2,-0.447775,0.264429,-0.814907,-27118.1
2.1,0.24297,2,-0.447775,0.264429,-0.811906,-26743.8
2.1,0.24297,2,-0.447775,0.264429,-0.808904,-26458.8
2.1,0.24297,2,-0.447775,0.264429,-0.805903,19407.8
2.1,0.24297,2,-0.447775,0.264429,-0.802901,20976.5
2.1,0.24297,2,-0.447775,0.264429,-0.7999,25078.9
2.1,0.24297,2,-0.447775,0.264429,-0.796898,28661.9
2.1,0.24297,2,-0.447775,0.264429,-0.793897,25511.5
2.1,0.24297,2,-0.447775,0.264429,-0.790895,23932.1
2.1,0.24297,2,-0.447775,0.264429,-0.787894,26893.8
2.1,0.24297,2,-0.447775,0.264429,-0.784892,28547.5
2.1,0.24297,2,-0.447775,0.264429,-0.781891,24181.3
2.1,0.24297,2,-0.447775,0.264429,-0.778889,24409.2
2.1,0.24297,2,-0.447775,0.264429,-0.775888,25428
2.1,0.24297,2,-0.447775,0.264429,-0.772886,25958
2.1,0.24297,2,-0.447775,0.264429,-0.769885,23952.6
2.1,0.24297,2,-0.447775,0.264429,-0.766883,31884.7
2.1,0.24297,2,-0.447775,0.264429,-0.763882,29010.4
2.1,0.24297,2,-0.447775,0.264429,-0.76088,25957.8
2.1,0.24297,2,-0.447775,0.264429,-0.757879,25230.8
2.1,0.24297,2,-0.447775,0.264429,-0.754877,29145.4
2.1,0.24297,2,-0.447775,0.264429,-0.751876,31541.4
2.1,0.24297,2,-0.447775,0.264429,-0.748874,25541.9
2.1,0.24297,2,-0.447775,0.264429,-0.745873,26710.3
2.1,0.24297,2,-0.447775,0.264429,-0.742871,29763.9
2.1,0.24297,2,-0.447775,0.264429,-0.73987,27147.5
2.1,0.24297,2,-0.447775,0.264429,-0.736868,32308.4
2.1,0.24297,2,-0.447775,0.264429,-0.733867,29541.5
2.1,0.24297,2,-0.447775,0.264429,-0.730865,25665.5
2.1,0.24297,2,-0.447775,0.264429,-0.727864,29214.4
2.1,0.24297,2,-0.447775,0.264429,-0.724862,30434.8
2.1,0.24297,2,-0.447775,0.264429,-0.721861,29358.9
2.1,0.24297,2,-0.447775,0.264429,-0.718859,26134.4
2.1,0.24297,2,-0.447775,0.264429,-0.715858,26923.5
2.1,0.24297,2,-0.447775,0.264429,-0.712856,26606.9
2.1,0.24297,2,-0.447775,0.264429,-0.709855,29099.4
2.1,0.24297,2,-0.447775,0.264429,-0.706853,26340.8
2.1,0.24297,2,-0.447775,0.264429,-0.703852,26259.2
2.1,0.24297,2,-0.447775,0.264429,-0.70085,27374.6
2.1,0.24297,2,-0.447775,0.264429,-0.697849,30976.3
2.1,0.24297,2,-0.447775,0.264429,-0.694847,26124.7
2.1,0.24297,2,-0.447775,0.264429,-0.691846,33538.9
2.1,0.24297,2,-0.447775,0.264429,-0.688844,28378.9
2.1,0.24297,2,-0.447775,0.264429,-0.685843,25839.7
2.1,0.24297,2,-0.447775,0.264429,-0.682841,29800.8
2.1,0.24297,2,-0.447775,0.264429,-0.67984,27257.5
2.1,0.24297,2,-0.447775,0.264429,-0.676838,28093
2.1,0.24297,2,-0.447775,0.264429,-0.673837,28831.7
2.1,0.24297,2,-0.447775,0.264429,-0.670835,28786.8
2.1,0.24297,2,-0.447775,0.264429,-0.667834,33253.4
2.1,0.24297,2,-0.447775,0.264429,-0.664832,32989
2.1,0.24297,2,-0.447775,0.264429,-0.661831,27689.3
2.1,0.24297,2,-0.447775,0.264429,-0.658829,33372
2.1,0.24297,2,-0.447775,0.264429,-0.655828,28201.4
2.1,0.24297,2,-0.447775,0.264429,-0.652826,27160.8
2.1,0.24297,2,-0.447775,0.264429,-0.649825,27076.8
2.1,0.24297,2,-0.447775,0.264429,-0.646823,29074
2.1,0.24297,2,-0.447775,0.264429,-0.643822,29237.8
2.1,0.24297,2,-0.447775,0.264429,-0.64082,26633.6
2.1,0.24297,2,-0.447775,0.264429,-0.637819,27251.6
2.1,0.24297,2,-0.447775,0.264429,-0.634817,27554.3
2.1,0.24297,2,-0.447775,0.264429,-0.631816,32010.4
2.1,0.24297,2,-0.447775,0.264429,-0.628814,26841
2.1,0.24297,2,-0.447775,0.264429,-0.625813,35227.5
2.1,0.24297,2,-0.447775,0.264429,-0.622811,28359.2
2.1,0.24297,2,-0.447775,0.264429,-0.61981,27028.8
2.1,0.24297,2,-0.447775,0.264429,-0.616808,28051.4
2.1,0.24297,2,-0.447775,0.264429,-0.613807,30347.1
2.1,0.24297,2,-0.447775,0.264429,-0.610805,33300.6
2.1,0.24297,2,-0.447775,0.264429,-0.607804,27219.4
2.1,0.24297,2,-0.447775,0.264429,-0.604802,31235.6
2.1,0.24297,2,-0.447775,0.264429,-0.601801,29841.8
2.1,0.24297,2,-0.447775,0.264429,-0.598799,32233.1
2.1,0.24297,2,-0.447775,0.264429,-0.595798,30485.8
2.1,0.24297,2,-0.447775,0.264429,-0.592796,34409
2.1,0.24297,2,-0.447775,0.264429,-0.589795,27083.3
2.1,0.24297,2,-0.447775,0.264429,-0.586793,31932
2.1,0.24297,2,-0.447775,0.264429,-0.583792,32214.6
2.1,0.24297,2,-0.447775,0.264429,-0.58079,28941.3
2.1,0.24297,2,-0.447775,0.264429,-0.577789,29191.2
2.1,0.24297,2,-0.447775,0.264429,-0.574787,32061.1
2.1,0.24297,2,-0.447775,0.264429,-0.571786,27963.1
2.1,0.24297,2,-0.447775,0.264429,-0.568784,30043.5
2.1,0.24297,2,-0.447775,0.264429,-0.565783,29419.1
2.1,0.24297,2,-0.447775,0.264429,-0.562781,27843.5
2.1,0.24297,2,-0.447775,0.264429,-0.55978,27325
2.1,0.24297,2,-0.447775,0.264429,-0.556778,31778.1
2.1,0.24297,2,-0.447775,0.264429,-0.553777,34745.6
2.1,0.24297,2,-0.447775,0.264429,-0.550775,28851
2.1,0.24297,2,-0.447775,0.264429,-0.547774,28664.7
2.1,0.24297,2,-0.447775,0.264429,-0.544772,29716.1
2.1,0.24297,2,-0.447775,0.264429,-0.541771,33058.9
2.1,0.24297,2,-0.447775,0.264429,-0.538769,30898.1
2.1,0.24297,2,-0.447775,0.264429,-0.535768,28709.1
2.1,0.24297,2,-0.447775,0.264429,-0.532766,34503.3
2.1,0.24297,2,-0.447775,0.264429,-0.529765,32698.1
2.1,0.24297,2,-0.447775,0.264429,-0.526763,29741.6
2.1,0.24297,2,-0.447775,0.264429,-0.523762,33701.7
2.1,0.24297,2,-0.447775,0.264429,-0.52076,33672.4
2.1,0.24297,2,-0.447775,0.264429,-0.517759,32689.3
2.1,0.24297,2,-0.447775,0.264429,-0.514757,32227
2.1,0.24297,2,-0.447775,0.264429,-0.511756,30288.2
2.1,0.24297,2,-0.447775,0.264429,-0.508754,33606.4
2.1,0.24297,2,-0.447775,0.264429,-0.505753,29637.2
2.1,0.24297,2,-0.447775,0.264429,-0.502751,28856.3
2.1,0.24297,2,-0.447775,0.264429,-0.49975,32948.7
2.1,0.24297,2,-0.447775,0.264429,-0.496748,35539.6
2.1,0.24297,2,-0.447775,0.264429,-0.493747,35291.3
2.1,0.24297,2,-0.447775,0.264429,-0.490745,33301.2
2.1,0.24297,2,-0.447775,0.264429,-0.487744,30377.1
2.1,0.24297,2,-0.447775,0.264429,-0.484742,28727.1
2.1,0.24297,2,-0.447775,0.264429,-0.481741,35465.5
2.1,0.24297,2,-0.447775,0.264429,-0.478739,31243
2.1,0.24297,2,-0.447775,0.264429,-0.475738,31465.9
2.1,0.24297,2,-0.447775,0.264429,-0.472736,35018.2
2.1,0.24297,2,-0.447775,0.264429,-0.469735,29446.9
2.1,0.24297,2,-0.447775,0.264429,-0.466733,28332
2.1,0.24297,2,-0.447775,0.264429,-0.463732,29829.3
2.1,0.24297,2,-0.447775,0.264429,-0.46073,28507.2
2.1,0.24297,2,-0.447775,0.264429,-0.457729,31788.1
2.1,0.24297,2,-0.447775,0.264429,-0.454727,32527.6
2.1,0.24297,2,-0.447775,0.264429,-0.451726,34279.9
2.1,0.24297,2,-0.447775,0.264429,-0.448724,28393.4
2.1,0.24297,2,-0.447775,0.264429,-0.445723,29765.9
2.1,0.24297,2,-0.447775,0.264429,-0.442721,33692.2
2.1,0.24297,2,-0.447775,0.264429,-0.43972,29113.7
2.1,0.24297,2,-0.447775,0.264429,-0.436718,28674.2
2.1,0.24297,2,-0.447775,0.264429,-0.433717,33368.6
2.1,0.24297,2,-0.447775,0.264429,-0.430715,34981.5
2.1,0.24297,2,-0.447775,0.264429,-0.427714,29709
2.1,0.24297,2,-0.447775,0.264429,-0.424712,29075.3
2.1,0.24297,2,-0.447775,0.264429,-0.421711,29005.9
2.1,0.24297,2,-0.447775,0.264429,-0.418709,29946
2.1,0.24297,2,-0.447775,0.264429,-0.415708,31390.7
2.1,0.24297,2,-0.447775,0.264429,-0.412706,32772.8
2.1,0.24297,2,-0.447775,0.264429,-0.409705,32842.6
2.1,0.24297,2,-0.447775,0.264429,-0.406703,35084.9
2.1,0.24297,2,-0.447775,0.264429,-0.403702,31362.1
2.1,0.24297,2,-0.447775,0.264429,-0.4007,31290.8
2.1,0.24297,2,-0.447775,0.264429,-0.397699,28705.4
2.1,0.24297,2,-0.447775,0.264429,-0.394697,33199.6
2.1,0.24297,2,-0.447775,0.264429,-0.391696,35512.4
2.1,0.24297,2,-0.447775,0.264429,-0.388694,31055
2.1,0.24297,2,-0.447775,0.264429,-0.385693,35977.8
2.1,0.24297,2,-0.447775,0.264429,-0.382691,32569.2
2.1,0.24297,2,-0.447775,0.264429,-0.37969,34962.6
2.1,0.24297,2,-0.447775,0.264429,-0.376688,30160.1
2.1,0.24297,2,-0.447775,0.264429,-0.373687,36690
2.1,0.24297,2,-0.447775,0.264429,-0.370685,29981
2.1,0.24297,2,-0.447775,0.264429,-0.367684,29307.3
2.1,0.24297,2,-0.447775,0.264429,-0.364682,30960.9
2.1,0.24297,2,-0.447775,0.264429,-0.361681,30140.8
2.1,0.24297,2,-0.447775,0.264429,-0.358679,28505.7
2.1,0.24297,2,-0.447775,0.264429,-0.355678,36305.9
2.1,0.24297,2,-0.447775,0.264429,-0.352676,28795.6
2.1,0.24297,2,-0.447775,0.264429,-0.349675,32450
2.1,0.24297,2,-0.447775,0.264429,-0.346673,30379
2.1,0.24297,2,-0.447775,0.264429,-0.343672,28607.2
2.1,0.24297,2,-0.447775,0.264429,-0.34067,35520.3
2.1,0.24297,2,-0.447775,0.264429,-0.337669,33370.8
2.1,0.24297,2,-0.447775,0.264429,-0.334667,34357.6
2.1,0.24297,2,-0.447775,0.264429,-0.331666,37296
2.1,0.24297,2,-0.447775,0.264429,-0.328664,28893.3
2.1,0.24297,2,-0.447775,0.264429,-0.325663,31217.3
2.1,0.24297,2,-0.447775,0.264429,-0.322661,29161.4
2.1,0.24297,2,-0.447775,0.264429,-0.31966,33487.9
2.1,0.24297,2,-0.447775,0.264429,-0.316658,30525.3
2.1,0.24297,2,-0.447775,0.264429,-0.313657,31207.8
2.1,0.24297,2,-0.447775,0.264429,-0.310655,30007.3
2.1,0.24297,2,-0.447775,0.264429,-0.307654,28978.1
2.1,0.24297,2,-0.447775,0.264429,-0.304652,28791.2
2.1,0.24297,2,-0.447775,0.264429,-0.301651,31669.3
2.1,0.24297,2,-0.447775,0.264429,-0.298649,37223.2
2.1,0.24297,2,-0.447775,0.264429,-0.295648,32713.7
2.1,0.24297,2,-0.447775,0.264429,-0.292646,34111.5
2.1,0.24297,2,-0.447775,0.264429,-0.289645,28866.4
2.1,0.24297,2,-0.447775,0.264429,-0.286643,31669.3
2.1,0.24297,2,-0.447775,0.264429,-0.283642,34663.6
2.1,0.24297,2,-0.447775,0.264429,-0.28064,33103.3
2.1,0.24297,2,-0.447775,0.264429,-0.277639,30904.6
2.1,0.24297,2,-0.447775,0.264429,-0.274637,29157.8
2.1,0.24297,2,-0.447775,0.264429,-0.271636,34718.5
2.1,0.24297,2,-0.447775,0.264429,-0.268634,28886.6
2.1,0.24297,2,-0.447775,0.264429,-0.265633,29138.1
2.1,0.24297,2,-0.447775,0.264429,-0.262631,34575.3
2.1,0.24297,2,-0.447775,0.264429,-0.25963,32026.3
2.1,0.24297,2,-0.447775,0.264429,-0.256628,31360.6
2.1,0.24297,2,-0.447775,0.264429,-0.253627,32044.5
2.1,0.24297,2,-0.447775,0.264429,-0.250625,28781.9
2.1,0.24297,2,-0.447775,0.264429,-0.247624,32805.2
2.1,0.24297,2,-0.447775,0.264429,-0.244622,30892.2
2.1,0.24297,2,-0.447775,0.264429,-0.241621,31617.9
2.1,0.24297,2,-0.447775,0.264429,-0.238619,29993
2.1,0.24297,2,-0.447775,0.264429,-0.235618,37357.8
2.1,0.24297,2,-0.447775,0.264429,-0.232616,35721.9
2.1,0.24297,2,-0.447775,0.264429,-0.229615,32946.1
2.1,0.24297,2,-0.447775,0.264429,-0.226613,36641.9
2.1,0.24297,2,-0.447775,0.264429,-0.223612,32400.2
2.1,0.24297,2,-0.447775,0.264429,-0.22061,29895.8
2.1,0.24297,2,-0.447775,0.264429,-0.217609,29120.4
2.1,0.24297,2,-0.447775,0.264429,-0.214607,31926.7
2.1,0.24297,2,-0.447775,0.264429,-0.211606,31958.6
2.1,0.24297,2,-0.447775,0.264429,-0.208604,29567.3
2.1,0.24297,2,-0.447775,0.264429,-0.205603,35356
2.1,0.24297,2,-0.447775,0.264429,-0.202601,35392.8
2.1,0.24297,2,-0.447775,0.264429,-0.1996,33170.2
2.1,0.24297,2,-0.447775,0.264429,-0.196598,34106.9
2.1,0.24297,2,-0.447775,0.264429,-0.193597,31064.1
2.1,0.24297,2,-0.447775,0.264429,-0.190595,36235.4
2.1,0.24297,2,-0.447775,0.264429,-0.187594,32584.3
2.1,0.24297,2,-0.447775,0.264429,-0.184592,36032.6
2.1,0.24297,2,-0.447775,0.264429,-0.181591,29370.3
2.1,0.24297,2,-0.447775,0.264429,-0.178589,31721.2
2.1,0.24297,2,-0.447775,0.264429,-0.175588,32208.1
2.1,0.24297,2,-0.447775,0.264429,-0.172586,35420.9
2.1,0.24297,2,-0.447775,0.264429,-0.169585,30410.8
2.1,0.24297,2,-0.447775,0.264429,-0.166583,33119.7
2.1,0.24297,2,-0.447775,0.264429,-0.163582,36996.7
2.1,0.24297,2,-0.447775,0.264429,-0.16058,32880.4
2.1,0.24297,2,-0.447775,0.264429,-0.157579,33836.8
2.1,0.24297,2,-0.447775,0.264429,-0.154577,32409.8
2.1,0.24297,2,-0.447775,0.264429,-0.151576,29731.9
2.1,0.24297,2,-0.447775,0.264429,-0.148574,29892.4
2.1,0.24297,2,-0.447775,0.264429,-0.145573,31236
2.1,0.24297,2,-0.447775,0.264429,-0.142571,33586.7
2.1,0.24297,2,-0.447775,0.264429,-0.13957,32101.3
2.1,0.24297,2,-0.447775,0.264429,-0.136568,34537.2
2.1,0.24297,2,-0.447775,0.264429,-0.133567,31226
2.1,0.24297,2,-0.447775,0.264429,-0.130565,29282.1
2.1,0.24297,2,-0.447775,0.264429,-0.127564,29169.6
2.1,0.24297,2,-0.447775,0.264429,-0.124562,34644.1
2.1,0.24297,2,-0.447775,0.264429,-0.121561,34943.5
2.1,0.24297,2,-0.447775,0.264429,-0.118559,35105.5
2.1,0.24297,2,-0.447775,0.264429,-0.115558,31746.1
2.1,0.24297,2,-0.447775,0.264429,-0.112556,36335.2
2.1,0.24297,2,-0.447775,0.264429,-0.109555,36607.1
2.1,0.24297,2,-0.447775,0.264429,-0.106553,31329.4
2.1,0.24297,2,-0.447775,0.264429,-0.103552,34180.9
2.1,0.24297,2,-0.447775,0.264429,-0.10055,34648.9
2.1,0.24297,2,-0.447775,0.264429,-0.0975488,34855.2
2.1,0.24297,2,-0.447775,0.264429,-0.0945473,29576.3
2.1,0.24297,2,-0.447775,0.264429,-0.0915458,31012.2
2.1,0.24297,2,-0.447775,0.264429,-0.0885443,34956.3
2.1,0.24297,2,-0.447775,0.264429,-0.0855428,35107.1
2.1,0.24297,2,-0.447775,0.264429,-0.0825413,31835.8
2.1,0.24297,2,-0.447775,0.264429,-0.0795398,32560.5
2.1,0.24297,2,-0.447775,0.264429,-0.0765383,31647.3
2.1,0.24297,2,-0.447775,0.264429,-0.0735368,35952.1
2.1,0.24297,2,-0.447775,0.264429,-0.0705353,34218.4
2.1,0.24297,2,-0.447775,0.264429,-0.0675338,38758.2
2.1,0.24297,2,-0.447775,0.264429,-0.0645323,34145
2.1,0.24297,2,-0.447775,0.264429,-0.0615308,32405
2.1,0.24297,2,-0.447775,0.264429,-0.0585293,33160.3
2.1,0.24297,2,-0.447775,0.264429,-0.0555278,29237.3
2.1,0.24297,2,-0.447775,0.264429,-0.0525263,34604.9
2.1,0.24297,2,-0.447775,0.264429,-0.0495248,29714.3
2.1,0.24297,2,-0.447775,0.264429,-0.0465233,32939.5
2.1,0.24297,2,-0.447775,0.264429,-0.0435218,32240
2.1,0.24297,2,-0.447775,0.264429,-0.0405203,32848.8
2.1,0.24297,2,-0.447775,0.264429,-0.0375188,31758.6
2.1,0.24297,2,-0.447775,0.264429,-0.0345173,32127.5
2.1,0.24297,2,-0.447775,0.264429,-0.0315158,32635.4
2.1,0.24297,2,-0.447775,0.264429,-0.0285143,36564.6
2.1,0.24297,2,-0.447775,0.264429,-0.0255128,30033.5
2.1,0.24297,2,-0.447775,0.264429,-0.0225113,31872
2.1,0.24297,2,-0.447775,0.264429,-0.0195098,32992.4
2.1,0.24297,2,-0.447775,0.264429,-0.0165083,32812.6
2.1,0.24297,2,-0.447775,0.264429,-0.0135068,31751.2
2.1,0.24297,2,-0.447775,0.264429,-0.0105053,31233.7
2.1,0.24297,2,-0.447775,0.264429,-0.00750375,36381
2.1,0.24297,2,-0.447775,0.264429,-0.00450225,31362.4
2.1,0.24297,2,-0.447775,0.264429,-0.00150075,34244.8
2.1,0.24297,2,-0.447775,0.264429,0.00150075,34483.6
2.1,0.24297,2,-0.447775,0.264429,0.00450225,32188.6
2.1,0.24297,2,-0.447775,0.264429,0.00750375,30587.2
2.1,0.24297,2,-0.447775,0.264429,0.0105053,32555.5
2.1,0.24297,2,-0.447775,0.264429,0.0135068,34862.9
2.1,0.24297,2,-0.447775,0.264429,0.0165083,38048.1
2.1,0.24297,2,-0.447775,0.264429,0.0195098,30793
2.1,0.24297,2,-0.447775,0.264429,0.0225113,30168.1
2.1,0.24297,2,-0.447775,0.264429,0.0255128,34060.8
2.1,0.24297,2,-0.447775,0.264429,0.0285143,36130.8
2.1,0.24297,2,-0.447775,0.264429,0.0315158,29793.3
2.1,0.24297,2,-0.447775,0.264429,0.0345173,30148.7
2.1,0.24297,2,-0.447775,0.264429,0.0375188,36777
2.1,0.24297,2,-0.447775,0.264429,0.0405203,32116
2.1,0.24297,2,-0.447775,0.264429,0.0435218,30889.8
2.1,0.24297,2,-0.447775,0.264429,0.0465233,31332.3
2.1,0.24297,2,-0.447775,0.264429,0.0495248,32184.8
2.1,0.24297,2,-0.447775,0.264429,0.0525263,30818.1
2.1,0.24297,2,-0.447775,0.264429,0.0555278,31977.8
2.1,0.24297,2,-0.447775,0.264429,0.0585293,29460.1
2.1,0.24297,2,-0.447775,0.264429,0.0615308,37443.7
2.1,0.24297,2,-0.447775,0.264429,0.0645323,32766.3
2.1,0.24297,2,-0.447775,0.264429,0.0675338,35567.4
2.1,0.24297,2,-0.447775,0.264429,0.0705353,34408.5
2.1,0.24297,2,-0.447775,0.264429,0.0735368,33073.9
2.1,0.24297,2,-0.447775,0.264429,0.0765383,29811.8
2.1,0.24297,2,-0.447775,0.264429,0.0795398,33234.3
2.1,0.24297,2,-0.447775,0.264429,0.0825413,29503.4
2.1,0.24297,2,-0.447775,0.264429,0.0855428,29434.3
2.1,0.24297,2,-0.447775,0.264429,0.0885443,29681.2
2.1,0.24297,2,-0.447775,0.264429,0.0915458,35797
2.1,0.24297,2,-0.447775,0.264429,0.0945473,31622.7
2.1,0.24297,2,-0.447775,0.264429,0.0975488,29660.7
2.1,0.24297,2,-0.447775,0.264429,0.10055,30480.7
2.1,0.24297,2,-0.447775,0.264429,0.103552,31930.7
2.1,0.24297,2,-0.447775,0.264429,0.106553,34365.6
2.1,0.24297,2,-0.447775,0.264429,0.109555,30399.3
2.1,0.24297,2,-0.447775,0.264429,0.112556,34035.3
2.1,0.24297,2,-0.447775,0.264429,0.115558,31183.9
2.1,0.24297,2,-0.447775,0.264429,0.118559,32675.8
2.1,0.24297,2,-0.447775,0.264429,0.121561,31563.1
2.1,0.24297,2,-0.447775,0.264429,0.124562,30057.9
2.1,0.24297,2,-0.447775,0.264429,0.127564,36902.2
2.1,0.24297,2,-0.447775,0.264429,0.130565,30617.6
2.1,0.24297,2,-0.447775,0.264429,0.133567,31886.4
2.1,0.24297,2,-0.447775,0.264429,0.136568,29558.7
2.1,0.24297,2,-0.447775,0.264429,0.13957,35063
2.1,0.24297,2,-0.447775,0.264429,0.142571,34554.2
2.1,0.24297,2,-0.447775,0.264429,0.145573,34095.6
2.1,0.24297,2,-0.447775,0.264429,0.148574,32859.8
2.1,0.24297,2,-0.447775,0.264429,0.151576,29793.6
2.1,0.24297,2,-0.447775,0.264429,0.154577,31121.2
2.1,0.24297,2,-0.447775,0.264429,0.157579,34731.6
2.1,0.24297,2,-0.447775,0.264429,0.16058,38318.5
2.1,0.24297,2,-0.447775,0.264429,0.163582,31135.8
2.1,0.24297,2,-0.447775,0.264429,0.166583,29695.5
2.1,0.24297,2,-0.447775,0.264429,0.169585,36488.4
2.1,0.24297,2,-0.447775,0.264429,0.172586,37626.5
2.1,0.24297,2,-0.447775,0.264429,0.175588,37822.8
2.1,0.24297,2,-0.447775,0.264429,0.178589,38025.6
2.1,0.24297,2,-0.447775,0.264429,0.181591,29879.1
2.1,0.24297,2,-0.447775,0.264429,0.184592,30233.9
2.1,0.24297,2,-0.447775,0.264429,0.187594,32368.1
2.1,0.24297,2,-0.447775,0.264429,0.190595,36845.1
2.1,0.24297,2,-0.447775,0.264429,0.193597,34889.2
2.1,0.24297,2,-0.447775,0.264429,0.196598,32086.4
2.1,0.24297,2,-0.447775,0.264429,0.1996,37292
2.1,0.24297,2,-0.447775,0.264429,0.202601,32613.7
2.1,0.24297,2,-0.447775,0.264429,0.205603,30563.7
2.1,0.24297,2,-0.447775,0.264429,0.208604,31638.6
2.1,0.24297,2,-0.447775,0.264429,0.211606,33250.8
2.1,0.24297,2,-0.447775,0.264429,0.214607,38327.6
2.1,0.24297,2,-0.447775,0.264429,0.217609,34874.3
2.1,0.24297,2,-0.447775,0.264429,0.22061,34285.8
2.1,0.24297,2,-0.447775,0.264429,0.223612,31071.1
2.1,0.24297,2,-0.447775,0.264429,0.226613,33490.8
2.1,0.24297,2,-0.447775,0.264429,0.229615,32141.7
2.1,0.24297,2,-0.447775,0.264429,0.232616,30511.2
2.1,0.24297,2,-0.447775,0.264429,0.235618,35046.5
2.1,0.24297,2,-0.447775,0.264429,0.238619,36863.4
2.1,0.24297,2,-0.447775,0.264429,0.241621,36941.7
2.1,0.24297,2,-0.447775,0.264429,0.244622,32970.8
2.1,0.24297,2,-0.447775,0.264429,0.247624,36771.6
2.1,0.24297,2,-0.447775,0.264429,0.250625,33604.4
2.1,0.24297,2,-0.447775,0.264429,0.253627,30924.5
2.1,0.24297,2,-0.447775,0.264429,0.256628,37376.8
2.1,0.24297,2,-0.447775,0.264429,0.25963,32315.4
2.1,0.24297,2,-0.447775,0.264429,0.262631,37714.7
2.1,0.24297,2,-0.447775,0.264429,0.265633,34247.8
2.1,0.24297,2,-0.447775,0.264429,0.268634,29911.7
2.1,0.24297,2,-0.447775,0.264429,0.271636,30419
2.1,0.24297,2,-0.447775,0.264429,0.274637,29713.1
2.1,0.24297,2,-0.447775,0.264429,0.277639,33803.9
2.1,0.24297,2,-0.447775,0.264429,0.28064,31017.5
2.1,0.24297,2,-0.447775,0.264429,0.283642,35202.5
2.1,0.24297,2,-0.447775,0.264429,0.286643,35734.9
2.1,0.24297,2,-0.447775,0.264429,0.289645,35234.8
2.1,0.24297,2,-0.447775,0.264429,0.292646,33898.3
2.1,0.24297,2,-0.447775,0.264429,0.295648,30828.3
2.1,0.24297,2,-0.447775,0.264429,0.298649,36724.4
2.1,0.24297,2,-0.447775,0.264429,0.301651,33947.9
2.1,0.24297,2,-0.447775,0.264429,0.304652,37514.2
2.1,0.24297,2,-0.447775,0.264429,0.307654,32624.4
2.1,0.24297,2,-0.447775,0.264429,0.310655,31322.8
2.1,0.24297,2,-0.447775,0.264429,0.313657,32349.8
2.1,0.24297,2,-0.447775,0.264429,0.316658,29497.2
2.1,0.24297,2,-0.447775,0.264429,0.31966,31286.1
2.1,0.24297,2,-0.447775,0.264429,0.322661,29599
2.1,0.24297,2,-0.447775,0.264429,0.325663,32298.6
2.1,0.24297,2,-0.447775,0.264429,0.328664,33554
2.1,0.24297,2,-0.447775,0.264429,0.331666,37077.1
2.1,0.24297,2,-0.447775,0.264429,0.334667,36987.8
2.1,0.24297,2,-0.447775,0.264429,0.337669,38681.3
2.1,0.24297,2,-0.447775,0.264429,0.34067,30717.2
2.1,0.24297,2,-0.447775,0.264429,0.343672,35038.3
2.1,0.24297,2,-0.447775,0.264429,0.346673,29388.3
2.1,0.24297,2,-0.447775,0.264429,0.349675,32510.9
2.1,0.24297,2,-0.447775,0.264429,0.352676,36116.1
2.1,0.24297,2,-0.447775,0.264429,0.355678,30490.7
2.1,0.24297,2,-0.447775,0.264429,0.358679,31858.8
2.1,0.24297,2,-0.447775,0.264429,0.361681,35316.4
2.1,0.24297,2,-0.447775,0.264429,0.364682,33972.7
2.1,0.24297,2,-0.447775,0.264429,0.367684,33525.2
2.1,0.24297,2,-0.447775,0.264429,0.370685,36211.3
2.1,0.24297,2,-0.447775,0.264429,0.373687,32080
2.1,0.24297,2,-0.447775,0.264429,0.376688,29816.3
2.1,0.24297,2,-0.447775,0.264429,0.37969,33817.1
2.1,0.24297,2,-0.447775,0.264429,0.382691,38224.7
2.1,0.24297,2,-0.447775,0.264429,0.385693,30806.9
2.1,0.24297,2,-0.447775,0.264429,0.388694,34475
2.1,0.24297,2,-0.447775,0.264429,0.391696,32669.1
2.1,0.24297,2,-0.447775,0.264429,0.394697,32490.2
2.1,0.24297,2,-0.447775,0.264429,0.397699,33362.7
2.1,0.24297,2,-0.447775,0.264429,0.4007,32518.7
2.1,0.24297,2,-0.447775,0.264429,0.403702,32449.5
2.1,0.24297,2,-0.447775,0.264429,0.406703,29608.4
2.1,0.24297,2,-0.447775,0.264429,0.409705,32363.6
2.1,0.24297,2,-0.447775,0.264429,0.412706,32832.5
2.1,0.24297,2,-0.447775,0.264429,0.415708,29520.4
2.1,0.24297,2,-0.447775,0.264429,0.418709,35586.6
2.1,0.24297,2,-0.447775,0.264429,0.421711,37828.4
2.1,0.24297,2,-0.447775,0.264429,0.424712,32488.1
2.1,0.24297,2,-0.447775,0.264429,0.427714,30830.1
2.1,0.24297,2,-0.447775,0.264429,0.430715,31098
2.1,0.24297,2,-0.447775,0.264429,0.433717,35457.7
2.1,0.24297,2,-0.447775,0.264429,0.436718,31246.5
2.1,0.24297,2,-0.447775,0.264429,0.43972,33812.1
2.1,0.24297,2,-0.447775,0.264429,0.442721,38251.7
2.1,0.24297,2,-0.447775,0.264429,0.445723,38177.3
2.1,0.24297,2,-0.447775,0.264429,0.448724,36050.6
2.1,0.24297,2,-0.447775,0.264429,0.451726,34745.8
2.1,0.24297,2,-0.447775,0.264429,0.454727,31106.2
2.1,0.24297,2,-0.447775,0.264429,0.457729,37394.4
2.1,0.24297,2,-0.447775,0.264429,0.46073,34399
2.1,0.24297,2,-0.447775,0.264429,0.463732,33799.3
2.1,0.24297,2,-0.447775,0.264429,0.466733,30324.3
2.1,0.24297,2,-0.447775,0.264429,0.469735,30390.6
2.1,0.24297,2,-0.447775,0.264429,0.472736,32249.2
2.1,0.24297,2,-0.447775,0.264429,0.475738,31079.6
2.1,0.24297,2,-0.447775,0.264429,0.478739,31042.8
2.1,0.24297,2,-0.447775,0.264429,0.481741,31759.2
2.1,0.24297,2,-0.447775,0.264429,0.484742,31483.4
2.1,0.24297,2,-0.447775,0.264429,0.487744,30345.3
2.1,0.24297,2,-0.447775,0.264429,0.490745,32127.8
2.1,0.24297,2,-0.447775,0.264429,0.493747,30839
2.1,0.24297,2,-0.447775,0.264429,0.496748,33687.2
2.1,0.24297,2,-0.447775,0.264429,0.49975,37181.8
2.1,0.24297,2,-0.447775,0.264429,0.502751,31369
2.1,0.24297,2,-0.447775,0.264429,0.505753,32008.7
2.1,0.24297,2,-0.447775,0.264429,0.508754,29765.4
2.1,0.24297,2,-0.447775,0.264429,0.511756,32923
2.1,0.24297,2,-0.447775,0.264429,0.514757,29239.6
2.1,0.24297,2,-0.447775,0.264429,0.517759,29598.7
2.1,0.24297,2,-0.447775,0.264429,0.52076,34632.9
2.1,0.24297,2,-0.447775,0.264429,0.523762,33283.3
2.1,0.24297,2,-0.447775,0.264429,0.526763,30604.8
2.1,0.24297,2,-0.447775,0.264429,0.529765,37452.1
2.1,0.24297,2,-0.447775,0.264429,0.532766,32948.7
2.1,0.24297,2,-0.447775,0.264429,0.535768,30711.2
2.1,0.24297,2,-0.447775,0.264429,0.538769,33111.7
2.1,0.24297,2,-0.447775,0.264429,0.541771,31904.4
2.1,0.24297,2,-0.447775,0.264429,0.544772,31105
2.1,0.24297,2,-0.447775,0.264429,0.547774,30462.2
2.1,0.24297,2,-0.447775,0.264429,0.550775,37871.1
2.1,0.24297,2,-0.447775,0.264429,0.553777,29008.5
2.1,0.24297,2,-0.447775,0.264429,0.556778,31113
2.1,0.24297,2,-0.447775,0.264429,0.55978,34268.3
2.1,0.24297,2,-0.447775,0.264429,0.562781,32743.9
2.1,0.24297,2,-0.447775,0.264429,0.565783,34739.9
2.1,0.24297,2,-0.447775,0.264429,0.568784,30726.8
2.1,0.24297,2,-0.447775,0.264429,0.571786,30115.9
2.1,0.24297,2,-0.447775,0.264429,0.574787,30088.1
2.1,0.24297,2,-0.447775,0.264429,0.577789,32088.6
2.1,0.24297,2,-0.447775,0.264429,0.58079,31574.7
2.1,0.24297,2,-0.447775,0.264429,0.583792,36719.7
2.1,0.24297,2,-0.447775,0.264429,0.586793,36239
2.1,0.24297,2,-0.447775,0.264429,0.589795,33718.6
2.1,0.24297,2,-0.447775,0.264429,0.592796,31209.4
2.1,0.24297,2,-0.447775,0.264429,0.595798,35303.6
2.1,0.24297,2,-0.447775,0.264429,0.598799,30028.9
2.1,0.24297,2,-0.447775,0.264429,0.601801,30881.2
2.1,0.24297,2,-0.447775,0.264429,0.604802,33737.8
2.1,0.24297,2,-0.447775,0.264429,0.607804,33355.5
2.1,0.24297,2,-0.447775,0.264429,0.610805,35795.6
2.1,0.24297,2,-0.447775,0.264429,0.613807,34236.3
2.1,0.24297,2,-0.447775,0.264429,0.616808,31651.9
2.1,0.24297,2,-0.447775,0.264429,0.61981,33568.1
2.1,0.24297,2,-0.447775,0.264429,0.622811,33967.3
2.1,0.24297,2,-0.447775,0.264429,0.625813,34712.4
2.1,0.24297,2,-0.447775,0.264429,0.628814,35312.6
2.1,0.24297,2,-0.447775,0.264429,0.631816,29121.2
2.1,0.24297,2,-0.447775,0.264429,0.634817,35094.4
2.1,0.24297,2,-0.447775,0.264429,0.637819,32017.5
2.1,0.24297,2,-0.447775,0.264429,0.64082,33252
2.1,0.24297,2,-0.447775,0.264429,0.643822,31818.5
2.1,0.24297,2,-0.447775,0.264429,0.646823,37003.4
2.1,0.24297,2,-0.447775,0.264429,0.649825,29750.6
2.1,0.24297,2,-0.447775,0.264429,0.652826,28591.4
2.1,0.24297,2,-0.447775,0.264429,0.655828,31302.8
2.1,0.24297,2,-0.447775,0.264429,0.658829,29890.5
2.1,0.24297,2,-0.447775,0.264429,0.661831,29550.7
2.1,0.24297,2,-0.447775,0.264429,0.664832,31649.7
2.1,0.24297,2,-0.447775,0.264429,0.667834,31047
2.1,0.24297,2,-0.447775,0.264429,0.670835,31521.5
2.1,0.24297,2,-0.447775,0.264429,0.673837,30282.9
2.1,0.24297,2,-0.447775,0.264429,0.676838,36205.5
2.1,0.24297,2,-0.447775,0.264429,0.67984,29225.5
2.1,0.24297,2,-0.447775,0.264429,0.682841,28441.4
2.1,0.24297,2,-0.447775,0.264429,0.685843,32104.2
2.1,0.24297,2,-0.447775,0.264429,0.688844,33108.5
2.1,0.24297,2,-0.447775,0.264429,0.691846,31754.9
2.1,0.24297,2,-0.447775,0.264429,0.694847,31564.1
2.1,0.24297,2,-0.447775,0.264429,0.697849,35328.3
2.1,0.24297,2,-0.447775,0.264429,0.70085,33464.2
2.1,0.24297,2,-0.447775,0.264429,0.703852,31476.5
2.1,0.24297,2,-0.447775,0.264429,0.706853,35075.2
2.1,0.24297,2,-0.447775,0.264429,0.709855,31027.4
2.1,0.24297,2,-0.447775,0.264429,0.712856,29971.2
2.1,0.24297,2,-0.447775,0.264429,0.715858,30355.3
2.1,0.24297,2,-0.447775,0.264429,0.718859,28881.4
2.1,0.24297,2,-0.447775,0.264429,0.721861,29950.3
2.1,0.24297,2,-0.447775,0.264429,0.724862,29622.9
2.1,0.24297,2,-0.447775,0.264429,0.727864,33102.6
2.1,0.24297,2,-0.447775,0.264429,0.730865,35574.9
2.1,0.24297,2,-0.447775,0.264429,0.733867,35908.8
2.1,0.24297,2,-0.447775,0.264429,0.736868,35470
2.1,0.24297,2,-0.447775,0.264429,0.73987,32594.8
2.1,0.24297,2,-0.447775,0.264429,0.742871,29384
2.1,0.24297,2,-0.447775,0.264429,0.745873,30335.4
2.1,0.24297,2,-0.447775,0.264429,0.748874,33483.8
2.1,0.24297,2,-0.447775,0.264429,0.751876,31418.1
2.1,0.24297,2,-0.447775,0.264429,0.754877,29756.4
2.1,0.24297,2,-0.447775,0.264429,0.757879,31118.3
2.1,0.24297,2,-0.447775,0.264429,0.76088,28877
2.1,0.24297,2,-0.447775,0.264429,0.763882,35691.7
2.1,0.24297,2,-0.447775,0.264429,0.766883,34282
2.1,0.24297,2,-0.447775,0.264429,0.769885,32286.5
2.1,0.24297,2,-0.447775,0.264429,0.772886,30352.1
2.1,0.24297,2,-0.447775,0.264429,0.775888,34515.8
2.1,0.24297,2,-0.447775,0.264429,0.778889,31375.9
2.1,0.24297,2,-0.447775,0.264429,0.781891,27463.9
2.1,0.24297,2,-0.447775,0.264429,0.784892,35153.1
2.1,0.24297,2,-0.447775,0.264429,0.787894,30333.2
2.1,0.24297,2,-0.447775,0.264429,0.790895,28628.6
2.1,0.24297,2,-0.447775,0.264429,0.793897,31061.1
2.1,0.24297,2,-0.447775,0.264429,0.796898,27613.8
2.1,0.24297,2,-0.447775,0.264429,0.7999,30520.8
2.1,0.24297,2,-0.447775,0.264429,0.802901,29469.7
2.1,0.24297,2,-0.447775,0.264429,0.805903,31276.4
2.1,0.24297,2,-0.447775,0.264429,0.808904,27420.4
2.1,0.24297,2,-0.447775,0.264429,0.811906,32316.1
2.1,0.24297,2,-0.447775,0.264429,0.814907,33610.7
2.1,0.24297,2,-0.447775,0.264429,0.817909,31349.5
2.1,0.24297,2,-0.447775,0.264429,0.82091,31998.1
2.1,0.24297,2,-0.447775,0.264429,0.823912,29922.8
2.1,0.24297,2,-0.447775,0.264429,0.826913,33588.7
2.1,0.24297,2,-0.447775,0.264429,0.829915,31261.3
2.1,0.24297,2,-0.447775,0.264429,0.832916,31706.8
2.1,0.24297,2,-0.447775,0.264429,0.835918,28037.1
2.1,0.24297,2,-0.447775,0.264429,0.838919,32254.9
2.1,0.24297,2,-0.447775,0.264429,0.841921,26740
2.1,0.24297,2,-0.447775,0.264429,0.844922,30790.4
2.1,0.24297,2,-0.447775,0.264429,0.847924,29079.4
2.1,0.24297,2,-0.447775,0.264429,0.850925,26411.9
2.1,0.24297,2,-0.447775,0.264429,0.853927,28882.3
2.1,0.24297,2,-0.447775,0.264429,0.856928,33672.4
2.1,0.24297,2,-0.447775,0.264429,0.85993,28369.4
2.1,0.24297,2,-0.447775,0.264429,0.862931,28214.6
2.1,0.24297,2,-0.447775,0.264429,0.865933,27374.5
2.1,0.24297,2,-0.447775,0.264429,0.868934,26306.3
2.1,0.24297,2,-0.447775,0.264429,0.871936,29557.4
2.1,0.24297,2,-0.447775,0.264429,0.874937,28552.2
2.1,0.24297,2,-0.447775,0.264429,0.877939,32028.7
2.1,0.24297,2,-0.447775,0.264429,0.88094,31744.4
2.1,0.24297,2,-0.447775,0.264429,0.883942,25974.8
2.1,0.24297,2,-0.447775,0.264429,0.886943,25909.9
2.1,0.24297,2,-0.447775,0.264429,0.889945,25332.7
2.1,0.24297,2,-0.447775,0.264429,0.892946,28023.8
2.1,0.24297,2,-0.447775,0.264429,0.895948,25931.9
2.1,0.24297,2,-0.447775,0.264429,0.898949,29131.1
2.1,0.24297,2,-0.447775,0.264429,0.901951,31216.1
2.1,0.24297,2,-0.447775,0.264429,0.904952,28058.6
2.1,0.24297,2,-0.447775,0.264429,0.907954,24548.3
2.1,0.24297,2,-0.447775,0.264429,0.910955,27472.8
2.1,0.24297,2,-0.447775,0.264429,0.913957,25794.4
2.1,0.24297,2,-0.447775,0.264429,0.916958,26774.8
2.1,0.24297,2,-0.447775,0.264429,0.91996,23418.2
2.1,0.24297,2,-0.447775,0.264429,0.922961,25148.5
2.1,0.24297,2,-0.447775,0.264429,0.925963,21923.5
2.1,0.24297,2,-0.447775,0.264429,0.928964,-21243.8
2.1,0.24297,2,-0.447775,0.264429,0.931966,-25418
2.1,0.24297,2,-0.447775,0.264429,0.934967,-27089.8
2.1,0.24297,2,-0.447775,0.264429,0.937969,-24204.2
2.1,0.24297,2,-0.447775,0.264429,0.94097,-26934.1
2.1,0.24297,2,-0.447775,0.264429,0.943972,-24536.8
2.1,0.24297,2,-0.447775,0.264429,0.946973,-29019.8
2.1,0.24297,2,-0.447775,0.264429,0.949975,-25229
2.1,0.24297,2,-0.447775,0.264429,0.952976,-26206
2.1,0.24297,2,-0.447775,0.264429,0.955978,-28808.9
2.1,0.24297,2,-0.447775,0.264429,0.958979,-32089.7
2.1,0.24297,2,-0.447775,0.264429,0.961981,-29323.6
2.1,0.24297,2,-0.447775,0.264429,0.964982,-31980.3
2.1,0.24297,2,-0.447775,0.264429,0.967984,-30417.2
2.1,0.24297,2,-0.447775,0.264429,0.970985,-26873.6
2.1,0.24297,2,-0.447775,0.264429,0.973987,-25744.5
2.1,0.24297,2,-0.447775,0.264429,0.976988,-29952.7
2.1,0.24297,2,-0.447775,0.264429,0.97999,-27739.1
2.1,0.24297,2,-0.447775,0.264429,0.982991,-26669.1
2.1,0.24297,2,-0.447775,0.264429,0.985993,-27725.9
2.1,0.24297,2,-0.447775,0.264429,0.988994,-33153.8
2.1,0.24297,2,-0.447775,0.264429,0.991996,-31027.1
2.1,0.24297,2,-0.447775,0.264429,0.994997,-31486.6
2.1,0.24297,2,-0.447775,0.264429,0.997999,-27587.8
2.1,0.24297,2,-0.447775,0.264429,1.001,-27686.1
2.1,0.24297,2,-0.447775,0.264429,1.004,-27972.5
2.1,0.24297,2,-0.447775,0.264429,1.007,-28038.4
2.1,0.24297,2,-0.447775,0.264429,1.01001,-31767
2.1,0.24297,2,-0.447775,0.264429,1.01301,-30805.1
2.1,0.24297,2,-0.447775,0.264429,1.01601,-28784.7
2.1,0.24297,2,-0.447775,0.264429,1.01901,-27177.9
2.1,0.24297,2,-0.447775,0.264429,1.02201,-29954.2
2.1,0.24297,2,-0.447775,0.264429,1.02501,-34940.2
2.1,0.24297,2,-0.447775,0.264429,1.02801,-31510.2
2.1,0.24297,2,-0.447775,0.264429,1.03102,-30601.1
2.1,0.24297,2,-0.447775,0.264429,1.03402,-30675.7
2.1,0.24297,2,-0.447775,0.264429,1.03702,-32547.3
2.1,0.24297,2,-0.447775,0.264429,1.04002,-30364.8
2.1,0.24297,2,-0.447775,0.264429,1.04302,-28533.1
2.1,0.24297,2,-0.447775,0.264429,1.04602,-28217.9
2.1,0.24297,2,-0.447775,0.264429,1.04902,-30433.6
2.1,0.24297,2,-0.447775,0.264429,1.05203,-33847.1
2.1,0.24297,2,-0.447775,0.264429,1.05503,-27828
2.1,0.24297,2,-0.447775,0.264429,1.05803,-31360.1
2.1,0.24297,2,-0.447775,0.264429,1.06103,-27585.1
2.1,0.24297,2,-0.447775,0.264429,1.06403,-29232.1
2.1,0.24297,2,-0.447775,0.264429,1.06703,-32669.5
2.1,0.24297,2,-0.447775,0.264429,1.07004,-35861.8
2.1,0.24297,2,-0.447775,0.264429,1.07304,-32348.7
2.1,0.24297,2,-0.447775,0.264429,1.07604,-31423.2
2.1,0.24297,2,-0.447775,0.264429,1.07904,-31687.5
2.1,0.24297,2,-0.447775,0.264429,1.08204,-29254.5
2.1,0.24297,2,-0.447775,0.264429,1.08504,-31834.5
2.1,0.24297,2,-0.447775,0.264429,1.08804,-31508.6
2.1,0.24297,2,-0.447775,0.264429,1.09105,-35417.8
2.1,0.24297,2,-0.447775,0.264429,1.09405,-28015.6
2.1,0.24297,2,-0.447775,0.264429,1.09705,-29552
2.1,0.24297,2,-0.447775,0.264429,1.10005,-35622.8
2.1,0.24297,2,-0.447775,0.264429,1.10305,-30911.9
2.1,0.24297,2,-0.447775,0.264429,1.10605,-29631.8
2.1,0.24297,2,-0.447775,0.264429,1.10905,-33483.1
2.1,0.24297,2,-0.447775,0.264429,1.11206,-33231
2.1,0.24297,2,-0.447775,0.264429,1.11506,-33751.3
2.1,0.24297,2,-0.447775,0.264429,1.11806,-30730.8
2.1,0.24297,2,-0.447775,0.264429,1.12106,-29003.6
2.1,0.24297,2,-0.447775,0.264429,1.12406,-36008.7
2.1,0.24297,2,-0.447775,0.264429,1.12706,-34893.7
2.1,0.24297,2,-0.447775,0.264429,1.13007,-32678.5
2.1,0.24297,2,-0.447775,0.264429,1.13307,-34462.1
2.1,0.24297,2,-0.447775,0.264429,1.13607,-29464
2.1,0.24297,2,-0.447775,0.264429,1.13907,-31730
2.1,0.24297,2,-0.447775,0.264429,1.14207,-36021.6
2.1,0.24297,2,-0.447775,0.264429,1.14507,-33071.7
2.1,0.24297,2,-0.447775,0.264429,1.14807,-32071.4
2.1,0.24297,2,-0.447775,0.264429,1.15108,-33846.7
2.1,0.24297,2,-0.447775,0.264429,1.15408,-37197.7
2.1,0.24297,2,-0.447775,0.264429,1.15708,-36482.7
2.1,0.24297,2,-0.447775,0.264429,1.16008,-32945.1
2.1,0.24297,2,-0.447775,0.264429,1.16308,-36147.3
2.1,0.24297,2,-0.447775,0.264429,1.16608,-37301.2
2.1,0.24297,2,-0.447775,0.264429,1.16908,-36139.8
2.1,0.24297,2,-0.447775,0.264429,1.17209,-33222.4
2.1,0.24297,2,-0.447775,0.264429,1.17509,-31664.8
2.1,0.24297,2,-0.447775,0.264429,1.17809,-34815.7
2.1,0.24297,2,-0.447775,0.264429,1.18109,-31235.5
2.1,0.24297,2,-0.447775,0.264429,1.18409,-30073.3
2.1,0.24297,2,-0.447775,0.264429,1.18709,-32445.9
2.1,0.24297,2,-0.447775,0.264429,1.1901,-36041.1
2.1,0.24297,2,-0.447775,0.264429,1.1931,-32715
2.1,0.24297,2,-0.447775,0.264429,1.1961,-31635.2
2.1,0.24297,2,-0.447775,0.264429,1.1991,-32754.2
2.1,0.24297,2,-0.447775,0.264429,1.2021,-32097.5
2.1,0.24297,2,-0.447775,0.264429,1.2051,-29351.6
2.1,0.24297,2,-0.447775,0.264429,1.2081,-30892.2
2.1,0.24297,2,-0.447775,0.264429,1.21111,-36706.8
2.1,0.24297,2,-0.447775,0.264429,1.21411,-35664.3
2.1,0.24297,2,-0.447775,0.264429,1.21711,-33650.4
2.1,0.24297,2,-0.447775,0.264429,1.22011,-31825.8
2.1,0.24297,2,-0.447775,0.264429,1.22311,-34250
2.1,0.24297,2,-0.447775,0.264429,1.22611,-35716.6
2.1,0.24297,2,-0.447775,0.264429,1.22911,-30389.1
2.1,0.24297,2,-0.447775,0.264429,1.23212,-31154.1
2.1,0.24297,2,-0.447775,0.264429,1.23512,-30231.3
2.1,0.24297,2,-0.447775,0.264429,1.23812,-30465.2
2.1,0.24297,2,-0.447775,0.264429,1.24112,-29459.6
2.1,0.24297,2,-0.447775,0.264429,1.24412,-29572.3
2.1,0.24297,2,-0.447775,0.264429,1.24712,-34877
2.1,0.24297,2,-0.447775,0.264429,1.25013,-29581.6
2.1,0.24297,2,-0.447775,0.264429,1.25313,-30524.8
2.1,0.24297,2,-0.447775,0.264429,1.25613,-31484.6
2.1,0.24297,2,-0.447775,0.264429,1.25913,-32102.4
2.1,0.24297,2,-0.447775,0.264429,1.26213,-34948.9
2.1,0.24297,2,-0.447775,0.264429,1.26513,-36022
2.1,0.24297,2,-0.447775,0.264429,1.26813,-32452.4
2.1,0.24297,2,-0.447775,0.264429,1.27114,-37567.9
2.1,0.24297,2,-0.447775,0.264429,1.27414,-30763.2
2.1,0.24297,2,-0.447775,0.264429,1.27714,-33363.2
2.1,0.24297,2,-0.447775,0.264429,1.28014,-36290.1
2.1,0.24297,2,-0.447775,0.264429,1.28314,-37144.4
2.1,0.24297,2,-0.447775,0.264429,1.28614,-34703.3
2.1,0.24297,2,-0.447775,0.264429,1.28914,-34014.8
2.1,0.24297,2,-0.447775,0.264429,1.29215,-33585.7
2.1,0.24297,2,-0.447775,0.264429,1.29515,-38272.1
2.1,0.24297,2,-0.447775,0.264429,1.29815,-31413.5
2.1,0.24297,2,-0.447775,0.264429,1.30115,-35247.1
2.1,0.24297,2,-0.447775,0.264429,1.30415,-39411.4
2.1,0.24297,2,-0.447775,0.264429,1.30715,-31454.6
2.1,0.24297,2,-0.447775,0.264429,1.31016,-32064
2.1,0.24297,2,-0.447775,0.264429,1.31316,-37719.9
2.1,0.24297,2,-0.447775,0.264429,1.31616,-33431.3
2.1,0.24297,2,-0.447775,0.264429,1.31916,-30576.8
2.1,0.24297,2,-0.447775,0.264429,1.32216,-32804.6
2.1,0.24297,2,-0.447775,0.264429,1.32516,-36471.7
2.1,0.24297,2,-0.447775,0.264429,1.32816,-32159.3
2.1,0.24297,2,-0.447775,0.264429,1.33117,-39686.6
2.1,0.24297,2,-0.447775,0.264429,1.33417,-31868.6
2.1,0.24297,2,-0.447775,0.264429,1.33717,-35573.5
2.1,0.24297,2,-0.447775,0.264429,1.34017,-30737.9
2.1,0.24297,2,-0.447775,0.264429,1.34317,-36286.9
2.1,0.24297,2,-0.447775,0.264429,1.34617,-31846.3
2.1,0.24297,2,-0.447775,0.264429,1.34917,-36971.2
2.1,0.24297,2,-0.447775,0.264429,1.35218,-34135.9
2.1,0.24297,2,-0.447775,0.264429,1.35518,-36443.4
2.1,0.24297,2,-0.447775,0.264429,1.35818,-36895.8
2.1,0.24297,2,-0.447775,0.264429,1.36118,-39017.3
2.1,0.24297,2,-0.447775,0.264429,1.36418,-36062.6
2.1,0.24297,2,-0.447775,0.264429,1.36718,-39781.3
2.1,0.24297,2,-0.447775,0.264429,1.37019,-33335.4
2.1,0.24297,2,-0.447775,0.264429,1.37319,-36044.5
2.1,0.24297,2,-0.447775,0.264429,1.37619,-37917.1
2.1,0.24297,2,-0.447775,0.264429,1.37919,-32463.1
2.1,0.24297,2,-0.447775,0.264429,1.38219,-34776.5
2.1,0.24297,2,-0.447775,0.264429,1.38519,-31185.8
2.1,0.24297,2,-0.447775,0.264429,1.38819,-31072.3
2.1,0.24297,2,-0.447775,0.264429,1.3912,-32414.7
2.1,0.24297,2,-0.447775,0.264429,1.3942,-33270.1
2.1,0.24297,2,-0.447775,0.264429,1.3972,-35795.1
2.1,0.24297,2,-0.447775,0.264429,1.4002,-36670.4
2.1,0.24297,2,-0.447775,0.264429,1.4032,-32096.6
2.1,0.24297,2,-0.447775,0.264429,1.4062,-31183.3
2.1,0.24297,2,-0.447775,0.264429,1.4092,-39123.5
2.1,0.24297,2,-0.447775,0.264429,1.41221,-34130.1
2.1,0.24297,2,-0.447775,0.264429,1.41521,-33832.4
2.1,0.24297,2,-0.447775,0.264429,1.41821,-36046.1
2.1,0.24297,2,-0.447775,0.264429,1.42121,-38015.7
2.1,0.24297,2,-0.447775,0.264429,1.42421,-33834.8
2.1,0.24297,2,-0.447775,0.264429,1.42721,-38959.9
2.1,0.24297,2,-0.447775,0.264429,1.43022,-39272.3
2.1,0.24297,2,-0.447775,0.264429,1.43322,-35836.1
2.1,0.24297,2,-0.447775,0.264429,1.43622,-39797.5
2.1,0.24297,2,-0.447775,0.264429,1.43922,-31831.5
2.1,0.24297,2,-0.447775,0.264429,1.44222,-31676
2.1,0.24297,2,-0.447775,0.264429,1.44522,-30665.6
2.1,0.24297,2,-0.447775,0.264429,1.44822,-31152.1
2.1,0.24297,2,-0.447775,0.264429,1.45123,-34775.3
2.1,0.24297,2,-0.447775,0.264429,1.45423,-32466.8
2.1,0.24297,2,-0.447775,0.264429,1.45723,-36379.7
2.1,0.24297,2,-0.447775,0.264429,1.46023,-31081.2
2.1,0.24297,2,-0.447775,0.264429,1.46323,-30971.8
2.1,0.24297,2,-0.447775,0.264429,1.46623,-37771.8
2.1,0.24297,2,-0.447775,0.264429,1.46923,-31252.8
2.1,0.24297,2,-0.447775,0.264429,1.47224,-30579.7
2.1,0.24297,2,-0.447775,0.264429,1.47524,-38591.6
2.1,0.24297,2,-0.447775,0.264429,1.47824,-34072.3
2.1,0.24297,2,-0.447775,0.264429,1.48124,-37050.6
2.1,0.24297,2,-0.447775,0.264429,1.48424,-34128.6
2.1,0.24297,2,-0.447775,0.264429,1.48724,-36727.2
2.1,0.24297,2,-0.447775,0.264429,1.49025,-34426.8
2.1,0.24297,2,-0.447775,0.264429,1.49325,-37687.8
2.1,0.24297,2,-0.447775,0.264429,1.49625,-31734.7
2.1,0.24297,2,-0.447775,0.264429,1.49925,-30802.4
2.1,0.24297,2,-0.447775,0.264429,1.50225,-31230.3
2.1,0.24297,2,-0.447775,0.264429,1.50525,-31398.5
2.1,0.24297,2,-0.447775,0.264429,1.50825,-32975.4
2.1,0.24297,2,-0.447775,0.264429,1.51126,-31096
2.1,0.24297,2,-0.447775,0.264429,1.51426,-34776.9
2.1,0.24297,2,-0.447775,0.264429,1.51726,-35312.7
2.1,0.24297,2,-0.447775,0.264429,1.52026,-35016.6
2.1,0.24297,2,-0.447775,0.264429,1.52326,-30889.4
2.1,0.24297,2,-0.447775,0.264429,1.52626,-31828.2
2.1,0.24297,2,-0.447775,0.264429,1.52926,-30833
2.1,0.24297,2,-0.447775,0.264429,1.53227,-31831.8
2.1,0.24297,2,-0.447775,0.264429,1.53527,-33115.9
2.1,0.24297,2,-0.447775,0.264429,1.53827,-34373.3
2.1,0.24297,2,-0.447775,0.264429,1.54127,-34318.7
2.1,0.24297,2,-0.447775,0.264429,1.54427,-36089
2.1,0.24297,2,-0.447775,0.264429,1.54727,-34071.5
2.1,0.24297,2,-0.447775,0.264429,1.55028,-34824.9
2.1,0.24297,2,-0.447775,0.264429,1.55328,-31764
2.1,0.24297,2,-0.447775,0.264429,1.55628,-31422.6
2.1,0.24297,2,-0.447775,0.264429,1.55928,-32763.4
2.1,0.24297,2,-0.447775,0.264429,1.56228,-31404.7
2.1,0.24297,2,-0.447775,0.264429,1.56528,-31768.8
2.1,0.24297,2,-0.447775,0.264429,1.56828,-30885.5
2.1,0.24297,2,-0.447775,0.264429,1.57129,-32350
2.1,0.24297,2,-0.447775,0.264429,1.57429,-31305.4
2.1,0.24297,2,-0.447775,0.264429,1.57729,-31764.3
2.1,0.24297,2,-0.447775,0.264429,1.58029,-37319
2.1,0.24297,2,-0.447775,0.264429,1.58329,-37847.1
2.1,0.24297,2,-0.447775,0.264429,1.58629,-39965.5
2.1,0.24297,2,-0.447775,0.264429,1.58929,-32820.5
2.1,0.24297,2,-0.447775,0.264429,1.5923,-31761.1
2.1,0.24297,2,-0.447775,0.264429,1.5953,-35550.4
2.1,0.24297,2,-0.447775,0.264429,1.5983,-37518.2
2.1,0.24297,2,-0.447775,0.264429,1.6013,-38652.7
2.1,0.24297,2,-0.447775,0.264429,1.6043,-34258.6
2.1,0.24297,2,-0.447775,0.264429,1.6073,-36440.1
2.1,0.24297,2,-0.447775,0.264429,1.61031,-31135.5
2.1,0.24297,2,-0.447775,0.264429,1.61331,-33496.9
2.1,0.24297,2,-0.447775,0.264429,1.61631,-34039.1
2.1,0.24297,2,-0.447775,0.264429,1.61931,-39321.9
2.1,0.24297,2,-0.447775,0.264429,1.62231,-35925.3
2.1,0.24297,2,-0.447775,0.264429,1.62531,-39204.4
2.1,0.24297,2,-0.447775,0.264429,1.62831,-32463.3
2.1,0.24297,2,-0.447775,0.264429,1.63132,-35502.7
2.1,0.24297,2,-0.447775,0.264429,1.63432,-35207.6
2.1,0.24297,2,-0.447775,0.264429,1.63732,-37388.9
2.1,0.24297,2,-0.447775,0.264429,1.64032,-39032.6
2.1,0.24297,2,-0.447775,0.264429,1.64332,-32357.6
2.1,0.24297,2,-0.447775,0.264429,1.64632,-33494.2
2.1,0.24297,2,-0.447775,0.264429,1.64932,-34513.2
2.1,0.24297,2,-0.447775,0.264429,1.65233,-38522.2
2.1,0.24297,2,-0.447775,0.264429,1.65533,-40040.5
2.1,0.24297,2,-0.447775,0.264429,1.65833,-31876.4
2.1,0.24297,2,-0.447775,0.264429,1.66133,-34732.4
2.1,0.24297,2,-0.447775,0.264429,1.66433,-34256.5
2.1,0.24297,2,-0.447775,0.264429,1.66733,-33667.3
2.1,0.24297,2,-0.447775,0.264429,1.67034,-35402.6
2.1,0.24297,2,-0.447775,0.264429,1.67334,-36071.6
2.1,0.24297,2,-0.447775,0.264429,1.67634,-37735
2.1,0.24297,2,-0.447775,0.264429,1.67934,-34967.4
2.1,0.24297,2,-0.447775,0.264429,1.68234,-34387.5
2.1,0.24297,2,-0.447775,0.264429,1.68534,-35707.1
2.1,0.24297,2,-0.447775,0.264429,1.68834,-37053.1
2.1,0.24297,2,-0.447775,0.264429,1.69135,-37233.8
2.1,0.24297,2,-0.447775,0.264429,1.69435,-32272.5
2.1,0.24297,2,-0.447775,0.264429,1.69735,-36837.3
2.1,0.24297,2,-0.447775,0.264429,1.70035,-37507.2
2.1,0.24297,2,-0.447775,0.264429,1.70335,-31648.2
2.1,0.24297,2,-0.447775,0.264429,1.70635,-36493.1
2.1,0.24297,2,-0.447775,0.264429,1.70935,-37556.6
2.1,0.24297,2,-0.447775,0.264429,1.71236,-35120
2.1,0.24297,2,-0.447775,0.264429,1.71536,-34312.4
2.1,0.24297,2,-0.447775,0.264429,1.71836,-33161.2
2.1,0.24297,2,-0.447775,0.264429,1.72136,-33810.9
2.1,0.24297,2,-0.447775,0.264429,1.72436,-37621.7
2.1,0.24297,2,-0.447775,0.264429,1.72736,-38448.5
2.1,0.24297,2,-0.447775,0.264429,1.73037,-36383.9
2.1,0.24297,2,-0.447775,0.264429,1.73337,-33257.4
2.1,0.24297,2,-0.447775,0.264429,1.73637,-33339.7
2.1,0.24297,2,-0.447775,0.264429,1.73937,-32846.7
2.1,0.24297,2,-0.447775,0.264429,1.74237,-36513.4
2.1,0.24297,2,-0.447775,0.264429,1.74537,-32894
2.1,0.24297,2,-0.447775,0.264429,1.74837,-35254.6
2.1,0.24297,2,-0.447775,0.264429,1.75138,-31441.8
2.1,0.24297,2,-0.447775,0.264429,1.75438,-39190.5
2.1,0.24297,2,-0.447775,0.264429,1.75738,-33477.8
2.1,0.24297,2,-0.447775,0.264429,1.76038,-35882.3
2.1,0.24297,2,-0.447775,0.264429,1.76338,-34071.6
2.1,0.24297,2,-0.447775,0.264429,1.76638,-31194.1
2.1,0.24297,2,-0.447775,0.264429,1.76938,-32009
2.1,0.24297,2,-0.447775,0.264429,1.77239,-33422.6
2.1,0.24297,2,-0.447775,0.264429,1.77539,-35826.9
2.1,0.24297,2,-0.447775,0.264429,1.77839,-35812.2
2.1,0.24297,2,-0.447775,0.264429,1.78139,-34641.2
2.1,0.24297,2,-0.447775,0.264429,1.78439,-31487.7
2.1,0.24297,2,-0.447775,0.264429,1.78739,-32675.7
2.1,0.24297,2,-0.447775,0.264429,1.7904,-32100.3
2.1,0.24297,2,-0.447775,0.264429,1.7934,-36785.9
2.1,0.24297,2,-0.447775,0.264429,1.7964,-36144.7
2.1,0.24297,2,-0.447775,0.264429,1.7994,-33990.3
2.1,0.24297,2,-0.447775,0.264429,1.8024,-31458.9
2.1,0.24297,2,-0.447775,0.264429,1.8054,-36807.3
2.1,0.24297,2,-0.447775,0.264429,1.8084,-32969.6
2.1,0.24297,2,-0.447775,0.264429,1.81141,-35785.3
2.1,0.24297,2,-0.447775,0.264429,1.81441,-34020.4
2.1,0.24297,2,-0.447775,0.264429,1.81741,-34425.7
2.1,0.24297,2,-0.447775,0.264429,1.82041,-34939.3
2.1,0.24297,2,-0.447775,0.264429,1.82341,-31698.1
2.1,0.24297,2,-0.447775,0.264429,1.82641,-36526.1
2.1,0.24297,2,-0.447775,0.264429,1.82941,-31003.6
2.1,0.24297,2,-0.447775,0.264429,1.83242,-32133.5
2.1,0.24297,2,-0.447775,0.264429,1.83542,-31093
2.1,0.24297,2,-0.447775,0.264429,1.83842,-38742.4
2.1,0.24297,2,-0.447775,0.264429,1.84142,-31716.4
2.1,0.24297,2,-0.447775,0.264429,1.84442,-31101.5
2.1,0.24297,2,-0.447775,0.264429,1.84742,-38080.6
2.1,0.24297,2,-0.447775,0.264429,1.85043,-34937
2.1,0.24297,2,-0.447775,0.264429,1.85343,-35112.4
2.1,0.24297,2,-0.447775,0.264429,1.85643,-39150.5
2.1,0.24297,2,-0.447775,0.264429,1.85943,-32526.1
2.1,0.24297,2,-0.447775,0.264429,1.86243,-37013.5
2.1,0.24297,2,-0.447775,0.264429,1.86543,-33590.2
2.1,0.24297,2,-0.447775,0.264429,1.86843,-33238.5
2.1,0.24297,2,-0.447775,0.264429,1.87144,-35860.6
2.1,0.24297,2,-0.447775,0.264429,1.87444,-36261.8
2.1,0.24297,2,-0.447775,0.264429,1.87744,-38202.8
2.1,0.24297,2,-0.447775,0.264429,1.88044,-35868.9
2.1,0.24297,2,-0.447775,0.264429,1.88344,-38481.3
2.1,0.24297,2,-0.447775,0.264429,1.88644,-36891.4
2.1,0.24297,2,-0.447775,0.264429,1.88944,-32640.5
2.1,0.24297,2,-0.447775,0.264429,1.89245,-38351.8
2.1,0.24297,2,-0.447775,0.264429,1.89545,-31178.1
2.1,0.24297,2,-0.447775,0.264429,1.89845,-30577.3
2.1,0.24297,2,-0.447775,0.264429,1.90145,-30540.9
2.1,0.24297,2,-0.447775,0.264429,1.90445,-31794.1
2.1,0.24297,2,-0.447775,0.264429,1.90745,-31633
2.1,0.24297,2,-0.447775,0.264429,1.91046,-36087.1
2.1,0.24297,2,-0.447775,0.264429,1.91346,-32074.6
2.1,0.24297,2,-0.447775,0.264429,1.91646,-34082
2.1,0.24297,2,-0.447775,0.264429,1.91946,-38287.2
2.1,0.24297,2,-0.447775,0.264429,1.92246,-32113.7
2.1,0.24297,2,-0.447775,0.264429,1.92546,-31527.7
2.1,0.24297,2,-0.447775,0.264429,1.92846,-33008.9
2.1,0.24297,2,-0.447775,0.264429,1.93147,-34545
2.1,0.24297,2,-0.447775,0.264429,1.93447,-34685.1
2.1,0.24297,2,-0.447775,0.264429,1.93747,-31225.6
2.1,0.24297,2,-0.447775,0.264429,1.94047,-31569.1
2.1,0.24297,2,-0.447775,0.264429,1.94347,-34438.7
2.1,0.24297,2,-0.447775,0.264429,1.94647,-32580.3
2.1,0.24297,2,-0.447775,0.264429,1.94947,-31907.9
2.1,0.24297,2,-0.447775,0.264429,1.95248,-33934.8
2.1,0.24297,2,-0.447775,0.264429,1.95548,-30166.1
2.1,0.24297,2,-0.447775,0.264429,1.95848,-31357.2
2.1,0.24297,2,-0.447775,0.264429,1.96148,-34107.9
2.1,0.24297,2,-0.447775,0.264429,1.96448,-33626.3
2.1,0.24297,2,-0.447775,0.264429,1.96748,-37309.9
2.1,0.24297,2,-0.447775,0.264429,1.97049,-30098.9
2.1,0.24297,2,-0.447775,0.264429,1.97349,-35410.1
2.1,0.24297,2,-0.447775,0.264429,1.97649,-31055.3
2.1,0.24297,2,-0.447775,0.264429,1.97949,-37413
2.1,0.24297,2,-0.447775,0.264429,1.98249,-37914.6
2.1,0.24297,2,-0.447775,0.264429,1.98549,-31258.7
2.1,0.24297,2,-0.447775,0.264429,1.98849,-32914
2.1,0.24297,2,-0.447775,0.264429,1.9915,-34150.8
2.1,0.24297,2,-0.447775,0.264429,1.9945,-32376.9
2.1,0.24297,2,-0.447775,0.264429,1.9975,-32010.2
2.1,0.24297,2,-0.447775,0.264429,2.0005,-35388.8
2.1,0.24297,2,-0.447775,0.264429,2.0035,-31225.7
2.1,0.24297,2,-0.447775,0.264429,2.0065,-34718.9
2.1,0.24297,2,-0.447775,0.264429,2.0095,-36043.7
2.1,0.24297,2,-0.447775,0.264429,2.01251,-33280.7
2.1,0.24297,2,-0.447775,0.264429,2.01551,-31448.4
2.1,0.24297,2,-0.447775,0.264429,2.01851,-34908.6
2.1,0.24297,2,-0.447775,0.264429,2.02151,-33086.8
2.1,0.24297,2,-0.447775,0.264429,2.02451,-32722.3
2.1,0.24297,2,-0.447775,0.264429,2.02751,-35437
2.1,0.24297,2,-0.447775,0.264429,2.03052,-32351.3
2.1,0.24297,2,-0.447775,0.264429,2.03352,-31379.7
2.1,0.24297,2,-0.447775,0.264429,2.03652,-29542.5
2.1,0.24297,2,-0.447775,0.264429,2.03952,-34319.6
2.1,0.24297,2,-0.447775,0.264429,2.04252,-35311.4
2.1,0.24297,2,-0.447775,0.264429,2.04552,-29913.3
2.1,0.24297,2,-0.447775,0.264429,2.04852,-29095.2
2.1,0.24297,2,-0.447775,0.264429,2.05153,-30801.1
2.1,0.24297,2,-0.447775,0.264429,2.05453,-34073.8
2.1,0.24297,2,-0.447775,0.264429,2.05753,-31810.5
2.1,0.24297,2,-0.447775,0.264429,2.06053,-31545.3
2.1,0.24297,2,-0.447775,0.264429,2.06353,-32245.2
2.1,0.24297,2,-0.447775,0.264429,2.06653,-35462.3
2.1,0.24297,2,-0.447775,0.264429,2.06953,-33156.5
2.1,0.24297,2,-0.447775,0.264429,2.07254,-27180.8
2.1,0.24297,2,-0.447775,0.264429,2.07554,-27959
2.1,0.24297,2,-0.447775,0.264429,2.07854,-31861
2.1,0.24297,2,-0.447775,0.264429,2.08154,-28144.5
2.1,0.24297,2,-0.447775,0.264429,2.08454,-27630.4
2.1,0.24297,2,-0.447775,0.264429,2.08754,-27960.8
2.1,0.24297,2,-0.447775,0.264429,2.09055,-29742.2
2.1,0.24297,2,-0.447775,0.264429,2.09355,-26652
2.1,0.24297,2,-0.447775,0.264429,2.09655,-28367.6
2.1,0.24297,2,-0.447775,0.264429,2.09955,-21967.7
2.1,0.24297,2,-0.447775,0.264429,2.10255,25719.9
2.1,0.24297,2,-0.447775,0.264429,2.10555,28161.4
2.1,0.24297,2,-0.447775,0.264429,2.10855,31606
2.1,0.24297,2,-0.447775,0.264429,2.11156,31336.2
2.1,0.24297,2,-0.447775,0.264429,2.11456,26673.4
2.1,0.24297,2,-0.447775,0.264429,2.11756,27379.5
2.1,0.24297,2,-0.447775,0.264429,2.12056,32477
2.1,0.24297,2,-0.447775,0.264429,2.12356,30047.9
2.1,0.24297,2,-0.447775,0.264429,2.12656,30942.1
2.1,0.24297,2,-0.447775,0.264429,2.12956,30830.6
2.1,0.24297,2,-0.447775,0.264429,2.13257,33459.9
2.1,0.24297,2,-0.447775,0.264429,2.13557,28090.6
2.1,0.24297,2,-0.447775,0.264429,2.13857,30276.2
2.1,0.24297,2,-0.447775,0.264429,2.14157,30421.9
2.1,0.24297,2,-0.447775,0.264429,2.14457,29914.9
2.1,0.24297,2,-0.447775,0.264429,2.14757,31640.7
2.1,0.24297,2,-0.447775,0.264429,2.15058,28747.9
2.1,0.24297,2,-0.447775,0.264429,2.15358,35054.9
2.1,0.24297,2,-0.447775,0.264429,2.15658,32500.1
2.1,0.24297,2,-0.447775,0.264429,2.15958,34616.5
2.1,0.24297,2,-0.447775,0.264429,2.16258,34461.9
2.1,0.24297,2,-0.447775,0.264429,2.16558,31537.6
2.1,0.24297,2,-0.447775,0.264429,2.16858,30408.1
2.1,0.24297,2,-0.447775,0.264429,2.17159,34401
2.1,0.24297,2,-0.447775,0.264429,2.17459,34033.6
2.1,0.24297,2,-0.447775,0.264429,2.17759,29711
2.1,0.24297,2,-0.447775,0.264429,2.18059,30126.1
2.1,0.24297,2,-0.447775,0.264429,2.18359,34197.5
2.1,0.24297,2,-0.447775,0.264429,2.18659,38079.6
2.1,0.24297,2,-0.447775,0.264429,2.18959,31600.8
2.1,0.24297,2,-0.447775,0.264429,2.1926,36039.4
2.1,0.24297,2,-0.447775,0.264429,2.1956,35767.7
2.1,0.24297,2,-0.447775,0.264429,2.1986,34878.7
2.1,0.24297,2,-0.447775,0.264429,2.2016,31196.8
2.1,0.24297,2,-0.447775,0.264429,2.2046,32672.8
2.1,0.24297,2,-0.447775,0.264429,2.2076,32332.5
2.1,0.24297,2,-0.447775,0.264429,2.21061,38006.2
2.1,0.24297,2,-0.447775,0.264429,2.21361,32912.7
2.1,0.24297,2,-0.447775,0.264429,2.21661,34030.3
2.1,0.24297,2,-0.447775,0.264429,2.21961,33547.5
2.1,0.24297,2,-0.447775,0.264429,2.22261,33820.3
2.1,0.24297,2,-0.447775,0.264429,2.22561,34986.5
2.1,0.24297,2,-0.447775,0.264429,2.22861,38499.2
2.1,0.24297,2,-0.447775,0.264429,2.23162,37688.4
2.1,0.24297,2,-0.447775,0.264429,2.23462,31119.8
2.1,0.24297,2,-0.447775,0.264429,2.23762,37454.1
2.1,0.24297,2,-0.447775,0.264429,2.24062,32193.3
2.1,0.24297,2,-0.447775,0.264429,2.24362,37223.2
2.1,0.24297,2,-0.447775,0.264429,2.24662,38999
2.1,0.24297,2,-0.447775,0.264429,2.24962,36775.6
2.1,0.24297,2,-0.447775,0.264429,2.25263,33430.6
2.1,0.24297,2,-0.447775,0.264429,2.25563,36705.4
2.1,0.24297,2,-0.447775,0.264429,2.25863,31771.8
2.1,0.24297,2,-0.447775,0.264429,2.26163,36649.8
2.1,0.24297,2,-0.447775,0.264429,2.26463,34719.4
2.1,0.24297,2,-0.447775,0.264429,2.26763,37510.5
2.1,0.24297,2,-0.447775,0.264429,2.27064,36237.8
2.1,0.24297,2,-0.447775,0.264429,2.27364,35842.5
2.1,0.24297,2,-0.447775,0.264429,2.27664,32006.8
2.1,0.24297,2,-0.447775,0.264429,2.27964,34692.2
2.1,0.24297,2,-0.447775,0.264429,2.28264,39957
2.1,0.24297,2,-0.447775,0.264429,2.28564,35773.3
2.1,0.24297,2,-0.447775,0.264429,2.28864,36675.6
2.1,0.24297,2,-0.447775,0.264429,2.29165,36180.7
2.1,0.24297,2,-0.447775,0.264429,2.29465,35718.2
2.1,0.24297,2,-0.447775,0.264429,2.29765,41595.6
2.1,0.24297,2,-0.447775,0.264429,2.30065,34679
2.1,0.24297,2,-0.447775,0.264429,2.30365,36235.6
2.1,0.24297,2,-0.447775,0.264429,2.30665,39759
2.1,0.24297,2,-0.447775,0.264429,2.30965,34593.6
2.1,0.24297,2,-0.447775,0.264429,2.31266,35063.7
2.1,0.24297,2,-0.447775,0.264429,2.31566,36288.9
2.1,0.24297,2,-0.447775,0.264429,2.31866,40721.1
2.1,0.24297,2,-0.447775,0.264429,2.32166,34472.8
2.1,0.24297,2,-0.447775,0.264429,2.32466,35364.9
2.1,0.24297,2,-0.447775,0.264429,2.32766,40612.6
2.1,0.24297,2,-0.447775,0.264429,2.33067,32715.5
2.1,0.24297,2,-0.447775,0.264429,2.33367,39891.8
2.1,0.24297,2,-0.447775,0.264429,2.33667,41337.1
2.1,0.24297,2,-0.447775,0.264429,2.33967,34420.1
2.1,0.24297,2,-0.447775,0.264429,2.34267,37453
2.1,0.24297,2,-0.447775,0.264429,2.34567,36535.1
2.1,0.24297,2,-0.447775,0.264429,2.34867,35343.1
2.1,0.24297,2,-0.447775,0.264429,2.35168,36135.9
2.1,0.24297,2,-0.447775,0.264429,2.35468,41621.5
2.1,0.24297,2,-0.447775,0.264429,2.35768,37908.7
2.1,0.24297,2,-0.447775,0.264429,2.36068,38984.5
2.1,0.24297,2,-0.447775,0.264429,2.36368,34013.6
2.1,0.24297,2,-0.447775,0.264429,2.36668,39358.2
2.1,0.24297,2,-0.447775,0.264429,2.36968,40557.6
2.1,0.24297,2,-0.447775,0.264429,2.37269,36366.4
2.1,0.24297,2,-0.447775,0.264429,2.37569,34139.9
2.1,0.24297,2,-0.447775,0.264429,2.37869,33925.1
2.1,0.24297,2,-0.447775,0.264429,2.38169,38423.4
2.1,0.24297,2,-0.447775,0.264429,2.38469,39573.3
2.1,0.24297,2,-0.447775,0.264429,2.38769,38629.8
2.1,0.24297,2,-0.447775,0.264429,2.3907,35582.5
2.1,0.24297,2,-0.447775,0.264429,2.3937,37229
2.1,0.24297,2,-0.447775,0.264429,2.3967,34298.1
2.1,0.24297,2,-0.447775,0.264429,2.3997,37055.6
2.1,0.24297,2,-0.447775,0.264429,2.4027,34774.5
2.1,0.24297,2,-0.447775,0.264429,2.4057,44147.8
2.1,0.24297,2,-0.447775,0.264429,2.4087,41359.1
2.1,0.24297,2,-0.447775,0.264429,2.41171,39381.9
2.1,0.24297,2,-0.447775,0.264429,2.41471,42419.2
2.1,0.24297,2,-0.447775,0.264429,2.41771,36200.4
2.1,0.24297,2,-0.447775,0.264429,2.42071,44103.3
2.1,0.24297,2,-0.447775,0.264429,2.42371,41644
2.1,0.24297,2,-0.447775,0.264429,2.42671,38403.1
2.1,0.24297,2,-0.447775,0.264429,2.42971,36789.6
2.1,0.24297,2,-0.447775,0.264429,2.43272,39786.6
2.1,0.24297,2,-0.447775,0.264429,2.43572,34518.3
2.1,0.24297,2,-0.447775,0.264429,2.43872,40632.2
2.1,0.24297,2,-0.447775,0.264429,2.44172,35309
2.1,0.24297,2,-0.447775,0.264429,2.44472,39136.7
2.1,0.24297,2,-0.447775,0.264429,2.44772,37638.5
2.1,0.24297,2,-0.447775,0.264429,2.45073,42882.1
2.1,0.24297,2,-0.447775,0.264429,2.45373,37903.4
2.1,0.24297,2,-0.447775,0.264429,2.45673,38473.3
2.1,0.24297,2,-0.447775,0.264429,2.45973,37732.6
2.1,0.24297,2,-0.447775,0.264429,2.46273,44602.3
2.1,0.24297,2,-0.447775,0.264429,2.46573,34633.3
2.1,0.24297,2,-0.447775,0.264429,2.46873,34658.1
2.1,0.24297,2,-0.447775,0.264429,2.47174,41304.5
2.1,0.24297,2,-0.447775,0.264429,2.47474,37828.3
2.1,0.24297,2,-0.447775,0.264429,2.47774,36301.2
2.1,0.24297,2,-0.447775,0.264429,2.48074,36312.1
2.1,0.24297,2,-0.447775,0.264429,2.48374,43446.7
2.1,0.24297,2,-0.447775,0.264429,2.48674,42731
2.1,0.24297,2,-0.447775,0.264429,2.48974,36734.3
2.1,0.24297,2,-0.447775,0.264429,2.49275,37895.1
2.1,0.24297,2,-0.447775,0.264429,2.49575,42191.8
2.1,0.24297,2,-0.447775,0.264429,2.49875,39789.5
2.1,0.24297,2,-0.447775,0.264429,2.50175,40484.8
2.1,0.24297,2,-0.447775,0.264429,2.50475,42339.8
2.1,0.24297,2,-0.447775,0.264429,2.50775,43166.4
2.1,0.24297,2,-0.447775,0.264429,2.51076,42068.5
2.1,0.24297,2,-0.447775,0.264429,2.51376,45162
2.1,0.24297,2,-0.447775,0.264429,2.51676,42116.9
2.1,0.24297,2,-0.447775,0.264429,2.51976,35346
2.1,0.24297,2,-0.447775,0.264429,2.52276,39436.4
2.1,0.24297,2,-0.447775,0.264429,2.52576,42108.9
2.1,0.24297,2,-0.447775,0.264429,2.52876,44382
2.1,0.24297,2,-0.447775,0.264429,2.53177,41455.9
2.1,0.24297,2,-0.447775,0.264429,2.53477,35895.2
2.1,0.24297,2,-0.447775,0.264429,2.53777,38687.9
2.1,0.24297,2,-0.447775,0.264429,2.54077,42853.6
2.1,0.24297,2,-0.447775,0.264429,2.54377,36461.2
2.1,0.24297,2,-0.447775,0.264429,2.54677,38787.5
2.1,0.24297,2,-0.447775,0.264429,2.54977,46528.3
2.1,0.24297,2,-0.447775,0.264429,2.55278,35911.6
2.1,0.24297,2,-0.447775,0.264429,2.55578,41994
2.1,0.24297,2,-0.447775,0.264429,2.55878,36933.9
2.1,0.24297,2,-0.447775,0.264429,2.56178,41288.5
2.1,0.24297,2,-0.447775,0.264429,2.56478,40865.7
2.1,0.24297,2,-0.447775,0.264429,2.56778,36983.3
2.1,0.24297,2,-0.447775,0.264429,2.57079,37069.9
2.1,0.24297,2,-0.447775,0.264429,2.57379,44168.9
2.1,0.24297,2,-0.447775,0.264429,2.57679,36558.7
2.1,0.24297,2,-0.447775,0.264429,2.57979,45298
2.1,0.24297,2,-0.447775,0.264429,2.58279,39232.7
2.1,0.24297,2,-0.447775,0.264429,2.58579,42735.3
2.1,0.24297,2,-0.447775,0.264429,2.58879,40889
2.1,0.24297,2,-0.447775,0.264429,2.5918,40175
2.1,0.24297,2,-0.447775,0.264429,2.5948,38249.5
2.1,0.24297,2,-0.447775,0.264429,2.5978,40586.2
2.1,0.24297,2,-0.447775,0.264429,2.6008,42828.1
2.1,0.24297,2,-0.447775,0.264429,2.6038,42857.9
2.1,0.24297,2,-0.447775,0.264429,2.6068,36984.2
2.1,0.24297,2,-0.447775,0.264429,2.6098,36419.7
2.1,0.24297,2,-0.447775,0.264429,2.61281,46796.8
2.1,0.24297,2,-0.447775,0.264429,2.61581,44358
2.1,0.24297,2,-0.447775,0.264429,2.61881,36570.1
2.1,0.24297,2,-0.447775,0.264429,2.62181,37858.8
2.1,0.24297,2,-0.447775,0.264429,2.62481,37722
2.1,0.24297,2,-0.447775,0.264429,2.62781,41474.9
2.1,0.24297,2,-0.447775,0.264429,2.63082,36966.1
2.1,0.24297,2,-0.447775,0.264429,2.63382,37112.7
2.1,0.24297,2,-0.447775,0.264429,2.63682,45781.8
2.1,0.24297,2,-0.447775,0.264429,2.63982,43521.5
2.1,0.24297,2,-0.447775,0.264429,2.64282,37625.6
2.1,0.24297,2,-0.447775,0.264429,2.64582,41123.8
2.1,0.24297,2,-0.447775,0.264429,2.64882,40096.5
2.1,0.24297,2,-0.447775,0.264429,2.65183,43310.4
2.1,0.24297,2,-0.447775,0.264429,2.65483,40551.4
2.1,0.24297,2,-0.447775,0.264429,2.65783,39224.9
2.1,0.24297,2,-0.447775,0.264429,2.66083,46899.9
2.1,0.24297,2,-0.447775,0.264429,2.66383,44549.4
2.1,0.24297,2,-0.447775,0.264429,2.66683,44248.3
2.1,0.24297,2,-0.447775,0.264429,2.66983,39957.1
2.1,0.24297,2,-0.447775,0.264429,2.67284,45245.6
2.1,0.24297,2,-0.447775,0.264429,2.67584,45562.5
2.1,0.24297,2,-0.447775,0.264429,2.67884,42225.3
2.1,0.24297,2,-0.447775,0.264429,2.68184,38820.7
2.1,0.24297,2,-0.447775,0.264429,2.68484,44855.8
2.1,0.24297,2,-0.447775,0.264429,2.68784,40037.7
2.1,0.24297,2,-0.447775,0.264429,2.69085,46320.1
2.1,0.24297,2,-0.447775,0.264429,2.69385,45322.9
2.1,0.24297,2,-0.447775,0.264429,2.69685,40118.9
2.1,0.24297,2,-0.447775,0.264429,2.69985,37264
2.1,0.24297,2,-0.447775,0.264429,2.70285,41887.6
2.1,0.24297,2,-0.447775,0.264429,2.70585,45126.2
2.1,0.24297,2,-0.447775,0.264429,2.70885,40816.4
2.1,0.24297,2,-0.447775,0.264429,2.71186,40628.4
2.1,0.24297,2,-0.447775,0.264429,2.71486,46552
2.1,0.24297,2,-0.447775,0.264429,2.71786,43951
2.1,0.24297,2,-0.447775,0.264429,2.72086,41644.7
2.1,0.24297,2,-0.447775,0.264429,2.72386,42851.6
2.1,0.24297,2,-0.447775,0.264429,2.72686,39258.9
2.1,0.24297,2,-0.447775,0.264429,2.72986,41425.7
2.1,0.24297,2,-0.447775,0.264429,2.73287,42508.6
2.1,0.24297,2,-0.447775,0.264429,2.73587,45279.7
2.1,0.24297,2,-0.447775,0.264429,2.73887,45608.5
2.1,0.24297,2,-0.447775,0.264429,2.74187,44567.3
2.1,0.24297,2,-0.447775,0.264429,2.74487,38761.1
2.1,0.24297,2,-0.447775,0.264429,2.74787,43899.9
2.1,0.24297,2,-0.447775,0.264429,2.75088,44951.6
2.1,0.24297,2,-0.447775,0.264429,2.75388,43235
2.1,0.24297,2,-0.447775,0.264429,2.75688,42652.3
2.1,0.24297,2,-0.447775,0.264429,2.75988,44076.2
2.1,0.24297,2,-0.447775,0.264429,2.76288,46343.6
2.1,0.24297,2,-0.447775,0.264429,2.76588,43640.6
2.1,0.24297,2,-0.447775,0.264429,2.76888,44310.3
2.1,0.24297,2,-0.447775,0.264429,2.77189,38979.6
2.1,0.24297,2,-0.447775,0.264429,2.77489,48163.8
2.1,0.24297,2,-0.447775,0.264429,2.77789,40991.9
2.1,0.24297,2,-0.447775,0.264429,2.78089,46137.8
2.1,0.24297,2,-0.447775,0.264429,2.78389,45848.3
2.1,0.24297,2,-0.447775,0.264429,2.78689,47901
2.1,0.24297,2,-0.447775,0.264429,2.78989,43718
2.1,0.24297,2,-0.447775,0.264429,2.7929,45435.6
2.1,0.24297,2,-0.447775,0.264429,2.7959,39600.7
2.1,0.24297,2,-0.447775,0.264429,2.7989,40808.5
2.1,0.24297,2,-0.447775,0.264429,2.8019,45185.1
2.1,0.24297,2,-0.447775,0.264429,2.8049,47649
2.1,0.24297,2,-0.447775,0.264429,2.8079,39352.4
2.1,0.24297,2,-0.447775,0.264429,2.81091,46881.8
2.1,0.24297,2,-0.447775,0.264429,2.81391,43973.7
2.1,0.24297,2,-0.447775,0.264429,2.81691,42349.4
2.1,0.24297,2,-0.447775,0.264429,2.81991,50091.5
2.1,0.24297,2,-0.447775,0.264429,2.82291,49253.1
2.1,0.24297,2,-0.447775,0.264429,2.82591,48801.5
2.1,0.24297,2,-0.447775,0.264429,2.82891,44858.7
2.1,0.24297,2,-0.447775,0.264429,2.83192,40139
2.1,0.24297,2,-0.447775,0.264429,2.83492,41351.2
2.1,0.24297,2,-0.447775,0.264429,2.83792,40116
2.1,0.24297,2,-0.447775,0.264429,2.84092,39123.9
2.1,0.24297,2,-0.447775,0.264429,2.84392,41669.6
2.1,0.24297,2,-0.447775,0.264429,2.84692,47971.7
2.1,0.24297,2,-0.447775,0.264429,2.84992,39498.9
2.1,0.24297,2,-0.447775,0.264429,2.85293,41238.2
2.1,0.24297,2,-0.447775,0.264429,2.85593,39439.7
2.1,0.24297,2,-0.447775,0.264429,2.85893,43349.6
2.1,0.24297,2,-0.447775,0.264429,2.86193,49232.2
2.1,0.24297,2,-0.447775,0.264429,2.86493,42502.8
2.1,0.24297,2,-0.447775,0.264429,2.86793,39194.2
2.1,0.24297,2,-0.447775,0.264429,2.87094,44208.7
2.1,0.24297,2,-0.447775,0.264429,2.87394,39702.1
2.1,0.24297,2,-0.447775,0.264429,2.87694,49966.2
2.1,0.24297,2,-0.447775,0.264429,2.87994,48725
2.1,0.24297,2,-0.447775,0.264429,2.88294,46307.5
2.1,0.24297,2,-0.447775,0.264429,2.88594,50056.3
2.1,0.24297,2,-0.447775,0.264429,2.88894,45269.1
2.1,0.24297,2,-0.447775,0.264429,2.89195,43936.7
2.1,0.24297,2,-0.447775,0.264429,2.89495,39860.8
2.1,0.24297,2,-0.447775,0.264429,2.89795,40364.9
2.1,0.24297,2,-0.447775,0.264429,2.90095,49056.8
2.1,0.24297,2,-0.447775,0.264429,2.90395,40131.2
2.1,0.24297,2,-0.447775,0.264429,2.90695,46018.2
2.1,0.24297,2,-0.447775,0.264429,2.90995,47688.8
2.1,0.24297,2,-0.447775,0.264429,2.91296,45757.4
2.1,0.24297,2,-0.447775,0.264429,2.91596,45907.1
2.1,0.24297,2,-0.447775,0.264429,2.91896,43025.1
2.1,0.24297,2,-0.447775,0.264429,2.92196,39951.4
2.1,0.24297,2,-0.447775,0.264429,2.92496,39795.5
2.1,0.24297,2,-0.447775,0.264429,2.92796,39805.4
2.1,0.24297,2,-0.447775,0.264429,2.93097,42833.3
2.1,0.24297,2,-0.447775,0.264429,2.93397,41795.3
2.1,0.24297,2,-0.447775,0.264429,2.93697,45540.8
2.1,0.24297,2,-0.447775,0.264429,2.93997,42813.5
2.1,0.24297,2,-0.447775,0.264429,2.94297,47044.6
2.1,0.24297,2,-0.447775,0.264429,2.94597,41838.3
2.1,0.24297,2,-0.447775,0.264429,2.94897,40828.1
2.1,0.24297,2,-0.447775,0.264429,2.95198,46781.2
2.1,0.24297,2,-0.447775,0.264429,2.95498,41265.4
2.1,0.24297,2,-0.447775,0.264429,2.95798,44033
2.1,0.24297,2,-0.447775,0.264429,2.96098,40113.5
2.1,0.24297,2,-0.447775,0.264429,2.96398,43840.6
2.1,0.24297,2,-0.447775,0.264429,2.96698,42231.1
2.1,0.24297,2,-0.447775,0.264429,2.96998,43576.8
2.1,0.24297,2,-0.447775,0.264429,2.97299,48493.4
2.1,0.24297,2,-0.447775,0.264429,2.97599,41999.4
2.1,0.24297,2,-0.447775,0.264429,2.97899,42704.7
2.1,0.24297,2,-0.447775,0.264429,2.98199,49491.3
2.1,0.24297,2,-0.447775,0.264429,2.98499,42022.5
2.1,0.24297,2,-0.447775,0.264429,2.98799,44215.9
2.1,0.24297,2,-0.447775,0.264429,2.991,45856.4
2.1,0.24297,2,-0.447775,0.264429,2.994,42666.6
2.1,0.24297,2,-0.447775,0.264429,2.997,43944.1
2.1,0.24297,2,-0.447775,0.264429,3,43361.6

2.05,0.255461,2,-0.472338,0.266214,-3,24054.1
2.05,0.255461,2,-0.472338,0.266214,-2.997,26804.1
2.05,0.255461,2,-0.472338,0.266214,-2.994,20842.5
2.05,0.255461,2,-0.472338,0.266214,-2.991,22312.2
2.05,0.255461,2,-0.472338,0.266214,-2.98799,21835.1
2.05,0.255461,2,-0.472338,0.266214,-2.98499,20909.7
2.05,0.255461,2,-0.472338,0.266214,-2.98199,22110.8
2.05,0.255461,2,-0.472338,0.266214,-2.97899,22901
2.05,0.255461,2,-0.472338,0.266214,-2.97599,22014.7
2.05,0.255461,2,-0.472338,0.266214,-2.97299,23482.4
2.05,0.255461,2,-0.472338,0.266214,-2.96998,20550.1
2.05,0.255461,2,-0.472338,0.266214,-2.96698,23138.8
2.05,0.255461,2,-0.472338,0.266214,-2.96398,23573.7
2.05,0.255461,2,-0.472338,0.266214,-2.96098,25517
2.05,0.255461,2,-0.472338,0.266214,-2.95798,21494.3
2.05,0.255461,2,-0.472338,0.266214,-2.95498,25619.5
2.05,0.255461,2,-0.472338,0.266214,-2.95198,21083.3
2.05,0.255461,2,-0.472338,0.266214,-2.94897,25326.5
2.05,0.255461,2,-0.472338,0.266214,-2.94597,24824.8
2.05,0.255461,2,-0.472338,0.266214,-2.94297,22698.4
2.05,0.255461,2,-0.472338,0.266214,-2.93997,20114.8
2.05,0.255461,2,-0.472338,0.266214,-2.93697,23148.4
2.05,0.255461,2,-0.472338,0.266214,-2.93397,17472.3
2.05,0.255461,2,-0.472338,0.266214,-2.93097,17929
2.05,0.255461,2,-0.472338,0.266214,-2.92796,-19283.7
2.05,0.255461,2,-0.472338,0.266214,-2.92496,-22156.3
2.05,0.255461,2,-0.472338,0.266214,-2.92196,-20394.4
2.05,0.255461,2,-0.472338,0.266214,-2.91896,-24288.7
2.05,0.255461,2,-0.472338,0.266214,-2.91596,-22025.7
2.05,0.255461,2,-0.472338,0.266214,-2.91296,-19495.6
2.05,0.255461,2,-0.472338,0.266214,-2.90995,-19693.1
2.05,0.255461,2,-0.472338,0.266214,-2.90695,-20369.4
2.05,0.255461,2,-0.472338,0.266214,-2.90395,-25533.5
2.05,0.255461,2,-0.472338,0.266214,-2.90095,-26197.2
2.05,0.255461,2,-0.472338,0.266214,-2.89795,-26272.6
2.05,0.255461,2,-0.472338,0.266214,-2.89495,-21644.4
2.05,0.255461,2,-0.472338,0.266214,-2.89195,-22939.5
2.05,0.255461,2,-0.472338,0.266214,-2.88894,-25696.1
2.05,0.255461,2,-0.472338,0.266214,-2.88594,-23792.4
2.05,0.255461,2,-0.472338,0.266214,-2.88294,-24101
2.05,0.255461,2,-0.472338,0.266214,-2.87994,-22840.5
2.05,0.255461,2,-0.472338,0.266214,-2.87694,-22651.6
2.05,0.255461,2,-0.472338,0.266214,-2.87394,-22332.1
2.05,0.255461,2,-0.472338,0.266214,-2.87094,-24286.5
2.05,0.255461,2,-0.472338,0.266214,-2.86793,-21751.2
2.05,0.255461,2,-0.472338,0.266214,-2.86493,-21349.4
2.05,0.255461,2,-0.472338,0.266214,-2.86193,-25855.9
2.05,0.255461,2,-0.472338,0.266214,-2.85893,-21376.5
2.05,0.255461,2,-0.472338,0.266214,-2.85593,-24497.1
2.05,0.255461,2,-0.472338,0.266214,-2.85293,-22403.3
2.05,0.255461,2,-0.472338,0.266214,-2.84992,-23086.1
2.05,0.255461,2,-0.472338,0.266214,-2.84692,-21954.6
2.05,0.255461,2,-0.472338,0.266214,-2.84392,-24993.8
2.05,0.255461,2,-0.472338,0.266214,-2.84092,-22093.1
2.05,0.255461,2,-0.472338,0.266214,-2.83792,-24604.3
2.05,0.255461,2,-0.472338,0.266214,-2.83492,-26833.6
2.05,0.255461,2,-0.472338,0.266214,-2.83192,-22833.9
2.05,0.255461,2,-0.472338,0.266214,-2.82891,-22568.4
2.05,0.255461,2,-0.472338,0.266214,-2.82591,-26056
2.05,0.255461,2,-0.472338,0.266214,-2.82291,-22302.9
2.05,0.255461,2,-0.472338,0.266214,-2.81991,-27013.6
2.05,0.255461,2,-0.472338,0.266214,-2.81691,-28011.2
2.05,0.255461,2,-0.472338,0.266214,-2.81391,-22294.4
2.05,0.255461,2,-0.472338,0.266214,-2.81091,-26894
2.05,0.255461,2,-0.472338,0.266214,-2.8079,-23406.8
2.05,0.255461,2,-0.472338,0.266214,-2.8049,-24979.4
2.05,0.255461,2,-0.472338,0.266214,-2.8019,-27023.9
2.05,0.255461,2,-0.472338,0.266214,-2.7989,-22488.5
2.05,0.255461,2,-0.472338,0.266214,-2.7959,-23855.6
2.05,0.255461,2,-0.472338,0.266214,-2.7929,-22549.8
2.05,0.255461,2,-0.472338,0.266214,-2.78989,-22722.8
2.05,0.255461,2,-0.472338,0.266214,-2.78689,-22947.2
2.05,0.255461,2,-0.472338,0.266214,-2.78389,-23940.5
2.05,0.255461,2,-0.472338,0.266214,-2.78089,-24271.7
2.05,0.255461,2,-0.472338,0.266214,-2.77789,-24591.2
2.05,0.255461,2,-0.472338,0.266214,-2.77489,-27051.7
2.05,0.255461,2,-0.472338,0.266214,-2.77189,-27277.7
2.05,0.255461,2,-0.472338,0.266214,-2.76888,-23892.8
2.05,0.255461,2,-0.472338,0.266214,-2.76588,-24279.6
2.05,0.255461,2,-0.472338,0.266214,-2.76288,-25932.4
2.05,0.255461,2,-0.472338,0.266214,-2.75988,-24940.6
2.05,0.255461,2,-0.472338,0.266214,-2.75688,-28486.6
2.05,0.255461,2,-0.472338,0.266214,-2.75388,-27592.1
2.05,0.255461,2,-0.472338,0.266214,-2.75088,-23157.7
2.05,0.255461,2,-0.472338,0.266214,-2.74787,-27696.2
2.05,0.255461,2,-0.472338,0.266214,-2.74487,-25895.3
2.05,0.255461,2,-0.472338,0.266214,-2.74187,-23301.8
2.05,0.255461,2,-0.472338,0.266214,-2.73887,-26006.5
2.05,0.255461,2,-0.472338,0.266214,-2.73587,-23287.4
2.05,0.255461,2,-0.472338,0.266214,-2.73287,-22890.5
2.05,0.255461,2,-0.472338,0.266214,-2.72986,-29549.1
2.05,0.255461,2,-0.472338,0.266214,-2.72686,-28854.4
2.05,0.255461,2,-0.472338,0.266214,-2.72386,-26997.2
2.05,0.255461,2,-0.472338,0.266214,-2.72086,-24486.5
2.05,0.255461,2,-0.472338,0.266214,-2.71786,-24471.2
2.05,0.255461,2,-0.472338,0.266214,-2.71486,-26313.9
2.05,0.255461,2,-0.472338,0.266214,-2.71186,-24250
2.05,0.255461,2,-0.472338,0.266214,-2.70885,-28699.5
2.05,0.255461,2,-0.472338,0.266214,-2.70585,-23155.7
2.05,0.255461,2,-0.472338,0.266214,-2.70285,-26547.8
2.05,0.255461,2,-0.472338,0.266214,-2.69985,-24868.3
2.05,0.255461,2,-0.472338,0.266214,-2.69685,-24796.5
2.05,0.255461,2,-0.472338,0.266214,-2.69385,-27400.9
2.05,0.255461,2,-0.472338,0.266214,-2.69085,-25680.5
2.05,0.255461,2,-0.472338,0.266214,-2.68784,-24388.1
2.05,0.255461,2,-0.472338,0.266214,-2.68484,-24556.8
2.05,0.255461,2,-0.472338,0.266214,-2.68184,-25106.1
2.05,0.255461,2,-0.472338,0.266214,-2.67884,-23337.6
2.05,0.255461,2,-0.472338,0.266214,-2.67584,-25683.2
2.05,0.255461,2,-0.472338,0.266214,-2.67284,-23952.2
2.05,0.255461,2,-0.472338,0.266214,-2.66983,-29654.4
2.05,0.255461,2,-0.472338,0.266214,-2.66683,-25298.6
2.05,0.255461,2,-0.472338,0.266214,-2.66383,-23362.6
2.05,0.255461,2,-0.472338,0.266214,-2.66083,-27813.3
2.05,0.255461,2,-0.472338,0.266214,-2.65783,-26198.8
2.05,0.255461,2,-0.472338,0.266214,-2.65483,-24567.3
2.05,0.255461,2,-0.472338,0.266214,-2.65183,-25271.4
2.05,0.255461,2,-0.472338,0.266214,-2.64882,-25466
2.05,0.255461,2,-0.472338,0.266214,-2.64582,-26775.5
2.05,0.255461,2,-0.472338,0.266214,-2.64282,-23447.7
2.05,0.255461,2,-0.472338,0.266214,-2.63982,-29662.8
2.05,0.255461,2,-0.472338,0.266214,-2.63682,-25091
2.05,0.255461,2,-0.472338,0.266214,-2.63382,-27069.3
2.05,0.255461,2,-0.472338,0.266214,-2.63082,-30466.7
2.05,0.255461,2,-0.472338,0.266214,-2.62781,-27169.9
2.05,0.255461,2,-0.472338,0.266214,-2.62481,-27711.6
2.05,0.255461,2,-0.472338,0.266214,-2.62181,-27607.5
2.05,0.255461,2,-0.472338,0.266214,-2.61881,-27632.7
2.05,0.255461,2,-0.472338,0.266214,-2.61581,-29612.1
2.05,0.255461,2,-0.472338,0.266214,-2.61281,-23623.4
2.05,0.255461,2,-0.472338,0.266214,-2.6098,-28410.6
2.05,0.255461,2,-0.472338,0.266214,-2.6068,-26149.1
2.05,0.255461,2,-0.472338,0.266214,-2.6038,-26551.1
2.05,0.255461,2,-0.472338,0.266214,-2.6008,-24842
2.05,0.255461,2,-0.472338,0.266214,-2.5978,-25645.5
2.05,0.255461,2,-0.472338,0.266214,-2.5948,-23901.6
2.05,0.255461,2,-0.472338,0.266214,-2.5918,-29607.5
2.05,0.255461,2,-0.472338,0.266214,-2.58879,-25208.9
2.05,0.255461,2,-0.472338,0.266214,-2.58579,-30235.6
2.05,0.255461,2,-0.472338,0.266214,-2.58279,-26450.3
2.05,0.255461,2,-0.472338,0.266214,-2.57979,-28554.2
2.05,0.255461,2,-0.472338,0.266214,-2.57679,-24572.7
2.05,0.255461,2,-0.472338,0.266214,-2.57379,-26259.1
2.05,0.255461,2,-0.472338,0.266214,-2.57079,-25396.6
2.05,0.255461,2,-0.472338,0.266214,-2.56778,-27569
2.05,0.255461,2,-0.472338,0.266214,-2.56478,-25869.1
2.05,0.255461,2,-0.472338,0.266214,-2.56178,-26316
2.05,0.255461,2,-0.472338,0.266214,-2.55878,-26346.9
2.05,0.255461,2,-0.472338,0.266214,-2.55578,-27316.6
2.05,0.255461,2,-0.472338,0.266214,-2.55278,-28604
2.05,0.255461,2,-0.472338,0.266214,-2.54977,-27970.3
2.05,0.255461,2,-0.472338,0.266214,-2.54677,-28151.5
2.05,0.255461,2,-0.472338,0.266214,-2.54377,-24933
2.05,0.255461,2,-0.472338,0.266214,-2.54077,-27734.5
2.05,0.255461,2,-0.472338,0.266214,-2.53777,-27932.5
2.05,0.255461,2,-0.472338,0.266214,-2.53477,-28896.3
2.05,0.255461,2,-0.472338,0.266214,-2.53177,-26354.1
2.05,0.255461,2,-0.472338,0.266214,-2.52876,-25695.5
2.05,0.255461,2,-0.472338,0.266214,-2.52576,-24378.7
2.05,0.255461,2,-0.472338,0.266214,-2.52276,-26832.1
2.05,0.255461,2,-0.472338,0.266214,-2.51976,-24325.1
2.05,0.255461,2,-0.472338,0.266214,-2.51676,-24856.4
2.05,0.255461,2,-0.472338,0.266214,-2.51376,-25944.7
2.05,0.255461,2,-0.472338,0.266214,-2.51076,-24059
2.05,0.255461,2,-0.472338,0.266214,-2.50775,-28161.1
2.05,0.255461,2,-0.472338,0.266214,-2.50475,-25201.8
2.05,0.255461,2,-0.472338,0.266214,-2.50175,-24939
2.05,0.255461,2,-0.472338,0.266214,-2.49875,-27675.2
2.05,0.255461,2,-0.472338,0.266214,-2.49575,-24812.9
2.05,0.255461,2,-0.472338,0.266214,-2.49275,-25135.8
2.05,0.255461,2,-0.472338,0.266214,-2.48974,-24541.3
2.05,0.255461,2,-0.472338,0.266214,-2.48674,-26446.6
2.05,0.255461,2,-0.472338,0.266214,-2.48374,-28161.2
2.05,0.255461,2,-0.472338,0.266214,-2.48074,-28616.8
2.05,0.255461,2,-0.472338,0.266214,-2.47774,-29386.3
2.05,0.255461,2,-0.472338,0.266214,-2.47474,-27470.5
2.05,0.255461,2,-0.472338,0.266214,-2.47174,-28739.6
2.05,0.255461,2,-0.472338,0.266214,-2.46873,-29555.6
2.05,0.255461,2,-0.472338,0.266214,-2.46573,-26760.1
2.05,0.255461,2,-0.472338,0.266214,-2.46273,-29082.9
2.05,0.255461,2,-0.472338,0.266214,-2.45973,-27700.4
2.05,0.255461,2,-0.472338,0.266214,-2.45673,-30828
2.05,0.255461,2,-0.472338,0.266214,-2.45373,-24464.4
2.05,0.255461,2,-0.472338,0.266214,-2.45073,-30000.5
2.05,0.255461,2,-0.472338,0.266214,-2.44772,-24361.8
2.05,0.255461,2,-0.472338,0.266214,-2.44472,-24957.9
2.05,0.255461,2,-0.472338,0.266214,-2.44172,-29360.2
2.05,0.255461,2,-0.472338,0.266214,-2.43872,-25397.5
2.05,0.255461,2,-0.472338,0.266214,-2.43572,-24725.2
2.05,0.255461,2,-0.472338,0.266214,-2.43272,-31165.7
2.05,0.255461,2,-0.472338,0.266214,-2.42971,-26694.3
2.05,0.255461,2,-0.472338,0.266214,-2.42671,-24411.8
2.05,0.255461,2,-0.472338,0.266214,-2.42371,-24689.9
2.05,0.255461,2,-0.472338,0.266214,-2.42071,-25799.2
2.05,0.255461,2,-0.472338,0.266214,-2.41771,-29958.6
2.05,0.255461,2,-0.472338,0.266214,-2.41471,-25869.2
2.05,0.255461,2,-0.472338,0.266214,-2.41171,-27878
2.05,0.255461,2,-0.472338,0.266214,-2.4087,-27054.1
2.05,0.255461,2,-0.472338,0.266214,-2.4057,-30527.8
2.05,0.255461,2,-0.472338,0.266214,-2.4027,-27436.5
2.05,0.255461,2,-0.472338,0.266214,-2.3997,-24566.7
2.05,0.255461,2,-0.472338,0.266214,-2.3967,-24536.2
2.05,0.255461,2,-0.472338,0.266214,-2.3937,-30037
2.05,0.255461,2,-0.472338,0.266214,-2.3907,-27149.6
2.05,0.255461,2,-0.472338,0.266214,-2.38769,-28366
2.05,0.255461,2,-0.472338,0.266214,-2.38469,-28046.5
2.05,0.255461,2,-0.472338,0.266214,-2.38169,-30307.1
2.05,0.255461,2,-0.472338,0.266214,-2.37869,-26239.4
2.05,0.255461,2,-0.472338,0.266214,-2.37569,-31539
2.05,0.255461,2,-0.472338,0.266214,-2.37269,-27387.7
2.05,0.255461,2,-0.472338,0.266214,-2.36968,-31307.2
2.05,0.255461,2,-0.472338,0.266214,-2.36668,-30464.7
2.05,0.255461,2,-0.472338,0.266214,-2.36368,-25697.6
2.05,0.255461,2,-0.472338,0.266214,-2.36068,-31260.9
2.05,0.255461,2,-0.472338,0.266214,-2.35768,-24623.5
2.05,0.255461,2,-0.472338,0.266214,-2.35468,-30851.3
2.05,0.255461,2,-0.472338,0.266214,-2.35168,-24986.5
2.05,0.255461,2,-0.472338,0.266214,-2.34867,-28370.8
2.05,0.255461,2,-0.472338,0.266214,-2.34567,-25378.1
2.05,0.255461,2,-0.472338,0.266214,-2.34267,-31115.8
2.05,0.255461,2,-0.472338,0.266214,-2.33967,-30430.7
2.05,0.255461,2,-0.472338,0.266214,-2.33667,-30215.5
2.05,0.255461,2,-0.472338,0.266214,-2.33367,-28982.5
2.05,0.255461,2,-0.472338,0.266214,-2.33067,-25445.7
2.05,0.255461,2,-0.472338,0.266214,-2.32766,-27115.1
2.05,0.255461,2,-0.472338,0.266214,-2.32466,-26701.1
2.05,0.255461,2,-0.472338,0.266214,-2.32166,-25210
2.05,0.255461,2,-0.472338,0.266214,-2.31866,-27371.6
2.05,0.255461,2,-0.472338,0.266214,-2.31566,-25841.9
2.05,0.255461,2,-0.472338,0.266214,-2.31266,-28762
2.05,0.255461,2,-0.472338,0.266214,-2.30965,-30103.4
2.05,0.255461,2,-0.472338,0.266214,-2.30665,-30315.7
2.05,0.255461,2,-0.472338,0.266214,-2.30365,-29850.1
2.05,0.255461,2,-0.472338,0.266214,-2.30065,-27567.8
2.05,0.255461,2,-0.472338,0.266214,-2.29765,-31532.3
2.05,0.255461,2,-0.472338,0.266214,-2.29465,-24820.3
2.05,0.255461,2,-0.472338,0.266214,-2.29165,-27120.8
2.05,0.255461,2,-0.472338,0.266214,-2.28864,-27848.3
2.05,0.255461,2,-0.472338,0.266214,-2.28564,-25581.2
2.05,0.255461,2,-0.472338,0.266214,-2.28264,-26592.7
2.05,0.255461,2,-0.472338,0.266214,-2.27964,-31868.8
2.05,0.255461,2,-0.472338,0.266214,-2.27664,-28835
2.05,0.255461,2,-0.472338,0.266214,-2.27364,-26618.9
2.05,0.255461,2,-0.472338,0.266214,-2.27064,-26282
2.05,0.255461,2,-0.472338,0.266214,-2.26763,-30248.3
2.05,0.255461,2,-0.472338,0.266214,-2.26463,-27823.5
2.05,0.255461,2,-0.472338,0.266214,-2.26163,-31195.2
2.05,0.255461,2,-0.472338,0.266214,-2.25863,-31892.9
2.05,0.255461,2,-0.472338,0.266214,-2.25563,-28825
2.05,0.255461,2,-0.472338,0.266214,-2.25263,-31558.4
2.05,0.255461,2,-0.472338,0.266214,-2.24962,-30836.3
2.05,0.255461,2,-0.472338,0.266214,-2.24662,-27582.5
2.05,0.255461,2,-0.472338,0.266214,-2.24362,-31347.7
2.05,0.255461,2,-0.472338,0.266214,-2.24062,-30394
2.05,0.255461,2,-0.472338,0.266214,-2.23762,-30241.7
2.05,0.255461,2,-0.472338,0.266214,-2.23462,-24923.6
2.05,0.255461,2,-0.472338,0.266214,-2.23162,-25871.2
2.05,0.255461,2,-0.472338,0.266214,-2.22861,-26929.9
2.05,0.255461,2,-0.472338,0.266214,-2.22561,-29323.2
2.05,0.255461,2,-0.472338,0.266214,-2.22261,-32030.3
2.05,0.255461,2,-0.472338,0.266214,-2.21961,-31427.3
2.05,0.255461,2,-0.472338,0.266214,-2.21661,-26660.4
2.05,0.255461,2,-0.472338,0.266214,-2.21361,-31085.2
2.05,0.255461,2,-0.472338,0.266214,-2.21061,-29443.5
2.05,0.255461,2,-0.472338,0.266214,-2.2076,-27406.8
2.05,0.255461,2,-0.472338,0.266214,-2.2046,-27275.5
2.05,0.255461,2,-0.472338,0.266214,-2.2016,-26702.6
2.05,0.255461,2,-0.472338,0.266214,-2.1986,-30451.2
2.05,0.255461,2,-0.472338,0.266214,-2.1956,-26681.7
2.05,0.255461,2,-0.472338,0.266214,-2.1926,-25567.3
2.05,0.255461,2,-0.472338,0.266214,-2.18959,-29207.5
2.05,0.255461,2,-0.472338,0.266214,-2.18659,-27006.3
2.05,0.255461,2,-0.472338,0.266214,-2.18359,-32216.4
2.05,0.255461,2,-0.472338,0.266214,-2.18059,-30181.2
2.05,0.255461,2,-0.472338,0.266214,-2.17759,-26834.9
2.05,0.255461,2,-0.472338,0.266214,-2.17459,-25005.3
2.05,0.255461,2,-0.472338,0.266214,-2.17159,-26246.7
2.05,0.255461,2,-0.472338,0.266214,-2.16858,-26396.5
2.05,0.255461,2,-0.472338,0.266214,-2.16558,-30108.4
2.05,0.255461,2,-0.472338,0.266214,-2.16258,-32238.9
2.05,0.255461,2,-0.472338,0.266214,-2.15958,-29979.6
2.05,0.255461,2,-0.472338,0.266214,-2.15658,-27501.9
2.05,0.255461,2,-0.472338,0.266214,-2.15358,-25159.3
2.05,0.255461,2,-0.472338,0.266214,-2.15058,-26986
2.05,0.255461,2,-0.472338,0.266214,-2.14757,-26100.7
2.05,0.255461,2,-0.472338,0.266214,-2.14457,-32325.4
2.05,0.255461,2,-0.472338,0.266214,-2.14157,-27838
2.05,0.255461,2,-0.472338,0.266214,-2.13857,-26748.6
2.05,0.255461,2,-0.472338,0.266214,-2.13557,-27746
2.05,0.255461,2,-0.472338,0.266214,-2.13257,-30964.8
2.05,0.255461,2,-0.472338,0.266214,-2.12956,-29470
2.05,0.255461,2,-0.472338,0.266214,-2.12656,-30010.6
2.05,0.255461,2,-0.472338,0.266214,-2.12356,-26911.8
2.05,0.255461,2,-0.472338,0.266214,-2.12056,-28475.1
2.05,0.255461,2,-0.472338,0.266214,-2.11756,-28299.9
2.05,0.255461,2,-0.472338,0.266214,-2.11456,-27774.2
2.05,0.255461,2,-0.472338,0.266214,-2.11156,-28251.1
2.05,0.255461,2,-0.472338,0.266214,-2.10855,-28503.3
2.05,0.255461,2,-0.472338,0.266214,-2.10555,-30191.8
2.05,0.255461,2,-0.472338,0.266214,-2.10255,-26457.1
2.05,0.255461,2,-0.472338,0.266214,-2.09955,-25988.8
2.05,0.255461,2,-0.472338,0.266214,-2.09655,-27602.3
2.05,0.255461,2,-0.472338,0.266214,-2.09355,-26192.1
2.05,0.255461,2,-0.472338,0.266214,-2.09055,-26254.8
2.05,0.255461,2,-0.472338,0.266214,-2.08754,-26975.7
2.05,0.255461,2,-0.472338,0.266214,-2.08454,-26142.9
2.05,0.255461,2,-0.472338,0.266214,-2.08154,-26118.4
2.05,0.255461,2,-0.472338,0.266214,-2.07854,-25656.9
2.05,0.255461,2,-0.472338,0.266214,-2.07554,-28873.6
2.05,0.255461,2,-0.472338,0.266214,-2.07254,-30532
2.05,0.255461,2,-0.472338,0.266214,-2.06953,-26745.5
2.05,0.255461,2,-0.472338,0.266214,-2.06653,-25675.7
2.05,0.255461,2,-0.472338,0.266214,-2.06353,-27755.1
2.05,0.255461,2,-0.472338,0.266214,-2.06053,-29685.1
2.05,0.255461,2,-0.472338,0.266214,-2.05753,-28615.2
2.05,0.255461,2,-0.472338,0.266214,-2.05453,-28395.8
2.05,0.255461,2,-0.472338,0.266214,-2.05153,-26681.1
2.05,0.255461,2,-0.472338,0.266214,-2.04852,-27492.9
2.05,0.255461,2,-0.472338,0.266214,-2.04552,-28269.2
2.05,0.255461,2,-0.472338,0.266214,-2.04252,-28005.1
2.05,0.255461,2,-0.472338,0.266214,-2.03952,-26635.4
2.05,0.255461,2,-0.472338,0.266214,-2.03652,-31808.8
2.05,0.255461,2,-0.472338,0.266214,-2.03352,-28177.1
2.05,0.255461,2,-0.472338,0.266214,-2.03052,-28922.1
2.05,0.255461,2,-0.472338,0.266214,-2.02751,-27255.4
2.05,0.255461,2,-0.472338,0.266214,-2.02451,-28506.3
2.05,0.255461,2,-0.472338,0.266214,-2.02151,-28407.7
2.05,0.255461,2,-0.472338,0.266214,-2.01851,-29039.3
2.05,0.255461,2,-0.472338,0.266214,-2.01551,-30281.1
2.05,0.255461,2,-0.472338,0.266214,-2.01251,-28676.7
2.05,0.255461,2,-0.472338,0.266214,-2.0095,-26628.5
2.05,0.255461,2,-0.472338,0.266214,-2.0065,-27852.7
2.05,0.255461,2,-0.472338,0.266214,-2.0035,-31919.8
2.05,0.255461,2,-0.472338,0.266214,-2.0005,-31306.6
2.05,0.255461,2,-0.472338,0.266214,-1.9975,-26384.9
2.05,0.255461,2,-0.472338,0.266214,-1.9945,-31147.2
2.05,0.255461,2,-0.472338,0.266214,-1.9915,-26801.2
2.05,0.255461,2,-0.472338,0.266214,-1.98849,-30551.5
2.05,0.255461,2,-0.472338,0.266214,-1.98549,-25322.2
2.05,0.255461,2,-0.472338,0.266214,-1.98249,-28455.4
2.05,0.255461,2,-0.472338,0.266214,-1.97949,-31529.9
2.05,0.255461,2,-0.472338,0.266214,-1.97649,-29462.2
2.05,0.255461,2,-0.472338,0.266214,-1.97349,-25427.3
2.05,0.255461,2,-0.472338,0.266214,-1.97049,-28199.3
2.05,0.255461,2,-0.472338,0.266214,-1.96748,-29505.4
2.05,0.255461,2,-0.472338,0.266214,-1.96448,-28378.9
2.05,0.255461,2,-0.472338,0.266214,-1.96148,-29804.1
2.05,0.255461,2,-0.472338,0.266214,-1.95848,-26377.2
2.05,0.255461,2,-0.472338,0.266214,-1.95548,-28509.3
2.05,0.255461,2,-0.472338,0.266214,-1.95248,-28932.1
2.05,0.255461,2,-0.472338,0.266214,-1.94947,-26135.1
2.05,0.255461,2,-0.472338,0.266214,-1.94647,-31672.9
2.05,0.255461,2,-0.472338,0.266214,-1.94347,-26725.7
2.05,0.255461,2,-0.472338,0.266214,-1.94047,-31777.3
2.05,0.255461,2,-0.472338,0.266214,-1.93747,-25631.5
2.05,0.255461,2,-0.472338,0.266214,-1.93447,-28303.1
2.05,0.255461,2,-0.472338,0.266214,-1.93147,-30292.3
2.05,0.255461,2,-0.472338,0.266214,-1.92846,-25725.5
2.05,0.255461,2,-0.472338,0.266214,-1.92546,-31973.2
2.05,0.255461,2,-0.472338,0.266214,-1.92246,-31147.9
2.05,0.255461,2,-0.472338,0.266214,-1.91946,-26891.7
2.05,0.255461,2,-0.472338,0.266214,-1.91646,-28899.9
2.05,0.255461,2,-0.472338,0.266214,-1.91346,-30515.1
2.05,0.255461,2,-0.472338,0.266214,-1.91046,-28993.6
2.05,0.255461,2,-0.472338,0.266214,-1.90745,-26316.3
2.05,0.255461,2,-0.472338,0.266214,-1.90445,-27920.2
2.05,0.255461,2,-0.472338,0.266214,-1.90145,-26140.8
2.05,0.255461,2,-0.472338,0.266214,-1.89845,-27500.6
2.05,0.255461,2,-0.472338,0.266214,-1.89545,-31122.1
2.05,0.255461,2,-0.472338,0.266214,-1.89245,-31074
2.05,0.255461,2,-0.472338,0.266214,-1.88944,-28145
2.05,0.255461,2,-0.472338,0.266214,-1.88644,-29456.8
2.05,0.255461,2,-0.472338,0.266214,-1.88344,-29556
2.05,0.255461,2,-0.472338,0.266214,-1.88044,-29550
2.05,0.255461,2,-0.472338,0.266214,-1.87744,-31027.3
2.05,0.255461,2,-0.472338,0.266214,-1.87444,-25521.4
2.05,0.255461,2,-0.472338,0.266214,-1.87144,-29200.3
2.05,0.255461,2,-0.472338,0.266214,-1.86843,-26421.1
2.05,0.255461,2,-0.472338,0.266214,-1.86543,-32774.3
2.05,0.255461,2,-0.472338,0.266214,-1.86243,-25527.3
2.05,0.255461,2,-0.472338,0.266214,-1.85943,-27855.4
2.05,0.255461,2,-0.472338,0.266214,-1.85643,-31248
2.05,0.255461,2,-0.472338,0.266214,-1.85343,-27740.7
2.05,0.255461,2,-0.472338,0.266214,-1.85043,-27549.3
2.05,0.255461,2,-0.472338,0.266214,-1.84742,-27000.5
2.05,0.255461,2,-0.472338,0.266214,-1.84442,-32769.8
2.05,0.255461,2,-0.472338,0.266214,-1.84142,-31014.4
2.05,0.255461,2,-0.472338,0.266214,-1.83842,-29467.4
2.05,0.255461,2,-0.472338,0.266214,-1.83542,-26336.4
2.05,0.255461,2,-0.472338,0.266214,-1.83242,-25303.4
2.05,0.255461,2,-0.472338,0.266214,-1.82941,-25879.5
2.05,0.255461,2,-0.472338,0.266214,-1.82641,-28174.6
2.05,0.255461,2,-0.472338,0.266214,-1.82341,-30403.7
2.05,0.255461,2,-0.472338,0.266214,-1.82041,-25286.2
2.05,0.255461,2,-0.472338,0.266214,-1.81741,-25380.2
2.05,0.255461,2,-0.472338,0.266214,-1.81441,-31256.2
2.05,0.255461,2,-0.472338,0.266214,-1.81141,-25583.8
2.05,0.255461,2,-0.472338,0.266214,-1.8084,-32710.3
2.05,0.255461,2,-0.472338,0.266214,-1.8054,-27188
2.05,0.255461,2,-0.472338,0.266214,-1.8024,-30776.6
2.05,0.255461,2,-0.472338,0.266214,-1.7994,-28372.4
2.05,0.255461,2,-0.472338,0.266214,-1.7964,-27658.7
2.05,0.255461,2,-0.472338,0.266214,-1.7934,-26662.6
2.05,0.255461,2,-0.472338,0.266214,-1.7904,-28492.5
2.05,0.255461,2,-0.472338,0.266214,-1.78739,-32966.9
2.05,0.255461,2,-0.472338,0.266214,-1.78439,-30145.6
2.05,0.255461,2,-0.472338,0.266214,-1.78139,-32614.2
2.05,0.255461,2,-0.472338,0.266214,-1.77839,-26657
2.05,0.255461,2,-0.472338,0.266214,-1.77539,-28127.9
2.05,0.255461,2,-0.472338,0.266214,-1.77239,-32717.7
2.05,0.255461,2,-0.472338,0.266214,-1.76938,-29108.3
2.05,0.255461,2,-0.472338,0.266214,-1.76638,-27302.4
2.05,0.255461,2,-0.472338,0.266214,-1.76338,-27931.2
2.05,0.255461,2,-0.472338,0.266214,-1.76038,-31032.6
2.05,0.255461,2,-0.472338,0.266214,-1.75738,-32911.4
2.05,0.255461,2,-0.472338,0.266214,-1.75438,-27038.3
2.05,0.255461,2,-0.472338,0.266214,-1.75138,-25826.5
2.05,0.255461,2,-0.472338,0.266214,-1.74837,-26502.4
2.05,0.255461,2,-0.472338,0.266214,-1.74537,-30547.4
2.05,0.255461,2,-0.472338,0.266214,-1.74237,-32252.1
2.05,0.255461,2,-0.472338,0.266214,-1.73937,-25485.4
2.05,0.255461,2,-0.472338,0.266214,-1.73637,-27697.4
2.05,0.255461,2,-0.472338,0.266214,-1.73337,-27631.5
2.05,0.255461,2,-0.472338,0.266214,-1.73037,-27460.5
2.05,0.255461,2,-0.472338,0.266214,-1.72736,-27398.6
2.05,0.255461,2,-0.472338,0.266214,-1.72436,-29189
2.05,0.255461,2,-0.472338,0.266214,-1.72136,-26456
2.05,0.255461,2,-0.472338,0.266214,-1.71836,-30807.5
2.05,0.255461,2,-0.472338,0.266214,-1.71536,-31537.1
2.05,0.255461,2,-0.472338,0.266214,-1.71236,-29098.4
2.05,0.255461,2,-0.472338,0.266214,-1.70935,-30089.9
2.05,0.255461,2,-0.472338,0.266214,-1.70635,-26308.8
2.05,0.255461,2,-0.472338,0.266214,-1.70335,-25855.1
2.05,0.255461,2,-0.472338,0.266214,-1.70035,-31309
2.05,0.255461,2,-0.472338,0.266214,-1.69735,-28668.4
2.05,0.255461,2,-0.472338,0.266214,-1.69435,-31840.3
2.05,0.255461,2,-0.472338,0.266214,-1.69135,-31223.5
2.05,0.255461,2,-0.472338,0.266214,-1.68834,-30997.3
2.05,0.255461,2,-0.472338,0.266214,-1.68534,-28601.1
2.05,0.255461,2,-0.472338,0.266214,-1.68234,-32007.5
2.05,0.255461,2,-0.472338,0.266214,-1.67934,-26765.3
2.05,0.255461,2,-0.472338,0.266214,-1.67634,-29298.6
2.05,0.255461,2,-0.472338,0.266214,-1.67334,-25738.8
2.05,0.255461,2,-0.472338,0.266214,-1.67034,-26861.1
2.05,0.255461,2,-0.472338,0.266214,-1.66733,-25247.4
2.05,0.255461,2,-0.472338,0.266214,-1.66433,-29209.1
2.05,0.255461,2,-0.472338,0.266214,-1.66133,-25704.4
2.05,0.255461,2,-0.472338,0.266214,-1.65833,-26627.4
2.05,0.255461,2,-0.472338,0.266214,-1.65533,-25381
2.05,0.255461,2,-0.472338,0.266214,-1.65233,-31486.3
2.05,0.255461,2,-0.472338,0.266214,-1.64932,-27610.1
2.05,0.255461,2,-0.472338,0.266214,-1.64632,-26484.3
2.05,0.255461,2,-0.472338,0.266214,-1.64332,-27218.4
2.05,0.255461,2,-0.472338,0.266214,-1.64032,-26180.9
2.05,0.255461,2,-0.472338,0.266214,-1.63732,-31476.4
2.05,0.255461,2,-0.472338,0.266214,-1.63432,-30347.6
2.05,0.255461,2,-0.472338,0.266214,-1.63132,-25767.7
2.05,0.255461,2,-0.472338,0.266214,-1.62831,-30206.2
2.05,0.255461,2,-0.472338,0.266214,-1.62531,-31410.1
2.05,0.255461,2,-0.472338,0.266214,-1.62231,-27507.2
2.05,0.255461,2,-0.472338,0.266214,-1.61931,-27715.8
2.05,0.255461,2,-0.472338,0.266214,-1.61631,-27993.6
2.05,0.255461,2,-0.472338,0.266214,-1.61331,-29717.6
2.05,0.255461,2,-0.472338,0.266214,-1.61031,-30957.3
2.05,0.255461,2,-0.472338,0.266214,-1.6073,-25609
2.05,0.255461,2,-0.472338,0.266214,-1.6043,-26929.8
2.05,0.255461,2,-0.472338,0.266214,-1.6013,-30705.5
2.05,0.255461,2,-0.472338,0.266214,-1.5983,-27083.2
2.05,0.255461,2,-0.472338,0.266214,-1.5953,-27229.6
2.05,0.255461,2,-0.472338,0.266214,-1.5923,-30633.9
2.05,0.255461,2,-0.472338,0.266214,-1.58929,-27536.8
2.05,0.255461,2,-0.472338,0.266214,-1.58629,-29958.1
2.05,0.255461,2,-0.472338,0.266214,-1.58329,-29724
2.05,0.255461,2,-0.472338,0.266214,-1.58029,-27438.7
2.05,0.255461,2,-0.472338,0.266214,-1.57729,-26389.8
2.05,0.255461,2,-0.472338,0.266214,-1.57429,-29525.8
2.05,0.255461,2,-0.472338,0.266214,-1.57129,-27402.1
2.05,0.255461,2,-0.472338,0.266214,-1.56828,-26418.2
2.05,0.255461,2,-0.472338,0.266214,-1.56528,-29787.1
2.05,0.255461,2,-0.472338,0.266214,-1.56228,-29121.1
2.05,0.255461,2,-0.472338,0.266214,-1.55928,-29880
2.05,0.255461,2,-0.472338,0.266214,-1.55628,-26353.5
2.05,0.255461,2,-0.472338,0.266214,-1.55328,-31263.5
2.05,0.255461,2,-0.472338,0.266214,-1.55028,-28665.5
2.05,0.255461,2,-0.472338,0.266214,-1.54727,-26736.8
2.05,0.255461,2,-0.472338,0.266214,-1.54427,-32231.2
2.05,0.255461,2,-0.472338,0.266214,-1.54127,-28060
2.05,0.255461,2,-0.472338,0.266214,-1.53827,-28670.2
2.05,0.255461,2,-0.472338,0.266214,-1.53527,-28738.7
2.05,0.255461,2,-0.472338,0.266214,-1.53227,-25157.2
2.05,0.255461,2,-0.472338,0.266214,-1.52926,-25557.3
2.05,0.255461,2,-0.472338,0.266214,-1.52626,-27773.3
2.05,0.255461,2,-0.472338,0.266214,-1.52326,-29997.7
2.05,0.255461,2,-0.472338,0.266214,-1.52026,-25247.9
2.05,0.255461,2,-0.472338,0.266214,-1.51726,-26647.1
2.05,0.255461,2,-0.472338,0.266214,-1.51426,-26585.7
2.05,0.255461,2,-0.472338,0.266214,-1.51126,-28486
2.05,0.255461,2,-0.472338,0.266214,-1.50825,-29681.9
2.05,0.255461,2,-0.472338,0.266214,-1.50525,-30525.4
2.05,0.255461,2,-0.472338,0.266214,-1.50225,-31056.1
2.05,0.255461,2,-0.472338,0.266214,-1.49925,-25661.8
2.05,0.255461,2,-0.472338,0.266214,-1.49625,-28872.5
2.05,0.255461,2,-0.472338,0.266214,-1.49325,-31348.1
2.05,0.255461,2,-0.472338,0.266214,-1.49025,-26013.3
2.05,0.255461,2,-0.472338,0.266214,-1.48724,-26045.9
2.05,0.255461,2,-0.472338,0.266214,-1.48424,-28249.3
2.05,0.255461,2,-0.472338,0.266214,-1.48124,-27226.9
2.05,0.255461,2,-0.472338,0.266214,-1.47824,-26051.2
2.05,0.255461,2,-0.472338,0.266214,-1.47524,-27994.7
2.05,0.255461,2,-0.472338,0.266214,-1.47224,-25402.3
2.05,0.255461,2,-0.472338,0.266214,-1.46923,-26973.2
2.05,0.255461,2,-0.472338,0.266214,-1.46623,-31083.2
2.05,0.255461,2,-0.472338,0.266214,-1.46323,-30210.6
2.05,0.255461,2,-0.472338,0.266214,-1.46023,-28008.4
2.05,0.255461,2,-0.472338,0.266214,-1.45723,-27653.4
2.05,0.255461,2,-0.472338,0.266214,-1.45423,-25276.3
2.05,0.255461,2,-0.472338,0.266214,-1.45123,-29627.2
2.05,0.255461,2,-0.472338,0.266214,-1.44822,-30715.3
2.05,0.255461,2,-0.472338,0.266214,-1.44522,-30084.4
2.05,0.255461,2,-0.472338,0.266214,-1.44222,-27479.1
2.05,0.255461,2,-0.472338,0.266214,-1.43922,-29210.3
2.05,0.255461,2,-0.472338,0.266214,-1.43622,-28626.9
2.05,0.255461,2,-0.472338,0.266214,-1.43322,-25018.7
2.05,0.255461,2,-0.472338,0.266214,-1.43022,-31305.2
2.05,0.255461,2,-0.472338,0.266214,-1.42721,-26127.5
2.05,0.255461,2,-0.472338,0.266214,-1.42421,-28298.5
2.05,0.255461,2,-0.472338,0.266214,-1.42121,-31335.6
2.05,0.255461,2,-0.472338,0.266214,-1.41821,-26502.9
2.05,0.255461,2,-0.472338,0.266214,-1.41521,-32837.7
2.05,0.255461,2,-0.472338,0.266214,-1.41221,-27712.1
2.05,0.255461,2,-0.472338,0.266214,-1.4092,-28703.8
2.05,0.255461,2,-0.472338,0.266214,-1.4062,-26323.8
2.05,0.255461,2,-0.472338,0.266214,-1.4032,-29226.2
2.05,0.255461,2,-0.472338,0.266214,-1.4002,-30333
2.05,0.255461,2,-0.472338,0.266214,-1.3972,-28618.9
2.05,0.255461,2,-0.472338,0.266214,-1.3942,-27389.8
2.05,0.255461,2,-0.472338,0.266214,-1.3912,-29610.1
2.05,0.255461,2,-0.472338,0.266214,-1.38819,-30271.9
2.05,0.255461,2,-0.472338,0.266214,-1.38519,-25582.2
2.05,0.255461,2,-0.472338,0.266214,-1.38219,-24978.8
2.05,0.255461,2,-0.472338,0.266214,-1.37919,-27944.4
2.05,0.255461,2,-0.472338,0.266214,-1.37619,-31719.1
2.05,0.255461,2,-0.472338,0.266214,-1.37319,-25772.9
2.05,0.255461,2,-0.472338,0.266214,-1.37019,-26472
2.05,0.255461,2,-0.472338,0.266214,-1.36718,-28429.1
2.05,0.255461,2,-0.472338,0.266214,-1.36418,-25728.9
2.05,0.255461,2,-0.472338,0.266214,-1.36118,-28921.7
2.05,0.255461,2,-0.472338,0.266214,-1.35818,-29480.3
2.05,0.255461,2,-0.472338,0.266214,-1.35518,-28934.4
2.05,0.255461,2,-0.472338,0.266214,-1.35218,-25032.3
2.05,0.255461,2,-0.472338,0.266214,-1.34917,-27663.6
2.05,0.255461,2,-0.472338,0.266214,-1.34617,-26088.8
2.05,0.255461,2,-0.472338,0.266214,-1.34317,-31117
2.05,0.255461,2,-0.472338,0.266214,-1.34017,-25852.3
2.05,0.255461,2,-0.472338,0.266214,-1.33717,-25591.5
2.05,0.255461,2,-0.472338,0.266214,-1.33417,-26061.5
2.05,0.255461,2,-0.472338,0.266214,-1.33117,-28940.1
2.05,0.255461,2,-0.472338,0.266214,-1.32816,-24933.5
2.05,0.255461,2,-0.472338,0.266214,-1.32516,-29627.8
2.05,0.255461,2,-0.472338,0.266214,-1.32216,-27216.8
2.05,0.255461,2,-0.472338,0.266214,-1.31916,-28275.7
2.05,0.255461,2,-0.472338,0.266214,-1.31616,-25314
2.05,0.255461,2,-0.472338,0.266214,-1.31316,-29934.7
2.05,0.255461,2,-0.472338,0.266214,-1.31016,-31448.7
2.05,0.255461,2,-0.472338,0.266214,-1.30715,-29002.8
2.05,0.255461,2,-0.472338,0.266214,-1.30415,-27079.6
2.05,0.255461,2,-0.472338,0.266214,-1.30115,-28674.3
2.05,0.255461,2,-0.472338,0.266214,-1.29815,-24913.3
2.05,0.255461,2,-0.472338,0.266214,-1.29515,-32311
2.05,0.255461,2,-0.472338,0.266214,-1.29215,-24998.8
2.05,0.255461,2,-0.472338,0.266214,-1.28914,-24617.8
2.05,0.255461,2,-0.472338,0.266214,-1.28614,-25998.8
2.05,0.255461,2,-0.472338,0.266214,-1.28314,-24645.5
2.05,0.255461,2,-0.472338,0.266214,-1.28014,-25478
2.05,0.255461,2,-0.472338,0.266214,-1.27714,-25840.6
2.05,0.255461,2,-0.472338,0.266214,-1.27414,-25346.1
2.05,0.255461,2,-0.472338,0.266214,-1.27114,-26281.9
2.05,0.255461,2,-0.472338,0.266214,-1.26813,-25055.2
2.05,0.255461,2,-0.472338,0.266214,-1.26513,-25025
2.05,0.255461,2,-0.472338,0.266214,-1.26213,-26083
2.05,0.255461,2,-0.472338,0.266214,-1.25913,-24564.5
2.05,0.255461,2,-0.472338,0.266214,-1.25613,-30469.9
2.05,0.255461,2,-0.472338,0.266214,-1.25313,-27134.7
2.05,0.255461,2,-0.472338,0.266214,-1.25013,-31759.8
2.05,0.255461,2,-0.472338,0.266214,-1.24712,-26599.3
2.05,0.255461,2,-0.472338,0.266214,-1.24412,-29803.6
2.05,0.255461,2,-0.472338,0.266214,-1.24112,-26191.3
2.05,0.255461,2,-0.472338,0.266214,-1.23812,-24502.2
2.05,0.255461,2,-0.472338,0.266214,-1.23512,-28651.1
2.05,0.255461,2,-0.472338,0.266214,-1.23212,-30861.2
2.05,0.255461,2,-0.472338,0.266214,-1.22911,-31051.6
2.05,0.255461,2,-0.472338,0.266214,-1.22611,-24443.3
2.05,0.255461,2,-0.472338,0.266214,-1.22311,-25383.7
2.05,0.255461,2,-0.472338,0.266214,-1.22011,-28272.7
2.05,0.255461,2,-0.472338,0.266214,-1.21711,-26291.2
2.05,0.255461,2,-0.472338,0.266214,-1.21411,-27772.1
2.05,0.255461,2,-0.472338,0.266214,-1.21111,-32162.3
2.05,0.255461,2,-0.472338,0.266214,-1.2081,-28193.7
2.05,0.255461,2,-0.472338,0.266214,-1.2051,-30426.5
2.05,0.255461,2,-0.472338,0.266214,-1.2021,-29539.3
2.05,0.255461,2,-0.472338,0.266214,-1.1991,-31567.2
2.05,0.255461,2,-0.472338,0.266214,-1.1961,-28083.2
2.05,0.255461,2,-0.472338,0.266214,-1.1931,-24572.9
2.05,0.255461,2,-0.472338,0.266214,-1.1901,-25339
2.05,0.255461,2,-0.472338,0.266214,-1.18709,-29350.5
2.05,0.255461,2,-0.472338,0.266214,-1.18409,-25901.9
2.05,0.255461,2,-0.472338,0.266214,-1.18109,-31283.9
2.05,0.255461,2,-0.472338,0.266214,-1.17809,-24827.2
2.05,0.255461,2,-0.472338,0.266214,-1.17509,-29489.8
2.05,0.255461,2,-0.472338,0.266214,-1.17209,-26315.8
2.05,0.255461,2,-0.472338,0.266214,-1.16908,-29150.4
2.05,0.255461,2,-0.472338,0.266214,-1.16608,-30546.5
2.05,0.255461,2,-0.472338,0.266214,-1.16308,-27227.3
2.05,0.255461,2,-0.472338,0.266214,-1.16008,-28015.4
2.05,0.255461,2,-0.472338,0.266214,-1.15708,-25505.5
2.05,0.255461,2,-0.472338,0.266214,-1.15408,-25771.7
2.05,0.255461,2,-0.472338,0.266214,-1.15108,-29568.5
2.05,0.255461,2,-0.472338,0.266214,-1.14807,-27809.2
2.05,0.255461,2,-0.472338,0.266214,-1.14507,-25878.7
2.05,0.255461,2,-0.472338,0.266214,-1.14207,-28843.3
2.05,0.255461,2,-0.472338,0.266214,-1.13907,-26673.9
2.05,0.255461,2,-0.472338,0.266214,-1.13607,-24409.9
2.05,0.255461,2,-0.472338,0.266214,-1.13307,-28351
2.05,0.255461,2,-0.472338,0.266214,-1.13007,-28679.5
2.05,0.255461,2,-0.472338,0.266214,-1.12706,-26249.4
2.05,0.255461,2,-0.472338,0.266214,-1.12406,-25085.1
2.05,0.255461,2,-0.472338,0.266214,-1.12106,-27195.1
2.05,0.255461,2,-0.472338,0.266214,-1.11806,-30720.7
2.05,0.255461,2,-0.472338,0.266214,-1.11506,-25271.7
2.05,0.255461,2,-0.472338,0.266214,-1.11206,-28048.3
2.05,0.255461,2,-0.472338,0.266214,-1.10905,-26722.4
2.05,0.255461,2,-0.472338,0.266214,-1.10605,-24546
2.05,0.255461,2,-0.472338,0.266214,-1.10305,-29766.2
2.05,0.255461,2,-0.472338,0.266214,-1.10005,-27241.3
2.05,0.255461,2,-0.472338,0.266214,-1.09705,-24206.3
2.05,0.255461,2,-0.472338,0.266214,-1.09405,-30271.4
2.05,0.255461,2,-0.472338,0.266214,-1.09105,-30179.7
2.05,0.255461,2,-0.472338,0.266214,-1.08804,-25836.5
2.05,0.255461,2,-0.472338,0.266214,-1.08504,-27132.7
2.05,0.255461,2,-0.472338,0.266214,-1.08204,-26561.8
2.05,0.255461,2,-0.472338,0.266214,-1.07904,-26626.2
2.05,0.255461,2,-0.472338,0.266214,-1.07604,-27814.4
2.05,0.255461,2,-0.472338,0.266214,-1.07304,-23847.7
2.05,0.255461,2,-0.472338,0.266214,-1.07004,-28064.1
2.05,0.255461,2,-0.472338,0.266214,-1.06703,-27040.9
2.05,0.255461,2,-0.472338,0.266214,-1.06403,-25145.3
2.05,0.255461,2,-0.472338,0.266214,-1.06103,-23862.7
2.05,0.255461,2,-0.472338,0.266214,-1.05803,-30780.5
2.05,0.255461,2,-0.472338,0.266214,-1.05503,-29492.8
2.05,0.255461,2,-0.472338,0.266214,-1.05203,-26163.3
2.05,0.255461,2,-0.472338,0.266214,-1.04902,-27342.7
2.05,0.255461,2,-0.472338,0.266214,-1.04602,-28317.8
2.05,0.255461,2,-0.472338,0.266214,-1.04302,-26327.5
2.05,0.255461,2,-0.472338,0.266214,-1.04002,-30403.8
2.05,0.255461,2,-0.472338,0.266214,-1.03702,-25856.7
2.05,0.255461,2,-0.472338,0.266214,-1.03402,-24429.8
2.05,0.255461,2,-0.472338,0.266214,-1.03102,-23607.8
2.05,0.255461,2,-0.472338,0.266214,-1.02801,-27524.9
2.05,0.255461,2,-0.472338,0.266214,-1.02501,-30182
2.05,0.255461,2,-0.472338,0.266214,-1.02201,-26032.5
2.05,0.255461,2,-0.472338,0.266214,-1.01901,-24537.8
2.05,0.255461,2,-0.472338,0.266214,-1.01601,-24098.3
2.05,0.255461,2,-0.472338,0.266214,-1.01301,-28066.3
2.05,0.255461,2,-0.472338,0.266214,-1.01001,-24541.7
2.05,0.255461,2,-0.472338,0.266214,-1.007,-27062.2
2.05,0.255461,2,-0.472338,0.266214,-1.004,-27322.7
2.05,0.255461,2,-0.472338,0.266214,-1.001,-29527.8
2.05,0.255461,2,-0.472338,0.266214,-0.997999,-26410.7
2.05,0.255461,2,-0.472338,0.266214,-0.994997,-23181.6
2.05,0.255461,2,-0.472338,0.266214,-0.991996,-27155.7
2.05,0.255461,2,-0.472338,0.266214,-0.988994,-25079.3
2.05,0.255461,2,-0.472338,0.266214,-0.985993,-27014.2
2.05,0.255461,2,-0.472338,0.266214,-0.982991,-26709.5
2.05,0.255461,2,-0.472338,0.266214,-0.97999,-23233.6
2.05,0.255461,2,-0.472338,0.266214,-0.976988,-29018.3
2.05,0.255461,2,-0.472338,0.266214,-0.973987,-26642.2
2.05,0.255461,2,-0.472338,0.266214,-0.970985,-23749
2.05,0.255461,2,-0.472338,0.266214,-0.967984,-28663.7
2.05,0.255461,2,-0.472338,0.266214,-0.964982,-24147.8
2.05,0.255461,2,-0.472338,0.266214,-0.961981,-25154.7
2.05,0.255461,2,-0.472338,0.266214,-0.958979,-27321.9
2.05,0.255461,2,-0.472338,0.266214,-0.955978,-25448.5
2.05,0.255461,2,-0.472338,0.266214,-0.952976,-24817.9
2.05,0.255461,2,-0.472338,0.266214,-0.949975,-27653.2
2.05,0.255461,2,-0.472338,0.266214,-0.946973,-27434.2
2.05,0.255461,2,-0.472338,0.266214,-0.943972,-26430.1
2.05,0.255461,2,-0.472338,0.266214,-0.94097,-22901.9
2.05,0.255461,2,-0.472338,0.266214,-0.937969,-29439.3
2.05,0.255461,2,-0.472338,0.266214,-0.934967,-25719.7
2.05,0.255461,2,-0.472338,0.266214,-0.931966,-25143.6
2.05,0.255461,2,-0.472338,0.266214,-0.928964,-24614
2.05,0.255461,2,-0.472338,0.266214,-0.925963,-23704.2
2.05,0.255461,2,-0.472338,0.266214,-0.922961,-23179.7
2.05,0.255461,2,-0.472338,0.266214,-0.91996,-22700.9
2.05,0.255461,2,-0.472338,0.266214,-0.916958,-26560.8
2.05,0.255461,2,-0.472338,0.266214,-0.913957,-23754
2.05,0.255461,2,-0.472338,0.266214,-0.910955,-23479.3
2.05,0.255461,2,-0.472338,0.266214,-0.907954,-27266.3
2.05,0.255461,2,-0.472338,0.266214,-0.904952,-26848.7
2.05,0.255461,2,-0.472338,0.266214,-0.901951,-28154.6
2.05,0.255461,2,-0.472338,0.266214,-0.898949,-24764.3
2.05,0.255461,2,-0.472338,0.266214,-0.895948,-23385.9
2.05,0.255461,2,-0.472338,0.266214,-0.892946,-26506.7
2.05,0.255461,2,-0.472338,0.266214,-0.889945,-26001.6
2.05,0.255461,2,-0.472338,0.266214,-0.886943,-22477.7
2.05,0.255461,2,-0.472338,0.266214,-0.883942,-24450.6
2.05,0.255461,2,-0.472338,0.266214,-0.88094,-23029.9
2.05,0.255461,2,-0.472338,0.266214,-0.877939,-23865.9
2.05,0.255461,2,-0.472338,0.266214,-0.874937,-24346.2
2.05,0.255461,2,-0.472338,0.266214,-0.871936,-25256.3
2.05,0.255461,2,-0.472338,0.266214,-0.868934,-24890.5
2.05,0.255461,2,-0.472338,0.266214,-0.865933,-26808.9
2.05,0.255461,2,-0.472338,0.266214,-0.862931,-23221
2.05,0.255461,2,-0.472338,0.266214,-0.85993,-22427.9
2.05,0.255461,2,-0.472338,0.266214,-0.856928,-22836.9
2.05,0.255461,2,-0.472338,0.266214,-0.853927,-24158
2.05,0.255461,2,-0.472338,0.266214,-0.850925,-26307.4
2.05,0.255461,2,-0.472338,0.266214,-0.847924,-24268.3
2.05,0.255461,2,-0.472338,0.266214,-0.844922,-24865.5
2.05,0.255461,2,-0.472338,0.266214,-0.841921,-22968
2.05,0.255461,2,-0.472338,0.266214,-0.838919,-21781.6
2.05,0.255461,2,-0.472338,0.266214,-0.835918,-20266
2.05,0.255461,2,-0.472338,0.266214,-0.832916,-20958.4
2.05,0.255461,2,-0.472338,0.266214,-0.829915,-16919.7
2.05,0.255461,2,-0.472338,0.266214,-0.826913,18811.1
2.05,0.255461,2,-0.472338,0.266214,-0.823912,19251.8
2.05,0.255461,2,-0.472338,0.266214,-0.82091,25264.5
2.05,0.255461,2,-0.472338,0.266214,-0.817909,22955.5
2.05,0.255461,2,-0.472338,0.266214,-0.814907,22858.6
2.05,0.255461,2,-0.472338,0.266214,-0.811906,22586.7
2.05,0.255461,2,-0.472338,0.266214,-0.808904,26082.4
2.05,0.255461,2,-0.472338,0.266214,-0.805903,25035.7
2.05,0.255461,2,-0.472338,0.266214,-0.802901,25199.6
2.05,0.255461,2,-0.472338,0.266214,-0.7999,21854.3
2.05,0.255461,2,-0.472338,0.266214,-0.796898,21753.3
2.05,0.255461,2,-0.472338,0.266214,-0.793897,24677
2.05,0.255461,2,-0.472338,0.266214,-0.790895,23940.2
2.05,0.255461,2,-0.472338,0.266214,-0.787894,25202.8
2.05,0.255461,2,-0.472338,0.266214,-0.784892,25046.3
2.05,0.255461,2,-0.472338,0.266214,-0.781891,26707.2
2.05,0.255461,2,-0.472338,0.266214,-0.778889,23409.4
2.05,0.255461,2,-0.472338,0.266214,-0.775888,27916.5
2.05,0.255461,2,-0.472338,0.266214,-0.772886,23680.2
2.05,0.255461,2,-0.472338,0.266214,-0.769885,21927.7
2.05,0.255461,2,-0.472338,0.266214,-0.766883,27891.9
2.05,0.255461,2,-0.472338,0.266214,-0.763882,24312.9
2.05,0.255461,2,-0.472338,0.266214,-0.76088,23835.7
2.05,0.255461,2,-0.472338,0.266214,-0.757879,24201.3
2.05,0.255461,2,-0.472338,0.266214,-0.754877,26633.7
2.05,0.255461,2,-0.472338,0.266214,-0.751876,26455
2.05,0.255461,2,-0.472338,0.266214,-0.748874,26235.1
2.05,0.255461,2,-0.472338,0.266214,-0.745873,26121
2.05,0.255461,2,-0.472338,0.266214,-0.742871,25653.9
2.05,0.255461,2,-0.472338,0.266214,-0.73987,24684.4
2.05,0.255461,2,-0.472338,0.266214,-0.736868,24661.2
2.05,0.255461,2,-0.472338,0.266214,-0.733867,25986.3
2.05,0.255461,2,-0.472338,0.266214,-0.730865,27069.2
2.05,0.255461,2,-0.472338,0.266214,-0.727864,27208
2.05,0.255461,2,-0.472338,0.266214,-0.724862,23342.6
2.05,0.255461,2,-0.472338,0.266214,-0.721861,28578.7
2.05,0.255461,2,-0.472338,0.266214,-0.718859,24703.6
2.05,0.255461,2,-0.472338,0.266214,-0.715858,24622.5
2.05,0.255461,2,-0.472338,0.266214,-0.712856,23156.8
2.05,0.255461,2,-0.472338,0.266214,-0.709855,25653.6
2.05,0.255461,2,-0.472338,0.266214,-0.706853,26371
2.05,0.255461,2,-0.472338,0.266214,-0.703852,23177.4
2.05,0.255461,2,-0.472338,0.266214,-0.70085,24131.8
2.05,0.255461,2,-0.472338,0.266214,-0.697849,27853.5
2.05,0.255461,2,-0.472338,0.266214,-0.694847,24443.9
2.05,0.255461,2,-0.472338,0.266214,-0.691846,24375.8
2.05,0.255461,2,-0.472338,0.266214,-0.688844,27733.2
2.05,0.255461,2,-0.472338,0.266214,-0.685843,24386.5
2.05,0.255461,2,-0.472338,0.266214,-0.682841,27074.1
2.05,0.255461,2,-0.472338,0.266214,-0.67984,23259.4
2.05,0.255461,2,-0.472338,0.266214,-0.676838,27304
2.05,0.255461,2,-0.472338,0.266214,-0.673837,24865.6
2.05,0.255461,2,-0.472338,0.266214,-0.670835,25160.3
2.05,0.255461,2,-0.472338,0.266214,-0.667834,23754
2.05,0.255461,2,-0.472338,0.266214,-0.664832,27520.7
2.05,0.255461,2,-0.472338,0.266214,-0.661831,25942.5
2.05,0.255461,2,-0.472338,0.266214,-0.658829,24218.4
2.05,0.255461,2,-0.472338,0.266214,-0.655828,25329.6
2.05,0.255461,2,-0.472338,0.266214,-0.652826,27057.9
2.05,0.255461,2,-0.472338,0.266214,-0.649825,26442.4
2.05,0.255461,2,-0.472338,0.266214,-0.646823,26693.2
2.05,0.255461,2,-0.472338,0.266214,-0.643822,28937.4
2.05,0.255461,2,-0.472338,0.266214,-0.64082,30424.4
2.05,0.255461,2,-0.472338,0.266214,-0.637819,24102.7
2.05,0.255461,2,-0.472338,0.266214,-0.634817,30383.7
2.05,0.255461,2,-0.472338,0.266214,-0.631816,26575.1
2.05,0.255461,2,-0.472338,0.266214,-0.628814,24245.8
2.05,0.255461,2,-0.472338,0.266214,-0.625813,27849.5
2.05,0.255461,2,-0.472338,0.266214,-0.622811,25942.6
2.05,0.255461,2,-0.472338,0.266214,-0.61981,26189.9
2.05,0.255461,2,-0.472338,0.266214,-0.616808,24898
2.05,0.255461,2,-0.472338,0.266214,-0.613807,24533.7
2.05,0.255461,2,-0.472338,0.266214,-0.610805,29604.7
2.05,0.255461,2,-0.472338,0.266214,-0.607804,26132
2.05,0.255461,2,-0.472338,0.266214,-0.604802,29092.5
2.05,0.255461,2,-0.472338,0.266214,-0.601801,28811.6
2.05,0.255461,2,-0.472338,0.266214,-0.598799,26496.2
2.05,0.255461,2,-0.472338,0.266214,-0.595798,26498.8
2.05,0.255461,2,-0.472338,0.266214,-0.592796,25505.3
2.05,0.255461,2,-0.472338,0.266214,-0.589795,26825.9
2.05,0.255461,2,-0.472338,0.266214,-0.586793,30061.4
2.05,0.255461,2,-0.472338,0.266214,-0.583792,30243.7
2.05,0.255461,2,-0.472338,0.266214,-0.58079,29452.3
2.05,0.255461,2,-0.472338,0.266214,-0.577789,26650.6
2.05,0.255461,2,-0.472338,0.266214,-0.574787,29413
2.05,0.255461,2,-0.472338,0.266214,-0.571786,26304.5
2.05,0.255461,2,-0.472338,0.266214,-0.568784,29776.7
2.05,0.255461,2,-0.472338,0.266214,-0.565783,26813.8
2.05,0.255461,2,-0.472338,0.266214,-0.562781,26225.5
2.05,0.255461,2,-0.472338,0.266214,-0.55978,30579
2.05,0.255461,2,-0.472338,0.266214,-0.556778,25791.8
2.05,0.255461,2,-0.472338,0.266214,-0.553777,25052
2.05,0.255461,2,-0.472338,0.266214,-0.550775,28100.6
2.05,0.255461,2,-0.472338,0.266214,-0.547774,26614.9
2.05,0.255461,2,-0.472338,0.266214,-0.544772,27552
2.05,0.255461,2,-0.472338,0.266214,-0.541771,27466.4
2.05,0.255461,2,-0.472338,0.266214,-0.538769,27595.1
2.05,0.255461,2,-0.472338,0.266214,-0.535768,28129.6
2.05,0.255461,2,-0.472338,0.266214,-0.532766,25184.8
2.05,0.255461,2,-0.472338,0.266214,-0.529765,30266
2.05,0.255461,2,-0.472338,0.266214,-0.526763,26115.7
2.05,0.255461,2,-0.472338,0.266214,-0.523762,25442.3
2.05,0.255461,2,-0.472338,0.266214,-0.52076,26727.1
2.05,0.255461,2,-0.472338,0.266214,-0.517759,27993.3
2.05,0.255461,2,-0.472338,0.266214,-0.514757,31205.4
2.05,0.255461,2,-0.472338,0.266214,-0.511756,29593.1
2.05,0.255461,2,-0.472338,0.266214,-0.508754,29246.1
2.05,0.255461,2,-0.472338,0.266214,-0.505753,30100.1
2.05,0.255461,2,-0.472338,0.266214,-0.502751,25796.5
2.05,0.255461,2,-0.472338,0.266214,-0.49975,26092.6
2.05,0.255461,2,-0.472338,0.266214,-0.496748,28564.6
2.05,0.255461,2,-0.472338,0.266214,-0.493747,24826.6
2.05,0.255461,2,-0.472338,0.266214,-0.490745,29186.4
2.05,0.255461,2,-0.472338,0.266214,-0.487744,28134.4
2.05,0.255461,2,-0.472338,0.266214,-0.484742,24597.4
2.05,0.255461,2,-0.472338,0.266214,-0.481741,25753.2
2.05,0.255461,2,-0.472338,0.266214,-0.478739,27942
2.05,0.255461,2,-0.472338,0.266214,-0.475738,28502.2
2.05,0.255461,2,-0.472338,0.266214,-0.472736,27164.1
2.05,0.255461,2,-0.472338,0.266214,-0.469735,24836.1
2.05,0.255461,2,-0.472338,0.266214,-0.466733,27146.2
2.05,0.255461,2,-0.472338,0.266214,-0.463732,28817.5
2.05,0.255461,2,-0.472338,0.266214,-0.46073,24908.3
2.05,0.255461,2,-0.472338,0.266214,-0.457729,25060.6
2.05,0.255461,2,-0.472338,0.266214,-0.454727,25954.9
2.05,0.255461,2,-0.472338,0.266214,-0.451726,32369.2
2.05,0.255461,2,-0.472338,0.266214,-0.448724,25538.4
2.05,0.255461,2,-0.472338,0.266214,-0.445723,27469.1
2.05,0.255461,2,-0.472338,0.266214,-0.442721,32285.3
2.05,0.255461,2,-0.472338,0.266214,-0.43972,30787.5
2.05,0.255461,2,-0.472338,0.266214,-0.436718,31855
2.05,0.255461,2,-0.472338,0.266214,-0.433717,26325.2
2.05,0.255461,2,-0.472338,0.266214,-0.430715,31871.4
2.05,0.255461,2,-0.472338,0.266214,-0.427714,27283.2
2.05,0.255461,2,-0.472338,0.266214,-0.424712,29428.7
2.05,0.255461,2,-0.472338,0.266214,-0.421711,25025.7
2.05,0.255461,2,-0.472338,0.266214,-0.418709,26648.5
2.05,0.255461,2,-0.472338,0.266214,-0.415708,31134.9
2.05,0.255461,2,-0.472338,0.266214,-0.412706,28492.9
2.05,0.255461,2,-0.472338,0.266214,-0.409705,25838.4
2.05,0.255461,2,-0.472338,0.266214,-0.406703,30745.5
2.05,0.255461,2,-0.472338,0.266214,-0.403702,26686.3
2.05,0.255461,2,-0.472338,0.266214,-0.4007,28733.9
2.05,0.255461,2,-0.472338,0.266214,-0.397699,31612.4
2.05,0.255461,2,-0.472338,0.266214,-0.394697,26334.4
2.05,0.255461,2,-0.472338,0.266214,-0.391696,26157.7
2.05,0.255461,2,-0.472338,0.266214,-0.388694,27520.4
2.05,0.255461,2,-0.472338,0.266214,-0.385693,28909.8
2.05,0.255461,2,-0.472338,0.266214,-0.382691,25548.4
2.05,0.255461,2,-0.472338,0.266214,-0.37969,31573.2
2.05,0.255461,2,-0.472338,0.266214,-0.376688,31020.5
2.05,0.255461,2,-0.472338,0.266214,-0.373687,25993
2.05,0.255461,2,-0.472338,0.266214,-0.370685,26176.3
2.05,0.255461,2,-0.472338,0.266214,-0.367684,25327.9
2.05,0.255461,2,-0.472338,0.266214,-0.364682,25276.5
2.05,0.255461,2,-0.472338,0.266214,-0.361681,26216
2.05,0.255461,2,-0.472338,0.266214,-0.358679,29241
2.05,0.255461,2,-0.472338,0.266214,-0.355678,28410.6
2.05,0.255461,2,-0.472338,0.266214,-0.352676,25857.3
2.05,0.255461,2,-0.472338,0.266214,-0.349675,28355
2.05,0.255461,2,-0.472338,0.266214,-0.346673,25258.1
2.05,0.255461,2,-0.472338,0.266214,-0.343672,27183.8
2.05,0.255461,2,-0.472338,0.266214,-0.34067,26687.1
2.05,0.255461,2,-0.472338,0.266214,-0.337669,27928.4
2.05,0.255461,2,-0.472338,0.266214,-0.334667,30138
2.05,0.255461,2,-0.472338,0.266214,-0.331666,29666.8
2.05,0.255461,2,-0.472338,0.266214,-0.328664,27898.5
2.05,0.255461,2,-0.472338,0.266214,-0.325663,30076.2
2.05,0.255461,2,-0.472338,0.266214,-0.322661,32220.5
2.05,0.255461,2,-0.472338,0.266214,-0.31966,29583.4
2.05,0.255461,2,-0.472338,0.266214,-0.316658,28188.3
2.05,0.255461,2,-0.472338,0.266214,-0.313657,29213.3
2.05,0.255461,2,-0.472338,0.266214,-0.310655,28572.5
2.05,0.255461,2,-0.472338,0.266214,-0.307654,29985
2.05,0.255461,2,-0.472338,0.266214,-0.304652,31631.2
2.05,0.255461,2,-0.472338,0.266214,-0.301651,26143.7
2.05,0.255461,2,-0.472338,0.266214,-0.298649,29627.7
2.05,0.255461,2,-0.472338,0.266214,-0.295648,31613.3
2.05,0.255461,2,-0.472338,0.266214,-0.292646,30448.3
2.05,0.255461,2,-0.472338,0.266214,-0.289645,29645.2
2.05,0.255461,2,-0.472338,0.266214,-0.286643,32084.9
2.05,0.255461,2,-0.472338,0.266214,-0.283642,27773
2.05,0.255461,2,-0.472338,0.266214,-0.28064,27970.8
2.05,0.255461,2,-0.472338,0.266214,-0.277639,32141.7
2.05,0.255461,2,-0.472338,0.266214,-0.274637,26872.2
2.05,0.255461,2,-0.472338,0.266214,-0.271636,26968.7
2.05,0.255461,2,-0.472338,0.266214,-0.268634,29493.8
2.05,0.255461,2,-0.472338,0.266214,-0.265633,30523.1
2.05,0.255461,2,-0.472338,0.266214,-0.262631,25610.8
2.05,0.255461,2,-0.472338,0.266214,-0.25963,25547.4
2.05,0.255461,2,-0.472338,0.266214,-0.256628,27768.7
2.05,0.255461,2,-0.472338,0.266214,-0.253627,30097.1
2.05,0.255461,2,-0.472338,0.266214,-0.250625,26428.9
2.05,0.255461,2,-0.472338,0.266214,-0.247624,32114.9
2.05,0.255461,2,-0.472338,0.266214,-0.244622,26423.7
2.05,0.255461,2,-0.472338,0.266214,-0.241621,33138.4
2.05,0.255461,2,-0.472338,0.266214,-0.238619,28667.3
2.05,0.255461,2,-0.472338,0.266214,-0.235618,26584.1
2.05,0.255461,2,-0.472338,0.266214,-0.232616,31260.8
2.05,0.255461,2,-0.472338,0.266214,-0.229615,28356.3
2.05,0.255461,2,-0.472338,0.266214,-0.226613,26540.4
2.05,0.255461,2,-0.472338,0.266214,-0.223612,26378
2.05,0.255461,2,-0.472338,0.266214,-0.22061,31903.8
2.05,0.255461,2,-0.472338,0.266214,-0.217609,26478.2
2.05,0.255461,2,-0.472338,0.266214,-0.214607,31131.2
2.05,0.255461,2,-0.472338,0.266214,-0.211606,25919.7
2.05,0.255461,2,-0.472338,0.266214,-0.208604,29827.2
2.05,0.255461,2,-0.472338,0.266214,-0.205603,28200
2.05,0.255461,2,-0.472338,0.266214,-0.202601,28023.2
2.05,0.255461,2,-0.472338,0.266214,-0.1996,28617.3
2.05,0.255461,2,-0.472338,0.266214,-0.196598,25771.7
2.05,0.255461,2,-0.472338,0.266214,-0.193597,29557.6
2.05,0.255461,2,-0.472338,0.266214,-0.190595,30749.3
2.05,0.255461,2,-0.472338,0.266214,-0.187594,29126.1
2.05,0.255461,2,-0.472338,0.266214,-0.184592,26835.3
2.05,0.255461,2,-0.472338,0.266214,-0.181591,27425.8
2.05,0.255461,2,-0.472338,0.266214,-0.178589,26318.8
2.05,0.255461,2,-0.472338,0.266214,-0.175588,29008.2
2.05,0.255461,2,-0.472338,0.266214,-0.172586,32574.4
2.05,0.255461,2,-0.472338,0.266214,-0.169585,32796.8
2.05,0.255461,2,-0.472338,0.266214,-0.166583,25968.5
2.05,0.255461,2,-0.472338,0.266214,-0.163582,28747.4
2.05,0.255461,2,-0.472338,0.266214,-0.16058,30794.9
2.05,0.255461,2,-0.472338,0.266214,-0.157579,30193
2.05,0.255461,2,-0.472338,0.266214,-0.154577,32670.6
2.05,0.255461,2,-0.472338,0.266214,-0.151576,25870
2.05,0.255461,2,-0.472338,0.266214,-0.148574,27773.1
2.05,0.255461,2,-0.472338,0.266214,-0.145573,27974.5
2.05,0.255461,2,-0.472338,0.266214,-0.142571,31966.4
2.05,0.255461,2,-0.472338,0.266214,-0.13957,29503.2
2.05,0.255461,2,-0.472338,0.266214,-0.136568,32390.9
2.05,0.255461,2,-0.472338,0.266214,-0.133567,29697.6
2.05,0.255461,2,-0.472338,0.266214,-0.130565,33017.7
2.05,0.255461,2,-0.472338,0.266214,-0.127564,32161.9
2.05,0.255461,2,-0.472338,0.266214,-0.124562,26547.4
2.05,0.255461,2,-0.472338,0.266214,-0.121561,28801.4
2.05,0.255461,2,-0.472338,0.266214,-0.118559,28833.9
2.05,0.255461,2,-0.472338,0.266214,-0.115558,32201.4
2.05,0.255461,2,-0.472338,0.266214,-0.112556,30898
2.05,0.255461,2,-0.472338,0.266214,-0.109555,33485.1
2.05,0.255461,2,-0.472338,0.266214,-0.106553,29729.9
2.05,0.255461,2,-0.472338,0.266214,-0.103552,26236.6
2.05,0.255461,2,-0.472338,0.266214,-0.10055,31463
2.05,0.255461,2,-0.472338,0.266214,-0.0975488,30603.1
2.05,0.255461,2,-0.472338,0.266214,-0.0945473,28911.6
2.05,0.255461,2,-0.472338,0.266214,-0.0915458,27164.6
2.05,0.255461,2,-0.472338,0.266214,-0.0885443,32575.9
2.05,0.255461,2,-0.472338,0.266214,-0.0855428,33492.8
2.05,0.255461,2,-0.472338,0.266214,-0.0825413,28111.8
2.05,0.255461,2,-0.472338,0.266214,-0.0795398,27523.3
2.05,0.255461,2,-0.472338,0.266214,-0.0765383,28725.9
2.05,0.255461,2,-0.472338,0.266214,-0.0735368,27719.6
2.05,0.255461,2,-0.472338,0.266214,-0.0705353,26881.6
2.05,0.255461,2,-0.472338,0.266214,-0.0675338,27798
2.05,0.255461,2,-0.472338,0.266214,-0.0645323,30271.4
2.05,0.255461,2,-0.472338,0.266214,-0.0615308,29062.6
2.05,0.255461,2,-0.472338,0.266214,-0.0585293,26677.4
2.05,0.255461,2,-0.472338,0.266214,-0.0555278,26284.6
2.05,0.255461,2,-0.472338,0.266214,-0.0525263,30861.6
2.05,0.255461,2,-0.472338,0.266214,-0.0495248,26967.6
2.05,0.255461,2,-0.472338,0.266214,-0.0465233,26197.5
2.05,0.255461,2,-0.472338,0.266214,-0.0435218,31866.4
2.05,0.255461,2,-0.472338,0.266214,-0.0405203,28981.5
2.05,0.255461,2,-0.472338,0.266214,-0.0375188,28947
2.05,0.255461,2,-0.472338,0.266214,-0.0345173,26262
2.05,0.255461,2,-0.472338,0.266214,-0.0315158,27586
2.05,0.255461,2,-0.472338,0.266214,-0.0285143,33475.4
2.05,0.255461,2,-0.472338,0.266214,-0.0255128,28015.3
2.05,0.255461,2,-0.472338,0.266214,-0.0225113,26235.1
2.05,0.255461,2,-0.472338,0.266214,-0.0195098,31251.7
2.05,0.255461,2,-0.472338,0.266214,-0.0165083,26229.8
2.05,0.255461,2,-0.472338,0.266214,-0.0135068,34320.3
2.05,0.255461,2,-0.472338,0.266214,-0.0105053,27081.5
2.05,0.255461,2,-0.472338,0.266214,-0.00750375,26265.8
2.05,0.255461,2,-0.472338,0.266214,-0.00450225,32431.1
2.05,0.255461,2,-0.472338,0.266214,-0.00150075,28671.3
2.05,0.255461,2,-0.472338,0.266214,0.00150075,26055.7
2.05,0.255461,2,-0.472338,0.266214,0.00450225,30798
2.05,0.255461,2,-0.472338,0.266214,0.00750375,26051.5
2.05,0.255461,2,-0.472338,0.266214,0.0105053,28183.8
2.05,0.255461,2,-0.472338,0.266214,0.0135068,30261.5
2.05,0.255461,2,-0.472338,0.266214,0.0165083,26199.8
2.05,0.255461,2,-0.472338,0.266214,0.0195098,31425
2.05,0.255461,2,-0.472338,0.266214,0.0225113,33913.3
2.05,0.255461,2,-0.472338,0.266214,0.0255128,27304.8
2.05,0.255461,2,-0.472338,0.266214,0.0285143,32536.4
2.05,0.255461,2,-0.472338,0.266214,0.0315158,30273.3
2.05,0.255461,2,-0.472338,0.266214,0.0345173,26554.6
2.05,0.255461,2,-0.472338,0.266214,0.0375188,28813.3
2.05,0.255461,2,-0.472338,0.266214,0.0405203,29027.5
2.05,0.255461,2,-0.472338,0.266214,0.0435218,29871.4
2.05,0.255461,2,-0.472338,0.266214,0.0465233,26465.8
2.05,0.255461,2,-0.472338,0.266214,0.0495248,33206.1
2.05,0.255461,2,-0.472338,0.266214,0.0525263,32894.1
2.05,0.255461,2,-0.472338,0.266214,0.0555278,30309.5
2.05,0.255461,2,-0.472338,0.266214,0.0585293,27764.6
2.05,0.255461,2,-0.472338,0.266214,0.0615308,31100.5
2.05,0.255461,2,-0.472338,0.266214,0.0645323,28163.6
2.05,0.255461,2,-0.472338,0.266214,0.0675338,30975
2.05,0.255461,2,-0.472338,0.266214,0.0705353,33041.6
2.05,0.255461,2,-0.472338,0.266214,0.0735368,28004.7
2.05,0.255461,2,-0.472338,0.266214,0.0765383,32882.7
2.05,0.255461,2,-0.472338,0.266214,0.0795398,27604.9
2.05,0.255461,2,-0.472338,0.266214,0.0825413,26111.6
2.05,0.255461,2,-0.472338,0.266214,0.0855428,29503.6
2.05,0.255461,2,-0.472338,0.266214,0.0885443,28513.8
2.05,0.255461,2,-0.472338,0.266214,0.0915458,26630.4
2.05,0.255461,2,-0.472338,0.266214,0.0945473,26578.3
2.05,0.255461,2,-0.472338,0.266214,0.0975488,29834.7
2.05,0.255461,2,-0.472338,0.266214,0.10055,31527.2
2.05,0.255461,2,-0.472338,0.266214,0.103552,31875
2.05,0.255461,2,-0.472338,0.266214,0.106553,29347.4
2.05,0.255461,2,-0.472338,0.266214,0.109555,27456.6
2.05,0.255461,2,-0.472338,0.266214,0.112556,28816.1
2.05,0.255461,2,-0.472338,0.266214,0.115558,27315.1
2.05,0.255461,2,-0.472338,0.266214,0.118559,28618.2
2.05,0.255461,2,-0.472338,0.266214,0.121561,30962.1
2.05,0.255461,2,-0.472338,0.266214,0.124562,28117.9
2.05,0.255461,2,-0.472338,0.266214,0.127564,30013.3
2.05,0.255461,2,-0.472338,0.266214,0.130565,29314.5
2.05,0.255461,2,-0.472338,0.266214,0.133567,27650
2.05,0.255461,2,-0.472338,0.266214,0.136568,27540.8
2.05,0.255461,2,-0.472338,0.266214,0.13957,31333
2.05,0.255461,2,-0.472338,0.266214,0.142571,29228.3
2.05,0.255461,2,-0.472338,0.266214,0.145573,26348
2.05,0.255461,2,-0.472338,0.266214,0.148574,27503
2.05,0.255461,2,-0.472338,0.266214,0.151576,32240.7
2.05,0.255461,2,-0.472338,0.266214,0.154577,29480
2.05,0.255461,2,-0.472338,0.266214,0.157579,27370.1
2.05,0.255461,2,-0.472338,0.266214,0.16058,33204.1
2.05,0.255461,2,-0.472338,0.266214,0.163582,27460
2.05,0.255461,2,-0.472338,0.266214,0.166583,27454.6
2.05,0.255461,2,-0.472338,0.266214,0.169585,33551.1
2.05,0.255461,2,-0.472338,0.266214,0.172586,33401.8
2.05,0.255461,2,-0.472338,0.266214,0.175588,32487.3
2.05,0.255461,2,-0.472338,0.266214,0.178589,32188.9
2.05,0.255461,2,-0.472338,0.266214,0.181591,29679.3
2.05,0.255461,2,-0.472338,0.266214,0.184592,26890.2
2.05,0.255461,2,-0.472338,0.266214,0.187594,28982
2.05,0.255461,2,-0.472338,0.266214,0.190595,27889.7
2.05,0.255461,2,-0.472338,0.266214,0.193597,31646.9
2.05,0.255461,2,-0.472338,0.266214,0.196598,32023.9
2.05,0.255461,2,-0.472338,0.266214,0.1996,33490.6
2.05,0.255461,2,-0.472338,0.266214,0.202601,33086.7
2.05,0.255461,2,-0.472338,0.266214,0.205603,29198.7
2.05,0.255461,2,-0.472338,0.266214,0.208604,29391.9
2.05,0.255461,2,-0.472338,0.266214,0.211606,31332.6
2.05,0.255461,2,-0.472338,0.266214,0.214607,32250.2
2.05,0.255461,2,-0.472338,0.266214,0.217609,26924.7
2.05,0.255461,2,-0.472338,0.266214,0.22061,26243.2
2.05,0.255461,2,-0.472338,0.266214,0.223612,30642.4
2.05,0.255461,2,-0.472338,0.266214,0.226613,26736.3
2.05,0.255461,2,-0.472338,0.266214,0.229615,31013.1
2.05,0.255461,2,-0.472338,0.266214,0.232616,28348.6
2.05,0.255461,2,-0.472338,0.266214,0.235618,31656.9
2.05,0.255461,2,-0.472338,0.266214,0.238619,29832.6
2.05,0.255461,2,-0.472338,0.266214,0.241621,33345.3
2.05,0.255461,2,-0.472338,0.266214,0.244622,28086.3
2.05,0.255461,2,-0.472338,0.266214,0.247624,32679.4
2.05,0.255461,2,-0.472338,0.266214,0.250625,28154.1
2.05,0.255461,2,-0.472338,0.266214,0.253627,32621.5
2.05,0.255461,2,-0.472338,0.266214,0.256628,31637
2.05,0.255461,2,-0.472338,0.266214,0.25963,28967.7
2.05,0.255461,2,-0.472338,0.266214,0.262631,30702.4
2.05,0.255461,2,-0.472338,0.266214,0.265633,27157.6
2.05,0.255461,2,-0.472338,0.266214,0.268634,29064.2
2.05,0.255461,2,-0.472338,0.266214,0.271636,26595
2.05,0.255461,2,-0.472338,0.266214,0.274637,31644
2.05,0.255461,2,-0.472338,0.266214,0.277639,32013.9
2.05,0.255461,2,-0.472338,0.266214,0.28064,27322.8
2.05,0.255461,2,-0.472338,0.266214,0.283642,27820.2
2.05,0.255461,2,-0.472338,0.266214,0.286643,28862.6
2.05,0.255461,2,-0.472338,0.266214,0.289645,28788.4
2.05,0.255461,2,-0.472338,0.266214,0.292646,27733
2.05,0.255461,2,-0.472338,0.266214,0.295648,26497.3
2.05,0.255461,2,-0.472338,0.266214,0.298649,26734.4
2.05,0.255461,2,-0.472338,0.266214,0.301651,27640
2.05,0.255461,2,-0.472338,0.266214,0.304652,28135.9
2.05,0.255461,2,-0.472338,0.266214,0.307654,29752
2.05,0.255461,2,-0.472338,0.266214,0.310655,30507.5
2.05,0.255461,2,-0.472338,0.266214,0.313657,32623.8
2.05,0.255461,2,-0.472338,0.266214,0.316658,31449.3
2.05,0.255461,2,-0.472338,0.266214,0.31966,28836.5
2.05,0.255461,2,-0.472338,0.266214,0.322661,26846.5
2.05,0.255461,2,-0.472338,0.266214,0.325663,27215.3
2.05,0.255461,2,-0.472338,0.266214,0.328664,32018.4
2.05,0.255461,2,-0.472338,0.266214,0.331666,28087.6
2.05,0.255461,2,-0.472338,0.266214,0.334667,28533.7
2.05,0.255461,2,-0.472338,0.266214,0.337669,26529.2
2.05,0.255461,2,-0.472338,0.266214,0.34067,28870.5
2.05,0.255461,2,-0.472338,0.266214,0.343672,28937.7
2.05,0.255461,2,-0.472338,0.266214,0.346673,28362.2
2.05,0.255461,2,-0.472338,0.266214,0.349675,26948.7
2.05,0.255461,2,-0.472338,0.266214,0.352676,28672.9
2.05,0.255461,2,-0.472338,0.266214,0.355678,28391.3
2.05,0.255461,2,-0.472338,0.266214,0.358679,31482.2
2.05,0.255461,2,-0.472338,0.266214,0.361681,28013.5
2.05,0.255461,2,-0.472338,0.266214,0.364682,31462.7
2.05,0.255461,2,-0.472338,0.266214,0.367684,30610.1
2.05,0.255461,2,-0.472338,0.266214,0.370685,32129.1
2.05,0.255461,2,-0.472338,0.266214,0.373687,29596.1
2.05,0.255461,2,-0.472338,0.266214,0.376688,32630.6
2.05,0.255461,2,-0.472338,0.266214,0.37969,29156.7
2.05,0.255461,2,-0.472338,0.266214,0.382691,31313.3
2.05,0.255461,2,-0.472338,0.266214,0.385693,27993.4
2.05,0.255461,2,-0.472338,0.266214,0.388694,27439.8
2.05,0.255461,2,-0.472338,0.266214,0.391696,27721.5
2.05,0.255461,2,-0.472338,0.266214,0.394697,30190.6
2.05,0.255461,2,-0.472338,0.266214,0.397699,31218.5
2.05,0.255461,2,-0.472338,0.266214,0.4007,31801.5
2.05,0.255461,2,-0.472338,0.266214,0.403702,30030.2
2.05,0.255461,2,-0.472338,0.266214,0.406703,27977
2.05,0.255461,2,-0.472338,0.266214,0.409705,27636.1
2.05,0.255461,2,-0.472338,0.266214,0.412706,25897.4
2.05,0.255461,2,-0.472338,0.266214,0.415708,26461.5
2.05,0.255461,2,-0.472338,0.266214,0.418709,27342.9
2.05,0.255461,2,-0.472338,0.266214,0.421711,28592.1
2.05,0.255461,2,-0.472338,0.266214,0.424712,25977.3
2.05,0.255461,2,-0.472338,0.266214,0.427714,28419
2.05,0.255461,2,-0.472338,0.266214,0.430715,26472.3
2.05,0.255461,2,-0.472338,0.266214,0.433717,27958.8
2.05,0.255461,2,-0.472338,0.266214,0.436718,29171.1
2.05,0.255461,2,-0.472338,0.266214,0.43972,27988.8
2.05,0.255461,2,-0.472338,0.266214,0.442721,26095
2.05,0.255461,2,-0.472338,0.266214,0.445723,33196.4
2.05,0.255461,2,-0.472338,0.266214,0.448724,28918.9
2.05,0.255461,2,-0.472338,0.266214,0.451726,29342.3
2.05,0.255461,2,-0.472338,0.266214,0.454727,27871.2
2.05,0.255461,2,-0.472338,0.266214,0.457729,30541.8
2.05,0.255461,2,-0.472338,0.266214,0.46073,32099.9
2.05,0.255461,2,-0.472338,0.266214,0.463732,25977
2.05,0.255461,2,-0.472338,0.266214,0.466733,28034.4
2.05,0.255461,2,-0.472338,0.266214,0.469735,28060.3
2.05,0.255461,2,-0.472338,0.266214,0.472736,25950.8
2.05,0.255461,2,-0.472338,0.266214,0.475738,27644.2
2.05,0.255461,2,-0.472338,0.266214,0.478739,29083.9
2.05,0.255461,2,-0.472338,0.266214,0.481741,25915.6
2.05,0.255461,2,-0.472338,0.266214,0.484742,27909.5
2.05,0.255461,2,-0.472338,0.266214,0.487744,30251.9
2.05,0.255461,2,-0.472338,0.266214,0.490745,29352.8
2.05,0.255461,2,-0.472338,0.266214,0.493747,28517.5
2.05,0.255461,2,-0.472338,0.266214,0.496748,29770
2.05,0.255461,2,-0.472338,0.266214,0.49975,26004.2
2.05,0.255461,2,-0.472338,0.266214,0.502751,29473.6
2.05,0.255461,2,-0.472338,0.266214,0.505753,32878.9
2.05,0.255461,2,-0.472338,0.266214,0.508754,32448.5
2.05,0.255461,2,-0.472338,0.266214,0.511756,29685.4
2.05,0.255461,2,-0.472338,0.266214,0.514757,26550.7
2.05,0.255461,2,-0.472338,0.266214,0.517759,27955.9
2.05,0.255461,2,-0.472338,0.266214,0.52076,28922.4
2.05,0.255461,2,-0.472338,0.266214,0.523762,30715.5
2.05,0.255461,2,-0.472338,0.266214,0.526763,28645.2
2.05,0.255461,2,-0.472338,0.266214,0.529765,29499.2
2.05,0.255461,2,-0.472338,0.266214,0.532766,26243.1
2.05,0.255461,2,-0.472338,0.266214,0.535768,30080.3
2.05,0.255461,2,-0.472338,0.266214,0.538769,31544.6
2.05,0.255461,2,-0.472338,0.266214,0.541771,29019.9
2.05,0.255461,2,-0.472338,0.266214,0.544772,26645.2
2.05,0.255461,2,-0.472338,0.266214,0.547774,26779.5
2.05,0.255461,2,-0.472338,0.266214,0.550775,29030.7
2.05,0.255461,2,-0.472338,0.266214,0.553777,32474.7
2.05,0.255461,2,-0.472338,0.266214,0.556778,26102.2
2.05,0.255461,2,-0.472338,0.266214,0.55978,26576.4
2.05,0.255461,2,-0.472338,0.266214,0.562781,31796
2.05,0.255461,2,-0.472338,0.266214,0.565783,29404.8
2.05,0.255461,2,-0.472338,0.266214,0.568784,27743
2.05,0.255461,2,-0.472338,0.266214,0.571786,27483.1
2.05,0.255461,2,-0.472338,0.266214,0.574787,26116.3
2.05,0.255461,2,-0.472338,0.266214,0.577789,28254.2
2.05,0.255461,2,-0.472338,0.266214,0.58079,30574.9
2.05,0.255461,2,-0.472338,0.266214,0.583792,25527.2
2.05,0.255461,2,-0.472338,0.266214,0.586793,27033.2
2.05,0.255461,2,-0.472338,0.266214,0.589795,30365
2.05,0.255461,2,-0.472338,0.266214,0.592796,32923.8
2.05,0.255461,2,-0.472338,0.266214,0.595798,32290.7
2.05,0.255461,2,-0.472338,0.266214,0.598799,26357.8
2.05,0.255461,2,-0.472338,0.266214,0.601801,28014
2.05,0.255461,2,-0.472338,0.266214,0.604802,30066.8
2.05,0.255461,2,-0.472338,0.266214,0.607804,28364.5
2.05,0.255461,2,-0.472338,0.266214,0.610805,29407.8
2.05,0.255461,2,-0.472338,0.266214,0.613807,31964.4
2.05,0.255461,2,-0.472338,0.266214,0.616808,32415
2.05,0.255461,2,-0.472338,0.266214,0.61981,25059.8
2.05,0.255461,2,-0.472338,0.266214,0.622811,29909.4
2.05,0.255461,2,-0.472338,0.266214,0.625813,26972.8
2.05,0.255461,2,-0.472338,0.266214,0.628814,27466
2.05,0.255461,2,-0.472338,0.266214,0.631816,30787.6
2.05,0.255461,2,-0.472338,0.266214,0.634817,30739.6
2.05,0.255461,2,-0.472338,0.266214,0.637819,27305.7
2.05,0.255461,2,-0.472338,0.266214,0.64082,31236.1
2.05,0.255461,2,-0.472338,0.266214,0.643822,31203.5
2.05,0.255461,2,-0.472338,0.266214,0.646823,25565.7
2.05,0.255461,2,-0.472338,0.266214,0.649825,28796.7
2.05,0.255461,2,-0.472338,0.266214,0.652826,25728.5
2.05,0.255461,2,-0.472338,0.266214,0.655828,27983.8
2.05,0.255461,2,-0.472338,0.266214,0.658829,25645.4
2.05,0.255461,2,-0.472338,0.266214,0.661831,31985.1
2.05,0.255461,2,-0.472338,0.266214,0.664832,29424.5
2.05,0.255461,2,-0.472338,0.266214,0.667834,31340.1
2.05,0.255461,2,-0.472338,0.266214,0.670835,27491
2.05,0.255461,2,-0.472338,0.266214,0.673837,29638.9
2.05,0.255461,2,-0.472338,0.266214,0.676838,28151.5
2.05,0.255461,2,-0.472338,0.266214,0.67984,27621.5
2.05,0.255461,2,-0.472338,0.266214,0.682841,26114.7
2.05,0.255461,2,-0.472338,0.266214,0.685843,26032.3
2.05,0.255461,2,-0.472338,0.266214,0.688844,25956.7
2.05,0.255461,2,-0.472338,0.266214,0.691846,26254
2.05,0.255461,2,-0.472338,0.266214,0.694847,31170.5
2.05,0.255461,2,-0.472338,0.266214,0.697849,28623.8
2.05,0.255461,2,-0.472338,0.266214,0.70085,29952.6
2.05,0.255461,2,-0.472338,0.266214,0.703852,28721.1
2.05,0.255461,2,-0.472338,0.266214,0.706853,31593.3
2.05,0.255461,2,-0.472338,0.266214,0.709855,24985.5
2.05,0.255461,2,-0.472338,0.266214,0.712856,26123.5
2.05,0.255461,2,-0.472338,0.266214,0.715858,25908.2
2.05,0.255461,2,-0.472338,0.266214,0.718859,26767.6
2.05,0.255461,2,-0.472338,0.266214,0.721861,24601.6
2.05,0.255461,2,-0.472338,0.266214,0.724862,25025.8
2.05,0.255461,2,-0.472338,0.266214,0.727864,29008.6
2.05,0.255461,2,-0.472338,0.266214,0.730865,25669
2.05,0.255461,2,-0.472338,0.266214,0.733867,25449.8
2.05,0.255461,2,-0.472338,0.266214,0.736868,28370.1
2.05,0.255461,2,-0.472338,0.266214,0.73987,25290.2
2.05,0.255461,2,-0.472338,0.266214,0.742871,26803.5
2.05,0.255461,2,-0.472338,0.266214,0.745873,31124.7
2.05,0.255461,2,-0.472338,0.266214,0.748874,29699.6
2.05,0.255461,2,-0.472338,0.266214,0.751876,30236.8
2.05,0.255461,2,-0.472338,0.266214,0.754877,29139.6
2.05,0.255461,2,-0.472338,0.266214,0.757879,26575.3
2.05,0.255461,2,-0.472338,0.266214,0.76088,24714.1
2.05,0.255461,2,-0.472338,0.266214,0.763882,26791
2.05,0.255461,2,-0.472338,0.266214,0.766883,28613.5
2.05,0.255461,2,-0.472338,0.266214,0.769885,30330
2.05,0.255461,2,-0.472338,0.266214,0.772886,25086.6
2.05,0.255461,2,-0.472338,0.266214,0.775888,29158.4
2.05,0.255461,2,-0.472338,0.266214,0.778889,23813.9
2.05,0.255461,2,-0.472338,0.266214,0.781891,23651.8
2.05,0.255461,2,-0.472338,0.266214,0.784892,30419.4
2.05,0.255461,2,-0.472338,0.266214,0.787894,25147
2.05,0.255461,2,-0.472338,0.266214,0.790895,28133
2.05,0.255461,2,-0.472338,0.266214,0.793897,27082.8
2.05,0.255461,2,-0.472338,0.266214,0.796898,28369.4
2.05,0.255461,2,-0.472338,0.266214,0.7999,25355.4
2.05,0.255461,2,-0.472338,0.266214,0.802901,24870.5
2.05,0.255461,2,-0.472338,0.266214,0.805903,23235.2
2.05,0.255461,2,-0.472338,0.266214,0.808904,23844.4
2.05,0.255461,2,-0.472338,0.266214,0.811906,27083
2.05,0.255461,2,-0.472338,0.266214,0.814907,24848.2
2.05,0.255461,2,-0.472338,0.266214,0.817909,24509.6
2.05,0.255461,2,-0.472338,0.266214,0.82091,26542.2
2.05,0.255461,2,-0.472338,0.266214,0.823912,27623.7
2.05,0.255461,2,-0.472338,0.266214,0.826913,28420.1
2.05,0.255461,2,-0.472338,0.266214,0.829915,26244.4
2.05,0.255461,2,-0.472338,0.266214,0.832916,24633.7
2.05,0.255461,2,-0.472338,0.266214,0.835918,22500.2
2.05,0.255461,2,-0.472338,0.266214,0.838919,26376.3
2.05,0.255461,2,-0.472338,0.266214,0.841921,22821.1
2.05,0.255461,2,-0.472338,0.266214,0.844922,24963.6
2.05,0.255461,2,-0.472338,0.266214,0.847924,23964.5
2.05,0.255461,2,-0.472338,0.266214,0.850925,24774.3
2.05,0.255461,2,-0.472338,0.266214,0.853927,27310.6
2.05,0.255461,2,-0.472338,0.266214,0.856928,23965.3
2.05,0.255461,2,-0.472338,0.266214,0.85993,25555.4
2.05,0.255461,2,-0.472338,0.266214,0.862931,24699.1
2.05,0.255461,2,-0.472338,0.266214,0.865933,23971.9
2.05,0.255461,2,-0.472338,0.266214,0.868934,-20731
2.05,0.255461,2,-0.472338,0.266214,0.871936,-21110.1
2.05,0.255461,2,-0.472338,0.266214,0.874937,-21448
2.05,0.255461,2,-0.472338,0.266214,0.877939,-21751.8
2.05,0.255461,2,-0.472338,0.266214,0.88094,-23443
2.05,0.255461,2,-0.472338,0.266214,0.883942,-25009.7
2.05,0.255461,2,-0.472338,0.266214,0.886943,-21738.5
2.05,0.255461,2,-0.472338,0.266214,0.889945,-23277.7
2.05,0.255461,2,-0.472338,0.266214,0.892946,-25932.9
2.05,0.255461,2,-0.472338,0.266214,0.895948,-25046.7
2.05,0.255461,2,-0.472338,0.266214,0.898949,-25092.5
2.05,0.255461,2,-0.472338,0.266214,0.901951,-22713.5
2.05,0.255461,2,-0.472338,0.266214,0.904952,-25732.3
2.05,0.255461,2,-0.472338,0.266214,0.907954,-23983.9
2.05,0.255461,2,-0.472338,0.266214,0.910955,-28881.4
2.05,0.255461,2,-0.472338,0.266214,0.913957,-22785.9
2.05,0.255461,2,-0.472338,0.266214,0.916958,-23410.3
2.05,0.255461,2,-0.472338,0.266214,0.91996,-25576.3
2.05,0.255461,2,-0.472338,0.266214,0.922961,-28112.5
2.05,0.255461,2,-0.472338,0.266214,0.925963,-27491.6
2.05,0.255461,2,-0.472338,0.266214,0.928964,-25218.5
2.05,0.255461,2,-0.472338,0.266214,0.931966,-24393.2
2.05,0.255461,2,-0.472338,0.266214,0.934967,-24563.7
2.05,0.255461,2,-0.472338,0.266214,0.937969,-27984.2
2.05,0.255461,2,-0.472338,0.266214,0.94097,-29638.1
2.05,0.255461,2,-0.472338,0.266214,0.943972,-24497.7
2.05,0.255461,2,-0.472338,0.266214,0.946973,-28535.6
2.05,0.255461,2,-0.472338,0.266214,0.949975,-28216.6
2.05,0.255461,2,-0.472338,0.266214,0.952976,-30341.7
2.05,0.255461,2,-0.472338,0.266214,0.955978,-30256.3
2.05,0.255461,2,-0.472338,0.266214,0.958979,-26850.2
2.05,0.255461,2,-0.472338,0.266214,0.961981,-28675.5
2.05,0.255461,2,-0.472338,0.266214,0.964982,-25003
2.05,0.255461,2,-0.472338,0.266214,0.967984,-24843.7
2.05,0.255461,2,-0.472338,0.266214,0.970985,-30533.6
2.05,0.255461,2,-0.472338,0.266214,0.973987,-26556.4
2.05,0.255461,2,-0.472338,0.266214,0.976988,-28655.3
2.05,0.255461,2,-0.472338,0.266214,0.97999,-25042.7
2.05,0.255461,2,-0.472338,0.266214,0.982991,-25161.9
2.05,0.255461,2,-0.472338,0.266214,0.985993,-28723.8
2.05,0.255461,2,-0.472338,0.266214,0.988994,-27429.6
2.05,0.255461,2,-0.472338,0.266214,0.991996,-26592.2
2.05,0.255461,2,-0.472338,0.266214,0.994997,-25834.9
2.05,0.255461,2,-0.472338,0.266214,0.997999,-26825.8
2.05,0.255461,2,-0.472338,0.266214,1.001,-25695.4
2.05,0.255461,2,-0.472338,0.266214,1.004,-29652.4
2.05,0.255461,2,-0.472338,0.266214,1.007,-30086.4
2.05,0.255461,2,-0.472338,0.266214,1.01001,-28723.6
2.05,0.255461,2,-0.472338,0.266214,1.01301,-28457
2.05,0.255461,2,-0.472338,0.266214,1.01601,-29419.5
2.05,0.255461,2,-0.472338,0.266214,1.01901,-28969.5
2.05,0.255461,2,-0.472338,0.266214,1.02201,-27323
2.05,0.255461,2,-0.472338,0.266214,1.02501,-29329.8
2.05,0.255461,2,-0.472338,0.266214,1.02801,-31698.7
2.05,0.255461,2,-0.472338,0.266214,1.03102,-27895.4
2.05,0.255461,2,-0.472338,0.266214,1.03402,-25764.8
2.05,0.255461,2,-0.472338,0.266214,1.03702,-25199.8
2.05,0.255461,2,-0.472338,0.266214,1.04002,-29272.2
2.05,0.255461,2,-0.472338,0.266214,1.04302,-29812.2
2.05,0.255461,2,-0.472338,0.266214,1.04602,-27256.3
2.05,0.255461,2,-0.472338,0.266214,1.04902,-27414.1
2.05,0.255461,2,-0.472338,0.266214,1.05203,-25473.7
2.05,0.255461,2,-0.472338,0.266214,1.05503,-25690.9
2.05,0.255461,2,-0.472338,0.266214,1.05803,-26244.6
2.05,0.255461,2,-0.472338,0.266214,1.06103,-28007.9
2.05,0.255461,2,-0.472338,0.266214,1.06403,-30099.6
2.05,0.255461,2,-0.472338,0.266214,1.06703,-31505.9
2.05,0.255461,2,-0.472338,0.266214,1.07004,-30895.6
2.05,0.255461,2,-0.472338,0.266214,1.07304,-26874.7
2.05,0.255461,2,-0.472338,0.266214,1.07604,-31997.4
2.05,0.255461,2,-0.472338,0.266214,1.07904,-26893.6
2.05,0.255461,2,-0.472338,0.266214,1.08204,-32583.9
2.05,0.255461,2,-0.472338,0.266214,1.08504,-27577.2
2.05,0.255461,2,-0.472338,0.266214,1.08804,-25406.8
2.05,0.255461,2,-0.472338,0.266214,1.09105,-30572.1
2.05,0.255461,2,-0.472338,0.266214,1.09405,-26542.1
2.05,0.255461,2,-0.472338,0.266214,1.09705,-26359.1
2.05,0.255461,2,-0.472338,0.266214,1.10005,-27592.2
2.05,0.255461,2,-0.472338,0.266214,1.10305,-33562.1
2.05,0.255461,2,-0.472338,0.266214,1.10605,-28252.2
2.05,0.255461,2,-0.472338,0.266214,1.10905,-32956.7
2.05,0.255461,2,-0.472338,0.266214,1.11206,-29028.5
2.05,0.255461,2,-0.472338,0.266214,1.11506,-27373.9
2.05,0.255461,2,-0.472338,0.266214,1.11806,-32103.2
2.05,0.255461,2,-0.472338,0.266214,1.12106,-28440.2
2.05,0.255461,2,-0.472338,0.266214,1.12406,-31919.6
2.05,0.255461,2,-0.472338,0.266214,1.12706,-29698.7
2.05,0.255461,2,-0.472338,0.266214,1.13007,-32603.9
2.05,0.255461,2,-0.472338,0.266214,1.13307,-29004.8
2.05,0.255461,2,-0.472338,0.266214,1.13607,-26950.1
2.05,0.255461,2,-0.472338,0.266214,1.13907,-31159.1
2.05,0.255461,2,-0.472338,0.266214,1.14207,-31803.8
2.05,0.255461,2,-0.472338,0.266214,1.14507,-26769
2.05,0.255461,2,-0.472338,0.266214,1.14807,-32195.7
2.05,0.255461,2,-0.472338,0.266214,1.15108,-29438.3
2.05,0.255461,2,-0.472338,0.266214,1.15408,-30456.6
2.05,0.255461,2,-0.472338,0.266214,1.15708,-33052.9
2.05,0.255461,2,-0.472338,0.266214,1.16008,-28894.2
2.05,0.255461,2,-0.472338,0.266214,1.16308,-27346.5
2.05,0.255461,2,-0.472338,0.266214,1.16608,-33056.6
2.05,0.255461,2,-0.472338,0.266214,1.16908,-26004.1
2.05,0.255461,2,-0.472338,0.266214,1.17209,-27319.7
2.05,0.255461,2,-0.472338,0.266214,1.17509,-27624.7
2.05,0.255461,2,-0.472338,0.266214,1.17809,-28904.6
2.05,0.255461,2,-0.472338,0.266214,1.18109,-29939.3
2.05,0.255461,2,-0.472338,0.266214,1.18409,-29198.3
2.05,0.255461,2,-0.472338,0.266214,1.18709,-32324.9
2.05,0.255461,2,-0.472338,0.266214,1.1901,-28284.6
2.05,0.255461,2,-0.472338,0.266214,1.1931,-29189.1
2.05,0.255461,2,-0.472338,0.266214,1.1961,-28720.4
2.05,0.255461,2,-0.472338,0.266214,1.1991,-31012.1
2.05,0.255461,2,-0.472338,0.266214,1.2021,-27557.1
2.05,0.255461,2,-0.472338,0.266214,1.2051,-30455.4
2.05,0.255461,2,-0.472338,0.266214,1.2081,-28947.7
2.05,0.255461,2,-0.472338,0.266214,1.21111,-30026.3
2.05,0.255461,2,-0.472338,0.266214,1.21411,-28749
2.05,0.255461,2,-0.472338,0.266214,1.21711,-30525.5
2.05,0.255461,2,-0.472338,0.266214,1.22011,-28067.4
2.05,0.255461,2,-0.472338,0.266214,1.22311,-31887.4
2.05,0.255461,2,-0.472338,0.266214,1.22611,-32730.3
2.05,0.255461,2,-0.472338,0.266214,1.22911,-26694.1
2.05,0.255461,2,-0.472338,0.266214,1.23212,-28359
2.05,0.255461,2,-0.472338,0.266214,1.23512,-28157.8
2.05,0.255461,2,-0.472338,0.266214,1.23812,-33888.5
2.05,0.255461,2,-0.472338,0.266214,1.24112,-29127.2
2.05,0.255461,2,-0.472338,0.266214,1.24412,-31391.3
2.05,0.255461,2,-0.472338,0.266214,1.24712,-27305.8
2.05,0.255461,2,-0.472338,0.266214,1.25013,-27042.5
2.05,0.255461,2,-0.472338,0.266214,1.25313,-28206.6
2.05,0.255461,2,-0.472338,0.266214,1.25613,-27354.6
2.05,0.255461,2,-0.472338,0.266214,1.25913,-31144.1
2.05,0.255461,2,-0.472338,0.266214,1.26213,-33089.3
2.05,0.255461,2,-0.472338,0.266214,1.26513,-31470.9
2.05,0.255461,2,-0.472338,0.266214,1.26813,-33981.8
2.05,0.255461,2,-0.472338,0.266214,1.27114,-27982.6
2.05,0.255461,2,-0.472338,0.266214,1.27414,-28802.1
2.05,0.255461,2,-0.472338,0.266214,1.27714,-33882
2.05,0.255461,2,-0.472338,0.266214,1.28014,-31935.6
2.05,0.255461,2,-0.472338,0.266214,1.28314,-34427.6
2.05,0.255461,2,-0.472338,0.266214,1.28614,-27269
2.05,0.255461,2,-0.472338,0.266214,1.28914,-32280.9
2.05,0.255461,2,-0.472338,0.266214,1.29215,-30954.7
2.05,0.255461,2,-0.472338,0.266214,1.29515,-28530.4
2.05,0.255461,2,-0.472338,0.266214,1.29815,-31148.2
2.05,0.255461,2,-0.472338,0.266214,1.30115,-32283.7
2.05,0.255461,2,-0.472338,0.266214,1.30415,-27420.3
2.05,0.255461,2,-0.472338,0.266214,1.30715,-27610.4
2.05,0.255461,2,-0.472338,0.266214,1.31016,-27769.7
2.05,0.255461,2,-0.472338,0.266214,1.31316,-28012.4
2.05,0.255461,2,-0.472338,0.266214,1.31616,-31648.1
2.05,0.255461,2,-0.472338,0.266214,1.31916,-27644.7
2.05,0.255461,2,-0.472338,0.266214,1.32216,-34144.2
2.05,0.255461,2,-0.472338,0.266214,1.32516,-33449.5
2.05,0.255461,2,-0.472338,0.266214,1.32816,-28916.3
2.05,0.255461,2,-0.472338,0.266214,1.33117,-29924.5
2.05,0.255461,2,-0.472338,0.266214,1.33417,-28399.5
2.05,0.255461,2,-0.472338,0.266214,1.33717,-28083.1
2.05,0.255461,2,-0.472338,0.266214,1.34017,-32300.1
2.05,0.255461,2,-0.472338,0.266214,1.34317,-28156
2.05,0.255461,2,-0.472338,0.266214,1.34617,-27532
2.05,0.255461,2,-0.472338,0.266214,1.34917,-32833.4
2.05,0.255461,2,-0.472338,0.266214,1.35218,-28143.9
2.05,0.255461,2,-0.472338,0.266214,1.35518,-30407.6
2.05,0.255461,2,-0.472338,0.266214,1.35818,-27784.5
2.05,0.255461,2,-0.472338,0.266214,1.36118,-29066.5
2.05,0.255461,2,-0.472338,0.266214,1.36418,-33517.5
2.05,0.255461,2,-0.472338,0.266214,1.36718,-32964.6
2.05,0.255461,2,-0.472338,0.266214,1.37019,-30675.6
2.05,0.255461,2,-0.472338,0.266214,1.37319,-29004.4
2.05,0.255461,2,-0.472338,0.266214,1.37619,-26978.4
2.05,0.255461,2,-0.472338,0.266214,1.37919,-27453.2
2.05,0.255461,2,-0.472338,0.266214,1.38219,-33456.7
2.05,0.255461,2,-0.472338,0.266214,1.38519,-29219.6
2.05,0.255461,2,-0.472338,0.266214,1.38819,-30171.7
2.05,0.255461,2,-0.472338,0.266214,1.3912,-27383.7
2.05,0.255461,2,-0.472338,0.266214,1.3942,-27055.5
2.05,0.255461,2,-0.472338,0.266214,1.3972,-31191.8
2.05,0.255461,2,-0.472338,0.266214,1.4002,-30647.6
2.05,0.255461,2,-0.472338,0.266214,1.4032,-29304.8
2.05,0.255461,2,-0.472338,0.266214,1.4062,-27804.9
2.05,0.255461,2,-0.472338,0.266214,1.4092,-28878.3
2.05,0.255461,2,-0.472338,0.266214,1.41221,-29481.9
2.05,0.255461,2,-0.472338,0.266214,1.41521,-30847.1
2.05,0.255461,2,-0.472338,0.266214,1.41821,-28893.7
2.05,0.255461,2,-0.472338,0.266214,1.42121,-29977.9
2.05,0.255461,2,-0.472338,0.266214,1.42421,-28765.2
2.05,0.255461,2,-0.472338,0.266214,1.42721,-28535.6
2.05,0.255461,2,-0.472338,0.266214,1.43022,-28879.1
2.05,0.255461,2,-0.472338,0.266214,1.43322,-30398.4
2.05,0.255461,2,-0.472338,0.266214,1.43622,-32445.8
2.05,0.255461,2,-0.472338,0.266214,1.43922,-29909.4
2.05,0.255461,2,-0.472338,0.266214,1.44222,-32810.2
2.05,0.255461,2,-0.472338,0.266214,1.44522,-29235.3
2.05,0.255461,2,-0.472338,0.266214,1.44822,-27250.9
2.05,0.255461,2,-0.472338,0.266214,1.45123,-31829.6
2.05,0.255461,2,-0.472338,0.266214,1.45423,-34394
2.05,0.255461,2,-0.472338,0.266214,1.45723,-33098.1
2.05,0.255461,2,-0.472338,0.266214,1.46023,-30932.4
2.05,0.255461,2,-0.472338,0.266214,1.46323,-29905.3
2.05,0.255461,2,-0.472338,0.266214,1.46623,-29335.5
2.05,0.255461,2,-0.472338,0.266214,1.46923,-29597.4
2.05,0.255461,2,-0.472338,0.266214,1.47224,-28580.7
2.05,0.255461,2,-0.472338,0.266214,1.47524,-28088.1
2.05,0.255461,2,-0.472338,0.266214,1.47824,-32453
2.05,0.255461,2,-0.472338,0.266214,1.48124,-32587.9
2.05,0.255461,2,-0.472338,0.266214,1.48424,-30185.1
2.05,0.255461,2,-0.472338,0.266214,1.48724,-27704.7
2.05,0.255461,2,-0.472338,0.266214,1.49025,-34718.6
2.05,0.255461,2,-0.472338,0.266214,1.49325,-32877.6
2.05,0.255461,2,-0.472338,0.266214,1.49625,-29649.4
2.05,0.255461,2,-0.472338,0.266214,1.49925,-33412.7
2.05,0.255461,2,-0.472338,0.266214,1.50225,-30794.6
2.05,0.255461,2,-0.472338,0.266214,1.50525,-30260
2.05,0.255461,2,-0.472338,0.266214,1.50825,-33327.7
2.05,0.255461,2,-0.472338,0.266214,1.51126,-30245.8
2.05,0.255461,2,-0.472338,0.266214,1.51426,-31234.1
2.05,0.255461,2,-0.472338,0.266214,1.51726,-31366.6
2.05,0.255461,2,-0.472338,0.266214,1.52026,-33605.3
2.05,0.255461,2,-0.472338,0.266214,1.52326,-28013.3
2.05,0.255461,2,-0.472338,0.266214,1.52626,-32009.4
2.05,0.255461,2,-0.472338,0.266214,1.52926,-28693.9
2.05,0.255461,2,-0.472338,0.266214,1.53227,-33002
2.05,0.255461,2,-0.472338,0.266214,1.53527,-30105.6
2.05,0.255461,2,-0.472338,0.266214,1.53827,-27846.1
2.05,0.255461,2,-0.472338,0.266214,1.54127,-32413.2
2.05,0.255461,2,-0.472338,0.266214,1.54427,-33843.2
2.05,0.255461,2,-0.472338,0.266214,1.54727,-29496.6
2.05,0.255461,2,-0.472338,0.266214,1.55028,-28345.2
2.05,0.255461,2,-0.472338,0.266214,1.55328,-28222.1
2.05,0.255461,2,-0.472338,0.266214,1.55628,-27955.6
2.05,0.255461,2,-0.472338,0.266214,1.55928,-27413.4
2.05,0.255461,2,-0.472338,0.266214,1.56228,-27654.9
2.05,0.255461,2,-0.472338,0.266214,1.56528,-32677.4
2.05,0.255461,2,-0.472338,0.266214,1.56828,-34617.5
2.05,0.255461,2,-0.472338,0.266214,1.57129,-34789.4
2.05,0.255461,2,-0.472338,0.266214,1.57429,-27896.2
2.05,0.255461,2,-0.472338,0.266214,1.57729,-27611.8
2.05,0.255461,2,-0.472338,0.266214,1.58029,-31252.3
2.05,0.255461,2,-0.472338,0.266214,1.58329,-34968.2
2.05,0.255461,2,-0.472338,0.266214,1.58629,-30558.6
2.05,0.255461,2,-0.472338,0.266214,1.58929,-33554.9
2.05,0.255461,2,-0.472338,0.266214,1.5923,-35040.4
2.05,0.255461,2,-0.472338,0.266214,1.5953,-28650.1
2.05,0.255461,2,-0.472338,0.266214,1.5983,-30233.3
2.05,0.255461,2,-0.472338,0.266214,1.6013,-29912.5
2.05,0.255461,2,-0.472338,0.266214,1.6043,-30819.7
2.05,0.255461,2,-0.472338,0.266214,1.6073,-31572
2.05,0.255461,2,-0.472338,0.266214,1.61031,-35100.6
2.05,0.255461,2,-0.472338,0.266214,1.61331,-30428.5
2.05,0.255461,2,-0.472338,0.266214,1.61631,-35305.6
2.05,0.255461,2,-0.472338,0.266214,1.61931,-35328.2
2.05,0.255461,2,-0.472338,0.266214,1.62231,-28511.9
2.05,0.255461,2,-0.472338,0.266214,1.62531,-30758.5
2.05,0.255461,2,-0.472338,0.266214,1.62831,-29815.2
2.05,0.255461,2,-0.472338,0.266214,1.63132,-28915.7
2.05,0.255461,2,-0.472338,0.266214,1.63432,-33296.2
2.05,0.255461,2,-0.472338,0.266214,1.63732,-32925.4
2.05,0.255461,2,-0.472338,0.266214,1.64032,-30883.5
2.05,0.255461,2,-0.472338,0.266214,1.64332,-35538.1
2.05,0.255461,2,-0.472338,0.266214,1.64632,-35734.2
2.05,0.255461,2,-0.472338,0.266214,1.64932,-27751.7
2.05,0.255461,2,-0.472338,0.266214,1.65233,-27818.5
2.05,0.255461,2,-0.472338,0.266214,1.65533,-28765.3
2.05,0.255461,2,-0.472338,0.266214,1.65833,-29623.9
2.05,0.255461,2,-0.472338,0.266214,1.66133,-28316.2
2.05,0.255461,2,-0.472338,0.266214,1.66433,-32768
2.05,0.255461,2,-0.472338,0.266214,1.66733,-29267.7
2.05,0.255461,2,-0.472338,0.266214,1.67034,-33834.6
2.05,0.255461,2,-0.472338,0.266214,1.67334,-32274.6
2.05,0.255461,2,-0.472338,0.266214,1.67634,-35456.7
2.05,0.255461,2,-0.472338,0.266214,1.67934,-34287.6
2.05,0.255461,2,-0.472338,0.266214,1.68234,-27769.2
2.05,0.255461,2,-0.472338,0.266214,1.68534,-33895.3
2.05,0.255461,2,-0.472338,0.266214,1.68834,-33197.7
2.05,0.255461,2,-0.472338,0.266214,1.69135,-28733.7
2.05,0.255461,2,-0.472338,0.266214,1.69435,-35005.2
2.05,0.255461,2,-0.472338,0.266214,1.69735,-30449.7
2.05,0.255461,2,-0.472338,0.266214,1.70035,-31368.7
2.05,0.255461,2,-0.472338,0.266214,1.70335,-32458.8
2.05,0.255461,2,-0.472338,0.266214,1.70635,-27419.1
2.05,0.255461,2,-0.472338,0.266214,1.70935,-28967.3
2.05,0.255461,2,-0.472338,0.266214,1.71236,-33429.8
2.05,0.255461,2,-0.472338,0.266214,1.71536,-34499.5
2.05,0.255461,2,-0.472338,0.266214,1.71836,-33222.5
2.05,0.255461,2,-0.472338,0.266214,1.72136,-35330.6
2.05,0.255461,2,-0.472338,0.266214,1.72436,-28637.2
2.05,0.255461,2,-0.472338,0.266214,1.72736,-32182.7
2.05,0.255461,2,-0.472338,0.266214,1.73037,-35372.8
2.05,0.255461,2,-0.472338,0.266214,1.73337,-28725.3
2.05,0.255461,2,-0.472338,0.266214,1.73637,-29804.3
2.05,0.255461,2,-0.472338,0.266214,1.73937,-30204.2
2.05,0.255461,2,-0.472338,0.266214,1.74237,-31581.7
2.05,0.255461,2,-0.472338,0.266214,1.74537,-32056.4
2.05,0.255461,2,-0.472338,0.266214,1.74837,-30213.3
2.05,0.255461,2,-0.472338,0.266214,1.75138,-27498
2.05,0.255461,2,-0.472338,0.266214,1.75438,-34941.4
2.05,0.255461,2,-0.472338,0.266214,1.75738,-33438.7
2.05,0.255461,2,-0.472338,0.266214,1.76038,-28206.6
2.05,0.255461,2,-0.472338,0.266214,1.76338,-33833.5
2.05,0.255461,2,-0.472338,0.266214,1.76638,-27730.6
2.05,0.255461,2,-0.472338,0.266214,1.76938,-28850.8
2.05,0.255461,2,-0.472338,0.266214,1.77239,-29015.1
2.05,0.255461,2,-0.472338,0.266214,1.77539,-29451.6
2.05,0.255461,2,-0.472338,0.266214,1.77839,-31903
2.05,0.255461,2,-0.472338,0.266214,1.78139,-29925.4
2.05,0.255461,2,-0.472338,0.266214,1.78439,-28602
2.05,0.255461,2,-0.472338,0.266214,1.78739,-34984.4
2.05,0.255461,2,-0.472338,0.266214,1.7904,-32682.3
2.05,0.255461,2,-0.472338,0.266214,1.7934,-34770.5
2.05,0.255461,2,-0.472338,0.266214,1.7964,-31463
2.05,0.255461,2,-0.472338,0.266214,1.7994,-31932
2.05,0.255461,2,-0.472338,0.266214,1.8024,-29136.2
2.05,0.255461,2,-0.472338,0.266214,1.8054,-28668.8
2.05,0.255461,2,-0.472338,0.266214,1.8084,-29114.5
2.05,0.255461,2,-0.472338,0.266214,1.81141,-30451
2.05,0.255461,2,-0.472338,0.266214,1.81441,-30364.8
2.05,0.255461,2,-0.472338,0.266214,1.81741,-28347.8
2.05,0.255461,2,-0.472338,0.266214,1.82041,-34175.4
2.05,0.255461,2,-0.472338,0.266214,1.82341,-27739.9
2.05,0.255461,2,-0.472338,0.266214,1.82641,-34427.1
2.05,0.255461,2,-0.472338,0.266214,1.82941,-28330.8
2.05,0.255461,2,-0.472338,0.266214,1.83242,-32647.8
2.05,0.255461,2,-0.472338,0.266214,1.83542,-30774.6
2.05,0.255461,2,-0.472338,0.266214,1.83842,-30523.8
2.05,0.255461,2,-0.472338,0.266214,1.84142,-33217.5
2.05,0.255461,2,-0.472338,0.266214,1.84442,-29048.5
2.05,0.255461,2,-0.472338,0.266214,1.84742,-30582.8
2.05,0.255461,2,-0.472338,0.266214,1.85043,-32354.2
2.05,0.255461,2,-0.472338,0.266214,1.85343,-31983.2
2.05,0.255461,2,-0.472338,0.266214,1.85643,-32439.7
2.05,0.255461,2,-0.472338,0.266214,1.85943,-29448.6
2.05,0.255461,2,-0.472338,0.266214,1.86243,-30038.4
2.05,0.255461,2,-0.472338,0.266214,1.86543,-32902.6
2.05,0.255461,2,-0.472338,0.266214,1.86843,-30554.9
2.05,0.255461,2,-0.472338,0.266214,1.87144,-33743.5
2.05,0.255461,2,-0.472338,0.266214,1.87444,-27500.2
2.05,0.255461,2,-0.472338,0.266214,1.87744,-34010.8
2.05,0.255461,2,-0.472338,0.266214,1.88044,-29543.6
2.05,0.255461,2,-0.472338,0.266214,1.88344,-33549
2.05,0.255461,2,-0.472338,0.266214,1.88644,-30365.5
2.05,0.255461,2,-0.472338,0.266214,1.88944,-28375.7
2.05,0.255461,2,-0.472338,0.266214,1.89245,-28682.7
2.05,0.255461,2,-0.472338,0.266214,1.89545,-27424.3
2.05,0.255461,2,-0.472338,0.266214,1.89845,-31986.6
2.05,0.255461,2,-0.472338,0.266214,1.90145,-26950.4
2.05,0.255461,2,-0.472338,0.266214,1.90445,-32067.3
2.05,0.255461,2,-0.472338,0.266214,1.90745,-29037.1
2.05,0.255461,2,-0.472338,0.266214,1.91046,-31326.6
2.05,0.255461,2,-0.472338,0.266214,1.91346,-26551.3
2.05,0.255461,2,-0.472338,0.266214,1.91646,-26988.7
2.05,0.255461,2,-0.472338,0.266214,1.91946,-33598.2
2.05,0.255461,2,-0.472338,0.266214,1.92246,-30217.8
2.05,0.255461,2,-0.472338,0.266214,1.92546,-31868.7
2.05,0.255461,2,-0.472338,0.266214,1.92846,-30276.9
2.05,0.255461,2,-0.472338,0.266214,1.93147,-30833.7
2.05,0.255461,2,-0.472338,0.266214,1.93447,-34288.6
2.05,0.255461,2,-0.472338,0.266214,1.93747,-26603
2.05,0.255461,2,-0.472338,0.266214,1.94047,-29454.4
2.05,0.255461,2,-0.472338,0.266214,1.94347,-30590.3
2.05,0.255461,2,-0.472338,0.266214,1.94647,-26894.8
2.05,0.255461,2,-0.472338,0.266214,1.94947,-31651.2
2.05,0.255461,2,-0.472338,0.266214,1.95248,-27363
2.05,0.255461,2,-0.472338,0.266214,1.95548,-27412.1
2.05,0.255461,2,-0.472338,0.266214,1.95848,-32587.7
2.05,0.255461,2,-0.472338,0.266214,1.96148,-31060.7
2.05,0.255461,2,-0.472338,0.266214,1.96448,-28045.2
2.05,0.255461,2,-0.472338,0.266214,1.96748,-26237.7
2.05,0.255461,2,-0.472338,0.266214,1.97049,-27590.7
2.05,0.255461,2,-0.472338,0.266214,1.97349,-27487.9
2.05,0.255461,2,-0.472338,0.266214,1.97649,-27088.4
2.05,0.255461,2,-0.472338,0.266214,1.97949,-29438.2
2.05,0.255461,2,-0.472338,0.266214,1.98249,-27064.7
2.05,0.255461,2,-0.472338,0.266214,1.98549,-27270.6
2.05,0.255461,2,-0.472338,0.266214,1.98849,-30141.3
2.05,0.255461,2,-0.472338,0.266214,1.9915,-25746.3
2.05,0.255461,2,-0.472338,0.266214,1.9945,-26994.6
2.05,0.255461,2,-0.472338,0.266214,1.9975,-25740.8
2.05,0.255461,2,-0.472338,0.266214,2.0005,-27771.8
2.05,0.255461,2,-0.472338,0.266214,2.0035,-26885.6
2.05,0.255461,2,-0.472338,0.266214,2.0065,-25921.2
2.05,0.255461,2,-0.472338,0.266214,2.0095,-30600
2.05,0.255461,2,-0.472338,0.266214,2.01251,-31954.4
2.05,0.255461,2,-0.472338,0.266214,2.01551,-24526.5
2.05,0.255461,2,-0.472338,0.266214,2.01851,-28936.3
2.05,0.255461,2,-0.472338,0.266214,2.02151,-26260.2
2.05,0.255461,2,-0.472338,0.266214,2.02451,-25815.1
2.05,0.255461,2,-0.472338,0.266214,2.02751,-26744.3
2.05,0.255461,2,-0.472338,0.266214,2.03052,-25381.5
2.05,0.255461,2,-0.472338,0.266214,2.03352,-26136.9
2.05,0.255461,2,-0.472338,0.266214,2.03652,-25236.8
2.05,0.255461,2,-0.472338,0.266214,2.03952,-28032
2.05,0.255461,2,-0.472338,0.266214,2.04252,-27348.3
2.05,0.255461,2,-0.472338,0.266214,2.04552,-23767.8
2.05,0.255461,2,-0.472338,0.266214,2.04852,-21870.9
2.05,0.255461,2,-0.472338,0.266214,2.05153,25106.3
2.05,0.255461,2,-0.472338,0.266214,2.05453,21684.2
2.05,0.255461,2,-0.472338,0.266214,2.05753,25404.2
2.05,0.255461,2,-0.472338,0.266214,2.06053,26085.4
2.05,0.255461,2,-0.472338,0.266214,2.06353,26852.2
2.05,0.255461,2,-0.472338,0.266214,2.06653,27692.1
2.05,0.255461,2,-0.472338,0.266214,2.06953,25156.4
2.05,0.255461,2,-0.472338,0.266214,2.07254,30487.9
2.05,0.255461,2,-0.472338,0.266214,2.07554,26309.2
2.05,0.255461,2,-0.472338,0.266214,2.07854,28392
2.05,0.255461,2,-0.472338,0.266214,2.08154,28892.4
2.05,0.255461,2,-0.472338,0.266214,2.08454,28509.2
2.05,0.255461,2,-0.472338,0.266214,2.08754,24966.5
2.05,0.255461,2,-0.472338,0.266214,2.09055,29833.9
2.05,0.255461,2,-0.472338,0.266214,2.09355,29372.1
2.05,0.255461,2,-0.472338,0.266214,2.09655,26681.3
2.05,0.255461,2,-0.472338,0.266214,2.09955,32297
2.05,0.255461,2,-0.472338,0.266214,2.10255,29133.7
2.05,0.255461,2,-0.472338,0.266214,2.10555,27140.1
2.05,0.255461,2,-0.472338,0.266214,2.10855,26928.4
2.05,0.255461,2,-0.472338,0.266214,2.11156,28178.9
2.05,0.255461,2,-0.472338,0.266214,2.11456,29735.2
2.05,0.255461,2,-0.472338,0.266214,2.11756,29040.5
2.05,0.255461,2,-0.472338,0.266214,2.12056,30863.4
2.05,0.255461,2,-0.472338,0.266214,2.12356,31039
2.05,0.255461,2,-0.472338,0.266214,2.12656,30014.3
2.05,0.255461,2,-0.472338,0.266214,2.12956,33265.4
2.05,0.255461,2,-0.472338,0.266214,2.13257,28961.5
2.05,0.255461,2,-0.472338,0.266214,2.13557,33367.6
2.05,0.255461,2,-0.472338,0.266214,2.13857,31247.5
2.05,0.255461,2,-0.472338,0.266214,2.14157,27315.3
2.05,0.255461,2,-0.472338,0.266214,2.14457,32989.1
2.05,0.255461,2,-0.472338,0.266214,2.14757,27100
2.05,0.255461,2,-0.472338,0.266214,2.15058,33393.8
2.05,0.255461,2,-0.472338,0.266214,2.15358,30200.6
2.05,0.255461,2,-0.472338,0.266214,2.15658,34279.2
2.05,0.255461,2,-0.472338,0.266214,2.15958,26990.9
2.05,0.255461,2,-0.472338,0.266214,2.16258,27278.3
2.05,0.255461,2,-0.472338,0.266214,2.16558,28198.9
2.05,0.255461,2,-0.472338,0.266214,2.16858,29820.9
2.05,0.255461,2,-0.472338,0.266214,2.17159,35097.9
2.05,0.255461,2,-0.472338,0.266214,2.17459,29189.2
2.05,0.255461,2,-0.472338,0.266214,2.17759,34913.9
2.05,0.255461,2,-0.472338,0.266214,2.18059,27429.1
2.05,0.255461,2,-0.472338,0.266214,2.18359,27707.1
2.05,0.255461,2,-0.472338,0.266214,2.18659,35515.8
2.05,0.255461,2,-0.472338,0.266214,2.18959,28983.9
2.05,0.255461,2,-0.472338,0.266214,2.1926,28882.6
2.05,0.255461,2,-0.472338,0.266214,2.1956,29331.4
2.05,0.255461,2,-0.472338,0.266214,2.1986,30076.5
2.05,0.255461,2,-0.472338,0.266214,2.2016,33620.7
2.05,0.255461,2,-0.472338,0.266214,2.2046,32547.1
2.05,0.255461,2,-0.472338,0.266214,2.2076,31938
2.05,0.255461,2,-0.472338,0.266214,2.21061,36011.7
2.05,0.255461,2,-0.472338,0.266214,2.21361,31652.6
2.05,0.255461,2,-0.472338,0.266214,2.21661,29288.3
2.05,0.255461,2,-0.472338,0.266214,2.21961,29559.2
2.05,0.255461,2,-0.472338,0.266214,2.22261,36352.1
2.05,0.255461,2,-0.472338,0.266214,2.22561,36949.7
2.05,0.255461,2,-0.472338,0.266214,2.22861,34042.5
2.05,0.255461,2,-0.472338,0.266214,2.23162,31426.9
2.05,0.255461,2,-0.472338,0.266214,2.23462,29169.3
2.05,0.255461,2,-0.472338,0.266214,2.23762,29045.9
2.05,0.255461,2,-0.472338,0.266214,2.24062,29132.4
2.05,0.255461,2,-0.472338,0.266214,2.24362,31394.1
2.05,0.255461,2,-0.472338,0.266214,2.24662,31597
2.05,0.255461,2,-0.472338,0.266214,2.24962,30100.3
2.05,0.255461,2,-0.472338,0.266214,2.25263,30580.9
2.05,0.255461,2,-0.472338,0.266214,2.25563,33818.5
2.05,0.255461,2,-0.472338,0.266214,2.25863,36425.4
2.05,0.255461,2,-0.472338,0.266214,2.26163,35804.9
2.05,0.255461,2,-0.472338,0.266214,2.26463,28921.2
2.05,0.255461,2,-0.472338,0.266214,2.26763,29563.5
2.05,0.255461,2,-0.472338,0.266214,2.27064,28842.6
2.05,0.255461,2,-0.472338,0.266214,2.27364,32093
2.05,0.255461,2,-0.472338,0.266214,2.27664,29729.8
2.05,0.255461,2,-0.472338,0.266214,2.27964,31253.9
2.05,0.255461,2,-0.472338,0.266214,2.28264,32056.1
2.05,0.255461,2,-0.472338,0.266214,2.28564,33677.5
2.05,0.255461,2,-0.472338,0.266214,2.28864,32654.1
2.05,0.255461,2,-0.472338,0.266214,2.29165,32629
2.05,0.255461,2,-0.472338,0.266214,2.29465,31924.3
2.05,0.255461,2,-0.472338,0.266214,2.29765,36336.8
2.05,0.255461,2,-0.472338,0.266214,2.30065,32887.4
2.05,0.255461,2,-0.472338,0.266214,2.30365,30102
2.05,0.255461,2,-0.472338,0.266214,2.30665,34609.7
2.05,0.255461,2,-0.472338,0.266214,2.30965,35819.6
2.05,0.255461,2,-0.472338,0.266214,2.31266,31040.6
2.05,0.255461,2,-0.472338,0.266214,2.31566,34933.9
2.05,0.255461,2,-0.472338,0.266214,2.31866,31938.3
2.05,0.255461,2,-0.472338,0.266214,2.32166,30327.2
2.05,0.255461,2,-0.472338,0.266214,2.32466,36293.5
2.05,0.255461,2,-0.472338,0.266214,2.32766,31730.3
2.05,0.255461,2,-0.472338,0.266214,2.33067,30946.4
2.05,0.255461,2,-0.472338,0.266214,2.33367,30609.5
2.05,0.255461,2,-0.472338,0.266214,2.33667,30987.9
2.05,0.255461,2,-0.472338,0.266214,2.33967,32758.1
2.05,0.255461,2,-0.472338,0.266214,2.34267,32829.6
2.05,0.255461,2,-0.472338,0.266214,2.34567,30932.2
2.05,0.255461,2,-0.472338,0.266214,2.34867,32062.7
2.05,0.255461,2,-0.472338,0.266214,2.35168,31457.1
2.05,0.255461,2,-0.472338,0.266214,2.35468,29941.4
2.05,0.255461,2,-0.472338,0.266214,2.35768,36674.9
2.05,0.255461,2,-0.472338,0.266214,2.36068,36293.5
2.05,0.255461,2,-0.472338,0.266214,2.36368,38251.4
2.05,0.255461,2,-0.472338,0.266214,2.36668,30301.6
2.05,0.255461,2,-0.472338,0.266214,2.36968,37883
2.05,0.255461,2,-0.472338,0.266214,2.37269,38691.6
2.05,0.255461,2,-0.472338,0.266214,2.37569,32565
2.05,0.255461,2,-0.472338,0.266214,2.37869,37654.9
2.05,0.255461,2,-0.472338,0.266214,2.38169,34244.5
2.05,0.255461,2,-0.472338,0.266214,2.38469,33139.4
2.05,0.255461,2,-0.472338,0.266214,2.38769,33064.1
2.05,0.255461,2,-0.472338,0.266214,2.3907,34444.4
2.05,0.255461,2,-0.472338,0.266214,2.3937,35379.5
2.05,0.255461,2,-0.472338,0.266214,2.3967,36975.5
2.05,0.255461,2,-0.472338,0.266214,2.3997,36341.9
2.05,0.255461,2,-0.472338,0.266214,2.4027,30650.1
2.05,0.255461,2,-0.472338,0.266214,2.4057,31300.4
2.05,0.255461,2,-0.472338,0.266214,2.4087,31432.5
2.05,0.255461,2,-0.472338,0.266214,2.41171,30809.8
2.05,0.255461,2,-0.472338,0.266214,2.41471,32091
2.05,0.255461,2,-0.472338,0.266214,2.41771,32619.3
2.05,0.255461,2,-0.472338,0.266214,2.42071,37269.8
2.05,0.255461,2,-0.472338,0.266214,2.42371,34818.8
2.05,0.255461,2,-0.472338,0.266214,2.42671,31916.7
2.05,0.255461,2,-0.472338,0.266214,2.42971,33721
2.05,0.255461,2,-0.472338,0.266214,2.43272,34016.9
2.05,0.255461,2,-0.472338,0.266214,2.43572,30727.8
2.05,0.255461,2,-0.472338,0.266214,2.43872,33528.4
2.05,0.255461,2,-0.472338,0.266214,2.44172,32537
2.05,0.255461,2,-0.472338,0.266214,2.44472,33220.4
2.05,0.255461,2,-0.472338,0.266214,2.44772,33009.7
2.05,0.255461,2,-0.472338,0.266214,2.45073,31832.9
2.05,0.255461,2,-0.472338,0.266214,2.45373,33417.7
2.05,0.255461,2,-0.472338,0.266214,2.45673,30920
2.05,0.255461,2,-0.472338,0.266214,2.45973,33004.3
2.05,0.255461,2,-0.472338,0.266214,2.46273,35369.1
2.05,0.255461,2,-0.472338,0.266214,2.46573,31302
2.05,0.255461,2,-0.472338,0.266214,2.46873,33976.8
2.05,0.255461,2,-0.472338,0.266214,2.47174,32728.2
2.05,0.255461,2,-0.472338,0.266214,2.47474,31384.9
2.05,0.255461,2,-0.472338,0.266214,2.47774,32330.8
2.05,0.255461,2,-0.472338,0.266214,2.48074,32579.5
2.05,0.255461,2,-0.472338,0.266214,2.48374,31737.9
2.05,0.255461,2,-0.472338,0.266214,2.48674,31681.5
2.05,0.255461,2,-0.472338,0.266214,2.48974,33398.5
2.05,0.255461,2,-0.472338,0.266214,2.49275,31354.7
2.05,0.255461,2,-0.472338,0.266214,2.49575,33808.5
2.05,0.255461,2,-0.472338,0.266214,2.49875,32567
2.05,0.255461,2,-0.472338,0.266214,2.50175,32880.3
2.05,0.255461,2,-0.472338,0.266214,2.50475,33213
2.05,0.255461,2,-0.472338,0.266214,2.50775,33970.8
2.05,0.255461,2,-0.472338,0.266214,2.51076,32538.6
2.05,0.255461,2,-0.472338,0.266214,2.51376,32394.9
2.05,0.255461,2,-0.472338,0.266214,2.51676,33750.8
2.05,0.255461,2,-0.472338,0.266214,2.51976,32110.2
2.05,0.255461,2,-0.472338,0.266214,2.52276,33565.6
2.05,0.255461,2,-0.472338,0.266214,2.52576,34177.1
2.05,0.255461,2,-0.472338,0.266214,2.52876,33312.8
2.05,0.255461,2,-0.472338,0.266214,2.53177,31840.1
2.05,0.255461,2,-0.472338,0.266214,2.53477,34175.4
2.05,0.255461,2,-0.472338,0.266214,2.53777,34425.2
2.05,0.255461,2,-0.472338,0.266214,2.54077,33616.7
2.05,0.255461,2,-0.472338,0.266214,2.54377,34071.2
2.05,0.255461,2,-0.472338,0.266214,2.54677,31807.8
2.05,0.255461,2,-0.472338,0.266214,2.54977,32443.4
2.05,0.255461,2,-0.472338,0.266214,2.55278,32386.3
2.05,0.255461,2,-0.472338,0.266214,2.55578,32996.8
2.05,0.255461,2,-0.472338,0.266214,2.55878,33495.1
2.05,0.255461,2,-0.472338,0.266214,2.56178,33481.3
2.05,0.255461,2,-0.472338,0.266214,2.56478,32654.1
2.05,0.255461,2,-0.472338,0.266214,2.56778,32238.9
2.05,0.255461,2,-0.472338,0.266214,2.57079,33603
2.05,0.255461,2,-0.472338,0.266214,2.57379,32646.7
2.05,0.255461,2,-0.472338,0.266214,2.57679,34429.1
2.05,0.255461,2,-0.472338,0.266214,2.57979,33212
2.05,0.255461,2,-0.472338,0.266214,2.58279,33545.7
2.05,0.255461,2,-0.472338,0.266214,2.58579,34075.5
2.05,0.255461,2,-0.472338,0.266214,2.58879,33559.6
2.05,0.255461,2,-0.472338,0.266214,2.5918,32147
2.05,0.255461,2,-0.472338,0.266214,2.5948,32928.5
2.05,0.255461,2,-0.472338,0.266214,2.5978,35308.7
2.05,0.255461,2,-0.472338,0.266214,2.6008,32981.1
2.05,0.255461,2,-0.472338,0.266214,2.6038,35700.4
2.05,0.255461,2,-0.472338,0.266214,2.6068,37047
2.05,0.255461,2,-0.472338,0.266214,2.6098,37239.1
2.05,0.255461,2,-0.472338,0.266214,2.61281,34524.6
2.05,0.255461,2,-0.472338,0.266214,2.61581,36305.4
2.05,0.255461,2,-0.472338,0.266214,2.61881,32464.4
2.05,0.255461,2,-0.472338,0.266214,2.62181,35040.7
2.05,0.255461,2,-0.472338,0.266214,2.62481,38165.1
2.05,0.255461,2,-0.472338,0.266214,2.62781,36549.8
2.05,0.255461,2,-0.472338,0.266214,2.63082,35089.1
2.05,0.255461,2,-0.472338,0.266214,2.63382,36175.7
2.05,0.255461,2,-0.472338,0.266214,2.63682,32790.1
2.05,0.255461,2,-0.472338,0.266214,2.63982,33883.6
2.05,0.255461,2,-0.472338,0.266214,2.64282,33498.2
2.05,0.255461,2,-0.472338,0.266214,2.64582,33198.4
2.05,0.255461,2,-0.472338,0.266214,2.64882,32752.4
2.05,0.255461,2,-0.472338,0.266214,2.65183,33692.9
2.05,0.255461,2,-0.472338,0.266214,2.65483,35713.8
2.05,0.255461,2,-0.472338,0.266214,2.65783,33342.1
2.05,0.255461,2,-0.472338,0.266214,2.66083,33664.2
2.05,0.255461,2,-0.472338,0.266214,2.66383,34097.5
2.05,0.255461,2,-0.472338,0.266214,2.66683,39783.3
2.05,0.255461,2,-0.472338,0.266214,2.66983,36660.7
2.05,0.255461,2,-0.472338,0.266214,2.67284,35477.4
2.05,0.255461,2,-0.472338,0.266214,2.67584,40958.1
2.05,0.255461,2,-0.472338,0.266214,2.67884,33481.2
2.05,0.255461,2,-0.472338,0.266214,2.68184,34206.9
2.05,0.255461,2,-0.472338,0.266214,2.68484,38320.4
2.05,0.255461,2,-0.472338,0.266214,2.68784,33000.6
2.05,0.255461,2,-0.472338,0.266214,2.69085,36241.8
2.05,0.255461,2,-0.472338,0.266214,2.69385,35755.8
2.05,0.255461,2,-0.472338,0.266214,2.69685,33756.9
2.05,0.255461,2,-0.472338,0.266214,2.69985,35903.4
2.05,0.255461,2,-0.472338,0.266214,2.70285,34863.1
2.05,0.255461,2,-0.472338,0.266214,2.70585,34498.7
2.05,0.255461,2,-0.472338,0.266214,2.70885,35195.5
2.05,0.255461,2,-0.472338,0.266214,2.71186,38115.2
2.05,0.255461,2,-0.472338,0.266214,2.71486,36774.6
2.05,0.255461,2,-0.472338,0.266214,2.71786,35962.3
2.05,0.255461,2,-0.472338,0.266214,2.72086,33475.1
2.05,0.255461,2,-0.472338,0.266214,2.72386,37273
2.05,0.255461,2,-0.472338,0.266214,2.72686,36286.8
2.05,0.255461,2,-0.472338,0.266214,2.72986,36403.1
2.05,0.255461,2,-0.472338,0.266214,2.73287,35260.6
2.05,0.255461,2,-0.472338,0.266214,2.73587,34480.5
2.05,0.255461,2,-0.472338,0.266214,2.73887,37831.9
2.05,0.255461,2,-0.472338,0.266214,2.74187,42219.4
2.05,0.255461,2,-0.472338,0.266214,2.74487,34571.9
2.05,0.255461,2,-0.472338,0.266214,2.74787,38875.6
2.05,0.255461,2,-0.472338,0.266214,2.75088,38981.7
2.05,0.255461,2,-0.472338,0.266214,2.75388,37176.2
2.05,0.255461,2,-0.472338,0.266214,2.75688,37361
2.05,0.255461,2,-0.472338,0.266214,2.75988,40053.9
2.05,0.255461,2,-0.472338,0.266214,2.76288,39973
2.05,0.255461,2,-0.472338,0.266214,2.76588,35239.2
2.05,0.255461,2,-0.472338,0.266214,2.76888,33864.4
2.05,0.255461,2,-0.472338,0.266214,2.77189,38242.8
2.05,0.255461,2,-0.472338,0.266214,2.77489,39843.1
2.05,0.255461,2,-0.472338,0.266214,2.77789,34391.4
2.05,0.255461,2,-0.472338,0.266214,2.78089,42810.4
2.05,0.255461,2,-0.472338,0.266214,2.78389,39727.2
2.05,0.255461,2,-0.472338,0.266214,2.78689,35167.9
2.05,0.255461,2,-0.472338,0.266214,2.78989,40771.2
2.05,0.255461,2,-0.472338,0.266214,2.7929,40164.4
2.05,0.255461,2,-0.472338,0.266214,2.7959,43514.9
2.05,0.255461,2,-0.472338,0.266214,2.7989,41120.1
2.05,0.255461,2,-0.472338,0.266214,2.8019,36894.2
2.05,0.255461,2,-0.472338,0.266214,2.8049,38465.6
2.05,0.255461,2,-0.472338,0.266214,2.8079,43183.3
2.05,0.255461,2,-0.472338,0.266214,2.81091,35159.1
2.05,0.255461,2,-0.472338,0.266214,2.81391,39884
2.05,0.255461,2,-0.472338,0.266214,2.81691,38455
2.05,0.255461,2,-0.472338,0.266214,2.81991,36553.9
2.05,0.255461,2,-0.472338,0.266214,2.82291,44507.2
2.05,0.255461,2,-0.472338,0.266214,2.82591,41805.7
2.05,0.255461,2,-0.472338,0.266214,2.82891,40708.8
2.05,0.255461,2,-0.472338,0.266214,2.83192,37192.1
2.05,0.255461,2,-0.472338,0.266214,2.83492,35497.5
2.05,0.255461,2,-0.472338,0.266214,2.83792,37462.3
2.05,0.255461,2,-0.472338,0.266214,2.84092,41768.2
2.05,0.255461,2,-0.472338,0.266214,2.84392,35586.6
2.05,0.255461,2,-0.472338,0.266214,2.84692,36427.1
2.05,0.255461,2,-0.472338,0.266214,2.84992,37674.6
2.05,0.255461,2,-0.472338,0.266214,2.85293,34600.4
2.05,0.255461,2,-0.472338,0.266214,2.85593,41953
2.05,0.255461,2,-0.472338,0.266214,2.85893,35576.8
2.05,0.255461,2,-0.472338,0.266214,2.86193,38426.9
2.05,0.255461,2,-0.472338,0.266214,2.86493,38690.7
2.05,0.255461,2,-0.472338,0.266214,2.86793,36657.6
2.05,0.255461,2,-0.472338,0.266214,2.87094,39519.2
2.05,0.255461,2,-0.472338,0.266214,2.87394,35872.9
2.05,0.255461,2,-0.472338,0.266214,2.87694,36056
2.05,0.255461,2,-0.472338,0.266214,2.87994,41307.4
2.05,0.255461,2,-0.472338,0.266214,2.88294,37142.3
2.05,0.255461,2,-0.472338,0.266214,2.88594,40963.2
2.05,0.255461,2,-0.472338,0.266214,2.88894,40675.4
2.05,0.255461,2,-0.472338,0.266214,2.89195,41468.3
2.05,0.255461,2,-0.472338,0.266214,2.89495,38693.8
2.05,0.255461,2,-0.472338,0.266214,2.89795,42466.3
2.05,0.255461,2,-0.472338,0.266214,2.90095,39305.8
2.05,0.255461,2,-0.472338,0.266214,2.90395,38734.6
2.05,0.255461,2,-0.472338,0.266214,2.90695,36858.5
2.05,0.255461,2,-0.472338,0.266214,2.90995,39832.8
2.05,0.255461,2,-0.472338,0.266214,2.91296,39005.7
2.05,0.255461,2,-0.472338,0.266214,2.91596,35629.8
2.05,0.255461,2,-0.472338,0.266214,2.91896,38767.9
2.05,0.255461,2,-0.472338,0.266214,2.92196,44728.7
2.05,0.255461,2,-0.472338,0.266214,2.92496,36755.4
2.05,0.255461,2,-0.472338,0.266214,2.92796,36855.1
2.05,0.255461,2,-0.472338,0.266214,2.93097,37339.6
2.05,0.255461,2,-0.472338,0.266214,2.93397,40301.4
2.05,0.255461,2,-0.472338,0.266214,2.93697,37045.6
2.05,0.255461,2,-0.472338,0.266214,2.93997,37073.2
2.05,0.255461,2,-0.472338,0.266214,2.94297,35154.2
2.05,0.255461,2,-0.472338,0.266214,2.94597,36164.5
2.05,0.255461,2,-0.472338,0.266214,2.94897,37835.8
2.05,0.255461,2,-0.472338,0.266214,2.95198,37754.8
2.05,0.255461,2,-0.472338,0.266214,2.95498,38069.8
2.05,0.255461,2,-0.472338,0.266214,2.95798,37249.3
2.05,0.255461,2,-0.472338,0.266214,2.96098,36149.7
2.05,0.255461,2,-0.472338,0.266214,2.96398,38843.9
2.05,0.255461,2,-0.472338,0.266214,2.96698,45015.1
2.05,0.255461,2,-0.472338,0.266214,2.96998,39495.8
2.05,0.255461,2,-0.472338,0.266214,2.97299,37544.3
2.05,0.255461,2,-0.472338,0.266214,2.97599,37821.5
2.05,0.255461,2,-0.472338,0.266214,2.97899,38094
2.05,0.255461,2,-0.472338,0.266214,2.98199,37462.9
2.05,0.255461,2,-0.472338,0.266214,2.98499,41165
2.05,0.255461,2,-0.472338,0.266214,2.98799,44087.8
2.05,0.255461,2,-0.472338,0.266214,2.991,40829.4
2.05,0.255461,2,-0.472338,0.266214,2.994,41580.9
2.05,0.255461,2,-0.472338,0.266214,2.997,37023.7
2.05,0.255461,2,-0.472338,0.266214,3,37356.1

2.01,0.264612,2,-0.49391,0.247604,-3,18615.5
2.01,0.264612,2,-0.49391,0.247604,-2.997,21125.2
2.01,0.264612,2,-0.49391,0.247604,-2.994,21354.3
2.01,0.264612,2,-0.49391,0.247604,-2.991,19959.4
2.01,0.264612,2,-0.49391,0.247604,-2.98799,19205.1
2.01,0.264612,2,-0.49391,0.247604,-2.98499,20170.3
2.01,0.264612,2,-0.49391,0.247604,-2.98199,18781.3
2.01,0.264612,2,-0.49391,0.247604,-2.97899,21380
2.01,0.264612,2,-0.49391,0.247604,-2.97599,18393.7
2.01,0.264612,2,-0.49391,0.247604,-2.97299,18516.2
2.01,0.264612,2,-0.49391,0.247604,-2.96998,20061.7
2.01,0.264612,2,-0.49391,0.247604,-2.96698,19174.3
2.01,0.264612,2,-0.49391,0.247604,-2.96398,15782
2.01,0.264612,2,-0.49391,0.247604,-2.96098,-15999.3
2.01,0.264612,2,-0.49391,0.247604,-2.95798,-17813
2.01,0.264612,2,-0.49391,0.247604,-2.95498,-19449.8
2.01,0.264612,2,-0.49391,0.247604,-2.95198,-21006.9
2.01,0.264612,2,-0.49391,0.247604,-2.94897,-19775.2
2.01,0.264612,2,-0.49391,0.247604,-2.94597,-22354.6
2.01,0.264612,2,-0.49391,0.247604,-2.94297,-21333.9
2.01,0.264612,2,-0.49391,0.247604,-2.93997,-18912.9
2.01,0.264612,2,-0.49391,0.247604,-2.93697,-19689.2
2.01,0.264612,2,-0.49391,0.247604,-2.93397,-21479.9
2.01,0.264612,2,-0.49391,0.247604,-2.93097,-23015.8
2.01,0.264612,2,-0.49391,0.247604,-2.92796,-19116.8
2.01,0.264612,2,-0.49391,0.247604,-2.92496,-19525.3
2.01,0.264612,2,-0.49391,0.247604,-2.92196,-20417
2.01,0.264612,2,-0.49391,0.247604,-2.91896,-22721.3
2.01,0.264612,2,-0.49391,0.247604,-2.91596,-22100.3
2.01,0.264612,2,-0.49391,0.247604,-2.91296,-20256.9
2.01,0.264612,2,-0.49391,0.247604,-2.90995,-24223.3
2.01,0.264612,2,-0.49391,0.247604,-2.90695,-19565
2.01,0.264612,2,-0.49391,0.247604,-2.90395,-20198.7
2.01,0.264612,2,-0.49391,0.247604,-2.90095,-22101
2.01,0.264612,2,-0.49391,0.247604,-2.89795,-24403.3
2.01,0.264612,2,-0.49391,0.247604,-2.89495,-21982.6
2.01,0.264612,2,-0.49391,0.247604,-2.89195,-20330.5
2.01,0.264612,2,-0.49391,0.247604,-2.88894,-21148.8
2.01,0.264612,2,-0.49391,0.247604,-2.88594,-23263
2.01,0.264612,2,-0.49391,0.247604,-2.88294,-22619.6
2.01,0.264612,2,-0.49391,0.247604,-2.87994,-23627.5
2.01,0.264612,2,-0.49391,0.247604,-2.87694,-22698.9
2.01,0.264612,2,-0.49391,0.247604,-2.87394,-21837.1
2.01,0.264612,2,-0.49391,0.247604,-2.87094,-25393.5
2.01,0.264612,2,-0.49391,0.247604,-2.86793,-24407.4
2.01,0.264612,2,-0.49391,0.247604,-2.86493,-23930.2
2.01,0.264612,2,-0.49391,0.247604,-2.86193,-21829.9
2.01,0.264612,2,-0.49391,0.247604,-2.85893,-26028
2.01,0.264612,2,-0.49391,0.247604,-2.85593,-22968.2
2.01,0.264612,2,-0.49391,0.247604,-2.85293,-23588.1
2.01,0.264612,2,-0.49391,0.247604,-2.84992,-22001.6
2.01,0.264612,2,-0.49391,0.247604,-2.84692,-21033.8
2.01,0.264612,2,-0.49391,0.247604,-2.84392,-20596.8
2.01,0.264612,2,-0.49391,0.247604,-2.84092,-20974.3
2.01,0.264612,2,-0.49391,0.247604,-2.83792,-21168.3
2.01,0.264612,2,-0.49391,0.247604,-2.83492,-20530.7
2.01,0.264612,2,-0.49391,0.247604,-2.83192,-21999.6
2.01,0.264612,2,-0.49391,0.247604,-2.82891,-26916.7
2.01,0.264612,2,-0.49391,0.247604,-2.82591,-26822
2.01,0.264612,2,-0.49391,0.247604,-2.82291,-21969.5
2.01,0.264612,2,-0.49391,0.247604,-2.81991,-21392.5
2.01,0.264612,2,-0.49391,0.247604,-2.81691,-24053.8
2.01,0.264612,2,-0.49391,0.247604,-2.81391,-21082.6
2.01,0.264612,2,-0.49391,0.247604,-2.81091,-24441.3
2.01,0.264612,2,-0.49391,0.247604,-2.8079,-22863.9
2.01,0.264612,2,-0.49391,0.247604,-2.8049,-21405.8
2.01,0.264612,2,-0.49391,0.247604,-2.8019,-26388.9
2.01,0.264612,2,-0.49391,0.247604,-2.7989,-24438.1
2.01,0.264612,2,-0.49391,0.247604,-2.7959,-24989.5
2.01,0.264612,2,-0.49391,0.247604,-2.7929,-23238.4
2.01,0.264612,2,-0.49391,0.247604,-2.78989,-27039.8
2.01,0.264612,2,-0.49391,0.247604,-2.78689,-21804.7
2.01,0.264612,2,-0.49391,0.247604,-2.78389,-24290.9
2.01,0.264612,2,-0.49391,0.247604,-2.78089,-26362.3
2.01,0.264612,2,-0.49391,0.247604,-2.77789,-21200.6
2.01,0.264612,2,-0.49391,0.247604,-2.77489,-21165
2.01,0.264612,2,-0.49391,0.247604,-2.77189,-24562.7
2.01,0.264612,2,-0.49391,0.247604,-2.76888,-25356.3
2.01,0.264612,2,-0.49391,0.247604,-2.76588,-21239.8
2.01,0.264612,2,-0.49391,0.247604,-2.76288,-21590.5
2.01,0.264612,2,-0.49391,0.247604,-2.75988,-23972.4
2.01,0.264612,2,-0.49391,0.247604,-2.75688,-23409.1
2.01,0.264612,2,-0.49391,0.247604,-2.75388,-22808.6
2.01,0.264612,2,-0.49391,0.247604,-2.75088,-24668.7
2.01,0.264612,2,-0.49391,0.247604,-2.74787,-21899.9
2.01,0.264612,2,-0.49391,0.247604,-2.74487,-23926.4
2.01,0.264612,2,-0.49391,0.247604,-2.74187,-27066.1
2.01,0.264612,2,-0.49391,0.247604,-2.73887,-22872.8
2.01,0.264612,2,-0.49391,0.247604,-2.73587,-23881
2.01,0.264612,2,-0.49391,0.247604,-2.73287,-23138.9
2.01,0.264612,2,-0.49391,0.247604,-2.72986,-27882.1
2.01,0.264612,2,-0.49391,0.247604,-2.72686,-22330.9
2.01,0.264612,2,-0.49391,0.247604,-2.72386,-27092.6
2.01,0.264612,2,-0.49391,0.247604,-2.72086,-26021
2.01,0.264612,2,-0.49391,0.247604,-2.71786,-26003.3
2.01,0.264612,2,-0.49391,0.247604,-2.71486,-27121.9
2.01,0.264612,2,-0.49391,0.247604,-2.71186,-23950.8
2.01,0.264612,2,-0.49391,0.247604,-2.70885,-23448.9
2.01,0.264612,2,-0.49391,0.247604,-2.70585,-22348.4
2.01,0.264612,2,-0.49391,0.247604,-2.70285,-21675.9
2.01,0.264612,2,-0.49391,0.247604,-2.69985,-25605.6
2.01,0.264612,2,-0.49391,0.247604,-2.69685,-26979.1
2.01,0.264612,2,-0.49391,0.247604,-2.69385,-23380.7
2.01,0.264612,2,-0.49391,0.247604,-2.69085,-24821.7
2.01,0.264612,2,-0.49391,0.247604,-2.68784,-23764.5
2.01,0.264612,2,-0.49391,0.247604,-2.68484,-21748
2.01,0.264612,2,-0.49391,0.247604,-2.68184,-26628.5
2.01,0.264612,2,-0.49391,0.247604,-2.67884,-25101.1
2.01,0.264612,2,-0.49391,0.247604,-2.67584,-26061.8
2.01,0.264612,2,-0.49391,0.247604,-2.67284,-21991.1
2.01,0.264612,2,-0.49391,0.247604,-2.66983,-27225.8
2.01,0.264612,2,-0.49391,0.247604,-2.66683,-26893.5
2.01,0.264612,2,-0.49391,0.247604,-2.66383,-23171.5
2.01,0.264612,2,-0.49391,0.247604,-2.66083,-22771
2.01,0.264612,2,-0.49391,0.247604,-2.65783,-23095.7
2.01,0.264612,2,-0.49391,0.247604,-2.65483,-23085
2.01,0.264612,2,-0.49391,0.247604,-2.65183,-22528.8
2.01,0.264612,2,-0.49391,0.247604,-2.64882,-22857.5
2.01,0.264612,2,-0.49391,0.247604,-2.64582,-22717.4
2.01,0.264612,2,-0.49391,0.247604,-2.64282,-25222.1
2.01,0.264612,2,-0.49391,0.247604,-2.63982,-25579.6
2.01,0.264612,2,-0.49391,0.247604,-2.63682,-27770.7
2.01,0.264612,2,-0.49391,0.247604,-2.63382,-23463.8
2.01,0.264612,2,-0.49391,0.247604,-2.63082,-24711.8
2.01,0.264612,2,-0.49391,0.247604,-2.62781,-26163.2
2.01,0.264612,2,-0.49391,0.247604,-2.62481,-24723.3
2.01,0.264612,2,-0.49391,0.247604,-2.62181,-23997.2
2.01,0.264612,2,-0.49391,0.247604,-2.61881,-26497.7
2.01,0.264612,2,-0.49391,0.247604,-2.61581,-24699.3
2.01,0.264612,2,-0.49391,0.247604,-2.61281,-23746.3
2.01,0.264612,2,-0.49391,0.247604,-2.6098,-25607
2.01,0.264612,2,-0.49391,0.247604,-2.6068,-26455.7
2.01,0.264612,2,-0.49391,0.247604,-2.6038,-26096.5
2.01,0.264612,2,-0.49391,0.247604,-2.6008,-25106.8
2.01,0.264612,2,-0.49391,0.247604,-2.5978,-23862.2
2.01,0.264612,2,-0.49391,0.247604,-2.5948,-27538.3
2.01,0.264612,2,-0.49391,0.247604,-2.5918,-26678.7
2.01,0.264612,2,-0.49391,0.247604,-2.58879,-25348.5
2.01,0.264612,2,-0.49391,0.247604,-2.58579,-23087.5
2.01,0.264612,2,-0.49391,0.247604,-2.58279,-25707.9
2.01,0.264612,2,-0.49391,0.247604,-2.57979,-27646.2
2.01,0.264612,2,-0.49391,0.247604,-2.57679,-22604.4
2.01,0.264612,2,-0.49391,0.247604,-2.57379,-24205.5
2.01,0.264612,2,-0.49391,0.247604,-2.57079,-26777.1
2.01,0.264612,2,-0.49391,0.247604,-2.56778,-25447
2.01,0.264612,2,-0.49391,0.247604,-2.56478,-22979.3
2.01,0.264612,2,-0.49391,0.247604,-2.56178,-22665.4
2.01,0.264612,2,-0.49391,0.247604,-2.55878,-28934.3
2.01,0.264612,2,-0.49391,0.247604,-2.55578,-28648.5
2.01,0.264612,2,-0.49391,0.247604,-2.55278,-24987.8
2.01,0.264612,2,-0.49391,0.247604,-2.54977,-25801.1
2.01,0.264612,2,-0.49391,0.247604,-2.54677,-27763.5
2.01,0.264612,2,-0.49391,0.247604,-2.54377,-24884.3
2.01,0.264612,2,-0.49391,0.247604,-2.54077,-24675.8
2.01,0.264612,2,-0.49391,0.247604,-2.53777,-24188.7
2.01,0.264612,2,-0.49391,0.247604,-2.53477,-23709.7
2.01,0.264612,2,-0.49391,0.247604,-2.53177,-27956.7
2.01,0.264612,2,-0.49391,0.247604,-2.52876,-23370.8
2.01,0.264612,2,-0.49391,0.247604,-2.52576,-26484.1
2.01,0.264612,2,-0.49391,0.247604,-2.52276,-24274.5
2.01,0.264612,2,-0.49391,0.247604,-2.51976,-24739.9
2.01,0.264612,2,-0.49391,0.247604,-2.51676,-26140.2
2.01,0.264612,2,-0.49391,0.247604,-2.51376,-24778.6
2.01,0.264612,2,-0.49391,0.247604,-2.51076,-22680
2.01,0.264612,2,-0.49391,0.247604,-2.50775,-23496.6
2.01,0.264612,2,-0.49391,0.247604,-2.50475,-23532.1
2.01,0.264612,2,-0.49391,0.247604,-2.50175,-24127.1
2.01,0.264612,2,-0.49391,0.247604,-2.49875,-23669.9
2.01,0.264612,2,-0.49391,0.247604,-2.49575,-24170.9
2.01,0.264612,2,-0.49391,0.247604,-2.49275,-27159.5
2.01,0.264612,2,-0.49391,0.247604,-2.48974,-24086.5
2.01,0.264612,2,-0.49391,0.247604,-2.48674,-23172.5
2.01,0.264612,2,-0.49391,0.247604,-2.48374,-24614.4
2.01,0.264612,2,-0.49391,0.247604,-2.48074,-24278.9
2.01,0.264612,2,-0.49391,0.247604,-2.47774,-24666.9
2.01,0.264612,2,-0.49391,0.247604,-2.47474,-24837.6
2.01,0.264612,2,-0.49391,0.247604,-2.47174,-27679.1
2.01,0.264612,2,-0.49391,0.247604,-2.46873,-27933.2
2.01,0.264612,2,-0.49391,0.247604,-2.46573,-23186.5
2.01,0.264612,2,-0.49391,0.247604,-2.46273,-23663.6
2.01,0.264612,2,-0.49391,0.247604,-2.45973,-26475.1
2.01,0.264612,2,-0.49391,0.247604,-2.45673,-28407.2
2.01,0.264612,2,-0.49391,0.247604,-2.45373,-27847
2.01,0.264612,2,-0.49391,0.247604,-2.45073,-23477.1
2.01,0.264612,2,-0.49391,0.247604,-2.44772,-26402.3
2.01,0.264612,2,-0.49391,0.247604,-2.44472,-26471.6
2.01,0.264612,2,-0.49391,0.247604,-2.44172,-24611.7
2.01,0.264612,2,-0.49391,0.247604,-2.43872,-27289.1
2.01,0.264612,2,-0.49391,0.247604,-2.43572,-24539.8
2.01,0.264612,2,-0.49391,0.247604,-2.43272,-25940
2.01,0.264612,2,-0.49391,0.247604,-2.42971,-27481.8
2.01,0.264612,2,-0.49391,0.247604,-2.42671,-25481.9
2.01,0.264612,2,-0.49391,0.247604,-2.42371,-26100.1
2.01,0.264612,2,-0.49391,0.247604,-2.42071,-25897.1
2.01,0.264612,2,-0.49391,0.247604,-2.41771,-26694.7
2.01,0.264612,2,-0.49391,0.247604,-2.41471,-24369.5
2.01,0.264612,2,-0.49391,0.247604,-2.41171,-23951.2
2.01,0.264612,2,-0.49391,0.247604,-2.4087,-25236.8
2.01,0.264612,2,-0.49391,0.247604,-2.4057,-24713.2
2.01,0.264612,2,-0.49391,0.247604,-2.4027,-28545.8
2.01,0.264612,2,-0.49391,0.247604,-2.3997,-27251.2
2.01,0.264612,2,-0.49391,0.247604,-2.3967,-25153.5
2.01,0.264612,2,-0.49391,0.247604,-2.3937,-24320.9
2.01,0.264612,2,-0.49391,0.247604,-2.3907,-25886.4
2.01,0.264612,2,-0.49391,0.247604,-2.38769,-28938.6
2.01,0.264612,2,-0.49391,0.247604,-2.38469,-29287.6
2.01,0.264612,2,-0.49391,0.247604,-2.38169,-27015.5
2.01,0.264612,2,-0.49391,0.247604,-2.37869,-28109.6
2.01,0.264612,2,-0.49391,0.247604,-2.37569,-28874.5
2.01,0.264612,2,-0.49391,0.247604,-2.37269,-23349.3
2.01,0.264612,2,-0.49391,0.247604,-2.36968,-24677.3
2.01,0.264612,2,-0.49391,0.247604,-2.36668,-23540
2.01,0.264612,2,-0.49391,0.247604,-2.36368,-25662.3
2.01,0.264612,2,-0.49391,0.247604,-2.36068,-25722.9
2.01,0.264612,2,-0.49391,0.247604,-2.35768,-24028.3
2.01,0.264612,2,-0.49391,0.247604,-2.35468,-23443.3
2.01,0.264612,2,-0.49391,0.247604,-2.35168,-26210.8
2.01,0.264612,2,-0.49391,0.247604,-2.34867,-24697.5
2.01,0.264612,2,-0.49391,0.247604,-2.34567,-23414
2.01,0.264612,2,-0.49391,0.247604,-2.34267,-24687.4
2.01,0.264612,2,-0.49391,0.247604,-2.33967,-26989.2
2.01,0.264612,2,-0.49391,0.247604,-2.33667,-23323.2
2.01,0.264612,2,-0.49391,0.247604,-2.33367,-25439.3
2.01,0.264612,2,-0.49391,0.247604,-2.33067,-25203.6
2.01,0.264612,2,-0.49391,0.247604,-2.32766,-25291.4
2.01,0.264612,2,-0.49391,0.247604,-2.32466,-24166.7
2.01,0.264612,2,-0.49391,0.247604,-2.32166,-23814.2
2.01,0.264612,2,-0.49391,0.247604,-2.31866,-23527.4
2.01,0.264612,2,-0.49391,0.247604,-2.31566,-26701.2
2.01,0.264612,2,-0.49391,0.247604,-2.31266,-23129.6
2.01,0.264612,2,-0.49391,0.247604,-2.30965,-29387.3
2.01,0.264612,2,-0.49391,0.247604,-2.30665,-26382.2
2.01,0.264612,2,-0.49391,0.247604,-2.30365,-23941.3
2.01,0.264612,2,-0.49391,0.247604,-2.30065,-23518.7
2.01,0.264612,2,-0.49391,0.247604,-2.29765,-26756.1
2.01,0.264612,2,-0.49391,0.247604,-2.29465,-27939.8
2.01,0.264612,2,-0.49391,0.247604,-2.29165,-24963.7
2.01,0.264612,2,-0.49391,0.247604,-2.28864,-28729.4
2.01,0.264612,2,-0.49391,0.247604,-2.28564,-29037.4
2.01,0.264612,2,-0.49391,0.247604,-2.28264,-28459.1
2.01,0.264612,2,-0.49391,0.247604,-2.27964,-24091.5
2.01,0.264612,2,-0.49391,0.247604,-2.27664,-28232.6
2.01,0.264612,2,-0.49391,0.247604,-2.27364,-24133.2
2.01,0.264612,2,-0.49391,0.247604,-2.27064,-29815.2
2.01,0.264612,2,-0.49391,0.247604,-2.26763,-28630.4
2.01,0.264612,2,-0.49391,0.247604,-2.26463,-25994.1
2.01,0.264612,2,-0.49391,0.247604,-2.26163,-27534.9
2.01,0.264612,2,-0.49391,0.247604,-2.25863,-24286.1
2.01,0.264612,2,-0.49391,0.247604,-2.25563,-23773.7
2.01,0.264612,2,-0.49391,0.247604,-2.25263,-25883.5
2.01,0.264612,2,-0.49391,0.247604,-2.24962,-24363.9
2.01,0.264612,2,-0.49391,0.247604,-2.24662,-25071.5
2.01,0.264612,2,-0.49391,0.247604,-2.24362,-29412.2
2.01,0.264612,2,-0.49391,0.247604,-2.24062,-27919.9
2.01,0.264612,2,-0.49391,0.247604,-2.23762,-27296.1
2.01,0.264612,2,-0.49391,0.247604,-2.23462,-23955.1
2.01,0.264612,2,-0.49391,0.247604,-2.23162,-30175.7
2.01,0.264612,2,-0.49391,0.247604,-2.22861,-23899.9
2.01,0.264612,2,-0.49391,0.247604,-2.22561,-28129.4
2.01,0.264612,2,-0.49391,0.247604,-2.22261,-24579.4
2.01,0.264612,2,-0.49391,0.247604,-2.21961,-24358.5
2.01,0.264612,2,-0.49391,0.247604,-2.21661,-26343.3
2.01,0.264612,2,-0.49391,0.247604,-2.21361,-29052.2
2.01,0.264612,2,-0.49391,0.247604,-2.21061,-26358.5
2.01,0.264612,2,-0.49391,0.247604,-2.2076,-24426.7
2.01,0.264612,2,-0.49391,0.247604,-2.2046,-24688.4
2.01,0.264612,2,-0.49391,0.247604,-2.2016,-26015.7
2.01,0.264612,2,-0.49391,0.247604,-2.1986,-29174.2
2.01,0.264612,2,-0.49391,0.247604,-2.1956,-24260.5
2.01,0.264612,2,-0.49391,0.247604,-2.1926,-27072.8
2.01,0.264612,2,-0.49391,0.247604,-2.18959,-25912.5
2.01,0.264612,2,-0.49391,0.247604,-2.18659,-25373.8
2.01,0.264612,2,-0.49391,0.247604,-2.18359,-28549
2.01,0.264612,2,-0.49391,0.247604,-2.18059,-30659.3
2.01,0.264612,2,-0.49391,0.247604,-2.17759,-25880
2.01,0.264612,2,-0.49391,0.247604,-2.17459,-24004.5
2.01,0.264612,2,-0.49391,0.247604,-2.17159,-25696.7
2.01,0.264612,2,-0.49391,0.247604,-2.16858,-26093.1
2.01,0.264612,2,-0.49391,0.247604,-2.16558,-23925
2.01,0.264612,2,-0.49391,0.247604,-2.16258,-26030.3
2.01,0.264612,2,-0.49391,0.247604,-2.15958,-24066.6
2.01,0.264612,2,-0.49391,0.247604,-2.15658,-27959.3
2.01,0.264612,2,-0.49391,0.247604,-2.15358,-25035
2.01,0.264612,2,-0.49391,0.247604,-2.15058,-27211.4
2.01,0.264612,2,-0.49391,0.247604,-2.14757,-27057.9
2.01,0.264612,2,-0.49391,0.247604,-2.14457,-25181.4
2.01,0.264612,2,-0.49391,0.247604,-2.14157,-23564.2
2.01,0.264612,2,-0.49391,0.247604,-2.13857,-24479.2
2.01,0.264612,2,-0.49391,0.247604,-2.13557,-27495.3
2.01,0.264612,2,-0.49391,0.247604,-2.13257,-24501.1
2.01,0.264612,2,-0.49391,0.247604,-2.12956,-29930.7
2.01,0.264612,2,-0.49391,0.247604,-2.12656,-28075.8
2.01,0.264612,2,-0.49391,0.247604,-2.12356,-28353.1
2.01,0.264612,2,-0.49391,0.247604,-2.12056,-23402.7
2.01,0.264612,2,-0.49391,0.247604,-2.11756,-24448.6
2.01,0.264612,2,-0.49391,0.247604,-2.11456,-29809.8
2.01,0.264612,2,-0.49391,0.247604,-2.11156,-25296.4
2.01,0.264612,2,-0.49391,0.247604,-2.10855,-24616.9
2.01,0.264612,2,-0.49391,0.247604,-2.10555,-26524.9
2.01,0.264612,2,-0.49391,0.247604,-2.10255,-28411
2.01,0.264612,2,-0.49391,0.247604,-2.09955,-30474.7
2.01,0.264612,2,-0.49391,0.247604,-2.09655,-25381.7
2.01,0.264612,2,-0.49391,0.247604,-2.09355,-24271
2.01,0.264612,2,-0.49391,0.247604,-2.09055,-28808.8
2.01,0.264612,2,-0.49391,0.247604,-2.08754,-26232.8
2.01,0.264612,2,-0.49391,0.247604,-2.08454,-30104.8
2.01,0.264612,2,-0.49391,0.247604,-2.08154,-28917.8
2.01,0.264612,2,-0.49391,0.247604,-2.07854,-29474.1
2.01,0.264612,2,-0.49391,0.247604,-2.07554,-23659.8
2.01,0.264612,2,-0.49391,0.247604,-2.07254,-25106.7
2.01,0.264612,2,-0.49391,0.247604,-2.06953,-27197.5
2.01,0.264612,2,-0.49391,0.247604,-2.06653,-28481.4
2.01,0.264612,2,-0.49391,0.247604,-2.06353,-24824.7
2.01,0.264612,2,-0.49391,0.247604,-2.06053,-29308.3
2.01,0.264612,2,-0.49391,0.247604,-2.05753,-26848
2.01,0.264612,2,-0.49391,0.247604,-2.05453,-26525.5
2.01,0.264612,2,-0.49391,0.247604,-2.05153,-26138.4
2.01,0.264612,2,-0.49391,0.247604,-2.04852,-28988.5
2.01,0.264612,2,-0.49391,0.247604,-2.04552,-25524.2
2.01,0.264612,2,-0.49391,0.247604,-2.04252,-25724.5
2.01,0.264612,2,-0.49391,0.247604,-2.03952,-29039.3
2.01,0.264612,2,-0.49391,0.247604,-2.03652,-24872.5
2.01,0.264612,2,-0.49391,0.247604,-2.03352,-24416.1
2.01,0.264612,2,-0.49391,0.247604,-2.03052,-27784.8
2.01,0.264612,2,-0.49391,0.247604,-2.02751,-23831.3
2.01,0.264612,2,-0.49391,0.247604,-2.02451,-25224.8
2.01,0.264612,2,-0.49391,0.247604,-2.02151,-28369.2
2.01,0.264612,2,-0.49391,0.247604,-2.01851,-26160
2.01,0.264612,2,-0.49391,0.247604,-2.01551,-26450.8
2.01,0.264612,2,-0.49391,0.247604,-2.01251,-26968
2.01,0.264612,2,-0.49391,0.247604,-2.0095,-24836.2
2.01,0.264612,2,-0.49391,0.247604,-2.0065,-25655
2.01,0.264612,2,-0.49391,0.247604,-2.0035,-24933.3
2.01,0.264612,2,-0.49391,0.247604,-2.0005,-24944.8
2.01,0.264612,2,-0.49391,0.247604,-1.9975,-29719.8
2.01,0.264612,2,-0.49391,0.247604,-1.9945,-29937.2
2.01,0.264612,2,-0.49391,0.247604,-1.9915,-26495
2.01,0.264612,2,-0.49391,0.247604,-1.98849,-23816.5
2.01,0.264612,2,-0.49391,0.247604,-1.98549,-26145.4
2.01,0.264612,2,-0.49391,0.247604,-1.98249,-28831.4
2.01,0.264612,2,-0.49391,0.247604,-1.97949,-24678.4
2.01,0.264612,2,-0.49391,0.247604,-1.97649,-25096.5
2.01,0.264612,2,-0.49391,0.247604,-1.97349,-27202.4
2.01,0.264612,2,-0.49391,0.247604,-1.97049,-25991.3
2.01,0.264612,2,-0.49391,0.247604,-1.96748,-25299.7
2.01,0.264612,2,-0.49391,0.247604,-1.96448,-25459.3
2.01,0.264612,2,-0.49391,0.247604,-1.96148,-29210.6
2.01,0.264612,2,-0.49391,0.247604,-1.95848,-25075.5
2.01,0.264612,2,-0.49391,0.247604,-1.95548,-24265.6
2.01,0.264612,2,-0.49391,0.247604,-1.95248,-30051.6
2.01,0.264612,2,-0.49391,0.247604,-1.94947,-29100.7
2.01,0.264612,2,-0.49391,0.247604,-1.94647,-26448.3
2.01,0.264612,2,-0.49391,0.247604,-1.94347,-23550.5
2.01,0.264612,2,-0.49391,0.247604,-1.94047,-23841.6
2.01,0.264612,2,-0.49391,0.247604,-1.93747,-30170.9
2.01,0.264612,2,-0.49391,0.247604,-1.93447,-25427
2.01,0.264612,2,-0.49391,0.247604,-1.93147,-24600.3
2.01,0.264612,2,-0.49391,0.247604,-1.92846,-24221.4
2.01,0.264612,2,-0.49391,0.247604,-1.92546,-25935
2.01,0.264612,2,-0.49391,0.247604,-1.92246,-27100.7
2.01,0.264612,2,-0.49391,0.247604,-1.91946,-24532.4
2.01,0.264612,2,-0.49391,0.247604,-1.91646,-26063.1
2.01,0.264612,2,-0.49391,0.247604,-1.91346,-25263.7
2.01,0.264612,2,-0.49391,0.247604,-1.91046,-28157.4
2.01,0.264612,2,-0.49391,0.247604,-1.90745,-24160.5
2.01,0.264612,2,-0.49391,0.247604,-1.90445,-29474
2.01,0.264612,2,-0.49391,0.247604,-1.90145,-25391.5
2.01,0.264612,2,-0.49391,0.247604,-1.89845,-26190.7
2.01,0.264612,2,-0.49391,0.247604,-1.89545,-27644.7
2.01,0.264612,2,-0.49391,0.247604,-1.89245,-27644.7
2.01,0.264612,2,-0.49391,0.247604,-1.88944,-26757.4
2.01,0.264612,2,-0.49391,0.247604,-1.88644,-24654.6
2.01,0.264612,2,-0.49391,0.247604,-1.88344,-24323.9
2.01,0.264612,2,-0.49391,0.247604,-1.88044,-25726.7
2.01,0.264612,2,-0.49391,0.247604,-1.87744,-25698.4
2.01,0.264612,2,-0.49391,0.247604,-1.87444,-27636.5
2.01,0.264612,2,-0.49391,0.247604,-1.87144,-29102
2.01,0.264612,2,-0.49391,0.247604,-1.86843,-26849.5
2.01,0.264612,2,-0.49391,0.247604,-1.86543,-24863
2.01,0.264612,2,-0.49391,0.247604,-1.86243,-26457.6
2.01,0.264612,2,-0.49391,0.247604,-1.85943,-23629.5
2.01,0.264612,2,-0.49391,0.247604,-1.85643,-24038.3
2.01,0.264612,2,-0.49391,0.247604,-1.85343,-28806.1
2.01,0.264612,2,-0.49391,0.247604,-1.85043,-24280.4
2.01,0.264612,2,-0.49391,0.247604,-1.84742,-28281.1
2.01,0.264612,2,-0.49391,0.247604,-1.84442,-30515.6
2.01,0.264612,2,-0.49391,0.247604,-1.84142,-27438.5
2.01,0.264612,2,-0.49391,0.247604,-1.83842,-26682.5
2.01,0.264612,2,-0.49391,0.247604,-1.83542,-29462.2
2.01,0.264612,2,-0.49391,0.247604,-1.83242,-29980.2
2.01,0.264612,2,-0.49391,0.247604,-1.82941,-26382.9
2.01,0.264612,2,-0.49391,0.247604,-1.82641,-30410.3
2.01,0.264612,2,-0.49391,0.247604,-1.82341,-27001.9
2.01,0.264612,2,-0.49391,0.247604,-1.82041,-27473.9
2.01,0.264612,2,-0.49391,0.247604,-1.81741,-29312.9
2.01,0.264612,2,-0.49391,0.247604,-1.81441,-26097.4
2.01,0.264612,2,-0.49391,0.247604,-1.81141,-26377.8
2.01,0.264612,2,-0.49391,0.247604,-1.8084,-28518
2.01,0.264612,2,-0.49391,0.247604,-1.8054,-28630.6
2.01,0.264612,2,-0.49391,0.247604,-1.8024,-25321.3
2.01,0.264612,2,-0.49391,0.247604,-1.7994,-24373.1
2.01,0.264612,2,-0.49391,0.247604,-1.7964,-28987
2.01,0.264612,2,-0.49391,0.247604,-1.7934,-27707.3
2.01,0.264612,2,-0.49391,0.247604,-1.7904,-24649.3
2.01,0.264612,2,-0.49391,0.247604,-1.78739,-29698.1
2.01,0.264612,2,-0.49391,0.247604,-1.78439,-28820.8
2.01,0.264612,2,-0.49391,0.247604,-1.78139,-26391.9
2.01,0.264612,2,-0.49391,0.247604,-1.77839,-25717.8
2.01,0.264612,2,-0.49391,0.247604,-1.77539,-24613.3
2.01,0.264612,2,-0.49391,0.247604,-1.77239,-28392.5
2.01,0.264612,2,-0.49391,0.247604,-1.76938,-26528.8
2.01,0.264612,2,-0.49391,0.247604,-1.76638,-26926.2
2.01,0.264612,2,-0.49391,0.247604,-1.76338,-30231.4
2.01,0.264612,2,-0.49391,0.247604,-1.76038,-26683.8
2.01,0.264612,2,-0.49391,0.247604,-1.75738,-24966.9
2.01,0.264612,2,-0.49391,0.247604,-1.75438,-29771.7
2.01,0.264612,2,-0.49391,0.247604,-1.75138,-23556.4
2.01,0.264612,2,-0.49391,0.247604,-1.74837,-24530
2.01,0.264612,2,-0.49391,0.247604,-1.74537,-26919.7
2.01,0.264612,2,-0.49391,0.247604,-1.74237,-25032.5
2.01,0.264612,2,-0.49391,0.247604,-1.73937,-25830.6
2.01,0.264612,2,-0.49391,0.247604,-1.73637,-24147.1
2.01,0.264612,2,-0.49391,0.247604,-1.73337,-24749.5
2.01,0.264612,2,-0.49391,0.247604,-1.73037,-23940.6
2.01,0.264612,2,-0.49391,0.247604,-1.72736,-26568.3
2.01,0.264612,2,-0.49391,0.247604,-1.72436,-28107.8
2.01,0.264612,2,-0.49391,0.247604,-1.72136,-25119.4
2.01,0.264612,2,-0.49391,0.247604,-1.71836,-29467.9
2.01,0.264612,2,-0.49391,0.247604,-1.71536,-26351.4
2.01,0.264612,2,-0.49391,0.247604,-1.71236,-24581.7
2.01,0.264612,2,-0.49391,0.247604,-1.70935,-27725.3
2.01,0.264612,2,-0.49391,0.247604,-1.70635,-28557.5
2.01,0.264612,2,-0.49391,0.247604,-1.70335,-30210.3
2.01,0.264612,2,-0.49391,0.247604,-1.70035,-23828.5
2.01,0.264612,2,-0.49391,0.247604,-1.69735,-24466
2.01,0.264612,2,-0.49391,0.247604,-1.69435,-26728.7
2.01,0.264612,2,-0.49391,0.247604,-1.69135,-27467
2.01,0.264612,2,-0.49391,0.247604,-1.68834,-28492.9
2.01,0.264612,2,-0.49391,0.247604,-1.68534,-23572.5
2.01,0.264612,2,-0.49391,0.247604,-1.68234,-24450.4
2.01,0.264612,2,-0.49391,0.247604,-1.67934,-28977.8
2.01,0.264612,2,-0.49391,0.247604,-1.67634,-28436.7
2.01,0.264612,2,-0.49391,0.247604,-1.67334,-23798.5
2.01,0.264612,2,-0.49391,0.247604,-1.67034,-25669
2.01,0.264612,2,-0.49391,0.247604,-1.66733,-25430.1
2.01,0.264612,2,-0.49391,0.247604,-1.66433,-24326.8
2.01,0.264612,2,-0.49391,0.247604,-1.66133,-25061.5
2.01,0.264612,2,-0.49391,0.247604,-1.65833,-25895.2
2.01,0.264612,2,-0.49391,0.247604,-1.65533,-24864.2
2.01,0.264612,2,-0.49391,0.247604,-1.65233,-23842.3
2.01,0.264612,2,-0.49391,0.247604,-1.64932,-26374.1
2.01,0.264612,2,-0.49391,0.247604,-1.64632,-26336.9
2.01,0.264612,2,-0.49391,0.247604,-1.64332,-30105.2
2.01,0.264612,2,-0.49391,0.247604,-1.64032,-24791.4
2.01,0.264612,2,-0.49391,0.247604,-1.63732,-23956.3
2.01,0.264612,2,-0.49391,0.247604,-1.63432,-27886
2.01,0.264612,2,-0.49391,0.247604,-1.63132,-24198.1
2.01,0.264612,2,-0.49391,0.247604,-1.62831,-29001.6
2.01,0.264612,2,-0.49391,0.247604,-1.62531,-25037
2.01,0.264612,2,-0.49391,0.247604,-1.62231,-24877.3
2.01,0.264612,2,-0.49391,0.247604,-1.61931,-24152.1
2.01,0.264612,2,-0.49391,0.247604,-1.61631,-24357.8
2.01,0.264612,2,-0.49391,0.247604,-1.61331,-24981.8
2.01,0.264612,2,-0.49391,0.247604,-1.61031,-25395.1
2.01,0.264612,2,-0.49391,0.247604,-1.6073,-25089.1
2.01,0.264612,2,-0.49391,0.247604,-1.6043,-28180.8
2.01,0.264612,2,-0.49391,0.247604,-1.6013,-27229.7
2.01,0.264612,2,-0.49391,0.247604,-1.5983,-29229.6
2.01,0.264612,2,-0.49391,0.247604,-1.5953,-23888.1
2.01,0.264612,2,-0.49391,0.247604,-1.5923,-24313.8
2.01,0.264612,2,-0.49391,0.247604,-1.58929,-23692.7
2.01,0.264612,2,-0.49391,0.247604,-1.58629,-28468.8
2.01,0.264612,2,-0.49391,0.247604,-1.58329,-27752.9
2.01,0.264612,2,-0.49391,0.247604,-1.58029,-24980.2
2.01,0.264612,2,-0.49391,0.247604,-1.57729,-23587.1
2.01,0.264612,2,-0.49391,0.247604,-1.57429,-23994
2.01,0.264612,2,-0.49391,0.247604,-1.57129,-29937.2
2.01,0.264612,2,-0.49391,0.247604,-1.56828,-28406.8
2.01,0.264612,2,-0.49391,0.247604,-1.56528,-27821.7
2.01,0.264612,2,-0.49391,0.247604,-1.56228,-29264.1
2.01,0.264612,2,-0.49391,0.247604,-1.55928,-25873.7
2.01,0.264612,2,-0.49391,0.247604,-1.55628,-25357.1
2.01,0.264612,2,-0.49391,0.247604,-1.55328,-29195.7
2.01,0.264612,2,-0.49391,0.247604,-1.55028,-24458.5
2.01,0.264612,2,-0.49391,0.247604,-1.54727,-27283
2.01,0.264612,2,-0.49391,0.247604,-1.54427,-27987.7
2.01,0.264612,2,-0.49391,0.247604,-1.54127,-26984.4
2.01,0.264612,2,-0.49391,0.247604,-1.53827,-26429
2.01,0.264612,2,-0.49391,0.247604,-1.53527,-23508.8
2.01,0.264612,2,-0.49391,0.247604,-1.53227,-26275.5
2.01,0.264612,2,-0.49391,0.247604,-1.52926,-27208.3
2.01,0.264612,2,-0.49391,0.247604,-1.52626,-27305.8
2.01,0.264612,2,-0.49391,0.247604,-1.52326,-27783.7
2.01,0.264612,2,-0.49391,0.247604,-1.52026,-26906.6
2.01,0.264612,2,-0.49391,0.247604,-1.51726,-28515.7
2.01,0.264612,2,-0.49391,0.247604,-1.51426,-30113.8
2.01,0.264612,2,-0.49391,0.247604,-1.51126,-30231.4
2.01,0.264612,2,-0.49391,0.247604,-1.50825,-24840
2.01,0.264612,2,-0.49391,0.247604,-1.50525,-29101.6
2.01,0.264612,2,-0.49391,0.247604,-1.50225,-25727.2
2.01,0.264612,2,-0.49391,0.247604,-1.49925,-28088
2.01,0.264612,2,-0.49391,0.247604,-1.49625,-27299.6
2.01,0.264612,2,-0.49391,0.247604,-1.49325,-26885.1
2.01,0.264612,2,-0.49391,0.247604,-1.49025,-23734.2
2.01,0.264612,2,-0.49391,0.247604,-1.48724,-24372.1
2.01,0.264612,2,-0.49391,0.247604,-1.48424,-23865.7
2.01,0.264612,2,-0.49391,0.247604,-1.48124,-24149.5
2.01,0.264612,2,-0.49391,0.247604,-1.47824,-26972.1
2.01,0.264612,2,-0.49391,0.247604,-1.47524,-30254.4
2.01,0.264612,2,-0.49391,0.247604,-1.47224,-23907
2.01,0.264612,2,-0.49391,0.247604,-1.46923,-28728.5
2.01,0.264612,2,-0.49391,0.247604,-1.46623,-26697.7
2.01,0.264612,2,-0.49391,0.247604,-1.46323,-28370.3
2.01,0.264612,2,-0.49391,0.247604,-1.46023,-23329.1
2.01,0.264612,2,-0.49391,0.247604,-1.45723,-27813.7
2.01,0.264612,2,-0.49391,0.247604,-1.45423,-26666.6
2.01,0.264612,2,-0.49391,0.247604,-1.45123,-25287.1
2.01,0.264612,2,-0.49391,0.247604,-1.44822,-28372
2.01,0.264612,2,-0.49391,0.247604,-1.44522,-26879.5
2.01,0.264612,2,-0.49391,0.247604,-1.44222,-24174.1
2.01,0.264612,2,-0.49391,0.247604,-1.43922,-27828.5
2.01,0.264612,2,-0.49391,0.247604,-1.43622,-25454.9
2.01,0.264612,2,-0.49391,0.247604,-1.43322,-28325.5
2.01,0.264612,2,-0.49391,0.247604,-1.43022,-28961.4
2.01,0.264612,2,-0.49391,0.247604,-1.42721,-26700.2
2.01,0.264612,2,-0.49391,0.247604,-1.42421,-29913.3
2.01,0.264612,2,-0.49391,0.247604,-1.42121,-28782.5
2.01,0.264612,2,-0.49391,0.247604,-1.41821,-27424.3
2.01,0.264612,2,-0.49391,0.247604,-1.41521,-25795.5
2.01,0.264612,2,-0.49391,0.247604,-1.41221,-23790
2.01,0.264612,2,-0.49391,0.247604,-1.4092,-25445
2.01,0.264612,2,-0.49391,0.247604,-1.4062,-24759
2.01,0.264612,2,-0.49391,0.247604,-1.4032,-25139.8
2.01,0.264612,2,-0.49391,0.247604,-1.4002,-24828.8
2.01,0.264612,2,-0.49391,0.247604,-1.3972,-24959.4
2.01,0.264612,2,-0.49391,0.247604,-1.3942,-26752.1
2.01,0.264612,2,-0.49391,0.247604,-1.3912,-28014.2
2.01,0.264612,2,-0.49391,0.247604,-1.38819,-23226
2.01,0.264612,2,-0.49391,0.247604,-1.38519,-24347.2
2.01,0.264612,2,-0.49391,0.247604,-1.38219,-26220.9
2.01,0.264612,2,-0.49391,0.247604,-1.37919,-24292.3
2.01,0.264612,2,-0.49391,0.247604,-1.37619,-25668.9
2.01,0.264612,2,-0.49391,0.247604,-1.37319,-29242.9
2.01,0.264612,2,-0.49391,0.247604,-1.37019,-27118.2
2.01,0.264612,2,-0.49391,0.247604,-1.36718,-29222.7
2.01,0.264612,2,-0.49391,0.247604,-1.36418,-24551.4
2.01,0.264612,2,-0.49391,0.247604,-1.36118,-26953.6
2.01,0.264612,2,-0.49391,0.247604,-1.35818,-23704.6
2.01,0.264612,2,-0.49391,0.247604,-1.35518,-26278.4
2.01,0.264612,2,-0.49391,0.247604,-1.35218,-26370
2.01,0.264612,2,-0.49391,0.247604,-1.34917,-24002.3
2.01,0.264612,2,-0.49391,0.247604,-1.34617,-28705.4
2.01,0.264612,2,-0.49391,0.247604,-1.34317,-26585.9
2.01,0.264612,2,-0.49391,0.247604,-1.34017,-25046.5
2.01,0.264612,2,-0.49391,0.247604,-1.33717,-25014.4
2.01,0.264612,2,-0.49391,0.247604,-1.33417,-29286.8
2.01,0.264612,2,-0.49391,0.247604,-1.33117,-25676.7
2.01,0.264612,2,-0.49391,0.247604,-1.32816,-28981.2
2.01,0.264612,2,-0.49391,0.247604,-1.32516,-26126.4
2.01,0.264612,2,-0.49391,0.247604,-1.32216,-28495.7
2.01,0.264612,2,-0.49391,0.247604,-1.31916,-26830.5
2.01,0.264612,2,-0.49391,0.247604,-1.31616,-25296.6
2.01,0.264612,2,-0.49391,0.247604,-1.31316,-22925.4
2.01,0.264612,2,-0.49391,0.247604,-1.31016,-24154.6
2.01,0.264612,2,-0.49391,0.247604,-1.30715,-27685.9
2.01,0.264612,2,-0.49391,0.247604,-1.30415,-24006.4
2.01,0.264612,2,-0.49391,0.247604,-1.30115,-24471.4
2.01,0.264612,2,-0.49391,0.247604,-1.29815,-25117.5
2.01,0.264612,2,-0.49391,0.247604,-1.29515,-29094
2.01,0.264612,2,-0.49391,0.247604,-1.29215,-26548.5
2.01,0.264612,2,-0.49391,0.247604,-1.28914,-26037.3
2.01,0.264612,2,-0.49391,0.247604,-1.28614,-23204.3
2.01,0.264612,2,-0.49391,0.247604,-1.28314,-25091.5
2.01,0.264612,2,-0.49391,0.247604,-1.28014,-23765.2
2.01,0.264612,2,-0.49391,0.247604,-1.27714,-29186.1
2.01,0.264612,2,-0.49391,0.247604,-1.27414,-26889.3
2.01,0.264612,2,-0.49391,0.247604,-1.27114,-27962.2
2.01,0.264612,2,-0.49391,0.247604,-1.26813,-24032.3
2.01,0.264612,2,-0.49391,0.247604,-1.26513,-24810.8
2.01,0.264612,2,-0.49391,0.247604,-1.26213,-24581.3
2.01,0.264612,2,-0.49391,0.247604,-1.25913,-25106
2.01,0.264612,2,-0.49391,0.247604,-1.25613,-29008
2.01,0.264612,2,-0.49391,0.247604,-1.25313,-25198.5
2.01,0.264612,2,-0.49391,0.247604,-1.25013,-24404.3
2.01,0.264612,2,-0.49391,0.247604,-1.24712,-24313.6
2.01,0.264612,2,-0.49391,0.247604,-1.24412,-24782.8
2.01,0.264612,2,-0.49391,0.247604,-1.24112,-24221.1
2.01,0.264612,2,-0.49391,0.247604,-1.23812,-28139.1
2.01,0.264612,2,-0.49391,0.247604,-1.23512,-24357.6
2.01,0.264612,2,-0.49391,0.247604,-1.23212,-27759.4
2.01,0.264612,2,-0.49391,0.247604,-1.22911,-24730.5
2.01,0.264612,2,-0.49391,0.247604,-1.22611,-23346.3
2.01,0.264612,2,-0.49391,0.247604,-1.22311,-27309.5
2.01,0.264612,2,-0.49391,0.247604,-1.22011,-23939.6
2.01,0.264612,2,-0.49391,0.247604,-1.21711,-24635.1
2.01,0.264612,2,-0.49391,0.247604,-1.21411,-25106.8
2.01,0.264612,2,-0.49391,0.247604,-1.21111,-28653.3
2.01,0.264612,2,-0.49391,0.247604,-1.2081,-24841
2.01,0.264612,2,-0.49391,0.247604,-1.2051,-26169.8
2.01,0.264612,2,-0.49391,0.247604,-1.2021,-23967.5
2.01,0.264612,2,-0.49391,0.247604,-1.1991,-25846.7
2.01,0.264612,2,-0.49391,0.247604,-1.1961,-22745.3
2.01,0.264612,2,-0.49391,0.247604,-1.1931,-27105.9
2.01,0.264612,2,-0.49391,0.247604,-1.1901,-28278.2
2.01,0.264612,2,-0.49391,0.247604,-1.18709,-25840.4
2.01,0.264612,2,-0.49391,0.247604,-1.18409,-24752.9
2.01,0.264612,2,-0.49391,0.247604,-1.18109,-22721.1
2.01,0.264612,2,-0.49391,0.247604,-1.17809,-22851.5
2.01,0.264612,2,-0.49391,0.247604,-1.17509,-25084.6
2.01,0.264612,2,-0.49391,0.247604,-1.17209,-25263.4
2.01,0.264612,2,-0.49391,0.247604,-1.16908,-23020.9
2.01,0.264612,2,-0.49391,0.247604,-1.16608,-26650.5
2.01,0.264612,2,-0.49391,0.247604,-1.16308,-24105.1
2.01,0.264612,2,-0.49391,0.247604,-1.16008,-23941.9
2.01,0.264612,2,-0.49391,0.247604,-1.15708,-25970.1
2.01,0.264612,2,-0.49391,0.247604,-1.15408,-25460.6
2.01,0.264612,2,-0.49391,0.247604,-1.15108,-22230.4
2.01,0.264612,2,-0.49391,0.247604,-1.14807,-24802.2
2.01,0.264612,2,-0.49391,0.247604,-1.14507,-23186.4
2.01,0.264612,2,-0.49391,0.247604,-1.14207,-23230.2
2.01,0.264612,2,-0.49391,0.247604,-1.13907,-26119.9
2.01,0.264612,2,-0.49391,0.247604,-1.13607,-26194.2
2.01,0.264612,2,-0.49391,0.247604,-1.13307,-26799.6
2.01,0.264612,2,-0.49391,0.247604,-1.13007,-25912.4
2.01,0.264612,2,-0.49391,0.247604,-1.12706,-25655.2
2.01,0.264612,2,-0.49391,0.247604,-1.12406,-24211.5
2.01,0.264612,2,-0.49391,0.247604,-1.12106,-24301
2.01,0.264612,2,-0.49391,0.247604,-1.11806,-26320.8
2.01,0.264612,2,-0.49391,0.247604,-1.11506,-23018.9
2.01,0.264612,2,-0.49391,0.247604,-1.11206,-22814.8
2.01,0.264612,2,-0.49391,0.247604,-1.10905,-27063.7
2.01,0.264612,2,-0.49391,0.247604,-1.10605,-22524
2.01,0.264612,2,-0.49391,0.247604,-1.10305,-25881.8
2.01,0.264612,2,-0.49391,0.247604,-1.10005,-24437
2.01,0.264612,2,-0.49391,0.247604,-1.09705,-25754.2
2.01,0.264612,2,-0.49391,0.247604,-1.09405,-25200.5
2.01,0.264612,2,-0.49391,0.247604,-1.09105,-23282.4
2.01,0.264612,2,-0.49391,0.247604,-1.08804,-23021.6
2.01,0.264612,2,-0.49391,0.247604,-1.08504,-24871.4
2.01,0.264612,2,-0.49391,0.247604,-1.08204,-22077
2.01,0.264612,2,-0.49391,0.247604,-1.07904,-23030.6
2.01,0.264612,2,-0.49391,0.247604,-1.07604,-24669
2.01,0.264612,2,-0.49391,0.247604,-1.07304,-28256.7
2.01,0.264612,2,-0.49391,0.247604,-1.07004,-25984.1
2.01,0.264612,2,-0.49391,0.247604,-1.06703,-27448.7
2.01,0.264612,2,-0.49391,0.247604,-1.06403,-23152.9
2.01,0.264612,2,-0.49391,0.247604,-1.06103,-22797
2.01,0.264612,2,-0.49391,0.247604,-1.05803,-22158.8
2.01,0.264612,2,-0.49391,0.247604,-1.05503,-26287.6
2.01,0.264612,2,-0.49391,0.247604,-1.05203,-23174.3
2.01,0.264612,2,-0.49391,0.247604,-1.04902,-24787.5
2.01,0.264612,2,-0.49391,0.247604,-1.04602,-23313.5
2.01,0.264612,2,-0.49391,0.247604,-1.04302,-22541.3
2.01,0.264612,2,-0.49391,0.247604,-1.04002,-25525.3
2.01,0.264612,2,-0.49391,0.247604,-1.03702,-23548.1
2.01,0.264612,2,-0.49391,0.247604,-1.03402,-25652.8
2.01,0.264612,2,-0.49391,0.247604,-1.03102,-24479.2
2.01,0.264612,2,-0.49391,0.247604,-1.02801,-22336.5
2.01,0.264612,2,-0.49391,0.247604,-1.02501,-23604.9
2.01,0.264612,2,-0.49391,0.247604,-1.02201,-25417.3
2.01,0.264612,2,-0.49391,0.247604,-1.01901,-26828.9
2.01,0.264612,2,-0.49391,0.247604,-1.01601,-21748.6
2.01,0.264612,2,-0.49391,0.247604,-1.01301,-25641.3
2.01,0.264612,2,-0.49391,0.247604,-1.01001,-22981.1
2.01,0.264612,2,-0.49391,0.247604,-1.007,-27547.4
2.01,0.264612,2,-0.49391,0.247604,-1.004,-26863.8
2.01,0.264612,2,-0.49391,0.247604,-1.001,-22954.9
2.01,0.264612,2,-0.49391,0.247604,-0.997999,-23202.8
2.01,0.264612,2,-0.49391,0.247604,-0.994997,-22421.6
2.01,0.264612,2,-0.49391,0.247604,-0.991996,-24984
2.01,0.264612,2,-0.49391,0.247604,-0.988994,-20954.5
2.01,0.264612,2,-0.49391,0.247604,-0.985993,-24251.7
2.01,0.264612,2,-0.49391,0.247604,-0.982991,-22718
2.01,0.264612,2,-0.49391,0.247604,-0.97999,-24263.2
2.01,0.264612,2,-0.49391,0.247604,-0.976988,-21648.6
2.01,0.264612,2,-0.49391,0.247604,-0.973987,-23041.3
2.01,0.264612,2,-0.49391,0.247604,-0.970985,-22721.9
2.01,0.264612,2,-0.49391,0.247604,-0.967984,-24681.2
2.01,0.264612,2,-0.49391,0.247604,-0.964982,-23555.9
2.01,0.264612,2,-0.49391,0.247604,-0.961981,-25506.1
2.01,0.264612,2,-0.49391,0.247604,-0.958979,-26435.1
2.01,0.264612,2,-0.49391,0.247604,-0.955978,-23441.7
2.01,0.264612,2,-0.49391,0.247604,-0.952976,-21298.1
2.01,0.264612,2,-0.49391,0.247604,-0.949975,-24531.5
2.01,0.264612,2,-0.49391,0.247604,-0.946973,-24422.7
2.01,0.264612,2,-0.49391,0.247604,-0.943972,-20972
2.01,0.264612,2,-0.49391,0.247604,-0.94097,-21837.7
2.01,0.264612,2,-0.49391,0.247604,-0.937969,-23688.4
2.01,0.264612,2,-0.49391,0.247604,-0.934967,-20276.2
2.01,0.264612,2,-0.49391,0.247604,-0.931966,-23810.8
2.01,0.264612,2,-0.49391,0.247604,-0.928964,-23655.7
2.01,0.264612,2,-0.49391,0.247604,-0.925963,-24962
2.01,0.264612,2,-0.49391,0.247604,-0.922961,-24267.3
2.01,0.264612,2,-0.49391,0.247604,-0.91996,-24702.4
2.01,0.264612,2,-0.49391,0.247604,-0.916958,-21944.2
2.01,0.264612,2,-0.49391,0.247604,-0.913957,-24422.6
2.01,0.264612,2,-0.49391,0.247604,-0.910955,-21416
2.01,0.264612,2,-0.49391,0.247604,-0.907954,-20657.5
2.01,0.264612,2,-0.49391,0.247604,-0.904952,-21262.1
2.01,0.264612,2,-0.49391,0.247604,-0.901951,-22723.1
2.01,0.264612,2,-0.49391,0.247604,-0.898949,-21742.7
2.01,0.264612,2,-0.49391,0.247604,-0.895948,-23364.4
2.01,0.264612,2,-0.49391,0.247604,-0.892946,-21123.1
2.01,0.264612,2,-0.49391,0.247604,-0.889945,-19337.3
2.01,0.264612,2,-0.49391,0.247604,-0.886943,-22961.1
2.01,0.264612,2,-0.49391,0.247604,-0.883942,-20793.4
2.01,0.264612,2,-0.49391,0.247604,-0.88094,-20495.9
2.01,0.264612,2,-0.49391,0.247604,-0.877939,-22662.7
2.01,0.264612,2,-0.49391,0.247604,-0.874937,-20551.6
2.01,0.264612,2,-0.49391,0.247604,-0.871936,-17684.6
2.01,0.264612,2,-0.49391,0.247604,-0.868934,20165.2
2.01,0.264612,2,-0.49391,0.247604,-0.865933,20409.8
2.01,0.264612,2,-0.49391,0.247604,-0.862931,20167.5
2.01,0.264612,2,-0.49391,0.247604,-0.85993,20907.2
2.01,0.264612,2,-0.49391,0.247604,-0.856928,22093
2.01,0.264612,2,-0.49391,0.247604,-0.853927,22451.7
2.01,0.264612,2,-0.49391,0.247604,-0.850925,22583.1
2.01,0.264612,2,-0.49391,0.247604,-0.847924,24929.7
2.01,0.264612,2,-0.49391,0.247604,-0.844922,20112
2.01,0.264612,2,-0.49391,0.247604,-0.841921,23593.6
2.01,0.264612,2,-0.49391,0.247604,-0.838919,20062.6
2.01,0.264612,2,-0.49391,0.247604,-0.835918,25226.7
2.01,0.264612,2,-0.49391,0.247604,-0.832916,21525.8
2.01,0.264612,2,-0.49391,0.247604,-0.829915,21472.7
2.01,0.264612,2,-0.49391,0.247604,-0.826913,23350.4
2.01,0.264612,2,-0.49391,0.247604,-0.823912,25675.6
2.01,0.264612,2,-0.49391,0.247604,-0.82091,25262.1
2.01,0.264612,2,-0.49391,0.247604,-0.817909,24307.7
2.01,0.264612,2,-0.49391,0.247604,-0.814907,25663.1
2.01,0.264612,2,-0.49391,0.247604,-0.811906,22976.1
2.01,0.264612,2,-0.49391,0.247604,-0.808904,21577.6
2.01,0.264612,2,-0.49391,0.247604,-0.805903,22238.7
2.01,0.264612,2,-0.49391,0.247604,-0.802901,21519.7
2.01,0.264612,2,-0.49391,0.247604,-0.7999,23549.1
2.01,0.264612,2,-0.49391,0.247604,-0.796898,21503.6
2.01,0.264612,2,-0.49391,0.247604,-0.793897,23527.3
2.01,0.264612,2,-0.49391,0.247604,-0.790895,26676.1
2.01,0.264612,2,-0.49391,0.247604,-0.787894,24059.9
2.01,0.264612,2,-0.49391,0.247604,-0.784892,21949
2.01,0.264612,2,-0.49391,0.247604,-0.781891,23395.1
2.01,0.264612,2,-0.49391,0.247604,-0.778889,26171.3
2.01,0.264612,2,-0.49391,0.247604,-0.775888,22012.2
2.01,0.264612,2,-0.49391,0.247604,-0.772886,24806.6
2.01,0.264612,2,-0.49391,0.247604,-0.769885,27218.7
2.01,0.264612,2,-0.49391,0.247604,-0.766883,22105.2
2.01,0.264612,2,-0.49391,0.247604,-0.763882,24204
2.01,0.264612,2,-0.49391,0.247604,-0.76088,22691.8
2.01,0.264612,2,-0.49391,0.247604,-0.757879,23719.2
2.01,0.264612,2,-0.49391,0.247604,-0.754877,23045.3
2.01,0.264612,2,-0.49391,0.247604,-0.751876,21557.6
2.01,0.264612,2,-0.49391,0.247604,-0.748874,26148.4
2.01,0.264612,2,-0.49391,0.247604,-0.745873,25929.5
2.01,0.264612,2,-0.49391,0.247604,-0.742871,21588.1
2.01,0.264612,2,-0.49391,0.247604,-0.73987,22740.7
2.01,0.264612,2,-0.49391,0.247604,-0.736868,23549
2.01,0.264612,2,-0.49391,0.247604,-0.733867,21631.7
2.01,0.264612,2,-0.49391,0.247604,-0.730865,26625
2.01,0.264612,2,-0.49391,0.247604,-0.727864,24382.1
2.01,0.264612,2,-0.49391,0.247604,-0.724862,21695.8
2.01,0.264612,2,-0.49391,0.247604,-0.721861,21643.1
2.01,0.264612,2,-0.49391,0.247604,-0.718859,21984.9
2.01,0.264612,2,-0.49391,0.247604,-0.715858,21890.2
2.01,0.264612,2,-0.49391,0.247604,-0.712856,23235.3
2.01,0.264612,2,-0.49391,0.247604,-0.709855,23557.6
2.01,0.264612,2,-0.49391,0.247604,-0.706853,26463.8
2.01,0.264612,2,-0.49391,0.247604,-0.703852,22865.4
2.01,0.264612,2,-0.49391,0.247604,-0.70085,26712.9
2.01,0.264612,2,-0.49391,0.247604,-0.697849,21978.5
2.01,0.264612,2,-0.49391,0.247604,-0.694847,27421.2
2.01,0.264612,2,-0.49391,0.247604,-0.691846,25725.6
2.01,0.264612,2,-0.49391,0.247604,-0.688844,25886.4
2.01,0.264612,2,-0.49391,0.247604,-0.685843,22168.8
2.01,0.264612,2,-0.49391,0.247604,-0.682841,27528.9
2.01,0.264612,2,-0.49391,0.247604,-0.67984,26005.2
2.01,0.264612,2,-0.49391,0.247604,-0.676838,23346.5
2.01,0.264612,2,-0.49391,0.247604,-0.673837,27255.5
2.01,0.264612,2,-0.49391,0.247604,-0.670835,22076.5
2.01,0.264612,2,-0.49391,0.247604,-0.667834,25038.1
2.01,0.264612,2,-0.49391,0.247604,-0.664832,25838.9
2.01,0.264612,2,-0.49391,0.247604,-0.661831,24433.5
2.01,0.264612,2,-0.49391,0.247604,-0.658829,26228.9
2.01,0.264612,2,-0.49391,0.247604,-0.655828,27213.6
2.01,0.264612,2,-0.49391,0.247604,-0.652826,22375.5
2.01,0.264612,2,-0.49391,0.247604,-0.649825,25516.4
2.01,0.264612,2,-0.49391,0.247604,-0.646823,23097.1
2.01,0.264612,2,-0.49391,0.247604,-0.643822,24656.8
2.01,0.264612,2,-0.49391,0.247604,-0.64082,26959
2.01,0.264612,2,-0.49391,0.247604,-0.637819,23966
2.01,0.264612,2,-0.49391,0.247604,-0.634817,26146.9
2.01,0.264612,2,-0.49391,0.247604,-0.631816,23844.6
2.01,0.264612,2,-0.49391,0.247604,-0.628814,26116.4
2.01,0.264612,2,-0.49391,0.247604,-0.625813,24460.9
2.01,0.264612,2,-0.49391,0.247604,-0.622811,27844.8
2.01,0.264612,2,-0.49391,0.247604,-0.61981,23177.8
2.01,0.264612,2,-0.49391,0.247604,-0.616808,24843.2
2.01,0.264612,2,-0.49391,0.247604,-0.613807,23318.4
2.01,0.264612,2,-0.49391,0.247604,-0.610805,23646.9
2.01,0.264612,2,-0.49391,0.247604,-0.607804,24525.7
2.01,0.264612,2,-0.49391,0.247604,-0.604802,27189.4
2.01,0.264612,2,-0.49391,0.247604,-0.601801,23185.9
2.01,0.264612,2,-0.49391,0.247604,-0.598799,27817.5
2.01,0.264612,2,-0.49391,0.247604,-0.595798,22401.1
2.01,0.264612,2,-0.49391,0.247604,-0.592796,23618
2.01,0.264612,2,-0.49391,0.247604,-0.589795,25815.6
2.01,0.264612,2,-0.49391,0.247604,-0.586793,22751.9
2.01,0.264612,2,-0.49391,0.247604,-0.583792,26526.4
2.01,0.264612,2,-0.49391,0.247604,-0.58079,26966.6
2.01,0.264612,2,-0.49391,0.247604,-0.577789,24579.4
2.01,0.264612,2,-0.49391,0.247604,-0.574787,26416.8
2.01,0.264612,2,-0.49391,0.247604,-0.571786,27501.8
2.01,0.264612,2,-0.49391,0.247604,-0.568784,27179.1
2.01,0.264612,2,-0.49391,0.247604,-0.565783,28644.6
2.01,0.264612,2,-0.49391,0.247604,-0.562781,25143.7
2.01,0.264612,2,-0.49391,0.247604,-0.55978,25825.5
2.01,0.264612,2,-0.49391,0.247604,-0.556778,23692.1
2.01,0.264612,2,-0.49391,0.247604,-0.553777,26400.8
2.01,0.264612,2,-0.49391,0.247604,-0.550775,22847.7
2.01,0.264612,2,-0.49391,0.247604,-0.547774,26657
2.01,0.264612,2,-0.49391,0.247604,-0.544772,23231
2.01,0.264612,2,-0.49391,0.247604,-0.541771,24140.9
2.01,0.264612,2,-0.49391,0.247604,-0.538769,24690.8
2.01,0.264612,2,-0.49391,0.247604,-0.535768,24666.7
2.01,0.264612,2,-0.49391,0.247604,-0.532766,25958.8
2.01,0.264612,2,-0.49391,0.247604,-0.529765,23236.9
2.01,0.264612,2,-0.49391,0.247604,-0.526763,26642.6
2.01,0.264612,2,-0.49391,0.247604,-0.523762,23253.8
2.01,0.264612,2,-0.49391,0.247604,-0.52076,23644
2.01,0.264612,2,-0.49391,0.247604,-0.517759,24025.9
2.01,0.264612,2,-0.49391,0.247604,-0.514757,27356.1
2.01,0.264612,2,-0.49391,0.247604,-0.511756,25171
2.01,0.264612,2,-0.49391,0.247604,-0.508754,26241.1
2.01,0.264612,2,-0.49391,0.247604,-0.505753,26150.4
2.01,0.264612,2,-0.49391,0.247604,-0.502751,23907.3
2.01,0.264612,2,-0.49391,0.247604,-0.49975,23555.8
2.01,0.264612,2,-0.49391,0.247604,-0.496748,25049.9
2.01,0.264612,2,-0.49391,0.247604,-0.493747,23787.9
2.01,0.264612,2,-0.49391,0.247604,-0.490745,23468.7
2.01,0.264612,2,-0.49391,0.247604,-0.487744,26600.9
2.01,0.264612,2,-0.49391,0.247604,-0.484742,29270.1
2.01,0.264612,2,-0.49391,0.247604,-0.481741,27187.9
2.01,0.264612,2,-0.49391,0.247604,-0.478739,27346.2
2.01,0.264612,2,-0.49391,0.247604,-0.475738,23376.7
2.01,0.264612,2,-0.49391,0.247604,-0.472736,26469.5
2.01,0.264612,2,-0.49391,0.247604,-0.469735,29491.5
2.01,0.264612,2,-0.49391,0.247604,-0.466733,25463.3
2.01,0.264612,2,-0.49391,0.247604,-0.463732,23560.5
2.01,0.264612,2,-0.49391,0.247604,-0.46073,24157.4
2.01,0.264612,2,-0.49391,0.247604,-0.457729,29494.3
2.01,0.264612,2,-0.49391,0.247604,-0.454727,24798.7
2.01,0.264612,2,-0.49391,0.247604,-0.451726,25315.8
2.01,0.264612,2,-0.49391,0.247604,-0.448724,23713.1
2.01,0.264612,2,-0.49391,0.247604,-0.445723,25050.3
2.01,0.264612,2,-0.49391,0.247604,-0.442721,28614.9
2.01,0.264612,2,-0.49391,0.247604,-0.43972,25719.5
2.01,0.264612,2,-0.49391,0.247604,-0.436718,25428.2
2.01,0.264612,2,-0.49391,0.247604,-0.433717,26092.3
2.01,0.264612,2,-0.49391,0.247604,-0.430715,23964.6
2.01,0.264612,2,-0.49391,0.247604,-0.427714,26573.2
2.01,0.264612,2,-0.49391,0.247604,-0.424712,30171.9
2.01,0.264612,2,-0.49391,0.247604,-0.421711,24280.5
2.01,0.264612,2,-0.49391,0.247604,-0.418709,26752
2.01,0.264612,2,-0.49391,0.247604,-0.415708,24204.3
2.01,0.264612,2,-0.49391,0.247604,-0.412706,23661.6
2.01,0.264612,2,-0.49391,0.247604,-0.409705,26517
2.01,0.264612,2,-0.49391,0.247604,-0.406703,25917.5
2.01,0.264612,2,-0.49391,0.247604,-0.403702,26742.5
2.01,0.264612,2,-0.49391,0.247604,-0.4007,27378.5
2.01,0.264612,2,-0.49391,0.247604,-0.397699,27855.5
2.01,0.264612,2,-0.49391,0.247604,-0.394697,24755.2
2.01,0.264612,2,-0.49391,0.247604,-0.391696,25933.1
2.01,0.264612,2,-0.49391,0.247604,-0.388694,25169.6
2.01,0.264612,2,-0.49391,0.247604,-0.385693,27455.4
2.01,0.264612,2,-0.49391,0.247604,-0.382691,29447.5
2.01,0.264612,2,-0.49391,0.247604,-0.37969,23484.5
2.01,0.264612,2,-0.49391,0.247604,-0.376688,25810.3
2.01,0.264612,2,-0.49391,0.247604,-0.373687,24265.7
2.01,0.264612,2,-0.49391,0.247604,-0.370685,25347.6
2.01,0.264612,2,-0.49391,0.247604,-0.367684,26660.8
2.01,0.264612,2,-0.49391,0.247604,-0.364682,26355.4
2.01,0.264612,2,-0.49391,0.247604,-0.361681,24565.6
2.01,0.264612,2,-0.49391,0.247604,-0.358679,24561.8
2.01,0.264612,2,-0.49391,0.247604,-0.355678,27575.3
2.01,0.264612,2,-0.49391,0.247604,-0.352676,23570.3
2.01,0.264612,2,-0.49391,0.247604,-0.349675,28503
2.01,0.264612,2,-0.49391,0.247604,-0.346673,24675
2.01,0.264612,2,-0.49391,0.247604,-0.343672,24987.3
2.01,0.264612,2,-0.49391,0.247604,-0.34067,27909.9
2.01,0.264612,2,-0.49391,0.247604,-0.337669,26716.2
2.01,0.264612,2,-0.49391,0.247604,-0.334667,24215.5
2.01,0.264612,2,-0.49391,0.247604,-0.331666,25742.8
2.01,0.264612,2,-0.49391,0.247604,-0.328664,28370.4
2.01,0.264612,2,-0.49391,0.247604,-0.325663,30121.6
2.01,0.264612,2,-0.49391,0.247604,-0.322661,28787.6
2.01,0.264612,2,-0.49391,0.247604,-0.31966,24697.7
2.01,0.264612,2,-0.49391,0.247604,-0.316658,23561.5
2.01,0.264612,2,-0.49391,0.247604,-0.313657,23533.4
2.01,0.264612,2,-0.49391,0.247604,-0.310655,26877.6
2.01,0.264612,2,-0.49391,0.247604,-0.307654,24486.6
2.01,0.264612,2,-0.49391,0.247604,-0.304652,26483.7
2.01,0.264612,2,-0.49391,0.247604,-0.301651,24831.5
2.01,0.264612,2,-0.49391,0.247604,-0.298649,23778.3
2.01,0.264612,2,-0.49391,0.247604,-0.295648,26297.5
2.01,0.264612,2,-0.49391,0.247604,-0.292646,24555.6
2.01,0.264612,2,-0.49391,0.247604,-0.289645,28624.3
2.01,0.264612,2,-0.49391,0.247604,-0.286643,26338.4
2.01,0.264612,2,-0.49391,0.247604,-0.283642,25607.6
2.01,0.264612,2,-0.49391,0.247604,-0.28064,24131.7
2.01,0.264612,2,-0.49391,0.247604,-0.277639,25763.1
2.01,0.264612,2,-0.49391,0.247604,-0.274637,28144.2
2.01,0.264612,2,-0.49391,0.247604,-0.271636,26233.1
2.01,0.264612,2,-0.49391,0.247604,-0.268634,28735.1
2.01,0.264612,2,-0.49391,0.247604,-0.265633,24112.5
2.01,0.264612,2,-0.49391,0.247604,-0.262631,27037.9
2.01,0.264612,2,-0.49391,0.247604,-0.25963,24851.7
2.01,0.264612,2,-0.49391,0.247604,-0.256628,23905.2
2.01,0.264612,2,-0.49391,0.247604,-0.253627,27131.7
2.01,0.264612,2,-0.49391,0.247604,-0.250625,25174.3
2.01,0.264612,2,-0.49391,0.247604,-0.247624,24584.3
2.01,0.264612,2,-0.49391,0.247604,-0.244622,27051.9
2.01,0.264612,2,-0.49391,0.247604,-0.241621,25809.1
2.01,0.264612,2,-0.49391,0.247604,-0.238619,25930.1
2.01,0.264612,2,-0.49391,0.247604,-0.235618,23955.1
2.01,0.264612,2,-0.49391,0.247604,-0.232616,27282.9
2.01,0.264612,2,-0.49391,0.247604,-0.229615,24598.3
2.01,0.264612,2,-0.49391,0.247604,-0.226613,26223.4
2.01,0.264612,2,-0.49391,0.247604,-0.223612,24125.1
2.01,0.264612,2,-0.49391,0.247604,-0.22061,29800.3
2.01,0.264612,2,-0.49391,0.247604,-0.217609,24444.6
2.01,0.264612,2,-0.49391,0.247604,-0.214607,24707.9
2.01,0.264612,2,-0.49391,0.247604,-0.211606,27568.7
2.01,0.264612,2,-0.49391,0.247604,-0.208604,24647
2.01,0.264612,2,-0.49391,0.247604,-0.205603,25516.4
2.01,0.264612,2,-0.49391,0.247604,-0.202601,23943.1
2.01,0.264612,2,-0.49391,0.247604,-0.1996,26064.3
2.01,0.264612,2,-0.49391,0.247604,-0.196598,24260.4
2.01,0.264612,2,-0.49391,0.247604,-0.193597,28476.7
2.01,0.264612,2,-0.49391,0.247604,-0.190595,26869.5
2.01,0.264612,2,-0.49391,0.247604,-0.187594,29246.3
2.01,0.264612,2,-0.49391,0.247604,-0.184592,26709.9
2.01,0.264612,2,-0.49391,0.247604,-0.181591,25621.1
2.01,0.264612,2,-0.49391,0.247604,-0.178589,30248.6
2.01,0.264612,2,-0.49391,0.247604,-0.175588,24485.5
2.01,0.264612,2,-0.49391,0.247604,-0.172586,25801.2
2.01,0.264612,2,-0.49391,0.247604,-0.169585,24875.1
2.01,0.264612,2,-0.49391,0.247604,-0.166583,30464.8
2.01,0.264612,2,-0.49391,0.247604,-0.163582,30094
2.01,0.264612,2,-0.49391,0.247604,-0.16058,24104.6
2.01,0.264612,2,-0.49391,0.247604,-0.157579,28613.2
2.01,0.264612,2,-0.49391,0.247604,-0.154577,30119.8
2.01,0.264612,2,-0.49391,0.247604,-0.151576,29890.5
2.01,0.264612,2,-0.49391,0.247604,-0.148574,29382.5
2.01,0.264612,2,-0.49391,0.247604,-0.145573,25300.4
2.01,0.264612,2,-0.49391,0.247604,-0.142571,25490.8
2.01,0.264612,2,-0.49391,0.247604,-0.13957,28237.7
2.01,0.264612,2,-0.49391,0.247604,-0.136568,25999.7
2.01,0.264612,2,-0.49391,0.247604,-0.133567,25248
2.01,0.264612,2,-0.49391,0.247604,-0.130565,24207.6
2.01,0.264612,2,-0.49391,0.247604,-0.127564,26141.1
2.01,0.264612,2,-0.49391,0.247604,-0.124562,29325.3
2.01,0.264612,2,-0.49391,0.247604,-0.121561,26058.3
2.01,0.264612,2,-0.49391,0.247604,-0.118559,24282.7
2.01,0.264612,2,-0.49391,0.247604,-0.115558,25667.4
2.01,0.264612,2,-0.49391,0.247604,-0.112556,26143.7
2.01,0.264612,2,-0.49391,0.247604,-0.109555,27762.8
2.01,0.264612,2,-0.49391,0.247604,-0.106553,28896.4
2.01,0.264612,2,-0.49391,0.247604,-0.103552,26448.1
2.01,0.264612,2,-0.49391,0.247604,-0.10055,25094.9
2.01,0.264612,2,-0.49391,0.247604,-0.0975488,30868.1
2.01,0.264612,2,-0.49391,0.247604,-0.0945473,27266
2.01,0.264612,2,-0.49391,0.247604,-0.0915458,26423.4
2.01,0.264612,2,-0.49391,0.247604,-0.0885443,24163.8
2.01,0.264612,2,-0.49391,0.247604,-0.0855428,25258.5
2.01,0.264612,2,-0.49391,0.247604,-0.0825413,26954.6
2.01,0.264612,2,-0.49391,0.247604,-0.0795398,28163.7
2.01,0.264612,2,-0.49391,0.247604,-0.0765383,28831
2.01,0.264612,2,-0.49391,0.247604,-0.0735368,26501.9
2.01,0.264612,2,-0.49391,0.247604,-0.0705353,24055.6
2.01,0.264612,2,-0.49391,0.247604,-0.0675338,30204.9
2.01,0.264612,2,-0.49391,0.247604,-0.0645323,24356.3
2.01,0.264612,2,-0.49391,0.247604,-0.0615308,28675.5
2.01,0.264612,2,-0.49391,0.247604,-0.0585293,25491.4
2.01,0.264612,2,-0.49391,0.247604,-0.0555278,25985.2
2.01,0.264612,2,-0.49391,0.247604,-0.0525263,24235.2
2.01,0.264612,2,-0.49391,0.247604,-0.0495248,27357
2.01,0.264612,2,-0.49391,0.247604,-0.0465233,27785.1
2.01,0.264612,2,-0.49391,0.247604,-0.0435218,27944.9
2.01,0.264612,2,-0.49391,0.247604,-0.0405203,28599.8
2.01,0.264612,2,-0.49391,0.247604,-0.0375188,28129.2
2.01,0.264612,2,-0.49391,0.247604,-0.0345173,29519.3
2.01,0.264612,2,-0.49391,0.247604,-0.0315158,24143.9
2.01,0.264612,2,-0.49391,0.247604,-0.0285143,28219.6
2.01,0.264612,2,-0.49391,0.247604,-0.0255128,27755.5
2.01,0.264612,2,-0.49391,0.247604,-0.0225113,30919.6
2.01,0.264612,2,-0.49391,0.247604,-0.0195098,30448.5
2.01,0.264612,2,-0.49391,0.247604,-0.0165083,26578
2.01,0.264612,2,-0.49391,0.247604,-0.0135068,31503.4
2.01,0.264612,2,-0.49391,0.247604,-0.0105053,28743
2.01,0.264612,2,-0.49391,0.247604,-0.00750375,25740.1
2.01,0.264612,2,-0.49391,0.247604,-0.00450225,24624
2.01,0.264612,2,-0.49391,0.247604,-0.00150075,28554.9
2.01,0.264612,2,-0.49391,0.247604,0.00150075,24939.3
2.01,0.264612,2,-0.49391,0.247604,0.00450225,29117.2
2.01,0.264612,2,-0.49391,0.247604,0.00750375,25989
2.01,0.264612,2,-0.49391,0.247604,0.0105053,31044.7
2.01,0.264612,2,-0.49391,0.247604,0.0135068,25085.5
2.01,0.264612,2,-0.49391,0.247604,0.0165083,26931.9
2.01,0.264612,2,-0.49391,0.247604,0.0195098,30833.4
2.01,0.264612,2,-0.49391,0.247604,0.0225113,28138
2.01,0.264612,2,-0.49391,0.247604,0.0255128,26798.6
2.01,0.264612,2,-0.49391,0.247604,0.0285143,26125.6
2.01,0.264612,2,-0.49391,0.247604,0.0315158,29650.8
2.01,0.264612,2,-0.49391,0.247604,0.0345173,29443.7
2.01,0.264612,2,-0.49391,0.247604,0.0375188,24073.9
2.01,0.264612,2,-0.49391,0.247604,0.0405203,25049.9
2.01,0.264612,2,-0.49391,0.247604,0.0435218,23864.5
2.01,0.264612,2,-0.49391,0.247604,0.0465233,29139.4
2.01,0.264612,2,-0.49391,0.247604,0.0495248,28298.5
2.01,0.264612,2,-0.49391,0.247604,0.0525263,24557.8
2.01,0.264612,2,-0.49391,0.247604,0.0555278,26906.5
2.01,0.264612,2,-0.49391,0.247604,0.0585293,27097
2.01,0.264612,2,-0.49391,0.247604,0.0615308,25548
2.01,0.264612,2,-0.49391,0.247604,0.0645323,25822
2.01,0.264612,2,-0.49391,0.247604,0.0675338,26159.4
2.01,0.264612,2,-0.49391,0.247604,0.0705353,27584.5
2.01,0.264612,2,-0.49391,0.247604,0.0735368,29572.2
2.01,0.264612,2,-0.49391,0.247604,0.0765383,28885
2.01,0.264612,2,-0.49391,0.247604,0.0795398,24253.6
2.01,0.264612,2,-0.49391,0.247604,0.0825413,27101.2
2.01,0.264612,2,-0.49391,0.247604,0.0855428,29594.1
2.01,0.264612,2,-0.49391,0.247604,0.0885443,27954.9
2.01,0.264612,2,-0.49391,0.247604,0.0915458,28534.3
2.01,0.264612,2,-0.49391,0.247604,0.0945473,26009.5
2.01,0.264612,2,-0.49391,0.247604,0.0975488,30508.6
2.01,0.264612,2,-0.49391,0.247604,0.10055,29191.9
2.01,0.264612,2,-0.49391,0.247604,0.103552,24265.7
2.01,0.264612,2,-0.49391,0.247604,0.106553,30395.8
2.01,0.264612,2,-0.49391,0.247604,0.109555,30533.8
2.01,0.264612,2,-0.49391,0.247604,0.112556,31161.4
2.01,0.264612,2,-0.49391,0.247604,0.115558,24939.4
2.01,0.264612,2,-0.49391,0.247604,0.118559,28564.7
2.01,0.264612,2,-0.49391,0.247604,0.121561,27171.6
2.01,0.264612,2,-0.49391,0.247604,0.124562,24119.5
2.01,0.264612,2,-0.49391,0.247604,0.127564,25586.5
2.01,0.264612,2,-0.49391,0.247604,0.130565,24493.6
2.01,0.264612,2,-0.49391,0.247604,0.133567,28758.9
2.01,0.264612,2,-0.49391,0.247604,0.136568,26074.8
2.01,0.264612,2,-0.49391,0.247604,0.13957,29444.4
2.01,0.264612,2,-0.49391,0.247604,0.142571,25312.9
2.01,0.264612,2,-0.49391,0.247604,0.145573,31286.6
2.01,0.264612,2,-0.49391,0.247604,0.148574,25376.3
2.01,0.264612,2,-0.49391,0.247604,0.151576,26685.1
2.01,0.264612,2,-0.49391,0.247604,0.154577,29822.4
2.01,0.264612,2,-0.49391,0.247604,0.157579,25121.9
2.01,0.264612,2,-0.49391,0.247604,0.16058,26844.5
2.01,0.264612,2,-0.49391,0.247604,0.163582,25615.8
2.01,0.264612,2,-0.49391,0.247604,0.166583,25731.4
2.01,0.264612,2,-0.49391,0.247604,0.169585,30059.7
2.01,0.264612,2,-0.49391,0.247604,0.172586,27731.6
2.01,0.264612,2,-0.49391,0.247604,0.175588,26218.9
2.01,0.264612,2,-0.49391,0.247604,0.178589,25571.8
2.01,0.264612,2,-0.49391,0.247604,0.181591,24356.5
2.01,0.264612,2,-0.49391,0.247604,0.184592,24715.5
2.01,0.264612,2,-0.49391,0.247604,0.187594,28286.2
2.01,0.264612,2,-0.49391,0.247604,0.190595,26652.8
2.01,0.264612,2,-0.49391,0.247604,0.193597,31363.9
2.01,0.264612,2,-0.49391,0.247604,0.196598,28636.8
2.01,0.264612,2,-0.49391,0.247604,0.1996,30838.1
2.01,0.264612,2,-0.49391,0.247604,0.202601,29446.4
2.01,0.264612,2,-0.49391,0.247604,0.205603,29322.8
2.01,0.264612,2,-0.49391,0.247604,0.208604,23771.1
2.01,0.264612,2,-0.49391,0.247604,0.211606,29183.4
2.01,0.264612,2,-0.49391,0.247604,0.214607,23809.3
2.01,0.264612,2,-0.49391,0.247604,0.217609,28887.4
2.01,0.264612,2,-0.49391,0.247604,0.22061,30078.4
2.01,0.264612,2,-0.49391,0.247604,0.223612,30639.6
2.01,0.264612,2,-0.49391,0.247604,0.226613,28378.3
2.01,0.264612,2,-0.49391,0.247604,0.229615,28183.5
2.01,0.264612,2,-0.49391,0.247604,0.232616,30645.3
2.01,0.264612,2,-0.49391,0.247604,0.235618,27683.9
2.01,0.264612,2,-0.49391,0.247604,0.238619,24544.2
2.01,0.264612,2,-0.49391,0.247604,0.241621,27156.7
2.01,0.264612,2,-0.49391,0.247604,0.244622,25237.3
2.01,0.264612,2,-0.49391,0.247604,0.247624,27204.6
2.01,0.264612,2,-0.49391,0.247604,0.250625,26735.1
2.01,0.264612,2,-0.49391,0.247604,0.253627,28960.8
2.01,0.264612,2,-0.49391,0.247604,0.256628,25511.1
2.01,0.264612,2,-0.49391,0.247604,0.25963,26614.4
2.01,0.264612,2,-0.49391,0.247604,0.262631,25401.5
2.01,0.264612,2,-0.49391,0.247604,0.265633,28819.8
2.01,0.264612,2,-0.49391,0.247604,0.268634,28145.9
2.01,0.264612,2,-0.49391,0.247604,0.271636,30866.3
2.01,0.264612,2,-0.49391,0.247604,0.274637,28767.9
2.01,0.264612,2,-0.49391,0.247604,0.277639,25766.4
2.01,0.264612,2,-0.49391,0.247604,0.28064,25411.9
2.01,0.264612,2,-0.49391,0.247604,0.283642,28104.9
2.01,0.264612,2,-0.49391,0.247604,0.286643,24021.2
2.01,0.264612,2,-0.49391,0.247604,0.289645,28264.2
2.01,0.264612,2,-0.49391,0.247604,0.292646,27164.3
2.01,0.264612,2,-0.49391,0.247604,0.295648,27160.1
2.01,0.264612,2,-0.49391,0.247604,0.298649,26599.1
2.01,0.264612,2,-0.49391,0.247604,0.301651,28019.7
2.01,0.264612,2,-0.49391,0.247604,0.304652,29898.1
2.01,0.264612,2,-0.49391,0.247604,0.307654,26290.5
2.01,0.264612,2,-0.49391,0.247604,0.310655,24137
2.01,0.264612,2,-0.49391,0.247604,0.313657,29042.3
2.01,0.264612,2,-0.49391,0.247604,0.316658,30159.2
2.01,0.264612,2,-0.49391,0.247604,0.31966,24763.9
2.01,0.264612,2,-0.49391,0.247604,0.322661,24854.4
2.01,0.264612,2,-0.49391,0.247604,0.325663,27116.2
2.01,0.264612,2,-0.49391,0.247604,0.328664,23841.8
2.01,0.264612,2,-0.49391,0.247604,0.331666,29742.9
2.01,0.264612,2,-0.49391,0.247604,0.334667,23992.2
2.01,0.264612,2,-0.49391,0.247604,0.337669,25626.1
2.01,0.264612,2,-0.49391,0.247604,0.34067,26548.7
2.01,0.264612,2,-0.49391,0.247604,0.343672,29290
2.01,0.264612,2,-0.49391,0.247604,0.346673,29526.3
2.01,0.264612,2,-0.49391,0.247604,0.349675,30080.4
2.01,0.264612,2,-0.49391,0.247604,0.352676,25438.7
2.01,0.264612,2,-0.49391,0.247604,0.355678,26032.9
2.01,0.264612,2,-0.49391,0.247604,0.358679,23744
2.01,0.264612,2,-0.49391,0.247604,0.361681,25262
2.01,0.264612,2,-0.49391,0.247604,0.364682,26645.2
2.01,0.264612,2,-0.49391,0.247604,0.367684,26370.9
2.01,0.264612,2,-0.49391,0.247604,0.370685,25870.8
2.01,0.264612,2,-0.49391,0.247604,0.373687,25971.7
2.01,0.264612,2,-0.49391,0.247604,0.376688,28151.8
2.01,0.264612,2,-0.49391,0.247604,0.37969,24631.6
2.01,0.264612,2,-0.49391,0.247604,0.382691,25328.6
2.01,0.264612,2,-0.49391,0.247604,0.385693,28822
2.01,0.264612,2,-0.49391,0.247604,0.388694,29333.4
2.01,0.264612,2,-0.49391,0.247604,0.391696,26515.2
2.01,0.264612,2,-0.49391,0.247604,0.394697,29468.4
2.01,0.264612,2,-0.49391,0.247604,0.397699,25443.9
2.01,0.264612,2,-0.49391,0.247604,0.4007,25281.4
2.01,0.264612,2,-0.49391,0.247604,0.403702,26190
2.01,0.264612,2,-0.49391,0.247604,0.406703,30774.6
2.01,0.264612,2,-0.49391,0.247604,0.409705,25347.2
2.01,0.264612,2,-0.49391,0.247604,0.412706,26779.8
2.01,0.264612,2,-0.49391,0.247604,0.415708,26932.9
2.01,0.264612,2,-0.49391,0.247604,0.418709,24053.2
2.01,0.264612,2,-0.49391,0.247604,0.421711,29199.7
2.01,0.264612,2,-0.49391,0.247604,0.424712,26311.5
2.01,0.264612,2,-0.49391,0.247604,0.427714,25906.3
2.01,0.264612,2,-0.49391,0.247604,0.430715,26108.9
2.01,0.264612,2,-0.49391,0.247604,0.433717,28453.7
2.01,0.264612,2,-0.49391,0.247604,0.436718,27677.6
2.01,0.264612,2,-0.49391,0.247604,0.43972,28709.4
2.01,0.264612,2,-0.49391,0.247604,0.442721,26198.1
2.01,0.264612,2,-0.49391,0.247604,0.445723,24861.7
2.01,0.264612,2,-0.49391,0.247604,0.448724,25063.1
2.01,0.264612,2,-0.49391,0.247604,0.451726,25570.5
2.01,0.264612,2,-0.49391,0.247604,0.454727,25966.8
2.01,0.264612,2,-0.49391,0.247604,0.457729,24289.1
2.01,0.264612,2,-0.49391,0.247604,0.46073,29088.4
2.01,0.264612,2,-0.49391,0.247604,0.463732,24459.9
2.01,0.264612,2,-0.49391,0.247604,0.466733,30461.6
2.01,0.264612,2,-0.49391,0.247604,0.469735,23788.9
2.01,0.264612,2,-0.49391,0.247604,0.472736,25738.8
2.01,0.264612,2,-0.49391,0.247604,0.475738,25275.7
2.01,0.264612,2,-0.49391,0.247604,0.478739,26351.7
2.01,0.264612,2,-0.49391,0.247604,0.481741,24238.6
2.01,0.264612,2,-0.49391,0.247604,0.484742,25815.9
2.01,0.264612,2,-0.49391,0.247604,0.487744,27321.8
2.01,0.264612,2,-0.49391,0.247604,0.490745,24321.4
2.01,0.264612,2,-0.49391,0.247604,0.493747,23588.8
2.01,0.264612,2,-0.49391,0.247604,0.496748,30155.9
2.01,0.264612,2,-0.49391,0.247604,0.49975,29737.9
2.01,0.264612,2,-0.49391,0.247604,0.502751,23591.7
2.01,0.264612,2,-0.49391,0.247604,0.505753,25623.7
2.01,0.264612,2,-0.49391,0.247604,0.508754,29038.7
2.01,0.264612,2,-0.49391,0.247604,0.511756,23944.6
2.01,0.264612,2,-0.49391,0.247604,0.514757,25115.8
2.01,0.264612,2,-0.49391,0.247604,0.517759,23641.4
2.01,0.264612,2,-0.49391,0.247604,0.52076,24556.6
2.01,0.264612,2,-0.49391,0.247604,0.523762,25531.4
2.01,0.264612,2,-0.49391,0.247604,0.526763,24250.8
2.01,0.264612,2,-0.49391,0.247604,0.529765,24685.8
2.01,0.264612,2,-0.49391,0.247604,0.532766,27576.7
2.01,0.264612,2,-0.49391,0.247604,0.535768,23546.6
2.01,0.264612,2,-0.49391,0.247604,0.538769,24387.4
2.01,0.264612,2,-0.49391,0.247604,0.541771,23303.2
2.01,0.264612,2,-0.49391,0.247604,0.544772,27911.5
2.01,0.264612,2,-0.49391,0.247604,0.547774,29568.6
2.01,0.264612,2,-0.49391,0.247604,0.550775,27574.3
2.01,0.264612,2,-0.49391,0.247604,0.553777,26171
2.01,0.264612,2,-0.49391,0.247604,0.556778,29967.5
2.01,0.264612,2,-0.49391,0.247604,0.55978,23720.7
2.01,0.264612,2,-0.49391,0.247604,0.562781,25257.3
2.01,0.264612,2,-0.49391,0.247604,0.565783,26257.4
2.01,0.264612,2,-0.49391,0.247604,0.568784,23671.9
2.01,0.264612,2,-0.49391,0.247604,0.571786,23893.6
2.01,0.264612,2,-0.49391,0.247604,0.574787,28600.9
2.01,0.264612,2,-0.49391,0.247604,0.577789,23015.7
2.01,0.264612,2,-0.49391,0.247604,0.58079,24008.8
2.01,0.264612,2,-0.49391,0.247604,0.583792,25866.1
2.01,0.264612,2,-0.49391,0.247604,0.586793,27289.5
2.01,0.264612,2,-0.49391,0.247604,0.589795,27815.7
2.01,0.264612,2,-0.49391,0.247604,0.592796,23824.8
2.01,0.264612,2,-0.49391,0.247604,0.595798,23213.3
2.01,0.264612,2,-0.49391,0.247604,0.598799,23770.4
2.01,0.264612,2,-0.49391,0.247604,0.601801,26229.4
2.01,0.264612,2,-0.49391,0.247604,0.604802,24729.3
2.01,0.264612,2,-0.49391,0.247604,0.607804,23028.3
2.01,0.264612,2,-0.49391,0.247604,0.610805,24688.8
2.01,0.264612,2,-0.49391,0.247604,0.613807,24750.7
2.01,0.264612,2,-0.49391,0.247604,0.616808,27213.7
2.01,0.264612,2,-0.49391,0.247604,0.61981,25764.2
2.01,0.264612,2,-0.49391,0.247604,0.622811,24440.8
2.01,0.264612,2,-0.49391,0.247604,0.625813,25727.3
2.01,0.264612,2,-0.49391,0.247604,0.628814,23300.8
2.01,0.264612,2,-0.49391,0.247604,0.631816,22503.7
2.01,0.264612,2,-0.49391,0.247604,0.634817,23785.4
2.01,0.264612,2,-0.49391,0.247604,0.637819,25682.5
2.01,0.264612,2,-0.49391,0.247604,0.64082,23556
2.01,0.264612,2,-0.49391,0.247604,0.643822,28581.4
2.01,0.264612,2,-0.49391,0.247604,0.646823,26259.9
2.01,0.264612,2,-0.49391,0.247604,0.649825,23478.6
2.01,0.264612,2,-0.49391,0.247604,0.652826,26570.8
2.01,0.264612,2,-0.49391,0.247604,0.655828,25604
2.01,0.264612,2,-0.49391,0.247604,0.658829,23352.7
2.01,0.264612,2,-0.49391,0.247604,0.661831,22193.8
2.01,0.264612,2,-0.49391,0.247604,0.664832,26885.2
2.01,0.264612,2,-0.49391,0.247604,0.667834,26269.2
2.01,0.264612,2,-0.49391,0.247604,0.670835,27240.4
2.01,0.264612,2,-0.49391,0.247604,0.673837,23274.6
2.01,0.264612,2,-0.49391,0.247604,0.676838,24679.3
2.01,0.264612,2,-0.49391,0.247604,0.67984,23759.4
2.01,0.264612,2,-0.49391,0.247604,0.682841,23816.6
2.01,0.264612,2,-0.49391,0.247604,0.685843,25203.1
2.01,0.264612,2,-0.49391,0.247604,0.688844,22245.5
2.01,0.264612,2,-0.49391,0.247604,0.691846,28018.3
2.01,0.264612,2,-0.49391,0.247604,0.694847,25088.8
2.01,0.264612,2,-0.49391,0.247604,0.697849,23257.7
2.01,0.264612,2,-0.49391,0.247604,0.70085,24283.7
2.01,0.264612,2,-0.49391,0.247604,0.703852,25015
2.01,0.264612,2,-0.49391,0.247604,0.706853,26522.7
2.01,0.264612,2,-0.49391,0.247604,0.709855,27845.9
2.01,0.264612,2,-0.49391,0.247604,0.712856,22601.7
2.01,0.264612,2,-0.49391,0.247604,0.715858,24188.2
2.01,0.264612,2,-0.49391,0.247604,0.718859,23636.1
2.01,0.264612,2,-0.49391,0.247604,0.721861,25258.7
2.01,0.264612,2,-0.49391,0.247604,0.724862,25918.7
2.01,0.264612,2,-0.49391,0.247604,0.727864,22481.8
2.01,0.264612,2,-0.49391,0.247604,0.730865,23482.4
2.01,0.264612,2,-0.49391,0.247604,0.733867,24054.1
2.01,0.264612,2,-0.49391,0.247604,0.736868,26841.8
2.01,0.264612,2,-0.49391,0.247604,0.73987,22248.2
2.01,0.264612,2,-0.49391,0.247604,0.742871,23379.1
2.01,0.264612,2,-0.49391,0.247604,0.745873,23612.9
2.01,0.264612,2,-0.49391,0.247604,0.748874,22261.6
2.01,0.264612,2,-0.49391,0.247604,0.751876,24976
2.01,0.264612,2,-0.49391,0.247604,0.754877,23939.7
2.01,0.264612,2,-0.49391,0.247604,0.757879,22384.9
2.01,0.264612,2,-0.49391,0.247604,0.76088,20788.3
2.01,0.264612,2,-0.49391,0.247604,0.763882,24179.1
2.01,0.264612,2,-0.49391,0.247604,0.766883,25041.3
2.01,0.264612,2,-0.49391,0.247604,0.769885,20618.6
2.01,0.264612,2,-0.49391,0.247604,0.772886,20741.6
2.01,0.264612,2,-0.49391,0.247604,0.775888,21260.1
2.01,0.264612,2,-0.49391,0.247604,0.778889,19899.3
2.01,0.264612,2,-0.49391,0.247604,0.781891,18696.8
2.01,0.264612,2,-0.49391,0.247604,0.784892,18730.2
2.01,0.264612,2,-0.49391,0.247604,0.787894,19196.5
2.01,0.264612,2,-0.49391,0.247604,0.790895,-20395.6
2.01,0.264612,2,-0.49391,0.247604,0.793897,-19880.6
2.01,0.264612,2,-0.49391,0.247604,0.796898,-21756
2.01,0.264612,2,-0.49391,0.247604,0.7999,-23057.2
2.01,0.264612,2,-0.49391,0.247604,0.802901,-19394.6
2.01,0.264612,2,-0.49391,0.247604,0.805903,-21476.7
2.01,0.264612,2,-0.49391,0.247604,0.808904,-19758.8
2.01,0.264612,2,-0.49391,0.247604,0.811906,-21425.4
2.01,0.264612,2,-0.49391,0.247604,0.814907,-23030.9
2.01,0.264612,2,-0.49391,0.247604,0.817909,-21786.9
2.01,0.264612,2,-0.49391,0.247604,0.82091,-20837.3
2.01,0.264612,2,-0.49391,0.247604,0.823912,-21618.7
2.01,0.264612,2,-0.49391,0.247604,0.826913,-21778.4
2.01,0.264612,2,-0.49391,0.247604,0.829915,-21438.6
2.01,0.264612,2,-0.49391,0.247604,0.832916,-21265.4
2.01,0.264612,2,-0.49391,0.247604,0.835918,-25242.5
2.01,0.264612,2,-0.49391,0.247604,0.838919,-24184.8
2.01,0.264612,2,-0.49391,0.247604,0.841921,-22117.4
2.01,0.264612,2,-0.49391,0.247604,0.844922,-24330.8
2.01,0.264612,2,-0.49391,0.247604,0.847924,-22188.6
2.01,0.264612,2,-0.49391,0.247604,0.850925,-26654.8
2.01,0.264612,2,-0.49391,0.247604,0.853927,-24460.4
2.01,0.264612,2,-0.49391,0.247604,0.856928,-26796.5
2.01,0.264612,2,-0.49391,0.247604,0.85993,-22734.7
2.01,0.264612,2,-0.49391,0.247604,0.862931,-21761.7
2.01,0.264612,2,-0.49391,0.247604,0.865933,-27986.5
2.01,0.264612,2,-0.49391,0.247604,0.868934,-22854.3
2.01,0.264612,2,-0.49391,0.247604,0.871936,-27563.8
2.01,0.264612,2,-0.49391,0.247604,0.874937,-25208.7
2.01,0.264612,2,-0.49391,0.247604,0.877939,-22135.1
2.01,0.264612,2,-0.49391,0.247604,0.88094,-25588.6
2.01,0.264612,2,-0.49391,0.247604,0.883942,-23792
2.01,0.264612,2,-0.49391,0.247604,0.886943,-25497.5
2.01,0.264612,2,-0.49391,0.247604,0.889945,-24301.3
2.01,0.264612,2,-0.49391,0.247604,0.892946,-24875.4
2.01,0.264612,2,-0.49391,0.247604,0.895948,-26780.9
2.01,0.264612,2,-0.49391,0.247604,0.898949,-24956
2.01,0.264612,2,-0.49391,0.247604,0.901951,-22579.2
2.01,0.264612,2,-0.49391,0.247604,0.904952,-27668.5
2.01,0.264612,2,-0.49391,0.247604,0.907954,-22698.6
2.01,0.264612,2,-0.49391,0.247604,0.910955,-29158.8
2.01,0.264612,2,-0.49391,0.247604,0.913957,-22421.2
2.01,0.264612,2,-0.49391,0.247604,0.916958,-23189.7
2.01,0.264612,2,-0.49391,0.247604,0.91996,-27048.1
2.01,0.264612,2,-0.49391,0.247604,0.922961,-29535.6
2.01,0.264612,2,-0.49391,0.247604,0.925963,-22981.8
2.01,0.264612,2,-0.49391,0.247604,0.928964,-22884.8
2.01,0.264612,2,-0.49391,0.247604,0.931966,-24113.6
2.01,0.264612,2,-0.49391,0.247604,0.934967,-24022.5
2.01,0.264612,2,-0.49391,0.247604,0.937969,-23118.3
2.01,0.264612,2,-0.49391,0.247604,0.94097,-25755.7
2.01,0.264612,2,-0.49391,0.247604,0.943972,-23429.8
2.01,0.264612,2,-0.49391,0.247604,0.946973,-24606.2
2.01,0.264612,2,-0.49391,0.247604,0.949975,-26018.7
2.01,0.264612,2,-0.49391,0.247604,0.952976,-28921.2
2.01,0.264612,2,-0.49391,0.247604,0.955978,-25250.1
2.01,0.264612,2,-0.49391,0.247604,0.958979,-29174.4
2.01,0.264612,2,-0.49391,0.247604,0.961981,-24748
2.01,0.264612,2,-0.49391,0.247604,0.964982,-27545.3
2.01,0.264612,2,-0.49391,0.247604,0.967984,-26427.5
2.01,0.264612,2,-0.49391,0.247604,0.970985,-26543.8
2.01,0.264612,2,-0.49391,0.247604,0.973987,-30486.6
2.01,0.264612,2,-0.49391,0.247604,0.976988,-28807
2.01,0.264612,2,-0.49391,0.247604,0.97999,-24035.7
2.01,0.264612,2,-0.49391,0.247604,0.982991,-24854.4
2.01,0.264612,2,-0.49391,0.247604,0.985993,-27517.1
2.01,0.264612,2,-0.49391,0.247604,0.988994,-24241.4
2.01,0.264612,2,-0.49391,0.247604,0.991996,-23173.9
2.01,0.264612,2,-0.49391,0.247604,0.994997,-25475.8
2.01,0.264612,2,-0.49391,0.247604,0.997999,-23996.2
2.01,0.264612,2,-0.49391,0.247604,1.001,-23345.8
2.01,0.264612,2,-0.49391,0.247604,1.004,-26494
2.01,0.264612,2,-0.49391,0.247604,1.007,-27181.3
2.01,0.264612,2,-0.49391,0.247604,1.01001,-24127.8
2.01,0.264612,2,-0.49391,0.247604,1.01301,-25433.7
2.01,0.264612,2,-0.49391,0.247604,1.01601,-24470.1
2.01,0.264612,2,-0.49391,0.247604,1.01901,-28537.6
2.01,0.264612,2,-0.49391,0.247604,1.02201,-26594.7
2.01,0.264612,2,-0.49391,0.247604,1.02501,-26291.3
2.01,0.264612,2,-0.49391,0.247604,1.02801,-26246.5
2.01,0.264612,2,-0.49391,0.247604,1.03102,-24825.4
2.01,0.264612,2,-0.49391,0.247604,1.03402,-23552.3
2.01,0.264612,2,-0.49391,0.247604,1.03702,-23588.9
2.01,0.264612,2,-0.49391,0.247604,1.04002,-24820.7
2.01,0.264612,2,-0.49391,0.247604,1.04302,-26559.1
2.01,0.264612,2,-0.49391,0.247604,1.04602,-25768.8
2.01,0.264612,2,-0.49391,0.247604,1.04902,-25609.1
2.01,0.264612,2,-0.49391,0.247604,1.05203,-24158.3
2.01,0.264612,2,-0.49391,0.247604,1.05503,-29568.7
2.01,0.264612,2,-0.49391,0.247604,1.05803,-30225
2.01,0.264612,2,-0.49391,0.247604,1.06103,-25410.8
2.01,0.264612,2,-0.49391,0.247604,1.06403,-25569
2.01,0.264612,2,-0.49391,0.247604,1.06703,-29065
2.01,0.264612,2,-0.49391,0.247604,1.07004,-24671.6
2.01,0.264612,2,-0.49391,0.247604,1.07304,-26082.7
2.01,0.264612,2,-0.49391,0.247604,1.07604,-25223.1
2.01,0.264612,2,-0.49391,0.247604,1.07904,-30484.8
2.01,0.264612,2,-0.49391,0.247604,1.08204,-25588.9
2.01,0.264612,2,-0.49391,0.247604,1.08504,-24739.6
2.01,0.264612,2,-0.49391,0.247604,1.08804,-29269.4
2.01,0.264612,2,-0.49391,0.247604,1.09105,-28331.4
2.01,0.264612,2,-0.49391,0.247604,1.09405,-25774.1
2.01,0.264612,2,-0.49391,0.247604,1.09705,-28412
2.01,0.264612,2,-0.49391,0.247604,1.10005,-24008
2.01,0.264612,2,-0.49391,0.247604,1.10305,-26155.4
2.01,0.264612,2,-0.49391,0.247604,1.10605,-24296.2
2.01,0.264612,2,-0.49391,0.247604,1.10905,-25235.8
2.01,0.264612,2,-0.49391,0.247604,1.11206,-28754.3
2.01,0.264612,2,-0.49391,0.247604,1.11506,-25776.8
2.01,0.264612,2,-0.49391,0.247604,1.11806,-26876.4
2.01,0.264612,2,-0.49391,0.247604,1.12106,-24378.7
2.01,0.264612,2,-0.49391,0.247604,1.12406,-29738.3
2.01,0.264612,2,-0.49391,0.247604,1.12706,-31301.9
2.01,0.264612,2,-0.49391,0.247604,1.13007,-24170.1
2.01,0.264612,2,-0.49391,0.247604,1.13307,-28688
2.01,0.264612,2,-0.49391,0.247604,1.13607,-23924.4
2.01,0.264612,2,-0.49391,0.247604,1.13907,-30355.7
2.01,0.264612,2,-0.49391,0.247604,1.14207,-30564.8
2.01,0.264612,2,-0.49391,0.247604,1.14507,-27400.2
2.01,0.264612,2,-0.49391,0.247604,1.14807,-25368.6
2.01,0.264612,2,-0.49391,0.247604,1.15108,-24543.7
2.01,0.264612,2,-0.49391,0.247604,1.15408,-28435.5
2.01,0.264612,2,-0.49391,0.247604,1.15708,-27322.1
2.01,0.264612,2,-0.49391,0.247604,1.16008,-24361.5
2.01,0.264612,2,-0.49391,0.247604,1.16308,-25618.3
2.01,0.264612,2,-0.49391,0.247604,1.16608,-31174.1
2.01,0.264612,2,-0.49391,0.247604,1.16908,-28298.8
2.01,0.264612,2,-0.49391,0.247604,1.17209,-28609.2
2.01,0.264612,2,-0.49391,0.247604,1.17509,-26588.3
2.01,0.264612,2,-0.49391,0.247604,1.17809,-25029.8
2.01,0.264612,2,-0.49391,0.247604,1.18109,-24866.3
2.01,0.264612,2,-0.49391,0.247604,1.18409,-24024.2
2.01,0.264612,2,-0.49391,0.247604,1.18709,-24666.1
2.01,0.264612,2,-0.49391,0.247604,1.1901,-24605.8
2.01,0.264612,2,-0.49391,0.247604,1.1931,-27467.5
2.01,0.264612,2,-0.49391,0.247604,1.1961,-27348.4
2.01,0.264612,2,-0.49391,0.247604,1.1991,-26530.5
2.01,0.264612,2,-0.49391,0.247604,1.2021,-26953.4
2.01,0.264612,2,-0.49391,0.247604,1.2051,-28083.1
2.01,0.264612,2,-0.49391,0.247604,1.2081,-25082.4
2.01,0.264612,2,-0.49391,0.247604,1.21111,-27546.8
2.01,0.264612,2,-0.49391,0.247604,1.21411,-29447.6
2.01,0.264612,2,-0.49391,0.247604,1.21711,-25480.4
2.01,0.264612,2,-0.49391,0.247604,1.22011,-29390.6
2.01,0.264612,2,-0.49391,0.247604,1.22311,-31084
2.01,0.264612,2,-0.49391,0.247604,1.22611,-26680.6
2.01,0.264612,2,-0.49391,0.247604,1.22911,-24411.3
2.01,0.264612,2,-0.49391,0.247604,1.23212,-26411.1
2.01,0.264612,2,-0.49391,0.247604,1.23512,-27691.2
2.01,0.264612,2,-0.49391,0.247604,1.23812,-24731.8
2.01,0.264612,2,-0.49391,0.247604,1.24112,-30638.2
2.01,0.264612,2,-0.49391,0.247604,1.24412,-24202.8
2.01,0.264612,2,-0.49391,0.247604,1.24712,-25684.9
2.01,0.264612,2,-0.49391,0.247604,1.25013,-26538
2.01,0.264612,2,-0.49391,0.247604,1.25313,-25534.9
2.01,0.264612,2,-0.49391,0.247604,1.25613,-29685.9
2.01,0.264612,2,-0.49391,0.247604,1.25913,-29428.2
2.01,0.264612,2,-0.49391,0.247604,1.26213,-28678.6
2.01,0.264612,2,-0.49391,0.247604,1.26513,-24735.5
2.01,0.264612,2,-0.49391,0.247604,1.26813,-26813.1
2.01,0.264612,2,-0.49391,0.247604,1.27114,-29134.9
2.01,0.264612,2,-0.49391,0.247604,1.27414,-29481.2
2.01,0.264612,2,-0.49391,0.247604,1.27714,-25515.9
2.01,0.264612,2,-0.49391,0.247604,1.28014,-28876.5
2.01,0.264612,2,-0.49391,0.247604,1.28314,-30164.2
2.01,0.264612,2,-0.49391,0.247604,1.28614,-26087.1
2.01,0.264612,2,-0.49391,0.247604,1.28914,-26169.3
2.01,0.264612,2,-0.49391,0.247604,1.29215,-30186.9
2.01,0.264612,2,-0.49391,0.247604,1.29515,-28461.4
2.01,0.264612,2,-0.49391,0.247604,1.29815,-25994.3
2.01,0.264612,2,-0.49391,0.247604,1.30115,-31154.8
2.01,0.264612,2,-0.49391,0.247604,1.30415,-29004.7
2.01,0.264612,2,-0.49391,0.247604,1.30715,-31158.1
2.01,0.264612,2,-0.49391,0.247604,1.31016,-31173.5
2.01,0.264612,2,-0.49391,0.247604,1.31316,-31477.8
2.01,0.264612,2,-0.49391,0.247604,1.31616,-24615.4
2.01,0.264612,2,-0.49391,0.247604,1.31916,-30049
2.01,0.264612,2,-0.49391,0.247604,1.32216,-24339.1
2.01,0.264612,2,-0.49391,0.247604,1.32516,-29274.6
2.01,0.264612,2,-0.49391,0.247604,1.32816,-25979.4
2.01,0.264612,2,-0.49391,0.247604,1.33117,-25911
2.01,0.264612,2,-0.49391,0.247604,1.33417,-25155.3
2.01,0.264612,2,-0.49391,0.247604,1.33717,-25102.1
2.01,0.264612,2,-0.49391,0.247604,1.34017,-24707.2
2.01,0.264612,2,-0.49391,0.247604,1.34317,-27802.5
2.01,0.264612,2,-0.49391,0.247604,1.34617,-27947.1
2.01,0.264612,2,-0.49391,0.247604,1.34917,-25915.8
2.01,0.264612,2,-0.49391,0.247604,1.35218,-25357.6
2.01,0.264612,2,-0.49391,0.247604,1.35518,-25717.1
2.01,0.264612,2,-0.49391,0.247604,1.35818,-25809.9
2.01,0.264612,2,-0.49391,0.247604,1.36118,-28758.8
2.01,0.264612,2,-0.49391,0.247604,1.36418,-31268.2
2.01,0.264612,2,-0.49391,0.247604,1.36718,-25741.9
2.01,0.264612,2,-0.49391,0.247604,1.37019,-31307.7
2.01,0.264612,2,-0.49391,0.247604,1.37319,-26905.6
2.01,0.264612,2,-0.49391,0.247604,1.37619,-28100.8
2.01,0.264612,2,-0.49391,0.247604,1.37919,-25278.3
2.01,0.264612,2,-0.49391,0.247604,1.38219,-26482.6
2.01,0.264612,2,-0.49391,0.247604,1.38519,-26109.9
2.01,0.264612,2,-0.49391,0.247604,1.38819,-24740
2.01,0.264612,2,-0.49391,0.247604,1.3912,-31292.8
2.01,0.264612,2,-0.49391,0.247604,1.3942,-30338.3
2.01,0.264612,2,-0.49391,0.247604,1.3972,-24832.5
2.01,0.264612,2,-0.49391,0.247604,1.4002,-29050.1
2.01,0.264612,2,-0.49391,0.247604,1.4032,-27091
2.01,0.264612,2,-0.49391,0.247604,1.4062,-28068.4
2.01,0.264612,2,-0.49391,0.247604,1.4092,-31396.3
2.01,0.264612,2,-0.49391,0.247604,1.41221,-29828.4
2.01,0.264612,2,-0.49391,0.247604,1.41521,-29640.8
2.01,0.264612,2,-0.49391,0.247604,1.41821,-29741.8
2.01,0.264612,2,-0.49391,0.247604,1.42121,-30442.6
2.01,0.264612,2,-0.49391,0.247604,1.42421,-30652.9
2.01,0.264612,2,-0.49391,0.247604,1.42721,-24302.7
2.01,0.264612,2,-0.49391,0.247604,1.43022,-25604.6
2.01,0.264612,2,-0.49391,0.247604,1.43322,-31106.2
2.01,0.264612,2,-0.49391,0.247604,1.43622,-25135
2.01,0.264612,2,-0.49391,0.247604,1.43922,-30644.7
2.01,0.264612,2,-0.49391,0.247604,1.44222,-28640.5
2.01,0.264612,2,-0.49391,0.247604,1.44522,-28158.4
2.01,0.264612,2,-0.49391,0.247604,1.44822,-31167.6
2.01,0.264612,2,-0.49391,0.247604,1.45123,-26977.9
2.01,0.264612,2,-0.49391,0.247604,1.45423,-24259.5
2.01,0.264612,2,-0.49391,0.247604,1.45723,-27704.3
2.01,0.264612,2,-0.49391,0.247604,1.46023,-25892
2.01,0.264612,2,-0.49391,0.247604,1.46323,-28435.4
2.01,0.264612,2,-0.49391,0.247604,1.46623,-30378.3
2.01,0.264612,2,-0.49391,0.247604,1.46923,-28138.4
2.01,0.264612,2,-0.49391,0.247604,1.47224,-31465.3
2.01,0.264612,2,-0.49391,0.247604,1.47524,-28682.4
2.01,0.264612,2,-0.49391,0.247604,1.47824,-26703.5
2.01,0.264612,2,-0.49391,0.247604,1.48124,-24676.2
2.01,0.264612,2,-0.49391,0.247604,1.48424,-26821
2.01,0.264612,2,-0.49391,0.247604,1.48724,-27732.8
2.01,0.264612,2,-0.49391,0.247604,1.49025,-24842.8
2.01,0.264612,2,-0.49391,0.247604,1.49325,-27946.8
2.01,0.264612,2,-0.49391,0.247604,1.49625,-30686.2
2.01,0.264612,2,-0.49391,0.247604,1.49925,-25545.6
2.01,0.264612,2,-0.49391,0.247604,1.50225,-27583.4
2.01,0.264612,2,-0.49391,0.247604,1.50525,-27183
2.01,0.264612,2,-0.49391,0.247604,1.50825,-24715.8
2.01,0.264612,2,-0.49391,0.247604,1.51126,-25728.4
2.01,0.264612,2,-0.49391,0.247604,1.51426,-27095.8
2.01,0.264612,2,-0.49391,0.247604,1.51726,-26893.6
2.01,0.264612,2,-0.49391,0.247604,1.52026,-29584.5
2.01,0.264612,2,-0.49391,0.247604,1.52326,-28478.6
2.01,0.264612,2,-0.49391,0.247604,1.52626,-31386.6
2.01,0.264612,2,-0.49391,0.247604,1.52926,-27171.4
2.01,0.264612,2,-0.49391,0.247604,1.53227,-28190.7
2.01,0.264612,2,-0.49391,0.247604,1.53527,-25813.8
2.01,0.264612,2,-0.49391,0.247604,1.53827,-25185.9
2.01,0.264612,2,-0.49391,0.247604,1.54127,-30745.1
2.01,0.264612,2,-0.49391,0.247604,1.54427,-25571.4
2.01,0.264612,2,-0.49391,0.247604,1.54727,-25399.1
2.01,0.264612,2,-0.49391,0.247604,1.55028,-26049.7
2.01,0.264612,2,-0.49391,0.247604,1.55328,-28143.7
2.01,0.264612,2,-0.49391,0.247604,1.55628,-28760.7
2.01,0.264612,2,-0.49391,0.247604,1.55928,-31623.6
2.01,0.264612,2,-0.49391,0.247604,1.56228,-25544.4
2.01,0.264612,2,-0.49391,0.247604,1.56528,-26655.4
2.01,0.264612,2,-0.49391,0.247604,1.56828,-28037.8
2.01,0.264612,2,-0.49391,0.247604,1.57129,-25774.3
2.01,0.264612,2,-0.49391,0.247604,1.57429,-25030.7
2.01,0.264612,2,-0.49391,0.247604,1.57729,-26365.4
2.01,0.264612,2,-0.49391,0.247604,1.58029,-29461.2
2.01,0.264612,2,-0.49391,0.247604,1.58329,-26459.8
2.01,0.264612,2,-0.49391,0.247604,1.58629,-29757.5
2.01,0.264612,2,-0.49391,0.247604,1.58929,-26369.1
2.01,0.264612,2,-0.49391,0.247604,1.5923,-25411.3
2.01,0.264612,2,-0.49391,0.247604,1.5953,-29803
2.01,0.264612,2,-0.49391,0.247604,1.5983,-26292.7
2.01,0.264612,2,-0.49391,0.247604,1.6013,-27055.3
2.01,0.264612,2,-0.49391,0.247604,1.6043,-25656.6
2.01,0.264612,2,-0.49391,0.247604,1.6073,-25357.5
2.01,0.264612,2,-0.49391,0.247604,1.61031,-24650
2.01,0.264612,2,-0.49391,0.247604,1.61331,-27876.9
2.01,0.264612,2,-0.49391,0.247604,1.61631,-27084.9
2.01,0.264612,2,-0.49391,0.247604,1.61931,-24653.2
2.01,0.264612,2,-0.49391,0.247604,1.62231,-27772.4
2.01,0.264612,2,-0.49391,0.247604,1.62531,-30493
2.01,0.264612,2,-0.49391,0.247604,1.62831,-27317.2
2.01,0.264612,2,-0.49391,0.247604,1.63132,-25976.8
2.01,0.264612,2,-0.49391,0.247604,1.63432,-25233.5
2.01,0.264612,2,-0.49391,0.247604,1.63732,-28736.2
2.01,0.264612,2,-0.49391,0.247604,1.64032,-26778.6
2.01,0.264612,2,-0.49391,0.247604,1.64332,-25555.5
2.01,0.264612,2,-0.49391,0.247604,1.64632,-30120.5
2.01,0.264612,2,-0.49391,0.247604,1.64932,-26018.1
2.01,0.264612,2,-0.49391,0.247604,1.65233,-27228.3
2.01,0.264612,2,-0.49391,0.247604,1.65533,-29351.5
2.01,0.264612,2,-0.49391,0.247604,1.65833,-24318.9
2.01,0.264612,2,-0.49391,0.247604,1.66133,-24987.1
2.01,0.264612,2,-0.49391,0.247604,1.66433,-29374
2.01,0.264612,2,-0.49391,0.247604,1.66733,-27303
2.01,0.264612,2,-0.49391,0.247604,1.67034,-27601.4
2.01,0.264612,2,-0.49391,0.247604,1.67334,-25541.4
2.01,0.264612,2,-0.49391,0.247604,1.67634,-28836.1
2.01,0.264612,2,-0.49391,0.247604,1.67934,-25230.1
2.01,0.264612,2,-0.49391,0.247604,1.68234,-25899.7
2.01,0.264612,2,-0.49391,0.247604,1.68534,-28115.5
2.01,0.264612,2,-0.49391,0.247604,1.68834,-25624.7
2.01,0.264612,2,-0.49391,0.247604,1.69135,-24164
2.01,0.264612,2,-0.49391,0.247604,1.69435,-26759.2
2.01,0.264612,2,-0.49391,0.247604,1.69735,-26340.2
2.01,0.264612,2,-0.49391,0.247604,1.70035,-26393.6
2.01,0.264612,2,-0.49391,0.247604,1.70335,-24280
2.01,0.264612,2,-0.49391,0.247604,1.70635,-28099.8
2.01,0.264612,2,-0.49391,0.247604,1.70935,-27579.3
2.01,0.264612,2,-0.49391,0.247604,1.71236,-24786.3
2.01,0.264612,2,-0.49391,0.247604,1.71536,-26107.6
2.01,0.264612,2,-0.49391,0.247604,1.71836,-28517.8
2.01,0.264612,2,-0.49391,0.247604,1.72136,-26327.6
2.01,0.264612,2,-0.49391,0.247604,1.72436,-24129.3
2.01,0.264612,2,-0.49391,0.247604,1.72736,-24660.9
2.01,0.264612,2,-0.49391,0.247604,1.73037,-25594.6
2.01,0.264612,2,-0.49391,0.247604,1.73337,-31671
2.01,0.264612,2,-0.49391,0.247604,1.73637,-28999.3
2.01,0.264612,2,-0.49391,0.247604,1.73937,-24519.7
2.01,0.264612,2,-0.49391,0.247604,1.74237,-24712.5
2.01,0.264612,2,-0.49391,0.247604,1.74537,-24595.6
2.01,0.264612,2,-0.49391,0.247604,1.74837,-26657.8
2.01,0.264612,2,-0.49391,0.247604,1.75138,-24872.8
2.01,0.264612,2,-0.49391,0.247604,1.75438,-25173.8
2.01,0.264612,2,-0.49391,0.247604,1.75738,-26912.4
2.01,0.264612,2,-0.49391,0.247604,1.76038,-25628.7
2.01,0.264612,2,-0.49391,0.247604,1.76338,-27205.2
2.01,0.264612,2,-0.49391,0.247604,1.76638,-25543.7
2.01,0.264612,2,-0.49391,0.247604,1.76938,-26321.9
2.01,0.264612,2,-0.49391,0.247604,1.77239,-27014.2
2.01,0.264612,2,-0.49391,0.247604,1.77539,-29472.7
2.01,0.264612,2,-0.49391,0.247604,1.77839,-25372.4
2.01,0.264612,2,-0.49391,0.247604,1.78139,-25536.8
2.01,0.264612,2,-0.49391,0.247604,1.78439,-30547.5
2.01,0.264612,2,-0.49391,0.247604,1.78739,-29975.9
2.01,0.264612,2,-0.49391,0.247604,1.7904,-28709.1
2.01,0.264612,2,-0.49391,0.247604,1.7934,-25096.9
2.01,0.264612,2,-0.49391,0.247604,1.7964,-24734
2.01,0.264612,2,-0.49391,0.247604,1.7994,-25651.8
2.01,0.264612,2,-0.49391,0.247604,1.8024,-28937.8
2.01,0.264612,2,-0.49391,0.247604,1.8054,-28308.9
2.01,0.264612,2,-0.49391,0.247604,1.8084,-27447.8
2.01,0.264612,2,-0.49391,0.247604,1.81141,-24039.7
2.01,0.264612,2,-0.49391,0.247604,1.81441,-24933
2.01,0.264612,2,-0.49391,0.247604,1.81741,-28827.7
2.01,0.264612,2,-0.49391,0.247604,1.82041,-25111.9
2.01,0.264612,2,-0.49391,0.247604,1.82341,-27571.1
2.01,0.264612,2,-0.49391,0.247604,1.82641,-28485.4
2.01,0.264612,2,-0.49391,0.247604,1.82941,-28129.1
2.01,0.264612,2,-0.49391,0.247604,1.83242,-31145.4
2.01,0.264612,2,-0.49391,0.247604,1.83542,-24006.1
2.01,0.264612,2,-0.49391,0.247604,1.83842,-27648.7
2.01,0.264612,2,-0.49391,0.247604,1.84142,-27918.2
2.01,0.264612,2,-0.49391,0.247604,1.84442,-30701.2
2.01,0.264612,2,-0.49391,0.247604,1.84742,-29587.3
2.01,0.264612,2,-0.49391,0.247604,1.85043,-27604.6
2.01,0.264612,2,-0.49391,0.247604,1.85343,-24388.3
2.01,0.264612,2,-0.49391,0.247604,1.85643,-26086.5
2.01,0.264612,2,-0.49391,0.247604,1.85943,-29972.4
2.01,0.264612,2,-0.49391,0.247604,1.86243,-27349.3
2.01,0.264612,2,-0.49391,0.247604,1.86543,-28474.9
2.01,0.264612,2,-0.49391,0.247604,1.86843,-30113.5
2.01,0.264612,2,-0.49391,0.247604,1.87144,-24669
2.01,0.264612,2,-0.49391,0.247604,1.87444,-28314.7
2.01,0.264612,2,-0.49391,0.247604,1.87744,-28225.1
2.01,0.264612,2,-0.49391,0.247604,1.88044,-26394.6
2.01,0.264612,2,-0.49391,0.247604,1.88344,-30196.9
2.01,0.264612,2,-0.49391,0.247604,1.88644,-24897.5
2.01,0.264612,2,-0.49391,0.247604,1.88944,-26250.2
2.01,0.264612,2,-0.49391,0.247604,1.89245,-28201.1
2.01,0.264612,2,-0.49391,0.247604,1.89545,-23917.4
2.01,0.264612,2,-0.49391,0.247604,1.89845,-25311.1
2.01,0.264612,2,-0.49391,0.247604,1.90145,-30105.1
2.01,0.264612,2,-0.49391,0.247604,1.90445,-28249.1
2.01,0.264612,2,-0.49391,0.247604,1.90745,-29738.7
2.01,0.264612,2,-0.49391,0.247604,1.91046,-26520.2
2.01,0.264612,2,-0.49391,0.247604,1.91346,-25006.9
2.01,0.264612,2,-0.49391,0.247604,1.91646,-24226.7
2.01,0.264612,2,-0.49391,0.247604,1.91946,-25481.7
2.01,0.264612,2,-0.49391,0.247604,1.92246,-23713.5
2.01,0.264612,2,-0.49391,0.247604,1.92546,-27305
2.01,0.264612,2,-0.49391,0.247604,1.92846,-29505.3
2.01,0.264612,2,-0.49391,0.247604,1.93147,-23539.5
2.01,0.264612,2,-0.49391,0.247604,1.93447,-25662.6
2.01,0.264612,2,-0.49391,0.247604,1.93747,-25728.3
2.01,0.264612,2,-0.49391,0.247604,1.94047,-29477.9
2.01,0.264612,2,-0.49391,0.247604,1.94347,-25094.7
2.01,0.264612,2,-0.49391,0.247604,1.94647,-27502.8
2.01,0.264612,2,-0.49391,0.247604,1.94947,-25576.4
2.01,0.264612,2,-0.49391,0.247604,1.95248,-25720.2
2.01,0.264612,2,-0.49391,0.247604,1.95548,-24743.9
2.01,0.264612,2,-0.49391,0.247604,1.95848,-23362.5
2.01,0.264612,2,-0.49391,0.247604,1.96148,-26549.8
2.01,0.264612,2,-0.49391,0.247604,1.96448,-27498.6
2.01,0.264612,2,-0.49391,0.247604,1.96748,-26449.4
2.01,0.264612,2,-0.49391,0.247604,1.97049,-23676.8
2.01,0.264612,2,-0.49391,0.247604,1.97349,-23566.1
2.01,0.264612,2,-0.49391,0.247604,1.97649,-26172.5
2.01,0.264612,2,-0.49391,0.247604,1.97949,-25799.3
2.01,0.264612,2,-0.49391,0.247604,1.98249,-28037
2.01,0.264612,2,-0.49391,0.247604,1.98549,-28828.4
2.01,0.264612,2,-0.49391,0.247604,1.98849,-22827.8
2.01,0.264612,2,-0.49391,0.247604,1.9915,-23073.2
2.01,0.264612,2,-0.49391,0.247604,1.9945,-27791.7
2.01,0.264612,2,-0.49391,0.247604,1.9975,-26368.7
2.01,0.264612,2,-0.49391,0.247604,2.0005,-25062.1
2.01,0.264612,2,-0.49391,0.247604,2.0035,-20378.2
2.01,0.264612,2,-0.49391,0.247604,2.0065,-22691.3
2.01,0.264612,2,-0.49391,0.247604,2.0095,-18075.8
2.01,0.264612,2,-0.49391,0.247604,2.01251,19457.1
2.01,0.264612,2,-0.49391,0.247604,2.01551,22949.6
2.01,0.264612,2,-0.49391,0.247604,2.01851,22028.8
2.01,0.264612,2,-0.49391,0.247604,2.02151,22385.9
2.01,0.264612,2,-0.49391,0.247604,2.02451,26507.7
2.01,0.264612,2,-0.49391,0.247604,2.02751,23181.3
2.01,0.264612,2,-0.49391,0.247604,2.03052,22946.4
2.01,0.264612,2,-0.49391,0.247604,2.03352,27405.9
2.01,0.264612,2,-0.49391,0.247604,2.03652,25389.7
2.01,0.264612,2,-0.49391,0.247604,2.03952,24337.6
2.01,0.264612,2,-0.49391,0.247604,2.04252,27536.3
2.01,0.264612,2,-0.49391,0.247604,2.04552,22909.7
2.01,0.264612,2,-0.49391,0.247604,2.04852,22783.5
2.01,0.264612,2,-0.49391,0.247604,2.05153,25152.4
2.01,0.264612,2,-0.49391,0.247604,2.05453,25579.4
2.01,0.264612,2,-0.49391,0.247604,2.05753,28030.5
2.01,0.264612,2,-0.49391,0.247604,2.06053,29920.3
2.01,0.264612,2,-0.49391,0.247604,2.06353,29552.6
2.01,0.264612,2,-0.49391,0.247604,2.06653,25007.6
2.01,0.264612,2,-0.49391,0.247604,2.06953,28653.9
2.01,0.264612,2,-0.49391,0.247604,2.07254,29208.7
2.01,0.264612,2,-0.49391,0.247604,2.07554,30450.3
2.01,0.264612,2,-0.49391,0.247604,2.07854,25838.2
2.01,0.264612,2,-0.49391,0.247604,2.08154,25860.7
2.01,0.264612,2,-0.49391,0.247604,2.08454,31014.1
2.01,0.264612,2,-0.49391,0.247604,2.08754,27821.3
2.01,0.264612,2,-0.49391,0.247604,2.09055,28493.3
2.01,0.264612,2,-0.49391,0.247604,2.09355,24977.6
2.01,0.264612,2,-0.49391,0.247604,2.09655,29797.7
2.01,0.264612,2,-0.49391,0.247604,2.09955,25241.7
2.01,0.264612,2,-0.49391,0.247604,2.10255,24712.5
2.01,0.264612,2,-0.49391,0.247604,2.10555,29053.3
2.01,0.264612,2,-0.49391,0.247604,2.10855,28993.9
2.01,0.264612,2,-0.49391,0.247604,2.11156,29924
2.01,0.264612,2,-0.49391,0.247604,2.11456,27926.9
2.01,0.264612,2,-0.49391,0.247604,2.11756,28348.8
2.01,0.264612,2,-0.49391,0.247604,2.12056,27458.3
2.01,0.264612,2,-0.49391,0.247604,2.12356,27061.8
2.01,0.264612,2,-0.49391,0.247604,2.12656,27991.4
2.01,0.264612,2,-0.49391,0.247604,2.12956,29413.5
2.01,0.264612,2,-0.49391,0.247604,2.13257,25360.6
2.01,0.264612,2,-0.49391,0.247604,2.13557,29137
2.01,0.264612,2,-0.49391,0.247604,2.13857,25034.4
2.01,0.264612,2,-0.49391,0.247604,2.14157,27286.7
2.01,0.264612,2,-0.49391,0.247604,2.14457,24383
2.01,0.264612,2,-0.49391,0.247604,2.14757,31128.5
2.01,0.264612,2,-0.49391,0.247604,2.15058,26367.5
2.01,0.264612,2,-0.49391,0.247604,2.15358,28072.9
2.01,0.264612,2,-0.49391,0.247604,2.15658,24479.3
2.01,0.264612,2,-0.49391,0.247604,2.15958,24520.2
2.01,0.264612,2,-0.49391,0.247604,2.16258,24765.7
2.01,0.264612,2,-0.49391,0.247604,2.16558,25324
2.01,0.264612,2,-0.49391,0.247604,2.16858,27686.3
2.01,0.264612,2,-0.49391,0.247604,2.17159,26796.9
2.01,0.264612,2,-0.49391,0.247604,2.17459,24876
2.01,0.264612,2,-0.49391,0.247604,2.17759,24549.3
2.01,0.264612,2,-0.49391,0.247604,2.18059,24818.7
2.01,0.264612,2,-0.49391,0.247604,2.18359,24058.6
2.01,0.264612,2,-0.49391,0.247604,2.18659,23882.1
2.01,0.264612,2,-0.49391,0.247604,2.18959,27113.8
2.01,0.264612,2,-0.49391,0.247604,2.1926,23895.6
2.01,0.264612,2,-0.49391,0.247604,2.1956,23578.2
2.01,0.264612,2,-0.49391,0.247604,2.1986,24250.6
2.01,0.264612,2,-0.49391,0.247604,2.2016,23836.3
2.01,0.264612,2,-0.49391,0.247604,2.2046,23677.7
2.01,0.264612,2,-0.49391,0.247604,2.2076,23810.9
2.01,0.264612,2,-0.49391,0.247604,2.21061,24253.7
2.01,0.264612,2,-0.49391,0.247604,2.21361,23759.7
2.01,0.264612,2,-0.49391,0.247604,2.21661,24378
2.01,0.264612,2,-0.49391,0.247604,2.21961,24364.4
2.01,0.264612,2,-0.49391,0.247604,2.22261,24197
2.01,0.264612,2,-0.49391,0.247604,2.22561,23662
2.01,0.264612,2,-0.49391,0.247604,2.22861,23946.6
2.01,0.264612,2,-0.49391,0.247604,2.23162,23842.1
2.01,0.264612,2,-0.49391,0.247604,2.23462,24278.6
2.01,0.264612,2,-0.49391,0.247604,2.23762,23894.8
2.01,0.264612,2,-0.49391,0.247604,2.24062,23630.7
2.01,0.264612,2,-0.49391,0.247604,2.24362,24020.3
2.01,0.264612,2,-0.49391,0.247604,2.24662,23642.4
2.01,0.264612,2,-0.49391,0.247604,2.24962,24000.1
2.01,0.264612,2,-0.49391,0.247604,2.25263,23763.4
2.01,0.264612,2,-0.49391,0.247604,2.25563,25623.1
2.01,0.264612,2,-0.49391,0.247604,2.25863,24516.1
2.01,0.264612,2,-0.49391,0.247604,2.26163,24242.3
2.01,0.264612,2,-0.49391,0.247604,2.26463,24459.2
2.01,0.264612,2,-0.49391,0.247604,2.26763,23740.8
2.01,0.264612,2,-0.49391,0.247604,2.27064,24021.2
2.01,0.264612,2,-0.49391,0.247604,2.27364,24655.2
2.01,0.264612,2,-0.49391,0.247604,2.27664,24994
2.01,0.264612,2,-0.49391,0.247604,2.27964,24275.3
2.01,0.264612,2,-0.49391,0.247604,2.28264,24457.4
2.01,0.264612,2,-0.49391,0.247604,2.28564,25355.9
2.01,0.264612,2,-0.49391,0.247604,2.28864,24213.4
2.01,0.264612,2,-0.49391,0.247604,2.29165,24571.8
2.01,0.264612,2,-0.49391,0.247604,2.29465,25087.5
2.01,0.264612,2,-0.49391,0.247604,2.29765,24066.7
2.01,0.264612,2,-0.49391,0.247604,2.30065,24201.2
2.01,0.264612,2,-0.49391,0.247604,2.30365,25570.9
2.01,0.264612,2,-0.49391,0.247604,2.30665,24658.8
2.01,0.264612,2,-0.49391,0.247604,2.30965,25416.6
2.01,0.264612,2,-0.49391,0.247604,2.31266,25383.1
2.01,0.264612,2,-0.49391,0.247604,2.31566,25022.4
2.01,0.264612,2,-0.49391,0.247604,2.31866,25230.1
2.01,0.264612,2,-0.49391,0.247604,2.32166,24501.1
2.01,0.264612,2,-0.49391,0.247604,2.32466,24979.7
2.01,0.264612,2,-0.49391,0.247604,2.32766,24487.3
2.01,0.264612,2,-0.49391,0.247604,2.33067,25819
2.01,0.264612,2,-0.49391,0.247604,2.33367,25165.6
2.01,0.264612,2,-0.49391,0.247604,2.33667,25275.5
2.01,0.264612,2,-0.49391,0.247604,2.33967,24786.1
2.01,0.264612,2,-0.49391,0.247604,2.34267,24097.4
2.01,0.264612,2,-0.49391,0.247604,2.34567,24979.3
2.01,0.264612,2,-0.49391,0.247604,2.34867,24245.8
2.01,0.264612,2,-0.49391,0.247604,2.35168,24980.5
2.01,0.264612,2,-0.49391,0.247604,2.35468,24795.2
2.01,0.264612,2,-0.49391,0.247604,2.35768,25746.4
2.01,0.264612,2,-0.49391,0.247604,2.36068,24437.4
2.01,0.264612,2,-0.49391,0.247604,2.36368,26249.6
2.01,0.264612,2,-0.49391,0.247604,2.36668,25382.5
2.01,0.264612,2,-0.49391,0.247604,2.36968,24544.3
2.01,0.264612,2,-0.49391,0.247604,2.37269,24461.5
2.01,0.264612,2,-0.49391,0.247604,2.37569,24783
2.01,0.264612,2,-0.49391,0.247604,2.37869,25565.3
2.01,0.264612,2,-0.49391,0.247604,2.38169,24792
2.01,0.264612,2,-0.49391,0.247604,2.38469,25073.7
2.01,0.264612,2,-0.49391,0.247604,2.38769,24500.7
2.01,0.264612,2,-0.49391,0.247604,2.3907,25820.8
2.01,0.264612,2,-0.49391,0.247604,2.3937,25121.4
2.01,0.264612,2,-0.49391,0.247604,2.3967,25876.2
2.01,0.264612,2,-0.49391,0.247604,2.3997,24907.4
2.01,0.264612,2,-0.49391,0.247604,2.4027,25222.5
2.01,0.264612,2,-0.49391,0.247604,2.4057,24548.1
2.01,0.264612,2,-0.49391,0.247604,2.4087,24681.4
2.01,0.264612,2,-0.49391,0.247604,2.41171,24629
2.01,0.264612,2,-0.49391,0.247604,2.41471,24476.5
2.01,0.264612,2,-0.49391,0.247604,2.41771,25091.7
2.01,0.264612,2,-0.49391,0.247604,2.42071,26243.8
2.01,0.264612,2,-0.49391,0.247604,2.42371,24923.3
2.01,0.264612,2,-0.49391,0.247604,2.42671,25053.6
2.01,0.264612,2,-0.49391,0.247604,2.42971,25959.9
2.01,0.264612,2,-0.49391,0.247604,2.43272,26363.7
2.01,0.264612,2,-0.49391,0.247604,2.43572,24899.1
2.01,0.264612,2,-0.49391,0.247604,2.43872,25217.4
2.01,0.264612,2,-0.49391,0.247604,2.44172,25827.5
2.01,0.264612,2,-0.49391,0.247604,2.44472,25246.3
2.01,0.264612,2,-0.49391,0.247604,2.44772,25849.8
2.01,0.264612,2,-0.49391,0.247604,2.45073,25149.2
2.01,0.264612,2,-0.49391,0.247604,2.45373,26583.6
2.01,0.264612,2,-0.49391,0.247604,2.45673,25324.9
2.01,0.264612,2,-0.49391,0.247604,2.45973,25422.2
2.01,0.264612,2,-0.49391,0.247604,2.46273,25688.8
2.01,0.264612,2,-0.49391,0.247604,2.46573,25113.9
2.01,0.264612,2,-0.49391,0.247604,2.46873,25285.4
2.01,0.264612,2,-0.49391,0.247604,2.47174,25104.1
2.01,0.264612,2,-0.49391,0.247604,2.47474,25621.7
2.01,0.264612,2,-0.49391,0.247604,2.47774,24849.8
2.01,0.264612,2,-0.49391,0.247604,2.48074,26229.3
2.01,0.264612,2,-0.49391,0.247604,2.48374,25855.6
2.01,0.264612,2,-0.49391,0.247604,2.48674,26014.5
2.01,0.264612,2,-0.49391,0.247604,2.48974,26820.9
2.01,0.264612,2,-0.49391,0.247604,2.49275,26783
2.01,0.264612,2,-0.49391,0.247604,2.49575,25174.3
2.01,0.264612,2,-0.49391,0.247604,2.49875,25754.9
2.01,0.264612,2,-0.49391,0.247604,2.50175,25611.8
2.01,0.264612,2,-0.49391,0.247604,2.50475,25130.3
2.01,0.264612,2,-0.49391,0.247604,2.50775,26426.1
2.01,0.264612,2,-0.49391,0.247604,2.51076,25118.8
2.01,0.264612,2,-0.49391,0.247604,2.51376,25144.4
2.01,0.264612,2,-0.49391,0.247604,2.51676,25984.7
2.01,0.264612,2,-0.49391,0.247604,2.51976,25212.1
2.01,0.264612,2,-0.49391,0.247604,2.52276,26982.3
2.01,0.264612,2,-0.49391,0.247604,2.52576,27299.8
2.01,0.264612,2,-0.49391,0.247604,2.52876,27741.3
2.01,0.264612,2,-0.49391,0.247604,2.53177,26542.5
2.01,0.264612,2,-0.49391,0.247604,2.53477,25914.4
2.01,0.264612,2,-0.49391,0.247604,2.53777,25515.5
2.01,0.264612,2,-0.49391,0.247604,2.54077,25369.1
2.01,0.264612,2,-0.49391,0.247604,2.54377,26540.5
2.01,0.264612,2,-0.49391,0.247604,2.54677,27016.9
2.01,0.264612,2,-0.49391,0.247604,2.54977,25822.1
2.01,0.264612,2,-0.49391,0.247604,2.55278,25370.5
2.01,0.264612,2,-0.49391,0.247604,2.55578,25668.9
2.01,0.264612,2,-0.49391,0.247604,2.55878,25708.6
2.01,0.264612,2,-0.49391,0.247604,2.56178,25965.4
2.01,0.264612,2,-0.49391,0.247604,2.56478,26087.2
2.01,0.264612,2,-0.49391,0.247604,2.56778,25659.7
2.01,0.264612,2,-0.49391,0.247604,2.57079,27040.3
2.01,0.264612,2,-0.49391,0.247604,2.57379,27389.8
2.01,0.264612,2,-0.49391,0.247604,2.57679,26275.2
2.01,0.264612,2,-0.49391,0.247604,2.57979,27035.6
2.01,0.264612,2,-0.49391,0.247604,2.58279,26853.6
2.01,0.264612,2,-0.49391,0.247604,2.58579,25508.5
2.01,0.264612,2,-0.49391,0.247604,2.58879,27128.6
2.01,0.264612,2,-0.49391,0.247604,2.5918,27523.9
2.01,0.264612,2,-0.49391,0.247604,2.5948,27434.8
2.01,0.264612,2,-0.49391,0.247604,2.5978,27264.1
2.01,0.264612,2,-0.49391,0.247604,2.6008,27299.8
2.01,0.264612,2,-0.49391,0.247604,2.6038,26831.3
2.01,0.264612,2,-0.49391,0.247604,2.6068,25752.6
2.01,0.264612,2,-0.49391,0.247604,2.6098,25894.2
2.01,0.264612,2,-0.49391,0.247604,2.61281,27034.8
2.01,0.264612,2,-0.49391,0.247604,2.61581,26312.5
2.01,0.264612,2,-0.49391,0.247604,2.61881,26957.7
2.01,0.264612,2,-0.49391,0.247604,2.62181,26451
2.01,0.264612,2,-0.49391,0.247604,2.62481,27473.2
2.01,0.264612,2,-0.49391,0.247604,2.62781,26560.3
2.01,0.264612,2,-0.49391,0.247604,2.63082,26563.4
2.01,0.264612,2,-0.49391,0.247604,2.63382,26346
2.01,0.264612,2,-0.49391,0.247604,2.63682,25924.7
2.01,0.264612,2,-0.49391,0.247604,2.63982,26596.6
2.01,0.264612,2,-0.49391,0.247604,2.64282,27576.9
2.01,0.264612,2,-0.49391,0.247604,2.64582,26209.9
2.01,0.264612,2,-0.49391,0.247604,2.64882,27496.2
2.01,0.264612,2,-0.49391,0.247604,2.65183,26839.2
2.01,0.264612,2,-0.49391,0.247604,2.65483,27508.8
2.01,0.264612,2,-0.49391,0.247604,2.65783,26668.1
2.01,0.264612,2,-0.49391,0.247604,2.66083,28107.2
2.01,0.264612,2,-0.49391,0.247604,2.66383,28463.8
2.01,0.264612,2,-0.49391,0.247604,2.66683,28092
2.01,0.264612,2,-0.49391,0.247604,2.66983,27869.1
2.01,0.264612,2,-0.49391,0.247604,2.67284,27125.3
2.01,0.264612,2,-0.49391,0.247604,2.67584,26826.7
2.01,0.264612,2,-0.49391,0.247604,2.67884,27125.9
2.01,0.264612,2,-0.49391,0.247604,2.68184,28224.3
2.01,0.264612,2,-0.49391,0.247604,2.68484,26645.3
2.01,0.264612,2,-0.49391,0.247604,2.68784,28251.4
2.01,0.264612,2,-0.49391,0.247604,2.69085,27803.9
2.01,0.264612,2,-0.49391,0.247604,2.69385,26399.4
2.01,0.264612,2,-0.49391,0.247604,2.69685,27169.7
2.01,0.264612,2,-0.49391,0.247604,2.69985,27550.3
2.01,0.264612,2,-0.49391,0.247604,2.70285,28797.9
2.01,0.264612,2,-0.49391,0.247604,2.70585,27518.7
2.01,0.264612,2,-0.49391,0.247604,2.70885,26521.7
2.01,0.264612,2,-0.49391,0.247604,2.71186,27040.1
2.01,0.264612,2,-0.49391,0.247604,2.71486,26480.4
2.01,0.264612,2,-0.49391,0.247604,2.71786,28595.3
2.01,0.264612,2,-0.49391,0.247604,2.72086,27282.9
2.01,0.264612,2,-0.49391,0.247604,2.72386,28755.2
2.01,0.264612,2,-0.49391,0.247604,2.72686,26708.3
2.01,0.264612,2,-0.49391,0.247604,2.72986,26698.8
2.01,0.264612,2,-0.49391,0.247604,2.73287,26692.9
2.01,0.264612,2,-0.49391,0.247604,2.73587,27251
2.01,0.264612,2,-0.49391,0.247604,2.73887,26632.2
2.01,0.264612,2,-0.49391,0.247604,2.74187,26478.7
2.01,0.264612,2,-0.49391,0.247604,2.74487,27044
2.01,0.264612,2,-0.49391,0.247604,2.74787,26682.5
2.01,0.264612,2,-0.49391,0.247604,2.75088,27380.2
2.01,0.264612,2,-0.49391,0.247604,2.75388,28753
2.01,0.264612,2,-0.49391,0.247604,2.75688,28720.4
2.01,0.264612,2,-0.49391,0.247604,2.75988,27714.6
2.01,0.264612,2,-0.49391,0.247604,2.76288,28380.2
2.01,0.264612,2,-0.49391,0.247604,2.76588,28683.4
2.01,0.264612,2,-0.49391,0.247604,2.76888,26605.8
2.01,0.264612,2,-0.49391,0.247604,2.77189,26799
2.01,0.264612,2,-0.49391,0.247604,2.77489,27138.3
2.01,0.264612,2,-0.49391,0.247604,2.77789,28525.3
2.01,0.264612,2,-0.49391,0.247604,2.78089,27728.9
2.01,0.264612,2,-0.49391,0.247604,2.78389,28142.1
2.01,0.264612,2,-0.49391,0.247604,2.78689,28965.4
2.01,0.264612,2,-0.49391,0.247604,2.78989,28908.6
2.01,0.264612,2,-0.49391,0.247604,2.7929,27293
2.01,0.264612,2,-0.49391,0.247604,2.7959,28120.3
2.01,0.264612,2,-0.49391,0.247604,2.7989,28227.6
2.01,0.264612,2,-0.49391,0.247604,2.8019,28979.1
2.01,0.264612,2,-0.49391,0.247604,2.8049,26859.1
2.01,0.264612,2,-0.49391,0.247604,2.8079,28690.9
2.01,0.264612,2,-0.49391,0.247604,2.81091,29074
2.01,0.264612,2,-0.49391,0.247604,2.81391,27372.6
2.01,0.264612,2,-0.49391,0.247604,2.81691,28195.2
2.01,0.264612,2,-0.49391,0.247604,2.81991,27476.9
2.01,0.264612,2,-0.49391,0.247604,2.82291,27898.3
2.01,0.264612,2,-0.49391,0.247604,2.82591,27313.4
2.01,0.264612,2,-0.49391,0.247604,2.82891,28300
2.01,0.264612,2,-0.49391,0.247604,2.83192,27025.7
2.01,0.264612,2,-0.49391,0.247604,2.83492,28026.3
2.01,0.264612,2,-0.49391,0.247604,2.83792,28423.7
2.01,0.264612,2,-0.49391,0.247604,2.84092,27498.5
2.01,0.264612,2,-0.49391,0.247604,2.84392,28232.6
2.01,0.264612,2,-0.49391,0.247604,2.84692,29139.9
2.01,0.264612,2,-0.49391,0.247604,2.84992,27164.2
2.01,0.264612,2,-0.49391,0.247604,2.85293,28689.2
2.01,0.264612,2,-0.49391,0.247604,2.85593,27682.5
2.01,0.264612,2,-0.49391,0.247604,2.85893,28121.7
2.01,0.264612,2,-0.49391,0.247604,2.86193,27675.1
2.01,0.264612,2,-0.49391,0.247604,2.86493,28369.4
2.01,0.264612,2,-0.49391,0.247604,2.86793,29581.1
2.01,0.264612,2,-0.49391,0.247604,2.87094,27316.5
2.01,0.264612,2,-0.49391,0.247604,2.87394,29201.3
2.01,0.264612,2,-0.49391,0.247604,2.87694,27627
2.01,0.264612,2,-0.49391,0.247604,2.87994,28310.4
2.01,0.264612,2,-0.49391,0.247604,2.88294,30147.9
2.01,0.264612,2,-0.49391,0.247604,2.88594,29836.6
2.01,0.264612,2,-0.49391,0.247604,2.88894,28663.8
2.01,0.264612,2,-0.49391,0.247604,2.89195,31279.5
2.01,0.264612,2,-0.49391,0.247604,2.89495,30003.6
2.01,0.264612,2,-0.49391,0.247604,2.89795,29449.1
2.01,0.264612,2,-0.49391,0.247604,2.90095,28521.6
2.01,0.264612,2,-0.49391,0.247604,2.90395,30902.1
2.01,0.264612,2,-0.49391,0.247604,2.90695,28772.7
2.01,0.264612,2,-0.49391,0.247604,2.90995,28283
2.01,0.264612,2,-0.49391,0.247604,2.91296,28854.1
2.01,0.264612,2,-0.49391,0.247604,2.91596,31734.1
2.01,0.264612,2,-0.49391,0.247604,2.91896,27767.1
2.01,0.264612,2,-0.49391,0.247604,2.92196,27900.9
2.01,0.264612,2,-0.49391,0.247604,2.92496,28878.2
2.01,0.264612,2,-0.49391,0.247604,2.92796,28362.7
2.01,0.264612,2,-0.49391,0.247604,2.93097,27753.4
2.01,0.264612,2,-0.49391,0.247604,2.93397,28036.4
2.01,0.264612,2,-0.49391,0.247604,2.93697,28213.5
2.01,0.264612,2,-0.49391,0.247604,2.93997,29988.8
2.01,0.264612,2,-0.49391,0.247604,2.94297,28977.2
2.01,0.264612,2,-0.49391,0.247604,2.94597,28845.7
2.01,0.264612,2,-0.49391,0.247604,2.94897,27770.4
2.01,0.264612,2,-0.49391,0.247604,2.95198,30208.3
2.01,0.264612,2,-0.49391,0.247604,2.95498,30452.9
2.01,0.264612,2,-0.49391,0.247604,2.95798,29470.5
2.01,0.264612,2,-0.49391,0.247604,2.96098,28283
2.01,0.264612,2,-0.49391,0.247604,2.96398,30488.8
2.01,0.264612,2,-0.49391,0.247604,2.96698,28460.8
2.01,0.264612,2,-0.49391,0.247604,2.96998,28545.7
2.01,0.264612,2,-0.49391,0.247604,2.97299,28052.8
2.01,0.264612,2,-0.49391,0.247604,2.97599,30115.4
2.01,0.264612,2,-0.49391,0.247604,2.97899,28272.4
2.01,0.264612,2,-0.49391,0.247604,2.98199,29404.1
2.01,0.264612,2,-0.49391,0.247604,2.98499,28091.3
2.01,0.264612,2,-0.49391,0.247604,2.98799,30169
2.01,0.264612,2,-0.49391,0.247604,2.991,29997.1
2.01,0.264612,2,-0.49391,0.247604,2.994,28649
2.01,0.264612,2,-0.49391,0.247604,2.997,28603.9
2.01,0.264612,2,-0.49391,0.247604,3,30977

2.001,0.267722,2,-0.497908,0.277247,-3,20055.4
2.001,0.267722,2,-0.497908,0.277247,-2.997,18554.2
2.001,0.267722,2,-0.497908,0.277247,-2.994,19851.7
2.001,0.267722,2,-0.497908,0.277247,-2.991,18449.8
2.001,0.267722,2,-0.497908,0.277247,-2.98799,24035
2.001,0.267722,2,-0.497908,0.277247,-2.98499,21238.1
2.001,0.267722,2,-0.497908,0.277247,-2.98199,18939.1
2.001,0.267722,2,-0.497908,0.277247,-2.97899,23347.2
2.001,0.267722,2,-0.497908,0.277247,-2.97599,20205.5
2.001,0.267722,2,-0.497908,0.277247,-2.97299,21484.2
2.001,0.267722,2,-0.497908,0.277247,-2.96998,22957
2.001,0.267722,2,-0.497908,0.277247,-2.96698,22008.9
2.001,0.267722,2,-0.497908,0.277247,-2.96398,18801.4
2.001,0.267722,2,-0.497908,0.277247,-2.96098,20729.7
2.001,0.267722,2,-0.497908,0.277247,-2.95798,18812.9
2.001,0.267722,2,-0.497908,0.277247,-2.95498,18348.1
2.001,0.267722,2,-0.497908,0.277247,-2.95198,18553.6
2.001,0.267722,2,-0.497908,0.277247,-2.94897,22570.6
2.001,0.267722,2,-0.497908,0.277247,-2.94597,17551.6
2.001,0.267722,2,-0.497908,0.277247,-2.94297,20322.9
2.001,0.267722,2,-0.497908,0.277247,-2.93997,18864.6
2.001,0.267722,2,-0.497908,0.277247,-2.93697,17661.5
2.001,0.267722,2,-0.497908,0.277247,-2.93397,17893.9
2.001,0.267722,2,-0.497908,0.277247,-2.93097,19893.9
2.001,0.267722,2,-0.497908,0.277247,-2.92796,18172.6
2.001,0.267722,2,-0.497908,0.277247,-2.92496,17037.9
2.001,0.267722,2,-0.497908,0.277247,-2.92196,16934.5
2.001,0.267722,2,-0.497908,0.277247,-2.91896,17890.7
2.001,0.267722,2,-0.497908,0.277247,-2.91596,18636.3
2.001,0.267722,2,-0.497908,0.277247,-2.91296,-15318.1
2.001,0.267722,2,-0.497908,0.277247,-2.90995,-18726.2
2.001,0.267722,2,-0.497908,0.277247,-2.90695,-18778.4
2.001,0.267722,2,-0.497908,0.277247,-2.90395,-19615.1
2.001,0.267722,2,-0.497908,0.277247,-2.90095,-20496.2
2.001,0.267722,2,-0.497908,0.277247,-2.89795,-19527.6
2.001,0.267722,2,-0.497908,0.277247,-2.89495,-18544.3
2.001,0.267722,2,-0.497908,0.277247,-2.89195,-18595.9
2.001,0.267722,2,-0.497908,0.277247,-2.88894,-20070.4
2.001,0.267722,2,-0.497908,0.277247,-2.88594,-19102.3
2.001,0.267722,2,-0.497908,0.277247,-2.88294,-18541.1
2.001,0.267722,2,-0.497908,0.277247,-2.87994,-18609.8
2.001,0.267722,2,-0.497908,0.277247,-2.87694,-18166.6
2.001,0.267722,2,-0.497908,0.277247,-2.87394,-17707.7
2.001,0.267722,2,-0.497908,0.277247,-2.87094,-20382.1
2.001,0.267722,2,-0.497908,0.277247,-2.86793,-21954.3
2.001,0.267722,2,-0.497908,0.277247,-2.86493,-18717.8
2.001,0.267722,2,-0.497908,0.277247,-2.86193,-18319.6
2.001,0.267722,2,-0.497908,0.277247,-2.85893,-18154.2
2.001,0.267722,2,-0.497908,0.277247,-2.85593,-20862.2
2.001,0.267722,2,-0.497908,0.277247,-2.85293,-21145.9
2.001,0.267722,2,-0.497908,0.277247,-2.84992,-18276.4
2.001,0.267722,2,-0.497908,0.277247,-2.84692,-18369.9
2.001,0.267722,2,-0.497908,0.277247,-2.84392,-23626.9
2.001,0.267722,2,-0.497908,0.277247,-2.84092,-19406.2
2.001,0.267722,2,-0.497908,0.277247,-2.83792,-18609.5
2.001,0.267722,2,-0.497908,0.277247,-2.83492,-20827.4
2.001,0.267722,2,-0.497908,0.277247,-2.83192,-21559.1
2.001,0.267722,2,-0.497908,0.277247,-2.82891,-19315.7
2.001,0.267722,2,-0.497908,0.277247,-2.82591,-23035.4
2.001,0.267722,2,-0.497908,0.277247,-2.82291,-21631.3
2.001,0.267722,2,-0.497908,0.277247,-2.81991,-20381.1
2.001,0.267722,2,-0.497908,0.277247,-2.81691,-23701.7
2.001,0.267722,2,-0.497908,0.277247,-2.81391,-21673.3
2.001,0.267722,2,-0.497908,0.277247,-2.81091,-24017.4
2.001,0.267722,2,-0.497908,0.277247,-2.8079,-20979.6
2.001,0.267722,2,-0.497908,0.277247,-2.8049,-22356.1
2.001,0.267722,2,-0.497908,0.277247,-2.8019,-21511.5
2.001,0.267722,2,-0.497908,0.277247,-2.7989,-19624
2.001,0.267722,2,-0.497908,0.277247,-2.7959,-21500.9
2.001,0.267722,2,-0.497908,0.277247,-2.7929,-20648.9
2.001,0.267722,2,-0.497908,0.277247,-2.78989,-24755.7
2.001,0.267722,2,-0.497908,0.277247,-2.78689,-20642
2.001,0.267722,2,-0.497908,0.277247,-2.78389,-23207.5
2.001,0.267722,2,-0.497908,0.277247,-2.78089,-21020.8
2.001,0.267722,2,-0.497908,0.277247,-2.77789,-20073.2
2.001,0.267722,2,-0.497908,0.277247,-2.77489,-20954.1
2.001,0.267722,2,-0.497908,0.277247,-2.77189,-23277.5
2.001,0.267722,2,-0.497908,0.277247,-2.76888,-24866.6
2.001,0.267722,2,-0.497908,0.277247,-2.76588,-19593.4
2.001,0.267722,2,-0.497908,0.277247,-2.76288,-23530.5
2.001,0.267722,2,-0.497908,0.277247,-2.75988,-24310.1
2.001,0.267722,2,-0.497908,0.277247,-2.75688,-25324
2.001,0.267722,2,-0.497908,0.277247,-2.75388,-21851.6
2.001,0.267722,2,-0.497908,0.277247,-2.75088,-19872.3
2.001,0.267722,2,-0.497908,0.277247,-2.74787,-20226.6
2.001,0.267722,2,-0.497908,0.277247,-2.74487,-21371.6
2.001,0.267722,2,-0.497908,0.277247,-2.74187,-22918.4
2.001,0.267722,2,-0.497908,0.277247,-2.73887,-21137.1
2.001,0.267722,2,-0.497908,0.277247,-2.73587,-21361.8
2.001,0.267722,2,-0.497908,0.277247,-2.73287,-22869.7
2.001,0.267722,2,-0.497908,0.277247,-2.72986,-22782.7
2.001,0.267722,2,-0.497908,0.277247,-2.72686,-20164.4
2.001,0.267722,2,-0.497908,0.277247,-2.72386,-20389.3
2.001,0.267722,2,-0.497908,0.277247,-2.72086,-23721.3
2.001,0.267722,2,-0.497908,0.277247,-2.71786,-21317.2
2.001,0.267722,2,-0.497908,0.277247,-2.71486,-20069.7
2.001,0.267722,2,-0.497908,0.277247,-2.71186,-20258.4
2.001,0.267722,2,-0.497908,0.277247,-2.70885,-21364.5
2.001,0.267722,2,-0.497908,0.277247,-2.70585,-21156.6
2.001,0.267722,2,-0.497908,0.277247,-2.70285,-21966.7
2.001,0.267722,2,-0.497908,0.277247,-2.69985,-25025.9
2.001,0.267722,2,-0.497908,0.277247,-2.69685,-20357.5
2.001,0.267722,2,-0.497908,0.277247,-2.69385,-22699
2.001,0.267722,2,-0.497908,0.277247,-2.69085,-22147.5
2.001,0.267722,2,-0.497908,0.277247,-2.68784,-22862.1
2.001,0.267722,2,-0.497908,0.277247,-2.68484,-20988.5
2.001,0.267722,2,-0.497908,0.277247,-2.68184,-20161.2
2.001,0.267722,2,-0.497908,0.277247,-2.67884,-22024.3
2.001,0.267722,2,-0.497908,0.277247,-2.67584,-24662.5
2.001,0.267722,2,-0.497908,0.277247,-2.67284,-24147.5
2.001,0.267722,2,-0.497908,0.277247,-2.66983,-20095.6
2.001,0.267722,2,-0.497908,0.277247,-2.66683,-20707.4
2.001,0.267722,2,-0.497908,0.277247,-2.66383,-21788.5
2.001,0.267722,2,-0.497908,0.277247,-2.66083,-26324.9
2.001,0.267722,2,-0.497908,0.277247,-2.65783,-21186
2.001,0.267722,2,-0.497908,0.277247,-2.65483,-21531.4
2.001,0.267722,2,-0.497908,0.277247,-2.65183,-24151.8
2.001,0.267722,2,-0.497908,0.277247,-2.64882,-21865.1
2.001,0.267722,2,-0.497908,0.277247,-2.64582,-23839.9
2.001,0.267722,2,-0.497908,0.277247,-2.64282,-21809
2.001,0.267722,2,-0.497908,0.277247,-2.63982,-20940.8
2.001,0.267722,2,-0.497908,0.277247,-2.63682,-25740.9
2.001,0.267722,2,-0.497908,0.277247,-2.63382,-22700.9
2.001,0.267722,2,-0.497908,0.277247,-2.63082,-26524.4
2.001,0.267722,2,-0.497908,0.277247,-2.62781,-25398.5
2.001,0.267722,2,-0.497908,0.277247,-2.62481,-20755.5
2.001,0.267722,2,-0.497908,0.277247,-2.62181,-23192.9
2.001,0.267722,2,-0.497908,0.277247,-2.61881,-22798.8
2.001,0.267722,2,-0.497908,0.277247,-2.61581,-22298.3
2.001,0.267722,2,-0.497908,0.277247,-2.61281,-21782.9
2.001,0.267722,2,-0.497908,0.277247,-2.6098,-23878.8
2.001,0.267722,2,-0.497908,0.277247,-2.6068,-22935
2.001,0.267722,2,-0.497908,0.277247,-2.6038,-23702.5
2.001,0.267722,2,-0.497908,0.277247,-2.6008,-21762.3
2.001,0.267722,2,-0.497908,0.277247,-2.5978,-26160.2
2.001,0.267722,2,-0.497908,0.277247,-2.5948,-25738.6
2.001,0.267722,2,-0.497908,0.277247,-2.5918,-21498.2
2.001,0.267722,2,-0.497908,0.277247,-2.58879,-24964.1
2.001,0.267722,2,-0.497908,0.277247,-2.58579,-24050.5
2.001,0.267722,2,-0.497908,0.277247,-2.58279,-22236
2.001,0.267722,2,-0.497908,0.277247,-2.57979,-21890.8
2.001,0.267722,2,-0.497908,0.277247,-2.57679,-23770.4
2.001,0.267722,2,-0.497908,0.277247,-2.57379,-22800.7
2.001,0.267722,2,-0.497908,0.277247,-2.57079,-23353
2.001,0.267722,2,-0.497908,0.277247,-2.56778,-26316.3
2.001,0.267722,2,-0.497908,0.277247,-2.56478,-21630.8
2.001,0.267722,2,-0.497908,0.277247,-2.56178,-23389.3
2.001,0.267722,2,-0.497908,0.277247,-2.55878,-22102.3
2.001,0.267722,2,-0.497908,0.277247,-2.55578,-21005.5
2.001,0.267722,2,-0.497908,0.277247,-2.55278,-23578.1
2.001,0.267722,2,-0.497908,0.277247,-2.54977,-22966.8
2.001,0.267722,2,-0.497908,0.277247,-2.54677,-24718.3
2.001,0.267722,2,-0.497908,0.277247,-2.54377,-21110
2.001,0.267722,2,-0.497908,0.277247,-2.54077,-24212.8
2.001,0.267722,2,-0.497908,0.277247,-2.53777,-21125.9
2.001,0.267722,2,-0.497908,0.277247,-2.53477,-22941
2.001,0.267722,2,-0.497908,0.277247,-2.53177,-24385.3
2.001,0.267722,2,-0.497908,0.277247,-2.52876,-23799.2
2.001,0.267722,2,-0.497908,0.277247,-2.52576,-24481.9
2.001,0.267722,2,-0.497908,0.277247,-2.52276,-20894.4
2.001,0.267722,2,-0.497908,0.277247,-2.51976,-22976.3
2.001,0.267722,2,-0.497908,0.277247,-2.51676,-23397.7
2.001,0.267722,2,-0.497908,0.277247,-2.51376,-26129.8
2.001,0.267722,2,-0.497908,0.277247,-2.51076,-24791.9
2.001,0.267722,2,-0.497908,0.277247,-2.50775,-24493.9
2.001,0.267722,2,-0.497908,0.277247,-2.50475,-22511.4
2.001,0.267722,2,-0.497908,0.277247,-2.50175,-21704.6
2.001,0.267722,2,-0.497908,0.277247,-2.49875,-21637.7
2.001,0.267722,2,-0.497908,0.277247,-2.49575,-24053.9
2.001,0.267722,2,-0.497908,0.277247,-2.49275,-21022.1
2.001,0.267722,2,-0.497908,0.277247,-2.48974,-20969.9
2.001,0.267722,2,-0.497908,0.277247,-2.48674,-23435.4
2.001,0.267722,2,-0.497908,0.277247,-2.48374,-26794.6
2.001,0.267722,2,-0.497908,0.277247,-2.48074,-25846.8
2.001,0.267722,2,-0.497908,0.277247,-2.47774,-23963.8
2.001,0.267722,2,-0.497908,0.277247,-2.47474,-23628.7
2.001,0.267722,2,-0.497908,0.277247,-2.47174,-25641.9
2.001,0.267722,2,-0.497908,0.277247,-2.46873,-24323.8
2.001,0.267722,2,-0.497908,0.277247,-2.46573,-22862.8
2.001,0.267722,2,-0.497908,0.277247,-2.46273,-22191.5
2.001,0.267722,2,-0.497908,0.277247,-2.45973,-25417
2.001,0.267722,2,-0.497908,0.277247,-2.45673,-25392.9
2.001,0.267722,2,-0.497908,0.277247,-2.45373,-25023.8
2.001,0.267722,2,-0.497908,0.277247,-2.45073,-23417.5
2.001,0.267722,2,-0.497908,0.277247,-2.44772,-25605.4
2.001,0.267722,2,-0.497908,0.277247,-2.44472,-22377.8
2.001,0.267722,2,-0.497908,0.277247,-2.44172,-23374.1
2.001,0.267722,2,-0.497908,0.277247,-2.43872,-21979.6
2.001,0.267722,2,-0.497908,0.277247,-2.43572,-25712.1
2.001,0.267722,2,-0.497908,0.277247,-2.43272,-25447.2
2.001,0.267722,2,-0.497908,0.277247,-2.42971,-27043.2
2.001,0.267722,2,-0.497908,0.277247,-2.42671,-22846.9
2.001,0.267722,2,-0.497908,0.277247,-2.42371,-25754.6
2.001,0.267722,2,-0.497908,0.277247,-2.42071,-21827.3
2.001,0.267722,2,-0.497908,0.277247,-2.41771,-23262.8
2.001,0.267722,2,-0.497908,0.277247,-2.41471,-25551.2
2.001,0.267722,2,-0.497908,0.277247,-2.41171,-23434.2
2.001,0.267722,2,-0.497908,0.277247,-2.4087,-22519.3
2.001,0.267722,2,-0.497908,0.277247,-2.4057,-22133.1
2.001,0.267722,2,-0.497908,0.277247,-2.4027,-21962.4
2.001,0.267722,2,-0.497908,0.277247,-2.3997,-24877.2
2.001,0.267722,2,-0.497908,0.277247,-2.3967,-21999.1
2.001,0.267722,2,-0.497908,0.277247,-2.3937,-23602.6
2.001,0.267722,2,-0.497908,0.277247,-2.3907,-22286.5
2.001,0.267722,2,-0.497908,0.277247,-2.38769,-26484.1
2.001,0.267722,2,-0.497908,0.277247,-2.38469,-24313.5
2.001,0.267722,2,-0.497908,0.277247,-2.38169,-21623.2
2.001,0.267722,2,-0.497908,0.277247,-2.37869,-27309.6
2.001,0.267722,2,-0.497908,0.277247,-2.37569,-26769.8
2.001,0.267722,2,-0.497908,0.277247,-2.37269,-24105.6
2.001,0.267722,2,-0.497908,0.277247,-2.36968,-25041.2
2.001,0.267722,2,-0.497908,0.277247,-2.36668,-25019.4
2.001,0.267722,2,-0.497908,0.277247,-2.36368,-22494.3
2.001,0.267722,2,-0.497908,0.277247,-2.36068,-23070.2
2.001,0.267722,2,-0.497908,0.277247,-2.35768,-21541.3
2.001,0.267722,2,-0.497908,0.277247,-2.35468,-26358.9
2.001,0.267722,2,-0.497908,0.277247,-2.35168,-25589.5
2.001,0.267722,2,-0.497908,0.277247,-2.34867,-25113
2.001,0.267722,2,-0.497908,0.277247,-2.34567,-25144.8
2.001,0.267722,2,-0.497908,0.277247,-2.34267,-24035.5
2.001,0.267722,2,-0.497908,0.277247,-2.33967,-23283
2.001,0.267722,2,-0.497908,0.277247,-2.33667,-22333
2.001,0.267722,2,-0.497908,0.277247,-2.33367,-21795.2
2.001,0.267722,2,-0.497908,0.277247,-2.33067,-23545.7
2.001,0.267722,2,-0.497908,0.277247,-2.32766,-22054
2.001,0.267722,2,-0.497908,0.277247,-2.32466,-26802.2
2.001,0.267722,2,-0.497908,0.277247,-2.32166,-23809.4
2.001,0.267722,2,-0.497908,0.277247,-2.31866,-21554.8
2.001,0.267722,2,-0.497908,0.277247,-2.31566,-21695.4
2.001,0.267722,2,-0.497908,0.277247,-2.31266,-23391
2.001,0.267722,2,-0.497908,0.277247,-2.30965,-24512.5
2.001,0.267722,2,-0.497908,0.277247,-2.30665,-24371
2.001,0.267722,2,-0.497908,0.277247,-2.30365,-21969.4
2.001,0.267722,2,-0.497908,0.277247,-2.30065,-23284.3
2.001,0.267722,2,-0.497908,0.277247,-2.29765,-22609.2
2.001,0.267722,2,-0.497908,0.277247,-2.29465,-22521.6
2.001,0.267722,2,-0.497908,0.277247,-2.29165,-22035.3
2.001,0.267722,2,-0.497908,0.277247,-2.28864,-21775.2
2.001,0.267722,2,-0.497908,0.277247,-2.28564,-25800.1
2.001,0.267722,2,-0.497908,0.277247,-2.28264,-24705.9
2.001,0.267722,2,-0.497908,0.277247,-2.27964,-22037.1
2.001,0.267722,2,-0.497908,0.277247,-2.27664,-22095.9
2.001,0.267722,2,-0.497908,0.277247,-2.27364,-27013.2
2.001,0.267722,2,-0.497908,0.277247,-2.27064,-27732
2.001,0.267722,2,-0.497908,0.277247,-2.26763,-22460.7
2.001,0.267722,2,-0.497908,0.277247,-2.26463,-22202.1
2.001,0.267722,2,-0.497908,0.277247,-2.26163,-27009.2
2.001,0.267722,2,-0.497908,0.277247,-2.25863,-26924
2.001,0.267722,2,-0.497908,0.277247,-2.25563,-23046.2
2.001,0.267722,2,-0.497908,0.277247,-2.25263,-27951.9
2.001,0.267722,2,-0.497908,0.277247,-2.24962,-22684.9
2.001,0.267722,2,-0.497908,0.277247,-2.24662,-24357.3
2.001,0.267722,2,-0.497908,0.277247,-2.24362,-24359.6
2.001,0.267722,2,-0.497908,0.277247,-2.24062,-22969
2.001,0.267722,2,-0.497908,0.277247,-2.23762,-22825.1
2.001,0.267722,2,-0.497908,0.277247,-2.23462,-22122.1
2.001,0.267722,2,-0.497908,0.277247,-2.23162,-24432.4
2.001,0.267722,2,-0.497908,0.277247,-2.22861,-27647.7
2.001,0.267722,2,-0.497908,0.277247,-2.22561,-23176.8
2.001,0.267722,2,-0.497908,0.277247,-2.22261,-23002
2.001,0.267722,2,-0.497908,0.277247,-2.21961,-22821.2
2.001,0.267722,2,-0.497908,0.277247,-2.21661,-21721.6
2.001,0.267722,2,-0.497908,0.277247,-2.21361,-25771.7
2.001,0.267722,2,-0.497908,0.277247,-2.21061,-27247.5
2.001,0.267722,2,-0.497908,0.277247,-2.2076,-27307.3
2.001,0.267722,2,-0.497908,0.277247,-2.2046,-25508.1
2.001,0.267722,2,-0.497908,0.277247,-2.2016,-24091.2
2.001,0.267722,2,-0.497908,0.277247,-2.1986,-26837.1
2.001,0.267722,2,-0.497908,0.277247,-2.1956,-25433.7
2.001,0.267722,2,-0.497908,0.277247,-2.1926,-24689.3
2.001,0.267722,2,-0.497908,0.277247,-2.18959,-23338.6
2.001,0.267722,2,-0.497908,0.277247,-2.18659,-26505.7
2.001,0.267722,2,-0.497908,0.277247,-2.18359,-22925.9
2.001,0.267722,2,-0.497908,0.277247,-2.18059,-23978.4
2.001,0.267722,2,-0.497908,0.277247,-2.17759,-23252
2.001,0.267722,2,-0.497908,0.277247,-2.17459,-26424.1
2.001,0.267722,2,-0.497908,0.277247,-2.17159,-23070.2
2.001,0.267722,2,-0.497908,0.277247,-2.16858,-23612.7
2.001,0.267722,2,-0.497908,0.277247,-2.16558,-24585.5
2.001,0.267722,2,-0.497908,0.277247,-2.16258,-24222.4
2.001,0.267722,2,-0.497908,0.277247,-2.15958,-25159.1
2.001,0.267722,2,-0.497908,0.277247,-2.15658,-25664.8
2.001,0.267722,2,-0.497908,0.277247,-2.15358,-22396.4
2.001,0.267722,2,-0.497908,0.277247,-2.15058,-24299
2.001,0.267722,2,-0.497908,0.277247,-2.14757,-23017
2.001,0.267722,2,-0.497908,0.277247,-2.14457,-25459.9
2.001,0.267722,2,-0.497908,0.277247,-2.14157,-24411.4
2.001,0.267722,2,-0.497908,0.277247,-2.13857,-27971.4
2.001,0.267722,2,-0.497908,0.277247,-2.13557,-23349.7
2.001,0.267722,2,-0.497908,0.277247,-2.13257,-24338.7
2.001,0.267722,2,-0.497908,0.277247,-2.12956,-26100.3
2.001,0.267722,2,-0.497908,0.277247,-2.12656,-24588.1
2.001,0.267722,2,-0.497908,0.277247,-2.12356,-23573.5
2.001,0.267722,2,-0.497908,0.277247,-2.12056,-23030.8
2.001,0.267722,2,-0.497908,0.277247,-2.11756,-22367.1
2.001,0.267722,2,-0.497908,0.277247,-2.11456,-23763.7
2.001,0.267722,2,-0.497908,0.277247,-2.11156,-23682.4
2.001,0.267722,2,-0.497908,0.277247,-2.10855,-24579.8
2.001,0.267722,2,-0.497908,0.277247,-2.10555,-27035.3
2.001,0.267722,2,-0.497908,0.277247,-2.10255,-23232.7
2.001,0.267722,2,-0.497908,0.277247,-2.09955,-23456.2
2.001,0.267722,2,-0.497908,0.277247,-2.09655,-27817.3
2.001,0.267722,2,-0.497908,0.277247,-2.09355,-22924
2.001,0.267722,2,-0.497908,0.277247,-2.09055,-23336.1
2.001,0.267722,2,-0.497908,0.277247,-2.08754,-22346.4
2.001,0.267722,2,-0.497908,0.277247,-2.08454,-26112.3
2.001,0.267722,2,-0.497908,0.277247,-2.08154,-22910.5
2.001,0.267722,2,-0.497908,0.277247,-2.07854,-24185.1
2.001,0.267722,2,-0.497908,0.277247,-2.07554,-27991.8
2.001,0.267722,2,-0.497908,0.277247,-2.07254,-26017.2
2.001,0.267722,2,-0.497908,0.277247,-2.06953,-23273.3
2.001,0.267722,2,-0.497908,0.277247,-2.06653,-22704.5
2.001,0.267722,2,-0.497908,0.277247,-2.06353,-23278.1
2.001,0.267722,2,-0.497908,0.277247,-2.06053,-22704.3
2.001,0.267722,2,-0.497908,0.277247,-2.05753,-27200.2
2.001,0.267722,2,-0.497908,0.277247,-2.05453,-21888.1
2.001,0.267722,2,-0.497908,0.277247,-2.05153,-28060.3
2.001,0.267722,2,-0.497908,0.277247,-2.04852,-24156.2
2.001,0.267722,2,-0.497908,0.277247,-2.04552,-22237.5
2.001,0.267722,2,-0.497908,0.277247,-2.04252,-23136
2.001,0.267722,2,-0.497908,0.277247,-2.03952,-22040.1
2.001,0.267722,2,-0.497908,0.277247,-2.03652,-24794.8
2.001,0.267722,2,-0.497908,0.277247,-2.03352,-26505.5
2.001,0.267722,2,-0.497908,0.277247,-2.03052,-24955.8
2.001,0.267722,2,-0.497908,0.277247,-2.02751,-26212.5
2.001,0.267722,2,-0.497908,0.277247,-2.02451,-22034
2.001,0.267722,2,-0.497908,0.277247,-2.02151,-28615.3
2.001,0.267722,2,-0.497908,0.277247,-2.01851,-27499
2.001,0.267722,2,-0.497908,0.277247,-2.01551,-25115.4
2.001,0.267722,2,-0.497908,0.277247,-2.01251,-22234.8
2.001,0.267722,2,-0.497908,0.277247,-2.0095,-25160.8
2.001,0.267722,2,-0.497908,0.277247,-2.0065,-25819.1
2.001,0.267722,2,-0.497908,0.277247,-2.0035,-23617.3
2.001,0.267722,2,-0.497908,0.277247,-2.0005,-22599.1
2.001,0.267722,2,-0.497908,0.277247,-1.9975,-26400.8
2.001,0.267722,2,-0.497908,0.277247,-1.9945,-24483.4
2.001,0.267722,2,-0.497908,0.277247,-1.9915,-22265.3
2.001,0.267722,2,-0.497908,0.277247,-1.98849,-28759.5
2.001,0.267722,2,-0.497908,0.277247,-1.98549,-24307.4
2.001,0.267722,2,-0.497908,0.277247,-1.98249,-23332.1
2.001,0.267722,2,-0.497908,0.277247,-1.97949,-25783.8
2.001,0.267722,2,-0.497908,0.277247,-1.97649,-23742.5
2.001,0.267722,2,-0.497908,0.277247,-1.97349,-27493.5
2.001,0.267722,2,-0.497908,0.277247,-1.97049,-28095.9
2.001,0.267722,2,-0.497908,0.277247,-1.96748,-25094.6
2.001,0.267722,2,-0.497908,0.277247,-1.96448,-22868.2
2.001,0.267722,2,-0.497908,0.277247,-1.96148,-23353.5
2.001,0.267722,2,-0.497908,0.277247,-1.95848,-22783.3
2.001,0.267722,2,-0.497908,0.277247,-1.95548,-26516.2
2.001,0.267722,2,-0.497908,0.277247,-1.95248,-24718.7
2.001,0.267722,2,-0.497908,0.277247,-1.94947,-26545.7
2.001,0.267722,2,-0.497908,0.277247,-1.94647,-24207.3
2.001,0.267722,2,-0.497908,0.277247,-1.94347,-22272.8
2.001,0.267722,2,-0.497908,0.277247,-1.94047,-25044.7
2.001,0.267722,2,-0.497908,0.277247,-1.93747,-25281
2.001,0.267722,2,-0.497908,0.277247,-1.93447,-24696.4
2.001,0.267722,2,-0.497908,0.277247,-1.93147,-24557.1
2.001,0.267722,2,-0.497908,0.277247,-1.92846,-22798.1
2.001,0.267722,2,-0.497908,0.277247,-1.92546,-23610.3
2.001,0.267722,2,-0.497908,0.277247,-1.92246,-27136.8
2.001,0.267722,2,-0.497908,0.277247,-1.91946,-25348.4
2.001,0.267722,2,-0.497908,0.277247,-1.91646,-27354.9
2.001,0.267722,2,-0.497908,0.277247,-1.91346,-27558.2
2.001,0.267722,2,-0.497908,0.277247,-1.91046,-23270.5
2.001,0.267722,2,-0.497908,0.277247,-1.90745,-27771.6
2.001,0.267722,2,-0.497908,0.277247,-1.90445,-22223.2
2.001,0.267722,2,-0.497908,0.277247,-1.90145,-24697.8
2.001,0.267722,2,-0.497908,0.277247,-1.89845,-25696.9
2.001,0.267722,2,-0.497908,0.277247,-1.89545,-24191.7
2.001,0.267722,2,-0.497908,0.277247,-1.89245,-26931.9
2.001,0.267722,2,-0.497908,0.277247,-1.88944,-22763
2.001,0.267722,2,-0.497908,0.277247,-1.88644,-26264
2.001,0.267722,2,-0.497908,0.277247,-1.88344,-28431.7
2.001,0.267722,2,-0.497908,0.277247,-1.88044,-24240.6
2.001,0.267722,2,-0.497908,0.277247,-1.87744,-22989
2.001,0.267722,2,-0.497908,0.277247,-1.87444,-25313.6
2.001,0.267722,2,-0.497908,0.277247,-1.87144,-22936.1
2.001,0.267722,2,-0.497908,0.277247,-1.86843,-26315.1
2.001,0.267722,2,-0.497908,0.277247,-1.86543,-22552.9
2.001,0.267722,2,-0.497908,0.277247,-1.86243,-22578.2
2.001,0.267722,2,-0.497908,0.277247,-1.85943,-25645.2
2.001,0.267722,2,-0.497908,0.277247,-1.85643,-26279.7
2.001,0.267722,2,-0.497908,0.277247,-1.85343,-22149.3
2.001,0.267722,2,-0.497908,0.277247,-1.85043,-24086.8
2.001,0.267722,2,-0.497908,0.277247,-1.84742,-24654
2.001,0.267722,2,-0.497908,0.277247,-1.84442,-25502.3
2.001,0.267722,2,-0.497908,0.277247,-1.84142,-23359.3
2.001,0.267722,2,-0.497908,0.277247,-1.83842,-22281.7
2.001,0.267722,2,-0.497908,0.277247,-1.83542,-25149.1
2.001,0.267722,2,-0.497908,0.277247,-1.83242,-23283.5
2.001,0.267722,2,-0.497908,0.277247,-1.82941,-23294.9
2.001,0.267722,2,-0.497908,0.277247,-1.82641,-22361.3
2.001,0.267722,2,-0.497908,0.277247,-1.82341,-23343.5
2.001,0.267722,2,-0.497908,0.277247,-1.82041,-22547.7
2.001,0.267722,2,-0.497908,0.277247,-1.81741,-28547.8
2.001,0.267722,2,-0.497908,0.277247,-1.81441,-23875.8
2.001,0.267722,2,-0.497908,0.277247,-1.81141,-23801.3
2.001,0.267722,2,-0.497908,0.277247,-1.8084,-24841.5
2.001,0.267722,2,-0.497908,0.277247,-1.8054,-23642
2.001,0.267722,2,-0.497908,0.277247,-1.8024,-23483.4
2.001,0.267722,2,-0.497908,0.277247,-1.7994,-24752.4
2.001,0.267722,2,-0.497908,0.277247,-1.7964,-22574.5
2.001,0.267722,2,-0.497908,0.277247,-1.7934,-23014.1
2.001,0.267722,2,-0.497908,0.277247,-1.7904,-22314.8
2.001,0.267722,2,-0.497908,0.277247,-1.78739,-22701.1
2.001,0.267722,2,-0.497908,0.277247,-1.78439,-28399.5
2.001,0.267722,2,-0.497908,0.277247,-1.78139,-24077.2
2.001,0.267722,2,-0.497908,0.277247,-1.77839,-23454.5
2.001,0.267722,2,-0.497908,0.277247,-1.77539,-23593.4
2.001,0.267722,2,-0.497908,0.277247,-1.77239,-23337.6
2.001,0.267722,2,-0.497908,0.277247,-1.76938,-24864
2.001,0.267722,2,-0.497908,0.277247,-1.76638,-24736.9
2.001,0.267722,2,-0.497908,0.277247,-1.76338,-25482.6
2.001,0.267722,2,-0.497908,0.277247,-1.76038,-23170.3
2.001,0.267722,2,-0.497908,0.277247,-1.75738,-25813.3
2.001,0.267722,2,-0.497908,0.277247,-1.75438,-24546.6
2.001,0.267722,2,-0.497908,0.277247,-1.75138,-25059.3
2.001,0.267722,2,-0.497908,0.277247,-1.74837,-22863.7
2.001,0.267722,2,-0.497908,0.277247,-1.74537,-25225
2.001,0.267722,2,-0.497908,0.277247,-1.74237,-28271.9
2.001,0.267722,2,-0.497908,0.277247,-1.73937,-23251.4
2.001,0.267722,2,-0.497908,0.277247,-1.73637,-24058.9
2.001,0.267722,2,-0.497908,0.277247,-1.73337,-24777.2
2.001,0.267722,2,-0.497908,0.277247,-1.73037,-24537.8
2.001,0.267722,2,-0.497908,0.277247,-1.72736,-23768.5
2.001,0.267722,2,-0.497908,0.277247,-1.72436,-25116
2.001,0.267722,2,-0.497908,0.277247,-1.72136,-24907.5
2.001,0.267722,2,-0.497908,0.277247,-1.71836,-26776.7
2.001,0.267722,2,-0.497908,0.277247,-1.71536,-26602.2
2.001,0.267722,2,-0.497908,0.277247,-1.71236,-26725.7
2.001,0.267722,2,-0.497908,0.277247,-1.70935,-25129.1
2.001,0.267722,2,-0.497908,0.277247,-1.70635,-23618.4
2.001,0.267722,2,-0.497908,0.277247,-1.70335,-24350.3
2.001,0.267722,2,-0.497908,0.277247,-1.70035,-25800.7
2.001,0.267722,2,-0.497908,0.277247,-1.69735,-28476
2.001,0.267722,2,-0.497908,0.277247,-1.69435,-25962.8
2.001,0.267722,2,-0.497908,0.277247,-1.69135,-26547.3
2.001,0.267722,2,-0.497908,0.277247,-1.68834,-22083.5
2.001,0.267722,2,-0.497908,0.277247,-1.68534,-24019.5
2.001,0.267722,2,-0.497908,0.277247,-1.68234,-23312.6
2.001,0.267722,2,-0.497908,0.277247,-1.67934,-24699.2
2.001,0.267722,2,-0.497908,0.277247,-1.67634,-26693.7
2.001,0.267722,2,-0.497908,0.277247,-1.67334,-23675.3
2.001,0.267722,2,-0.497908,0.277247,-1.67034,-26740.8
2.001,0.267722,2,-0.497908,0.277247,-1.66733,-24557.1
2.001,0.267722,2,-0.497908,0.277247,-1.66433,-25787.5
2.001,0.267722,2,-0.497908,0.277247,-1.66133,-22258
2.001,0.267722,2,-0.497908,0.277247,-1.65833,-22725.8
2.001,0.267722,2,-0.497908,0.277247,-1.65533,-24327.8
2.001,0.267722,2,-0.497908,0.277247,-1.65233,-27544.4
2.001,0.267722,2,-0.497908,0.277247,-1.64932,-23318.7
2.001,0.267722,2,-0.497908,0.277247,-1.64632,-23303
2.001,0.267722,2,-0.497908,0.277247,-1.64332,-24418.1
2.001,0.267722,2,-0.497908,0.277247,-1.64032,-22334.2
2.001,0.267722,2,-0.497908,0.277247,-1.63732,-26351.2
2.001,0.267722,2,-0.497908,0.277247,-1.63432,-22763.2
2.001,0.267722,2,-0.497908,0.277247,-1.63132,-23890.7
2.001,0.267722,2,-0.497908,0.277247,-1.62831,-26507
2.001,0.267722,2,-0.497908,0.277247,-1.62531,-27949.3
2.001,0.267722,2,-0.497908,0.277247,-1.62231,-23297.4
2.001,0.267722,2,-0.497908,0.277247,-1.61931,-26798.9
2.001,0.267722,2,-0.497908,0.277247,-1.61631,-22320.2
2.001,0.267722,2,-0.497908,0.277247,-1.61331,-26213
2.001,0.267722,2,-0.497908,0.277247,-1.61031,-26760.6
2.001,0.267722,2,-0.497908,0.277247,-1.6073,-23377.2
2.001,0.267722,2,-0.497908,0.277247,-1.6043,-23789
2.001,0.267722,2,-0.497908,0.277247,-1.6013,-26043.4
2.001,0.267722,2,-0.497908,0.277247,-1.5983,-28175.1
2.001,0.267722,2,-0.497908,0.277247,-1.5953,-23842.5
2.001,0.267722,2,-0.497908,0.277247,-1.5923,-24199.8
2.001,0.267722,2,-0.497908,0.277247,-1.58929,-22796.3
2.001,0.267722,2,-0.497908,0.277247,-1.58629,-22638.5
2.001,0.267722,2,-0.497908,0.277247,-1.58329,-22011.7
2.001,0.267722,2,-0.497908,0.277247,-1.58029,-25303.4
2.001,0.267722,2,-0.497908,0.277247,-1.57729,-25605.1
2.001,0.267722,2,-0.497908,0.277247,-1.57429,-24343
2.001,0.267722,2,-0.497908,0.277247,-1.57129,-24584.9
2.001,0.267722,2,-0.497908,0.277247,-1.56828,-25484.3
2.001,0.267722,2,-0.497908,0.277247,-1.56528,-23940.8
2.001,0.267722,2,-0.497908,0.277247,-1.56228,-24088.8
2.001,0.267722,2,-0.497908,0.277247,-1.55928,-26243.9
2.001,0.267722,2,-0.497908,0.277247,-1.55628,-22533.5
2.001,0.267722,2,-0.497908,0.277247,-1.55328,-23771.8
2.001,0.267722,2,-0.497908,0.277247,-1.55028,-24923.9
2.001,0.267722,2,-0.497908,0.277247,-1.54727,-28503.4
2.001,0.267722,2,-0.497908,0.277247,-1.54427,-25462.1
2.001,0.267722,2,-0.497908,0.277247,-1.54127,-23367.9
2.001,0.267722,2,-0.497908,0.277247,-1.53827,-22033.1
2.001,0.267722,2,-0.497908,0.277247,-1.53527,-25287
2.001,0.267722,2,-0.497908,0.277247,-1.53227,-25937.7
2.001,0.267722,2,-0.497908,0.277247,-1.52926,-23362.1
2.001,0.267722,2,-0.497908,0.277247,-1.52626,-25595
2.001,0.267722,2,-0.497908,0.277247,-1.52326,-23858.5
2.001,0.267722,2,-0.497908,0.277247,-1.52026,-25475.6
2.001,0.267722,2,-0.497908,0.277247,-1.51726,-24290.2
2.001,0.267722,2,-0.497908,0.277247,-1.51426,-22616.5
2.001,0.267722,2,-0.497908,0.277247,-1.51126,-22776.2
2.001,0.267722,2,-0.497908,0.277247,-1.50825,-25677.2
2.001,0.267722,2,-0.497908,0.277247,-1.50525,-24619.7
2.001,0.267722,2,-0.497908,0.277247,-1.50225,-23085.9
2.001,0.267722,2,-0.497908,0.277247,-1.49925,-21924.3
2.001,0.267722,2,-0.497908,0.277247,-1.49625,-23502.9
2.001,0.267722,2,-0.497908,0.277247,-1.49325,-23505.6
2.001,0.267722,2,-0.497908,0.277247,-1.49025,-21822.1
2.001,0.267722,2,-0.497908,0.277247,-1.48724,-24880.3
2.001,0.267722,2,-0.497908,0.277247,-1.48424,-22576.9
2.001,0.267722,2,-0.497908,0.277247,-1.48124,-27286.3
2.001,0.267722,2,-0.497908,0.277247,-1.47824,-22935
2.001,0.267722,2,-0.497908,0.277247,-1.47524,-22405
2.001,0.267722,2,-0.497908,0.277247,-1.47224,-22456.6
2.001,0.267722,2,-0.497908,0.277247,-1.46923,-22058.3
2.001,0.267722,2,-0.497908,0.277247,-1.46623,-22693.2
2.001,0.267722,2,-0.497908,0.277247,-1.46323,-26547.6
2.001,0.267722,2,-0.497908,0.277247,-1.46023,-22592.9
2.001,0.267722,2,-0.497908,0.277247,-1.45723,-23119.3
2.001,0.267722,2,-0.497908,0.277247,-1.45423,-22510.9
2.001,0.267722,2,-0.497908,0.277247,-1.45123,-27569.9
2.001,0.267722,2,-0.497908,0.277247,-1.44822,-26231.1
2.001,0.267722,2,-0.497908,0.277247,-1.44522,-22032.6
2.001,0.267722,2,-0.497908,0.277247,-1.44222,-22928.2
2.001,0.267722,2,-0.497908,0.277247,-1.43922,-26664.9
2.001,0.267722,2,-0.497908,0.277247,-1.43622,-27019
2.001,0.267722,2,-0.497908,0.277247,-1.43322,-25747.2
2.001,0.267722,2,-0.497908,0.277247,-1.43022,-23645
2.001,0.267722,2,-0.497908,0.277247,-1.42721,-23317.3
2.001,0.267722,2,-0.497908,0.277247,-1.42421,-27599.8
2.001,0.267722,2,-0.497908,0.277247,-1.42121,-22719.8
2.001,0.267722,2,-0.497908,0.277247,-1.41821,-23269.1
2.001,0.267722,2,-0.497908,0.277247,-1.41521,-22524.7
2.001,0.267722,2,-0.497908,0.277247,-1.41221,-25739.3
2.001,0.267722,2,-0.497908,0.277247,-1.4092,-26646.2
2.001,0.267722,2,-0.497908,0.277247,-1.4062,-23500.9
2.001,0.267722,2,-0.497908,0.277247,-1.4032,-27678.8
2.001,0.267722,2,-0.497908,0.277247,-1.4002,-27902.4
2.001,0.267722,2,-0.497908,0.277247,-1.3972,-22202.8
2.001,0.267722,2,-0.497908,0.277247,-1.3942,-22241.3
2.001,0.267722,2,-0.497908,0.277247,-1.3912,-24255.5
2.001,0.267722,2,-0.497908,0.277247,-1.38819,-26692.5
2.001,0.267722,2,-0.497908,0.277247,-1.38519,-23428.6
2.001,0.267722,2,-0.497908,0.277247,-1.38219,-27729
2.001,0.267722,2,-0.497908,0.277247,-1.37919,-26542.8
2.001,0.267722,2,-0.497908,0.277247,-1.37619,-21996.1
2.001,0.267722,2,-0.497908,0.277247,-1.37319,-21735.1
2.001,0.267722,2,-0.497908,0.277247,-1.37019,-23505
2.001,0.267722,2,-0.497908,0.277247,-1.36718,-22602.2
2.001,0.267722,2,-0.497908,0.277247,-1.36418,-27319.3
2.001,0.267722,2,-0.497908,0.277247,-1.36118,-23967.4
2.001,0.267722,2,-0.497908,0.277247,-1.35818,-27159.2
2.001,0.267722,2,-0.497908,0.277247,-1.35518,-22104.8
2.001,0.267722,2,-0.497908,0.277247,-1.35218,-24096.7
2.001,0.267722,2,-0.497908,0.277247,-1.34917,-28063.2
2.001,0.267722,2,-0.497908,0.277247,-1.34617,-24559.5
2.001,0.267722,2,-0.497908,0.277247,-1.34317,-26018.8
2.001,0.267722,2,-0.497908,0.277247,-1.34017,-27459.7
2.001,0.267722,2,-0.497908,0.277247,-1.33717,-23694.7
2.001,0.267722,2,-0.497908,0.277247,-1.33417,-26060.1
2.001,0.267722,2,-0.497908,0.277247,-1.33117,-24332.1
2.001,0.267722,2,-0.497908,0.277247,-1.32816,-27570.5
2.001,0.267722,2,-0.497908,0.277247,-1.32516,-23959.7
2.001,0.267722,2,-0.497908,0.277247,-1.32216,-27433.4
2.001,0.267722,2,-0.497908,0.277247,-1.31916,-24615.9
2.001,0.267722,2,-0.497908,0.277247,-1.31616,-23882.1
2.001,0.267722,2,-0.497908,0.277247,-1.31316,-27171.1
2.001,0.267722,2,-0.497908,0.277247,-1.31016,-24146.8
2.001,0.267722,2,-0.497908,0.277247,-1.30715,-22186.7
2.001,0.267722,2,-0.497908,0.277247,-1.30415,-23255.5
2.001,0.267722,2,-0.497908,0.277247,-1.30115,-22933.7
2.001,0.267722,2,-0.497908,0.277247,-1.29815,-23365.8
2.001,0.267722,2,-0.497908,0.277247,-1.29515,-23981.1
2.001,0.267722,2,-0.497908,0.277247,-1.29215,-22817.2
2.001,0.267722,2,-0.497908,0.277247,-1.28914,-28097
2.001,0.267722,2,-0.497908,0.277247,-1.28614,-23270.9
2.001,0.267722,2,-0.497908,0.277247,-1.28314,-24276.9
2.001,0.267722,2,-0.497908,0.277247,-1.28014,-23545.2
2.001,0.267722,2,-0.497908,0.277247,-1.27714,-26457.6
2.001,0.267722,2,-0.497908,0.277247,-1.27414,-24565.6
2.001,0.267722,2,-0.497908,0.277247,-1.27114,-21667.2
2.001,0.267722,2,-0.497908,0.277247,-1.26813,-22121.2
2.001,0.267722,2,-0.497908,0.277247,-1.26513,-23412.5
2.001,0.267722,2,-0.497908,0.277247,-1.26213,-23824.3
2.001,0.267722,2,-0.497908,0.277247,-1.25913,-21821.2
2.001,0.267722,2,-0.497908,0.277247,-1.25613,-22851.7
2.001,0.267722,2,-0.497908,0.277247,-1.25313,-22295.2
2.001,0.267722,2,-0.497908,0.277247,-1.25013,-21906.3
2.001,0.267722,2,-0.497908,0.277247,-1.24712,-24617.6
2.001,0.267722,2,-0.497908,0.277247,-1.24412,-25643
2.001,0.267722,2,-0.497908,0.277247,-1.24112,-21706.4
2.001,0.267722,2,-0.497908,0.277247,-1.23812,-21592.4
2.001,0.267722,2,-0.497908,0.277247,-1.23512,-22538.2
2.001,0.267722,2,-0.497908,0.277247,-1.23212,-24429.8
2.001,0.267722,2,-0.497908,0.277247,-1.22911,-22931.2
2.001,0.267722,2,-0.497908,0.277247,-1.22611,-21233.8
2.001,0.267722,2,-0.497908,0.277247,-1.22311,-23951.7
2.001,0.267722,2,-0.497908,0.277247,-1.22011,-21222.2
2.001,0.267722,2,-0.497908,0.277247,-1.21711,-24883.5
2.001,0.267722,2,-0.497908,0.277247,-1.21411,-26802.8
2.001,0.267722,2,-0.497908,0.277247,-1.21111,-22128.3
2.001,0.267722,2,-0.497908,0.277247,-1.2081,-24456.4
2.001,0.267722,2,-0.497908,0.277247,-1.2051,-23152.2
2.001,0.267722,2,-0.497908,0.277247,-1.2021,-21798.2
2.001,0.267722,2,-0.497908,0.277247,-1.1991,-22368.2
2.001,0.267722,2,-0.497908,0.277247,-1.1961,-23177.3
2.001,0.267722,2,-0.497908,0.277247,-1.1931,-24186.7
2.001,0.267722,2,-0.497908,0.277247,-1.1901,-26548.6
2.001,0.267722,2,-0.497908,0.277247,-1.18709,-21223.4
2.001,0.267722,2,-0.497908,0.277247,-1.18409,-25325.1
2.001,0.267722,2,-0.497908,0.277247,-1.18109,-26744.4
2.001,0.267722,2,-0.497908,0.277247,-1.17809,-26824.9
2.001,0.267722,2,-0.497908,0.277247,-1.17509,-26470
2.001,0.267722,2,-0.497908,0.277247,-1.17209,-25760.1
2.001,0.267722,2,-0.497908,0.277247,-1.16908,-26501.6
2.001,0.267722,2,-0.497908,0.277247,-1.16608,-23928
2.001,0.267722,2,-0.497908,0.277247,-1.16308,-25389
2.001,0.267722,2,-0.497908,0.277247,-1.16008,-26353.4
2.001,0.267722,2,-0.497908,0.277247,-1.15708,-25550.3
2.001,0.267722,2,-0.497908,0.277247,-1.15408,-23693.8
2.001,0.267722,2,-0.497908,0.277247,-1.15108,-22017
2.001,0.267722,2,-0.497908,0.277247,-1.14807,-22025.8
2.001,0.267722,2,-0.497908,0.277247,-1.14507,-22047.6
2.001,0.267722,2,-0.497908,0.277247,-1.14207,-22434.4
2.001,0.267722,2,-0.497908,0.277247,-1.13907,-22798.5
2.001,0.267722,2,-0.497908,0.277247,-1.13607,-20898.2
2.001,0.267722,2,-0.497908,0.277247,-1.13307,-24291.7
2.001,0.267722,2,-0.497908,0.277247,-1.13007,-26970.1
2.001,0.267722,2,-0.497908,0.277247,-1.12706,-21239.4
2.001,0.267722,2,-0.497908,0.277247,-1.12406,-23187
2.001,0.267722,2,-0.497908,0.277247,-1.12106,-26213.6
2.001,0.267722,2,-0.497908,0.277247,-1.11806,-23166.8
2.001,0.267722,2,-0.497908,0.277247,-1.11506,-23600
2.001,0.267722,2,-0.497908,0.277247,-1.11206,-22264.8
2.001,0.267722,2,-0.497908,0.277247,-1.10905,-24373.3
2.001,0.267722,2,-0.497908,0.277247,-1.10605,-25096.1
2.001,0.267722,2,-0.497908,0.277247,-1.10305,-22486.3
2.001,0.267722,2,-0.497908,0.277247,-1.10005,-25786.8
2.001,0.267722,2,-0.497908,0.277247,-1.09705,-23242.3
2.001,0.267722,2,-0.497908,0.277247,-1.09405,-22041
2.001,0.267722,2,-0.497908,0.277247,-1.09105,-22942.7
2.001,0.267722,2,-0.497908,0.277247,-1.08804,-22625.4
2.001,0.267722,2,-0.497908,0.277247,-1.08504,-24576.8
2.001,0.267722,2,-0.497908,0.277247,-1.08204,-24420.9
2.001,0.267722,2,-0.497908,0.277247,-1.07904,-21977
2.001,0.267722,2,-0.497908,0.277247,-1.07604,-21749.7
2.001,0.267722,2,-0.497908,0.277247,-1.07304,-22625.6
2.001,0.267722,2,-0.497908,0.277247,-1.07004,-22126.3
2.001,0.267722,2,-0.497908,0.277247,-1.06703,-21868.1
2.001,0.267722,2,-0.497908,0.277247,-1.06403,-24798.4
2.001,0.267722,2,-0.497908,0.277247,-1.06103,-20582.7
2.001,0.267722,2,-0.497908,0.277247,-1.05803,-21634.8
2.001,0.267722,2,-0.497908,0.277247,-1.05503,-22670.2
2.001,0.267722,2,-0.497908,0.277247,-1.05203,-22266.6
2.001,0.267722,2,-0.497908,0.277247,-1.04902,-22634.9
2.001,0.267722,2,-0.497908,0.277247,-1.04602,-24627.6
2.001,0.267722,2,-0.497908,0.277247,-1.04302,-21221.7
2.001,0.267722,2,-0.497908,0.277247,-1.04002,-22593.8
2.001,0.267722,2,-0.497908,0.277247,-1.03702,-20655.9
2.001,0.267722,2,-0.497908,0.277247,-1.03402,-22407.5
2.001,0.267722,2,-0.497908,0.277247,-1.03102,-23540.8
2.001,0.267722,2,-0.497908,0.277247,-1.02801,-21271.5
2.001,0.267722,2,-0.497908,0.277247,-1.02501,-22337.3
2.001,0.267722,2,-0.497908,0.277247,-1.02201,-22307.6
2.001,0.267722,2,-0.497908,0.277247,-1.01901,-23739.7
2.001,0.267722,2,-0.497908,0.277247,-1.01601,-20281
2.001,0.267722,2,-0.497908,0.277247,-1.01301,-23375.4
2.001,0.267722,2,-0.497908,0.277247,-1.01001,-21277.2
2.001,0.267722,2,-0.497908,0.277247,-1.007,-22329.1
2.001,0.267722,2,-0.497908,0.277247,-1.004,-21332.5
2.001,0.267722,2,-0.497908,0.277247,-1.001,-20353
2.001,0.267722,2,-0.497908,0.277247,-0.997999,-20096.8
2.001,0.267722,2,-0.497908,0.277247,-0.994997,-20874
2.001,0.267722,2,-0.497908,0.277247,-0.991996,-23769.7
2.001,0.267722,2,-0.497908,0.277247,-0.988994,-24762.6
2.001,0.267722,2,-0.497908,0.277247,-0.985993,-21195.3
2.001,0.267722,2,-0.497908,0.277247,-0.982991,-25491.8
2.001,0.267722,2,-0.497908,0.277247,-0.97999,-23463.9
2.001,0.267722,2,-0.497908,0.277247,-0.976988,-21746.7
2.001,0.267722,2,-0.497908,0.277247,-0.973987,-21711.2
2.001,0.267722,2,-0.497908,0.277247,-0.970985,-24139.1
2.001,0.267722,2,-0.497908,0.277247,-0.967984,-21392.3
2.001,0.267722,2,-0.497908,0.277247,-0.964982,-19730.2
2.001,0.267722,2,-0.497908,0.277247,-0.961981,-22891.2
2.001,0.267722,2,-0.497908,0.277247,-0.958979,-21510.2
2.001,0.267722,2,-0.497908,0.277247,-0.955978,-20877.1
2.001,0.267722,2,-0.497908,0.277247,-0.952976,-20857.1
2.001,0.267722,2,-0.497908,0.277247,-0.949975,-19563.9
2.001,0.267722,2,-0.497908,0.277247,-0.946973,-25232.2
2.001,0.267722,2,-0.497908,0.277247,-0.943972,-20533.6
2.001,0.267722,2,-0.497908,0.277247,-0.94097,-19827.7
2.001,0.267722,2,-0.497908,0.277247,-0.937969,-22425.5
2.001,0.267722,2,-0.497908,0.277247,-0.934967,-23683.1
2.001,0.267722,2,-0.497908,0.277247,-0.931966,-24600.9
2.001,0.267722,2,-0.497908,0.277247,-0.928964,-20197.6
2.001,0.267722,2,-0.497908,0.277247,-0.925963,-20761.4
2.001,0.267722,2,-0.497908,0.277247,-0.922961,-22183.3
2.001,0.267722,2,-0.497908,0.277247,-0.91996,-19485.6
2.001,0.267722,2,-0.497908,0.277247,-0.916958,-22834.4
2.001,0.267722,2,-0.497908,0.277247,-0.913957,-19878.2
2.001,0.267722,2,-0.497908,0.277247,-0.910955,-22434.5
2.001,0.267722,2,-0.497908,0.277247,-0.907954,-23105.1
2.001,0.267722,2,-0.497908,0.277247,-0.904952,-21811.8
2.001,0.267722,2,-0.497908,0.277247,-0.901951,-19620.5
2.001,0.267722,2,-0.497908,0.277247,-0.898949,-21916.7
2.001,0.267722,2,-0.497908,0.277247,-0.895948,-19778.7
2.001,0.267722,2,-0.497908,0.277247,-0.892946,-19236.1
2.001,0.267722,2,-0.497908,0.277247,-0.889945,-19688.2
2.001,0.267722,2,-0.497908,0.277247,-0.886943,-20521.8
2.001,0.267722,2,-0.497908,0.277247,-0.883942,-23872.4
2.001,0.267722,2,-0.497908,0.277247,-0.88094,-19426.4
2.001,0.267722,2,-0.497908,0.277247,-0.877939,-18827.8
2.001,0.267722,2,-0.497908,0.277247,-0.874937,-22771.6
2.001,0.267722,2,-0.497908,0.277247,-0.871936,-18784.7
2.001,0.267722,2,-0.497908,0.277247,-0.868934,-19925.9
2.001,0.267722,2,-0.497908,0.277247,-0.865933,-21193.5
2.001,0.267722,2,-0.497908,0.277247,-0.862931,-18686
2.001,0.267722,2,-0.497908,0.277247,-0.85993,-17798.9
2.001,0.267722,2,-0.497908,0.277247,-0.856928,-18009.3
2.001,0.267722,2,-0.497908,0.277247,-0.853927,-17020.2
2.001,0.267722,2,-0.497908,0.277247,-0.850925,-19770.6
2.001,0.267722,2,-0.497908,0.277247,-0.847924,-17200.7
2.001,0.267722,2,-0.497908,0.277247,-0.844922,-17029.6
2.001,0.267722,2,-0.497908,0.277247,-0.841921,17466
2.001,0.267722,2,-0.497908,0.277247,-0.838919,17544.7
2.001,0.267722,2,-0.497908,0.277247,-0.835918,19431
2.001,0.267722,2,-0.497908,0.277247,-0.832916,19962.5
2.001,0.267722,2,-0.497908,0.277247,-0.829915,20939.5
2.001,0.267722,2,-0.497908,0.277247,-0.826913,17483.4
2.001,0.267722,2,-0.497908,0.277247,-0.823912,20983.8
2.001,0.267722,2,-0.497908,0.277247,-0.82091,21557.3
2.001,0.267722,2,-0.497908,0.277247,-0.817909,22368.3
2.001,0.267722,2,-0.497908,0.277247,-0.814907,23275.6
2.001,0.267722,2,-0.497908,0.277247,-0.811906,19282.7
2.001,0.267722,2,-0.497908,0.277247,-0.808904,18902.4
2.001,0.267722,2,-0.497908,0.277247,-0.805903,22858.4
2.001,0.267722,2,-0.497908,0.277247,-0.802901,21540.3
2.001,0.267722,2,-0.497908,0.277247,-0.7999,24128.3
2.001,0.267722,2,-0.497908,0.277247,-0.796898,20130.2
2.001,0.267722,2,-0.497908,0.277247,-0.793897,18917.9
2.001,0.267722,2,-0.497908,0.277247,-0.790895,19847.1
2.001,0.267722,2,-0.497908,0.277247,-0.787894,19251
2.001,0.267722,2,-0.497908,0.277247,-0.784892,18814
2.001,0.267722,2,-0.497908,0.277247,-0.781891,23187.7
2.001,0.267722,2,-0.497908,0.277247,-0.778889,19501.8
2.001,0.267722,2,-0.497908,0.277247,-0.775888,22845.3
2.001,0.267722,2,-0.497908,0.277247,-0.772886,24254.9
2.001,0.267722,2,-0.497908,0.277247,-0.769885,19722.4
2.001,0.267722,2,-0.497908,0.277247,-0.766883,21930.9
2.001,0.267722,2,-0.497908,0.277247,-0.763882,21922.6
2.001,0.267722,2,-0.497908,0.277247,-0.76088,19781.1
2.001,0.267722,2,-0.497908,0.277247,-0.757879,25070.2
2.001,0.267722,2,-0.497908,0.277247,-0.754877,20681.2
2.001,0.267722,2,-0.497908,0.277247,-0.751876,22564.4
2.001,0.267722,2,-0.497908,0.277247,-0.748874,24789.2
2.001,0.267722,2,-0.497908,0.277247,-0.745873,21524.4
2.001,0.267722,2,-0.497908,0.277247,-0.742871,21051.5
2.001,0.267722,2,-0.497908,0.277247,-0.73987,20022.6
2.001,0.267722,2,-0.497908,0.277247,-0.736868,19935.2
2.001,0.267722,2,-0.497908,0.277247,-0.733867,22289.2
2.001,0.267722,2,-0.497908,0.277247,-0.730865,24428
2.001,0.267722,2,-0.497908,0.277247,-0.727864,22807.4
2.001,0.267722,2,-0.497908,0.277247,-0.724862,21856.8
2.001,0.267722,2,-0.497908,0.277247,-0.721861,24529.7
2.001,0.267722,2,-0.497908,0.277247,-0.718859,21820.5
2.001,0.267722,2,-0.497908,0.277247,-0.715858,23867.5
2.001,0.267722,2,-0.497908,0.277247,-0.712856,24508.8
2.001,0.267722,2,-0.497908,0.277247,-0.709855,20833.3
2.001,0.267722,2,-0.497908,0.277247,-0.706853,22922.6
2.001,0.267722,2,-0.497908,0.277247,-0.703852,20340.5
2.001,0.267722,2,-0.497908,0.277247,-0.70085,21674.2
2.001,0.267722,2,-0.497908,0.277247,-0.697849,22437.8
2.001,0.267722,2,-0.497908,0.277247,-0.694847,23789.5
2.001,0.267722,2,-0.497908,0.277247,-0.691846,24656.3
2.001,0.267722,2,-0.497908,0.277247,-0.688844,22714
2.001,0.267722,2,-0.497908,0.277247,-0.685843,21790.2
2.001,0.267722,2,-0.497908,0.277247,-0.682841,21489.5
2.001,0.267722,2,-0.497908,0.277247,-0.67984,21283.8
2.001,0.267722,2,-0.497908,0.277247,-0.676838,21165.3
2.001,0.267722,2,-0.497908,0.277247,-0.673837,23969.3
2.001,0.267722,2,-0.497908,0.277247,-0.670835,21899.1
2.001,0.267722,2,-0.497908,0.277247,-0.667834,21164.5
2.001,0.267722,2,-0.497908,0.277247,-0.664832,25748.6
2.001,0.267722,2,-0.497908,0.277247,-0.661831,20904.9
2.001,0.267722,2,-0.497908,0.277247,-0.658829,23313.1
2.001,0.267722,2,-0.497908,0.277247,-0.655828,20954.2
2.001,0.267722,2,-0.497908,0.277247,-0.652826,21955.8
2.001,0.267722,2,-0.497908,0.277247,-0.649825,26066.9
2.001,0.267722,2,-0.497908,0.277247,-0.646823,23580.3
2.001,0.267722,2,-0.497908,0.277247,-0.643822,22320.9
2.001,0.267722,2,-0.497908,0.277247,-0.64082,21539.9
2.001,0.267722,2,-0.497908,0.277247,-0.637819,23905.7
2.001,0.267722,2,-0.497908,0.277247,-0.634817,26067.6
2.001,0.267722,2,-0.497908,0.277247,-0.631816,22854.4
2.001,0.267722,2,-0.497908,0.277247,-0.628814,21644.4
2.001,0.267722,2,-0.497908,0.277247,-0.625813,22331.5
2.001,0.267722,2,-0.497908,0.277247,-0.622811,20997.7
2.001,0.267722,2,-0.497908,0.277247,-0.61981,25363.4
2.001,0.267722,2,-0.497908,0.277247,-0.616808,22931
2.001,0.267722,2,-0.497908,0.277247,-0.613807,23408.7
2.001,0.267722,2,-0.497908,0.277247,-0.610805,20939.8
2.001,0.267722,2,-0.497908,0.277247,-0.607804,23303.1
2.001,0.267722,2,-0.497908,0.277247,-0.604802,20913.7
2.001,0.267722,2,-0.497908,0.277247,-0.601801,21301.2
2.001,0.267722,2,-0.497908,0.277247,-0.598799,22891.4
2.001,0.267722,2,-0.497908,0.277247,-0.595798,23805.2
2.001,0.267722,2,-0.497908,0.277247,-0.592796,27243.1
2.001,0.267722,2,-0.497908,0.277247,-0.589795,24658.7
2.001,0.267722,2,-0.497908,0.277247,-0.586793,21560.4
2.001,0.267722,2,-0.497908,0.277247,-0.583792,21700.4
2.001,0.267722,2,-0.497908,0.277247,-0.58079,23846.5
2.001,0.267722,2,-0.497908,0.277247,-0.577789,23314
2.001,0.267722,2,-0.497908,0.277247,-0.574787,24542.9
2.001,0.267722,2,-0.497908,0.277247,-0.571786,23722.9
2.001,0.267722,2,-0.497908,0.277247,-0.568784,21391.4
2.001,0.267722,2,-0.497908,0.277247,-0.565783,21692.8
2.001,0.267722,2,-0.497908,0.277247,-0.562781,22790.2
2.001,0.267722,2,-0.497908,0.277247,-0.55978,22084
2.001,0.267722,2,-0.497908,0.277247,-0.556778,22707.8
2.001,0.267722,2,-0.497908,0.277247,-0.553777,24665.3
2.001,0.267722,2,-0.497908,0.277247,-0.550775,23886.5
2.001,0.267722,2,-0.497908,0.277247,-0.547774,21961
2.001,0.267722,2,-0.497908,0.277247,-0.544772,21799.2
2.001,0.267722,2,-0.497908,0.277247,-0.541771,25034.3
2.001,0.267722,2,-0.497908,0.277247,-0.538769,26940.7
2.001,0.267722,2,-0.497908,0.277247,-0.535768,24755.9
2.001,0.267722,2,-0.497908,0.277247,-0.532766,24398.2
2.001,0.267722,2,-0.497908,0.277247,-0.529765,27176.6
2.001,0.267722,2,-0.497908,0.277247,-0.526763,25466.2
2.001,0.267722,2,-0.497908,0.277247,-0.523762,26390.8
2.001,0.267722,2,-0.497908,0.277247,-0.52076,23020.9
2.001,0.267722,2,-0.497908,0.277247,-0.517759,22788
2.001,0.267722,2,-0.497908,0.277247,-0.514757,22466.2
2.001,0.267722,2,-0.497908,0.277247,-0.511756,21332.1
2.001,0.267722,2,-0.497908,0.277247,-0.508754,27386.7
2.001,0.267722,2,-0.497908,0.277247,-0.505753,25333.6
2.001,0.267722,2,-0.497908,0.277247,-0.502751,22136.7
2.001,0.267722,2,-0.497908,0.277247,-0.49975,21554.2
2.001,0.267722,2,-0.497908,0.277247,-0.496748,26536.9
2.001,0.267722,2,-0.497908,0.277247,-0.493747,24844.4
2.001,0.267722,2,-0.497908,0.277247,-0.490745,25427.2
2.001,0.267722,2,-0.497908,0.277247,-0.487744,24449.5
2.001,0.267722,2,-0.497908,0.277247,-0.484742,27564
2.001,0.267722,2,-0.497908,0.277247,-0.481741,27404.1
2.001,0.267722,2,-0.497908,0.277247,-0.478739,23410.4
2.001,0.267722,2,-0.497908,0.277247,-0.475738,26996.8
2.001,0.267722,2,-0.497908,0.277247,-0.472736,24431.4
2.001,0.267722,2,-0.497908,0.277247,-0.469735,24390.8
2.001,0.267722,2,-0.497908,0.277247,-0.466733,25655.3
2.001,0.267722,2,-0.497908,0.277247,-0.463732,26737.3
2.001,0.267722,2,-0.497908,0.277247,-0.46073,21609.1
2.001,0.267722,2,-0.497908,0.277247,-0.457729,25200.5
2.001,0.267722,2,-0.497908,0.277247,-0.454727,25441.3
2.001,0.267722,2,-0.497908,0.277247,-0.451726,24910.9
2.001,0.267722,2,-0.497908,0.277247,-0.448724,24127.8
2.001,0.267722,2,-0.497908,0.277247,-0.445723,26514.5
2.001,0.267722,2,-0.497908,0.277247,-0.442721,24272.4
2.001,0.267722,2,-0.497908,0.277247,-0.43972,28240.6
2.001,0.267722,2,-0.497908,0.277247,-0.436718,24881.2
2.001,0.267722,2,-0.497908,0.277247,-0.433717,27365.9
2.001,0.267722,2,-0.497908,0.277247,-0.430715,22892.8
2.001,0.267722,2,-0.497908,0.277247,-0.427714,25452.1
2.001,0.267722,2,-0.497908,0.277247,-0.424712,22834.5
2.001,0.267722,2,-0.497908,0.277247,-0.421711,26019.8
2.001,0.267722,2,-0.497908,0.277247,-0.418709,26338.6
2.001,0.267722,2,-0.497908,0.277247,-0.415708,22097.6
2.001,0.267722,2,-0.497908,0.277247,-0.412706,23924.3
2.001,0.267722,2,-0.497908,0.277247,-0.409705,24260.9
2.001,0.267722,2,-0.497908,0.277247,-0.406703,26837.6
2.001,0.267722,2,-0.497908,0.277247,-0.403702,22903.7
2.001,0.267722,2,-0.497908,0.277247,-0.4007,24776.7
2.001,0.267722,2,-0.497908,0.277247,-0.397699,26490.8
2.001,0.267722,2,-0.497908,0.277247,-0.394697,24614.3
2.001,0.267722,2,-0.497908,0.277247,-0.391696,24986.2
2.001,0.267722,2,-0.497908,0.277247,-0.388694,25266.8
2.001,0.267722,2,-0.497908,0.277247,-0.385693,26009.3
2.001,0.267722,2,-0.497908,0.277247,-0.382691,26875.7
2.001,0.267722,2,-0.497908,0.277247,-0.37969,25865.8
2.001,0.267722,2,-0.497908,0.277247,-0.376688,23622.7
2.001,0.267722,2,-0.497908,0.277247,-0.373687,24353.8
2.001,0.267722,2,-0.497908,0.277247,-0.370685,23327.7
2.001,0.267722,2,-0.497908,0.277247,-0.367684,26973.6
2.001,0.267722,2,-0.497908,0.277247,-0.364682,28353.6
2.001,0.267722,2,-0.497908,0.277247,-0.361681,23482.3
2.001,0.267722,2,-0.497908,0.277247,-0.358679,22147.5
2.001,0.267722,2,-0.497908,0.277247,-0.355678,26119.4
2.001,0.267722,2,-0.497908,0.277247,-0.352676,23456.4
2.001,0.267722,2,-0.497908,0.277247,-0.349675,23244.3
2.001,0.267722,2,-0.497908,0.277247,-0.346673,23153.2
2.001,0.267722,2,-0.497908,0.277247,-0.343672,25132.4
2.001,0.267722,2,-0.497908,0.277247,-0.34067,27600.7
2.001,0.267722,2,-0.497908,0.277247,-0.337669,27606.8
2.001,0.267722,2,-0.497908,0.277247,-0.334667,24420.6
2.001,0.267722,2,-0.497908,0.277247,-0.331666,25803.1
2.001,0.267722,2,-0.497908,0.277247,-0.328664,22648.7
2.001,0.267722,2,-0.497908,0.277247,-0.325663,24540.4
2.001,0.267722,2,-0.497908,0.277247,-0.322661,23146.6
2.001,0.267722,2,-0.497908,0.277247,-0.31966,24134.5
2.001,0.267722,2,-0.497908,0.277247,-0.316658,25804.2
2.001,0.267722,2,-0.497908,0.277247,-0.313657,24380.5
2.001,0.267722,2,-0.497908,0.277247,-0.310655,26655.8
2.001,0.267722,2,-0.497908,0.277247,-0.307654,25457.9
2.001,0.267722,2,-0.497908,0.277247,-0.304652,25184.9
2.001,0.267722,2,-0.497908,0.277247,-0.301651,25087.2
2.001,0.267722,2,-0.497908,0.277247,-0.298649,28497.9
2.001,0.267722,2,-0.497908,0.277247,-0.295648,28403.7
2.001,0.267722,2,-0.497908,0.277247,-0.292646,26303.2
2.001,0.267722,2,-0.497908,0.277247,-0.289645,25471.3
2.001,0.267722,2,-0.497908,0.277247,-0.286643,22650.3
2.001,0.267722,2,-0.497908,0.277247,-0.283642,23704.8
2.001,0.267722,2,-0.497908,0.277247,-0.28064,26097.6
2.001,0.267722,2,-0.497908,0.277247,-0.277639,22503.9
2.001,0.267722,2,-0.497908,0.277247,-0.274637,27153.8
2.001,0.267722,2,-0.497908,0.277247,-0.271636,22290.7
2.001,0.267722,2,-0.497908,0.277247,-0.268634,22165.9
2.001,0.267722,2,-0.497908,0.277247,-0.265633,24799.1
2.001,0.267722,2,-0.497908,0.277247,-0.262631,26961.3
2.001,0.267722,2,-0.497908,0.277247,-0.25963,22755.9
2.001,0.267722,2,-0.497908,0.277247,-0.256628,23222.8
2.001,0.267722,2,-0.497908,0.277247,-0.253627,23639.1
2.001,0.267722,2,-0.497908,0.277247,-0.250625,26232.5
2.001,0.267722,2,-0.497908,0.277247,-0.247624,27302
2.001,0.267722,2,-0.497908,0.277247,-0.244622,25473.1
2.001,0.267722,2,-0.497908,0.277247,-0.241621,25425.2
2.001,0.267722,2,-0.497908,0.277247,-0.238619,27085.5
2.001,0.267722,2,-0.497908,0.277247,-0.235618,23389.4
2.001,0.267722,2,-0.497908,0.277247,-0.232616,24228.8
2.001,0.267722,2,-0.497908,0.277247,-0.229615,26071.9
2.001,0.267722,2,-0.497908,0.277247,-0.226613,25618.4
2.001,0.267722,2,-0.497908,0.277247,-0.223612,26116.1
2.001,0.267722,2,-0.497908,0.277247,-0.22061,25223
2.001,0.267722,2,-0.497908,0.277247,-0.217609,25192.9
2.001,0.267722,2,-0.497908,0.277247,-0.214607,24153.7
2.001,0.267722,2,-0.497908,0.277247,-0.211606,23975.8
2.001,0.267722,2,-0.497908,0.277247,-0.208604,26861.7
2.001,0.267722,2,-0.497908,0.277247,-0.205603,27030
2.001,0.267722,2,-0.497908,0.277247,-0.202601,26451.7
2.001,0.267722,2,-0.497908,0.277247,-0.1996,27881.9
2.001,0.267722,2,-0.497908,0.277247,-0.196598,27066.8
2.001,0.267722,2,-0.497908,0.277247,-0.193597,23015.2
2.001,0.267722,2,-0.497908,0.277247,-0.190595,28705.9
2.001,0.267722,2,-0.497908,0.277247,-0.187594,27741.3
2.001,0.267722,2,-0.497908,0.277247,-0.184592,27144.8
2.001,0.267722,2,-0.497908,0.277247,-0.181591,27731
2.001,0.267722,2,-0.497908,0.277247,-0.178589,25920.7
2.001,0.267722,2,-0.497908,0.277247,-0.175588,24441.4
2.001,0.267722,2,-0.497908,0.277247,-0.172586,26942.3
2.001,0.267722,2,-0.497908,0.277247,-0.169585,22536.6
2.001,0.267722,2,-0.497908,0.277247,-0.166583,25003.7
2.001,0.267722,2,-0.497908,0.277247,-0.163582,23161.4
2.001,0.267722,2,-0.497908,0.277247,-0.16058,23160.7
2.001,0.267722,2,-0.497908,0.277247,-0.157579,27007.9
2.001,0.267722,2,-0.497908,0.277247,-0.154577,23551.1
2.001,0.267722,2,-0.497908,0.277247,-0.151576,26426
2.001,0.267722,2,-0.497908,0.277247,-0.148574,22885.8
2.001,0.267722,2,-0.497908,0.277247,-0.145573,27424.8
2.001,0.267722,2,-0.497908,0.277247,-0.142571,23623
2.001,0.267722,2,-0.497908,0.277247,-0.13957,26557.1
2.001,0.267722,2,-0.497908,0.277247,-0.136568,25102.1
2.001,0.267722,2,-0.497908,0.277247,-0.133567,23322.7
2.001,0.267722,2,-0.497908,0.277247,-0.130565,24323.7
2.001,0.267722,2,-0.497908,0.277247,-0.127564,23385.8
2.001,0.267722,2,-0.497908,0.277247,-0.124562,25635.8
2.001,0.267722,2,-0.497908,0.277247,-0.121561,27855.5
2.001,0.267722,2,-0.497908,0.277247,-0.118559,25313.8
2.001,0.267722,2,-0.497908,0.277247,-0.115558,25696.1
2.001,0.267722,2,-0.497908,0.277247,-0.112556,22898.6
2.001,0.267722,2,-0.497908,0.277247,-0.109555,24990.1
2.001,0.267722,2,-0.497908,0.277247,-0.106553,23865.9
2.001,0.267722,2,-0.497908,0.277247,-0.103552,23576.6
2.001,0.267722,2,-0.497908,0.277247,-0.10055,24286.5
2.001,0.267722,2,-0.497908,0.277247,-0.0975488,25065.4
2.001,0.267722,2,-0.497908,0.277247,-0.0945473,24629.3
2.001,0.267722,2,-0.497908,0.277247,-0.0915458,22819
2.001,0.267722,2,-0.497908,0.277247,-0.0885443,26339.5
2.001,0.267722,2,-0.497908,0.277247,-0.0855428,24263.6
2.001,0.267722,2,-0.497908,0.277247,-0.0825413,27017.7
2.001,0.267722,2,-0.497908,0.277247,-0.0795398,27082.6
2.001,0.267722,2,-0.497908,0.277247,-0.0765383,26033.3
2.001,0.267722,2,-0.497908,0.277247,-0.0735368,24256.2
2.001,0.267722,2,-0.497908,0.277247,-0.0705353,25046.1
2.001,0.267722,2,-0.497908,0.277247,-0.0675338,26208.6
2.001,0.267722,2,-0.497908,0.277247,-0.0645323,28671.7
2.001,0.267722,2,-0.497908,0.277247,-0.0615308,23518.5
2.001,0.267722,2,-0.497908,0.277247,-0.0585293,24680
2.001,0.267722,2,-0.497908,0.277247,-0.0555278,23096.6
2.001,0.267722,2,-0.497908,0.277247,-0.0525263,24696.2
2.001,0.267722,2,-0.497908,0.277247,-0.0495248,23422.5
2.001,0.267722,2,-0.497908,0.277247,-0.0465233,29288.8
2.001,0.267722,2,-0.497908,0.277247,-0.0435218,25429.7
2.001,0.267722,2,-0.497908,0.277247,-0.0405203,27162.9
2.001,0.267722,2,-0.497908,0.277247,-0.0375188,25009.7
2.001,0.267722,2,-0.497908,0.277247,-0.0345173,28295.2
2.001,0.267722,2,-0.497908,0.277247,-0.0315158,26046
2.001,0.267722,2,-0.497908,0.277247,-0.0285143,27313.4
2.001,0.267722,2,-0.497908,0.277247,-0.0255128,26311.2
2.001,0.267722,2,-0.497908,0.277247,-0.0225113,22680.3
2.001,0.267722,2,-0.497908,0.277247,-0.0195098,26979.3
2.001,0.267722,2,-0.497908,0.277247,-0.0165083,23504.9
2.001,0.267722,2,-0.497908,0.277247,-0.0135068,22848.2
2.001,0.267722,2,-0.497908,0.277247,-0.0105053,24984.4
2.001,0.267722,2,-0.497908,0.277247,-0.00750375,23217.4
2.001,0.267722,2,-0.497908,0.277247,-0.00450225,26250.7
2.001,0.267722,2,-0.497908,0.277247,-0.00150075,27118.6
2.001,0.267722,2,-0.497908,0.277247,0.00150075,28701.1
2.001,0.267722,2,-0.497908,0.277247,0.00450225,26966.5
2.001,0.267722,2,-0.497908,0.277247,0.00750375,28242.4
2.001,0.267722,2,-0.497908,0.277247,0.0105053,24732
2.001,0.267722,2,-0.497908,0.277247,0.0135068,24198.1
2.001,0.267722,2,-0.497908,0.277247,0.0165083,24624.3
2.001,0.267722,2,-0.497908,0.277247,0.0195098,27866.5
2.001,0.267722,2,-0.497908,0.277247,0.0225113,25923.1
2.001,0.267722,2,-0.497908,0.277247,0.0255128,27264.7
2.001,0.267722,2,-0.497908,0.277247,0.0285143,26572.7
2.001,0.267722,2,-0.497908,0.277247,0.0315158,27448.7
2.001,0.267722,2,-0.497908,0.277247,0.0345173,24837.4
2.001,0.267722,2,-0.497908,0.277247,0.0375188,27138.8
2.001,0.267722,2,-0.497908,0.277247,0.0405203,26552.3
2.001,0.267722,2,-0.497908,0.277247,0.0435218,26280.8
2.001,0.267722,2,-0.497908,0.277247,0.0465233,23236.4
2.001,0.267722,2,-0.497908,0.277247,0.0495248,28721.5
2.001,0.267722,2,-0.497908,0.277247,0.0525263,25115.4
2.001,0.267722,2,-0.497908,0.277247,0.0555278,27258.4
2.001,0.267722,2,-0.497908,0.277247,0.0585293,23757.5
2.001,0.267722,2,-0.497908,0.277247,0.0615308,26266.9
2.001,0.267722,2,-0.497908,0.277247,0.0645323,25215.9
2.001,0.267722,2,-0.497908,0.277247,0.0675338,26468.1
2.001,0.267722,2,-0.497908,0.277247,0.0705353,27407
2.001,0.267722,2,-0.497908,0.277247,0.0735368,23562.4
2.001,0.267722,2,-0.497908,0.277247,0.0765383,26588.7
2.001,0.267722,2,-0.497908,0.277247,0.0795398,28375.1
2.001,0.267722,2,-0.497908,0.277247,0.0825413,24348.9
2.001,0.267722,2,-0.497908,0.277247,0.0855428,26726.2
2.001,0.267722,2,-0.497908,0.277247,0.0885443,23206.4
2.001,0.267722,2,-0.497908,0.277247,0.0915458,24699.2
2.001,0.267722,2,-0.497908,0.277247,0.0945473,24666
2.001,0.267722,2,-0.497908,0.277247,0.0975488,24869.5
2.001,0.267722,2,-0.497908,0.277247,0.10055,25350.7
2.001,0.267722,2,-0.497908,0.277247,0.103552,26953
2.001,0.267722,2,-0.497908,0.277247,0.106553,24228.9
2.001,0.267722,2,-0.497908,0.277247,0.109555,23983
2.001,0.267722,2,-0.497908,0.277247,0.112556,29059.8
2.001,0.267722,2,-0.497908,0.277247,0.115558,23800.3
2.001,0.267722,2,-0.497908,0.277247,0.118559,27603.6
2.001,0.267722,2,-0.497908,0.277247,0.121561,24395.7
2.001,0.267722,2,-0.497908,0.277247,0.124562,24167.7
2.001,0.267722,2,-0.497908,0.277247,0.127564,25437.8
2.001,0.267722,2,-0.497908,0.277247,0.130565,25562.5
2.001,0.267722,2,-0.497908,0.277247,0.133567,25885.9
2.001,0.267722,2,-0.497908,0.277247,0.136568,27018.8
2.001,0.267722,2,-0.497908,0.277247,0.13957,24691.8
2.001,0.267722,2,-0.497908,0.277247,0.142571,27327.8
2.001,0.267722,2,-0.497908,0.277247,0.145573,23069.4
2.001,0.267722,2,-0.497908,0.277247,0.148574,24294.9
2.001,0.267722,2,-0.497908,0.277247,0.151576,25175.4
2.001,0.267722,2,-0.497908,0.277247,0.154577,27219.1
2.001,0.267722,2,-0.497908,0.277247,0.157579,23892.8
2.001,0.267722,2,-0.497908,0.277247,0.16058,22833.5
2.001,0.267722,2,-0.497908,0.277247,0.163582,23099.8
2.001,0.267722,2,-0.497908,0.277247,0.166583,24427.5
2.001,0.267722,2,-0.497908,0.277247,0.169585,25724.5
2.001,0.267722,2,-0.497908,0.277247,0.172586,27788.9
2.001,0.267722,2,-0.497908,0.277247,0.175588,27392.2
2.001,0.267722,2,-0.497908,0.277247,0.178589,26414
2.001,0.267722,2,-0.497908,0.277247,0.181591,23047.4
2.001,0.267722,2,-0.497908,0.277247,0.184592,23951
2.001,0.267722,2,-0.497908,0.277247,0.187594,24579.8
2.001,0.267722,2,-0.497908,0.277247,0.190595,24333.7
2.001,0.267722,2,-0.497908,0.277247,0.193597,27657.5
2.001,0.267722,2,-0.497908,0.277247,0.196598,28815.7
2.001,0.267722,2,-0.497908,0.277247,0.1996,28643.8
2.001,0.267722,2,-0.497908,0.277247,0.202601,26223.5
2.001,0.267722,2,-0.497908,0.277247,0.205603,23892.6
2.001,0.267722,2,-0.497908,0.277247,0.208604,28839.7
2.001,0.267722,2,-0.497908,0.277247,0.211606,25264
2.001,0.267722,2,-0.497908,0.277247,0.214607,28577.4
2.001,0.267722,2,-0.497908,0.277247,0.217609,23451.9
2.001,0.267722,2,-0.497908,0.277247,0.22061,26978.7
2.001,0.267722,2,-0.497908,0.277247,0.223612,27444.8
2.001,0.267722,2,-0.497908,0.277247,0.226613,27682.1
2.001,0.267722,2,-0.497908,0.277247,0.229615,26048.4
2.001,0.267722,2,-0.497908,0.277247,0.232616,24346.7
2.001,0.267722,2,-0.497908,0.277247,0.235618,23745.9
2.001,0.267722,2,-0.497908,0.277247,0.238619,24828.8
2.001,0.267722,2,-0.497908,0.277247,0.241621,26942.9
2.001,0.267722,2,-0.497908,0.277247,0.244622,28257.4
2.001,0.267722,2,-0.497908,0.277247,0.247624,28683.5
2.001,0.267722,2,-0.497908,0.277247,0.250625,28530.4
2.001,0.267722,2,-0.497908,0.277247,0.253627,23952.2
2.001,0.267722,2,-0.497908,0.277247,0.256628,29004.2
2.001,0.267722,2,-0.497908,0.277247,0.25963,22581.3
2.001,0.267722,2,-0.497908,0.277247,0.262631,23852.4
2.001,0.267722,2,-0.497908,0.277247,0.265633,23165.9
2.001,0.267722,2,-0.497908,0.277247,0.268634,23391.8
2.001,0.267722,2,-0.497908,0.277247,0.271636,27364.1
2.001,0.267722,2,-0.497908,0.277247,0.274637,23606.9
2.001,0.267722,2,-0.497908,0.277247,0.277639,23690.1
2.001,0.267722,2,-0.497908,0.277247,0.28064,23508.1
2.001,0.267722,2,-0.497908,0.277247,0.283642,23403.7
2.001,0.267722,2,-0.497908,0.277247,0.286643,22573.2
2.001,0.267722,2,-0.497908,0.277247,0.289645,24435.4
2.001,0.267722,2,-0.497908,0.277247,0.292646,23030.1
2.001,0.267722,2,-0.497908,0.277247,0.295648,26123.7
2.001,0.267722,2,-0.497908,0.277247,0.298649,29113.4
2.001,0.267722,2,-0.497908,0.277247,0.301651,26951.2
2.001,0.267722,2,-0.497908,0.277247,0.304652,25400.5
2.001,0.267722,2,-0.497908,0.277247,0.307654,26958.2
2.001,0.267722,2,-0.497908,0.277247,0.310655,22659.2
2.001,0.267722,2,-0.497908,0.277247,0.313657,24652
2.001,0.267722,2,-0.497908,0.277247,0.316658,27477
2.001,0.267722,2,-0.497908,0.277247,0.31966,24510.1
2.001,0.267722,2,-0.497908,0.277247,0.322661,25107.6
2.001,0.267722,2,-0.497908,0.277247,0.325663,26135.3
2.001,0.267722,2,-0.497908,0.277247,0.328664,24409.6
2.001,0.267722,2,-0.497908,0.277247,0.331666,25402.5
2.001,0.267722,2,-0.497908,0.277247,0.334667,25714.7
2.001,0.267722,2,-0.497908,0.277247,0.337669,29256.4
2.001,0.267722,2,-0.497908,0.277247,0.34067,24877.3
2.001,0.267722,2,-0.497908,0.277247,0.343672,23429.4
2.001,0.267722,2,-0.497908,0.277247,0.346673,22638.4
2.001,0.267722,2,-0.497908,0.277247,0.349675,24435.1
2.001,0.267722,2,-0.497908,0.277247,0.352676,28952.7
2.001,0.267722,2,-0.497908,0.277247,0.355678,26494.4
2.001,0.267722,2,-0.497908,0.277247,0.358679,24557.2
2.001,0.267722,2,-0.497908,0.277247,0.361681,23329.3
2.001,0.267722,2,-0.497908,0.277247,0.364682,25023
2.001,0.267722,2,-0.497908,0.277247,0.367684,26179.5
2.001,0.267722,2,-0.497908,0.277247,0.370685,27367.5
2.001,0.267722,2,-0.497908,0.277247,0.373687,27030.4
2.001,0.267722,2,-0.497908,0.277247,0.376688,23015.4
2.001,0.267722,2,-0.497908,0.277247,0.37969,26650
2.001,0.267722,2,-0.497908,0.277247,0.382691,22485.4
2.001,0.267722,2,-0.497908,0.277247,0.385693,24257.4
2.001,0.267722,2,-0.497908,0.277247,0.388694,26848.2
2.001,0.267722,2,-0.497908,0.277247,0.391696,27020.7
2.001,0.267722,2,-0.497908,0.277247,0.394697,24752
2.001,0.267722,2,-0.497908,0.277247,0.397699,25239.3
2.001,0.267722,2,-0.497908,0.277247,0.4007,24859.6
2.001,0.267722,2,-0.497908,0.277247,0.403702,23789.5
2.001,0.267722,2,-0.497908,0.277247,0.406703,23682.3
2.001,0.267722,2,-0.497908,0.277247,0.409705,22682
2.001,0.267722,2,-0.497908,0.277247,0.412706,27661.8
2.001,0.267722,2,-0.497908,0.277247,0.415708,24165.3
2.001,0.267722,2,-0.497908,0.277247,0.418709,25724.2
2.001,0.267722,2,-0.497908,0.277247,0.421711,23109.3
2.001,0.267722,2,-0.497908,0.277247,0.424712,28538.2
2.001,0.267722,2,-0.497908,0.277247,0.427714,22408.5
2.001,0.267722,2,-0.497908,0.277247,0.430715,22865.6
2.001,0.267722,2,-0.497908,0.277247,0.433717,25314.1
2.001,0.267722,2,-0.497908,0.277247,0.436718,28541
2.001,0.267722,2,-0.497908,0.277247,0.43972,25529.5
2.001,0.267722,2,-0.497908,0.277247,0.442721,24556.4
2.001,0.267722,2,-0.497908,0.277247,0.445723,25271.8
2.001,0.267722,2,-0.497908,0.277247,0.448724,24574.1
2.001,0.267722,2,-0.497908,0.277247,0.451726,27365
2.001,0.267722,2,-0.497908,0.277247,0.454727,27161
2.001,0.267722,2,-0.497908,0.277247,0.457729,25309.2
2.001,0.267722,2,-0.497908,0.277247,0.46073,25979.3
2.001,0.267722,2,-0.497908,0.277247,0.463732,24635.2
2.001,0.267722,2,-0.497908,0.277247,0.466733,24593.5
2.001,0.267722,2,-0.497908,0.277247,0.469735,26557.3
2.001,0.267722,2,-0.497908,0.277247,0.472736,23243.7
2.001,0.267722,2,-0.497908,0.277247,0.475738,22536.8
2.001,0.267722,2,-0.497908,0.277247,0.478739,26852
2.001,0.267722,2,-0.497908,0.277247,0.481741,24800
2.001,0.267722,2,-0.497908,0.277247,0.484742,23098
2.001,0.267722,2,-0.497908,0.277247,0.487744,24239
2.001,0.267722,2,-0.497908,0.277247,0.490745,27142.9
2.001,0.267722,2,-0.497908,0.277247,0.493747,23538
2.001,0.267722,2,-0.497908,0.277247,0.496748,27050.7
2.001,0.267722,2,-0.497908,0.277247,0.49975,23332.1
2.001,0.267722,2,-0.497908,0.277247,0.502751,23176.6
2.001,0.267722,2,-0.497908,0.277247,0.505753,28289.1
2.001,0.267722,2,-0.497908,0.277247,0.508754,24852.8
2.001,0.267722,2,-0.497908,0.277247,0.511756,23297.8
2.001,0.267722,2,-0.497908,0.277247,0.514757,28117.9
2.001,0.267722,2,-0.497908,0.277247,0.517759,25077.1
2.001,0.267722,2,-0.497908,0.277247,0.52076,24489
2.001,0.267722,2,-0.497908,0.277247,0.523762,22748.8
2.001,0.267722,2,-0.497908,0.277247,0.526763,24788.4
2.001,0.267722,2,-0.497908,0.277247,0.529765,23301.3
2.001,0.267722,2,-0.497908,0.277247,0.532766,24056.6
2.001,0.267722,2,-0.497908,0.277247,0.535768,23172.5
2.001,0.267722,2,-0.497908,0.277247,0.538769,24930.2
2.001,0.267722,2,-0.497908,0.277247,0.541771,22794.7
2.001,0.267722,2,-0.497908,0.277247,0.544772,24977.3
2.001,0.267722,2,-0.497908,0.277247,0.547774,25685.3
2.001,0.267722,2,-0.497908,0.277247,0.550775,22251.9
2.001,0.267722,2,-0.497908,0.277247,0.553777,23232.3
2.001,0.267722,2,-0.497908,0.277247,0.556778,21969.9
2.001,0.267722,2,-0.497908,0.277247,0.55978,23143.6
2.001,0.267722,2,-0.497908,0.277247,0.562781,23903.5
2.001,0.267722,2,-0.497908,0.277247,0.565783,23249.1
2.001,0.267722,2,-0.497908,0.277247,0.568784,22297.9
2.001,0.267722,2,-0.497908,0.277247,0.571786,24436.7
2.001,0.267722,2,-0.497908,0.277247,0.574787,23530.9
2.001,0.267722,2,-0.497908,0.277247,0.577789,23508.4
2.001,0.267722,2,-0.497908,0.277247,0.58079,24967.3
2.001,0.267722,2,-0.497908,0.277247,0.583792,24243.4
2.001,0.267722,2,-0.497908,0.277247,0.586793,22084.8
2.001,0.267722,2,-0.497908,0.277247,0.589795,26243.7
2.001,0.267722,2,-0.497908,0.277247,0.592796,22455.2
2.001,0.267722,2,-0.497908,0.277247,0.595798,25479.3
2.001,0.267722,2,-0.497908,0.277247,0.598799,24348.6
2.001,0.267722,2,-0.497908,0.277247,0.601801,26022.3
2.001,0.267722,2,-0.497908,0.277247,0.604802,22747.2
2.001,0.267722,2,-0.497908,0.277247,0.607804,22707.1
2.001,0.267722,2,-0.497908,0.277247,0.610805,23675.3
2.001,0.267722,2,-0.497908,0.277247,0.613807,25701
2.001,0.267722,2,-0.497908,0.277247,0.616808,21550.1
2.001,0.267722,2,-0.497908,0.277247,0.61981,25219.4
2.001,0.267722,2,-0.497908,0.277247,0.622811,24018.5
2.001,0.267722,2,-0.497908,0.277247,0.625813,27650.2
2.001,0.267722,2,-0.497908,0.277247,0.628814,23713.8
2.001,0.267722,2,-0.497908,0.277247,0.631816,24831.9
2.001,0.267722,2,-0.497908,0.277247,0.634817,27508.9
2.001,0.267722,2,-0.497908,0.277247,0.637819,23589.5
2.001,0.267722,2,-0.497908,0.277247,0.64082,21847.4
2.001,0.267722,2,-0.497908,0.277247,0.643822,24665.4
2.001,0.267722,2,-0.497908,0.277247,0.646823,23976.8
2.001,0.267722,2,-0.497908,0.277247,0.649825,24886.9
2.001,0.267722,2,-0.497908,0.277247,0.652826,26412
2.001,0.267722,2,-0.497908,0.277247,0.655828,25555.1
2.001,0.267722,2,-0.497908,0.277247,0.658829,24224.1
2.001,0.267722,2,-0.497908,0.277247,0.661831,21860.2
2.001,0.267722,2,-0.497908,0.277247,0.664832,26833.6
2.001,0.267722,2,-0.497908,0.277247,0.667834,27364.8
2.001,0.267722,2,-0.497908,0.277247,0.670835,24838.3
2.001,0.267722,2,-0.497908,0.277247,0.673837,22006
2.001,0.267722,2,-0.497908,0.277247,0.676838,24714.7
2.001,0.267722,2,-0.497908,0.277247,0.67984,20979.9
2.001,0.267722,2,-0.497908,0.277247,0.682841,22188.9
2.001,0.267722,2,-0.497908,0.277247,0.685843,24524.7
2.001,0.267722,2,-0.497908,0.277247,0.688844,21595.3
2.001,0.267722,2,-0.497908,0.277247,0.691846,23017
2.001,0.267722,2,-0.497908,0.277247,0.694847,22789.8
2.001,0.267722,2,-0.497908,0.277247,0.697849,21607.7
2.001,0.267722,2,-0.497908,0.277247,0.70085,22445.5
2.001,0.267722,2,-0.497908,0.277247,0.703852,24333.7
2.001,0.267722,2,-0.497908,0.277247,0.706853,23129.6
2.001,0.267722,2,-0.497908,0.277247,0.709855,26236.4
2.001,0.267722,2,-0.497908,0.277247,0.712856,24222.5
2.001,0.267722,2,-0.497908,0.277247,0.715858,24038.8
2.001,0.267722,2,-0.497908,0.277247,0.718859,22521.6
2.001,0.267722,2,-0.497908,0.277247,0.721861,24593.5
2.001,0.267722,2,-0.497908,0.277247,0.724862,26123.9
2.001,0.267722,2,-0.497908,0.277247,0.727864,20942
2.001,0.267722,2,-0.497908,0.277247,0.730865,23153.1
2.001,0.267722,2,-0.497908,0.277247,0.733867,21058.7
2.001,0.267722,2,-0.497908,0.277247,0.736868,21178.9
2.001,0.267722,2,-0.497908,0.277247,0.73987,21109.7
2.001,0.267722,2,-0.497908,0.277247,0.742871,25026.7
2.001,0.267722,2,-0.497908,0.277247,0.745873,20638
2.001,0.267722,2,-0.497908,0.277247,0.748874,20249.6
2.001,0.267722,2,-0.497908,0.277247,0.751876,22718.1
2.001,0.267722,2,-0.497908,0.277247,0.754877,24079
2.001,0.267722,2,-0.497908,0.277247,0.757879,20447.1
2.001,0.267722,2,-0.497908,0.277247,0.76088,24106.8
2.001,0.267722,2,-0.497908,0.277247,0.763882,20083.1
2.001,0.267722,2,-0.497908,0.277247,0.766883,25365.7
2.001,0.267722,2,-0.497908,0.277247,0.769885,20973.4
2.001,0.267722,2,-0.497908,0.277247,0.772886,24268.4
2.001,0.267722,2,-0.497908,0.277247,0.775888,24959.7
2.001,0.267722,2,-0.497908,0.277247,0.778889,23390.5
2.001,0.267722,2,-0.497908,0.277247,0.781891,22152.3
2.001,0.267722,2,-0.497908,0.277247,0.784892,19249.4
2.001,0.267722,2,-0.497908,0.277247,0.787894,19790.5
2.001,0.267722,2,-0.497908,0.277247,0.790895,20169.6
2.001,0.267722,2,-0.497908,0.277247,0.793897,19005.1
2.001,0.267722,2,-0.497908,0.277247,0.796898,18709.8
2.001,0.267722,2,-0.497908,0.277247,0.7999,20088.5
2.001,0.267722,2,-0.497908,0.277247,0.802901,20145.7
2.001,0.267722,2,-0.497908,0.277247,0.805903,20250.4
2.001,0.267722,2,-0.497908,0.277247,0.808904,19553.6
2.001,0.267722,2,-0.497908,0.277247,0.811906,16481.9
2.001,0.267722,2,-0.497908,0.277247,0.814907,-17205.3
2.001,0.267722,2,-0.497908,0.277247,0.817909,-21355.6
2.001,0.267722,2,-0.497908,0.277247,0.82091,-18584.4
2.001,0.267722,2,-0.497908,0.277247,0.823912,-22236.7
2.001,0.267722,2,-0.497908,0.277247,0.826913,-18333
2.001,0.267722,2,-0.497908,0.277247,0.829915,-22277.8
2.001,0.267722,2,-0.497908,0.277247,0.832916,-20759.3
2.001,0.267722,2,-0.497908,0.277247,0.835918,-20110.4
2.001,0.267722,2,-0.497908,0.277247,0.838919,-21294.8
2.001,0.267722,2,-0.497908,0.277247,0.841921,-21995.7
2.001,0.267722,2,-0.497908,0.277247,0.844922,-23119.7
2.001,0.267722,2,-0.497908,0.277247,0.847924,-19987.1
2.001,0.267722,2,-0.497908,0.277247,0.850925,-21560.7
2.001,0.267722,2,-0.497908,0.277247,0.853927,-20694.9
2.001,0.267722,2,-0.497908,0.277247,0.856928,-20040.5
2.001,0.267722,2,-0.497908,0.277247,0.85993,-22296.2
2.001,0.267722,2,-0.497908,0.277247,0.862931,-21049.5
2.001,0.267722,2,-0.497908,0.277247,0.865933,-22077.1
2.001,0.267722,2,-0.497908,0.277247,0.868934,-19941.3
2.001,0.267722,2,-0.497908,0.277247,0.871936,-23097.4
2.001,0.267722,2,-0.497908,0.277247,0.874937,-25180.2
2.001,0.267722,2,-0.497908,0.277247,0.877939,-21116.6
2.001,0.267722,2,-0.497908,0.277247,0.88094,-23213.8
2.001,0.267722,2,-0.497908,0.277247,0.883942,-20770.1
2.001,0.267722,2,-0.497908,0.277247,0.886943,-21550.3
2.001,0.267722,2,-0.497908,0.277247,0.889945,-26510.1
2.001,0.267722,2,-0.497908,0.277247,0.892946,-22816.5
2.001,0.267722,2,-0.497908,0.277247,0.895948,-22973
2.001,0.267722,2,-0.497908,0.277247,0.898949,-22080.4
2.001,0.267722,2,-0.497908,0.277247,0.901951,-25436
2.001,0.267722,2,-0.497908,0.277247,0.904952,-21523.9
2.001,0.267722,2,-0.497908,0.277247,0.907954,-23232.8
2.001,0.267722,2,-0.497908,0.277247,0.910955,-21152.7
2.001,0.267722,2,-0.497908,0.277247,0.913957,-24498.5
2.001,0.267722,2,-0.497908,0.277247,0.916958,-21445.2
2.001,0.267722,2,-0.497908,0.277247,0.91996,-24682
2.001,0.267722,2,-0.497908,0.277247,0.922961,-23002.1
2.001,0.267722,2,-0.497908,0.277247,0.925963,-25543.3
2.001,0.267722,2,-0.497908,0.277247,0.928964,-26003.9
2.001,0.267722,2,-0.497908,0.277247,0.931966,-25642.8
2.001,0.267722,2,-0.497908,0.277247,0.934967,-25330.4
2.001,0.267722,2,-0.497908,0.277247,0.937969,-25825.3
2.001,0.267722,2,-0.497908,0.277247,0.94097,-26204.2
2.001,0.267722,2,-0.497908,0.277247,0.943972,-24761.2
2.001,0.267722,2,-0.497908,0.277247,0.946973,-26173.5
2.001,0.267722,2,-0.497908,0.277247,0.949975,-21524.3
2.001,0.267722,2,-0.497908,0.277247,0.952976,-21485.7
2.001,0.267722,2,-0.497908,0.277247,0.955978,-22350.4
2.001,0.267722,2,-0.497908,0.277247,0.958979,-23190.4
2.001,0.267722,2,-0.497908,0.277247,0.961981,-22919
2.001,0.267722,2,-0.497908,0.277247,0.964982,-25221.9
2.001,0.267722,2,-0.497908,0.277247,0.967984,-21839.2
2.001,0.267722,2,-0.497908,0.277247,0.970985,-22820
2.001,0.267722,2,-0.497908,0.277247,0.973987,-27710.9
2.001,0.267722,2,-0.497908,0.277247,0.976988,-22792
2.001,0.267722,2,-0.497908,0.277247,0.97999,-24974.9
2.001,0.267722,2,-0.497908,0.277247,0.982991,-22411.4
2.001,0.267722,2,-0.497908,0.277247,0.985993,-26494.9
2.001,0.267722,2,-0.497908,0.277247,0.988994,-21875.9
2.001,0.267722,2,-0.497908,0.277247,0.991996,-25099.9
2.001,0.267722,2,-0.497908,0.277247,0.994997,-22923
2.001,0.267722,2,-0.497908,0.277247,0.997999,-25063.9
2.001,0.267722,2,-0.497908,0.277247,1.001,-26942
2.001,0.267722,2,-0.497908,0.277247,1.004,-26244.6
2.001,0.267722,2,-0.497908,0.277247,1.007,-23803.1
2.001,0.267722,2,-0.497908,0.277247,1.01001,-22435.1
2.001,0.267722,2,-0.497908,0.277247,1.01301,-21999.9
2.001,0.267722,2,-0.497908,0.277247,1.01601,-23570.1
2.001,0.267722,2,-0.497908,0.277247,1.01901,-23663.6
2.001,0.267722,2,-0.497908,0.277247,1.02201,-24688.3
2.001,0.267722,2,-0.497908,0.277247,1.02501,-23421.3
2.001,0.267722,2,-0.497908,0.277247,1.02801,-23016.7
2.001,0.267722,2,-0.497908,0.277247,1.03102,-22308.3
2.001,0.267722,2,-0.497908,0.277247,1.03402,-26218.7
2.001,0.267722,2,-0.497908,0.277247,1.03702,-22708.4
2.001,0.267722,2,-0.497908,0.277247,1.04002,-26385.9
2.001,0.267722,2,-0.497908,0.277247,1.04302,-23054
2.001,0.267722,2,-0.497908,0.277247,1.04602,-24488.5
2.001,0.267722,2,-0.497908,0.277247,1.04902,-23285.7
2.001,0.267722,2,-0.497908,0.277247,1.05203,-26365.3
2.001,0.267722,2,-0.497908,0.277247,1.05503,-22749.5
2.001,0.267722,2,-0.497908,0.277247,1.05803,-22769.8
2.001,0.267722,2,-0.497908,0.277247,1.06103,-26982.2
2.001,0.267722,2,-0.497908,0.277247,1.06403,-22639.9
2.001,0.267722,2,-0.497908,0.277247,1.06703,-23754
2.001,0.267722,2,-0.497908,0.277247,1.07004,-25990.5
2.001,0.267722,2,-0.497908,0.277247,1.07304,-24308.2
2.001,0.267722,2,-0.497908,0.277247,1.07604,-22973.6
2.001,0.267722,2,-0.497908,0.277247,1.07904,-26837.7
2.001,0.267722,2,-0.497908,0.277247,1.08204,-25369.5
2.001,0.267722,2,-0.497908,0.277247,1.08504,-23403.1
2.001,0.267722,2,-0.497908,0.277247,1.08804,-28517.6
2.001,0.267722,2,-0.497908,0.277247,1.09105,-26403.3
2.001,0.267722,2,-0.497908,0.277247,1.09405,-27694.6
2.001,0.267722,2,-0.497908,0.277247,1.09705,-23025.9
2.001,0.267722,2,-0.497908,0.277247,1.10005,-24859.2
2.001,0.267722,2,-0.497908,0.277247,1.10305,-24003.7
2.001,0.267722,2,-0.497908,0.277247,1.10605,-28390.5
2.001,0.267722,2,-0.497908,0.277247,1.10905,-26952.7
2.001,0.267722,2,-0.497908,0.277247,1.11206,-28103
2.001,0.267722,2,-0.497908,0.277247,1.11506,-24889.4
2.001,0.267722,2,-0.497908,0.277247,1.11806,-28533.3
2.001,0.267722,2,-0.497908,0.277247,1.12106,-27333.5
2.001,0.267722,2,-0.497908,0.277247,1.12406,-23985.2
2.001,0.267722,2,-0.497908,0.277247,1.12706,-25057.7
2.001,0.267722,2,-0.497908,0.277247,1.13007,-26110.4
2.001,0.267722,2,-0.497908,0.277247,1.13307,-24757.8
2.001,0.267722,2,-0.497908,0.277247,1.13607,-25629
2.001,0.267722,2,-0.497908,0.277247,1.13907,-23839.6
2.001,0.267722,2,-0.497908,0.277247,1.14207,-25813.9
2.001,0.267722,2,-0.497908,0.277247,1.14507,-26614.1
2.001,0.267722,2,-0.497908,0.277247,1.14807,-28657.1
2.001,0.267722,2,-0.497908,0.277247,1.15108,-26623.7
2.001,0.267722,2,-0.497908,0.277247,1.15408,-24902.2
2.001,0.267722,2,-0.497908,0.277247,1.15708,-23837.6
2.001,0.267722,2,-0.497908,0.277247,1.16008,-25940.9
2.001,0.267722,2,-0.497908,0.277247,1.16308,-24425.7
2.001,0.267722,2,-0.497908,0.277247,1.16608,-28456.3
2.001,0.267722,2,-0.497908,0.277247,1.16908,-23646.5
2.001,0.267722,2,-0.497908,0.277247,1.17209,-23628.5
2.001,0.267722,2,-0.497908,0.277247,1.17509,-25465.4
2.001,0.267722,2,-0.497908,0.277247,1.17809,-24084.3
2.001,0.267722,2,-0.497908,0.277247,1.18109,-24887.3
2.001,0.267722,2,-0.497908,0.277247,1.18409,-25339.1
2.001,0.267722,2,-0.497908,0.277247,1.18709,-27477.5
2.001,0.267722,2,-0.497908,0.277247,1.1901,-29625
2.001,0.267722,2,-0.497908,0.277247,1.1931,-27212.6
2.001,0.267722,2,-0.497908,0.277247,1.1961,-24473.5
2.001,0.267722,2,-0.497908,0.277247,1.1991,-27338.9
2.001,0.267722,2,-0.497908,0.277247,1.2021,-24284
2.001,0.267722,2,-0.497908,0.277247,1.2051,-28662.4
2.001,0.267722,2,-0.497908,0.277247,1.2081,-29114.8
2.001,0.267722,2,-0.497908,0.277247,1.21111,-24971.3
2.001,0.267722,2,-0.497908,0.277247,1.21411,-28970.3
2.001,0.267722,2,-0.497908,0.277247,1.21711,-24068.9
2.001,0.267722,2,-0.497908,0.277247,1.22011,-27497
2.001,0.267722,2,-0.497908,0.277247,1.22311,-25265.3
2.001,0.267722,2,-0.497908,0.277247,1.22611,-23491.9
2.001,0.267722,2,-0.497908,0.277247,1.22911,-24136.5
2.001,0.267722,2,-0.497908,0.277247,1.23212,-27606.1
2.001,0.267722,2,-0.497908,0.277247,1.23512,-23392.9
2.001,0.267722,2,-0.497908,0.277247,1.23812,-29485
2.001,0.267722,2,-0.497908,0.277247,1.24112,-24997.1
2.001,0.267722,2,-0.497908,0.277247,1.24412,-25782.7
2.001,0.267722,2,-0.497908,0.277247,1.24712,-25743.1
2.001,0.267722,2,-0.497908,0.277247,1.25013,-25730.5
2.001,0.267722,2,-0.497908,0.277247,1.25313,-23403.3
2.001,0.267722,2,-0.497908,0.277247,1.25613,-23458
2.001,0.267722,2,-0.497908,0.277247,1.25913,-26466.4
2.001,0.267722,2,-0.497908,0.277247,1.26213,-26111
2.001,0.267722,2,-0.497908,0.277247,1.26513,-23467.8
2.001,0.267722,2,-0.497908,0.277247,1.26813,-25946.2
2.001,0.267722,2,-0.497908,0.277247,1.27114,-26364.9
2.001,0.267722,2,-0.497908,0.277247,1.27414,-29419.9
2.001,0.267722,2,-0.497908,0.277247,1.27714,-26989.4
2.001,0.267722,2,-0.497908,0.277247,1.28014,-28973.9
2.001,0.267722,2,-0.497908,0.277247,1.28314,-27353.6
2.001,0.267722,2,-0.497908,0.277247,1.28614,-28925.9
2.001,0.267722,2,-0.497908,0.277247,1.28914,-28175.3
2.001,0.267722,2,-0.497908,0.277247,1.29215,-29620.9
2.001,0.267722,2,-0.497908,0.277247,1.29515,-24116.9
2.001,0.267722,2,-0.497908,0.277247,1.29815,-26675
2.001,0.267722,2,-0.497908,0.277247,1.30115,-24441.5
2.001,0.267722,2,-0.497908,0.277247,1.30415,-25974.8
2.001,0.267722,2,-0.497908,0.277247,1.30715,-24448.3
2.001,0.267722,2,-0.497908,0.277247,1.31016,-26892.7
2.001,0.267722,2,-0.497908,0.277247,1.31316,-25733.5
2.001,0.267722,2,-0.497908,0.277247,1.31616,-24311.4
2.001,0.267722,2,-0.497908,0.277247,1.31916,-26617.8
2.001,0.267722,2,-0.497908,0.277247,1.32216,-24184.6
2.001,0.267722,2,-0.497908,0.277247,1.32516,-25891.4
2.001,0.267722,2,-0.497908,0.277247,1.32816,-28035.1
2.001,0.267722,2,-0.497908,0.277247,1.33117,-30745.7
2.001,0.267722,2,-0.497908,0.277247,1.33417,-25058.8
2.001,0.267722,2,-0.497908,0.277247,1.33717,-25757.8
2.001,0.267722,2,-0.497908,0.277247,1.34017,-25877
2.001,0.267722,2,-0.497908,0.277247,1.34317,-25627.9
2.001,0.267722,2,-0.497908,0.277247,1.34617,-24067.5
2.001,0.267722,2,-0.497908,0.277247,1.34917,-29564.1
2.001,0.267722,2,-0.497908,0.277247,1.35218,-24447.1
2.001,0.267722,2,-0.497908,0.277247,1.35518,-26818.8
2.001,0.267722,2,-0.497908,0.277247,1.35818,-27665.4
2.001,0.267722,2,-0.497908,0.277247,1.36118,-26573
2.001,0.267722,2,-0.497908,0.277247,1.36418,-25886.6
2.001,0.267722,2,-0.497908,0.277247,1.36718,-27594.2
2.001,0.267722,2,-0.497908,0.277247,1.37019,-25338.1
2.001,0.267722,2,-0.497908,0.277247,1.37319,-23823.3
2.001,0.267722,2,-0.497908,0.277247,1.37619,-29730.8
2.001,0.267722,2,-0.497908,0.277247,1.37919,-24957.1
2.001,0.267722,2,-0.497908,0.277247,1.38219,-26058.2
2.001,0.267722,2,-0.497908,0.277247,1.38519,-25808
2.001,0.267722,2,-0.497908,0.277247,1.38819,-23874.4
2.001,0.267722,2,-0.497908,0.277247,1.3912,-24545.2
2.001,0.267722,2,-0.497908,0.277247,1.3942,-26696.5
2.001,0.267722,2,-0.497908,0.277247,1.3972,-28484.9
2.001,0.267722,2,-0.497908,0.277247,1.4002,-24166
2.001,0.267722,2,-0.497908,0.277247,1.4032,-27125.5
2.001,0.267722,2,-0.497908,0.277247,1.4062,-23910.6
2.001,0.267722,2,-0.497908,0.277247,1.4092,-28976.2
2.001,0.267722,2,-0.497908,0.277247,1.41221,-26560
2.001,0.267722,2,-0.497908,0.277247,1.41521,-24041.7
2.001,0.267722,2,-0.497908,0.277247,1.41821,-23865.9
2.001,0.267722,2,-0.497908,0.277247,1.42121,-30418
2.001,0.267722,2,-0.497908,0.277247,1.42421,-27002.8
2.001,0.267722,2,-0.497908,0.277247,1.42721,-27390.8
2.001,0.267722,2,-0.497908,0.277247,1.43022,-25921.1
2.001,0.267722,2,-0.497908,0.277247,1.43322,-24578.9
2.001,0.267722,2,-0.497908,0.277247,1.43622,-24748
2.001,0.267722,2,-0.497908,0.277247,1.43922,-25366.5
2.001,0.267722,2,-0.497908,0.277247,1.44222,-27477.7
2.001,0.267722,2,-0.497908,0.277247,1.44522,-29272.8
2.001,0.267722,2,-0.497908,0.277247,1.44822,-25328.7
2.001,0.267722,2,-0.497908,0.277247,1.45123,-27379.4
2.001,0.267722,2,-0.497908,0.277247,1.45423,-30522.7
2.001,0.267722,2,-0.497908,0.277247,1.45723,-28665.1
2.001,0.267722,2,-0.497908,0.277247,1.46023,-27121.9
2.001,0.267722,2,-0.497908,0.277247,1.46323,-26854.7
2.001,0.267722,2,-0.497908,0.277247,1.46623,-25235.8
2.001,0.267722,2,-0.497908,0.277247,1.46923,-25775.3
2.001,0.267722,2,-0.497908,0.277247,1.47224,-28438.3
2.001,0.267722,2,-0.497908,0.277247,1.47524,-25910.2
2.001,0.267722,2,-0.497908,0.277247,1.47824,-29969.9
2.001,0.267722,2,-0.497908,0.277247,1.48124,-24637.5
2.001,0.267722,2,-0.497908,0.277247,1.48424,-25029.6
2.001,0.267722,2,-0.497908,0.277247,1.48724,-24374.6
2.001,0.267722,2,-0.497908,0.277247,1.49025,-26417.5
2.001,0.267722,2,-0.497908,0.277247,1.49325,-26064.9
2.001,0.267722,2,-0.497908,0.277247,1.49625,-31071.9
2.001,0.267722,2,-0.497908,0.277247,1.49925,-24954.9
2.001,0.267722,2,-0.497908,0.277247,1.50225,-28776.9
2.001,0.267722,2,-0.497908,0.277247,1.50525,-25461.9
2.001,0.267722,2,-0.497908,0.277247,1.50825,-25625.2
2.001,0.267722,2,-0.497908,0.277247,1.51126,-26908.9
2.001,0.267722,2,-0.497908,0.277247,1.51426,-25103.8
2.001,0.267722,2,-0.497908,0.277247,1.51726,-28333.2
2.001,0.267722,2,-0.497908,0.277247,1.52026,-27703.9
2.001,0.267722,2,-0.497908,0.277247,1.52326,-24716
2.001,0.267722,2,-0.497908,0.277247,1.52626,-25328.6
2.001,0.267722,2,-0.497908,0.277247,1.52926,-27162.7
2.001,0.267722,2,-0.497908,0.277247,1.53227,-28251.3
2.001,0.267722,2,-0.497908,0.277247,1.53527,-27312.6
2.001,0.267722,2,-0.497908,0.277247,1.53827,-26341.3
2.001,0.267722,2,-0.497908,0.277247,1.54127,-29051.9
2.001,0.267722,2,-0.497908,0.277247,1.54427,-25398.1
2.001,0.267722,2,-0.497908,0.277247,1.54727,-24790.5
2.001,0.267722,2,-0.497908,0.277247,1.55028,-28959.3
2.001,0.267722,2,-0.497908,0.277247,1.55328,-26662.7
2.001,0.267722,2,-0.497908,0.277247,1.55628,-27222.3
2.001,0.267722,2,-0.497908,0.277247,1.55928,-29071.9
2.001,0.267722,2,-0.497908,0.277247,1.56228,-28363.7
2.001,0.267722,2,-0.497908,0.277247,1.56528,-30726.1
2.001,0.267722,2,-0.497908,0.277247,1.56828,-27897.7
2.001,0.267722,2,-0.497908,0.277247,1.57129,-24856.4
2.001,0.267722,2,-0.497908,0.277247,1.57429,-24037
2.001,0.267722,2,-0.497908,0.277247,1.57729,-26551.8
2.001,0.267722,2,-0.497908,0.277247,1.58029,-29378.1
2.001,0.267722,2,-0.497908,0.277247,1.58329,-30711.7
2.001,0.267722,2,-0.497908,0.277247,1.58629,-25256.8
2.001,0.267722,2,-0.497908,0.277247,1.58929,-29086.7
2.001,0.267722,2,-0.497908,0.277247,1.5923,-24802.2
2.001,0.267722,2,-0.497908,0.277247,1.5953,-25144.6
2.001,0.267722,2,-0.497908,0.277247,1.5983,-25326
2.001,0.267722,2,-0.497908,0.277247,1.6013,-25510.6
2.001,0.267722,2,-0.497908,0.277247,1.6043,-24398.5
2.001,0.267722,2,-0.497908,0.277247,1.6073,-24148.6
2.001,0.267722,2,-0.497908,0.277247,1.61031,-25215.2
2.001,0.267722,2,-0.497908,0.277247,1.61331,-26354.4
2.001,0.267722,2,-0.497908,0.277247,1.61631,-25281.2
2.001,0.267722,2,-0.497908,0.277247,1.61931,-24600
2.001,0.267722,2,-0.497908,0.277247,1.62231,-26425.8
2.001,0.267722,2,-0.497908,0.277247,1.62531,-29001.6
2.001,0.267722,2,-0.497908,0.277247,1.62831,-25810.3
2.001,0.267722,2,-0.497908,0.277247,1.63132,-25800.9
2.001,0.267722,2,-0.497908,0.277247,1.63432,-27224.7
2.001,0.267722,2,-0.497908,0.277247,1.63732,-29588.4
2.001,0.267722,2,-0.497908,0.277247,1.64032,-24212.1
2.001,0.267722,2,-0.497908,0.277247,1.64332,-30876.4
2.001,0.267722,2,-0.497908,0.277247,1.64632,-25349.5
2.001,0.267722,2,-0.497908,0.277247,1.64932,-26561
2.001,0.267722,2,-0.497908,0.277247,1.65233,-25144.9
2.001,0.267722,2,-0.497908,0.277247,1.65533,-25295.7
2.001,0.267722,2,-0.497908,0.277247,1.65833,-25527.6
2.001,0.267722,2,-0.497908,0.277247,1.66133,-31456.8
2.001,0.267722,2,-0.497908,0.277247,1.66433,-29828.7
2.001,0.267722,2,-0.497908,0.277247,1.66733,-25219.4
2.001,0.267722,2,-0.497908,0.277247,1.67034,-29930.6
2.001,0.267722,2,-0.497908,0.277247,1.67334,-26193.9
2.001,0.267722,2,-0.497908,0.277247,1.67634,-29301.7
2.001,0.267722,2,-0.497908,0.277247,1.67934,-27213.7
2.001,0.267722,2,-0.497908,0.277247,1.68234,-25048
2.001,0.267722,2,-0.497908,0.277247,1.68534,-29519.5
2.001,0.267722,2,-0.497908,0.277247,1.68834,-25367.5
2.001,0.267722,2,-0.497908,0.277247,1.69135,-25041.4
2.001,0.267722,2,-0.497908,0.277247,1.69435,-24751.8
2.001,0.267722,2,-0.497908,0.277247,1.69735,-28912.5
2.001,0.267722,2,-0.497908,0.277247,1.70035,-24796.1
2.001,0.267722,2,-0.497908,0.277247,1.70335,-24454.7
2.001,0.267722,2,-0.497908,0.277247,1.70635,-25216.6
2.001,0.267722,2,-0.497908,0.277247,1.70935,-24232.2
2.001,0.267722,2,-0.497908,0.277247,1.71236,-30829.4
2.001,0.267722,2,-0.497908,0.277247,1.71536,-28009.8
2.001,0.267722,2,-0.497908,0.277247,1.71836,-25569.1
2.001,0.267722,2,-0.497908,0.277247,1.72136,-29538.2
2.001,0.267722,2,-0.497908,0.277247,1.72436,-25798.3
2.001,0.267722,2,-0.497908,0.277247,1.72736,-24228.1
2.001,0.267722,2,-0.497908,0.277247,1.73037,-24237.3
2.001,0.267722,2,-0.497908,0.277247,1.73337,-25461.9
2.001,0.267722,2,-0.497908,0.277247,1.73637,-29247.3
2.001,0.267722,2,-0.497908,0.277247,1.73937,-25376.7
2.001,0.267722,2,-0.497908,0.277247,1.74237,-26983.6
2.001,0.267722,2,-0.497908,0.277247,1.74537,-24037.8
2.001,0.267722,2,-0.497908,0.277247,1.74837,-30172.2
2.001,0.267722,2,-0.497908,0.277247,1.75138,-28609.1
2.001,0.267722,2,-0.497908,0.277247,1.75438,-26417.9
2.001,0.267722,2,-0.497908,0.277247,1.75738,-25230.6
2.001,0.267722,2,-0.497908,0.277247,1.76038,-24422.4
2.001,0.267722,2,-0.497908,0.277247,1.76338,-24103.7
2.001,0.267722,2,-0.497908,0.277247,1.76638,-26585.3
2.001,0.267722,2,-0.497908,0.277247,1.76938,-26686.6
2.001,0.267722,2,-0.497908,0.277247,1.77239,-27970.6
2.001,0.267722,2,-0.497908,0.277247,1.77539,-24391.8
2.001,0.267722,2,-0.497908,0.277247,1.77839,-28337.1
2.001,0.267722,2,-0.497908,0.277247,1.78139,-24730.7
2.001,0.267722,2,-0.497908,0.277247,1.78439,-29314.6
2.001,0.267722,2,-0.497908,0.277247,1.78739,-24454.3
2.001,0.267722,2,-0.497908,0.277247,1.7904,-24171.5
2.001,0.267722,2,-0.497908,0.277247,1.7934,-30829.9
2.001,0.267722,2,-0.497908,0.277247,1.7964,-28452.2
2.001,0.267722,2,-0.497908,0.277247,1.7994,-25891.4
2.001,0.267722,2,-0.497908,0.277247,1.8024,-23739
2.001,0.267722,2,-0.497908,0.277247,1.8054,-26931.6
2.001,0.267722,2,-0.497908,0.277247,1.8084,-25569.9
2.001,0.267722,2,-0.497908,0.277247,1.81141,-24136.7
2.001,0.267722,2,-0.497908,0.277247,1.81441,-23496.8
2.001,0.267722,2,-0.497908,0.277247,1.81741,-24162.1
2.001,0.267722,2,-0.497908,0.277247,1.82041,-23811.2
2.001,0.267722,2,-0.497908,0.277247,1.82341,-25188.5
2.001,0.267722,2,-0.497908,0.277247,1.82641,-24966.1
2.001,0.267722,2,-0.497908,0.277247,1.82941,-23523.2
2.001,0.267722,2,-0.497908,0.277247,1.83242,-24130.5
2.001,0.267722,2,-0.497908,0.277247,1.83542,-26842.6
2.001,0.267722,2,-0.497908,0.277247,1.83842,-26898.4
2.001,0.267722,2,-0.497908,0.277247,1.84142,-25467.5
2.001,0.267722,2,-0.497908,0.277247,1.84442,-26452.5
2.001,0.267722,2,-0.497908,0.277247,1.84742,-30610.9
2.001,0.267722,2,-0.497908,0.277247,1.85043,-25678.2
2.001,0.267722,2,-0.497908,0.277247,1.85343,-25002.6
2.001,0.267722,2,-0.497908,0.277247,1.85643,-23356.8
2.001,0.267722,2,-0.497908,0.277247,1.85943,-23214.2
2.001,0.267722,2,-0.497908,0.277247,1.86243,-26013.5
2.001,0.267722,2,-0.497908,0.277247,1.86543,-27978.2
2.001,0.267722,2,-0.497908,0.277247,1.86843,-23831.4
2.001,0.267722,2,-0.497908,0.277247,1.87144,-27076.6
2.001,0.267722,2,-0.497908,0.277247,1.87444,-26839
2.001,0.267722,2,-0.497908,0.277247,1.87744,-29371.4
2.001,0.267722,2,-0.497908,0.277247,1.88044,-24182.2
2.001,0.267722,2,-0.497908,0.277247,1.88344,-27078.3
2.001,0.267722,2,-0.497908,0.277247,1.88644,-26079
2.001,0.267722,2,-0.497908,0.277247,1.88944,-26006.2
2.001,0.267722,2,-0.497908,0.277247,1.89245,-29665.7
2.001,0.267722,2,-0.497908,0.277247,1.89545,-27391
2.001,0.267722,2,-0.497908,0.277247,1.89845,-24604.6
2.001,0.267722,2,-0.497908,0.277247,1.90145,-25277.9
2.001,0.267722,2,-0.497908,0.277247,1.90445,-25002.1
2.001,0.267722,2,-0.497908,0.277247,1.90745,-26314.6
2.001,0.267722,2,-0.497908,0.277247,1.91046,-29219
2.001,0.267722,2,-0.497908,0.277247,1.91346,-23594.3
2.001,0.267722,2,-0.497908,0.277247,1.91646,-26863.1
2.001,0.267722,2,-0.497908,0.277247,1.91946,-25212.9
2.001,0.267722,2,-0.497908,0.277247,1.92246,-23312.7
2.001,0.267722,2,-0.497908,0.277247,1.92546,-28358.2
2.001,0.267722,2,-0.497908,0.277247,1.92846,-23637.9
2.001,0.267722,2,-0.497908,0.277247,1.93147,-23628.9
2.001,0.267722,2,-0.497908,0.277247,1.93447,-22828
2.001,0.267722,2,-0.497908,0.277247,1.93747,-23196.9
2.001,0.267722,2,-0.497908,0.277247,1.94047,-28142.3
2.001,0.267722,2,-0.497908,0.277247,1.94347,-28075.8
2.001,0.267722,2,-0.497908,0.277247,1.94647,-23332.7
2.001,0.267722,2,-0.497908,0.277247,1.94947,-25230
2.001,0.267722,2,-0.497908,0.277247,1.95248,-23501.9
2.001,0.267722,2,-0.497908,0.277247,1.95548,-23440.9
2.001,0.267722,2,-0.497908,0.277247,1.95848,-22572.8
2.001,0.267722,2,-0.497908,0.277247,1.96148,-28223.6
2.001,0.267722,2,-0.497908,0.277247,1.96448,-23312.7
2.001,0.267722,2,-0.497908,0.277247,1.96748,-21921.9
2.001,0.267722,2,-0.497908,0.277247,1.97049,-22108.9
2.001,0.267722,2,-0.497908,0.277247,1.97349,-23407.9
2.001,0.267722,2,-0.497908,0.277247,1.97649,-21734.4
2.001,0.267722,2,-0.497908,0.277247,1.97949,-23865.8
2.001,0.267722,2,-0.497908,0.277247,1.98249,-21330.5
2.001,0.267722,2,-0.497908,0.277247,1.98549,-24948.5
2.001,0.267722,2,-0.497908,0.277247,1.98849,-22212.3
2.001,0.267722,2,-0.497908,0.277247,1.9915,-23187.5
2.001,0.267722,2,-0.497908,0.277247,1.9945,-20896.6
2.001,0.267722,2,-0.497908,0.277247,1.9975,-19919.2
2.001,0.267722,2,-0.497908,0.277247,2.0005,-16814.7
2.001,0.267722,2,-0.497908,0.277247,2.0035,22754.2
2.001,0.267722,2,-0.497908,0.277247,2.0065,19537.9
2.001,0.267722,2,-0.497908,0.277247,2.0095,19524.8
2.001,0.267722,2,-0.497908,0.277247,2.01251,21379.2
2.001,0.267722,2,-0.497908,0.277247,2.01551,24074.8
2.001,0.267722,2,-0.497908,0.277247,2.01851,22354.7
2.001,0.267722,2,-0.497908,0.277247,2.02151,21606.1
2.001,0.267722,2,-0.497908,0.277247,2.02451,22066.5
2.001,0.267722,2,-0.497908,0.277247,2.02751,27246.2
2.001,0.267722,2,-0.497908,0.277247,2.03052,25870.1
2.001,0.267722,2,-0.497908,0.277247,2.03352,21697.8
2.001,0.267722,2,-0.497908,0.277247,2.03652,27152.9
2.001,0.267722,2,-0.497908,0.277247,2.03952,24680.1
2.001,0.267722,2,-0.497908,0.277247,2.04252,23729
2.001,0.267722,2,-0.497908,0.277247,2.04552,23030.1
2.001,0.267722,2,-0.497908,0.277247,2.04852,25454.8
2.001,0.267722,2,-0.497908,0.277247,2.05153,25029.8
2.001,0.267722,2,-0.497908,0.277247,2.05453,25362.1
2.001,0.267722,2,-0.497908,0.277247,2.05753,29063.8
2.001,0.267722,2,-0.497908,0.277247,2.06053,26813.9
2.001,0.267722,2,-0.497908,0.277247,2.06353,25920
2.001,0.267722,2,-0.497908,0.277247,2.06653,27521
2.001,0.267722,2,-0.497908,0.277247,2.06953,25351.9
2.001,0.267722,2,-0.497908,0.277247,2.07254,28570.5
2.001,0.267722,2,-0.497908,0.277247,2.07554,23937
2.001,0.267722,2,-0.497908,0.277247,2.07854,25273.5
2.001,0.267722,2,-0.497908,0.277247,2.08154,23327
2.001,0.267722,2,-0.497908,0.277247,2.08454,25682.3
2.001,0.267722,2,-0.497908,0.277247,2.08754,24404.6
2.001,0.267722,2,-0.497908,0.277247,2.09055,24663.6
2.001,0.267722,2,-0.497908,0.277247,2.09355,25111.1
2.001,0.267722,2,-0.497908,0.277247,2.09655,26684.6
2.001,0.267722,2,-0.497908,0.277247,2.09955,26907.2
2.001,0.267722,2,-0.497908,0.277247,2.10255,24642
2.001,0.267722,2,-0.497908,0.277247,2.10555,29339.1
2.001,0.267722,2,-0.497908,0.277247,2.10855,27325.6
2.001,0.267722,2,-0.497908,0.277247,2.11156,25189.1
2.001,0.267722,2,-0.497908,0.277247,2.11456,25366.3
2.001,0.267722,2,-0.497908,0.277247,2.11756,25764.8
2.001,0.267722,2,-0.497908,0.277247,2.12056,28013.2
2.001,0.267722,2,-0.497908,0.277247,2.12356,25931
2.001,0.267722,2,-0.497908,0.277247,2.12656,31013.9
2.001,0.267722,2,-0.497908,0.277247,2.12956,24417.9
2.001,0.267722,2,-0.497908,0.277247,2.13257,24112.9
2.001,0.267722,2,-0.497908,0.277247,2.13557,24613.1
2.001,0.267722,2,-0.497908,0.277247,2.13857,26926.7
2.001,0.267722,2,-0.497908,0.277247,2.14157,30482.2
2.001,0.267722,2,-0.497908,0.277247,2.14457,24993.3
2.001,0.267722,2,-0.497908,0.277247,2.14757,25059.4
2.001,0.267722,2,-0.497908,0.277247,2.15058,29975.6
2.001,0.267722,2,-0.497908,0.277247,2.15358,26805.3
2.001,0.267722,2,-0.497908,0.277247,2.15658,28543.3
2.001,0.267722,2,-0.497908,0.277247,2.15958,30077.2
2.001,0.267722,2,-0.497908,0.277247,2.16258,25697.2
2.001,0.267722,2,-0.497908,0.277247,2.16558,28753.7
2.001,0.267722,2,-0.497908,0.277247,2.16858,27895.1
2.001,0.267722,2,-0.497908,0.277247,2.17159,27216.1
2.001,0.267722,2,-0.497908,0.277247,2.17459,28161.4
2.001,0.267722,2,-0.497908,0.277247,2.17759,27167.4
2.001,0.267722,2,-0.497908,0.277247,2.18059,28996.5
2.001,0.267722,2,-0.497908,0.277247,2.18359,29850
2.001,0.267722,2,-0.497908,0.277247,2.18659,26552.6
2.001,0.267722,2,-0.497908,0.277247,2.18959,31253.5
2.001,0.267722,2,-0.497908,0.277247,2.1926,26359.6
2.001,0.267722,2,-0.497908,0.277247,2.1956,25278
2.001,0.267722,2,-0.497908,0.277247,2.1986,30444.8
2.001,0.267722,2,-0.497908,0.277247,2.2016,32712.1
2.001,0.267722,2,-0.497908,0.277247,2.2046,26406.5
2.001,0.267722,2,-0.497908,0.277247,2.2076,32148.1
2.001,0.267722,2,-0.497908,0.277247,2.21061,32908.7
2.001,0.267722,2,-0.497908,0.277247,2.21361,25832.4
2.001,0.267722,2,-0.497908,0.277247,2.21661,27562.9
2.001,0.267722,2,-0.497908,0.277247,2.21961,26812.3
2.001,0.267722,2,-0.497908,0.277247,2.22261,32428.9
2.001,0.267722,2,-0.497908,0.277247,2.22561,25533.6
2.001,0.267722,2,-0.497908,0.277247,2.22861,26449.9
2.001,0.267722,2,-0.497908,0.277247,2.23162,30785.3
2.001,0.267722,2,-0.497908,0.277247,2.23462,27094.1
2.001,0.267722,2,-0.497908,0.277247,2.23762,26262.8
2.001,0.267722,2,-0.497908,0.277247,2.24062,32394.5
2.001,0.267722,2,-0.497908,0.277247,2.24362,31841.7
2.001,0.267722,2,-0.497908,0.277247,2.24662,28322.8
2.001,0.267722,2,-0.497908,0.277247,2.24962,26538
2.001,0.267722,2,-0.497908,0.277247,2.25263,28590.3
2.001,0.267722,2,-0.497908,0.277247,2.25563,26289.7
2.001,0.267722,2,-0.497908,0.277247,2.25863,30976.6
2.001,0.267722,2,-0.497908,0.277247,2.26163,28645.3
2.001,0.267722,2,-0.497908,0.277247,2.26463,26453.6
2.001,0.267722,2,-0.497908,0.277247,2.26763,32440.8
2.001,0.267722,2,-0.497908,0.277247,2.27064,27179.3
2.001,0.267722,2,-0.497908,0.277247,2.27364,31400.1
2.001,0.267722,2,-0.497908,0.277247,2.27664,29211.9
2.001,0.267722,2,-0.497908,0.277247,2.27964,27013.9
2.001,0.267722,2,-0.497908,0.277247,2.28264,33210.4
2.001,0.267722,2,-0.497908,0.277247,2.28564,26293.7
2.001,0.267722,2,-0.497908,0.277247,2.28864,27589.3
2.001,0.267722,2,-0.497908,0.277247,2.29165,30677.6
2.001,0.267722,2,-0.497908,0.277247,2.29465,31240.7
2.001,0.267722,2,-0.497908,0.277247,2.29765,27992.4
2.001,0.267722,2,-0.497908,0.277247,2.30065,31366.3
2.001,0.267722,2,-0.497908,0.277247,2.30365,29385.8
2.001,0.267722,2,-0.497908,0.277247,2.30665,33433.6
2.001,0.267722,2,-0.497908,0.277247,2.30965,33591
2.001,0.267722,2,-0.497908,0.277247,2.31266,26421.6
2.001,0.267722,2,-0.497908,0.277247,2.31566,27582.4
2.001,0.267722,2,-0.497908,0.277247,2.31866,32846.1
2.001,0.267722,2,-0.497908,0.277247,2.32166,30408.8
2.001,0.267722,2,-0.497908,0.277247,2.32466,33733.3
2.001,0.267722,2,-0.497908,0.277247,2.32766,30260
2.001,0.267722,2,-0.497908,0.277247,2.33067,28160.4
2.001,0.267722,2,-0.497908,0.277247,2.33367,31876.3
2.001,0.267722,2,-0.497908,0.277247,2.33667,30623.6
2.001,0.267722,2,-0.497908,0.277247,2.33967,27309.6
2.001,0.267722,2,-0.497908,0.277247,2.34267,28581.4
2.001,0.267722,2,-0.497908,0.277247,2.34567,30326.2
2.001,0.267722,2,-0.497908,0.277247,2.34867,33201.8
2.001,0.267722,2,-0.497908,0.277247,2.35168,27641.2
2.001,0.267722,2,-0.497908,0.277247,2.35468,33688.9
2.001,0.267722,2,-0.497908,0.277247,2.35768,27579.6
2.001,0.267722,2,-0.497908,0.277247,2.36068,33175.6
2.001,0.267722,2,-0.497908,0.277247,2.36368,31019.9
2.001,0.267722,2,-0.497908,0.277247,2.36668,31356.1
2.001,0.267722,2,-0.497908,0.277247,2.36968,33260.9
2.001,0.267722,2,-0.497908,0.277247,2.37269,28438.2
2.001,0.267722,2,-0.497908,0.277247,2.37569,35228.2
2.001,0.267722,2,-0.497908,0.277247,2.37869,33887.1
2.001,0.267722,2,-0.497908,0.277247,2.38169,31154.9
2.001,0.267722,2,-0.497908,0.277247,2.38469,27596.3
2.001,0.267722,2,-0.497908,0.277247,2.38769,29116.8
2.001,0.267722,2,-0.497908,0.277247,2.3907,32636.3
2.001,0.267722,2,-0.497908,0.277247,2.3937,30079.4
2.001,0.267722,2,-0.497908,0.277247,2.3967,27604.1
2.001,0.267722,2,-0.497908,0.277247,2.3997,31604.1
2.001,0.267722,2,-0.497908,0.277247,2.4027,32453
2.001,0.267722,2,-0.497908,0.277247,2.4057,30486.2
2.001,0.267722,2,-0.497908,0.277247,2.4087,32057.5
2.001,0.267722,2,-0.497908,0.277247,2.41171,28483.4
2.001,0.267722,2,-0.497908,0.277247,2.41471,31879
2.001,0.267722,2,-0.497908,0.277247,2.41771,35339.4
2.001,0.267722,2,-0.497908,0.277247,2.42071,32235.5
2.001,0.267722,2,-0.497908,0.277247,2.42371,35263
2.001,0.267722,2,-0.497908,0.277247,2.42671,35387.6
2.001,0.267722,2,-0.497908,0.277247,2.42971,34425.6
2.001,0.267722,2,-0.497908,0.277247,2.43272,28802.8
2.001,0.267722,2,-0.497908,0.277247,2.43572,32796.7
2.001,0.267722,2,-0.497908,0.277247,2.43872,31481.3
2.001,0.267722,2,-0.497908,0.277247,2.44172,33158.3
2.001,0.267722,2,-0.497908,0.277247,2.44472,28885.3
2.001,0.267722,2,-0.497908,0.277247,2.44772,33708.2
2.001,0.267722,2,-0.497908,0.277247,2.45073,28708.9
2.001,0.267722,2,-0.497908,0.277247,2.45373,32589.8
2.001,0.267722,2,-0.497908,0.277247,2.45673,31302.4
2.001,0.267722,2,-0.497908,0.277247,2.45973,34491.6
2.001,0.267722,2,-0.497908,0.277247,2.46273,29449
2.001,0.267722,2,-0.497908,0.277247,2.46573,30032.3
2.001,0.267722,2,-0.497908,0.277247,2.46873,33828.7
2.001,0.267722,2,-0.497908,0.277247,2.47174,34986.3
2.001,0.267722,2,-0.497908,0.277247,2.47474,32096.1
2.001,0.267722,2,-0.497908,0.277247,2.47774,33827.9
2.001,0.267722,2,-0.497908,0.277247,2.48074,30083.4
2.001,0.267722,2,-0.497908,0.277247,2.48374,32219.6
2.001,0.267722,2,-0.497908,0.277247,2.48674,33636.5
2.001,0.267722,2,-0.497908,0.277247,2.48974,31460.5
2.001,0.267722,2,-0.497908,0.277247,2.49275,28983
2.001,0.267722,2,-0.497908,0.277247,2.49575,33491
2.001,0.267722,2,-0.497908,0.277247,2.49875,28787.1
2.001,0.267722,2,-0.497908,0.277247,2.50175,31702.4
2.001,0.267722,2,-0.497908,0.277247,2.50475,28644.2
2.001,0.267722,2,-0.497908,0.277247,2.50775,32084.8
2.001,0.267722,2,-0.497908,0.277247,2.51076,29575.9
2.001,0.267722,2,-0.497908,0.277247,2.51376,32614
2.001,0.267722,2,-0.497908,0.277247,2.51676,31786.5
2.001,0.267722,2,-0.497908,0.277247,2.51976,33279.1
2.001,0.267722,2,-0.497908,0.277247,2.52276,34088
2.001,0.267722,2,-0.497908,0.277247,2.52576,35503.2
2.001,0.267722,2,-0.497908,0.277247,2.52876,35581.8
2.001,0.267722,2,-0.497908,0.277247,2.53177,35171
2.001,0.267722,2,-0.497908,0.277247,2.53477,34591.3
2.001,0.267722,2,-0.497908,0.277247,2.53777,35537.1
2.001,0.267722,2,-0.497908,0.277247,2.54077,32938.2
2.001,0.267722,2,-0.497908,0.277247,2.54377,28607.9
2.001,0.267722,2,-0.497908,0.277247,2.54677,30087.6
2.001,0.267722,2,-0.497908,0.277247,2.54977,29431.2
2.001,0.267722,2,-0.497908,0.277247,2.55278,28770.1
2.001,0.267722,2,-0.497908,0.277247,2.55578,32471
2.001,0.267722,2,-0.497908,0.277247,2.55878,33654.6
2.001,0.267722,2,-0.497908,0.277247,2.56178,35214.1
2.001,0.267722,2,-0.497908,0.277247,2.56478,32608.3
2.001,0.267722,2,-0.497908,0.277247,2.56778,34671.7
2.001,0.267722,2,-0.497908,0.277247,2.57079,31011.1
2.001,0.267722,2,-0.497908,0.277247,2.57379,30858.9
2.001,0.267722,2,-0.497908,0.277247,2.57679,33245.8
2.001,0.267722,2,-0.497908,0.277247,2.57979,33705.8
2.001,0.267722,2,-0.497908,0.277247,2.58279,30439.8
2.001,0.267722,2,-0.497908,0.277247,2.58579,31665.6
2.001,0.267722,2,-0.497908,0.277247,2.58879,29354
2.001,0.267722,2,-0.497908,0.277247,2.5918,33272.4
2.001,0.267722,2,-0.497908,0.277247,2.5948,34668.7
2.001,0.267722,2,-0.497908,0.277247,2.5978,37127.6
2.001,0.267722,2,-0.497908,0.277247,2.6008,31770.8
2.001,0.267722,2,-0.497908,0.277247,2.6038,35586.6
2.001,0.267722,2,-0.497908,0.277247,2.6068,32603.1
2.001,0.267722,2,-0.497908,0.277247,2.6098,36856.8
2.001,0.267722,2,-0.497908,0.277247,2.61281,35905.1
2.001,0.267722,2,-0.497908,0.277247,2.61581,30386
2.001,0.267722,2,-0.497908,0.277247,2.61881,35134.5
2.001,0.267722,2,-0.497908,0.277247,2.62181,29829.2
2.001,0.267722,2,-0.497908,0.277247,2.62481,35963.9
2.001,0.267722,2,-0.497908,0.277247,2.62781,33126.3
2.001,0.267722,2,-0.497908,0.277247,2.63082,37558.8
2.001,0.267722,2,-0.497908,0.277247,2.63382,36627.7
2.001,0.267722,2,-0.497908,0.277247,2.63682,31161.4
2.001,0.267722,2,-0.497908,0.277247,2.63982,37974.1
2.001,0.267722,2,-0.497908,0.277247,2.64282,35749.9
2.001,0.267722,2,-0.497908,0.277247,2.64582,30624.4
2.001,0.267722,2,-0.497908,0.277247,2.64882,31591.7
2.001,0.267722,2,-0.497908,0.277247,2.65183,33981.9
2.001,0.267722,2,-0.497908,0.277247,2.65483,30610.2
2.001,0.267722,2,-0.497908,0.277247,2.65783,33581.6
2.001,0.267722,2,-0.497908,0.277247,2.66083,31802.9
2.001,0.267722,2,-0.497908,0.277247,2.66383,32027.8
2.001,0.267722,2,-0.497908,0.277247,2.66683,29682.4
2.001,0.267722,2,-0.497908,0.277247,2.66983,31803.9
2.001,0.267722,2,-0.497908,0.277247,2.67284,34521.9
2.001,0.267722,2,-0.497908,0.277247,2.67584,31624.6
2.001,0.267722,2,-0.497908,0.277247,2.67884,32349
2.001,0.267722,2,-0.497908,0.277247,2.68184,32703.3
2.001,0.267722,2,-0.497908,0.277247,2.68484,35830.5
2.001,0.267722,2,-0.497908,0.277247,2.68784,30175.4
2.001,0.267722,2,-0.497908,0.277247,2.69085,30731.3
2.001,0.267722,2,-0.497908,0.277247,2.69385,35714.7
2.001,0.267722,2,-0.497908,0.277247,2.69685,36812.2
2.001,0.267722,2,-0.497908,0.277247,2.69985,30699.1
2.001,0.267722,2,-0.497908,0.277247,2.70285,29853.7
2.001,0.267722,2,-0.497908,0.277247,2.70585,37171.6
2.001,0.267722,2,-0.497908,0.277247,2.70885,35140.6
2.001,0.267722,2,-0.497908,0.277247,2.71186,37242.7
2.001,0.267722,2,-0.497908,0.277247,2.71486,38686
2.001,0.267722,2,-0.497908,0.277247,2.71786,30463.1
2.001,0.267722,2,-0.497908,0.277247,2.72086,30528.5
2.001,0.267722,2,-0.497908,0.277247,2.72386,30845.6
2.001,0.267722,2,-0.497908,0.277247,2.72686,36972
2.001,0.267722,2,-0.497908,0.277247,2.72986,34051
2.001,0.267722,2,-0.497908,0.277247,2.73287,33156.3
2.001,0.267722,2,-0.497908,0.277247,2.73587,31897.7
2.001,0.267722,2,-0.497908,0.277247,2.73887,38350
2.001,0.267722,2,-0.497908,0.277247,2.74187,37854.3
2.001,0.267722,2,-0.497908,0.277247,2.74487,31969.4
2.001,0.267722,2,-0.497908,0.277247,2.74787,35140.6
2.001,0.267722,2,-0.497908,0.277247,2.75088,37973.5
2.001,0.267722,2,-0.497908,0.277247,2.75388,31541.3
2.001,0.267722,2,-0.497908,0.277247,2.75688,33468.4
2.001,0.267722,2,-0.497908,0.277247,2.75988,34181.9
2.001,0.267722,2,-0.497908,0.277247,2.76288,31716.8
2.001,0.267722,2,-0.497908,0.277247,2.76588,31174
2.001,0.267722,2,-0.497908,0.277247,2.76888,36559.1
2.001,0.267722,2,-0.497908,0.277247,2.77189,32481.6
2.001,0.267722,2,-0.497908,0.277247,2.77489,32136.4
2.001,0.267722,2,-0.497908,0.277247,2.77789,37298
2.001,0.267722,2,-0.497908,0.277247,2.78089,32321.2
2.001,0.267722,2,-0.497908,0.277247,2.78389,38261.9
2.001,0.267722,2,-0.497908,0.277247,2.78689,31311
2.001,0.267722,2,-0.497908,0.277247,2.78989,38105.2
2.001,0.267722,2,-0.497908,0.277247,2.7929,33576.8
2.001,0.267722,2,-0.497908,0.277247,2.7959,32437.1
2.001,0.267722,2,-0.497908,0.277247,2.7989,38966.7
2.001,0.267722,2,-0.497908,0.277247,2.8019,31135.6
2.001,0.267722,2,-0.497908,0.277247,2.8049,31370.5
2.001,0.267722,2,-0.497908,0.277247,2.8079,38769.7
2.001,0.267722,2,-0.497908,0.277247,2.81091,34623.5
2.001,0.267722,2,-0.497908,0.277247,2.81391,30860.4
2.001,0.267722,2,-0.497908,0.277247,2.81691,33284.2
2.001,0.267722,2,-0.497908,0.277247,2.81991,31852.7
2.001,0.267722,2,-0.497908,0.277247,2.82291,36176.4
2.001,0.267722,2,-0.497908,0.277247,2.82591,33885.4
2.001,0.267722,2,-0.497908,0.277247,2.82891,35800.9
2.001,0.267722,2,-0.497908,0.277247,2.83192,33440.3
2.001,0.267722,2,-0.497908,0.277247,2.83492,37724.8
2.001,0.267722,2,-0.497908,0.277247,2.83792,36410.1
2.001,0.267722,2,-0.497908,0.277247,2.84092,33304.7
2.001,0.267722,2,-0.497908,0.277247,2.84392,32800.5
2.001,0.267722,2,-0.497908,0.277247,2.84692,30984.3
2.001,0.267722,2,-0.497908,0.277247,2.84992,31734.8
2.001,0.267722,2,-0.497908,0.277247,2.85293,37994.5
2.001,0.267722,2,-0.497908,0.277247,2.85593,35416.7
2.001,0.267722,2,-0.497908,0.277247,2.85893,38838.9
2.001,0.267722,2,-0.497908,0.277247,2.86193,37647.5
2.001,0.267722,2,-0.497908,0.277247,2.86493,34293.9
2.001,0.267722,2,-0.497908,0.277247,2.86793,31832.4
2.001,0.267722,2,-0.497908,0.277247,2.87094,33498.9
2.001,0.267722,2,-0.497908,0.277247,2.87394,33886.2
2.001,0.267722,2,-0.497908,0.277247,2.87694,33152.4
2.001,0.267722,2,-0.497908,0.277247,2.87994,34558.7
2.001,0.267722,2,-0.497908,0.277247,2.88294,34719.1
2.001,0.267722,2,-0.497908,0.277247,2.88594,35064.5
2.001,0.267722,2,-0.497908,0.277247,2.88894,34690.1
2.001,0.267722,2,-0.497908,0.277247,2.89195,32430.7
2.001,0.267722,2,-0.497908,0.277247,2.89495,31291.8
2.001,0.267722,2,-0.497908,0.277247,2.89795,32581.6
2.001,0.267722,2,-0.497908,0.277247,2.90095,39882.8
2.001,0.267722,2,-0.497908,0.277247,2.90395,31507.1
2.001,0.267722,2,-0.497908,0.277247,2.90695,33840.6
2.001,0.267722,2,-0.497908,0.277247,2.90995,31359.4
2.001,0.267722,2,-0.497908,0.277247,2.91296,33958.6
2.001,0.267722,2,-0.497908,0.277247,2.91596,32015.9
2.001,0.267722,2,-0.497908,0.277247,2.91896,34496.4
2.001,0.267722,2,-0.497908,0.277247,2.92196,34691
2.001,0.267722,2,-0.497908,0.277247,2.92496,34763.6
2.001,0.267722,2,-0.497908,0.277247,2.92796,31694.9
2.001,0.267722,2,-0.497908,0.277247,2.93097,33627.8
2.001,0.267722,2,-0.497908,0.277247,2.93397,38670.5
2.001,0.267722,2,-0.497908,0.277247,2.93697,39201.6
2.001,0.267722,2,-0.497908,0.277247,2.93997,32933.8
2.001,0.267722,2,-0.497908,0.277247,2.94297,33768.2
2.001,0.267722,2,-0.497908,0.277247,2.94597,32743.6
2.001,0.267722,2,-0.497908,0.277247,2.94897,31697.3
2.001,0.267722,2,-0.497908,0.277247,2.95198,36047.4
2.001,0.267722,2,-0.497908,0.277247,2.95498,37972.6
2.001,0.267722,2,-0.497908,0.277247,2.95798,39636.5
2.001,0.267722,2,-0.497908,0.277247,2.96098,35616.6
2.001,0.267722,2,-0.497908,0.277247,2.96398,34787.3
2.001,0.267722,2,-0.497908,0.277247,2.96698,35866.5
2.001,0.267722,2,-0.497908,0.277247,2.96998,34659.2
2.001,0.267722,2,-0.497908,0.277247,2.97299,33856.2
2.001,0.267722,2,-0.497908,0.277247,2.97599,35895.2
2.001,0.267722,2,-0.497908,0.277247,2.97899,37750.1
2.001,0.267722,2,-0.497908,0.277247,2.98199,32313.2
2.001,0.267722,2,-0.497908,0.277247,2.98499,36743.4
2.001,0.267722,2,-0.497908,0.277247,2.98799,34469.2
2.001,0.267722,2,-0.497908,0.277247,2.991,37315.4
2.001,0.267722,2,-0.497908,0.277247,2.994,32971.1
2.001,0.267722,2,-0.497908,0.277247,2.997,38480.1
2.001,0.267722,2,-0.497908,0.277247,3,33460.5

