2.2,0.001937,2,-0.000170848,0.00219501,-3,1.21959e+06
2.2,0.001937,2,-0.000170848,0.00219501,-2.997,1.31578e+06
2.2,0.001937,2,-0.000170848,0.00219501,-2.994,1.00447e+06
2.2,0.001937,2,-0.000170848,0.00219501,-2.991,1.08156e+06
2.2,0.001937,2,-0.000170848,0.00219501,-2.98799,1.03264e+06
2.2,0.001937,2,-0.000170848,0.00219501,-2.98499,1.05477e+06
2.2,0.001937,2,-0.000170848,0.00219501,-2.98199,1.15816e+06
2.2,0.001937,2,-0.000170848,0.00219501,-2.97899,1.25842e+06
2.2,0.001937,2,-0.000170848,0.00219501,-2.97599,1.23615e+06
2.2,0.001937,2,-0.000170848,0.00219501,-2.97299,1.04787e+06
2.2,0.001937,2,-0.000170848,0.00219501,-2.96998,1.09585e+06
2.2,0.001937,2,-0.000170848,0.00219501,-2.96698,1.10235e+06
2.2,0.001937,2,-0.000170848,0.00219501,-2.96398,1.0224e+06
2.2,0.001937,2,-0.000170848,0.00219501,-2.96098,1.03367e+06
2.2,0.001937,2,-0.000170848,0.00219501,-2.95798,1.15505e+06
2.2,0.001937,2,-0.000170848,0.00219501,-2.95498,1.00505e+06
2.2,0.001937,2,-0.000170848,0.00219501,-2.95198,1.10265e+06
2.2,0.001937,2,-0.000170848,0.00219501,-2.94897,1.25079e+06
2.2,0.001937,2,-0.000170848,0.00219501,-2.94597,1.01056e+06
2.2,0.001937,2,-0.000170848,0.00219501,-2.94297,1.19787e+06
2.2,0.001937,2,-0.000170848,0.00219501,-2.93997,1.07134e+06
2.2,0.001937,2,-0.000170848,0.00219501,-2.93697,1.06258e+06
2.2,0.001937,2,-0.000170848,0.00219501,-2.93397,1.02659e+06
2.2,0.001937,2,-0.000170848,0.00219501,-2.93097,1.24195e+06
2.2,0.001937,2,-0.000170848,0.00219501,-2.92796,1.31088e+06
2.2,0.001937,2,-0.000170848,0.00219501,-2.92496,1.02656e+06
2.2,0.001937,2,-0.000170848,0.00219501,-2.92196,1.05232e+06
2.2,0.001937,2,-0.000170848,0.00219501,-2.91896,1.02149e+06
2.2,0.001937,2,-0.000170848,0.00219501,-2.91596,1.03442e+06
2.2,0.001937,2,-0.000170848,0.00219501,-2.91296,1.22834e+06
2.2,0.001937,2,-0.000170848,0.00219501,-2.90995,1.14399e+06
2.2,0.001937,2,-0.000170848,0.00219501,-2.90695,1.01476e+06
2.2,0.001937,2,-0.000170848,0.00219501,-2.90395,1.00439e+06
2.2,0.001937,2,-0.000170848,0.00219501,-2.90095,1.12336e+06
2.2,0.001937,2,-0.000170848,0.00219501,-2.89795,1.07874e+06
2.2,0.001937,2,-0.000170848,0.00219501,-2.89495,1.22131e+06
2.2,0.001937,2,-0.000170848,0.00219501,-2.89195,1.06943e+06
2.2,0.001937,2,-0.000170848,0.00219501,-2.88894,1.11916e+06
2.2,0.001937,2,-0.000170848,0.00219501,-2.88594,1.05751e+06
2.2,0.001937,2,-0.000170848,0.00219501,-2.88294,1.09042e+06
2.2,0.001937,2,-0.000170848,0.00219501,-2.87994,1.07365e+06
2.2,0.001937,2,-0.000170848,0.00219501,-2.87694,1.06762e+06
2.2,0.001937,2,-0.000170848,0.00219501,-2.87394,1.12772e+06
2.2,0.001937,2,-0.000170848,0.00219501,-2.87094,1.31164e+06
2.2,0.001937,2,-0.000170848,0.00219501,-2.86793,1.11661e+06
2.2,0.001937,2,-0.000170848,0.00219501,-2.86493,1.10931e+06
2.2,0.001937,2,-0.000170848,0.00219501,-2.86193,1.21264e+06
2.2,0.001937,2,-0.000170848,0.00219501,-2.85893,1.08019e+06
2.2,0.001937,2,-0.000170848,0.00219501,-2.85593,1.10114e+06
2.2,0.001937,2,-0.000170848,0.00219501,-2.85293,1.27419e+06
2.2,0.001937,2,-0.000170848,0.00219501,-2.84992,1.06429e+06
2.2,0.001937,2,-0.000170848,0.00219501,-2.84692,1.17583e+06
2.2,0.001937,2,-0.000170848,0.00219501,-2.84392,985019
2.2,0.001937,2,-0.000170848,0.00219501,-2.84092,962488
2.2,0.001937,2,-0.000170848,0.00219501,-2.83792,964235
2.2,0.001937,2,-0.000170848,0.00219501,-2.83492,1.11635e+06
2.2,0.001937,2,-0.000170848,0.00219501,-2.83192,917965
2.2,0.001937,2,-0.000170848,0.00219501,-2.82891,1.00177e+06
2.2,0.001937,2,-0.000170848,0.00219501,-2.82591,843970
2.2,0.001937,2,-0.000170848,0.00219501,-2.82291,800522
2.2,0.001937,2,-0.000170848,0.00219501,-2.81991,863723
2.2,0.001937,2,-0.000170848,0.00219501,-2.81691,762520
2.2,0.001937,2,-0.000170848,0.00219501,-2.81391,663991
2.2,0.001937,2,-0.000170848,0.00219501,-2.81091,576859
2.2,0.001937,2,-0.000170848,0.00219501,-2.8079,-1.09493e+06
2.2,0.001937,2,-0.000170848,0.00219501,-2.8049,-1.01141e+06
2.2,0.001937,2,-0.000170848,0.00219501,-2.8019,-1.0811e+06
2.2,0.001937,2,-0.000170848,0.00219501,-2.7989,-1.11813e+06
2.2,0.001937,2,-0.000170848,0.00219501,-2.7959,-1.08893e+06
2.2,0.001937,2,-0.000170848,0.00219501,-2.7929,-1.20233e+06
2.2,0.001937,2,-0.000170848,0.00219501,-2.78989,-1.14912e+06
2.2,0.001937,2,-0.000170848,0.00219501,-2.78689,-1.17447e+06
2.2,0.001937,2,-0.000170848,0.00219501,-2.78389,-1.14895e+06
2.2,0.001937,2,-0.000170848,0.00219501,-2.78089,-1.10579e+06
2.2,0.001937,2,-0.000170848,0.00219501,-2.77789,-1.09506e+06
2.2,0.001937,2,-0.000170848,0.00219501,-2.77489,-1.19264e+06
2.2,0.001937,2,-0.000170848,0.00219501,-2.77189,-1.08019e+06
2.2,0.001937,2,-0.000170848,0.00219501,-2.76888,-1.0574e+06
2.2,0.001937,2,-0.000170848,0.00219501,-2.76588,-1.19203e+06
2.2,0.001937,2,-0.000170848,0.00219501,-2.76288,-1.05376e+06
2.2,0.001937,2,-0.000170848,0.00219501,-2.75988,-1.01391e+06
2.2,0.001937,2,-0.000170848,0.00219501,-2.75688,-1.07183e+06
2.2,0.001937,2,-0.000170848,0.00219501,-2.75388,-1.01117e+06
2.2,0.001937,2,-0.000170848,0.00219501,-2.75088,-1.02591e+06
2.2,0.001937,2,-0.000170848,0.00219501,-2.74787,-1.12383e+06
2.2,0.001937,2,-0.000170848,0.00219501,-2.74487,-1.10806e+06
2.2,0.001937,2,-0.000170848,0.00219501,-2.74187,-1.08222e+06
2.2,0.001937,2,-0.000170848,0.00219501,-2.73887,-1.00728e+06
2.2,0.001937,2,-0.000170848,0.00219501,-2.73587,-1.14301e+06
2.2,0.001937,2,-0.000170848,0.00219501,-2.73287,-1.05838e+06
2.2,0.001937,2,-0.000170848,0.00219501,-2.72986,-1.09289e+06
2.2,0.001937,2,-0.000170848,0.00219501,-2.72686,-1.1008e+06
2.2,0.001937,2,-0.000170848,0.00219501,-2.72386,-1.16293e+06
2.2,0.001937,2,-0.000170848,0.00219501,-2.72086,-1.0337e+06
2.2,0.001937,2,-0.000170848,0.00219501,-2.71786,-1.17706e+06
2.2,0.001937,2,-0.000170848,0.00219501,-2.71486,-1.00103e+06
2.2,0.001937,2,-0.000170848,0.00219501,-2.71186,-1.11244e+06
2.2,0.001937,2,-0.000170848,0.00219501,-2.70885,-1.03502e+06
2.2,0.001937,2,-0.000170848,0.00219501,-2.70585,-1.07565e+06
2.2,0.001937,2,-0.000170848,0.00219501,-2.70285,-1.01383e+06
2.2,0.001937,2,-0.000170848,0.00219501,-2.69985,-1.03885e+06
2.2,0.001937,2,-0.000170848,0.00219501,-2.69685,-1.09948e+06
2.2,0.001937,2,-0.000170848,0.00219501,-2.69385,-1.1258e+06
2.2,0.001937,2,-0.000170848,0.00219501,-2.69085,-1.17197e+06
2.2,0.001937,2,-0.000170848,0.00219501,-2.68784,-1.06948e+06
2.2,0.001937,2,-0.000170848,0.00219501,-2.68484,-1.06998e+06
2.2,0.001937,2,-0.000170848,0.00219501,-2.68184,-1.15321e+06
2.2,0.001937,2,-0.000170848,0.00219501,-2.67884,-1.03468e+06
2.2,0.001937,2,-0.000170848,0.00219501,-2.67584,-1.08092e+06
2.2,0.001937,2,-0.000170848,0.00219501,-2.67284,-1.21243e+06
2.2,0.001937,2,-0.000170848,0.00219501,-2.66983,-1.06223e+06
2.2,0.001937,2,-0.000170848,0.00219501,-2.66683,-1.03459e+06
2.2,0.001937,2,-0.000170848,0.00219501,-2.66383,-1.04124e+06
2.2,0.001937,2,-0.000170848,0.00219501,-2.66083,-1.02709e+06
2.2,0.001937,2,-0.000170848,0.00219501,-2.65783,-1.02387e+06
2.2,0.001937,2,-0.000170848,0.00219501,-2.65483,-1.03487e+06
2.2,0.001937,2,-0.000170848,0.00219501,-2.65183,-1.0112e+06
2.2,0.001937,2,-0.000170848,0.00219501,-2.64882,-1.03543e+06
2.2,0.001937,2,-0.000170848,0.00219501,-2.64582,-1.08527e+06
2.2,0.001937,2,-0.000170848,0.00219501,-2.64282,-1.05976e+06
2.2,0.001937,2,-0.000170848,0.00219501,-2.63982,-1.11116e+06
2.2,0.001937,2,-0.000170848,0.00219501,-2.63682,-1.06547e+06
2.2,0.001937,2,-0.000170848,0.00219501,-2.63382,-1.19041e+06
2.2,0.001937,2,-0.000170848,0.00219501,-2.63082,-1.01729e+06
2.2,0.001937,2,-0.000170848,0.00219501,-2.62781,-1.05973e+06
2.2,0.001937,2,-0.000170848,0.00219501,-2.62481,-1.12597e+06
2.2,0.001937,2,-0.000170848,0.00219501,-2.62181,-1.20276e+06
2.2,0.001937,2,-0.000170848,0.00219501,-2.61881,-1.17268e+06
2.2,0.001937,2,-0.000170848,0.00219501,-2.61581,-1.08166e+06
2.2,0.001937,2,-0.000170848,0.00219501,-2.61281,-1.09935e+06
2.2,0.001937,2,-0.000170848,0.00219501,-2.6098,-1.05613e+06
2.2,0.001937,2,-0.000170848,0.00219501,-2.6068,-1.24092e+06
2.2,0.001937,2,-0.000170848,0.00219501,-2.6038,-1.07563e+06
2.2,0.001937,2,-0.000170848,0.00219501,-2.6008,-1.03915e+06
2.2,0.001937,2,-0.000170848,0.00219501,-2.5978,-1.09034e+06
2.2,0.001937,2,-0.000170848,0.00219501,-2.5948,-1.07333e+06
2.2,0.001937,2,-0.000170848,0.00219501,-2.5918,-1.15983e+06
2.2,0.001937,2,-0.000170848,0.00219501,-2.58879,-1.04581e+06
2.2,0.001937,2,-0.000170848,0.00219501,-2.58579,-1.21973e+06
2.2,0.001937,2,-0.000170848,0.00219501,-2.58279,-1.11929e+06
2.2,0.001937,2,-0.000170848,0.00219501,-2.57979,-1.10063e+06
2.2,0.001937,2,-0.000170848,0.00219501,-2.57679,-1.13405e+06
2.2,0.001937,2,-0.000170848,0.00219501,-2.57379,-1.06215e+06
2.2,0.001937,2,-0.000170848,0.00219501,-2.57079,-1.0725e+06
2.2,0.001937,2,-0.000170848,0.00219501,-2.56778,-1.07489e+06
2.2,0.001937,2,-0.000170848,0.00219501,-2.56478,-1.034e+06
2.2,0.001937,2,-0.000170848,0.00219501,-2.56178,-1.08144e+06
2.2,0.001937,2,-0.000170848,0.00219501,-2.55878,-1.05807e+06
2.2,0.001937,2,-0.000170848,0.00219501,-2.55578,-1.12521e+06
2.2,0.001937,2,-0.000170848,0.00219501,-2.55278,-1.02782e+06
2.2,0.001937,2,-0.000170848,0.00219501,-2.54977,-1.27298e+06
2.2,0.001937,2,-0.000170848,0.00219501,-2.54677,-1.06118e+06
2.2,0.001937,2,-0.000170848,0.00219501,-2.54377,-1.14618e+06
2.2,0.001937,2,-0.000170848,0.00219501,-2.54077,-1.13059e+06
2.2,0.001937,2,-0.000170848,0.00219501,-2.53777,-1.0921e+06
2.2,0.001937,2,-0.000170848,0.00219501,-2.53477,-1.25678e+06
2.2,0.001937,2,-0.000170848,0.00219501,-2.53177,-1.06703e+06
2.2,0.001937,2,-0.000170848,0.00219501,-2.52876,-1.09065e+06
2.2,0.001937,2,-0.000170848,0.00219501,-2.52576,-1.1374e+06
2.2,0.001937,2,-0.000170848,0.00219501,-2.52276,-1.14814e+06
2.2,0.001937,2,-0.000170848,0.00219501,-2.51976,-1.21351e+06
2.2,0.001937,2,-0.000170848,0.00219501,-2.51676,-1.15347e+06
2.2,0.001937,2,-0.000170848,0.00219501,-2.51376,-1.08751e+06
2.2,0.001937,2,-0.000170848,0.00219501,-2.51076,-1.04751e+06
2.2,0.001937,2,-0.000170848,0.00219501,-2.50775,-1.04687e+06
2.2,0.001937,2,-0.000170848,0.00219501,-2.50475,-1.10898e+06
2.2,0.001937,2,-0.000170848,0.00219501,-2.50175,-1.07689e+06
2.2,0.001937,2,-0.000170848,0.00219501,-2.49875,-1.17302e+06
2.2,0.001937,2,-0.000170848,0.00219501,-2.49575,-1.11354e+06
2.2,0.001937,2,-0.000170848,0.00219501,-2.49275,-1.16223e+06
2.2,0.001937,2,-0.000170848,0.00219501,-2.48974,-1.05744e+06
2.2,0.001937,2,-0.000170848,0.00219501,-2.48674,-1.25669e+06
2.2,0.001937,2,-0.000170848,0.00219501,-2.48374,-1.11832e+06
2.2,0.001937,2,-0.000170848,0.00219501,-2.48074,-1.17036e+06
2.2,0.001937,2,-0.000170848,0.00219501,-2.47774,-1.01821e+06
2.2,0.001937,2,-0.000170848,0.00219501,-2.47474,-1.04645e+06
2.2,0.001937,2,-0.000170848,0.00219501,-2.47174,-1.1563e+06
2.2,0.001937,2,-0.000170848,0.00219501,-2.46873,-1.15323e+06
2.2,0.001937,2,-0.000170848,0.00219501,-2.46573,-1.05102e+06
2.2,0.001937,2,-0.000170848,0.00219501,-2.46273,-1.2322e+06
2.2,0.001937,2,-0.000170848,0.00219501,-2.45973,-1.16814e+06
2.2,0.001937,2,-0.000170848,0.00219501,-2.45673,-1.10723e+06
2.2,0.001937,2,-0.000170848,0.00219501,-2.45373,-1.03126e+06
2.2,0.001937,2,-0.000170848,0.00219501,-2.45073,-1.05422e+06
2.2,0.001937,2,-0.000170848,0.00219501,-2.44772,-1.09987e+06
2.2,0.001937,2,-0.000170848,0.00219501,-2.44472,-1.12067e+06
2.2,0.001937,2,-0.000170848,0.00219501,-2.44172,-1.08979e+06
2.2,0.001937,2,-0.000170848,0.00219501,-2.43872,-1.02347e+06
2.2,0.001937,2,-0.000170848,0.00219501,-2.43572,-1.08484e+06
2.2,0.001937,2,-0.000170848,0.00219501,-2.43272,-1.09344e+06
2.2,0.001937,2,-0.000170848,0.00219501,-2.42971,-1.01663e+06
2.2,0.001937,2,-0.000170848,0.00219501,-2.42671,-1.29111e+06
2.2,0.001937,2,-0.000170848,0.00219501,-2.42371,-1.10198e+06
2.2,0.001937,2,-0.000170848,0.00219501,-2.42071,-1.23329e+06
2.2,0.001937,2,-0.000170848,0.00219501,-2.41771,-1.21114e+06
2.2,0.001937,2,-0.000170848,0.00219501,-2.41471,-1.02988e+06
2.2,0.001937,2,-0.000170848,0.00219501,-2.41171,-1.01659e+06
2.2,0.001937,2,-0.000170848,0.00219501,-2.4087,-1.03436e+06
2.2,0.001937,2,-0.000170848,0.00219501,-2.4057,-1.09732e+06
2.2,0.001937,2,-0.000170848,0.00219501,-2.4027,-1.03385e+06
2.2,0.001937,2,-0.000170848,0.00219501,-2.3997,-1.04253e+06
2.2,0.001937,2,-0.000170848,0.00219501,-2.3967,-1.05153e+06
2.2,0.001937,2,-0.000170848,0.00219501,-2.3937,-1.01635e+06
2.2,0.001937,2,-0.000170848,0.00219501,-2.3907,-1.22248e+06
2.2,0.001937,2,-0.000170848,0.00219501,-2.38769,-1.13118e+06
2.2,0.001937,2,-0.000170848,0.00219501,-2.38469,-1.06107e+06
2.2,0.001937,2,-0.000170848,0.00219501,-2.38169,-1.04486e+06
2.2,0.001937,2,-0.000170848,0.00219501,-2.37869,-1.03509e+06
2.2,0.001937,2,-0.000170848,0.00219501,-2.37569,-1.0862e+06
2.2,0.001937,2,-0.000170848,0.00219501,-2.37269,-1.14946e+06
2.2,0.001937,2,-0.000170848,0.00219501,-2.36968,-1.11729e+06
2.2,0.001937,2,-0.000170848,0.00219501,-2.36668,-1.1212e+06
2.2,0.001937,2,-0.000170848,0.00219501,-2.36368,-1.02978e+06
2.2,0.001937,2,-0.000170848,0.00219501,-2.36068,-1.17593e+06
2.2,0.001937,2,-0.000170848,0.00219501,-2.35768,-1.05422e+06
2.2,0.001937,2,-0.000170848,0.00219501,-2.35468,-1.12256e+06
2.2,0.001937,2,-0.000170848,0.00219501,-2.35168,-1.00018e+06
2.2,0.001937,2,-0.000170848,0.00219501,-2.34867,-1.03904e+06
2.2,0.001937,2,-0.000170848,0.00219501,-2.34567,-1.03184e+06
2.2,0.001937,2,-0.000170848,0.00219501,-2.34267,-1.15719e+06
2.2,0.001937,2,-0.000170848,0.00219501,-2.33967,-1.1361e+06
2.2,0.001937,2,-0.000170848,0.00219501,-2.33667,-1.06636e+06
2.2,0.001937,2,-0.000170848,0.00219501,-2.33367,-1.09362e+06
2.2,0.001937,2,-0.000170848,0.00219501,-2.33067,-1.08671e+06
2.2,0.001937,2,-0.000170848,0.00219501,-2.32766,-1.0418e+06
2.2,0.001937,2,-0.000170848,0.00219501,-2.32466,-1.06497e+06
2.2,0.001937,2,-0.000170848,0.00219501,-2.32166,-1.03783e+06
2.2,0.001937,2,-0.000170848,0.00219501,-2.31866,-1.05264e+06
2.2,0.001937,2,-0.000170848,0.00219501,-2.31566,-1.01859e+06
2.2,0.001937,2,-0.000170848,0.00219501,-2.31266,-1.14325e+06
2.2,0.001937,2,-0.000170848,0.00219501,-2.30965,-1.28664e+06
2.2,0.001937,2,-0.000170848,0.00219501,-2.30665,-1.27663e+06
2.2,0.001937,2,-0.000170848,0.00219501,-2.30365,-1.0539e+06
2.2,0.001937,2,-0.000170848,0.00219501,-2.30065,-1.27753e+06
2.2,0.001937,2,-0.000170848,0.00219501,-2.29765,-1.02129e+06
2.2,0.001937,2,-0.000170848,0.00219501,-2.29465,-1.16766e+06
2.2,0.001937,2,-0.000170848,0.00219501,-2.29165,-1.12681e+06
2.2,0.001937,2,-0.000170848,0.00219501,-2.28864,-1.03988e+06
2.2,0.001937,2,-0.000170848,0.00219501,-2.28564,-1.02621e+06
2.2,0.001937,2,-0.000170848,0.00219501,-2.28264,-1.16271e+06
2.2,0.001937,2,-0.000170848,0.00219501,-2.27964,-1.15221e+06
2.2,0.001937,2,-0.000170848,0.00219501,-2.27664,-1.06816e+06
2.2,0.001937,2,-0.000170848,0.00219501,-2.27364,-1.06674e+06
2.2,0.001937,2,-0.000170848,0.00219501,-2.27064,-1.07198e+06
2.2,0.001937,2,-0.000170848,0.00219501,-2.26763,-1.04235e+06
2.2,0.001937,2,-0.000170848,0.00219501,-2.26463,-1.15803e+06
2.2,0.001937,2,-0.000170848,0.00219501,-2.26163,-1.07266e+06
2.2,0.001937,2,-0.000170848,0.00219501,-2.25863,-1.03899e+06
2.2,0.001937,2,-0.000170848,0.00219501,-2.25563,-1.1308e+06
2.2,0.001937,2,-0.000170848,0.00219501,-2.25263,-1.18818e+06
2.2,0.001937,2,-0.000170848,0.00219501,-2.24962,-1.24314e+06
2.2,0.001937,2,-0.000170848,0.00219501,-2.24662,-1.00352e+06
2.2,0.001937,2,-0.000170848,0.00219501,-2.24362,-1.21723e+06
2.2,0.001937,2,-0.000170848,0.00219501,-2.24062,-1.17325e+06
2.2,0.001937,2,-0.000170848,0.00219501,-2.23762,-1.07149e+06
2.2,0.001937,2,-0.000170848,0.00219501,-2.23462,-1.11178e+06
2.2,0.001937,2,-0.000170848,0.00219501,-2.23162,-1.04832e+06
2.2,0.001937,2,-0.000170848,0.00219501,-2.22861,-1.23344e+06
2.2,0.001937,2,-0.000170848,0.00219501,-2.22561,-1.11252e+06
2.2,0.001937,2,-0.000170848,0.00219501,-2.22261,-1.24981e+06
2.2,0.001937,2,-0.000170848,0.00219501,-2.21961,-1.16214e+06
2.2,0.001937,2,-0.000170848,0.00219501,-2.21661,-1.21332e+06
2.2,0.001937,2,-0.000170848,0.00219501,-2.21361,-1.14276e+06
2.2,0.001937,2,-0.000170848,0.00219501,-2.21061,-1.03585e+06
2.2,0.001937,2,-0.000170848,0.00219501,-2.2076,-1.16905e+06
2.2,0.001937,2,-0.000170848,0.00219501,-2.2046,-1.04657e+06
2.2,0.001937,2,-0.000170848,0.00219501,-2.2016,-1.24832e+06
2.2,0.001937,2,-0.000170848,0.00219501,-2.1986,-990876
2.2,0.001937,2,-0.000170848,0.00219501,-2.1956,-1.00784e+06
2.2,0.001937,2,-0.000170848,0.00219501,-2.1926,-903569
2.2,0.001937,2,-0.000170848,0.00219501,-2.18959,-943658
2.2,0.001937,2,-0.000170848,0.00219501,-2.18659,-871424
2.2,0.001937,2,-0.000170848,0.00219501,-2.18359,-897534
2.2,0.001937,2,-0.000170848,0.00219501,-2.18059,-346176
2.2,0.001937,2,-0.000170848,0.00219501,-2.17759,1.1592e+06
2.2,0.001937,2,-0.000170848,0.00219501,-2.17459,1.19147e+06
2.2,0.001937,2,-0.000170848,0.00219501,-2.17159,1.06075e+06
2.2,0.001937,2,-0.000170848,0.00219501,-2.16858,1.04248e+06
2.2,0.001937,2,-0.000170848,0.00219501,-2.16558,1.10515e+06
2.2,0.001937,2,-0.000170848,0.00219501,-2.16258,1.0435e+06
2.2,0.001937,2,-0.000170848,0.00219501,-2.15958,1.05887e+06
2.2,0.001937,2,-0.000170848,0.00219501,-2.15658,1.07242e+06
2.2,0.001937,2,-0.000170848,0.00219501,-2.15358,1.07127e+06
2.2,0.001937,2,-0.000170848,0.00219501,-2.15058,1.00167e+06
2.2,0.001937,2,-0.000170848,0.00219501,-2.14757,1.07235e+06
2.2,0.001937,2,-0.000170848,0.00219501,-2.14457,1.05602e+06
2.2,0.001937,2,-0.000170848,0.00219501,-2.14157,1.02499e+06
2.2,0.001937,2,-0.000170848,0.00219501,-2.13857,1.10656e+06
2.2,0.001937,2,-0.000170848,0.00219501,-2.13557,1.06447e+06
2.2,0.001937,2,-0.000170848,0.00219501,-2.13257,1.05097e+06
2.2,0.001937,2,-0.000170848,0.00219501,-2.12956,1.16412e+06
2.2,0.001937,2,-0.000170848,0.00219501,-2.12656,1.20797e+06
2.2,0.001937,2,-0.000170848,0.00219501,-2.12356,1.07547e+06
2.2,0.001937,2,-0.000170848,0.00219501,-2.12056,1.1053e+06
2.2,0.001937,2,-0.000170848,0.00219501,-2.11756,1.11253e+06
2.2,0.001937,2,-0.000170848,0.00219501,-2.11456,1.01974e+06
2.2,0.001937,2,-0.000170848,0.00219501,-2.11156,1.10988e+06
2.2,0.001937,2,-0.000170848,0.00219501,-2.10855,1.05114e+06
2.2,0.001937,2,-0.000170848,0.00219501,-2.10555,1.01774e+06
2.2,0.001937,2,-0.000170848,0.00219501,-2.10255,1.1009e+06
2.2,0.001937,2,-0.000170848,0.00219501,-2.09955,1.09394e+06
2.2,0.001937,2,-0.000170848,0.00219501,-2.09655,1.01696e+06
2.2,0.001937,2,-0.000170848,0.00219501,-2.09355,1.10834e+06
2.2,0.001937,2,-0.000170848,0.00219501,-2.09055,1.0984e+06
2.2,0.001937,2,-0.000170848,0.00219501,-2.08754,1.05012e+06
2.2,0.001937,2,-0.000170848,0.00219501,-2.08454,1.00293e+06
2.2,0.001937,2,-0.000170848,0.00219501,-2.08154,1.17103e+06
2.2,0.001937,2,-0.000170848,0.00219501,-2.07854,1.07597e+06
2.2,0.001937,2,-0.000170848,0.00219501,-2.07554,1.13684e+06
2.2,0.001937,2,-0.000170848,0.00219501,-2.07254,1.15518e+06
2.2,0.001937,2,-0.000170848,0.00219501,-2.06953,1.01289e+06
2.2,0.001937,2,-0.000170848,0.00219501,-2.06653,1.04933e+06
2.2,0.001937,2,-0.000170848,0.00219501,-2.06353,1.04991e+06
2.2,0.001937,2,-0.000170848,0.00219501,-2.06053,1.01857e+06
2.2,0.001937,2,-0.000170848,0.00219501,-2.05753,1.09569e+06
2.2,0.001937,2,-0.000170848,0.00219501,-2.05453,1.11243e+06
2.2,0.001937,2,-0.000170848,0.00219501,-2.05153,1.14827e+06
2.2,0.001937,2,-0.000170848,0.00219501,-2.04852,1.07479e+06
2.2,0.001937,2,-0.000170848,0.00219501,-2.04552,1.03798e+06
2.2,0.001937,2,-0.000170848,0.00219501,-2.04252,1.10296e+06
2.2,0.001937,2,-0.000170848,0.00219501,-2.03952,1.08655e+06
2.2,0.001937,2,-0.000170848,0.00219501,-2.03652,1.21381e+06
2.2,0.001937,2,-0.000170848,0.00219501,-2.03352,1.15583e+06
2.2,0.001937,2,-0.000170848,0.00219501,-2.03052,1.04664e+06
2.2,0.001937,2,-0.000170848,0.00219501,-2.02751,1.02619e+06
2.2,0.001937,2,-0.000170848,0.00219501,-2.02451,1.03225e+06
2.2,0.001937,2,-0.000170848,0.00219501,-2.02151,1.13914e+06
2.2,0.001937,2,-0.000170848,0.00219501,-2.01851,1.0323e+06
2.2,0.001937,2,-0.000170848,0.00219501,-2.01551,1.05446e+06
2.2,0.001937,2,-0.000170848,0.00219501,-2.01251,1.02028e+06
2.2,0.001937,2,-0.000170848,0.00219501,-2.0095,1.0377e+06
2.2,0.001937,2,-0.000170848,0.00219501,-2.0065,1.22514e+06
2.2,0.001937,2,-0.000170848,0.00219501,-2.0035,1.00102e+06
2.2,0.001937,2,-0.000170848,0.00219501,-2.0005,1.07187e+06
2.2,0.001937,2,-0.000170848,0.00219501,-1.9975,1.00714e+06
2.2,0.001937,2,-0.000170848,0.00219501,-1.9945,1.03292e+06
2.2,0.001937,2,-0.000170848,0.00219501,-1.9915,1.08355e+06
2.2,0.001937,2,-0.000170848,0.00219501,-1.98849,1.14539e+06
2.2,0.001937,2,-0.000170848,0.00219501,-1.98549,1.09324e+06
2.2,0.001937,2,-0.000170848,0.00219501,-1.98249,1.20668e+06
2.2,0.001937,2,-0.000170848,0.00219501,-1.97949,1.06153e+06
2.2,0.001937,2,-0.000170848,0.00219501,-1.97649,1.06813e+06
2.2,0.001937,2,-0.000170848,0.00219501,-1.97349,1.16578e+06
2.2,0.001937,2,-0.000170848,0.00219501,-1.97049,1.00308e+06
2.2,0.001937,2,-0.000170848,0.00219501,-1.96748,1.18082e+06
2.2,0.001937,2,-0.000170848,0.00219501,-1.96448,1.20215e+06
2.2,0.001937,2,-0.000170848,0.00219501,-1.96148,1.08154e+06
2.2,0.001937,2,-0.000170848,0.00219501,-1.95848,1.02336e+06
2.2,0.001937,2,-0.000170848,0.00219501,-1.95548,1.03395e+06
2.2,0.001937,2,-0.000170848,0.00219501,-1.95248,1.19667e+06
2.2,0.001937,2,-0.000170848,0.00219501,-1.94947,1.05407e+06
2.2,0.001937,2,-0.000170848,0.00219501,-1.94647,1.14041e+06
2.2,0.001937,2,-0.000170848,0.00219501,-1.94347,1.12761e+06
2.2,0.001937,2,-0.000170848,0.00219501,-1.94047,1.13638e+06
2.2,0.001937,2,-0.000170848,0.00219501,-1.93747,1.09204e+06
2.2,0.001937,2,-0.000170848,0.00219501,-1.93447,1.07275e+06
2.2,0.001937,2,-0.000170848,0.00219501,-1.93147,1.25023e+06
2.2,0.001937,2,-0.000170848,0.00219501,-1.92846,1.11135e+06
2.2,0.001937,2,-0.000170848,0.00219501,-1.92546,1.09256e+06
2.2,0.001937,2,-0.000170848,0.00219501,-1.92246,1.09123e+06
2.2,0.001937,2,-0.000170848,0.00219501,-1.91946,1.2726e+06
2.2,0.001937,2,-0.000170848,0.00219501,-1.91646,1.16289e+06
2.2,0.001937,2,-0.000170848,0.00219501,-1.91346,1.18074e+06
2.2,0.001937,2,-0.000170848,0.00219501,-1.91046,1.09378e+06
2.2,0.001937,2,-0.000170848,0.00219501,-1.90745,1.0598e+06
2.2,0.001937,2,-0.000170848,0.00219501,-1.90445,1.19683e+06
2.2,0.001937,2,-0.000170848,0.00219501,-1.90145,1.0421e+06
2.2,0.001937,2,-0.000170848,0.00219501,-1.89845,1.03672e+06
2.2,0.001937,2,-0.000170848,0.00219501,-1.89545,1.12023e+06
2.2,0.001937,2,-0.000170848,0.00219501,-1.89245,1.11072e+06
2.2,0.001937,2,-0.000170848,0.00219501,-1.88944,1.02068e+06
2.2,0.001937,2,-0.000170848,0.00219501,-1.88644,1.23698e+06
2.2,0.001937,2,-0.000170848,0.00219501,-1.88344,1.01956e+06
2.2,0.001937,2,-0.000170848,0.00219501,-1.88044,1.0071e+06
2.2,0.001937,2,-0.000170848,0.00219501,-1.87744,1.08147e+06
2.2,0.001937,2,-0.000170848,0.00219501,-1.87444,1.06093e+06
2.2,0.001937,2,-0.000170848,0.00219501,-1.87144,1.02671e+06
2.2,0.001937,2,-0.000170848,0.00219501,-1.86843,1.11614e+06
2.2,0.001937,2,-0.000170848,0.00219501,-1.86543,1.01923e+06
2.2,0.001937,2,-0.000170848,0.00219501,-1.86243,1.26339e+06
2.2,0.001937,2,-0.000170848,0.00219501,-1.85943,1.06064e+06
2.2,0.001937,2,-0.000170848,0.00219501,-1.85643,1.06738e+06
2.2,0.001937,2,-0.000170848,0.00219501,-1.85343,1.16937e+06
2.2,0.001937,2,-0.000170848,0.00219501,-1.85043,1.03323e+06
2.2,0.001937,2,-0.000170848,0.00219501,-1.84742,1.0477e+06
2.2,0.001937,2,-0.000170848,0.00219501,-1.84442,1.08441e+06
2.2,0.001937,2,-0.000170848,0.00219501,-1.84142,1.26068e+06
2.2,0.001937,2,-0.000170848,0.00219501,-1.83842,1.1131e+06
2.2,0.001937,2,-0.000170848,0.00219501,-1.83542,1.09882e+06
2.2,0.001937,2,-0.000170848,0.00219501,-1.83242,1.1087e+06
2.2,0.001937,2,-0.000170848,0.00219501,-1.82941,1.09642e+06
2.2,0.001937,2,-0.000170848,0.00219501,-1.82641,1.02693e+06
2.2,0.001937,2,-0.000170848,0.00219501,-1.82341,1.23676e+06
2.2,0.001937,2,-0.000170848,0.00219501,-1.82041,1.07011e+06
2.2,0.001937,2,-0.000170848,0.00219501,-1.81741,1.10589e+06
2.2,0.001937,2,-0.000170848,0.00219501,-1.81441,1.04889e+06
2.2,0.001937,2,-0.000170848,0.00219501,-1.81141,1.03941e+06
2.2,0.001937,2,-0.000170848,0.00219501,-1.8084,1.02711e+06
2.2,0.001937,2,-0.000170848,0.00219501,-1.8054,1.00176e+06
2.2,0.001937,2,-0.000170848,0.00219501,-1.8024,1.32041e+06
2.2,0.001937,2,-0.000170848,0.00219501,-1.7994,1.18484e+06
2.2,0.001937,2,-0.000170848,0.00219501,-1.7964,1.0178e+06
2.2,0.001937,2,-0.000170848,0.00219501,-1.7934,1.06891e+06
2.2,0.001937,2,-0.000170848,0.00219501,-1.7904,1.00924e+06
2.2,0.001937,2,-0.000170848,0.00219501,-1.78739,1.23785e+06
2.2,0.001937,2,-0.000170848,0.00219501,-1.78439,1.06731e+06
2.2,0.001937,2,-0.000170848,0.00219501,-1.78139,1.02739e+06
2.2,0.001937,2,-0.000170848,0.00219501,-1.77839,1.02479e+06
2.2,0.001937,2,-0.000170848,0.00219501,-1.77539,1.13239e+06
2.2,0.001937,2,-0.000170848,0.00219501,-1.77239,1.06728e+06
2.2,0.001937,2,-0.000170848,0.00219501,-1.76938,1.04956e+06
2.2,0.001937,2,-0.000170848,0.00219501,-1.76638,1.06554e+06
2.2,0.001937,2,-0.000170848,0.00219501,-1.76338,1.20552e+06
2.2,0.001937,2,-0.000170848,0.00219501,-1.76038,1.03436e+06
2.2,0.001937,2,-0.000170848,0.00219501,-1.75738,1.15226e+06
2.2,0.001937,2,-0.000170848,0.00219501,-1.75438,1.21385e+06
2.2,0.001937,2,-0.000170848,0.00219501,-1.75138,1.16324e+06
2.2,0.001937,2,-0.000170848,0.00219501,-1.74837,1.10918e+06
2.2,0.001937,2,-0.000170848,0.00219501,-1.74537,1.17165e+06
2.2,0.001937,2,-0.000170848,0.00219501,-1.74237,1.10804e+06
2.2,0.001937,2,-0.000170848,0.00219501,-1.73937,1.10215e+06
2.2,0.001937,2,-0.000170848,0.00219501,-1.73637,1.12041e+06
2.2,0.001937,2,-0.000170848,0.00219501,-1.73337,1.12688e+06
2.2,0.001937,2,-0.000170848,0.00219501,-1.73037,1.02959e+06
2.2,0.001937,2,-0.000170848,0.00219501,-1.72736,1.05284e+06
2.2,0.001937,2,-0.000170848,0.00219501,-1.72436,1.0342e+06
2.2,0.001937,2,-0.000170848,0.00219501,-1.72136,1.12251e+06
2.2,0.001937,2,-0.000170848,0.00219501,-1.71836,1.02295e+06
2.2,0.001937,2,-0.000170848,0.00219501,-1.71536,1.15831e+06
2.2,0.001937,2,-0.000170848,0.00219501,-1.71236,1.09896e+06
2.2,0.001937,2,-0.000170848,0.00219501,-1.70935,1.08273e+06
2.2,0.001937,2,-0.000170848,0.00219501,-1.70635,1.27197e+06
2.2,0.001937,2,-0.000170848,0.00219501,-1.70335,1.15756e+06
2.2,0.001937,2,-0.000170848,0.00219501,-1.70035,1.04755e+06
2.2,0.001937,2,-0.000170848,0.00219501,-1.69735,1.03848e+06
2.2,0.001937,2,-0.000170848,0.00219501,-1.69435,1.02648e+06
2.2,0.001937,2,-0.000170848,0.00219501,-1.69135,1.08669e+06
2.2,0.001937,2,-0.000170848,0.00219501,-1.68834,1.05931e+06
2.2,0.001937,2,-0.000170848,0.00219501,-1.68534,1.13112e+06
2.2,0.001937,2,-0.000170848,0.00219501,-1.68234,1.1556e+06
2.2,0.001937,2,-0.000170848,0.00219501,-1.67934,1.14377e+06
2.2,0.001937,2,-0.000170848,0.00219501,-1.67634,1.22435e+06
2.2,0.001937,2,-0.000170848,0.00219501,-1.67334,1.19483e+06
2.2,0.001937,2,-0.000170848,0.00219501,-1.67034,1.00036e+06
2.2,0.001937,2,-0.000170848,0.00219501,-1.66733,1.1226e+06
2.2,0.001937,2,-0.000170848,0.00219501,-1.66433,1.10984e+06
2.2,0.001937,2,-0.000170848,0.00219501,-1.66133,1.10001e+06
2.2,0.001937,2,-0.000170848,0.00219501,-1.65833,1.18264e+06
2.2,0.001937,2,-0.000170848,0.00219501,-1.65533,1.16288e+06
2.2,0.001937,2,-0.000170848,0.00219501,-1.65233,1.02231e+06
2.2,0.001937,2,-0.000170848,0.00219501,-1.64932,1.02832e+06
2.2,0.001937,2,-0.000170848,0.00219501,-1.64632,1.03254e+06
2.2,0.001937,2,-0.000170848,0.00219501,-1.64332,1.16786e+06
2.2,0.001937,2,-0.000170848,0.00219501,-1.64032,1.06958e+06
2.2,0.001937,2,-0.000170848,0.00219501,-1.63732,1.25575e+06
2.2,0.001937,2,-0.000170848,0.00219501,-1.63432,1.0896e+06
2.2,0.001937,2,-0.000170848,0.00219501,-1.63132,1.04828e+06
2.2,0.001937,2,-0.000170848,0.00219501,-1.62831,1.13663e+06
2.2,0.001937,2,-0.000170848,0.00219501,-1.62531,1.25806e+06
2.2,0.001937,2,-0.000170848,0.00219501,-1.62231,1.23823e+06
2.2,0.001937,2,-0.000170848,0.00219501,-1.61931,1.18915e+06
2.2,0.001937,2,-0.000170848,0.00219501,-1.61631,1.07817e+06
2.2,0.001937,2,-0.000170848,0.00219501,-1.61331,960261
2.2,0.001937,2,-0.000170848,0.00219501,-1.61031,961107
2.2,0.001937,2,-0.000170848,0.00219501,-1.6073,954615
2.2,0.001937,2,-0.000170848,0.00219501,-1.6043,874355
2.2,0.001937,2,-0.000170848,0.00219501,-1.6013,822410
2.2,0.001937,2,-0.000170848,0.00219501,-1.5983,689033
2.2,0.001937,2,-0.000170848,0.00219501,-1.5953,-1.17666e+06
2.2,0.001937,2,-0.000170848,0.00219501,-1.5923,-1.09991e+06
2.2,0.001937,2,-0.000170848,0.00219501,-1.58929,-1.0159e+06
2.2,0.001937,2,-0.000170848,0.00219501,-1.58629,-1.02479e+06
2.2,0.001937,2,-0.000170848,0.00219501,-1.58329,-1.22636e+06
2.2,0.001937,2,-0.000170848,0.00219501,-1.58029,-1.0346e+06
2.2,0.001937,2,-0.000170848,0.00219501,-1.57729,-1.12313e+06
2.2,0.001937,2,-0.000170848,0.00219501,-1.57429,-1.05374e+06
2.2,0.001937,2,-0.000170848,0.00219501,-1.57129,-1.20445e+06
2.2,0.001937,2,-0.000170848,0.00219501,-1.56828,-1.092e+06
2.2,0.001937,2,-0.000170848,0.00219501,-1.56528,-1.13823e+06
2.2,0.001937,2,-0.000170848,0.00219501,-1.56228,-1.07714e+06
2.2,0.001937,2,-0.000170848,0.00219501,-1.55928,-1.20241e+06
2.2,0.001937,2,-0.000170848,0.00219501,-1.55628,-1.16247e+06
2.2,0.001937,2,-0.000170848,0.00219501,-1.55328,-1.16987e+06
2.2,0.001937,2,-0.000170848,0.00219501,-1.55028,-1.11353e+06
2.2,0.001937,2,-0.000170848,0.00219501,-1.54727,-1.03004e+06
2.2,0.001937,2,-0.000170848,0.00219501,-1.54427,-1.05705e+06
2.2,0.001937,2,-0.000170848,0.00219501,-1.54127,-1.05039e+06
2.2,0.001937,2,-0.000170848,0.00219501,-1.53827,-1.07207e+06
2.2,0.001937,2,-0.000170848,0.00219501,-1.53527,-1.15264e+06
2.2,0.001937,2,-0.000170848,0.00219501,-1.53227,-1.23662e+06
2.2,0.001937,2,-0.000170848,0.00219501,-1.52926,-1.01242e+06
2.2,0.001937,2,-0.000170848,0.00219501,-1.52626,-1.01879e+06
2.2,0.001937,2,-0.000170848,0.00219501,-1.52326,-1.02036e+06
2.2,0.001937,2,-0.000170848,0.00219501,-1.52026,-1.255e+06
2.2,0.001937,2,-0.000170848,0.00219501,-1.51726,-1.2055e+06
2.2,0.001937,2,-0.000170848,0.00219501,-1.51426,-1.16085e+06
2.2,0.001937,2,-0.000170848,0.00219501,-1.51126,-1.07049e+06
2.2,0.001937,2,-0.000170848,0.00219501,-1.50825,-1.09938e+06
2.2,0.001937,2,-0.000170848,0.00219501,-1.50525,-1.09225e+06
2.2,0.001937,2,-0.000170848,0.00219501,-1.50225,-1.11019e+06
2.2,0.001937,2,-0.000170848,0.00219501,-1.49925,-1.18125e+06
2.2,0.001937,2,-0.000170848,0.00219501,-1.49625,-1.09851e+06
2.2,0.001937,2,-0.000170848,0.00219501,-1.49325,-1.02585e+06
2.2,0.001937,2,-0.000170848,0.00219501,-1.49025,-1.05895e+06
2.2,0.001937,2,-0.000170848,0.00219501,-1.48724,-1.01409e+06
2.2,0.001937,2,-0.000170848,0.00219501,-1.48424,-1.09215e+06
2.2,0.001937,2,-0.000170848,0.00219501,-1.48124,-1.03325e+06
2.2,0.001937,2,-0.000170848,0.00219501,-1.47824,-1.08447e+06
2.2,0.001937,2,-0.000170848,0.00219501,-1.47524,-1.24304e+06
2.2,0.001937,2,-0.000170848,0.00219501,-1.47224,-1.06787e+06
2.2,0.001937,2,-0.000170848,0.00219501,-1.46923,-1.12822e+06
2.2,0.001937,2,-0.000170848,0.00219501,-1.46623,-1.21502e+06
2.2,0.001937,2,-0.000170848,0.00219501,-1.46323,-1.09175e+06
2.2,0.001937,2,-0.000170848,0.00219501,-1.46023,-1.13598e+06
2.2,0.001937,2,-0.000170848,0.00219501,-1.45723,-1.01054e+06
2.2,0.001937,2,-0.000170848,0.00219501,-1.45423,-1.01653e+06
2.2,0.001937,2,-0.000170848,0.00219501,-1.45123,-1.12166e+06
2.2,0.001937,2,-0.000170848,0.00219501,-1.44822,-1.00902e+06
2.2,0.001937,2,-0.000170848,0.00219501,-1.44522,-1.08608e+06
2.2,0.001937,2,-0.000170848,0.00219501,-1.44222,-1.21363e+06
2.2,0.001937,2,-0.000170848,0.00219501,-1.43922,-1.10008e+06
2.2,0.001937,2,-0.000170848,0.00219501,-1.43622,-1.20799e+06
2.2,0.001937,2,-0.000170848,0.00219501,-1.43322,-1.07294e+06
2.2,0.001937,2,-0.000170848,0.00219501,-1.43022,-1.03897e+06
2.2,0.001937,2,-0.000170848,0.00219501,-1.42721,-1.16968e+06
2.2,0.001937,2,-0.000170848,0.00219501,-1.42421,-1.04882e+06
2.2,0.001937,2,-0.000170848,0.00219501,-1.42121,-1.06561e+06
2.2,0.001937,2,-0.000170848,0.00219501,-1.41821,-1.04077e+06
2.2,0.001937,2,-0.000170848,0.00219501,-1.41521,-1.0937e+06
2.2,0.001937,2,-0.000170848,0.00219501,-1.41221,-1.24209e+06
2.2,0.001937,2,-0.000170848,0.00219501,-1.4092,-1.00221e+06
2.2,0.001937,2,-0.000170848,0.00219501,-1.4062,-1.03216e+06
2.2,0.001937,2,-0.000170848,0.00219501,-1.4032,-1.07695e+06
2.2,0.001937,2,-0.000170848,0.00219501,-1.4002,-1.0402e+06
2.2,0.001937,2,-0.000170848,0.00219501,-1.3972,-1.25602e+06
2.2,0.001937,2,-0.000170848,0.00219501,-1.3942,-1.04892e+06
2.2,0.001937,2,-0.000170848,0.00219501,-1.3912,-1.04484e+06
2.2,0.001937,2,-0.000170848,0.00219501,-1.38819,-1.00474e+06
2.2,0.001937,2,-0.000170848,0.00219501,-1.38519,-1.08306e+06
2.2,0.001937,2,-0.000170848,0.00219501,-1.38219,-1.03907e+06
2.2,0.001937,2,-0.000170848,0.00219501,-1.37919,-1.15781e+06
2.2,0.001937,2,-0.000170848,0.00219501,-1.37619,-1.27233e+06
2.2,0.001937,2,-0.000170848,0.00219501,-1.37319,-1.10245e+06
2.2,0.001937,2,-0.000170848,0.00219501,-1.37019,-1.03155e+06
2.2,0.001937,2,-0.000170848,0.00219501,-1.36718,-1.04439e+06
2.2,0.001937,2,-0.000170848,0.00219501,-1.36418,-1.05592e+06
2.2,0.001937,2,-0.000170848,0.00219501,-1.36118,-1.08433e+06
2.2,0.001937,2,-0.000170848,0.00219501,-1.35818,-1.08314e+06
2.2,0.001937,2,-0.000170848,0.00219501,-1.35518,-1.10071e+06
2.2,0.001937,2,-0.000170848,0.00219501,-1.35218,-1.03631e+06
2.2,0.001937,2,-0.000170848,0.00219501,-1.34917,-1.06102e+06
2.2,0.001937,2,-0.000170848,0.00219501,-1.34617,-1.06863e+06
2.2,0.001937,2,-0.000170848,0.00219501,-1.34317,-1.27106e+06
2.2,0.001937,2,-0.000170848,0.00219501,-1.34017,-1.09738e+06
2.2,0.001937,2,-0.000170848,0.00219501,-1.33717,-1.07022e+06
2.2,0.001937,2,-0.000170848,0.00219501,-1.33417,-1.1252e+06
2.2,0.001937,2,-0.000170848,0.00219501,-1.33117,-1.00434e+06
2.2,0.001937,2,-0.000170848,0.00219501,-1.32816,-1.08914e+06
2.2,0.001937,2,-0.000170848,0.00219501,-1.32516,-1.16008e+06
2.2,0.001937,2,-0.000170848,0.00219501,-1.32216,-1.09501e+06
2.2,0.001937,2,-0.000170848,0.00219501,-1.31916,-1.01405e+06
2.2,0.001937,2,-0.000170848,0.00219501,-1.31616,-1.2249e+06
2.2,0.001937,2,-0.000170848,0.00219501,-1.31316,-1.14474e+06
2.2,0.001937,2,-0.000170848,0.00219501,-1.31016,-1.10098e+06
2.2,0.001937,2,-0.000170848,0.00219501,-1.30715,-1.00615e+06
2.2,0.001937,2,-0.000170848,0.00219501,-1.30415,-1.08272e+06
2.2,0.001937,2,-0.000170848,0.00219501,-1.30115,-1.1147e+06
2.2,0.001937,2,-0.000170848,0.00219501,-1.29815,-1.05647e+06
2.2,0.001937,2,-0.000170848,0.00219501,-1.29515,-1.27023e+06
2.2,0.001937,2,-0.000170848,0.00219501,-1.29215,-1.01458e+06
2.2,0.001937,2,-0.000170848,0.00219501,-1.28914,-1.00192e+06
2.2,0.001937,2,-0.000170848,0.00219501,-1.28614,-1.07805e+06
2.2,0.001937,2,-0.000170848,0.00219501,-1.28314,-1.02983e+06
2.2,0.001937,2,-0.000170848,0.00219501,-1.28014,-1.21513e+06
2.2,0.001937,2,-0.000170848,0.00219501,-1.27714,-1.07281e+06
2.2,0.001937,2,-0.000170848,0.00219501,-1.27414,-1.10729e+06
2.2,0.001937,2,-0.000170848,0.00219501,-1.27114,-1.04075e+06
2.2,0.001937,2,-0.000170848,0.00219501,-1.26813,-1.08829e+06
2.2,0.001937,2,-0.000170848,0.00219501,-1.26513,-1.04033e+06
2.2,0.001937,2,-0.000170848,0.00219501,-1.26213,-1.09635e+06
2.2,0.001937,2,-0.000170848,0.00219501,-1.25913,-1.10427e+06
2.2,0.001937,2,-0.000170848,0.00219501,-1.25613,-1.02444e+06
2.2,0.001937,2,-0.000170848,0.00219501,-1.25313,-1.00786e+06
2.2,0.001937,2,-0.000170848,0.00219501,-1.25013,-1.1015e+06
2.2,0.001937,2,-0.000170848,0.00219501,-1.24712,-1.2903e+06
2.2,0.001937,2,-0.000170848,0.00219501,-1.24412,-1.12112e+06
2.2,0.001937,2,-0.000170848,0.00219501,-1.24112,-1.16833e+06
2.2,0.001937,2,-0.000170848,0.00219501,-1.23812,-1.05672e+06
2.2,0.001937,2,-0.000170848,0.00219501,-1.23512,-1.09687e+06
2.2,0.001937,2,-0.000170848,0.00219501,-1.23212,-1.0942e+06
2.2,0.001937,2,-0.000170848,0.00219501,-1.22911,-1.02866e+06
2.2,0.001937,2,-0.000170848,0.00219501,-1.22611,-1.10866e+06
2.2,0.001937,2,-0.000170848,0.00219501,-1.22311,-1.10099e+06
2.2,0.001937,2,-0.000170848,0.00219501,-1.22011,-1.03203e+06
2.2,0.001937,2,-0.000170848,0.00219501,-1.21711,-1.04869e+06
2.2,0.001937,2,-0.000170848,0.00219501,-1.21411,-1.12587e+06
2.2,0.001937,2,-0.000170848,0.00219501,-1.21111,-1.14878e+06
2.2,0.001937,2,-0.000170848,0.00219501,-1.2081,-1.02922e+06
2.2,0.001937,2,-0.000170848,0.00219501,-1.2051,-1.16892e+06
2.2,0.001937,2,-0.000170848,0.00219501,-1.2021,-1.05913e+06
2.2,0.001937,2,-0.000170848,0.00219501,-1.1991,-1.00019e+06
2.2,0.001937,2,-0.000170848,0.00219501,-1.1961,-1.18399e+06
2.2,0.001937,2,-0.000170848,0.00219501,-1.1931,-1.29499e+06
2.2,0.001937,2,-0.000170848,0.00219501,-1.1901,-1.00932e+06
2.2,0.001937,2,-0.000170848,0.00219501,-1.18709,-1.05603e+06
2.2,0.001937,2,-0.000170848,0.00219501,-1.18409,-1.01111e+06
2.2,0.001937,2,-0.000170848,0.00219501,-1.18109,-1.11808e+06
2.2,0.001937,2,-0.000170848,0.00219501,-1.17809,-1.12474e+06
2.2,0.001937,2,-0.000170848,0.00219501,-1.17509,-1.01169e+06
2.2,0.001937,2,-0.000170848,0.00219501,-1.17209,-1.05524e+06
2.2,0.001937,2,-0.000170848,0.00219501,-1.16908,-1.11501e+06
2.2,0.001937,2,-0.000170848,0.00219501,-1.16608,-1.06132e+06
2.2,0.001937,2,-0.000170848,0.00219501,-1.16308,-1.209e+06
2.2,0.001937,2,-0.000170848,0.00219501,-1.16008,-1.1187e+06
2.2,0.001937,2,-0.000170848,0.00219501,-1.15708,-1.10362e+06
2.2,0.001937,2,-0.000170848,0.00219501,-1.15408,-1.04893e+06
2.2,0.001937,2,-0.000170848,0.00219501,-1.15108,-1.21173e+06
2.2,0.001937,2,-0.000170848,0.00219501,-1.14807,-1.20786e+06
2.2,0.001937,2,-0.000170848,0.00219501,-1.14507,-1.02354e+06
2.2,0.001937,2,-0.000170848,0.00219501,-1.14207,-1.07974e+06
2.2,0.001937,2,-0.000170848,0.00219501,-1.13907,-1.17273e+06
2.2,0.001937,2,-0.000170848,0.00219501,-1.13607,-1.21862e+06
2.2,0.001937,2,-0.000170848,0.00219501,-1.13307,-1.12687e+06
2.2,0.001937,2,-0.000170848,0.00219501,-1.13007,-1.00927e+06
2.2,0.001937,2,-0.000170848,0.00219501,-1.12706,-1.15933e+06
2.2,0.001937,2,-0.000170848,0.00219501,-1.12406,-1.11673e+06
2.2,0.001937,2,-0.000170848,0.00219501,-1.12106,-1.00963e+06
2.2,0.001937,2,-0.000170848,0.00219501,-1.11806,-1.0898e+06
2.2,0.001937,2,-0.000170848,0.00219501,-1.11506,-1.13207e+06
2.2,0.001937,2,-0.000170848,0.00219501,-1.11206,-1.0962e+06
2.2,0.001937,2,-0.000170848,0.00219501,-1.10905,-1.176e+06
2.2,0.001937,2,-0.000170848,0.00219501,-1.10605,-1.07086e+06
2.2,0.001937,2,-0.000170848,0.00219501,-1.10305,-1.15382e+06
2.2,0.001937,2,-0.000170848,0.00219501,-1.10005,-1.09168e+06
2.2,0.001937,2,-0.000170848,0.00219501,-1.09705,-1.18651e+06
2.2,0.001937,2,-0.000170848,0.00219501,-1.09405,-1.18218e+06
2.2,0.001937,2,-0.000170848,0.00219501,-1.09105,-1.167e+06
2.2,0.001937,2,-0.000170848,0.00219501,-1.08804,-1.21574e+06
2.2,0.001937,2,-0.000170848,0.00219501,-1.08504,-1.07722e+06
2.2,0.001937,2,-0.000170848,0.00219501,-1.08204,-1.12505e+06
2.2,0.001937,2,-0.000170848,0.00219501,-1.07904,-1.27369e+06
2.2,0.001937,2,-0.000170848,0.00219501,-1.07604,-1.11921e+06
2.2,0.001937,2,-0.000170848,0.00219501,-1.07304,-1.10269e+06
2.2,0.001937,2,-0.000170848,0.00219501,-1.07004,-985027
2.2,0.001937,2,-0.000170848,0.00219501,-1.06703,-919492
2.2,0.001937,2,-0.000170848,0.00219501,-1.06403,-872648
2.2,0.001937,2,-0.000170848,0.00219501,-1.06103,-849889
2.2,0.001937,2,-0.000170848,0.00219501,-1.05803,1.01418e+06
2.2,0.001937,2,-0.000170848,0.00219501,-1.05503,1.10562e+06
2.2,0.001937,2,-0.000170848,0.00219501,-1.05203,1.16317e+06
2.2,0.001937,2,-0.000170848,0.00219501,-1.04902,1.10466e+06
2.2,0.001937,2,-0.000170848,0.00219501,-1.04602,1.17976e+06
2.2,0.001937,2,-0.000170848,0.00219501,-1.04302,1.04109e+06
2.2,0.001937,2,-0.000170848,0.00219501,-1.04002,1.07892e+06
2.2,0.001937,2,-0.000170848,0.00219501,-1.03702,1.08036e+06
2.2,0.001937,2,-0.000170848,0.00219501,-1.03402,1.11944e+06
2.2,0.001937,2,-0.000170848,0.00219501,-1.03102,1.16081e+06
2.2,0.001937,2,-0.000170848,0.00219501,-1.02801,1.11136e+06
2.2,0.001937,2,-0.000170848,0.00219501,-1.02501,1.04722e+06
2.2,0.001937,2,-0.000170848,0.00219501,-1.02201,1.0671e+06
2.2,0.001937,2,-0.000170848,0.00219501,-1.01901,1.19211e+06
2.2,0.001937,2,-0.000170848,0.00219501,-1.01601,1.05703e+06
2.2,0.001937,2,-0.000170848,0.00219501,-1.01301,1.02982e+06
2.2,0.001937,2,-0.000170848,0.00219501,-1.01001,1.1156e+06
2.2,0.001937,2,-0.000170848,0.00219501,-1.007,1.05727e+06
2.2,0.001937,2,-0.000170848,0.00219501,-1.004,1.18864e+06
2.2,0.001937,2,-0.000170848,0.00219501,-1.001,1.01345e+06
2.2,0.001937,2,-0.000170848,0.00219501,-0.997999,1.15986e+06
2.2,0.001937,2,-0.000170848,0.00219501,-0.994997,1.15792e+06
2.2,0.001937,2,-0.000170848,0.00219501,-0.991996,1.08171e+06
2.2,0.001937,2,-0.000170848,0.00219501,-0.988994,1.13192e+06
2.2,0.001937,2,-0.000170848,0.00219501,-0.985993,1.30241e+06
2.2,0.001937,2,-0.000170848,0.00219501,-0.982991,1.1e+06
2.2,0.001937,2,-0.000170848,0.00219501,-0.97999,1.07296e+06
2.2,0.001937,2,-0.000170848,0.00219501,-0.976988,1.06476e+06
2.2,0.001937,2,-0.000170848,0.00219501,-0.973987,1.07981e+06
2.2,0.001937,2,-0.000170848,0.00219501,-0.970985,1.02274e+06
2.2,0.001937,2,-0.000170848,0.00219501,-0.967984,1.07665e+06
2.2,0.001937,2,-0.000170848,0.00219501,-0.964982,1.14688e+06
2.2,0.001937,2,-0.000170848,0.00219501,-0.961981,1.08323e+06
2.2,0.001937,2,-0.000170848,0.00219501,-0.958979,1.12265e+06
2.2,0.001937,2,-0.000170848,0.00219501,-0.955978,1.08504e+06
2.2,0.001937,2,-0.000170848,0.00219501,-0.952976,1.24394e+06
2.2,0.001937,2,-0.000170848,0.00219501,-0.949975,1.05094e+06
2.2,0.001937,2,-0.000170848,0.00219501,-0.946973,1.18016e+06
2.2,0.001937,2,-0.000170848,0.00219501,-0.943972,1.10145e+06
2.2,0.001937,2,-0.000170848,0.00219501,-0.94097,1.02739e+06
2.2,0.001937,2,-0.000170848,0.00219501,-0.937969,1.17654e+06
2.2,0.001937,2,-0.000170848,0.00219501,-0.934967,1.08834e+06
2.2,0.001937,2,-0.000170848,0.00219501,-0.931966,1.01492e+06
2.2,0.001937,2,-0.000170848,0.00219501,-0.928964,1.26144e+06
2.2,0.001937,2,-0.000170848,0.00219501,-0.925963,1.04352e+06
2.2,0.001937,2,-0.000170848,0.00219501,-0.922961,1.10954e+06
2.2,0.001937,2,-0.000170848,0.00219501,-0.91996,1.12218e+06
2.2,0.001937,2,-0.000170848,0.00219501,-0.916958,1.02007e+06
2.2,0.001937,2,-0.000170848,0.00219501,-0.913957,1.13092e+06
2.2,0.001937,2,-0.000170848,0.00219501,-0.910955,1.05458e+06
2.2,0.001937,2,-0.000170848,0.00219501,-0.907954,1.17435e+06
2.2,0.001937,2,-0.000170848,0.00219501,-0.904952,1.00639e+06
2.2,0.001937,2,-0.000170848,0.00219501,-0.901951,1.15791e+06
2.2,0.001937,2,-0.000170848,0.00219501,-0.898949,1.1548e+06
2.2,0.001937,2,-0.000170848,0.00219501,-0.895948,1.01682e+06
2.2,0.001937,2,-0.000170848,0.00219501,-0.892946,1.16481e+06
2.2,0.001937,2,-0.000170848,0.00219501,-0.889945,1.00277e+06
2.2,0.001937,2,-0.000170848,0.00219501,-0.886943,1.02606e+06
2.2,0.001937,2,-0.000170848,0.00219501,-0.883942,1.08696e+06
2.2,0.001937,2,-0.000170848,0.00219501,-0.88094,1.06777e+06
2.2,0.001937,2,-0.000170848,0.00219501,-0.877939,1.12627e+06
2.2,0.001937,2,-0.000170848,0.00219501,-0.874937,1.21146e+06
2.2,0.001937,2,-0.000170848,0.00219501,-0.871936,1.22688e+06
2.2,0.001937,2,-0.000170848,0.00219501,-0.868934,1.16668e+06
2.2,0.001937,2,-0.000170848,0.00219501,-0.865933,1.07056e+06
2.2,0.001937,2,-0.000170848,0.00219501,-0.862931,1.04343e+06
2.2,0.001937,2,-0.000170848,0.00219501,-0.85993,1.08197e+06
2.2,0.001937,2,-0.000170848,0.00219501,-0.856928,1.15551e+06
2.2,0.001937,2,-0.000170848,0.00219501,-0.853927,1.28644e+06
2.2,0.001937,2,-0.000170848,0.00219501,-0.850925,1.06349e+06
2.2,0.001937,2,-0.000170848,0.00219501,-0.847924,1.17319e+06
2.2,0.001937,2,-0.000170848,0.00219501,-0.844922,1.06211e+06
2.2,0.001937,2,-0.000170848,0.00219501,-0.841921,1.07034e+06
2.2,0.001937,2,-0.000170848,0.00219501,-0.838919,1.18129e+06
2.2,0.001937,2,-0.000170848,0.00219501,-0.835918,1.04629e+06
2.2,0.001937,2,-0.000170848,0.00219501,-0.832916,1.13551e+06
2.2,0.001937,2,-0.000170848,0.00219501,-0.829915,1.02327e+06
2.2,0.001937,2,-0.000170848,0.00219501,-0.826913,1.02906e+06
2.2,0.001937,2,-0.000170848,0.00219501,-0.823912,1.01767e+06
2.2,0.001937,2,-0.000170848,0.00219501,-0.82091,1.23936e+06
2.2,0.001937,2,-0.000170848,0.00219501,-0.817909,1.17179e+06
2.2,0.001937,2,-0.000170848,0.00219501,-0.814907,1.10255e+06
2.2,0.001937,2,-0.000170848,0.00219501,-0.811906,1.07982e+06
2.2,0.001937,2,-0.000170848,0.00219501,-0.808904,1.10956e+06
2.2,0.001937,2,-0.000170848,0.00219501,-0.805903,1.00813e+06
2.2,0.001937,2,-0.000170848,0.00219501,-0.802901,1.16479e+06
2.2,0.001937,2,-0.000170848,0.00219501,-0.7999,1.28208e+06
2.2,0.001937,2,-0.000170848,0.00219501,-0.796898,1.10171e+06
2.2,0.001937,2,-0.000170848,0.00219501,-0.793897,1.18753e+06
2.2,0.001937,2,-0.000170848,0.00219501,-0.790895,1.03623e+06
2.2,0.001937,2,-0.000170848,0.00219501,-0.787894,1.10089e+06
2.2,0.001937,2,-0.000170848,0.00219501,-0.784892,1.22182e+06
2.2,0.001937,2,-0.000170848,0.00219501,-0.781891,1.02893e+06
2.2,0.001937,2,-0.000170848,0.00219501,-0.778889,1.03552e+06
2.2,0.001937,2,-0.000170848,0.00219501,-0.775888,1.00031e+06
2.2,0.001937,2,-0.000170848,0.00219501,-0.772886,1.11295e+06
2.2,0.001937,2,-0.000170848,0.00219501,-0.769885,1.11067e+06
2.2,0.001937,2,-0.000170848,0.00219501,-0.766883,1.0149e+06
2.2,0.001937,2,-0.000170848,0.00219501,-0.763882,1.15057e+06
2.2,0.001937,2,-0.000170848,0.00219501,-0.76088,1.03621e+06
2.2,0.001937,2,-0.000170848,0.00219501,-0.757879,1.06886e+06
2.2,0.001937,2,-0.000170848,0.00219501,-0.754877,1.04103e+06
2.2,0.001937,2,-0.000170848,0.00219501,-0.751876,1.15641e+06
2.2,0.001937,2,-0.000170848,0.00219501,-0.748874,1.08357e+06
2.2,0.001937,2,-0.000170848,0.00219501,-0.745873,1.0485e+06
2.2,0.001937,2,-0.000170848,0.00219501,-0.742871,1.12928e+06
2.2,0.001937,2,-0.000170848,0.00219501,-0.73987,1.08998e+06
2.2,0.001937,2,-0.000170848,0.00219501,-0.736868,1.16506e+06
2.2,0.001937,2,-0.000170848,0.00219501,-0.733867,1.25341e+06
2.2,0.001937,2,-0.000170848,0.00219501,-0.730865,1.02374e+06
2.2,0.001937,2,-0.000170848,0.00219501,-0.727864,1.09409e+06
2.2,0.001937,2,-0.000170848,0.00219501,-0.724862,1.02321e+06
2.2,0.001937,2,-0.000170848,0.00219501,-0.721861,1.27656e+06
2.2,0.001937,2,-0.000170848,0.00219501,-0.718859,1.21468e+06
2.2,0.001937,2,-0.000170848,0.00219501,-0.715858,1.1646e+06
2.2,0.001937,2,-0.000170848,0.00219501,-0.712856,1.12561e+06
2.2,0.001937,2,-0.000170848,0.00219501,-0.709855,1.21615e+06
2.2,0.001937,2,-0.000170848,0.00219501,-0.706853,1.00915e+06
2.2,0.001937,2,-0.000170848,0.00219501,-0.703852,1.02232e+06
2.2,0.001937,2,-0.000170848,0.00219501,-0.70085,1.03479e+06
2.2,0.001937,2,-0.000170848,0.00219501,-0.697849,1.09358e+06
2.2,0.001937,2,-0.000170848,0.00219501,-0.694847,1.03135e+06
2.2,0.001937,2,-0.000170848,0.00219501,-0.691846,1.25894e+06
2.2,0.001937,2,-0.000170848,0.00219501,-0.688844,1.04509e+06
2.2,0.001937,2,-0.000170848,0.00219501,-0.685843,1.09448e+06
2.2,0.001937,2,-0.000170848,0.00219501,-0.682841,1.02258e+06
2.2,0.001937,2,-0.000170848,0.00219501,-0.67984,1.10416e+06
2.2,0.001937,2,-0.000170848,0.00219501,-0.676838,1.22356e+06
2.2,0.001937,2,-0.000170848,0.00219501,-0.673837,1.25278e+06
2.2,0.001937,2,-0.000170848,0.00219501,-0.670835,1.0731e+06
2.2,0.001937,2,-0.000170848,0.00219501,-0.667834,1.21116e+06
2.2,0.001937,2,-0.000170848,0.00219501,-0.664832,1.02937e+06
2.2,0.001937,2,-0.000170848,0.00219501,-0.661831,1.0055e+06
2.2,0.001937,2,-0.000170848,0.00219501,-0.658829,1.05642e+06
2.2,0.001937,2,-0.000170848,0.00219501,-0.655828,1.06402e+06
2.2,0.001937,2,-0.000170848,0.00219501,-0.652826,1.26832e+06
2.2,0.001937,2,-0.000170848,0.00219501,-0.649825,1.00495e+06
2.2,0.001937,2,-0.000170848,0.00219501,-0.646823,1.1766e+06
2.2,0.001937,2,-0.000170848,0.00219501,-0.643822,1.08415e+06
2.2,0.001937,2,-0.000170848,0.00219501,-0.64082,1.03912e+06
2.2,0.001937,2,-0.000170848,0.00219501,-0.637819,1.14641e+06
2.2,0.001937,2,-0.000170848,0.00219501,-0.634817,1.11698e+06
2.2,0.001937,2,-0.000170848,0.00219501,-0.631816,1.02867e+06
2.2,0.001937,2,-0.000170848,0.00219501,-0.628814,1.04072e+06
2.2,0.001937,2,-0.000170848,0.00219501,-0.625813,1.03735e+06
2.2,0.001937,2,-0.000170848,0.00219501,-0.622811,1.2411e+06
2.2,0.001937,2,-0.000170848,0.00219501,-0.61981,1.00514e+06
2.2,0.001937,2,-0.000170848,0.00219501,-0.616808,1.10933e+06
2.2,0.001937,2,-0.000170848,0.00219501,-0.613807,1.0782e+06
2.2,0.001937,2,-0.000170848,0.00219501,-0.610805,1.22552e+06
2.2,0.001937,2,-0.000170848,0.00219501,-0.607804,1.07471e+06
2.2,0.001937,2,-0.000170848,0.00219501,-0.604802,1.05599e+06
2.2,0.001937,2,-0.000170848,0.00219501,-0.601801,1.00878e+06
2.2,0.001937,2,-0.000170848,0.00219501,-0.598799,1.03866e+06
2.2,0.001937,2,-0.000170848,0.00219501,-0.595798,1.03517e+06
2.2,0.001937,2,-0.000170848,0.00219501,-0.592796,1.22836e+06
2.2,0.001937,2,-0.000170848,0.00219501,-0.589795,1.1049e+06
2.2,0.001937,2,-0.000170848,0.00219501,-0.586793,1.08257e+06
2.2,0.001937,2,-0.000170848,0.00219501,-0.583792,1.14391e+06
2.2,0.001937,2,-0.000170848,0.00219501,-0.58079,1.0717e+06
2.2,0.001937,2,-0.000170848,0.00219501,-0.577789,1.04488e+06
2.2,0.001937,2,-0.000170848,0.00219501,-0.574787,1.11387e+06
2.2,0.001937,2,-0.000170848,0.00219501,-0.571786,1.06831e+06
2.2,0.001937,2,-0.000170848,0.00219501,-0.568784,1.00099e+06
2.2,0.001937,2,-0.000170848,0.00219501,-0.565783,1.03645e+06
2.2,0.001937,2,-0.000170848,0.00219501,-0.562781,830622
2.2,0.001937,2,-0.000170848,0.00219501,-0.55978,-1.04016e+06
2.2,0.001937,2,-0.000170848,0.00219501,-0.556778,-1.1077e+06
2.2,0.001937,2,-0.000170848,0.00219501,-0.553777,-1.17768e+06
2.2,0.001937,2,-0.000170848,0.00219501,-0.550775,-1.09045e+06
2.2,0.001937,2,-0.000170848,0.00219501,-0.547774,-1.16499e+06
2.2,0.001937,2,-0.000170848,0.00219501,-0.544772,-1.1226e+06
2.2,0.001937,2,-0.000170848,0.00219501,-0.541771,-1.05227e+06
2.2,0.001937,2,-0.000170848,0.00219501,-0.538769,-1.09357e+06
2.2,0.001937,2,-0.000170848,0.00219501,-0.535768,-1.07362e+06
2.2,0.001937,2,-0.000170848,0.00219501,-0.532766,-1.18743e+06
2.2,0.001937,2,-0.000170848,0.00219501,-0.529765,-1.03664e+06
2.2,0.001937,2,-0.000170848,0.00219501,-0.526763,-1.26529e+06
2.2,0.001937,2,-0.000170848,0.00219501,-0.523762,-1.25561e+06
2.2,0.001937,2,-0.000170848,0.00219501,-0.52076,-1.05304e+06
2.2,0.001937,2,-0.000170848,0.00219501,-0.517759,-1.24707e+06
2.2,0.001937,2,-0.000170848,0.00219501,-0.514757,-1.08129e+06
2.2,0.001937,2,-0.000170848,0.00219501,-0.511756,-1.176e+06
2.2,0.001937,2,-0.000170848,0.00219501,-0.508754,-1.15197e+06
2.2,0.001937,2,-0.000170848,0.00219501,-0.505753,-1.07194e+06
2.2,0.001937,2,-0.000170848,0.00219501,-0.502751,-1.18877e+06
2.2,0.001937,2,-0.000170848,0.00219501,-0.49975,-1.22938e+06
2.2,0.001937,2,-0.000170848,0.00219501,-0.496748,-1.01528e+06
2.2,0.001937,2,-0.000170848,0.00219501,-0.493747,-1.16943e+06
2.2,0.001937,2,-0.000170848,0.00219501,-0.490745,-1.05824e+06
2.2,0.001937,2,-0.000170848,0.00219501,-0.487744,-1.19032e+06
2.2,0.001937,2,-0.000170848,0.00219501,-0.484742,-1.10064e+06
2.2,0.001937,2,-0.000170848,0.00219501,-0.481741,-1.21872e+06
2.2,0.001937,2,-0.000170848,0.00219501,-0.478739,-1.23452e+06
2.2,0.001937,2,-0.000170848,0.00219501,-0.475738,-1.06225e+06
2.2,0.001937,2,-0.000170848,0.00219501,-0.472736,-1.12133e+06
2.2,0.001937,2,-0.000170848,0.00219501,-0.469735,-1.16601e+06
2.2,0.001937,2,-0.000170848,0.00219501,-0.466733,-1.00364e+06
2.2,0.001937,2,-0.000170848,0.00219501,-0.463732,-1.08376e+06
2.2,0.001937,2,-0.000170848,0.00219501,-0.46073,-1.13131e+06
2.2,0.001937,2,-0.000170848,0.00219501,-0.457729,-1.12224e+06
2.2,0.001937,2,-0.000170848,0.00219501,-0.454727,-1.03922e+06
2.2,0.001937,2,-0.000170848,0.00219501,-0.451726,-1.13566e+06
2.2,0.001937,2,-0.000170848,0.00219501,-0.448724,-1.06628e+06
2.2,0.001937,2,-0.000170848,0.00219501,-0.445723,-1.0929e+06
2.2,0.001937,2,-0.000170848,0.00219501,-0.442721,-1.08292e+06
2.2,0.001937,2,-0.000170848,0.00219501,-0.43972,-1.1569e+06
2.2,0.001937,2,-0.000170848,0.00219501,-0.436718,-1.13867e+06
2.2,0.001937,2,-0.000170848,0.00219501,-0.433717,-1.04727e+06
2.2,0.001937,2,-0.000170848,0.00219501,-0.430715,-1.04741e+06
2.2,0.001937,2,-0.000170848,0.00219501,-0.427714,-1.08791e+06
2.2,0.001937,2,-0.000170848,0.00219501,-0.424712,-1.0004e+06
2.2,0.001937,2,-0.000170848,0.00219501,-0.421711,-1.08211e+06
2.2,0.001937,2,-0.000170848,0.00219501,-0.418709,-1.07117e+06
2.2,0.001937,2,-0.000170848,0.00219501,-0.415708,-1.23514e+06
2.2,0.001937,2,-0.000170848,0.00219501,-0.412706,-1.00899e+06
2.2,0.001937,2,-0.000170848,0.00219501,-0.409705,-1.05802e+06
2.2,0.001937,2,-0.000170848,0.00219501,-0.406703,-1.23701e+06
2.2,0.001937,2,-0.000170848,0.00219501,-0.403702,-1.0776e+06
2.2,0.001937,2,-0.000170848,0.00219501,-0.4007,-1.24461e+06
2.2,0.001937,2,-0.000170848,0.00219501,-0.397699,-1.21747e+06
2.2,0.001937,2,-0.000170848,0.00219501,-0.394697,-1.05362e+06
2.2,0.001937,2,-0.000170848,0.00219501,-0.391696,-1.12579e+06
2.2,0.001937,2,-0.000170848,0.00219501,-0.388694,-1.04664e+06
2.2,0.001937,2,-0.000170848,0.00219501,-0.385693,-1.04371e+06
2.2,0.001937,2,-0.000170848,0.00219501,-0.382691,-1.2079e+06
2.2,0.001937,2,-0.000170848,0.00219501,-0.37969,-1.07284e+06
2.2,0.001937,2,-0.000170848,0.00219501,-0.376688,-1.03775e+06
2.2,0.001937,2,-0.000170848,0.00219501,-0.373687,-1.06145e+06
2.2,0.001937,2,-0.000170848,0.00219501,-0.370685,-1.00926e+06
2.2,0.001937,2,-0.000170848,0.00219501,-0.367684,-1.04065e+06
2.2,0.001937,2,-0.000170848,0.00219501,-0.364682,-1.21406e+06
2.2,0.001937,2,-0.000170848,0.00219501,-0.361681,-1.04571e+06
2.2,0.001937,2,-0.000170848,0.00219501,-0.358679,-1.06624e+06
2.2,0.001937,2,-0.000170848,0.00219501,-0.355678,-1.03627e+06
2.2,0.001937,2,-0.000170848,0.00219501,-0.352676,-1.02297e+06
2.2,0.001937,2,-0.000170848,0.00219501,-0.349675,-1.10437e+06
2.2,0.001937,2,-0.000170848,0.00219501,-0.346673,-1.17333e+06
2.2,0.001937,2,-0.000170848,0.00219501,-0.343672,-1.07183e+06
2.2,0.001937,2,-0.000170848,0.00219501,-0.34067,-1.03881e+06
2.2,0.001937,2,-0.000170848,0.00219501,-0.337669,-1.08106e+06
2.2,0.001937,2,-0.000170848,0.00219501,-0.334667,-1.25512e+06
2.2,0.001937,2,-0.000170848,0.00219501,-0.331666,-1.19237e+06
2.2,0.001937,2,-0.000170848,0.00219501,-0.328664,-1.08888e+06
2.2,0.001937,2,-0.000170848,0.00219501,-0.325663,-1.06553e+06
2.2,0.001937,2,-0.000170848,0.00219501,-0.322661,-1.15219e+06
2.2,0.001937,2,-0.000170848,0.00219501,-0.31966,-1.08401e+06
2.2,0.001937,2,-0.000170848,0.00219501,-0.316658,-1.04143e+06
2.2,0.001937,2,-0.000170848,0.00219501,-0.313657,-1.1166e+06
2.2,0.001937,2,-0.000170848,0.00219501,-0.310655,-1.02401e+06
2.2,0.001937,2,-0.000170848,0.00219501,-0.307654,-1.09235e+06
2.2,0.001937,2,-0.000170848,0.00219501,-0.304652,-1.06073e+06
2.2,0.001937,2,-0.000170848,0.00219501,-0.301651,-1.08563e+06
2.2,0.001937,2,-0.000170848,0.00219501,-0.298649,-1.0004e+06
2.2,0.001937,2,-0.000170848,0.00219501,-0.295648,-1.08613e+06
2.2,0.001937,2,-0.000170848,0.00219501,-0.292646,-1.06298e+06
2.2,0.001937,2,-0.000170848,0.00219501,-0.289645,-1.01626e+06
2.2,0.001937,2,-0.000170848,0.00219501,-0.286643,-1.0874e+06
2.2,0.001937,2,-0.000170848,0.00219501,-0.283642,-1.1081e+06
2.2,0.001937,2,-0.000170848,0.00219501,-0.28064,-1.22758e+06
2.2,0.001937,2,-0.000170848,0.00219501,-0.277639,-1.02618e+06
2.2,0.001937,2,-0.000170848,0.00219501,-0.274637,-1.04894e+06
2.2,0.001937,2,-0.000170848,0.00219501,-0.271636,-1.28298e+06
2.2,0.001937,2,-0.000170848,0.00219501,-0.268634,-1.1143e+06
2.2,0.001937,2,-0.000170848,0.00219501,-0.265633,-1.02914e+06
2.2,0.001937,2,-0.000170848,0.00219501,-0.262631,-1.02205e+06
2.2,0.001937,2,-0.000170848,0.00219501,-0.25963,-1.25339e+06
2.2,0.001937,2,-0.000170848,0.00219501,-0.256628,-1.05917e+06
2.2,0.001937,2,-0.000170848,0.00219501,-0.253627,-1.09107e+06
2.2,0.001937,2,-0.000170848,0.00219501,-0.250625,-1.02133e+06
2.2,0.001937,2,-0.000170848,0.00219501,-0.247624,-1.02326e+06
2.2,0.001937,2,-0.000170848,0.00219501,-0.244622,-1.25462e+06
2.2,0.001937,2,-0.000170848,0.00219501,-0.241621,-1.07796e+06
2.2,0.001937,2,-0.000170848,0.00219501,-0.238619,-1.10497e+06
2.2,0.001937,2,-0.000170848,0.00219501,-0.235618,-1.01275e+06
2.2,0.001937,2,-0.000170848,0.00219501,-0.232616,-1.04113e+06
2.2,0.001937,2,-0.000170848,0.00219501,-0.229615,-1.14015e+06
2.2,0.001937,2,-0.000170848,0.00219501,-0.226613,-1.0834e+06
2.2,0.001937,2,-0.000170848,0.00219501,-0.223612,-1.24461e+06
2.2,0.001937,2,-0.000170848,0.00219501,-0.22061,-1.04741e+06
2.2,0.001937,2,-0.000170848,0.00219501,-0.217609,-1.0422e+06
2.2,0.001937,2,-0.000170848,0.00219501,-0.214607,-1.22386e+06
2.2,0.001937,2,-0.000170848,0.00219501,-0.211606,-1.06787e+06
2.2,0.001937,2,-0.000170848,0.00219501,-0.208604,-1.27955e+06
2.2,0.001937,2,-0.000170848,0.00219501,-0.205603,-1.04554e+06
2.2,0.001937,2,-0.000170848,0.00219501,-0.202601,-1.26591e+06
2.2,0.001937,2,-0.000170848,0.00219501,-0.1996,-1.07572e+06
2.2,0.001937,2,-0.000170848,0.00219501,-0.196598,-1.13175e+06
2.2,0.001937,2,-0.000170848,0.00219501,-0.193597,-1.13574e+06
2.2,0.001937,2,-0.000170848,0.00219501,-0.190595,-1.22305e+06
2.2,0.001937,2,-0.000170848,0.00219501,-0.187594,-1.1217e+06
2.2,0.001937,2,-0.000170848,0.00219501,-0.184592,-1.21484e+06
2.2,0.001937,2,-0.000170848,0.00219501,-0.181591,-1.11928e+06
2.2,0.001937,2,-0.000170848,0.00219501,-0.178589,-1.02198e+06
2.2,0.001937,2,-0.000170848,0.00219501,-0.175588,-1.12184e+06
2.2,0.001937,2,-0.000170848,0.00219501,-0.172586,-1.07379e+06
2.2,0.001937,2,-0.000170848,0.00219501,-0.169585,-1.05833e+06
2.2,0.001937,2,-0.000170848,0.00219501,-0.166583,-1.08379e+06
2.2,0.001937,2,-0.000170848,0.00219501,-0.163582,-1.00729e+06
2.2,0.001937,2,-0.000170848,0.00219501,-0.16058,-1.05392e+06
2.2,0.001937,2,-0.000170848,0.00219501,-0.157579,-1.13812e+06
2.2,0.001937,2,-0.000170848,0.00219501,-0.154577,-1.13697e+06
2.2,0.001937,2,-0.000170848,0.00219501,-0.151576,-1.00133e+06
2.2,0.001937,2,-0.000170848,0.00219501,-0.148574,-1.05027e+06
2.2,0.001937,2,-0.000170848,0.00219501,-0.145573,-1.29742e+06
2.2,0.001937,2,-0.000170848,0.00219501,-0.142571,-1.02754e+06
2.2,0.001937,2,-0.000170848,0.00219501,-0.13957,-1.03211e+06
2.2,0.001937,2,-0.000170848,0.00219501,-0.136568,-1.12952e+06
2.2,0.001937,2,-0.000170848,0.00219501,-0.133567,-1.09046e+06
2.2,0.001937,2,-0.000170848,0.00219501,-0.130565,-1.11225e+06
2.2,0.001937,2,-0.000170848,0.00219501,-0.127564,-1.27668e+06
2.2,0.001937,2,-0.000170848,0.00219501,-0.124562,-1.06332e+06
2.2,0.001937,2,-0.000170848,0.00219501,-0.121561,-1.12619e+06
2.2,0.001937,2,-0.000170848,0.00219501,-0.118559,-1.01086e+06
2.2,0.001937,2,-0.000170848,0.00219501,-0.115558,-1.04209e+06
2.2,0.001937,2,-0.000170848,0.00219501,-0.112556,-1.24378e+06
2.2,0.001937,2,-0.000170848,0.00219501,-0.109555,-1.03742e+06
2.2,0.001937,2,-0.000170848,0.00219501,-0.106553,-1.06051e+06
2.2,0.001937,2,-0.000170848,0.00219501,-0.103552,-1.01638e+06
2.2,0.001937,2,-0.000170848,0.00219501,-0.10055,-1.118e+06
2.2,0.001937,2,-0.000170848,0.00219501,-0.0975488,-781833
2.2,0.001937,2,-0.000170848,0.00219501,-0.0945473,1.17585e+06
2.2,0.001937,2,-0.000170848,0.00219501,-0.0915458,1.01552e+06
2.2,0.001937,2,-0.000170848,0.00219501,-0.0885443,1.27099e+06
2.2,0.001937,2,-0.000170848,0.00219501,-0.0855428,1.11414e+06
2.2,0.001937,2,-0.000170848,0.00219501,-0.0825413,1.06739e+06
2.2,0.001937,2,-0.000170848,0.00219501,-0.0795398,1.03044e+06
2.2,0.001937,2,-0.000170848,0.00219501,-0.0765383,1.20212e+06
2.2,0.001937,2,-0.000170848,0.00219501,-0.0735368,1.04442e+06
2.2,0.001937,2,-0.000170848,0.00219501,-0.0705353,1.07327e+06
2.2,0.001937,2,-0.000170848,0.00219501,-0.0675338,1.11392e+06
2.2,0.001937,2,-0.000170848,0.00219501,-0.0645323,1.11592e+06
2.2,0.001937,2,-0.000170848,0.00219501,-0.0615308,1.05128e+06
2.2,0.001937,2,-0.000170848,0.00219501,-0.0585293,1.17174e+06
2.2,0.001937,2,-0.000170848,0.00219501,-0.0555278,1.05864e+06
2.2,0.001937,2,-0.000170848,0.00219501,-0.0525263,1.16645e+06
2.2,0.001937,2,-0.000170848,0.00219501,-0.0495248,1.05553e+06
2.2,0.001937,2,-0.000170848,0.00219501,-0.0465233,1.05999e+06
2.2,0.001937,2,-0.000170848,0.00219501,-0.0435218,1.08632e+06
2.2,0.001937,2,-0.000170848,0.00219501,-0.0405203,1.0868e+06
2.2,0.001937,2,-0.000170848,0.00219501,-0.0375188,1.14321e+06
2.2,0.001937,2,-0.000170848,0.00219501,-0.0345173,1.0828e+06
2.2,0.001937,2,-0.000170848,0.00219501,-0.0315158,1.04386e+06
2.2,0.001937,2,-0.000170848,0.00219501,-0.0285143,1.00628e+06
2.2,0.001937,2,-0.000170848,0.00219501,-0.0255128,1.05318e+06
2.2,0.001937,2,-0.000170848,0.00219501,-0.0225113,1.13275e+06
2.2,0.001937,2,-0.000170848,0.00219501,-0.0195098,1.03289e+06
2.2,0.001937,2,-0.000170848,0.00219501,-0.0165083,1.13602e+06
2.2,0.001937,2,-0.000170848,0.00219501,-0.0135068,1.10613e+06
2.2,0.001937,2,-0.000170848,0.00219501,-0.0105053,1.07965e+06
2.2,0.001937,2,-0.000170848,0.00219501,-0.00750375,1.04466e+06
2.2,0.001937,2,-0.000170848,0.00219501,-0.00450225,1.11124e+06
2.2,0.001937,2,-0.000170848,0.00219501,-0.00150075,1.10518e+06
2.2,0.001937,2,-0.000170848,0.00219501,0.00150075,1.10073e+06
2.2,0.001937,2,-0.000170848,0.00219501,0.00450225,1.04888e+06
2.2,0.001937,2,-0.000170848,0.00219501,0.00750375,1.04821e+06
2.2,0.001937,2,-0.000170848,0.00219501,0.0105053,1.0553e+06
2.2,0.001937,2,-0.000170848,0.00219501,0.0135068,1.02415e+06
2.2,0.001937,2,-0.000170848,0.00219501,0.0165083,1.25096e+06
2.2,0.001937,2,-0.000170848,0.00219501,0.0195098,1.00551e+06
2.2,0.001937,2,-0.000170848,0.00219501,0.0225113,1.04987e+06
2.2,0.001937,2,-0.000170848,0.00219501,0.0255128,1.07799e+06
2.2,0.001937,2,-0.000170848,0.00219501,0.0285143,1.02921e+06
2.2,0.001937,2,-0.000170848,0.00219501,0.0315158,1.19927e+06
2.2,0.001937,2,-0.000170848,0.00219501,0.0345173,1.02614e+06
2.2,0.001937,2,-0.000170848,0.00219501,0.0375188,1.07146e+06
2.2,0.001937,2,-0.000170848,0.00219501,0.0405203,1.00249e+06
2.2,0.001937,2,-0.000170848,0.00219501,0.0435218,1.25231e+06
2.2,0.001937,2,-0.000170848,0.00219501,0.0465233,1.24082e+06
2.2,0.001937,2,-0.000170848,0.00219501,0.0495248,1.09356e+06
2.2,0.001937,2,-0.000170848,0.00219501,0.0525263,1.10745e+06
2.2,0.001937,2,-0.000170848,0.00219501,0.0555278,1.08355e+06
2.2,0.001937,2,-0.000170848,0.00219501,0.0585293,1.11382e+06
2.2,0.001937,2,-0.000170848,0.00219501,0.0615308,1.07151e+06
2.2,0.001937,2,-0.000170848,0.00219501,0.0645323,1.03007e+06
2.2,0.001937,2,-0.000170848,0.00219501,0.0675338,1.05969e+06
2.2,0.001937,2,-0.000170848,0.00219501,0.0705353,1.0259e+06
2.2,0.001937,2,-0.000170848,0.00219501,0.0735368,1.26284e+06
2.2,0.001937,2,-0.000170848,0.00219501,0.0765383,1.23612e+06
2.2,0.001937,2,-0.000170848,0.00219501,0.0795398,1.079e+06
2.2,0.001937,2,-0.000170848,0.00219501,0.0825413,1.15151e+06
2.2,0.001937,2,-0.000170848,0.00219501,0.0855428,1.07706e+06
2.2,0.001937,2,-0.000170848,0.00219501,0.0885443,1.02714e+06
2.2,0.001937,2,-0.000170848,0.00219501,0.0915458,1.17597e+06
2.2,0.001937,2,-0.000170848,0.00219501,0.0945473,1.06364e+06
2.2,0.001937,2,-0.000170848,0.00219501,0.0975488,1.0265e+06
2.2,0.001937,2,-0.000170848,0.00219501,0.10055,1.18063e+06
2.2,0.001937,2,-0.000170848,0.00219501,0.103552,1.04578e+06
2.2,0.001937,2,-0.000170848,0.00219501,0.106553,1.04476e+06
2.2,0.001937,2,-0.000170848,0.00219501,0.109555,1.23155e+06
2.2,0.001937,2,-0.000170848,0.00219501,0.112556,1.08343e+06
2.2,0.001937,2,-0.000170848,0.00219501,0.115558,1.0005e+06
2.2,0.001937,2,-0.000170848,0.00219501,0.118559,1.07987e+06
2.2,0.001937,2,-0.000170848,0.00219501,0.121561,1.04444e+06
2.2,0.001937,2,-0.000170848,0.00219501,0.124562,1.10544e+06
2.2,0.001937,2,-0.000170848,0.00219501,0.127564,1.00086e+06
2.2,0.001937,2,-0.000170848,0.00219501,0.130565,1.10994e+06
2.2,0.001937,2,-0.000170848,0.00219501,0.133567,1.06621e+06
2.2,0.001937,2,-0.000170848,0.00219501,0.136568,1.08608e+06
2.2,0.001937,2,-0.000170848,0.00219501,0.13957,1.05258e+06
2.2,0.001937,2,-0.000170848,0.00219501,0.142571,1.10032e+06
2.2,0.001937,2,-0.000170848,0.00219501,0.145573,1.22118e+06
2.2,0.001937,2,-0.000170848,0.00219501,0.148574,1.00545e+06
2.2,0.001937,2,-0.000170848,0.00219501,0.151576,1.08758e+06
2.2,0.001937,2,-0.000170848,0.00219501,0.154577,1.21484e+06
2.2,0.001937,2,-0.000170848,0.00219501,0.157579,1.06805e+06
2.2,0.001937,2,-0.000170848,0.00219501,0.16058,1.0594e+06
2.2,0.001937,2,-0.000170848,0.00219501,0.163582,1.04686e+06
2.2,0.001937,2,-0.000170848,0.00219501,0.166583,1.01366e+06
2.2,0.001937,2,-0.000170848,0.00219501,0.169585,1.12768e+06
2.2,0.001937,2,-0.000170848,0.00219501,0.172586,1.08982e+06
2.2,0.001937,2,-0.000170848,0.00219501,0.175588,1.04242e+06
2.2,0.001937,2,-0.000170848,0.00219501,0.178589,1.05685e+06
2.2,0.001937,2,-0.000170848,0.00219501,0.181591,1.01191e+06
2.2,0.001937,2,-0.000170848,0.00219501,0.184592,1.14039e+06
2.2,0.001937,2,-0.000170848,0.00219501,0.187594,1.27048e+06
2.2,0.001937,2,-0.000170848,0.00219501,0.190595,1.07554e+06
2.2,0.001937,2,-0.000170848,0.00219501,0.193597,1.03257e+06
2.2,0.001937,2,-0.000170848,0.00219501,0.196598,1.05331e+06
2.2,0.001937,2,-0.000170848,0.00219501,0.1996,1.03863e+06
2.2,0.001937,2,-0.000170848,0.00219501,0.202601,1.00448e+06
2.2,0.001937,2,-0.000170848,0.00219501,0.205603,1.03684e+06
2.2,0.001937,2,-0.000170848,0.00219501,0.208604,1.02203e+06
2.2,0.001937,2,-0.000170848,0.00219501,0.211606,1.00426e+06
2.2,0.001937,2,-0.000170848,0.00219501,0.214607,1.09268e+06
2.2,0.001937,2,-0.000170848,0.00219501,0.217609,1.0715e+06
2.2,0.001937,2,-0.000170848,0.00219501,0.22061,1.16552e+06
2.2,0.001937,2,-0.000170848,0.00219501,0.223612,1.26767e+06
2.2,0.001937,2,-0.000170848,0.00219501,0.226613,1.0293e+06
2.2,0.001937,2,-0.000170848,0.00219501,0.229615,1.13625e+06
2.2,0.001937,2,-0.000170848,0.00219501,0.232616,1.14099e+06
2.2,0.001937,2,-0.000170848,0.00219501,0.235618,1.23998e+06
2.2,0.001937,2,-0.000170848,0.00219501,0.238619,1.06494e+06
2.2,0.001937,2,-0.000170848,0.00219501,0.241621,1.0694e+06
2.2,0.001937,2,-0.000170848,0.00219501,0.244622,1.00502e+06
2.2,0.001937,2,-0.000170848,0.00219501,0.247624,1.039e+06
2.2,0.001937,2,-0.000170848,0.00219501,0.250625,1.00242e+06
2.2,0.001937,2,-0.000170848,0.00219501,0.253627,1.04893e+06
2.2,0.001937,2,-0.000170848,0.00219501,0.256628,1.18538e+06
2.2,0.001937,2,-0.000170848,0.00219501,0.25963,1.09401e+06
2.2,0.001937,2,-0.000170848,0.00219501,0.262631,1.07816e+06
2.2,0.001937,2,-0.000170848,0.00219501,0.265633,1.1935e+06
2.2,0.001937,2,-0.000170848,0.00219501,0.268634,1.01234e+06
2.2,0.001937,2,-0.000170848,0.00219501,0.271636,1.05638e+06
2.2,0.001937,2,-0.000170848,0.00219501,0.274637,1.00931e+06
2.2,0.001937,2,-0.000170848,0.00219501,0.277639,1.04626e+06
2.2,0.001937,2,-0.000170848,0.00219501,0.28064,1.01768e+06
2.2,0.001937,2,-0.000170848,0.00219501,0.283642,1.00289e+06
2.2,0.001937,2,-0.000170848,0.00219501,0.286643,1.15758e+06
2.2,0.001937,2,-0.000170848,0.00219501,0.289645,1.13865e+06
2.2,0.001937,2,-0.000170848,0.00219501,0.292646,1.12143e+06
2.2,0.001937,2,-0.000170848,0.00219501,0.295648,1.03417e+06
2.2,0.001937,2,-0.000170848,0.00219501,0.298649,1.28013e+06
2.2,0.001937,2,-0.000170848,0.00219501,0.301651,1.25292e+06
2.2,0.001937,2,-0.000170848,0.00219501,0.304652,1.04934e+06
2.2,0.001937,2,-0.000170848,0.00219501,0.307654,1.19749e+06
2.2,0.001937,2,-0.000170848,0.00219501,0.310655,1.15941e+06
2.2,0.001937,2,-0.000170848,0.00219501,0.313657,1.0936e+06
2.2,0.001937,2,-0.000170848,0.00219501,0.316658,1.06228e+06
2.2,0.001937,2,-0.000170848,0.00219501,0.31966,1.15406e+06
2.2,0.001937,2,-0.000170848,0.00219501,0.322661,1.08472e+06
2.2,0.001937,2,-0.000170848,0.00219501,0.325663,1.17421e+06
2.2,0.001937,2,-0.000170848,0.00219501,0.328664,1.17975e+06
2.2,0.001937,2,-0.000170848,0.00219501,0.331666,997210
2.2,0.001937,2,-0.000170848,0.00219501,0.334667,-1.04611e+06
2.2,0.001937,2,-0.000170848,0.00219501,0.337669,-1.0405e+06
2.2,0.001937,2,-0.000170848,0.00219501,0.34067,-1.23053e+06
2.2,0.001937,2,-0.000170848,0.00219501,0.343672,-1.07905e+06
2.2,0.001937,2,-0.000170848,0.00219501,0.346673,-1.11728e+06
2.2,0.001937,2,-0.000170848,0.00219501,0.349675,-1.05102e+06
2.2,0.001937,2,-0.000170848,0.00219501,0.352676,-1.13866e+06
2.2,0.001937,2,-0.000170848,0.00219501,0.355678,-1.04986e+06
2.2,0.001937,2,-0.000170848,0.00219501,0.358679,-1.24629e+06
2.2,0.001937,2,-0.000170848,0.00219501,0.361681,-1.0486e+06
2.2,0.001937,2,-0.000170848,0.00219501,0.364682,-1.00363e+06
2.2,0.001937,2,-0.000170848,0.00219501,0.367684,-1.05345e+06
2.2,0.001937,2,-0.000170848,0.00219501,0.370685,-1.03748e+06
2.2,0.001937,2,-0.000170848,0.00219501,0.373687,-1.01626e+06
2.2,0.001937,2,-0.000170848,0.00219501,0.376688,-1.08645e+06
2.2,0.001937,2,-0.000170848,0.00219501,0.37969,-1.1054e+06
2.2,0.001937,2,-0.000170848,0.00219501,0.382691,-1.02684e+06
2.2,0.001937,2,-0.000170848,0.00219501,0.385693,-1.22705e+06
2.2,0.001937,2,-0.000170848,0.00219501,0.388694,-1.07093e+06
2.2,0.001937,2,-0.000170848,0.00219501,0.391696,-1.15139e+06
2.2,0.001937,2,-0.000170848,0.00219501,0.394697,-1.11333e+06
2.2,0.001937,2,-0.000170848,0.00219501,0.397699,-1.04179e+06
2.2,0.001937,2,-0.000170848,0.00219501,0.4007,-1.1208e+06
2.2,0.001937,2,-0.000170848,0.00219501,0.403702,-1.2418e+06
2.2,0.001937,2,-0.000170848,0.00219501,0.406703,-1.09531e+06
2.2,0.001937,2,-0.000170848,0.00219501,0.409705,-1.02965e+06
2.2,0.001937,2,-0.000170848,0.00219501,0.412706,-1.19455e+06
2.2,0.001937,2,-0.000170848,0.00219501,0.415708,-1.05475e+06
2.2,0.001937,2,-0.000170848,0.00219501,0.418709,-1.00262e+06
2.2,0.001937,2,-0.000170848,0.00219501,0.421711,-1.15995e+06
2.2,0.001937,2,-0.000170848,0.00219501,0.424712,-1.01143e+06
2.2,0.001937,2,-0.000170848,0.00219501,0.427714,-1.03158e+06
2.2,0.001937,2,-0.000170848,0.00219501,0.430715,-1.02648e+06
2.2,0.001937,2,-0.000170848,0.00219501,0.433717,-1.06876e+06
2.2,0.001937,2,-0.000170848,0.00219501,0.436718,-1.09274e+06
2.2,0.001937,2,-0.000170848,0.00219501,0.43972,-1.02331e+06
2.2,0.001937,2,-0.000170848,0.00219501,0.442721,-1.0069e+06
2.2,0.001937,2,-0.000170848,0.00219501,0.445723,-1.13015e+06
2.2,0.001937,2,-0.000170848,0.00219501,0.448724,-1.01849e+06
2.2,0.001937,2,-0.000170848,0.00219501,0.451726,-1.07897e+06
2.2,0.001937,2,-0.000170848,0.00219501,0.454727,-1.1201e+06
2.2,0.001937,2,-0.000170848,0.00219501,0.457729,-1.00565e+06
2.2,0.001937,2,-0.000170848,0.00219501,0.46073,-1.01341e+06
2.2,0.001937,2,-0.000170848,0.00219501,0.463732,-1.16403e+06
2.2,0.001937,2,-0.000170848,0.00219501,0.466733,-1.21452e+06
2.2,0.001937,2,-0.000170848,0.00219501,0.469735,-1.08783e+06
2.2,0.001937,2,-0.000170848,0.00219501,0.472736,-1.14294e+06
2.2,0.001937,2,-0.000170848,0.00219501,0.475738,-1.07356e+06
2.2,0.001937,2,-0.000170848,0.00219501,0.478739,-1.14788e+06
2.2,0.001937,2,-0.000170848,0.00219501,0.481741,-1.07786e+06
2.2,0.001937,2,-0.000170848,0.00219501,0.484742,-1.12572e+06
2.2,0.001937,2,-0.000170848,0.00219501,0.487744,-1.14334e+06
2.2,0.001937,2,-0.000170848,0.00219501,0.490745,-1.16133e+06
2.2,0.001937,2,-0.000170848,0.00219501,0.493747,-1.05007e+06
2.2,0.001937,2,-0.000170848,0.00219501,0.496748,-1.18154e+06
2.2,0.001937,2,-0.000170848,0.00219501,0.49975,-1.03925e+06
2.2,0.001937,2,-0.000170848,0.00219501,0.502751,-1.00191e+06
2.2,0.001937,2,-0.000170848,0.00219501,0.505753,-1.02872e+06
2.2,0.001937,2,-0.000170848,0.00219501,0.508754,-1.01437e+06
2.2,0.001937,2,-0.000170848,0.00219501,0.511756,-1.15393e+06
2.2,0.001937,2,-0.000170848,0.00219501,0.514757,-1.02981e+06
2.2,0.001937,2,-0.000170848,0.00219501,0.517759,-1.07746e+06
2.2,0.001937,2,-0.000170848,0.00219501,0.52076,-1.02192e+06
2.2,0.001937,2,-0.000170848,0.00219501,0.523762,-1.07513e+06
2.2,0.001937,2,-0.000170848,0.00219501,0.526763,-1.08563e+06
2.2,0.001937,2,-0.000170848,0.00219501,0.529765,-1.03852e+06
2.2,0.001937,2,-0.000170848,0.00219501,0.532766,-1.07732e+06
2.2,0.001937,2,-0.000170848,0.00219501,0.535768,-1.08583e+06
2.2,0.001937,2,-0.000170848,0.00219501,0.538769,-1.2176e+06
2.2,0.001937,2,-0.000170848,0.00219501,0.541771,-1.05238e+06
2.2,0.001937,2,-0.000170848,0.00219501,0.544772,-1.05755e+06
2.2,0.001937,2,-0.000170848,0.00219501,0.547774,-1.18238e+06
2.2,0.001937,2,-0.000170848,0.00219501,0.550775,-1.00467e+06
2.2,0.001937,2,-0.000170848,0.00219501,0.553777,-1.12811e+06
2.2,0.001937,2,-0.000170848,0.00219501,0.556778,-1.01501e+06
2.2,0.001937,2,-0.000170848,0.00219501,0.55978,-1.24852e+06
2.2,0.001937,2,-0.000170848,0.00219501,0.562781,-1.0074e+06
2.2,0.001937,2,-0.000170848,0.00219501,0.565783,-1.08935e+06
2.2,0.001937,2,-0.000170848,0.00219501,0.568784,-1.0239e+06
2.2,0.001937,2,-0.000170848,0.00219501,0.571786,-1.08496e+06
2.2,0.001937,2,-0.000170848,0.00219501,0.574787,-1.17151e+06
2.2,0.001937,2,-0.000170848,0.00219501,0.577789,-1.12159e+06
2.2,0.001937,2,-0.000170848,0.00219501,0.58079,-1.11824e+06
2.2,0.001937,2,-0.000170848,0.00219501,0.583792,-1.05772e+06
2.2,0.001937,2,-0.000170848,0.00219501,0.586793,-1.0491e+06
2.2,0.001937,2,-0.000170848,0.00219501,0.589795,-1.14074e+06
2.2,0.001937,2,-0.000170848,0.00219501,0.592796,-1.15914e+06
2.2,0.001937,2,-0.000170848,0.00219501,0.595798,-1.02749e+06
2.2,0.001937,2,-0.000170848,0.00219501,0.598799,-1.24349e+06
2.2,0.001937,2,-0.000170848,0.00219501,0.601801,-1.04007e+06
2.2,0.001937,2,-0.000170848,0.00219501,0.604802,-1.15124e+06
2.2,0.001937,2,-0.000170848,0.00219501,0.607804,-1.10406e+06
2.2,0.001937,2,-0.000170848,0.00219501,0.610805,-1.01432e+06
2.2,0.001937,2,-0.000170848,0.00219501,0.613807,-1.13166e+06
2.2,0.001937,2,-0.000170848,0.00219501,0.616808,-1.0304e+06
2.2,0.001937,2,-0.000170848,0.00219501,0.61981,-1.03362e+06
2.2,0.001937,2,-0.000170848,0.00219501,0.622811,-1.1472e+06
2.2,0.001937,2,-0.000170848,0.00219501,0.625813,-1.09041e+06
2.2,0.001937,2,-0.000170848,0.00219501,0.628814,-1.19488e+06
2.2,0.001937,2,-0.000170848,0.00219501,0.631816,-1.13652e+06
2.2,0.001937,2,-0.000170848,0.00219501,0.634817,-1.05264e+06
2.2,0.001937,2,-0.000170848,0.00219501,0.637819,-1.08367e+06
2.2,0.001937,2,-0.000170848,0.00219501,0.64082,-1.1715e+06
2.2,0.001937,2,-0.000170848,0.00219501,0.643822,-1.11116e+06
2.2,0.001937,2,-0.000170848,0.00219501,0.646823,-1.07134e+06
2.2,0.001937,2,-0.000170848,0.00219501,0.649825,-1.05038e+06
2.2,0.001937,2,-0.000170848,0.00219501,0.652826,-1.26443e+06
2.2,0.001937,2,-0.000170848,0.00219501,0.655828,-1.06779e+06
2.2,0.001937,2,-0.000170848,0.00219501,0.658829,-1.00851e+06
2.2,0.001937,2,-0.000170848,0.00219501,0.661831,-1.25382e+06
2.2,0.001937,2,-0.000170848,0.00219501,0.664832,-1.05815e+06
2.2,0.001937,2,-0.000170848,0.00219501,0.667834,-1.14969e+06
2.2,0.001937,2,-0.000170848,0.00219501,0.670835,-1.18651e+06
2.2,0.001937,2,-0.000170848,0.00219501,0.673837,-1.15323e+06
2.2,0.001937,2,-0.000170848,0.00219501,0.676838,-1.02126e+06
2.2,0.001937,2,-0.000170848,0.00219501,0.67984,-1.05358e+06
2.2,0.001937,2,-0.000170848,0.00219501,0.682841,-1.05364e+06
2.2,0.001937,2,-0.000170848,0.00219501,0.685843,-1.02626e+06
2.2,0.001937,2,-0.000170848,0.00219501,0.688844,-1.25227e+06
2.2,0.001937,2,-0.000170848,0.00219501,0.691846,-1.09421e+06
2.2,0.001937,2,-0.000170848,0.00219501,0.694847,-1.13255e+06
2.2,0.001937,2,-0.000170848,0.00219501,0.697849,-1.05132e+06
2.2,0.001937,2,-0.000170848,0.00219501,0.70085,-1.05175e+06
2.2,0.001937,2,-0.000170848,0.00219501,0.703852,-1.00017e+06
2.2,0.001937,2,-0.000170848,0.00219501,0.706853,-1.07664e+06
2.2,0.001937,2,-0.000170848,0.00219501,0.709855,-1.03501e+06
2.2,0.001937,2,-0.000170848,0.00219501,0.712856,-1.13591e+06
2.2,0.001937,2,-0.000170848,0.00219501,0.715858,-1.19863e+06
2.2,0.001937,2,-0.000170848,0.00219501,0.718859,-1.09415e+06
2.2,0.001937,2,-0.000170848,0.00219501,0.721861,-1.03637e+06
2.2,0.001937,2,-0.000170848,0.00219501,0.724862,1.09903e+06
2.2,0.001937,2,-0.000170848,0.00219501,0.727864,1.29253e+06
2.2,0.001937,2,-0.000170848,0.00219501,0.730865,1.04619e+06
2.2,0.001937,2,-0.000170848,0.00219501,0.733867,1.1394e+06
2.2,0.001937,2,-0.000170848,0.00219501,0.736868,1.08918e+06
2.2,0.001937,2,-0.000170848,0.00219501,0.73987,1.23917e+06
2.2,0.001937,2,-0.000170848,0.00219501,0.742871,1.00858e+06
2.2,0.001937,2,-0.000170848,0.00219501,0.745873,1.07074e+06
2.2,0.001937,2,-0.000170848,0.00219501,0.748874,1.02061e+06
2.2,0.001937,2,-0.000170848,0.00219501,0.751876,1.02405e+06
2.2,0.001937,2,-0.000170848,0.00219501,0.754877,1.10984e+06
2.2,0.001937,2,-0.000170848,0.00219501,0.757879,1.01085e+06
2.2,0.001937,2,-0.000170848,0.00219501,0.76088,1.13422e+06
2.2,0.001937,2,-0.000170848,0.00219501,0.763882,1.25508e+06
2.2,0.001937,2,-0.000170848,0.00219501,0.766883,1.09098e+06
2.2,0.001937,2,-0.000170848,0.00219501,0.769885,1.23965e+06
2.2,0.001937,2,-0.000170848,0.00219501,0.772886,1.09739e+06
2.2,0.001937,2,-0.000170848,0.00219501,0.775888,1.12129e+06
2.2,0.001937,2,-0.000170848,0.00219501,0.778889,1.07052e+06
2.2,0.001937,2,-0.000170848,0.00219501,0.781891,1.16843e+06
2.2,0.001937,2,-0.000170848,0.00219501,0.784892,1.06752e+06
2.2,0.001937,2,-0.000170848,0.00219501,0.787894,1.02277e+06
2.2,0.001937,2,-0.000170848,0.00219501,0.790895,1.16326e+06
2.2,0.001937,2,-0.000170848,0.00219501,0.793897,1.10607e+06
2.2,0.001937,2,-0.000170848,0.00219501,0.796898,1.1797e+06
2.2,0.001937,2,-0.000170848,0.00219501,0.7999,1.1764e+06
2.2,0.001937,2,-0.000170848,0.00219501,0.802901,1.00752e+06
2.2,0.001937,2,-0.000170848,0.00219501,0.805903,1.0736e+06
2.2,0.001937,2,-0.000170848,0.00219501,0.808904,1.01188e+06
2.2,0.001937,2,-0.000170848,0.00219501,0.811906,1.12688e+06
2.2,0.001937,2,-0.000170848,0.00219501,0.814907,1.03736e+06
2.2,0.001937,2,-0.000170848,0.00219501,0.817909,1.14523e+06
2.2,0.001937,2,-0.000170848,0.00219501,0.82091,1.05204e+06
2.2,0.001937,2,-0.000170848,0.00219501,0.823912,1.2166e+06
2.2,0.001937,2,-0.000170848,0.00219501,0.826913,1.11391e+06
2.2,0.001937,2,-0.000170848,0.00219501,0.829915,1.03878e+06
2.2,0.001937,2,-0.000170848,0.00219501,0.832916,1.03624e+06
2.2,0.001937,2,-0.000170848,0.00219501,0.835918,1.06096e+06
2.2,0.001937,2,-0.000170848,0.00219501,0.838919,1.07264e+06
2.2,0.001937,2,-0.000170848,0.00219501,0.841921,1.036e+06
2.2,0.001937,2,-0.000170848,0.00219501,0.844922,1.02195e+06
2.2,0.001937,2,-0.000170848,0.00219501,0.847924,1.20392e+06
2.2,0.001937,2,-0.000170848,0.00219501,0.850925,1.11351e+06
2.2,0.001937,2,-0.000170848,0.00219501,0.853927,1.00842e+06
2.2,0.001937,2,-0.000170848,0.00219501,0.856928,1.04526e+06
2.2,0.001937,2,-0.000170848,0.00219501,0.85993,1.13757e+06
2.2,0.001937,2,-0.000170848,0.00219501,0.862931,1.09807e+06
2.2,0.001937,2,-0.000170848,0.00219501,0.865933,1.14631e+06
2.2,0.001937,2,-0.000170848,0.00219501,0.868934,1.05376e+06
2.2,0.001937,2,-0.000170848,0.00219501,0.871936,1.01825e+06
2.2,0.001937,2,-0.000170848,0.00219501,0.874937,1.10659e+06
2.2,0.001937,2,-0.000170848,0.00219501,0.877939,1.0524e+06
2.2,0.001937,2,-0.000170848,0.00219501,0.88094,1.29341e+06
2.2,0.001937,2,-0.000170848,0.00219501,0.883942,1.11038e+06
2.2,0.001937,2,-0.000170848,0.00219501,0.886943,1.05382e+06
2.2,0.001937,2,-0.000170848,0.00219501,0.889945,1.05099e+06
2.2,0.001937,2,-0.000170848,0.00219501,0.892946,1.11391e+06
2.2,0.001937,2,-0.000170848,0.00219501,0.895948,1.13754e+06
2.2,0.001937,2,-0.000170848,0.00219501,0.898949,1.07737e+06
2.2,0.001937,2,-0.000170848,0.00219501,0.901951,1.01804e+06
2.2,0.001937,2,-0.000170848,0.00219501,0.904952,1.16651e+06
2.2,0.001937,2,-0.000170848,0.00219501,0.907954,1.036e+06
2.2,0.001937,2,-0.000170848,0.00219501,0.910955,1.13036e+06
2.2,0.001937,2,-0.000170848,0.00219501,0.913957,1.02848e+06
2.2,0.001937,2,-0.000170848,0.00219501,0.916958,1.08923e+06
2.2,0.001937,2,-0.000170848,0.00219501,0.91996,1.20082e+06
2.2,0.001937,2,-0.000170848,0.00219501,0.922961,1.06813e+06
2.2,0.001937,2,-0.000170848,0.00219501,0.925963,1.00525e+06
2.2,0.001937,2,-0.000170848,0.00219501,0.928964,1.05533e+06
2.2,0.001937,2,-0.000170848,0.00219501,0.931966,1.13868e+06
2.2,0.001937,2,-0.000170848,0.00219501,0.934967,1.18544e+06
2.2,0.001937,2,-0.000170848,0.00219501,0.937969,1.01198e+06
2.2,0.001937,2,-0.000170848,0.00219501,0.94097,1.00115e+06
2.2,0.001937,2,-0.000170848,0.00219501,0.943972,1.05053e+06
2.2,0.001937,2,-0.000170848,0.00219501,0.946973,1.03442e+06
2.2,0.001937,2,-0.000170848,0.00219501,0.949975,1.20382e+06
2.2,0.001937,2,-0.000170848,0.00219501,0.952976,1.25913e+06
2.2,0.001937,2,-0.000170848,0.00219501,0.955978,1.09242e+06
2.2,0.001937,2,-0.000170848,0.00219501,0.958979,1.12377e+06
2.2,0.001937,2,-0.000170848,0.00219501,0.961981,1.05312e+06
2.2,0.001937,2,-0.000170848,0.00219501,0.964982,1.04051e+06
2.2,0.001937,2,-0.000170848,0.00219501,0.967984,1.03295e+06
2.2,0.001937,2,-0.000170848,0.00219501,0.970985,1.02673e+06
2.2,0.001937,2,-0.000170848,0.00219501,0.973987,1.16757e+06
2.2,0.001937,2,-0.000170848,0.00219501,0.976988,1.10422e+06
2.2,0.001937,2,-0.000170848,0.00219501,0.97999,1.25923e+06
2.2,0.001937,2,-0.000170848,0.00219501,0.982991,1.05448e+06
2.2,0.001937,2,-0.000170848,0.00219501,0.985993,1.00386e+06
2.2,0.001937,2,-0.000170848,0.00219501,0.988994,1.07567e+06
2.2,0.001937,2,-0.000170848,0.00219501,0.991996,1.00428e+06
2.2,0.001937,2,-0.000170848,0.00219501,0.994997,1.06085e+06
2.2,0.001937,2,-0.000170848,0.00219501,0.997999,1.02977e+06
2.2,0.001937,2,-0.000170848,0.00219501,1.001,1.30368e+06
2.2,0.001937,2,-0.000170848,0.00219501,1.004,1.01227e+06
2.2,0.001937,2,-0.000170848,0.00219501,1.007,1.04831e+06
2.2,0.001937,2,-0.000170848,0.00219501,1.01001,1.08277e+06
2.2,0.001937,2,-0.000170848,0.00219501,1.01301,1.02328e+06
2.2,0.001937,2,-0.000170848,0.00219501,1.01601,1.02778e+06
2.2,0.001937,2,-0.000170848,0.00219501,1.01901,1.07046e+06
2.2,0.001937,2,-0.000170848,0.00219501,1.02201,1.21317e+06
2.2,0.001937,2,-0.000170848,0.00219501,1.02501,1.22138e+06
2.2,0.001937,2,-0.000170848,0.00219501,1.02801,1.26716e+06
2.2,0.001937,2,-0.000170848,0.00219501,1.03102,1.18651e+06
2.2,0.001937,2,-0.000170848,0.00219501,1.03402,1.01047e+06
2.2,0.001937,2,-0.000170848,0.00219501,1.03702,1.20717e+06
2.2,0.001937,2,-0.000170848,0.00219501,1.04002,1.09829e+06
2.2,0.001937,2,-0.000170848,0.00219501,1.04302,1.02787e+06
2.2,0.001937,2,-0.000170848,0.00219501,1.04602,1.06127e+06
2.2,0.001937,2,-0.000170848,0.00219501,1.04902,1.29579e+06
2.2,0.001937,2,-0.000170848,0.00219501,1.05203,1.09634e+06
2.2,0.001937,2,-0.000170848,0.00219501,1.05503,1.06217e+06
2.2,0.001937,2,-0.000170848,0.00219501,1.05803,1.15303e+06
2.2,0.001937,2,-0.000170848,0.00219501,1.06103,1.17148e+06
2.2,0.001937,2,-0.000170848,0.00219501,1.06403,1.17692e+06
2.2,0.001937,2,-0.000170848,0.00219501,1.06703,1.14048e+06
2.2,0.001937,2,-0.000170848,0.00219501,1.07004,1.02406e+06
2.2,0.001937,2,-0.000170848,0.00219501,1.07304,-1.00204e+06
2.2,0.001937,2,-0.000170848,0.00219501,1.07604,-1.07592e+06
2.2,0.001937,2,-0.000170848,0.00219501,1.07904,-1.20942e+06
2.2,0.001937,2,-0.000170848,0.00219501,1.08204,-1.29321e+06
2.2,0.001937,2,-0.000170848,0.00219501,1.08504,-1.11801e+06
2.2,0.001937,2,-0.000170848,0.00219501,1.08804,-1.04354e+06
2.2,0.001937,2,-0.000170848,0.00219501,1.09105,-1.00197e+06
2.2,0.001937,2,-0.000170848,0.00219501,1.09405,-1.12625e+06
2.2,0.001937,2,-0.000170848,0.00219501,1.09705,-1.26247e+06
2.2,0.001937,2,-0.000170848,0.00219501,1.10005,-1.02819e+06
2.2,0.001937,2,-0.000170848,0.00219501,1.10305,-1.05712e+06
2.2,0.001937,2,-0.000170848,0.00219501,1.10605,-1.09652e+06
2.2,0.001937,2,-0.000170848,0.00219501,1.10905,-1.23699e+06
2.2,0.001937,2,-0.000170848,0.00219501,1.11206,-1.26648e+06
2.2,0.001937,2,-0.000170848,0.00219501,1.11506,-1.03308e+06
2.2,0.001937,2,-0.000170848,0.00219501,1.11806,-1.23714e+06
2.2,0.001937,2,-0.000170848,0.00219501,1.12106,-1.10484e+06
2.2,0.001937,2,-0.000170848,0.00219501,1.12406,-1.29583e+06
2.2,0.001937,2,-0.000170848,0.00219501,1.12706,-1.09859e+06
2.2,0.001937,2,-0.000170848,0.00219501,1.13007,-1.21797e+06
2.2,0.001937,2,-0.000170848,0.00219501,1.13307,-1.06625e+06
2.2,0.001937,2,-0.000170848,0.00219501,1.13607,-1.24865e+06
2.2,0.001937,2,-0.000170848,0.00219501,1.13907,-1.13078e+06
2.2,0.001937,2,-0.000170848,0.00219501,1.14207,-1.30973e+06
2.2,0.001937,2,-0.000170848,0.00219501,1.14507,-1.20267e+06
2.2,0.001937,2,-0.000170848,0.00219501,1.14807,-1.24409e+06
2.2,0.001937,2,-0.000170848,0.00219501,1.15108,-1.16643e+06
2.2,0.001937,2,-0.000170848,0.00219501,1.15408,-1.11739e+06
2.2,0.001937,2,-0.000170848,0.00219501,1.15708,-1.07681e+06
2.2,0.001937,2,-0.000170848,0.00219501,1.16008,-1.23287e+06
2.2,0.001937,2,-0.000170848,0.00219501,1.16308,-1.10706e+06
2.2,0.001937,2,-0.000170848,0.00219501,1.16608,-1.09653e+06
2.2,0.001937,2,-0.000170848,0.00219501,1.16908,-1.0705e+06
2.2,0.001937,2,-0.000170848,0.00219501,1.17209,-1.05162e+06
2.2,0.001937,2,-0.000170848,0.00219501,1.17509,-1.18956e+06
2.2,0.001937,2,-0.000170848,0.00219501,1.17809,-1.1191e+06
2.2,0.001937,2,-0.000170848,0.00219501,1.18109,-1.1416e+06
2.2,0.001937,2,-0.000170848,0.00219501,1.18409,-1.14359e+06
2.2,0.001937,2,-0.000170848,0.00219501,1.18709,-1.05867e+06
2.2,0.001937,2,-0.000170848,0.00219501,1.1901,-1.07709e+06
2.2,0.001937,2,-0.000170848,0.00219501,1.1931,-1.15106e+06
2.2,0.001937,2,-0.000170848,0.00219501,1.1961,-1.10869e+06
2.2,0.001937,2,-0.000170848,0.00219501,1.1991,-1.06489e+06
2.2,0.001937,2,-0.000170848,0.00219501,1.2021,-1.09755e+06
2.2,0.001937,2,-0.000170848,0.00219501,1.2051,-1.09577e+06
2.2,0.001937,2,-0.000170848,0.00219501,1.2081,-1.08513e+06
2.2,0.001937,2,-0.000170848,0.00219501,1.21111,-1.05358e+06
2.2,0.001937,2,-0.000170848,0.00219501,1.21411,-1.16592e+06
2.2,0.001937,2,-0.000170848,0.00219501,1.21711,-1.02078e+06
2.2,0.001937,2,-0.000170848,0.00219501,1.22011,-1.00138e+06
2.2,0.001937,2,-0.000170848,0.00219501,1.22311,-1.10349e+06
2.2,0.001937,2,-0.000170848,0.00219501,1.22611,-1.1699e+06
2.2,0.001937,2,-0.000170848,0.00219501,1.22911,-1.12568e+06
2.2,0.001937,2,-0.000170848,0.00219501,1.23212,-1.00574e+06
2.2,0.001937,2,-0.000170848,0.00219501,1.23512,-1.08399e+06
2.2,0.001937,2,-0.000170848,0.00219501,1.23812,-1.22528e+06
2.2,0.001937,2,-0.000170848,0.00219501,1.24112,-1.14467e+06
2.2,0.001937,2,-0.000170848,0.00219501,1.24412,-1.01995e+06
2.2,0.001937,2,-0.000170848,0.00219501,1.24712,-1.11998e+06
2.2,0.001937,2,-0.000170848,0.00219501,1.25013,-1.02565e+06
2.2,0.001937,2,-0.000170848,0.00219501,1.25313,-1.09823e+06
2.2,0.001937,2,-0.000170848,0.00219501,1.25613,-1.00098e+06
2.2,0.001937,2,-0.000170848,0.00219501,1.25913,-1.25534e+06
2.2,0.001937,2,-0.000170848,0.00219501,1.26213,-1.15947e+06
2.2,0.001937,2,-0.000170848,0.00219501,1.26513,-1.15477e+06
2.2,0.001937,2,-0.000170848,0.00219501,1.26813,-1.13183e+06
2.2,0.001937,2,-0.000170848,0.00219501,1.27114,-1.14977e+06
2.2,0.001937,2,-0.000170848,0.00219501,1.27414,-1.04103e+06
2.2,0.001937,2,-0.000170848,0.00219501,1.27714,-1.28329e+06
2.2,0.001937,2,-0.000170848,0.00219501,1.28014,-1.00928e+06
2.2,0.001937,2,-0.000170848,0.00219501,1.28314,-1.08762e+06
2.2,0.001937,2,-0.000170848,0.00219501,1.28614,-1.06234e+06
2.2,0.001937,2,-0.000170848,0.00219501,1.28914,-1.03086e+06
2.2,0.001937,2,-0.000170848,0.00219501,1.29215,-1.0631e+06
2.2,0.001937,2,-0.000170848,0.00219501,1.29515,-1.11929e+06
2.2,0.001937,2,-0.000170848,0.00219501,1.29815,-1.05386e+06
2.2,0.001937,2,-0.000170848,0.00219501,1.30115,-1.10052e+06
2.2,0.001937,2,-0.000170848,0.00219501,1.30415,-1.04928e+06
2.2,0.001937,2,-0.000170848,0.00219501,1.30715,-1.14577e+06
2.2,0.001937,2,-0.000170848,0.00219501,1.31016,-1.15039e+06
2.2,0.001937,2,-0.000170848,0.00219501,1.31316,-1.11668e+06
2.2,0.001937,2,-0.000170848,0.00219501,1.31616,-1.1322e+06
2.2,0.001937,2,-0.000170848,0.00219501,1.31916,-1.05335e+06
2.2,0.001937,2,-0.000170848,0.00219501,1.32216,-1.24146e+06
2.2,0.001937,2,-0.000170848,0.00219501,1.32516,-1.25333e+06
2.2,0.001937,2,-0.000170848,0.00219501,1.32816,-1.07102e+06
2.2,0.001937,2,-0.000170848,0.00219501,1.33117,-1.19872e+06
2.2,0.001937,2,-0.000170848,0.00219501,1.33417,-1.02676e+06
2.2,0.001937,2,-0.000170848,0.00219501,1.33717,-1.31528e+06
2.2,0.001937,2,-0.000170848,0.00219501,1.34017,-1.12352e+06
2.2,0.001937,2,-0.000170848,0.00219501,1.34317,-1.13309e+06
2.2,0.001937,2,-0.000170848,0.00219501,1.34617,-1.1213e+06
2.2,0.001937,2,-0.000170848,0.00219501,1.34917,-1.01182e+06
2.2,0.001937,2,-0.000170848,0.00219501,1.35218,-1.07978e+06
2.2,0.001937,2,-0.000170848,0.00219501,1.35518,-1.3005e+06
2.2,0.001937,2,-0.000170848,0.00219501,1.35818,-1.08127e+06
2.2,0.001937,2,-0.000170848,0.00219501,1.36118,-1.03754e+06
2.2,0.001937,2,-0.000170848,0.00219501,1.36418,1.05548e+06
2.2,0.001937,2,-0.000170848,0.00219501,1.36718,1.23616e+06
2.2,0.001937,2,-0.000170848,0.00219501,1.37019,1.20717e+06
2.2,0.001937,2,-0.000170848,0.00219501,1.37319,1.20325e+06
2.2,0.001937,2,-0.000170848,0.00219501,1.37619,1.18234e+06
2.2,0.001937,2,-0.000170848,0.00219501,1.37919,1.03718e+06
2.2,0.001937,2,-0.000170848,0.00219501,1.38219,1.01264e+06
2.2,0.001937,2,-0.000170848,0.00219501,1.38519,1.06165e+06
2.2,0.001937,2,-0.000170848,0.00219501,1.38819,1.01591e+06
2.2,0.001937,2,-0.000170848,0.00219501,1.3912,1.13759e+06
2.2,0.001937,2,-0.000170848,0.00219501,1.3942,1.00386e+06
2.2,0.001937,2,-0.000170848,0.00219501,1.3972,1.09164e+06
2.2,0.001937,2,-0.000170848,0.00219501,1.4002,1.01294e+06
2.2,0.001937,2,-0.000170848,0.00219501,1.4032,1.13153e+06
2.2,0.001937,2,-0.000170848,0.00219501,1.4062,1.03987e+06
2.2,0.001937,2,-0.000170848,0.00219501,1.4092,1.14401e+06
2.2,0.001937,2,-0.000170848,0.00219501,1.41221,1.03556e+06
2.2,0.001937,2,-0.000170848,0.00219501,1.41521,1.09016e+06
2.2,0.001937,2,-0.000170848,0.00219501,1.41821,1.1662e+06
2.2,0.001937,2,-0.000170848,0.00219501,1.42121,1.06309e+06
2.2,0.001937,2,-0.000170848,0.00219501,1.42421,1.04118e+06
2.2,0.001937,2,-0.000170848,0.00219501,1.42721,1.06554e+06
2.2,0.001937,2,-0.000170848,0.00219501,1.43022,1.11575e+06
2.2,0.001937,2,-0.000170848,0.00219501,1.43322,1.22483e+06
2.2,0.001937,2,-0.000170848,0.00219501,1.43622,1.03742e+06
2.2,0.001937,2,-0.000170848,0.00219501,1.43922,1.22445e+06
2.2,0.001937,2,-0.000170848,0.00219501,1.44222,1.02502e+06
2.2,0.001937,2,-0.000170848,0.00219501,1.44522,1.02344e+06
2.2,0.001937,2,-0.000170848,0.00219501,1.44822,1.01701e+06
2.2,0.001937,2,-0.000170848,0.00219501,1.45123,1.03722e+06
2.2,0.001937,2,-0.000170848,0.00219501,1.45423,1.12782e+06
2.2,0.001937,2,-0.000170848,0.00219501,1.45723,1.06118e+06
2.2,0.001937,2,-0.000170848,0.00219501,1.46023,1.1757e+06
2.2,0.001937,2,-0.000170848,0.00219501,1.46323,1.0226e+06
2.2,0.001937,2,-0.000170848,0.00219501,1.46623,1.12054e+06
2.2,0.001937,2,-0.000170848,0.00219501,1.46923,1.15791e+06
2.2,0.001937,2,-0.000170848,0.00219501,1.47224,1.14158e+06
2.2,0.001937,2,-0.000170848,0.00219501,1.47524,1.10232e+06
2.2,0.001937,2,-0.000170848,0.00219501,1.47824,1.07663e+06
2.2,0.001937,2,-0.000170848,0.00219501,1.48124,1.16604e+06
2.2,0.001937,2,-0.000170848,0.00219501,1.48424,1.07921e+06
2.2,0.001937,2,-0.000170848,0.00219501,1.48724,1.09733e+06
2.2,0.001937,2,-0.000170848,0.00219501,1.49025,1.00766e+06
2.2,0.001937,2,-0.000170848,0.00219501,1.49325,1.11488e+06
2.2,0.001937,2,-0.000170848,0.00219501,1.49625,1.06358e+06
2.2,0.001937,2,-0.000170848,0.00219501,1.49925,1.16355e+06
2.2,0.001937,2,-0.000170848,0.00219501,1.50225,1.12207e+06
2.2,0.001937,2,-0.000170848,0.00219501,1.50525,1.05122e+06
2.2,0.001937,2,-0.000170848,0.00219501,1.50825,1.10632e+06
2.2,0.001937,2,-0.000170848,0.00219501,1.51126,1.17929e+06
2.2,0.001937,2,-0.000170848,0.00219501,1.51426,1.22681e+06
2.2,0.001937,2,-0.000170848,0.00219501,1.51726,1.07885e+06
2.2,0.001937,2,-0.000170848,0.00219501,1.52026,1.20835e+06
2.2,0.001937,2,-0.000170848,0.00219501,1.52326,1.07023e+06
2.2,0.001937,2,-0.000170848,0.00219501,1.52626,1.04864e+06
2.2,0.001937,2,-0.000170848,0.00219501,1.52926,1.2066e+06
2.2,0.001937,2,-0.000170848,0.00219501,1.53227,1.10627e+06
2.2,0.001937,2,-0.000170848,0.00219501,1.53527,1.30108e+06
2.2,0.001937,2,-0.000170848,0.00219501,1.53827,1.21381e+06
2.2,0.001937,2,-0.000170848,0.00219501,1.54127,1.29966e+06
2.2,0.001937,2,-0.000170848,0.00219501,1.54427,1.16545e+06
2.2,0.001937,2,-0.000170848,0.00219501,1.54727,1.17537e+06
2.2,0.001937,2,-0.000170848,0.00219501,1.55028,1.15243e+06
2.2,0.001937,2,-0.000170848,0.00219501,1.55328,1.04424e+06
2.2,0.001937,2,-0.000170848,0.00219501,1.55628,1.1185e+06
2.2,0.001937,2,-0.000170848,0.00219501,1.55928,1.06979e+06
2.2,0.001937,2,-0.000170848,0.00219501,1.56228,1.15691e+06
2.2,0.001937,2,-0.000170848,0.00219501,1.56528,1.00074e+06
2.2,0.001937,2,-0.000170848,0.00219501,1.56828,1.18309e+06
2.2,0.001937,2,-0.000170848,0.00219501,1.57129,1.04135e+06
2.2,0.001937,2,-0.000170848,0.00219501,1.57429,1.0637e+06
2.2,0.001937,2,-0.000170848,0.00219501,1.57729,1.21193e+06
2.2,0.001937,2,-0.000170848,0.00219501,1.58029,1.09466e+06
2.2,0.001937,2,-0.000170848,0.00219501,1.58329,1.00439e+06
2.2,0.001937,2,-0.000170848,0.00219501,1.58629,1.15227e+06
2.2,0.001937,2,-0.000170848,0.00219501,1.58929,1.25164e+06
2.2,0.001937,2,-0.000170848,0.00219501,1.5923,-1.06538e+06
2.2,0.001937,2,-0.000170848,0.00219501,1.5953,-1.10305e+06
2.2,0.001937,2,-0.000170848,0.00219501,1.5983,-1.09719e+06
2.2,0.001937,2,-0.000170848,0.00219501,1.6013,-1.00211e+06
2.2,0.001937,2,-0.000170848,0.00219501,1.6043,-1.0746e+06
2.2,0.001937,2,-0.000170848,0.00219501,1.6073,-1.19578e+06
2.2,0.001937,2,-0.000170848,0.00219501,1.61031,-1.06358e+06
2.2,0.001937,2,-0.000170848,0.00219501,1.61331,-1.19376e+06
2.2,0.001937,2,-0.000170848,0.00219501,1.61631,-1.00753e+06
2.2,0.001937,2,-0.000170848,0.00219501,1.61931,-1.01035e+06
2.2,0.001937,2,-0.000170848,0.00219501,1.62231,-1.25547e+06
2.2,0.001937,2,-0.000170848,0.00219501,1.62531,-1.10026e+06
2.2,0.001937,2,-0.000170848,0.00219501,1.62831,-1.13264e+06
2.2,0.001937,2,-0.000170848,0.00219501,1.63132,-1.20776e+06
2.2,0.001937,2,-0.000170848,0.00219501,1.63432,-1.03051e+06
2.2,0.001937,2,-0.000170848,0.00219501,1.63732,-1.08549e+06
2.2,0.001937,2,-0.000170848,0.00219501,1.64032,-1.04039e+06
2.2,0.001937,2,-0.000170848,0.00219501,1.64332,-1.03557e+06
2.2,0.001937,2,-0.000170848,0.00219501,1.64632,-1.01775e+06
2.2,0.001937,2,-0.000170848,0.00219501,1.64932,-1.09746e+06
2.2,0.001937,2,-0.000170848,0.00219501,1.65233,-1.02568e+06
2.2,0.001937,2,-0.000170848,0.00219501,1.65533,-1.00584e+06
2.2,0.001937,2,-0.000170848,0.00219501,1.65833,-1.15293e+06
2.2,0.001937,2,-0.000170848,0.00219501,1.66133,-1.03606e+06
2.2,0.001937,2,-0.000170848,0.00219501,1.66433,-1.05969e+06
2.2,0.001937,2,-0.000170848,0.00219501,1.66733,-1.08566e+06
2.2,0.001937,2,-0.000170848,0.00219501,1.67034,-1.04188e+06
2.2,0.001937,2,-0.000170848,0.00219501,1.67334,-1.14083e+06
2.2,0.001937,2,-0.000170848,0.00219501,1.67634,-1.13347e+06
2.2,0.001937,2,-0.000170848,0.00219501,1.67934,-1.08929e+06
2.2,0.001937,2,-0.000170848,0.00219501,1.68234,-1.12206e+06
2.2,0.001937,2,-0.000170848,0.00219501,1.68534,-1.04578e+06
2.2,0.001937,2,-0.000170848,0.00219501,1.68834,-1.08951e+06
2.2,0.001937,2,-0.000170848,0.00219501,1.69135,-1.07215e+06
2.2,0.001937,2,-0.000170848,0.00219501,1.69435,-1.01566e+06
2.2,0.001937,2,-0.000170848,0.00219501,1.69735,-1.17267e+06
2.2,0.001937,2,-0.000170848,0.00219501,1.70035,-1.0412e+06
2.2,0.001937,2,-0.000170848,0.00219501,1.70335,-1.16128e+06
2.2,0.001937,2,-0.000170848,0.00219501,1.70635,-1.01047e+06
2.2,0.001937,2,-0.000170848,0.00219501,1.70935,-1.0564e+06
2.2,0.001937,2,-0.000170848,0.00219501,1.71236,-1.03712e+06
2.2,0.001937,2,-0.000170848,0.00219501,1.71536,-1.11146e+06
2.2,0.001937,2,-0.000170848,0.00219501,1.71836,-1.06563e+06
2.2,0.001937,2,-0.000170848,0.00219501,1.72136,-1.10428e+06
2.2,0.001937,2,-0.000170848,0.00219501,1.72436,-1.10848e+06
2.2,0.001937,2,-0.000170848,0.00219501,1.72736,-1.02339e+06
2.2,0.001937,2,-0.000170848,0.00219501,1.73037,-1.02778e+06
2.2,0.001937,2,-0.000170848,0.00219501,1.73337,-1.0028e+06
2.2,0.001937,2,-0.000170848,0.00219501,1.73637,-1.10773e+06
2.2,0.001937,2,-0.000170848,0.00219501,1.73937,-1.07913e+06
2.2,0.001937,2,-0.000170848,0.00219501,1.74237,-1.17813e+06
2.2,0.001937,2,-0.000170848,0.00219501,1.74537,-1.04355e+06
2.2,0.001937,2,-0.000170848,0.00219501,1.74837,-1.11435e+06
2.2,0.001937,2,-0.000170848,0.00219501,1.75138,-1.02301e+06
2.2,0.001937,2,-0.000170848,0.00219501,1.75438,-1.0818e+06
2.2,0.001937,2,-0.000170848,0.00219501,1.75738,-1.06242e+06
2.2,0.001937,2,-0.000170848,0.00219501,1.76038,-1.05434e+06
2.2,0.001937,2,-0.000170848,0.00219501,1.76338,-1.12542e+06
2.2,0.001937,2,-0.000170848,0.00219501,1.76638,-1.00308e+06
2.2,0.001937,2,-0.000170848,0.00219501,1.76938,-1.1499e+06
2.2,0.001937,2,-0.000170848,0.00219501,1.77239,-1.00787e+06
2.2,0.001937,2,-0.000170848,0.00219501,1.77539,-1.21505e+06
2.2,0.001937,2,-0.000170848,0.00219501,1.77839,-1.00144e+06
2.2,0.001937,2,-0.000170848,0.00219501,1.78139,-1.00728e+06
2.2,0.001937,2,-0.000170848,0.00219501,1.78439,-1.14587e+06
2.2,0.001937,2,-0.000170848,0.00219501,1.78739,-1.18226e+06
2.2,0.001937,2,-0.000170848,0.00219501,1.7904,-1.1395e+06
2.2,0.001937,2,-0.000170848,0.00219501,1.7934,-1.17462e+06
2.2,0.001937,2,-0.000170848,0.00219501,1.7964,1.03822e+06
2.2,0.001937,2,-0.000170848,0.00219501,1.7994,1.01386e+06
2.2,0.001937,2,-0.000170848,0.00219501,1.8024,1.02065e+06
2.2,0.001937,2,-0.000170848,0.00219501,1.8054,1.04103e+06
2.2,0.001937,2,-0.000170848,0.00219501,1.8084,1.1617e+06
2.2,0.001937,2,-0.000170848,0.00219501,1.81141,1.10289e+06
2.2,0.001937,2,-0.000170848,0.00219501,1.81441,1.06162e+06
2.2,0.001937,2,-0.000170848,0.00219501,1.81741,1.06969e+06
2.2,0.001937,2,-0.000170848,0.00219501,1.82041,1.07256e+06
2.2,0.001937,2,-0.000170848,0.00219501,1.82341,1.03621e+06
2.2,0.001937,2,-0.000170848,0.00219501,1.82641,1.01871e+06
2.2,0.001937,2,-0.000170848,0.00219501,1.82941,1.00389e+06
2.2,0.001937,2,-0.000170848,0.00219501,1.83242,1.07191e+06
2.2,0.001937,2,-0.000170848,0.00219501,1.83542,1.04635e+06
2.2,0.001937,2,-0.000170848,0.00219501,1.83842,1.23082e+06
2.2,0.001937,2,-0.000170848,0.00219501,1.84142,1.08103e+06
2.2,0.001937,2,-0.000170848,0.00219501,1.84442,1.00687e+06
2.2,0.001937,2,-0.000170848,0.00219501,1.84742,1.12386e+06
2.2,0.001937,2,-0.000170848,0.00219501,1.85043,1.18485e+06
2.2,0.001937,2,-0.000170848,0.00219501,1.85343,1.11811e+06
2.2,0.001937,2,-0.000170848,0.00219501,1.85643,1.00344e+06
2.2,0.001937,2,-0.000170848,0.00219501,1.85943,1.1289e+06
2.2,0.001937,2,-0.000170848,0.00219501,1.86243,1.09261e+06
2.2,0.001937,2,-0.000170848,0.00219501,1.86543,1.15579e+06
2.2,0.001937,2,-0.000170848,0.00219501,1.86843,1.04755e+06
2.2,0.001937,2,-0.000170848,0.00219501,1.87144,1.10421e+06
2.2,0.001937,2,-0.000170848,0.00219501,1.87444,1.13387e+06
2.2,0.001937,2,-0.000170848,0.00219501,1.87744,1.05088e+06
2.2,0.001937,2,-0.000170848,0.00219501,1.88044,1.17531e+06
2.2,0.001937,2,-0.000170848,0.00219501,1.88344,1.25091e+06
2.2,0.001937,2,-0.000170848,0.00219501,1.88644,1.18384e+06
2.2,0.001937,2,-0.000170848,0.00219501,1.88944,1.03222e+06
2.2,0.001937,2,-0.000170848,0.00219501,1.89245,1.18387e+06
2.2,0.001937,2,-0.000170848,0.00219501,1.89545,1.17672e+06
2.2,0.001937,2,-0.000170848,0.00219501,1.89845,1.20087e+06
2.2,0.001937,2,-0.000170848,0.00219501,1.90145,1.08406e+06
2.2,0.001937,2,-0.000170848,0.00219501,1.90445,1.11476e+06
2.2,0.001937,2,-0.000170848,0.00219501,1.90745,1.16539e+06
2.2,0.001937,2,-0.000170848,0.00219501,1.91046,1.18978e+06
2.2,0.001937,2,-0.000170848,0.00219501,1.91346,1.26744e+06
2.2,0.001937,2,-0.000170848,0.00219501,1.91646,1.08497e+06
2.2,0.001937,2,-0.000170848,0.00219501,1.91946,1.08737e+06
2.2,0.001937,2,-0.000170848,0.00219501,1.92246,1.15699e+06
2.2,0.001937,2,-0.000170848,0.00219501,1.92546,1.16214e+06
2.2,0.001937,2,-0.000170848,0.00219501,1.92846,1.24182e+06
2.2,0.001937,2,-0.000170848,0.00219501,1.93147,1.19061e+06
2.2,0.001937,2,-0.000170848,0.00219501,1.93447,1.01543e+06
2.2,0.001937,2,-0.000170848,0.00219501,1.93747,1.18217e+06
2.2,0.001937,2,-0.000170848,0.00219501,1.94047,1.10194e+06
2.2,0.001937,2,-0.000170848,0.00219501,1.94347,1.09362e+06
2.2,0.001937,2,-0.000170848,0.00219501,1.94647,1.18548e+06
2.2,0.001937,2,-0.000170848,0.00219501,1.94947,1.15869e+06
2.2,0.001937,2,-0.000170848,0.00219501,1.95248,1.27425e+06
2.2,0.001937,2,-0.000170848,0.00219501,1.95548,1.22967e+06
2.2,0.001937,2,-0.000170848,0.00219501,1.95848,1.06257e+06
2.2,0.001937,2,-0.000170848,0.00219501,1.96148,1.15694e+06
2.2,0.001937,2,-0.000170848,0.00219501,1.96448,1.01795e+06
2.2,0.001937,2,-0.000170848,0.00219501,1.96748,1.11371e+06
2.2,0.001937,2,-0.000170848,0.00219501,1.97049,1.05472e+06
2.2,0.001937,2,-0.000170848,0.00219501,1.97349,1.00524e+06
2.2,0.001937,2,-0.000170848,0.00219501,1.97649,1.28109e+06
2.2,0.001937,2,-0.000170848,0.00219501,1.97949,1.05605e+06
2.2,0.001937,2,-0.000170848,0.00219501,1.98249,1.05382e+06
2.2,0.001937,2,-0.000170848,0.00219501,1.98549,1.05433e+06
2.2,0.001937,2,-0.000170848,0.00219501,1.98849,1.1249e+06
2.2,0.001937,2,-0.000170848,0.00219501,1.9915,1.07777e+06
2.2,0.001937,2,-0.000170848,0.00219501,1.9945,1.02201e+06
2.2,0.001937,2,-0.000170848,0.00219501,1.9975,1.25759e+06
2.2,0.001937,2,-0.000170848,0.00219501,2.0005,-1.08651e+06
2.2,0.001937,2,-0.000170848,0.00219501,2.0035,-1.24024e+06
2.2,0.001937,2,-0.000170848,0.00219501,2.0065,-1.24956e+06
2.2,0.001937,2,-0.000170848,0.00219501,2.0095,-1.04092e+06
2.2,0.001937,2,-0.000170848,0.00219501,2.01251,-1.08577e+06
2.2,0.001937,2,-0.000170848,0.00219501,2.01551,-1.08316e+06
2.2,0.001937,2,-0.000170848,0.00219501,2.01851,-1.21213e+06
2.2,0.001937,2,-0.000170848,0.00219501,2.02151,-1.18306e+06
2.2,0.001937,2,-0.000170848,0.00219501,2.02451,-1.13297e+06
2.2,0.001937,2,-0.000170848,0.00219501,2.02751,-1.05474e+06
2.2,0.001937,2,-0.000170848,0.00219501,2.03052,-1.19463e+06
2.2,0.001937,2,-0.000170848,0.00219501,2.03352,-1.11535e+06
2.2,0.001937,2,-0.000170848,0.00219501,2.03652,-1.02484e+06
2.2,0.001937,2,-0.000170848,0.00219501,2.03952,-1.07992e+06
2.2,0.001937,2,-0.000170848,0.00219501,2.04252,-1.05659e+06
2.2,0.001937,2,-0.000170848,0.00219501,2.04552,-1.08696e+06
2.2,0.001937,2,-0.000170848,0.00219501,2.04852,-1.03695e+06
2.2,0.001937,2,-0.000170848,0.00219501,2.05153,-1.06686e+06
2.2,0.001937,2,-0.000170848,0.00219501,2.05453,-1.01873e+06
2.2,0.001937,2,-0.000170848,0.00219501,2.05753,-1.07013e+06
2.2,0.001937,2,-0.000170848,0.00219501,2.06053,-1.26734e+06
2.2,0.001937,2,-0.000170848,0.00219501,2.06353,-1.17647e+06
2.2,0.001937,2,-0.000170848,0.00219501,2.06653,-1.08882e+06
2.2,0.001937,2,-0.000170848,0.00219501,2.06953,-1.16738e+06
2.2,0.001937,2,-0.000170848,0.00219501,2.07254,-1.22191e+06
2.2,0.001937,2,-0.000170848,0.00219501,2.07554,-1.00464e+06
2.2,0.001937,2,-0.000170848,0.00219501,2.07854,-1.05864e+06
2.2,0.001937,2,-0.000170848,0.00219501,2.08154,-1.03976e+06
2.2,0.001937,2,-0.000170848,0.00219501,2.08454,-1.18382e+06
2.2,0.001937,2,-0.000170848,0.00219501,2.08754,-1.1223e+06
2.2,0.001937,2,-0.000170848,0.00219501,2.09055,-1.01724e+06
2.2,0.001937,2,-0.000170848,0.00219501,2.09355,-1.24595e+06
2.2,0.001937,2,-0.000170848,0.00219501,2.09655,-1.2527e+06
2.2,0.001937,2,-0.000170848,0.00219501,2.09955,-1.08366e+06
2.2,0.001937,2,-0.000170848,0.00219501,2.10255,-1.11698e+06
2.2,0.001937,2,-0.000170848,0.00219501,2.10555,-1.08622e+06
2.2,0.001937,2,-0.000170848,0.00219501,2.10855,-1.09737e+06
2.2,0.001937,2,-0.000170848,0.00219501,2.11156,-1.1254e+06
2.2,0.001937,2,-0.000170848,0.00219501,2.11456,-1.01092e+06
2.2,0.001937,2,-0.000170848,0.00219501,2.11756,-1.01121e+06
2.2,0.001937,2,-0.000170848,0.00219501,2.12056,-1.07837e+06
2.2,0.001937,2,-0.000170848,0.00219501,2.12356,-1.04347e+06
2.2,0.001937,2,-0.000170848,0.00219501,2.12656,-1.0116e+06
2.2,0.001937,2,-0.000170848,0.00219501,2.12956,-1.05305e+06
2.2,0.001937,2,-0.000170848,0.00219501,2.13257,-1.03999e+06
2.2,0.001937,2,-0.000170848,0.00219501,2.13557,-1.05565e+06
2.2,0.001937,2,-0.000170848,0.00219501,2.13857,-1.16541e+06
2.2,0.001937,2,-0.000170848,0.00219501,2.14157,-1.11874e+06
2.2,0.001937,2,-0.000170848,0.00219501,2.14457,-1.17016e+06
2.2,0.001937,2,-0.000170848,0.00219501,2.14757,-1.08722e+06
2.2,0.001937,2,-0.000170848,0.00219501,2.15058,-1.11165e+06
2.2,0.001937,2,-0.000170848,0.00219501,2.15358,-1.01667e+06
2.2,0.001937,2,-0.000170848,0.00219501,2.15658,-1.08685e+06
2.2,0.001937,2,-0.000170848,0.00219501,2.15958,-1.12173e+06
2.2,0.001937,2,-0.000170848,0.00219501,2.16258,-1.01661e+06
2.2,0.001937,2,-0.000170848,0.00219501,2.16558,-1.01434e+06
2.2,0.001937,2,-0.000170848,0.00219501,2.16858,-1.00043e+06
2.2,0.001937,2,-0.000170848,0.00219501,2.17159,-1.10113e+06
2.2,0.001937,2,-0.000170848,0.00219501,2.17459,-1.13904e+06
2.2,0.001937,2,-0.000170848,0.00219501,2.17759,-1.09803e+06
2.2,0.001937,2,-0.000170848,0.00219501,2.18059,-1.02772e+06
2.2,0.001937,2,-0.000170848,0.00219501,2.18359,-1.10534e+06
2.2,0.001937,2,-0.000170848,0.00219501,2.18659,-1.13604e+06
2.2,0.001937,2,-0.000170848,0.00219501,2.18959,-1.08416e+06
2.2,0.001937,2,-0.000170848,0.00219501,2.1926,-1.12092e+06
2.2,0.001937,2,-0.000170848,0.00219501,2.1956,-1.10198e+06
2.2,0.001937,2,-0.000170848,0.00219501,2.1986,-1.17974e+06
2.2,0.001937,2,-0.000170848,0.00219501,2.2016,1.06336e+06
2.2,0.001937,2,-0.000170848,0.00219501,2.2046,1.16284e+06
2.2,0.001937,2,-0.000170848,0.00219501,2.2076,1.18427e+06
2.2,0.001937,2,-0.000170848,0.00219501,2.21061,1.08837e+06
2.2,0.001937,2,-0.000170848,0.00219501,2.21361,1.02307e+06
2.2,0.001937,2,-0.000170848,0.00219501,2.21661,1.15541e+06
2.2,0.001937,2,-0.000170848,0.00219501,2.21961,1.15084e+06
2.2,0.001937,2,-0.000170848,0.00219501,2.22261,1.03596e+06
2.2,0.001937,2,-0.000170848,0.00219501,2.22561,1.03818e+06
2.2,0.001937,2,-0.000170848,0.00219501,2.22861,1.12613e+06
2.2,0.001937,2,-0.000170848,0.00219501,2.23162,1.08172e+06
2.2,0.001937,2,-0.000170848,0.00219501,2.23462,1.00151e+06
2.2,0.001937,2,-0.000170848,0.00219501,2.23762,1.04318e+06
2.2,0.001937,2,-0.000170848,0.00219501,2.24062,1.04647e+06
2.2,0.001937,2,-0.000170848,0.00219501,2.24362,1.00493e+06
2.2,0.001937,2,-0.000170848,0.00219501,2.24662,1.04043e+06
2.2,0.001937,2,-0.000170848,0.00219501,2.24962,1.01645e+06
2.2,0.001937,2,-0.000170848,0.00219501,2.25263,1.13537e+06
2.2,0.001937,2,-0.000170848,0.00219501,2.25563,1.02825e+06
2.2,0.001937,2,-0.000170848,0.00219501,2.25863,1.12798e+06
2.2,0.001937,2,-0.000170848,0.00219501,2.26163,1.03254e+06
2.2,0.001937,2,-0.000170848,0.00219501,2.26463,1.0457e+06
2.2,0.001937,2,-0.000170848,0.00219501,2.26763,1.10594e+06
2.2,0.001937,2,-0.000170848,0.00219501,2.27064,1.07346e+06
2.2,0.001937,2,-0.000170848,0.00219501,2.27364,1.08206e+06
2.2,0.001937,2,-0.000170848,0.00219501,2.27664,1.01231e+06
2.2,0.001937,2,-0.000170848,0.00219501,2.27964,1.173e+06
2.2,0.001937,2,-0.000170848,0.00219501,2.28264,1.00707e+06
2.2,0.001937,2,-0.000170848,0.00219501,2.28564,1.0662e+06
2.2,0.001937,2,-0.000170848,0.00219501,2.28864,1.10791e+06
2.2,0.001937,2,-0.000170848,0.00219501,2.29165,1.11399e+06
2.2,0.001937,2,-0.000170848,0.00219501,2.29465,1.07042e+06
2.2,0.001937,2,-0.000170848,0.00219501,2.29765,1.05948e+06
2.2,0.001937,2,-0.000170848,0.00219501,2.30065,1.01581e+06
2.2,0.001937,2,-0.000170848,0.00219501,2.30365,1.07182e+06
2.2,0.001937,2,-0.000170848,0.00219501,2.30665,1.05294e+06
2.2,0.001937,2,-0.000170848,0.00219501,2.30965,1.01297e+06
2.2,0.001937,2,-0.000170848,0.00219501,2.31266,1.13332e+06
2.2,0.001937,2,-0.000170848,0.00219501,2.31566,1.26251e+06
2.2,0.001937,2,-0.000170848,0.00219501,2.31866,1.04108e+06
2.2,0.001937,2,-0.000170848,0.00219501,2.32166,1.01344e+06
2.2,0.001937,2,-0.000170848,0.00219501,2.32466,1.17102e+06
2.2,0.001937,2,-0.000170848,0.00219501,2.32766,1.05732e+06
2.2,0.001937,2,-0.000170848,0.00219501,2.33067,1.25667e+06
2.2,0.001937,2,-0.000170848,0.00219501,2.33367,1.03995e+06
2.2,0.001937,2,-0.000170848,0.00219501,2.33667,1.19734e+06
2.2,0.001937,2,-0.000170848,0.00219501,2.33967,1.04001e+06
2.2,0.001937,2,-0.000170848,0.00219501,2.34267,1.14992e+06
2.2,0.001937,2,-0.000170848,0.00219501,2.34567,1.0934e+06
2.2,0.001937,2,-0.000170848,0.00219501,2.34867,1.10472e+06
2.2,0.001937,2,-0.000170848,0.00219501,2.35168,1.06167e+06
2.2,0.001937,2,-0.000170848,0.00219501,2.35468,1.19562e+06
2.2,0.001937,2,-0.000170848,0.00219501,2.35768,1.18474e+06
2.2,0.001937,2,-0.000170848,0.00219501,2.36068,1.23865e+06
2.2,0.001937,2,-0.000170848,0.00219501,2.36368,1.04629e+06
2.2,0.001937,2,-0.000170848,0.00219501,2.36668,1.06812e+06
2.2,0.001937,2,-0.000170848,0.00219501,2.36968,1.13255e+06
2.2,0.001937,2,-0.000170848,0.00219501,2.37269,1.06159e+06
2.2,0.001937,2,-0.000170848,0.00219501,2.37569,1.18871e+06
2.2,0.001937,2,-0.000170848,0.00219501,2.37869,1.14637e+06
2.2,0.001937,2,-0.000170848,0.00219501,2.38169,1.25323e+06
2.2,0.001937,2,-0.000170848,0.00219501,2.38469,1.11681e+06
2.2,0.001937,2,-0.000170848,0.00219501,2.38769,1.13926e+06
2.2,0.001937,2,-0.000170848,0.00219501,2.3907,1.24106e+06
2.2,0.001937,2,-0.000170848,0.00219501,2.3937,1.00835e+06
2.2,0.001937,2,-0.000170848,0.00219501,2.3967,1.09248e+06
2.2,0.001937,2,-0.000170848,0.00219501,2.3997,1.06833e+06
2.2,0.001937,2,-0.000170848,0.00219501,2.4027,1.19596e+06
2.2,0.001937,2,-0.000170848,0.00219501,2.4057,1.19416e+06
2.2,0.001937,2,-0.000170848,0.00219501,2.4087,1.10981e+06
2.2,0.001937,2,-0.000170848,0.00219501,2.41171,1.1634e+06
2.2,0.001937,2,-0.000170848,0.00219501,2.41471,1.04951e+06
2.2,0.001937,2,-0.000170848,0.00219501,2.41771,1.2646e+06
2.2,0.001937,2,-0.000170848,0.00219501,2.42071,1.12387e+06
2.2,0.001937,2,-0.000170848,0.00219501,2.42371,1.00632e+06
2.2,0.001937,2,-0.000170848,0.00219501,2.42671,1.17797e+06
2.2,0.001937,2,-0.000170848,0.00219501,2.42971,1.23741e+06
2.2,0.001937,2,-0.000170848,0.00219501,2.43272,1.02614e+06
2.2,0.001937,2,-0.000170848,0.00219501,2.43572,1.19237e+06
2.2,0.001937,2,-0.000170848,0.00219501,2.43872,1.17107e+06
2.2,0.001937,2,-0.000170848,0.00219501,2.44172,1.01754e+06
2.2,0.001937,2,-0.000170848,0.00219501,2.44472,1.08655e+06
2.2,0.001937,2,-0.000170848,0.00219501,2.44772,1.09123e+06
2.2,0.001937,2,-0.000170848,0.00219501,2.45073,1.0122e+06
2.2,0.001937,2,-0.000170848,0.00219501,2.45373,1.0742e+06
2.2,0.001937,2,-0.000170848,0.00219501,2.45673,1.08146e+06
2.2,0.001937,2,-0.000170848,0.00219501,2.45973,1.00477e+06
2.2,0.001937,2,-0.000170848,0.00219501,2.46273,1.22001e+06
2.2,0.001937,2,-0.000170848,0.00219501,2.46573,1.2563e+06
2.2,0.001937,2,-0.000170848,0.00219501,2.46873,1.25645e+06
2.2,0.001937,2,-0.000170848,0.00219501,2.47174,1.01765e+06
2.2,0.001937,2,-0.000170848,0.00219501,2.47474,1.1195e+06
2.2,0.001937,2,-0.000170848,0.00219501,2.47774,1.10875e+06
2.2,0.001937,2,-0.000170848,0.00219501,2.48074,1.19259e+06
2.2,0.001937,2,-0.000170848,0.00219501,2.48374,1.26802e+06
2.2,0.001937,2,-0.000170848,0.00219501,2.48674,1.22177e+06
2.2,0.001937,2,-0.000170848,0.00219501,2.48974,1.25111e+06
2.2,0.001937,2,-0.000170848,0.00219501,2.49275,1.00169e+06
2.2,0.001937,2,-0.000170848,0.00219501,2.49575,1.05558e+06
2.2,0.001937,2,-0.000170848,0.00219501,2.49875,1.0216e+06
2.2,0.001937,2,-0.000170848,0.00219501,2.50175,1.0737e+06
2.2,0.001937,2,-0.000170848,0.00219501,2.50475,1.16451e+06
2.2,0.001937,2,-0.000170848,0.00219501,2.50775,1.21939e+06
2.2,0.001937,2,-0.000170848,0.00219501,2.51076,1.05907e+06
2.2,0.001937,2,-0.000170848,0.00219501,2.51376,1.29793e+06
2.2,0.001937,2,-0.000170848,0.00219501,2.51676,1.03627e+06
2.2,0.001937,2,-0.000170848,0.00219501,2.51976,1.08768e+06
2.2,0.001937,2,-0.000170848,0.00219501,2.52276,1.08379e+06
2.2,0.001937,2,-0.000170848,0.00219501,2.52576,1.22002e+06
2.2,0.001937,2,-0.000170848,0.00219501,2.52876,1.11191e+06
2.2,0.001937,2,-0.000170848,0.00219501,2.53177,1.035e+06
2.2,0.001937,2,-0.000170848,0.00219501,2.53477,1.14272e+06
2.2,0.001937,2,-0.000170848,0.00219501,2.53777,1.07608e+06
2.2,0.001937,2,-0.000170848,0.00219501,2.54077,1.10041e+06
2.2,0.001937,2,-0.000170848,0.00219501,2.54377,1.04502e+06
2.2,0.001937,2,-0.000170848,0.00219501,2.54677,1.12095e+06
2.2,0.001937,2,-0.000170848,0.00219501,2.54977,1.06339e+06
2.2,0.001937,2,-0.000170848,0.00219501,2.55278,1.01705e+06
2.2,0.001937,2,-0.000170848,0.00219501,2.55578,1.1848e+06
2.2,0.001937,2,-0.000170848,0.00219501,2.55878,1.14162e+06
2.2,0.001937,2,-0.000170848,0.00219501,2.56178,1.14711e+06
2.2,0.001937,2,-0.000170848,0.00219501,2.56478,1.26801e+06
2.2,0.001937,2,-0.000170848,0.00219501,2.56778,1.13149e+06
2.2,0.001937,2,-0.000170848,0.00219501,2.57079,1.0925e+06
2.2,0.001937,2,-0.000170848,0.00219501,2.57379,1.34558e+06
2.2,0.001937,2,-0.000170848,0.00219501,2.57679,1.12874e+06
2.2,0.001937,2,-0.000170848,0.00219501,2.57979,1.17453e+06
2.2,0.001937,2,-0.000170848,0.00219501,2.58279,1.10796e+06
2.2,0.001937,2,-0.000170848,0.00219501,2.58579,1.20803e+06
2.2,0.001937,2,-0.000170848,0.00219501,2.58879,1.22421e+06
2.2,0.001937,2,-0.000170848,0.00219501,2.5918,1.00003e+06
2.2,0.001937,2,-0.000170848,0.00219501,2.5948,1.23548e+06
2.2,0.001937,2,-0.000170848,0.00219501,2.5978,1.02464e+06
2.2,0.001937,2,-0.000170848,0.00219501,2.6008,1.1697e+06
2.2,0.001937,2,-0.000170848,0.00219501,2.6038,1.29672e+06
2.2,0.001937,2,-0.000170848,0.00219501,2.6068,1.07728e+06
2.2,0.001937,2,-0.000170848,0.00219501,2.6098,1.01526e+06
2.2,0.001937,2,-0.000170848,0.00219501,2.61281,1.3048e+06
2.2,0.001937,2,-0.000170848,0.00219501,2.61581,1.31563e+06
2.2,0.001937,2,-0.000170848,0.00219501,2.61881,1.22468e+06
2.2,0.001937,2,-0.000170848,0.00219501,2.62181,1.23799e+06
2.2,0.001937,2,-0.000170848,0.00219501,2.62481,1.05651e+06
2.2,0.001937,2,-0.000170848,0.00219501,2.62781,1.00991e+06
2.2,0.001937,2,-0.000170848,0.00219501,2.63082,1.04618e+06
2.2,0.001937,2,-0.000170848,0.00219501,2.63382,1.15228e+06
2.2,0.001937,2,-0.000170848,0.00219501,2.63682,1.1292e+06
2.2,0.001937,2,-0.000170848,0.00219501,2.63982,1.207e+06
2.2,0.001937,2,-0.000170848,0.00219501,2.64282,1.154e+06
2.2,0.001937,2,-0.000170848,0.00219501,2.64582,1.05041e+06
2.2,0.001937,2,-0.000170848,0.00219501,2.64882,1.3124e+06
2.2,0.001937,2,-0.000170848,0.00219501,2.65183,1.02132e+06
2.2,0.001937,2,-0.000170848,0.00219501,2.65483,1.05398e+06
2.2,0.001937,2,-0.000170848,0.00219501,2.65783,1.21137e+06
2.2,0.001937,2,-0.000170848,0.00219501,2.66083,1.16683e+06
2.2,0.001937,2,-0.000170848,0.00219501,2.66383,1.04844e+06
2.2,0.001937,2,-0.000170848,0.00219501,2.66683,1.20708e+06
2.2,0.001937,2,-0.000170848,0.00219501,2.66983,1.00686e+06
2.2,0.001937,2,-0.000170848,0.00219501,2.67284,1.32952e+06
2.2,0.001937,2,-0.000170848,0.00219501,2.67584,1.26804e+06
2.2,0.001937,2,-0.000170848,0.00219501,2.67884,1.12967e+06
2.2,0.001937,2,-0.000170848,0.00219501,2.68184,1.15454e+06
2.2,0.001937,2,-0.000170848,0.00219501,2.68484,1.18666e+06
2.2,0.001937,2,-0.000170848,0.00219501,2.68784,1.14343e+06
2.2,0.001937,2,-0.000170848,0.00219501,2.69085,1.12269e+06
2.2,0.001937,2,-0.000170848,0.00219501,2.69385,1.10798e+06
2.2,0.001937,2,-0.000170848,0.00219501,2.69685,1.18235e+06
2.2,0.001937,2,-0.000170848,0.00219501,2.69985,1.26073e+06
2.2,0.001937,2,-0.000170848,0.00219501,2.70285,1.04387e+06
2.2,0.001937,2,-0.000170848,0.00219501,2.70585,1.26731e+06
2.2,0.001937,2,-0.000170848,0.00219501,2.70885,1.02527e+06
2.2,0.001937,2,-0.000170848,0.00219501,2.71186,1.01677e+06
2.2,0.001937,2,-0.000170848,0.00219501,2.71486,1.00467e+06
2.2,0.001937,2,-0.000170848,0.00219501,2.71786,1.2034e+06
2.2,0.001937,2,-0.000170848,0.00219501,2.72086,1.06112e+06
2.2,0.001937,2,-0.000170848,0.00219501,2.72386,1.2141e+06
2.2,0.001937,2,-0.000170848,0.00219501,2.72686,1.30154e+06
2.2,0.001937,2,-0.000170848,0.00219501,2.72986,1.12721e+06
2.2,0.001937,2,-0.000170848,0.00219501,2.73287,1.08922e+06
2.2,0.001937,2,-0.000170848,0.00219501,2.73587,1.20847e+06
2.2,0.001937,2,-0.000170848,0.00219501,2.73887,1.03933e+06
2.2,0.001937,2,-0.000170848,0.00219501,2.74187,1.24331e+06
2.2,0.001937,2,-0.000170848,0.00219501,2.74487,1.13749e+06
2.2,0.001937,2,-0.000170848,0.00219501,2.74787,1.31319e+06
2.2,0.001937,2,-0.000170848,0.00219501,2.75088,1.20143e+06
2.2,0.001937,2,-0.000170848,0.00219501,2.75388,1.22567e+06
2.2,0.001937,2,-0.000170848,0.00219501,2.75688,1.25022e+06
2.2,0.001937,2,-0.000170848,0.00219501,2.75988,1.3096e+06
2.2,0.001937,2,-0.000170848,0.00219501,2.76288,1.30847e+06
2.2,0.001937,2,-0.000170848,0.00219501,2.76588,1.08565e+06
2.2,0.001937,2,-0.000170848,0.00219501,2.76888,1.2205e+06
2.2,0.001937,2,-0.000170848,0.00219501,2.77189,1.30815e+06
2.2,0.001937,2,-0.000170848,0.00219501,2.77489,1.07599e+06
2.2,0.001937,2,-0.000170848,0.00219501,2.77789,1.04577e+06
2.2,0.001937,2,-0.000170848,0.00219501,2.78089,1.25214e+06
2.2,0.001937,2,-0.000170848,0.00219501,2.78389,1.13825e+06
2.2,0.001937,2,-0.000170848,0.00219501,2.78689,1.17357e+06
2.2,0.001937,2,-0.000170848,0.00219501,2.78989,1.14815e+06
2.2,0.001937,2,-0.000170848,0.00219501,2.7929,1.18099e+06
2.2,0.001937,2,-0.000170848,0.00219501,2.7959,1.27413e+06
2.2,0.001937,2,-0.000170848,0.00219501,2.7989,1.22209e+06
2.2,0.001937,2,-0.000170848,0.00219501,2.8019,1.11548e+06
2.2,0.001937,2,-0.000170848,0.00219501,2.8049,1.0468e+06
2.2,0.001937,2,-0.000170848,0.00219501,2.8079,1.02193e+06
2.2,0.001937,2,-0.000170848,0.00219501,2.81091,1.04973e+06
2.2,0.001937,2,-0.000170848,0.00219501,2.81391,1.10044e+06
2.2,0.001937,2,-0.000170848,0.00219501,2.81691,1.1043e+06
2.2,0.001937,2,-0.000170848,0.00219501,2.81991,1.27199e+06
2.2,0.001937,2,-0.000170848,0.00219501,2.82291,1.17857e+06
2.2,0.001937,2,-0.000170848,0.00219501,2.82591,1.03325e+06
2.2,0.001937,2,-0.000170848,0.00219501,2.82891,1.21494e+06
2.2,0.001937,2,-0.000170848,0.00219501,2.83192,1.0704e+06
2.2,0.001937,2,-0.000170848,0.00219501,2.83492,1.19137e+06
2.2,0.001937,2,-0.000170848,0.00219501,2.83792,1.2242e+06
2.2,0.001937,2,-0.000170848,0.00219501,2.84092,1.19619e+06
2.2,0.001937,2,-0.000170848,0.00219501,2.84392,1.09987e+06
2.2,0.001937,2,-0.000170848,0.00219501,2.84692,1.14468e+06
2.2,0.001937,2,-0.000170848,0.00219501,2.84992,1.23976e+06
2.2,0.001937,2,-0.000170848,0.00219501,2.85293,1.13948e+06
2.2,0.001937,2,-0.000170848,0.00219501,2.85593,1.17983e+06
2.2,0.001937,2,-0.000170848,0.00219501,2.85893,1.27261e+06
2.2,0.001937,2,-0.000170848,0.00219501,2.86193,1.20722e+06
2.2,0.001937,2,-0.000170848,0.00219501,2.86493,1.04394e+06
2.2,0.001937,2,-0.000170848,0.00219501,2.86793,1.20034e+06
2.2,0.001937,2,-0.000170848,0.00219501,2.87094,1.1938e+06
2.2,0.001937,2,-0.000170848,0.00219501,2.87394,1.0696e+06
2.2,0.001937,2,-0.000170848,0.00219501,2.87694,1.14104e+06
2.2,0.001937,2,-0.000170848,0.00219501,2.87994,1.14056e+06
2.2,0.001937,2,-0.000170848,0.00219501,2.88294,1.01856e+06
2.2,0.001937,2,-0.000170848,0.00219501,2.88594,1.20341e+06
2.2,0.001937,2,-0.000170848,0.00219501,2.88894,1.24221e+06
2.2,0.001937,2,-0.000170848,0.00219501,2.89195,1.00813e+06
2.2,0.001937,2,-0.000170848,0.00219501,2.89495,1.29113e+06
2.2,0.001937,2,-0.000170848,0.00219501,2.89795,1.28677e+06
2.2,0.001937,2,-0.000170848,0.00219501,2.90095,1.0567e+06
2.2,0.001937,2,-0.000170848,0.00219501,2.90395,1.01946e+06
2.2,0.001937,2,-0.000170848,0.00219501,2.90695,1.29007e+06
2.2,0.001937,2,-0.000170848,0.00219501,2.90995,1.09187e+06
2.2,0.001937,2,-0.000170848,0.00219501,2.91296,1.02421e+06
2.2,0.001937,2,-0.000170848,0.00219501,2.91596,1.11231e+06
2.2,0.001937,2,-0.000170848,0.00219501,2.91896,1.03151e+06
2.2,0.001937,2,-0.000170848,0.00219501,2.92196,1.09674e+06
2.2,0.001937,2,-0.000170848,0.00219501,2.92496,1.13868e+06
2.2,0.001937,2,-0.000170848,0.00219501,2.92796,1.20773e+06
2.2,0.001937,2,-0.000170848,0.00219501,2.93097,1.05044e+06
2.2,0.001937,2,-0.000170848,0.00219501,2.93397,1.07181e+06
2.2,0.001937,2,-0.000170848,0.00219501,2.93697,1.09691e+06
2.2,0.001937,2,-0.000170848,0.00219501,2.93997,1.17728e+06
2.2,0.001937,2,-0.000170848,0.00219501,2.94297,1.08199e+06
2.2,0.001937,2,-0.000170848,0.00219501,2.94597,1.11603e+06
2.2,0.001937,2,-0.000170848,0.00219501,2.94897,1.05422e+06
2.2,0.001937,2,-0.000170848,0.00219501,2.95198,1.21411e+06
2.2,0.001937,2,-0.000170848,0.00219501,2.95498,1.07259e+06
2.2,0.001937,2,-0.000170848,0.00219501,2.95798,1.21653e+06
2.2,0.001937,2,-0.000170848,0.00219501,2.96098,1.32594e+06
2.2,0.001937,2,-0.000170848,0.00219501,2.96398,1.19827e+06
2.2,0.001937,2,-0.000170848,0.00219501,2.96698,1.25252e+06
2.2,0.001937,2,-0.000170848,0.00219501,2.96998,1.02831e+06
2.2,0.001937,2,-0.000170848,0.00219501,2.97299,1.20634e+06
2.2,0.001937,2,-0.000170848,0.00219501,2.97599,1.22556e+06
2.2,0.001937,2,-0.000170848,0.00219501,2.97899,1.0815e+06
2.2,0.001937,2,-0.000170848,0.00219501,2.98199,1.24788e+06
2.2,0.001937,2,-0.000170848,0.00219501,2.98499,1.02591e+06
2.2,0.001937,2,-0.000170848,0.00219501,2.98799,1.10862e+06
2.2,0.001937,2,-0.000170848,0.00219501,2.991,1.3239e+06
2.2,0.001937,2,-0.000170848,0.00219501,2.994,1.11281e+06
2.2,0.001937,2,-0.000170848,0.00219501,2.997,1.19156e+06
2.2,0.001937,2,-0.000170848,0.00219501,3,1.11071e+06

2.1,0.00878179,2,-0.115697,0.00798587,-3,173290
2.1,0.00878179,2,-0.115697,0.00798587,-2.997,161245
2.1,0.00878179,2,-0.115697,0.00798587,-2.994,177771
2.1,0.00878179,2,-0.115697,0.00798587,-2.991,171465
2.1,0.00878179,2,-0.115697,0.00798587,-2.98799,170090
2.1,0.00878179,2,-0.115697,0.00798587,-2.98499,158726
2.1,0.00878179,2,-0.115697,0.00798587,-2.98199,169926
2.1,0.00878179,2,-0.115697,0.00798587,-2.97899,156966
2.1,0.00878179,2,-0.115697,0.00798587,-2.97599,173592
2.1,0.00878179,2,-0.115697,0.00798587,-2.97299,169463
2.1,0.00878179,2,-0.115697,0.00798587,-2.96998,164738
2.1,0.00878179,2,-0.115697,0.00798587,-2.96698,164002
2.1,0.00878179,2,-0.115697,0.00798587,-2.96398,161877
2.1,0.00878179,2,-0.115697,0.00798587,-2.96098,158234
2.1,0.00878179,2,-0.115697,0.00798587,-2.95798,173842
2.1,0.00878179,2,-0.115697,0.00798587,-2.95498,174659
2.1,0.00878179,2,-0.115697,0.00798587,-2.95198,155373
2.1,0.00878179,2,-0.115697,0.00798587,-2.94897,167719
2.1,0.00878179,2,-0.115697,0.00798587,-2.94597,167876
2.1,0.00878179,2,-0.115697,0.00798587,-2.94297,152931
2.1,0.00878179,2,-0.115697,0.00798587,-2.93997,163890
2.1,0.00878179,2,-0.115697,0.00798587,-2.93697,175581
2.1,0.00878179,2,-0.115697,0.00798587,-2.93397,159479
2.1,0.00878179,2,-0.115697,0.00798587,-2.93097,175962
2.1,0.00878179,2,-0.115697,0.00798587,-2.92796,176572
2.1,0.00878179,2,-0.115697,0.00798587,-2.92496,153307
2.1,0.00878179,2,-0.115697,0.00798587,-2.92196,151124
2.1,0.00878179,2,-0.115697,0.00798587,-2.91896,153113
2.1,0.00878179,2,-0.115697,0.00798587,-2.91596,181174
2.1,0.00878179,2,-0.115697,0.00798587,-2.91296,168152
2.1,0.00878179,2,-0.115697,0.00798587,-2.90995,167402
2.1,0.00878179,2,-0.115697,0.00798587,-2.90695,154383
2.1,0.00878179,2,-0.115697,0.00798587,-2.90395,169264
2.1,0.00878179,2,-0.115697,0.00798587,-2.90095,156814
2.1,0.00878179,2,-0.115697,0.00798587,-2.89795,176349
2.1,0.00878179,2,-0.115697,0.00798587,-2.89495,160661
2.1,0.00878179,2,-0.115697,0.00798587,-2.89195,150323
2.1,0.00878179,2,-0.115697,0.00798587,-2.88894,177061
2.1,0.00878179,2,-0.115697,0.00798587,-2.88594,159647
2.1,0.00878179,2,-0.115697,0.00798587,-2.88294,154366
2.1,0.00878179,2,-0.115697,0.00798587,-2.87994,158000
2.1,0.00878179,2,-0.115697,0.00798587,-2.87694,156890
2.1,0.00878179,2,-0.115697,0.00798587,-2.87394,165645
2.1,0.00878179,2,-0.115697,0.00798587,-2.87094,163000
2.1,0.00878179,2,-0.115697,0.00798587,-2.86793,147343
2.1,0.00878179,2,-0.115697,0.00798587,-2.86493,150889
2.1,0.00878179,2,-0.115697,0.00798587,-2.86193,161668
2.1,0.00878179,2,-0.115697,0.00798587,-2.85893,152083
2.1,0.00878179,2,-0.115697,0.00798587,-2.85593,147895
2.1,0.00878179,2,-0.115697,0.00798587,-2.85293,167494
2.1,0.00878179,2,-0.115697,0.00798587,-2.84992,156070
2.1,0.00878179,2,-0.115697,0.00798587,-2.84692,162665
2.1,0.00878179,2,-0.115697,0.00798587,-2.84392,146876
2.1,0.00878179,2,-0.115697,0.00798587,-2.84092,158488
2.1,0.00878179,2,-0.115697,0.00798587,-2.83792,164534
2.1,0.00878179,2,-0.115697,0.00798587,-2.83492,147273
2.1,0.00878179,2,-0.115697,0.00798587,-2.83192,145930
2.1,0.00878179,2,-0.115697,0.00798587,-2.82891,157694
2.1,0.00878179,2,-0.115697,0.00798587,-2.82591,148523
2.1,0.00878179,2,-0.115697,0.00798587,-2.82291,149876
2.1,0.00878179,2,-0.115697,0.00798587,-2.81991,153754
2.1,0.00878179,2,-0.115697,0.00798587,-2.81691,145754
2.1,0.00878179,2,-0.115697,0.00798587,-2.81391,151300
2.1,0.00878179,2,-0.115697,0.00798587,-2.81091,159986
2.1,0.00878179,2,-0.115697,0.00798587,-2.8079,146123
2.1,0.00878179,2,-0.115697,0.00798587,-2.8049,156256
2.1,0.00878179,2,-0.115697,0.00798587,-2.8019,155721
2.1,0.00878179,2,-0.115697,0.00798587,-2.7989,138980
2.1,0.00878179,2,-0.115697,0.00798587,-2.7959,155039
2.1,0.00878179,2,-0.115697,0.00798587,-2.7929,150362
2.1,0.00878179,2,-0.115697,0.00798587,-2.78989,143234
2.1,0.00878179,2,-0.115697,0.00798587,-2.78689,148283
2.1,0.00878179,2,-0.115697,0.00798587,-2.78389,141278
2.1,0.00878179,2,-0.115697,0.00798587,-2.78089,151003
2.1,0.00878179,2,-0.115697,0.00798587,-2.77789,144149
2.1,0.00878179,2,-0.115697,0.00798587,-2.77489,130244
2.1,0.00878179,2,-0.115697,0.00798587,-2.77189,150753
2.1,0.00878179,2,-0.115697,0.00798587,-2.76888,139312
2.1,0.00878179,2,-0.115697,0.00798587,-2.76588,130871
2.1,0.00878179,2,-0.115697,0.00798587,-2.76288,130495
2.1,0.00878179,2,-0.115697,0.00798587,-2.75988,116619
2.1,0.00878179,2,-0.115697,0.00798587,-2.75688,127384
2.1,0.00878179,2,-0.115697,0.00798587,-2.75388,-117677
2.1,0.00878179,2,-0.115697,0.00798587,-2.75088,-122199
2.1,0.00878179,2,-0.115697,0.00798587,-2.74787,-130519
2.1,0.00878179,2,-0.115697,0.00798587,-2.74487,-130139
2.1,0.00878179,2,-0.115697,0.00798587,-2.74187,-137821
2.1,0.00878179,2,-0.115697,0.00798587,-2.73887,-138058
2.1,0.00878179,2,-0.115697,0.00798587,-2.73587,-136754
2.1,0.00878179,2,-0.115697,0.00798587,-2.73287,-140332
2.1,0.00878179,2,-0.115697,0.00798587,-2.72986,-133293
2.1,0.00878179,2,-0.115697,0.00798587,-2.72686,-158094
2.1,0.00878179,2,-0.115697,0.00798587,-2.72386,-161676
2.1,0.00878179,2,-0.115697,0.00798587,-2.72086,-137010
2.1,0.00878179,2,-0.115697,0.00798587,-2.71786,-161819
2.1,0.00878179,2,-0.115697,0.00798587,-2.71486,-145619
2.1,0.00878179,2,-0.115697,0.00798587,-2.71186,-152788
2.1,0.00878179,2,-0.115697,0.00798587,-2.70885,-154283
2.1,0.00878179,2,-0.115697,0.00798587,-2.70585,-146354
2.1,0.00878179,2,-0.115697,0.00798587,-2.70285,-139509
2.1,0.00878179,2,-0.115697,0.00798587,-2.69985,-155450
2.1,0.00878179,2,-0.115697,0.00798587,-2.69685,-147550
2.1,0.00878179,2,-0.115697,0.00798587,-2.69385,-156298
2.1,0.00878179,2,-0.115697,0.00798587,-2.69085,-160108
2.1,0.00878179,2,-0.115697,0.00798587,-2.68784,-141874
2.1,0.00878179,2,-0.115697,0.00798587,-2.68484,-164030
2.1,0.00878179,2,-0.115697,0.00798587,-2.68184,-161236
2.1,0.00878179,2,-0.115697,0.00798587,-2.67884,-158388
2.1,0.00878179,2,-0.115697,0.00798587,-2.67584,-154589
2.1,0.00878179,2,-0.115697,0.00798587,-2.67284,-159633
2.1,0.00878179,2,-0.115697,0.00798587,-2.66983,-149416
2.1,0.00878179,2,-0.115697,0.00798587,-2.66683,-168300
2.1,0.00878179,2,-0.115697,0.00798587,-2.66383,-151012
2.1,0.00878179,2,-0.115697,0.00798587,-2.66083,-155981
2.1,0.00878179,2,-0.115697,0.00798587,-2.65783,-154459
2.1,0.00878179,2,-0.115697,0.00798587,-2.65483,-151163
2.1,0.00878179,2,-0.115697,0.00798587,-2.65183,-187190
2.1,0.00878179,2,-0.115697,0.00798587,-2.64882,-164436
2.1,0.00878179,2,-0.115697,0.00798587,-2.64582,-164699
2.1,0.00878179,2,-0.115697,0.00798587,-2.64282,-160013
2.1,0.00878179,2,-0.115697,0.00798587,-2.63982,-173131
2.1,0.00878179,2,-0.115697,0.00798587,-2.63682,-162329
2.1,0.00878179,2,-0.115697,0.00798587,-2.63382,-174443
2.1,0.00878179,2,-0.115697,0.00798587,-2.63082,-157091
2.1,0.00878179,2,-0.115697,0.00798587,-2.62781,-172095
2.1,0.00878179,2,-0.115697,0.00798587,-2.62481,-182027
2.1,0.00878179,2,-0.115697,0.00798587,-2.62181,-167024
2.1,0.00878179,2,-0.115697,0.00798587,-2.61881,-166577
2.1,0.00878179,2,-0.115697,0.00798587,-2.61581,-167654
2.1,0.00878179,2,-0.115697,0.00798587,-2.61281,-155166
2.1,0.00878179,2,-0.115697,0.00798587,-2.6098,-162351
2.1,0.00878179,2,-0.115697,0.00798587,-2.6068,-154121
2.1,0.00878179,2,-0.115697,0.00798587,-2.6038,-165317
2.1,0.00878179,2,-0.115697,0.00798587,-2.6008,-154460
2.1,0.00878179,2,-0.115697,0.00798587,-2.5978,-163557
2.1,0.00878179,2,-0.115697,0.00798587,-2.5948,-187729
2.1,0.00878179,2,-0.115697,0.00798587,-2.5918,-160513
2.1,0.00878179,2,-0.115697,0.00798587,-2.58879,-168519
2.1,0.00878179,2,-0.115697,0.00798587,-2.58579,-179131
2.1,0.00878179,2,-0.115697,0.00798587,-2.58279,-153400
2.1,0.00878179,2,-0.115697,0.00798587,-2.57979,-166354
2.1,0.00878179,2,-0.115697,0.00798587,-2.57679,-155081
2.1,0.00878179,2,-0.115697,0.00798587,-2.57379,-170069
2.1,0.00878179,2,-0.115697,0.00798587,-2.57079,-163581
2.1,0.00878179,2,-0.115697,0.00798587,-2.56778,-153927
2.1,0.00878179,2,-0.115697,0.00798587,-2.56478,-174493
2.1,0.00878179,2,-0.115697,0.00798587,-2.56178,-174258
2.1,0.00878179,2,-0.115697,0.00798587,-2.55878,-157217
2.1,0.00878179,2,-0.115697,0.00798587,-2.55578,-160435
2.1,0.00878179,2,-0.115697,0.00798587,-2.55278,-157029
2.1,0.00878179,2,-0.115697,0.00798587,-2.54977,-176074
2.1,0.00878179,2,-0.115697,0.00798587,-2.54677,-165885
2.1,0.00878179,2,-0.115697,0.00798587,-2.54377,-168092
2.1,0.00878179,2,-0.115697,0.00798587,-2.54077,-182502
2.1,0.00878179,2,-0.115697,0.00798587,-2.53777,-183137
2.1,0.00878179,2,-0.115697,0.00798587,-2.53477,-165014
2.1,0.00878179,2,-0.115697,0.00798587,-2.53177,-188791
2.1,0.00878179,2,-0.115697,0.00798587,-2.52876,-173687
2.1,0.00878179,2,-0.115697,0.00798587,-2.52576,-172220
2.1,0.00878179,2,-0.115697,0.00798587,-2.52276,-158508
2.1,0.00878179,2,-0.115697,0.00798587,-2.51976,-163783
2.1,0.00878179,2,-0.115697,0.00798587,-2.51676,-169944
2.1,0.00878179,2,-0.115697,0.00798587,-2.51376,-173494
2.1,0.00878179,2,-0.115697,0.00798587,-2.51076,-158997
2.1,0.00878179,2,-0.115697,0.00798587,-2.50775,-169829
2.1,0.00878179,2,-0.115697,0.00798587,-2.50475,-160184
2.1,0.00878179,2,-0.115697,0.00798587,-2.50175,-163244
2.1,0.00878179,2,-0.115697,0.00798587,-2.49875,-160212
2.1,0.00878179,2,-0.115697,0.00798587,-2.49575,-169706
2.1,0.00878179,2,-0.115697,0.00798587,-2.49275,-167767
2.1,0.00878179,2,-0.115697,0.00798587,-2.48974,-164008
2.1,0.00878179,2,-0.115697,0.00798587,-2.48674,-173380
2.1,0.00878179,2,-0.115697,0.00798587,-2.48374,-183414
2.1,0.00878179,2,-0.115697,0.00798587,-2.48074,-170331
2.1,0.00878179,2,-0.115697,0.00798587,-2.47774,-164010
2.1,0.00878179,2,-0.115697,0.00798587,-2.47474,-160846
2.1,0.00878179,2,-0.115697,0.00798587,-2.47174,-165498
2.1,0.00878179,2,-0.115697,0.00798587,-2.46873,-160513
2.1,0.00878179,2,-0.115697,0.00798587,-2.46573,-176809
2.1,0.00878179,2,-0.115697,0.00798587,-2.46273,-161475
2.1,0.00878179,2,-0.115697,0.00798587,-2.45973,-161218
2.1,0.00878179,2,-0.115697,0.00798587,-2.45673,-185387
2.1,0.00878179,2,-0.115697,0.00798587,-2.45373,-170347
2.1,0.00878179,2,-0.115697,0.00798587,-2.45073,-168840
2.1,0.00878179,2,-0.115697,0.00798587,-2.44772,-159154
2.1,0.00878179,2,-0.115697,0.00798587,-2.44472,-170747
2.1,0.00878179,2,-0.115697,0.00798587,-2.44172,-159411
2.1,0.00878179,2,-0.115697,0.00798587,-2.43872,-169118
2.1,0.00878179,2,-0.115697,0.00798587,-2.43572,-167729
2.1,0.00878179,2,-0.115697,0.00798587,-2.43272,-192885
2.1,0.00878179,2,-0.115697,0.00798587,-2.42971,-170904
2.1,0.00878179,2,-0.115697,0.00798587,-2.42671,-189159
2.1,0.00878179,2,-0.115697,0.00798587,-2.42371,-163427
2.1,0.00878179,2,-0.115697,0.00798587,-2.42071,-162176
2.1,0.00878179,2,-0.115697,0.00798587,-2.41771,-162532
2.1,0.00878179,2,-0.115697,0.00798587,-2.41471,-186404
2.1,0.00878179,2,-0.115697,0.00798587,-2.41171,-164198
2.1,0.00878179,2,-0.115697,0.00798587,-2.4087,-167341
2.1,0.00878179,2,-0.115697,0.00798587,-2.4057,-168207
2.1,0.00878179,2,-0.115697,0.00798587,-2.4027,-175878
2.1,0.00878179,2,-0.115697,0.00798587,-2.3997,-163050
2.1,0.00878179,2,-0.115697,0.00798587,-2.3967,-181364
2.1,0.00878179,2,-0.115697,0.00798587,-2.3937,-187614
2.1,0.00878179,2,-0.115697,0.00798587,-2.3907,-166253
2.1,0.00878179,2,-0.115697,0.00798587,-2.38769,-165546
2.1,0.00878179,2,-0.115697,0.00798587,-2.38469,-171013
2.1,0.00878179,2,-0.115697,0.00798587,-2.38169,-178060
2.1,0.00878179,2,-0.115697,0.00798587,-2.37869,-168071
2.1,0.00878179,2,-0.115697,0.00798587,-2.37569,-163957
2.1,0.00878179,2,-0.115697,0.00798587,-2.37269,-171732
2.1,0.00878179,2,-0.115697,0.00798587,-2.36968,-193598
2.1,0.00878179,2,-0.115697,0.00798587,-2.36668,-168859
2.1,0.00878179,2,-0.115697,0.00798587,-2.36368,-173505
2.1,0.00878179,2,-0.115697,0.00798587,-2.36068,-183372
2.1,0.00878179,2,-0.115697,0.00798587,-2.35768,-181112
2.1,0.00878179,2,-0.115697,0.00798587,-2.35468,-164203
2.1,0.00878179,2,-0.115697,0.00798587,-2.35168,-164244
2.1,0.00878179,2,-0.115697,0.00798587,-2.34867,-182314
2.1,0.00878179,2,-0.115697,0.00798587,-2.34567,-176867
2.1,0.00878179,2,-0.115697,0.00798587,-2.34267,-196675
2.1,0.00878179,2,-0.115697,0.00798587,-2.33967,-174461
2.1,0.00878179,2,-0.115697,0.00798587,-2.33667,-171824
2.1,0.00878179,2,-0.115697,0.00798587,-2.33367,-181183
2.1,0.00878179,2,-0.115697,0.00798587,-2.33067,-177084
2.1,0.00878179,2,-0.115697,0.00798587,-2.32766,-187320
2.1,0.00878179,2,-0.115697,0.00798587,-2.32466,-194952
2.1,0.00878179,2,-0.115697,0.00798587,-2.32166,-170682
2.1,0.00878179,2,-0.115697,0.00798587,-2.31866,-173666
2.1,0.00878179,2,-0.115697,0.00798587,-2.31566,-174559
2.1,0.00878179,2,-0.115697,0.00798587,-2.31266,-182951
2.1,0.00878179,2,-0.115697,0.00798587,-2.30965,-166406
2.1,0.00878179,2,-0.115697,0.00798587,-2.30665,-182785
2.1,0.00878179,2,-0.115697,0.00798587,-2.30365,-178080
2.1,0.00878179,2,-0.115697,0.00798587,-2.30065,-176439
2.1,0.00878179,2,-0.115697,0.00798587,-2.29765,-176822
2.1,0.00878179,2,-0.115697,0.00798587,-2.29465,-176943
2.1,0.00878179,2,-0.115697,0.00798587,-2.29165,-179817
2.1,0.00878179,2,-0.115697,0.00798587,-2.28864,-174330
2.1,0.00878179,2,-0.115697,0.00798587,-2.28564,-163952
2.1,0.00878179,2,-0.115697,0.00798587,-2.28264,-173374
2.1,0.00878179,2,-0.115697,0.00798587,-2.27964,-168323
2.1,0.00878179,2,-0.115697,0.00798587,-2.27664,-179056
2.1,0.00878179,2,-0.115697,0.00798587,-2.27364,-164843
2.1,0.00878179,2,-0.115697,0.00798587,-2.27064,-189363
2.1,0.00878179,2,-0.115697,0.00798587,-2.26763,-172691
2.1,0.00878179,2,-0.115697,0.00798587,-2.26463,-162015
2.1,0.00878179,2,-0.115697,0.00798587,-2.26163,-165736
2.1,0.00878179,2,-0.115697,0.00798587,-2.25863,-171100
2.1,0.00878179,2,-0.115697,0.00798587,-2.25563,-163989
2.1,0.00878179,2,-0.115697,0.00798587,-2.25263,-191543
2.1,0.00878179,2,-0.115697,0.00798587,-2.24962,-187351
2.1,0.00878179,2,-0.115697,0.00798587,-2.24662,-170128
2.1,0.00878179,2,-0.115697,0.00798587,-2.24362,-188313
2.1,0.00878179,2,-0.115697,0.00798587,-2.24062,-173295
2.1,0.00878179,2,-0.115697,0.00798587,-2.23762,-161551
2.1,0.00878179,2,-0.115697,0.00798587,-2.23462,-186371
2.1,0.00878179,2,-0.115697,0.00798587,-2.23162,-187842
2.1,0.00878179,2,-0.115697,0.00798587,-2.22861,-189672
2.1,0.00878179,2,-0.115697,0.00798587,-2.22561,-177984
2.1,0.00878179,2,-0.115697,0.00798587,-2.22261,-161738
2.1,0.00878179,2,-0.115697,0.00798587,-2.21961,-162487
2.1,0.00878179,2,-0.115697,0.00798587,-2.21661,-161724
2.1,0.00878179,2,-0.115697,0.00798587,-2.21361,-175967
2.1,0.00878179,2,-0.115697,0.00798587,-2.21061,-169590
2.1,0.00878179,2,-0.115697,0.00798587,-2.2076,-201630
2.1,0.00878179,2,-0.115697,0.00798587,-2.2046,-188603
2.1,0.00878179,2,-0.115697,0.00798587,-2.2016,-176438
2.1,0.00878179,2,-0.115697,0.00798587,-2.1986,-168173
2.1,0.00878179,2,-0.115697,0.00798587,-2.1956,-173664
2.1,0.00878179,2,-0.115697,0.00798587,-2.1926,-160741
2.1,0.00878179,2,-0.115697,0.00798587,-2.18959,-173887
2.1,0.00878179,2,-0.115697,0.00798587,-2.18659,-182307
2.1,0.00878179,2,-0.115697,0.00798587,-2.18359,-160936
2.1,0.00878179,2,-0.115697,0.00798587,-2.18059,-171067
2.1,0.00878179,2,-0.115697,0.00798587,-2.17759,-170635
2.1,0.00878179,2,-0.115697,0.00798587,-2.17459,-163986
2.1,0.00878179,2,-0.115697,0.00798587,-2.17159,-186444
2.1,0.00878179,2,-0.115697,0.00798587,-2.16858,-171087
2.1,0.00878179,2,-0.115697,0.00798587,-2.16558,-179149
2.1,0.00878179,2,-0.115697,0.00798587,-2.16258,-164335
2.1,0.00878179,2,-0.115697,0.00798587,-2.15958,-166790
2.1,0.00878179,2,-0.115697,0.00798587,-2.15658,-171092
2.1,0.00878179,2,-0.115697,0.00798587,-2.15358,-162165
2.1,0.00878179,2,-0.115697,0.00798587,-2.15058,-160708
2.1,0.00878179,2,-0.115697,0.00798587,-2.14757,-177262
2.1,0.00878179,2,-0.115697,0.00798587,-2.14457,-162984
2.1,0.00878179,2,-0.115697,0.00798587,-2.14157,-172623
2.1,0.00878179,2,-0.115697,0.00798587,-2.13857,-161334
2.1,0.00878179,2,-0.115697,0.00798587,-2.13557,-180727
2.1,0.00878179,2,-0.115697,0.00798587,-2.13257,-175789
2.1,0.00878179,2,-0.115697,0.00798587,-2.12956,-176190
2.1,0.00878179,2,-0.115697,0.00798587,-2.12656,-173848
2.1,0.00878179,2,-0.115697,0.00798587,-2.12356,-173784
2.1,0.00878179,2,-0.115697,0.00798587,-2.12056,-167985
2.1,0.00878179,2,-0.115697,0.00798587,-2.11756,-170569
2.1,0.00878179,2,-0.115697,0.00798587,-2.11456,-172458
2.1,0.00878179,2,-0.115697,0.00798587,-2.11156,-179062
2.1,0.00878179,2,-0.115697,0.00798587,-2.10855,-162018
2.1,0.00878179,2,-0.115697,0.00798587,-2.10555,-178192
2.1,0.00878179,2,-0.115697,0.00798587,-2.10255,-160960
2.1,0.00878179,2,-0.115697,0.00798587,-2.09955,-160308
2.1,0.00878179,2,-0.115697,0.00798587,-2.09655,-158926
2.1,0.00878179,2,-0.115697,0.00798587,-2.09355,-160796
2.1,0.00878179,2,-0.115697,0.00798587,-2.09055,-167165
2.1,0.00878179,2,-0.115697,0.00798587,-2.08754,-164392
2.1,0.00878179,2,-0.115697,0.00798587,-2.08454,-173256
2.1,0.00878179,2,-0.115697,0.00798587,-2.08154,-164807
2.1,0.00878179,2,-0.115697,0.00798587,-2.07854,-170149
2.1,0.00878179,2,-0.115697,0.00798587,-2.07554,-175639
2.1,0.00878179,2,-0.115697,0.00798587,-2.07254,-166682
2.1,0.00878179,2,-0.115697,0.00798587,-2.06953,-160971
2.1,0.00878179,2,-0.115697,0.00798587,-2.06653,-158845
2.1,0.00878179,2,-0.115697,0.00798587,-2.06353,-159070
2.1,0.00878179,2,-0.115697,0.00798587,-2.06053,-173004
2.1,0.00878179,2,-0.115697,0.00798587,-2.05753,-169875
2.1,0.00878179,2,-0.115697,0.00798587,-2.05453,-156935
2.1,0.00878179,2,-0.115697,0.00798587,-2.05153,-160832
2.1,0.00878179,2,-0.115697,0.00798587,-2.04852,-155491
2.1,0.00878179,2,-0.115697,0.00798587,-2.04552,-171771
2.1,0.00878179,2,-0.115697,0.00798587,-2.04252,-156215
2.1,0.00878179,2,-0.115697,0.00798587,-2.03952,-161976
2.1,0.00878179,2,-0.115697,0.00798587,-2.03652,-170023
2.1,0.00878179,2,-0.115697,0.00798587,-2.03352,-159091
2.1,0.00878179,2,-0.115697,0.00798587,-2.03052,-166117
2.1,0.00878179,2,-0.115697,0.00798587,-2.02751,-162672
2.1,0.00878179,2,-0.115697,0.00798587,-2.02451,-155238
2.1,0.00878179,2,-0.115697,0.00798587,-2.02151,-159069
2.1,0.00878179,2,-0.115697,0.00798587,-2.01851,-167378
2.1,0.00878179,2,-0.115697,0.00798587,-2.01551,-155325
2.1,0.00878179,2,-0.115697,0.00798587,-2.01251,-169077
2.1,0.00878179,2,-0.115697,0.00798587,-2.0095,-156187
2.1,0.00878179,2,-0.115697,0.00798587,-2.0065,-184052
2.1,0.00878179,2,-0.115697,0.00798587,-2.0035,-175710
2.1,0.00878179,2,-0.115697,0.00798587,-2.0005,-171519
2.1,0.00878179,2,-0.115697,0.00798587,-1.9975,-161225
2.1,0.00878179,2,-0.115697,0.00798587,-1.9945,-158239
2.1,0.00878179,2,-0.115697,0.00798587,-1.9915,-158981
2.1,0.00878179,2,-0.115697,0.00798587,-1.98849,-152505
2.1,0.00878179,2,-0.115697,0.00798587,-1.98549,-165218
2.1,0.00878179,2,-0.115697,0.00798587,-1.98249,-181900
2.1,0.00878179,2,-0.115697,0.00798587,-1.97949,-157631
2.1,0.00878179,2,-0.115697,0.00798587,-1.97649,-154565
2.1,0.00878179,2,-0.115697,0.00798587,-1.97349,-156952
2.1,0.00878179,2,-0.115697,0.00798587,-1.97049,-156335
2.1,0.00878179,2,-0.115697,0.00798587,-1.96748,-163657
2.1,0.00878179,2,-0.115697,0.00798587,-1.96448,-151049
2.1,0.00878179,2,-0.115697,0.00798587,-1.96148,-162518
2.1,0.00878179,2,-0.115697,0.00798587,-1.95848,-153647
2.1,0.00878179,2,-0.115697,0.00798587,-1.95548,-177341
2.1,0.00878179,2,-0.115697,0.00798587,-1.95248,-149312
2.1,0.00878179,2,-0.115697,0.00798587,-1.94947,-163279
2.1,0.00878179,2,-0.115697,0.00798587,-1.94647,-163304
2.1,0.00878179,2,-0.115697,0.00798587,-1.94347,-150643
2.1,0.00878179,2,-0.115697,0.00798587,-1.94047,-157840
2.1,0.00878179,2,-0.115697,0.00798587,-1.93747,-170772
2.1,0.00878179,2,-0.115697,0.00798587,-1.93447,-163847
2.1,0.00878179,2,-0.115697,0.00798587,-1.93147,-150363
2.1,0.00878179,2,-0.115697,0.00798587,-1.92846,-144355
2.1,0.00878179,2,-0.115697,0.00798587,-1.92546,-177578
2.1,0.00878179,2,-0.115697,0.00798587,-1.92246,-148075
2.1,0.00878179,2,-0.115697,0.00798587,-1.91946,-145180
2.1,0.00878179,2,-0.115697,0.00798587,-1.91646,-157326
2.1,0.00878179,2,-0.115697,0.00798587,-1.91346,-144996
2.1,0.00878179,2,-0.115697,0.00798587,-1.91046,-158575
2.1,0.00878179,2,-0.115697,0.00798587,-1.90745,-163446
2.1,0.00878179,2,-0.115697,0.00798587,-1.90445,-145002
2.1,0.00878179,2,-0.115697,0.00798587,-1.90145,-157364
2.1,0.00878179,2,-0.115697,0.00798587,-1.89845,-151786
2.1,0.00878179,2,-0.115697,0.00798587,-1.89545,-168474
2.1,0.00878179,2,-0.115697,0.00798587,-1.89245,-145341
2.1,0.00878179,2,-0.115697,0.00798587,-1.88944,-150023
2.1,0.00878179,2,-0.115697,0.00798587,-1.88644,-136401
2.1,0.00878179,2,-0.115697,0.00798587,-1.88344,-144362
2.1,0.00878179,2,-0.115697,0.00798587,-1.88044,-132869
2.1,0.00878179,2,-0.115697,0.00798587,-1.87744,-133539
2.1,0.00878179,2,-0.115697,0.00798587,-1.87444,-155466
2.1,0.00878179,2,-0.115697,0.00798587,-1.87144,-127504
2.1,0.00878179,2,-0.115697,0.00798587,-1.86843,-127420
2.1,0.00878179,2,-0.115697,0.00798587,-1.86543,-141627
2.1,0.00878179,2,-0.115697,0.00798587,-1.86243,-115302
2.1,0.00878179,2,-0.115697,0.00798587,-1.85943,140488
2.1,0.00878179,2,-0.115697,0.00798587,-1.85643,120673
2.1,0.00878179,2,-0.115697,0.00798587,-1.85343,136260
2.1,0.00878179,2,-0.115697,0.00798587,-1.85043,139099
2.1,0.00878179,2,-0.115697,0.00798587,-1.84742,138442
2.1,0.00878179,2,-0.115697,0.00798587,-1.84442,135823
2.1,0.00878179,2,-0.115697,0.00798587,-1.84142,151206
2.1,0.00878179,2,-0.115697,0.00798587,-1.83842,142934
2.1,0.00878179,2,-0.115697,0.00798587,-1.83542,142701
2.1,0.00878179,2,-0.115697,0.00798587,-1.83242,142158
2.1,0.00878179,2,-0.115697,0.00798587,-1.82941,143457
2.1,0.00878179,2,-0.115697,0.00798587,-1.82641,152695
2.1,0.00878179,2,-0.115697,0.00798587,-1.82341,155048
2.1,0.00878179,2,-0.115697,0.00798587,-1.82041,160378
2.1,0.00878179,2,-0.115697,0.00798587,-1.81741,154436
2.1,0.00878179,2,-0.115697,0.00798587,-1.81441,165605
2.1,0.00878179,2,-0.115697,0.00798587,-1.81141,154261
2.1,0.00878179,2,-0.115697,0.00798587,-1.8084,155164
2.1,0.00878179,2,-0.115697,0.00798587,-1.8054,154168
2.1,0.00878179,2,-0.115697,0.00798587,-1.8024,157815
2.1,0.00878179,2,-0.115697,0.00798587,-1.7994,165455
2.1,0.00878179,2,-0.115697,0.00798587,-1.7964,149429
2.1,0.00878179,2,-0.115697,0.00798587,-1.7934,147457
2.1,0.00878179,2,-0.115697,0.00798587,-1.7904,147490
2.1,0.00878179,2,-0.115697,0.00798587,-1.78739,145620
2.1,0.00878179,2,-0.115697,0.00798587,-1.78439,160605
2.1,0.00878179,2,-0.115697,0.00798587,-1.78139,150049
2.1,0.00878179,2,-0.115697,0.00798587,-1.77839,161917
2.1,0.00878179,2,-0.115697,0.00798587,-1.77539,161617
2.1,0.00878179,2,-0.115697,0.00798587,-1.77239,148613
2.1,0.00878179,2,-0.115697,0.00798587,-1.76938,166019
2.1,0.00878179,2,-0.115697,0.00798587,-1.76638,157801
2.1,0.00878179,2,-0.115697,0.00798587,-1.76338,149661
2.1,0.00878179,2,-0.115697,0.00798587,-1.76038,157511
2.1,0.00878179,2,-0.115697,0.00798587,-1.75738,159242
2.1,0.00878179,2,-0.115697,0.00798587,-1.75438,152211
2.1,0.00878179,2,-0.115697,0.00798587,-1.75138,172557
2.1,0.00878179,2,-0.115697,0.00798587,-1.74837,173254
2.1,0.00878179,2,-0.115697,0.00798587,-1.74537,153923
2.1,0.00878179,2,-0.115697,0.00798587,-1.74237,164688
2.1,0.00878179,2,-0.115697,0.00798587,-1.73937,152490
2.1,0.00878179,2,-0.115697,0.00798587,-1.73637,156266
2.1,0.00878179,2,-0.115697,0.00798587,-1.73337,169046
2.1,0.00878179,2,-0.115697,0.00798587,-1.73037,174115
2.1,0.00878179,2,-0.115697,0.00798587,-1.72736,160398
2.1,0.00878179,2,-0.115697,0.00798587,-1.72436,164367
2.1,0.00878179,2,-0.115697,0.00798587,-1.72136,165672
2.1,0.00878179,2,-0.115697,0.00798587,-1.71836,154986
2.1,0.00878179,2,-0.115697,0.00798587,-1.71536,165870
2.1,0.00878179,2,-0.115697,0.00798587,-1.71236,166321
2.1,0.00878179,2,-0.115697,0.00798587,-1.70935,155235
2.1,0.00878179,2,-0.115697,0.00798587,-1.70635,158248
2.1,0.00878179,2,-0.115697,0.00798587,-1.70335,163338
2.1,0.00878179,2,-0.115697,0.00798587,-1.70035,165654
2.1,0.00878179,2,-0.115697,0.00798587,-1.69735,159158
2.1,0.00878179,2,-0.115697,0.00798587,-1.69435,170363
2.1,0.00878179,2,-0.115697,0.00798587,-1.69135,156771
2.1,0.00878179,2,-0.115697,0.00798587,-1.68834,177930
2.1,0.00878179,2,-0.115697,0.00798587,-1.68534,161919
2.1,0.00878179,2,-0.115697,0.00798587,-1.68234,180494
2.1,0.00878179,2,-0.115697,0.00798587,-1.67934,177275
2.1,0.00878179,2,-0.115697,0.00798587,-1.67634,183084
2.1,0.00878179,2,-0.115697,0.00798587,-1.67334,164212
2.1,0.00878179,2,-0.115697,0.00798587,-1.67034,171981
2.1,0.00878179,2,-0.115697,0.00798587,-1.66733,178358
2.1,0.00878179,2,-0.115697,0.00798587,-1.66433,163429
2.1,0.00878179,2,-0.115697,0.00798587,-1.66133,170343
2.1,0.00878179,2,-0.115697,0.00798587,-1.65833,173620
2.1,0.00878179,2,-0.115697,0.00798587,-1.65533,172968
2.1,0.00878179,2,-0.115697,0.00798587,-1.65233,173470
2.1,0.00878179,2,-0.115697,0.00798587,-1.64932,187659
2.1,0.00878179,2,-0.115697,0.00798587,-1.64632,171802
2.1,0.00878179,2,-0.115697,0.00798587,-1.64332,160008
2.1,0.00878179,2,-0.115697,0.00798587,-1.64032,177793
2.1,0.00878179,2,-0.115697,0.00798587,-1.63732,164774
2.1,0.00878179,2,-0.115697,0.00798587,-1.63432,162332
2.1,0.00878179,2,-0.115697,0.00798587,-1.63132,172569
2.1,0.00878179,2,-0.115697,0.00798587,-1.62831,171585
2.1,0.00878179,2,-0.115697,0.00798587,-1.62531,183230
2.1,0.00878179,2,-0.115697,0.00798587,-1.62231,160090
2.1,0.00878179,2,-0.115697,0.00798587,-1.61931,175948
2.1,0.00878179,2,-0.115697,0.00798587,-1.61631,183929
2.1,0.00878179,2,-0.115697,0.00798587,-1.61331,169319
2.1,0.00878179,2,-0.115697,0.00798587,-1.61031,163730
2.1,0.00878179,2,-0.115697,0.00798587,-1.6073,191670
2.1,0.00878179,2,-0.115697,0.00798587,-1.6043,173969
2.1,0.00878179,2,-0.115697,0.00798587,-1.6013,184499
2.1,0.00878179,2,-0.115697,0.00798587,-1.5983,161872
2.1,0.00878179,2,-0.115697,0.00798587,-1.5953,162098
2.1,0.00878179,2,-0.115697,0.00798587,-1.5923,176670
2.1,0.00878179,2,-0.115697,0.00798587,-1.58929,173386
2.1,0.00878179,2,-0.115697,0.00798587,-1.58629,191715
2.1,0.00878179,2,-0.115697,0.00798587,-1.58329,161409
2.1,0.00878179,2,-0.115697,0.00798587,-1.58029,171210
2.1,0.00878179,2,-0.115697,0.00798587,-1.57729,163131
2.1,0.00878179,2,-0.115697,0.00798587,-1.57429,168740
2.1,0.00878179,2,-0.115697,0.00798587,-1.57129,180884
2.1,0.00878179,2,-0.115697,0.00798587,-1.56828,171332
2.1,0.00878179,2,-0.115697,0.00798587,-1.56528,186374
2.1,0.00878179,2,-0.115697,0.00798587,-1.56228,187670
2.1,0.00878179,2,-0.115697,0.00798587,-1.55928,189139
2.1,0.00878179,2,-0.115697,0.00798587,-1.55628,170927
2.1,0.00878179,2,-0.115697,0.00798587,-1.55328,171851
2.1,0.00878179,2,-0.115697,0.00798587,-1.55028,172686
2.1,0.00878179,2,-0.115697,0.00798587,-1.54727,185131
2.1,0.00878179,2,-0.115697,0.00798587,-1.54427,181980
2.1,0.00878179,2,-0.115697,0.00798587,-1.54127,178680
2.1,0.00878179,2,-0.115697,0.00798587,-1.53827,162535
2.1,0.00878179,2,-0.115697,0.00798587,-1.53527,194186
2.1,0.00878179,2,-0.115697,0.00798587,-1.53227,163714
2.1,0.00878179,2,-0.115697,0.00798587,-1.52926,179659
2.1,0.00878179,2,-0.115697,0.00798587,-1.52626,176912
2.1,0.00878179,2,-0.115697,0.00798587,-1.52326,171392
2.1,0.00878179,2,-0.115697,0.00798587,-1.52026,184276
2.1,0.00878179,2,-0.115697,0.00798587,-1.51726,172976
2.1,0.00878179,2,-0.115697,0.00798587,-1.51426,185629
2.1,0.00878179,2,-0.115697,0.00798587,-1.51126,167944
2.1,0.00878179,2,-0.115697,0.00798587,-1.50825,186149
2.1,0.00878179,2,-0.115697,0.00798587,-1.50525,182141
2.1,0.00878179,2,-0.115697,0.00798587,-1.50225,163854
2.1,0.00878179,2,-0.115697,0.00798587,-1.49925,190392
2.1,0.00878179,2,-0.115697,0.00798587,-1.49625,176038
2.1,0.00878179,2,-0.115697,0.00798587,-1.49325,171726
2.1,0.00878179,2,-0.115697,0.00798587,-1.49025,183090
2.1,0.00878179,2,-0.115697,0.00798587,-1.48724,191166
2.1,0.00878179,2,-0.115697,0.00798587,-1.48424,172522
2.1,0.00878179,2,-0.115697,0.00798587,-1.48124,165599
2.1,0.00878179,2,-0.115697,0.00798587,-1.47824,180704
2.1,0.00878179,2,-0.115697,0.00798587,-1.47524,174198
2.1,0.00878179,2,-0.115697,0.00798587,-1.47224,169696
2.1,0.00878179,2,-0.115697,0.00798587,-1.46923,175462
2.1,0.00878179,2,-0.115697,0.00798587,-1.46623,186613
2.1,0.00878179,2,-0.115697,0.00798587,-1.46323,179572
2.1,0.00878179,2,-0.115697,0.00798587,-1.46023,171284
2.1,0.00878179,2,-0.115697,0.00798587,-1.45723,170930
2.1,0.00878179,2,-0.115697,0.00798587,-1.45423,173640
2.1,0.00878179,2,-0.115697,0.00798587,-1.45123,178604
2.1,0.00878179,2,-0.115697,0.00798587,-1.44822,177728
2.1,0.00878179,2,-0.115697,0.00798587,-1.44522,170818
2.1,0.00878179,2,-0.115697,0.00798587,-1.44222,173540
2.1,0.00878179,2,-0.115697,0.00798587,-1.43922,186275
2.1,0.00878179,2,-0.115697,0.00798587,-1.43622,176150
2.1,0.00878179,2,-0.115697,0.00798587,-1.43322,171839
2.1,0.00878179,2,-0.115697,0.00798587,-1.43022,165691
2.1,0.00878179,2,-0.115697,0.00798587,-1.42721,179185
2.1,0.00878179,2,-0.115697,0.00798587,-1.42421,190212
2.1,0.00878179,2,-0.115697,0.00798587,-1.42121,169982
2.1,0.00878179,2,-0.115697,0.00798587,-1.41821,168010
2.1,0.00878179,2,-0.115697,0.00798587,-1.41521,172728
2.1,0.00878179,2,-0.115697,0.00798587,-1.41221,182366
2.1,0.00878179,2,-0.115697,0.00798587,-1.4092,171606
2.1,0.00878179,2,-0.115697,0.00798587,-1.4062,173286
2.1,0.00878179,2,-0.115697,0.00798587,-1.4032,174574
2.1,0.00878179,2,-0.115697,0.00798587,-1.4002,169952
2.1,0.00878179,2,-0.115697,0.00798587,-1.3972,172613
2.1,0.00878179,2,-0.115697,0.00798587,-1.3942,184054
2.1,0.00878179,2,-0.115697,0.00798587,-1.3912,166681
2.1,0.00878179,2,-0.115697,0.00798587,-1.38819,180242
2.1,0.00878179,2,-0.115697,0.00798587,-1.38519,172355
2.1,0.00878179,2,-0.115697,0.00798587,-1.38219,172583
2.1,0.00878179,2,-0.115697,0.00798587,-1.37919,195131
2.1,0.00878179,2,-0.115697,0.00798587,-1.37619,166992
2.1,0.00878179,2,-0.115697,0.00798587,-1.37319,171423
2.1,0.00878179,2,-0.115697,0.00798587,-1.37019,181606
2.1,0.00878179,2,-0.115697,0.00798587,-1.36718,167296
2.1,0.00878179,2,-0.115697,0.00798587,-1.36418,174012
2.1,0.00878179,2,-0.115697,0.00798587,-1.36118,190062
2.1,0.00878179,2,-0.115697,0.00798587,-1.35818,169132
2.1,0.00878179,2,-0.115697,0.00798587,-1.35518,187861
2.1,0.00878179,2,-0.115697,0.00798587,-1.35218,174475
2.1,0.00878179,2,-0.115697,0.00798587,-1.34917,166394
2.1,0.00878179,2,-0.115697,0.00798587,-1.34617,168258
2.1,0.00878179,2,-0.115697,0.00798587,-1.34317,175720
2.1,0.00878179,2,-0.115697,0.00798587,-1.34017,181615
2.1,0.00878179,2,-0.115697,0.00798587,-1.33717,178540
2.1,0.00878179,2,-0.115697,0.00798587,-1.33417,188583
2.1,0.00878179,2,-0.115697,0.00798587,-1.33117,175210
2.1,0.00878179,2,-0.115697,0.00798587,-1.32816,168272
2.1,0.00878179,2,-0.115697,0.00798587,-1.32516,167488
2.1,0.00878179,2,-0.115697,0.00798587,-1.32216,163654
2.1,0.00878179,2,-0.115697,0.00798587,-1.31916,172606
2.1,0.00878179,2,-0.115697,0.00798587,-1.31616,180803
2.1,0.00878179,2,-0.115697,0.00798587,-1.31316,177691
2.1,0.00878179,2,-0.115697,0.00798587,-1.31016,179090
2.1,0.00878179,2,-0.115697,0.00798587,-1.30715,188601
2.1,0.00878179,2,-0.115697,0.00798587,-1.30415,163624
2.1,0.00878179,2,-0.115697,0.00798587,-1.30115,176345
2.1,0.00878179,2,-0.115697,0.00798587,-1.29815,173218
2.1,0.00878179,2,-0.115697,0.00798587,-1.29515,163173
2.1,0.00878179,2,-0.115697,0.00798587,-1.29215,166280
2.1,0.00878179,2,-0.115697,0.00798587,-1.28914,165541
2.1,0.00878179,2,-0.115697,0.00798587,-1.28614,166936
2.1,0.00878179,2,-0.115697,0.00798587,-1.28314,170608
2.1,0.00878179,2,-0.115697,0.00798587,-1.28014,169787
2.1,0.00878179,2,-0.115697,0.00798587,-1.27714,183735
2.1,0.00878179,2,-0.115697,0.00798587,-1.27414,174822
2.1,0.00878179,2,-0.115697,0.00798587,-1.27114,171708
2.1,0.00878179,2,-0.115697,0.00798587,-1.26813,163673
2.1,0.00878179,2,-0.115697,0.00798587,-1.26513,187613
2.1,0.00878179,2,-0.115697,0.00798587,-1.26213,163822
2.1,0.00878179,2,-0.115697,0.00798587,-1.25913,166731
2.1,0.00878179,2,-0.115697,0.00798587,-1.25613,172931
2.1,0.00878179,2,-0.115697,0.00798587,-1.25313,164594
2.1,0.00878179,2,-0.115697,0.00798587,-1.25013,165531
2.1,0.00878179,2,-0.115697,0.00798587,-1.24712,189117
2.1,0.00878179,2,-0.115697,0.00798587,-1.24412,167214
2.1,0.00878179,2,-0.115697,0.00798587,-1.24112,199676
2.1,0.00878179,2,-0.115697,0.00798587,-1.23812,161723
2.1,0.00878179,2,-0.115697,0.00798587,-1.23512,181935
2.1,0.00878179,2,-0.115697,0.00798587,-1.23212,160212
2.1,0.00878179,2,-0.115697,0.00798587,-1.22911,158382
2.1,0.00878179,2,-0.115697,0.00798587,-1.22611,184749
2.1,0.00878179,2,-0.115697,0.00798587,-1.22311,179169
2.1,0.00878179,2,-0.115697,0.00798587,-1.22011,164942
2.1,0.00878179,2,-0.115697,0.00798587,-1.21711,176025
2.1,0.00878179,2,-0.115697,0.00798587,-1.21411,165837
2.1,0.00878179,2,-0.115697,0.00798587,-1.21111,179175
2.1,0.00878179,2,-0.115697,0.00798587,-1.2081,173067
2.1,0.00878179,2,-0.115697,0.00798587,-1.2051,170327
2.1,0.00878179,2,-0.115697,0.00798587,-1.2021,191346
2.1,0.00878179,2,-0.115697,0.00798587,-1.1991,169661
2.1,0.00878179,2,-0.115697,0.00798587,-1.1961,167176
2.1,0.00878179,2,-0.115697,0.00798587,-1.1931,170646
2.1,0.00878179,2,-0.115697,0.00798587,-1.1901,162109
2.1,0.00878179,2,-0.115697,0.00798587,-1.18709,162858
2.1,0.00878179,2,-0.115697,0.00798587,-1.18409,185385
2.1,0.00878179,2,-0.115697,0.00798587,-1.18109,157039
2.1,0.00878179,2,-0.115697,0.00798587,-1.17809,167404
2.1,0.00878179,2,-0.115697,0.00798587,-1.17509,163683
2.1,0.00878179,2,-0.115697,0.00798587,-1.17209,182624
2.1,0.00878179,2,-0.115697,0.00798587,-1.16908,176048
2.1,0.00878179,2,-0.115697,0.00798587,-1.16608,172819
2.1,0.00878179,2,-0.115697,0.00798587,-1.16308,166610
2.1,0.00878179,2,-0.115697,0.00798587,-1.16008,167146
2.1,0.00878179,2,-0.115697,0.00798587,-1.15708,160800
2.1,0.00878179,2,-0.115697,0.00798587,-1.15408,157488
2.1,0.00878179,2,-0.115697,0.00798587,-1.15108,174509
2.1,0.00878179,2,-0.115697,0.00798587,-1.14807,155756
2.1,0.00878179,2,-0.115697,0.00798587,-1.14507,162461
2.1,0.00878179,2,-0.115697,0.00798587,-1.14207,158033
2.1,0.00878179,2,-0.115697,0.00798587,-1.13907,170426
2.1,0.00878179,2,-0.115697,0.00798587,-1.13607,167565
2.1,0.00878179,2,-0.115697,0.00798587,-1.13307,161103
2.1,0.00878179,2,-0.115697,0.00798587,-1.13007,156365
2.1,0.00878179,2,-0.115697,0.00798587,-1.12706,158959
2.1,0.00878179,2,-0.115697,0.00798587,-1.12406,157179
2.1,0.00878179,2,-0.115697,0.00798587,-1.12106,166155
2.1,0.00878179,2,-0.115697,0.00798587,-1.11806,181000
2.1,0.00878179,2,-0.115697,0.00798587,-1.11506,163997
2.1,0.00878179,2,-0.115697,0.00798587,-1.11206,154415
2.1,0.00878179,2,-0.115697,0.00798587,-1.10905,150824
2.1,0.00878179,2,-0.115697,0.00798587,-1.10605,168251
2.1,0.00878179,2,-0.115697,0.00798587,-1.10305,153045
2.1,0.00878179,2,-0.115697,0.00798587,-1.10005,146054
2.1,0.00878179,2,-0.115697,0.00798587,-1.09705,164935
2.1,0.00878179,2,-0.115697,0.00798587,-1.09405,148765
2.1,0.00878179,2,-0.115697,0.00798587,-1.09105,154409
2.1,0.00878179,2,-0.115697,0.00798587,-1.08804,145975
2.1,0.00878179,2,-0.115697,0.00798587,-1.08504,155783
2.1,0.00878179,2,-0.115697,0.00798587,-1.08204,163531
2.1,0.00878179,2,-0.115697,0.00798587,-1.07904,147329
2.1,0.00878179,2,-0.115697,0.00798587,-1.07604,166350
2.1,0.00878179,2,-0.115697,0.00798587,-1.07304,155083
2.1,0.00878179,2,-0.115697,0.00798587,-1.07004,145067
2.1,0.00878179,2,-0.115697,0.00798587,-1.06703,142139
2.1,0.00878179,2,-0.115697,0.00798587,-1.06403,148023
2.1,0.00878179,2,-0.115697,0.00798587,-1.06103,149994
2.1,0.00878179,2,-0.115697,0.00798587,-1.05803,137277
2.1,0.00878179,2,-0.115697,0.00798587,-1.05503,154441
2.1,0.00878179,2,-0.115697,0.00798587,-1.05203,134981
2.1,0.00878179,2,-0.115697,0.00798587,-1.04902,145932
2.1,0.00878179,2,-0.115697,0.00798587,-1.04602,128469
2.1,0.00878179,2,-0.115697,0.00798587,-1.04302,130431
2.1,0.00878179,2,-0.115697,0.00798587,-1.04002,-132499
2.1,0.00878179,2,-0.115697,0.00798587,-1.03702,-126226
2.1,0.00878179,2,-0.115697,0.00798587,-1.03402,-128009
2.1,0.00878179,2,-0.115697,0.00798587,-1.03102,-148483
2.1,0.00878179,2,-0.115697,0.00798587,-1.02801,-155621
2.1,0.00878179,2,-0.115697,0.00798587,-1.02501,-147163
2.1,0.00878179,2,-0.115697,0.00798587,-1.02201,-139326
2.1,0.00878179,2,-0.115697,0.00798587,-1.01901,-138264
2.1,0.00878179,2,-0.115697,0.00798587,-1.01601,-165199
2.1,0.00878179,2,-0.115697,0.00798587,-1.01301,-151021
2.1,0.00878179,2,-0.115697,0.00798587,-1.01001,-170666
2.1,0.00878179,2,-0.115697,0.00798587,-1.007,-145435
2.1,0.00878179,2,-0.115697,0.00798587,-1.004,-147450
2.1,0.00878179,2,-0.115697,0.00798587,-1.001,-153093
2.1,0.00878179,2,-0.115697,0.00798587,-0.997999,-143258
2.1,0.00878179,2,-0.115697,0.00798587,-0.994997,-164490
2.1,0.00878179,2,-0.115697,0.00798587,-0.991996,-166736
2.1,0.00878179,2,-0.115697,0.00798587,-0.988994,-151788
2.1,0.00878179,2,-0.115697,0.00798587,-0.985993,-148062
2.1,0.00878179,2,-0.115697,0.00798587,-0.982991,-148260
2.1,0.00878179,2,-0.115697,0.00798587,-0.97999,-148915
2.1,0.00878179,2,-0.115697,0.00798587,-0.976988,-160801
2.1,0.00878179,2,-0.115697,0.00798587,-0.973987,-154349
2.1,0.00878179,2,-0.115697,0.00798587,-0.970985,-153938
2.1,0.00878179,2,-0.115697,0.00798587,-0.967984,-168492
2.1,0.00878179,2,-0.115697,0.00798587,-0.964982,-152801
2.1,0.00878179,2,-0.115697,0.00798587,-0.961981,-157063
2.1,0.00878179,2,-0.115697,0.00798587,-0.958979,-171912
2.1,0.00878179,2,-0.115697,0.00798587,-0.955978,-152570
2.1,0.00878179,2,-0.115697,0.00798587,-0.952976,-170564
2.1,0.00878179,2,-0.115697,0.00798587,-0.949975,-163539
2.1,0.00878179,2,-0.115697,0.00798587,-0.946973,-171487
2.1,0.00878179,2,-0.115697,0.00798587,-0.943972,-167876
2.1,0.00878179,2,-0.115697,0.00798587,-0.94097,-153445
2.1,0.00878179,2,-0.115697,0.00798587,-0.937969,-160746
2.1,0.00878179,2,-0.115697,0.00798587,-0.934967,-172231
2.1,0.00878179,2,-0.115697,0.00798587,-0.931966,-160164
2.1,0.00878179,2,-0.115697,0.00798587,-0.928964,-163853
2.1,0.00878179,2,-0.115697,0.00798587,-0.925963,-168945
2.1,0.00878179,2,-0.115697,0.00798587,-0.922961,-172851
2.1,0.00878179,2,-0.115697,0.00798587,-0.91996,-155494
2.1,0.00878179,2,-0.115697,0.00798587,-0.916958,-167038
2.1,0.00878179,2,-0.115697,0.00798587,-0.913957,-180811
2.1,0.00878179,2,-0.115697,0.00798587,-0.910955,-163758
2.1,0.00878179,2,-0.115697,0.00798587,-0.907954,-156282
2.1,0.00878179,2,-0.115697,0.00798587,-0.904952,-175936
2.1,0.00878179,2,-0.115697,0.00798587,-0.901951,-167133
2.1,0.00878179,2,-0.115697,0.00798587,-0.898949,-170672
2.1,0.00878179,2,-0.115697,0.00798587,-0.895948,-165447
2.1,0.00878179,2,-0.115697,0.00798587,-0.892946,-160627
2.1,0.00878179,2,-0.115697,0.00798587,-0.889945,-181521
2.1,0.00878179,2,-0.115697,0.00798587,-0.886943,-179549
2.1,0.00878179,2,-0.115697,0.00798587,-0.883942,-170593
2.1,0.00878179,2,-0.115697,0.00798587,-0.88094,-162290
2.1,0.00878179,2,-0.115697,0.00798587,-0.877939,-177862
2.1,0.00878179,2,-0.115697,0.00798587,-0.874937,-163299
2.1,0.00878179,2,-0.115697,0.00798587,-0.871936,-206259
2.1,0.00878179,2,-0.115697,0.00798587,-0.868934,-177349
2.1,0.00878179,2,-0.115697,0.00798587,-0.865933,-171503
2.1,0.00878179,2,-0.115697,0.00798587,-0.862931,-183370
2.1,0.00878179,2,-0.115697,0.00798587,-0.85993,-164561
2.1,0.00878179,2,-0.115697,0.00798587,-0.856928,-191451
2.1,0.00878179,2,-0.115697,0.00798587,-0.853927,-183855
2.1,0.00878179,2,-0.115697,0.00798587,-0.850925,-182239
2.1,0.00878179,2,-0.115697,0.00798587,-0.847924,-170450
2.1,0.00878179,2,-0.115697,0.00798587,-0.844922,-174841
2.1,0.00878179,2,-0.115697,0.00798587,-0.841921,-161078
2.1,0.00878179,2,-0.115697,0.00798587,-0.838919,-163017
2.1,0.00878179,2,-0.115697,0.00798587,-0.835918,-163564
2.1,0.00878179,2,-0.115697,0.00798587,-0.832916,-167388
2.1,0.00878179,2,-0.115697,0.00798587,-0.829915,-182427
2.1,0.00878179,2,-0.115697,0.00798587,-0.826913,-182167
2.1,0.00878179,2,-0.115697,0.00798587,-0.823912,-162428
2.1,0.00878179,2,-0.115697,0.00798587,-0.82091,-183728
2.1,0.00878179,2,-0.115697,0.00798587,-0.817909,-171030
2.1,0.00878179,2,-0.115697,0.00798587,-0.814907,-184535
2.1,0.00878179,2,-0.115697,0.00798587,-0.811906,-190291
2.1,0.00878179,2,-0.115697,0.00798587,-0.808904,-176293
2.1,0.00878179,2,-0.115697,0.00798587,-0.805903,-171547
2.1,0.00878179,2,-0.115697,0.00798587,-0.802901,-179060
2.1,0.00878179,2,-0.115697,0.00798587,-0.7999,-170616
2.1,0.00878179,2,-0.115697,0.00798587,-0.796898,-174691
2.1,0.00878179,2,-0.115697,0.00798587,-0.793897,-165663
2.1,0.00878179,2,-0.115697,0.00798587,-0.790895,-169519
2.1,0.00878179,2,-0.115697,0.00798587,-0.787894,-163561
2.1,0.00878179,2,-0.115697,0.00798587,-0.784892,-174533
2.1,0.00878179,2,-0.115697,0.00798587,-0.781891,-189192
2.1,0.00878179,2,-0.115697,0.00798587,-0.778889,-166505
2.1,0.00878179,2,-0.115697,0.00798587,-0.775888,-167149
2.1,0.00878179,2,-0.115697,0.00798587,-0.772886,-168547
2.1,0.00878179,2,-0.115697,0.00798587,-0.769885,-169923
2.1,0.00878179,2,-0.115697,0.00798587,-0.766883,-179230
2.1,0.00878179,2,-0.115697,0.00798587,-0.763882,-186296
2.1,0.00878179,2,-0.115697,0.00798587,-0.76088,-173930
2.1,0.00878179,2,-0.115697,0.00798587,-0.757879,-194608
2.1,0.00878179,2,-0.115697,0.00798587,-0.754877,-189735
2.1,0.00878179,2,-0.115697,0.00798587,-0.751876,-166110
2.1,0.00878179,2,-0.115697,0.00798587,-0.748874,-178956
2.1,0.00878179,2,-0.115697,0.00798587,-0.745873,-172410
2.1,0.00878179,2,-0.115697,0.00798587,-0.742871,-185872
2.1,0.00878179,2,-0.115697,0.00798587,-0.73987,-175168
2.1,0.00878179,2,-0.115697,0.00798587,-0.736868,-168641
2.1,0.00878179,2,-0.115697,0.00798587,-0.733867,-175325
2.1,0.00878179,2,-0.115697,0.00798587,-0.730865,-170347
2.1,0.00878179,2,-0.115697,0.00798587,-0.727864,-170067
2.1,0.00878179,2,-0.115697,0.00798587,-0.724862,-168295
2.1,0.00878179,2,-0.115697,0.00798587,-0.721861,-184292
2.1,0.00878179,2,-0.115697,0.00798587,-0.718859,-182607
2.1,0.00878179,2,-0.115697,0.00798587,-0.715858,-180831
2.1,0.00878179,2,-0.115697,0.00798587,-0.712856,-186283
2.1,0.00878179,2,-0.115697,0.00798587,-0.709855,-194795
2.1,0.00878179,2,-0.115697,0.00798587,-0.706853,-199362
2.1,0.00878179,2,-0.115697,0.00798587,-0.703852,-177453
2.1,0.00878179,2,-0.115697,0.00798587,-0.70085,-167429
2.1,0.00878179,2,-0.115697,0.00798587,-0.697849,-176359
2.1,0.00878179,2,-0.115697,0.00798587,-0.694847,-180033
2.1,0.00878179,2,-0.115697,0.00798587,-0.691846,-193269
2.1,0.00878179,2,-0.115697,0.00798587,-0.688844,-171205
2.1,0.00878179,2,-0.115697,0.00798587,-0.685843,-178313
2.1,0.00878179,2,-0.115697,0.00798587,-0.682841,-176839
2.1,0.00878179,2,-0.115697,0.00798587,-0.67984,-168101
2.1,0.00878179,2,-0.115697,0.00798587,-0.676838,-185248
2.1,0.00878179,2,-0.115697,0.00798587,-0.673837,-195746
2.1,0.00878179,2,-0.115697,0.00798587,-0.670835,-171566
2.1,0.00878179,2,-0.115697,0.00798587,-0.667834,-165870
2.1,0.00878179,2,-0.115697,0.00798587,-0.664832,-170493
2.1,0.00878179,2,-0.115697,0.00798587,-0.661831,-169643
2.1,0.00878179,2,-0.115697,0.00798587,-0.658829,-186925
2.1,0.00878179,2,-0.115697,0.00798587,-0.655828,-181192
2.1,0.00878179,2,-0.115697,0.00798587,-0.652826,-165995
2.1,0.00878179,2,-0.115697,0.00798587,-0.649825,-188175
2.1,0.00878179,2,-0.115697,0.00798587,-0.646823,-188031
2.1,0.00878179,2,-0.115697,0.00798587,-0.643822,-176327
2.1,0.00878179,2,-0.115697,0.00798587,-0.64082,-179020
2.1,0.00878179,2,-0.115697,0.00798587,-0.637819,-188510
2.1,0.00878179,2,-0.115697,0.00798587,-0.634817,-184788
2.1,0.00878179,2,-0.115697,0.00798587,-0.631816,-167171
2.1,0.00878179,2,-0.115697,0.00798587,-0.628814,-187597
2.1,0.00878179,2,-0.115697,0.00798587,-0.625813,-193454
2.1,0.00878179,2,-0.115697,0.00798587,-0.622811,-170049
2.1,0.00878179,2,-0.115697,0.00798587,-0.61981,-176574
2.1,0.00878179,2,-0.115697,0.00798587,-0.616808,-179158
2.1,0.00878179,2,-0.115697,0.00798587,-0.613807,-170953
2.1,0.00878179,2,-0.115697,0.00798587,-0.610805,-170084
2.1,0.00878179,2,-0.115697,0.00798587,-0.607804,-182449
2.1,0.00878179,2,-0.115697,0.00798587,-0.604802,-171809
2.1,0.00878179,2,-0.115697,0.00798587,-0.601801,-170407
2.1,0.00878179,2,-0.115697,0.00798587,-0.598799,-172396
2.1,0.00878179,2,-0.115697,0.00798587,-0.595798,-173286
2.1,0.00878179,2,-0.115697,0.00798587,-0.592796,-170721
2.1,0.00878179,2,-0.115697,0.00798587,-0.589795,-176297
2.1,0.00878179,2,-0.115697,0.00798587,-0.586793,-195862
2.1,0.00878179,2,-0.115697,0.00798587,-0.583792,-194114
2.1,0.00878179,2,-0.115697,0.00798587,-0.58079,-177101
2.1,0.00878179,2,-0.115697,0.00798587,-0.577789,-187663
2.1,0.00878179,2,-0.115697,0.00798587,-0.574787,-168515
2.1,0.00878179,2,-0.115697,0.00798587,-0.571786,-173905
2.1,0.00878179,2,-0.115697,0.00798587,-0.568784,-175027
2.1,0.00878179,2,-0.115697,0.00798587,-0.565783,-177773
2.1,0.00878179,2,-0.115697,0.00798587,-0.562781,-183562
2.1,0.00878179,2,-0.115697,0.00798587,-0.55978,-171698
2.1,0.00878179,2,-0.115697,0.00798587,-0.556778,-179003
2.1,0.00878179,2,-0.115697,0.00798587,-0.553777,-178293
2.1,0.00878179,2,-0.115697,0.00798587,-0.550775,-165452
2.1,0.00878179,2,-0.115697,0.00798587,-0.547774,-171172
2.1,0.00878179,2,-0.115697,0.00798587,-0.544772,-176450
2.1,0.00878179,2,-0.115697,0.00798587,-0.541771,-172229
2.1,0.00878179,2,-0.115697,0.00798587,-0.538769,-174123
2.1,0.00878179,2,-0.115697,0.00798587,-0.535768,-179506
2.1,0.00878179,2,-0.115697,0.00798587,-0.532766,-172720
2.1,0.00878179,2,-0.115697,0.00798587,-0.529765,-178917
2.1,0.00878179,2,-0.115697,0.00798587,-0.526763,-170701
2.1,0.00878179,2,-0.115697,0.00798587,-0.523762,-169132
2.1,0.00878179,2,-0.115697,0.00798587,-0.52076,-177720
2.1,0.00878179,2,-0.115697,0.00798587,-0.517759,-211981
2.1,0.00878179,2,-0.115697,0.00798587,-0.514757,-169338
2.1,0.00878179,2,-0.115697,0.00798587,-0.511756,-169239
2.1,0.00878179,2,-0.115697,0.00798587,-0.508754,-175457
2.1,0.00878179,2,-0.115697,0.00798587,-0.505753,-174352
2.1,0.00878179,2,-0.115697,0.00798587,-0.502751,-187129
2.1,0.00878179,2,-0.115697,0.00798587,-0.49975,-175245
2.1,0.00878179,2,-0.115697,0.00798587,-0.496748,-169540
2.1,0.00878179,2,-0.115697,0.00798587,-0.493747,-172228
2.1,0.00878179,2,-0.115697,0.00798587,-0.490745,-174220
2.1,0.00878179,2,-0.115697,0.00798587,-0.487744,-164991
2.1,0.00878179,2,-0.115697,0.00798587,-0.484742,-175318
2.1,0.00878179,2,-0.115697,0.00798587,-0.481741,-187611
2.1,0.00878179,2,-0.115697,0.00798587,-0.478739,-184066
2.1,0.00878179,2,-0.115697,0.00798587,-0.475738,-162282
2.1,0.00878179,2,-0.115697,0.00798587,-0.472736,-177725
2.1,0.00878179,2,-0.115697,0.00798587,-0.469735,-194557
2.1,0.00878179,2,-0.115697,0.00798587,-0.466733,-163268
2.1,0.00878179,2,-0.115697,0.00798587,-0.463732,-174217
2.1,0.00878179,2,-0.115697,0.00798587,-0.46073,-167236
2.1,0.00878179,2,-0.115697,0.00798587,-0.457729,-174283
2.1,0.00878179,2,-0.115697,0.00798587,-0.454727,-161180
2.1,0.00878179,2,-0.115697,0.00798587,-0.451726,-165217
2.1,0.00878179,2,-0.115697,0.00798587,-0.448724,-160561
2.1,0.00878179,2,-0.115697,0.00798587,-0.445723,-161297
2.1,0.00878179,2,-0.115697,0.00798587,-0.442721,-181979
2.1,0.00878179,2,-0.115697,0.00798587,-0.43972,-188851
2.1,0.00878179,2,-0.115697,0.00798587,-0.436718,-179478
2.1,0.00878179,2,-0.115697,0.00798587,-0.433717,-185229
2.1,0.00878179,2,-0.115697,0.00798587,-0.430715,-162727
2.1,0.00878179,2,-0.115697,0.00798587,-0.427714,-168211
2.1,0.00878179,2,-0.115697,0.00798587,-0.424712,-170379
2.1,0.00878179,2,-0.115697,0.00798587,-0.421711,-176381
2.1,0.00878179,2,-0.115697,0.00798587,-0.418709,-177739
2.1,0.00878179,2,-0.115697,0.00798587,-0.415708,-170471
2.1,0.00878179,2,-0.115697,0.00798587,-0.412706,-157653
2.1,0.00878179,2,-0.115697,0.00798587,-0.409705,-163670
2.1,0.00878179,2,-0.115697,0.00798587,-0.406703,-185149
2.1,0.00878179,2,-0.115697,0.00798587,-0.403702,-162925
2.1,0.00878179,2,-0.115697,0.00798587,-0.4007,-171008
2.1,0.00878179,2,-0.115697,0.00798587,-0.397699,-171556
2.1,0.00878179,2,-0.115697,0.00798587,-0.394697,-168155
2.1,0.00878179,2,-0.115697,0.00798587,-0.391696,-159026
2.1,0.00878179,2,-0.115697,0.00798587,-0.388694,-168153
2.1,0.00878179,2,-0.115697,0.00798587,-0.385693,-181532
2.1,0.00878179,2,-0.115697,0.00798587,-0.382691,-165679
2.1,0.00878179,2,-0.115697,0.00798587,-0.37969,-160731
2.1,0.00878179,2,-0.115697,0.00798587,-0.376688,-168115
2.1,0.00878179,2,-0.115697,0.00798587,-0.373687,-166712
2.1,0.00878179,2,-0.115697,0.00798587,-0.370685,-166308
2.1,0.00878179,2,-0.115697,0.00798587,-0.367684,-172140
2.1,0.00878179,2,-0.115697,0.00798587,-0.364682,-165749
2.1,0.00878179,2,-0.115697,0.00798587,-0.361681,-179038
2.1,0.00878179,2,-0.115697,0.00798587,-0.358679,-173516
2.1,0.00878179,2,-0.115697,0.00798587,-0.355678,-162261
2.1,0.00878179,2,-0.115697,0.00798587,-0.352676,-151786
2.1,0.00878179,2,-0.115697,0.00798587,-0.349675,-163305
2.1,0.00878179,2,-0.115697,0.00798587,-0.346673,-153680
2.1,0.00878179,2,-0.115697,0.00798587,-0.343672,-163581
2.1,0.00878179,2,-0.115697,0.00798587,-0.34067,-147319
2.1,0.00878179,2,-0.115697,0.00798587,-0.337669,-167577
2.1,0.00878179,2,-0.115697,0.00798587,-0.334667,-157861
2.1,0.00878179,2,-0.115697,0.00798587,-0.331666,-158477
2.1,0.00878179,2,-0.115697,0.00798587,-0.328664,-150250
2.1,0.00878179,2,-0.115697,0.00798587,-0.325663,-164088
2.1,0.00878179,2,-0.115697,0.00798587,-0.322661,-150011
2.1,0.00878179,2,-0.115697,0.00798587,-0.31966,-161605
2.1,0.00878179,2,-0.115697,0.00798587,-0.316658,-164120
2.1,0.00878179,2,-0.115697,0.00798587,-0.313657,-151474
2.1,0.00878179,2,-0.115697,0.00798587,-0.310655,-140661
2.1,0.00878179,2,-0.115697,0.00798587,-0.307654,-136224
2.1,0.00878179,2,-0.115697,0.00798587,-0.304652,-148422
2.1,0.00878179,2,-0.115697,0.00798587,-0.301651,-139481
2.1,0.00878179,2,-0.115697,0.00798587,-0.298649,-149049
2.1,0.00878179,2,-0.115697,0.00798587,-0.295648,-132482
2.1,0.00878179,2,-0.115697,0.00798587,-0.292646,108397
2.1,0.00878179,2,-0.115697,0.00798587,-0.289645,123882
2.1,0.00878179,2,-0.115697,0.00798587,-0.286643,136528
2.1,0.00878179,2,-0.115697,0.00798587,-0.283642,131412
2.1,0.00878179,2,-0.115697,0.00798587,-0.28064,145870
2.1,0.00878179,2,-0.115697,0.00798587,-0.277639,144710
2.1,0.00878179,2,-0.115697,0.00798587,-0.274637,138786
2.1,0.00878179,2,-0.115697,0.00798587,-0.271636,139120
2.1,0.00878179,2,-0.115697,0.00798587,-0.268634,161875
2.1,0.00878179,2,-0.115697,0.00798587,-0.265633,169257
2.1,0.00878179,2,-0.115697,0.00798587,-0.262631,142955
2.1,0.00878179,2,-0.115697,0.00798587,-0.25963,154570
2.1,0.00878179,2,-0.115697,0.00798587,-0.256628,161753
2.1,0.00878179,2,-0.115697,0.00798587,-0.253627,150507
2.1,0.00878179,2,-0.115697,0.00798587,-0.250625,150211
2.1,0.00878179,2,-0.115697,0.00798587,-0.247624,156641
2.1,0.00878179,2,-0.115697,0.00798587,-0.244622,151156
2.1,0.00878179,2,-0.115697,0.00798587,-0.241621,161875
2.1,0.00878179,2,-0.115697,0.00798587,-0.238619,155995
2.1,0.00878179,2,-0.115697,0.00798587,-0.235618,155432
2.1,0.00878179,2,-0.115697,0.00798587,-0.232616,170394
2.1,0.00878179,2,-0.115697,0.00798587,-0.229615,155847
2.1,0.00878179,2,-0.115697,0.00798587,-0.226613,152176
2.1,0.00878179,2,-0.115697,0.00798587,-0.223612,168101
2.1,0.00878179,2,-0.115697,0.00798587,-0.22061,178744
2.1,0.00878179,2,-0.115697,0.00798587,-0.217609,156905
2.1,0.00878179,2,-0.115697,0.00798587,-0.214607,153784
2.1,0.00878179,2,-0.115697,0.00798587,-0.211606,169563
2.1,0.00878179,2,-0.115697,0.00798587,-0.208604,185426
2.1,0.00878179,2,-0.115697,0.00798587,-0.205603,156554
2.1,0.00878179,2,-0.115697,0.00798587,-0.202601,170391
2.1,0.00878179,2,-0.115697,0.00798587,-0.1996,167750
2.1,0.00878179,2,-0.115697,0.00798587,-0.196598,168333
2.1,0.00878179,2,-0.115697,0.00798587,-0.193597,159997
2.1,0.00878179,2,-0.115697,0.00798587,-0.190595,179257
2.1,0.00878179,2,-0.115697,0.00798587,-0.187594,164441
2.1,0.00878179,2,-0.115697,0.00798587,-0.184592,177347
2.1,0.00878179,2,-0.115697,0.00798587,-0.181591,172271
2.1,0.00878179,2,-0.115697,0.00798587,-0.178589,173383
2.1,0.00878179,2,-0.115697,0.00798587,-0.175588,160410
2.1,0.00878179,2,-0.115697,0.00798587,-0.172586,166190
2.1,0.00878179,2,-0.115697,0.00798587,-0.169585,182851
2.1,0.00878179,2,-0.115697,0.00798587,-0.166583,160473
2.1,0.00878179,2,-0.115697,0.00798587,-0.163582,169751
2.1,0.00878179,2,-0.115697,0.00798587,-0.16058,165392
2.1,0.00878179,2,-0.115697,0.00798587,-0.157579,182518
2.1,0.00878179,2,-0.115697,0.00798587,-0.154577,175177
2.1,0.00878179,2,-0.115697,0.00798587,-0.151576,167192
2.1,0.00878179,2,-0.115697,0.00798587,-0.148574,167948
2.1,0.00878179,2,-0.115697,0.00798587,-0.145573,171749
2.1,0.00878179,2,-0.115697,0.00798587,-0.142571,181934
2.1,0.00878179,2,-0.115697,0.00798587,-0.13957,174934
2.1,0.00878179,2,-0.115697,0.00798587,-0.136568,187485
2.1,0.00878179,2,-0.115697,0.00798587,-0.133567,193812
2.1,0.00878179,2,-0.115697,0.00798587,-0.130565,165676
2.1,0.00878179,2,-0.115697,0.00798587,-0.127564,165825
2.1,0.00878179,2,-0.115697,0.00798587,-0.124562,192797
2.1,0.00878179,2,-0.115697,0.00798587,-0.121561,167571
2.1,0.00878179,2,-0.115697,0.00798587,-0.118559,189216
2.1,0.00878179,2,-0.115697,0.00798587,-0.115558,173212
2.1,0.00878179,2,-0.115697,0.00798587,-0.112556,177560
2.1,0.00878179,2,-0.115697,0.00798587,-0.109555,170527
2.1,0.00878179,2,-0.115697,0.00798587,-0.106553,190995
2.1,0.00878179,2,-0.115697,0.00798587,-0.103552,169149
2.1,0.00878179,2,-0.115697,0.00798587,-0.10055,165202
2.1,0.00878179,2,-0.115697,0.00798587,-0.0975488,195243
2.1,0.00878179,2,-0.115697,0.00798587,-0.0945473,180542
2.1,0.00878179,2,-0.115697,0.00798587,-0.0915458,168156
2.1,0.00878179,2,-0.115697,0.00798587,-0.0885443,189292
2.1,0.00878179,2,-0.115697,0.00798587,-0.0855428,172275
2.1,0.00878179,2,-0.115697,0.00798587,-0.0825413,171090
2.1,0.00878179,2,-0.115697,0.00798587,-0.0795398,173734
2.1,0.00878179,2,-0.115697,0.00798587,-0.0765383,170570
2.1,0.00878179,2,-0.115697,0.00798587,-0.0735368,180197
2.1,0.00878179,2,-0.115697,0.00798587,-0.0705353,170032
2.1,0.00878179,2,-0.115697,0.00798587,-0.0675338,169919
2.1,0.00878179,2,-0.115697,0.00798587,-0.0645323,202342
2.1,0.00878179,2,-0.115697,0.00798587,-0.0615308,170392
2.1,0.00878179,2,-0.115697,0.00798587,-0.0585293,169988
2.1,0.00878179,2,-0.115697,0.00798587,-0.0555278,201262
2.1,0.00878179,2,-0.115697,0.00798587,-0.0525263,170050
2.1,0.00878179,2,-0.115697,0.00798587,-0.0495248,167413
2.1,0.00878179,2,-0.115697,0.00798587,-0.0465233,174033
2.1,0.00878179,2,-0.115697,0.00798587,-0.0435218,193335
2.1,0.00878179,2,-0.115697,0.00798587,-0.0405203,182826
2.1,0.00878179,2,-0.115697,0.00798587,-0.0375188,191338
2.1,0.00878179,2,-0.115697,0.00798587,-0.0345173,170132
2.1,0.00878179,2,-0.115697,0.00798587,-0.0315158,183273
2.1,0.00878179,2,-0.115697,0.00798587,-0.0285143,175426
2.1,0.00878179,2,-0.115697,0.00798587,-0.0255128,175563
2.1,0.00878179,2,-0.115697,0.00798587,-0.0225113,170159
2.1,0.00878179,2,-0.115697,0.00798587,-0.0195098,188199
2.1,0.00878179,2,-0.115697,0.00798587,-0.0165083,172729
2.1,0.00878179,2,-0.115697,0.00798587,-0.0135068,188527
2.1,0.00878179,2,-0.115697,0.00798587,-0.0105053,175375
2.1,0.00878179,2,-0.115697,0.00798587,-0.00750375,172846
2.1,0.00878179,2,-0.115697,0.00798587,-0.00450225,174328
2.1,0.00878179,2,-0.115697,0.00798587,-0.00150075,168519
2.1,0.00878179,2,-0.115697,0.00798587,0.00150075,167938
2.1,0.00878179,2,-0.115697,0.00798587,0.00450225,180249
2.1,0.00878179,2,-0.115697,0.00798587,0.00750375,189170
2.1,0.00878179,2,-0.115697,0.00798587,0.0105053,171008
2.1,0.00878179,2,-0.115697,0.00798587,0.0135068,193766
2.1,0.00878179,2,-0.115697,0.00798587,0.0165083,187768
2.1,0.00878179,2,-0.115697,0.00798587,0.0195098,172827
2.1,0.00878179,2,-0.115697,0.00798587,0.0225113,198655
2.1,0.00878179,2,-0.115697,0.00798587,0.0255128,184533
2.1,0.00878179,2,-0.115697,0.00798587,0.0285143,183628
2.1,0.00878179,2,-0.115697,0.00798587,0.0315158,171615
2.1,0.00878179,2,-0.115697,0.00798587,0.0345173,175354
2.1,0.00878179,2,-0.115697,0.00798587,0.0375188,169903
2.1,0.00878179,2,-0.115697,0.00798587,0.0405203,185446
2.1,0.00878179,2,-0.115697,0.00798587,0.0435218,182526
2.1,0.00878179,2,-0.115697,0.00798587,0.0465233,175314
2.1,0.00878179,2,-0.115697,0.00798587,0.0495248,173257
2.1,0.00878179,2,-0.115697,0.00798587,0.0525263,177272
2.1,0.00878179,2,-0.115697,0.00798587,0.0555278,179815
2.1,0.00878179,2,-0.115697,0.00798587,0.0585293,174478
2.1,0.00878179,2,-0.115697,0.00798587,0.0615308,189974
2.1,0.00878179,2,-0.115697,0.00798587,0.0645323,168435
2.1,0.00878179,2,-0.115697,0.00798587,0.0675338,185776
2.1,0.00878179,2,-0.115697,0.00798587,0.0705353,177698
2.1,0.00878179,2,-0.115697,0.00798587,0.0735368,182929
2.1,0.00878179,2,-0.115697,0.00798587,0.0765383,174778
2.1,0.00878179,2,-0.115697,0.00798587,0.0795398,176847
2.1,0.00878179,2,-0.115697,0.00798587,0.0825413,177303
2.1,0.00878179,2,-0.115697,0.00798587,0.0855428,169965
2.1,0.00878179,2,-0.115697,0.00798587,0.0885443,174240
2.1,0.00878179,2,-0.115697,0.00798587,0.0915458,192732
2.1,0.00878179,2,-0.115697,0.00798587,0.0945473,173900
2.1,0.00878179,2,-0.115697,0.00798587,0.0975488,173425
2.1,0.00878179,2,-0.115697,0.00798587,0.10055,181153
2.1,0.00878179,2,-0.115697,0.00798587,0.103552,183911
2.1,0.00878179,2,-0.115697,0.00798587,0.106553,170365
2.1,0.00878179,2,-0.115697,0.00798587,0.109555,173384
2.1,0.00878179,2,-0.115697,0.00798587,0.112556,172359
2.1,0.00878179,2,-0.115697,0.00798587,0.115558,171966
2.1,0.00878179,2,-0.115697,0.00798587,0.118559,190370
2.1,0.00878179,2,-0.115697,0.00798587,0.121561,195414
2.1,0.00878179,2,-0.115697,0.00798587,0.124562,193161
2.1,0.00878179,2,-0.115697,0.00798587,0.127564,184837
2.1,0.00878179,2,-0.115697,0.00798587,0.130565,197869
2.1,0.00878179,2,-0.115697,0.00798587,0.133567,172289
2.1,0.00878179,2,-0.115697,0.00798587,0.136568,170682
2.1,0.00878179,2,-0.115697,0.00798587,0.13957,189113
2.1,0.00878179,2,-0.115697,0.00798587,0.142571,175711
2.1,0.00878179,2,-0.115697,0.00798587,0.145573,200695
2.1,0.00878179,2,-0.115697,0.00798587,0.148574,178141
2.1,0.00878179,2,-0.115697,0.00798587,0.151576,178673
2.1,0.00878179,2,-0.115697,0.00798587,0.154577,189009
2.1,0.00878179,2,-0.115697,0.00798587,0.157579,174408
2.1,0.00878179,2,-0.115697,0.00798587,0.16058,179686
2.1,0.00878179,2,-0.115697,0.00798587,0.163582,171874
2.1,0.00878179,2,-0.115697,0.00798587,0.166583,182643
2.1,0.00878179,2,-0.115697,0.00798587,0.169585,167772
2.1,0.00878179,2,-0.115697,0.00798587,0.172586,180376
2.1,0.00878179,2,-0.115697,0.00798587,0.175588,165687
2.1,0.00878179,2,-0.115697,0.00798587,0.178589,176369
2.1,0.00878179,2,-0.115697,0.00798587,0.181591,170332
2.1,0.00878179,2,-0.115697,0.00798587,0.184592,182584
2.1,0.00878179,2,-0.115697,0.00798587,0.187594,193694
2.1,0.00878179,2,-0.115697,0.00798587,0.190595,177167
2.1,0.00878179,2,-0.115697,0.00798587,0.193597,164994
2.1,0.00878179,2,-0.115697,0.00798587,0.196598,174981
2.1,0.00878179,2,-0.115697,0.00798587,0.1996,177059
2.1,0.00878179,2,-0.115697,0.00798587,0.202601,183254
2.1,0.00878179,2,-0.115697,0.00798587,0.205603,171659
2.1,0.00878179,2,-0.115697,0.00798587,0.208604,164298
2.1,0.00878179,2,-0.115697,0.00798587,0.211606,177348
2.1,0.00878179,2,-0.115697,0.00798587,0.214607,168755
2.1,0.00878179,2,-0.115697,0.00798587,0.217609,170474
2.1,0.00878179,2,-0.115697,0.00798587,0.22061,164853
2.1,0.00878179,2,-0.115697,0.00798587,0.223612,165378
2.1,0.00878179,2,-0.115697,0.00798587,0.226613,192876
2.1,0.00878179,2,-0.115697,0.00798587,0.229615,173757
2.1,0.00878179,2,-0.115697,0.00798587,0.232616,170677
2.1,0.00878179,2,-0.115697,0.00798587,0.235618,166538
2.1,0.00878179,2,-0.115697,0.00798587,0.238619,174650
2.1,0.00878179,2,-0.115697,0.00798587,0.241621,165153
2.1,0.00878179,2,-0.115697,0.00798587,0.244622,176723
2.1,0.00878179,2,-0.115697,0.00798587,0.247624,175406
2.1,0.00878179,2,-0.115697,0.00798587,0.250625,161545
2.1,0.00878179,2,-0.115697,0.00798587,0.253627,186780
2.1,0.00878179,2,-0.115697,0.00798587,0.256628,163074
2.1,0.00878179,2,-0.115697,0.00798587,0.25963,163239
2.1,0.00878179,2,-0.115697,0.00798587,0.262631,196085
2.1,0.00878179,2,-0.115697,0.00798587,0.265633,168761
2.1,0.00878179,2,-0.115697,0.00798587,0.268634,161527
2.1,0.00878179,2,-0.115697,0.00798587,0.271636,172275
2.1,0.00878179,2,-0.115697,0.00798587,0.274637,168313
2.1,0.00878179,2,-0.115697,0.00798587,0.277639,159413
2.1,0.00878179,2,-0.115697,0.00798587,0.28064,161502
2.1,0.00878179,2,-0.115697,0.00798587,0.283642,169057
2.1,0.00878179,2,-0.115697,0.00798587,0.286643,163374
2.1,0.00878179,2,-0.115697,0.00798587,0.289645,161924
2.1,0.00878179,2,-0.115697,0.00798587,0.292646,156769
2.1,0.00878179,2,-0.115697,0.00798587,0.295648,155696
2.1,0.00878179,2,-0.115697,0.00798587,0.298649,168542
2.1,0.00878179,2,-0.115697,0.00798587,0.301651,171826
2.1,0.00878179,2,-0.115697,0.00798587,0.304652,156245
2.1,0.00878179,2,-0.115697,0.00798587,0.307654,164615
2.1,0.00878179,2,-0.115697,0.00798587,0.310655,159564
2.1,0.00878179,2,-0.115697,0.00798587,0.313657,163731
2.1,0.00878179,2,-0.115697,0.00798587,0.316658,176098
2.1,0.00878179,2,-0.115697,0.00798587,0.31966,152066
2.1,0.00878179,2,-0.115697,0.00798587,0.322661,151995
2.1,0.00878179,2,-0.115697,0.00798587,0.325663,156176
2.1,0.00878179,2,-0.115697,0.00798587,0.328664,156145
2.1,0.00878179,2,-0.115697,0.00798587,0.331666,161476
2.1,0.00878179,2,-0.115697,0.00798587,0.334667,150015
2.1,0.00878179,2,-0.115697,0.00798587,0.337669,163942
2.1,0.00878179,2,-0.115697,0.00798587,0.34067,167823
2.1,0.00878179,2,-0.115697,0.00798587,0.343672,156183
2.1,0.00878179,2,-0.115697,0.00798587,0.346673,152648
2.1,0.00878179,2,-0.115697,0.00798587,0.349675,159653
2.1,0.00878179,2,-0.115697,0.00798587,0.352676,157832
2.1,0.00878179,2,-0.115697,0.00798587,0.355678,150309
2.1,0.00878179,2,-0.115697,0.00798587,0.358679,132982
2.1,0.00878179,2,-0.115697,0.00798587,0.361681,123886
2.1,0.00878179,2,-0.115697,0.00798587,0.364682,-119645
2.1,0.00878179,2,-0.115697,0.00798587,0.367684,-135560
2.1,0.00878179,2,-0.115697,0.00798587,0.370685,-138036
2.1,0.00878179,2,-0.115697,0.00798587,0.373687,-138716
2.1,0.00878179,2,-0.115697,0.00798587,0.376688,-152294
2.1,0.00878179,2,-0.115697,0.00798587,0.37969,-147271
2.1,0.00878179,2,-0.115697,0.00798587,0.382691,-162138
2.1,0.00878179,2,-0.115697,0.00798587,0.385693,-148819
2.1,0.00878179,2,-0.115697,0.00798587,0.388694,-156463
2.1,0.00878179,2,-0.115697,0.00798587,0.391696,-159635
2.1,0.00878179,2,-0.115697,0.00798587,0.394697,-151078
2.1,0.00878179,2,-0.115697,0.00798587,0.397699,-149402
2.1,0.00878179,2,-0.115697,0.00798587,0.4007,-181123
2.1,0.00878179,2,-0.115697,0.00798587,0.403702,-158570
2.1,0.00878179,2,-0.115697,0.00798587,0.406703,-153488
2.1,0.00878179,2,-0.115697,0.00798587,0.409705,-164461
2.1,0.00878179,2,-0.115697,0.00798587,0.412706,-178086
2.1,0.00878179,2,-0.115697,0.00798587,0.415708,-166269
2.1,0.00878179,2,-0.115697,0.00798587,0.418709,-164082
2.1,0.00878179,2,-0.115697,0.00798587,0.421711,-174519
2.1,0.00878179,2,-0.115697,0.00798587,0.424712,-158761
2.1,0.00878179,2,-0.115697,0.00798587,0.427714,-172325
2.1,0.00878179,2,-0.115697,0.00798587,0.430715,-181176
2.1,0.00878179,2,-0.115697,0.00798587,0.433717,-163790
2.1,0.00878179,2,-0.115697,0.00798587,0.436718,-169126
2.1,0.00878179,2,-0.115697,0.00798587,0.43972,-160149
2.1,0.00878179,2,-0.115697,0.00798587,0.442721,-163758
2.1,0.00878179,2,-0.115697,0.00798587,0.445723,-160999
2.1,0.00878179,2,-0.115697,0.00798587,0.448724,-181236
2.1,0.00878179,2,-0.115697,0.00798587,0.451726,-177380
2.1,0.00878179,2,-0.115697,0.00798587,0.454727,-181545
2.1,0.00878179,2,-0.115697,0.00798587,0.457729,-167130
2.1,0.00878179,2,-0.115697,0.00798587,0.46073,-159958
2.1,0.00878179,2,-0.115697,0.00798587,0.463732,-161213
2.1,0.00878179,2,-0.115697,0.00798587,0.466733,-164626
2.1,0.00878179,2,-0.115697,0.00798587,0.469735,-161805
2.1,0.00878179,2,-0.115697,0.00798587,0.472736,-169919
2.1,0.00878179,2,-0.115697,0.00798587,0.475738,-162921
2.1,0.00878179,2,-0.115697,0.00798587,0.478739,-167587
2.1,0.00878179,2,-0.115697,0.00798587,0.481741,-175873
2.1,0.00878179,2,-0.115697,0.00798587,0.484742,-180765
2.1,0.00878179,2,-0.115697,0.00798587,0.487744,-185122
2.1,0.00878179,2,-0.115697,0.00798587,0.490745,-180000
2.1,0.00878179,2,-0.115697,0.00798587,0.493747,-171932
2.1,0.00878179,2,-0.115697,0.00798587,0.496748,-172137
2.1,0.00878179,2,-0.115697,0.00798587,0.49975,-172069
2.1,0.00878179,2,-0.115697,0.00798587,0.502751,-169818
2.1,0.00878179,2,-0.115697,0.00798587,0.505753,-189072
2.1,0.00878179,2,-0.115697,0.00798587,0.508754,-171822
2.1,0.00878179,2,-0.115697,0.00798587,0.511756,-184604
2.1,0.00878179,2,-0.115697,0.00798587,0.514757,-178688
2.1,0.00878179,2,-0.115697,0.00798587,0.517759,-166148
2.1,0.00878179,2,-0.115697,0.00798587,0.52076,-197144
2.1,0.00878179,2,-0.115697,0.00798587,0.523762,-178422
2.1,0.00878179,2,-0.115697,0.00798587,0.526763,-178737
2.1,0.00878179,2,-0.115697,0.00798587,0.529765,-172872
2.1,0.00878179,2,-0.115697,0.00798587,0.532766,-166564
2.1,0.00878179,2,-0.115697,0.00798587,0.535768,-195489
2.1,0.00878179,2,-0.115697,0.00798587,0.538769,-188458
2.1,0.00878179,2,-0.115697,0.00798587,0.541771,-177130
2.1,0.00878179,2,-0.115697,0.00798587,0.544772,-175355
2.1,0.00878179,2,-0.115697,0.00798587,0.547774,-187342
2.1,0.00878179,2,-0.115697,0.00798587,0.550775,-216702
2.1,0.00878179,2,-0.115697,0.00798587,0.553777,-185803
2.1,0.00878179,2,-0.115697,0.00798587,0.556778,-179944
2.1,0.00878179,2,-0.115697,0.00798587,0.55978,-182555
2.1,0.00878179,2,-0.115697,0.00798587,0.562781,-182570
2.1,0.00878179,2,-0.115697,0.00798587,0.565783,-192939
2.1,0.00878179,2,-0.115697,0.00798587,0.568784,-182759
2.1,0.00878179,2,-0.115697,0.00798587,0.571786,-171159
2.1,0.00878179,2,-0.115697,0.00798587,0.574787,-171295
2.1,0.00878179,2,-0.115697,0.00798587,0.577789,-175703
2.1,0.00878179,2,-0.115697,0.00798587,0.58079,-171234
2.1,0.00878179,2,-0.115697,0.00798587,0.583792,-171521
2.1,0.00878179,2,-0.115697,0.00798587,0.586793,-181470
2.1,0.00878179,2,-0.115697,0.00798587,0.589795,-184299
2.1,0.00878179,2,-0.115697,0.00798587,0.592796,-186260
2.1,0.00878179,2,-0.115697,0.00798587,0.595798,-173877
2.1,0.00878179,2,-0.115697,0.00798587,0.598799,-187713
2.1,0.00878179,2,-0.115697,0.00798587,0.601801,-186131
2.1,0.00878179,2,-0.115697,0.00798587,0.604802,-183479
2.1,0.00878179,2,-0.115697,0.00798587,0.607804,-185744
2.1,0.00878179,2,-0.115697,0.00798587,0.610805,-179284
2.1,0.00878179,2,-0.115697,0.00798587,0.613807,-172090
2.1,0.00878179,2,-0.115697,0.00798587,0.616808,-185178
2.1,0.00878179,2,-0.115697,0.00798587,0.61981,-179640
2.1,0.00878179,2,-0.115697,0.00798587,0.622811,-189273
2.1,0.00878179,2,-0.115697,0.00798587,0.625813,-181651
2.1,0.00878179,2,-0.115697,0.00798587,0.628814,-182591
2.1,0.00878179,2,-0.115697,0.00798587,0.631816,-194343
2.1,0.00878179,2,-0.115697,0.00798587,0.634817,-175775
2.1,0.00878179,2,-0.115697,0.00798587,0.637819,-197220
2.1,0.00878179,2,-0.115697,0.00798587,0.64082,-183661
2.1,0.00878179,2,-0.115697,0.00798587,0.643822,-172146
2.1,0.00878179,2,-0.115697,0.00798587,0.646823,-196228
2.1,0.00878179,2,-0.115697,0.00798587,0.649825,-191956
2.1,0.00878179,2,-0.115697,0.00798587,0.652826,-189069
2.1,0.00878179,2,-0.115697,0.00798587,0.655828,-188612
2.1,0.00878179,2,-0.115697,0.00798587,0.658829,-191770
2.1,0.00878179,2,-0.115697,0.00798587,0.661831,-193823
2.1,0.00878179,2,-0.115697,0.00798587,0.664832,-187870
2.1,0.00878179,2,-0.115697,0.00798587,0.667834,-179664
2.1,0.00878179,2,-0.115697,0.00798587,0.670835,-174393
2.1,0.00878179,2,-0.115697,0.00798587,0.673837,-179905
2.1,0.00878179,2,-0.115697,0.00798587,0.676838,-184070
2.1,0.00878179,2,-0.115697,0.00798587,0.67984,-189483
2.1,0.00878179,2,-0.115697,0.00798587,0.682841,-181251
2.1,0.00878179,2,-0.115697,0.00798587,0.685843,-183316
2.1,0.00878179,2,-0.115697,0.00798587,0.688844,-178994
2.1,0.00878179,2,-0.115697,0.00798587,0.691846,-172513
2.1,0.00878179,2,-0.115697,0.00798587,0.694847,-178141
2.1,0.00878179,2,-0.115697,0.00798587,0.697849,-175886
2.1,0.00878179,2,-0.115697,0.00798587,0.70085,-194117
2.1,0.00878179,2,-0.115697,0.00798587,0.703852,-188901
2.1,0.00878179,2,-0.115697,0.00798587,0.706853,-176379
2.1,0.00878179,2,-0.115697,0.00798587,0.709855,-181676
2.1,0.00878179,2,-0.115697,0.00798587,0.712856,-193997
2.1,0.00878179,2,-0.115697,0.00798587,0.715858,-171766
2.1,0.00878179,2,-0.115697,0.00798587,0.718859,-186432
2.1,0.00878179,2,-0.115697,0.00798587,0.721861,-182376
2.1,0.00878179,2,-0.115697,0.00798587,0.724862,-198941
2.1,0.00878179,2,-0.115697,0.00798587,0.727864,-175182
2.1,0.00878179,2,-0.115697,0.00798587,0.730865,-195444
2.1,0.00878179,2,-0.115697,0.00798587,0.733867,-199474
2.1,0.00878179,2,-0.115697,0.00798587,0.736868,-168163
2.1,0.00878179,2,-0.115697,0.00798587,0.73987,-194281
2.1,0.00878179,2,-0.115697,0.00798587,0.742871,-182553
2.1,0.00878179,2,-0.115697,0.00798587,0.745873,-194090
2.1,0.00878179,2,-0.115697,0.00798587,0.748874,-176502
2.1,0.00878179,2,-0.115697,0.00798587,0.751876,-187033
2.1,0.00878179,2,-0.115697,0.00798587,0.754877,-194945
2.1,0.00878179,2,-0.115697,0.00798587,0.757879,-191699
2.1,0.00878179,2,-0.115697,0.00798587,0.76088,-178115
2.1,0.00878179,2,-0.115697,0.00798587,0.763882,-179288
2.1,0.00878179,2,-0.115697,0.00798587,0.766883,-187065
2.1,0.00878179,2,-0.115697,0.00798587,0.769885,-184275
2.1,0.00878179,2,-0.115697,0.00798587,0.772886,-182002
2.1,0.00878179,2,-0.115697,0.00798587,0.775888,-171721
2.1,0.00878179,2,-0.115697,0.00798587,0.778889,-170979
2.1,0.00878179,2,-0.115697,0.00798587,0.781891,-178081
2.1,0.00878179,2,-0.115697,0.00798587,0.784892,-178995
2.1,0.00878179,2,-0.115697,0.00798587,0.787894,-170475
2.1,0.00878179,2,-0.115697,0.00798587,0.790895,-181497
2.1,0.00878179,2,-0.115697,0.00798587,0.793897,-167668
2.1,0.00878179,2,-0.115697,0.00798587,0.796898,-169751
2.1,0.00878179,2,-0.115697,0.00798587,0.7999,-176761
2.1,0.00878179,2,-0.115697,0.00798587,0.802901,-190364
2.1,0.00878179,2,-0.115697,0.00798587,0.805903,-172789
2.1,0.00878179,2,-0.115697,0.00798587,0.808904,-168332
2.1,0.00878179,2,-0.115697,0.00798587,0.811906,-164840
2.1,0.00878179,2,-0.115697,0.00798587,0.814907,-177953
2.1,0.00878179,2,-0.115697,0.00798587,0.817909,-171201
2.1,0.00878179,2,-0.115697,0.00798587,0.82091,-185647
2.1,0.00878179,2,-0.115697,0.00798587,0.823912,-184364
2.1,0.00878179,2,-0.115697,0.00798587,0.826913,-189296
2.1,0.00878179,2,-0.115697,0.00798587,0.829915,-164633
2.1,0.00878179,2,-0.115697,0.00798587,0.832916,-160311
2.1,0.00878179,2,-0.115697,0.00798587,0.835918,-170069
2.1,0.00878179,2,-0.115697,0.00798587,0.838919,-162197
2.1,0.00878179,2,-0.115697,0.00798587,0.841921,-167054
2.1,0.00878179,2,-0.115697,0.00798587,0.844922,-164406
2.1,0.00878179,2,-0.115697,0.00798587,0.847924,-166036
2.1,0.00878179,2,-0.115697,0.00798587,0.850925,-170912
2.1,0.00878179,2,-0.115697,0.00798587,0.853927,-157637
2.1,0.00878179,2,-0.115697,0.00798587,0.856928,-172410
2.1,0.00878179,2,-0.115697,0.00798587,0.85993,-180200
2.1,0.00878179,2,-0.115697,0.00798587,0.862931,-158852
2.1,0.00878179,2,-0.115697,0.00798587,0.865933,-163442
2.1,0.00878179,2,-0.115697,0.00798587,0.868934,-177909
2.1,0.00878179,2,-0.115697,0.00798587,0.871936,-173147
2.1,0.00878179,2,-0.115697,0.00798587,0.874937,-177464
2.1,0.00878179,2,-0.115697,0.00798587,0.877939,-149246
2.1,0.00878179,2,-0.115697,0.00798587,0.88094,-150916
2.1,0.00878179,2,-0.115697,0.00798587,0.883942,-162060
2.1,0.00878179,2,-0.115697,0.00798587,0.886943,-152823
2.1,0.00878179,2,-0.115697,0.00798587,0.889945,-167446
2.1,0.00878179,2,-0.115697,0.00798587,0.892946,-141257
2.1,0.00878179,2,-0.115697,0.00798587,0.895948,-138499
2.1,0.00878179,2,-0.115697,0.00798587,0.898949,-151775
2.1,0.00878179,2,-0.115697,0.00798587,0.901951,-130381
2.1,0.00878179,2,-0.115697,0.00798587,0.904952,145533
2.1,0.00878179,2,-0.115697,0.00798587,0.907954,148791
2.1,0.00878179,2,-0.115697,0.00798587,0.910955,144896
2.1,0.00878179,2,-0.115697,0.00798587,0.913957,142181
2.1,0.00878179,2,-0.115697,0.00798587,0.916958,150999
2.1,0.00878179,2,-0.115697,0.00798587,0.91996,157102
2.1,0.00878179,2,-0.115697,0.00798587,0.922961,151428
2.1,0.00878179,2,-0.115697,0.00798587,0.925963,155986
2.1,0.00878179,2,-0.115697,0.00798587,0.928964,165180
2.1,0.00878179,2,-0.115697,0.00798587,0.931966,152344
2.1,0.00878179,2,-0.115697,0.00798587,0.934967,168761
2.1,0.00878179,2,-0.115697,0.00798587,0.937969,167129
2.1,0.00878179,2,-0.115697,0.00798587,0.94097,164508
2.1,0.00878179,2,-0.115697,0.00798587,0.943972,174550
2.1,0.00878179,2,-0.115697,0.00798587,0.946973,184954
2.1,0.00878179,2,-0.115697,0.00798587,0.949975,187491
2.1,0.00878179,2,-0.115697,0.00798587,0.952976,158218
2.1,0.00878179,2,-0.115697,0.00798587,0.955978,172386
2.1,0.00878179,2,-0.115697,0.00798587,0.958979,178268
2.1,0.00878179,2,-0.115697,0.00798587,0.961981,168648
2.1,0.00878179,2,-0.115697,0.00798587,0.964982,164380
2.1,0.00878179,2,-0.115697,0.00798587,0.967984,166787
2.1,0.00878179,2,-0.115697,0.00798587,0.970985,166743
2.1,0.00878179,2,-0.115697,0.00798587,0.973987,184298
2.1,0.00878179,2,-0.115697,0.00798587,0.976988,165360
2.1,0.00878179,2,-0.115697,0.00798587,0.97999,163155
2.1,0.00878179,2,-0.115697,0.00798587,0.982991,165549
2.1,0.00878179,2,-0.115697,0.00798587,0.985993,170621
2.1,0.00878179,2,-0.115697,0.00798587,0.988994,176074
2.1,0.00878179,2,-0.115697,0.00798587,0.991996,167796
2.1,0.00878179,2,-0.115697,0.00798587,0.994997,170958
2.1,0.00878179,2,-0.115697,0.00798587,0.997999,167428
2.1,0.00878179,2,-0.115697,0.00798587,1.001,190420
2.1,0.00878179,2,-0.115697,0.00798587,1.004,167420
2.1,0.00878179,2,-0.115697,0.00798587,1.007,180115
2.1,0.00878179,2,-0.115697,0.00798587,1.01001,189786
2.1,0.00878179,2,-0.115697,0.00798587,1.01301,171456
2.1,0.00878179,2,-0.115697,0.00798587,1.01601,179727
2.1,0.00878179,2,-0.115697,0.00798587,1.01901,186152
2.1,0.00878179,2,-0.115697,0.00798587,1.02201,188419
2.1,0.00878179,2,-0.115697,0.00798587,1.02501,201197
2.1,0.00878179,2,-0.115697,0.00798587,1.02801,202643
2.1,0.00878179,2,-0.115697,0.00798587,1.03102,180200
2.1,0.00878179,2,-0.115697,0.00798587,1.03402,186800
2.1,0.00878179,2,-0.115697,0.00798587,1.03702,191413
2.1,0.00878179,2,-0.115697,0.00798587,1.04002,170217
2.1,0.00878179,2,-0.115697,0.00798587,1.04302,201675
2.1,0.00878179,2,-0.115697,0.00798587,1.04602,195492
2.1,0.00878179,2,-0.115697,0.00798587,1.04902,184297
2.1,0.00878179,2,-0.115697,0.00798587,1.05203,175161
2.1,0.00878179,2,-0.115697,0.00798587,1.05503,189804
2.1,0.00878179,2,-0.115697,0.00798587,1.05803,202227
2.1,0.00878179,2,-0.115697,0.00798587,1.06103,182621
2.1,0.00878179,2,-0.115697,0.00798587,1.06403,172006
2.1,0.00878179,2,-0.115697,0.00798587,1.06703,198523
2.1,0.00878179,2,-0.115697,0.00798587,1.07004,177216
2.1,0.00878179,2,-0.115697,0.00798587,1.07304,179967
2.1,0.00878179,2,-0.115697,0.00798587,1.07604,189528
2.1,0.00878179,2,-0.115697,0.00798587,1.07904,183344
2.1,0.00878179,2,-0.115697,0.00798587,1.08204,187354
2.1,0.00878179,2,-0.115697,0.00798587,1.08504,197355
2.1,0.00878179,2,-0.115697,0.00798587,1.08804,185324
2.1,0.00878179,2,-0.115697,0.00798587,1.09105,201937
2.1,0.00878179,2,-0.115697,0.00798587,1.09405,174153
2.1,0.00878179,2,-0.115697,0.00798587,1.09705,186959
2.1,0.00878179,2,-0.115697,0.00798587,1.10005,182180
2.1,0.00878179,2,-0.115697,0.00798587,1.10305,195547
2.1,0.00878179,2,-0.115697,0.00798587,1.10605,178257
2.1,0.00878179,2,-0.115697,0.00798587,1.10905,204253
2.1,0.00878179,2,-0.115697,0.00798587,1.11206,185120
2.1,0.00878179,2,-0.115697,0.00798587,1.11506,176861
2.1,0.00878179,2,-0.115697,0.00798587,1.11806,188510
2.1,0.00878179,2,-0.115697,0.00798587,1.12106,175116
2.1,0.00878179,2,-0.115697,0.00798587,1.12406,208647
2.1,0.00878179,2,-0.115697,0.00798587,1.12706,175087
2.1,0.00878179,2,-0.115697,0.00798587,1.13007,179990
2.1,0.00878179,2,-0.115697,0.00798587,1.13307,180425
2.1,0.00878179,2,-0.115697,0.00798587,1.13607,180843
2.1,0.00878179,2,-0.115697,0.00798587,1.13907,195783
2.1,0.00878179,2,-0.115697,0.00798587,1.14207,194505
2.1,0.00878179,2,-0.115697,0.00798587,1.14507,188369
2.1,0.00878179,2,-0.115697,0.00798587,1.14807,204754
2.1,0.00878179,2,-0.115697,0.00798587,1.15108,190275
2.1,0.00878179,2,-0.115697,0.00798587,1.15408,177432
2.1,0.00878179,2,-0.115697,0.00798587,1.15708,184270
2.1,0.00878179,2,-0.115697,0.00798587,1.16008,191563
2.1,0.00878179,2,-0.115697,0.00798587,1.16308,217665
2.1,0.00878179,2,-0.115697,0.00798587,1.16608,201758
2.1,0.00878179,2,-0.115697,0.00798587,1.16908,181767
2.1,0.00878179,2,-0.115697,0.00798587,1.17209,188824
2.1,0.00878179,2,-0.115697,0.00798587,1.17509,200004
2.1,0.00878179,2,-0.115697,0.00798587,1.17809,185225
2.1,0.00878179,2,-0.115697,0.00798587,1.18109,193559
2.1,0.00878179,2,-0.115697,0.00798587,1.18409,185978
2.1,0.00878179,2,-0.115697,0.00798587,1.18709,181669
2.1,0.00878179,2,-0.115697,0.00798587,1.1901,208087
2.1,0.00878179,2,-0.115697,0.00798587,1.1931,210706
2.1,0.00878179,2,-0.115697,0.00798587,1.1961,178661
2.1,0.00878179,2,-0.115697,0.00798587,1.1991,203008
2.1,0.00878179,2,-0.115697,0.00798587,1.2021,185782
2.1,0.00878179,2,-0.115697,0.00798587,1.2051,185565
2.1,0.00878179,2,-0.115697,0.00798587,1.2081,209396
2.1,0.00878179,2,-0.115697,0.00798587,1.21111,200137
2.1,0.00878179,2,-0.115697,0.00798587,1.21411,187933
2.1,0.00878179,2,-0.115697,0.00798587,1.21711,180293
2.1,0.00878179,2,-0.115697,0.00798587,1.22011,200273
2.1,0.00878179,2,-0.115697,0.00798587,1.22311,194925
2.1,0.00878179,2,-0.115697,0.00798587,1.22611,191317
2.1,0.00878179,2,-0.115697,0.00798587,1.22911,175758
2.1,0.00878179,2,-0.115697,0.00798587,1.23212,194015
2.1,0.00878179,2,-0.115697,0.00798587,1.23512,197774
2.1,0.00878179,2,-0.115697,0.00798587,1.23812,192647
2.1,0.00878179,2,-0.115697,0.00798587,1.24112,200024
2.1,0.00878179,2,-0.115697,0.00798587,1.24412,176140
2.1,0.00878179,2,-0.115697,0.00798587,1.24712,189061
2.1,0.00878179,2,-0.115697,0.00798587,1.25013,178450
2.1,0.00878179,2,-0.115697,0.00798587,1.25313,188160
2.1,0.00878179,2,-0.115697,0.00798587,1.25613,182021
2.1,0.00878179,2,-0.115697,0.00798587,1.25913,179374
2.1,0.00878179,2,-0.115697,0.00798587,1.26213,186529
2.1,0.00878179,2,-0.115697,0.00798587,1.26513,178219
2.1,0.00878179,2,-0.115697,0.00798587,1.26813,197650
2.1,0.00878179,2,-0.115697,0.00798587,1.27114,177333
2.1,0.00878179,2,-0.115697,0.00798587,1.27414,179115
2.1,0.00878179,2,-0.115697,0.00798587,1.27714,186483
2.1,0.00878179,2,-0.115697,0.00798587,1.28014,174844
2.1,0.00878179,2,-0.115697,0.00798587,1.28314,170940
2.1,0.00878179,2,-0.115697,0.00798587,1.28614,192580
2.1,0.00878179,2,-0.115697,0.00798587,1.28914,178025
2.1,0.00878179,2,-0.115697,0.00798587,1.29215,177214
2.1,0.00878179,2,-0.115697,0.00798587,1.29515,182463
2.1,0.00878179,2,-0.115697,0.00798587,1.29815,171295
2.1,0.00878179,2,-0.115697,0.00798587,1.30115,177846
2.1,0.00878179,2,-0.115697,0.00798587,1.30415,171741
2.1,0.00878179,2,-0.115697,0.00798587,1.30715,169818
2.1,0.00878179,2,-0.115697,0.00798587,1.31016,185123
2.1,0.00878179,2,-0.115697,0.00798587,1.31316,181721
2.1,0.00878179,2,-0.115697,0.00798587,1.31616,185618
2.1,0.00878179,2,-0.115697,0.00798587,1.31916,173397
2.1,0.00878179,2,-0.115697,0.00798587,1.32216,195091
2.1,0.00878179,2,-0.115697,0.00798587,1.32516,191284
2.1,0.00878179,2,-0.115697,0.00798587,1.32816,167371
2.1,0.00878179,2,-0.115697,0.00798587,1.33117,168003
2.1,0.00878179,2,-0.115697,0.00798587,1.33417,192038
2.1,0.00878179,2,-0.115697,0.00798587,1.33717,176504
2.1,0.00878179,2,-0.115697,0.00798587,1.34017,184734
2.1,0.00878179,2,-0.115697,0.00798587,1.34317,197099
2.1,0.00878179,2,-0.115697,0.00798587,1.34617,161934
2.1,0.00878179,2,-0.115697,0.00798587,1.34917,164961
2.1,0.00878179,2,-0.115697,0.00798587,1.35218,163637
2.1,0.00878179,2,-0.115697,0.00798587,1.35518,157691
2.1,0.00878179,2,-0.115697,0.00798587,1.35818,160915
2.1,0.00878179,2,-0.115697,0.00798587,1.36118,167617
2.1,0.00878179,2,-0.115697,0.00798587,1.36418,163350
2.1,0.00878179,2,-0.115697,0.00798587,1.36718,156090
2.1,0.00878179,2,-0.115697,0.00798587,1.37019,178735
2.1,0.00878179,2,-0.115697,0.00798587,1.37319,151561
2.1,0.00878179,2,-0.115697,0.00798587,1.37619,150474
2.1,0.00878179,2,-0.115697,0.00798587,1.37919,152926
2.1,0.00878179,2,-0.115697,0.00798587,1.38219,161656
2.1,0.00878179,2,-0.115697,0.00798587,1.38519,118222
2.1,0.00878179,2,-0.115697,0.00798587,1.38819,-140511
2.1,0.00878179,2,-0.115697,0.00798587,1.3912,-152625
2.1,0.00878179,2,-0.115697,0.00798587,1.3942,-145727
2.1,0.00878179,2,-0.115697,0.00798587,1.3972,-159701
2.1,0.00878179,2,-0.115697,0.00798587,1.4002,-160796
2.1,0.00878179,2,-0.115697,0.00798587,1.4032,-155544
2.1,0.00878179,2,-0.115697,0.00798587,1.4062,-154415
2.1,0.00878179,2,-0.115697,0.00798587,1.4092,-169089
2.1,0.00878179,2,-0.115697,0.00798587,1.41221,-161158
2.1,0.00878179,2,-0.115697,0.00798587,1.41521,-159947
2.1,0.00878179,2,-0.115697,0.00798587,1.41821,-167433
2.1,0.00878179,2,-0.115697,0.00798587,1.42121,-181614
2.1,0.00878179,2,-0.115697,0.00798587,1.42421,-170248
2.1,0.00878179,2,-0.115697,0.00798587,1.42721,-188545
2.1,0.00878179,2,-0.115697,0.00798587,1.43022,-180365
2.1,0.00878179,2,-0.115697,0.00798587,1.43322,-186409
2.1,0.00878179,2,-0.115697,0.00798587,1.43622,-183681
2.1,0.00878179,2,-0.115697,0.00798587,1.43922,-172043
2.1,0.00878179,2,-0.115697,0.00798587,1.44222,-169320
2.1,0.00878179,2,-0.115697,0.00798587,1.44522,-172853
2.1,0.00878179,2,-0.115697,0.00798587,1.44822,-170270
2.1,0.00878179,2,-0.115697,0.00798587,1.45123,-172553
2.1,0.00878179,2,-0.115697,0.00798587,1.45423,-185526
2.1,0.00878179,2,-0.115697,0.00798587,1.45723,-177463
2.1,0.00878179,2,-0.115697,0.00798587,1.46023,-182740
2.1,0.00878179,2,-0.115697,0.00798587,1.46323,-175167
2.1,0.00878179,2,-0.115697,0.00798587,1.46623,-177061
2.1,0.00878179,2,-0.115697,0.00798587,1.46923,-177567
2.1,0.00878179,2,-0.115697,0.00798587,1.47224,-214457
2.1,0.00878179,2,-0.115697,0.00798587,1.47524,-182577
2.1,0.00878179,2,-0.115697,0.00798587,1.47824,-182805
2.1,0.00878179,2,-0.115697,0.00798587,1.48124,-199898
2.1,0.00878179,2,-0.115697,0.00798587,1.48424,-186192
2.1,0.00878179,2,-0.115697,0.00798587,1.48724,-187810
2.1,0.00878179,2,-0.115697,0.00798587,1.49025,-206332
2.1,0.00878179,2,-0.115697,0.00798587,1.49325,-188904
2.1,0.00878179,2,-0.115697,0.00798587,1.49625,-177303
2.1,0.00878179,2,-0.115697,0.00798587,1.49925,-198601
2.1,0.00878179,2,-0.115697,0.00798587,1.50225,-195351
2.1,0.00878179,2,-0.115697,0.00798587,1.50525,-186862
2.1,0.00878179,2,-0.115697,0.00798587,1.50825,-177839
2.1,0.00878179,2,-0.115697,0.00798587,1.51126,-206393
2.1,0.00878179,2,-0.115697,0.00798587,1.51426,-177477
2.1,0.00878179,2,-0.115697,0.00798587,1.51726,-193530
2.1,0.00878179,2,-0.115697,0.00798587,1.52026,-186269
2.1,0.00878179,2,-0.115697,0.00798587,1.52326,-178558
2.1,0.00878179,2,-0.115697,0.00798587,1.52626,-209550
2.1,0.00878179,2,-0.115697,0.00798587,1.52926,-206349
2.1,0.00878179,2,-0.115697,0.00798587,1.53227,-189978
2.1,0.00878179,2,-0.115697,0.00798587,1.53527,-187904
2.1,0.00878179,2,-0.115697,0.00798587,1.53827,-180341
2.1,0.00878179,2,-0.115697,0.00798587,1.54127,-189073
2.1,0.00878179,2,-0.115697,0.00798587,1.54427,-195933
2.1,0.00878179,2,-0.115697,0.00798587,1.54727,-185395
2.1,0.00878179,2,-0.115697,0.00798587,1.55028,-204778
2.1,0.00878179,2,-0.115697,0.00798587,1.55328,-199130
2.1,0.00878179,2,-0.115697,0.00798587,1.55628,-194980
2.1,0.00878179,2,-0.115697,0.00798587,1.55928,-199518
2.1,0.00878179,2,-0.115697,0.00798587,1.56228,-192127
2.1,0.00878179,2,-0.115697,0.00798587,1.56528,-185540
2.1,0.00878179,2,-0.115697,0.00798587,1.56828,-197732
2.1,0.00878179,2,-0.115697,0.00798587,1.57129,-181681
2.1,0.00878179,2,-0.115697,0.00798587,1.57429,-199609
2.1,0.00878179,2,-0.115697,0.00798587,1.57729,-187288
2.1,0.00878179,2,-0.115697,0.00798587,1.58029,-182400
2.1,0.00878179,2,-0.115697,0.00798587,1.58329,-198918
2.1,0.00878179,2,-0.115697,0.00798587,1.58629,-194122
2.1,0.00878179,2,-0.115697,0.00798587,1.58929,-183615
2.1,0.00878179,2,-0.115697,0.00798587,1.5923,-191099
2.1,0.00878179,2,-0.115697,0.00798587,1.5953,-208214
2.1,0.00878179,2,-0.115697,0.00798587,1.5983,-184101
2.1,0.00878179,2,-0.115697,0.00798587,1.6013,-203976
2.1,0.00878179,2,-0.115697,0.00798587,1.6043,-182021
2.1,0.00878179,2,-0.115697,0.00798587,1.6073,-194953
2.1,0.00878179,2,-0.115697,0.00798587,1.61031,-185840
2.1,0.00878179,2,-0.115697,0.00798587,1.61331,-188528
2.1,0.00878179,2,-0.115697,0.00798587,1.61631,-195989
2.1,0.00878179,2,-0.115697,0.00798587,1.61931,-182294
2.1,0.00878179,2,-0.115697,0.00798587,1.62231,-204147
2.1,0.00878179,2,-0.115697,0.00798587,1.62531,-184643
2.1,0.00878179,2,-0.115697,0.00798587,1.62831,-198183
2.1,0.00878179,2,-0.115697,0.00798587,1.63132,-197519
2.1,0.00878179,2,-0.115697,0.00798587,1.63432,-207376
2.1,0.00878179,2,-0.115697,0.00798587,1.63732,-193713
2.1,0.00878179,2,-0.115697,0.00798587,1.64032,-194707
2.1,0.00878179,2,-0.115697,0.00798587,1.64332,-205569
2.1,0.00878179,2,-0.115697,0.00798587,1.64632,-187698
2.1,0.00878179,2,-0.115697,0.00798587,1.64932,-209502
2.1,0.00878179,2,-0.115697,0.00798587,1.65233,-190953
2.1,0.00878179,2,-0.115697,0.00798587,1.65533,-204983
2.1,0.00878179,2,-0.115697,0.00798587,1.65833,-185761
2.1,0.00878179,2,-0.115697,0.00798587,1.66133,-191083
2.1,0.00878179,2,-0.115697,0.00798587,1.66433,-204257
2.1,0.00878179,2,-0.115697,0.00798587,1.66733,-198273
2.1,0.00878179,2,-0.115697,0.00798587,1.67034,-201440
2.1,0.00878179,2,-0.115697,0.00798587,1.67334,-186618
2.1,0.00878179,2,-0.115697,0.00798587,1.67634,-183191
2.1,0.00878179,2,-0.115697,0.00798587,1.67934,-208540
2.1,0.00878179,2,-0.115697,0.00798587,1.68234,-214112
2.1,0.00878179,2,-0.115697,0.00798587,1.68534,-180858
2.1,0.00878179,2,-0.115697,0.00798587,1.68834,-199054
2.1,0.00878179,2,-0.115697,0.00798587,1.69135,-212197
2.1,0.00878179,2,-0.115697,0.00798587,1.69435,-178791
2.1,0.00878179,2,-0.115697,0.00798587,1.69735,-181347
2.1,0.00878179,2,-0.115697,0.00798587,1.70035,-210049
2.1,0.00878179,2,-0.115697,0.00798587,1.70335,-187023
2.1,0.00878179,2,-0.115697,0.00798587,1.70635,-184709
2.1,0.00878179,2,-0.115697,0.00798587,1.70935,-181652
2.1,0.00878179,2,-0.115697,0.00798587,1.71236,-201377
2.1,0.00878179,2,-0.115697,0.00798587,1.71536,-199712
2.1,0.00878179,2,-0.115697,0.00798587,1.71836,-188985
2.1,0.00878179,2,-0.115697,0.00798587,1.72136,-192576
2.1,0.00878179,2,-0.115697,0.00798587,1.72436,-202768
2.1,0.00878179,2,-0.115697,0.00798587,1.72736,-179997
2.1,0.00878179,2,-0.115697,0.00798587,1.73037,-201501
2.1,0.00878179,2,-0.115697,0.00798587,1.73337,-200760
2.1,0.00878179,2,-0.115697,0.00798587,1.73637,-179941
2.1,0.00878179,2,-0.115697,0.00798587,1.73937,-183110
2.1,0.00878179,2,-0.115697,0.00798587,1.74237,-182630
2.1,0.00878179,2,-0.115697,0.00798587,1.74537,-204326
2.1,0.00878179,2,-0.115697,0.00798587,1.74837,-199412
2.1,0.00878179,2,-0.115697,0.00798587,1.75138,-176456
2.1,0.00878179,2,-0.115697,0.00798587,1.75438,-184173
2.1,0.00878179,2,-0.115697,0.00798587,1.75738,-175415
2.1,0.00878179,2,-0.115697,0.00798587,1.76038,-178872
2.1,0.00878179,2,-0.115697,0.00798587,1.76338,-199663
2.1,0.00878179,2,-0.115697,0.00798587,1.76638,-180218
2.1,0.00878179,2,-0.115697,0.00798587,1.76938,-183374
2.1,0.00878179,2,-0.115697,0.00798587,1.77239,-186562
2.1,0.00878179,2,-0.115697,0.00798587,1.77539,-183736
2.1,0.00878179,2,-0.115697,0.00798587,1.77839,-181982
2.1,0.00878179,2,-0.115697,0.00798587,1.78139,-179547
2.1,0.00878179,2,-0.115697,0.00798587,1.78439,-192218
2.1,0.00878179,2,-0.115697,0.00798587,1.78739,-173649
2.1,0.00878179,2,-0.115697,0.00798587,1.7904,-186671
2.1,0.00878179,2,-0.115697,0.00798587,1.7934,-163473
2.1,0.00878179,2,-0.115697,0.00798587,1.7964,-182587
2.1,0.00878179,2,-0.115697,0.00798587,1.7994,-163162
2.1,0.00878179,2,-0.115697,0.00798587,1.8024,-171002
2.1,0.00878179,2,-0.115697,0.00798587,1.8054,-165062
2.1,0.00878179,2,-0.115697,0.00798587,1.8084,-159921
2.1,0.00878179,2,-0.115697,0.00798587,1.81141,-166455
2.1,0.00878179,2,-0.115697,0.00798587,1.81441,-175465
2.1,0.00878179,2,-0.115697,0.00798587,1.81741,-156770
2.1,0.00878179,2,-0.115697,0.00798587,1.82041,-154365
2.1,0.00878179,2,-0.115697,0.00798587,1.82341,-160838
2.1,0.00878179,2,-0.115697,0.00798587,1.82641,-150852
2.1,0.00878179,2,-0.115697,0.00798587,1.82941,-145619
2.1,0.00878179,2,-0.115697,0.00798587,1.83242,133158
2.1,0.00878179,2,-0.115697,0.00798587,1.83542,147699
2.1,0.00878179,2,-0.115697,0.00798587,1.83842,155879
2.1,0.00878179,2,-0.115697,0.00798587,1.84142,165505
2.1,0.00878179,2,-0.115697,0.00798587,1.84442,153411
2.1,0.00878179,2,-0.115697,0.00798587,1.84742,165318
2.1,0.00878179,2,-0.115697,0.00798587,1.85043,163455
2.1,0.00878179,2,-0.115697,0.00798587,1.85343,166089
2.1,0.00878179,2,-0.115697,0.00798587,1.85643,179113
2.1,0.00878179,2,-0.115697,0.00798587,1.85943,163778
2.1,0.00878179,2,-0.115697,0.00798587,1.86243,179249
2.1,0.00878179,2,-0.115697,0.00798587,1.86543,177469
2.1,0.00878179,2,-0.115697,0.00798587,1.86843,176314
2.1,0.00878179,2,-0.115697,0.00798587,1.87144,179518
2.1,0.00878179,2,-0.115697,0.00798587,1.87444,165359
2.1,0.00878179,2,-0.115697,0.00798587,1.87744,176577
2.1,0.00878179,2,-0.115697,0.00798587,1.88044,177686
2.1,0.00878179,2,-0.115697,0.00798587,1.88344,188324
2.1,0.00878179,2,-0.115697,0.00798587,1.88644,168562
2.1,0.00878179,2,-0.115697,0.00798587,1.88944,184196
2.1,0.00878179,2,-0.115697,0.00798587,1.89245,165093
2.1,0.00878179,2,-0.115697,0.00798587,1.89545,182550
2.1,0.00878179,2,-0.115697,0.00798587,1.89845,177248
2.1,0.00878179,2,-0.115697,0.00798587,1.90145,192175
2.1,0.00878179,2,-0.115697,0.00798587,1.90445,182761
2.1,0.00878179,2,-0.115697,0.00798587,1.90745,175940
2.1,0.00878179,2,-0.115697,0.00798587,1.91046,166408
2.1,0.00878179,2,-0.115697,0.00798587,1.91346,167395
2.1,0.00878179,2,-0.115697,0.00798587,1.91646,170543
2.1,0.00878179,2,-0.115697,0.00798587,1.91946,183684
2.1,0.00878179,2,-0.115697,0.00798587,1.92246,190445
2.1,0.00878179,2,-0.115697,0.00798587,1.92546,182518
2.1,0.00878179,2,-0.115697,0.00798587,1.92846,170551
2.1,0.00878179,2,-0.115697,0.00798587,1.93147,186076
2.1,0.00878179,2,-0.115697,0.00798587,1.93447,194963
2.1,0.00878179,2,-0.115697,0.00798587,1.93747,168155
2.1,0.00878179,2,-0.115697,0.00798587,1.94047,187428
2.1,0.00878179,2,-0.115697,0.00798587,1.94347,189085
2.1,0.00878179,2,-0.115697,0.00798587,1.94647,167798
2.1,0.00878179,2,-0.115697,0.00798587,1.94947,184201
2.1,0.00878179,2,-0.115697,0.00798587,1.95248,182037
2.1,0.00878179,2,-0.115697,0.00798587,1.95548,189205
2.1,0.00878179,2,-0.115697,0.00798587,1.95848,191308
2.1,0.00878179,2,-0.115697,0.00798587,1.96148,162419
2.1,0.00878179,2,-0.115697,0.00798587,1.96448,190165
2.1,0.00878179,2,-0.115697,0.00798587,1.96748,175982
2.1,0.00878179,2,-0.115697,0.00798587,1.97049,164728
2.1,0.00878179,2,-0.115697,0.00798587,1.97349,159317
2.1,0.00878179,2,-0.115697,0.00798587,1.97649,170134
2.1,0.00878179,2,-0.115697,0.00798587,1.97949,178036
2.1,0.00878179,2,-0.115697,0.00798587,1.98249,156040
2.1,0.00878179,2,-0.115697,0.00798587,1.98549,140129
2.1,0.00878179,2,-0.115697,0.00798587,1.98849,140224
2.1,0.00878179,2,-0.115697,0.00798587,1.9915,-162464
2.1,0.00878179,2,-0.115697,0.00798587,1.9945,-157154
2.1,0.00878179,2,-0.115697,0.00798587,1.9975,-169450
2.1,0.00878179,2,-0.115697,0.00798587,2.0005,-160577
2.1,0.00878179,2,-0.115697,0.00798587,2.0035,-154334
2.1,0.00878179,2,-0.115697,0.00798587,2.0065,-161116
2.1,0.00878179,2,-0.115697,0.00798587,2.0095,-169808
2.1,0.00878179,2,-0.115697,0.00798587,2.01251,-160135
2.1,0.00878179,2,-0.115697,0.00798587,2.01551,-170873
2.1,0.00878179,2,-0.115697,0.00798587,2.01851,-166422
2.1,0.00878179,2,-0.115697,0.00798587,2.02151,-167317
2.1,0.00878179,2,-0.115697,0.00798587,2.02451,-182457
2.1,0.00878179,2,-0.115697,0.00798587,2.02751,-190267
2.1,0.00878179,2,-0.115697,0.00798587,2.03052,-166715
2.1,0.00878179,2,-0.115697,0.00798587,2.03352,-201422
2.1,0.00878179,2,-0.115697,0.00798587,2.03652,-171264
2.1,0.00878179,2,-0.115697,0.00798587,2.03952,-173144
2.1,0.00878179,2,-0.115697,0.00798587,2.04252,-197113
2.1,0.00878179,2,-0.115697,0.00798587,2.04552,-190954
2.1,0.00878179,2,-0.115697,0.00798587,2.04852,-180868
2.1,0.00878179,2,-0.115697,0.00798587,2.05153,-198890
2.1,0.00878179,2,-0.115697,0.00798587,2.05453,-170691
2.1,0.00878179,2,-0.115697,0.00798587,2.05753,-187608
2.1,0.00878179,2,-0.115697,0.00798587,2.06053,-176336
2.1,0.00878179,2,-0.115697,0.00798587,2.06353,-171637
2.1,0.00878179,2,-0.115697,0.00798587,2.06653,-192916
2.1,0.00878179,2,-0.115697,0.00798587,2.06953,-181026
2.1,0.00878179,2,-0.115697,0.00798587,2.07254,-195632
2.1,0.00878179,2,-0.115697,0.00798587,2.07554,-182563
2.1,0.00878179,2,-0.115697,0.00798587,2.07854,-166998
2.1,0.00878179,2,-0.115697,0.00798587,2.08154,-168008
2.1,0.00878179,2,-0.115697,0.00798587,2.08454,-170628
2.1,0.00878179,2,-0.115697,0.00798587,2.08754,-195761
2.1,0.00878179,2,-0.115697,0.00798587,2.09055,-166216
2.1,0.00878179,2,-0.115697,0.00798587,2.09355,-160481
2.1,0.00878179,2,-0.115697,0.00798587,2.09655,-150498
2.1,0.00878179,2,-0.115697,0.00798587,2.09955,-134815
2.1,0.00878179,2,-0.115697,0.00798587,2.10255,153315
2.1,0.00878179,2,-0.115697,0.00798587,2.10555,175374
2.1,0.00878179,2,-0.115697,0.00798587,2.10855,173783
2.1,0.00878179,2,-0.115697,0.00798587,2.11156,168218
2.1,0.00878179,2,-0.115697,0.00798587,2.11456,172601
2.1,0.00878179,2,-0.115697,0.00798587,2.11756,200023
2.1,0.00878179,2,-0.115697,0.00798587,2.12056,187433
2.1,0.00878179,2,-0.115697,0.00798587,2.12356,190091
2.1,0.00878179,2,-0.115697,0.00798587,2.12656,192164
2.1,0.00878179,2,-0.115697,0.00798587,2.12956,203250
2.1,0.00878179,2,-0.115697,0.00798587,2.13257,205960
2.1,0.00878179,2,-0.115697,0.00798587,2.13557,205425
2.1,0.00878179,2,-0.115697,0.00798587,2.13857,201313
2.1,0.00878179,2,-0.115697,0.00798587,2.14157,201177
2.1,0.00878179,2,-0.115697,0.00798587,2.14457,204648
2.1,0.00878179,2,-0.115697,0.00798587,2.14757,217751
2.1,0.00878179,2,-0.115697,0.00798587,2.15058,205529
2.1,0.00878179,2,-0.115697,0.00798587,2.15358,207174
2.1,0.00878179,2,-0.115697,0.00798587,2.15658,197230
2.1,0.00878179,2,-0.115697,0.00798587,2.15958,218345
2.1,0.00878179,2,-0.115697,0.00798587,2.16258,199190
2.1,0.00878179,2,-0.115697,0.00798587,2.16558,198699
2.1,0.00878179,2,-0.115697,0.00798587,2.16858,200557
2.1,0.00878179,2,-0.115697,0.00798587,2.17159,214075
2.1,0.00878179,2,-0.115697,0.00798587,2.17459,206650
2.1,0.00878179,2,-0.115697,0.00798587,2.17759,212547
2.1,0.00878179,2,-0.115697,0.00798587,2.18059,220698
2.1,0.00878179,2,-0.115697,0.00798587,2.18359,215355
2.1,0.00878179,2,-0.115697,0.00798587,2.18659,221304
2.1,0.00878179,2,-0.115697,0.00798587,2.18959,226051
2.1,0.00878179,2,-0.115697,0.00798587,2.1926,234596
2.1,0.00878179,2,-0.115697,0.00798587,2.1956,214458
2.1,0.00878179,2,-0.115697,0.00798587,2.1986,227435
2.1,0.00878179,2,-0.115697,0.00798587,2.2016,224061
2.1,0.00878179,2,-0.115697,0.00798587,2.2046,213970
2.1,0.00878179,2,-0.115697,0.00798587,2.2076,228087
2.1,0.00878179,2,-0.115697,0.00798587,2.21061,226504
2.1,0.00878179,2,-0.115697,0.00798587,2.21361,234337
2.1,0.00878179,2,-0.115697,0.00798587,2.21661,229106
2.1,0.00878179,2,-0.115697,0.00798587,2.21961,227987
2.1,0.00878179,2,-0.115697,0.00798587,2.22261,224951
2.1,0.00878179,2,-0.115697,0.00798587,2.22561,226450
2.1,0.00878179,2,-0.115697,0.00798587,2.22861,239586
2.1,0.00878179,2,-0.115697,0.00798587,2.23162,240340
2.1,0.00878179,2,-0.115697,0.00798587,2.23462,236737
2.1,0.00878179,2,-0.115697,0.00798587,2.23762,251392
2.1,0.00878179,2,-0.115697,0.00798587,2.24062,237810
2.1,0.00878179,2,-0.115697,0.00798587,2.24362,253141
2.1,0.00878179,2,-0.115697,0.00798587,2.24662,242430
2.1,0.00878179,2,-0.115697,0.00798587,2.24962,316093
2.1,0.00878179,2,-0.115697,0.00798587,2.25263,256039
2.1,0.00878179,2,-0.115697,0.00798587,2.25563,242350
2.1,0.00878179,2,-0.115697,0.00798587,2.25863,245492
2.1,0.00878179,2,-0.115697,0.00798587,2.26163,267451
2.1,0.00878179,2,-0.115697,0.00798587,2.26463,265076
2.1,0.00878179,2,-0.115697,0.00798587,2.26763,245187
2.1,0.00878179,2,-0.115697,0.00798587,2.27064,264559
2.1,0.00878179,2,-0.115697,0.00798587,2.27364,276455
2.1,0.00878179,2,-0.115697,0.00798587,2.27664,251021
2.1,0.00878179,2,-0.115697,0.00798587,2.27964,267060
2.1,0.00878179,2,-0.115697,0.00798587,2.28264,254478
2.1,0.00878179,2,-0.115697,0.00798587,2.28564,262933
2.1,0.00878179,2,-0.115697,0.00798587,2.28864,259013
2.1,0.00878179,2,-0.115697,0.00798587,2.29165,295582
2.1,0.00878179,2,-0.115697,0.00798587,2.29465,265090
2.1,0.00878179,2,-0.115697,0.00798587,2.29765,268254
2.1,0.00878179,2,-0.115697,0.00798587,2.30065,268616
2.1,0.00878179,2,-0.115697,0.00798587,2.30365,264828
2.1,0.00878179,2,-0.115697,0.00798587,2.30665,279742
2.1,0.00878179,2,-0.115697,0.00798587,2.30965,276091
2.1,0.00878179,2,-0.115697,0.00798587,2.31266,296432
2.1,0.00878179,2,-0.115697,0.00798587,2.31566,263342
2.1,0.00878179,2,-0.115697,0.00798587,2.31866,295358
2.1,0.00878179,2,-0.115697,0.00798587,2.32166,299634
2.1,0.00878179,2,-0.115697,0.00798587,2.32466,266145
2.1,0.00878179,2,-0.115697,0.00798587,2.32766,278647
2.1,0.00878179,2,-0.115697,0.00798587,2.33067,272719
2.1,0.00878179,2,-0.115697,0.00798587,2.33367,328664
2.1,0.00878179,2,-0.115697,0.00798587,2.33667,332052
2.1,0.00878179,2,-0.115697,0.00798587,2.33967,275271
2.1,0.00878179,2,-0.115697,0.00798587,2.34267,296158
2.1,0.00878179,2,-0.115697,0.00798587,2.34567,282948
2.1,0.00878179,2,-0.115697,0.00798587,2.34867,335487
2.1,0.00878179,2,-0.115697,0.00798587,2.35168,279640
2.1,0.00878179,2,-0.115697,0.00798587,2.35468,318254
2.1,0.00878179,2,-0.115697,0.00798587,2.35768,299667
2.1,0.00878179,2,-0.115697,0.00798587,2.36068,298659
2.1,0.00878179,2,-0.115697,0.00798587,2.36368,299101
2.1,0.00878179,2,-0.115697,0.00798587,2.36668,300517
2.1,0.00878179,2,-0.115697,0.00798587,2.36968,288554
2.1,0.00878179,2,-0.115697,0.00798587,2.37269,323793
2.1,0.00878179,2,-0.115697,0.00798587,2.37569,290833
2.1,0.00878179,2,-0.115697,0.00798587,2.37869,325469
2.1,0.00878179,2,-0.115697,0.00798587,2.38169,332068
2.1,0.00878179,2,-0.115697,0.00798587,2.38469,300679
2.1,0.00878179,2,-0.115697,0.00798587,2.38769,336249
2.1,0.00878179,2,-0.115697,0.00798587,2.3907,305900
2.1,0.00878179,2,-0.115697,0.00798587,2.3937,323664
2.1,0.00878179,2,-0.115697,0.00798587,2.3967,323733
2.1,0.00878179,2,-0.115697,0.00798587,2.3997,321734
2.1,0.00878179,2,-0.115697,0.00798587,2.4027,341793
2.1,0.00878179,2,-0.115697,0.00798587,2.4057,320508
2.1,0.00878179,2,-0.115697,0.00798587,2.4087,318110
2.1,0.00878179,2,-0.115697,0.00798587,2.41171,310420
2.1,0.00878179,2,-0.115697,0.00798587,2.41471,339408
2.1,0.00878179,2,-0.115697,0.00798587,2.41771,332068
2.1,0.00878179,2,-0.115697,0.00798587,2.42071,369285
2.1,0.00878179,2,-0.115697,0.00798587,2.42371,332825
2.1,0.00878179,2,-0.115697,0.00798587,2.42671,324916
2.1,0.00878179,2,-0.115697,0.00798587,2.42971,345817
2.1,0.00878179,2,-0.115697,0.00798587,2.43272,384375
2.1,0.00878179,2,-0.115697,0.00798587,2.43572,355292
2.1,0.00878179,2,-0.115697,0.00798587,2.43872,372025
2.1,0.00878179,2,-0.115697,0.00798587,2.44172,341962
2.1,0.00878179,2,-0.115697,0.00798587,2.44472,357608
2.1,0.00878179,2,-0.115697,0.00798587,2.44772,352181
2.1,0.00878179,2,-0.115697,0.00798587,2.45073,347525
2.1,0.00878179,2,-0.115697,0.00798587,2.45373,412278
2.1,0.00878179,2,-0.115697,0.00798587,2.45673,396758
2.1,0.00878179,2,-0.115697,0.00798587,2.45973,343724
2.1,0.00878179,2,-0.115697,0.00798587,2.46273,336192
2.1,0.00878179,2,-0.115697,0.00798587,2.46573,385133
2.1,0.00878179,2,-0.115697,0.00798587,2.46873,344646
2.1,0.00878179,2,-0.115697,0.00798587,2.47174,348574
2.1,0.00878179,2,-0.115697,0.00798587,2.47474,367036
2.1,0.00878179,2,-0.115697,0.00798587,2.47774,394323
2.1,0.00878179,2,-0.115697,0.00798587,2.48074,385461
2.1,0.00878179,2,-0.115697,0.00798587,2.48374,358206
2.1,0.00878179,2,-0.115697,0.00798587,2.48674,384388
2.1,0.00878179,2,-0.115697,0.00798587,2.48974,380204
2.1,0.00878179,2,-0.115697,0.00798587,2.49275,368785
2.1,0.00878179,2,-0.115697,0.00798587,2.49575,396391
2.1,0.00878179,2,-0.115697,0.00798587,2.49875,367758
2.1,0.00878179,2,-0.115697,0.00798587,2.50175,358630
2.1,0.00878179,2,-0.115697,0.00798587,2.50475,381766
2.1,0.00878179,2,-0.115697,0.00798587,2.50775,390384
2.1,0.00878179,2,-0.115697,0.00798587,2.51076,385469
2.1,0.00878179,2,-0.115697,0.00798587,2.51376,421337
2.1,0.00878179,2,-0.115697,0.00798587,2.51676,386636
2.1,0.00878179,2,-0.115697,0.00798587,2.51976,399108
2.1,0.00878179,2,-0.115697,0.00798587,2.52276,391925
2.1,0.00878179,2,-0.115697,0.00798587,2.52576,430415
2.1,0.00878179,2,-0.115697,0.00798587,2.52876,375140
2.1,0.00878179,2,-0.115697,0.00798587,2.53177,402094
2.1,0.00878179,2,-0.115697,0.00798587,2.53477,404204
2.1,0.00878179,2,-0.115697,0.00798587,2.53777,404894
2.1,0.00878179,2,-0.115697,0.00798587,2.54077,388559
2.1,0.00878179,2,-0.115697,0.00798587,2.54377,410459
2.1,0.00878179,2,-0.115697,0.00798587,2.54677,401481
2.1,0.00878179,2,-0.115697,0.00798587,2.54977,395861
2.1,0.00878179,2,-0.115697,0.00798587,2.55278,401492
2.1,0.00878179,2,-0.115697,0.00798587,2.55578,405998
2.1,0.00878179,2,-0.115697,0.00798587,2.55878,415124
2.1,0.00878179,2,-0.115697,0.00798587,2.56178,465967
2.1,0.00878179,2,-0.115697,0.00798587,2.56478,432248
2.1,0.00878179,2,-0.115697,0.00798587,2.56778,402812
2.1,0.00878179,2,-0.115697,0.00798587,2.57079,437999
2.1,0.00878179,2,-0.115697,0.00798587,2.57379,468800
2.1,0.00878179,2,-0.115697,0.00798587,2.57679,461713
2.1,0.00878179,2,-0.115697,0.00798587,2.57979,459009
2.1,0.00878179,2,-0.115697,0.00798587,2.58279,430785
2.1,0.00878179,2,-0.115697,0.00798587,2.58579,419128
2.1,0.00878179,2,-0.115697,0.00798587,2.58879,441955
2.1,0.00878179,2,-0.115697,0.00798587,2.5918,461592
2.1,0.00878179,2,-0.115697,0.00798587,2.5948,464693
2.1,0.00878179,2,-0.115697,0.00798587,2.5978,422177
2.1,0.00878179,2,-0.115697,0.00798587,2.6008,469980
2.1,0.00878179,2,-0.115697,0.00798587,2.6038,478253
2.1,0.00878179,2,-0.115697,0.00798587,2.6068,487939
2.1,0.00878179,2,-0.115697,0.00798587,2.6098,440902
2.1,0.00878179,2,-0.115697,0.00798587,2.61281,447463
2.1,0.00878179,2,-0.115697,0.00798587,2.61581,443139
2.1,0.00878179,2,-0.115697,0.00798587,2.61881,458668
2.1,0.00878179,2,-0.115697,0.00798587,2.62181,452233
2.1,0.00878179,2,-0.115697,0.00798587,2.62481,451437
2.1,0.00878179,2,-0.115697,0.00798587,2.62781,479535
2.1,0.00878179,2,-0.115697,0.00798587,2.63082,477449
2.1,0.00878179,2,-0.115697,0.00798587,2.63382,473856
2.1,0.00878179,2,-0.115697,0.00798587,2.63682,474480
2.1,0.00878179,2,-0.115697,0.00798587,2.63982,524128
2.1,0.00878179,2,-0.115697,0.00798587,2.64282,498187
2.1,0.00878179,2,-0.115697,0.00798587,2.64582,472449
2.1,0.00878179,2,-0.115697,0.00798587,2.64882,465200
2.1,0.00878179,2,-0.115697,0.00798587,2.65183,516857
2.1,0.00878179,2,-0.115697,0.00798587,2.65483,482679
2.1,0.00878179,2,-0.115697,0.00798587,2.65783,466480
2.1,0.00878179,2,-0.115697,0.00798587,2.66083,529118
2.1,0.00878179,2,-0.115697,0.00798587,2.66383,485435
2.1,0.00878179,2,-0.115697,0.00798587,2.66683,485319
2.1,0.00878179,2,-0.115697,0.00798587,2.66983,545867
2.1,0.00878179,2,-0.115697,0.00798587,2.67284,513368
2.1,0.00878179,2,-0.115697,0.00798587,2.67584,484976
2.1,0.00878179,2,-0.115697,0.00798587,2.67884,526111
2.1,0.00878179,2,-0.115697,0.00798587,2.68184,540391
2.1,0.00878179,2,-0.115697,0.00798587,2.68484,488309
2.1,0.00878179,2,-0.115697,0.00798587,2.68784,508245
2.1,0.00878179,2,-0.115697,0.00798587,2.69085,576679
2.1,0.00878179,2,-0.115697,0.00798587,2.69385,585721
2.1,0.00878179,2,-0.115697,0.00798587,2.69685,540748
2.1,0.00878179,2,-0.115697,0.00798587,2.69985,507946
2.1,0.00878179,2,-0.115697,0.00798587,2.70285,528997
2.1,0.00878179,2,-0.115697,0.00798587,2.70585,541066
2.1,0.00878179,2,-0.115697,0.00798587,2.70885,521765
2.1,0.00878179,2,-0.115697,0.00798587,2.71186,523753
2.1,0.00878179,2,-0.115697,0.00798587,2.71486,514802
2.1,0.00878179,2,-0.115697,0.00798587,2.71786,554475
2.1,0.00878179,2,-0.115697,0.00798587,2.72086,595242
2.1,0.00878179,2,-0.115697,0.00798587,2.72386,558139
2.1,0.00878179,2,-0.115697,0.00798587,2.72686,574390
2.1,0.00878179,2,-0.115697,0.00798587,2.72986,574556
2.1,0.00878179,2,-0.115697,0.00798587,2.73287,552222
2.1,0.00878179,2,-0.115697,0.00798587,2.73587,634620
2.1,0.00878179,2,-0.115697,0.00798587,2.73887,592413
2.1,0.00878179,2,-0.115697,0.00798587,2.74187,574178
2.1,0.00878179,2,-0.115697,0.00798587,2.74487,646152
2.1,0.00878179,2,-0.115697,0.00798587,2.74787,568691
2.1,0.00878179,2,-0.115697,0.00798587,2.75088,584457
2.1,0.00878179,2,-0.115697,0.00798587,2.75388,649738
2.1,0.00878179,2,-0.115697,0.00798587,2.75688,573086
2.1,0.00878179,2,-0.115697,0.00798587,2.75988,599250
2.1,0.00878179,2,-0.115697,0.00798587,2.76288,643010
2.1,0.00878179,2,-0.115697,0.00798587,2.76588,568094
2.1,0.00878179,2,-0.115697,0.00798587,2.76888,593654
2.1,0.00878179,2,-0.115697,0.00798587,2.77189,590449
2.1,0.00878179,2,-0.115697,0.00798587,2.77489,639666
2.1,0.00878179,2,-0.115697,0.00798587,2.77789,602405
2.1,0.00878179,2,-0.115697,0.00798587,2.78089,692228
2.1,0.00878179,2,-0.115697,0.00798587,2.78389,618550
2.1,0.00878179,2,-0.115697,0.00798587,2.78689,611897
2.1,0.00878179,2,-0.115697,0.00798587,2.78989,626954
2.1,0.00878179,2,-0.115697,0.00798587,2.7929,691840
2.1,0.00878179,2,-0.115697,0.00798587,2.7959,633029
2.1,0.00878179,2,-0.115697,0.00798587,2.7989,639382
2.1,0.00878179,2,-0.115697,0.00798587,2.8019,608568
2.1,0.00878179,2,-0.115697,0.00798587,2.8049,626761
2.1,0.00878179,2,-0.115697,0.00798587,2.8079,626978
2.1,0.00878179,2,-0.115697,0.00798587,2.81091,629154
2.1,0.00878179,2,-0.115697,0.00798587,2.81391,638402
2.1,0.00878179,2,-0.115697,0.00798587,2.81691,657286
2.1,0.00878179,2,-0.115697,0.00798587,2.81991,684492
2.1,0.00878179,2,-0.115697,0.00798587,2.82291,651419
2.1,0.00878179,2,-0.115697,0.00798587,2.82591,652039
2.1,0.00878179,2,-0.115697,0.00798587,2.82891,710985
2.1,0.00878179,2,-0.115697,0.00798587,2.83192,649493
2.1,0.00878179,2,-0.115697,0.00798587,2.83492,652842
2.1,0.00878179,2,-0.115697,0.00798587,2.83792,663876
2.1,0.00878179,2,-0.115697,0.00798587,2.84092,669622
2.1,0.00878179,2,-0.115697,0.00798587,2.84392,653451
2.1,0.00878179,2,-0.115697,0.00798587,2.84692,669933
2.1,0.00878179,2,-0.115697,0.00798587,2.84992,700293
2.1,0.00878179,2,-0.115697,0.00798587,2.85293,697985
2.1,0.00878179,2,-0.115697,0.00798587,2.85593,730514
2.1,0.00878179,2,-0.115697,0.00798587,2.85893,685697
2.1,0.00878179,2,-0.115697,0.00798587,2.86193,712500
2.1,0.00878179,2,-0.115697,0.00798587,2.86493,723592
2.1,0.00878179,2,-0.115697,0.00798587,2.86793,688486
2.1,0.00878179,2,-0.115697,0.00798587,2.87094,677569
2.1,0.00878179,2,-0.115697,0.00798587,2.87394,779844
2.1,0.00878179,2,-0.115697,0.00798587,2.87694,750422
2.1,0.00878179,2,-0.115697,0.00798587,2.87994,765583
2.1,0.00878179,2,-0.115697,0.00798587,2.88294,708143
2.1,0.00878179,2,-0.115697,0.00798587,2.88594,759229
2.1,0.00878179,2,-0.115697,0.00798587,2.88894,753690
2.1,0.00878179,2,-0.115697,0.00798587,2.89195,780629
2.1,0.00878179,2,-0.115697,0.00798587,2.89495,715026
2.1,0.00878179,2,-0.115697,0.00798587,2.89795,748959
2.1,0.00878179,2,-0.115697,0.00798587,2.90095,728754
2.1,0.00878179,2,-0.115697,0.00798587,2.90395,829421
2.1,0.00878179,2,-0.115697,0.00798587,2.90695,747624
2.1,0.00878179,2,-0.115697,0.00798587,2.90995,748838
2.1,0.00878179,2,-0.115697,0.00798587,2.91296,765135
2.1,0.00878179,2,-0.115697,0.00798587,2.91596,810120
2.1,0.00878179,2,-0.115697,0.00798587,2.91896,846711
2.1,0.00878179,2,-0.115697,0.00798587,2.92196,808040
2.1,0.00878179,2,-0.115697,0.00798587,2.92496,746147
2.1,0.00878179,2,-0.115697,0.00798587,2.92796,775720
2.1,0.00878179,2,-0.115697,0.00798587,2.93097,852298
2.1,0.00878179,2,-0.115697,0.00798587,2.93397,857508
2.1,0.00878179,2,-0.115697,0.00798587,2.93697,778111
2.1,0.00878179,2,-0.115697,0.00798587,2.93997,815814
2.1,0.00878179,2,-0.115697,0.00798587,2.94297,790376
2.1,0.00878179,2,-0.115697,0.00798587,2.94597,812241
2.1,0.00878179,2,-0.115697,0.00798587,2.94897,805001
2.1,0.00878179,2,-0.115697,0.00798587,2.95198,845293
2.1,0.00878179,2,-0.115697,0.00798587,2.95498,840303
2.1,0.00878179,2,-0.115697,0.00798587,2.95798,813746
2.1,0.00878179,2,-0.115697,0.00798587,2.96098,896930
2.1,0.00878179,2,-0.115697,0.00798587,2.96398,885430
2.1,0.00878179,2,-0.115697,0.00798587,2.96698,807135
2.1,0.00878179,2,-0.115697,0.00798587,2.96998,887656
2.1,0.00878179,2,-0.115697,0.00798587,2.97299,876000
2.1,0.00878179,2,-0.115697,0.00798587,2.97599,840859
2.1,0.00878179,2,-0.115697,0.00798587,2.97899,923444
2.1,0.00878179,2,-0.115697,0.00798587,2.98199,856174
2.1,0.00878179,2,-0.115697,0.00798587,2.98499,851802
2.1,0.00878179,2,-0.115697,0.00798587,2.98799,909856
2.1,0.00878179,2,-0.115697,0.00798587,2.991,898614
2.1,0.00878179,2,-0.115697,0.00798587,2.994,857563
2.1,0.00878179,2,-0.115697,0.00798587,2.997,854634
2.1,0.00878179,2,-0.115697,0.00798587,3,955952

2.05,0.0129039,2,-0.279769,0.0122901,-3,91238.2
2.05,0.0129039,2,-0.279769,0.0122901,-2.997,86474.7
2.05,0.0129039,2,-0.279769,0.0122901,-2.994,94027.3
2.05,0.0129039,2,-0.279769,0.0122901,-2.991,85821.3
2.05,0.0129039,2,-0.279769,0.0122901,-2.98799,98479.6
2.05,0.0129039,2,-0.279769,0.0122901,-2.98499,86336.2
2.05,0.0129039,2,-0.279769,0.0122901,-2.98199,89353.1
2.05,0.0129039,2,-0.279769,0.0122901,-2.97899,89750.6
2.05,0.0129039,2,-0.279769,0.0122901,-2.97599,89288.3
2.05,0.0129039,2,-0.279769,0.0122901,-2.97299,83813.1
2.05,0.0129039,2,-0.279769,0.0122901,-2.96998,99025.2
2.05,0.0129039,2,-0.279769,0.0122901,-2.96698,81326.6
2.05,0.0129039,2,-0.279769,0.0122901,-2.96398,81252.2
2.05,0.0129039,2,-0.279769,0.0122901,-2.96098,96254
2.05,0.0129039,2,-0.279769,0.0122901,-2.95798,95100.4
2.05,0.0129039,2,-0.279769,0.0122901,-2.95498,82162.9
2.05,0.0129039,2,-0.279769,0.0122901,-2.95198,80942.2
2.05,0.0129039,2,-0.279769,0.0122901,-2.94897,91005
2.05,0.0129039,2,-0.279769,0.0122901,-2.94597,89731.8
2.05,0.0129039,2,-0.279769,0.0122901,-2.94297,89888.9
2.05,0.0129039,2,-0.279769,0.0122901,-2.93997,87035.3
2.05,0.0129039,2,-0.279769,0.0122901,-2.93697,81031.2
2.05,0.0129039,2,-0.279769,0.0122901,-2.93397,97674.7
2.05,0.0129039,2,-0.279769,0.0122901,-2.93097,96241.6
2.05,0.0129039,2,-0.279769,0.0122901,-2.92796,81644.8
2.05,0.0129039,2,-0.279769,0.0122901,-2.92496,92958
2.05,0.0129039,2,-0.279769,0.0122901,-2.92196,84311.6
2.05,0.0129039,2,-0.279769,0.0122901,-2.91896,83514.2
2.05,0.0129039,2,-0.279769,0.0122901,-2.91596,83973.3
2.05,0.0129039,2,-0.279769,0.0122901,-2.91296,78252.8
2.05,0.0129039,2,-0.279769,0.0122901,-2.90995,84937.4
2.05,0.0129039,2,-0.279769,0.0122901,-2.90695,87326.3
2.05,0.0129039,2,-0.279769,0.0122901,-2.90395,85784.4
2.05,0.0129039,2,-0.279769,0.0122901,-2.90095,81245
2.05,0.0129039,2,-0.279769,0.0122901,-2.89795,84091
2.05,0.0129039,2,-0.279769,0.0122901,-2.89495,80078.3
2.05,0.0129039,2,-0.279769,0.0122901,-2.89195,90183.3
2.05,0.0129039,2,-0.279769,0.0122901,-2.88894,89307.5
2.05,0.0129039,2,-0.279769,0.0122901,-2.88594,82361.7
2.05,0.0129039,2,-0.279769,0.0122901,-2.88294,81015.7
2.05,0.0129039,2,-0.279769,0.0122901,-2.87994,85327.9
2.05,0.0129039,2,-0.279769,0.0122901,-2.87694,84581
2.05,0.0129039,2,-0.279769,0.0122901,-2.87394,82003.7
2.05,0.0129039,2,-0.279769,0.0122901,-2.87094,84602.7
2.05,0.0129039,2,-0.279769,0.0122901,-2.86793,78660.3
2.05,0.0129039,2,-0.279769,0.0122901,-2.86493,90239.7
2.05,0.0129039,2,-0.279769,0.0122901,-2.86193,91465.3
2.05,0.0129039,2,-0.279769,0.0122901,-2.85893,82163.7
2.05,0.0129039,2,-0.279769,0.0122901,-2.85593,84888.8
2.05,0.0129039,2,-0.279769,0.0122901,-2.85293,78669.8
2.05,0.0129039,2,-0.279769,0.0122901,-2.84992,86557.6
2.05,0.0129039,2,-0.279769,0.0122901,-2.84692,78557.1
2.05,0.0129039,2,-0.279769,0.0122901,-2.84392,76929
2.05,0.0129039,2,-0.279769,0.0122901,-2.84092,73759.4
2.05,0.0129039,2,-0.279769,0.0122901,-2.83792,77401.9
2.05,0.0129039,2,-0.279769,0.0122901,-2.83492,75843.8
2.05,0.0129039,2,-0.279769,0.0122901,-2.83192,80111.9
2.05,0.0129039,2,-0.279769,0.0122901,-2.82891,73592.3
2.05,0.0129039,2,-0.279769,0.0122901,-2.82591,84525
2.05,0.0129039,2,-0.279769,0.0122901,-2.82291,79274.8
2.05,0.0129039,2,-0.279769,0.0122901,-2.81991,75156.8
2.05,0.0129039,2,-0.279769,0.0122901,-2.81691,75307.5
2.05,0.0129039,2,-0.279769,0.0122901,-2.81391,81944.6
2.05,0.0129039,2,-0.279769,0.0122901,-2.81091,70508.9
2.05,0.0129039,2,-0.279769,0.0122901,-2.8079,69817.6
2.05,0.0129039,2,-0.279769,0.0122901,-2.8049,76383.4
2.05,0.0129039,2,-0.279769,0.0122901,-2.8019,82324.4
2.05,0.0129039,2,-0.279769,0.0122901,-2.7989,75568.7
2.05,0.0129039,2,-0.279769,0.0122901,-2.7959,68469.7
2.05,0.0129039,2,-0.279769,0.0122901,-2.7929,82196.9
2.05,0.0129039,2,-0.279769,0.0122901,-2.78989,66975.5
2.05,0.0129039,2,-0.279769,0.0122901,-2.78689,68450.8
2.05,0.0129039,2,-0.279769,0.0122901,-2.78389,62941.3
2.05,0.0129039,2,-0.279769,0.0122901,-2.78089,60373
2.05,0.0129039,2,-0.279769,0.0122901,-2.77789,-59507.7
2.05,0.0129039,2,-0.279769,0.0122901,-2.77489,-63931.3
2.05,0.0129039,2,-0.279769,0.0122901,-2.77189,-80036.8
2.05,0.0129039,2,-0.279769,0.0122901,-2.76888,-75011.4
2.05,0.0129039,2,-0.279769,0.0122901,-2.76588,-75366.7
2.05,0.0129039,2,-0.279769,0.0122901,-2.76288,-82270.3
2.05,0.0129039,2,-0.279769,0.0122901,-2.75988,-73757.8
2.05,0.0129039,2,-0.279769,0.0122901,-2.75688,-73435.1
2.05,0.0129039,2,-0.279769,0.0122901,-2.75388,-86901.8
2.05,0.0129039,2,-0.279769,0.0122901,-2.75088,-75822.6
2.05,0.0129039,2,-0.279769,0.0122901,-2.74787,-73845.4
2.05,0.0129039,2,-0.279769,0.0122901,-2.74487,-73436.9
2.05,0.0129039,2,-0.279769,0.0122901,-2.74187,-86401.1
2.05,0.0129039,2,-0.279769,0.0122901,-2.73887,-73184
2.05,0.0129039,2,-0.279769,0.0122901,-2.73587,-74436.8
2.05,0.0129039,2,-0.279769,0.0122901,-2.73287,-91149.3
2.05,0.0129039,2,-0.279769,0.0122901,-2.72986,-82345.9
2.05,0.0129039,2,-0.279769,0.0122901,-2.72686,-76557.1
2.05,0.0129039,2,-0.279769,0.0122901,-2.72386,-84053.3
2.05,0.0129039,2,-0.279769,0.0122901,-2.72086,-76260.7
2.05,0.0129039,2,-0.279769,0.0122901,-2.71786,-86996.6
2.05,0.0129039,2,-0.279769,0.0122901,-2.71486,-80482.7
2.05,0.0129039,2,-0.279769,0.0122901,-2.71186,-74976.8
2.05,0.0129039,2,-0.279769,0.0122901,-2.70885,-85911.2
2.05,0.0129039,2,-0.279769,0.0122901,-2.70585,-96075.2
2.05,0.0129039,2,-0.279769,0.0122901,-2.70285,-89713.8
2.05,0.0129039,2,-0.279769,0.0122901,-2.69985,-77732.7
2.05,0.0129039,2,-0.279769,0.0122901,-2.69685,-81719.9
2.05,0.0129039,2,-0.279769,0.0122901,-2.69385,-77047
2.05,0.0129039,2,-0.279769,0.0122901,-2.69085,-76752.8
2.05,0.0129039,2,-0.279769,0.0122901,-2.68784,-80137.2
2.05,0.0129039,2,-0.279769,0.0122901,-2.68484,-84842.8
2.05,0.0129039,2,-0.279769,0.0122901,-2.68184,-85061.6
2.05,0.0129039,2,-0.279769,0.0122901,-2.67884,-77563.6
2.05,0.0129039,2,-0.279769,0.0122901,-2.67584,-84848
2.05,0.0129039,2,-0.279769,0.0122901,-2.67284,-89001.3
2.05,0.0129039,2,-0.279769,0.0122901,-2.66983,-91701
2.05,0.0129039,2,-0.279769,0.0122901,-2.66683,-84520.4
2.05,0.0129039,2,-0.279769,0.0122901,-2.66383,-83238.3
2.05,0.0129039,2,-0.279769,0.0122901,-2.66083,-91286.3
2.05,0.0129039,2,-0.279769,0.0122901,-2.65783,-85296.5
2.05,0.0129039,2,-0.279769,0.0122901,-2.65483,-81033.9
2.05,0.0129039,2,-0.279769,0.0122901,-2.65183,-82695.1
2.05,0.0129039,2,-0.279769,0.0122901,-2.64882,-84647.2
2.05,0.0129039,2,-0.279769,0.0122901,-2.64582,-86908.5
2.05,0.0129039,2,-0.279769,0.0122901,-2.64282,-89161.4
2.05,0.0129039,2,-0.279769,0.0122901,-2.63982,-85727.2
2.05,0.0129039,2,-0.279769,0.0122901,-2.63682,-92690.4
2.05,0.0129039,2,-0.279769,0.0122901,-2.63382,-89640.8
2.05,0.0129039,2,-0.279769,0.0122901,-2.63082,-85261.3
2.05,0.0129039,2,-0.279769,0.0122901,-2.62781,-85639.4
2.05,0.0129039,2,-0.279769,0.0122901,-2.62481,-89918.6
2.05,0.0129039,2,-0.279769,0.0122901,-2.62181,-92553
2.05,0.0129039,2,-0.279769,0.0122901,-2.61881,-88137.3
2.05,0.0129039,2,-0.279769,0.0122901,-2.61581,-94961.3
2.05,0.0129039,2,-0.279769,0.0122901,-2.61281,-80776.1
2.05,0.0129039,2,-0.279769,0.0122901,-2.6098,-91263.2
2.05,0.0129039,2,-0.279769,0.0122901,-2.6068,-85196.3
2.05,0.0129039,2,-0.279769,0.0122901,-2.6038,-80809.8
2.05,0.0129039,2,-0.279769,0.0122901,-2.6008,-98142.2
2.05,0.0129039,2,-0.279769,0.0122901,-2.5978,-89759
2.05,0.0129039,2,-0.279769,0.0122901,-2.5948,-88209.2
2.05,0.0129039,2,-0.279769,0.0122901,-2.5918,-92238.9
2.05,0.0129039,2,-0.279769,0.0122901,-2.58879,-82836.6
2.05,0.0129039,2,-0.279769,0.0122901,-2.58579,-81362.8
2.05,0.0129039,2,-0.279769,0.0122901,-2.58279,-94901.8
2.05,0.0129039,2,-0.279769,0.0122901,-2.57979,-98650
2.05,0.0129039,2,-0.279769,0.0122901,-2.57679,-97649.3
2.05,0.0129039,2,-0.279769,0.0122901,-2.57379,-91466.2
2.05,0.0129039,2,-0.279769,0.0122901,-2.57079,-88457.7
2.05,0.0129039,2,-0.279769,0.0122901,-2.56778,-88929.6
2.05,0.0129039,2,-0.279769,0.0122901,-2.56478,-83568.6
2.05,0.0129039,2,-0.279769,0.0122901,-2.56178,-90358.2
2.05,0.0129039,2,-0.279769,0.0122901,-2.55878,-87794.2
2.05,0.0129039,2,-0.279769,0.0122901,-2.55578,-94891.5
2.05,0.0129039,2,-0.279769,0.0122901,-2.55278,-82833.5
2.05,0.0129039,2,-0.279769,0.0122901,-2.54977,-95109
2.05,0.0129039,2,-0.279769,0.0122901,-2.54677,-92366.2
2.05,0.0129039,2,-0.279769,0.0122901,-2.54377,-88664.1
2.05,0.0129039,2,-0.279769,0.0122901,-2.54077,-83784.8
2.05,0.0129039,2,-0.279769,0.0122901,-2.53777,-87370.7
2.05,0.0129039,2,-0.279769,0.0122901,-2.53477,-85186.8
2.05,0.0129039,2,-0.279769,0.0122901,-2.53177,-103997
2.05,0.0129039,2,-0.279769,0.0122901,-2.52876,-88657.6
2.05,0.0129039,2,-0.279769,0.0122901,-2.52576,-88095.8
2.05,0.0129039,2,-0.279769,0.0122901,-2.52276,-86697.3
2.05,0.0129039,2,-0.279769,0.0122901,-2.51976,-94427.1
2.05,0.0129039,2,-0.279769,0.0122901,-2.51676,-93457.1
2.05,0.0129039,2,-0.279769,0.0122901,-2.51376,-90776
2.05,0.0129039,2,-0.279769,0.0122901,-2.51076,-92194
2.05,0.0129039,2,-0.279769,0.0122901,-2.50775,-96499.5
2.05,0.0129039,2,-0.279769,0.0122901,-2.50475,-93173.6
2.05,0.0129039,2,-0.279769,0.0122901,-2.50175,-84839.6
2.05,0.0129039,2,-0.279769,0.0122901,-2.49875,-98346.7
2.05,0.0129039,2,-0.279769,0.0122901,-2.49575,-91467.5
2.05,0.0129039,2,-0.279769,0.0122901,-2.49275,-83820.4
2.05,0.0129039,2,-0.279769,0.0122901,-2.48974,-90137.9
2.05,0.0129039,2,-0.279769,0.0122901,-2.48674,-88113.9
2.05,0.0129039,2,-0.279769,0.0122901,-2.48374,-86883
2.05,0.0129039,2,-0.279769,0.0122901,-2.48074,-105693
2.05,0.0129039,2,-0.279769,0.0122901,-2.47774,-90534.1
2.05,0.0129039,2,-0.279769,0.0122901,-2.47474,-104763
2.05,0.0129039,2,-0.279769,0.0122901,-2.47174,-94393.1
2.05,0.0129039,2,-0.279769,0.0122901,-2.46873,-106082
2.05,0.0129039,2,-0.279769,0.0122901,-2.46573,-93160.5
2.05,0.0129039,2,-0.279769,0.0122901,-2.46273,-95087.3
2.05,0.0129039,2,-0.279769,0.0122901,-2.45973,-85297.7
2.05,0.0129039,2,-0.279769,0.0122901,-2.45673,-95530.2
2.05,0.0129039,2,-0.279769,0.0122901,-2.45373,-91577.1
2.05,0.0129039,2,-0.279769,0.0122901,-2.45073,-87536.2
2.05,0.0129039,2,-0.279769,0.0122901,-2.44772,-98947.9
2.05,0.0129039,2,-0.279769,0.0122901,-2.44472,-96697.7
2.05,0.0129039,2,-0.279769,0.0122901,-2.44172,-88284.4
2.05,0.0129039,2,-0.279769,0.0122901,-2.43872,-100361
2.05,0.0129039,2,-0.279769,0.0122901,-2.43572,-93327.3
2.05,0.0129039,2,-0.279769,0.0122901,-2.43272,-88067.7
2.05,0.0129039,2,-0.279769,0.0122901,-2.42971,-89827.4
2.05,0.0129039,2,-0.279769,0.0122901,-2.42671,-90716.6
2.05,0.0129039,2,-0.279769,0.0122901,-2.42371,-86257.5
2.05,0.0129039,2,-0.279769,0.0122901,-2.42071,-85428.3
2.05,0.0129039,2,-0.279769,0.0122901,-2.41771,-93706.3
2.05,0.0129039,2,-0.279769,0.0122901,-2.41471,-103018
2.05,0.0129039,2,-0.279769,0.0122901,-2.41171,-90116.4
2.05,0.0129039,2,-0.279769,0.0122901,-2.4087,-90519.4
2.05,0.0129039,2,-0.279769,0.0122901,-2.4057,-94550.8
2.05,0.0129039,2,-0.279769,0.0122901,-2.4027,-91514.7
2.05,0.0129039,2,-0.279769,0.0122901,-2.3997,-92095.3
2.05,0.0129039,2,-0.279769,0.0122901,-2.3967,-91857.7
2.05,0.0129039,2,-0.279769,0.0122901,-2.3937,-106404
2.05,0.0129039,2,-0.279769,0.0122901,-2.3907,-84370.7
2.05,0.0129039,2,-0.279769,0.0122901,-2.38769,-85784.8
2.05,0.0129039,2,-0.279769,0.0122901,-2.38469,-107923
2.05,0.0129039,2,-0.279769,0.0122901,-2.38169,-94273.4
2.05,0.0129039,2,-0.279769,0.0122901,-2.37869,-95368.8
2.05,0.0129039,2,-0.279769,0.0122901,-2.37569,-84846.2
2.05,0.0129039,2,-0.279769,0.0122901,-2.37269,-100644
2.05,0.0129039,2,-0.279769,0.0122901,-2.36968,-91591
2.05,0.0129039,2,-0.279769,0.0122901,-2.36668,-94068.4
2.05,0.0129039,2,-0.279769,0.0122901,-2.36368,-98342.7
2.05,0.0129039,2,-0.279769,0.0122901,-2.36068,-98562.8
2.05,0.0129039,2,-0.279769,0.0122901,-2.35768,-87000.9
2.05,0.0129039,2,-0.279769,0.0122901,-2.35468,-86792.8
2.05,0.0129039,2,-0.279769,0.0122901,-2.35168,-94091
2.05,0.0129039,2,-0.279769,0.0122901,-2.34867,-97622
2.05,0.0129039,2,-0.279769,0.0122901,-2.34567,-88023.3
2.05,0.0129039,2,-0.279769,0.0122901,-2.34267,-93730.2
2.05,0.0129039,2,-0.279769,0.0122901,-2.33967,-87286.7
2.05,0.0129039,2,-0.279769,0.0122901,-2.33667,-85893.4
2.05,0.0129039,2,-0.279769,0.0122901,-2.33367,-91668.9
2.05,0.0129039,2,-0.279769,0.0122901,-2.33067,-90282.9
2.05,0.0129039,2,-0.279769,0.0122901,-2.32766,-97125.4
2.05,0.0129039,2,-0.279769,0.0122901,-2.32466,-100930
2.05,0.0129039,2,-0.279769,0.0122901,-2.32166,-90101.9
2.05,0.0129039,2,-0.279769,0.0122901,-2.31866,-86058.5
2.05,0.0129039,2,-0.279769,0.0122901,-2.31566,-88908.2
2.05,0.0129039,2,-0.279769,0.0122901,-2.31266,-99221.9
2.05,0.0129039,2,-0.279769,0.0122901,-2.30965,-92330
2.05,0.0129039,2,-0.279769,0.0122901,-2.30665,-87941.4
2.05,0.0129039,2,-0.279769,0.0122901,-2.30365,-90987.1
2.05,0.0129039,2,-0.279769,0.0122901,-2.30065,-88763.5
2.05,0.0129039,2,-0.279769,0.0122901,-2.29765,-98585.3
2.05,0.0129039,2,-0.279769,0.0122901,-2.29465,-87351.3
2.05,0.0129039,2,-0.279769,0.0122901,-2.29165,-88990
2.05,0.0129039,2,-0.279769,0.0122901,-2.28864,-100083
2.05,0.0129039,2,-0.279769,0.0122901,-2.28564,-99554.5
2.05,0.0129039,2,-0.279769,0.0122901,-2.28264,-89074.8
2.05,0.0129039,2,-0.279769,0.0122901,-2.27964,-94165.4
2.05,0.0129039,2,-0.279769,0.0122901,-2.27664,-87408.3
2.05,0.0129039,2,-0.279769,0.0122901,-2.27364,-86397.8
2.05,0.0129039,2,-0.279769,0.0122901,-2.27064,-87059.8
2.05,0.0129039,2,-0.279769,0.0122901,-2.26763,-95814.4
2.05,0.0129039,2,-0.279769,0.0122901,-2.26463,-88979.3
2.05,0.0129039,2,-0.279769,0.0122901,-2.26163,-93700.2
2.05,0.0129039,2,-0.279769,0.0122901,-2.25863,-96403.5
2.05,0.0129039,2,-0.279769,0.0122901,-2.25563,-86538.6
2.05,0.0129039,2,-0.279769,0.0122901,-2.25263,-94529.2
2.05,0.0129039,2,-0.279769,0.0122901,-2.24962,-90802.6
2.05,0.0129039,2,-0.279769,0.0122901,-2.24662,-106042
2.05,0.0129039,2,-0.279769,0.0122901,-2.24362,-86329.8
2.05,0.0129039,2,-0.279769,0.0122901,-2.24062,-86104.1
2.05,0.0129039,2,-0.279769,0.0122901,-2.23762,-90895.1
2.05,0.0129039,2,-0.279769,0.0122901,-2.23462,-86101.5
2.05,0.0129039,2,-0.279769,0.0122901,-2.23162,-89328.2
2.05,0.0129039,2,-0.279769,0.0122901,-2.22861,-86009.4
2.05,0.0129039,2,-0.279769,0.0122901,-2.22561,-97230.1
2.05,0.0129039,2,-0.279769,0.0122901,-2.22261,-98624.1
2.05,0.0129039,2,-0.279769,0.0122901,-2.21961,-93453.5
2.05,0.0129039,2,-0.279769,0.0122901,-2.21661,-92982.2
2.05,0.0129039,2,-0.279769,0.0122901,-2.21361,-90849
2.05,0.0129039,2,-0.279769,0.0122901,-2.21061,-85339.2
2.05,0.0129039,2,-0.279769,0.0122901,-2.2076,-95466.3
2.05,0.0129039,2,-0.279769,0.0122901,-2.2046,-87152.4
2.05,0.0129039,2,-0.279769,0.0122901,-2.2016,-86326.6
2.05,0.0129039,2,-0.279769,0.0122901,-2.1986,-90583.8
2.05,0.0129039,2,-0.279769,0.0122901,-2.1956,-95784.3
2.05,0.0129039,2,-0.279769,0.0122901,-2.1926,-84113.1
2.05,0.0129039,2,-0.279769,0.0122901,-2.18959,-95850.2
2.05,0.0129039,2,-0.279769,0.0122901,-2.18659,-83828.1
2.05,0.0129039,2,-0.279769,0.0122901,-2.18359,-92954.9
2.05,0.0129039,2,-0.279769,0.0122901,-2.18059,-83925
2.05,0.0129039,2,-0.279769,0.0122901,-2.17759,-83851
2.05,0.0129039,2,-0.279769,0.0122901,-2.17459,-90227.6
2.05,0.0129039,2,-0.279769,0.0122901,-2.17159,-83651
2.05,0.0129039,2,-0.279769,0.0122901,-2.16858,-83877.3
2.05,0.0129039,2,-0.279769,0.0122901,-2.16558,-89166.6
2.05,0.0129039,2,-0.279769,0.0122901,-2.16258,-94520
2.05,0.0129039,2,-0.279769,0.0122901,-2.15958,-89606.7
2.05,0.0129039,2,-0.279769,0.0122901,-2.15658,-101465
2.05,0.0129039,2,-0.279769,0.0122901,-2.15358,-88557.7
2.05,0.0129039,2,-0.279769,0.0122901,-2.15058,-84053.4
2.05,0.0129039,2,-0.279769,0.0122901,-2.14757,-96799.9
2.05,0.0129039,2,-0.279769,0.0122901,-2.14457,-101782
2.05,0.0129039,2,-0.279769,0.0122901,-2.14157,-90423.7
2.05,0.0129039,2,-0.279769,0.0122901,-2.13857,-85128.1
2.05,0.0129039,2,-0.279769,0.0122901,-2.13557,-98924.1
2.05,0.0129039,2,-0.279769,0.0122901,-2.13257,-93429.4
2.05,0.0129039,2,-0.279769,0.0122901,-2.12956,-85832.7
2.05,0.0129039,2,-0.279769,0.0122901,-2.12656,-92053.2
2.05,0.0129039,2,-0.279769,0.0122901,-2.12356,-89062.2
2.05,0.0129039,2,-0.279769,0.0122901,-2.12056,-85434.3
2.05,0.0129039,2,-0.279769,0.0122901,-2.11756,-96786.5
2.05,0.0129039,2,-0.279769,0.0122901,-2.11456,-82944.6
2.05,0.0129039,2,-0.279769,0.0122901,-2.11156,-96241.1
2.05,0.0129039,2,-0.279769,0.0122901,-2.10855,-84151.2
2.05,0.0129039,2,-0.279769,0.0122901,-2.10555,-92399
2.05,0.0129039,2,-0.279769,0.0122901,-2.10255,-89901.7
2.05,0.0129039,2,-0.279769,0.0122901,-2.09955,-94288.6
2.05,0.0129039,2,-0.279769,0.0122901,-2.09655,-84518.8
2.05,0.0129039,2,-0.279769,0.0122901,-2.09355,-84947
2.05,0.0129039,2,-0.279769,0.0122901,-2.09055,-82938.9
2.05,0.0129039,2,-0.279769,0.0122901,-2.08754,-88965.3
2.05,0.0129039,2,-0.279769,0.0122901,-2.08454,-84251.5
2.05,0.0129039,2,-0.279769,0.0122901,-2.08154,-91952.9
2.05,0.0129039,2,-0.279769,0.0122901,-2.07854,-84624.8
2.05,0.0129039,2,-0.279769,0.0122901,-2.07554,-84055.2
2.05,0.0129039,2,-0.279769,0.0122901,-2.07254,-82911
2.05,0.0129039,2,-0.279769,0.0122901,-2.06953,-81804.5
2.05,0.0129039,2,-0.279769,0.0122901,-2.06653,-90968.4
2.05,0.0129039,2,-0.279769,0.0122901,-2.06353,-102411
2.05,0.0129039,2,-0.279769,0.0122901,-2.06053,-85174.7
2.05,0.0129039,2,-0.279769,0.0122901,-2.05753,-84261
2.05,0.0129039,2,-0.279769,0.0122901,-2.05453,-92696.7
2.05,0.0129039,2,-0.279769,0.0122901,-2.05153,-88507.5
2.05,0.0129039,2,-0.279769,0.0122901,-2.04852,-85850.8
2.05,0.0129039,2,-0.279769,0.0122901,-2.04552,-94110.7
2.05,0.0129039,2,-0.279769,0.0122901,-2.04252,-92608.6
2.05,0.0129039,2,-0.279769,0.0122901,-2.03952,-92032.7
2.05,0.0129039,2,-0.279769,0.0122901,-2.03652,-86150.5
2.05,0.0129039,2,-0.279769,0.0122901,-2.03352,-83982.1
2.05,0.0129039,2,-0.279769,0.0122901,-2.03052,-85246.4
2.05,0.0129039,2,-0.279769,0.0122901,-2.02751,-80752.1
2.05,0.0129039,2,-0.279769,0.0122901,-2.02451,-80827.2
2.05,0.0129039,2,-0.279769,0.0122901,-2.02151,-92896.4
2.05,0.0129039,2,-0.279769,0.0122901,-2.01851,-83038.9
2.05,0.0129039,2,-0.279769,0.0122901,-2.01551,-87684.1
2.05,0.0129039,2,-0.279769,0.0122901,-2.01251,-80834.6
2.05,0.0129039,2,-0.279769,0.0122901,-2.0095,-84240.8
2.05,0.0129039,2,-0.279769,0.0122901,-2.0065,-99361.4
2.05,0.0129039,2,-0.279769,0.0122901,-2.0035,-84815.3
2.05,0.0129039,2,-0.279769,0.0122901,-2.0005,-81521.6
2.05,0.0129039,2,-0.279769,0.0122901,-1.9975,-79903
2.05,0.0129039,2,-0.279769,0.0122901,-1.9945,-88709.4
2.05,0.0129039,2,-0.279769,0.0122901,-1.9915,-83020.7
2.05,0.0129039,2,-0.279769,0.0122901,-1.98849,-83867.9
2.05,0.0129039,2,-0.279769,0.0122901,-1.98549,-78897.7
2.05,0.0129039,2,-0.279769,0.0122901,-1.98249,-85605.1
2.05,0.0129039,2,-0.279769,0.0122901,-1.97949,-82674.1
2.05,0.0129039,2,-0.279769,0.0122901,-1.97649,-77957.9
2.05,0.0129039,2,-0.279769,0.0122901,-1.97349,-87072.5
2.05,0.0129039,2,-0.279769,0.0122901,-1.97049,-82675.4
2.05,0.0129039,2,-0.279769,0.0122901,-1.96748,-80437.5
2.05,0.0129039,2,-0.279769,0.0122901,-1.96448,-85622
2.05,0.0129039,2,-0.279769,0.0122901,-1.96148,-85934.3
2.05,0.0129039,2,-0.279769,0.0122901,-1.95848,-79796.8
2.05,0.0129039,2,-0.279769,0.0122901,-1.95548,-80248.6
2.05,0.0129039,2,-0.279769,0.0122901,-1.95248,-76706
2.05,0.0129039,2,-0.279769,0.0122901,-1.94947,-83368.1
2.05,0.0129039,2,-0.279769,0.0122901,-1.94647,-77752.5
2.05,0.0129039,2,-0.279769,0.0122901,-1.94347,-86998.5
2.05,0.0129039,2,-0.279769,0.0122901,-1.94047,-94951.1
2.05,0.0129039,2,-0.279769,0.0122901,-1.93747,-84536.7
2.05,0.0129039,2,-0.279769,0.0122901,-1.93447,-77380.2
2.05,0.0129039,2,-0.279769,0.0122901,-1.93147,-81135
2.05,0.0129039,2,-0.279769,0.0122901,-1.92846,-83045.6
2.05,0.0129039,2,-0.279769,0.0122901,-1.92546,-77831
2.05,0.0129039,2,-0.279769,0.0122901,-1.92246,-75674
2.05,0.0129039,2,-0.279769,0.0122901,-1.91946,-72001.8
2.05,0.0129039,2,-0.279769,0.0122901,-1.91646,-75247.9
2.05,0.0129039,2,-0.279769,0.0122901,-1.91346,-80456.8
2.05,0.0129039,2,-0.279769,0.0122901,-1.91046,-75350.6
2.05,0.0129039,2,-0.279769,0.0122901,-1.90745,-74159.5
2.05,0.0129039,2,-0.279769,0.0122901,-1.90445,-72385.7
2.05,0.0129039,2,-0.279769,0.0122901,-1.90145,-75094.3
2.05,0.0129039,2,-0.279769,0.0122901,-1.89845,-68852.9
2.05,0.0129039,2,-0.279769,0.0122901,-1.89545,-83654.3
2.05,0.0129039,2,-0.279769,0.0122901,-1.89245,-70077.2
2.05,0.0129039,2,-0.279769,0.0122901,-1.88944,-59640.5
2.05,0.0129039,2,-0.279769,0.0122901,-1.88644,60259.7
2.05,0.0129039,2,-0.279769,0.0122901,-1.88344,70510.7
2.05,0.0129039,2,-0.279769,0.0122901,-1.88044,71190
2.05,0.0129039,2,-0.279769,0.0122901,-1.87744,69833.5
2.05,0.0129039,2,-0.279769,0.0122901,-1.87444,68054.6
2.05,0.0129039,2,-0.279769,0.0122901,-1.87144,76836.7
2.05,0.0129039,2,-0.279769,0.0122901,-1.86843,73605.5
2.05,0.0129039,2,-0.279769,0.0122901,-1.86543,72482.7
2.05,0.0129039,2,-0.279769,0.0122901,-1.86243,70902.8
2.05,0.0129039,2,-0.279769,0.0122901,-1.85943,76726.2
2.05,0.0129039,2,-0.279769,0.0122901,-1.85643,76980.6
2.05,0.0129039,2,-0.279769,0.0122901,-1.85343,85121.8
2.05,0.0129039,2,-0.279769,0.0122901,-1.85043,79266.5
2.05,0.0129039,2,-0.279769,0.0122901,-1.84742,77792.4
2.05,0.0129039,2,-0.279769,0.0122901,-1.84442,77468
2.05,0.0129039,2,-0.279769,0.0122901,-1.84142,83423.2
2.05,0.0129039,2,-0.279769,0.0122901,-1.83842,95326.6
2.05,0.0129039,2,-0.279769,0.0122901,-1.83542,77992.7
2.05,0.0129039,2,-0.279769,0.0122901,-1.83242,84273
2.05,0.0129039,2,-0.279769,0.0122901,-1.82941,76207.2
2.05,0.0129039,2,-0.279769,0.0122901,-1.82641,81598.7
2.05,0.0129039,2,-0.279769,0.0122901,-1.82341,96556.5
2.05,0.0129039,2,-0.279769,0.0122901,-1.82041,87260.1
2.05,0.0129039,2,-0.279769,0.0122901,-1.81741,82267.1
2.05,0.0129039,2,-0.279769,0.0122901,-1.81441,77437.7
2.05,0.0129039,2,-0.279769,0.0122901,-1.81141,82056.3
2.05,0.0129039,2,-0.279769,0.0122901,-1.8084,79636.3
2.05,0.0129039,2,-0.279769,0.0122901,-1.8054,78790.1
2.05,0.0129039,2,-0.279769,0.0122901,-1.8024,83443.6
2.05,0.0129039,2,-0.279769,0.0122901,-1.7994,85699.4
2.05,0.0129039,2,-0.279769,0.0122901,-1.7964,79398.6
2.05,0.0129039,2,-0.279769,0.0122901,-1.7934,78374.9
2.05,0.0129039,2,-0.279769,0.0122901,-1.7904,86566.7
2.05,0.0129039,2,-0.279769,0.0122901,-1.78739,78592.3
2.05,0.0129039,2,-0.279769,0.0122901,-1.78439,82543.4
2.05,0.0129039,2,-0.279769,0.0122901,-1.78139,80790.5
2.05,0.0129039,2,-0.279769,0.0122901,-1.77839,85975.2
2.05,0.0129039,2,-0.279769,0.0122901,-1.77539,80422.5
2.05,0.0129039,2,-0.279769,0.0122901,-1.77239,83484.9
2.05,0.0129039,2,-0.279769,0.0122901,-1.76938,87644.1
2.05,0.0129039,2,-0.279769,0.0122901,-1.76638,81342
2.05,0.0129039,2,-0.279769,0.0122901,-1.76338,89262.6
2.05,0.0129039,2,-0.279769,0.0122901,-1.76038,80074.4
2.05,0.0129039,2,-0.279769,0.0122901,-1.75738,90300.9
2.05,0.0129039,2,-0.279769,0.0122901,-1.75438,85861.9
2.05,0.0129039,2,-0.279769,0.0122901,-1.75138,86085.3
2.05,0.0129039,2,-0.279769,0.0122901,-1.74837,86479.9
2.05,0.0129039,2,-0.279769,0.0122901,-1.74537,85521
2.05,0.0129039,2,-0.279769,0.0122901,-1.74237,91118
2.05,0.0129039,2,-0.279769,0.0122901,-1.73937,92205.9
2.05,0.0129039,2,-0.279769,0.0122901,-1.73637,85826.3
2.05,0.0129039,2,-0.279769,0.0122901,-1.73337,82462.8
2.05,0.0129039,2,-0.279769,0.0122901,-1.73037,87419.5
2.05,0.0129039,2,-0.279769,0.0122901,-1.72736,98889.3
2.05,0.0129039,2,-0.279769,0.0122901,-1.72436,88090.2
2.05,0.0129039,2,-0.279769,0.0122901,-1.72136,93834.1
2.05,0.0129039,2,-0.279769,0.0122901,-1.71836,90209
2.05,0.0129039,2,-0.279769,0.0122901,-1.71536,83621.5
2.05,0.0129039,2,-0.279769,0.0122901,-1.71236,85806.6
2.05,0.0129039,2,-0.279769,0.0122901,-1.70935,95815.5
2.05,0.0129039,2,-0.279769,0.0122901,-1.70635,98460.3
2.05,0.0129039,2,-0.279769,0.0122901,-1.70335,88080.6
2.05,0.0129039,2,-0.279769,0.0122901,-1.70035,83934.3
2.05,0.0129039,2,-0.279769,0.0122901,-1.69735,87954.8
2.05,0.0129039,2,-0.279769,0.0122901,-1.69435,91914.7
2.05,0.0129039,2,-0.279769,0.0122901,-1.69135,91031.9
2.05,0.0129039,2,-0.279769,0.0122901,-1.68834,95451.2
2.05,0.0129039,2,-0.279769,0.0122901,-1.68534,98860.1
2.05,0.0129039,2,-0.279769,0.0122901,-1.68234,93106
2.05,0.0129039,2,-0.279769,0.0122901,-1.67934,85692.7
2.05,0.0129039,2,-0.279769,0.0122901,-1.67634,84228.8
2.05,0.0129039,2,-0.279769,0.0122901,-1.67334,85147
2.05,0.0129039,2,-0.279769,0.0122901,-1.67034,87864.2
2.05,0.0129039,2,-0.279769,0.0122901,-1.66733,89050.7
2.05,0.0129039,2,-0.279769,0.0122901,-1.66433,92432.9
2.05,0.0129039,2,-0.279769,0.0122901,-1.66133,92125.9
2.05,0.0129039,2,-0.279769,0.0122901,-1.65833,105524
2.05,0.0129039,2,-0.279769,0.0122901,-1.65533,103071
2.05,0.0129039,2,-0.279769,0.0122901,-1.65233,88822.2
2.05,0.0129039,2,-0.279769,0.0122901,-1.64932,85579.8
2.05,0.0129039,2,-0.279769,0.0122901,-1.64632,95278.6
2.05,0.0129039,2,-0.279769,0.0122901,-1.64332,98387.3
2.05,0.0129039,2,-0.279769,0.0122901,-1.64032,96493.6
2.05,0.0129039,2,-0.279769,0.0122901,-1.63732,96449.2
2.05,0.0129039,2,-0.279769,0.0122901,-1.63432,98155.5
2.05,0.0129039,2,-0.279769,0.0122901,-1.63132,91821.7
2.05,0.0129039,2,-0.279769,0.0122901,-1.62831,89283.9
2.05,0.0129039,2,-0.279769,0.0122901,-1.62531,94701.7
2.05,0.0129039,2,-0.279769,0.0122901,-1.62231,89045.9
2.05,0.0129039,2,-0.279769,0.0122901,-1.61931,86506.1
2.05,0.0129039,2,-0.279769,0.0122901,-1.61631,93619
2.05,0.0129039,2,-0.279769,0.0122901,-1.61331,91385.6
2.05,0.0129039,2,-0.279769,0.0122901,-1.61031,86464.8
2.05,0.0129039,2,-0.279769,0.0122901,-1.6073,97064.3
2.05,0.0129039,2,-0.279769,0.0122901,-1.6043,89853.8
2.05,0.0129039,2,-0.279769,0.0122901,-1.6013,101551
2.05,0.0129039,2,-0.279769,0.0122901,-1.5983,91210.8
2.05,0.0129039,2,-0.279769,0.0122901,-1.5953,98275.1
2.05,0.0129039,2,-0.279769,0.0122901,-1.5923,89498.5
2.05,0.0129039,2,-0.279769,0.0122901,-1.58929,88431.6
2.05,0.0129039,2,-0.279769,0.0122901,-1.58629,86667.7
2.05,0.0129039,2,-0.279769,0.0122901,-1.58329,86045.6
2.05,0.0129039,2,-0.279769,0.0122901,-1.58029,88209.3
2.05,0.0129039,2,-0.279769,0.0122901,-1.57729,95524.9
2.05,0.0129039,2,-0.279769,0.0122901,-1.57429,100124
2.05,0.0129039,2,-0.279769,0.0122901,-1.57129,91347.5
2.05,0.0129039,2,-0.279769,0.0122901,-1.56828,85749
2.05,0.0129039,2,-0.279769,0.0122901,-1.56528,98875.6
2.05,0.0129039,2,-0.279769,0.0122901,-1.56228,92893.9
2.05,0.0129039,2,-0.279769,0.0122901,-1.55928,87123.4
2.05,0.0129039,2,-0.279769,0.0122901,-1.55628,95245.7
2.05,0.0129039,2,-0.279769,0.0122901,-1.55328,87639
2.05,0.0129039,2,-0.279769,0.0122901,-1.55028,95141.7
2.05,0.0129039,2,-0.279769,0.0122901,-1.54727,97882.5
2.05,0.0129039,2,-0.279769,0.0122901,-1.54427,98158.6
2.05,0.0129039,2,-0.279769,0.0122901,-1.54127,91911
2.05,0.0129039,2,-0.279769,0.0122901,-1.53827,90196.1
2.05,0.0129039,2,-0.279769,0.0122901,-1.53527,93862.7
2.05,0.0129039,2,-0.279769,0.0122901,-1.53227,94043.6
2.05,0.0129039,2,-0.279769,0.0122901,-1.52926,91837
2.05,0.0129039,2,-0.279769,0.0122901,-1.52626,88926.5
2.05,0.0129039,2,-0.279769,0.0122901,-1.52326,91282.8
2.05,0.0129039,2,-0.279769,0.0122901,-1.52026,95418.6
2.05,0.0129039,2,-0.279769,0.0122901,-1.51726,96044.4
2.05,0.0129039,2,-0.279769,0.0122901,-1.51426,88359.4
2.05,0.0129039,2,-0.279769,0.0122901,-1.51126,86386.2
2.05,0.0129039,2,-0.279769,0.0122901,-1.50825,92739.5
2.05,0.0129039,2,-0.279769,0.0122901,-1.50525,90691.2
2.05,0.0129039,2,-0.279769,0.0122901,-1.50225,87473.9
2.05,0.0129039,2,-0.279769,0.0122901,-1.49925,94676.1
2.05,0.0129039,2,-0.279769,0.0122901,-1.49625,86029.5
2.05,0.0129039,2,-0.279769,0.0122901,-1.49325,89067.5
2.05,0.0129039,2,-0.279769,0.0122901,-1.49025,88156.7
2.05,0.0129039,2,-0.279769,0.0122901,-1.48724,96027
2.05,0.0129039,2,-0.279769,0.0122901,-1.48424,86118.2
2.05,0.0129039,2,-0.279769,0.0122901,-1.48124,93075.5
2.05,0.0129039,2,-0.279769,0.0122901,-1.47824,86416.3
2.05,0.0129039,2,-0.279769,0.0122901,-1.47524,92217.8
2.05,0.0129039,2,-0.279769,0.0122901,-1.47224,86693.4
2.05,0.0129039,2,-0.279769,0.0122901,-1.46923,93259
2.05,0.0129039,2,-0.279769,0.0122901,-1.46623,87511.7
2.05,0.0129039,2,-0.279769,0.0122901,-1.46323,89399.8
2.05,0.0129039,2,-0.279769,0.0122901,-1.46023,87980.5
2.05,0.0129039,2,-0.279769,0.0122901,-1.45723,87428.3
2.05,0.0129039,2,-0.279769,0.0122901,-1.45423,89080.3
2.05,0.0129039,2,-0.279769,0.0122901,-1.45123,100255
2.05,0.0129039,2,-0.279769,0.0122901,-1.44822,99243.9
2.05,0.0129039,2,-0.279769,0.0122901,-1.44522,102396
2.05,0.0129039,2,-0.279769,0.0122901,-1.44222,87258.8
2.05,0.0129039,2,-0.279769,0.0122901,-1.43922,87627.6
2.05,0.0129039,2,-0.279769,0.0122901,-1.43622,90317.9
2.05,0.0129039,2,-0.279769,0.0122901,-1.43322,89668.6
2.05,0.0129039,2,-0.279769,0.0122901,-1.43022,86014
2.05,0.0129039,2,-0.279769,0.0122901,-1.42721,98412.1
2.05,0.0129039,2,-0.279769,0.0122901,-1.42421,88097.2
2.05,0.0129039,2,-0.279769,0.0122901,-1.42121,93605.6
2.05,0.0129039,2,-0.279769,0.0122901,-1.41821,90141.4
2.05,0.0129039,2,-0.279769,0.0122901,-1.41521,94201
2.05,0.0129039,2,-0.279769,0.0122901,-1.41221,88834.3
2.05,0.0129039,2,-0.279769,0.0122901,-1.4092,100046
2.05,0.0129039,2,-0.279769,0.0122901,-1.4062,93741
2.05,0.0129039,2,-0.279769,0.0122901,-1.4032,100390
2.05,0.0129039,2,-0.279769,0.0122901,-1.4002,86746.2
2.05,0.0129039,2,-0.279769,0.0122901,-1.3972,98812.4
2.05,0.0129039,2,-0.279769,0.0122901,-1.3942,86827.8
2.05,0.0129039,2,-0.279769,0.0122901,-1.3912,93456.9
2.05,0.0129039,2,-0.279769,0.0122901,-1.38819,96158.2
2.05,0.0129039,2,-0.279769,0.0122901,-1.38519,96402.1
2.05,0.0129039,2,-0.279769,0.0122901,-1.38219,85622.6
2.05,0.0129039,2,-0.279769,0.0122901,-1.37919,94547
2.05,0.0129039,2,-0.279769,0.0122901,-1.37619,95108.9
2.05,0.0129039,2,-0.279769,0.0122901,-1.37319,88308.3
2.05,0.0129039,2,-0.279769,0.0122901,-1.37019,96428.3
2.05,0.0129039,2,-0.279769,0.0122901,-1.36718,85699.9
2.05,0.0129039,2,-0.279769,0.0122901,-1.36418,96869.8
2.05,0.0129039,2,-0.279769,0.0122901,-1.36118,89059.2
2.05,0.0129039,2,-0.279769,0.0122901,-1.35818,110732
2.05,0.0129039,2,-0.279769,0.0122901,-1.35518,86628.1
2.05,0.0129039,2,-0.279769,0.0122901,-1.35218,99940.7
2.05,0.0129039,2,-0.279769,0.0122901,-1.34917,94422
2.05,0.0129039,2,-0.279769,0.0122901,-1.34617,106702
2.05,0.0129039,2,-0.279769,0.0122901,-1.34317,92698.8
2.05,0.0129039,2,-0.279769,0.0122901,-1.34017,95273.6
2.05,0.0129039,2,-0.279769,0.0122901,-1.33717,93508.3
2.05,0.0129039,2,-0.279769,0.0122901,-1.33417,90612.2
2.05,0.0129039,2,-0.279769,0.0122901,-1.33117,96986
2.05,0.0129039,2,-0.279769,0.0122901,-1.32816,91588.2
2.05,0.0129039,2,-0.279769,0.0122901,-1.32516,105101
2.05,0.0129039,2,-0.279769,0.0122901,-1.32216,85718.8
2.05,0.0129039,2,-0.279769,0.0122901,-1.31916,90318.8
2.05,0.0129039,2,-0.279769,0.0122901,-1.31616,87640.2
2.05,0.0129039,2,-0.279769,0.0122901,-1.31316,100844
2.05,0.0129039,2,-0.279769,0.0122901,-1.31016,86514.9
2.05,0.0129039,2,-0.279769,0.0122901,-1.30715,89103.7
2.05,0.0129039,2,-0.279769,0.0122901,-1.30415,89506.6
2.05,0.0129039,2,-0.279769,0.0122901,-1.30115,97424.6
2.05,0.0129039,2,-0.279769,0.0122901,-1.29815,92906.2
2.05,0.0129039,2,-0.279769,0.0122901,-1.29515,84973.3
2.05,0.0129039,2,-0.279769,0.0122901,-1.29215,96560.4
2.05,0.0129039,2,-0.279769,0.0122901,-1.28914,85410.1
2.05,0.0129039,2,-0.279769,0.0122901,-1.28614,92427.5
2.05,0.0129039,2,-0.279769,0.0122901,-1.28314,83517.4
2.05,0.0129039,2,-0.279769,0.0122901,-1.28014,105872
2.05,0.0129039,2,-0.279769,0.0122901,-1.27714,89353
2.05,0.0129039,2,-0.279769,0.0122901,-1.27414,85346.7
2.05,0.0129039,2,-0.279769,0.0122901,-1.27114,88072.7
2.05,0.0129039,2,-0.279769,0.0122901,-1.26813,95508.3
2.05,0.0129039,2,-0.279769,0.0122901,-1.26513,83283.8
2.05,0.0129039,2,-0.279769,0.0122901,-1.26213,85129.9
2.05,0.0129039,2,-0.279769,0.0122901,-1.25913,90315.6
2.05,0.0129039,2,-0.279769,0.0122901,-1.25613,92538
2.05,0.0129039,2,-0.279769,0.0122901,-1.25313,91734.6
2.05,0.0129039,2,-0.279769,0.0122901,-1.25013,84511.9
2.05,0.0129039,2,-0.279769,0.0122901,-1.24712,97595.5
2.05,0.0129039,2,-0.279769,0.0122901,-1.24412,87278.9
2.05,0.0129039,2,-0.279769,0.0122901,-1.24112,83252
2.05,0.0129039,2,-0.279769,0.0122901,-1.23812,88057
2.05,0.0129039,2,-0.279769,0.0122901,-1.23512,85739.6
2.05,0.0129039,2,-0.279769,0.0122901,-1.23212,88080
2.05,0.0129039,2,-0.279769,0.0122901,-1.22911,86487.3
2.05,0.0129039,2,-0.279769,0.0122901,-1.22611,96708.5
2.05,0.0129039,2,-0.279769,0.0122901,-1.22311,84113
2.05,0.0129039,2,-0.279769,0.0122901,-1.22011,93124.7
2.05,0.0129039,2,-0.279769,0.0122901,-1.21711,86079.4
2.05,0.0129039,2,-0.279769,0.0122901,-1.21411,89785.7
2.05,0.0129039,2,-0.279769,0.0122901,-1.21111,103368
2.05,0.0129039,2,-0.279769,0.0122901,-1.2081,80988.7
2.05,0.0129039,2,-0.279769,0.0122901,-1.2051,85605.1
2.05,0.0129039,2,-0.279769,0.0122901,-1.2021,93056.8
2.05,0.0129039,2,-0.279769,0.0122901,-1.1991,84033.9
2.05,0.0129039,2,-0.279769,0.0122901,-1.1961,89638.3
2.05,0.0129039,2,-0.279769,0.0122901,-1.1931,92036.9
2.05,0.0129039,2,-0.279769,0.0122901,-1.1901,87908.9
2.05,0.0129039,2,-0.279769,0.0122901,-1.18709,81934.2
2.05,0.0129039,2,-0.279769,0.0122901,-1.18409,82018.1
2.05,0.0129039,2,-0.279769,0.0122901,-1.18109,92247.8
2.05,0.0129039,2,-0.279769,0.0122901,-1.17809,84813.4
2.05,0.0129039,2,-0.279769,0.0122901,-1.17509,90334.1
2.05,0.0129039,2,-0.279769,0.0122901,-1.17209,79983.4
2.05,0.0129039,2,-0.279769,0.0122901,-1.16908,82087.4
2.05,0.0129039,2,-0.279769,0.0122901,-1.16608,82925.9
2.05,0.0129039,2,-0.279769,0.0122901,-1.16308,90491.4
2.05,0.0129039,2,-0.279769,0.0122901,-1.16008,78443.3
2.05,0.0129039,2,-0.279769,0.0122901,-1.15708,81888.7
2.05,0.0129039,2,-0.279769,0.0122901,-1.15408,86402.7
2.05,0.0129039,2,-0.279769,0.0122901,-1.15108,88891.8
2.05,0.0129039,2,-0.279769,0.0122901,-1.14807,83074
2.05,0.0129039,2,-0.279769,0.0122901,-1.14507,91119.2
2.05,0.0129039,2,-0.279769,0.0122901,-1.14207,85180.8
2.05,0.0129039,2,-0.279769,0.0122901,-1.13907,86255.7
2.05,0.0129039,2,-0.279769,0.0122901,-1.13607,83941.6
2.05,0.0129039,2,-0.279769,0.0122901,-1.13307,81783.2
2.05,0.0129039,2,-0.279769,0.0122901,-1.13007,81740
2.05,0.0129039,2,-0.279769,0.0122901,-1.12706,88424.9
2.05,0.0129039,2,-0.279769,0.0122901,-1.12406,76184.4
2.05,0.0129039,2,-0.279769,0.0122901,-1.12106,90122.8
2.05,0.0129039,2,-0.279769,0.0122901,-1.11806,83282.4
2.05,0.0129039,2,-0.279769,0.0122901,-1.11506,79177.3
2.05,0.0129039,2,-0.279769,0.0122901,-1.11206,87988.6
2.05,0.0129039,2,-0.279769,0.0122901,-1.10905,79387.5
2.05,0.0129039,2,-0.279769,0.0122901,-1.10605,83050.2
2.05,0.0129039,2,-0.279769,0.0122901,-1.10305,71254.6
2.05,0.0129039,2,-0.279769,0.0122901,-1.10005,87620.4
2.05,0.0129039,2,-0.279769,0.0122901,-1.09705,74101.4
2.05,0.0129039,2,-0.279769,0.0122901,-1.09405,73247.1
2.05,0.0129039,2,-0.279769,0.0122901,-1.09105,71899.5
2.05,0.0129039,2,-0.279769,0.0122901,-1.08804,67356.3
2.05,0.0129039,2,-0.279769,0.0122901,-1.08504,69491.9
2.05,0.0129039,2,-0.279769,0.0122901,-1.08204,-60565.4
2.05,0.0129039,2,-0.279769,0.0122901,-1.07904,-65017.4
2.05,0.0129039,2,-0.279769,0.0122901,-1.07604,-68478.5
2.05,0.0129039,2,-0.279769,0.0122901,-1.07304,-72434
2.05,0.0129039,2,-0.279769,0.0122901,-1.07004,-75804.8
2.05,0.0129039,2,-0.279769,0.0122901,-1.06703,-71738.2
2.05,0.0129039,2,-0.279769,0.0122901,-1.06403,-82963.6
2.05,0.0129039,2,-0.279769,0.0122901,-1.06103,-76114.3
2.05,0.0129039,2,-0.279769,0.0122901,-1.05803,-73566.9
2.05,0.0129039,2,-0.279769,0.0122901,-1.05503,-83881.4
2.05,0.0129039,2,-0.279769,0.0122901,-1.05203,-75122.6
2.05,0.0129039,2,-0.279769,0.0122901,-1.04902,-88313.8
2.05,0.0129039,2,-0.279769,0.0122901,-1.04602,-74698.1
2.05,0.0129039,2,-0.279769,0.0122901,-1.04302,-93755.7
2.05,0.0129039,2,-0.279769,0.0122901,-1.04002,-78164.5
2.05,0.0129039,2,-0.279769,0.0122901,-1.03702,-79261.2
2.05,0.0129039,2,-0.279769,0.0122901,-1.03402,-84577.1
2.05,0.0129039,2,-0.279769,0.0122901,-1.03102,-82841
2.05,0.0129039,2,-0.279769,0.0122901,-1.02801,-84784.5
2.05,0.0129039,2,-0.279769,0.0122901,-1.02501,-81297.7
2.05,0.0129039,2,-0.279769,0.0122901,-1.02201,-88934.7
2.05,0.0129039,2,-0.279769,0.0122901,-1.01901,-82850.4
2.05,0.0129039,2,-0.279769,0.0122901,-1.01601,-79328.3
2.05,0.0129039,2,-0.279769,0.0122901,-1.01301,-88933.9
2.05,0.0129039,2,-0.279769,0.0122901,-1.01001,-85133.2
2.05,0.0129039,2,-0.279769,0.0122901,-1.007,-81172.2
2.05,0.0129039,2,-0.279769,0.0122901,-1.004,-79760.3
2.05,0.0129039,2,-0.279769,0.0122901,-1.001,-87671.5
2.05,0.0129039,2,-0.279769,0.0122901,-0.997999,-79893.6
2.05,0.0129039,2,-0.279769,0.0122901,-0.994997,-81685.8
2.05,0.0129039,2,-0.279769,0.0122901,-0.991996,-93396.5
2.05,0.0129039,2,-0.279769,0.0122901,-0.988994,-91091.1
2.05,0.0129039,2,-0.279769,0.0122901,-0.985993,-82424.2
2.05,0.0129039,2,-0.279769,0.0122901,-0.982991,-88055.2
2.05,0.0129039,2,-0.279769,0.0122901,-0.97999,-80858
2.05,0.0129039,2,-0.279769,0.0122901,-0.976988,-87613.9
2.05,0.0129039,2,-0.279769,0.0122901,-0.973987,-92433.6
2.05,0.0129039,2,-0.279769,0.0122901,-0.970985,-82644.8
2.05,0.0129039,2,-0.279769,0.0122901,-0.967984,-90077.9
2.05,0.0129039,2,-0.279769,0.0122901,-0.964982,-94840.2
2.05,0.0129039,2,-0.279769,0.0122901,-0.961981,-98606.8
2.05,0.0129039,2,-0.279769,0.0122901,-0.958979,-86455
2.05,0.0129039,2,-0.279769,0.0122901,-0.955978,-83028.4
2.05,0.0129039,2,-0.279769,0.0122901,-0.952976,-82725.6
2.05,0.0129039,2,-0.279769,0.0122901,-0.949975,-82443.6
2.05,0.0129039,2,-0.279769,0.0122901,-0.946973,-85188
2.05,0.0129039,2,-0.279769,0.0122901,-0.943972,-86916.6
2.05,0.0129039,2,-0.279769,0.0122901,-0.94097,-87109.6
2.05,0.0129039,2,-0.279769,0.0122901,-0.937969,-84653.4
2.05,0.0129039,2,-0.279769,0.0122901,-0.934967,-83731.4
2.05,0.0129039,2,-0.279769,0.0122901,-0.931966,-87253.2
2.05,0.0129039,2,-0.279769,0.0122901,-0.928964,-93288
2.05,0.0129039,2,-0.279769,0.0122901,-0.925963,-86724.8
2.05,0.0129039,2,-0.279769,0.0122901,-0.922961,-92739.7
2.05,0.0129039,2,-0.279769,0.0122901,-0.91996,-89502.1
2.05,0.0129039,2,-0.279769,0.0122901,-0.916958,-99438.1
2.05,0.0129039,2,-0.279769,0.0122901,-0.913957,-91092.6
2.05,0.0129039,2,-0.279769,0.0122901,-0.910955,-94548.1
2.05,0.0129039,2,-0.279769,0.0122901,-0.907954,-95681.5
2.05,0.0129039,2,-0.279769,0.0122901,-0.904952,-90180
2.05,0.0129039,2,-0.279769,0.0122901,-0.901951,-90736
2.05,0.0129039,2,-0.279769,0.0122901,-0.898949,-95344
2.05,0.0129039,2,-0.279769,0.0122901,-0.895948,-85972.1
2.05,0.0129039,2,-0.279769,0.0122901,-0.892946,-88344.5
2.05,0.0129039,2,-0.279769,0.0122901,-0.889945,-87530
2.05,0.0129039,2,-0.279769,0.0122901,-0.886943,-85645.6
2.05,0.0129039,2,-0.279769,0.0122901,-0.883942,-85585.5
2.05,0.0129039,2,-0.279769,0.0122901,-0.88094,-104691
2.05,0.0129039,2,-0.279769,0.0122901,-0.877939,-90031.6
2.05,0.0129039,2,-0.279769,0.0122901,-0.874937,-90059.9
2.05,0.0129039,2,-0.279769,0.0122901,-0.871936,-90126.6
2.05,0.0129039,2,-0.279769,0.0122901,-0.868934,-90003.1
2.05,0.0129039,2,-0.279769,0.0122901,-0.865933,-87225.1
2.05,0.0129039,2,-0.279769,0.0122901,-0.862931,-86903.3
2.05,0.0129039,2,-0.279769,0.0122901,-0.85993,-85498.1
2.05,0.0129039,2,-0.279769,0.0122901,-0.856928,-85951.2
2.05,0.0129039,2,-0.279769,0.0122901,-0.853927,-87311
2.05,0.0129039,2,-0.279769,0.0122901,-0.850925,-87629.3
2.05,0.0129039,2,-0.279769,0.0122901,-0.847924,-88890
2.05,0.0129039,2,-0.279769,0.0122901,-0.844922,-89503.6
2.05,0.0129039,2,-0.279769,0.0122901,-0.841921,-92017.9
2.05,0.0129039,2,-0.279769,0.0122901,-0.838919,-95120.6
2.05,0.0129039,2,-0.279769,0.0122901,-0.835918,-92993.6
2.05,0.0129039,2,-0.279769,0.0122901,-0.832916,-85976.1
2.05,0.0129039,2,-0.279769,0.0122901,-0.829915,-100612
2.05,0.0129039,2,-0.279769,0.0122901,-0.826913,-88910.4
2.05,0.0129039,2,-0.279769,0.0122901,-0.823912,-86875.9
2.05,0.0129039,2,-0.279769,0.0122901,-0.82091,-90284.4
2.05,0.0129039,2,-0.279769,0.0122901,-0.817909,-96007.7
2.05,0.0129039,2,-0.279769,0.0122901,-0.814907,-88793.8
2.05,0.0129039,2,-0.279769,0.0122901,-0.811906,-103020
2.05,0.0129039,2,-0.279769,0.0122901,-0.808904,-103398
2.05,0.0129039,2,-0.279769,0.0122901,-0.805903,-103667
2.05,0.0129039,2,-0.279769,0.0122901,-0.802901,-94710.1
2.05,0.0129039,2,-0.279769,0.0122901,-0.7999,-100606
2.05,0.0129039,2,-0.279769,0.0122901,-0.796898,-86403.5
2.05,0.0129039,2,-0.279769,0.0122901,-0.793897,-88064
2.05,0.0129039,2,-0.279769,0.0122901,-0.790895,-96453.3
2.05,0.0129039,2,-0.279769,0.0122901,-0.787894,-90868.5
2.05,0.0129039,2,-0.279769,0.0122901,-0.784892,-100218
2.05,0.0129039,2,-0.279769,0.0122901,-0.781891,-87134.2
2.05,0.0129039,2,-0.279769,0.0122901,-0.778889,-87493.7
2.05,0.0129039,2,-0.279769,0.0122901,-0.775888,-103339
2.05,0.0129039,2,-0.279769,0.0122901,-0.772886,-95926.6
2.05,0.0129039,2,-0.279769,0.0122901,-0.769885,-92790.9
2.05,0.0129039,2,-0.279769,0.0122901,-0.766883,-88328.9
2.05,0.0129039,2,-0.279769,0.0122901,-0.763882,-96596.2
2.05,0.0129039,2,-0.279769,0.0122901,-0.76088,-88905.8
2.05,0.0129039,2,-0.279769,0.0122901,-0.757879,-97209.4
2.05,0.0129039,2,-0.279769,0.0122901,-0.754877,-89219.8
2.05,0.0129039,2,-0.279769,0.0122901,-0.751876,-91917.1
2.05,0.0129039,2,-0.279769,0.0122901,-0.748874,-89767.9
2.05,0.0129039,2,-0.279769,0.0122901,-0.745873,-93886
2.05,0.0129039,2,-0.279769,0.0122901,-0.742871,-100507
2.05,0.0129039,2,-0.279769,0.0122901,-0.73987,-87924.9
2.05,0.0129039,2,-0.279769,0.0122901,-0.736868,-93153.5
2.05,0.0129039,2,-0.279769,0.0122901,-0.733867,-99967
2.05,0.0129039,2,-0.279769,0.0122901,-0.730865,-95758.2
2.05,0.0129039,2,-0.279769,0.0122901,-0.727864,-91977.8
2.05,0.0129039,2,-0.279769,0.0122901,-0.724862,-94397.9
2.05,0.0129039,2,-0.279769,0.0122901,-0.721861,-92771.8
2.05,0.0129039,2,-0.279769,0.0122901,-0.718859,-89912.1
2.05,0.0129039,2,-0.279769,0.0122901,-0.715858,-102125
2.05,0.0129039,2,-0.279769,0.0122901,-0.712856,-93178.4
2.05,0.0129039,2,-0.279769,0.0122901,-0.709855,-92621.6
2.05,0.0129039,2,-0.279769,0.0122901,-0.706853,-89210.2
2.05,0.0129039,2,-0.279769,0.0122901,-0.703852,-94207.3
2.05,0.0129039,2,-0.279769,0.0122901,-0.70085,-97365.7
2.05,0.0129039,2,-0.279769,0.0122901,-0.697849,-91798.5
2.05,0.0129039,2,-0.279769,0.0122901,-0.694847,-93012.4
2.05,0.0129039,2,-0.279769,0.0122901,-0.691846,-92912.2
2.05,0.0129039,2,-0.279769,0.0122901,-0.688844,-94247.5
2.05,0.0129039,2,-0.279769,0.0122901,-0.685843,-94691.5
2.05,0.0129039,2,-0.279769,0.0122901,-0.682841,-107555
2.05,0.0129039,2,-0.279769,0.0122901,-0.67984,-93677.3
2.05,0.0129039,2,-0.279769,0.0122901,-0.676838,-93588.6
2.05,0.0129039,2,-0.279769,0.0122901,-0.673837,-98796.3
2.05,0.0129039,2,-0.279769,0.0122901,-0.670835,-95115.5
2.05,0.0129039,2,-0.279769,0.0122901,-0.667834,-107267
2.05,0.0129039,2,-0.279769,0.0122901,-0.664832,-103460
2.05,0.0129039,2,-0.279769,0.0122901,-0.661831,-96391
2.05,0.0129039,2,-0.279769,0.0122901,-0.658829,-93785.9
2.05,0.0129039,2,-0.279769,0.0122901,-0.655828,-94060
2.05,0.0129039,2,-0.279769,0.0122901,-0.652826,-87074.1
2.05,0.0129039,2,-0.279769,0.0122901,-0.649825,-89416.9
2.05,0.0129039,2,-0.279769,0.0122901,-0.646823,-99608.6
2.05,0.0129039,2,-0.279769,0.0122901,-0.643822,-87475.1
2.05,0.0129039,2,-0.279769,0.0122901,-0.64082,-88582.4
2.05,0.0129039,2,-0.279769,0.0122901,-0.637819,-89052
2.05,0.0129039,2,-0.279769,0.0122901,-0.634817,-93597.2
2.05,0.0129039,2,-0.279769,0.0122901,-0.631816,-88930.3
2.05,0.0129039,2,-0.279769,0.0122901,-0.628814,-91375
2.05,0.0129039,2,-0.279769,0.0122901,-0.625813,-106165
2.05,0.0129039,2,-0.279769,0.0122901,-0.622811,-100525
2.05,0.0129039,2,-0.279769,0.0122901,-0.61981,-92698.5
2.05,0.0129039,2,-0.279769,0.0122901,-0.616808,-92058.9
2.05,0.0129039,2,-0.279769,0.0122901,-0.613807,-87288.6
2.05,0.0129039,2,-0.279769,0.0122901,-0.610805,-87598.2
2.05,0.0129039,2,-0.279769,0.0122901,-0.607804,-103372
2.05,0.0129039,2,-0.279769,0.0122901,-0.604802,-91823.9
2.05,0.0129039,2,-0.279769,0.0122901,-0.601801,-93285.3
2.05,0.0129039,2,-0.279769,0.0122901,-0.598799,-88504.6
2.05,0.0129039,2,-0.279769,0.0122901,-0.595798,-89855.4
2.05,0.0129039,2,-0.279769,0.0122901,-0.592796,-89515.9
2.05,0.0129039,2,-0.279769,0.0122901,-0.589795,-97015.3
2.05,0.0129039,2,-0.279769,0.0122901,-0.586793,-98321.4
2.05,0.0129039,2,-0.279769,0.0122901,-0.583792,-92060.8
2.05,0.0129039,2,-0.279769,0.0122901,-0.58079,-100970
2.05,0.0129039,2,-0.279769,0.0122901,-0.577789,-98668
2.05,0.0129039,2,-0.279769,0.0122901,-0.574787,-100818
2.05,0.0129039,2,-0.279769,0.0122901,-0.571786,-98774
2.05,0.0129039,2,-0.279769,0.0122901,-0.568784,-97878.5
2.05,0.0129039,2,-0.279769,0.0122901,-0.565783,-96025.5
2.05,0.0129039,2,-0.279769,0.0122901,-0.562781,-92702.4
2.05,0.0129039,2,-0.279769,0.0122901,-0.55978,-97463
2.05,0.0129039,2,-0.279769,0.0122901,-0.556778,-101945
2.05,0.0129039,2,-0.279769,0.0122901,-0.553777,-91517.9
2.05,0.0129039,2,-0.279769,0.0122901,-0.550775,-97855.2
2.05,0.0129039,2,-0.279769,0.0122901,-0.547774,-86392.1
2.05,0.0129039,2,-0.279769,0.0122901,-0.544772,-94078.5
2.05,0.0129039,2,-0.279769,0.0122901,-0.541771,-85804
2.05,0.0129039,2,-0.279769,0.0122901,-0.538769,-101138
2.05,0.0129039,2,-0.279769,0.0122901,-0.535768,-97109.8
2.05,0.0129039,2,-0.279769,0.0122901,-0.532766,-88006.9
2.05,0.0129039,2,-0.279769,0.0122901,-0.529765,-99901.3
2.05,0.0129039,2,-0.279769,0.0122901,-0.526763,-88674.6
2.05,0.0129039,2,-0.279769,0.0122901,-0.523762,-95236.6
2.05,0.0129039,2,-0.279769,0.0122901,-0.52076,-86962.1
2.05,0.0129039,2,-0.279769,0.0122901,-0.517759,-88035.9
2.05,0.0129039,2,-0.279769,0.0122901,-0.514757,-84855.3
2.05,0.0129039,2,-0.279769,0.0122901,-0.511756,-93668
2.05,0.0129039,2,-0.279769,0.0122901,-0.508754,-84942.4
2.05,0.0129039,2,-0.279769,0.0122901,-0.505753,-102487
2.05,0.0129039,2,-0.279769,0.0122901,-0.502751,-90874.2
2.05,0.0129039,2,-0.279769,0.0122901,-0.49975,-88913.1
2.05,0.0129039,2,-0.279769,0.0122901,-0.496748,-85879.4
2.05,0.0129039,2,-0.279769,0.0122901,-0.493747,-89765.9
2.05,0.0129039,2,-0.279769,0.0122901,-0.490745,-90218.5
2.05,0.0129039,2,-0.279769,0.0122901,-0.487744,-84306.2
2.05,0.0129039,2,-0.279769,0.0122901,-0.484742,-86089.8
2.05,0.0129039,2,-0.279769,0.0122901,-0.481741,-84080.3
2.05,0.0129039,2,-0.279769,0.0122901,-0.478739,-105644
2.05,0.0129039,2,-0.279769,0.0122901,-0.475738,-85236.9
2.05,0.0129039,2,-0.279769,0.0122901,-0.472736,-88450.8
2.05,0.0129039,2,-0.279769,0.0122901,-0.469735,-89034.1
2.05,0.0129039,2,-0.279769,0.0122901,-0.466733,-93466.4
2.05,0.0129039,2,-0.279769,0.0122901,-0.463732,-85056.9
2.05,0.0129039,2,-0.279769,0.0122901,-0.46073,-84141.9
2.05,0.0129039,2,-0.279769,0.0122901,-0.457729,-94353.3
2.05,0.0129039,2,-0.279769,0.0122901,-0.454727,-86130.7
2.05,0.0129039,2,-0.279769,0.0122901,-0.451726,-84752.9
2.05,0.0129039,2,-0.279769,0.0122901,-0.448724,-93646.3
2.05,0.0129039,2,-0.279769,0.0122901,-0.445723,-97621.7
2.05,0.0129039,2,-0.279769,0.0122901,-0.442721,-89249.6
2.05,0.0129039,2,-0.279769,0.0122901,-0.43972,-86503.2
2.05,0.0129039,2,-0.279769,0.0122901,-0.436718,-82660
2.05,0.0129039,2,-0.279769,0.0122901,-0.433717,-101392
2.05,0.0129039,2,-0.279769,0.0122901,-0.430715,-87017.5
2.05,0.0129039,2,-0.279769,0.0122901,-0.427714,-94694.3
2.05,0.0129039,2,-0.279769,0.0122901,-0.424712,-81651.1
2.05,0.0129039,2,-0.279769,0.0122901,-0.421711,-92054.4
2.05,0.0129039,2,-0.279769,0.0122901,-0.418709,-83747.5
2.05,0.0129039,2,-0.279769,0.0122901,-0.415708,-81052.1
2.05,0.0129039,2,-0.279769,0.0122901,-0.412706,-82483
2.05,0.0129039,2,-0.279769,0.0122901,-0.409705,-85240.2
2.05,0.0129039,2,-0.279769,0.0122901,-0.406703,-85459.7
2.05,0.0129039,2,-0.279769,0.0122901,-0.403702,-83121.6
2.05,0.0129039,2,-0.279769,0.0122901,-0.4007,-80481.2
2.05,0.0129039,2,-0.279769,0.0122901,-0.397699,-81830.7
2.05,0.0129039,2,-0.279769,0.0122901,-0.394697,-79151.4
2.05,0.0129039,2,-0.279769,0.0122901,-0.391696,-79437.6
2.05,0.0129039,2,-0.279769,0.0122901,-0.388694,-80973.3
2.05,0.0129039,2,-0.279769,0.0122901,-0.385693,-86313.2
2.05,0.0129039,2,-0.279769,0.0122901,-0.382691,-77459.4
2.05,0.0129039,2,-0.279769,0.0122901,-0.37969,-79729.6
2.05,0.0129039,2,-0.279769,0.0122901,-0.376688,-85008.7
2.05,0.0129039,2,-0.279769,0.0122901,-0.373687,-76221.5
2.05,0.0129039,2,-0.279769,0.0122901,-0.370685,-77321.9
2.05,0.0129039,2,-0.279769,0.0122901,-0.367684,-86032.8
2.05,0.0129039,2,-0.279769,0.0122901,-0.364682,-78195.1
2.05,0.0129039,2,-0.279769,0.0122901,-0.361681,-79018.7
2.05,0.0129039,2,-0.279769,0.0122901,-0.358679,-74912.3
2.05,0.0129039,2,-0.279769,0.0122901,-0.355678,-72809
2.05,0.0129039,2,-0.279769,0.0122901,-0.352676,-79710.2
2.05,0.0129039,2,-0.279769,0.0122901,-0.349675,-72177.3
2.05,0.0129039,2,-0.279769,0.0122901,-0.346673,-69539.9
2.05,0.0129039,2,-0.279769,0.0122901,-0.343672,-73517.2
2.05,0.0129039,2,-0.279769,0.0122901,-0.34067,-78571
2.05,0.0129039,2,-0.279769,0.0122901,-0.337669,63159.7
2.05,0.0129039,2,-0.279769,0.0122901,-0.334667,66085.4
2.05,0.0129039,2,-0.279769,0.0122901,-0.331666,70314.4
2.05,0.0129039,2,-0.279769,0.0122901,-0.328664,71424.5
2.05,0.0129039,2,-0.279769,0.0122901,-0.325663,76475.1
2.05,0.0129039,2,-0.279769,0.0122901,-0.322661,85752.6
2.05,0.0129039,2,-0.279769,0.0122901,-0.31966,74474.4
2.05,0.0129039,2,-0.279769,0.0122901,-0.316658,77395
2.05,0.0129039,2,-0.279769,0.0122901,-0.313657,91349.6
2.05,0.0129039,2,-0.279769,0.0122901,-0.310655,84234.1
2.05,0.0129039,2,-0.279769,0.0122901,-0.307654,85290.5
2.05,0.0129039,2,-0.279769,0.0122901,-0.304652,91486.5
2.05,0.0129039,2,-0.279769,0.0122901,-0.301651,81928.8
2.05,0.0129039,2,-0.279769,0.0122901,-0.298649,77407.1
2.05,0.0129039,2,-0.279769,0.0122901,-0.295648,77609.6
2.05,0.0129039,2,-0.279769,0.0122901,-0.292646,78151.7
2.05,0.0129039,2,-0.279769,0.0122901,-0.289645,89301
2.05,0.0129039,2,-0.279769,0.0122901,-0.286643,91253.8
2.05,0.0129039,2,-0.279769,0.0122901,-0.283642,85944.1
2.05,0.0129039,2,-0.279769,0.0122901,-0.28064,98334.5
2.05,0.0129039,2,-0.279769,0.0122901,-0.277639,86278.7
2.05,0.0129039,2,-0.279769,0.0122901,-0.274637,85618.2
2.05,0.0129039,2,-0.279769,0.0122901,-0.271636,91351
2.05,0.0129039,2,-0.279769,0.0122901,-0.268634,81911.9
2.05,0.0129039,2,-0.279769,0.0122901,-0.265633,96887.2
2.05,0.0129039,2,-0.279769,0.0122901,-0.262631,87391.5
2.05,0.0129039,2,-0.279769,0.0122901,-0.25963,84041.1
2.05,0.0129039,2,-0.279769,0.0122901,-0.256628,87673.2
2.05,0.0129039,2,-0.279769,0.0122901,-0.253627,101032
2.05,0.0129039,2,-0.279769,0.0122901,-0.250625,82515.2
2.05,0.0129039,2,-0.279769,0.0122901,-0.247624,95345.7
2.05,0.0129039,2,-0.279769,0.0122901,-0.244622,87019.7
2.05,0.0129039,2,-0.279769,0.0122901,-0.241621,102030
2.05,0.0129039,2,-0.279769,0.0122901,-0.238619,88809.7
2.05,0.0129039,2,-0.279769,0.0122901,-0.235618,93431.7
2.05,0.0129039,2,-0.279769,0.0122901,-0.232616,84845.3
2.05,0.0129039,2,-0.279769,0.0122901,-0.229615,93606
2.05,0.0129039,2,-0.279769,0.0122901,-0.226613,89464
2.05,0.0129039,2,-0.279769,0.0122901,-0.223612,89886.1
2.05,0.0129039,2,-0.279769,0.0122901,-0.22061,85996.6
2.05,0.0129039,2,-0.279769,0.0122901,-0.217609,88281.4
2.05,0.0129039,2,-0.279769,0.0122901,-0.214607,88433
2.05,0.0129039,2,-0.279769,0.0122901,-0.211606,89184.6
2.05,0.0129039,2,-0.279769,0.0122901,-0.208604,85699.8
2.05,0.0129039,2,-0.279769,0.0122901,-0.205603,94227.8
2.05,0.0129039,2,-0.279769,0.0122901,-0.202601,86830.5
2.05,0.0129039,2,-0.279769,0.0122901,-0.1996,99024.1
2.05,0.0129039,2,-0.279769,0.0122901,-0.196598,97484
2.05,0.0129039,2,-0.279769,0.0122901,-0.193597,104201
2.05,0.0129039,2,-0.279769,0.0122901,-0.190595,97313.6
2.05,0.0129039,2,-0.279769,0.0122901,-0.187594,87911.3
2.05,0.0129039,2,-0.279769,0.0122901,-0.184592,95719.8
2.05,0.0129039,2,-0.279769,0.0122901,-0.181591,93288.4
2.05,0.0129039,2,-0.279769,0.0122901,-0.178589,85284.8
2.05,0.0129039,2,-0.279769,0.0122901,-0.175588,99522.7
2.05,0.0129039,2,-0.279769,0.0122901,-0.172586,87101.9
2.05,0.0129039,2,-0.279769,0.0122901,-0.169585,89313.1
2.05,0.0129039,2,-0.279769,0.0122901,-0.166583,89334.6
2.05,0.0129039,2,-0.279769,0.0122901,-0.163582,89445.4
2.05,0.0129039,2,-0.279769,0.0122901,-0.16058,91525.5
2.05,0.0129039,2,-0.279769,0.0122901,-0.157579,88333.4
2.05,0.0129039,2,-0.279769,0.0122901,-0.154577,97763.6
2.05,0.0129039,2,-0.279769,0.0122901,-0.151576,94732.5
2.05,0.0129039,2,-0.279769,0.0122901,-0.148574,96248.5
2.05,0.0129039,2,-0.279769,0.0122901,-0.145573,93126.8
2.05,0.0129039,2,-0.279769,0.0122901,-0.142571,93703.9
2.05,0.0129039,2,-0.279769,0.0122901,-0.13957,87151.2
2.05,0.0129039,2,-0.279769,0.0122901,-0.136568,100452
2.05,0.0129039,2,-0.279769,0.0122901,-0.133567,88659.4
2.05,0.0129039,2,-0.279769,0.0122901,-0.130565,98516.8
2.05,0.0129039,2,-0.279769,0.0122901,-0.127564,88462.1
2.05,0.0129039,2,-0.279769,0.0122901,-0.124562,92367.9
2.05,0.0129039,2,-0.279769,0.0122901,-0.121561,103615
2.05,0.0129039,2,-0.279769,0.0122901,-0.118559,91029.7
2.05,0.0129039,2,-0.279769,0.0122901,-0.115558,91534.7
2.05,0.0129039,2,-0.279769,0.0122901,-0.112556,98413.5
2.05,0.0129039,2,-0.279769,0.0122901,-0.109555,97233.1
2.05,0.0129039,2,-0.279769,0.0122901,-0.106553,88330.7
2.05,0.0129039,2,-0.279769,0.0122901,-0.103552,92386.8
2.05,0.0129039,2,-0.279769,0.0122901,-0.10055,89277.5
2.05,0.0129039,2,-0.279769,0.0122901,-0.0975488,88240
2.05,0.0129039,2,-0.279769,0.0122901,-0.0945473,88924.5
2.05,0.0129039,2,-0.279769,0.0122901,-0.0915458,101846
2.05,0.0129039,2,-0.279769,0.0122901,-0.0885443,93021
2.05,0.0129039,2,-0.279769,0.0122901,-0.0855428,101362
2.05,0.0129039,2,-0.279769,0.0122901,-0.0825413,93185.9
2.05,0.0129039,2,-0.279769,0.0122901,-0.0795398,94120.8
2.05,0.0129039,2,-0.279769,0.0122901,-0.0765383,92594.1
2.05,0.0129039,2,-0.279769,0.0122901,-0.0735368,93033.7
2.05,0.0129039,2,-0.279769,0.0122901,-0.0705353,95656.9
2.05,0.0129039,2,-0.279769,0.0122901,-0.0675338,108082
2.05,0.0129039,2,-0.279769,0.0122901,-0.0645323,99702.2
2.05,0.0129039,2,-0.279769,0.0122901,-0.0615308,90005.7
2.05,0.0129039,2,-0.279769,0.0122901,-0.0585293,96017.1
2.05,0.0129039,2,-0.279769,0.0122901,-0.0555278,89412
2.05,0.0129039,2,-0.279769,0.0122901,-0.0525263,101664
2.05,0.0129039,2,-0.279769,0.0122901,-0.0495248,92545.9
2.05,0.0129039,2,-0.279769,0.0122901,-0.0465233,96966.9
2.05,0.0129039,2,-0.279769,0.0122901,-0.0435218,97693.9
2.05,0.0129039,2,-0.279769,0.0122901,-0.0405203,97413.6
2.05,0.0129039,2,-0.279769,0.0122901,-0.0375188,93432.5
2.05,0.0129039,2,-0.279769,0.0122901,-0.0345173,93779.9
2.05,0.0129039,2,-0.279769,0.0122901,-0.0315158,97775
2.05,0.0129039,2,-0.279769,0.0122901,-0.0285143,94687.6
2.05,0.0129039,2,-0.279769,0.0122901,-0.0255128,99338.1
2.05,0.0129039,2,-0.279769,0.0122901,-0.0225113,91003.9
2.05,0.0129039,2,-0.279769,0.0122901,-0.0195098,93148.4
2.05,0.0129039,2,-0.279769,0.0122901,-0.0165083,91297.1
2.05,0.0129039,2,-0.279769,0.0122901,-0.0135068,89638.4
2.05,0.0129039,2,-0.279769,0.0122901,-0.0105053,99338.1
2.05,0.0129039,2,-0.279769,0.0122901,-0.00750375,92621.2
2.05,0.0129039,2,-0.279769,0.0122901,-0.00450225,89665.5
2.05,0.0129039,2,-0.279769,0.0122901,-0.00150075,98069.2
2.05,0.0129039,2,-0.279769,0.0122901,0.00150075,90203.7
2.05,0.0129039,2,-0.279769,0.0122901,0.00450225,91309.5
2.05,0.0129039,2,-0.279769,0.0122901,0.00750375,89129.1
2.05,0.0129039,2,-0.279769,0.0122901,0.0105053,90733.9
2.05,0.0129039,2,-0.279769,0.0122901,0.0135068,88947.7
2.05,0.0129039,2,-0.279769,0.0122901,0.0165083,91844.6
2.05,0.0129039,2,-0.279769,0.0122901,0.0195098,96306.9
2.05,0.0129039,2,-0.279769,0.0122901,0.0225113,98113.7
2.05,0.0129039,2,-0.279769,0.0122901,0.0255128,92350.2
2.05,0.0129039,2,-0.279769,0.0122901,0.0285143,90249.5
2.05,0.0129039,2,-0.279769,0.0122901,0.0315158,94977.3
2.05,0.0129039,2,-0.279769,0.0122901,0.0345173,90821.7
2.05,0.0129039,2,-0.279769,0.0122901,0.0375188,89062
2.05,0.0129039,2,-0.279769,0.0122901,0.0405203,99631.7
2.05,0.0129039,2,-0.279769,0.0122901,0.0435218,92634.7
2.05,0.0129039,2,-0.279769,0.0122901,0.0465233,96270.6
2.05,0.0129039,2,-0.279769,0.0122901,0.0495248,90452.6
2.05,0.0129039,2,-0.279769,0.0122901,0.0525263,88898.9
2.05,0.0129039,2,-0.279769,0.0122901,0.0555278,94906.7
2.05,0.0129039,2,-0.279769,0.0122901,0.0585293,100458
2.05,0.0129039,2,-0.279769,0.0122901,0.0615308,88920.7
2.05,0.0129039,2,-0.279769,0.0122901,0.0645323,99722.6
2.05,0.0129039,2,-0.279769,0.0122901,0.0675338,89391.6
2.05,0.0129039,2,-0.279769,0.0122901,0.0705353,96899.2
2.05,0.0129039,2,-0.279769,0.0122901,0.0735368,93184.7
2.05,0.0129039,2,-0.279769,0.0122901,0.0765383,90455.5
2.05,0.0129039,2,-0.279769,0.0122901,0.0795398,92128.1
2.05,0.0129039,2,-0.279769,0.0122901,0.0825413,91177.5
2.05,0.0129039,2,-0.279769,0.0122901,0.0855428,89828.6
2.05,0.0129039,2,-0.279769,0.0122901,0.0885443,111028
2.05,0.0129039,2,-0.279769,0.0122901,0.0915458,109244
2.05,0.0129039,2,-0.279769,0.0122901,0.0945473,96582.2
2.05,0.0129039,2,-0.279769,0.0122901,0.0975488,89444.4
2.05,0.0129039,2,-0.279769,0.0122901,0.10055,88812
2.05,0.0129039,2,-0.279769,0.0122901,0.103552,88638.9
2.05,0.0129039,2,-0.279769,0.0122901,0.106553,92317.6
2.05,0.0129039,2,-0.279769,0.0122901,0.109555,96633.1
2.05,0.0129039,2,-0.279769,0.0122901,0.112556,91816.1
2.05,0.0129039,2,-0.279769,0.0122901,0.115558,93959.9
2.05,0.0129039,2,-0.279769,0.0122901,0.118559,96319.5
2.05,0.0129039,2,-0.279769,0.0122901,0.121561,91114.5
2.05,0.0129039,2,-0.279769,0.0122901,0.124562,95898.1
2.05,0.0129039,2,-0.279769,0.0122901,0.127564,86719
2.05,0.0129039,2,-0.279769,0.0122901,0.130565,99492.4
2.05,0.0129039,2,-0.279769,0.0122901,0.133567,86759.9
2.05,0.0129039,2,-0.279769,0.0122901,0.136568,99878.5
2.05,0.0129039,2,-0.279769,0.0122901,0.13957,95440
2.05,0.0129039,2,-0.279769,0.0122901,0.142571,89650.6
2.05,0.0129039,2,-0.279769,0.0122901,0.145573,93442.9
2.05,0.0129039,2,-0.279769,0.0122901,0.148574,92053.5
2.05,0.0129039,2,-0.279769,0.0122901,0.151576,103853
2.05,0.0129039,2,-0.279769,0.0122901,0.154577,89117.7
2.05,0.0129039,2,-0.279769,0.0122901,0.157579,89168.8
2.05,0.0129039,2,-0.279769,0.0122901,0.16058,90124.6
2.05,0.0129039,2,-0.279769,0.0122901,0.163582,94081.8
2.05,0.0129039,2,-0.279769,0.0122901,0.166583,90405.5
2.05,0.0129039,2,-0.279769,0.0122901,0.169585,98281
2.05,0.0129039,2,-0.279769,0.0122901,0.172586,87687.4
2.05,0.0129039,2,-0.279769,0.0122901,0.175588,90078.1
2.05,0.0129039,2,-0.279769,0.0122901,0.178589,93727.3
2.05,0.0129039,2,-0.279769,0.0122901,0.181591,85797.6
2.05,0.0129039,2,-0.279769,0.0122901,0.184592,101534
2.05,0.0129039,2,-0.279769,0.0122901,0.187594,90177.1
2.05,0.0129039,2,-0.279769,0.0122901,0.190595,93035.6
2.05,0.0129039,2,-0.279769,0.0122901,0.193597,94788.8
2.05,0.0129039,2,-0.279769,0.0122901,0.196598,85846.7
2.05,0.0129039,2,-0.279769,0.0122901,0.1996,91339
2.05,0.0129039,2,-0.279769,0.0122901,0.202601,84065.6
2.05,0.0129039,2,-0.279769,0.0122901,0.205603,93286.7
2.05,0.0129039,2,-0.279769,0.0122901,0.208604,90144.1
2.05,0.0129039,2,-0.279769,0.0122901,0.211606,94857
2.05,0.0129039,2,-0.279769,0.0122901,0.214607,83680
2.05,0.0129039,2,-0.279769,0.0122901,0.217609,97865.5
2.05,0.0129039,2,-0.279769,0.0122901,0.22061,91180.8
2.05,0.0129039,2,-0.279769,0.0122901,0.223612,86963.6
2.05,0.0129039,2,-0.279769,0.0122901,0.226613,83196.5
2.05,0.0129039,2,-0.279769,0.0122901,0.229615,91578.6
2.05,0.0129039,2,-0.279769,0.0122901,0.232616,87639.8
2.05,0.0129039,2,-0.279769,0.0122901,0.235618,87670.8
2.05,0.0129039,2,-0.279769,0.0122901,0.238619,88904.7
2.05,0.0129039,2,-0.279769,0.0122901,0.241621,102987
2.05,0.0129039,2,-0.279769,0.0122901,0.244622,97658.8
2.05,0.0129039,2,-0.279769,0.0122901,0.247624,90602.2
2.05,0.0129039,2,-0.279769,0.0122901,0.250625,85496.2
2.05,0.0129039,2,-0.279769,0.0122901,0.253627,85387
2.05,0.0129039,2,-0.279769,0.0122901,0.256628,81733.7
2.05,0.0129039,2,-0.279769,0.0122901,0.25963,85414.9
2.05,0.0129039,2,-0.279769,0.0122901,0.262631,94800.7
2.05,0.0129039,2,-0.279769,0.0122901,0.265633,78583.7
2.05,0.0129039,2,-0.279769,0.0122901,0.268634,83585.4
2.05,0.0129039,2,-0.279769,0.0122901,0.271636,88805.7
2.05,0.0129039,2,-0.279769,0.0122901,0.274637,95003.3
2.05,0.0129039,2,-0.279769,0.0122901,0.277639,78327.6
2.05,0.0129039,2,-0.279769,0.0122901,0.28064,77492
2.05,0.0129039,2,-0.279769,0.0122901,0.283642,77278.3
2.05,0.0129039,2,-0.279769,0.0122901,0.286643,75201.5
2.05,0.0129039,2,-0.279769,0.0122901,0.289645,75609.1
2.05,0.0129039,2,-0.279769,0.0122901,0.292646,74140.4
2.05,0.0129039,2,-0.279769,0.0122901,0.295648,79117.6
2.05,0.0129039,2,-0.279769,0.0122901,0.298649,77350.7
2.05,0.0129039,2,-0.279769,0.0122901,0.301651,71502.6
2.05,0.0129039,2,-0.279769,0.0122901,0.304652,85597.3
2.05,0.0129039,2,-0.279769,0.0122901,0.307654,56746.3
2.05,0.0129039,2,-0.279769,0.0122901,0.310655,-69964.4
2.05,0.0129039,2,-0.279769,0.0122901,0.313657,-77963.7
2.05,0.0129039,2,-0.279769,0.0122901,0.316658,-82253
2.05,0.0129039,2,-0.279769,0.0122901,0.31966,-80141.1
2.05,0.0129039,2,-0.279769,0.0122901,0.322661,-77762.2
2.05,0.0129039,2,-0.279769,0.0122901,0.325663,-84425.5
2.05,0.0129039,2,-0.279769,0.0122901,0.328664,-76508.3
2.05,0.0129039,2,-0.279769,0.0122901,0.331666,-96592.8
2.05,0.0129039,2,-0.279769,0.0122901,0.334667,-79160
2.05,0.0129039,2,-0.279769,0.0122901,0.337669,-90104.3
2.05,0.0129039,2,-0.279769,0.0122901,0.34067,-79908.9
2.05,0.0129039,2,-0.279769,0.0122901,0.343672,-83604.2
2.05,0.0129039,2,-0.279769,0.0122901,0.346673,-79168.4
2.05,0.0129039,2,-0.279769,0.0122901,0.349675,-83621.2
2.05,0.0129039,2,-0.279769,0.0122901,0.352676,-85836.8
2.05,0.0129039,2,-0.279769,0.0122901,0.355678,-80708.8
2.05,0.0129039,2,-0.279769,0.0122901,0.358679,-80538.6
2.05,0.0129039,2,-0.279769,0.0122901,0.361681,-90738.3
2.05,0.0129039,2,-0.279769,0.0122901,0.364682,-82322
2.05,0.0129039,2,-0.279769,0.0122901,0.367684,-84476.9
2.05,0.0129039,2,-0.279769,0.0122901,0.370685,-108241
2.05,0.0129039,2,-0.279769,0.0122901,0.373687,-84497.3
2.05,0.0129039,2,-0.279769,0.0122901,0.376688,-89181.9
2.05,0.0129039,2,-0.279769,0.0122901,0.37969,-86478.5
2.05,0.0129039,2,-0.279769,0.0122901,0.382691,-91114.5
2.05,0.0129039,2,-0.279769,0.0122901,0.385693,-82351.8
2.05,0.0129039,2,-0.279769,0.0122901,0.388694,-94336.1
2.05,0.0129039,2,-0.279769,0.0122901,0.391696,-89638.3
2.05,0.0129039,2,-0.279769,0.0122901,0.394697,-84712.2
2.05,0.0129039,2,-0.279769,0.0122901,0.397699,-93077.9
2.05,0.0129039,2,-0.279769,0.0122901,0.4007,-93539
2.05,0.0129039,2,-0.279769,0.0122901,0.403702,-89700.2
2.05,0.0129039,2,-0.279769,0.0122901,0.406703,-87961
2.05,0.0129039,2,-0.279769,0.0122901,0.409705,-86869.5
2.05,0.0129039,2,-0.279769,0.0122901,0.412706,-93519.8
2.05,0.0129039,2,-0.279769,0.0122901,0.415708,-89188.4
2.05,0.0129039,2,-0.279769,0.0122901,0.418709,-87021
2.05,0.0129039,2,-0.279769,0.0122901,0.421711,-93027.9
2.05,0.0129039,2,-0.279769,0.0122901,0.424712,-85467.6
2.05,0.0129039,2,-0.279769,0.0122901,0.427714,-84818.6
2.05,0.0129039,2,-0.279769,0.0122901,0.430715,-85989.9
2.05,0.0129039,2,-0.279769,0.0122901,0.433717,-85756.6
2.05,0.0129039,2,-0.279769,0.0122901,0.436718,-91887.3
2.05,0.0129039,2,-0.279769,0.0122901,0.43972,-90935.9
2.05,0.0129039,2,-0.279769,0.0122901,0.442721,-87725.3
2.05,0.0129039,2,-0.279769,0.0122901,0.445723,-94495.1
2.05,0.0129039,2,-0.279769,0.0122901,0.448724,-97468.2
2.05,0.0129039,2,-0.279769,0.0122901,0.451726,-88785.6
2.05,0.0129039,2,-0.279769,0.0122901,0.454727,-91160.8
2.05,0.0129039,2,-0.279769,0.0122901,0.457729,-90921.5
2.05,0.0129039,2,-0.279769,0.0122901,0.46073,-97427.5
2.05,0.0129039,2,-0.279769,0.0122901,0.463732,-89872.9
2.05,0.0129039,2,-0.279769,0.0122901,0.466733,-93194.1
2.05,0.0129039,2,-0.279769,0.0122901,0.469735,-96316.2
2.05,0.0129039,2,-0.279769,0.0122901,0.472736,-110337
2.05,0.0129039,2,-0.279769,0.0122901,0.475738,-89819.7
2.05,0.0129039,2,-0.279769,0.0122901,0.478739,-89721.3
2.05,0.0129039,2,-0.279769,0.0122901,0.481741,-96252.2
2.05,0.0129039,2,-0.279769,0.0122901,0.484742,-97718.5
2.05,0.0129039,2,-0.279769,0.0122901,0.487744,-104465
2.05,0.0129039,2,-0.279769,0.0122901,0.490745,-99538.1
2.05,0.0129039,2,-0.279769,0.0122901,0.493747,-95897.5
2.05,0.0129039,2,-0.279769,0.0122901,0.496748,-96382.9
2.05,0.0129039,2,-0.279769,0.0122901,0.49975,-94529.7
2.05,0.0129039,2,-0.279769,0.0122901,0.502751,-89473.2
2.05,0.0129039,2,-0.279769,0.0122901,0.505753,-96259.2
2.05,0.0129039,2,-0.279769,0.0122901,0.508754,-92315
2.05,0.0129039,2,-0.279769,0.0122901,0.511756,-98103.6
2.05,0.0129039,2,-0.279769,0.0122901,0.514757,-99602.6
2.05,0.0129039,2,-0.279769,0.0122901,0.517759,-100035
2.05,0.0129039,2,-0.279769,0.0122901,0.52076,-98843
2.05,0.0129039,2,-0.279769,0.0122901,0.523762,-97455.4
2.05,0.0129039,2,-0.279769,0.0122901,0.526763,-93101.8
2.05,0.0129039,2,-0.279769,0.0122901,0.529765,-92747
2.05,0.0129039,2,-0.279769,0.0122901,0.532766,-94074.3
2.05,0.0129039,2,-0.279769,0.0122901,0.535768,-93691.3
2.05,0.0129039,2,-0.279769,0.0122901,0.538769,-88013.4
2.05,0.0129039,2,-0.279769,0.0122901,0.541771,-94781
2.05,0.0129039,2,-0.279769,0.0122901,0.544772,-101648
2.05,0.0129039,2,-0.279769,0.0122901,0.547774,-92695.3
2.05,0.0129039,2,-0.279769,0.0122901,0.550775,-91319.3
2.05,0.0129039,2,-0.279769,0.0122901,0.553777,-91220.4
2.05,0.0129039,2,-0.279769,0.0122901,0.556778,-104534
2.05,0.0129039,2,-0.279769,0.0122901,0.55978,-91616
2.05,0.0129039,2,-0.279769,0.0122901,0.562781,-92511
2.05,0.0129039,2,-0.279769,0.0122901,0.565783,-90724.1
2.05,0.0129039,2,-0.279769,0.0122901,0.568784,-91105.7
2.05,0.0129039,2,-0.279769,0.0122901,0.571786,-108141
2.05,0.0129039,2,-0.279769,0.0122901,0.574787,-91112.8
2.05,0.0129039,2,-0.279769,0.0122901,0.577789,-95647.5
2.05,0.0129039,2,-0.279769,0.0122901,0.58079,-94011.1
2.05,0.0129039,2,-0.279769,0.0122901,0.583792,-95238.3
2.05,0.0129039,2,-0.279769,0.0122901,0.586793,-91394.6
2.05,0.0129039,2,-0.279769,0.0122901,0.589795,-94889.1
2.05,0.0129039,2,-0.279769,0.0122901,0.592796,-94697.3
2.05,0.0129039,2,-0.279769,0.0122901,0.595798,-89067.1
2.05,0.0129039,2,-0.279769,0.0122901,0.598799,-95253.4
2.05,0.0129039,2,-0.279769,0.0122901,0.601801,-93896.2
2.05,0.0129039,2,-0.279769,0.0122901,0.604802,-92599.9
2.05,0.0129039,2,-0.279769,0.0122901,0.607804,-101240
2.05,0.0129039,2,-0.279769,0.0122901,0.610805,-89699
2.05,0.0129039,2,-0.279769,0.0122901,0.613807,-100496
2.05,0.0129039,2,-0.279769,0.0122901,0.616808,-92038.4
2.05,0.0129039,2,-0.279769,0.0122901,0.61981,-97518.8
2.05,0.0129039,2,-0.279769,0.0122901,0.622811,-96503
2.05,0.0129039,2,-0.279769,0.0122901,0.625813,-91697.7
2.05,0.0129039,2,-0.279769,0.0122901,0.628814,-97604.2
2.05,0.0129039,2,-0.279769,0.0122901,0.631816,-96652.2
2.05,0.0129039,2,-0.279769,0.0122901,0.634817,-88761.8
2.05,0.0129039,2,-0.279769,0.0122901,0.637819,-90341.2
2.05,0.0129039,2,-0.279769,0.0122901,0.64082,-87942.1
2.05,0.0129039,2,-0.279769,0.0122901,0.643822,-93099.8
2.05,0.0129039,2,-0.279769,0.0122901,0.646823,-93445.4
2.05,0.0129039,2,-0.279769,0.0122901,0.649825,-87925.6
2.05,0.0129039,2,-0.279769,0.0122901,0.652826,-98733.6
2.05,0.0129039,2,-0.279769,0.0122901,0.655828,-94766
2.05,0.0129039,2,-0.279769,0.0122901,0.658829,-88413.5
2.05,0.0129039,2,-0.279769,0.0122901,0.661831,-93466.1
2.05,0.0129039,2,-0.279769,0.0122901,0.664832,-91414.5
2.05,0.0129039,2,-0.279769,0.0122901,0.667834,-91306.2
2.05,0.0129039,2,-0.279769,0.0122901,0.670835,-90725.3
2.05,0.0129039,2,-0.279769,0.0122901,0.673837,-88696.7
2.05,0.0129039,2,-0.279769,0.0122901,0.676838,-90555.7
2.05,0.0129039,2,-0.279769,0.0122901,0.67984,-94562.2
2.05,0.0129039,2,-0.279769,0.0122901,0.682841,-95351.7
2.05,0.0129039,2,-0.279769,0.0122901,0.685843,-107919
2.05,0.0129039,2,-0.279769,0.0122901,0.688844,-86897.7
2.05,0.0129039,2,-0.279769,0.0122901,0.691846,-92139.1
2.05,0.0129039,2,-0.279769,0.0122901,0.694847,-96535.5
2.05,0.0129039,2,-0.279769,0.0122901,0.697849,-87119.1
2.05,0.0129039,2,-0.279769,0.0122901,0.70085,-85291.3
2.05,0.0129039,2,-0.279769,0.0122901,0.703852,-94688.9
2.05,0.0129039,2,-0.279769,0.0122901,0.706853,-86345.8
2.05,0.0129039,2,-0.279769,0.0122901,0.709855,-87591.4
2.05,0.0129039,2,-0.279769,0.0122901,0.712856,-89909.4
2.05,0.0129039,2,-0.279769,0.0122901,0.715858,-86787.4
2.05,0.0129039,2,-0.279769,0.0122901,0.718859,-97839.7
2.05,0.0129039,2,-0.279769,0.0122901,0.721861,-94239.4
2.05,0.0129039,2,-0.279769,0.0122901,0.724862,-86270.7
2.05,0.0129039,2,-0.279769,0.0122901,0.727864,-86756.8
2.05,0.0129039,2,-0.279769,0.0122901,0.730865,-94855.2
2.05,0.0129039,2,-0.279769,0.0122901,0.733867,-92770.2
2.05,0.0129039,2,-0.279769,0.0122901,0.736868,-83217.8
2.05,0.0129039,2,-0.279769,0.0122901,0.73987,-95610.1
2.05,0.0129039,2,-0.279769,0.0122901,0.742871,-96545.8
2.05,0.0129039,2,-0.279769,0.0122901,0.745873,-90010.7
2.05,0.0129039,2,-0.279769,0.0122901,0.748874,-84816.5
2.05,0.0129039,2,-0.279769,0.0122901,0.751876,-83927.1
2.05,0.0129039,2,-0.279769,0.0122901,0.754877,-86867
2.05,0.0129039,2,-0.279769,0.0122901,0.757879,-87068.3
2.05,0.0129039,2,-0.279769,0.0122901,0.76088,-93519
2.05,0.0129039,2,-0.279769,0.0122901,0.763882,-81542.4
2.05,0.0129039,2,-0.279769,0.0122901,0.766883,-82286.9
2.05,0.0129039,2,-0.279769,0.0122901,0.769885,-85409.9
2.05,0.0129039,2,-0.279769,0.0122901,0.772886,-87316.6
2.05,0.0129039,2,-0.279769,0.0122901,0.775888,-83528.9
2.05,0.0129039,2,-0.279769,0.0122901,0.778889,-79908
2.05,0.0129039,2,-0.279769,0.0122901,0.781891,-81711.6
2.05,0.0129039,2,-0.279769,0.0122901,0.784892,-81921.6
2.05,0.0129039,2,-0.279769,0.0122901,0.787894,-77075.7
2.05,0.0129039,2,-0.279769,0.0122901,0.790895,-77883.3
2.05,0.0129039,2,-0.279769,0.0122901,0.793897,-66468
2.05,0.0129039,2,-0.279769,0.0122901,0.796898,63591.3
2.05,0.0129039,2,-0.279769,0.0122901,0.7999,82088.9
2.05,0.0129039,2,-0.279769,0.0122901,0.802901,73371.3
2.05,0.0129039,2,-0.279769,0.0122901,0.805903,76593
2.05,0.0129039,2,-0.279769,0.0122901,0.808904,75563.4
2.05,0.0129039,2,-0.279769,0.0122901,0.811906,79648.3
2.05,0.0129039,2,-0.279769,0.0122901,0.814907,90689.4
2.05,0.0129039,2,-0.279769,0.0122901,0.817909,77911.7
2.05,0.0129039,2,-0.279769,0.0122901,0.82091,79675.7
2.05,0.0129039,2,-0.279769,0.0122901,0.823912,81326.8
2.05,0.0129039,2,-0.279769,0.0122901,0.826913,85925.4
2.05,0.0129039,2,-0.279769,0.0122901,0.829915,84888
2.05,0.0129039,2,-0.279769,0.0122901,0.832916,88920.3
2.05,0.0129039,2,-0.279769,0.0122901,0.835918,84752.7
2.05,0.0129039,2,-0.279769,0.0122901,0.838919,101984
2.05,0.0129039,2,-0.279769,0.0122901,0.841921,95355.4
2.05,0.0129039,2,-0.279769,0.0122901,0.844922,88076.6
2.05,0.0129039,2,-0.279769,0.0122901,0.847924,84577.2
2.05,0.0129039,2,-0.279769,0.0122901,0.850925,98995.3
2.05,0.0129039,2,-0.279769,0.0122901,0.853927,87102.2
2.05,0.0129039,2,-0.279769,0.0122901,0.856928,88804.6
2.05,0.0129039,2,-0.279769,0.0122901,0.85993,86407.7
2.05,0.0129039,2,-0.279769,0.0122901,0.862931,92277.7
2.05,0.0129039,2,-0.279769,0.0122901,0.865933,96348
2.05,0.0129039,2,-0.279769,0.0122901,0.868934,87790.4
2.05,0.0129039,2,-0.279769,0.0122901,0.871936,86045.1
2.05,0.0129039,2,-0.279769,0.0122901,0.874937,97859.6
2.05,0.0129039,2,-0.279769,0.0122901,0.877939,86790
2.05,0.0129039,2,-0.279769,0.0122901,0.88094,97698
2.05,0.0129039,2,-0.279769,0.0122901,0.883942,88339.1
2.05,0.0129039,2,-0.279769,0.0122901,0.886943,88261.7
2.05,0.0129039,2,-0.279769,0.0122901,0.889945,91892.5
2.05,0.0129039,2,-0.279769,0.0122901,0.892946,87181.6
2.05,0.0129039,2,-0.279769,0.0122901,0.895948,87459.8
2.05,0.0129039,2,-0.279769,0.0122901,0.898949,90558.3
2.05,0.0129039,2,-0.279769,0.0122901,0.901951,93150.4
2.05,0.0129039,2,-0.279769,0.0122901,0.904952,88726.6
2.05,0.0129039,2,-0.279769,0.0122901,0.907954,91535.4
2.05,0.0129039,2,-0.279769,0.0122901,0.910955,94168.5
2.05,0.0129039,2,-0.279769,0.0122901,0.913957,89885
2.05,0.0129039,2,-0.279769,0.0122901,0.916958,88957
2.05,0.0129039,2,-0.279769,0.0122901,0.91996,92649.1
2.05,0.0129039,2,-0.279769,0.0122901,0.922961,99504.8
2.05,0.0129039,2,-0.279769,0.0122901,0.925963,106033
2.05,0.0129039,2,-0.279769,0.0122901,0.928964,95151.3
2.05,0.0129039,2,-0.279769,0.0122901,0.931966,97220.2
2.05,0.0129039,2,-0.279769,0.0122901,0.934967,89540.7
2.05,0.0129039,2,-0.279769,0.0122901,0.937969,91179.4
2.05,0.0129039,2,-0.279769,0.0122901,0.94097,91889.4
2.05,0.0129039,2,-0.279769,0.0122901,0.943972,101001
2.05,0.0129039,2,-0.279769,0.0122901,0.946973,91604.7
2.05,0.0129039,2,-0.279769,0.0122901,0.949975,95613.9
2.05,0.0129039,2,-0.279769,0.0122901,0.952976,96414.6
2.05,0.0129039,2,-0.279769,0.0122901,0.955978,98438
2.05,0.0129039,2,-0.279769,0.0122901,0.958979,91777.1
2.05,0.0129039,2,-0.279769,0.0122901,0.961981,92311.2
2.05,0.0129039,2,-0.279769,0.0122901,0.964982,102497
2.05,0.0129039,2,-0.279769,0.0122901,0.967984,90930.6
2.05,0.0129039,2,-0.279769,0.0122901,0.970985,100239
2.05,0.0129039,2,-0.279769,0.0122901,0.973987,97459.8
2.05,0.0129039,2,-0.279769,0.0122901,0.976988,100733
2.05,0.0129039,2,-0.279769,0.0122901,0.97999,103671
2.05,0.0129039,2,-0.279769,0.0122901,0.982991,93897.2
2.05,0.0129039,2,-0.279769,0.0122901,0.985993,97442
2.05,0.0129039,2,-0.279769,0.0122901,0.988994,107204
2.05,0.0129039,2,-0.279769,0.0122901,0.991996,94423.9
2.05,0.0129039,2,-0.279769,0.0122901,0.994997,102906
2.05,0.0129039,2,-0.279769,0.0122901,0.997999,93006.5
2.05,0.0129039,2,-0.279769,0.0122901,1.001,92433.1
2.05,0.0129039,2,-0.279769,0.0122901,1.004,92165.9
2.05,0.0129039,2,-0.279769,0.0122901,1.007,95044.8
2.05,0.0129039,2,-0.279769,0.0122901,1.01001,107170
2.05,0.0129039,2,-0.279769,0.0122901,1.01301,108115
2.05,0.0129039,2,-0.279769,0.0122901,1.01601,94234.6
2.05,0.0129039,2,-0.279769,0.0122901,1.01901,97071.4
2.05,0.0129039,2,-0.279769,0.0122901,1.02201,93160.3
2.05,0.0129039,2,-0.279769,0.0122901,1.02501,98753.2
2.05,0.0129039,2,-0.279769,0.0122901,1.02801,99814.1
2.05,0.0129039,2,-0.279769,0.0122901,1.03102,111299
2.05,0.0129039,2,-0.279769,0.0122901,1.03402,103148
2.05,0.0129039,2,-0.279769,0.0122901,1.03702,95552.7
2.05,0.0129039,2,-0.279769,0.0122901,1.04002,96646.8
2.05,0.0129039,2,-0.279769,0.0122901,1.04302,94200.1
2.05,0.0129039,2,-0.279769,0.0122901,1.04602,101310
2.05,0.0129039,2,-0.279769,0.0122901,1.04902,98404
2.05,0.0129039,2,-0.279769,0.0122901,1.05203,95213.5
2.05,0.0129039,2,-0.279769,0.0122901,1.05503,101420
2.05,0.0129039,2,-0.279769,0.0122901,1.05803,93645.1
2.05,0.0129039,2,-0.279769,0.0122901,1.06103,96933.4
2.05,0.0129039,2,-0.279769,0.0122901,1.06403,103009
2.05,0.0129039,2,-0.279769,0.0122901,1.06703,105704
2.05,0.0129039,2,-0.279769,0.0122901,1.07004,102155
2.05,0.0129039,2,-0.279769,0.0122901,1.07304,92904.9
2.05,0.0129039,2,-0.279769,0.0122901,1.07604,98761.7
2.05,0.0129039,2,-0.279769,0.0122901,1.07904,104798
2.05,0.0129039,2,-0.279769,0.0122901,1.08204,103902
2.05,0.0129039,2,-0.279769,0.0122901,1.08504,104786
2.05,0.0129039,2,-0.279769,0.0122901,1.08804,92426.1
2.05,0.0129039,2,-0.279769,0.0122901,1.09105,95554.2
2.05,0.0129039,2,-0.279769,0.0122901,1.09405,105732
2.05,0.0129039,2,-0.279769,0.0122901,1.09705,93026.6
2.05,0.0129039,2,-0.279769,0.0122901,1.10005,96200.5
2.05,0.0129039,2,-0.279769,0.0122901,1.10305,105565
2.05,0.0129039,2,-0.279769,0.0122901,1.10605,105321
2.05,0.0129039,2,-0.279769,0.0122901,1.10905,93010.3
2.05,0.0129039,2,-0.279769,0.0122901,1.11206,103609
2.05,0.0129039,2,-0.279769,0.0122901,1.11506,93296.6
2.05,0.0129039,2,-0.279769,0.0122901,1.11806,91646.2
2.05,0.0129039,2,-0.279769,0.0122901,1.12106,93481.3
2.05,0.0129039,2,-0.279769,0.0122901,1.12406,103844
2.05,0.0129039,2,-0.279769,0.0122901,1.12706,95178.4
2.05,0.0129039,2,-0.279769,0.0122901,1.13007,100131
2.05,0.0129039,2,-0.279769,0.0122901,1.13307,104005
2.05,0.0129039,2,-0.279769,0.0122901,1.13607,91456.9
2.05,0.0129039,2,-0.279769,0.0122901,1.13907,94230.4
2.05,0.0129039,2,-0.279769,0.0122901,1.14207,95401.4
2.05,0.0129039,2,-0.279769,0.0122901,1.14507,100363
2.05,0.0129039,2,-0.279769,0.0122901,1.14807,96704.9
2.05,0.0129039,2,-0.279769,0.0122901,1.15108,93212.9
2.05,0.0129039,2,-0.279769,0.0122901,1.15408,103651
2.05,0.0129039,2,-0.279769,0.0122901,1.15708,104789
2.05,0.0129039,2,-0.279769,0.0122901,1.16008,101261
2.05,0.0129039,2,-0.279769,0.0122901,1.16308,90429.9
2.05,0.0129039,2,-0.279769,0.0122901,1.16608,105121
2.05,0.0129039,2,-0.279769,0.0122901,1.16908,98420.7
2.05,0.0129039,2,-0.279769,0.0122901,1.17209,92528.9
2.05,0.0129039,2,-0.279769,0.0122901,1.17509,92773.6
2.05,0.0129039,2,-0.279769,0.0122901,1.17809,97554.3
2.05,0.0129039,2,-0.279769,0.0122901,1.18109,88549.2
2.05,0.0129039,2,-0.279769,0.0122901,1.18409,94168.1
2.05,0.0129039,2,-0.279769,0.0122901,1.18709,105844
2.05,0.0129039,2,-0.279769,0.0122901,1.1901,87846.7
2.05,0.0129039,2,-0.279769,0.0122901,1.1931,109550
2.05,0.0129039,2,-0.279769,0.0122901,1.1961,100851
2.05,0.0129039,2,-0.279769,0.0122901,1.1991,87385
2.05,0.0129039,2,-0.279769,0.0122901,1.2021,92277.6
2.05,0.0129039,2,-0.279769,0.0122901,1.2051,86792
2.05,0.0129039,2,-0.279769,0.0122901,1.2081,86047.1
2.05,0.0129039,2,-0.279769,0.0122901,1.21111,95488.9
2.05,0.0129039,2,-0.279769,0.0122901,1.21411,99160.5
2.05,0.0129039,2,-0.279769,0.0122901,1.21711,90480.7
2.05,0.0129039,2,-0.279769,0.0122901,1.22011,103625
2.05,0.0129039,2,-0.279769,0.0122901,1.22311,92929.6
2.05,0.0129039,2,-0.279769,0.0122901,1.22611,87603.8
2.05,0.0129039,2,-0.279769,0.0122901,1.22911,80865.5
2.05,0.0129039,2,-0.279769,0.0122901,1.23212,79700.4
2.05,0.0129039,2,-0.279769,0.0122901,1.23512,78521.2
2.05,0.0129039,2,-0.279769,0.0122901,1.23812,74327.5
2.05,0.0129039,2,-0.279769,0.0122901,1.24112,-75061.1
2.05,0.0129039,2,-0.279769,0.0122901,1.24412,-77600.6
2.05,0.0129039,2,-0.279769,0.0122901,1.24712,-82870
2.05,0.0129039,2,-0.279769,0.0122901,1.25013,-85456.4
2.05,0.0129039,2,-0.279769,0.0122901,1.25313,-93497.4
2.05,0.0129039,2,-0.279769,0.0122901,1.25613,-92166.8
2.05,0.0129039,2,-0.279769,0.0122901,1.25913,-85893.8
2.05,0.0129039,2,-0.279769,0.0122901,1.26213,-89533.8
2.05,0.0129039,2,-0.279769,0.0122901,1.26513,-90094.6
2.05,0.0129039,2,-0.279769,0.0122901,1.26813,-89269.2
2.05,0.0129039,2,-0.279769,0.0122901,1.27114,-93062.1
2.05,0.0129039,2,-0.279769,0.0122901,1.27414,-87825.3
2.05,0.0129039,2,-0.279769,0.0122901,1.27714,-96474.6
2.05,0.0129039,2,-0.279769,0.0122901,1.28014,-91731.7
2.05,0.0129039,2,-0.279769,0.0122901,1.28314,-92931
2.05,0.0129039,2,-0.279769,0.0122901,1.28614,-96319.6
2.05,0.0129039,2,-0.279769,0.0122901,1.28914,-101191
2.05,0.0129039,2,-0.279769,0.0122901,1.29215,-105837
2.05,0.0129039,2,-0.279769,0.0122901,1.29515,-94464.9
2.05,0.0129039,2,-0.279769,0.0122901,1.29815,-107034
2.05,0.0129039,2,-0.279769,0.0122901,1.30115,-96244.5
2.05,0.0129039,2,-0.279769,0.0122901,1.30415,-93898.6
2.05,0.0129039,2,-0.279769,0.0122901,1.30715,-92548.5
2.05,0.0129039,2,-0.279769,0.0122901,1.31016,-94244.1
2.05,0.0129039,2,-0.279769,0.0122901,1.31316,-103284
2.05,0.0129039,2,-0.279769,0.0122901,1.31616,-95286.9
2.05,0.0129039,2,-0.279769,0.0122901,1.31916,-102896
2.05,0.0129039,2,-0.279769,0.0122901,1.32216,-98874.5
2.05,0.0129039,2,-0.279769,0.0122901,1.32516,-103566
2.05,0.0129039,2,-0.279769,0.0122901,1.32816,-96166.1
2.05,0.0129039,2,-0.279769,0.0122901,1.33117,-105099
2.05,0.0129039,2,-0.279769,0.0122901,1.33417,-107871
2.05,0.0129039,2,-0.279769,0.0122901,1.33717,-106324
2.05,0.0129039,2,-0.279769,0.0122901,1.34017,-98274.3
2.05,0.0129039,2,-0.279769,0.0122901,1.34317,-101756
2.05,0.0129039,2,-0.279769,0.0122901,1.34617,-111645
2.05,0.0129039,2,-0.279769,0.0122901,1.34917,-108689
2.05,0.0129039,2,-0.279769,0.0122901,1.35218,-101458
2.05,0.0129039,2,-0.279769,0.0122901,1.35518,-112775
2.05,0.0129039,2,-0.279769,0.0122901,1.35818,-105791
2.05,0.0129039,2,-0.279769,0.0122901,1.36118,-113406
2.05,0.0129039,2,-0.279769,0.0122901,1.36418,-99173.9
2.05,0.0129039,2,-0.279769,0.0122901,1.36718,-104841
2.05,0.0129039,2,-0.279769,0.0122901,1.37019,-104796
2.05,0.0129039,2,-0.279769,0.0122901,1.37319,-102917
2.05,0.0129039,2,-0.279769,0.0122901,1.37619,-99308.3
2.05,0.0129039,2,-0.279769,0.0122901,1.37919,-99772.3
2.05,0.0129039,2,-0.279769,0.0122901,1.38219,-106932
2.05,0.0129039,2,-0.279769,0.0122901,1.38519,-100251
2.05,0.0129039,2,-0.279769,0.0122901,1.38819,-113869
2.05,0.0129039,2,-0.279769,0.0122901,1.3912,-109316
2.05,0.0129039,2,-0.279769,0.0122901,1.3942,-106193
2.05,0.0129039,2,-0.279769,0.0122901,1.3972,-104607
2.05,0.0129039,2,-0.279769,0.0122901,1.4002,-116316
2.05,0.0129039,2,-0.279769,0.0122901,1.4032,-102729
2.05,0.0129039,2,-0.279769,0.0122901,1.4062,-111716
2.05,0.0129039,2,-0.279769,0.0122901,1.4092,-105527
2.05,0.0129039,2,-0.279769,0.0122901,1.41221,-100415
2.05,0.0129039,2,-0.279769,0.0122901,1.41521,-100669
2.05,0.0129039,2,-0.279769,0.0122901,1.41821,-100758
2.05,0.0129039,2,-0.279769,0.0122901,1.42121,-105301
2.05,0.0129039,2,-0.279769,0.0122901,1.42421,-109618
2.05,0.0129039,2,-0.279769,0.0122901,1.42721,-107640
2.05,0.0129039,2,-0.279769,0.0122901,1.43022,-113857
2.05,0.0129039,2,-0.279769,0.0122901,1.43322,-106357
2.05,0.0129039,2,-0.279769,0.0122901,1.43622,-111661
2.05,0.0129039,2,-0.279769,0.0122901,1.43922,-100908
2.05,0.0129039,2,-0.279769,0.0122901,1.44222,-124456
2.05,0.0129039,2,-0.279769,0.0122901,1.44522,-111782
2.05,0.0129039,2,-0.279769,0.0122901,1.44822,-116627
2.05,0.0129039,2,-0.279769,0.0122901,1.45123,-106124
2.05,0.0129039,2,-0.279769,0.0122901,1.45423,-105848
2.05,0.0129039,2,-0.279769,0.0122901,1.45723,-124596
2.05,0.0129039,2,-0.279769,0.0122901,1.46023,-118192
2.05,0.0129039,2,-0.279769,0.0122901,1.46323,-113662
2.05,0.0129039,2,-0.279769,0.0122901,1.46623,-113398
2.05,0.0129039,2,-0.279769,0.0122901,1.46923,-107685
2.05,0.0129039,2,-0.279769,0.0122901,1.47224,-102644
2.05,0.0129039,2,-0.279769,0.0122901,1.47524,-128885
2.05,0.0129039,2,-0.279769,0.0122901,1.47824,-103934
2.05,0.0129039,2,-0.279769,0.0122901,1.48124,-113034
2.05,0.0129039,2,-0.279769,0.0122901,1.48424,-115140
2.05,0.0129039,2,-0.279769,0.0122901,1.48724,-104712
2.05,0.0129039,2,-0.279769,0.0122901,1.49025,-105449
2.05,0.0129039,2,-0.279769,0.0122901,1.49325,-113759
2.05,0.0129039,2,-0.279769,0.0122901,1.49625,-107041
2.05,0.0129039,2,-0.279769,0.0122901,1.49925,-110253
2.05,0.0129039,2,-0.279769,0.0122901,1.50225,-114268
2.05,0.0129039,2,-0.279769,0.0122901,1.50525,-110587
2.05,0.0129039,2,-0.279769,0.0122901,1.50825,-109465
2.05,0.0129039,2,-0.279769,0.0122901,1.51126,-107041
2.05,0.0129039,2,-0.279769,0.0122901,1.51426,-109219
2.05,0.0129039,2,-0.279769,0.0122901,1.51726,-105903
2.05,0.0129039,2,-0.279769,0.0122901,1.52026,-106779
2.05,0.0129039,2,-0.279769,0.0122901,1.52326,-104199
2.05,0.0129039,2,-0.279769,0.0122901,1.52626,-106314
2.05,0.0129039,2,-0.279769,0.0122901,1.52926,-117054
2.05,0.0129039,2,-0.279769,0.0122901,1.53227,-107563
2.05,0.0129039,2,-0.279769,0.0122901,1.53527,-116316
2.05,0.0129039,2,-0.279769,0.0122901,1.53827,-104638
2.05,0.0129039,2,-0.279769,0.0122901,1.54127,-106231
2.05,0.0129039,2,-0.279769,0.0122901,1.54427,-114413
2.05,0.0129039,2,-0.279769,0.0122901,1.54727,-110034
2.05,0.0129039,2,-0.279769,0.0122901,1.55028,-118833
2.05,0.0129039,2,-0.279769,0.0122901,1.55328,-113700
2.05,0.0129039,2,-0.279769,0.0122901,1.55628,-105048
2.05,0.0129039,2,-0.279769,0.0122901,1.55928,-126241
2.05,0.0129039,2,-0.279769,0.0122901,1.56228,-113150
2.05,0.0129039,2,-0.279769,0.0122901,1.56528,-107393
2.05,0.0129039,2,-0.279769,0.0122901,1.56828,-118228
2.05,0.0129039,2,-0.279769,0.0122901,1.57129,-105832
2.05,0.0129039,2,-0.279769,0.0122901,1.57429,-105539
2.05,0.0129039,2,-0.279769,0.0122901,1.57729,-128014
2.05,0.0129039,2,-0.279769,0.0122901,1.58029,-105174
2.05,0.0129039,2,-0.279769,0.0122901,1.58329,-108623
2.05,0.0129039,2,-0.279769,0.0122901,1.58629,-114643
2.05,0.0129039,2,-0.279769,0.0122901,1.58929,-107903
2.05,0.0129039,2,-0.279769,0.0122901,1.5923,-107524
2.05,0.0129039,2,-0.279769,0.0122901,1.5953,-104710
2.05,0.0129039,2,-0.279769,0.0122901,1.5983,-114921
2.05,0.0129039,2,-0.279769,0.0122901,1.6013,-128313
2.05,0.0129039,2,-0.279769,0.0122901,1.6043,-116682
2.05,0.0129039,2,-0.279769,0.0122901,1.6073,-113965
2.05,0.0129039,2,-0.279769,0.0122901,1.61031,-103970
2.05,0.0129039,2,-0.279769,0.0122901,1.61331,-107616
2.05,0.0129039,2,-0.279769,0.0122901,1.61631,-104795
2.05,0.0129039,2,-0.279769,0.0122901,1.61931,-104602
2.05,0.0129039,2,-0.279769,0.0122901,1.62231,-107900
2.05,0.0129039,2,-0.279769,0.0122901,1.62531,-110668
2.05,0.0129039,2,-0.279769,0.0122901,1.62831,-105230
2.05,0.0129039,2,-0.279769,0.0122901,1.63132,-108059
2.05,0.0129039,2,-0.279769,0.0122901,1.63432,-106723
2.05,0.0129039,2,-0.279769,0.0122901,1.63732,-108898
2.05,0.0129039,2,-0.279769,0.0122901,1.64032,-120988
2.05,0.0129039,2,-0.279769,0.0122901,1.64332,-115831
2.05,0.0129039,2,-0.279769,0.0122901,1.64632,-117520
2.05,0.0129039,2,-0.279769,0.0122901,1.64932,-107101
2.05,0.0129039,2,-0.279769,0.0122901,1.65233,-115622
2.05,0.0129039,2,-0.279769,0.0122901,1.65533,-112837
2.05,0.0129039,2,-0.279769,0.0122901,1.65833,-116759
2.05,0.0129039,2,-0.279769,0.0122901,1.66133,-129757
2.05,0.0129039,2,-0.279769,0.0122901,1.66433,-104511
2.05,0.0129039,2,-0.279769,0.0122901,1.66733,-106847
2.05,0.0129039,2,-0.279769,0.0122901,1.67034,-125916
2.05,0.0129039,2,-0.279769,0.0122901,1.67334,-103112
2.05,0.0129039,2,-0.279769,0.0122901,1.67634,-104704
2.05,0.0129039,2,-0.279769,0.0122901,1.67934,-109484
2.05,0.0129039,2,-0.279769,0.0122901,1.68234,-103965
2.05,0.0129039,2,-0.279769,0.0122901,1.68534,-106126
2.05,0.0129039,2,-0.279769,0.0122901,1.68834,-103957
2.05,0.0129039,2,-0.279769,0.0122901,1.69135,-103256
2.05,0.0129039,2,-0.279769,0.0122901,1.69435,-124245
2.05,0.0129039,2,-0.279769,0.0122901,1.69735,-108164
2.05,0.0129039,2,-0.279769,0.0122901,1.70035,-105501
2.05,0.0129039,2,-0.279769,0.0122901,1.70335,-113015
2.05,0.0129039,2,-0.279769,0.0122901,1.70635,-116109
2.05,0.0129039,2,-0.279769,0.0122901,1.70935,-109501
2.05,0.0129039,2,-0.279769,0.0122901,1.71236,-101955
2.05,0.0129039,2,-0.279769,0.0122901,1.71536,-114941
2.05,0.0129039,2,-0.279769,0.0122901,1.71836,-107722
2.05,0.0129039,2,-0.279769,0.0122901,1.72136,-100883
2.05,0.0129039,2,-0.279769,0.0122901,1.72436,-112790
2.05,0.0129039,2,-0.279769,0.0122901,1.72736,-103427
2.05,0.0129039,2,-0.279769,0.0122901,1.73037,-114593
2.05,0.0129039,2,-0.279769,0.0122901,1.73337,-102496
2.05,0.0129039,2,-0.279769,0.0122901,1.73637,-101147
2.05,0.0129039,2,-0.279769,0.0122901,1.73937,-109801
2.05,0.0129039,2,-0.279769,0.0122901,1.74237,-101744
2.05,0.0129039,2,-0.279769,0.0122901,1.74537,-102152
2.05,0.0129039,2,-0.279769,0.0122901,1.74837,-106864
2.05,0.0129039,2,-0.279769,0.0122901,1.75138,-99195.1
2.05,0.0129039,2,-0.279769,0.0122901,1.75438,-107918
2.05,0.0129039,2,-0.279769,0.0122901,1.75738,-105544
2.05,0.0129039,2,-0.279769,0.0122901,1.76038,-108797
2.05,0.0129039,2,-0.279769,0.0122901,1.76338,-105865
2.05,0.0129039,2,-0.279769,0.0122901,1.76638,-109340
2.05,0.0129039,2,-0.279769,0.0122901,1.76938,-107428
2.05,0.0129039,2,-0.279769,0.0122901,1.77239,-107610
2.05,0.0129039,2,-0.279769,0.0122901,1.77539,-98499
2.05,0.0129039,2,-0.279769,0.0122901,1.77839,-104317
2.05,0.0129039,2,-0.279769,0.0122901,1.78139,-108069
2.05,0.0129039,2,-0.279769,0.0122901,1.78439,-94837.2
2.05,0.0129039,2,-0.279769,0.0122901,1.78739,-102336
2.05,0.0129039,2,-0.279769,0.0122901,1.7904,-110270
2.05,0.0129039,2,-0.279769,0.0122901,1.7934,-105360
2.05,0.0129039,2,-0.279769,0.0122901,1.7964,-106478
2.05,0.0129039,2,-0.279769,0.0122901,1.7994,-93059.7
2.05,0.0129039,2,-0.279769,0.0122901,1.8024,-102087
2.05,0.0129039,2,-0.279769,0.0122901,1.8054,-97283.7
2.05,0.0129039,2,-0.279769,0.0122901,1.8084,-98811.1
2.05,0.0129039,2,-0.279769,0.0122901,1.81141,-92491.6
2.05,0.0129039,2,-0.279769,0.0122901,1.81441,-100953
2.05,0.0129039,2,-0.279769,0.0122901,1.81741,-100365
2.05,0.0129039,2,-0.279769,0.0122901,1.82041,-93436.4
2.05,0.0129039,2,-0.279769,0.0122901,1.82341,-92575.6
2.05,0.0129039,2,-0.279769,0.0122901,1.82641,-100224
2.05,0.0129039,2,-0.279769,0.0122901,1.82941,-89453.1
2.05,0.0129039,2,-0.279769,0.0122901,1.83242,-89627.1
2.05,0.0129039,2,-0.279769,0.0122901,1.83542,-95144.1
2.05,0.0129039,2,-0.279769,0.0122901,1.83842,-84792
2.05,0.0129039,2,-0.279769,0.0122901,1.84142,-85111.9
2.05,0.0129039,2,-0.279769,0.0122901,1.84442,-92846.3
2.05,0.0129039,2,-0.279769,0.0122901,1.84742,-82884.9
2.05,0.0129039,2,-0.279769,0.0122901,1.85043,-80197.6
2.05,0.0129039,2,-0.279769,0.0122901,1.85343,-88740.9
2.05,0.0129039,2,-0.279769,0.0122901,1.85643,-75214.8
2.05,0.0129039,2,-0.279769,0.0122901,1.85943,75808.5
2.05,0.0129039,2,-0.279769,0.0122901,1.86243,85288.9
2.05,0.0129039,2,-0.279769,0.0122901,1.86543,81977.3
2.05,0.0129039,2,-0.279769,0.0122901,1.86843,91919.2
2.05,0.0129039,2,-0.279769,0.0122901,1.87144,102126
2.05,0.0129039,2,-0.279769,0.0122901,1.87444,93655.9
2.05,0.0129039,2,-0.279769,0.0122901,1.87744,87395
2.05,0.0129039,2,-0.279769,0.0122901,1.88044,86267.1
2.05,0.0129039,2,-0.279769,0.0122901,1.88344,86770.7
2.05,0.0129039,2,-0.279769,0.0122901,1.88644,84897.2
2.05,0.0129039,2,-0.279769,0.0122901,1.88944,87114.6
2.05,0.0129039,2,-0.279769,0.0122901,1.89245,105755
2.05,0.0129039,2,-0.279769,0.0122901,1.89545,95367.8
2.05,0.0129039,2,-0.279769,0.0122901,1.89845,99025
2.05,0.0129039,2,-0.279769,0.0122901,1.90145,89472.9
2.05,0.0129039,2,-0.279769,0.0122901,1.90445,92842.1
2.05,0.0129039,2,-0.279769,0.0122901,1.90745,94784.5
2.05,0.0129039,2,-0.279769,0.0122901,1.91046,103248
2.05,0.0129039,2,-0.279769,0.0122901,1.91346,100139
2.05,0.0129039,2,-0.279769,0.0122901,1.91646,89613.1
2.05,0.0129039,2,-0.279769,0.0122901,1.91946,90950.8
2.05,0.0129039,2,-0.279769,0.0122901,1.92246,109816
2.05,0.0129039,2,-0.279769,0.0122901,1.92546,90235.4
2.05,0.0129039,2,-0.279769,0.0122901,1.92846,93399.4
2.05,0.0129039,2,-0.279769,0.0122901,1.93147,92181.4
2.05,0.0129039,2,-0.279769,0.0122901,1.93447,99464.3
2.05,0.0129039,2,-0.279769,0.0122901,1.93747,97538
2.05,0.0129039,2,-0.279769,0.0122901,1.94047,94323.6
2.05,0.0129039,2,-0.279769,0.0122901,1.94347,90373.1
2.05,0.0129039,2,-0.279769,0.0122901,1.94647,86540.8
2.05,0.0129039,2,-0.279769,0.0122901,1.94947,95955.5
2.05,0.0129039,2,-0.279769,0.0122901,1.95248,88411.2
2.05,0.0129039,2,-0.279769,0.0122901,1.95548,97190.4
2.05,0.0129039,2,-0.279769,0.0122901,1.95848,91265.8
2.05,0.0129039,2,-0.279769,0.0122901,1.96148,87730.1
2.05,0.0129039,2,-0.279769,0.0122901,1.96448,82789.8
2.05,0.0129039,2,-0.279769,0.0122901,1.96748,105528
2.05,0.0129039,2,-0.279769,0.0122901,1.97049,85262
2.05,0.0129039,2,-0.279769,0.0122901,1.97349,77482.7
2.05,0.0129039,2,-0.279769,0.0122901,1.97649,94568.1
2.05,0.0129039,2,-0.279769,0.0122901,1.97949,75154.9
2.05,0.0129039,2,-0.279769,0.0122901,1.98249,-85501
2.05,0.0129039,2,-0.279769,0.0122901,1.98549,-82017.2
2.05,0.0129039,2,-0.279769,0.0122901,1.98849,-85117.2
2.05,0.0129039,2,-0.279769,0.0122901,1.9915,-96061.3
2.05,0.0129039,2,-0.279769,0.0122901,1.9945,-79605.4
2.05,0.0129039,2,-0.279769,0.0122901,1.9975,-82550.7
2.05,0.0129039,2,-0.279769,0.0122901,2.0005,-81339.2
2.05,0.0129039,2,-0.279769,0.0122901,2.0035,-85436.6
2.05,0.0129039,2,-0.279769,0.0122901,2.0065,-85705
2.05,0.0129039,2,-0.279769,0.0122901,2.0095,-99946.2
2.05,0.0129039,2,-0.279769,0.0122901,2.01251,-89192.8
2.05,0.0129039,2,-0.279769,0.0122901,2.01551,-98296.6
2.05,0.0129039,2,-0.279769,0.0122901,2.01851,-88344.5
2.05,0.0129039,2,-0.279769,0.0122901,2.02151,-102325
2.05,0.0129039,2,-0.279769,0.0122901,2.02451,-86960.7
2.05,0.0129039,2,-0.279769,0.0122901,2.02751,-93657.2
2.05,0.0129039,2,-0.279769,0.0122901,2.03052,-91166.2
2.05,0.0129039,2,-0.279769,0.0122901,2.03352,-87152.3
2.05,0.0129039,2,-0.279769,0.0122901,2.03652,-89306.9
2.05,0.0129039,2,-0.279769,0.0122901,2.03952,-93758.2
2.05,0.0129039,2,-0.279769,0.0122901,2.04252,-82010.4
2.05,0.0129039,2,-0.279769,0.0122901,2.04552,-92789.8
2.05,0.0129039,2,-0.279769,0.0122901,2.04852,-79514.3
2.05,0.0129039,2,-0.279769,0.0122901,2.05153,85123.3
2.05,0.0129039,2,-0.279769,0.0122901,2.05453,87717.8
2.05,0.0129039,2,-0.279769,0.0122901,2.05753,91170
2.05,0.0129039,2,-0.279769,0.0122901,2.06053,100382
2.05,0.0129039,2,-0.279769,0.0122901,2.06353,93525.5
2.05,0.0129039,2,-0.279769,0.0122901,2.06653,92316.3
2.05,0.0129039,2,-0.279769,0.0122901,2.06953,93238.6
2.05,0.0129039,2,-0.279769,0.0122901,2.07254,96266.2
2.05,0.0129039,2,-0.279769,0.0122901,2.07554,94792.4
2.05,0.0129039,2,-0.279769,0.0122901,2.07854,118488
2.05,0.0129039,2,-0.279769,0.0122901,2.08154,96937.5
2.05,0.0129039,2,-0.279769,0.0122901,2.08454,104083
2.05,0.0129039,2,-0.279769,0.0122901,2.08754,105074
2.05,0.0129039,2,-0.279769,0.0122901,2.09055,115296
2.05,0.0129039,2,-0.279769,0.0122901,2.09355,110285
2.05,0.0129039,2,-0.279769,0.0122901,2.09655,113217
2.05,0.0129039,2,-0.279769,0.0122901,2.09955,109964
2.05,0.0129039,2,-0.279769,0.0122901,2.10255,110652
2.05,0.0129039,2,-0.279769,0.0122901,2.10555,112101
2.05,0.0129039,2,-0.279769,0.0122901,2.10855,109301
2.05,0.0129039,2,-0.279769,0.0122901,2.11156,104961
2.05,0.0129039,2,-0.279769,0.0122901,2.11456,109977
2.05,0.0129039,2,-0.279769,0.0122901,2.11756,116745
2.05,0.0129039,2,-0.279769,0.0122901,2.12056,108286
2.05,0.0129039,2,-0.279769,0.0122901,2.12356,119779
2.05,0.0129039,2,-0.279769,0.0122901,2.12656,110416
2.05,0.0129039,2,-0.279769,0.0122901,2.12956,113357
2.05,0.0129039,2,-0.279769,0.0122901,2.13257,111103
2.05,0.0129039,2,-0.279769,0.0122901,2.13557,128102
2.05,0.0129039,2,-0.279769,0.0122901,2.13857,115163
2.05,0.0129039,2,-0.279769,0.0122901,2.14157,116781
2.05,0.0129039,2,-0.279769,0.0122901,2.14457,116574
2.05,0.0129039,2,-0.279769,0.0122901,2.14757,114507
2.05,0.0129039,2,-0.279769,0.0122901,2.15058,114925
2.05,0.0129039,2,-0.279769,0.0122901,2.15358,115004
2.05,0.0129039,2,-0.279769,0.0122901,2.15658,119302
2.05,0.0129039,2,-0.279769,0.0122901,2.15958,115068
2.05,0.0129039,2,-0.279769,0.0122901,2.16258,119179
2.05,0.0129039,2,-0.279769,0.0122901,2.16558,117154
2.05,0.0129039,2,-0.279769,0.0122901,2.16858,126109
2.05,0.0129039,2,-0.279769,0.0122901,2.17159,116953
2.05,0.0129039,2,-0.279769,0.0122901,2.17459,118758
2.05,0.0129039,2,-0.279769,0.0122901,2.17759,120793
2.05,0.0129039,2,-0.279769,0.0122901,2.18059,122611
2.05,0.0129039,2,-0.279769,0.0122901,2.18359,126441
2.05,0.0129039,2,-0.279769,0.0122901,2.18659,119934
2.05,0.0129039,2,-0.279769,0.0122901,2.18959,122118
2.05,0.0129039,2,-0.279769,0.0122901,2.1926,120644
2.05,0.0129039,2,-0.279769,0.0122901,2.1956,124680
2.05,0.0129039,2,-0.279769,0.0122901,2.1986,121340
2.05,0.0129039,2,-0.279769,0.0122901,2.2016,126727
2.05,0.0129039,2,-0.279769,0.0122901,2.2046,122727
2.05,0.0129039,2,-0.279769,0.0122901,2.2076,125583
2.05,0.0129039,2,-0.279769,0.0122901,2.21061,127131
2.05,0.0129039,2,-0.279769,0.0122901,2.21361,127043
2.05,0.0129039,2,-0.279769,0.0122901,2.21661,132811
2.05,0.0129039,2,-0.279769,0.0122901,2.21961,128009
2.05,0.0129039,2,-0.279769,0.0122901,2.22261,131797
2.05,0.0129039,2,-0.279769,0.0122901,2.22561,131249
2.05,0.0129039,2,-0.279769,0.0122901,2.22861,129497
2.05,0.0129039,2,-0.279769,0.0122901,2.23162,132100
2.05,0.0129039,2,-0.279769,0.0122901,2.23462,130898
2.05,0.0129039,2,-0.279769,0.0122901,2.23762,131625
2.05,0.0129039,2,-0.279769,0.0122901,2.24062,129946
2.05,0.0129039,2,-0.279769,0.0122901,2.24362,138272
2.05,0.0129039,2,-0.279769,0.0122901,2.24662,142555
2.05,0.0129039,2,-0.279769,0.0122901,2.24962,140702
2.05,0.0129039,2,-0.279769,0.0122901,2.25263,150299
2.05,0.0129039,2,-0.279769,0.0122901,2.25563,153786
2.05,0.0129039,2,-0.279769,0.0122901,2.25863,138947
2.05,0.0129039,2,-0.279769,0.0122901,2.26163,139997
2.05,0.0129039,2,-0.279769,0.0122901,2.26463,140232
2.05,0.0129039,2,-0.279769,0.0122901,2.26763,142112
2.05,0.0129039,2,-0.279769,0.0122901,2.27064,148090
2.05,0.0129039,2,-0.279769,0.0122901,2.27364,140483
2.05,0.0129039,2,-0.279769,0.0122901,2.27664,145480
2.05,0.0129039,2,-0.279769,0.0122901,2.27964,141531
2.05,0.0129039,2,-0.279769,0.0122901,2.28264,161487
2.05,0.0129039,2,-0.279769,0.0122901,2.28564,164100
2.05,0.0129039,2,-0.279769,0.0122901,2.28864,161120
2.05,0.0129039,2,-0.279769,0.0122901,2.29165,145153
2.05,0.0129039,2,-0.279769,0.0122901,2.29465,152238
2.05,0.0129039,2,-0.279769,0.0122901,2.29765,160532
2.05,0.0129039,2,-0.279769,0.0122901,2.30065,155072
2.05,0.0129039,2,-0.279769,0.0122901,2.30365,171145
2.05,0.0129039,2,-0.279769,0.0122901,2.30665,164838
2.05,0.0129039,2,-0.279769,0.0122901,2.30965,165050
2.05,0.0129039,2,-0.279769,0.0122901,2.31266,147810
2.05,0.0129039,2,-0.279769,0.0122901,2.31566,159078
2.05,0.0129039,2,-0.279769,0.0122901,2.31866,165713
2.05,0.0129039,2,-0.279769,0.0122901,2.32166,169124
2.05,0.0129039,2,-0.279769,0.0122901,2.32466,158696
2.05,0.0129039,2,-0.279769,0.0122901,2.32766,169111
2.05,0.0129039,2,-0.279769,0.0122901,2.33067,152693
2.05,0.0129039,2,-0.279769,0.0122901,2.33367,154050
2.05,0.0129039,2,-0.279769,0.0122901,2.33667,164495
2.05,0.0129039,2,-0.279769,0.0122901,2.33967,173580
2.05,0.0129039,2,-0.279769,0.0122901,2.34267,176865
2.05,0.0129039,2,-0.279769,0.0122901,2.34567,173710
2.05,0.0129039,2,-0.279769,0.0122901,2.34867,176568
2.05,0.0129039,2,-0.279769,0.0122901,2.35168,170352
2.05,0.0129039,2,-0.279769,0.0122901,2.35468,167253
2.05,0.0129039,2,-0.279769,0.0122901,2.35768,167960
2.05,0.0129039,2,-0.279769,0.0122901,2.36068,168584
2.05,0.0129039,2,-0.279769,0.0122901,2.36368,166649
2.05,0.0129039,2,-0.279769,0.0122901,2.36668,163995
2.05,0.0129039,2,-0.279769,0.0122901,2.36968,180102
2.05,0.0129039,2,-0.279769,0.0122901,2.37269,174674
2.05,0.0129039,2,-0.279769,0.0122901,2.37569,176551
2.05,0.0129039,2,-0.279769,0.0122901,2.37869,174395
2.05,0.0129039,2,-0.279769,0.0122901,2.38169,187978
2.05,0.0129039,2,-0.279769,0.0122901,2.38469,168828
2.05,0.0129039,2,-0.279769,0.0122901,2.38769,185921
2.05,0.0129039,2,-0.279769,0.0122901,2.3907,171017
2.05,0.0129039,2,-0.279769,0.0122901,2.3937,179447
2.05,0.0129039,2,-0.279769,0.0122901,2.3967,176494
2.05,0.0129039,2,-0.279769,0.0122901,2.3997,187616
2.05,0.0129039,2,-0.279769,0.0122901,2.4027,197215
2.05,0.0129039,2,-0.279769,0.0122901,2.4057,177175
2.05,0.0129039,2,-0.279769,0.0122901,2.4087,189808
2.05,0.0129039,2,-0.279769,0.0122901,2.41171,178556
2.05,0.0129039,2,-0.279769,0.0122901,2.41471,193090
2.05,0.0129039,2,-0.279769,0.0122901,2.41771,185806
2.05,0.0129039,2,-0.279769,0.0122901,2.42071,184572
2.05,0.0129039,2,-0.279769,0.0122901,2.42371,179367
2.05,0.0129039,2,-0.279769,0.0122901,2.42671,198814
2.05,0.0129039,2,-0.279769,0.0122901,2.42971,194590
2.05,0.0129039,2,-0.279769,0.0122901,2.43272,197137
2.05,0.0129039,2,-0.279769,0.0122901,2.43572,183460
2.05,0.0129039,2,-0.279769,0.0122901,2.43872,192612
2.05,0.0129039,2,-0.279769,0.0122901,2.44172,202210
2.05,0.0129039,2,-0.279769,0.0122901,2.44472,199026
2.05,0.0129039,2,-0.279769,0.0122901,2.44772,188895
2.05,0.0129039,2,-0.279769,0.0122901,2.45073,191403
2.05,0.0129039,2,-0.279769,0.0122901,2.45373,204158
2.05,0.0129039,2,-0.279769,0.0122901,2.45673,201072
2.05,0.0129039,2,-0.279769,0.0122901,2.45973,195200
2.05,0.0129039,2,-0.279769,0.0122901,2.46273,203833
2.05,0.0129039,2,-0.279769,0.0122901,2.46573,199039
2.05,0.0129039,2,-0.279769,0.0122901,2.46873,192908
2.05,0.0129039,2,-0.279769,0.0122901,2.47174,203324
2.05,0.0129039,2,-0.279769,0.0122901,2.47474,206941
2.05,0.0129039,2,-0.279769,0.0122901,2.47774,203266
2.05,0.0129039,2,-0.279769,0.0122901,2.48074,212456
2.05,0.0129039,2,-0.279769,0.0122901,2.48374,212154
2.05,0.0129039,2,-0.279769,0.0122901,2.48674,202724
2.05,0.0129039,2,-0.279769,0.0122901,2.48974,220662
2.05,0.0129039,2,-0.279769,0.0122901,2.49275,200985
2.05,0.0129039,2,-0.279769,0.0122901,2.49575,206236
2.05,0.0129039,2,-0.279769,0.0122901,2.49875,209868
2.05,0.0129039,2,-0.279769,0.0122901,2.50175,219322
2.05,0.0129039,2,-0.279769,0.0122901,2.50475,210787
2.05,0.0129039,2,-0.279769,0.0122901,2.50775,208822
2.05,0.0129039,2,-0.279769,0.0122901,2.51076,212638
2.05,0.0129039,2,-0.279769,0.0122901,2.51376,219105
2.05,0.0129039,2,-0.279769,0.0122901,2.51676,219852
2.05,0.0129039,2,-0.279769,0.0122901,2.51976,236156
2.05,0.0129039,2,-0.279769,0.0122901,2.52276,211568
2.05,0.0129039,2,-0.279769,0.0122901,2.52576,222555
2.05,0.0129039,2,-0.279769,0.0122901,2.52876,224249
2.05,0.0129039,2,-0.279769,0.0122901,2.53177,215333
2.05,0.0129039,2,-0.279769,0.0122901,2.53477,235521
2.05,0.0129039,2,-0.279769,0.0122901,2.53777,238790
2.05,0.0129039,2,-0.279769,0.0122901,2.54077,218511
2.05,0.0129039,2,-0.279769,0.0122901,2.54377,243021
2.05,0.0129039,2,-0.279769,0.0122901,2.54677,228454
2.05,0.0129039,2,-0.279769,0.0122901,2.54977,229052
2.05,0.0129039,2,-0.279769,0.0122901,2.55278,223383
2.05,0.0129039,2,-0.279769,0.0122901,2.55578,247188
2.05,0.0129039,2,-0.279769,0.0122901,2.55878,227928
2.05,0.0129039,2,-0.279769,0.0122901,2.56178,241207
2.05,0.0129039,2,-0.279769,0.0122901,2.56478,231627
2.05,0.0129039,2,-0.279769,0.0122901,2.56778,229288
2.05,0.0129039,2,-0.279769,0.0122901,2.57079,232602
2.05,0.0129039,2,-0.279769,0.0122901,2.57379,241249
2.05,0.0129039,2,-0.279769,0.0122901,2.57679,241402
2.05,0.0129039,2,-0.279769,0.0122901,2.57979,246606
2.05,0.0129039,2,-0.279769,0.0122901,2.58279,241887
2.05,0.0129039,2,-0.279769,0.0122901,2.58579,249666
2.05,0.0129039,2,-0.279769,0.0122901,2.58879,239291
2.05,0.0129039,2,-0.279769,0.0122901,2.5918,252504
2.05,0.0129039,2,-0.279769,0.0122901,2.5948,243954
2.05,0.0129039,2,-0.279769,0.0122901,2.5978,256907
2.05,0.0129039,2,-0.279769,0.0122901,2.6008,257142
2.05,0.0129039,2,-0.279769,0.0122901,2.6038,251035
2.05,0.0129039,2,-0.279769,0.0122901,2.6068,272468
2.05,0.0129039,2,-0.279769,0.0122901,2.6098,267124
2.05,0.0129039,2,-0.279769,0.0122901,2.61281,267246
2.05,0.0129039,2,-0.279769,0.0122901,2.61581,315562
2.05,0.0129039,2,-0.279769,0.0122901,2.61881,266164
2.05,0.0129039,2,-0.279769,0.0122901,2.62181,273950
2.05,0.0129039,2,-0.279769,0.0122901,2.62481,254783
2.05,0.0129039,2,-0.279769,0.0122901,2.62781,276073
2.05,0.0129039,2,-0.279769,0.0122901,2.63082,280729
2.05,0.0129039,2,-0.279769,0.0122901,2.63382,275820
2.05,0.0129039,2,-0.279769,0.0122901,2.63682,261035
2.05,0.0129039,2,-0.279769,0.0122901,2.63982,262654
2.05,0.0129039,2,-0.279769,0.0122901,2.64282,264397
2.05,0.0129039,2,-0.279769,0.0122901,2.64582,285740
2.05,0.0129039,2,-0.279769,0.0122901,2.64882,263595
2.05,0.0129039,2,-0.279769,0.0122901,2.65183,283961
2.05,0.0129039,2,-0.279769,0.0122901,2.65483,297390
2.05,0.0129039,2,-0.279769,0.0122901,2.65783,279706
2.05,0.0129039,2,-0.279769,0.0122901,2.66083,276611
2.05,0.0129039,2,-0.279769,0.0122901,2.66383,273970
2.05,0.0129039,2,-0.279769,0.0122901,2.66683,292045
2.05,0.0129039,2,-0.279769,0.0122901,2.66983,295227
2.05,0.0129039,2,-0.279769,0.0122901,2.67284,281427
2.05,0.0129039,2,-0.279769,0.0122901,2.67584,289206
2.05,0.0129039,2,-0.279769,0.0122901,2.67884,300200
2.05,0.0129039,2,-0.279769,0.0122901,2.68184,294328
2.05,0.0129039,2,-0.279769,0.0122901,2.68484,288685
2.05,0.0129039,2,-0.279769,0.0122901,2.68784,299303
2.05,0.0129039,2,-0.279769,0.0122901,2.69085,290106
2.05,0.0129039,2,-0.279769,0.0122901,2.69385,296422
2.05,0.0129039,2,-0.279769,0.0122901,2.69685,289710
2.05,0.0129039,2,-0.279769,0.0122901,2.69985,302535
2.05,0.0129039,2,-0.279769,0.0122901,2.70285,306744
2.05,0.0129039,2,-0.279769,0.0122901,2.70585,300735
2.05,0.0129039,2,-0.279769,0.0122901,2.70885,309758
2.05,0.0129039,2,-0.279769,0.0122901,2.71186,309652
2.05,0.0129039,2,-0.279769,0.0122901,2.71486,321349
2.05,0.0129039,2,-0.279769,0.0122901,2.71786,325842
2.05,0.0129039,2,-0.279769,0.0122901,2.72086,303421
2.05,0.0129039,2,-0.279769,0.0122901,2.72386,323231
2.05,0.0129039,2,-0.279769,0.0122901,2.72686,316688
2.05,0.0129039,2,-0.279769,0.0122901,2.72986,326717
2.05,0.0129039,2,-0.279769,0.0122901,2.73287,308686
2.05,0.0129039,2,-0.279769,0.0122901,2.73587,308266
2.05,0.0129039,2,-0.279769,0.0122901,2.73887,317255
2.05,0.0129039,2,-0.279769,0.0122901,2.74187,313331
2.05,0.0129039,2,-0.279769,0.0122901,2.74487,321718
2.05,0.0129039,2,-0.279769,0.0122901,2.74787,317949
2.05,0.0129039,2,-0.279769,0.0122901,2.75088,346144
2.05,0.0129039,2,-0.279769,0.0122901,2.75388,333446
2.05,0.0129039,2,-0.279769,0.0122901,2.75688,346365
2.05,0.0129039,2,-0.279769,0.0122901,2.75988,326121
2.05,0.0129039,2,-0.279769,0.0122901,2.76288,330707
2.05,0.0129039,2,-0.279769,0.0122901,2.76588,339993
2.05,0.0129039,2,-0.279769,0.0122901,2.76888,340926
2.05,0.0129039,2,-0.279769,0.0122901,2.77189,337614
2.05,0.0129039,2,-0.279769,0.0122901,2.77489,353269
2.05,0.0129039,2,-0.279769,0.0122901,2.77789,362116
2.05,0.0129039,2,-0.279769,0.0122901,2.78089,346253
2.05,0.0129039,2,-0.279769,0.0122901,2.78389,390777
2.05,0.0129039,2,-0.279769,0.0122901,2.78689,351425
2.05,0.0129039,2,-0.279769,0.0122901,2.78989,357458
2.05,0.0129039,2,-0.279769,0.0122901,2.7929,365655
2.05,0.0129039,2,-0.279769,0.0122901,2.7959,353534
2.05,0.0129039,2,-0.279769,0.0122901,2.7989,348998
2.05,0.0129039,2,-0.279769,0.0122901,2.8019,368956
2.05,0.0129039,2,-0.279769,0.0122901,2.8049,358304
2.05,0.0129039,2,-0.279769,0.0122901,2.8079,352276
2.05,0.0129039,2,-0.279769,0.0122901,2.81091,387870
2.05,0.0129039,2,-0.279769,0.0122901,2.81391,389870
2.05,0.0129039,2,-0.279769,0.0122901,2.81691,358903
2.05,0.0129039,2,-0.279769,0.0122901,2.81991,388305
2.05,0.0129039,2,-0.279769,0.0122901,2.82291,365132
2.05,0.0129039,2,-0.279769,0.0122901,2.82591,365333
2.05,0.0129039,2,-0.279769,0.0122901,2.82891,400681
2.05,0.0129039,2,-0.279769,0.0122901,2.83192,382794
2.05,0.0129039,2,-0.279769,0.0122901,2.83492,385088
2.05,0.0129039,2,-0.279769,0.0122901,2.83792,386188
2.05,0.0129039,2,-0.279769,0.0122901,2.84092,391922
2.05,0.0129039,2,-0.279769,0.0122901,2.84392,416899
2.05,0.0129039,2,-0.279769,0.0122901,2.84692,417737
2.05,0.0129039,2,-0.279769,0.0122901,2.84992,383488
2.05,0.0129039,2,-0.279769,0.0122901,2.85293,389730
2.05,0.0129039,2,-0.279769,0.0122901,2.85593,385665
2.05,0.0129039,2,-0.279769,0.0122901,2.85893,390576
2.05,0.0129039,2,-0.279769,0.0122901,2.86193,411116
2.05,0.0129039,2,-0.279769,0.0122901,2.86493,401969
2.05,0.0129039,2,-0.279769,0.0122901,2.86793,406099
2.05,0.0129039,2,-0.279769,0.0122901,2.87094,413573
2.05,0.0129039,2,-0.279769,0.0122901,2.87394,404361
2.05,0.0129039,2,-0.279769,0.0122901,2.87694,404382
2.05,0.0129039,2,-0.279769,0.0122901,2.87994,418924
2.05,0.0129039,2,-0.279769,0.0122901,2.88294,410344
2.05,0.0129039,2,-0.279769,0.0122901,2.88594,445984
2.05,0.0129039,2,-0.279769,0.0122901,2.88894,412863
2.05,0.0129039,2,-0.279769,0.0122901,2.89195,418743
2.05,0.0129039,2,-0.279769,0.0122901,2.89495,441192
2.05,0.0129039,2,-0.279769,0.0122901,2.89795,435729
2.05,0.0129039,2,-0.279769,0.0122901,2.90095,432117
2.05,0.0129039,2,-0.279769,0.0122901,2.90395,452019
2.05,0.0129039,2,-0.279769,0.0122901,2.90695,433010
2.05,0.0129039,2,-0.279769,0.0122901,2.90995,427659
2.05,0.0129039,2,-0.279769,0.0122901,2.91296,456911
2.05,0.0129039,2,-0.279769,0.0122901,2.91596,438116
2.05,0.0129039,2,-0.279769,0.0122901,2.91896,445656
2.05,0.0129039,2,-0.279769,0.0122901,2.92196,447391
2.05,0.0129039,2,-0.279769,0.0122901,2.92496,452759
2.05,0.0129039,2,-0.279769,0.0122901,2.92796,473494
2.05,0.0129039,2,-0.279769,0.0122901,2.93097,449667
2.05,0.0129039,2,-0.279769,0.0122901,2.93397,464890
2.05,0.0129039,2,-0.279769,0.0122901,2.93697,453446
2.05,0.0129039,2,-0.279769,0.0122901,2.93997,475227
2.05,0.0129039,2,-0.279769,0.0122901,2.94297,458909
2.05,0.0129039,2,-0.279769,0.0122901,2.94597,469671
2.05,0.0129039,2,-0.279769,0.0122901,2.94897,498103
2.05,0.0129039,2,-0.279769,0.0122901,2.95198,492641
2.05,0.0129039,2,-0.279769,0.0122901,2.95498,469049
2.05,0.0129039,2,-0.279769,0.0122901,2.95798,526945
2.05,0.0129039,2,-0.279769,0.0122901,2.96098,489799
2.05,0.0129039,2,-0.279769,0.0122901,2.96398,481143
2.05,0.0129039,2,-0.279769,0.0122901,2.96698,492354
2.05,0.0129039,2,-0.279769,0.0122901,2.96998,499782
2.05,0.0129039,2,-0.279769,0.0122901,2.97299,483594
2.05,0.0129039,2,-0.279769,0.0122901,2.97599,506766
2.05,0.0129039,2,-0.279769,0.0122901,2.97899,528090
2.05,0.0129039,2,-0.279769,0.0122901,2.98199,534106
2.05,0.0129039,2,-0.279769,0.0122901,2.98499,533875
2.05,0.0129039,2,-0.279769,0.0122901,2.98799,515857
2.05,0.0129039,2,-0.279769,0.0122901,2.991,564369
2.05,0.0129039,2,-0.279769,0.0122901,2.994,561884
2.05,0.0129039,2,-0.279769,0.0122901,2.997,512140
2.05,0.0129039,2,-0.279769,0.0122901,3,508140

2.01,0.0149687,2,-0.491989,0.0153032,-3,31600.4
2.01,0.0149687,2,-0.491989,0.0153032,-2.997,36886.3
2.01,0.0149687,2,-0.491989,0.0153032,-2.994,34841.7
2.01,0.0149687,2,-0.491989,0.0153032,-2.991,36338
2.01,0.0149687,2,-0.491989,0.0153032,-2.98799,34296.4
2.01,0.0149687,2,-0.491989,0.0153032,-2.98499,37516.1
2.01,0.0149687,2,-0.491989,0.0153032,-2.98199,35489.7
2.01,0.0149687,2,-0.491989,0.0153032,-2.97899,34359.5
2.01,0.0149687,2,-0.491989,0.0153032,-2.97599,33566.3
2.01,0.0149687,2,-0.491989,0.0153032,-2.97299,33634.5
2.01,0.0149687,2,-0.491989,0.0153032,-2.96998,34259.8
2.01,0.0149687,2,-0.491989,0.0153032,-2.96698,33965.3
2.01,0.0149687,2,-0.491989,0.0153032,-2.96398,33661.3
2.01,0.0149687,2,-0.491989,0.0153032,-2.96098,33390.4
2.01,0.0149687,2,-0.491989,0.0153032,-2.95798,33127.6
2.01,0.0149687,2,-0.491989,0.0153032,-2.95498,33600
2.01,0.0149687,2,-0.491989,0.0153032,-2.95198,32348.4
2.01,0.0149687,2,-0.491989,0.0153032,-2.94897,31987.5
2.01,0.0149687,2,-0.491989,0.0153032,-2.94597,33077.6
2.01,0.0149687,2,-0.491989,0.0153032,-2.94297,33253.2
2.01,0.0149687,2,-0.491989,0.0153032,-2.93997,32456.2
2.01,0.0149687,2,-0.491989,0.0153032,-2.93697,32083.9
2.01,0.0149687,2,-0.491989,0.0153032,-2.93397,36986.5
2.01,0.0149687,2,-0.491989,0.0153032,-2.93097,36570.5
2.01,0.0149687,2,-0.491989,0.0153032,-2.92796,34242.3
2.01,0.0149687,2,-0.491989,0.0153032,-2.92496,33773.9
2.01,0.0149687,2,-0.491989,0.0153032,-2.92196,33380.1
2.01,0.0149687,2,-0.491989,0.0153032,-2.91896,30969.1
2.01,0.0149687,2,-0.491989,0.0153032,-2.91596,37813.7
2.01,0.0149687,2,-0.491989,0.0153032,-2.91296,35612.9
2.01,0.0149687,2,-0.491989,0.0153032,-2.90995,31427.8
2.01,0.0149687,2,-0.491989,0.0153032,-2.90695,33220.9
2.01,0.0149687,2,-0.491989,0.0153032,-2.90395,32955
2.01,0.0149687,2,-0.491989,0.0153032,-2.90095,34991.2
2.01,0.0149687,2,-0.491989,0.0153032,-2.89795,31811.6
2.01,0.0149687,2,-0.491989,0.0153032,-2.89495,32430.2
2.01,0.0149687,2,-0.491989,0.0153032,-2.89195,33351.2
2.01,0.0149687,2,-0.491989,0.0153032,-2.88894,33746
2.01,0.0149687,2,-0.491989,0.0153032,-2.88594,38180.5
2.01,0.0149687,2,-0.491989,0.0153032,-2.88294,31773.9
2.01,0.0149687,2,-0.491989,0.0153032,-2.87994,32894.1
2.01,0.0149687,2,-0.491989,0.0153032,-2.87694,31945.2
2.01,0.0149687,2,-0.491989,0.0153032,-2.87394,30800.3
2.01,0.0149687,2,-0.491989,0.0153032,-2.87094,32558.2
2.01,0.0149687,2,-0.491989,0.0153032,-2.86793,31910
2.01,0.0149687,2,-0.491989,0.0153032,-2.86493,31360.3
2.01,0.0149687,2,-0.491989,0.0153032,-2.86193,30493.3
2.01,0.0149687,2,-0.491989,0.0153032,-2.85893,31915.7
2.01,0.0149687,2,-0.491989,0.0153032,-2.85593,36250.1
2.01,0.0149687,2,-0.491989,0.0153032,-2.85293,30243
2.01,0.0149687,2,-0.491989,0.0153032,-2.84992,35651.1
2.01,0.0149687,2,-0.491989,0.0153032,-2.84692,30902.7
2.01,0.0149687,2,-0.491989,0.0153032,-2.84392,32551.6
2.01,0.0149687,2,-0.491989,0.0153032,-2.84092,31758.6
2.01,0.0149687,2,-0.491989,0.0153032,-2.83792,30919.8
2.01,0.0149687,2,-0.491989,0.0153032,-2.83492,29760.8
2.01,0.0149687,2,-0.491989,0.0153032,-2.83192,29988.3
2.01,0.0149687,2,-0.491989,0.0153032,-2.82891,30766.3
2.01,0.0149687,2,-0.491989,0.0153032,-2.82591,32192.8
2.01,0.0149687,2,-0.491989,0.0153032,-2.82291,36177.6
2.01,0.0149687,2,-0.491989,0.0153032,-2.81991,31493.2
2.01,0.0149687,2,-0.491989,0.0153032,-2.81691,33753
2.01,0.0149687,2,-0.491989,0.0153032,-2.81391,29365.4
2.01,0.0149687,2,-0.491989,0.0153032,-2.81091,31804.2
2.01,0.0149687,2,-0.491989,0.0153032,-2.8079,29344.3
2.01,0.0149687,2,-0.491989,0.0153032,-2.8049,30327.4
2.01,0.0149687,2,-0.491989,0.0153032,-2.8019,28953
2.01,0.0149687,2,-0.491989,0.0153032,-2.7989,28574
2.01,0.0149687,2,-0.491989,0.0153032,-2.7959,30698.5
2.01,0.0149687,2,-0.491989,0.0153032,-2.7929,28617.2
2.01,0.0149687,2,-0.491989,0.0153032,-2.78989,28269.7
2.01,0.0149687,2,-0.491989,0.0153032,-2.78689,28043.3
2.01,0.0149687,2,-0.491989,0.0153032,-2.78389,34294.8
2.01,0.0149687,2,-0.491989,0.0153032,-2.78089,33500.2
2.01,0.0149687,2,-0.491989,0.0153032,-2.77789,28854.8
2.01,0.0149687,2,-0.491989,0.0153032,-2.77489,33711.6
2.01,0.0149687,2,-0.491989,0.0153032,-2.77189,31829.4
2.01,0.0149687,2,-0.491989,0.0153032,-2.76888,27944
2.01,0.0149687,2,-0.491989,0.0153032,-2.76588,26742.9
2.01,0.0149687,2,-0.491989,0.0153032,-2.76288,26633.3
2.01,0.0149687,2,-0.491989,0.0153032,-2.75988,27710.4
2.01,0.0149687,2,-0.491989,0.0153032,-2.75688,29501.3
2.01,0.0149687,2,-0.491989,0.0153032,-2.75388,27664.5
2.01,0.0149687,2,-0.491989,0.0153032,-2.75088,26577.5
2.01,0.0149687,2,-0.491989,0.0153032,-2.74787,25614
2.01,0.0149687,2,-0.491989,0.0153032,-2.74487,-28461
2.01,0.0149687,2,-0.491989,0.0153032,-2.74187,-28880.7
2.01,0.0149687,2,-0.491989,0.0153032,-2.73887,-25978.9
2.01,0.0149687,2,-0.491989,0.0153032,-2.73587,-27249.8
2.01,0.0149687,2,-0.491989,0.0153032,-2.73287,-27922.1
2.01,0.0149687,2,-0.491989,0.0153032,-2.72986,-26461.8
2.01,0.0149687,2,-0.491989,0.0153032,-2.72686,-27375.1
2.01,0.0149687,2,-0.491989,0.0153032,-2.72386,-34274.1
2.01,0.0149687,2,-0.491989,0.0153032,-2.72086,-34963.9
2.01,0.0149687,2,-0.491989,0.0153032,-2.71786,-32072.9
2.01,0.0149687,2,-0.491989,0.0153032,-2.71486,-28440.4
2.01,0.0149687,2,-0.491989,0.0153032,-2.71186,-28208.2
2.01,0.0149687,2,-0.491989,0.0153032,-2.70885,-28385.9
2.01,0.0149687,2,-0.491989,0.0153032,-2.70585,-29365.6
2.01,0.0149687,2,-0.491989,0.0153032,-2.70285,-29607.7
2.01,0.0149687,2,-0.491989,0.0153032,-2.69985,-28458.9
2.01,0.0149687,2,-0.491989,0.0153032,-2.69685,-28604.7
2.01,0.0149687,2,-0.491989,0.0153032,-2.69385,-30703.4
2.01,0.0149687,2,-0.491989,0.0153032,-2.69085,-32419.6
2.01,0.0149687,2,-0.491989,0.0153032,-2.68784,-30752.7
2.01,0.0149687,2,-0.491989,0.0153032,-2.68484,-32616.9
2.01,0.0149687,2,-0.491989,0.0153032,-2.68184,-29331.4
2.01,0.0149687,2,-0.491989,0.0153032,-2.67884,-30901.8
2.01,0.0149687,2,-0.491989,0.0153032,-2.67584,-31854.7
2.01,0.0149687,2,-0.491989,0.0153032,-2.67284,-30386.6
2.01,0.0149687,2,-0.491989,0.0153032,-2.66983,-29981
2.01,0.0149687,2,-0.491989,0.0153032,-2.66683,-30676.9
2.01,0.0149687,2,-0.491989,0.0153032,-2.66383,-31264.9
2.01,0.0149687,2,-0.491989,0.0153032,-2.66083,-29859.1
2.01,0.0149687,2,-0.491989,0.0153032,-2.65783,-32969.6
2.01,0.0149687,2,-0.491989,0.0153032,-2.65483,-34758.5
2.01,0.0149687,2,-0.491989,0.0153032,-2.65183,-30625.6
2.01,0.0149687,2,-0.491989,0.0153032,-2.64882,-36972.1
2.01,0.0149687,2,-0.491989,0.0153032,-2.64582,-30119.8
2.01,0.0149687,2,-0.491989,0.0153032,-2.64282,-30536.2
2.01,0.0149687,2,-0.491989,0.0153032,-2.63982,-30016.4
2.01,0.0149687,2,-0.491989,0.0153032,-2.63682,-30095.7
2.01,0.0149687,2,-0.491989,0.0153032,-2.63382,-33380.9
2.01,0.0149687,2,-0.491989,0.0153032,-2.63082,-32182.5
2.01,0.0149687,2,-0.491989,0.0153032,-2.62781,-32926.7
2.01,0.0149687,2,-0.491989,0.0153032,-2.62481,-33198.1
2.01,0.0149687,2,-0.491989,0.0153032,-2.62181,-32500.8
2.01,0.0149687,2,-0.491989,0.0153032,-2.61881,-32883.8
2.01,0.0149687,2,-0.491989,0.0153032,-2.61581,-32957.7
2.01,0.0149687,2,-0.491989,0.0153032,-2.61281,-33392.9
2.01,0.0149687,2,-0.491989,0.0153032,-2.6098,-33765.4
2.01,0.0149687,2,-0.491989,0.0153032,-2.6068,-31491.1
2.01,0.0149687,2,-0.491989,0.0153032,-2.6038,-31982.7
2.01,0.0149687,2,-0.491989,0.0153032,-2.6008,-31052.4
2.01,0.0149687,2,-0.491989,0.0153032,-2.5978,-32697.9
2.01,0.0149687,2,-0.491989,0.0153032,-2.5948,-33108.8
2.01,0.0149687,2,-0.491989,0.0153032,-2.5918,-36076
2.01,0.0149687,2,-0.491989,0.0153032,-2.58879,-31953.9
2.01,0.0149687,2,-0.491989,0.0153032,-2.58579,-33052.2
2.01,0.0149687,2,-0.491989,0.0153032,-2.58279,-34199.6
2.01,0.0149687,2,-0.491989,0.0153032,-2.57979,-38791.2
2.01,0.0149687,2,-0.491989,0.0153032,-2.57679,-32891.5
2.01,0.0149687,2,-0.491989,0.0153032,-2.57379,-33610.1
2.01,0.0149687,2,-0.491989,0.0153032,-2.57079,-33062.1
2.01,0.0149687,2,-0.491989,0.0153032,-2.56778,-34908.2
2.01,0.0149687,2,-0.491989,0.0153032,-2.56478,-32556.9
2.01,0.0149687,2,-0.491989,0.0153032,-2.56178,-33322.4
2.01,0.0149687,2,-0.491989,0.0153032,-2.55878,-31558.8
2.01,0.0149687,2,-0.491989,0.0153032,-2.55578,-32157.2
2.01,0.0149687,2,-0.491989,0.0153032,-2.55278,-40250.1
2.01,0.0149687,2,-0.491989,0.0153032,-2.54977,-33302.1
2.01,0.0149687,2,-0.491989,0.0153032,-2.54677,-31804
2.01,0.0149687,2,-0.491989,0.0153032,-2.54377,-34057.5
2.01,0.0149687,2,-0.491989,0.0153032,-2.54077,-34360.3
2.01,0.0149687,2,-0.491989,0.0153032,-2.53777,-31889.7
2.01,0.0149687,2,-0.491989,0.0153032,-2.53477,-32121.7
2.01,0.0149687,2,-0.491989,0.0153032,-2.53177,-32755.9
2.01,0.0149687,2,-0.491989,0.0153032,-2.52876,-32743.6
2.01,0.0149687,2,-0.491989,0.0153032,-2.52576,-32307.5
2.01,0.0149687,2,-0.491989,0.0153032,-2.52276,-33570.9
2.01,0.0149687,2,-0.491989,0.0153032,-2.51976,-32503
2.01,0.0149687,2,-0.491989,0.0153032,-2.51676,-32744.6
2.01,0.0149687,2,-0.491989,0.0153032,-2.51376,-32435.8
2.01,0.0149687,2,-0.491989,0.0153032,-2.51076,-32211.6
2.01,0.0149687,2,-0.491989,0.0153032,-2.50775,-37452.5
2.01,0.0149687,2,-0.491989,0.0153032,-2.50475,-33980.1
2.01,0.0149687,2,-0.491989,0.0153032,-2.50175,-34756.7
2.01,0.0149687,2,-0.491989,0.0153032,-2.49875,-32015.3
2.01,0.0149687,2,-0.491989,0.0153032,-2.49575,-35339
2.01,0.0149687,2,-0.491989,0.0153032,-2.49275,-33832.2
2.01,0.0149687,2,-0.491989,0.0153032,-2.48974,-34244.5
2.01,0.0149687,2,-0.491989,0.0153032,-2.48674,-35513.3
2.01,0.0149687,2,-0.491989,0.0153032,-2.48374,-36690.2
2.01,0.0149687,2,-0.491989,0.0153032,-2.48074,-35466.6
2.01,0.0149687,2,-0.491989,0.0153032,-2.47774,-35936.4
2.01,0.0149687,2,-0.491989,0.0153032,-2.47474,-32039.5
2.01,0.0149687,2,-0.491989,0.0153032,-2.47174,-37988.2
2.01,0.0149687,2,-0.491989,0.0153032,-2.46873,-32979.2
2.01,0.0149687,2,-0.491989,0.0153032,-2.46573,-33320.1
2.01,0.0149687,2,-0.491989,0.0153032,-2.46273,-35259.3
2.01,0.0149687,2,-0.491989,0.0153032,-2.45973,-35639.7
2.01,0.0149687,2,-0.491989,0.0153032,-2.45673,-33772.3
2.01,0.0149687,2,-0.491989,0.0153032,-2.45373,-32773.2
2.01,0.0149687,2,-0.491989,0.0153032,-2.45073,-40606.7
2.01,0.0149687,2,-0.491989,0.0153032,-2.44772,-32619.6
2.01,0.0149687,2,-0.491989,0.0153032,-2.44472,-33099.5
2.01,0.0149687,2,-0.491989,0.0153032,-2.44172,-33689.8
2.01,0.0149687,2,-0.491989,0.0153032,-2.43872,-35431.2
2.01,0.0149687,2,-0.491989,0.0153032,-2.43572,-32356
2.01,0.0149687,2,-0.491989,0.0153032,-2.43272,-38076
2.01,0.0149687,2,-0.491989,0.0153032,-2.42971,-32633
2.01,0.0149687,2,-0.491989,0.0153032,-2.42671,-34340.5
2.01,0.0149687,2,-0.491989,0.0153032,-2.42371,-34449.3
2.01,0.0149687,2,-0.491989,0.0153032,-2.42071,-35089
2.01,0.0149687,2,-0.491989,0.0153032,-2.41771,-35245
2.01,0.0149687,2,-0.491989,0.0153032,-2.41471,-32529.1
2.01,0.0149687,2,-0.491989,0.0153032,-2.41171,-33846.2
2.01,0.0149687,2,-0.491989,0.0153032,-2.4087,-32459.1
2.01,0.0149687,2,-0.491989,0.0153032,-2.4057,-40166.9
2.01,0.0149687,2,-0.491989,0.0153032,-2.4027,-38183.2
2.01,0.0149687,2,-0.491989,0.0153032,-2.3997,-38381.1
2.01,0.0149687,2,-0.491989,0.0153032,-2.3967,-33364.3
2.01,0.0149687,2,-0.491989,0.0153032,-2.3937,-34947
2.01,0.0149687,2,-0.491989,0.0153032,-2.3907,-41203.9
2.01,0.0149687,2,-0.491989,0.0153032,-2.38769,-33596.3
2.01,0.0149687,2,-0.491989,0.0153032,-2.38469,-32808.3
2.01,0.0149687,2,-0.491989,0.0153032,-2.38169,-33896.3
2.01,0.0149687,2,-0.491989,0.0153032,-2.37869,-34301.4
2.01,0.0149687,2,-0.491989,0.0153032,-2.37569,-34182.2
2.01,0.0149687,2,-0.491989,0.0153032,-2.37269,-34353.9
2.01,0.0149687,2,-0.491989,0.0153032,-2.36968,-40072.9
2.01,0.0149687,2,-0.491989,0.0153032,-2.36668,-34897.7
2.01,0.0149687,2,-0.491989,0.0153032,-2.36368,-33179.8
2.01,0.0149687,2,-0.491989,0.0153032,-2.36068,-34997.2
2.01,0.0149687,2,-0.491989,0.0153032,-2.35768,-35173.6
2.01,0.0149687,2,-0.491989,0.0153032,-2.35468,-33179.5
2.01,0.0149687,2,-0.491989,0.0153032,-2.35168,-35185.4
2.01,0.0149687,2,-0.491989,0.0153032,-2.34867,-35639.1
2.01,0.0149687,2,-0.491989,0.0153032,-2.34567,-33002.5
2.01,0.0149687,2,-0.491989,0.0153032,-2.34267,-32612.7
2.01,0.0149687,2,-0.491989,0.0153032,-2.33967,-41565.4
2.01,0.0149687,2,-0.491989,0.0153032,-2.33667,-35973.3
2.01,0.0149687,2,-0.491989,0.0153032,-2.33367,-33042.4
2.01,0.0149687,2,-0.491989,0.0153032,-2.33067,-32598.9
2.01,0.0149687,2,-0.491989,0.0153032,-2.32766,-34440.4
2.01,0.0149687,2,-0.491989,0.0153032,-2.32466,-33709.4
2.01,0.0149687,2,-0.491989,0.0153032,-2.32166,-32676.6
2.01,0.0149687,2,-0.491989,0.0153032,-2.31866,-34645.3
2.01,0.0149687,2,-0.491989,0.0153032,-2.31566,-36169.2
2.01,0.0149687,2,-0.491989,0.0153032,-2.31266,-34732.4
2.01,0.0149687,2,-0.491989,0.0153032,-2.30965,-33874.2
2.01,0.0149687,2,-0.491989,0.0153032,-2.30665,-35359.7
2.01,0.0149687,2,-0.491989,0.0153032,-2.30365,-36847.2
2.01,0.0149687,2,-0.491989,0.0153032,-2.30065,-32922.6
2.01,0.0149687,2,-0.491989,0.0153032,-2.29765,-33014.5
2.01,0.0149687,2,-0.491989,0.0153032,-2.29465,-33525.7
2.01,0.0149687,2,-0.491989,0.0153032,-2.29165,-33287.5
2.01,0.0149687,2,-0.491989,0.0153032,-2.28864,-33327.7
2.01,0.0149687,2,-0.491989,0.0153032,-2.28564,-33630.8
2.01,0.0149687,2,-0.491989,0.0153032,-2.28264,-33578.4
2.01,0.0149687,2,-0.491989,0.0153032,-2.27964,-35007
2.01,0.0149687,2,-0.491989,0.0153032,-2.27664,-33527
2.01,0.0149687,2,-0.491989,0.0153032,-2.27364,-33515.1
2.01,0.0149687,2,-0.491989,0.0153032,-2.27064,-35836.2
2.01,0.0149687,2,-0.491989,0.0153032,-2.26763,-34111.8
2.01,0.0149687,2,-0.491989,0.0153032,-2.26463,-33198.6
2.01,0.0149687,2,-0.491989,0.0153032,-2.26163,-33560.2
2.01,0.0149687,2,-0.491989,0.0153032,-2.25863,-34267.8
2.01,0.0149687,2,-0.491989,0.0153032,-2.25563,-33576.2
2.01,0.0149687,2,-0.491989,0.0153032,-2.25263,-36009.2
2.01,0.0149687,2,-0.491989,0.0153032,-2.24962,-34918.6
2.01,0.0149687,2,-0.491989,0.0153032,-2.24662,-35464.4
2.01,0.0149687,2,-0.491989,0.0153032,-2.24362,-33950
2.01,0.0149687,2,-0.491989,0.0153032,-2.24062,-32851.9
2.01,0.0149687,2,-0.491989,0.0153032,-2.23762,-32808.4
2.01,0.0149687,2,-0.491989,0.0153032,-2.23462,-33008.8
2.01,0.0149687,2,-0.491989,0.0153032,-2.23162,-36619.6
2.01,0.0149687,2,-0.491989,0.0153032,-2.22861,-34405
2.01,0.0149687,2,-0.491989,0.0153032,-2.22561,-36283.3
2.01,0.0149687,2,-0.491989,0.0153032,-2.22261,-32944
2.01,0.0149687,2,-0.491989,0.0153032,-2.21961,-36143.6
2.01,0.0149687,2,-0.491989,0.0153032,-2.21661,-34106
2.01,0.0149687,2,-0.491989,0.0153032,-2.21361,-35574.1
2.01,0.0149687,2,-0.491989,0.0153032,-2.21061,-33897.4
2.01,0.0149687,2,-0.491989,0.0153032,-2.2076,-34571.2
2.01,0.0149687,2,-0.491989,0.0153032,-2.2046,-41207.8
2.01,0.0149687,2,-0.491989,0.0153032,-2.2016,-39174
2.01,0.0149687,2,-0.491989,0.0153032,-2.1986,-33850.1
2.01,0.0149687,2,-0.491989,0.0153032,-2.1956,-38929.6
2.01,0.0149687,2,-0.491989,0.0153032,-2.1926,-33627.3
2.01,0.0149687,2,-0.491989,0.0153032,-2.18959,-34702.1
2.01,0.0149687,2,-0.491989,0.0153032,-2.18659,-34460.6
2.01,0.0149687,2,-0.491989,0.0153032,-2.18359,-33819.3
2.01,0.0149687,2,-0.491989,0.0153032,-2.18059,-34301
2.01,0.0149687,2,-0.491989,0.0153032,-2.17759,-39692.5
2.01,0.0149687,2,-0.491989,0.0153032,-2.17459,-32449.6
2.01,0.0149687,2,-0.491989,0.0153032,-2.17159,-35934.9
2.01,0.0149687,2,-0.491989,0.0153032,-2.16858,-32733.3
2.01,0.0149687,2,-0.491989,0.0153032,-2.16558,-33466.3
2.01,0.0149687,2,-0.491989,0.0153032,-2.16258,-35515.3
2.01,0.0149687,2,-0.491989,0.0153032,-2.15958,-38629.8
2.01,0.0149687,2,-0.491989,0.0153032,-2.15658,-33333.3
2.01,0.0149687,2,-0.491989,0.0153032,-2.15358,-34356.8
2.01,0.0149687,2,-0.491989,0.0153032,-2.15058,-32752.9
2.01,0.0149687,2,-0.491989,0.0153032,-2.14757,-33966.4
2.01,0.0149687,2,-0.491989,0.0153032,-2.14457,-37394.5
2.01,0.0149687,2,-0.491989,0.0153032,-2.14157,-37212.3
2.01,0.0149687,2,-0.491989,0.0153032,-2.13857,-35004.7
2.01,0.0149687,2,-0.491989,0.0153032,-2.13557,-34490.5
2.01,0.0149687,2,-0.491989,0.0153032,-2.13257,-34573.7
2.01,0.0149687,2,-0.491989,0.0153032,-2.12956,-32750.9
2.01,0.0149687,2,-0.491989,0.0153032,-2.12656,-33787.1
2.01,0.0149687,2,-0.491989,0.0153032,-2.12356,-33686
2.01,0.0149687,2,-0.491989,0.0153032,-2.12056,-33761.9
2.01,0.0149687,2,-0.491989,0.0153032,-2.11756,-32941.3
2.01,0.0149687,2,-0.491989,0.0153032,-2.11456,-38714.1
2.01,0.0149687,2,-0.491989,0.0153032,-2.11156,-33061.7
2.01,0.0149687,2,-0.491989,0.0153032,-2.10855,-34243.4
2.01,0.0149687,2,-0.491989,0.0153032,-2.10555,-32610.7
2.01,0.0149687,2,-0.491989,0.0153032,-2.10255,-33533.6
2.01,0.0149687,2,-0.491989,0.0153032,-2.09955,-33063.6
2.01,0.0149687,2,-0.491989,0.0153032,-2.09655,-36580.1
2.01,0.0149687,2,-0.491989,0.0153032,-2.09355,-32464.7
2.01,0.0149687,2,-0.491989,0.0153032,-2.09055,-33879.6
2.01,0.0149687,2,-0.491989,0.0153032,-2.08754,-33691.5
2.01,0.0149687,2,-0.491989,0.0153032,-2.08454,-33190.5
2.01,0.0149687,2,-0.491989,0.0153032,-2.08154,-40370.3
2.01,0.0149687,2,-0.491989,0.0153032,-2.07854,-33864.4
2.01,0.0149687,2,-0.491989,0.0153032,-2.07554,-32459.3
2.01,0.0149687,2,-0.491989,0.0153032,-2.07254,-32178.5
2.01,0.0149687,2,-0.491989,0.0153032,-2.06953,-31552.6
2.01,0.0149687,2,-0.491989,0.0153032,-2.06653,-31666.2
2.01,0.0149687,2,-0.491989,0.0153032,-2.06353,-33902.6
2.01,0.0149687,2,-0.491989,0.0153032,-2.06053,-32235.1
2.01,0.0149687,2,-0.491989,0.0153032,-2.05753,-38498.9
2.01,0.0149687,2,-0.491989,0.0153032,-2.05453,-32873
2.01,0.0149687,2,-0.491989,0.0153032,-2.05153,-32007.1
2.01,0.0149687,2,-0.491989,0.0153032,-2.04852,-31549.9
2.01,0.0149687,2,-0.491989,0.0153032,-2.04552,-31261.8
2.01,0.0149687,2,-0.491989,0.0153032,-2.04252,-35837.5
2.01,0.0149687,2,-0.491989,0.0153032,-2.03952,-31434.4
2.01,0.0149687,2,-0.491989,0.0153032,-2.03652,-31225.7
2.01,0.0149687,2,-0.491989,0.0153032,-2.03352,-37805.7
2.01,0.0149687,2,-0.491989,0.0153032,-2.03052,-31474.3
2.01,0.0149687,2,-0.491989,0.0153032,-2.02751,-31393.2
2.01,0.0149687,2,-0.491989,0.0153032,-2.02451,-37732.8
2.01,0.0149687,2,-0.491989,0.0153032,-2.02151,-37007.4
2.01,0.0149687,2,-0.491989,0.0153032,-2.01851,-33154.3
2.01,0.0149687,2,-0.491989,0.0153032,-2.01551,-33223.6
2.01,0.0149687,2,-0.491989,0.0153032,-2.01251,-34833.5
2.01,0.0149687,2,-0.491989,0.0153032,-2.0095,-34079.4
2.01,0.0149687,2,-0.491989,0.0153032,-2.0065,-33312.8
2.01,0.0149687,2,-0.491989,0.0153032,-2.0035,-32597.1
2.01,0.0149687,2,-0.491989,0.0153032,-2.0005,-32254.4
2.01,0.0149687,2,-0.491989,0.0153032,-1.9975,-32025.8
2.01,0.0149687,2,-0.491989,0.0153032,-1.9945,-32715.5
2.01,0.0149687,2,-0.491989,0.0153032,-1.9915,-34837.6
2.01,0.0149687,2,-0.491989,0.0153032,-1.98849,-32370.3
2.01,0.0149687,2,-0.491989,0.0153032,-1.98549,-33058.3
2.01,0.0149687,2,-0.491989,0.0153032,-1.98249,-37793
2.01,0.0149687,2,-0.491989,0.0153032,-1.97949,-31161.1
2.01,0.0149687,2,-0.491989,0.0153032,-1.97649,-33253.3
2.01,0.0149687,2,-0.491989,0.0153032,-1.97349,-31182.2
2.01,0.0149687,2,-0.491989,0.0153032,-1.97049,-37690.8
2.01,0.0149687,2,-0.491989,0.0153032,-1.96748,-37882.8
2.01,0.0149687,2,-0.491989,0.0153032,-1.96448,-30620.8
2.01,0.0149687,2,-0.491989,0.0153032,-1.96148,-30586.8
2.01,0.0149687,2,-0.491989,0.0153032,-1.95848,-30992.2
2.01,0.0149687,2,-0.491989,0.0153032,-1.95548,-30099.6
2.01,0.0149687,2,-0.491989,0.0153032,-1.95248,-29354.6
2.01,0.0149687,2,-0.491989,0.0153032,-1.94947,-31916.9
2.01,0.0149687,2,-0.491989,0.0153032,-1.94647,-33010.5
2.01,0.0149687,2,-0.491989,0.0153032,-1.94347,-29676
2.01,0.0149687,2,-0.491989,0.0153032,-1.94047,-29592.5
2.01,0.0149687,2,-0.491989,0.0153032,-1.93747,-30277.1
2.01,0.0149687,2,-0.491989,0.0153032,-1.93447,-31848.5
2.01,0.0149687,2,-0.491989,0.0153032,-1.93147,-28825.9
2.01,0.0149687,2,-0.491989,0.0153032,-1.92846,-32029.4
2.01,0.0149687,2,-0.491989,0.0153032,-1.92546,-30160.1
2.01,0.0149687,2,-0.491989,0.0153032,-1.92246,-30019.1
2.01,0.0149687,2,-0.491989,0.0153032,-1.91946,-29096.1
2.01,0.0149687,2,-0.491989,0.0153032,-1.91646,-31863.2
2.01,0.0149687,2,-0.491989,0.0153032,-1.91346,-30050.8
2.01,0.0149687,2,-0.491989,0.0153032,-1.91046,-27499.3
2.01,0.0149687,2,-0.491989,0.0153032,-1.90745,-30537.6
2.01,0.0149687,2,-0.491989,0.0153032,-1.90445,-27712.8
2.01,0.0149687,2,-0.491989,0.0153032,-1.90145,-31418.3
2.01,0.0149687,2,-0.491989,0.0153032,-1.89845,-30816.7
2.01,0.0149687,2,-0.491989,0.0153032,-1.89545,-25970.8
2.01,0.0149687,2,-0.491989,0.0153032,-1.89245,-26241.1
2.01,0.0149687,2,-0.491989,0.0153032,-1.88944,-22591.9
2.01,0.0149687,2,-0.491989,0.0153032,-1.88644,25887.5
2.01,0.0149687,2,-0.491989,0.0153032,-1.88344,25455.6
2.01,0.0149687,2,-0.491989,0.0153032,-1.88044,26501.7
2.01,0.0149687,2,-0.491989,0.0153032,-1.87744,29709.6
2.01,0.0149687,2,-0.491989,0.0153032,-1.87444,30230.5
2.01,0.0149687,2,-0.491989,0.0153032,-1.87144,28334.6
2.01,0.0149687,2,-0.491989,0.0153032,-1.86843,27574.8
2.01,0.0149687,2,-0.491989,0.0153032,-1.86543,29667
2.01,0.0149687,2,-0.491989,0.0153032,-1.86243,28111.4
2.01,0.0149687,2,-0.491989,0.0153032,-1.85943,28603.3
2.01,0.0149687,2,-0.491989,0.0153032,-1.85643,29257.3
2.01,0.0149687,2,-0.491989,0.0153032,-1.85343,30671.5
2.01,0.0149687,2,-0.491989,0.0153032,-1.85043,33418.4
2.01,0.0149687,2,-0.491989,0.0153032,-1.84742,30719.4
2.01,0.0149687,2,-0.491989,0.0153032,-1.84442,30034.9
2.01,0.0149687,2,-0.491989,0.0153032,-1.84142,29647.8
2.01,0.0149687,2,-0.491989,0.0153032,-1.83842,31416.7
2.01,0.0149687,2,-0.491989,0.0153032,-1.83542,33132.4
2.01,0.0149687,2,-0.491989,0.0153032,-1.83242,32301.8
2.01,0.0149687,2,-0.491989,0.0153032,-1.82941,30007.2
2.01,0.0149687,2,-0.491989,0.0153032,-1.82641,29766.6
2.01,0.0149687,2,-0.491989,0.0153032,-1.82341,31324.3
2.01,0.0149687,2,-0.491989,0.0153032,-1.82041,30772.7
2.01,0.0149687,2,-0.491989,0.0153032,-1.81741,37674.4
2.01,0.0149687,2,-0.491989,0.0153032,-1.81441,33002.2
2.01,0.0149687,2,-0.491989,0.0153032,-1.81141,34448.9
2.01,0.0149687,2,-0.491989,0.0153032,-1.8084,35954.6
2.01,0.0149687,2,-0.491989,0.0153032,-1.8054,33205.4
2.01,0.0149687,2,-0.491989,0.0153032,-1.8024,30307.4
2.01,0.0149687,2,-0.491989,0.0153032,-1.7994,31253.1
2.01,0.0149687,2,-0.491989,0.0153032,-1.7964,31616.6
2.01,0.0149687,2,-0.491989,0.0153032,-1.7934,30934.4
2.01,0.0149687,2,-0.491989,0.0153032,-1.7904,30568.1
2.01,0.0149687,2,-0.491989,0.0153032,-1.78739,32578.5
2.01,0.0149687,2,-0.491989,0.0153032,-1.78439,31708.2
2.01,0.0149687,2,-0.491989,0.0153032,-1.78139,38041.2
2.01,0.0149687,2,-0.491989,0.0153032,-1.77839,35354.2
2.01,0.0149687,2,-0.491989,0.0153032,-1.77539,36170.6
2.01,0.0149687,2,-0.491989,0.0153032,-1.77239,37288
2.01,0.0149687,2,-0.491989,0.0153032,-1.76938,31069
2.01,0.0149687,2,-0.491989,0.0153032,-1.76638,31872.3
2.01,0.0149687,2,-0.491989,0.0153032,-1.76338,33901.3
2.01,0.0149687,2,-0.491989,0.0153032,-1.76038,31710.8
2.01,0.0149687,2,-0.491989,0.0153032,-1.75738,32233.6
2.01,0.0149687,2,-0.491989,0.0153032,-1.75438,32068.5
2.01,0.0149687,2,-0.491989,0.0153032,-1.75138,31385
2.01,0.0149687,2,-0.491989,0.0153032,-1.74837,33332.3
2.01,0.0149687,2,-0.491989,0.0153032,-1.74537,33351.7
2.01,0.0149687,2,-0.491989,0.0153032,-1.74237,37653.8
2.01,0.0149687,2,-0.491989,0.0153032,-1.73937,34162.5
2.01,0.0149687,2,-0.491989,0.0153032,-1.73637,31688.3
2.01,0.0149687,2,-0.491989,0.0153032,-1.73337,34743.5
2.01,0.0149687,2,-0.491989,0.0153032,-1.73037,35102.5
2.01,0.0149687,2,-0.491989,0.0153032,-1.72736,39109.8
2.01,0.0149687,2,-0.491989,0.0153032,-1.72436,33933.9
2.01,0.0149687,2,-0.491989,0.0153032,-1.72136,32309
2.01,0.0149687,2,-0.491989,0.0153032,-1.71836,33645.7
2.01,0.0149687,2,-0.491989,0.0153032,-1.71536,31898.7
2.01,0.0149687,2,-0.491989,0.0153032,-1.71236,34190.7
2.01,0.0149687,2,-0.491989,0.0153032,-1.70935,32370.8
2.01,0.0149687,2,-0.491989,0.0153032,-1.70635,32841.9
2.01,0.0149687,2,-0.491989,0.0153032,-1.70335,33788.9
2.01,0.0149687,2,-0.491989,0.0153032,-1.70035,34336.7
2.01,0.0149687,2,-0.491989,0.0153032,-1.69735,34259.6
2.01,0.0149687,2,-0.491989,0.0153032,-1.69435,33759.9
2.01,0.0149687,2,-0.491989,0.0153032,-1.69135,32645.5
2.01,0.0149687,2,-0.491989,0.0153032,-1.68834,32961.4
2.01,0.0149687,2,-0.491989,0.0153032,-1.68534,32382.9
2.01,0.0149687,2,-0.491989,0.0153032,-1.68234,33809
2.01,0.0149687,2,-0.491989,0.0153032,-1.67934,34216.8
2.01,0.0149687,2,-0.491989,0.0153032,-1.67634,34630.3
2.01,0.0149687,2,-0.491989,0.0153032,-1.67334,34773.2
2.01,0.0149687,2,-0.491989,0.0153032,-1.67034,33024.7
2.01,0.0149687,2,-0.491989,0.0153032,-1.66733,32845.7
2.01,0.0149687,2,-0.491989,0.0153032,-1.66433,32713.2
2.01,0.0149687,2,-0.491989,0.0153032,-1.66133,35586.9
2.01,0.0149687,2,-0.491989,0.0153032,-1.65833,33496
2.01,0.0149687,2,-0.491989,0.0153032,-1.65533,35486.2
2.01,0.0149687,2,-0.491989,0.0153032,-1.65233,32341.2
2.01,0.0149687,2,-0.491989,0.0153032,-1.64932,32680.9
2.01,0.0149687,2,-0.491989,0.0153032,-1.64632,34693.5
2.01,0.0149687,2,-0.491989,0.0153032,-1.64332,33300.3
2.01,0.0149687,2,-0.491989,0.0153032,-1.64032,39647.3
2.01,0.0149687,2,-0.491989,0.0153032,-1.63732,32406
2.01,0.0149687,2,-0.491989,0.0153032,-1.63432,34226
2.01,0.0149687,2,-0.491989,0.0153032,-1.63132,34518.6
2.01,0.0149687,2,-0.491989,0.0153032,-1.62831,32640.6
2.01,0.0149687,2,-0.491989,0.0153032,-1.62531,33593.8
2.01,0.0149687,2,-0.491989,0.0153032,-1.62231,34432.9
2.01,0.0149687,2,-0.491989,0.0153032,-1.61931,33602.3
2.01,0.0149687,2,-0.491989,0.0153032,-1.61631,34504.5
2.01,0.0149687,2,-0.491989,0.0153032,-1.61331,34049.2
2.01,0.0149687,2,-0.491989,0.0153032,-1.61031,34146.6
2.01,0.0149687,2,-0.491989,0.0153032,-1.6073,32985.7
2.01,0.0149687,2,-0.491989,0.0153032,-1.6043,35289.3
2.01,0.0149687,2,-0.491989,0.0153032,-1.6013,35047.6
2.01,0.0149687,2,-0.491989,0.0153032,-1.5983,35201.1
2.01,0.0149687,2,-0.491989,0.0153032,-1.5953,35303.6
2.01,0.0149687,2,-0.491989,0.0153032,-1.5923,33501.4
2.01,0.0149687,2,-0.491989,0.0153032,-1.58929,32599.7
2.01,0.0149687,2,-0.491989,0.0153032,-1.58629,34399.2
2.01,0.0149687,2,-0.491989,0.0153032,-1.58329,32953.5
2.01,0.0149687,2,-0.491989,0.0153032,-1.58029,35277.6
2.01,0.0149687,2,-0.491989,0.0153032,-1.57729,33379.6
2.01,0.0149687,2,-0.491989,0.0153032,-1.57429,33069.5
2.01,0.0149687,2,-0.491989,0.0153032,-1.57129,35292
2.01,0.0149687,2,-0.491989,0.0153032,-1.56828,33768.4
2.01,0.0149687,2,-0.491989,0.0153032,-1.56528,34240
2.01,0.0149687,2,-0.491989,0.0153032,-1.56228,34062.1
2.01,0.0149687,2,-0.491989,0.0153032,-1.55928,34200.2
2.01,0.0149687,2,-0.491989,0.0153032,-1.55628,34412.1
2.01,0.0149687,2,-0.491989,0.0153032,-1.55328,34460.1
2.01,0.0149687,2,-0.491989,0.0153032,-1.55028,34615.2
2.01,0.0149687,2,-0.491989,0.0153032,-1.54727,34747.8
2.01,0.0149687,2,-0.491989,0.0153032,-1.54427,40583.1
2.01,0.0149687,2,-0.491989,0.0153032,-1.54127,34916.1
2.01,0.0149687,2,-0.491989,0.0153032,-1.53827,35023.7
2.01,0.0149687,2,-0.491989,0.0153032,-1.53527,35108.8
2.01,0.0149687,2,-0.491989,0.0153032,-1.53227,35715.8
2.01,0.0149687,2,-0.491989,0.0153032,-1.52926,41096.5
2.01,0.0149687,2,-0.491989,0.0153032,-1.52626,34330.4
2.01,0.0149687,2,-0.491989,0.0153032,-1.52326,33410.3
2.01,0.0149687,2,-0.491989,0.0153032,-1.52026,34408.2
2.01,0.0149687,2,-0.491989,0.0153032,-1.51726,32839
2.01,0.0149687,2,-0.491989,0.0153032,-1.51426,32900.1
2.01,0.0149687,2,-0.491989,0.0153032,-1.51126,32942
2.01,0.0149687,2,-0.491989,0.0153032,-1.50825,34165.4
2.01,0.0149687,2,-0.491989,0.0153032,-1.50525,32938.8
2.01,0.0149687,2,-0.491989,0.0153032,-1.50225,41704.5
2.01,0.0149687,2,-0.491989,0.0153032,-1.49925,34768.4
2.01,0.0149687,2,-0.491989,0.0153032,-1.49625,34765.8
2.01,0.0149687,2,-0.491989,0.0153032,-1.49325,33087.6
2.01,0.0149687,2,-0.491989,0.0153032,-1.49025,33530.9
2.01,0.0149687,2,-0.491989,0.0153032,-1.48724,33009.9
2.01,0.0149687,2,-0.491989,0.0153032,-1.48424,33845.2
2.01,0.0149687,2,-0.491989,0.0153032,-1.48124,33026.5
2.01,0.0149687,2,-0.491989,0.0153032,-1.47824,33599.3
2.01,0.0149687,2,-0.491989,0.0153032,-1.47524,33067.3
2.01,0.0149687,2,-0.491989,0.0153032,-1.47224,41799.1
2.01,0.0149687,2,-0.491989,0.0153032,-1.46923,34595.6
2.01,0.0149687,2,-0.491989,0.0153032,-1.46623,32928.1
2.01,0.0149687,2,-0.491989,0.0153032,-1.46323,32963
2.01,0.0149687,2,-0.491989,0.0153032,-1.46023,32924.1
2.01,0.0149687,2,-0.491989,0.0153032,-1.45723,35678.6
2.01,0.0149687,2,-0.491989,0.0153032,-1.45423,41358.8
2.01,0.0149687,2,-0.491989,0.0153032,-1.45123,34941.3
2.01,0.0149687,2,-0.491989,0.0153032,-1.44822,35804.1
2.01,0.0149687,2,-0.491989,0.0153032,-1.44522,35293.8
2.01,0.0149687,2,-0.491989,0.0153032,-1.44222,33020.8
2.01,0.0149687,2,-0.491989,0.0153032,-1.43922,35058
2.01,0.0149687,2,-0.491989,0.0153032,-1.43622,34953.5
2.01,0.0149687,2,-0.491989,0.0153032,-1.43322,34881
2.01,0.0149687,2,-0.491989,0.0153032,-1.43022,35376.8
2.01,0.0149687,2,-0.491989,0.0153032,-1.42721,33079.3
2.01,0.0149687,2,-0.491989,0.0153032,-1.42421,33460.8
2.01,0.0149687,2,-0.491989,0.0153032,-1.42121,34492.9
2.01,0.0149687,2,-0.491989,0.0153032,-1.41821,34602.6
2.01,0.0149687,2,-0.491989,0.0153032,-1.41521,34629.5
2.01,0.0149687,2,-0.491989,0.0153032,-1.41221,41828.9
2.01,0.0149687,2,-0.491989,0.0153032,-1.4092,33722.5
2.01,0.0149687,2,-0.491989,0.0153032,-1.4062,33683.3
2.01,0.0149687,2,-0.491989,0.0153032,-1.4032,33447.1
2.01,0.0149687,2,-0.491989,0.0153032,-1.4002,33245.9
2.01,0.0149687,2,-0.491989,0.0153032,-1.3972,33475.3
2.01,0.0149687,2,-0.491989,0.0153032,-1.3942,34440.4
2.01,0.0149687,2,-0.491989,0.0153032,-1.3912,33259.2
2.01,0.0149687,2,-0.491989,0.0153032,-1.38819,33014.9
2.01,0.0149687,2,-0.491989,0.0153032,-1.38519,37574.2
2.01,0.0149687,2,-0.491989,0.0153032,-1.38219,35034.2
2.01,0.0149687,2,-0.491989,0.0153032,-1.37919,34830
2.01,0.0149687,2,-0.491989,0.0153032,-1.37619,32911.3
2.01,0.0149687,2,-0.491989,0.0153032,-1.37319,32824
2.01,0.0149687,2,-0.491989,0.0153032,-1.37019,33213.5
2.01,0.0149687,2,-0.491989,0.0153032,-1.36718,32297.3
2.01,0.0149687,2,-0.491989,0.0153032,-1.36418,33457.9
2.01,0.0149687,2,-0.491989,0.0153032,-1.36118,33843.9
2.01,0.0149687,2,-0.491989,0.0153032,-1.35818,41111.5
2.01,0.0149687,2,-0.491989,0.0153032,-1.35518,36661.5
2.01,0.0149687,2,-0.491989,0.0153032,-1.35218,36299.9
2.01,0.0149687,2,-0.491989,0.0153032,-1.34917,33783.6
2.01,0.0149687,2,-0.491989,0.0153032,-1.34617,35559.8
2.01,0.0149687,2,-0.491989,0.0153032,-1.34317,35144.8
2.01,0.0149687,2,-0.491989,0.0153032,-1.34017,35121.7
2.01,0.0149687,2,-0.491989,0.0153032,-1.33717,32456.4
2.01,0.0149687,2,-0.491989,0.0153032,-1.33417,32022.4
2.01,0.0149687,2,-0.491989,0.0153032,-1.33117,35869.2
2.01,0.0149687,2,-0.491989,0.0153032,-1.32816,35346
2.01,0.0149687,2,-0.491989,0.0153032,-1.32516,33230.9
2.01,0.0149687,2,-0.491989,0.0153032,-1.32216,32238.8
2.01,0.0149687,2,-0.491989,0.0153032,-1.31916,35592.5
2.01,0.0149687,2,-0.491989,0.0153032,-1.31616,31760.1
2.01,0.0149687,2,-0.491989,0.0153032,-1.31316,38084.3
2.01,0.0149687,2,-0.491989,0.0153032,-1.31016,33274.9
2.01,0.0149687,2,-0.491989,0.0153032,-1.30715,32011.8
2.01,0.0149687,2,-0.491989,0.0153032,-1.30415,32713.7
2.01,0.0149687,2,-0.491989,0.0153032,-1.30115,33854.5
2.01,0.0149687,2,-0.491989,0.0153032,-1.29815,31605.1
2.01,0.0149687,2,-0.491989,0.0153032,-1.29515,32754.4
2.01,0.0149687,2,-0.491989,0.0153032,-1.29215,35564.3
2.01,0.0149687,2,-0.491989,0.0153032,-1.28914,34977.7
2.01,0.0149687,2,-0.491989,0.0153032,-1.28614,34344.4
2.01,0.0149687,2,-0.491989,0.0153032,-1.28314,33567.4
2.01,0.0149687,2,-0.491989,0.0153032,-1.28014,34987.4
2.01,0.0149687,2,-0.491989,0.0153032,-1.27714,32212.1
2.01,0.0149687,2,-0.491989,0.0153032,-1.27414,31631.2
2.01,0.0149687,2,-0.491989,0.0153032,-1.27114,36517.8
2.01,0.0149687,2,-0.491989,0.0153032,-1.26813,32484.9
2.01,0.0149687,2,-0.491989,0.0153032,-1.26513,32839.3
2.01,0.0149687,2,-0.491989,0.0153032,-1.26213,33223.1
2.01,0.0149687,2,-0.491989,0.0153032,-1.25913,38432.6
2.01,0.0149687,2,-0.491989,0.0153032,-1.25613,32115.6
2.01,0.0149687,2,-0.491989,0.0153032,-1.25313,32593.2
2.01,0.0149687,2,-0.491989,0.0153032,-1.25013,31565.4
2.01,0.0149687,2,-0.491989,0.0153032,-1.24712,33353.4
2.01,0.0149687,2,-0.491989,0.0153032,-1.24412,32873
2.01,0.0149687,2,-0.491989,0.0153032,-1.24112,32020.3
2.01,0.0149687,2,-0.491989,0.0153032,-1.23812,31239.8
2.01,0.0149687,2,-0.491989,0.0153032,-1.23512,34969.7
2.01,0.0149687,2,-0.491989,0.0153032,-1.23212,32017
2.01,0.0149687,2,-0.491989,0.0153032,-1.22911,31239.8
2.01,0.0149687,2,-0.491989,0.0153032,-1.22611,35535.1
2.01,0.0149687,2,-0.491989,0.0153032,-1.22311,32107.1
2.01,0.0149687,2,-0.491989,0.0153032,-1.22011,37146
2.01,0.0149687,2,-0.491989,0.0153032,-1.21711,37253.4
2.01,0.0149687,2,-0.491989,0.0153032,-1.21411,30192.1
2.01,0.0149687,2,-0.491989,0.0153032,-1.21111,33178.9
2.01,0.0149687,2,-0.491989,0.0153032,-1.2081,31774.2
2.01,0.0149687,2,-0.491989,0.0153032,-1.2051,29631.8
2.01,0.0149687,2,-0.491989,0.0153032,-1.2021,30141
2.01,0.0149687,2,-0.491989,0.0153032,-1.1991,29168.6
2.01,0.0149687,2,-0.491989,0.0153032,-1.1961,30069.4
2.01,0.0149687,2,-0.491989,0.0153032,-1.1931,29300.7
2.01,0.0149687,2,-0.491989,0.0153032,-1.1901,28943.2
2.01,0.0149687,2,-0.491989,0.0153032,-1.18709,28380.7
2.01,0.0149687,2,-0.491989,0.0153032,-1.18409,35655.5
2.01,0.0149687,2,-0.491989,0.0153032,-1.18109,29167.3
2.01,0.0149687,2,-0.491989,0.0153032,-1.17809,31554.8
2.01,0.0149687,2,-0.491989,0.0153032,-1.17509,33386.8
2.01,0.0149687,2,-0.491989,0.0153032,-1.17209,33891.2
2.01,0.0149687,2,-0.491989,0.0153032,-1.16908,29231.3
2.01,0.0149687,2,-0.491989,0.0153032,-1.16608,25882.6
2.01,0.0149687,2,-0.491989,0.0153032,-1.16308,26554.4
2.01,0.0149687,2,-0.491989,0.0153032,-1.16008,-27016.2
2.01,0.0149687,2,-0.491989,0.0153032,-1.15708,-26484.5
2.01,0.0149687,2,-0.491989,0.0153032,-1.15408,-27223.2
2.01,0.0149687,2,-0.491989,0.0153032,-1.15108,-27499.8
2.01,0.0149687,2,-0.491989,0.0153032,-1.14807,-27988.2
2.01,0.0149687,2,-0.491989,0.0153032,-1.14507,-33389.8
2.01,0.0149687,2,-0.491989,0.0153032,-1.14207,-29388.9
2.01,0.0149687,2,-0.491989,0.0153032,-1.13907,-33429.5
2.01,0.0149687,2,-0.491989,0.0153032,-1.13607,-36033.4
2.01,0.0149687,2,-0.491989,0.0153032,-1.13307,-29969.4
2.01,0.0149687,2,-0.491989,0.0153032,-1.13007,-32414.2
2.01,0.0149687,2,-0.491989,0.0153032,-1.12706,-29306.5
2.01,0.0149687,2,-0.491989,0.0153032,-1.12406,-31857.9
2.01,0.0149687,2,-0.491989,0.0153032,-1.12106,-30613.4
2.01,0.0149687,2,-0.491989,0.0153032,-1.11806,-30514.3
2.01,0.0149687,2,-0.491989,0.0153032,-1.11506,-34873.9
2.01,0.0149687,2,-0.491989,0.0153032,-1.11206,-37398
2.01,0.0149687,2,-0.491989,0.0153032,-1.10905,-31395.3
2.01,0.0149687,2,-0.491989,0.0153032,-1.10605,-37668.2
2.01,0.0149687,2,-0.491989,0.0153032,-1.10305,-32052.1
2.01,0.0149687,2,-0.491989,0.0153032,-1.10005,-30482.9
2.01,0.0149687,2,-0.491989,0.0153032,-1.09705,-39609.7
2.01,0.0149687,2,-0.491989,0.0153032,-1.09405,-33552
2.01,0.0149687,2,-0.491989,0.0153032,-1.09105,-32175
2.01,0.0149687,2,-0.491989,0.0153032,-1.08804,-30974.1
2.01,0.0149687,2,-0.491989,0.0153032,-1.08504,-30588.9
2.01,0.0149687,2,-0.491989,0.0153032,-1.08204,-30691
2.01,0.0149687,2,-0.491989,0.0153032,-1.07904,-30968.2
2.01,0.0149687,2,-0.491989,0.0153032,-1.07604,-33579.7
2.01,0.0149687,2,-0.491989,0.0153032,-1.07304,-32002.3
2.01,0.0149687,2,-0.491989,0.0153032,-1.07004,-33384.6
2.01,0.0149687,2,-0.491989,0.0153032,-1.06703,-32119.5
2.01,0.0149687,2,-0.491989,0.0153032,-1.06403,-33101.8
2.01,0.0149687,2,-0.491989,0.0153032,-1.06103,-34200.2
2.01,0.0149687,2,-0.491989,0.0153032,-1.05803,-31697.3
2.01,0.0149687,2,-0.491989,0.0153032,-1.05503,-32430.1
2.01,0.0149687,2,-0.491989,0.0153032,-1.05203,-33491.4
2.01,0.0149687,2,-0.491989,0.0153032,-1.04902,-34184.7
2.01,0.0149687,2,-0.491989,0.0153032,-1.04602,-39199.1
2.01,0.0149687,2,-0.491989,0.0153032,-1.04302,-31850.7
2.01,0.0149687,2,-0.491989,0.0153032,-1.04002,-32248.7
2.01,0.0149687,2,-0.491989,0.0153032,-1.03702,-34369.2
2.01,0.0149687,2,-0.491989,0.0153032,-1.03402,-33845.9
2.01,0.0149687,2,-0.491989,0.0153032,-1.03102,-35922.3
2.01,0.0149687,2,-0.491989,0.0153032,-1.02801,-36868.7
2.01,0.0149687,2,-0.491989,0.0153032,-1.02501,-33775.8
2.01,0.0149687,2,-0.491989,0.0153032,-1.02201,-35031.6
2.01,0.0149687,2,-0.491989,0.0153032,-1.01901,-33861.4
2.01,0.0149687,2,-0.491989,0.0153032,-1.01601,-32391.1
2.01,0.0149687,2,-0.491989,0.0153032,-1.01301,-33070.4
2.01,0.0149687,2,-0.491989,0.0153032,-1.01001,-32109.6
2.01,0.0149687,2,-0.491989,0.0153032,-1.007,-32646.5
2.01,0.0149687,2,-0.491989,0.0153032,-1.004,-33692.5
2.01,0.0149687,2,-0.491989,0.0153032,-1.001,-33937.4
2.01,0.0149687,2,-0.491989,0.0153032,-0.997999,-34531.8
2.01,0.0149687,2,-0.491989,0.0153032,-0.994997,-35336.7
2.01,0.0149687,2,-0.491989,0.0153032,-0.991996,-32522
2.01,0.0149687,2,-0.491989,0.0153032,-0.988994,-35373
2.01,0.0149687,2,-0.491989,0.0153032,-0.985993,-33789.8
2.01,0.0149687,2,-0.491989,0.0153032,-0.982991,-36234.7
2.01,0.0149687,2,-0.491989,0.0153032,-0.97999,-36441.2
2.01,0.0149687,2,-0.491989,0.0153032,-0.976988,-35443.1
2.01,0.0149687,2,-0.491989,0.0153032,-0.973987,-35496.8
2.01,0.0149687,2,-0.491989,0.0153032,-0.970985,-37389.7
2.01,0.0149687,2,-0.491989,0.0153032,-0.967984,-34467.2
2.01,0.0149687,2,-0.491989,0.0153032,-0.964982,-35109.4
2.01,0.0149687,2,-0.491989,0.0153032,-0.961981,-33804.6
2.01,0.0149687,2,-0.491989,0.0153032,-0.958979,-33959.6
2.01,0.0149687,2,-0.491989,0.0153032,-0.955978,-33103.2
2.01,0.0149687,2,-0.491989,0.0153032,-0.952976,-35044.5
2.01,0.0149687,2,-0.491989,0.0153032,-0.949975,-35214.6
2.01,0.0149687,2,-0.491989,0.0153032,-0.946973,-33052.4
2.01,0.0149687,2,-0.491989,0.0153032,-0.943972,-33317.8
2.01,0.0149687,2,-0.491989,0.0153032,-0.94097,-34965.1
2.01,0.0149687,2,-0.491989,0.0153032,-0.937969,-33672.4
2.01,0.0149687,2,-0.491989,0.0153032,-0.934967,-34166.3
2.01,0.0149687,2,-0.491989,0.0153032,-0.931966,-33751.3
2.01,0.0149687,2,-0.491989,0.0153032,-0.928964,-34808.2
2.01,0.0149687,2,-0.491989,0.0153032,-0.925963,-35208.2
2.01,0.0149687,2,-0.491989,0.0153032,-0.922961,-34199.6
2.01,0.0149687,2,-0.491989,0.0153032,-0.91996,-34478.2
2.01,0.0149687,2,-0.491989,0.0153032,-0.916958,-33758.7
2.01,0.0149687,2,-0.491989,0.0153032,-0.913957,-35523.9
2.01,0.0149687,2,-0.491989,0.0153032,-0.910955,-35674.6
2.01,0.0149687,2,-0.491989,0.0153032,-0.907954,-37807.8
2.01,0.0149687,2,-0.491989,0.0153032,-0.904952,-36768
2.01,0.0149687,2,-0.491989,0.0153032,-0.901951,-36302.1
2.01,0.0149687,2,-0.491989,0.0153032,-0.898949,-37567.2
2.01,0.0149687,2,-0.491989,0.0153032,-0.895948,-35605.6
2.01,0.0149687,2,-0.491989,0.0153032,-0.892946,-39195.3
2.01,0.0149687,2,-0.491989,0.0153032,-0.889945,-33500.3
2.01,0.0149687,2,-0.491989,0.0153032,-0.886943,-33700.2
2.01,0.0149687,2,-0.491989,0.0153032,-0.883942,-33986.1
2.01,0.0149687,2,-0.491989,0.0153032,-0.88094,-36815.9
2.01,0.0149687,2,-0.491989,0.0153032,-0.877939,-37313.7
2.01,0.0149687,2,-0.491989,0.0153032,-0.874937,-37259.9
2.01,0.0149687,2,-0.491989,0.0153032,-0.871936,-34093.6
2.01,0.0149687,2,-0.491989,0.0153032,-0.868934,-39279.7
2.01,0.0149687,2,-0.491989,0.0153032,-0.865933,-33975.6
2.01,0.0149687,2,-0.491989,0.0153032,-0.862931,-34453.7
2.01,0.0149687,2,-0.491989,0.0153032,-0.85993,-33790.8
2.01,0.0149687,2,-0.491989,0.0153032,-0.856928,-35908.4
2.01,0.0149687,2,-0.491989,0.0153032,-0.853927,-34834
2.01,0.0149687,2,-0.491989,0.0153032,-0.850925,-34316.6
2.01,0.0149687,2,-0.491989,0.0153032,-0.847924,-38711.5
2.01,0.0149687,2,-0.491989,0.0153032,-0.844922,-35473.7
2.01,0.0149687,2,-0.491989,0.0153032,-0.841921,-36542.8
2.01,0.0149687,2,-0.491989,0.0153032,-0.838919,-36816.2
2.01,0.0149687,2,-0.491989,0.0153032,-0.835918,-35153.7
2.01,0.0149687,2,-0.491989,0.0153032,-0.832916,-35776.9
2.01,0.0149687,2,-0.491989,0.0153032,-0.829915,-35357.8
2.01,0.0149687,2,-0.491989,0.0153032,-0.826913,-35433.6
2.01,0.0149687,2,-0.491989,0.0153032,-0.823912,-35654.4
2.01,0.0149687,2,-0.491989,0.0153032,-0.82091,-36367.4
2.01,0.0149687,2,-0.491989,0.0153032,-0.817909,-36527.1
2.01,0.0149687,2,-0.491989,0.0153032,-0.814907,-42368.4
2.01,0.0149687,2,-0.491989,0.0153032,-0.811906,-36082.8
2.01,0.0149687,2,-0.491989,0.0153032,-0.808904,-33995.4
2.01,0.0149687,2,-0.491989,0.0153032,-0.805903,-36646.7
2.01,0.0149687,2,-0.491989,0.0153032,-0.802901,-36622.6
2.01,0.0149687,2,-0.491989,0.0153032,-0.7999,-36429.2
2.01,0.0149687,2,-0.491989,0.0153032,-0.796898,-36962.1
2.01,0.0149687,2,-0.491989,0.0153032,-0.793897,-36451.5
2.01,0.0149687,2,-0.491989,0.0153032,-0.790895,-44640.8
2.01,0.0149687,2,-0.491989,0.0153032,-0.787894,-35498.1
2.01,0.0149687,2,-0.491989,0.0153032,-0.784892,-44711.4
2.01,0.0149687,2,-0.491989,0.0153032,-0.781891,-35419.3
2.01,0.0149687,2,-0.491989,0.0153032,-0.778889,-36586.9
2.01,0.0149687,2,-0.491989,0.0153032,-0.775888,-35089.2
2.01,0.0149687,2,-0.491989,0.0153032,-0.772886,-33862
2.01,0.0149687,2,-0.491989,0.0153032,-0.769885,-36565.3
2.01,0.0149687,2,-0.491989,0.0153032,-0.766883,-34995.2
2.01,0.0149687,2,-0.491989,0.0153032,-0.763882,-34981.6
2.01,0.0149687,2,-0.491989,0.0153032,-0.76088,-33629.1
2.01,0.0149687,2,-0.491989,0.0153032,-0.757879,-34643.3
2.01,0.0149687,2,-0.491989,0.0153032,-0.754877,-34325.6
2.01,0.0149687,2,-0.491989,0.0153032,-0.751876,-35864.7
2.01,0.0149687,2,-0.491989,0.0153032,-0.748874,-36325.9
2.01,0.0149687,2,-0.491989,0.0153032,-0.745873,-36909.2
2.01,0.0149687,2,-0.491989,0.0153032,-0.742871,-36575.7
2.01,0.0149687,2,-0.491989,0.0153032,-0.73987,-33822.2
2.01,0.0149687,2,-0.491989,0.0153032,-0.736868,-36363.2
2.01,0.0149687,2,-0.491989,0.0153032,-0.733867,-35687.1
2.01,0.0149687,2,-0.491989,0.0153032,-0.730865,-36101.6
2.01,0.0149687,2,-0.491989,0.0153032,-0.727864,-34195.3
2.01,0.0149687,2,-0.491989,0.0153032,-0.724862,-34194.7
2.01,0.0149687,2,-0.491989,0.0153032,-0.721861,-36218
2.01,0.0149687,2,-0.491989,0.0153032,-0.718859,-34128
2.01,0.0149687,2,-0.491989,0.0153032,-0.715858,-35285.4
2.01,0.0149687,2,-0.491989,0.0153032,-0.712856,-33789.7
2.01,0.0149687,2,-0.491989,0.0153032,-0.709855,-34947.7
2.01,0.0149687,2,-0.491989,0.0153032,-0.706853,-35156.8
2.01,0.0149687,2,-0.491989,0.0153032,-0.703852,-33322.3
2.01,0.0149687,2,-0.491989,0.0153032,-0.70085,-36574.6
2.01,0.0149687,2,-0.491989,0.0153032,-0.697849,-35145.8
2.01,0.0149687,2,-0.491989,0.0153032,-0.694847,-34842.8
2.01,0.0149687,2,-0.491989,0.0153032,-0.691846,-34060.8
2.01,0.0149687,2,-0.491989,0.0153032,-0.688844,-35834.5
2.01,0.0149687,2,-0.491989,0.0153032,-0.685843,-33774.8
2.01,0.0149687,2,-0.491989,0.0153032,-0.682841,-33763.7
2.01,0.0149687,2,-0.491989,0.0153032,-0.67984,-33241.2
2.01,0.0149687,2,-0.491989,0.0153032,-0.676838,-37356.7
2.01,0.0149687,2,-0.491989,0.0153032,-0.673837,-37750.9
2.01,0.0149687,2,-0.491989,0.0153032,-0.670835,-36212.6
2.01,0.0149687,2,-0.491989,0.0153032,-0.667834,-34442.8
2.01,0.0149687,2,-0.491989,0.0153032,-0.664832,-36214.4
2.01,0.0149687,2,-0.491989,0.0153032,-0.661831,-36303.4
2.01,0.0149687,2,-0.491989,0.0153032,-0.658829,-38843.2
2.01,0.0149687,2,-0.491989,0.0153032,-0.655828,-35445.4
2.01,0.0149687,2,-0.491989,0.0153032,-0.652826,-36163.3
2.01,0.0149687,2,-0.491989,0.0153032,-0.649825,-37873
2.01,0.0149687,2,-0.491989,0.0153032,-0.646823,-33809.6
2.01,0.0149687,2,-0.491989,0.0153032,-0.643822,-35158.5
2.01,0.0149687,2,-0.491989,0.0153032,-0.64082,-33443.4
2.01,0.0149687,2,-0.491989,0.0153032,-0.637819,-36105.7
2.01,0.0149687,2,-0.491989,0.0153032,-0.634817,-33927.8
2.01,0.0149687,2,-0.491989,0.0153032,-0.631816,-35466.1
2.01,0.0149687,2,-0.491989,0.0153032,-0.628814,-34617.6
2.01,0.0149687,2,-0.491989,0.0153032,-0.625813,-32653.3
2.01,0.0149687,2,-0.491989,0.0153032,-0.622811,-34002.1
2.01,0.0149687,2,-0.491989,0.0153032,-0.61981,-33594.8
2.01,0.0149687,2,-0.491989,0.0153032,-0.616808,-32664.2
2.01,0.0149687,2,-0.491989,0.0153032,-0.613807,-35257.7
2.01,0.0149687,2,-0.491989,0.0153032,-0.610805,-33231.2
2.01,0.0149687,2,-0.491989,0.0153032,-0.607804,-32640.8
2.01,0.0149687,2,-0.491989,0.0153032,-0.604802,-34103.2
2.01,0.0149687,2,-0.491989,0.0153032,-0.601801,-33198.5
2.01,0.0149687,2,-0.491989,0.0153032,-0.598799,-32406.1
2.01,0.0149687,2,-0.491989,0.0153032,-0.595798,-39594.5
2.01,0.0149687,2,-0.491989,0.0153032,-0.592796,-35399.5
2.01,0.0149687,2,-0.491989,0.0153032,-0.589795,-36203.9
2.01,0.0149687,2,-0.491989,0.0153032,-0.586793,-34427.8
2.01,0.0149687,2,-0.491989,0.0153032,-0.583792,-34666.7
2.01,0.0149687,2,-0.491989,0.0153032,-0.58079,-32133.7
2.01,0.0149687,2,-0.491989,0.0153032,-0.577789,-34834.9
2.01,0.0149687,2,-0.491989,0.0153032,-0.574787,-34413
2.01,0.0149687,2,-0.491989,0.0153032,-0.571786,-33260
2.01,0.0149687,2,-0.491989,0.0153032,-0.568784,-32146.7
2.01,0.0149687,2,-0.491989,0.0153032,-0.565783,-34210.2
2.01,0.0149687,2,-0.491989,0.0153032,-0.562781,-33968.8
2.01,0.0149687,2,-0.491989,0.0153032,-0.55978,-38558.3
2.01,0.0149687,2,-0.491989,0.0153032,-0.556778,-33614.4
2.01,0.0149687,2,-0.491989,0.0153032,-0.553777,-40557.7
2.01,0.0149687,2,-0.491989,0.0153032,-0.550775,-31498.5
2.01,0.0149687,2,-0.491989,0.0153032,-0.547774,-34047.2
2.01,0.0149687,2,-0.491989,0.0153032,-0.544772,-39030
2.01,0.0149687,2,-0.491989,0.0153032,-0.541771,-33473.4
2.01,0.0149687,2,-0.491989,0.0153032,-0.538769,-32229.2
2.01,0.0149687,2,-0.491989,0.0153032,-0.535768,-32445.6
2.01,0.0149687,2,-0.491989,0.0153032,-0.532766,-31076.8
2.01,0.0149687,2,-0.491989,0.0153032,-0.529765,-31385.4
2.01,0.0149687,2,-0.491989,0.0153032,-0.526763,-33536.4
2.01,0.0149687,2,-0.491989,0.0153032,-0.523762,-34828.7
2.01,0.0149687,2,-0.491989,0.0153032,-0.52076,-30529.7
2.01,0.0149687,2,-0.491989,0.0153032,-0.517759,-31740.6
2.01,0.0149687,2,-0.491989,0.0153032,-0.514757,-36361.6
2.01,0.0149687,2,-0.491989,0.0153032,-0.511756,-32552
2.01,0.0149687,2,-0.491989,0.0153032,-0.508754,-29918.6
2.01,0.0149687,2,-0.491989,0.0153032,-0.505753,-32426.8
2.01,0.0149687,2,-0.491989,0.0153032,-0.502751,-30041.8
2.01,0.0149687,2,-0.491989,0.0153032,-0.49975,-31783.2
2.01,0.0149687,2,-0.491989,0.0153032,-0.496748,-29056.3
2.01,0.0149687,2,-0.491989,0.0153032,-0.493747,-30830.4
2.01,0.0149687,2,-0.491989,0.0153032,-0.490745,-33012.1
2.01,0.0149687,2,-0.491989,0.0153032,-0.487744,-30205.3
2.01,0.0149687,2,-0.491989,0.0153032,-0.484742,-28022.1
2.01,0.0149687,2,-0.491989,0.0153032,-0.481741,-27674.4
2.01,0.0149687,2,-0.491989,0.0153032,-0.478739,-34017.6
2.01,0.0149687,2,-0.491989,0.0153032,-0.475738,-26627.9
2.01,0.0149687,2,-0.491989,0.0153032,-0.472736,-27763.1
2.01,0.0149687,2,-0.491989,0.0153032,-0.469735,25861.3
2.01,0.0149687,2,-0.491989,0.0153032,-0.466733,29631.4
2.01,0.0149687,2,-0.491989,0.0153032,-0.463732,31035.9
2.01,0.0149687,2,-0.491989,0.0153032,-0.46073,27783.3
2.01,0.0149687,2,-0.491989,0.0153032,-0.457729,28362.8
2.01,0.0149687,2,-0.491989,0.0153032,-0.454727,31865.3
2.01,0.0149687,2,-0.491989,0.0153032,-0.451726,31010.8
2.01,0.0149687,2,-0.491989,0.0153032,-0.448724,30886.9
2.01,0.0149687,2,-0.491989,0.0153032,-0.445723,32401.9
2.01,0.0149687,2,-0.491989,0.0153032,-0.442721,30644
2.01,0.0149687,2,-0.491989,0.0153032,-0.43972,31979.9
2.01,0.0149687,2,-0.491989,0.0153032,-0.436718,33546.1
2.01,0.0149687,2,-0.491989,0.0153032,-0.433717,29871.9
2.01,0.0149687,2,-0.491989,0.0153032,-0.430715,34523.4
2.01,0.0149687,2,-0.491989,0.0153032,-0.427714,37059.7
2.01,0.0149687,2,-0.491989,0.0153032,-0.424712,37253.6
2.01,0.0149687,2,-0.491989,0.0153032,-0.421711,32839.4
2.01,0.0149687,2,-0.491989,0.0153032,-0.418709,30749
2.01,0.0149687,2,-0.491989,0.0153032,-0.415708,34406
2.01,0.0149687,2,-0.491989,0.0153032,-0.412706,32775.1
2.01,0.0149687,2,-0.491989,0.0153032,-0.409705,34512.2
2.01,0.0149687,2,-0.491989,0.0153032,-0.406703,33072.3
2.01,0.0149687,2,-0.491989,0.0153032,-0.403702,35455.7
2.01,0.0149687,2,-0.491989,0.0153032,-0.4007,32087.4
2.01,0.0149687,2,-0.491989,0.0153032,-0.397699,31458.2
2.01,0.0149687,2,-0.491989,0.0153032,-0.394697,33546.4
2.01,0.0149687,2,-0.491989,0.0153032,-0.391696,32637.9
2.01,0.0149687,2,-0.491989,0.0153032,-0.388694,35797.8
2.01,0.0149687,2,-0.491989,0.0153032,-0.385693,33529
2.01,0.0149687,2,-0.491989,0.0153032,-0.382691,33760.6
2.01,0.0149687,2,-0.491989,0.0153032,-0.37969,32499.2
2.01,0.0149687,2,-0.491989,0.0153032,-0.376688,36293.8
2.01,0.0149687,2,-0.491989,0.0153032,-0.373687,34944.9
2.01,0.0149687,2,-0.491989,0.0153032,-0.370685,33984.1
2.01,0.0149687,2,-0.491989,0.0153032,-0.367684,32703
2.01,0.0149687,2,-0.491989,0.0153032,-0.364682,34200.3
2.01,0.0149687,2,-0.491989,0.0153032,-0.361681,33652.3
2.01,0.0149687,2,-0.491989,0.0153032,-0.358679,32405.8
2.01,0.0149687,2,-0.491989,0.0153032,-0.355678,33308.8
2.01,0.0149687,2,-0.491989,0.0153032,-0.352676,33123.5
2.01,0.0149687,2,-0.491989,0.0153032,-0.349675,34985.5
2.01,0.0149687,2,-0.491989,0.0153032,-0.346673,32981.7
2.01,0.0149687,2,-0.491989,0.0153032,-0.343672,34672.3
2.01,0.0149687,2,-0.491989,0.0153032,-0.34067,34568.4
2.01,0.0149687,2,-0.491989,0.0153032,-0.337669,32924.4
2.01,0.0149687,2,-0.491989,0.0153032,-0.334667,36139.3
2.01,0.0149687,2,-0.491989,0.0153032,-0.331666,36722.6
2.01,0.0149687,2,-0.491989,0.0153032,-0.328664,33687.7
2.01,0.0149687,2,-0.491989,0.0153032,-0.325663,35634.4
2.01,0.0149687,2,-0.491989,0.0153032,-0.322661,36384.2
2.01,0.0149687,2,-0.491989,0.0153032,-0.31966,35303.6
2.01,0.0149687,2,-0.491989,0.0153032,-0.316658,36225.6
2.01,0.0149687,2,-0.491989,0.0153032,-0.313657,33401.7
2.01,0.0149687,2,-0.491989,0.0153032,-0.310655,34409.2
2.01,0.0149687,2,-0.491989,0.0153032,-0.307654,34468
2.01,0.0149687,2,-0.491989,0.0153032,-0.304652,34310.5
2.01,0.0149687,2,-0.491989,0.0153032,-0.301651,35655.9
2.01,0.0149687,2,-0.491989,0.0153032,-0.298649,34816.4
2.01,0.0149687,2,-0.491989,0.0153032,-0.295648,34003.5
2.01,0.0149687,2,-0.491989,0.0153032,-0.292646,34551.8
2.01,0.0149687,2,-0.491989,0.0153032,-0.289645,37134.6
2.01,0.0149687,2,-0.491989,0.0153032,-0.286643,35690.1
2.01,0.0149687,2,-0.491989,0.0153032,-0.283642,35772.1
2.01,0.0149687,2,-0.491989,0.0153032,-0.28064,34013.5
2.01,0.0149687,2,-0.491989,0.0153032,-0.277639,37044.3
2.01,0.0149687,2,-0.491989,0.0153032,-0.274637,37031.3
2.01,0.0149687,2,-0.491989,0.0153032,-0.271636,37573
2.01,0.0149687,2,-0.491989,0.0153032,-0.268634,34487.5
2.01,0.0149687,2,-0.491989,0.0153032,-0.265633,36718.1
2.01,0.0149687,2,-0.491989,0.0153032,-0.262631,35792.9
2.01,0.0149687,2,-0.491989,0.0153032,-0.25963,35735.2
2.01,0.0149687,2,-0.491989,0.0153032,-0.256628,36318.8
2.01,0.0149687,2,-0.491989,0.0153032,-0.253627,42448.4
2.01,0.0149687,2,-0.491989,0.0153032,-0.250625,36759
2.01,0.0149687,2,-0.491989,0.0153032,-0.247624,35492.5
2.01,0.0149687,2,-0.491989,0.0153032,-0.244622,35514.5
2.01,0.0149687,2,-0.491989,0.0153032,-0.241621,34173.5
2.01,0.0149687,2,-0.491989,0.0153032,-0.238619,34211.6
2.01,0.0149687,2,-0.491989,0.0153032,-0.235618,36454.1
2.01,0.0149687,2,-0.491989,0.0153032,-0.232616,35145
2.01,0.0149687,2,-0.491989,0.0153032,-0.229615,35603.8
2.01,0.0149687,2,-0.491989,0.0153032,-0.226613,35920.6
2.01,0.0149687,2,-0.491989,0.0153032,-0.223612,36067.2
2.01,0.0149687,2,-0.491989,0.0153032,-0.22061,34448.5
2.01,0.0149687,2,-0.491989,0.0153032,-0.217609,37740.5
2.01,0.0149687,2,-0.491989,0.0153032,-0.214607,36902.4
2.01,0.0149687,2,-0.491989,0.0153032,-0.211606,34326.2
2.01,0.0149687,2,-0.491989,0.0153032,-0.208604,35034.8
2.01,0.0149687,2,-0.491989,0.0153032,-0.205603,35157.1
2.01,0.0149687,2,-0.491989,0.0153032,-0.202601,34947.1
2.01,0.0149687,2,-0.491989,0.0153032,-0.1996,36111.7
2.01,0.0149687,2,-0.491989,0.0153032,-0.196598,36174.9
2.01,0.0149687,2,-0.491989,0.0153032,-0.193597,37496.4
2.01,0.0149687,2,-0.491989,0.0153032,-0.190595,40030.8
2.01,0.0149687,2,-0.491989,0.0153032,-0.187594,36423.7
2.01,0.0149687,2,-0.491989,0.0153032,-0.184592,34407.3
2.01,0.0149687,2,-0.491989,0.0153032,-0.181591,37308.1
2.01,0.0149687,2,-0.491989,0.0153032,-0.178589,38522.3
2.01,0.0149687,2,-0.491989,0.0153032,-0.175588,37696.8
2.01,0.0149687,2,-0.491989,0.0153032,-0.172586,36763.6
2.01,0.0149687,2,-0.491989,0.0153032,-0.169585,38065.3
2.01,0.0149687,2,-0.491989,0.0153032,-0.166583,41303.3
2.01,0.0149687,2,-0.491989,0.0153032,-0.163582,41322.9
2.01,0.0149687,2,-0.491989,0.0153032,-0.16058,35363.1
2.01,0.0149687,2,-0.491989,0.0153032,-0.157579,41956.9
2.01,0.0149687,2,-0.491989,0.0153032,-0.154577,42049.1
2.01,0.0149687,2,-0.491989,0.0153032,-0.151576,35693.2
2.01,0.0149687,2,-0.491989,0.0153032,-0.148574,38506.1
2.01,0.0149687,2,-0.491989,0.0153032,-0.145573,36073.5
2.01,0.0149687,2,-0.491989,0.0153032,-0.142571,35275.5
2.01,0.0149687,2,-0.491989,0.0153032,-0.13957,38181.5
2.01,0.0149687,2,-0.491989,0.0153032,-0.136568,34743.7
2.01,0.0149687,2,-0.491989,0.0153032,-0.133567,40263.3
2.01,0.0149687,2,-0.491989,0.0153032,-0.130565,40399.6
2.01,0.0149687,2,-0.491989,0.0153032,-0.127564,40361.4
2.01,0.0149687,2,-0.491989,0.0153032,-0.124562,39554.5
2.01,0.0149687,2,-0.491989,0.0153032,-0.121561,40415.9
2.01,0.0149687,2,-0.491989,0.0153032,-0.118559,35022.8
2.01,0.0149687,2,-0.491989,0.0153032,-0.115558,42640.3
2.01,0.0149687,2,-0.491989,0.0153032,-0.112556,35008.9
2.01,0.0149687,2,-0.491989,0.0153032,-0.109555,36257.5
2.01,0.0149687,2,-0.491989,0.0153032,-0.106553,35065.9
2.01,0.0149687,2,-0.491989,0.0153032,-0.103552,34699.2
2.01,0.0149687,2,-0.491989,0.0153032,-0.10055,36198.1
2.01,0.0149687,2,-0.491989,0.0153032,-0.0975488,39773.4
2.01,0.0149687,2,-0.491989,0.0153032,-0.0945473,40240.9
2.01,0.0149687,2,-0.491989,0.0153032,-0.0915458,36011.6
2.01,0.0149687,2,-0.491989,0.0153032,-0.0885443,35986.3
2.01,0.0149687,2,-0.491989,0.0153032,-0.0855428,40009.3
2.01,0.0149687,2,-0.491989,0.0153032,-0.0825413,39867.5
2.01,0.0149687,2,-0.491989,0.0153032,-0.0795398,42010.4
2.01,0.0149687,2,-0.491989,0.0153032,-0.0765383,39695
2.01,0.0149687,2,-0.491989,0.0153032,-0.0735368,34332.1
2.01,0.0149687,2,-0.491989,0.0153032,-0.0705353,38029
2.01,0.0149687,2,-0.491989,0.0153032,-0.0675338,35444.1
2.01,0.0149687,2,-0.491989,0.0153032,-0.0645323,37581.1
2.01,0.0149687,2,-0.491989,0.0153032,-0.0615308,37404.1
2.01,0.0149687,2,-0.491989,0.0153032,-0.0585293,38043.5
2.01,0.0149687,2,-0.491989,0.0153032,-0.0555278,39469.5
2.01,0.0149687,2,-0.491989,0.0153032,-0.0525263,35083.6
2.01,0.0149687,2,-0.491989,0.0153032,-0.0495248,34193.8
2.01,0.0149687,2,-0.491989,0.0153032,-0.0465233,36505.3
2.01,0.0149687,2,-0.491989,0.0153032,-0.0435218,36647.3
2.01,0.0149687,2,-0.491989,0.0153032,-0.0405203,34132.5
2.01,0.0149687,2,-0.491989,0.0153032,-0.0375188,37814.8
2.01,0.0149687,2,-0.491989,0.0153032,-0.0345173,37001.1
2.01,0.0149687,2,-0.491989,0.0153032,-0.0315158,35665.3
2.01,0.0149687,2,-0.491989,0.0153032,-0.0285143,36531.4
2.01,0.0149687,2,-0.491989,0.0153032,-0.0255128,34738.7
2.01,0.0149687,2,-0.491989,0.0153032,-0.0225113,36032
2.01,0.0149687,2,-0.491989,0.0153032,-0.0195098,36728.3
2.01,0.0149687,2,-0.491989,0.0153032,-0.0165083,36010.8
2.01,0.0149687,2,-0.491989,0.0153032,-0.0135068,34363.9
2.01,0.0149687,2,-0.491989,0.0153032,-0.0105053,35850.4
2.01,0.0149687,2,-0.491989,0.0153032,-0.00750375,35800.8
2.01,0.0149687,2,-0.491989,0.0153032,-0.00450225,43179.1
2.01,0.0149687,2,-0.491989,0.0153032,-0.00150075,35510.6
2.01,0.0149687,2,-0.491989,0.0153032,0.00150075,34109.1
2.01,0.0149687,2,-0.491989,0.0153032,0.00450225,33805.2
2.01,0.0149687,2,-0.491989,0.0153032,0.00750375,33821.2
2.01,0.0149687,2,-0.491989,0.0153032,0.0105053,36779.8
2.01,0.0149687,2,-0.491989,0.0153032,0.0135068,34397.8
2.01,0.0149687,2,-0.491989,0.0153032,0.0165083,34592.9
2.01,0.0149687,2,-0.491989,0.0153032,0.0195098,34078.4
2.01,0.0149687,2,-0.491989,0.0153032,0.0225113,42979.7
2.01,0.0149687,2,-0.491989,0.0153032,0.0255128,34440
2.01,0.0149687,2,-0.491989,0.0153032,0.0285143,37505.2
2.01,0.0149687,2,-0.491989,0.0153032,0.0315158,33711.9
2.01,0.0149687,2,-0.491989,0.0153032,0.0345173,37267.3
2.01,0.0149687,2,-0.491989,0.0153032,0.0375188,37890.5
2.01,0.0149687,2,-0.491989,0.0153032,0.0405203,39240.4
2.01,0.0149687,2,-0.491989,0.0153032,0.0435218,35117.5
2.01,0.0149687,2,-0.491989,0.0153032,0.0465233,37782.1
2.01,0.0149687,2,-0.491989,0.0153032,0.0495248,35229.8
2.01,0.0149687,2,-0.491989,0.0153032,0.0525263,33239.1
2.01,0.0149687,2,-0.491989,0.0153032,0.0555278,35944.8
2.01,0.0149687,2,-0.491989,0.0153032,0.0585293,35178.9
2.01,0.0149687,2,-0.491989,0.0153032,0.0615308,33819.7
2.01,0.0149687,2,-0.491989,0.0153032,0.0645323,33099.3
2.01,0.0149687,2,-0.491989,0.0153032,0.0675338,36293.4
2.01,0.0149687,2,-0.491989,0.0153032,0.0705353,34657.2
2.01,0.0149687,2,-0.491989,0.0153032,0.0735368,33824.2
2.01,0.0149687,2,-0.491989,0.0153032,0.0765383,33640.6
2.01,0.0149687,2,-0.491989,0.0153032,0.0795398,38163.1
2.01,0.0149687,2,-0.491989,0.0153032,0.0825413,35606.7
2.01,0.0149687,2,-0.491989,0.0153032,0.0855428,35013.7
2.01,0.0149687,2,-0.491989,0.0153032,0.0885443,35272.5
2.01,0.0149687,2,-0.491989,0.0153032,0.0915458,34304.9
2.01,0.0149687,2,-0.491989,0.0153032,0.0945473,34154.8
2.01,0.0149687,2,-0.491989,0.0153032,0.0975488,38623.3
2.01,0.0149687,2,-0.491989,0.0153032,0.10055,33869.1
2.01,0.0149687,2,-0.491989,0.0153032,0.103552,33726.1
2.01,0.0149687,2,-0.491989,0.0153032,0.106553,32441.4
2.01,0.0149687,2,-0.491989,0.0153032,0.109555,36297.4
2.01,0.0149687,2,-0.491989,0.0153032,0.112556,33779.3
2.01,0.0149687,2,-0.491989,0.0153032,0.115558,32632
2.01,0.0149687,2,-0.491989,0.0153032,0.118559,34263.5
2.01,0.0149687,2,-0.491989,0.0153032,0.121561,33990.7
2.01,0.0149687,2,-0.491989,0.0153032,0.124562,34170.1
2.01,0.0149687,2,-0.491989,0.0153032,0.127564,31921.5
2.01,0.0149687,2,-0.491989,0.0153032,0.130565,32324.5
2.01,0.0149687,2,-0.491989,0.0153032,0.133567,34961.9
2.01,0.0149687,2,-0.491989,0.0153032,0.136568,36341.9
2.01,0.0149687,2,-0.491989,0.0153032,0.13957,30857.3
2.01,0.0149687,2,-0.491989,0.0153032,0.142571,31151.9
2.01,0.0149687,2,-0.491989,0.0153032,0.145573,32932.4
2.01,0.0149687,2,-0.491989,0.0153032,0.148574,31374.8
2.01,0.0149687,2,-0.491989,0.0153032,0.151576,29614.5
2.01,0.0149687,2,-0.491989,0.0153032,0.154577,36092.1
2.01,0.0149687,2,-0.491989,0.0153032,0.157579,29742.7
2.01,0.0149687,2,-0.491989,0.0153032,0.16058,29175.5
2.01,0.0149687,2,-0.491989,0.0153032,0.163582,30426.9
2.01,0.0149687,2,-0.491989,0.0153032,0.166583,29870.4
2.01,0.0149687,2,-0.491989,0.0153032,0.169585,28638
2.01,0.0149687,2,-0.491989,0.0153032,0.172586,28551.2
2.01,0.0149687,2,-0.491989,0.0153032,0.175588,26128.7
2.01,0.0149687,2,-0.491989,0.0153032,0.178589,-23405.8
2.01,0.0149687,2,-0.491989,0.0153032,0.181591,-28333.3
2.01,0.0149687,2,-0.491989,0.0153032,0.184592,-27803.6
2.01,0.0149687,2,-0.491989,0.0153032,0.187594,-28008.5
2.01,0.0149687,2,-0.491989,0.0153032,0.190595,-30800.7
2.01,0.0149687,2,-0.491989,0.0153032,0.193597,-32836.8
2.01,0.0149687,2,-0.491989,0.0153032,0.196598,-29120.6
2.01,0.0149687,2,-0.491989,0.0153032,0.1996,-30889.5
2.01,0.0149687,2,-0.491989,0.0153032,0.202601,-30534.3
2.01,0.0149687,2,-0.491989,0.0153032,0.205603,-30538
2.01,0.0149687,2,-0.491989,0.0153032,0.208604,-30330.5
2.01,0.0149687,2,-0.491989,0.0153032,0.211606,-30957.9
2.01,0.0149687,2,-0.491989,0.0153032,0.214607,-33328.6
2.01,0.0149687,2,-0.491989,0.0153032,0.217609,-31803.4
2.01,0.0149687,2,-0.491989,0.0153032,0.22061,-32909.8
2.01,0.0149687,2,-0.491989,0.0153032,0.223612,-32399.3
2.01,0.0149687,2,-0.491989,0.0153032,0.226613,-32477.5
2.01,0.0149687,2,-0.491989,0.0153032,0.229615,-32954.1
2.01,0.0149687,2,-0.491989,0.0153032,0.232616,-36091.4
2.01,0.0149687,2,-0.491989,0.0153032,0.235618,-31329.9
2.01,0.0149687,2,-0.491989,0.0153032,0.238619,-32275.6
2.01,0.0149687,2,-0.491989,0.0153032,0.241621,-32251
2.01,0.0149687,2,-0.491989,0.0153032,0.244622,-34436.3
2.01,0.0149687,2,-0.491989,0.0153032,0.247624,-32986.6
2.01,0.0149687,2,-0.491989,0.0153032,0.250625,-34491.9
2.01,0.0149687,2,-0.491989,0.0153032,0.253627,-33758.3
2.01,0.0149687,2,-0.491989,0.0153032,0.256628,-34797.5
2.01,0.0149687,2,-0.491989,0.0153032,0.25963,-38205.2
2.01,0.0149687,2,-0.491989,0.0153032,0.262631,-33877.8
2.01,0.0149687,2,-0.491989,0.0153032,0.265633,-32118.7
2.01,0.0149687,2,-0.491989,0.0153032,0.268634,-32981.6
2.01,0.0149687,2,-0.491989,0.0153032,0.271636,-35953.2
2.01,0.0149687,2,-0.491989,0.0153032,0.274637,-34908.3
2.01,0.0149687,2,-0.491989,0.0153032,0.277639,-35741.3
2.01,0.0149687,2,-0.491989,0.0153032,0.28064,-33877.6
2.01,0.0149687,2,-0.491989,0.0153032,0.283642,-41021.9
2.01,0.0149687,2,-0.491989,0.0153032,0.286643,-34233.9
2.01,0.0149687,2,-0.491989,0.0153032,0.289645,-34739.6
2.01,0.0149687,2,-0.491989,0.0153032,0.292646,-35276.6
2.01,0.0149687,2,-0.491989,0.0153032,0.295648,-32933.7
2.01,0.0149687,2,-0.491989,0.0153032,0.298649,-33402.6
2.01,0.0149687,2,-0.491989,0.0153032,0.301651,-35860.9
2.01,0.0149687,2,-0.491989,0.0153032,0.304652,-34606
2.01,0.0149687,2,-0.491989,0.0153032,0.307654,-35709.6
2.01,0.0149687,2,-0.491989,0.0153032,0.310655,-32954.9
2.01,0.0149687,2,-0.491989,0.0153032,0.313657,-37207.1
2.01,0.0149687,2,-0.491989,0.0153032,0.316658,-33985.3
2.01,0.0149687,2,-0.491989,0.0153032,0.31966,-34389.8
2.01,0.0149687,2,-0.491989,0.0153032,0.322661,-36286.8
2.01,0.0149687,2,-0.491989,0.0153032,0.325663,-35326.2
2.01,0.0149687,2,-0.491989,0.0153032,0.328664,-36629.1
2.01,0.0149687,2,-0.491989,0.0153032,0.331666,-35717.6
2.01,0.0149687,2,-0.491989,0.0153032,0.334667,-37049
2.01,0.0149687,2,-0.491989,0.0153032,0.337669,-33303.8
2.01,0.0149687,2,-0.491989,0.0153032,0.34067,-41258.8
2.01,0.0149687,2,-0.491989,0.0153032,0.343672,-33782.7
2.01,0.0149687,2,-0.491989,0.0153032,0.346673,-39295
2.01,0.0149687,2,-0.491989,0.0153032,0.349675,-34038.7
2.01,0.0149687,2,-0.491989,0.0153032,0.352676,-42050.1
2.01,0.0149687,2,-0.491989,0.0153032,0.355678,-34758.9
2.01,0.0149687,2,-0.491989,0.0153032,0.358679,-42656.1
2.01,0.0149687,2,-0.491989,0.0153032,0.361681,-34598.6
2.01,0.0149687,2,-0.491989,0.0153032,0.364682,-34953.7
2.01,0.0149687,2,-0.491989,0.0153032,0.367684,-38868.6
2.01,0.0149687,2,-0.491989,0.0153032,0.370685,-34692.6
2.01,0.0149687,2,-0.491989,0.0153032,0.373687,-35675.8
2.01,0.0149687,2,-0.491989,0.0153032,0.376688,-34888.3
2.01,0.0149687,2,-0.491989,0.0153032,0.37969,-35392
2.01,0.0149687,2,-0.491989,0.0153032,0.382691,-35669.7
2.01,0.0149687,2,-0.491989,0.0153032,0.385693,-35269.5
2.01,0.0149687,2,-0.491989,0.0153032,0.388694,-35226.8
2.01,0.0149687,2,-0.491989,0.0153032,0.391696,-41255.1
2.01,0.0149687,2,-0.491989,0.0153032,0.394697,-35447.1
2.01,0.0149687,2,-0.491989,0.0153032,0.397699,-33422.5
2.01,0.0149687,2,-0.491989,0.0153032,0.4007,-34743.2
2.01,0.0149687,2,-0.491989,0.0153032,0.403702,-34299.9
2.01,0.0149687,2,-0.491989,0.0153032,0.406703,-35094.9
2.01,0.0149687,2,-0.491989,0.0153032,0.409705,-36160.4
2.01,0.0149687,2,-0.491989,0.0153032,0.412706,-34409.1
2.01,0.0149687,2,-0.491989,0.0153032,0.415708,-35700.9
2.01,0.0149687,2,-0.491989,0.0153032,0.418709,-33889
2.01,0.0149687,2,-0.491989,0.0153032,0.421711,-41804.4
2.01,0.0149687,2,-0.491989,0.0153032,0.424712,-33633.7
2.01,0.0149687,2,-0.491989,0.0153032,0.427714,-37551.6
2.01,0.0149687,2,-0.491989,0.0153032,0.430715,-36625.7
2.01,0.0149687,2,-0.491989,0.0153032,0.433717,-39904.5
2.01,0.0149687,2,-0.491989,0.0153032,0.436718,-35598.8
2.01,0.0149687,2,-0.491989,0.0153032,0.43972,-38700
2.01,0.0149687,2,-0.491989,0.0153032,0.442721,-36688.7
2.01,0.0149687,2,-0.491989,0.0153032,0.445723,-34592.9
2.01,0.0149687,2,-0.491989,0.0153032,0.448724,-34424.2
2.01,0.0149687,2,-0.491989,0.0153032,0.451726,-34675.6
2.01,0.0149687,2,-0.491989,0.0153032,0.454727,-32790.7
2.01,0.0149687,2,-0.491989,0.0153032,0.457729,-34830.6
2.01,0.0149687,2,-0.491989,0.0153032,0.46073,-34312.4
2.01,0.0149687,2,-0.491989,0.0153032,0.463732,-33302.9
2.01,0.0149687,2,-0.491989,0.0153032,0.466733,-32518.1
2.01,0.0149687,2,-0.491989,0.0153032,0.469735,-34861.6
2.01,0.0149687,2,-0.491989,0.0153032,0.472736,-32423.6
2.01,0.0149687,2,-0.491989,0.0153032,0.475738,-33074.5
2.01,0.0149687,2,-0.491989,0.0153032,0.478739,-32332.9
2.01,0.0149687,2,-0.491989,0.0153032,0.481741,-35130
2.01,0.0149687,2,-0.491989,0.0153032,0.484742,-35448.6
2.01,0.0149687,2,-0.491989,0.0153032,0.487744,-32668.5
2.01,0.0149687,2,-0.491989,0.0153032,0.490745,-34304.3
2.01,0.0149687,2,-0.491989,0.0153032,0.493747,-31829.3
2.01,0.0149687,2,-0.491989,0.0153032,0.496748,-33290.5
2.01,0.0149687,2,-0.491989,0.0153032,0.49975,-38714.3
2.01,0.0149687,2,-0.491989,0.0153032,0.502751,-31633.2
2.01,0.0149687,2,-0.491989,0.0153032,0.505753,-33661.1
2.01,0.0149687,2,-0.491989,0.0153032,0.508754,-32080.5
2.01,0.0149687,2,-0.491989,0.0153032,0.511756,-31145.1
2.01,0.0149687,2,-0.491989,0.0153032,0.514757,-31459.4
2.01,0.0149687,2,-0.491989,0.0153032,0.517759,-32051
2.01,0.0149687,2,-0.491989,0.0153032,0.52076,-31286.5
2.01,0.0149687,2,-0.491989,0.0153032,0.523762,-31133.9
2.01,0.0149687,2,-0.491989,0.0153032,0.526763,-32483.2
2.01,0.0149687,2,-0.491989,0.0153032,0.529765,-30760.4
2.01,0.0149687,2,-0.491989,0.0153032,0.532766,-30281.3
2.01,0.0149687,2,-0.491989,0.0153032,0.535768,-31725.4
2.01,0.0149687,2,-0.491989,0.0153032,0.538769,-29299.7
2.01,0.0149687,2,-0.491989,0.0153032,0.541771,-32249.9
2.01,0.0149687,2,-0.491989,0.0153032,0.544772,-27118
2.01,0.0149687,2,-0.491989,0.0153032,0.547774,-26101.4
2.01,0.0149687,2,-0.491989,0.0153032,0.550775,27009
2.01,0.0149687,2,-0.491989,0.0153032,0.553777,27334
2.01,0.0149687,2,-0.491989,0.0153032,0.556778,29286.8
2.01,0.0149687,2,-0.491989,0.0153032,0.55978,28934.8
2.01,0.0149687,2,-0.491989,0.0153032,0.562781,29699.8
2.01,0.0149687,2,-0.491989,0.0153032,0.565783,37990.1
2.01,0.0149687,2,-0.491989,0.0153032,0.568784,37283.4
2.01,0.0149687,2,-0.491989,0.0153032,0.571786,36403.8
2.01,0.0149687,2,-0.491989,0.0153032,0.574787,35481.1
2.01,0.0149687,2,-0.491989,0.0153032,0.577789,32193.8
2.01,0.0149687,2,-0.491989,0.0153032,0.58079,31132.8
2.01,0.0149687,2,-0.491989,0.0153032,0.583792,31429.8
2.01,0.0149687,2,-0.491989,0.0153032,0.586793,33011.3
2.01,0.0149687,2,-0.491989,0.0153032,0.589795,32308.7
2.01,0.0149687,2,-0.491989,0.0153032,0.592796,33172.6
2.01,0.0149687,2,-0.491989,0.0153032,0.595798,35642.4
2.01,0.0149687,2,-0.491989,0.0153032,0.598799,33987.3
2.01,0.0149687,2,-0.491989,0.0153032,0.601801,35193.7
2.01,0.0149687,2,-0.491989,0.0153032,0.604802,33060.5
2.01,0.0149687,2,-0.491989,0.0153032,0.607804,33507.5
2.01,0.0149687,2,-0.491989,0.0153032,0.610805,37240.7
2.01,0.0149687,2,-0.491989,0.0153032,0.613807,35829.2
2.01,0.0149687,2,-0.491989,0.0153032,0.616808,35047.2
2.01,0.0149687,2,-0.491989,0.0153032,0.61981,34715.5
2.01,0.0149687,2,-0.491989,0.0153032,0.622811,36448.9
2.01,0.0149687,2,-0.491989,0.0153032,0.625813,34661.9
2.01,0.0149687,2,-0.491989,0.0153032,0.628814,35277.8
2.01,0.0149687,2,-0.491989,0.0153032,0.631816,35692.4
2.01,0.0149687,2,-0.491989,0.0153032,0.634817,35612.2
2.01,0.0149687,2,-0.491989,0.0153032,0.637819,37816.4
2.01,0.0149687,2,-0.491989,0.0153032,0.64082,42947.2
2.01,0.0149687,2,-0.491989,0.0153032,0.643822,35925.7
2.01,0.0149687,2,-0.491989,0.0153032,0.646823,34143.9
2.01,0.0149687,2,-0.491989,0.0153032,0.649825,34653.6
2.01,0.0149687,2,-0.491989,0.0153032,0.652826,34595.3
2.01,0.0149687,2,-0.491989,0.0153032,0.655828,36745.6
2.01,0.0149687,2,-0.491989,0.0153032,0.658829,38918.6
2.01,0.0149687,2,-0.491989,0.0153032,0.661831,37706.2
2.01,0.0149687,2,-0.491989,0.0153032,0.664832,36778
2.01,0.0149687,2,-0.491989,0.0153032,0.667834,37678.5
2.01,0.0149687,2,-0.491989,0.0153032,0.670835,38670.4
2.01,0.0149687,2,-0.491989,0.0153032,0.673837,37790.6
2.01,0.0149687,2,-0.491989,0.0153032,0.676838,37619.9
2.01,0.0149687,2,-0.491989,0.0153032,0.67984,37520.5
2.01,0.0149687,2,-0.491989,0.0153032,0.682841,34911.5
2.01,0.0149687,2,-0.491989,0.0153032,0.685843,36223.1
2.01,0.0149687,2,-0.491989,0.0153032,0.688844,37084.5
2.01,0.0149687,2,-0.491989,0.0153032,0.691846,37958.9
2.01,0.0149687,2,-0.491989,0.0153032,0.694847,37502.7
2.01,0.0149687,2,-0.491989,0.0153032,0.697849,35775.5
2.01,0.0149687,2,-0.491989,0.0153032,0.70085,36433.2
2.01,0.0149687,2,-0.491989,0.0153032,0.703852,36135.3
2.01,0.0149687,2,-0.491989,0.0153032,0.706853,37669.1
2.01,0.0149687,2,-0.491989,0.0153032,0.709855,38087.9
2.01,0.0149687,2,-0.491989,0.0153032,0.712856,38930.8
2.01,0.0149687,2,-0.491989,0.0153032,0.715858,35977
2.01,0.0149687,2,-0.491989,0.0153032,0.718859,35912.1
2.01,0.0149687,2,-0.491989,0.0153032,0.721861,36271.1
2.01,0.0149687,2,-0.491989,0.0153032,0.724862,40029.1
2.01,0.0149687,2,-0.491989,0.0153032,0.727864,35985.9
2.01,0.0149687,2,-0.491989,0.0153032,0.730865,37863.3
2.01,0.0149687,2,-0.491989,0.0153032,0.733867,38229.4
2.01,0.0149687,2,-0.491989,0.0153032,0.736868,37074.6
2.01,0.0149687,2,-0.491989,0.0153032,0.73987,37238.3
2.01,0.0149687,2,-0.491989,0.0153032,0.742871,38655.6
2.01,0.0149687,2,-0.491989,0.0153032,0.745873,39155.2
2.01,0.0149687,2,-0.491989,0.0153032,0.748874,36414.4
2.01,0.0149687,2,-0.491989,0.0153032,0.751876,38530.4
2.01,0.0149687,2,-0.491989,0.0153032,0.754877,37022.7
2.01,0.0149687,2,-0.491989,0.0153032,0.757879,35962.7
2.01,0.0149687,2,-0.491989,0.0153032,0.76088,36845.1
2.01,0.0149687,2,-0.491989,0.0153032,0.763882,37058.3
2.01,0.0149687,2,-0.491989,0.0153032,0.766883,37348.9
2.01,0.0149687,2,-0.491989,0.0153032,0.769885,38330
2.01,0.0149687,2,-0.491989,0.0153032,0.772886,37460.6
2.01,0.0149687,2,-0.491989,0.0153032,0.775888,37537
2.01,0.0149687,2,-0.491989,0.0153032,0.778889,36891.7
2.01,0.0149687,2,-0.491989,0.0153032,0.781891,36894.1
2.01,0.0149687,2,-0.491989,0.0153032,0.784892,40038.8
2.01,0.0149687,2,-0.491989,0.0153032,0.787894,37876.3
2.01,0.0149687,2,-0.491989,0.0153032,0.790895,38682.1
2.01,0.0149687,2,-0.491989,0.0153032,0.793897,39669.2
2.01,0.0149687,2,-0.491989,0.0153032,0.796898,36498.1
2.01,0.0149687,2,-0.491989,0.0153032,0.7999,39344.5
2.01,0.0149687,2,-0.491989,0.0153032,0.802901,36055.6
2.01,0.0149687,2,-0.491989,0.0153032,0.805903,38923.5
2.01,0.0149687,2,-0.491989,0.0153032,0.808904,37164.7
2.01,0.0149687,2,-0.491989,0.0153032,0.811906,36655.1
2.01,0.0149687,2,-0.491989,0.0153032,0.814907,36663.2
2.01,0.0149687,2,-0.491989,0.0153032,0.817909,38079
2.01,0.0149687,2,-0.491989,0.0153032,0.82091,36382.3
2.01,0.0149687,2,-0.491989,0.0153032,0.823912,38207.4
2.01,0.0149687,2,-0.491989,0.0153032,0.826913,37946.2
2.01,0.0149687,2,-0.491989,0.0153032,0.829915,35511.7
2.01,0.0149687,2,-0.491989,0.0153032,0.832916,36072.9
2.01,0.0149687,2,-0.491989,0.0153032,0.835918,35499.1
2.01,0.0149687,2,-0.491989,0.0153032,0.838919,38904.7
2.01,0.0149687,2,-0.491989,0.0153032,0.841921,35840.7
2.01,0.0149687,2,-0.491989,0.0153032,0.844922,37114.6
2.01,0.0149687,2,-0.491989,0.0153032,0.847924,35275.1
2.01,0.0149687,2,-0.491989,0.0153032,0.850925,43930
2.01,0.0149687,2,-0.491989,0.0153032,0.853927,35873.6
2.01,0.0149687,2,-0.491989,0.0153032,0.856928,36953.4
2.01,0.0149687,2,-0.491989,0.0153032,0.85993,35535.5
2.01,0.0149687,2,-0.491989,0.0153032,0.862931,44212.3
2.01,0.0149687,2,-0.491989,0.0153032,0.865933,34579.4
2.01,0.0149687,2,-0.491989,0.0153032,0.868934,36229.3
2.01,0.0149687,2,-0.491989,0.0153032,0.871936,34817.6
2.01,0.0149687,2,-0.491989,0.0153032,0.874937,35208
2.01,0.0149687,2,-0.491989,0.0153032,0.877939,34325.4
2.01,0.0149687,2,-0.491989,0.0153032,0.88094,33843.7
2.01,0.0149687,2,-0.491989,0.0153032,0.883942,34340.1
2.01,0.0149687,2,-0.491989,0.0153032,0.886943,33941.9
2.01,0.0149687,2,-0.491989,0.0153032,0.889945,34792.1
2.01,0.0149687,2,-0.491989,0.0153032,0.892946,32831.1
2.01,0.0149687,2,-0.491989,0.0153032,0.895948,33751
2.01,0.0149687,2,-0.491989,0.0153032,0.898949,33867.2
2.01,0.0149687,2,-0.491989,0.0153032,0.901951,32532.3
2.01,0.0149687,2,-0.491989,0.0153032,0.904952,37325.1
2.01,0.0149687,2,-0.491989,0.0153032,0.907954,31367.4
2.01,0.0149687,2,-0.491989,0.0153032,0.910955,24922.1
2.01,0.0149687,2,-0.491989,0.0153032,0.913957,-30610.7
2.01,0.0149687,2,-0.491989,0.0153032,0.916958,-31793.4
2.01,0.0149687,2,-0.491989,0.0153032,0.91996,-31983.7
2.01,0.0149687,2,-0.491989,0.0153032,0.922961,-37306.9
2.01,0.0149687,2,-0.491989,0.0153032,0.925963,-33867.7
2.01,0.0149687,2,-0.491989,0.0153032,0.928964,-34862.7
2.01,0.0149687,2,-0.491989,0.0153032,0.931966,-34397.1
2.01,0.0149687,2,-0.491989,0.0153032,0.934967,-36085.5
2.01,0.0149687,2,-0.491989,0.0153032,0.937969,-34502.9
2.01,0.0149687,2,-0.491989,0.0153032,0.94097,-35274.1
2.01,0.0149687,2,-0.491989,0.0153032,0.943972,-35602.9
2.01,0.0149687,2,-0.491989,0.0153032,0.946973,-35646.2
2.01,0.0149687,2,-0.491989,0.0153032,0.949975,-43778
2.01,0.0149687,2,-0.491989,0.0153032,0.952976,-37976.6
2.01,0.0149687,2,-0.491989,0.0153032,0.955978,-35832.2
2.01,0.0149687,2,-0.491989,0.0153032,0.958979,-38530.7
2.01,0.0149687,2,-0.491989,0.0153032,0.961981,-40162.8
2.01,0.0149687,2,-0.491989,0.0153032,0.964982,-36383.5
2.01,0.0149687,2,-0.491989,0.0153032,0.967984,-37354.2
2.01,0.0149687,2,-0.491989,0.0153032,0.970985,-39335.4
2.01,0.0149687,2,-0.491989,0.0153032,0.973987,-47032.6
2.01,0.0149687,2,-0.491989,0.0153032,0.976988,-37590.7
2.01,0.0149687,2,-0.491989,0.0153032,0.97999,-38347.3
2.01,0.0149687,2,-0.491989,0.0153032,0.982991,-40160
2.01,0.0149687,2,-0.491989,0.0153032,0.985993,-37769.2
2.01,0.0149687,2,-0.491989,0.0153032,0.988994,-40529.7
2.01,0.0149687,2,-0.491989,0.0153032,0.991996,-39138.6
2.01,0.0149687,2,-0.491989,0.0153032,0.994997,-42715.4
2.01,0.0149687,2,-0.491989,0.0153032,0.997999,-41023.8
2.01,0.0149687,2,-0.491989,0.0153032,1.001,-44335.4
2.01,0.0149687,2,-0.491989,0.0153032,1.004,-49332
2.01,0.0149687,2,-0.491989,0.0153032,1.007,-39623.3
2.01,0.0149687,2,-0.491989,0.0153032,1.01001,-41643.9
2.01,0.0149687,2,-0.491989,0.0153032,1.01301,-40751.4
2.01,0.0149687,2,-0.491989,0.0153032,1.01601,-44557
2.01,0.0149687,2,-0.491989,0.0153032,1.01901,-40594
2.01,0.0149687,2,-0.491989,0.0153032,1.02201,-45224.9
2.01,0.0149687,2,-0.491989,0.0153032,1.02501,-41259.4
2.01,0.0149687,2,-0.491989,0.0153032,1.02801,-40589.1
2.01,0.0149687,2,-0.491989,0.0153032,1.03102,-49786.3
2.01,0.0149687,2,-0.491989,0.0153032,1.03402,-42139.7
2.01,0.0149687,2,-0.491989,0.0153032,1.03702,-41743.4
2.01,0.0149687,2,-0.491989,0.0153032,1.04002,-43304
2.01,0.0149687,2,-0.491989,0.0153032,1.04302,-42543.4
2.01,0.0149687,2,-0.491989,0.0153032,1.04602,-42204.1
2.01,0.0149687,2,-0.491989,0.0153032,1.04902,-43651.5
2.01,0.0149687,2,-0.491989,0.0153032,1.05203,-44253.8
2.01,0.0149687,2,-0.491989,0.0153032,1.05503,-43036.4
2.01,0.0149687,2,-0.491989,0.0153032,1.05803,-41865.3
2.01,0.0149687,2,-0.491989,0.0153032,1.06103,-44386.3
2.01,0.0149687,2,-0.491989,0.0153032,1.06403,-42266.3
2.01,0.0149687,2,-0.491989,0.0153032,1.06703,-42001.8
2.01,0.0149687,2,-0.491989,0.0153032,1.07004,-47459.9
2.01,0.0149687,2,-0.491989,0.0153032,1.07304,-41816.1
2.01,0.0149687,2,-0.491989,0.0153032,1.07604,-52977.2
2.01,0.0149687,2,-0.491989,0.0153032,1.07904,-42090.5
2.01,0.0149687,2,-0.491989,0.0153032,1.08204,-44860.4
2.01,0.0149687,2,-0.491989,0.0153032,1.08504,-44259.6
2.01,0.0149687,2,-0.491989,0.0153032,1.08804,-48263
2.01,0.0149687,2,-0.491989,0.0153032,1.09105,-44584.4
2.01,0.0149687,2,-0.491989,0.0153032,1.09405,-47107.9
2.01,0.0149687,2,-0.491989,0.0153032,1.09705,-45936.6
2.01,0.0149687,2,-0.491989,0.0153032,1.10005,-44191.9
2.01,0.0149687,2,-0.491989,0.0153032,1.10305,-44132.8
2.01,0.0149687,2,-0.491989,0.0153032,1.10605,-45078.5
2.01,0.0149687,2,-0.491989,0.0153032,1.10905,-43718.4
2.01,0.0149687,2,-0.491989,0.0153032,1.11206,-46193.5
2.01,0.0149687,2,-0.491989,0.0153032,1.11506,-45873.9
2.01,0.0149687,2,-0.491989,0.0153032,1.11806,-45511
2.01,0.0149687,2,-0.491989,0.0153032,1.12106,-46649.6
2.01,0.0149687,2,-0.491989,0.0153032,1.12406,-50937.6
2.01,0.0149687,2,-0.491989,0.0153032,1.12706,-48350.4
2.01,0.0149687,2,-0.491989,0.0153032,1.13007,-53041.7
2.01,0.0149687,2,-0.491989,0.0153032,1.13307,-54326.3
2.01,0.0149687,2,-0.491989,0.0153032,1.13607,-48049.2
2.01,0.0149687,2,-0.491989,0.0153032,1.13907,-44347.3
2.01,0.0149687,2,-0.491989,0.0153032,1.14207,-47649.5
2.01,0.0149687,2,-0.491989,0.0153032,1.14507,-46460.4
2.01,0.0149687,2,-0.491989,0.0153032,1.14807,-46858.2
2.01,0.0149687,2,-0.491989,0.0153032,1.15108,-44294.2
2.01,0.0149687,2,-0.491989,0.0153032,1.15408,-46041.6
2.01,0.0149687,2,-0.491989,0.0153032,1.15708,-46867.2
2.01,0.0149687,2,-0.491989,0.0153032,1.16008,-44545.7
2.01,0.0149687,2,-0.491989,0.0153032,1.16308,-45366.4
2.01,0.0149687,2,-0.491989,0.0153032,1.16608,-46364.7
2.01,0.0149687,2,-0.491989,0.0153032,1.16908,-56668.9
2.01,0.0149687,2,-0.491989,0.0153032,1.17209,-49654.8
2.01,0.0149687,2,-0.491989,0.0153032,1.17509,-45337.8
2.01,0.0149687,2,-0.491989,0.0153032,1.17809,-48788.4
2.01,0.0149687,2,-0.491989,0.0153032,1.18109,-45900.9
2.01,0.0149687,2,-0.491989,0.0153032,1.18409,-46757.9
2.01,0.0149687,2,-0.491989,0.0153032,1.18709,-45954.1
2.01,0.0149687,2,-0.491989,0.0153032,1.1901,-51540.7
2.01,0.0149687,2,-0.491989,0.0153032,1.1931,-46743.4
2.01,0.0149687,2,-0.491989,0.0153032,1.1961,-50432.1
2.01,0.0149687,2,-0.491989,0.0153032,1.1991,-49740.2
2.01,0.0149687,2,-0.491989,0.0153032,1.2021,-46821.3
2.01,0.0149687,2,-0.491989,0.0153032,1.2051,-46624.2
2.01,0.0149687,2,-0.491989,0.0153032,1.2081,-46975.6
2.01,0.0149687,2,-0.491989,0.0153032,1.21111,-49328.3
2.01,0.0149687,2,-0.491989,0.0153032,1.21411,-46972.1
2.01,0.0149687,2,-0.491989,0.0153032,1.21711,-48624
2.01,0.0149687,2,-0.491989,0.0153032,1.22011,-46115
2.01,0.0149687,2,-0.491989,0.0153032,1.22311,-46760.6
2.01,0.0149687,2,-0.491989,0.0153032,1.22611,-46195.1
2.01,0.0149687,2,-0.491989,0.0153032,1.22911,-50048.9
2.01,0.0149687,2,-0.491989,0.0153032,1.23212,-49685.6
2.01,0.0149687,2,-0.491989,0.0153032,1.23512,-47463.6
2.01,0.0149687,2,-0.491989,0.0153032,1.23812,-50179.8
2.01,0.0149687,2,-0.491989,0.0153032,1.24112,-51312.2
2.01,0.0149687,2,-0.491989,0.0153032,1.24412,-56281.8
2.01,0.0149687,2,-0.491989,0.0153032,1.24712,-51941.2
2.01,0.0149687,2,-0.491989,0.0153032,1.25013,-49022.4
2.01,0.0149687,2,-0.491989,0.0153032,1.25313,-48938.7
2.01,0.0149687,2,-0.491989,0.0153032,1.25613,-48920.7
2.01,0.0149687,2,-0.491989,0.0153032,1.25913,-46937.2
2.01,0.0149687,2,-0.491989,0.0153032,1.26213,-46851.5
2.01,0.0149687,2,-0.491989,0.0153032,1.26513,-47580.8
2.01,0.0149687,2,-0.491989,0.0153032,1.26813,-49541.9
2.01,0.0149687,2,-0.491989,0.0153032,1.27114,-48939.3
2.01,0.0149687,2,-0.491989,0.0153032,1.27414,-50232
2.01,0.0149687,2,-0.491989,0.0153032,1.27714,-47172.5
2.01,0.0149687,2,-0.491989,0.0153032,1.28014,-47883.6
2.01,0.0149687,2,-0.491989,0.0153032,1.28314,-55337.1
2.01,0.0149687,2,-0.491989,0.0153032,1.28614,-52142.1
2.01,0.0149687,2,-0.491989,0.0153032,1.28914,-55062.8
2.01,0.0149687,2,-0.491989,0.0153032,1.29215,-47894.3
2.01,0.0149687,2,-0.491989,0.0153032,1.29515,-49379.4
2.01,0.0149687,2,-0.491989,0.0153032,1.29815,-58451.9
2.01,0.0149687,2,-0.491989,0.0153032,1.30115,-49701.6
2.01,0.0149687,2,-0.491989,0.0153032,1.30415,-50321
2.01,0.0149687,2,-0.491989,0.0153032,1.30715,-49266.4
2.01,0.0149687,2,-0.491989,0.0153032,1.31016,-49745.4
2.01,0.0149687,2,-0.491989,0.0153032,1.31316,-48860.2
2.01,0.0149687,2,-0.491989,0.0153032,1.31616,-48087.8
2.01,0.0149687,2,-0.491989,0.0153032,1.31916,-49475.4
2.01,0.0149687,2,-0.491989,0.0153032,1.32216,-48301.4
2.01,0.0149687,2,-0.491989,0.0153032,1.32516,-53014.5
2.01,0.0149687,2,-0.491989,0.0153032,1.32816,-50681.6
2.01,0.0149687,2,-0.491989,0.0153032,1.33117,-50742.7
2.01,0.0149687,2,-0.491989,0.0153032,1.33417,-48827
2.01,0.0149687,2,-0.491989,0.0153032,1.33717,-49221
2.01,0.0149687,2,-0.491989,0.0153032,1.34017,-53197.4
2.01,0.0149687,2,-0.491989,0.0153032,1.34317,-50385.2
2.01,0.0149687,2,-0.491989,0.0153032,1.34617,-53857.5
2.01,0.0149687,2,-0.491989,0.0153032,1.34917,-51020.2
2.01,0.0149687,2,-0.491989,0.0153032,1.35218,-50765.1
2.01,0.0149687,2,-0.491989,0.0153032,1.35518,-52103.4
2.01,0.0149687,2,-0.491989,0.0153032,1.35818,-52333.3
2.01,0.0149687,2,-0.491989,0.0153032,1.36118,-56620.8
2.01,0.0149687,2,-0.491989,0.0153032,1.36418,-51997.2
2.01,0.0149687,2,-0.491989,0.0153032,1.36718,-60987.5
2.01,0.0149687,2,-0.491989,0.0153032,1.37019,-51799.7
2.01,0.0149687,2,-0.491989,0.0153032,1.37319,-52234.6
2.01,0.0149687,2,-0.491989,0.0153032,1.37619,-62310.5
2.01,0.0149687,2,-0.491989,0.0153032,1.37919,-49571.9
2.01,0.0149687,2,-0.491989,0.0153032,1.38219,-52935.3
2.01,0.0149687,2,-0.491989,0.0153032,1.38519,-50165
2.01,0.0149687,2,-0.491989,0.0153032,1.38819,-50214.8
2.01,0.0149687,2,-0.491989,0.0153032,1.3912,-50819.1
2.01,0.0149687,2,-0.491989,0.0153032,1.3942,-50145.3
2.01,0.0149687,2,-0.491989,0.0153032,1.3972,-51353.7
2.01,0.0149687,2,-0.491989,0.0153032,1.4002,-48628.9
2.01,0.0149687,2,-0.491989,0.0153032,1.4032,-48944.2
2.01,0.0149687,2,-0.491989,0.0153032,1.4062,-50215.8
2.01,0.0149687,2,-0.491989,0.0153032,1.4092,-49743
2.01,0.0149687,2,-0.491989,0.0153032,1.41221,-49891
2.01,0.0149687,2,-0.491989,0.0153032,1.41521,-52512.3
2.01,0.0149687,2,-0.491989,0.0153032,1.41821,-48938.2
2.01,0.0149687,2,-0.491989,0.0153032,1.42121,-54329.5
2.01,0.0149687,2,-0.491989,0.0153032,1.42421,-53405
2.01,0.0149687,2,-0.491989,0.0153032,1.42721,-54151.9
2.01,0.0149687,2,-0.491989,0.0153032,1.43022,-54171.4
2.01,0.0149687,2,-0.491989,0.0153032,1.43322,-54503.1
2.01,0.0149687,2,-0.491989,0.0153032,1.43622,-51825.6
2.01,0.0149687,2,-0.491989,0.0153032,1.43922,-49041.6
2.01,0.0149687,2,-0.491989,0.0153032,1.44222,-52937.3
2.01,0.0149687,2,-0.491989,0.0153032,1.44522,-52732
2.01,0.0149687,2,-0.491989,0.0153032,1.44822,-56348
2.01,0.0149687,2,-0.491989,0.0153032,1.45123,-59859.2
2.01,0.0149687,2,-0.491989,0.0153032,1.45423,-50281.1
2.01,0.0149687,2,-0.491989,0.0153032,1.45723,-51234.6
2.01,0.0149687,2,-0.491989,0.0153032,1.46023,-50767.6
2.01,0.0149687,2,-0.491989,0.0153032,1.46323,-50805
2.01,0.0149687,2,-0.491989,0.0153032,1.46623,-54285
2.01,0.0149687,2,-0.491989,0.0153032,1.46923,-49909.1
2.01,0.0149687,2,-0.491989,0.0153032,1.47224,-51382.8
2.01,0.0149687,2,-0.491989,0.0153032,1.47524,-49689.3
2.01,0.0149687,2,-0.491989,0.0153032,1.47824,-53746.2
2.01,0.0149687,2,-0.491989,0.0153032,1.48124,-53869.3
2.01,0.0149687,2,-0.491989,0.0153032,1.48424,-54006.7
2.01,0.0149687,2,-0.491989,0.0153032,1.48724,-50991.4
2.01,0.0149687,2,-0.491989,0.0153032,1.49025,-50971.9
2.01,0.0149687,2,-0.491989,0.0153032,1.49325,-49126
2.01,0.0149687,2,-0.491989,0.0153032,1.49625,-52863.3
2.01,0.0149687,2,-0.491989,0.0153032,1.49925,-52926.9
2.01,0.0149687,2,-0.491989,0.0153032,1.50225,-63142.1
2.01,0.0149687,2,-0.491989,0.0153032,1.50525,-52755.5
2.01,0.0149687,2,-0.491989,0.0153032,1.50825,-51261.7
2.01,0.0149687,2,-0.491989,0.0153032,1.51126,-49204
2.01,0.0149687,2,-0.491989,0.0153032,1.51426,-49138.8
2.01,0.0149687,2,-0.491989,0.0153032,1.51726,-51699.2
2.01,0.0149687,2,-0.491989,0.0153032,1.52026,-49202.4
2.01,0.0149687,2,-0.491989,0.0153032,1.52326,-53077.5
2.01,0.0149687,2,-0.491989,0.0153032,1.52626,-50000.6
2.01,0.0149687,2,-0.491989,0.0153032,1.52926,-53080.8
2.01,0.0149687,2,-0.491989,0.0153032,1.53227,-51758.9
2.01,0.0149687,2,-0.491989,0.0153032,1.53527,-49188.9
2.01,0.0149687,2,-0.491989,0.0153032,1.53827,-51523.4
2.01,0.0149687,2,-0.491989,0.0153032,1.54127,-50861.1
2.01,0.0149687,2,-0.491989,0.0153032,1.54427,-49250.3
2.01,0.0149687,2,-0.491989,0.0153032,1.54727,-52945.8
2.01,0.0149687,2,-0.491989,0.0153032,1.55028,-52831.6
2.01,0.0149687,2,-0.491989,0.0153032,1.55328,-53620.7
2.01,0.0149687,2,-0.491989,0.0153032,1.55628,-49714.2
2.01,0.0149687,2,-0.491989,0.0153032,1.55928,-51077
2.01,0.0149687,2,-0.491989,0.0153032,1.56228,-53454
2.01,0.0149687,2,-0.491989,0.0153032,1.56528,-53482
2.01,0.0149687,2,-0.491989,0.0153032,1.56828,-50451.9
2.01,0.0149687,2,-0.491989,0.0153032,1.57129,-62407.5
2.01,0.0149687,2,-0.491989,0.0153032,1.57429,-52431.4
2.01,0.0149687,2,-0.491989,0.0153032,1.57729,-50553.2
2.01,0.0149687,2,-0.491989,0.0153032,1.58029,-52513.2
2.01,0.0149687,2,-0.491989,0.0153032,1.58329,-53447.1
2.01,0.0149687,2,-0.491989,0.0153032,1.58629,-61287.5
2.01,0.0149687,2,-0.491989,0.0153032,1.58929,-54248.3
2.01,0.0149687,2,-0.491989,0.0153032,1.5923,-48790.2
2.01,0.0149687,2,-0.491989,0.0153032,1.5953,-53723.2
2.01,0.0149687,2,-0.491989,0.0153032,1.5983,-50704.6
2.01,0.0149687,2,-0.491989,0.0153032,1.6013,-50413.4
2.01,0.0149687,2,-0.491989,0.0153032,1.6043,-48797.8
2.01,0.0149687,2,-0.491989,0.0153032,1.6073,-51465.9
2.01,0.0149687,2,-0.491989,0.0153032,1.61031,-58871
2.01,0.0149687,2,-0.491989,0.0153032,1.61331,-49690.6
2.01,0.0149687,2,-0.491989,0.0153032,1.61631,-58347.3
2.01,0.0149687,2,-0.491989,0.0153032,1.61931,-53616.3
2.01,0.0149687,2,-0.491989,0.0153032,1.62231,-51839.9
2.01,0.0149687,2,-0.491989,0.0153032,1.62531,-50426.6
2.01,0.0149687,2,-0.491989,0.0153032,1.62831,-49182.1
2.01,0.0149687,2,-0.491989,0.0153032,1.63132,-55951.9
2.01,0.0149687,2,-0.491989,0.0153032,1.63432,-49791.2
2.01,0.0149687,2,-0.491989,0.0153032,1.63732,-56569.3
2.01,0.0149687,2,-0.491989,0.0153032,1.64032,-51621.9
2.01,0.0149687,2,-0.491989,0.0153032,1.64332,-51388.8
2.01,0.0149687,2,-0.491989,0.0153032,1.64632,-53905.2
2.01,0.0149687,2,-0.491989,0.0153032,1.64932,-49823.7
2.01,0.0149687,2,-0.491989,0.0153032,1.65233,-49336.6
2.01,0.0149687,2,-0.491989,0.0153032,1.65533,-48955.3
2.01,0.0149687,2,-0.491989,0.0153032,1.65833,-48411.6
2.01,0.0149687,2,-0.491989,0.0153032,1.66133,-52377.5
2.01,0.0149687,2,-0.491989,0.0153032,1.66433,-49258.7
2.01,0.0149687,2,-0.491989,0.0153032,1.66733,-49788.7
2.01,0.0149687,2,-0.491989,0.0153032,1.67034,-60886.1
2.01,0.0149687,2,-0.491989,0.0153032,1.67334,-60071.7
2.01,0.0149687,2,-0.491989,0.0153032,1.67634,-49596.7
2.01,0.0149687,2,-0.491989,0.0153032,1.67934,-58527.5
2.01,0.0149687,2,-0.491989,0.0153032,1.68234,-47595.7
2.01,0.0149687,2,-0.491989,0.0153032,1.68534,-47488.2
2.01,0.0149687,2,-0.491989,0.0153032,1.68834,-58725
2.01,0.0149687,2,-0.491989,0.0153032,1.69135,-49005.7
2.01,0.0149687,2,-0.491989,0.0153032,1.69435,-49007.6
2.01,0.0149687,2,-0.491989,0.0153032,1.69735,-47699.1
2.01,0.0149687,2,-0.491989,0.0153032,1.70035,-52652.3
2.01,0.0149687,2,-0.491989,0.0153032,1.70335,-49941.3
2.01,0.0149687,2,-0.491989,0.0153032,1.70635,-50842.1
2.01,0.0149687,2,-0.491989,0.0153032,1.70935,-50276.1
2.01,0.0149687,2,-0.491989,0.0153032,1.71236,-47242.1
2.01,0.0149687,2,-0.491989,0.0153032,1.71536,-49420.8
2.01,0.0149687,2,-0.491989,0.0153032,1.71836,-47247.2
2.01,0.0149687,2,-0.491989,0.0153032,1.72136,-57283.4
2.01,0.0149687,2,-0.491989,0.0153032,1.72436,-47090.5
2.01,0.0149687,2,-0.491989,0.0153032,1.72736,-54586.5
2.01,0.0149687,2,-0.491989,0.0153032,1.73037,-50412.5
2.01,0.0149687,2,-0.491989,0.0153032,1.73337,-49501
2.01,0.0149687,2,-0.491989,0.0153032,1.73637,-48333.2
2.01,0.0149687,2,-0.491989,0.0153032,1.73937,-47879.5
2.01,0.0149687,2,-0.491989,0.0153032,1.74237,-45972.6
2.01,0.0149687,2,-0.491989,0.0153032,1.74537,-45944.7
2.01,0.0149687,2,-0.491989,0.0153032,1.74837,-47936
2.01,0.0149687,2,-0.491989,0.0153032,1.75138,-53617.4
2.01,0.0149687,2,-0.491989,0.0153032,1.75438,-55019.7
2.01,0.0149687,2,-0.491989,0.0153032,1.75738,-50602.7
2.01,0.0149687,2,-0.491989,0.0153032,1.76038,-52324.4
2.01,0.0149687,2,-0.491989,0.0153032,1.76338,-48152.2
2.01,0.0149687,2,-0.491989,0.0153032,1.76638,-46252.8
2.01,0.0149687,2,-0.491989,0.0153032,1.76938,-48836.5
2.01,0.0149687,2,-0.491989,0.0153032,1.77239,-45291.7
2.01,0.0149687,2,-0.491989,0.0153032,1.77539,-45906.6
2.01,0.0149687,2,-0.491989,0.0153032,1.77839,-46376.6
2.01,0.0149687,2,-0.491989,0.0153032,1.78139,-45292.2
2.01,0.0149687,2,-0.491989,0.0153032,1.78439,-45748
2.01,0.0149687,2,-0.491989,0.0153032,1.78739,-46492
2.01,0.0149687,2,-0.491989,0.0153032,1.7904,-44255.9
2.01,0.0149687,2,-0.491989,0.0153032,1.7934,-47668.4
2.01,0.0149687,2,-0.491989,0.0153032,1.7964,-50589.6
2.01,0.0149687,2,-0.491989,0.0153032,1.7994,-44195.6
2.01,0.0149687,2,-0.491989,0.0153032,1.8024,-45064
2.01,0.0149687,2,-0.491989,0.0153032,1.8054,-43617.9
2.01,0.0149687,2,-0.491989,0.0153032,1.8084,-46145.1
2.01,0.0149687,2,-0.491989,0.0153032,1.81141,-44207.3
2.01,0.0149687,2,-0.491989,0.0153032,1.81441,-43095.3
2.01,0.0149687,2,-0.491989,0.0153032,1.81741,-42422.2
2.01,0.0149687,2,-0.491989,0.0153032,1.82041,-47963.8
2.01,0.0149687,2,-0.491989,0.0153032,1.82341,-44655.9
2.01,0.0149687,2,-0.491989,0.0153032,1.82641,-42506.1
2.01,0.0149687,2,-0.491989,0.0153032,1.82941,-41861.9
2.01,0.0149687,2,-0.491989,0.0153032,1.83242,-43494.6
2.01,0.0149687,2,-0.491989,0.0153032,1.83542,-44368.5
2.01,0.0149687,2,-0.491989,0.0153032,1.83842,-43873.3
2.01,0.0149687,2,-0.491989,0.0153032,1.84142,-41630.8
2.01,0.0149687,2,-0.491989,0.0153032,1.84442,-40795.4
2.01,0.0149687,2,-0.491989,0.0153032,1.84742,-42254
2.01,0.0149687,2,-0.491989,0.0153032,1.85043,-43093.8
2.01,0.0149687,2,-0.491989,0.0153032,1.85343,-40301.5
2.01,0.0149687,2,-0.491989,0.0153032,1.85643,-40682.2
2.01,0.0149687,2,-0.491989,0.0153032,1.85943,-40357.8
2.01,0.0149687,2,-0.491989,0.0153032,1.86243,-50122.3
2.01,0.0149687,2,-0.491989,0.0153032,1.86543,-45605.6
2.01,0.0149687,2,-0.491989,0.0153032,1.86843,-39956.7
2.01,0.0149687,2,-0.491989,0.0153032,1.87144,-40295.4
2.01,0.0149687,2,-0.491989,0.0153032,1.87444,-38299.2
2.01,0.0149687,2,-0.491989,0.0153032,1.87744,-41158.5
2.01,0.0149687,2,-0.491989,0.0153032,1.88044,-40864.3
2.01,0.0149687,2,-0.491989,0.0153032,1.88344,-44942.4
2.01,0.0149687,2,-0.491989,0.0153032,1.88644,-36758.6
2.01,0.0149687,2,-0.491989,0.0153032,1.88944,-36635.7
2.01,0.0149687,2,-0.491989,0.0153032,1.89245,-37269.7
2.01,0.0149687,2,-0.491989,0.0153032,1.89545,-35060.9
2.01,0.0149687,2,-0.491989,0.0153032,1.89845,-37578.3
2.01,0.0149687,2,-0.491989,0.0153032,1.90145,-35013.5
2.01,0.0149687,2,-0.491989,0.0153032,1.90445,-34018.4
2.01,0.0149687,2,-0.491989,0.0153032,1.90745,-31232.6
2.01,0.0149687,2,-0.491989,0.0153032,1.91046,26829.9
2.01,0.0149687,2,-0.491989,0.0153032,1.91346,30251.2
2.01,0.0149687,2,-0.491989,0.0153032,1.91646,31558.5
2.01,0.0149687,2,-0.491989,0.0153032,1.91946,36667
2.01,0.0149687,2,-0.491989,0.0153032,1.92246,32468.7
2.01,0.0149687,2,-0.491989,0.0153032,1.92546,34936.5
2.01,0.0149687,2,-0.491989,0.0153032,1.92846,34857.8
2.01,0.0149687,2,-0.491989,0.0153032,1.93147,35021.5
2.01,0.0149687,2,-0.491989,0.0153032,1.93447,34284.7
2.01,0.0149687,2,-0.491989,0.0153032,1.93747,35509.6
2.01,0.0149687,2,-0.491989,0.0153032,1.94047,36795.6
2.01,0.0149687,2,-0.491989,0.0153032,1.94347,38521.4
2.01,0.0149687,2,-0.491989,0.0153032,1.94647,35025.1
2.01,0.0149687,2,-0.491989,0.0153032,1.94947,34420.4
2.01,0.0149687,2,-0.491989,0.0153032,1.95248,41732.1
2.01,0.0149687,2,-0.491989,0.0153032,1.95548,32952
2.01,0.0149687,2,-0.491989,0.0153032,1.95848,35174
2.01,0.0149687,2,-0.491989,0.0153032,1.96148,33591.7
2.01,0.0149687,2,-0.491989,0.0153032,1.96448,31765
2.01,0.0149687,2,-0.491989,0.0153032,1.96748,34628.9
2.01,0.0149687,2,-0.491989,0.0153032,1.97049,31001.2
2.01,0.0149687,2,-0.491989,0.0153032,1.97349,31754
2.01,0.0149687,2,-0.491989,0.0153032,1.97649,33985.6
2.01,0.0149687,2,-0.491989,0.0153032,1.97949,-26632.5
2.01,0.0149687,2,-0.491989,0.0153032,1.98249,-32459.6
2.01,0.0149687,2,-0.491989,0.0153032,1.98549,-31896.5
2.01,0.0149687,2,-0.491989,0.0153032,1.98849,-33113.9
2.01,0.0149687,2,-0.491989,0.0153032,1.9915,-33083.8
2.01,0.0149687,2,-0.491989,0.0153032,1.9945,-33323.2
2.01,0.0149687,2,-0.491989,0.0153032,1.9975,-32617.3
2.01,0.0149687,2,-0.491989,0.0153032,2.0005,-39285.3
2.01,0.0149687,2,-0.491989,0.0153032,2.0035,-33910.8
2.01,0.0149687,2,-0.491989,0.0153032,2.0065,-30401.4
2.01,0.0149687,2,-0.491989,0.0153032,2.0095,-28236.5
2.01,0.0149687,2,-0.491989,0.0153032,2.01251,30666.8
2.01,0.0149687,2,-0.491989,0.0153032,2.01551,32465.5
2.01,0.0149687,2,-0.491989,0.0153032,2.01851,33438.6
2.01,0.0149687,2,-0.491989,0.0153032,2.02151,37636.3
2.01,0.0149687,2,-0.491989,0.0153032,2.02451,41851.4
2.01,0.0149687,2,-0.491989,0.0153032,2.02751,42219.8
2.01,0.0149687,2,-0.491989,0.0153032,2.03052,39586.8
2.01,0.0149687,2,-0.491989,0.0153032,2.03352,38378.1
2.01,0.0149687,2,-0.491989,0.0153032,2.03652,38887.6
2.01,0.0149687,2,-0.491989,0.0153032,2.03952,41688.6
2.01,0.0149687,2,-0.491989,0.0153032,2.04252,38495.7
2.01,0.0149687,2,-0.491989,0.0153032,2.04552,42015
2.01,0.0149687,2,-0.491989,0.0153032,2.04852,40383.4
2.01,0.0149687,2,-0.491989,0.0153032,2.05153,45087.8
2.01,0.0149687,2,-0.491989,0.0153032,2.05453,44276
2.01,0.0149687,2,-0.491989,0.0153032,2.05753,47347.1
2.01,0.0149687,2,-0.491989,0.0153032,2.06053,44417.8
2.01,0.0149687,2,-0.491989,0.0153032,2.06353,50191.8
2.01,0.0149687,2,-0.491989,0.0153032,2.06653,43207.6
2.01,0.0149687,2,-0.491989,0.0153032,2.06953,50263.3
2.01,0.0149687,2,-0.491989,0.0153032,2.07254,43944.4
2.01,0.0149687,2,-0.491989,0.0153032,2.07554,45730.3
2.01,0.0149687,2,-0.491989,0.0153032,2.07854,46981.3
2.01,0.0149687,2,-0.491989,0.0153032,2.08154,47735.4
2.01,0.0149687,2,-0.491989,0.0153032,2.08454,46544.8
2.01,0.0149687,2,-0.491989,0.0153032,2.08754,47199.5
2.01,0.0149687,2,-0.491989,0.0153032,2.09055,48511.1
2.01,0.0149687,2,-0.491989,0.0153032,2.09355,50101.8
2.01,0.0149687,2,-0.491989,0.0153032,2.09655,53399.5
2.01,0.0149687,2,-0.491989,0.0153032,2.09955,48901.7
2.01,0.0149687,2,-0.491989,0.0153032,2.10255,49055.7
2.01,0.0149687,2,-0.491989,0.0153032,2.10555,53070.2
2.01,0.0149687,2,-0.491989,0.0153032,2.10855,50927.5
2.01,0.0149687,2,-0.491989,0.0153032,2.11156,48872.4
2.01,0.0149687,2,-0.491989,0.0153032,2.11456,52876.4
2.01,0.0149687,2,-0.491989,0.0153032,2.11756,57853.4
2.01,0.0149687,2,-0.491989,0.0153032,2.12056,50976.7
2.01,0.0149687,2,-0.491989,0.0153032,2.12356,51599.8
2.01,0.0149687,2,-0.491989,0.0153032,2.12656,50058.2
2.01,0.0149687,2,-0.491989,0.0153032,2.12956,50997.3
2.01,0.0149687,2,-0.491989,0.0153032,2.13257,52471.3
2.01,0.0149687,2,-0.491989,0.0153032,2.13557,50753.1
2.01,0.0149687,2,-0.491989,0.0153032,2.13857,52239.7
2.01,0.0149687,2,-0.491989,0.0153032,2.14157,51340.4
2.01,0.0149687,2,-0.491989,0.0153032,2.14457,52622.4
2.01,0.0149687,2,-0.491989,0.0153032,2.14757,52832.5
2.01,0.0149687,2,-0.491989,0.0153032,2.15058,54675.2
2.01,0.0149687,2,-0.491989,0.0153032,2.15358,52930.5
2.01,0.0149687,2,-0.491989,0.0153032,2.15658,54944.3
2.01,0.0149687,2,-0.491989,0.0153032,2.15958,54426.4
2.01,0.0149687,2,-0.491989,0.0153032,2.16258,57405.2
2.01,0.0149687,2,-0.491989,0.0153032,2.16558,55469
2.01,0.0149687,2,-0.491989,0.0153032,2.16858,55270.3
2.01,0.0149687,2,-0.491989,0.0153032,2.17159,59021.9
2.01,0.0149687,2,-0.491989,0.0153032,2.17459,57204
2.01,0.0149687,2,-0.491989,0.0153032,2.17759,57639.6
2.01,0.0149687,2,-0.491989,0.0153032,2.18059,55946.8
2.01,0.0149687,2,-0.491989,0.0153032,2.18359,56868.1
2.01,0.0149687,2,-0.491989,0.0153032,2.18659,59535.9
2.01,0.0149687,2,-0.491989,0.0153032,2.18959,65975.1
2.01,0.0149687,2,-0.491989,0.0153032,2.1926,60478.5
2.01,0.0149687,2,-0.491989,0.0153032,2.1956,58603.7
2.01,0.0149687,2,-0.491989,0.0153032,2.1986,62004.8
2.01,0.0149687,2,-0.491989,0.0153032,2.2016,59986.1
2.01,0.0149687,2,-0.491989,0.0153032,2.2046,59129.3
2.01,0.0149687,2,-0.491989,0.0153032,2.2076,66233.8
2.01,0.0149687,2,-0.491989,0.0153032,2.21061,63467.1
2.01,0.0149687,2,-0.491989,0.0153032,2.21361,62360.1
2.01,0.0149687,2,-0.491989,0.0153032,2.21661,60716.2
2.01,0.0149687,2,-0.491989,0.0153032,2.21961,62539.4
2.01,0.0149687,2,-0.491989,0.0153032,2.22261,71192.7
2.01,0.0149687,2,-0.491989,0.0153032,2.22561,65334.8
2.01,0.0149687,2,-0.491989,0.0153032,2.22861,66705.1
2.01,0.0149687,2,-0.491989,0.0153032,2.23162,62276.9
2.01,0.0149687,2,-0.491989,0.0153032,2.23462,65141.1
2.01,0.0149687,2,-0.491989,0.0153032,2.23762,67571.2
2.01,0.0149687,2,-0.491989,0.0153032,2.24062,71790.8
2.01,0.0149687,2,-0.491989,0.0153032,2.24362,65583.2
2.01,0.0149687,2,-0.491989,0.0153032,2.24662,64776.7
2.01,0.0149687,2,-0.491989,0.0153032,2.24962,74458.3
2.01,0.0149687,2,-0.491989,0.0153032,2.25263,71663.6
2.01,0.0149687,2,-0.491989,0.0153032,2.25563,68315.2
2.01,0.0149687,2,-0.491989,0.0153032,2.25863,77256.4
2.01,0.0149687,2,-0.491989,0.0153032,2.26163,69874.6
2.01,0.0149687,2,-0.491989,0.0153032,2.26463,71234.1
2.01,0.0149687,2,-0.491989,0.0153032,2.26763,71782.6
2.01,0.0149687,2,-0.491989,0.0153032,2.27064,67889.9
2.01,0.0149687,2,-0.491989,0.0153032,2.27364,80879.1
2.01,0.0149687,2,-0.491989,0.0153032,2.27664,74215.9
2.01,0.0149687,2,-0.491989,0.0153032,2.27964,69916.8
2.01,0.0149687,2,-0.491989,0.0153032,2.28264,74576.7
2.01,0.0149687,2,-0.491989,0.0153032,2.28564,77363.6
2.01,0.0149687,2,-0.491989,0.0153032,2.28864,74992.8
2.01,0.0149687,2,-0.491989,0.0153032,2.29165,73252
2.01,0.0149687,2,-0.491989,0.0153032,2.29465,71951.1
2.01,0.0149687,2,-0.491989,0.0153032,2.29765,75624
2.01,0.0149687,2,-0.491989,0.0153032,2.30065,73761.8
2.01,0.0149687,2,-0.491989,0.0153032,2.30365,76186.8
2.01,0.0149687,2,-0.491989,0.0153032,2.30665,72850.5
2.01,0.0149687,2,-0.491989,0.0153032,2.30965,83594.3
2.01,0.0149687,2,-0.491989,0.0153032,2.31266,74251.3
2.01,0.0149687,2,-0.491989,0.0153032,2.31566,90407.6
2.01,0.0149687,2,-0.491989,0.0153032,2.31866,80785.5
2.01,0.0149687,2,-0.491989,0.0153032,2.32166,77504.2
2.01,0.0149687,2,-0.491989,0.0153032,2.32466,80561.8
2.01,0.0149687,2,-0.491989,0.0153032,2.32766,76378.8
2.01,0.0149687,2,-0.491989,0.0153032,2.33067,78030.2
2.01,0.0149687,2,-0.491989,0.0153032,2.33367,77099
2.01,0.0149687,2,-0.491989,0.0153032,2.33667,79119.6
2.01,0.0149687,2,-0.491989,0.0153032,2.33967,80470
2.01,0.0149687,2,-0.491989,0.0153032,2.34267,78619.4
2.01,0.0149687,2,-0.491989,0.0153032,2.34567,81713.1
2.01,0.0149687,2,-0.491989,0.0153032,2.34867,83853.6
2.01,0.0149687,2,-0.491989,0.0153032,2.35168,85406.5
2.01,0.0149687,2,-0.491989,0.0153032,2.35468,80446.8
2.01,0.0149687,2,-0.491989,0.0153032,2.35768,81217.3
2.01,0.0149687,2,-0.491989,0.0153032,2.36068,85375.2
2.01,0.0149687,2,-0.491989,0.0153032,2.36368,81724.2
2.01,0.0149687,2,-0.491989,0.0153032,2.36668,91586.2
2.01,0.0149687,2,-0.491989,0.0153032,2.36968,85235.7
2.01,0.0149687,2,-0.491989,0.0153032,2.37269,85649.9
2.01,0.0149687,2,-0.491989,0.0153032,2.37569,83860.2
2.01,0.0149687,2,-0.491989,0.0153032,2.37869,92866.3
2.01,0.0149687,2,-0.491989,0.0153032,2.38169,93570.5
2.01,0.0149687,2,-0.491989,0.0153032,2.38469,88275.4
2.01,0.0149687,2,-0.491989,0.0153032,2.38769,91297.3
2.01,0.0149687,2,-0.491989,0.0153032,2.3907,93766
2.01,0.0149687,2,-0.491989,0.0153032,2.3937,88193.2
2.01,0.0149687,2,-0.491989,0.0153032,2.3967,89313
2.01,0.0149687,2,-0.491989,0.0153032,2.3997,90388.8
2.01,0.0149687,2,-0.491989,0.0153032,2.4027,97407.9
2.01,0.0149687,2,-0.491989,0.0153032,2.4057,91448.4
2.01,0.0149687,2,-0.491989,0.0153032,2.4087,94266.7
2.01,0.0149687,2,-0.491989,0.0153032,2.41171,91958.1
2.01,0.0149687,2,-0.491989,0.0153032,2.41471,99775.2
2.01,0.0149687,2,-0.491989,0.0153032,2.41771,92815.4
2.01,0.0149687,2,-0.491989,0.0153032,2.42071,96247.2
2.01,0.0149687,2,-0.491989,0.0153032,2.42371,98292.1
2.01,0.0149687,2,-0.491989,0.0153032,2.42671,93443.8
2.01,0.0149687,2,-0.491989,0.0153032,2.42971,95147.6
2.01,0.0149687,2,-0.491989,0.0153032,2.43272,98351.8
2.01,0.0149687,2,-0.491989,0.0153032,2.43572,106694
2.01,0.0149687,2,-0.491989,0.0153032,2.43872,95665.5
2.01,0.0149687,2,-0.491989,0.0153032,2.44172,98138.7
2.01,0.0149687,2,-0.491989,0.0153032,2.44472,98272.7
2.01,0.0149687,2,-0.491989,0.0153032,2.44772,102743
2.01,0.0149687,2,-0.491989,0.0153032,2.45073,102778
2.01,0.0149687,2,-0.491989,0.0153032,2.45373,103565
2.01,0.0149687,2,-0.491989,0.0153032,2.45673,100545
2.01,0.0149687,2,-0.491989,0.0153032,2.45973,106876
2.01,0.0149687,2,-0.491989,0.0153032,2.46273,102278
2.01,0.0149687,2,-0.491989,0.0153032,2.46573,112635
2.01,0.0149687,2,-0.491989,0.0153032,2.46873,101892
2.01,0.0149687,2,-0.491989,0.0153032,2.47174,110584
2.01,0.0149687,2,-0.491989,0.0153032,2.47474,103489
2.01,0.0149687,2,-0.491989,0.0153032,2.47774,109371
2.01,0.0149687,2,-0.491989,0.0153032,2.48074,109009
2.01,0.0149687,2,-0.491989,0.0153032,2.48374,111390
2.01,0.0149687,2,-0.491989,0.0153032,2.48674,105866
2.01,0.0149687,2,-0.491989,0.0153032,2.48974,120883
2.01,0.0149687,2,-0.491989,0.0153032,2.49275,108728
2.01,0.0149687,2,-0.491989,0.0153032,2.49575,115231
2.01,0.0149687,2,-0.491989,0.0153032,2.49875,108985
2.01,0.0149687,2,-0.491989,0.0153032,2.50175,124456
2.01,0.0149687,2,-0.491989,0.0153032,2.50475,120466
2.01,0.0149687,2,-0.491989,0.0153032,2.50775,116932
2.01,0.0149687,2,-0.491989,0.0153032,2.51076,112084
2.01,0.0149687,2,-0.491989,0.0153032,2.51376,120740
2.01,0.0149687,2,-0.491989,0.0153032,2.51676,116870
2.01,0.0149687,2,-0.491989,0.0153032,2.51976,118544
2.01,0.0149687,2,-0.491989,0.0153032,2.52276,115119
2.01,0.0149687,2,-0.491989,0.0153032,2.52576,121395
2.01,0.0149687,2,-0.491989,0.0153032,2.52876,117812
2.01,0.0149687,2,-0.491989,0.0153032,2.53177,120587
2.01,0.0149687,2,-0.491989,0.0153032,2.53477,118010
2.01,0.0149687,2,-0.491989,0.0153032,2.53777,119741
2.01,0.0149687,2,-0.491989,0.0153032,2.54077,126450
2.01,0.0149687,2,-0.491989,0.0153032,2.54377,128841
2.01,0.0149687,2,-0.491989,0.0153032,2.54677,123920
2.01,0.0149687,2,-0.491989,0.0153032,2.54977,121823
2.01,0.0149687,2,-0.491989,0.0153032,2.55278,123011
2.01,0.0149687,2,-0.491989,0.0153032,2.55578,125387
2.01,0.0149687,2,-0.491989,0.0153032,2.55878,132039
2.01,0.0149687,2,-0.491989,0.0153032,2.56178,129258
2.01,0.0149687,2,-0.491989,0.0153032,2.56478,137625
2.01,0.0149687,2,-0.491989,0.0153032,2.56778,130727
2.01,0.0149687,2,-0.491989,0.0153032,2.57079,128861
2.01,0.0149687,2,-0.491989,0.0153032,2.57379,130516
2.01,0.0149687,2,-0.491989,0.0153032,2.57679,134977
2.01,0.0149687,2,-0.491989,0.0153032,2.57979,132087
2.01,0.0149687,2,-0.491989,0.0153032,2.58279,141160
2.01,0.0149687,2,-0.491989,0.0153032,2.58579,138036
2.01,0.0149687,2,-0.491989,0.0153032,2.58879,132067
2.01,0.0149687,2,-0.491989,0.0153032,2.5918,139341
2.01,0.0149687,2,-0.491989,0.0153032,2.5948,134758
2.01,0.0149687,2,-0.491989,0.0153032,2.5978,138549
2.01,0.0149687,2,-0.491989,0.0153032,2.6008,138804
2.01,0.0149687,2,-0.491989,0.0153032,2.6038,137441
2.01,0.0149687,2,-0.491989,0.0153032,2.6068,145194
2.01,0.0149687,2,-0.491989,0.0153032,2.6098,149730
2.01,0.0149687,2,-0.491989,0.0153032,2.61281,140487
2.01,0.0149687,2,-0.491989,0.0153032,2.61581,141040
2.01,0.0149687,2,-0.491989,0.0153032,2.61881,152465
2.01,0.0149687,2,-0.491989,0.0153032,2.62181,147617
2.01,0.0149687,2,-0.491989,0.0153032,2.62481,153766
2.01,0.0149687,2,-0.491989,0.0153032,2.62781,156918
2.01,0.0149687,2,-0.491989,0.0153032,2.63082,144907
2.01,0.0149687,2,-0.491989,0.0153032,2.63382,149410
2.01,0.0149687,2,-0.491989,0.0153032,2.63682,152634
2.01,0.0149687,2,-0.491989,0.0153032,2.63982,158780
2.01,0.0149687,2,-0.491989,0.0153032,2.64282,160214
2.01,0.0149687,2,-0.491989,0.0153032,2.64582,155585
2.01,0.0149687,2,-0.491989,0.0153032,2.64882,155551
2.01,0.0149687,2,-0.491989,0.0153032,2.65183,158650
2.01,0.0149687,2,-0.491989,0.0153032,2.65483,156841
2.01,0.0149687,2,-0.491989,0.0153032,2.65783,163880
2.01,0.0149687,2,-0.491989,0.0153032,2.66083,162388
2.01,0.0149687,2,-0.491989,0.0153032,2.66383,171602
2.01,0.0149687,2,-0.491989,0.0153032,2.66683,161790
2.01,0.0149687,2,-0.491989,0.0153032,2.66983,160885
2.01,0.0149687,2,-0.491989,0.0153032,2.67284,173138
2.01,0.0149687,2,-0.491989,0.0153032,2.67584,173995
2.01,0.0149687,2,-0.491989,0.0153032,2.67884,166534
2.01,0.0149687,2,-0.491989,0.0153032,2.68184,172961
2.01,0.0149687,2,-0.491989,0.0153032,2.68484,166430
2.01,0.0149687,2,-0.491989,0.0153032,2.68784,166872
2.01,0.0149687,2,-0.491989,0.0153032,2.69085,173045
2.01,0.0149687,2,-0.491989,0.0153032,2.69385,175955
2.01,0.0149687,2,-0.491989,0.0153032,2.69685,175886
2.01,0.0149687,2,-0.491989,0.0153032,2.69985,173680
2.01,0.0149687,2,-0.491989,0.0153032,2.70285,171731
2.01,0.0149687,2,-0.491989,0.0153032,2.70585,173662
2.01,0.0149687,2,-0.491989,0.0153032,2.70885,178414
2.01,0.0149687,2,-0.491989,0.0153032,2.71186,184953
2.01,0.0149687,2,-0.491989,0.0153032,2.71486,178671
2.01,0.0149687,2,-0.491989,0.0153032,2.71786,181885
2.01,0.0149687,2,-0.491989,0.0153032,2.72086,181583
2.01,0.0149687,2,-0.491989,0.0153032,2.72386,191563
2.01,0.0149687,2,-0.491989,0.0153032,2.72686,192818
2.01,0.0149687,2,-0.491989,0.0153032,2.72986,184927
2.01,0.0149687,2,-0.491989,0.0153032,2.73287,190727
2.01,0.0149687,2,-0.491989,0.0153032,2.73587,190951
2.01,0.0149687,2,-0.491989,0.0153032,2.73887,191645
2.01,0.0149687,2,-0.491989,0.0153032,2.74187,201484
2.01,0.0149687,2,-0.491989,0.0153032,2.74487,207255
2.01,0.0149687,2,-0.491989,0.0153032,2.74787,193142
2.01,0.0149687,2,-0.491989,0.0153032,2.75088,191896
2.01,0.0149687,2,-0.491989,0.0153032,2.75388,202361
2.01,0.0149687,2,-0.491989,0.0153032,2.75688,205764
2.01,0.0149687,2,-0.491989,0.0153032,2.75988,206369
2.01,0.0149687,2,-0.491989,0.0153032,2.76288,196682
2.01,0.0149687,2,-0.491989,0.0153032,2.76588,203459
2.01,0.0149687,2,-0.491989,0.0153032,2.76888,208842
2.01,0.0149687,2,-0.491989,0.0153032,2.77189,203286
2.01,0.0149687,2,-0.491989,0.0153032,2.77489,206640
2.01,0.0149687,2,-0.491989,0.0153032,2.77789,209557
2.01,0.0149687,2,-0.491989,0.0153032,2.78089,207897
2.01,0.0149687,2,-0.491989,0.0153032,2.78389,210935
2.01,0.0149687,2,-0.491989,0.0153032,2.78689,211978
2.01,0.0149687,2,-0.491989,0.0153032,2.78989,215827
2.01,0.0149687,2,-0.491989,0.0153032,2.7929,214293
2.01,0.0149687,2,-0.491989,0.0153032,2.7959,213074
2.01,0.0149687,2,-0.491989,0.0153032,2.7989,220796
2.01,0.0149687,2,-0.491989,0.0153032,2.8019,219019
2.01,0.0149687,2,-0.491989,0.0153032,2.8049,223123
2.01,0.0149687,2,-0.491989,0.0153032,2.8079,227485
2.01,0.0149687,2,-0.491989,0.0153032,2.81091,224920
2.01,0.0149687,2,-0.491989,0.0153032,2.81391,240963
2.01,0.0149687,2,-0.491989,0.0153032,2.81691,231301
2.01,0.0149687,2,-0.491989,0.0153032,2.81991,228106
2.01,0.0149687,2,-0.491989,0.0153032,2.82291,236810
2.01,0.0149687,2,-0.491989,0.0153032,2.82591,242940
2.01,0.0149687,2,-0.491989,0.0153032,2.82891,232699
2.01,0.0149687,2,-0.491989,0.0153032,2.83192,257878
2.01,0.0149687,2,-0.491989,0.0153032,2.83492,235492
2.01,0.0149687,2,-0.491989,0.0153032,2.83792,240773
2.01,0.0149687,2,-0.491989,0.0153032,2.84092,242039
2.01,0.0149687,2,-0.491989,0.0153032,2.84392,251663
2.01,0.0149687,2,-0.491989,0.0153032,2.84692,250475
2.01,0.0149687,2,-0.491989,0.0153032,2.84992,247372
2.01,0.0149687,2,-0.491989,0.0153032,2.85293,247711
2.01,0.0149687,2,-0.491989,0.0153032,2.85593,260713
2.01,0.0149687,2,-0.491989,0.0153032,2.85893,278720
2.01,0.0149687,2,-0.491989,0.0153032,2.86193,279797
2.01,0.0149687,2,-0.491989,0.0153032,2.86493,268317
2.01,0.0149687,2,-0.491989,0.0153032,2.86793,259911
2.01,0.0149687,2,-0.491989,0.0153032,2.87094,261099
2.01,0.0149687,2,-0.491989,0.0153032,2.87394,274203
2.01,0.0149687,2,-0.491989,0.0153032,2.87694,274411
2.01,0.0149687,2,-0.491989,0.0153032,2.87994,265860
2.01,0.0149687,2,-0.491989,0.0153032,2.88294,274942
2.01,0.0149687,2,-0.491989,0.0153032,2.88594,270822
2.01,0.0149687,2,-0.491989,0.0153032,2.88894,285400
2.01,0.0149687,2,-0.491989,0.0153032,2.89195,271498
2.01,0.0149687,2,-0.491989,0.0153032,2.89495,275324
2.01,0.0149687,2,-0.491989,0.0153032,2.89795,289554
2.01,0.0149687,2,-0.491989,0.0153032,2.90095,282881
2.01,0.0149687,2,-0.491989,0.0153032,2.90395,284030
2.01,0.0149687,2,-0.491989,0.0153032,2.90695,294858
2.01,0.0149687,2,-0.491989,0.0153032,2.90995,280682
2.01,0.0149687,2,-0.491989,0.0153032,2.91296,289331
2.01,0.0149687,2,-0.491989,0.0153032,2.91596,304174
2.01,0.0149687,2,-0.491989,0.0153032,2.91896,291748
2.01,0.0149687,2,-0.491989,0.0153032,2.92196,294010
2.01,0.0149687,2,-0.491989,0.0153032,2.92496,299270
2.01,0.0149687,2,-0.491989,0.0153032,2.92796,307262
2.01,0.0149687,2,-0.491989,0.0153032,2.93097,307061
2.01,0.0149687,2,-0.491989,0.0153032,2.93397,305486
2.01,0.0149687,2,-0.491989,0.0153032,2.93697,307531
2.01,0.0149687,2,-0.491989,0.0153032,2.93997,317718
2.01,0.0149687,2,-0.491989,0.0153032,2.94297,307854
2.01,0.0149687,2,-0.491989,0.0153032,2.94597,328033
2.01,0.0149687,2,-0.491989,0.0153032,2.94897,320099
2.01,0.0149687,2,-0.491989,0.0153032,2.95198,322832
2.01,0.0149687,2,-0.491989,0.0153032,2.95498,328650
2.01,0.0149687,2,-0.491989,0.0153032,2.95798,337621
2.01,0.0149687,2,-0.491989,0.0153032,2.96098,335403
2.01,0.0149687,2,-0.491989,0.0153032,2.96398,348465
2.01,0.0149687,2,-0.491989,0.0153032,2.96698,331516
2.01,0.0149687,2,-0.491989,0.0153032,2.96998,327285
2.01,0.0149687,2,-0.491989,0.0153032,2.97299,333478
2.01,0.0149687,2,-0.491989,0.0153032,2.97599,343185
2.01,0.0149687,2,-0.491989,0.0153032,2.97899,349395
2.01,0.0149687,2,-0.491989,0.0153032,2.98199,340607
2.01,0.0149687,2,-0.491989,0.0153032,2.98499,350253
2.01,0.0149687,2,-0.491989,0.0153032,2.98799,345649
2.01,0.0149687,2,-0.491989,0.0153032,2.991,355674
2.01,0.0149687,2,-0.491989,0.0153032,2.994,362897
2.01,0.0149687,2,-0.491989,0.0153032,2.997,358316
2.01,0.0149687,2,-0.491989,0.0153032,3,361620

2.001,0.0210851,2,-0.400717,0.0194126,-3,-68281.2
2.001,0.0210851,2,-0.400717,0.0194126,-2.997,-65578.5
2.001,0.0210851,2,-0.400717,0.0194126,-2.994,-72775.9
2.001,0.0210851,2,-0.400717,0.0194126,-2.991,-74285.4
2.001,0.0210851,2,-0.400717,0.0194126,-2.98799,-74149.7
2.001,0.0210851,2,-0.400717,0.0194126,-2.98499,-60804.7
2.001,0.0210851,2,-0.400717,0.0194126,-2.98199,-76118
2.001,0.0210851,2,-0.400717,0.0194126,-2.97899,-68572.6
2.001,0.0210851,2,-0.400717,0.0194126,-2.97599,-73867.9
2.001,0.0210851,2,-0.400717,0.0194126,-2.97299,-60753.9
2.001,0.0210851,2,-0.400717,0.0194126,-2.96998,-64505.7
2.001,0.0210851,2,-0.400717,0.0194126,-2.96698,-64918.5
2.001,0.0210851,2,-0.400717,0.0194126,-2.96398,-68106.4
2.001,0.0210851,2,-0.400717,0.0194126,-2.96098,-64039.8
2.001,0.0210851,2,-0.400717,0.0194126,-2.95798,-65733.3
2.001,0.0210851,2,-0.400717,0.0194126,-2.95498,-64796.9
2.001,0.0210851,2,-0.400717,0.0194126,-2.95198,-63353.7
2.001,0.0210851,2,-0.400717,0.0194126,-2.94897,-66062.2
2.001,0.0210851,2,-0.400717,0.0194126,-2.94597,-59517.7
2.001,0.0210851,2,-0.400717,0.0194126,-2.94297,-63526.8
2.001,0.0210851,2,-0.400717,0.0194126,-2.93997,-63556.3
2.001,0.0210851,2,-0.400717,0.0194126,-2.93697,-73427.6
2.001,0.0210851,2,-0.400717,0.0194126,-2.93397,-65749.8
2.001,0.0210851,2,-0.400717,0.0194126,-2.93097,-76017.3
2.001,0.0210851,2,-0.400717,0.0194126,-2.92796,-71093.4
2.001,0.0210851,2,-0.400717,0.0194126,-2.92496,-64825.7
2.001,0.0210851,2,-0.400717,0.0194126,-2.92196,-68123.6
2.001,0.0210851,2,-0.400717,0.0194126,-2.91896,-64184.4
2.001,0.0210851,2,-0.400717,0.0194126,-2.91596,-63852.9
2.001,0.0210851,2,-0.400717,0.0194126,-2.91296,-67504.1
2.001,0.0210851,2,-0.400717,0.0194126,-2.90995,-60513.1
2.001,0.0210851,2,-0.400717,0.0194126,-2.90695,-60356.2
2.001,0.0210851,2,-0.400717,0.0194126,-2.90395,-61058
2.001,0.0210851,2,-0.400717,0.0194126,-2.90095,-64175.9
2.001,0.0210851,2,-0.400717,0.0194126,-2.89795,-64103.7
2.001,0.0210851,2,-0.400717,0.0194126,-2.89495,-61191.4
2.001,0.0210851,2,-0.400717,0.0194126,-2.89195,-60916.6
2.001,0.0210851,2,-0.400717,0.0194126,-2.88894,-69858
2.001,0.0210851,2,-0.400717,0.0194126,-2.88594,-64544.6
2.001,0.0210851,2,-0.400717,0.0194126,-2.88294,-61187.4
2.001,0.0210851,2,-0.400717,0.0194126,-2.87994,-60632.1
2.001,0.0210851,2,-0.400717,0.0194126,-2.87694,-63479.5
2.001,0.0210851,2,-0.400717,0.0194126,-2.87394,-59693
2.001,0.0210851,2,-0.400717,0.0194126,-2.87094,-59334.3
2.001,0.0210851,2,-0.400717,0.0194126,-2.86793,-60993.2
2.001,0.0210851,2,-0.400717,0.0194126,-2.86493,-59084.9
2.001,0.0210851,2,-0.400717,0.0194126,-2.86193,-61615
2.001,0.0210851,2,-0.400717,0.0194126,-2.85893,-59234.5
2.001,0.0210851,2,-0.400717,0.0194126,-2.85593,-62945.1
2.001,0.0210851,2,-0.400717,0.0194126,-2.85293,-61771.2
2.001,0.0210851,2,-0.400717,0.0194126,-2.84992,-59249.3
2.001,0.0210851,2,-0.400717,0.0194126,-2.84692,-60277.8
2.001,0.0210851,2,-0.400717,0.0194126,-2.84392,-60965.9
2.001,0.0210851,2,-0.400717,0.0194126,-2.84092,-62735.9
2.001,0.0210851,2,-0.400717,0.0194126,-2.83792,-59288.9
2.001,0.0210851,2,-0.400717,0.0194126,-2.83492,-60908.1
2.001,0.0210851,2,-0.400717,0.0194126,-2.83192,-59750.2
2.001,0.0210851,2,-0.400717,0.0194126,-2.82891,-59039
2.001,0.0210851,2,-0.400717,0.0194126,-2.82591,-72459.7
2.001,0.0210851,2,-0.400717,0.0194126,-2.82291,-64655.6
2.001,0.0210851,2,-0.400717,0.0194126,-2.81991,-63173.7
2.001,0.0210851,2,-0.400717,0.0194126,-2.81691,-61145.9
2.001,0.0210851,2,-0.400717,0.0194126,-2.81391,-58576
2.001,0.0210851,2,-0.400717,0.0194126,-2.81091,-57762.6
2.001,0.0210851,2,-0.400717,0.0194126,-2.8079,-61297.5
2.001,0.0210851,2,-0.400717,0.0194126,-2.8049,-61840.5
2.001,0.0210851,2,-0.400717,0.0194126,-2.8019,-60362.4
2.001,0.0210851,2,-0.400717,0.0194126,-2.7989,-58244
2.001,0.0210851,2,-0.400717,0.0194126,-2.7959,-56967.1
2.001,0.0210851,2,-0.400717,0.0194126,-2.7929,-59160
2.001,0.0210851,2,-0.400717,0.0194126,-2.78989,-58722.1
2.001,0.0210851,2,-0.400717,0.0194126,-2.78689,-60296.5
2.001,0.0210851,2,-0.400717,0.0194126,-2.78389,-61689.8
2.001,0.0210851,2,-0.400717,0.0194126,-2.78089,-56248.9
2.001,0.0210851,2,-0.400717,0.0194126,-2.77789,-56017.7
2.001,0.0210851,2,-0.400717,0.0194126,-2.77489,-57406.4
2.001,0.0210851,2,-0.400717,0.0194126,-2.77189,-60126.8
2.001,0.0210851,2,-0.400717,0.0194126,-2.76888,-58484
2.001,0.0210851,2,-0.400717,0.0194126,-2.76588,-59023.9
2.001,0.0210851,2,-0.400717,0.0194126,-2.76288,-60400.3
2.001,0.0210851,2,-0.400717,0.0194126,-2.75988,-56740.1
2.001,0.0210851,2,-0.400717,0.0194126,-2.75688,-57915.4
2.001,0.0210851,2,-0.400717,0.0194126,-2.75388,-54894.4
2.001,0.0210851,2,-0.400717,0.0194126,-2.75088,-58898.6
2.001,0.0210851,2,-0.400717,0.0194126,-2.74787,-60683.6
2.001,0.0210851,2,-0.400717,0.0194126,-2.74487,-55843.1
2.001,0.0210851,2,-0.400717,0.0194126,-2.74187,-58505.1
2.001,0.0210851,2,-0.400717,0.0194126,-2.73887,-59941.4
2.001,0.0210851,2,-0.400717,0.0194126,-2.73587,-58949.1
2.001,0.0210851,2,-0.400717,0.0194126,-2.73287,-57484.8
2.001,0.0210851,2,-0.400717,0.0194126,-2.72986,-62177.3
2.001,0.0210851,2,-0.400717,0.0194126,-2.72686,-58066.4
2.001,0.0210851,2,-0.400717,0.0194126,-2.72386,-54531.2
2.001,0.0210851,2,-0.400717,0.0194126,-2.72086,-60357.4
2.001,0.0210851,2,-0.400717,0.0194126,-2.71786,-56992.8
2.001,0.0210851,2,-0.400717,0.0194126,-2.71486,-53419.3
2.001,0.0210851,2,-0.400717,0.0194126,-2.71186,-52581.7
2.001,0.0210851,2,-0.400717,0.0194126,-2.70885,-51912.1
2.001,0.0210851,2,-0.400717,0.0194126,-2.70585,-64144
2.001,0.0210851,2,-0.400717,0.0194126,-2.70285,-57794.3
2.001,0.0210851,2,-0.400717,0.0194126,-2.69985,-51410.4
2.001,0.0210851,2,-0.400717,0.0194126,-2.69685,-49935.1
2.001,0.0210851,2,-0.400717,0.0194126,-2.69385,-55420.3
2.001,0.0210851,2,-0.400717,0.0194126,-2.69085,-52591.2
2.001,0.0210851,2,-0.400717,0.0194126,-2.68784,-49657.4
2.001,0.0210851,2,-0.400717,0.0194126,-2.68484,-48623.2
2.001,0.0210851,2,-0.400717,0.0194126,-2.68184,-55750.3
2.001,0.0210851,2,-0.400717,0.0194126,-2.67884,-49757.8
2.001,0.0210851,2,-0.400717,0.0194126,-2.67584,45996.4
2.001,0.0210851,2,-0.400717,0.0194126,-2.67284,50617.7
2.001,0.0210851,2,-0.400717,0.0194126,-2.66983,49503.2
2.001,0.0210851,2,-0.400717,0.0194126,-2.66683,49586.4
2.001,0.0210851,2,-0.400717,0.0194126,-2.66383,52798.3
2.001,0.0210851,2,-0.400717,0.0194126,-2.66083,55922.6
2.001,0.0210851,2,-0.400717,0.0194126,-2.65783,63838.5
2.001,0.0210851,2,-0.400717,0.0194126,-2.65483,54487.2
2.001,0.0210851,2,-0.400717,0.0194126,-2.65183,54502.5
2.001,0.0210851,2,-0.400717,0.0194126,-2.64882,65521
2.001,0.0210851,2,-0.400717,0.0194126,-2.64582,55624.1
2.001,0.0210851,2,-0.400717,0.0194126,-2.64282,58010.8
2.001,0.0210851,2,-0.400717,0.0194126,-2.63982,52616.7
2.001,0.0210851,2,-0.400717,0.0194126,-2.63682,53349.7
2.001,0.0210851,2,-0.400717,0.0194126,-2.63382,57455.6
2.001,0.0210851,2,-0.400717,0.0194126,-2.63082,52944.1
2.001,0.0210851,2,-0.400717,0.0194126,-2.62781,53856.1
2.001,0.0210851,2,-0.400717,0.0194126,-2.62481,54331.7
2.001,0.0210851,2,-0.400717,0.0194126,-2.62181,55779.7
2.001,0.0210851,2,-0.400717,0.0194126,-2.61881,55246
2.001,0.0210851,2,-0.400717,0.0194126,-2.61581,58168.3
2.001,0.0210851,2,-0.400717,0.0194126,-2.61281,54544.7
2.001,0.0210851,2,-0.400717,0.0194126,-2.6098,57940.6
2.001,0.0210851,2,-0.400717,0.0194126,-2.6068,55063.5
2.001,0.0210851,2,-0.400717,0.0194126,-2.6038,57277.2
2.001,0.0210851,2,-0.400717,0.0194126,-2.6008,58306.9
2.001,0.0210851,2,-0.400717,0.0194126,-2.5978,55423.8
2.001,0.0210851,2,-0.400717,0.0194126,-2.5948,62858.4
2.001,0.0210851,2,-0.400717,0.0194126,-2.5918,59733.5
2.001,0.0210851,2,-0.400717,0.0194126,-2.58879,57433.4
2.001,0.0210851,2,-0.400717,0.0194126,-2.58579,56482.8
2.001,0.0210851,2,-0.400717,0.0194126,-2.58279,57224.5
2.001,0.0210851,2,-0.400717,0.0194126,-2.57979,59409.4
2.001,0.0210851,2,-0.400717,0.0194126,-2.57679,61536.7
2.001,0.0210851,2,-0.400717,0.0194126,-2.57379,57827.2
2.001,0.0210851,2,-0.400717,0.0194126,-2.57079,59482.4
2.001,0.0210851,2,-0.400717,0.0194126,-2.56778,56973.7
2.001,0.0210851,2,-0.400717,0.0194126,-2.56478,58499.9
2.001,0.0210851,2,-0.400717,0.0194126,-2.56178,59906.4
2.001,0.0210851,2,-0.400717,0.0194126,-2.55878,61436.6
2.001,0.0210851,2,-0.400717,0.0194126,-2.55578,63077.2
2.001,0.0210851,2,-0.400717,0.0194126,-2.55278,57471.1
2.001,0.0210851,2,-0.400717,0.0194126,-2.54977,58808.3
2.001,0.0210851,2,-0.400717,0.0194126,-2.54677,67428.3
2.001,0.0210851,2,-0.400717,0.0194126,-2.54377,61335
2.001,0.0210851,2,-0.400717,0.0194126,-2.54077,62773.2
2.001,0.0210851,2,-0.400717,0.0194126,-2.53777,58266.6
2.001,0.0210851,2,-0.400717,0.0194126,-2.53477,62517.3
2.001,0.0210851,2,-0.400717,0.0194126,-2.53177,62400.7
2.001,0.0210851,2,-0.400717,0.0194126,-2.52876,59090.3
2.001,0.0210851,2,-0.400717,0.0194126,-2.52576,58476.6
2.001,0.0210851,2,-0.400717,0.0194126,-2.52276,60573.6
2.001,0.0210851,2,-0.400717,0.0194126,-2.51976,58612.1
2.001,0.0210851,2,-0.400717,0.0194126,-2.51676,59580.6
2.001,0.0210851,2,-0.400717,0.0194126,-2.51376,62514.2
2.001,0.0210851,2,-0.400717,0.0194126,-2.51076,61708.8
2.001,0.0210851,2,-0.400717,0.0194126,-2.50775,65772.3
2.001,0.0210851,2,-0.400717,0.0194126,-2.50475,59832.7
2.001,0.0210851,2,-0.400717,0.0194126,-2.50175,61703.4
2.001,0.0210851,2,-0.400717,0.0194126,-2.49875,61648.5
2.001,0.0210851,2,-0.400717,0.0194126,-2.49575,62538.1
2.001,0.0210851,2,-0.400717,0.0194126,-2.49275,60035.1
2.001,0.0210851,2,-0.400717,0.0194126,-2.48974,61134.6
2.001,0.0210851,2,-0.400717,0.0194126,-2.48674,59230.5
2.001,0.0210851,2,-0.400717,0.0194126,-2.48374,63033.1
2.001,0.0210851,2,-0.400717,0.0194126,-2.48074,63224.3
2.001,0.0210851,2,-0.400717,0.0194126,-2.47774,64102.5
2.001,0.0210851,2,-0.400717,0.0194126,-2.47474,64858.6
2.001,0.0210851,2,-0.400717,0.0194126,-2.47174,59705
2.001,0.0210851,2,-0.400717,0.0194126,-2.46873,60533.4
2.001,0.0210851,2,-0.400717,0.0194126,-2.46573,63073.4
2.001,0.0210851,2,-0.400717,0.0194126,-2.46273,65074.3
2.001,0.0210851,2,-0.400717,0.0194126,-2.45973,62393.4
2.001,0.0210851,2,-0.400717,0.0194126,-2.45673,64784.4
2.001,0.0210851,2,-0.400717,0.0194126,-2.45373,60568.2
2.001,0.0210851,2,-0.400717,0.0194126,-2.45073,62275.4
2.001,0.0210851,2,-0.400717,0.0194126,-2.44772,60491.3
2.001,0.0210851,2,-0.400717,0.0194126,-2.44472,60992.7
2.001,0.0210851,2,-0.400717,0.0194126,-2.44172,60322.6
2.001,0.0210851,2,-0.400717,0.0194126,-2.43872,62091.7
2.001,0.0210851,2,-0.400717,0.0194126,-2.43572,63996.3
2.001,0.0210851,2,-0.400717,0.0194126,-2.43272,64999.9
2.001,0.0210851,2,-0.400717,0.0194126,-2.42971,63700.1
2.001,0.0210851,2,-0.400717,0.0194126,-2.42671,62209.2
2.001,0.0210851,2,-0.400717,0.0194126,-2.42371,64366.7
2.001,0.0210851,2,-0.400717,0.0194126,-2.42071,67186.4
2.001,0.0210851,2,-0.400717,0.0194126,-2.41771,63240.4
2.001,0.0210851,2,-0.400717,0.0194126,-2.41471,66932.8
2.001,0.0210851,2,-0.400717,0.0194126,-2.41171,65599.8
2.001,0.0210851,2,-0.400717,0.0194126,-2.4087,61143
2.001,0.0210851,2,-0.400717,0.0194126,-2.4057,67914.4
2.001,0.0210851,2,-0.400717,0.0194126,-2.4027,65955.7
2.001,0.0210851,2,-0.400717,0.0194126,-2.3997,67795.2
2.001,0.0210851,2,-0.400717,0.0194126,-2.3967,63146.2
2.001,0.0210851,2,-0.400717,0.0194126,-2.3937,66470.8
2.001,0.0210851,2,-0.400717,0.0194126,-2.3907,63570.9
2.001,0.0210851,2,-0.400717,0.0194126,-2.38769,63545.6
2.001,0.0210851,2,-0.400717,0.0194126,-2.38469,61261.8
2.001,0.0210851,2,-0.400717,0.0194126,-2.38169,61303.2
2.001,0.0210851,2,-0.400717,0.0194126,-2.37869,68585
2.001,0.0210851,2,-0.400717,0.0194126,-2.37569,65897.7
2.001,0.0210851,2,-0.400717,0.0194126,-2.37269,72838.6
2.001,0.0210851,2,-0.400717,0.0194126,-2.36968,65210.5
2.001,0.0210851,2,-0.400717,0.0194126,-2.36668,66335.7
2.001,0.0210851,2,-0.400717,0.0194126,-2.36368,62566.8
2.001,0.0210851,2,-0.400717,0.0194126,-2.36068,62853
2.001,0.0210851,2,-0.400717,0.0194126,-2.35768,63057.4
2.001,0.0210851,2,-0.400717,0.0194126,-2.35468,60465.7
2.001,0.0210851,2,-0.400717,0.0194126,-2.35168,74869.6
2.001,0.0210851,2,-0.400717,0.0194126,-2.34867,63506.2
2.001,0.0210851,2,-0.400717,0.0194126,-2.34567,63737.3
2.001,0.0210851,2,-0.400717,0.0194126,-2.34267,66928
2.001,0.0210851,2,-0.400717,0.0194126,-2.33967,66938.3
2.001,0.0210851,2,-0.400717,0.0194126,-2.33667,67018.6
2.001,0.0210851,2,-0.400717,0.0194126,-2.33367,75159.9
2.001,0.0210851,2,-0.400717,0.0194126,-2.33067,64465.1
2.001,0.0210851,2,-0.400717,0.0194126,-2.32766,64233.9
2.001,0.0210851,2,-0.400717,0.0194126,-2.32466,64053.9
2.001,0.0210851,2,-0.400717,0.0194126,-2.32166,62183.4
2.001,0.0210851,2,-0.400717,0.0194126,-2.31866,67378.4
2.001,0.0210851,2,-0.400717,0.0194126,-2.31566,64495.3
2.001,0.0210851,2,-0.400717,0.0194126,-2.31266,61345.1
2.001,0.0210851,2,-0.400717,0.0194126,-2.30965,63946.8
2.001,0.0210851,2,-0.400717,0.0194126,-2.30665,65018.6
2.001,0.0210851,2,-0.400717,0.0194126,-2.30365,63492.6
2.001,0.0210851,2,-0.400717,0.0194126,-2.30065,60980.7
2.001,0.0210851,2,-0.400717,0.0194126,-2.29765,61338.7
2.001,0.0210851,2,-0.400717,0.0194126,-2.29465,63907
2.001,0.0210851,2,-0.400717,0.0194126,-2.29165,63807.6
2.001,0.0210851,2,-0.400717,0.0194126,-2.28864,63559.7
2.001,0.0210851,2,-0.400717,0.0194126,-2.28564,63427
2.001,0.0210851,2,-0.400717,0.0194126,-2.28264,60079
2.001,0.0210851,2,-0.400717,0.0194126,-2.27964,70561.4
2.001,0.0210851,2,-0.400717,0.0194126,-2.27664,67032.6
2.001,0.0210851,2,-0.400717,0.0194126,-2.27364,62909.1
2.001,0.0210851,2,-0.400717,0.0194126,-2.27064,62996.3
2.001,0.0210851,2,-0.400717,0.0194126,-2.26763,62487.9
2.001,0.0210851,2,-0.400717,0.0194126,-2.26463,60006
2.001,0.0210851,2,-0.400717,0.0194126,-2.26163,68602.4
2.001,0.0210851,2,-0.400717,0.0194126,-2.25863,64902
2.001,0.0210851,2,-0.400717,0.0194126,-2.25563,65111.3
2.001,0.0210851,2,-0.400717,0.0194126,-2.25263,66552.4
2.001,0.0210851,2,-0.400717,0.0194126,-2.24962,60782.5
2.001,0.0210851,2,-0.400717,0.0194126,-2.24662,60546.5
2.001,0.0210851,2,-0.400717,0.0194126,-2.24362,60563.6
2.001,0.0210851,2,-0.400717,0.0194126,-2.24062,60019.5
2.001,0.0210851,2,-0.400717,0.0194126,-2.23762,67005.8
2.001,0.0210851,2,-0.400717,0.0194126,-2.23462,66486.7
2.001,0.0210851,2,-0.400717,0.0194126,-2.23162,63501.2
2.001,0.0210851,2,-0.400717,0.0194126,-2.22861,61398.5
2.001,0.0210851,2,-0.400717,0.0194126,-2.22561,64106.6
2.001,0.0210851,2,-0.400717,0.0194126,-2.22261,61735.3
2.001,0.0210851,2,-0.400717,0.0194126,-2.21961,61275.5
2.001,0.0210851,2,-0.400717,0.0194126,-2.21661,59681.9
2.001,0.0210851,2,-0.400717,0.0194126,-2.21361,60186.2
2.001,0.0210851,2,-0.400717,0.0194126,-2.21061,62920.8
2.001,0.0210851,2,-0.400717,0.0194126,-2.2076,63848.8
2.001,0.0210851,2,-0.400717,0.0194126,-2.2046,59303.6
2.001,0.0210851,2,-0.400717,0.0194126,-2.2016,60731.9
2.001,0.0210851,2,-0.400717,0.0194126,-2.1986,61270.5
2.001,0.0210851,2,-0.400717,0.0194126,-2.1956,61495.7
2.001,0.0210851,2,-0.400717,0.0194126,-2.1926,59913.1
2.001,0.0210851,2,-0.400717,0.0194126,-2.18959,60197.7
2.001,0.0210851,2,-0.400717,0.0194126,-2.18659,60875.1
2.001,0.0210851,2,-0.400717,0.0194126,-2.18359,60243.8
2.001,0.0210851,2,-0.400717,0.0194126,-2.18059,61804.1
2.001,0.0210851,2,-0.400717,0.0194126,-2.17759,62094.6
2.001,0.0210851,2,-0.400717,0.0194126,-2.17459,61105.7
2.001,0.0210851,2,-0.400717,0.0194126,-2.17159,60324.5
2.001,0.0210851,2,-0.400717,0.0194126,-2.16858,61760.4
2.001,0.0210851,2,-0.400717,0.0194126,-2.16558,72608.8
2.001,0.0210851,2,-0.400717,0.0194126,-2.16258,64032.9
2.001,0.0210851,2,-0.400717,0.0194126,-2.15958,58539.7
2.001,0.0210851,2,-0.400717,0.0194126,-2.15658,62283.1
2.001,0.0210851,2,-0.400717,0.0194126,-2.15358,61811.1
2.001,0.0210851,2,-0.400717,0.0194126,-2.15058,71082.7
2.001,0.0210851,2,-0.400717,0.0194126,-2.14757,59627.7
2.001,0.0210851,2,-0.400717,0.0194126,-2.14457,63270.4
2.001,0.0210851,2,-0.400717,0.0194126,-2.14157,60183.4
2.001,0.0210851,2,-0.400717,0.0194126,-2.13857,61111.4
2.001,0.0210851,2,-0.400717,0.0194126,-2.13557,61665.5
2.001,0.0210851,2,-0.400717,0.0194126,-2.13257,57897.5
2.001,0.0210851,2,-0.400717,0.0194126,-2.12956,62370.7
2.001,0.0210851,2,-0.400717,0.0194126,-2.12656,65520.2
2.001,0.0210851,2,-0.400717,0.0194126,-2.12356,61380
2.001,0.0210851,2,-0.400717,0.0194126,-2.12056,59707.9
2.001,0.0210851,2,-0.400717,0.0194126,-2.11756,58293.9
2.001,0.0210851,2,-0.400717,0.0194126,-2.11456,57445.2
2.001,0.0210851,2,-0.400717,0.0194126,-2.11156,61851.8
2.001,0.0210851,2,-0.400717,0.0194126,-2.10855,62111.9
2.001,0.0210851,2,-0.400717,0.0194126,-2.10555,60485.3
2.001,0.0210851,2,-0.400717,0.0194126,-2.10255,59376.3
2.001,0.0210851,2,-0.400717,0.0194126,-2.09955,57190.2
2.001,0.0210851,2,-0.400717,0.0194126,-2.09655,60373.7
2.001,0.0210851,2,-0.400717,0.0194126,-2.09355,60468.3
2.001,0.0210851,2,-0.400717,0.0194126,-2.09055,61422.7
2.001,0.0210851,2,-0.400717,0.0194126,-2.08754,56591.1
2.001,0.0210851,2,-0.400717,0.0194126,-2.08454,57391.9
2.001,0.0210851,2,-0.400717,0.0194126,-2.08154,55488.8
2.001,0.0210851,2,-0.400717,0.0194126,-2.07854,70524.3
2.001,0.0210851,2,-0.400717,0.0194126,-2.07554,58962.7
2.001,0.0210851,2,-0.400717,0.0194126,-2.07254,58181.9
2.001,0.0210851,2,-0.400717,0.0194126,-2.06953,60333.1
2.001,0.0210851,2,-0.400717,0.0194126,-2.06653,59639.9
2.001,0.0210851,2,-0.400717,0.0194126,-2.06353,56793.6
2.001,0.0210851,2,-0.400717,0.0194126,-2.06053,65355.7
2.001,0.0210851,2,-0.400717,0.0194126,-2.05753,61461.6
2.001,0.0210851,2,-0.400717,0.0194126,-2.05453,54594.1
2.001,0.0210851,2,-0.400717,0.0194126,-2.05153,53272.2
2.001,0.0210851,2,-0.400717,0.0194126,-2.04852,56421.4
2.001,0.0210851,2,-0.400717,0.0194126,-2.04552,52990.8
2.001,0.0210851,2,-0.400717,0.0194126,-2.04252,55296.6
2.001,0.0210851,2,-0.400717,0.0194126,-2.03952,56081.2
2.001,0.0210851,2,-0.400717,0.0194126,-2.03652,66096.1
2.001,0.0210851,2,-0.400717,0.0194126,-2.03352,64929
2.001,0.0210851,2,-0.400717,0.0194126,-2.03052,52256.9
2.001,0.0210851,2,-0.400717,0.0194126,-2.02751,56029.5
2.001,0.0210851,2,-0.400717,0.0194126,-2.02451,56073.6
2.001,0.0210851,2,-0.400717,0.0194126,-2.02151,50857.5
2.001,0.0210851,2,-0.400717,0.0194126,-2.01851,52109.5
2.001,0.0210851,2,-0.400717,0.0194126,-2.01551,51446.1
2.001,0.0210851,2,-0.400717,0.0194126,-2.01251,46170
2.001,0.0210851,2,-0.400717,0.0194126,-2.0095,45892.1
2.001,0.0210851,2,-0.400717,0.0194126,-2.0065,-43717
2.001,0.0210851,2,-0.400717,0.0194126,-2.0035,-51522.8
2.001,0.0210851,2,-0.400717,0.0194126,-2.0005,-50527.7
2.001,0.0210851,2,-0.400717,0.0194126,-1.9975,-57017.4
2.001,0.0210851,2,-0.400717,0.0194126,-1.9945,-50817.8
2.001,0.0210851,2,-0.400717,0.0194126,-1.9915,-61300.4
2.001,0.0210851,2,-0.400717,0.0194126,-1.98849,-56605.3
2.001,0.0210851,2,-0.400717,0.0194126,-1.98549,-58119
2.001,0.0210851,2,-0.400717,0.0194126,-1.98249,-54813.1
2.001,0.0210851,2,-0.400717,0.0194126,-1.97949,-51947
2.001,0.0210851,2,-0.400717,0.0194126,-1.97649,-57214.8
2.001,0.0210851,2,-0.400717,0.0194126,-1.97349,-62830.7
2.001,0.0210851,2,-0.400717,0.0194126,-1.97049,-54005.6
2.001,0.0210851,2,-0.400717,0.0194126,-1.96748,-64013.4
2.001,0.0210851,2,-0.400717,0.0194126,-1.96448,-55266.1
2.001,0.0210851,2,-0.400717,0.0194126,-1.96148,-53943.7
2.001,0.0210851,2,-0.400717,0.0194126,-1.95848,-64291
2.001,0.0210851,2,-0.400717,0.0194126,-1.95548,-67833.4
2.001,0.0210851,2,-0.400717,0.0194126,-1.95248,-61067.1
2.001,0.0210851,2,-0.400717,0.0194126,-1.94947,-55808.7
2.001,0.0210851,2,-0.400717,0.0194126,-1.94647,-54940.1
2.001,0.0210851,2,-0.400717,0.0194126,-1.94347,-56154.5
2.001,0.0210851,2,-0.400717,0.0194126,-1.94047,-55606.8
2.001,0.0210851,2,-0.400717,0.0194126,-1.93747,-56662.8
2.001,0.0210851,2,-0.400717,0.0194126,-1.93447,-57984
2.001,0.0210851,2,-0.400717,0.0194126,-1.93147,-55919.9
2.001,0.0210851,2,-0.400717,0.0194126,-1.92846,-60684.5
2.001,0.0210851,2,-0.400717,0.0194126,-1.92546,-59822.9
2.001,0.0210851,2,-0.400717,0.0194126,-1.92246,-62382
2.001,0.0210851,2,-0.400717,0.0194126,-1.91946,-67348.2
2.001,0.0210851,2,-0.400717,0.0194126,-1.91646,-56987
2.001,0.0210851,2,-0.400717,0.0194126,-1.91346,-60170.5
2.001,0.0210851,2,-0.400717,0.0194126,-1.91046,-57384.5
2.001,0.0210851,2,-0.400717,0.0194126,-1.90745,-59100.7
2.001,0.0210851,2,-0.400717,0.0194126,-1.90445,-60893.4
2.001,0.0210851,2,-0.400717,0.0194126,-1.90145,-58264.6
2.001,0.0210851,2,-0.400717,0.0194126,-1.89845,-59863.4
2.001,0.0210851,2,-0.400717,0.0194126,-1.89545,-64235.4
2.001,0.0210851,2,-0.400717,0.0194126,-1.89245,-59162.3
2.001,0.0210851,2,-0.400717,0.0194126,-1.88944,-64292.1
2.001,0.0210851,2,-0.400717,0.0194126,-1.88644,-58622.2
2.001,0.0210851,2,-0.400717,0.0194126,-1.88344,-63376.1
2.001,0.0210851,2,-0.400717,0.0194126,-1.88044,-64803.9
2.001,0.0210851,2,-0.400717,0.0194126,-1.87744,-63405.5
2.001,0.0210851,2,-0.400717,0.0194126,-1.87444,-59587
2.001,0.0210851,2,-0.400717,0.0194126,-1.87144,-58805.6
2.001,0.0210851,2,-0.400717,0.0194126,-1.86843,-60383.5
2.001,0.0210851,2,-0.400717,0.0194126,-1.86543,-60666.9
2.001,0.0210851,2,-0.400717,0.0194126,-1.86243,-66012
2.001,0.0210851,2,-0.400717,0.0194126,-1.85943,-63254.5
2.001,0.0210851,2,-0.400717,0.0194126,-1.85643,-62020.3
2.001,0.0210851,2,-0.400717,0.0194126,-1.85343,-59636
2.001,0.0210851,2,-0.400717,0.0194126,-1.85043,-58760.1
2.001,0.0210851,2,-0.400717,0.0194126,-1.84742,-61591.6
2.001,0.0210851,2,-0.400717,0.0194126,-1.84442,-62050.5
2.001,0.0210851,2,-0.400717,0.0194126,-1.84142,-60227.2
2.001,0.0210851,2,-0.400717,0.0194126,-1.83842,-65275.1
2.001,0.0210851,2,-0.400717,0.0194126,-1.83542,-65286.7
2.001,0.0210851,2,-0.400717,0.0194126,-1.83242,-62072.2
2.001,0.0210851,2,-0.400717,0.0194126,-1.82941,-59733.3
2.001,0.0210851,2,-0.400717,0.0194126,-1.82641,-64975
2.001,0.0210851,2,-0.400717,0.0194126,-1.82341,-73020.8
2.001,0.0210851,2,-0.400717,0.0194126,-1.82041,-62242.3
2.001,0.0210851,2,-0.400717,0.0194126,-1.81741,-63092.9
2.001,0.0210851,2,-0.400717,0.0194126,-1.81441,-60172.4
2.001,0.0210851,2,-0.400717,0.0194126,-1.81141,-64180.5
2.001,0.0210851,2,-0.400717,0.0194126,-1.8084,-61719.4
2.001,0.0210851,2,-0.400717,0.0194126,-1.8054,-61971.3
2.001,0.0210851,2,-0.400717,0.0194126,-1.8024,-60142.9
2.001,0.0210851,2,-0.400717,0.0194126,-1.7994,-60744.6
2.001,0.0210851,2,-0.400717,0.0194126,-1.7964,-61352.8
2.001,0.0210851,2,-0.400717,0.0194126,-1.7934,-61905.8
2.001,0.0210851,2,-0.400717,0.0194126,-1.7904,-59852.8
2.001,0.0210851,2,-0.400717,0.0194126,-1.78739,-60140.7
2.001,0.0210851,2,-0.400717,0.0194126,-1.78439,-61438.3
2.001,0.0210851,2,-0.400717,0.0194126,-1.78139,-64051
2.001,0.0210851,2,-0.400717,0.0194126,-1.77839,-61901.3
2.001,0.0210851,2,-0.400717,0.0194126,-1.77539,-66233.3
2.001,0.0210851,2,-0.400717,0.0194126,-1.77239,-61060.6
2.001,0.0210851,2,-0.400717,0.0194126,-1.76938,-64136
2.001,0.0210851,2,-0.400717,0.0194126,-1.76638,-63327.4
2.001,0.0210851,2,-0.400717,0.0194126,-1.76338,-64453.5
2.001,0.0210851,2,-0.400717,0.0194126,-1.76038,-61556.5
2.001,0.0210851,2,-0.400717,0.0194126,-1.75738,-65224.7
2.001,0.0210851,2,-0.400717,0.0194126,-1.75438,-65197.4
2.001,0.0210851,2,-0.400717,0.0194126,-1.75138,-65193.9
2.001,0.0210851,2,-0.400717,0.0194126,-1.74837,-65079.5
2.001,0.0210851,2,-0.400717,0.0194126,-1.74537,-60999.4
2.001,0.0210851,2,-0.400717,0.0194126,-1.74237,-62329.8
2.001,0.0210851,2,-0.400717,0.0194126,-1.73937,-60177.4
2.001,0.0210851,2,-0.400717,0.0194126,-1.73637,-63691.7
2.001,0.0210851,2,-0.400717,0.0194126,-1.73337,-63519.9
2.001,0.0210851,2,-0.400717,0.0194126,-1.73037,-64177.8
2.001,0.0210851,2,-0.400717,0.0194126,-1.72736,-67816.1
2.001,0.0210851,2,-0.400717,0.0194126,-1.72436,-64570.4
2.001,0.0210851,2,-0.400717,0.0194126,-1.72136,-68123
2.001,0.0210851,2,-0.400717,0.0194126,-1.71836,-60953.8
2.001,0.0210851,2,-0.400717,0.0194126,-1.71536,-72585.9
2.001,0.0210851,2,-0.400717,0.0194126,-1.71236,-61123.4
2.001,0.0210851,2,-0.400717,0.0194126,-1.70935,-68364
2.001,0.0210851,2,-0.400717,0.0194126,-1.70635,-64922.2
2.001,0.0210851,2,-0.400717,0.0194126,-1.70335,-63892.5
2.001,0.0210851,2,-0.400717,0.0194126,-1.70035,-68479
2.001,0.0210851,2,-0.400717,0.0194126,-1.69735,-61394.1
2.001,0.0210851,2,-0.400717,0.0194126,-1.69435,-61435.6
2.001,0.0210851,2,-0.400717,0.0194126,-1.69135,-68510.9
2.001,0.0210851,2,-0.400717,0.0194126,-1.68834,-61521.6
2.001,0.0210851,2,-0.400717,0.0194126,-1.68534,-64469.7
2.001,0.0210851,2,-0.400717,0.0194126,-1.68234,-72906.4
2.001,0.0210851,2,-0.400717,0.0194126,-1.67934,-65079.4
2.001,0.0210851,2,-0.400717,0.0194126,-1.67634,-73306.8
2.001,0.0210851,2,-0.400717,0.0194126,-1.67334,-75534.6
2.001,0.0210851,2,-0.400717,0.0194126,-1.67034,-62237.8
2.001,0.0210851,2,-0.400717,0.0194126,-1.66733,-68637.2
2.001,0.0210851,2,-0.400717,0.0194126,-1.66433,-60723.2
2.001,0.0210851,2,-0.400717,0.0194126,-1.66133,-68059.3
2.001,0.0210851,2,-0.400717,0.0194126,-1.65833,-74702.5
2.001,0.0210851,2,-0.400717,0.0194126,-1.65533,-67307
2.001,0.0210851,2,-0.400717,0.0194126,-1.65233,-67396.8
2.001,0.0210851,2,-0.400717,0.0194126,-1.64932,-64458.9
2.001,0.0210851,2,-0.400717,0.0194126,-1.64632,-66942.5
2.001,0.0210851,2,-0.400717,0.0194126,-1.64332,-66966.9
2.001,0.0210851,2,-0.400717,0.0194126,-1.64032,-60018.8
2.001,0.0210851,2,-0.400717,0.0194126,-1.63732,-64128.1
2.001,0.0210851,2,-0.400717,0.0194126,-1.63432,-63647.6
2.001,0.0210851,2,-0.400717,0.0194126,-1.63132,-65416.2
2.001,0.0210851,2,-0.400717,0.0194126,-1.62831,-65034.7
2.001,0.0210851,2,-0.400717,0.0194126,-1.62531,-61518
2.001,0.0210851,2,-0.400717,0.0194126,-1.62231,-68455
2.001,0.0210851,2,-0.400717,0.0194126,-1.61931,-62187.2
2.001,0.0210851,2,-0.400717,0.0194126,-1.61631,-61732.2
2.001,0.0210851,2,-0.400717,0.0194126,-1.61331,-62933.3
2.001,0.0210851,2,-0.400717,0.0194126,-1.61031,-60793.9
2.001,0.0210851,2,-0.400717,0.0194126,-1.6073,-62619.2
2.001,0.0210851,2,-0.400717,0.0194126,-1.6043,-71544.6
2.001,0.0210851,2,-0.400717,0.0194126,-1.6013,-63675.9
2.001,0.0210851,2,-0.400717,0.0194126,-1.5983,-66333.5
2.001,0.0210851,2,-0.400717,0.0194126,-1.5953,-62505.4
2.001,0.0210851,2,-0.400717,0.0194126,-1.5923,-62323.2
2.001,0.0210851,2,-0.400717,0.0194126,-1.58929,-61278.2
2.001,0.0210851,2,-0.400717,0.0194126,-1.58629,-60607.4
2.001,0.0210851,2,-0.400717,0.0194126,-1.58329,-66679.4
2.001,0.0210851,2,-0.400717,0.0194126,-1.58029,-60415.4
2.001,0.0210851,2,-0.400717,0.0194126,-1.57729,-61709.7
2.001,0.0210851,2,-0.400717,0.0194126,-1.57429,-68016.3
2.001,0.0210851,2,-0.400717,0.0194126,-1.57129,-62886.9
2.001,0.0210851,2,-0.400717,0.0194126,-1.56828,-60068.2
2.001,0.0210851,2,-0.400717,0.0194126,-1.56528,-61193.9
2.001,0.0210851,2,-0.400717,0.0194126,-1.56228,-60318.5
2.001,0.0210851,2,-0.400717,0.0194126,-1.55928,-66704.4
2.001,0.0210851,2,-0.400717,0.0194126,-1.55628,-58947
2.001,0.0210851,2,-0.400717,0.0194126,-1.55328,-60700.7
2.001,0.0210851,2,-0.400717,0.0194126,-1.55028,-63907.5
2.001,0.0210851,2,-0.400717,0.0194126,-1.54727,-58713.6
2.001,0.0210851,2,-0.400717,0.0194126,-1.54427,-61494.2
2.001,0.0210851,2,-0.400717,0.0194126,-1.54127,-62269.8
2.001,0.0210851,2,-0.400717,0.0194126,-1.53827,-59474.7
2.001,0.0210851,2,-0.400717,0.0194126,-1.53527,-61091.3
2.001,0.0210851,2,-0.400717,0.0194126,-1.53227,-60039.2
2.001,0.0210851,2,-0.400717,0.0194126,-1.52926,-60061.8
2.001,0.0210851,2,-0.400717,0.0194126,-1.52626,-60399.4
2.001,0.0210851,2,-0.400717,0.0194126,-1.52326,-60861.7
2.001,0.0210851,2,-0.400717,0.0194126,-1.52026,-62093.6
2.001,0.0210851,2,-0.400717,0.0194126,-1.51726,-59904.1
2.001,0.0210851,2,-0.400717,0.0194126,-1.51426,-57959.6
2.001,0.0210851,2,-0.400717,0.0194126,-1.51126,-59188.9
2.001,0.0210851,2,-0.400717,0.0194126,-1.50825,-60336.3
2.001,0.0210851,2,-0.400717,0.0194126,-1.50525,-62176.7
2.001,0.0210851,2,-0.400717,0.0194126,-1.50225,-60318.8
2.001,0.0210851,2,-0.400717,0.0194126,-1.49925,-58360.5
2.001,0.0210851,2,-0.400717,0.0194126,-1.49625,-56421.1
2.001,0.0210851,2,-0.400717,0.0194126,-1.49325,-57140.1
2.001,0.0210851,2,-0.400717,0.0194126,-1.49025,-58912.4
2.001,0.0210851,2,-0.400717,0.0194126,-1.48724,-56653.1
2.001,0.0210851,2,-0.400717,0.0194126,-1.48424,-59935.1
2.001,0.0210851,2,-0.400717,0.0194126,-1.48124,-57594.3
2.001,0.0210851,2,-0.400717,0.0194126,-1.47824,-58892.7
2.001,0.0210851,2,-0.400717,0.0194126,-1.47524,-59995.1
2.001,0.0210851,2,-0.400717,0.0194126,-1.47224,-58714.8
2.001,0.0210851,2,-0.400717,0.0194126,-1.46923,-55587
2.001,0.0210851,2,-0.400717,0.0194126,-1.46623,-60215.3
2.001,0.0210851,2,-0.400717,0.0194126,-1.46323,-58520.3
2.001,0.0210851,2,-0.400717,0.0194126,-1.46023,-58000.4
2.001,0.0210851,2,-0.400717,0.0194126,-1.45723,-53920.6
2.001,0.0210851,2,-0.400717,0.0194126,-1.45423,-56020.5
2.001,0.0210851,2,-0.400717,0.0194126,-1.45123,-58820.4
2.001,0.0210851,2,-0.400717,0.0194126,-1.44822,-55580.1
2.001,0.0210851,2,-0.400717,0.0194126,-1.44522,-63236.3
2.001,0.0210851,2,-0.400717,0.0194126,-1.44222,-53844.5
2.001,0.0210851,2,-0.400717,0.0194126,-1.43922,-52483.1
2.001,0.0210851,2,-0.400717,0.0194126,-1.43622,-57833.1
2.001,0.0210851,2,-0.400717,0.0194126,-1.43322,-52943.9
2.001,0.0210851,2,-0.400717,0.0194126,-1.43022,-53927.6
2.001,0.0210851,2,-0.400717,0.0194126,-1.42721,-51016.4
2.001,0.0210851,2,-0.400717,0.0194126,-1.42421,-50433.6
2.001,0.0210851,2,-0.400717,0.0194126,-1.42121,-46878.3
2.001,0.0210851,2,-0.400717,0.0194126,-1.41821,43097.6
2.001,0.0210851,2,-0.400717,0.0194126,-1.41521,45755.1
2.001,0.0210851,2,-0.400717,0.0194126,-1.41221,59235.4
2.001,0.0210851,2,-0.400717,0.0194126,-1.4092,50865.8
2.001,0.0210851,2,-0.400717,0.0194126,-1.4062,63244.6
2.001,0.0210851,2,-0.400717,0.0194126,-1.4032,63056.2
2.001,0.0210851,2,-0.400717,0.0194126,-1.4002,51517.9
2.001,0.0210851,2,-0.400717,0.0194126,-1.3972,59675.8
2.001,0.0210851,2,-0.400717,0.0194126,-1.3942,52733.5
2.001,0.0210851,2,-0.400717,0.0194126,-1.3912,52770.7
2.001,0.0210851,2,-0.400717,0.0194126,-1.38819,56243.4
2.001,0.0210851,2,-0.400717,0.0194126,-1.38519,65443.8
2.001,0.0210851,2,-0.400717,0.0194126,-1.38219,59066.9
2.001,0.0210851,2,-0.400717,0.0194126,-1.37919,60054.2
2.001,0.0210851,2,-0.400717,0.0194126,-1.37619,57233.3
2.001,0.0210851,2,-0.400717,0.0194126,-1.37319,54933.1
2.001,0.0210851,2,-0.400717,0.0194126,-1.37019,55683.8
2.001,0.0210851,2,-0.400717,0.0194126,-1.36718,56725.2
2.001,0.0210851,2,-0.400717,0.0194126,-1.36418,55557.2
2.001,0.0210851,2,-0.400717,0.0194126,-1.36118,56236.6
2.001,0.0210851,2,-0.400717,0.0194126,-1.35818,59065.8
2.001,0.0210851,2,-0.400717,0.0194126,-1.35518,56166.1
2.001,0.0210851,2,-0.400717,0.0194126,-1.35218,59503.1
2.001,0.0210851,2,-0.400717,0.0194126,-1.34917,57213.6
2.001,0.0210851,2,-0.400717,0.0194126,-1.34617,59573.6
2.001,0.0210851,2,-0.400717,0.0194126,-1.34317,61981.7
2.001,0.0210851,2,-0.400717,0.0194126,-1.34017,57308.3
2.001,0.0210851,2,-0.400717,0.0194126,-1.33717,72994
2.001,0.0210851,2,-0.400717,0.0194126,-1.33417,59473
2.001,0.0210851,2,-0.400717,0.0194126,-1.33117,58044
2.001,0.0210851,2,-0.400717,0.0194126,-1.32816,57342.4
2.001,0.0210851,2,-0.400717,0.0194126,-1.32516,61698.2
2.001,0.0210851,2,-0.400717,0.0194126,-1.32216,61612.4
2.001,0.0210851,2,-0.400717,0.0194126,-1.31916,59288.6
2.001,0.0210851,2,-0.400717,0.0194126,-1.31616,62577.3
2.001,0.0210851,2,-0.400717,0.0194126,-1.31316,60629.3
2.001,0.0210851,2,-0.400717,0.0194126,-1.31016,74042
2.001,0.0210851,2,-0.400717,0.0194126,-1.30715,61306.4
2.001,0.0210851,2,-0.400717,0.0194126,-1.30415,63514.4
2.001,0.0210851,2,-0.400717,0.0194126,-1.30115,65688.8
2.001,0.0210851,2,-0.400717,0.0194126,-1.29815,64299.7
2.001,0.0210851,2,-0.400717,0.0194126,-1.29515,63944.6
2.001,0.0210851,2,-0.400717,0.0194126,-1.29215,73781.4
2.001,0.0210851,2,-0.400717,0.0194126,-1.28914,60730.2
2.001,0.0210851,2,-0.400717,0.0194126,-1.28614,59309.8
2.001,0.0210851,2,-0.400717,0.0194126,-1.28314,64387.7
2.001,0.0210851,2,-0.400717,0.0194126,-1.28014,60101.6
2.001,0.0210851,2,-0.400717,0.0194126,-1.27714,61240
2.001,0.0210851,2,-0.400717,0.0194126,-1.27414,63777.2
2.001,0.0210851,2,-0.400717,0.0194126,-1.27114,63519.2
2.001,0.0210851,2,-0.400717,0.0194126,-1.26813,61041.1
2.001,0.0210851,2,-0.400717,0.0194126,-1.26513,65745.8
2.001,0.0210851,2,-0.400717,0.0194126,-1.26213,64461.8
2.001,0.0210851,2,-0.400717,0.0194126,-1.25913,65431.1
2.001,0.0210851,2,-0.400717,0.0194126,-1.25613,66758.7
2.001,0.0210851,2,-0.400717,0.0194126,-1.25313,63810.2
2.001,0.0210851,2,-0.400717,0.0194126,-1.25013,62151.7
2.001,0.0210851,2,-0.400717,0.0194126,-1.24712,65751.1
2.001,0.0210851,2,-0.400717,0.0194126,-1.24412,63572
2.001,0.0210851,2,-0.400717,0.0194126,-1.24112,62177.6
2.001,0.0210851,2,-0.400717,0.0194126,-1.23812,62206.6
2.001,0.0210851,2,-0.400717,0.0194126,-1.23512,66232.2
2.001,0.0210851,2,-0.400717,0.0194126,-1.23212,63744.3
2.001,0.0210851,2,-0.400717,0.0194126,-1.22911,71709.7
2.001,0.0210851,2,-0.400717,0.0194126,-1.22611,62126
2.001,0.0210851,2,-0.400717,0.0194126,-1.22311,65963.6
2.001,0.0210851,2,-0.400717,0.0194126,-1.22011,63206.8
2.001,0.0210851,2,-0.400717,0.0194126,-1.21711,70628.1
2.001,0.0210851,2,-0.400717,0.0194126,-1.21411,62856.2
2.001,0.0210851,2,-0.400717,0.0194126,-1.21111,68871.8
2.001,0.0210851,2,-0.400717,0.0194126,-1.2081,61109.9
2.001,0.0210851,2,-0.400717,0.0194126,-1.2051,65560.4
2.001,0.0210851,2,-0.400717,0.0194126,-1.2021,62377.9
2.001,0.0210851,2,-0.400717,0.0194126,-1.1991,62738.5
2.001,0.0210851,2,-0.400717,0.0194126,-1.1961,63244.1
2.001,0.0210851,2,-0.400717,0.0194126,-1.1931,63661.9
2.001,0.0210851,2,-0.400717,0.0194126,-1.1901,62425
2.001,0.0210851,2,-0.400717,0.0194126,-1.18709,62993.3
2.001,0.0210851,2,-0.400717,0.0194126,-1.18409,60747.5
2.001,0.0210851,2,-0.400717,0.0194126,-1.18109,63455.6
2.001,0.0210851,2,-0.400717,0.0194126,-1.17809,65876
2.001,0.0210851,2,-0.400717,0.0194126,-1.17509,61169.6
2.001,0.0210851,2,-0.400717,0.0194126,-1.17209,64770.4
2.001,0.0210851,2,-0.400717,0.0194126,-1.16908,62420.4
2.001,0.0210851,2,-0.400717,0.0194126,-1.16608,61533.7
2.001,0.0210851,2,-0.400717,0.0194126,-1.16308,61839.5
2.001,0.0210851,2,-0.400717,0.0194126,-1.16008,62040.2
2.001,0.0210851,2,-0.400717,0.0194126,-1.15708,62312.6
2.001,0.0210851,2,-0.400717,0.0194126,-1.15408,68346.1
2.001,0.0210851,2,-0.400717,0.0194126,-1.15108,62795.1
2.001,0.0210851,2,-0.400717,0.0194126,-1.14807,64091.5
2.001,0.0210851,2,-0.400717,0.0194126,-1.14507,65401.2
2.001,0.0210851,2,-0.400717,0.0194126,-1.14207,63282.4
2.001,0.0210851,2,-0.400717,0.0194126,-1.13907,68447.2
2.001,0.0210851,2,-0.400717,0.0194126,-1.13607,63513.3
2.001,0.0210851,2,-0.400717,0.0194126,-1.13307,68345.3
2.001,0.0210851,2,-0.400717,0.0194126,-1.13007,63657.2
2.001,0.0210851,2,-0.400717,0.0194126,-1.12706,63807.1
2.001,0.0210851,2,-0.400717,0.0194126,-1.12406,63753.1
2.001,0.0210851,2,-0.400717,0.0194126,-1.12106,63858.6
2.001,0.0210851,2,-0.400717,0.0194126,-1.11806,63784.7
2.001,0.0210851,2,-0.400717,0.0194126,-1.11506,64901.3
2.001,0.0210851,2,-0.400717,0.0194126,-1.11206,63852.8
2.001,0.0210851,2,-0.400717,0.0194126,-1.10905,63778.2
2.001,0.0210851,2,-0.400717,0.0194126,-1.10605,63675.1
2.001,0.0210851,2,-0.400717,0.0194126,-1.10305,60877.2
2.001,0.0210851,2,-0.400717,0.0194126,-1.10005,66969.7
2.001,0.0210851,2,-0.400717,0.0194126,-1.09705,66817.5
2.001,0.0210851,2,-0.400717,0.0194126,-1.09405,63185.6
2.001,0.0210851,2,-0.400717,0.0194126,-1.09105,77881.6
2.001,0.0210851,2,-0.400717,0.0194126,-1.08804,77634.1
2.001,0.0210851,2,-0.400717,0.0194126,-1.08504,62946.9
2.001,0.0210851,2,-0.400717,0.0194126,-1.08204,68618.7
2.001,0.0210851,2,-0.400717,0.0194126,-1.07904,66213.6
2.001,0.0210851,2,-0.400717,0.0194126,-1.07604,66351.4
2.001,0.0210851,2,-0.400717,0.0194126,-1.07304,61818.3
2.001,0.0210851,2,-0.400717,0.0194126,-1.07004,61257
2.001,0.0210851,2,-0.400717,0.0194126,-1.06703,61419.1
2.001,0.0210851,2,-0.400717,0.0194126,-1.06403,60576.8
2.001,0.0210851,2,-0.400717,0.0194126,-1.06103,63721
2.001,0.0210851,2,-0.400717,0.0194126,-1.05803,65297.6
2.001,0.0210851,2,-0.400717,0.0194126,-1.05503,66730.8
2.001,0.0210851,2,-0.400717,0.0194126,-1.05203,60649.1
2.001,0.0210851,2,-0.400717,0.0194126,-1.04902,65817.1
2.001,0.0210851,2,-0.400717,0.0194126,-1.04602,63328
2.001,0.0210851,2,-0.400717,0.0194126,-1.04302,62821.3
2.001,0.0210851,2,-0.400717,0.0194126,-1.04002,60622.6
2.001,0.0210851,2,-0.400717,0.0194126,-1.03702,64957.6
2.001,0.0210851,2,-0.400717,0.0194126,-1.03402,62186.7
2.001,0.0210851,2,-0.400717,0.0194126,-1.03102,60611.6
2.001,0.0210851,2,-0.400717,0.0194126,-1.02801,60029.8
2.001,0.0210851,2,-0.400717,0.0194126,-1.02501,62027
2.001,0.0210851,2,-0.400717,0.0194126,-1.02201,64694.8
2.001,0.0210851,2,-0.400717,0.0194126,-1.01901,65374.7
2.001,0.0210851,2,-0.400717,0.0194126,-1.01601,61149
2.001,0.0210851,2,-0.400717,0.0194126,-1.01301,60494.2
2.001,0.0210851,2,-0.400717,0.0194126,-1.01001,62915
2.001,0.0210851,2,-0.400717,0.0194126,-1.007,62133.1
2.001,0.0210851,2,-0.400717,0.0194126,-1.004,64452
2.001,0.0210851,2,-0.400717,0.0194126,-1.001,62941.9
2.001,0.0210851,2,-0.400717,0.0194126,-0.997999,64954.5
2.001,0.0210851,2,-0.400717,0.0194126,-0.994997,60767.8
2.001,0.0210851,2,-0.400717,0.0194126,-0.991996,59810.2
2.001,0.0210851,2,-0.400717,0.0194126,-0.988994,59039.2
2.001,0.0210851,2,-0.400717,0.0194126,-0.985993,65012.2
2.001,0.0210851,2,-0.400717,0.0194126,-0.982991,59245.1
2.001,0.0210851,2,-0.400717,0.0194126,-0.97999,63639.5
2.001,0.0210851,2,-0.400717,0.0194126,-0.976988,62308
2.001,0.0210851,2,-0.400717,0.0194126,-0.973987,59019.8
2.001,0.0210851,2,-0.400717,0.0194126,-0.970985,58608.1
2.001,0.0210851,2,-0.400717,0.0194126,-0.967984,58212.9
2.001,0.0210851,2,-0.400717,0.0194126,-0.964982,60855.3
2.001,0.0210851,2,-0.400717,0.0194126,-0.961981,59460.3
2.001,0.0210851,2,-0.400717,0.0194126,-0.958979,61978.4
2.001,0.0210851,2,-0.400717,0.0194126,-0.955978,61636.4
2.001,0.0210851,2,-0.400717,0.0194126,-0.952976,70626.9
2.001,0.0210851,2,-0.400717,0.0194126,-0.949975,57969.1
2.001,0.0210851,2,-0.400717,0.0194126,-0.946973,59033.8
2.001,0.0210851,2,-0.400717,0.0194126,-0.943972,66904.1
2.001,0.0210851,2,-0.400717,0.0194126,-0.94097,58236.4
2.001,0.0210851,2,-0.400717,0.0194126,-0.937969,69889.6
2.001,0.0210851,2,-0.400717,0.0194126,-0.934967,57206.1
2.001,0.0210851,2,-0.400717,0.0194126,-0.931966,58962.6
2.001,0.0210851,2,-0.400717,0.0194126,-0.928964,68092.5
2.001,0.0210851,2,-0.400717,0.0194126,-0.925963,64758.6
2.001,0.0210851,2,-0.400717,0.0194126,-0.922961,61096.8
2.001,0.0210851,2,-0.400717,0.0194126,-0.91996,58422.2
2.001,0.0210851,2,-0.400717,0.0194126,-0.916958,57862
2.001,0.0210851,2,-0.400717,0.0194126,-0.913957,58096.4
2.001,0.0210851,2,-0.400717,0.0194126,-0.910955,57557.6
2.001,0.0210851,2,-0.400717,0.0194126,-0.907954,67387.6
2.001,0.0210851,2,-0.400717,0.0194126,-0.904952,60698
2.001,0.0210851,2,-0.400717,0.0194126,-0.901951,56732.2
2.001,0.0210851,2,-0.400717,0.0194126,-0.898949,53788
2.001,0.0210851,2,-0.400717,0.0194126,-0.895948,57511.6
2.001,0.0210851,2,-0.400717,0.0194126,-0.892946,55787.1
2.001,0.0210851,2,-0.400717,0.0194126,-0.889945,53941.1
2.001,0.0210851,2,-0.400717,0.0194126,-0.886943,60160.6
2.001,0.0210851,2,-0.400717,0.0194126,-0.883942,52406
2.001,0.0210851,2,-0.400717,0.0194126,-0.88094,57384.3
2.001,0.0210851,2,-0.400717,0.0194126,-0.877939,51176.6
2.001,0.0210851,2,-0.400717,0.0194126,-0.874937,48976.1
2.001,0.0210851,2,-0.400717,0.0194126,-0.871936,44382.2
2.001,0.0210851,2,-0.400717,0.0194126,-0.868934,-49760.3
2.001,0.0210851,2,-0.400717,0.0194126,-0.865933,-50895.6
2.001,0.0210851,2,-0.400717,0.0194126,-0.862931,-57589.1
2.001,0.0210851,2,-0.400717,0.0194126,-0.85993,-52420
2.001,0.0210851,2,-0.400717,0.0194126,-0.856928,-51528.4
2.001,0.0210851,2,-0.400717,0.0194126,-0.853927,-53087.8
2.001,0.0210851,2,-0.400717,0.0194126,-0.850925,-66308.1
2.001,0.0210851,2,-0.400717,0.0194126,-0.847924,-53454.3
2.001,0.0210851,2,-0.400717,0.0194126,-0.844922,-60230.6
2.001,0.0210851,2,-0.400717,0.0194126,-0.841921,-55265.3
2.001,0.0210851,2,-0.400717,0.0194126,-0.838919,-60696.9
2.001,0.0210851,2,-0.400717,0.0194126,-0.835918,-57356.3
2.001,0.0210851,2,-0.400717,0.0194126,-0.832916,-58461.5
2.001,0.0210851,2,-0.400717,0.0194126,-0.829915,-59682
2.001,0.0210851,2,-0.400717,0.0194126,-0.826913,-57330.4
2.001,0.0210851,2,-0.400717,0.0194126,-0.823912,-60808.1
2.001,0.0210851,2,-0.400717,0.0194126,-0.82091,-71226.3
2.001,0.0210851,2,-0.400717,0.0194126,-0.817909,-60155.9
2.001,0.0210851,2,-0.400717,0.0194126,-0.814907,-56991.1
2.001,0.0210851,2,-0.400717,0.0194126,-0.811906,-60258.2
2.001,0.0210851,2,-0.400717,0.0194126,-0.808904,-60723.4
2.001,0.0210851,2,-0.400717,0.0194126,-0.805903,-60738.2
2.001,0.0210851,2,-0.400717,0.0194126,-0.802901,-59582.1
2.001,0.0210851,2,-0.400717,0.0194126,-0.7999,-60989.4
2.001,0.0210851,2,-0.400717,0.0194126,-0.796898,-60961.3
2.001,0.0210851,2,-0.400717,0.0194126,-0.793897,-60807.3
2.001,0.0210851,2,-0.400717,0.0194126,-0.790895,-61445.2
2.001,0.0210851,2,-0.400717,0.0194126,-0.787894,-63984.4
2.001,0.0210851,2,-0.400717,0.0194126,-0.784892,-62964.4
2.001,0.0210851,2,-0.400717,0.0194126,-0.781891,-66907.6
2.001,0.0210851,2,-0.400717,0.0194126,-0.778889,-65333.5
2.001,0.0210851,2,-0.400717,0.0194126,-0.775888,-70881.6
2.001,0.0210851,2,-0.400717,0.0194126,-0.772886,-74772.7
2.001,0.0210851,2,-0.400717,0.0194126,-0.769885,-71562.9
2.001,0.0210851,2,-0.400717,0.0194126,-0.766883,-73741.5
2.001,0.0210851,2,-0.400717,0.0194126,-0.763882,-59764.8
2.001,0.0210851,2,-0.400717,0.0194126,-0.76088,-73472.7
2.001,0.0210851,2,-0.400717,0.0194126,-0.757879,-59967.6
2.001,0.0210851,2,-0.400717,0.0194126,-0.754877,-63401.9
2.001,0.0210851,2,-0.400717,0.0194126,-0.751876,-68745.6
2.001,0.0210851,2,-0.400717,0.0194126,-0.748874,-64371.3
2.001,0.0210851,2,-0.400717,0.0194126,-0.745873,-67582.5
2.001,0.0210851,2,-0.400717,0.0194126,-0.742871,-63303.2
2.001,0.0210851,2,-0.400717,0.0194126,-0.73987,-65461.8
2.001,0.0210851,2,-0.400717,0.0194126,-0.736868,-64581.8
2.001,0.0210851,2,-0.400717,0.0194126,-0.733867,-63226.4
2.001,0.0210851,2,-0.400717,0.0194126,-0.730865,-60823.8
2.001,0.0210851,2,-0.400717,0.0194126,-0.727864,-60521
2.001,0.0210851,2,-0.400717,0.0194126,-0.724862,-61636.5
2.001,0.0210851,2,-0.400717,0.0194126,-0.721861,-64427.2
2.001,0.0210851,2,-0.400717,0.0194126,-0.718859,-72426.6
2.001,0.0210851,2,-0.400717,0.0194126,-0.715858,-62035
2.001,0.0210851,2,-0.400717,0.0194126,-0.712856,-63688.5
2.001,0.0210851,2,-0.400717,0.0194126,-0.709855,-61517.2
2.001,0.0210851,2,-0.400717,0.0194126,-0.706853,-65643.6
2.001,0.0210851,2,-0.400717,0.0194126,-0.703852,-67754.5
2.001,0.0210851,2,-0.400717,0.0194126,-0.70085,-63785.2
2.001,0.0210851,2,-0.400717,0.0194126,-0.697849,-63343.5
2.001,0.0210851,2,-0.400717,0.0194126,-0.694847,-64538.2
2.001,0.0210851,2,-0.400717,0.0194126,-0.691846,-78591.2
2.001,0.0210851,2,-0.400717,0.0194126,-0.688844,-65668.8
2.001,0.0210851,2,-0.400717,0.0194126,-0.685843,-66619.6
2.001,0.0210851,2,-0.400717,0.0194126,-0.682841,-62995.5
2.001,0.0210851,2,-0.400717,0.0194126,-0.67984,-66371.5
2.001,0.0210851,2,-0.400717,0.0194126,-0.676838,-61700.2
2.001,0.0210851,2,-0.400717,0.0194126,-0.673837,-67597
2.001,0.0210851,2,-0.400717,0.0194126,-0.670835,-74112.8
2.001,0.0210851,2,-0.400717,0.0194126,-0.667834,-63422.6
2.001,0.0210851,2,-0.400717,0.0194126,-0.664832,-67547.6
2.001,0.0210851,2,-0.400717,0.0194126,-0.661831,-75959.4
2.001,0.0210851,2,-0.400717,0.0194126,-0.658829,-68123.6
2.001,0.0210851,2,-0.400717,0.0194126,-0.655828,-77005.7
2.001,0.0210851,2,-0.400717,0.0194126,-0.652826,-66360.1
2.001,0.0210851,2,-0.400717,0.0194126,-0.649825,-78820.8
2.001,0.0210851,2,-0.400717,0.0194126,-0.646823,-74991.1
2.001,0.0210851,2,-0.400717,0.0194126,-0.643822,-67830.5
2.001,0.0210851,2,-0.400717,0.0194126,-0.64082,-68389
2.001,0.0210851,2,-0.400717,0.0194126,-0.637819,-62731.5
2.001,0.0210851,2,-0.400717,0.0194126,-0.634817,-69290.4
2.001,0.0210851,2,-0.400717,0.0194126,-0.631816,-69591.8
2.001,0.0210851,2,-0.400717,0.0194126,-0.628814,-64992.9
2.001,0.0210851,2,-0.400717,0.0194126,-0.625813,-70353.6
2.001,0.0210851,2,-0.400717,0.0194126,-0.622811,-70712.2
2.001,0.0210851,2,-0.400717,0.0194126,-0.61981,-67975.4
2.001,0.0210851,2,-0.400717,0.0194126,-0.616808,-64265.2
2.001,0.0210851,2,-0.400717,0.0194126,-0.613807,-71560.1
2.001,0.0210851,2,-0.400717,0.0194126,-0.610805,-64639.1
2.001,0.0210851,2,-0.400717,0.0194126,-0.607804,-64579.2
2.001,0.0210851,2,-0.400717,0.0194126,-0.604802,-65279.5
2.001,0.0210851,2,-0.400717,0.0194126,-0.601801,-72651.2
2.001,0.0210851,2,-0.400717,0.0194126,-0.598799,-63268.9
2.001,0.0210851,2,-0.400717,0.0194126,-0.595798,-63516.8
2.001,0.0210851,2,-0.400717,0.0194126,-0.592796,-63271.7
2.001,0.0210851,2,-0.400717,0.0194126,-0.589795,-66447.2
2.001,0.0210851,2,-0.400717,0.0194126,-0.586793,-62648.6
2.001,0.0210851,2,-0.400717,0.0194126,-0.583792,-77498.6
2.001,0.0210851,2,-0.400717,0.0194126,-0.58079,-65947.6
2.001,0.0210851,2,-0.400717,0.0194126,-0.577789,-73597.5
2.001,0.0210851,2,-0.400717,0.0194126,-0.574787,-66133.4
2.001,0.0210851,2,-0.400717,0.0194126,-0.571786,-73591.6
2.001,0.0210851,2,-0.400717,0.0194126,-0.568784,-73536.9
2.001,0.0210851,2,-0.400717,0.0194126,-0.565783,-62896.6
2.001,0.0210851,2,-0.400717,0.0194126,-0.562781,-73276.1
2.001,0.0210851,2,-0.400717,0.0194126,-0.55978,-73114.4
2.001,0.0210851,2,-0.400717,0.0194126,-0.556778,-72978.3
2.001,0.0210851,2,-0.400717,0.0194126,-0.553777,-72793.8
2.001,0.0210851,2,-0.400717,0.0194126,-0.550775,-65618.1
2.001,0.0210851,2,-0.400717,0.0194126,-0.547774,-72560.8
2.001,0.0210851,2,-0.400717,0.0194126,-0.544772,-72243.3
2.001,0.0210851,2,-0.400717,0.0194126,-0.541771,-71899.6
2.001,0.0210851,2,-0.400717,0.0194126,-0.538769,-64430.6
2.001,0.0210851,2,-0.400717,0.0194126,-0.535768,-64157.8
2.001,0.0210851,2,-0.400717,0.0194126,-0.532766,-70985.3
2.001,0.0210851,2,-0.400717,0.0194126,-0.529765,-70733.8
2.001,0.0210851,2,-0.400717,0.0194126,-0.526763,-78029
2.001,0.0210851,2,-0.400717,0.0194126,-0.523762,-69821.4
2.001,0.0210851,2,-0.400717,0.0194126,-0.52076,-65218.4
2.001,0.0210851,2,-0.400717,0.0194126,-0.517759,-68966
2.001,0.0210851,2,-0.400717,0.0194126,-0.514757,-68445
2.001,0.0210851,2,-0.400717,0.0194126,-0.511756,-68093.2
2.001,0.0210851,2,-0.400717,0.0194126,-0.508754,-67556.1
2.001,0.0210851,2,-0.400717,0.0194126,-0.505753,-67028.7
2.001,0.0210851,2,-0.400717,0.0194126,-0.502751,-66211.6
2.001,0.0210851,2,-0.400717,0.0194126,-0.49975,-61510.7
2.001,0.0210851,2,-0.400717,0.0194126,-0.496748,-65063.9
2.001,0.0210851,2,-0.400717,0.0194126,-0.493747,-67368.4
2.001,0.0210851,2,-0.400717,0.0194126,-0.490745,-63807.8
2.001,0.0210851,2,-0.400717,0.0194126,-0.487744,-63108.3
2.001,0.0210851,2,-0.400717,0.0194126,-0.484742,-73214.3
2.001,0.0210851,2,-0.400717,0.0194126,-0.481741,-61656.7
2.001,0.0210851,2,-0.400717,0.0194126,-0.478739,-67172.4
2.001,0.0210851,2,-0.400717,0.0194126,-0.475738,-63365
2.001,0.0210851,2,-0.400717,0.0194126,-0.472736,-61932.9
2.001,0.0210851,2,-0.400717,0.0194126,-0.469735,-64789.2
2.001,0.0210851,2,-0.400717,0.0194126,-0.466733,-74529.9
2.001,0.0210851,2,-0.400717,0.0194126,-0.463732,-76918.5
2.001,0.0210851,2,-0.400717,0.0194126,-0.46073,-72093.5
2.001,0.0210851,2,-0.400717,0.0194126,-0.457729,-60505.2
2.001,0.0210851,2,-0.400717,0.0194126,-0.454727,-62537.3
2.001,0.0210851,2,-0.400717,0.0194126,-0.451726,-68508.5
2.001,0.0210851,2,-0.400717,0.0194126,-0.448724,-60753.2
2.001,0.0210851,2,-0.400717,0.0194126,-0.445723,-64440
2.001,0.0210851,2,-0.400717,0.0194126,-0.442721,-61456.2
2.001,0.0210851,2,-0.400717,0.0194126,-0.43972,-63325.3
2.001,0.0210851,2,-0.400717,0.0194126,-0.436718,-61994.4
2.001,0.0210851,2,-0.400717,0.0194126,-0.433717,-63629.7
2.001,0.0210851,2,-0.400717,0.0194126,-0.430715,-62275
2.001,0.0210851,2,-0.400717,0.0194126,-0.427714,-74070.6
2.001,0.0210851,2,-0.400717,0.0194126,-0.424712,-64829.8
2.001,0.0210851,2,-0.400717,0.0194126,-0.421711,-60643.2
2.001,0.0210851,2,-0.400717,0.0194126,-0.418709,-63655.9
2.001,0.0210851,2,-0.400717,0.0194126,-0.415708,-60010.6
2.001,0.0210851,2,-0.400717,0.0194126,-0.412706,-60930.6
2.001,0.0210851,2,-0.400717,0.0194126,-0.409705,-58950.7
2.001,0.0210851,2,-0.400717,0.0194126,-0.406703,-61998
2.001,0.0210851,2,-0.400717,0.0194126,-0.403702,-59864.9
2.001,0.0210851,2,-0.400717,0.0194126,-0.4007,-64632.1
2.001,0.0210851,2,-0.400717,0.0194126,-0.397699,-62061.6
2.001,0.0210851,2,-0.400717,0.0194126,-0.394697,-73701.4
2.001,0.0210851,2,-0.400717,0.0194126,-0.391696,-62521.2
2.001,0.0210851,2,-0.400717,0.0194126,-0.388694,-57988.1
2.001,0.0210851,2,-0.400717,0.0194126,-0.385693,-58094
2.001,0.0210851,2,-0.400717,0.0194126,-0.382691,-57252.5
2.001,0.0210851,2,-0.400717,0.0194126,-0.37969,-57162.7
2.001,0.0210851,2,-0.400717,0.0194126,-0.376688,-56537.7
2.001,0.0210851,2,-0.400717,0.0194126,-0.373687,-65251.7
2.001,0.0210851,2,-0.400717,0.0194126,-0.370685,-59493.3
2.001,0.0210851,2,-0.400717,0.0194126,-0.367684,-61526.7
2.001,0.0210851,2,-0.400717,0.0194126,-0.364682,-58581.3
2.001,0.0210851,2,-0.400717,0.0194126,-0.361681,-60653.3
2.001,0.0210851,2,-0.400717,0.0194126,-0.358679,-57382.2
2.001,0.0210851,2,-0.400717,0.0194126,-0.355678,-56200
2.001,0.0210851,2,-0.400717,0.0194126,-0.352676,-55735
2.001,0.0210851,2,-0.400717,0.0194126,-0.349675,-53773.7
2.001,0.0210851,2,-0.400717,0.0194126,-0.346673,-54308.5
2.001,0.0210851,2,-0.400717,0.0194126,-0.343672,-52283.3
2.001,0.0210851,2,-0.400717,0.0194126,-0.34067,-52421
2.001,0.0210851,2,-0.400717,0.0194126,-0.337669,-51843.2
2.001,0.0210851,2,-0.400717,0.0194126,-0.334667,-48009.9
2.001,0.0210851,2,-0.400717,0.0194126,-0.331666,47933.6
2.001,0.0210851,2,-0.400717,0.0194126,-0.328664,53329.5
2.001,0.0210851,2,-0.400717,0.0194126,-0.325663,50903
2.001,0.0210851,2,-0.400717,0.0194126,-0.322661,51966.2
2.001,0.0210851,2,-0.400717,0.0194126,-0.31966,53029.5
2.001,0.0210851,2,-0.400717,0.0194126,-0.316658,57532.6
2.001,0.0210851,2,-0.400717,0.0194126,-0.313657,57559.3
2.001,0.0210851,2,-0.400717,0.0194126,-0.310655,56043.7
2.001,0.0210851,2,-0.400717,0.0194126,-0.307654,58079.7
2.001,0.0210851,2,-0.400717,0.0194126,-0.304652,57400.2
2.001,0.0210851,2,-0.400717,0.0194126,-0.301651,56143
2.001,0.0210851,2,-0.400717,0.0194126,-0.298649,59246.1
2.001,0.0210851,2,-0.400717,0.0194126,-0.295648,56930.4
2.001,0.0210851,2,-0.400717,0.0194126,-0.292646,61646.1
2.001,0.0210851,2,-0.400717,0.0194126,-0.289645,62767.8
2.001,0.0210851,2,-0.400717,0.0194126,-0.286643,60463.6
2.001,0.0210851,2,-0.400717,0.0194126,-0.283642,57273.3
2.001,0.0210851,2,-0.400717,0.0194126,-0.28064,60983.7
2.001,0.0210851,2,-0.400717,0.0194126,-0.277639,57568.8
2.001,0.0210851,2,-0.400717,0.0194126,-0.274637,64889.4
2.001,0.0210851,2,-0.400717,0.0194126,-0.271636,71551.3
2.001,0.0210851,2,-0.400717,0.0194126,-0.268634,62466.3
2.001,0.0210851,2,-0.400717,0.0194126,-0.265633,60637.6
2.001,0.0210851,2,-0.400717,0.0194126,-0.262631,63586.2
2.001,0.0210851,2,-0.400717,0.0194126,-0.25963,60929.4
2.001,0.0210851,2,-0.400717,0.0194126,-0.256628,58877.7
2.001,0.0210851,2,-0.400717,0.0194126,-0.253627,65173.7
2.001,0.0210851,2,-0.400717,0.0194126,-0.250625,62929.6
2.001,0.0210851,2,-0.400717,0.0194126,-0.247624,65124.5
2.001,0.0210851,2,-0.400717,0.0194126,-0.244622,66489.5
2.001,0.0210851,2,-0.400717,0.0194126,-0.241621,62240.9
2.001,0.0210851,2,-0.400717,0.0194126,-0.238619,64419
2.001,0.0210851,2,-0.400717,0.0194126,-0.235618,61985.2
2.001,0.0210851,2,-0.400717,0.0194126,-0.232616,60214
2.001,0.0210851,2,-0.400717,0.0194126,-0.229615,63357.7
2.001,0.0210851,2,-0.400717,0.0194126,-0.226613,64652.4
2.001,0.0210851,2,-0.400717,0.0194126,-0.223612,73869.9
2.001,0.0210851,2,-0.400717,0.0194126,-0.22061,67240.5
2.001,0.0210851,2,-0.400717,0.0194126,-0.217609,62604
2.001,0.0210851,2,-0.400717,0.0194126,-0.214607,68034.3
2.001,0.0210851,2,-0.400717,0.0194126,-0.211606,67412.6
2.001,0.0210851,2,-0.400717,0.0194126,-0.208604,61000.1
2.001,0.0210851,2,-0.400717,0.0194126,-0.205603,62211.9
2.001,0.0210851,2,-0.400717,0.0194126,-0.202601,65789.7
2.001,0.0210851,2,-0.400717,0.0194126,-0.1996,64589.5
2.001,0.0210851,2,-0.400717,0.0194126,-0.196598,62093.4
2.001,0.0210851,2,-0.400717,0.0194126,-0.193597,70315.6
2.001,0.0210851,2,-0.400717,0.0194126,-0.190595,64633.9
2.001,0.0210851,2,-0.400717,0.0194126,-0.187594,62342.7
2.001,0.0210851,2,-0.400717,0.0194126,-0.184592,73839.5
2.001,0.0210851,2,-0.400717,0.0194126,-0.181591,64095
2.001,0.0210851,2,-0.400717,0.0194126,-0.178589,63982.3
2.001,0.0210851,2,-0.400717,0.0194126,-0.175588,66483.3
2.001,0.0210851,2,-0.400717,0.0194126,-0.172586,78462.9
2.001,0.0210851,2,-0.400717,0.0194126,-0.169585,62636.6
2.001,0.0210851,2,-0.400717,0.0194126,-0.166583,62215.2
2.001,0.0210851,2,-0.400717,0.0194126,-0.163582,63085.1
2.001,0.0210851,2,-0.400717,0.0194126,-0.16058,67781
2.001,0.0210851,2,-0.400717,0.0194126,-0.157579,64520.3
2.001,0.0210851,2,-0.400717,0.0194126,-0.154577,68828.8
2.001,0.0210851,2,-0.400717,0.0194126,-0.151576,65882
2.001,0.0210851,2,-0.400717,0.0194126,-0.148574,63539.5
2.001,0.0210851,2,-0.400717,0.0194126,-0.145573,67928.5
2.001,0.0210851,2,-0.400717,0.0194126,-0.142571,68570.9
2.001,0.0210851,2,-0.400717,0.0194126,-0.13957,64328.5
2.001,0.0210851,2,-0.400717,0.0194126,-0.136568,65994
2.001,0.0210851,2,-0.400717,0.0194126,-0.133567,69452.5
2.001,0.0210851,2,-0.400717,0.0194126,-0.130565,74540.6
2.001,0.0210851,2,-0.400717,0.0194126,-0.127564,64086.5
2.001,0.0210851,2,-0.400717,0.0194126,-0.124562,64629.1
2.001,0.0210851,2,-0.400717,0.0194126,-0.121561,64094.5
2.001,0.0210851,2,-0.400717,0.0194126,-0.118559,64633.4
2.001,0.0210851,2,-0.400717,0.0194126,-0.115558,66384.4
2.001,0.0210851,2,-0.400717,0.0194126,-0.112556,66266.7
2.001,0.0210851,2,-0.400717,0.0194126,-0.109555,62986.3
2.001,0.0210851,2,-0.400717,0.0194126,-0.106553,65450.4
2.001,0.0210851,2,-0.400717,0.0194126,-0.103552,63442
2.001,0.0210851,2,-0.400717,0.0194126,-0.10055,65691.3
2.001,0.0210851,2,-0.400717,0.0194126,-0.0975488,65861
2.001,0.0210851,2,-0.400717,0.0194126,-0.0945473,67837.7
2.001,0.0210851,2,-0.400717,0.0194126,-0.0915458,63021.8
2.001,0.0210851,2,-0.400717,0.0194126,-0.0885443,64345
2.001,0.0210851,2,-0.400717,0.0194126,-0.0855428,66746.7
2.001,0.0210851,2,-0.400717,0.0194126,-0.0825413,62236.3
2.001,0.0210851,2,-0.400717,0.0194126,-0.0795398,67060.1
2.001,0.0210851,2,-0.400717,0.0194126,-0.0765383,66843.7
2.001,0.0210851,2,-0.400717,0.0194126,-0.0735368,66946.5
2.001,0.0210851,2,-0.400717,0.0194126,-0.0705353,66910.4
2.001,0.0210851,2,-0.400717,0.0194126,-0.0675338,67118.9
2.001,0.0210851,2,-0.400717,0.0194126,-0.0645323,67030.7
2.001,0.0210851,2,-0.400717,0.0194126,-0.0615308,63763.2
2.001,0.0210851,2,-0.400717,0.0194126,-0.0585293,63990.2
2.001,0.0210851,2,-0.400717,0.0194126,-0.0555278,79055.6
2.001,0.0210851,2,-0.400717,0.0194126,-0.0525263,66416.7
2.001,0.0210851,2,-0.400717,0.0194126,-0.0495248,66496.2
2.001,0.0210851,2,-0.400717,0.0194126,-0.0465233,66074.4
2.001,0.0210851,2,-0.400717,0.0194126,-0.0435218,65265.8
2.001,0.0210851,2,-0.400717,0.0194126,-0.0405203,62983
2.001,0.0210851,2,-0.400717,0.0194126,-0.0375188,65043.1
2.001,0.0210851,2,-0.400717,0.0194126,-0.0345173,65580.3
2.001,0.0210851,2,-0.400717,0.0194126,-0.0315158,65427.7
2.001,0.0210851,2,-0.400717,0.0194126,-0.0285143,63878.3
2.001,0.0210851,2,-0.400717,0.0194126,-0.0255128,64098.6
2.001,0.0210851,2,-0.400717,0.0194126,-0.0225113,67601
2.001,0.0210851,2,-0.400717,0.0194126,-0.0195098,62556.6
2.001,0.0210851,2,-0.400717,0.0194126,-0.0165083,62534.9
2.001,0.0210851,2,-0.400717,0.0194126,-0.0135068,72989.3
2.001,0.0210851,2,-0.400717,0.0194126,-0.0105053,69119.8
2.001,0.0210851,2,-0.400717,0.0194126,-0.00750375,64432.3
2.001,0.0210851,2,-0.400717,0.0194126,-0.00450225,71037.4
2.001,0.0210851,2,-0.400717,0.0194126,-0.00150075,62774.5
2.001,0.0210851,2,-0.400717,0.0194126,0.00150075,67399.8
2.001,0.0210851,2,-0.400717,0.0194126,0.00450225,64481.1
2.001,0.0210851,2,-0.400717,0.0194126,0.00750375,64797.4
2.001,0.0210851,2,-0.400717,0.0194126,0.0105053,63716.3
2.001,0.0210851,2,-0.400717,0.0194126,0.0135068,62513.8
2.001,0.0210851,2,-0.400717,0.0194126,0.0165083,62249.3
2.001,0.0210851,2,-0.400717,0.0194126,0.0195098,66591.6
2.001,0.0210851,2,-0.400717,0.0194126,0.0225113,65655.9
2.001,0.0210851,2,-0.400717,0.0194126,0.0255128,64641.6
2.001,0.0210851,2,-0.400717,0.0194126,0.0285143,63536.5
2.001,0.0210851,2,-0.400717,0.0194126,0.0315158,62502.9
2.001,0.0210851,2,-0.400717,0.0194126,0.0345173,61393
2.001,0.0210851,2,-0.400717,0.0194126,0.0375188,63708.8
2.001,0.0210851,2,-0.400717,0.0194126,0.0405203,62127.9
2.001,0.0210851,2,-0.400717,0.0194126,0.0435218,62946.1
2.001,0.0210851,2,-0.400717,0.0194126,0.0465233,61467
2.001,0.0210851,2,-0.400717,0.0194126,0.0495248,61879.4
2.001,0.0210851,2,-0.400717,0.0194126,0.0525263,62477.5
2.001,0.0210851,2,-0.400717,0.0194126,0.0555278,64639.7
2.001,0.0210851,2,-0.400717,0.0194126,0.0585293,64299.6
2.001,0.0210851,2,-0.400717,0.0194126,0.0615308,61438.6
2.001,0.0210851,2,-0.400717,0.0194126,0.0645323,59990.4
2.001,0.0210851,2,-0.400717,0.0194126,0.0675338,63039.2
2.001,0.0210851,2,-0.400717,0.0194126,0.0705353,63848.8
2.001,0.0210851,2,-0.400717,0.0194126,0.0735368,59665.6
2.001,0.0210851,2,-0.400717,0.0194126,0.0765383,65433.2
2.001,0.0210851,2,-0.400717,0.0194126,0.0795398,59187.7
2.001,0.0210851,2,-0.400717,0.0194126,0.0825413,61551.9
2.001,0.0210851,2,-0.400717,0.0194126,0.0855428,68665.9
2.001,0.0210851,2,-0.400717,0.0194126,0.0885443,73204.9
2.001,0.0210851,2,-0.400717,0.0194126,0.0915458,64372.1
2.001,0.0210851,2,-0.400717,0.0194126,0.0945473,61598.7
2.001,0.0210851,2,-0.400717,0.0194126,0.0975488,59513.8
2.001,0.0210851,2,-0.400717,0.0194126,0.10055,57934.9
2.001,0.0210851,2,-0.400717,0.0194126,0.103552,58075.7
2.001,0.0210851,2,-0.400717,0.0194126,0.106553,60242.3
2.001,0.0210851,2,-0.400717,0.0194126,0.109555,63953.4
2.001,0.0210851,2,-0.400717,0.0194126,0.112556,60070.6
2.001,0.0210851,2,-0.400717,0.0194126,0.115558,60526.2
2.001,0.0210851,2,-0.400717,0.0194126,0.118559,61275.1
2.001,0.0210851,2,-0.400717,0.0194126,0.121561,59539.9
2.001,0.0210851,2,-0.400717,0.0194126,0.124562,57013.8
2.001,0.0210851,2,-0.400717,0.0194126,0.127564,57383.6
2.001,0.0210851,2,-0.400717,0.0194126,0.130565,59279.7
2.001,0.0210851,2,-0.400717,0.0194126,0.133567,61206.9
2.001,0.0210851,2,-0.400717,0.0194126,0.136568,57374.5
2.001,0.0210851,2,-0.400717,0.0194126,0.13957,56503
2.001,0.0210851,2,-0.400717,0.0194126,0.142571,56927.7
2.001,0.0210851,2,-0.400717,0.0194126,0.145573,54632.9
2.001,0.0210851,2,-0.400717,0.0194126,0.148574,51708
2.001,0.0210851,2,-0.400717,0.0194126,0.151576,58831.8
2.001,0.0210851,2,-0.400717,0.0194126,0.154577,47309.2
2.001,0.0210851,2,-0.400717,0.0194126,0.157579,-51565.6
2.001,0.0210851,2,-0.400717,0.0194126,0.16058,-56974
2.001,0.0210851,2,-0.400717,0.0194126,0.163582,-51537.4
2.001,0.0210851,2,-0.400717,0.0194126,0.166583,-59881.8
2.001,0.0210851,2,-0.400717,0.0194126,0.169585,-59450.5
2.001,0.0210851,2,-0.400717,0.0194126,0.172586,-67022.7
2.001,0.0210851,2,-0.400717,0.0194126,0.175588,-57351.7
2.001,0.0210851,2,-0.400717,0.0194126,0.178589,-60018
2.001,0.0210851,2,-0.400717,0.0194126,0.181591,-62138.5
2.001,0.0210851,2,-0.400717,0.0194126,0.184592,-59116.8
2.001,0.0210851,2,-0.400717,0.0194126,0.187594,-55660.1
2.001,0.0210851,2,-0.400717,0.0194126,0.190595,-56285.1
2.001,0.0210851,2,-0.400717,0.0194126,0.193597,-61275.9
2.001,0.0210851,2,-0.400717,0.0194126,0.196598,-59537.8
2.001,0.0210851,2,-0.400717,0.0194126,0.1996,-66343
2.001,0.0210851,2,-0.400717,0.0194126,0.202601,-56951.3
2.001,0.0210851,2,-0.400717,0.0194126,0.205603,-70886
2.001,0.0210851,2,-0.400717,0.0194126,0.208604,-58261.9
2.001,0.0210851,2,-0.400717,0.0194126,0.211606,-57667
2.001,0.0210851,2,-0.400717,0.0194126,0.214607,-57967.2
2.001,0.0210851,2,-0.400717,0.0194126,0.217609,-61516.1
2.001,0.0210851,2,-0.400717,0.0194126,0.22061,-62982.6
2.001,0.0210851,2,-0.400717,0.0194126,0.223612,-66658.6
2.001,0.0210851,2,-0.400717,0.0194126,0.226613,-61033.4
2.001,0.0210851,2,-0.400717,0.0194126,0.229615,-59143.9
2.001,0.0210851,2,-0.400717,0.0194126,0.232616,-73150.2
2.001,0.0210851,2,-0.400717,0.0194126,0.235618,-63566.8
2.001,0.0210851,2,-0.400717,0.0194126,0.238619,-62596.8
2.001,0.0210851,2,-0.400717,0.0194126,0.241621,-64614.9
2.001,0.0210851,2,-0.400717,0.0194126,0.244622,-62522.3
2.001,0.0210851,2,-0.400717,0.0194126,0.247624,-61667.7
2.001,0.0210851,2,-0.400717,0.0194126,0.250625,-61190.5
2.001,0.0210851,2,-0.400717,0.0194126,0.253627,-64680.3
2.001,0.0210851,2,-0.400717,0.0194126,0.256628,-69750.3
2.001,0.0210851,2,-0.400717,0.0194126,0.25963,-59937.2
2.001,0.0210851,2,-0.400717,0.0194126,0.262631,-64442.7
2.001,0.0210851,2,-0.400717,0.0194126,0.265633,-61754.4
2.001,0.0210851,2,-0.400717,0.0194126,0.268634,-63405.7
2.001,0.0210851,2,-0.400717,0.0194126,0.271636,-63794.2
2.001,0.0210851,2,-0.400717,0.0194126,0.274637,-64774.9
2.001,0.0210851,2,-0.400717,0.0194126,0.277639,-73652
2.001,0.0210851,2,-0.400717,0.0194126,0.28064,-60842.2
2.001,0.0210851,2,-0.400717,0.0194126,0.283642,-76018.6
2.001,0.0210851,2,-0.400717,0.0194126,0.286643,-64604.5
2.001,0.0210851,2,-0.400717,0.0194126,0.289645,-62979.6
2.001,0.0210851,2,-0.400717,0.0194126,0.292646,-65508.8
2.001,0.0210851,2,-0.400717,0.0194126,0.295648,-64253.1
2.001,0.0210851,2,-0.400717,0.0194126,0.298649,-64550.7
2.001,0.0210851,2,-0.400717,0.0194126,0.301651,-60772.5
2.001,0.0210851,2,-0.400717,0.0194126,0.304652,-61496
2.001,0.0210851,2,-0.400717,0.0194126,0.307654,-76303.6
2.001,0.0210851,2,-0.400717,0.0194126,0.310655,-68767.1
2.001,0.0210851,2,-0.400717,0.0194126,0.313657,-65621.5
2.001,0.0210851,2,-0.400717,0.0194126,0.316658,-62050
2.001,0.0210851,2,-0.400717,0.0194126,0.31966,-66149.5
2.001,0.0210851,2,-0.400717,0.0194126,0.322661,-76971.9
2.001,0.0210851,2,-0.400717,0.0194126,0.325663,-65980.8
2.001,0.0210851,2,-0.400717,0.0194126,0.328664,-66216
2.001,0.0210851,2,-0.400717,0.0194126,0.331666,-62952.4
2.001,0.0210851,2,-0.400717,0.0194126,0.334667,-65404.5
2.001,0.0210851,2,-0.400717,0.0194126,0.337669,-65566.1
2.001,0.0210851,2,-0.400717,0.0194126,0.34067,-63669.6
2.001,0.0210851,2,-0.400717,0.0194126,0.343672,-64853.4
2.001,0.0210851,2,-0.400717,0.0194126,0.346673,-63928.3
2.001,0.0210851,2,-0.400717,0.0194126,0.349675,-60947.7
2.001,0.0210851,2,-0.400717,0.0194126,0.352676,-61454.1
2.001,0.0210851,2,-0.400717,0.0194126,0.355678,-77037.6
2.001,0.0210851,2,-0.400717,0.0194126,0.358679,-60876.6
2.001,0.0210851,2,-0.400717,0.0194126,0.361681,-61212.7
2.001,0.0210851,2,-0.400717,0.0194126,0.364682,-65926.4
2.001,0.0210851,2,-0.400717,0.0194126,0.367684,-65044.4
2.001,0.0210851,2,-0.400717,0.0194126,0.370685,-64575.3
2.001,0.0210851,2,-0.400717,0.0194126,0.373687,-75364.8
2.001,0.0210851,2,-0.400717,0.0194126,0.376688,-59653.3
2.001,0.0210851,2,-0.400717,0.0194126,0.37969,-72768.1
2.001,0.0210851,2,-0.400717,0.0194126,0.382691,-61657.5
2.001,0.0210851,2,-0.400717,0.0194126,0.385693,-69453.7
2.001,0.0210851,2,-0.400717,0.0194126,0.388694,-62995.9
2.001,0.0210851,2,-0.400717,0.0194126,0.391696,-66052.9
2.001,0.0210851,2,-0.400717,0.0194126,0.394697,-64276.2
2.001,0.0210851,2,-0.400717,0.0194126,0.397699,-60954.9
2.001,0.0210851,2,-0.400717,0.0194126,0.4007,-72831.4
2.001,0.0210851,2,-0.400717,0.0194126,0.403702,-63040.1
2.001,0.0210851,2,-0.400717,0.0194126,0.406703,-60625.5
2.001,0.0210851,2,-0.400717,0.0194126,0.409705,-58198.2
2.001,0.0210851,2,-0.400717,0.0194126,0.412706,-63089.3
2.001,0.0210851,2,-0.400717,0.0194126,0.415708,-61417.3
2.001,0.0210851,2,-0.400717,0.0194126,0.418709,-62657.6
2.001,0.0210851,2,-0.400717,0.0194126,0.421711,-58250.1
2.001,0.0210851,2,-0.400717,0.0194126,0.424712,-73251.4
2.001,0.0210851,2,-0.400717,0.0194126,0.427714,-61895.8
2.001,0.0210851,2,-0.400717,0.0194126,0.430715,-57078.4
2.001,0.0210851,2,-0.400717,0.0194126,0.433717,-60260.8
2.001,0.0210851,2,-0.400717,0.0194126,0.436718,-60678.1
2.001,0.0210851,2,-0.400717,0.0194126,0.43972,-56903.9
2.001,0.0210851,2,-0.400717,0.0194126,0.442721,-55221.9
2.001,0.0210851,2,-0.400717,0.0194126,0.445723,-59932.4
2.001,0.0210851,2,-0.400717,0.0194126,0.448724,-60404.6
2.001,0.0210851,2,-0.400717,0.0194126,0.451726,-60316.6
2.001,0.0210851,2,-0.400717,0.0194126,0.454727,-55684.8
2.001,0.0210851,2,-0.400717,0.0194126,0.457729,-51820.7
2.001,0.0210851,2,-0.400717,0.0194126,0.46073,-58570.9
2.001,0.0210851,2,-0.400717,0.0194126,0.463732,-49473.9
2.001,0.0210851,2,-0.400717,0.0194126,0.466733,46772.4
2.001,0.0210851,2,-0.400717,0.0194126,0.469735,55185.8
2.001,0.0210851,2,-0.400717,0.0194126,0.472736,54655.9
2.001,0.0210851,2,-0.400717,0.0194126,0.475738,57440.3
2.001,0.0210851,2,-0.400717,0.0194126,0.478739,56435.4
2.001,0.0210851,2,-0.400717,0.0194126,0.481741,58828.2
2.001,0.0210851,2,-0.400717,0.0194126,0.484742,56203.9
2.001,0.0210851,2,-0.400717,0.0194126,0.487744,63496.7
2.001,0.0210851,2,-0.400717,0.0194126,0.490745,59479.8
2.001,0.0210851,2,-0.400717,0.0194126,0.493747,57881.1
2.001,0.0210851,2,-0.400717,0.0194126,0.496748,58567.4
2.001,0.0210851,2,-0.400717,0.0194126,0.49975,56978.4
2.001,0.0210851,2,-0.400717,0.0194126,0.502751,60753.3
2.001,0.0210851,2,-0.400717,0.0194126,0.505753,59189.7
2.001,0.0210851,2,-0.400717,0.0194126,0.508754,59334.8
2.001,0.0210851,2,-0.400717,0.0194126,0.511756,67741.3
2.001,0.0210851,2,-0.400717,0.0194126,0.514757,62512.9
2.001,0.0210851,2,-0.400717,0.0194126,0.517759,61907.2
2.001,0.0210851,2,-0.400717,0.0194126,0.52076,58997.7
2.001,0.0210851,2,-0.400717,0.0194126,0.523762,59479.3
2.001,0.0210851,2,-0.400717,0.0194126,0.526763,63286.7
2.001,0.0210851,2,-0.400717,0.0194126,0.529765,67025.5
2.001,0.0210851,2,-0.400717,0.0194126,0.532766,76314.4
2.001,0.0210851,2,-0.400717,0.0194126,0.535768,60946.3
2.001,0.0210851,2,-0.400717,0.0194126,0.538769,60587.6
2.001,0.0210851,2,-0.400717,0.0194126,0.541771,63707.6
2.001,0.0210851,2,-0.400717,0.0194126,0.544772,73170.5
2.001,0.0210851,2,-0.400717,0.0194126,0.547774,76488.8
2.001,0.0210851,2,-0.400717,0.0194126,0.550775,60701.6
2.001,0.0210851,2,-0.400717,0.0194126,0.553777,62479.3
2.001,0.0210851,2,-0.400717,0.0194126,0.556778,75601.4
2.001,0.0210851,2,-0.400717,0.0194126,0.55978,66374.6
2.001,0.0210851,2,-0.400717,0.0194126,0.562781,64211.1
2.001,0.0210851,2,-0.400717,0.0194126,0.565783,65356.4
2.001,0.0210851,2,-0.400717,0.0194126,0.568784,61957.9
2.001,0.0210851,2,-0.400717,0.0194126,0.571786,74018.9
2.001,0.0210851,2,-0.400717,0.0194126,0.574787,75661.1
2.001,0.0210851,2,-0.400717,0.0194126,0.577789,64585.8
2.001,0.0210851,2,-0.400717,0.0194126,0.58079,79176.1
2.001,0.0210851,2,-0.400717,0.0194126,0.583792,62521.2
2.001,0.0210851,2,-0.400717,0.0194126,0.586793,63692.4
2.001,0.0210851,2,-0.400717,0.0194126,0.589795,72688.1
2.001,0.0210851,2,-0.400717,0.0194126,0.592796,67044.1
2.001,0.0210851,2,-0.400717,0.0194126,0.595798,68343.1
2.001,0.0210851,2,-0.400717,0.0194126,0.598799,68292
2.001,0.0210851,2,-0.400717,0.0194126,0.601801,69243.2
2.001,0.0210851,2,-0.400717,0.0194126,0.604802,62502.2
2.001,0.0210851,2,-0.400717,0.0194126,0.607804,63279
2.001,0.0210851,2,-0.400717,0.0194126,0.610805,64316.2
2.001,0.0210851,2,-0.400717,0.0194126,0.613807,64732.8
2.001,0.0210851,2,-0.400717,0.0194126,0.616808,78357.5
2.001,0.0210851,2,-0.400717,0.0194126,0.61981,66720.1
2.001,0.0210851,2,-0.400717,0.0194126,0.622811,66744.5
2.001,0.0210851,2,-0.400717,0.0194126,0.625813,64345.6
2.001,0.0210851,2,-0.400717,0.0194126,0.628814,63472.7
2.001,0.0210851,2,-0.400717,0.0194126,0.631816,62353.6
2.001,0.0210851,2,-0.400717,0.0194126,0.634817,65739.9
2.001,0.0210851,2,-0.400717,0.0194126,0.637819,62573.6
2.001,0.0210851,2,-0.400717,0.0194126,0.64082,66128.6
2.001,0.0210851,2,-0.400717,0.0194126,0.643822,63076.8
2.001,0.0210851,2,-0.400717,0.0194126,0.646823,66497
2.001,0.0210851,2,-0.400717,0.0194126,0.649825,66653.4
2.001,0.0210851,2,-0.400717,0.0194126,0.652826,63101.1
2.001,0.0210851,2,-0.400717,0.0194126,0.655828,66197.6
2.001,0.0210851,2,-0.400717,0.0194126,0.658829,62797.3
2.001,0.0210851,2,-0.400717,0.0194126,0.661831,65751.8
2.001,0.0210851,2,-0.400717,0.0194126,0.664832,62445
2.001,0.0210851,2,-0.400717,0.0194126,0.667834,67513.5
2.001,0.0210851,2,-0.400717,0.0194126,0.670835,67019.7
2.001,0.0210851,2,-0.400717,0.0194126,0.673837,66679.3
2.001,0.0210851,2,-0.400717,0.0194126,0.676838,65800.1
2.001,0.0210851,2,-0.400717,0.0194126,0.67984,62665.4
2.001,0.0210851,2,-0.400717,0.0194126,0.682841,63214.7
2.001,0.0210851,2,-0.400717,0.0194126,0.685843,67034.4
2.001,0.0210851,2,-0.400717,0.0194126,0.688844,66035.2
2.001,0.0210851,2,-0.400717,0.0194126,0.691846,65093.2
2.001,0.0210851,2,-0.400717,0.0194126,0.694847,63867.2
2.001,0.0210851,2,-0.400717,0.0194126,0.697849,62945.8
2.001,0.0210851,2,-0.400717,0.0194126,0.70085,67031.2
2.001,0.0210851,2,-0.400717,0.0194126,0.703852,67939.4
2.001,0.0210851,2,-0.400717,0.0194126,0.706853,62502.6
2.001,0.0210851,2,-0.400717,0.0194126,0.709855,77268.8
2.001,0.0210851,2,-0.400717,0.0194126,0.712856,64108
2.001,0.0210851,2,-0.400717,0.0194126,0.715858,61794.4
2.001,0.0210851,2,-0.400717,0.0194126,0.718859,62578.3
2.001,0.0210851,2,-0.400717,0.0194126,0.721861,70738.7
2.001,0.0210851,2,-0.400717,0.0194126,0.724862,67081.8
2.001,0.0210851,2,-0.400717,0.0194126,0.727864,64196.5
2.001,0.0210851,2,-0.400717,0.0194126,0.730865,64397.4
2.001,0.0210851,2,-0.400717,0.0194126,0.733867,63103.1
2.001,0.0210851,2,-0.400717,0.0194126,0.736868,73684
2.001,0.0210851,2,-0.400717,0.0194126,0.73987,65890
2.001,0.0210851,2,-0.400717,0.0194126,0.742871,62812.8
2.001,0.0210851,2,-0.400717,0.0194126,0.745873,68850.1
2.001,0.0210851,2,-0.400717,0.0194126,0.748874,62315.7
2.001,0.0210851,2,-0.400717,0.0194126,0.751876,70796.8
2.001,0.0210851,2,-0.400717,0.0194126,0.754877,62162.4
2.001,0.0210851,2,-0.400717,0.0194126,0.757879,60152.2
2.001,0.0210851,2,-0.400717,0.0194126,0.76088,65503.5
2.001,0.0210851,2,-0.400717,0.0194126,0.763882,57119.1
2.001,0.0210851,2,-0.400717,0.0194126,0.766883,55823
2.001,0.0210851,2,-0.400717,0.0194126,0.769885,51837
2.001,0.0210851,2,-0.400717,0.0194126,0.772886,47984.7
2.001,0.0210851,2,-0.400717,0.0194126,0.775888,-54399.6
2.001,0.0210851,2,-0.400717,0.0194126,0.778889,-56619.3
2.001,0.0210851,2,-0.400717,0.0194126,0.781891,-55013.8
2.001,0.0210851,2,-0.400717,0.0194126,0.784892,-60082
2.001,0.0210851,2,-0.400717,0.0194126,0.787894,-62763.2
2.001,0.0210851,2,-0.400717,0.0194126,0.790895,-67439.5
2.001,0.0210851,2,-0.400717,0.0194126,0.793897,-61637.2
2.001,0.0210851,2,-0.400717,0.0194126,0.796898,-65193.4
2.001,0.0210851,2,-0.400717,0.0194126,0.7999,-62429.1
2.001,0.0210851,2,-0.400717,0.0194126,0.802901,-59855.2
2.001,0.0210851,2,-0.400717,0.0194126,0.805903,-63517.8
2.001,0.0210851,2,-0.400717,0.0194126,0.808904,-61059.3
2.001,0.0210851,2,-0.400717,0.0194126,0.811906,-64472.2
2.001,0.0210851,2,-0.400717,0.0194126,0.814907,-63650.8
2.001,0.0210851,2,-0.400717,0.0194126,0.817909,-66537
2.001,0.0210851,2,-0.400717,0.0194126,0.82091,-62496.7
2.001,0.0210851,2,-0.400717,0.0194126,0.823912,-66419.5
2.001,0.0210851,2,-0.400717,0.0194126,0.826913,-65171.9
2.001,0.0210851,2,-0.400717,0.0194126,0.829915,-62955.1
2.001,0.0210851,2,-0.400717,0.0194126,0.832916,-68141.6
2.001,0.0210851,2,-0.400717,0.0194126,0.835918,-70490.8
2.001,0.0210851,2,-0.400717,0.0194126,0.838919,-67823.1
2.001,0.0210851,2,-0.400717,0.0194126,0.841921,-63410.3
2.001,0.0210851,2,-0.400717,0.0194126,0.844922,-66449.6
2.001,0.0210851,2,-0.400717,0.0194126,0.847924,-65485.9
2.001,0.0210851,2,-0.400717,0.0194126,0.850925,-77414.2
2.001,0.0210851,2,-0.400717,0.0194126,0.853927,-69853.6
2.001,0.0210851,2,-0.400717,0.0194126,0.856928,-81652.4
2.001,0.0210851,2,-0.400717,0.0194126,0.85993,-66964.5
2.001,0.0210851,2,-0.400717,0.0194126,0.862931,-68532.1
2.001,0.0210851,2,-0.400717,0.0194126,0.865933,-67459.5
2.001,0.0210851,2,-0.400717,0.0194126,0.868934,-72871.7
2.001,0.0210851,2,-0.400717,0.0194126,0.871936,-69385.4
2.001,0.0210851,2,-0.400717,0.0194126,0.874937,-66998.1
2.001,0.0210851,2,-0.400717,0.0194126,0.877939,-68528.8
2.001,0.0210851,2,-0.400717,0.0194126,0.88094,-75434.8
2.001,0.0210851,2,-0.400717,0.0194126,0.883942,-84641.3
2.001,0.0210851,2,-0.400717,0.0194126,0.886943,-64335.9
2.001,0.0210851,2,-0.400717,0.0194126,0.889945,-69352.2
2.001,0.0210851,2,-0.400717,0.0194126,0.892946,-67084
2.001,0.0210851,2,-0.400717,0.0194126,0.895948,-65278.7
2.001,0.0210851,2,-0.400717,0.0194126,0.898949,-66413.2
2.001,0.0210851,2,-0.400717,0.0194126,0.901951,-67338.5
2.001,0.0210851,2,-0.400717,0.0194126,0.904952,-72669.9
2.001,0.0210851,2,-0.400717,0.0194126,0.907954,-65204.9
2.001,0.0210851,2,-0.400717,0.0194126,0.910955,-69545.6
2.001,0.0210851,2,-0.400717,0.0194126,0.913957,-65113
2.001,0.0210851,2,-0.400717,0.0194126,0.916958,-70544.4
2.001,0.0210851,2,-0.400717,0.0194126,0.91996,-81968.9
2.001,0.0210851,2,-0.400717,0.0194126,0.922961,-80153.3
2.001,0.0210851,2,-0.400717,0.0194126,0.925963,-66580.6
2.001,0.0210851,2,-0.400717,0.0194126,0.928964,-68049.6
2.001,0.0210851,2,-0.400717,0.0194126,0.931966,-67001.6
2.001,0.0210851,2,-0.400717,0.0194126,0.934967,-65654.9
2.001,0.0210851,2,-0.400717,0.0194126,0.937969,-64376.8
2.001,0.0210851,2,-0.400717,0.0194126,0.94097,-65008.5
2.001,0.0210851,2,-0.400717,0.0194126,0.943972,-81561.3
2.001,0.0210851,2,-0.400717,0.0194126,0.946973,-65681.9
2.001,0.0210851,2,-0.400717,0.0194126,0.949975,-67391.4
2.001,0.0210851,2,-0.400717,0.0194126,0.952976,-66240
2.001,0.0210851,2,-0.400717,0.0194126,0.955978,-67463.2
2.001,0.0210851,2,-0.400717,0.0194126,0.958979,-66974.3
2.001,0.0210851,2,-0.400717,0.0194126,0.961981,-67053.1
2.001,0.0210851,2,-0.400717,0.0194126,0.964982,-65256.3
2.001,0.0210851,2,-0.400717,0.0194126,0.967984,-68595.8
2.001,0.0210851,2,-0.400717,0.0194126,0.970985,-65815.6
2.001,0.0210851,2,-0.400717,0.0194126,0.973987,-66006.7
2.001,0.0210851,2,-0.400717,0.0194126,0.976988,-64037.9
2.001,0.0210851,2,-0.400717,0.0194126,0.97999,-65533
2.001,0.0210851,2,-0.400717,0.0194126,0.982991,-65695.3
2.001,0.0210851,2,-0.400717,0.0194126,0.985993,-67768.1
2.001,0.0210851,2,-0.400717,0.0194126,0.988994,-67019.4
2.001,0.0210851,2,-0.400717,0.0194126,0.991996,-82833.6
2.001,0.0210851,2,-0.400717,0.0194126,0.994997,-81241.8
2.001,0.0210851,2,-0.400717,0.0194126,0.997999,-68036.2
2.001,0.0210851,2,-0.400717,0.0194126,1.001,-68605.3
2.001,0.0210851,2,-0.400717,0.0194126,1.004,-68634.5
2.001,0.0210851,2,-0.400717,0.0194126,1.007,-69221.6
2.001,0.0210851,2,-0.400717,0.0194126,1.01001,-68436.3
2.001,0.0210851,2,-0.400717,0.0194126,1.01301,-66859
2.001,0.0210851,2,-0.400717,0.0194126,1.01601,-67570.8
2.001,0.0210851,2,-0.400717,0.0194126,1.01901,-65435.5
2.001,0.0210851,2,-0.400717,0.0194126,1.02201,-66233.2
2.001,0.0210851,2,-0.400717,0.0194126,1.02501,-73140.8
2.001,0.0210851,2,-0.400717,0.0194126,1.02801,-69484.5
2.001,0.0210851,2,-0.400717,0.0194126,1.03102,-71009.7
2.001,0.0210851,2,-0.400717,0.0194126,1.03402,-66668
2.001,0.0210851,2,-0.400717,0.0194126,1.03702,-65567.4
2.001,0.0210851,2,-0.400717,0.0194126,1.04002,-70665.5
2.001,0.0210851,2,-0.400717,0.0194126,1.04302,-66765.9
2.001,0.0210851,2,-0.400717,0.0194126,1.04602,-65750.7
2.001,0.0210851,2,-0.400717,0.0194126,1.04902,-66878.8
2.001,0.0210851,2,-0.400717,0.0194126,1.05203,-61056.1
2.001,0.0210851,2,-0.400717,0.0194126,1.05503,-67500.2
2.001,0.0210851,2,-0.400717,0.0194126,1.05803,-58233.7
2.001,0.0210851,2,-0.400717,0.0194126,1.06103,-56076.4
2.001,0.0210851,2,-0.400717,0.0194126,1.06403,50094.4
2.001,0.0210851,2,-0.400717,0.0194126,1.06703,57459.7
2.001,0.0210851,2,-0.400717,0.0194126,1.07004,61774.1
2.001,0.0210851,2,-0.400717,0.0194126,1.07304,64497.6
2.001,0.0210851,2,-0.400717,0.0194126,1.07604,64046.7
2.001,0.0210851,2,-0.400717,0.0194126,1.07904,65217.5
2.001,0.0210851,2,-0.400717,0.0194126,1.08204,63666.2
2.001,0.0210851,2,-0.400717,0.0194126,1.08504,65845
2.001,0.0210851,2,-0.400717,0.0194126,1.08804,72942.6
2.001,0.0210851,2,-0.400717,0.0194126,1.09105,69075.7
2.001,0.0210851,2,-0.400717,0.0194126,1.09405,77378.9
2.001,0.0210851,2,-0.400717,0.0194126,1.09705,70369.9
2.001,0.0210851,2,-0.400717,0.0194126,1.10005,71127.4
2.001,0.0210851,2,-0.400717,0.0194126,1.10305,79688.2
2.001,0.0210851,2,-0.400717,0.0194126,1.10605,63880.2
2.001,0.0210851,2,-0.400717,0.0194126,1.10905,65161.8
2.001,0.0210851,2,-0.400717,0.0194126,1.11206,78015.4
2.001,0.0210851,2,-0.400717,0.0194126,1.11506,64200.1
2.001,0.0210851,2,-0.400717,0.0194126,1.11806,64448
2.001,0.0210851,2,-0.400717,0.0194126,1.12106,66534.1
2.001,0.0210851,2,-0.400717,0.0194126,1.12406,75554.5
2.001,0.0210851,2,-0.400717,0.0194126,1.12706,65571.5
2.001,0.0210851,2,-0.400717,0.0194126,1.13007,64773.2
2.001,0.0210851,2,-0.400717,0.0194126,1.13307,65343.1
2.001,0.0210851,2,-0.400717,0.0194126,1.13607,63623.4
2.001,0.0210851,2,-0.400717,0.0194126,1.13907,66283.4
2.001,0.0210851,2,-0.400717,0.0194126,1.14207,63939.2
2.001,0.0210851,2,-0.400717,0.0194126,1.14507,64114.5
2.001,0.0210851,2,-0.400717,0.0194126,1.14807,65168.2
2.001,0.0210851,2,-0.400717,0.0194126,1.15108,71032.1
2.001,0.0210851,2,-0.400717,0.0194126,1.15408,64488.2
2.001,0.0210851,2,-0.400717,0.0194126,1.15708,66464.3
2.001,0.0210851,2,-0.400717,0.0194126,1.16008,67249.7
2.001,0.0210851,2,-0.400717,0.0194126,1.16308,65204.7
2.001,0.0210851,2,-0.400717,0.0194126,1.16608,68158.8
2.001,0.0210851,2,-0.400717,0.0194126,1.16908,68522.8
2.001,0.0210851,2,-0.400717,0.0194126,1.17209,66867.2
2.001,0.0210851,2,-0.400717,0.0194126,1.17509,66563.6
2.001,0.0210851,2,-0.400717,0.0194126,1.17809,69437.3
2.001,0.0210851,2,-0.400717,0.0194126,1.18109,66557.7
2.001,0.0210851,2,-0.400717,0.0194126,1.18409,69187.6
2.001,0.0210851,2,-0.400717,0.0194126,1.18709,66497.9
2.001,0.0210851,2,-0.400717,0.0194126,1.1901,67916.4
2.001,0.0210851,2,-0.400717,0.0194126,1.1931,67593.9
2.001,0.0210851,2,-0.400717,0.0194126,1.1961,68299.9
2.001,0.0210851,2,-0.400717,0.0194126,1.1991,68686.6
2.001,0.0210851,2,-0.400717,0.0194126,1.2021,70237.5
2.001,0.0210851,2,-0.400717,0.0194126,1.2051,68599.9
2.001,0.0210851,2,-0.400717,0.0194126,1.2081,69310.8
2.001,0.0210851,2,-0.400717,0.0194126,1.21111,85925
2.001,0.0210851,2,-0.400717,0.0194126,1.21411,72338.9
2.001,0.0210851,2,-0.400717,0.0194126,1.21711,71846.4
2.001,0.0210851,2,-0.400717,0.0194126,1.22011,69445.5
2.001,0.0210851,2,-0.400717,0.0194126,1.22311,71672.5
2.001,0.0210851,2,-0.400717,0.0194126,1.22611,69952.9
2.001,0.0210851,2,-0.400717,0.0194126,1.22911,74680.7
2.001,0.0210851,2,-0.400717,0.0194126,1.23212,69190.3
2.001,0.0210851,2,-0.400717,0.0194126,1.23512,70711.8
2.001,0.0210851,2,-0.400717,0.0194126,1.23812,72662
2.001,0.0210851,2,-0.400717,0.0194126,1.24112,88224.7
2.001,0.0210851,2,-0.400717,0.0194126,1.24412,72818.3
2.001,0.0210851,2,-0.400717,0.0194126,1.24712,70005.9
2.001,0.0210851,2,-0.400717,0.0194126,1.25013,72157.7
2.001,0.0210851,2,-0.400717,0.0194126,1.25313,73537.6
2.001,0.0210851,2,-0.400717,0.0194126,1.25613,79167.6
2.001,0.0210851,2,-0.400717,0.0194126,1.25913,77370.2
2.001,0.0210851,2,-0.400717,0.0194126,1.26213,75752.5
2.001,0.0210851,2,-0.400717,0.0194126,1.26513,88260.2
2.001,0.0210851,2,-0.400717,0.0194126,1.26813,71810.9
2.001,0.0210851,2,-0.400717,0.0194126,1.27114,72317.3
2.001,0.0210851,2,-0.400717,0.0194126,1.27414,72063.6
2.001,0.0210851,2,-0.400717,0.0194126,1.27714,78512.8
2.001,0.0210851,2,-0.400717,0.0194126,1.28014,76051.6
2.001,0.0210851,2,-0.400717,0.0194126,1.28314,77967.6
2.001,0.0210851,2,-0.400717,0.0194126,1.28614,71957
2.001,0.0210851,2,-0.400717,0.0194126,1.28914,72458.1
2.001,0.0210851,2,-0.400717,0.0194126,1.29215,74347.3
2.001,0.0210851,2,-0.400717,0.0194126,1.29515,75576.4
2.001,0.0210851,2,-0.400717,0.0194126,1.29815,86095.5
2.001,0.0210851,2,-0.400717,0.0194126,1.30115,80360.5
2.001,0.0210851,2,-0.400717,0.0194126,1.30415,77203.7
2.001,0.0210851,2,-0.400717,0.0194126,1.30715,76913
2.001,0.0210851,2,-0.400717,0.0194126,1.31016,88938.5
2.001,0.0210851,2,-0.400717,0.0194126,1.31316,73580.9
2.001,0.0210851,2,-0.400717,0.0194126,1.31616,75118.9
2.001,0.0210851,2,-0.400717,0.0194126,1.31916,76285.1
2.001,0.0210851,2,-0.400717,0.0194126,1.32216,74303.8
2.001,0.0210851,2,-0.400717,0.0194126,1.32516,74807.4
2.001,0.0210851,2,-0.400717,0.0194126,1.32816,74064.4
2.001,0.0210851,2,-0.400717,0.0194126,1.33117,81113.3
2.001,0.0210851,2,-0.400717,0.0194126,1.33417,82878.6
2.001,0.0210851,2,-0.400717,0.0194126,1.33717,74236.4
2.001,0.0210851,2,-0.400717,0.0194126,1.34017,80176.6
2.001,0.0210851,2,-0.400717,0.0194126,1.34317,76443
2.001,0.0210851,2,-0.400717,0.0194126,1.34617,75533.9
2.001,0.0210851,2,-0.400717,0.0194126,1.34917,76750.1
2.001,0.0210851,2,-0.400717,0.0194126,1.35218,76569.4
2.001,0.0210851,2,-0.400717,0.0194126,1.35518,79008.7
2.001,0.0210851,2,-0.400717,0.0194126,1.35818,80442.8
2.001,0.0210851,2,-0.400717,0.0194126,1.36118,95123.4
2.001,0.0210851,2,-0.400717,0.0194126,1.36418,77838.2
2.001,0.0210851,2,-0.400717,0.0194126,1.36718,75733.3
2.001,0.0210851,2,-0.400717,0.0194126,1.37019,78265.6
2.001,0.0210851,2,-0.400717,0.0194126,1.37319,76518.8
2.001,0.0210851,2,-0.400717,0.0194126,1.37619,80630.9
2.001,0.0210851,2,-0.400717,0.0194126,1.37919,76082
2.001,0.0210851,2,-0.400717,0.0194126,1.38219,75744.3
2.001,0.0210851,2,-0.400717,0.0194126,1.38519,78437.2
2.001,0.0210851,2,-0.400717,0.0194126,1.38819,80276.6
2.001,0.0210851,2,-0.400717,0.0194126,1.3912,80313.9
2.001,0.0210851,2,-0.400717,0.0194126,1.3942,79048.5
2.001,0.0210851,2,-0.400717,0.0194126,1.3972,77793.6
2.001,0.0210851,2,-0.400717,0.0194126,1.4002,75994.5
2.001,0.0210851,2,-0.400717,0.0194126,1.4032,82192.6
2.001,0.0210851,2,-0.400717,0.0194126,1.4062,82608.9
2.001,0.0210851,2,-0.400717,0.0194126,1.4092,86703.9
2.001,0.0210851,2,-0.400717,0.0194126,1.41221,83565.5
2.001,0.0210851,2,-0.400717,0.0194126,1.41521,93085
2.001,0.0210851,2,-0.400717,0.0194126,1.41821,82993.4
2.001,0.0210851,2,-0.400717,0.0194126,1.42121,95670.5
2.001,0.0210851,2,-0.400717,0.0194126,1.42421,83704.8
2.001,0.0210851,2,-0.400717,0.0194126,1.42721,94313
2.001,0.0210851,2,-0.400717,0.0194126,1.43022,96767.7
2.001,0.0210851,2,-0.400717,0.0194126,1.43322,80677.6
2.001,0.0210851,2,-0.400717,0.0194126,1.43622,80929.9
2.001,0.0210851,2,-0.400717,0.0194126,1.43922,79470.7
2.001,0.0210851,2,-0.400717,0.0194126,1.44222,77887.5
2.001,0.0210851,2,-0.400717,0.0194126,1.44522,76984.1
2.001,0.0210851,2,-0.400717,0.0194126,1.44822,81449.4
2.001,0.0210851,2,-0.400717,0.0194126,1.45123,81807.6
2.001,0.0210851,2,-0.400717,0.0194126,1.45423,79427.2
2.001,0.0210851,2,-0.400717,0.0194126,1.45723,77671.1
2.001,0.0210851,2,-0.400717,0.0194126,1.46023,82476.7
2.001,0.0210851,2,-0.400717,0.0194126,1.46323,78132.7
2.001,0.0210851,2,-0.400717,0.0194126,1.46623,78372.3
2.001,0.0210851,2,-0.400717,0.0194126,1.46923,83501.8
2.001,0.0210851,2,-0.400717,0.0194126,1.47224,77771.7
2.001,0.0210851,2,-0.400717,0.0194126,1.47524,77659.5
2.001,0.0210851,2,-0.400717,0.0194126,1.47824,82719.5
2.001,0.0210851,2,-0.400717,0.0194126,1.48124,94370.5
2.001,0.0210851,2,-0.400717,0.0194126,1.48424,79061
2.001,0.0210851,2,-0.400717,0.0194126,1.48724,83970.3
2.001,0.0210851,2,-0.400717,0.0194126,1.49025,79957.6
2.001,0.0210851,2,-0.400717,0.0194126,1.49325,81943.9
2.001,0.0210851,2,-0.400717,0.0194126,1.49625,79854.7
2.001,0.0210851,2,-0.400717,0.0194126,1.49925,85726.9
2.001,0.0210851,2,-0.400717,0.0194126,1.50225,80100.3
2.001,0.0210851,2,-0.400717,0.0194126,1.50525,83869.2
2.001,0.0210851,2,-0.400717,0.0194126,1.50825,77819.8
2.001,0.0210851,2,-0.400717,0.0194126,1.51126,85025.1
2.001,0.0210851,2,-0.400717,0.0194126,1.51426,81757.2
2.001,0.0210851,2,-0.400717,0.0194126,1.51726,81706
2.001,0.0210851,2,-0.400717,0.0194126,1.52026,84050.1
2.001,0.0210851,2,-0.400717,0.0194126,1.52326,80270
2.001,0.0210851,2,-0.400717,0.0194126,1.52626,97070.9
2.001,0.0210851,2,-0.400717,0.0194126,1.52926,81007.4
2.001,0.0210851,2,-0.400717,0.0194126,1.53227,82517.7
2.001,0.0210851,2,-0.400717,0.0194126,1.53527,82793.5
2.001,0.0210851,2,-0.400717,0.0194126,1.53827,80275.9
2.001,0.0210851,2,-0.400717,0.0194126,1.54127,82424.5
2.001,0.0210851,2,-0.400717,0.0194126,1.54427,79566
2.001,0.0210851,2,-0.400717,0.0194126,1.54727,83280.5
2.001,0.0210851,2,-0.400717,0.0194126,1.55028,81688.9
2.001,0.0210851,2,-0.400717,0.0194126,1.55328,82918.3
2.001,0.0210851,2,-0.400717,0.0194126,1.55628,81027.6
2.001,0.0210851,2,-0.400717,0.0194126,1.55928,80042
2.001,0.0210851,2,-0.400717,0.0194126,1.56228,78077
2.001,0.0210851,2,-0.400717,0.0194126,1.56528,77799.1
2.001,0.0210851,2,-0.400717,0.0194126,1.56828,80539.4
2.001,0.0210851,2,-0.400717,0.0194126,1.57129,79120.8
2.001,0.0210851,2,-0.400717,0.0194126,1.57429,85411.8
2.001,0.0210851,2,-0.400717,0.0194126,1.57729,77373.8
2.001,0.0210851,2,-0.400717,0.0194126,1.58029,81660.8
2.001,0.0210851,2,-0.400717,0.0194126,1.58329,81592.1
2.001,0.0210851,2,-0.400717,0.0194126,1.58629,77029
2.001,0.0210851,2,-0.400717,0.0194126,1.58929,76848
2.001,0.0210851,2,-0.400717,0.0194126,1.5923,83088.3
2.001,0.0210851,2,-0.400717,0.0194126,1.5953,80169.3
2.001,0.0210851,2,-0.400717,0.0194126,1.5983,79498.1
2.001,0.0210851,2,-0.400717,0.0194126,1.6013,96438.3
2.001,0.0210851,2,-0.400717,0.0194126,1.6043,77828.2
2.001,0.0210851,2,-0.400717,0.0194126,1.6073,79388.4
2.001,0.0210851,2,-0.400717,0.0194126,1.61031,93719.2
2.001,0.0210851,2,-0.400717,0.0194126,1.61331,77754.8
2.001,0.0210851,2,-0.400717,0.0194126,1.61631,81551.3
2.001,0.0210851,2,-0.400717,0.0194126,1.61931,91065.6
2.001,0.0210851,2,-0.400717,0.0194126,1.62231,79857.1
2.001,0.0210851,2,-0.400717,0.0194126,1.62531,79439.2
2.001,0.0210851,2,-0.400717,0.0194126,1.62831,88148.8
2.001,0.0210851,2,-0.400717,0.0194126,1.63132,76683.3
2.001,0.0210851,2,-0.400717,0.0194126,1.63432,87197.2
2.001,0.0210851,2,-0.400717,0.0194126,1.63732,79388.7
2.001,0.0210851,2,-0.400717,0.0194126,1.64032,82328.5
2.001,0.0210851,2,-0.400717,0.0194126,1.64332,81657
2.001,0.0210851,2,-0.400717,0.0194126,1.64632,74889.6
2.001,0.0210851,2,-0.400717,0.0194126,1.64932,78094.7
2.001,0.0210851,2,-0.400717,0.0194126,1.65233,78421.1
2.001,0.0210851,2,-0.400717,0.0194126,1.65533,79312
2.001,0.0210851,2,-0.400717,0.0194126,1.65833,80399.1
2.001,0.0210851,2,-0.400717,0.0194126,1.66133,80865.3
2.001,0.0210851,2,-0.400717,0.0194126,1.66433,75219.8
2.001,0.0210851,2,-0.400717,0.0194126,1.66733,78845.1
2.001,0.0210851,2,-0.400717,0.0194126,1.67034,89564.9
2.001,0.0210851,2,-0.400717,0.0194126,1.67334,75648.1
2.001,0.0210851,2,-0.400717,0.0194126,1.67634,76008.4
2.001,0.0210851,2,-0.400717,0.0194126,1.67934,76818.4
2.001,0.0210851,2,-0.400717,0.0194126,1.68234,74943
2.001,0.0210851,2,-0.400717,0.0194126,1.68534,76864.5
2.001,0.0210851,2,-0.400717,0.0194126,1.68834,76788.2
2.001,0.0210851,2,-0.400717,0.0194126,1.69135,73664.6
2.001,0.0210851,2,-0.400717,0.0194126,1.69435,75601.9
2.001,0.0210851,2,-0.400717,0.0194126,1.69735,75079.9
2.001,0.0210851,2,-0.400717,0.0194126,1.70035,78442.1
2.001,0.0210851,2,-0.400717,0.0194126,1.70335,88800.5
2.001,0.0210851,2,-0.400717,0.0194126,1.70635,84617.4
2.001,0.0210851,2,-0.400717,0.0194126,1.70935,80529.6
2.001,0.0210851,2,-0.400717,0.0194126,1.71236,70907.1
2.001,0.0210851,2,-0.400717,0.0194126,1.71536,72060.6
2.001,0.0210851,2,-0.400717,0.0194126,1.71836,75814.4
2.001,0.0210851,2,-0.400717,0.0194126,1.72136,70791.5
2.001,0.0210851,2,-0.400717,0.0194126,1.72436,73522.1
2.001,0.0210851,2,-0.400717,0.0194126,1.72736,74322.9
2.001,0.0210851,2,-0.400717,0.0194126,1.73037,82477.6
2.001,0.0210851,2,-0.400717,0.0194126,1.73337,69795.7
2.001,0.0210851,2,-0.400717,0.0194126,1.73637,70518.5
2.001,0.0210851,2,-0.400717,0.0194126,1.73937,70575.6
2.001,0.0210851,2,-0.400717,0.0194126,1.74237,68470.7
2.001,0.0210851,2,-0.400717,0.0194126,1.74537,69535.7
2.001,0.0210851,2,-0.400717,0.0194126,1.74837,68854.6
2.001,0.0210851,2,-0.400717,0.0194126,1.75138,80341.1
2.001,0.0210851,2,-0.400717,0.0194126,1.75438,80190.5
2.001,0.0210851,2,-0.400717,0.0194126,1.75738,69144.9
2.001,0.0210851,2,-0.400717,0.0194126,1.76038,69381.4
2.001,0.0210851,2,-0.400717,0.0194126,1.76338,68285.8
2.001,0.0210851,2,-0.400717,0.0194126,1.76638,72905.4
2.001,0.0210851,2,-0.400717,0.0194126,1.76938,68599.6
2.001,0.0210851,2,-0.400717,0.0194126,1.77239,67341.5
2.001,0.0210851,2,-0.400717,0.0194126,1.77539,67675.4
2.001,0.0210851,2,-0.400717,0.0194126,1.77839,66555.2
2.001,0.0210851,2,-0.400717,0.0194126,1.78139,67998
2.001,0.0210851,2,-0.400717,0.0194126,1.78439,66936.8
2.001,0.0210851,2,-0.400717,0.0194126,1.78739,64884.5
2.001,0.0210851,2,-0.400717,0.0194126,1.7904,65345
2.001,0.0210851,2,-0.400717,0.0194126,1.7934,78941.9
2.001,0.0210851,2,-0.400717,0.0194126,1.7964,64958.9
2.001,0.0210851,2,-0.400717,0.0194126,1.7994,63937.6
2.001,0.0210851,2,-0.400717,0.0194126,1.8024,63863.6
2.001,0.0210851,2,-0.400717,0.0194126,1.8054,71435.5
2.001,0.0210851,2,-0.400717,0.0194126,1.8084,62305.6
2.001,0.0210851,2,-0.400717,0.0194126,1.81141,79365.7
2.001,0.0210851,2,-0.400717,0.0194126,1.81441,70319.5
2.001,0.0210851,2,-0.400717,0.0194126,1.81741,71070.6
2.001,0.0210851,2,-0.400717,0.0194126,1.82041,63818.1
2.001,0.0210851,2,-0.400717,0.0194126,1.82341,63563.6
2.001,0.0210851,2,-0.400717,0.0194126,1.82641,63774.1
2.001,0.0210851,2,-0.400717,0.0194126,1.82941,68539.7
2.001,0.0210851,2,-0.400717,0.0194126,1.83242,69615.7
2.001,0.0210851,2,-0.400717,0.0194126,1.83542,68672.2
2.001,0.0210851,2,-0.400717,0.0194126,1.83842,64922.2
2.001,0.0210851,2,-0.400717,0.0194126,1.84142,62408.7
2.001,0.0210851,2,-0.400717,0.0194126,1.84442,59650.8
2.001,0.0210851,2,-0.400717,0.0194126,1.84742,-52379.4
2.001,0.0210851,2,-0.400717,0.0194126,1.85043,-69260
2.001,0.0210851,2,-0.400717,0.0194126,1.85343,-68706.7
2.001,0.0210851,2,-0.400717,0.0194126,1.85643,-71602.8
2.001,0.0210851,2,-0.400717,0.0194126,1.85943,-63675.5
2.001,0.0210851,2,-0.400717,0.0194126,1.86243,-66078.5
2.001,0.0210851,2,-0.400717,0.0194126,1.86543,-72431.7
2.001,0.0210851,2,-0.400717,0.0194126,1.86843,-63147.8
2.001,0.0210851,2,-0.400717,0.0194126,1.87144,-61841.9
2.001,0.0210851,2,-0.400717,0.0194126,1.87444,-66204.2
2.001,0.0210851,2,-0.400717,0.0194126,1.87744,-65839.7
2.001,0.0210851,2,-0.400717,0.0194126,1.88044,-66945
2.001,0.0210851,2,-0.400717,0.0194126,1.88344,-66521.9
2.001,0.0210851,2,-0.400717,0.0194126,1.88644,-67132.7
2.001,0.0210851,2,-0.400717,0.0194126,1.88944,-67223.7
2.001,0.0210851,2,-0.400717,0.0194126,1.89245,-62122
2.001,0.0210851,2,-0.400717,0.0194126,1.89545,-72833.8
2.001,0.0210851,2,-0.400717,0.0194126,1.89845,-64300.1
2.001,0.0210851,2,-0.400717,0.0194126,1.90145,-63302.3
2.001,0.0210851,2,-0.400717,0.0194126,1.90445,-64669.8
2.001,0.0210851,2,-0.400717,0.0194126,1.90745,-61782.8
2.001,0.0210851,2,-0.400717,0.0194126,1.91046,-64551.6
2.001,0.0210851,2,-0.400717,0.0194126,1.91346,-66051
2.001,0.0210851,2,-0.400717,0.0194126,1.91646,-63638.1
2.001,0.0210851,2,-0.400717,0.0194126,1.91946,-65311.8
2.001,0.0210851,2,-0.400717,0.0194126,1.92246,-58750.9
2.001,0.0210851,2,-0.400717,0.0194126,1.92546,-56556.8
2.001,0.0210851,2,-0.400717,0.0194126,1.92846,41094.3
2.001,0.0210851,2,-0.400717,0.0194126,1.93147,53701.2
2.001,0.0210851,2,-0.400717,0.0194126,1.93447,71934.6
2.001,0.0210851,2,-0.400717,0.0194126,1.93747,56358.8
2.001,0.0210851,2,-0.400717,0.0194126,1.94047,56984.3
2.001,0.0210851,2,-0.400717,0.0194126,1.94347,58692.5
2.001,0.0210851,2,-0.400717,0.0194126,1.94647,60904.4
2.001,0.0210851,2,-0.400717,0.0194126,1.94947,58742.6
2.001,0.0210851,2,-0.400717,0.0194126,1.95248,59155.7
2.001,0.0210851,2,-0.400717,0.0194126,1.95548,62597.7
2.001,0.0210851,2,-0.400717,0.0194126,1.95848,64067.4
2.001,0.0210851,2,-0.400717,0.0194126,1.96148,67690
2.001,0.0210851,2,-0.400717,0.0194126,1.96448,57874.7
2.001,0.0210851,2,-0.400717,0.0194126,1.96748,60305.6
2.001,0.0210851,2,-0.400717,0.0194126,1.97049,55234
2.001,0.0210851,2,-0.400717,0.0194126,1.97349,65377
2.001,0.0210851,2,-0.400717,0.0194126,1.97649,47581
2.001,0.0210851,2,-0.400717,0.0194126,1.97949,-52444.8
2.001,0.0210851,2,-0.400717,0.0194126,1.98249,-54863.9
2.001,0.0210851,2,-0.400717,0.0194126,1.98549,-58453.5
2.001,0.0210851,2,-0.400717,0.0194126,1.98849,-61451.7
2.001,0.0210851,2,-0.400717,0.0194126,1.9915,-57969.1
2.001,0.0210851,2,-0.400717,0.0194126,1.9945,-69464.1
2.001,0.0210851,2,-0.400717,0.0194126,1.9975,-57531.7
2.001,0.0210851,2,-0.400717,0.0194126,2.0005,-62217.9
2.001,0.0210851,2,-0.400717,0.0194126,2.0035,54889
2.001,0.0210851,2,-0.400717,0.0194126,2.0065,62743.3
2.001,0.0210851,2,-0.400717,0.0194126,2.0095,73855.1
2.001,0.0210851,2,-0.400717,0.0194126,2.01251,66777.5
2.001,0.0210851,2,-0.400717,0.0194126,2.01551,69508
2.001,0.0210851,2,-0.400717,0.0194126,2.01851,65963.3
2.001,0.0210851,2,-0.400717,0.0194126,2.02151,62196
2.001,0.0210851,2,-0.400717,0.0194126,2.02451,62021.2
2.001,0.0210851,2,-0.400717,0.0194126,2.02751,72271.1
2.001,0.0210851,2,-0.400717,0.0194126,2.03052,71176.5
2.001,0.0210851,2,-0.400717,0.0194126,2.03352,63031.6
2.001,0.0210851,2,-0.400717,0.0194126,2.03652,67782.5
2.001,0.0210851,2,-0.400717,0.0194126,2.03952,67295.8
2.001,0.0210851,2,-0.400717,0.0194126,2.04252,66659.9
2.001,0.0210851,2,-0.400717,0.0194126,2.04552,70500.8
2.001,0.0210851,2,-0.400717,0.0194126,2.04852,68570.2
2.001,0.0210851,2,-0.400717,0.0194126,2.05153,69790.7
2.001,0.0210851,2,-0.400717,0.0194126,2.05453,68538.9
2.001,0.0210851,2,-0.400717,0.0194126,2.05753,70890.2
2.001,0.0210851,2,-0.400717,0.0194126,2.06053,75671
2.001,0.0210851,2,-0.400717,0.0194126,2.06353,76471
2.001,0.0210851,2,-0.400717,0.0194126,2.06653,77203.4
2.001,0.0210851,2,-0.400717,0.0194126,2.06953,78575.6
2.001,0.0210851,2,-0.400717,0.0194126,2.07254,81613.5
2.001,0.0210851,2,-0.400717,0.0194126,2.07554,82014.3
2.001,0.0210851,2,-0.400717,0.0194126,2.07854,75688.9
2.001,0.0210851,2,-0.400717,0.0194126,2.08154,84809
2.001,0.0210851,2,-0.400717,0.0194126,2.08454,78415.7
2.001,0.0210851,2,-0.400717,0.0194126,2.08754,90801.8
2.001,0.0210851,2,-0.400717,0.0194126,2.09055,87436.9
2.001,0.0210851,2,-0.400717,0.0194126,2.09355,92727.4
2.001,0.0210851,2,-0.400717,0.0194126,2.09655,94381.9
2.001,0.0210851,2,-0.400717,0.0194126,2.09955,84642.1
2.001,0.0210851,2,-0.400717,0.0194126,2.10255,100128
2.001,0.0210851,2,-0.400717,0.0194126,2.10555,92209.1
2.001,0.0210851,2,-0.400717,0.0194126,2.10855,93147.5
2.001,0.0210851,2,-0.400717,0.0194126,2.11156,91255.3
2.001,0.0210851,2,-0.400717,0.0194126,2.11456,89448.3
2.001,0.0210851,2,-0.400717,0.0194126,2.11756,93563.3
2.001,0.0210851,2,-0.400717,0.0194126,2.12056,97566.7
2.001,0.0210851,2,-0.400717,0.0194126,2.12356,102532
2.001,0.0210851,2,-0.400717,0.0194126,2.12656,92019.3
2.001,0.0210851,2,-0.400717,0.0194126,2.12956,99839.1
2.001,0.0210851,2,-0.400717,0.0194126,2.13257,110148
2.001,0.0210851,2,-0.400717,0.0194126,2.13557,98879.5
2.001,0.0210851,2,-0.400717,0.0194126,2.13857,102047
2.001,0.0210851,2,-0.400717,0.0194126,2.14157,97385.7
2.001,0.0210851,2,-0.400717,0.0194126,2.14457,103777
2.001,0.0210851,2,-0.400717,0.0194126,2.14757,103532
2.001,0.0210851,2,-0.400717,0.0194126,2.15058,107556
2.001,0.0210851,2,-0.400717,0.0194126,2.15358,107233
2.001,0.0210851,2,-0.400717,0.0194126,2.15658,105444
2.001,0.0210851,2,-0.400717,0.0194126,2.15958,109666
2.001,0.0210851,2,-0.400717,0.0194126,2.16258,106047
2.001,0.0210851,2,-0.400717,0.0194126,2.16558,110689
2.001,0.0210851,2,-0.400717,0.0194126,2.16858,111604
2.001,0.0210851,2,-0.400717,0.0194126,2.17159,111354
2.001,0.0210851,2,-0.400717,0.0194126,2.17459,112614
2.001,0.0210851,2,-0.400717,0.0194126,2.17759,113183
2.001,0.0210851,2,-0.400717,0.0194126,2.18059,113729
2.001,0.0210851,2,-0.400717,0.0194126,2.18359,115635
2.001,0.0210851,2,-0.400717,0.0194126,2.18659,117699
2.001,0.0210851,2,-0.400717,0.0194126,2.18959,127838
2.001,0.0210851,2,-0.400717,0.0194126,2.1926,123350
2.001,0.0210851,2,-0.400717,0.0194126,2.1956,130162
2.001,0.0210851,2,-0.400717,0.0194126,2.1986,123869
2.001,0.0210851,2,-0.400717,0.0194126,2.2016,126154
2.001,0.0210851,2,-0.400717,0.0194126,2.2046,133396
2.001,0.0210851,2,-0.400717,0.0194126,2.2076,125386
2.001,0.0210851,2,-0.400717,0.0194126,2.21061,128049
2.001,0.0210851,2,-0.400717,0.0194126,2.21361,127688
2.001,0.0210851,2,-0.400717,0.0194126,2.21661,138597
2.001,0.0210851,2,-0.400717,0.0194126,2.21961,138587
2.001,0.0210851,2,-0.400717,0.0194126,2.22261,133149
2.001,0.0210851,2,-0.400717,0.0194126,2.22561,140063
2.001,0.0210851,2,-0.400717,0.0194126,2.22861,156650
2.001,0.0210851,2,-0.400717,0.0194126,2.23162,138591
2.001,0.0210851,2,-0.400717,0.0194126,2.23462,142094
2.001,0.0210851,2,-0.400717,0.0194126,2.23762,142882
2.001,0.0210851,2,-0.400717,0.0194126,2.24062,143631
2.001,0.0210851,2,-0.400717,0.0194126,2.24362,160114
2.001,0.0210851,2,-0.400717,0.0194126,2.24662,158156
2.001,0.0210851,2,-0.400717,0.0194126,2.24962,147212
2.001,0.0210851,2,-0.400717,0.0194126,2.25263,161444
2.001,0.0210851,2,-0.400717,0.0194126,2.25563,156181
2.001,0.0210851,2,-0.400717,0.0194126,2.25863,153454
2.001,0.0210851,2,-0.400717,0.0194126,2.26163,164642
2.001,0.0210851,2,-0.400717,0.0194126,2.26463,156663
2.001,0.0210851,2,-0.400717,0.0194126,2.26763,161484
2.001,0.0210851,2,-0.400717,0.0194126,2.27064,163859
2.001,0.0210851,2,-0.400717,0.0194126,2.27364,166498
2.001,0.0210851,2,-0.400717,0.0194126,2.27664,175600
2.001,0.0210851,2,-0.400717,0.0194126,2.27964,169182
2.001,0.0210851,2,-0.400717,0.0194126,2.28264,174624
2.001,0.0210851,2,-0.400717,0.0194126,2.28564,177393
2.001,0.0210851,2,-0.400717,0.0194126,2.28864,175422
2.001,0.0210851,2,-0.400717,0.0194126,2.29165,184514
2.001,0.0210851,2,-0.400717,0.0194126,2.29465,191984
2.001,0.0210851,2,-0.400717,0.0194126,2.29765,187531
2.001,0.0210851,2,-0.400717,0.0194126,2.30065,191937
2.001,0.0210851,2,-0.400717,0.0194126,2.30365,192306
2.001,0.0210851,2,-0.400717,0.0194126,2.30665,191589
2.001,0.0210851,2,-0.400717,0.0194126,2.30965,202056
2.001,0.0210851,2,-0.400717,0.0194126,2.31266,197138
2.001,0.0210851,2,-0.400717,0.0194126,2.31566,206270
2.001,0.0210851,2,-0.400717,0.0194126,2.31866,213355
2.001,0.0210851,2,-0.400717,0.0194126,2.32166,201276
2.001,0.0210851,2,-0.400717,0.0194126,2.32466,223868
2.001,0.0210851,2,-0.400717,0.0194126,2.32766,207838
2.001,0.0210851,2,-0.400717,0.0194126,2.33067,213085
2.001,0.0210851,2,-0.400717,0.0194126,2.33367,213907
2.001,0.0210851,2,-0.400717,0.0194126,2.33667,215125
2.001,0.0210851,2,-0.400717,0.0194126,2.33967,254920
2.001,0.0210851,2,-0.400717,0.0194126,2.34267,231851
2.001,0.0210851,2,-0.400717,0.0194126,2.34567,233764
2.001,0.0210851,2,-0.400717,0.0194126,2.34867,225927
2.001,0.0210851,2,-0.400717,0.0194126,2.35168,242766
2.001,0.0210851,2,-0.400717,0.0194126,2.35468,241863
2.001,0.0210851,2,-0.400717,0.0194126,2.35768,244531
2.001,0.0210851,2,-0.400717,0.0194126,2.36068,245090
2.001,0.0210851,2,-0.400717,0.0194126,2.36368,252771
2.001,0.0210851,2,-0.400717,0.0194126,2.36668,251279
2.001,0.0210851,2,-0.400717,0.0194126,2.36968,252137
2.001,0.0210851,2,-0.400717,0.0194126,2.37269,253344
2.001,0.0210851,2,-0.400717,0.0194126,2.37569,265954
2.001,0.0210851,2,-0.400717,0.0194126,2.37869,270304
2.001,0.0210851,2,-0.400717,0.0194126,2.38169,265793
2.001,0.0210851,2,-0.400717,0.0194126,2.38469,274894
2.001,0.0210851,2,-0.400717,0.0194126,2.38769,283172
2.001,0.0210851,2,-0.400717,0.0194126,2.3907,277497
2.001,0.0210851,2,-0.400717,0.0194126,2.3937,285813
2.001,0.0210851,2,-0.400717,0.0194126,2.3967,301457
2.001,0.0210851,2,-0.400717,0.0194126,2.3997,287698
2.001,0.0210851,2,-0.400717,0.0194126,2.4027,304609
2.001,0.0210851,2,-0.400717,0.0194126,2.4057,307152
2.001,0.0210851,2,-0.400717,0.0194126,2.4087,325365
2.001,0.0210851,2,-0.400717,0.0194126,2.41171,313787
2.001,0.0210851,2,-0.400717,0.0194126,2.41471,333611
2.001,0.0210851,2,-0.400717,0.0194126,2.41771,325069
2.001,0.0210851,2,-0.400717,0.0194126,2.42071,328635
2.001,0.0210851,2,-0.400717,0.0194126,2.42371,347105
2.001,0.0210851,2,-0.400717,0.0194126,2.42671,331601
2.001,0.0210851,2,-0.400717,0.0194126,2.42971,338344
2.001,0.0210851,2,-0.400717,0.0194126,2.43272,349491
2.001,0.0210851,2,-0.400717,0.0194126,2.43572,355424
2.001,0.0210851,2,-0.400717,0.0194126,2.43872,352062
2.001,0.0210851,2,-0.400717,0.0194126,2.44172,362522
2.001,0.0210851,2,-0.400717,0.0194126,2.44472,362533
2.001,0.0210851,2,-0.400717,0.0194126,2.44772,386121
2.001,0.0210851,2,-0.400717,0.0194126,2.45073,382093
2.001,0.0210851,2,-0.400717,0.0194126,2.45373,386567
2.001,0.0210851,2,-0.400717,0.0194126,2.45673,396465
2.001,0.0210851,2,-0.400717,0.0194126,2.45973,399875
2.001,0.0210851,2,-0.400717,0.0194126,2.46273,402676
2.001,0.0210851,2,-0.400717,0.0194126,2.46573,436888
2.001,0.0210851,2,-0.400717,0.0194126,2.46873,415114
2.001,0.0210851,2,-0.400717,0.0194126,2.47174,416005
2.001,0.0210851,2,-0.400717,0.0194126,2.47474,422786
2.001,0.0210851,2,-0.400717,0.0194126,2.47774,447756
2.001,0.0210851,2,-0.400717,0.0194126,2.48074,454694
2.001,0.0210851,2,-0.400717,0.0194126,2.48374,444262
2.001,0.0210851,2,-0.400717,0.0194126,2.48674,451856
2.001,0.0210851,2,-0.400717,0.0194126,2.48974,479986
2.001,0.0210851,2,-0.400717,0.0194126,2.49275,488952
2.001,0.0210851,2,-0.400717,0.0194126,2.49575,477262
2.001,0.0210851,2,-0.400717,0.0194126,2.49875,491318
2.001,0.0210851,2,-0.400717,0.0194126,2.50175,506831
2.001,0.0210851,2,-0.400717,0.0194126,2.50475,503496
2.001,0.0210851,2,-0.400717,0.0194126,2.50775,522789
2.001,0.0210851,2,-0.400717,0.0194126,2.51076,529369
2.001,0.0210851,2,-0.400717,0.0194126,2.51376,544263
2.001,0.0210851,2,-0.400717,0.0194126,2.51676,537497
2.001,0.0210851,2,-0.400717,0.0194126,2.51976,549716
2.001,0.0210851,2,-0.400717,0.0194126,2.52276,553601
2.001,0.0210851,2,-0.400717,0.0194126,2.52576,579459
2.001,0.0210851,2,-0.400717,0.0194126,2.52876,574757
2.001,0.0210851,2,-0.400717,0.0194126,2.53177,608027
2.001,0.0210851,2,-0.400717,0.0194126,2.53477,601629
2.001,0.0210851,2,-0.400717,0.0194126,2.53777,618590
2.001,0.0210851,2,-0.400717,0.0194126,2.54077,615627
2.001,0.0210851,2,-0.400717,0.0194126,2.54377,643169
2.001,0.0210851,2,-0.400717,0.0194126,2.54677,649357
2.001,0.0210851,2,-0.400717,0.0194126,2.54977,646725
2.001,0.0210851,2,-0.400717,0.0194126,2.55278,672688
2.001,0.0210851,2,-0.400717,0.0194126,2.55578,658957
2.001,0.0210851,2,-0.400717,0.0194126,2.55878,672038
2.001,0.0210851,2,-0.400717,0.0194126,2.56178,693904
2.001,0.0210851,2,-0.400717,0.0194126,2.56478,723721
2.001,0.0210851,2,-0.400717,0.0194126,2.56778,723479
2.001,0.0210851,2,-0.400717,0.0194126,2.57079,746330
2.001,0.0210851,2,-0.400717,0.0194126,2.57379,744887
2.001,0.0210851,2,-0.400717,0.0194126,2.57679,773154
2.001,0.0210851,2,-0.400717,0.0194126,2.57979,766568
2.001,0.0210851,2,-0.400717,0.0194126,2.58279,788317
2.001,0.0210851,2,-0.400717,0.0194126,2.58579,799996
2.001,0.0210851,2,-0.400717,0.0194126,2.58879,804830
2.001,0.0210851,2,-0.400717,0.0194126,2.5918,809294
2.001,0.0210851,2,-0.400717,0.0194126,2.5948,832264
2.001,0.0210851,2,-0.400717,0.0194126,2.5978,845397
2.001,0.0210851,2,-0.400717,0.0194126,2.6008,885518
2.001,0.0210851,2,-0.400717,0.0194126,2.6038,866209
2.001,0.0210851,2,-0.400717,0.0194126,2.6068,902923
2.001,0.0210851,2,-0.400717,0.0194126,2.6098,896051
2.001,0.0210851,2,-0.400717,0.0194126,2.61281,942743
2.001,0.0210851,2,-0.400717,0.0194126,2.61581,950707
2.001,0.0210851,2,-0.400717,0.0194126,2.61881,962396
2.001,0.0210851,2,-0.400717,0.0194126,2.62181,970463
2.001,0.0210851,2,-0.400717,0.0194126,2.62481,994745
2.001,0.0210851,2,-0.400717,0.0194126,2.62781,1.01617e+06
2.001,0.0210851,2,-0.400717,0.0194126,2.63082,1.0231e+06
2.001,0.0210851,2,-0.400717,0.0194126,2.63382,1.03753e+06
2.001,0.0210851,2,-0.400717,0.0194126,2.63682,1.00028e+06
2.001,0.0210851,2,-0.400717,0.0194126,2.63982,1.03148e+06
2.001,0.0210851,2,-0.400717,0.0194126,2.64282,1.03647e+06
2.001,0.0210851,2,-0.400717,0.0194126,2.64582,1.02868e+06
2.001,0.0210851,2,-0.400717,0.0194126,2.64882,1.03542e+06
2.001,0.0210851,2,-0.400717,0.0194126,2.65183,1.00829e+06
2.001,0.0210851,2,-0.400717,0.0194126,2.65483,1.01941e+06
2.001,0.0210851,2,-0.400717,0.0194126,2.65783,1.01085e+06
2.001,0.0210851,2,-0.400717,0.0194126,2.66083,1.00554e+06
2.001,0.0210851,2,-0.400717,0.0194126,2.66383,1.01502e+06
2.001,0.0210851,2,-0.400717,0.0194126,2.66683,1.04493e+06
2.001,0.0210851,2,-0.400717,0.0194126,2.66983,1.00654e+06
2.001,0.0210851,2,-0.400717,0.0194126,2.67284,1.01309e+06
2.001,0.0210851,2,-0.400717,0.0194126,2.67584,1.00989e+06
2.001,0.0210851,2,-0.400717,0.0194126,2.67884,1.03839e+06
2.001,0.0210851,2,-0.400717,0.0194126,2.68184,1.04341e+06
2.001,0.0210851,2,-0.400717,0.0194126,2.68484,1.02244e+06
2.001,0.0210851,2,-0.400717,0.0194126,2.68784,1.00004e+06
2.001,0.0210851,2,-0.400717,0.0194126,2.69085,1.02278e+06
2.001,0.0210851,2,-0.400717,0.0194126,2.69385,1.00922e+06
2.001,0.0210851,2,-0.400717,0.0194126,2.69685,1.00076e+06
2.001,0.0210851,2,-0.400717,0.0194126,2.69985,1.04153e+06
2.001,0.0210851,2,-0.400717,0.0194126,2.70285,1.01558e+06
2.001,0.0210851,2,-0.400717,0.0194126,2.70585,1.02508e+06
2.001,0.0210851,2,-0.400717,0.0194126,2.70885,1.03907e+06
2.001,0.0210851,2,-0.400717,0.0194126,2.71186,1.05717e+06
2.001,0.0210851,2,-0.400717,0.0194126,2.71486,1.01579e+06
2.001,0.0210851,2,-0.400717,0.0194126,2.71786,1.046e+06
2.001,0.0210851,2,-0.400717,0.0194126,2.72086,1.00799e+06
2.001,0.0210851,2,-0.400717,0.0194126,2.72386,1.03832e+06
2.001,0.0210851,2,-0.400717,0.0194126,2.72686,1.00693e+06
2.001,0.0210851,2,-0.400717,0.0194126,2.72986,1.01336e+06
2.001,0.0210851,2,-0.400717,0.0194126,2.73287,1.03259e+06
2.001,0.0210851,2,-0.400717,0.0194126,2.73587,1.03726e+06
2.001,0.0210851,2,-0.400717,0.0194126,2.73887,1.02068e+06
2.001,0.0210851,2,-0.400717,0.0194126,2.74187,1.00117e+06
2.001,0.0210851,2,-0.400717,0.0194126,2.74487,1.00767e+06
2.001,0.0210851,2,-0.400717,0.0194126,2.74787,1.00839e+06
2.001,0.0210851,2,-0.400717,0.0194126,2.75088,1.01297e+06
2.001,0.0210851,2,-0.400717,0.0194126,2.75388,1.01848e+06
2.001,0.0210851,2,-0.400717,0.0194126,2.75688,1.00418e+06
2.001,0.0210851,2,-0.400717,0.0194126,2.75988,1.03064e+06
2.001,0.0210851,2,-0.400717,0.0194126,2.76288,1.03117e+06
2.001,0.0210851,2,-0.400717,0.0194126,2.76588,1.04379e+06
2.001,0.0210851,2,-0.400717,0.0194126,2.76888,1.01523e+06
2.001,0.0210851,2,-0.400717,0.0194126,2.77189,1.02705e+06
2.001,0.0210851,2,-0.400717,0.0194126,2.77489,1.01446e+06
2.001,0.0210851,2,-0.400717,0.0194126,2.77789,1.01032e+06
2.001,0.0210851,2,-0.400717,0.0194126,2.78089,1.04026e+06
2.001,0.0210851,2,-0.400717,0.0194126,2.78389,1.00961e+06
2.001,0.0210851,2,-0.400717,0.0194126,2.78689,1.03473e+06
2.001,0.0210851,2,-0.400717,0.0194126,2.78989,1.01915e+06
2.001,0.0210851,2,-0.400717,0.0194126,2.7929,1.03092e+06
2.001,0.0210851,2,-0.400717,0.0194126,2.7959,1.05819e+06
2.001,0.0210851,2,-0.400717,0.0194126,2.7989,1.01244e+06
2.001,0.0210851,2,-0.400717,0.0194126,2.8019,1.0424e+06
2.001,0.0210851,2,-0.400717,0.0194126,2.8049,1.01774e+06
2.001,0.0210851,2,-0.400717,0.0194126,2.8079,1.02996e+06
2.001,0.0210851,2,-0.400717,0.0194126,2.81091,1.01157e+06
2.001,0.0210851,2,-0.400717,0.0194126,2.81391,1.01903e+06
2.001,0.0210851,2,-0.400717,0.0194126,2.81691,1.01985e+06
2.001,0.0210851,2,-0.400717,0.0194126,2.81991,1.04953e+06
2.001,0.0210851,2,-0.400717,0.0194126,2.82291,1.00545e+06
2.001,0.0210851,2,-0.400717,0.0194126,2.82591,1.01164e+06
2.001,0.0210851,2,-0.400717,0.0194126,2.82891,1.04004e+06
2.001,0.0210851,2,-0.400717,0.0194126,2.83192,1.00833e+06
2.001,0.0210851,2,-0.400717,0.0194126,2.83492,1.10237e+06
2.001,0.0210851,2,-0.400717,0.0194126,2.83792,1.02274e+06
2.001,0.0210851,2,-0.400717,0.0194126,2.84092,1.00055e+06
2.001,0.0210851,2,-0.400717,0.0194126,2.84392,1.06295e+06
2.001,0.0210851,2,-0.400717,0.0194126,2.84692,1.06795e+06
2.001,0.0210851,2,-0.400717,0.0194126,2.84992,1.12033e+06
2.001,0.0210851,2,-0.400717,0.0194126,2.85293,1.13579e+06
2.001,0.0210851,2,-0.400717,0.0194126,2.85593,1.03975e+06
2.001,0.0210851,2,-0.400717,0.0194126,2.85893,1.05849e+06
2.001,0.0210851,2,-0.400717,0.0194126,2.86193,1.04495e+06
2.001,0.0210851,2,-0.400717,0.0194126,2.86493,1.02897e+06
2.001,0.0210851,2,-0.400717,0.0194126,2.86793,1.0124e+06
2.001,0.0210851,2,-0.400717,0.0194126,2.87094,1.03208e+06
2.001,0.0210851,2,-0.400717,0.0194126,2.87394,1.01616e+06
2.001,0.0210851,2,-0.400717,0.0194126,2.87694,1.09394e+06
2.001,0.0210851,2,-0.400717,0.0194126,2.87994,1.09993e+06
2.001,0.0210851,2,-0.400717,0.0194126,2.88294,1.08516e+06
2.001,0.0210851,2,-0.400717,0.0194126,2.88594,1.08307e+06
2.001,0.0210851,2,-0.400717,0.0194126,2.88894,1.07029e+06
2.001,0.0210851,2,-0.400717,0.0194126,2.89195,1.14515e+06
2.001,0.0210851,2,-0.400717,0.0194126,2.89495,1.10793e+06
2.001,0.0210851,2,-0.400717,0.0194126,2.89795,1.03974e+06
2.001,0.0210851,2,-0.400717,0.0194126,2.90095,1.0608e+06
2.001,0.0210851,2,-0.400717,0.0194126,2.90395,1.02434e+06
2.001,0.0210851,2,-0.400717,0.0194126,2.90695,1.05064e+06
2.001,0.0210851,2,-0.400717,0.0194126,2.90995,1.00655e+06
2.001,0.0210851,2,-0.400717,0.0194126,2.91296,1.00398e+06
2.001,0.0210851,2,-0.400717,0.0194126,2.91596,1.03641e+06
2.001,0.0210851,2,-0.400717,0.0194126,2.91896,1.07293e+06
2.001,0.0210851,2,-0.400717,0.0194126,2.92196,1.078e+06
2.001,0.0210851,2,-0.400717,0.0194126,2.92496,1.16916e+06
2.001,0.0210851,2,-0.400717,0.0194126,2.92796,1.03376e+06
2.001,0.0210851,2,-0.400717,0.0194126,2.93097,1.00767e+06
2.001,0.0210851,2,-0.400717,0.0194126,2.93397,1.06479e+06
2.001,0.0210851,2,-0.400717,0.0194126,2.93697,1.0291e+06
2.001,0.0210851,2,-0.400717,0.0194126,2.93997,1.03487e+06
2.001,0.0210851,2,-0.400717,0.0194126,2.94297,1.01801e+06
2.001,0.0210851,2,-0.400717,0.0194126,2.94597,1.15274e+06
2.001,0.0210851,2,-0.400717,0.0194126,2.94897,1.08453e+06
2.001,0.0210851,2,-0.400717,0.0194126,2.95198,1.06756e+06
2.001,0.0210851,2,-0.400717,0.0194126,2.95498,1.09683e+06
2.001,0.0210851,2,-0.400717,0.0194126,2.95798,1.00522e+06
2.001,0.0210851,2,-0.400717,0.0194126,2.96098,1.0452e+06
2.001,0.0210851,2,-0.400717,0.0194126,2.96398,1.05714e+06
2.001,0.0210851,2,-0.400717,0.0194126,2.96698,1.0227e+06
2.001,0.0210851,2,-0.400717,0.0194126,2.96998,1.00859e+06
2.001,0.0210851,2,-0.400717,0.0194126,2.97299,1.05441e+06
2.001,0.0210851,2,-0.400717,0.0194126,2.97599,1.1122e+06
2.001,0.0210851,2,-0.400717,0.0194126,2.97899,1.044e+06
2.001,0.0210851,2,-0.400717,0.0194126,2.98199,1.05942e+06
2.001,0.0210851,2,-0.400717,0.0194126,2.98499,1.22226e+06
2.001,0.0210851,2,-0.400717,0.0194126,2.98799,1.12255e+06
2.001,0.0210851,2,-0.400717,0.0194126,2.991,1.20048e+06
2.001,0.0210851,2,-0.400717,0.0194126,2.994,1.09951e+06
2.001,0.0210851,2,-0.400717,0.0194126,2.997,1.03933e+06
2.001,0.0210851,2,-0.400717,0.0194126,3,1.08888e+06

