2.2,0.00704794,2,0.0614593,0.00752869,-3,226671
2.2,0.00704794,2,0.0614593,0.00752869,-2.997,263744
2.2,0.00704794,2,0.0614593,0.00752869,-2.994,258274
2.2,0.00704794,2,0.0614593,0.00752869,-2.991,229610
2.2,0.00704794,2,0.0614593,0.00752869,-2.98799,242066
2.2,0.00704794,2,0.0614593,0.00752869,-2.98499,238610
2.2,0.00704794,2,0.0614593,0.00752869,-2.98199,258105
2.2,0.00704794,2,0.0614593,0.00752869,-2.97899,273354
2.2,0.00704794,2,0.0614593,0.00752869,-2.97599,244994
2.2,0.00704794,2,0.0614593,0.00752869,-2.97299,242907
2.2,0.00704794,2,0.0614593,0.00752869,-2.96998,251187
2.2,0.00704794,2,0.0614593,0.00752869,-2.96698,268364
2.2,0.00704794,2,0.0614593,0.00752869,-2.96398,259966
2.2,0.00704794,2,0.0614593,0.00752869,-2.96098,236551
2.2,0.00704794,2,0.0614593,0.00752869,-2.95798,251202
2.2,0.00704794,2,0.0614593,0.00752869,-2.95498,235056
2.2,0.00704794,2,0.0614593,0.00752869,-2.95198,237886
2.2,0.00704794,2,0.0614593,0.00752869,-2.94897,293009
2.2,0.00704794,2,0.0614593,0.00752869,-2.94597,236913
2.2,0.00704794,2,0.0614593,0.00752869,-2.94297,247027
2.2,0.00704794,2,0.0614593,0.00752869,-2.93997,239142
2.2,0.00704794,2,0.0614593,0.00752869,-2.93697,262383
2.2,0.00704794,2,0.0614593,0.00752869,-2.93397,266024
2.2,0.00704794,2,0.0614593,0.00752869,-2.93097,245984
2.2,0.00704794,2,0.0614593,0.00752869,-2.92796,254928
2.2,0.00704794,2,0.0614593,0.00752869,-2.92496,239246
2.2,0.00704794,2,0.0614593,0.00752869,-2.92196,257931
2.2,0.00704794,2,0.0614593,0.00752869,-2.91896,236436
2.2,0.00704794,2,0.0614593,0.00752869,-2.91596,258436
2.2,0.00704794,2,0.0614593,0.00752869,-2.91296,242409
2.2,0.00704794,2,0.0614593,0.00752869,-2.90995,233627
2.2,0.00704794,2,0.0614593,0.00752869,-2.90695,235551
2.2,0.00704794,2,0.0614593,0.00752869,-2.90395,269298
2.2,0.00704794,2,0.0614593,0.00752869,-2.90095,262639
2.2,0.00704794,2,0.0614593,0.00752869,-2.89795,258444
2.2,0.00704794,2,0.0614593,0.00752869,-2.89495,242291
2.2,0.00704794,2,0.0614593,0.00752869,-2.89195,237248
2.2,0.00704794,2,0.0614593,0.00752869,-2.88894,237016
2.2,0.00704794,2,0.0614593,0.00752869,-2.88594,234133
2.2,0.00704794,2,0.0614593,0.00752869,-2.88294,237157
2.2,0.00704794,2,0.0614593,0.00752869,-2.87994,252282
2.2,0.00704794,2,0.0614593,0.00752869,-2.87694,256509
2.2,0.00704794,2,0.0614593,0.00752869,-2.87394,245184
2.2,0.00704794,2,0.0614593,0.00752869,-2.87094,246191
2.2,0.00704794,2,0.0614593,0.00752869,-2.86793,269638
2.2,0.00704794,2,0.0614593,0.00752869,-2.86493,269340
2.2,0.00704794,2,0.0614593,0.00752869,-2.86193,265500
2.2,0.00704794,2,0.0614593,0.00752869,-2.85893,271231
2.2,0.00704794,2,0.0614593,0.00752869,-2.85593,246890
2.2,0.00704794,2,0.0614593,0.00752869,-2.85293,257666
2.2,0.00704794,2,0.0614593,0.00752869,-2.84992,241694
2.2,0.00704794,2,0.0614593,0.00752869,-2.84692,288965
2.2,0.00704794,2,0.0614593,0.00752869,-2.84392,247675
2.2,0.00704794,2,0.0614593,0.00752869,-2.84092,238402
2.2,0.00704794,2,0.0614593,0.00752869,-2.83792,263393
2.2,0.00704794,2,0.0614593,0.00752869,-2.83492,249388
2.2,0.00704794,2,0.0614593,0.00752869,-2.83192,274115
2.2,0.00704794,2,0.0614593,0.00752869,-2.82891,296871
2.2,0.00704794,2,0.0614593,0.00752869,-2.82591,240277
2.2,0.00704794,2,0.0614593,0.00752869,-2.82291,247305
2.2,0.00704794,2,0.0614593,0.00752869,-2.81991,233891
2.2,0.00704794,2,0.0614593,0.00752869,-2.81691,231458
2.2,0.00704794,2,0.0614593,0.00752869,-2.81391,242278
2.2,0.00704794,2,0.0614593,0.00752869,-2.81091,231671
2.2,0.00704794,2,0.0614593,0.00752869,-2.8079,294989
2.2,0.00704794,2,0.0614593,0.00752869,-2.8049,262739
2.2,0.00704794,2,0.0614593,0.00752869,-2.8019,275358
2.2,0.00704794,2,0.0614593,0.00752869,-2.7989,252160
2.2,0.00704794,2,0.0614593,0.00752869,-2.7959,243193
2.2,0.00704794,2,0.0614593,0.00752869,-2.7929,236924
2.2,0.00704794,2,0.0614593,0.00752869,-2.78989,237970
2.2,0.00704794,2,0.0614593,0.00752869,-2.78689,272616
2.2,0.00704794,2,0.0614593,0.00752869,-2.78389,249272
2.2,0.00704794,2,0.0614593,0.00752869,-2.78089,249964
2.2,0.00704794,2,0.0614593,0.00752869,-2.77789,247883
2.2,0.00704794,2,0.0614593,0.00752869,-2.77489,245499
2.2,0.00704794,2,0.0614593,0.00752869,-2.77189,235910
2.2,0.00704794,2,0.0614593,0.00752869,-2.76888,242397
2.2,0.00704794,2,0.0614593,0.00752869,-2.76588,270019
2.2,0.00704794,2,0.0614593,0.00752869,-2.76288,249182
2.2,0.00704794,2,0.0614593,0.00752869,-2.75988,246492
2.2,0.00704794,2,0.0614593,0.00752869,-2.75688,275209
2.2,0.00704794,2,0.0614593,0.00752869,-2.75388,254566
2.2,0.00704794,2,0.0614593,0.00752869,-2.75088,276064
2.2,0.00704794,2,0.0614593,0.00752869,-2.74787,250840
2.2,0.00704794,2,0.0614593,0.00752869,-2.74487,236760
2.2,0.00704794,2,0.0614593,0.00752869,-2.74187,257079
2.2,0.00704794,2,0.0614593,0.00752869,-2.73887,240215
2.2,0.00704794,2,0.0614593,0.00752869,-2.73587,239087
2.2,0.00704794,2,0.0614593,0.00752869,-2.73287,243510
2.2,0.00704794,2,0.0614593,0.00752869,-2.72986,250008
2.2,0.00704794,2,0.0614593,0.00752869,-2.72686,241684
2.2,0.00704794,2,0.0614593,0.00752869,-2.72386,241311
2.2,0.00704794,2,0.0614593,0.00752869,-2.72086,247847
2.2,0.00704794,2,0.0614593,0.00752869,-2.71786,258566
2.2,0.00704794,2,0.0614593,0.00752869,-2.71486,274659
2.2,0.00704794,2,0.0614593,0.00752869,-2.71186,237123
2.2,0.00704794,2,0.0614593,0.00752869,-2.70885,274477
2.2,0.00704794,2,0.0614593,0.00752869,-2.70585,272758
2.2,0.00704794,2,0.0614593,0.00752869,-2.70285,244798
2.2,0.00704794,2,0.0614593,0.00752869,-2.69985,251810
2.2,0.00704794,2,0.0614593,0.00752869,-2.69685,243334
2.2,0.00704794,2,0.0614593,0.00752869,-2.69385,263524
2.2,0.00704794,2,0.0614593,0.00752869,-2.69085,261842
2.2,0.00704794,2,0.0614593,0.00752869,-2.68784,273926
2.2,0.00704794,2,0.0614593,0.00752869,-2.68484,278221
2.2,0.00704794,2,0.0614593,0.00752869,-2.68184,245649
2.2,0.00704794,2,0.0614593,0.00752869,-2.67884,234005
2.2,0.00704794,2,0.0614593,0.00752869,-2.67584,282912
2.2,0.00704794,2,0.0614593,0.00752869,-2.67284,242588
2.2,0.00704794,2,0.0614593,0.00752869,-2.66983,258182
2.2,0.00704794,2,0.0614593,0.00752869,-2.66683,232490
2.2,0.00704794,2,0.0614593,0.00752869,-2.66383,265036
2.2,0.00704794,2,0.0614593,0.00752869,-2.66083,261800
2.2,0.00704794,2,0.0614593,0.00752869,-2.65783,233480
2.2,0.00704794,2,0.0614593,0.00752869,-2.65483,251595
2.2,0.00704794,2,0.0614593,0.00752869,-2.65183,246864
2.2,0.00704794,2,0.0614593,0.00752869,-2.64882,250182
2.2,0.00704794,2,0.0614593,0.00752869,-2.64582,244755
2.2,0.00704794,2,0.0614593,0.00752869,-2.64282,273725
2.2,0.00704794,2,0.0614593,0.00752869,-2.63982,231511
2.2,0.00704794,2,0.0614593,0.00752869,-2.63682,262257
2.2,0.00704794,2,0.0614593,0.00752869,-2.63382,250040
2.2,0.00704794,2,0.0614593,0.00752869,-2.63082,242874
2.2,0.00704794,2,0.0614593,0.00752869,-2.62781,278716
2.2,0.00704794,2,0.0614593,0.00752869,-2.62481,256484
2.2,0.00704794,2,0.0614593,0.00752869,-2.62181,257632
2.2,0.00704794,2,0.0614593,0.00752869,-2.61881,249203
2.2,0.00704794,2,0.0614593,0.00752869,-2.61581,268457
2.2,0.00704794,2,0.0614593,0.00752869,-2.61281,297356
2.2,0.00704794,2,0.0614593,0.00752869,-2.6098,252422
2.2,0.00704794,2,0.0614593,0.00752869,-2.6068,245478
2.2,0.00704794,2,0.0614593,0.00752869,-2.6038,263182
2.2,0.00704794,2,0.0614593,0.00752869,-2.6008,241928
2.2,0.00704794,2,0.0614593,0.00752869,-2.5978,251164
2.2,0.00704794,2,0.0614593,0.00752869,-2.5948,232908
2.2,0.00704794,2,0.0614593,0.00752869,-2.5918,274135
2.2,0.00704794,2,0.0614593,0.00752869,-2.58879,272029
2.2,0.00704794,2,0.0614593,0.00752869,-2.58579,275106
2.2,0.00704794,2,0.0614593,0.00752869,-2.58279,234799
2.2,0.00704794,2,0.0614593,0.00752869,-2.57979,248113
2.2,0.00704794,2,0.0614593,0.00752869,-2.57679,232488
2.2,0.00704794,2,0.0614593,0.00752869,-2.57379,249959
2.2,0.00704794,2,0.0614593,0.00752869,-2.57079,248470
2.2,0.00704794,2,0.0614593,0.00752869,-2.56778,245194
2.2,0.00704794,2,0.0614593,0.00752869,-2.56478,254424
2.2,0.00704794,2,0.0614593,0.00752869,-2.56178,263793
2.2,0.00704794,2,0.0614593,0.00752869,-2.55878,264324
2.2,0.00704794,2,0.0614593,0.00752869,-2.55578,240285
2.2,0.00704794,2,0.0614593,0.00752869,-2.55278,233914
2.2,0.00704794,2,0.0614593,0.00752869,-2.54977,231451
2.2,0.00704794,2,0.0614593,0.00752869,-2.54677,263253
2.2,0.00704794,2,0.0614593,0.00752869,-2.54377,236042
2.2,0.00704794,2,0.0614593,0.00752869,-2.54077,259779
2.2,0.00704794,2,0.0614593,0.00752869,-2.53777,254868
2.2,0.00704794,2,0.0614593,0.00752869,-2.53477,289020
2.2,0.00704794,2,0.0614593,0.00752869,-2.53177,248549
2.2,0.00704794,2,0.0614593,0.00752869,-2.52876,234081
2.2,0.00704794,2,0.0614593,0.00752869,-2.52576,238364
2.2,0.00704794,2,0.0614593,0.00752869,-2.52276,249276
2.2,0.00704794,2,0.0614593,0.00752869,-2.51976,238545
2.2,0.00704794,2,0.0614593,0.00752869,-2.51676,233346
2.2,0.00704794,2,0.0614593,0.00752869,-2.51376,275576
2.2,0.00704794,2,0.0614593,0.00752869,-2.51076,290127
2.2,0.00704794,2,0.0614593,0.00752869,-2.50775,231986
2.2,0.00704794,2,0.0614593,0.00752869,-2.50475,265776
2.2,0.00704794,2,0.0614593,0.00752869,-2.50175,255972
2.2,0.00704794,2,0.0614593,0.00752869,-2.49875,230021
2.2,0.00704794,2,0.0614593,0.00752869,-2.49575,234257
2.2,0.00704794,2,0.0614593,0.00752869,-2.49275,273962
2.2,0.00704794,2,0.0614593,0.00752869,-2.48974,288263
2.2,0.00704794,2,0.0614593,0.00752869,-2.48674,290508
2.2,0.00704794,2,0.0614593,0.00752869,-2.48374,233784
2.2,0.00704794,2,0.0614593,0.00752869,-2.48074,243300
2.2,0.00704794,2,0.0614593,0.00752869,-2.47774,249526
2.2,0.00704794,2,0.0614593,0.00752869,-2.47474,238283
2.2,0.00704794,2,0.0614593,0.00752869,-2.47174,264827
2.2,0.00704794,2,0.0614593,0.00752869,-2.46873,227967
2.2,0.00704794,2,0.0614593,0.00752869,-2.46573,243763
2.2,0.00704794,2,0.0614593,0.00752869,-2.46273,257292
2.2,0.00704794,2,0.0614593,0.00752869,-2.45973,231542
2.2,0.00704794,2,0.0614593,0.00752869,-2.45673,227729
2.2,0.00704794,2,0.0614593,0.00752869,-2.45373,266214
2.2,0.00704794,2,0.0614593,0.00752869,-2.45073,270942
2.2,0.00704794,2,0.0614593,0.00752869,-2.44772,241506
2.2,0.00704794,2,0.0614593,0.00752869,-2.44472,244983
2.2,0.00704794,2,0.0614593,0.00752869,-2.44172,230450
2.2,0.00704794,2,0.0614593,0.00752869,-2.43872,276587
2.2,0.00704794,2,0.0614593,0.00752869,-2.43572,231064
2.2,0.00704794,2,0.0614593,0.00752869,-2.43272,268975
2.2,0.00704794,2,0.0614593,0.00752869,-2.42971,236339
2.2,0.00704794,2,0.0614593,0.00752869,-2.42671,236620
2.2,0.00704794,2,0.0614593,0.00752869,-2.42371,244023
2.2,0.00704794,2,0.0614593,0.00752869,-2.42071,233698
2.2,0.00704794,2,0.0614593,0.00752869,-2.41771,239212
2.2,0.00704794,2,0.0614593,0.00752869,-2.41471,254898
2.2,0.00704794,2,0.0614593,0.00752869,-2.41171,244726
2.2,0.00704794,2,0.0614593,0.00752869,-2.4087,264089
2.2,0.00704794,2,0.0614593,0.00752869,-2.4057,237529
2.2,0.00704794,2,0.0614593,0.00752869,-2.4027,239774
2.2,0.00704794,2,0.0614593,0.00752869,-2.3997,236744
2.2,0.00704794,2,0.0614593,0.00752869,-2.3967,231613
2.2,0.00704794,2,0.0614593,0.00752869,-2.3937,255181
2.2,0.00704794,2,0.0614593,0.00752869,-2.3907,248907
2.2,0.00704794,2,0.0614593,0.00752869,-2.38769,223946
2.2,0.00704794,2,0.0614593,0.00752869,-2.38469,236188
2.2,0.00704794,2,0.0614593,0.00752869,-2.38169,274913
2.2,0.00704794,2,0.0614593,0.00752869,-2.37869,241876
2.2,0.00704794,2,0.0614593,0.00752869,-2.37569,221755
2.2,0.00704794,2,0.0614593,0.00752869,-2.37269,241839
2.2,0.00704794,2,0.0614593,0.00752869,-2.36968,219723
2.2,0.00704794,2,0.0614593,0.00752869,-2.36668,239034
2.2,0.00704794,2,0.0614593,0.00752869,-2.36368,245208
2.2,0.00704794,2,0.0614593,0.00752869,-2.36068,240021
2.2,0.00704794,2,0.0614593,0.00752869,-2.35768,251520
2.2,0.00704794,2,0.0614593,0.00752869,-2.35468,225376
2.2,0.00704794,2,0.0614593,0.00752869,-2.35168,228376
2.2,0.00704794,2,0.0614593,0.00752869,-2.34867,241719
2.2,0.00704794,2,0.0614593,0.00752869,-2.34567,239016
2.2,0.00704794,2,0.0614593,0.00752869,-2.34267,223229
2.2,0.00704794,2,0.0614593,0.00752869,-2.33967,226519
2.2,0.00704794,2,0.0614593,0.00752869,-2.33667,224702
2.2,0.00704794,2,0.0614593,0.00752869,-2.33367,280524
2.2,0.00704794,2,0.0614593,0.00752869,-2.33067,218925
2.2,0.00704794,2,0.0614593,0.00752869,-2.32766,240008
2.2,0.00704794,2,0.0614593,0.00752869,-2.32466,247318
2.2,0.00704794,2,0.0614593,0.00752869,-2.32166,243273
2.2,0.00704794,2,0.0614593,0.00752869,-2.31866,246101
2.2,0.00704794,2,0.0614593,0.00752869,-2.31566,246641
2.2,0.00704794,2,0.0614593,0.00752869,-2.31266,213581
2.2,0.00704794,2,0.0614593,0.00752869,-2.30965,224744
2.2,0.00704794,2,0.0614593,0.00752869,-2.30665,238304
2.2,0.00704794,2,0.0614593,0.00752869,-2.30365,245587
2.2,0.00704794,2,0.0614593,0.00752869,-2.30065,243130
2.2,0.00704794,2,0.0614593,0.00752869,-2.29765,243091
2.2,0.00704794,2,0.0614593,0.00752869,-2.29465,213702
2.2,0.00704794,2,0.0614593,0.00752869,-2.29165,225481
2.2,0.00704794,2,0.0614593,0.00752869,-2.28864,233598
2.2,0.00704794,2,0.0614593,0.00752869,-2.28564,226058
2.2,0.00704794,2,0.0614593,0.00752869,-2.28264,225104
2.2,0.00704794,2,0.0614593,0.00752869,-2.27964,217053
2.2,0.00704794,2,0.0614593,0.00752869,-2.27664,223037
2.2,0.00704794,2,0.0614593,0.00752869,-2.27364,215611
2.2,0.00704794,2,0.0614593,0.00752869,-2.27064,225043
2.2,0.00704794,2,0.0614593,0.00752869,-2.26763,216252
2.2,0.00704794,2,0.0614593,0.00752869,-2.26463,232076
2.2,0.00704794,2,0.0614593,0.00752869,-2.26163,224775
2.2,0.00704794,2,0.0614593,0.00752869,-2.25863,267312
2.2,0.00704794,2,0.0614593,0.00752869,-2.25563,215397
2.2,0.00704794,2,0.0614593,0.00752869,-2.25263,234086
2.2,0.00704794,2,0.0614593,0.00752869,-2.24962,218655
2.2,0.00704794,2,0.0614593,0.00752869,-2.24662,216760
2.2,0.00704794,2,0.0614593,0.00752869,-2.24362,223869
2.2,0.00704794,2,0.0614593,0.00752869,-2.24062,227579
2.2,0.00704794,2,0.0614593,0.00752869,-2.23762,206490
2.2,0.00704794,2,0.0614593,0.00752869,-2.23462,212640
2.2,0.00704794,2,0.0614593,0.00752869,-2.23162,211995
2.2,0.00704794,2,0.0614593,0.00752869,-2.22861,205676
2.2,0.00704794,2,0.0614593,0.00752869,-2.22561,207009
2.2,0.00704794,2,0.0614593,0.00752869,-2.22261,210472
2.2,0.00704794,2,0.0614593,0.00752869,-2.21961,208604
2.2,0.00704794,2,0.0614593,0.00752869,-2.21661,189773
2.2,0.00704794,2,0.0614593,0.00752869,-2.21361,192271
2.2,0.00704794,2,0.0614593,0.00752869,-2.21061,207797
2.2,0.00704794,2,0.0614593,0.00752869,-2.2076,217829
2.2,0.00704794,2,0.0614593,0.00752869,-2.2046,183981
2.2,0.00704794,2,0.0614593,0.00752869,-2.2016,193986
2.2,0.00704794,2,0.0614593,0.00752869,-2.1986,201448
2.2,0.00704794,2,0.0614593,0.00752869,-2.1956,173581
2.2,0.00704794,2,0.0614593,0.00752869,-2.1926,-173893
2.2,0.00704794,2,0.0614593,0.00752869,-2.18959,-196657
2.2,0.00704794,2,0.0614593,0.00752869,-2.18659,-186759
2.2,0.00704794,2,0.0614593,0.00752869,-2.18359,-207704
2.2,0.00704794,2,0.0614593,0.00752869,-2.18059,-196666
2.2,0.00704794,2,0.0614593,0.00752869,-2.17759,-215070
2.2,0.00704794,2,0.0614593,0.00752869,-2.17459,-197760
2.2,0.00704794,2,0.0614593,0.00752869,-2.17159,-206282
2.2,0.00704794,2,0.0614593,0.00752869,-2.16858,-192488
2.2,0.00704794,2,0.0614593,0.00752869,-2.16558,-192578
2.2,0.00704794,2,0.0614593,0.00752869,-2.16258,-225949
2.2,0.00704794,2,0.0614593,0.00752869,-2.15958,-216511
2.2,0.00704794,2,0.0614593,0.00752869,-2.15658,-206365
2.2,0.00704794,2,0.0614593,0.00752869,-2.15358,-204719
2.2,0.00704794,2,0.0614593,0.00752869,-2.15058,-204609
2.2,0.00704794,2,0.0614593,0.00752869,-2.14757,-215865
2.2,0.00704794,2,0.0614593,0.00752869,-2.14457,-213668
2.2,0.00704794,2,0.0614593,0.00752869,-2.14157,-221178
2.2,0.00704794,2,0.0614593,0.00752869,-2.13857,-210177
2.2,0.00704794,2,0.0614593,0.00752869,-2.13557,-235479
2.2,0.00704794,2,0.0614593,0.00752869,-2.13257,-216874
2.2,0.00704794,2,0.0614593,0.00752869,-2.12956,-220080
2.2,0.00704794,2,0.0614593,0.00752869,-2.12656,-219721
2.2,0.00704794,2,0.0614593,0.00752869,-2.12356,-260771
2.2,0.00704794,2,0.0614593,0.00752869,-2.12056,-215482
2.2,0.00704794,2,0.0614593,0.00752869,-2.11756,-218510
2.2,0.00704794,2,0.0614593,0.00752869,-2.11456,-215808
2.2,0.00704794,2,0.0614593,0.00752869,-2.11156,-240211
2.2,0.00704794,2,0.0614593,0.00752869,-2.10855,-221341
2.2,0.00704794,2,0.0614593,0.00752869,-2.10555,-248944
2.2,0.00704794,2,0.0614593,0.00752869,-2.10255,-236565
2.2,0.00704794,2,0.0614593,0.00752869,-2.09955,-248637
2.2,0.00704794,2,0.0614593,0.00752869,-2.09655,-242357
2.2,0.00704794,2,0.0614593,0.00752869,-2.09355,-233102
2.2,0.00704794,2,0.0614593,0.00752869,-2.09055,-226784
2.2,0.00704794,2,0.0614593,0.00752869,-2.08754,-239910
2.2,0.00704794,2,0.0614593,0.00752869,-2.08454,-245791
2.2,0.00704794,2,0.0614593,0.00752869,-2.08154,-256499
2.2,0.00704794,2,0.0614593,0.00752869,-2.07854,-214752
2.2,0.00704794,2,0.0614593,0.00752869,-2.07554,-252231
2.2,0.00704794,2,0.0614593,0.00752869,-2.07254,-217725
2.2,0.00704794,2,0.0614593,0.00752869,-2.06953,-229548
2.2,0.00704794,2,0.0614593,0.00752869,-2.06653,-246888
2.2,0.00704794,2,0.0614593,0.00752869,-2.06353,-223463
2.2,0.00704794,2,0.0614593,0.00752869,-2.06053,-232926
2.2,0.00704794,2,0.0614593,0.00752869,-2.05753,-218616
2.2,0.00704794,2,0.0614593,0.00752869,-2.05453,-249385
2.2,0.00704794,2,0.0614593,0.00752869,-2.05153,-234038
2.2,0.00704794,2,0.0614593,0.00752869,-2.04852,-257978
2.2,0.00704794,2,0.0614593,0.00752869,-2.04552,-249419
2.2,0.00704794,2,0.0614593,0.00752869,-2.04252,-258618
2.2,0.00704794,2,0.0614593,0.00752869,-2.03952,-226360
2.2,0.00704794,2,0.0614593,0.00752869,-2.03652,-240132
2.2,0.00704794,2,0.0614593,0.00752869,-2.03352,-222040
2.2,0.00704794,2,0.0614593,0.00752869,-2.03052,-250044
2.2,0.00704794,2,0.0614593,0.00752869,-2.02751,-244470
2.2,0.00704794,2,0.0614593,0.00752869,-2.02451,-226617
2.2,0.00704794,2,0.0614593,0.00752869,-2.02151,-242532
2.2,0.00704794,2,0.0614593,0.00752869,-2.01851,-239995
2.2,0.00704794,2,0.0614593,0.00752869,-2.01551,-268798
2.2,0.00704794,2,0.0614593,0.00752869,-2.01251,-224413
2.2,0.00704794,2,0.0614593,0.00752869,-2.0095,-267437
2.2,0.00704794,2,0.0614593,0.00752869,-2.0065,-227785
2.2,0.00704794,2,0.0614593,0.00752869,-2.0035,-246855
2.2,0.00704794,2,0.0614593,0.00752869,-2.0005,-252492
2.2,0.00704794,2,0.0614593,0.00752869,-1.9975,-231902
2.2,0.00704794,2,0.0614593,0.00752869,-1.9945,-227651
2.2,0.00704794,2,0.0614593,0.00752869,-1.9915,-238819
2.2,0.00704794,2,0.0614593,0.00752869,-1.98849,-227151
2.2,0.00704794,2,0.0614593,0.00752869,-1.98549,-244793
2.2,0.00704794,2,0.0614593,0.00752869,-1.98249,-281717
2.2,0.00704794,2,0.0614593,0.00752869,-1.97949,-277405
2.2,0.00704794,2,0.0614593,0.00752869,-1.97649,-243455
2.2,0.00704794,2,0.0614593,0.00752869,-1.97349,-240433
2.2,0.00704794,2,0.0614593,0.00752869,-1.97049,-246209
2.2,0.00704794,2,0.0614593,0.00752869,-1.96748,-279024
2.2,0.00704794,2,0.0614593,0.00752869,-1.96448,-241535
2.2,0.00704794,2,0.0614593,0.00752869,-1.96148,-274674
2.2,0.00704794,2,0.0614593,0.00752869,-1.95848,-289636
2.2,0.00704794,2,0.0614593,0.00752869,-1.95548,-263974
2.2,0.00704794,2,0.0614593,0.00752869,-1.95248,-248471
2.2,0.00704794,2,0.0614593,0.00752869,-1.94947,-255699
2.2,0.00704794,2,0.0614593,0.00752869,-1.94647,-237436
2.2,0.00704794,2,0.0614593,0.00752869,-1.94347,-232791
2.2,0.00704794,2,0.0614593,0.00752869,-1.94047,-247550
2.2,0.00704794,2,0.0614593,0.00752869,-1.93747,-238252
2.2,0.00704794,2,0.0614593,0.00752869,-1.93447,-268966
2.2,0.00704794,2,0.0614593,0.00752869,-1.93147,-238465
2.2,0.00704794,2,0.0614593,0.00752869,-1.92846,-235036
2.2,0.00704794,2,0.0614593,0.00752869,-1.92546,-238108
2.2,0.00704794,2,0.0614593,0.00752869,-1.92246,-237508
2.2,0.00704794,2,0.0614593,0.00752869,-1.91946,-241238
2.2,0.00704794,2,0.0614593,0.00752869,-1.91646,-249967
2.2,0.00704794,2,0.0614593,0.00752869,-1.91346,-232650
2.2,0.00704794,2,0.0614593,0.00752869,-1.91046,-282646
2.2,0.00704794,2,0.0614593,0.00752869,-1.90745,-242525
2.2,0.00704794,2,0.0614593,0.00752869,-1.90445,-267379
2.2,0.00704794,2,0.0614593,0.00752869,-1.90145,-235306
2.2,0.00704794,2,0.0614593,0.00752869,-1.89845,-284990
2.2,0.00704794,2,0.0614593,0.00752869,-1.89545,-232911
2.2,0.00704794,2,0.0614593,0.00752869,-1.89245,-260781
2.2,0.00704794,2,0.0614593,0.00752869,-1.88944,-247977
2.2,0.00704794,2,0.0614593,0.00752869,-1.88644,-284515
2.2,0.00704794,2,0.0614593,0.00752869,-1.88344,-282528
2.2,0.00704794,2,0.0614593,0.00752869,-1.88044,-243014
2.2,0.00704794,2,0.0614593,0.00752869,-1.87744,-246637
2.2,0.00704794,2,0.0614593,0.00752869,-1.87444,-247806
2.2,0.00704794,2,0.0614593,0.00752869,-1.87144,-251862
2.2,0.00704794,2,0.0614593,0.00752869,-1.86843,-244659
2.2,0.00704794,2,0.0614593,0.00752869,-1.86543,-236095
2.2,0.00704794,2,0.0614593,0.00752869,-1.86243,-255621
2.2,0.00704794,2,0.0614593,0.00752869,-1.85943,-232769
2.2,0.00704794,2,0.0614593,0.00752869,-1.85643,-237195
2.2,0.00704794,2,0.0614593,0.00752869,-1.85343,-251686
2.2,0.00704794,2,0.0614593,0.00752869,-1.85043,-231531
2.2,0.00704794,2,0.0614593,0.00752869,-1.84742,-259893
2.2,0.00704794,2,0.0614593,0.00752869,-1.84442,-266472
2.2,0.00704794,2,0.0614593,0.00752869,-1.84142,-274558
2.2,0.00704794,2,0.0614593,0.00752869,-1.83842,-231527
2.2,0.00704794,2,0.0614593,0.00752869,-1.83542,-266001
2.2,0.00704794,2,0.0614593,0.00752869,-1.83242,-241320
2.2,0.00704794,2,0.0614593,0.00752869,-1.82941,-263189
2.2,0.00704794,2,0.0614593,0.00752869,-1.82641,-265208
2.2,0.00704794,2,0.0614593,0.00752869,-1.82341,-246894
2.2,0.00704794,2,0.0614593,0.00752869,-1.82041,-248932
2.2,0.00704794,2,0.0614593,0.00752869,-1.81741,-245511
2.2,0.00704794,2,0.0614593,0.00752869,-1.81441,-249986
2.2,0.00704794,2,0.0614593,0.00752869,-1.81141,-248056
2.2,0.00704794,2,0.0614593,0.00752869,-1.8084,-238332
2.2,0.00704794,2,0.0614593,0.00752869,-1.8054,-264503
2.2,0.00704794,2,0.0614593,0.00752869,-1.8024,-259817
2.2,0.00704794,2,0.0614593,0.00752869,-1.7994,-253611
2.2,0.00704794,2,0.0614593,0.00752869,-1.7964,-249905
2.2,0.00704794,2,0.0614593,0.00752869,-1.7934,-246743
2.2,0.00704794,2,0.0614593,0.00752869,-1.7904,-248590
2.2,0.00704794,2,0.0614593,0.00752869,-1.78739,-233639
2.2,0.00704794,2,0.0614593,0.00752869,-1.78439,-243183
2.2,0.00704794,2,0.0614593,0.00752869,-1.78139,-272683
2.2,0.00704794,2,0.0614593,0.00752869,-1.77839,-274473
2.2,0.00704794,2,0.0614593,0.00752869,-1.77539,-256584
2.2,0.00704794,2,0.0614593,0.00752869,-1.77239,-263888
2.2,0.00704794,2,0.0614593,0.00752869,-1.76938,-275201
2.2,0.00704794,2,0.0614593,0.00752869,-1.76638,-237050
2.2,0.00704794,2,0.0614593,0.00752869,-1.76338,-245265
2.2,0.00704794,2,0.0614593,0.00752869,-1.76038,-250568
2.2,0.00704794,2,0.0614593,0.00752869,-1.75738,-257682
2.2,0.00704794,2,0.0614593,0.00752869,-1.75438,-259870
2.2,0.00704794,2,0.0614593,0.00752869,-1.75138,-253097
2.2,0.00704794,2,0.0614593,0.00752869,-1.74837,-256738
2.2,0.00704794,2,0.0614593,0.00752869,-1.74537,-247756
2.2,0.00704794,2,0.0614593,0.00752869,-1.74237,-238790
2.2,0.00704794,2,0.0614593,0.00752869,-1.73937,-257476
2.2,0.00704794,2,0.0614593,0.00752869,-1.73637,-234228
2.2,0.00704794,2,0.0614593,0.00752869,-1.73337,-269528
2.2,0.00704794,2,0.0614593,0.00752869,-1.73037,-242730
2.2,0.00704794,2,0.0614593,0.00752869,-1.72736,-236174
2.2,0.00704794,2,0.0614593,0.00752869,-1.72436,-253593
2.2,0.00704794,2,0.0614593,0.00752869,-1.72136,-245505
2.2,0.00704794,2,0.0614593,0.00752869,-1.71836,-254483
2.2,0.00704794,2,0.0614593,0.00752869,-1.71536,-250828
2.2,0.00704794,2,0.0614593,0.00752869,-1.71236,-260117
2.2,0.00704794,2,0.0614593,0.00752869,-1.70935,-267009
2.2,0.00704794,2,0.0614593,0.00752869,-1.70635,-253826
2.2,0.00704794,2,0.0614593,0.00752869,-1.70335,-269067
2.2,0.00704794,2,0.0614593,0.00752869,-1.70035,-256366
2.2,0.00704794,2,0.0614593,0.00752869,-1.69735,-236658
2.2,0.00704794,2,0.0614593,0.00752869,-1.69435,-253501
2.2,0.00704794,2,0.0614593,0.00752869,-1.69135,-239151
2.2,0.00704794,2,0.0614593,0.00752869,-1.68834,-234152
2.2,0.00704794,2,0.0614593,0.00752869,-1.68534,-238251
2.2,0.00704794,2,0.0614593,0.00752869,-1.68234,-237550
2.2,0.00704794,2,0.0614593,0.00752869,-1.67934,-285632
2.2,0.00704794,2,0.0614593,0.00752869,-1.67634,-257318
2.2,0.00704794,2,0.0614593,0.00752869,-1.67334,-261784
2.2,0.00704794,2,0.0614593,0.00752869,-1.67034,-270788
2.2,0.00704794,2,0.0614593,0.00752869,-1.66733,-261287
2.2,0.00704794,2,0.0614593,0.00752869,-1.66433,-241600
2.2,0.00704794,2,0.0614593,0.00752869,-1.66133,-265986
2.2,0.00704794,2,0.0614593,0.00752869,-1.65833,-247960
2.2,0.00704794,2,0.0614593,0.00752869,-1.65533,-243475
2.2,0.00704794,2,0.0614593,0.00752869,-1.65233,-277997
2.2,0.00704794,2,0.0614593,0.00752869,-1.64932,-268448
2.2,0.00704794,2,0.0614593,0.00752869,-1.64632,-276257
2.2,0.00704794,2,0.0614593,0.00752869,-1.64332,-279940
2.2,0.00704794,2,0.0614593,0.00752869,-1.64032,-240247
2.2,0.00704794,2,0.0614593,0.00752869,-1.63732,-237317
2.2,0.00704794,2,0.0614593,0.00752869,-1.63432,-273270
2.2,0.00704794,2,0.0614593,0.00752869,-1.63132,-266355
2.2,0.00704794,2,0.0614593,0.00752869,-1.62831,-235482
2.2,0.00704794,2,0.0614593,0.00752869,-1.62531,-234655
2.2,0.00704794,2,0.0614593,0.00752869,-1.62231,-246403
2.2,0.00704794,2,0.0614593,0.00752869,-1.61931,-257114
2.2,0.00704794,2,0.0614593,0.00752869,-1.61631,-264259
2.2,0.00704794,2,0.0614593,0.00752869,-1.61331,-250511
2.2,0.00704794,2,0.0614593,0.00752869,-1.61031,-254349
2.2,0.00704794,2,0.0614593,0.00752869,-1.6073,-255820
2.2,0.00704794,2,0.0614593,0.00752869,-1.6043,-240768
2.2,0.00704794,2,0.0614593,0.00752869,-1.6013,-243842
2.2,0.00704794,2,0.0614593,0.00752869,-1.5983,-240556
2.2,0.00704794,2,0.0614593,0.00752869,-1.5953,-252678
2.2,0.00704794,2,0.0614593,0.00752869,-1.5923,-293243
2.2,0.00704794,2,0.0614593,0.00752869,-1.58929,-251936
2.2,0.00704794,2,0.0614593,0.00752869,-1.58629,-259667
2.2,0.00704794,2,0.0614593,0.00752869,-1.58329,-262040
2.2,0.00704794,2,0.0614593,0.00752869,-1.58029,-244139
2.2,0.00704794,2,0.0614593,0.00752869,-1.57729,-243451
2.2,0.00704794,2,0.0614593,0.00752869,-1.57429,-289624
2.2,0.00704794,2,0.0614593,0.00752869,-1.57129,-268076
2.2,0.00704794,2,0.0614593,0.00752869,-1.56828,-263328
2.2,0.00704794,2,0.0614593,0.00752869,-1.56528,-274005
2.2,0.00704794,2,0.0614593,0.00752869,-1.56228,-263435
2.2,0.00704794,2,0.0614593,0.00752869,-1.55928,-267068
2.2,0.00704794,2,0.0614593,0.00752869,-1.55628,-269000
2.2,0.00704794,2,0.0614593,0.00752869,-1.55328,-244254
2.2,0.00704794,2,0.0614593,0.00752869,-1.55028,-233167
2.2,0.00704794,2,0.0614593,0.00752869,-1.54727,-267034
2.2,0.00704794,2,0.0614593,0.00752869,-1.54427,-278973
2.2,0.00704794,2,0.0614593,0.00752869,-1.54127,-274792
2.2,0.00704794,2,0.0614593,0.00752869,-1.53827,-245457
2.2,0.00704794,2,0.0614593,0.00752869,-1.53527,-239233
2.2,0.00704794,2,0.0614593,0.00752869,-1.53227,-251996
2.2,0.00704794,2,0.0614593,0.00752869,-1.52926,-286275
2.2,0.00704794,2,0.0614593,0.00752869,-1.52626,-249086
2.2,0.00704794,2,0.0614593,0.00752869,-1.52326,-233639
2.2,0.00704794,2,0.0614593,0.00752869,-1.52026,-269666
2.2,0.00704794,2,0.0614593,0.00752869,-1.51726,-231556
2.2,0.00704794,2,0.0614593,0.00752869,-1.51426,-268105
2.2,0.00704794,2,0.0614593,0.00752869,-1.51126,-249795
2.2,0.00704794,2,0.0614593,0.00752869,-1.50825,-252953
2.2,0.00704794,2,0.0614593,0.00752869,-1.50525,-250911
2.2,0.00704794,2,0.0614593,0.00752869,-1.50225,-260186
2.2,0.00704794,2,0.0614593,0.00752869,-1.49925,-254728
2.2,0.00704794,2,0.0614593,0.00752869,-1.49625,-243897
2.2,0.00704794,2,0.0614593,0.00752869,-1.49325,-281385
2.2,0.00704794,2,0.0614593,0.00752869,-1.49025,-264368
2.2,0.00704794,2,0.0614593,0.00752869,-1.48724,-249892
2.2,0.00704794,2,0.0614593,0.00752869,-1.48424,-233107
2.2,0.00704794,2,0.0614593,0.00752869,-1.48124,-235025
2.2,0.00704794,2,0.0614593,0.00752869,-1.47824,-239717
2.2,0.00704794,2,0.0614593,0.00752869,-1.47524,-247731
2.2,0.00704794,2,0.0614593,0.00752869,-1.47224,-231853
2.2,0.00704794,2,0.0614593,0.00752869,-1.46923,-264677
2.2,0.00704794,2,0.0614593,0.00752869,-1.46623,-273497
2.2,0.00704794,2,0.0614593,0.00752869,-1.46323,-244545
2.2,0.00704794,2,0.0614593,0.00752869,-1.46023,-254942
2.2,0.00704794,2,0.0614593,0.00752869,-1.45723,-248624
2.2,0.00704794,2,0.0614593,0.00752869,-1.45423,-256675
2.2,0.00704794,2,0.0614593,0.00752869,-1.45123,-251348
2.2,0.00704794,2,0.0614593,0.00752869,-1.44822,-239388
2.2,0.00704794,2,0.0614593,0.00752869,-1.44522,-245536
2.2,0.00704794,2,0.0614593,0.00752869,-1.44222,-256798
2.2,0.00704794,2,0.0614593,0.00752869,-1.43922,-233460
2.2,0.00704794,2,0.0614593,0.00752869,-1.43622,-244199
2.2,0.00704794,2,0.0614593,0.00752869,-1.43322,-235959
2.2,0.00704794,2,0.0614593,0.00752869,-1.43022,-230277
2.2,0.00704794,2,0.0614593,0.00752869,-1.42721,-274664
2.2,0.00704794,2,0.0614593,0.00752869,-1.42421,-256323
2.2,0.00704794,2,0.0614593,0.00752869,-1.42121,-232202
2.2,0.00704794,2,0.0614593,0.00752869,-1.41821,-227556
2.2,0.00704794,2,0.0614593,0.00752869,-1.41521,-250266
2.2,0.00704794,2,0.0614593,0.00752869,-1.41221,-235444
2.2,0.00704794,2,0.0614593,0.00752869,-1.4092,-265552
2.2,0.00704794,2,0.0614593,0.00752869,-1.4062,-242252
2.2,0.00704794,2,0.0614593,0.00752869,-1.4032,-269629
2.2,0.00704794,2,0.0614593,0.00752869,-1.4002,-226467
2.2,0.00704794,2,0.0614593,0.00752869,-1.3972,-234633
2.2,0.00704794,2,0.0614593,0.00752869,-1.3942,-254456
2.2,0.00704794,2,0.0614593,0.00752869,-1.3912,-249586
2.2,0.00704794,2,0.0614593,0.00752869,-1.38819,-228211
2.2,0.00704794,2,0.0614593,0.00752869,-1.38519,-247456
2.2,0.00704794,2,0.0614593,0.00752869,-1.38219,-227078
2.2,0.00704794,2,0.0614593,0.00752869,-1.37919,-253438
2.2,0.00704794,2,0.0614593,0.00752869,-1.37619,-257924
2.2,0.00704794,2,0.0614593,0.00752869,-1.37319,-225295
2.2,0.00704794,2,0.0614593,0.00752869,-1.37019,-235073
2.2,0.00704794,2,0.0614593,0.00752869,-1.36718,-233294
2.2,0.00704794,2,0.0614593,0.00752869,-1.36418,-235354
2.2,0.00704794,2,0.0614593,0.00752869,-1.36118,-261713
2.2,0.00704794,2,0.0614593,0.00752869,-1.35818,-222711
2.2,0.00704794,2,0.0614593,0.00752869,-1.35518,-236974
2.2,0.00704794,2,0.0614593,0.00752869,-1.35218,-238282
2.2,0.00704794,2,0.0614593,0.00752869,-1.34917,-237184
2.2,0.00704794,2,0.0614593,0.00752869,-1.34617,-222716
2.2,0.00704794,2,0.0614593,0.00752869,-1.34317,-268252
2.2,0.00704794,2,0.0614593,0.00752869,-1.34017,-237128
2.2,0.00704794,2,0.0614593,0.00752869,-1.33717,-246334
2.2,0.00704794,2,0.0614593,0.00752869,-1.33417,-245800
2.2,0.00704794,2,0.0614593,0.00752869,-1.33117,-228711
2.2,0.00704794,2,0.0614593,0.00752869,-1.32816,-229851
2.2,0.00704794,2,0.0614593,0.00752869,-1.32516,-236665
2.2,0.00704794,2,0.0614593,0.00752869,-1.32216,-243660
2.2,0.00704794,2,0.0614593,0.00752869,-1.31916,-226264
2.2,0.00704794,2,0.0614593,0.00752869,-1.31616,-246030
2.2,0.00704794,2,0.0614593,0.00752869,-1.31316,-234874
2.2,0.00704794,2,0.0614593,0.00752869,-1.31016,-237919
2.2,0.00704794,2,0.0614593,0.00752869,-1.30715,-241431
2.2,0.00704794,2,0.0614593,0.00752869,-1.30415,-221442
2.2,0.00704794,2,0.0614593,0.00752869,-1.30115,-236495
2.2,0.00704794,2,0.0614593,0.00752869,-1.29815,-243339
2.2,0.00704794,2,0.0614593,0.00752869,-1.29515,-228758
2.2,0.00704794,2,0.0614593,0.00752869,-1.29215,-225941
2.2,0.00704794,2,0.0614593,0.00752869,-1.28914,-216005
2.2,0.00704794,2,0.0614593,0.00752869,-1.28614,-225630
2.2,0.00704794,2,0.0614593,0.00752869,-1.28314,-231672
2.2,0.00704794,2,0.0614593,0.00752869,-1.28014,-256182
2.2,0.00704794,2,0.0614593,0.00752869,-1.27714,-241676
2.2,0.00704794,2,0.0614593,0.00752869,-1.27414,-213830
2.2,0.00704794,2,0.0614593,0.00752869,-1.27114,-222612
2.2,0.00704794,2,0.0614593,0.00752869,-1.26813,-212188
2.2,0.00704794,2,0.0614593,0.00752869,-1.26513,-213980
2.2,0.00704794,2,0.0614593,0.00752869,-1.26213,-231526
2.2,0.00704794,2,0.0614593,0.00752869,-1.25913,-216457
2.2,0.00704794,2,0.0614593,0.00752869,-1.25613,-215694
2.2,0.00704794,2,0.0614593,0.00752869,-1.25313,-224004
2.2,0.00704794,2,0.0614593,0.00752869,-1.25013,-211437
2.2,0.00704794,2,0.0614593,0.00752869,-1.24712,-217097
2.2,0.00704794,2,0.0614593,0.00752869,-1.24412,-249645
2.2,0.00704794,2,0.0614593,0.00752869,-1.24112,-203178
2.2,0.00704794,2,0.0614593,0.00752869,-1.23812,-223495
2.2,0.00704794,2,0.0614593,0.00752869,-1.23512,-203459
2.2,0.00704794,2,0.0614593,0.00752869,-1.23212,-218032
2.2,0.00704794,2,0.0614593,0.00752869,-1.22911,-228080
2.2,0.00704794,2,0.0614593,0.00752869,-1.22611,-212276
2.2,0.00704794,2,0.0614593,0.00752869,-1.22311,-233620
2.2,0.00704794,2,0.0614593,0.00752869,-1.22011,-207917
2.2,0.00704794,2,0.0614593,0.00752869,-1.21711,-212827
2.2,0.00704794,2,0.0614593,0.00752869,-1.21411,-212829
2.2,0.00704794,2,0.0614593,0.00752869,-1.21111,-189711
2.2,0.00704794,2,0.0614593,0.00752869,-1.2081,-212070
2.2,0.00704794,2,0.0614593,0.00752869,-1.2051,-195519
2.2,0.00704794,2,0.0614593,0.00752869,-1.2021,-184058
2.2,0.00704794,2,0.0614593,0.00752869,-1.1991,166664
2.2,0.00704794,2,0.0614593,0.00752869,-1.1961,195295
2.2,0.00704794,2,0.0614593,0.00752869,-1.1931,189652
2.2,0.00704794,2,0.0614593,0.00752869,-1.1901,195325
2.2,0.00704794,2,0.0614593,0.00752869,-1.18709,194367
2.2,0.00704794,2,0.0614593,0.00752869,-1.18409,206849
2.2,0.00704794,2,0.0614593,0.00752869,-1.18109,196060
2.2,0.00704794,2,0.0614593,0.00752869,-1.17809,210398
2.2,0.00704794,2,0.0614593,0.00752869,-1.17509,199978
2.2,0.00704794,2,0.0614593,0.00752869,-1.17209,207317
2.2,0.00704794,2,0.0614593,0.00752869,-1.16908,249778
2.2,0.00704794,2,0.0614593,0.00752869,-1.16608,222326
2.2,0.00704794,2,0.0614593,0.00752869,-1.16308,236277
2.2,0.00704794,2,0.0614593,0.00752869,-1.16008,245987
2.2,0.00704794,2,0.0614593,0.00752869,-1.15708,252475
2.2,0.00704794,2,0.0614593,0.00752869,-1.15408,221910
2.2,0.00704794,2,0.0614593,0.00752869,-1.15108,207488
2.2,0.00704794,2,0.0614593,0.00752869,-1.14807,243600
2.2,0.00704794,2,0.0614593,0.00752869,-1.14507,215289
2.2,0.00704794,2,0.0614593,0.00752869,-1.14207,219025
2.2,0.00704794,2,0.0614593,0.00752869,-1.13907,216295
2.2,0.00704794,2,0.0614593,0.00752869,-1.13607,216736
2.2,0.00704794,2,0.0614593,0.00752869,-1.13307,222143
2.2,0.00704794,2,0.0614593,0.00752869,-1.13007,240161
2.2,0.00704794,2,0.0614593,0.00752869,-1.12706,237596
2.2,0.00704794,2,0.0614593,0.00752869,-1.12406,219354
2.2,0.00704794,2,0.0614593,0.00752869,-1.12106,234169
2.2,0.00704794,2,0.0614593,0.00752869,-1.11806,246069
2.2,0.00704794,2,0.0614593,0.00752869,-1.11506,230767
2.2,0.00704794,2,0.0614593,0.00752869,-1.11206,225918
2.2,0.00704794,2,0.0614593,0.00752869,-1.10905,237823
2.2,0.00704794,2,0.0614593,0.00752869,-1.10605,224166
2.2,0.00704794,2,0.0614593,0.00752869,-1.10305,239201
2.2,0.00704794,2,0.0614593,0.00752869,-1.10005,251231
2.2,0.00704794,2,0.0614593,0.00752869,-1.09705,251108
2.2,0.00704794,2,0.0614593,0.00752869,-1.09405,266258
2.2,0.00704794,2,0.0614593,0.00752869,-1.09105,221202
2.2,0.00704794,2,0.0614593,0.00752869,-1.08804,231474
2.2,0.00704794,2,0.0614593,0.00752869,-1.08504,242412
2.2,0.00704794,2,0.0614593,0.00752869,-1.08204,239836
2.2,0.00704794,2,0.0614593,0.00752869,-1.07904,268255
2.2,0.00704794,2,0.0614593,0.00752869,-1.07604,241060
2.2,0.00704794,2,0.0614593,0.00752869,-1.07304,222466
2.2,0.00704794,2,0.0614593,0.00752869,-1.07004,231852
2.2,0.00704794,2,0.0614593,0.00752869,-1.06703,250870
2.2,0.00704794,2,0.0614593,0.00752869,-1.06403,246895
2.2,0.00704794,2,0.0614593,0.00752869,-1.06103,237242
2.2,0.00704794,2,0.0614593,0.00752869,-1.05803,248194
2.2,0.00704794,2,0.0614593,0.00752869,-1.05503,289505
2.2,0.00704794,2,0.0614593,0.00752869,-1.05203,234236
2.2,0.00704794,2,0.0614593,0.00752869,-1.04902,224828
2.2,0.00704794,2,0.0614593,0.00752869,-1.04602,275497
2.2,0.00704794,2,0.0614593,0.00752869,-1.04302,268436
2.2,0.00704794,2,0.0614593,0.00752869,-1.04002,234055
2.2,0.00704794,2,0.0614593,0.00752869,-1.03702,239504
2.2,0.00704794,2,0.0614593,0.00752869,-1.03402,226900
2.2,0.00704794,2,0.0614593,0.00752869,-1.03102,235471
2.2,0.00704794,2,0.0614593,0.00752869,-1.02801,271644
2.2,0.00704794,2,0.0614593,0.00752869,-1.02501,236383
2.2,0.00704794,2,0.0614593,0.00752869,-1.02201,247487
2.2,0.00704794,2,0.0614593,0.00752869,-1.01901,242821
2.2,0.00704794,2,0.0614593,0.00752869,-1.01601,256817
2.2,0.00704794,2,0.0614593,0.00752869,-1.01301,251619
2.2,0.00704794,2,0.0614593,0.00752869,-1.01001,251167
2.2,0.00704794,2,0.0614593,0.00752869,-1.007,254205
2.2,0.00704794,2,0.0614593,0.00752869,-1.004,236064
2.2,0.00704794,2,0.0614593,0.00752869,-1.001,267321
2.2,0.00704794,2,0.0614593,0.00752869,-0.997999,237337
2.2,0.00704794,2,0.0614593,0.00752869,-0.994997,228964
2.2,0.00704794,2,0.0614593,0.00752869,-0.991996,239681
2.2,0.00704794,2,0.0614593,0.00752869,-0.988994,238943
2.2,0.00704794,2,0.0614593,0.00752869,-0.985993,241840
2.2,0.00704794,2,0.0614593,0.00752869,-0.982991,266117
2.2,0.00704794,2,0.0614593,0.00752869,-0.97999,238726
2.2,0.00704794,2,0.0614593,0.00752869,-0.976988,251460
2.2,0.00704794,2,0.0614593,0.00752869,-0.973987,240328
2.2,0.00704794,2,0.0614593,0.00752869,-0.970985,245455
2.2,0.00704794,2,0.0614593,0.00752869,-0.967984,263436
2.2,0.00704794,2,0.0614593,0.00752869,-0.964982,238317
2.2,0.00704794,2,0.0614593,0.00752869,-0.961981,243725
2.2,0.00704794,2,0.0614593,0.00752869,-0.958979,262035
2.2,0.00704794,2,0.0614593,0.00752869,-0.955978,253248
2.2,0.00704794,2,0.0614593,0.00752869,-0.952976,238433
2.2,0.00704794,2,0.0614593,0.00752869,-0.949975,244618
2.2,0.00704794,2,0.0614593,0.00752869,-0.946973,246660
2.2,0.00704794,2,0.0614593,0.00752869,-0.943972,243254
2.2,0.00704794,2,0.0614593,0.00752869,-0.94097,235653
2.2,0.00704794,2,0.0614593,0.00752869,-0.937969,251134
2.2,0.00704794,2,0.0614593,0.00752869,-0.934967,248754
2.2,0.00704794,2,0.0614593,0.00752869,-0.931966,263272
2.2,0.00704794,2,0.0614593,0.00752869,-0.928964,277762
2.2,0.00704794,2,0.0614593,0.00752869,-0.925963,251029
2.2,0.00704794,2,0.0614593,0.00752869,-0.922961,261542
2.2,0.00704794,2,0.0614593,0.00752869,-0.91996,249926
2.2,0.00704794,2,0.0614593,0.00752869,-0.916958,270203
2.2,0.00704794,2,0.0614593,0.00752869,-0.913957,273898
2.2,0.00704794,2,0.0614593,0.00752869,-0.910955,257660
2.2,0.00704794,2,0.0614593,0.00752869,-0.907954,255662
2.2,0.00704794,2,0.0614593,0.00752869,-0.904952,241370
2.2,0.00704794,2,0.0614593,0.00752869,-0.901951,265823
2.2,0.00704794,2,0.0614593,0.00752869,-0.898949,261040
2.2,0.00704794,2,0.0614593,0.00752869,-0.895948,255395
2.2,0.00704794,2,0.0614593,0.00752869,-0.892946,280747
2.2,0.00704794,2,0.0614593,0.00752869,-0.889945,246818
2.2,0.00704794,2,0.0614593,0.00752869,-0.886943,249784
2.2,0.00704794,2,0.0614593,0.00752869,-0.883942,281086
2.2,0.00704794,2,0.0614593,0.00752869,-0.88094,237040
2.2,0.00704794,2,0.0614593,0.00752869,-0.877939,262823
2.2,0.00704794,2,0.0614593,0.00752869,-0.874937,247406
2.2,0.00704794,2,0.0614593,0.00752869,-0.871936,259281
2.2,0.00704794,2,0.0614593,0.00752869,-0.868934,241492
2.2,0.00704794,2,0.0614593,0.00752869,-0.865933,243347
2.2,0.00704794,2,0.0614593,0.00752869,-0.862931,257477
2.2,0.00704794,2,0.0614593,0.00752869,-0.85993,276107
2.2,0.00704794,2,0.0614593,0.00752869,-0.856928,252711
2.2,0.00704794,2,0.0614593,0.00752869,-0.853927,274696
2.2,0.00704794,2,0.0614593,0.00752869,-0.850925,239107
2.2,0.00704794,2,0.0614593,0.00752869,-0.847924,241465
2.2,0.00704794,2,0.0614593,0.00752869,-0.844922,251440
2.2,0.00704794,2,0.0614593,0.00752869,-0.841921,239389
2.2,0.00704794,2,0.0614593,0.00752869,-0.838919,238093
2.2,0.00704794,2,0.0614593,0.00752869,-0.835918,253330
2.2,0.00704794,2,0.0614593,0.00752869,-0.832916,276846
2.2,0.00704794,2,0.0614593,0.00752869,-0.829915,246416
2.2,0.00704794,2,0.0614593,0.00752869,-0.826913,251121
2.2,0.00704794,2,0.0614593,0.00752869,-0.823912,265927
2.2,0.00704794,2,0.0614593,0.00752869,-0.82091,252759
2.2,0.00704794,2,0.0614593,0.00752869,-0.817909,254095
2.2,0.00704794,2,0.0614593,0.00752869,-0.814907,259173
2.2,0.00704794,2,0.0614593,0.00752869,-0.811906,276844
2.2,0.00704794,2,0.0614593,0.00752869,-0.808904,248411
2.2,0.00704794,2,0.0614593,0.00752869,-0.805903,270321
2.2,0.00704794,2,0.0614593,0.00752869,-0.802901,279692
2.2,0.00704794,2,0.0614593,0.00752869,-0.7999,261429
2.2,0.00704794,2,0.0614593,0.00752869,-0.796898,284204
2.2,0.00704794,2,0.0614593,0.00752869,-0.793897,245810
2.2,0.00704794,2,0.0614593,0.00752869,-0.790895,251256
2.2,0.00704794,2,0.0614593,0.00752869,-0.787894,256853
2.2,0.00704794,2,0.0614593,0.00752869,-0.784892,265508
2.2,0.00704794,2,0.0614593,0.00752869,-0.781891,268961
2.2,0.00704794,2,0.0614593,0.00752869,-0.778889,244414
2.2,0.00704794,2,0.0614593,0.00752869,-0.775888,246662
2.2,0.00704794,2,0.0614593,0.00752869,-0.772886,292847
2.2,0.00704794,2,0.0614593,0.00752869,-0.769885,247133
2.2,0.00704794,2,0.0614593,0.00752869,-0.766883,249622
2.2,0.00704794,2,0.0614593,0.00752869,-0.763882,262620
2.2,0.00704794,2,0.0614593,0.00752869,-0.76088,257321
2.2,0.00704794,2,0.0614593,0.00752869,-0.757879,276870
2.2,0.00704794,2,0.0614593,0.00752869,-0.754877,236964
2.2,0.00704794,2,0.0614593,0.00752869,-0.751876,258897
2.2,0.00704794,2,0.0614593,0.00752869,-0.748874,256757
2.2,0.00704794,2,0.0614593,0.00752869,-0.745873,264460
2.2,0.00704794,2,0.0614593,0.00752869,-0.742871,256990
2.2,0.00704794,2,0.0614593,0.00752869,-0.73987,247644
2.2,0.00704794,2,0.0614593,0.00752869,-0.736868,240519
2.2,0.00704794,2,0.0614593,0.00752869,-0.733867,238912
2.2,0.00704794,2,0.0614593,0.00752869,-0.730865,287034
2.2,0.00704794,2,0.0614593,0.00752869,-0.727864,249938
2.2,0.00704794,2,0.0614593,0.00752869,-0.724862,251714
2.2,0.00704794,2,0.0614593,0.00752869,-0.721861,258794
2.2,0.00704794,2,0.0614593,0.00752869,-0.718859,264478
2.2,0.00704794,2,0.0614593,0.00752869,-0.715858,273408
2.2,0.00704794,2,0.0614593,0.00752869,-0.712856,240228
2.2,0.00704794,2,0.0614593,0.00752869,-0.709855,293962
2.2,0.00704794,2,0.0614593,0.00752869,-0.706853,247772
2.2,0.00704794,2,0.0614593,0.00752869,-0.703852,239668
2.2,0.00704794,2,0.0614593,0.00752869,-0.70085,259310
2.2,0.00704794,2,0.0614593,0.00752869,-0.697849,244860
2.2,0.00704794,2,0.0614593,0.00752869,-0.694847,238498
2.2,0.00704794,2,0.0614593,0.00752869,-0.691846,253363
2.2,0.00704794,2,0.0614593,0.00752869,-0.688844,245348
2.2,0.00704794,2,0.0614593,0.00752869,-0.685843,283970
2.2,0.00704794,2,0.0614593,0.00752869,-0.682841,244415
2.2,0.00704794,2,0.0614593,0.00752869,-0.67984,256562
2.2,0.00704794,2,0.0614593,0.00752869,-0.676838,252633
2.2,0.00704794,2,0.0614593,0.00752869,-0.673837,237767
2.2,0.00704794,2,0.0614593,0.00752869,-0.670835,239716
2.2,0.00704794,2,0.0614593,0.00752869,-0.667834,268870
2.2,0.00704794,2,0.0614593,0.00752869,-0.664832,279896
2.2,0.00704794,2,0.0614593,0.00752869,-0.661831,258424
2.2,0.00704794,2,0.0614593,0.00752869,-0.658829,239184
2.2,0.00704794,2,0.0614593,0.00752869,-0.655828,272385
2.2,0.00704794,2,0.0614593,0.00752869,-0.652826,289522
2.2,0.00704794,2,0.0614593,0.00752869,-0.649825,279660
2.2,0.00704794,2,0.0614593,0.00752869,-0.646823,282873
2.2,0.00704794,2,0.0614593,0.00752869,-0.643822,267403
2.2,0.00704794,2,0.0614593,0.00752869,-0.64082,251057
2.2,0.00704794,2,0.0614593,0.00752869,-0.637819,241154
2.2,0.00704794,2,0.0614593,0.00752869,-0.634817,266231
2.2,0.00704794,2,0.0614593,0.00752869,-0.631816,258526
2.2,0.00704794,2,0.0614593,0.00752869,-0.628814,244207
2.2,0.00704794,2,0.0614593,0.00752869,-0.625813,268687
2.2,0.00704794,2,0.0614593,0.00752869,-0.622811,253462
2.2,0.00704794,2,0.0614593,0.00752869,-0.61981,247238
2.2,0.00704794,2,0.0614593,0.00752869,-0.616808,236066
2.2,0.00704794,2,0.0614593,0.00752869,-0.613807,235900
2.2,0.00704794,2,0.0614593,0.00752869,-0.610805,272677
2.2,0.00704794,2,0.0614593,0.00752869,-0.607804,265817
2.2,0.00704794,2,0.0614593,0.00752869,-0.604802,244316
2.2,0.00704794,2,0.0614593,0.00752869,-0.601801,297556
2.2,0.00704794,2,0.0614593,0.00752869,-0.598799,281295
2.2,0.00704794,2,0.0614593,0.00752869,-0.595798,234535
2.2,0.00704794,2,0.0614593,0.00752869,-0.592796,241113
2.2,0.00704794,2,0.0614593,0.00752869,-0.589795,238056
2.2,0.00704794,2,0.0614593,0.00752869,-0.586793,259499
2.2,0.00704794,2,0.0614593,0.00752869,-0.583792,271539
2.2,0.00704794,2,0.0614593,0.00752869,-0.58079,261623
2.2,0.00704794,2,0.0614593,0.00752869,-0.577789,245175
2.2,0.00704794,2,0.0614593,0.00752869,-0.574787,286680
2.2,0.00704794,2,0.0614593,0.00752869,-0.571786,297308
2.2,0.00704794,2,0.0614593,0.00752869,-0.568784,273431
2.2,0.00704794,2,0.0614593,0.00752869,-0.565783,262935
2.2,0.00704794,2,0.0614593,0.00752869,-0.562781,272507
2.2,0.00704794,2,0.0614593,0.00752869,-0.55978,239409
2.2,0.00704794,2,0.0614593,0.00752869,-0.556778,272896
2.2,0.00704794,2,0.0614593,0.00752869,-0.553777,241244
2.2,0.00704794,2,0.0614593,0.00752869,-0.550775,235203
2.2,0.00704794,2,0.0614593,0.00752869,-0.547774,262210
2.2,0.00704794,2,0.0614593,0.00752869,-0.544772,247574
2.2,0.00704794,2,0.0614593,0.00752869,-0.541771,262441
2.2,0.00704794,2,0.0614593,0.00752869,-0.538769,237451
2.2,0.00704794,2,0.0614593,0.00752869,-0.535768,251469
2.2,0.00704794,2,0.0614593,0.00752869,-0.532766,251100
2.2,0.00704794,2,0.0614593,0.00752869,-0.529765,244232
2.2,0.00704794,2,0.0614593,0.00752869,-0.526763,260576
2.2,0.00704794,2,0.0614593,0.00752869,-0.523762,267096
2.2,0.00704794,2,0.0614593,0.00752869,-0.52076,251524
2.2,0.00704794,2,0.0614593,0.00752869,-0.517759,233241
2.2,0.00704794,2,0.0614593,0.00752869,-0.514757,239729
2.2,0.00704794,2,0.0614593,0.00752869,-0.511756,255014
2.2,0.00704794,2,0.0614593,0.00752869,-0.508754,236669
2.2,0.00704794,2,0.0614593,0.00752869,-0.505753,247434
2.2,0.00704794,2,0.0614593,0.00752869,-0.502751,240184
2.2,0.00704794,2,0.0614593,0.00752869,-0.49975,240810
2.2,0.00704794,2,0.0614593,0.00752869,-0.496748,275803
2.2,0.00704794,2,0.0614593,0.00752869,-0.493747,233362
2.2,0.00704794,2,0.0614593,0.00752869,-0.490745,265983
2.2,0.00704794,2,0.0614593,0.00752869,-0.487744,232994
2.2,0.00704794,2,0.0614593,0.00752869,-0.484742,261252
2.2,0.00704794,2,0.0614593,0.00752869,-0.481741,234970
2.2,0.00704794,2,0.0614593,0.00752869,-0.478739,234244
2.2,0.00704794,2,0.0614593,0.00752869,-0.475738,267193
2.2,0.00704794,2,0.0614593,0.00752869,-0.472736,267854
2.2,0.00704794,2,0.0614593,0.00752869,-0.469735,246727
2.2,0.00704794,2,0.0614593,0.00752869,-0.466733,229282
2.2,0.00704794,2,0.0614593,0.00752869,-0.463732,251462
2.2,0.00704794,2,0.0614593,0.00752869,-0.46073,239202
2.2,0.00704794,2,0.0614593,0.00752869,-0.457729,256225
2.2,0.00704794,2,0.0614593,0.00752869,-0.454727,244579
2.2,0.00704794,2,0.0614593,0.00752869,-0.451726,241399
2.2,0.00704794,2,0.0614593,0.00752869,-0.448724,226731
2.2,0.00704794,2,0.0614593,0.00752869,-0.445723,285707
2.2,0.00704794,2,0.0614593,0.00752869,-0.442721,245772
2.2,0.00704794,2,0.0614593,0.00752869,-0.43972,249908
2.2,0.00704794,2,0.0614593,0.00752869,-0.436718,234840
2.2,0.00704794,2,0.0614593,0.00752869,-0.433717,251114
2.2,0.00704794,2,0.0614593,0.00752869,-0.430715,231220
2.2,0.00704794,2,0.0614593,0.00752869,-0.427714,250853
2.2,0.00704794,2,0.0614593,0.00752869,-0.424712,241405
2.2,0.00704794,2,0.0614593,0.00752869,-0.421711,242428
2.2,0.00704794,2,0.0614593,0.00752869,-0.418709,246589
2.2,0.00704794,2,0.0614593,0.00752869,-0.415708,236641
2.2,0.00704794,2,0.0614593,0.00752869,-0.412706,228973
2.2,0.00704794,2,0.0614593,0.00752869,-0.409705,227644
2.2,0.00704794,2,0.0614593,0.00752869,-0.406703,241182
2.2,0.00704794,2,0.0614593,0.00752869,-0.403702,233225
2.2,0.00704794,2,0.0614593,0.00752869,-0.4007,238585
2.2,0.00704794,2,0.0614593,0.00752869,-0.397699,220702
2.2,0.00704794,2,0.0614593,0.00752869,-0.394697,263465
2.2,0.00704794,2,0.0614593,0.00752869,-0.391696,238565
2.2,0.00704794,2,0.0614593,0.00752869,-0.388694,228154
2.2,0.00704794,2,0.0614593,0.00752869,-0.385693,270120
2.2,0.00704794,2,0.0614593,0.00752869,-0.382691,259867
2.2,0.00704794,2,0.0614593,0.00752869,-0.37969,217219
2.2,0.00704794,2,0.0614593,0.00752869,-0.376688,223792
2.2,0.00704794,2,0.0614593,0.00752869,-0.373687,241238
2.2,0.00704794,2,0.0614593,0.00752869,-0.370685,255961
2.2,0.00704794,2,0.0614593,0.00752869,-0.367684,233637
2.2,0.00704794,2,0.0614593,0.00752869,-0.364682,217084
2.2,0.00704794,2,0.0614593,0.00752869,-0.361681,212302
2.2,0.00704794,2,0.0614593,0.00752869,-0.358679,223157
2.2,0.00704794,2,0.0614593,0.00752869,-0.355678,223902
2.2,0.00704794,2,0.0614593,0.00752869,-0.352676,241006
2.2,0.00704794,2,0.0614593,0.00752869,-0.349675,230074
2.2,0.00704794,2,0.0614593,0.00752869,-0.346673,213459
2.2,0.00704794,2,0.0614593,0.00752869,-0.343672,221274
2.2,0.00704794,2,0.0614593,0.00752869,-0.34067,232163
2.2,0.00704794,2,0.0614593,0.00752869,-0.337669,224197
2.2,0.00704794,2,0.0614593,0.00752869,-0.334667,212157
2.2,0.00704794,2,0.0614593,0.00752869,-0.331666,229901
2.2,0.00704794,2,0.0614593,0.00752869,-0.328664,231553
2.2,0.00704794,2,0.0614593,0.00752869,-0.325663,215783
2.2,0.00704794,2,0.0614593,0.00752869,-0.322661,214643
2.2,0.00704794,2,0.0614593,0.00752869,-0.31966,229692
2.2,0.00704794,2,0.0614593,0.00752869,-0.316658,195140
2.2,0.00704794,2,0.0614593,0.00752869,-0.313657,199848
2.2,0.00704794,2,0.0614593,0.00752869,-0.310655,202423
2.2,0.00704794,2,0.0614593,0.00752869,-0.307654,192848
2.2,0.00704794,2,0.0614593,0.00752869,-0.304652,145626
2.2,0.00704794,2,0.0614593,0.00752869,-0.301651,-208484
2.2,0.00704794,2,0.0614593,0.00752869,-0.298649,-198743
2.2,0.00704794,2,0.0614593,0.00752869,-0.295648,-219142
2.2,0.00704794,2,0.0614593,0.00752869,-0.292646,-198786
2.2,0.00704794,2,0.0614593,0.00752869,-0.289645,-213627
2.2,0.00704794,2,0.0614593,0.00752869,-0.286643,-222621
2.2,0.00704794,2,0.0614593,0.00752869,-0.283642,-207442
2.2,0.00704794,2,0.0614593,0.00752869,-0.28064,-242134
2.2,0.00704794,2,0.0614593,0.00752869,-0.277639,-202352
2.2,0.00704794,2,0.0614593,0.00752869,-0.274637,-221713
2.2,0.00704794,2,0.0614593,0.00752869,-0.271636,-228380
2.2,0.00704794,2,0.0614593,0.00752869,-0.268634,-247753
2.2,0.00704794,2,0.0614593,0.00752869,-0.265633,-221081
2.2,0.00704794,2,0.0614593,0.00752869,-0.262631,-213870
2.2,0.00704794,2,0.0614593,0.00752869,-0.25963,-213484
2.2,0.00704794,2,0.0614593,0.00752869,-0.256628,-236352
2.2,0.00704794,2,0.0614593,0.00752869,-0.253627,-241711
2.2,0.00704794,2,0.0614593,0.00752869,-0.250625,-220398
2.2,0.00704794,2,0.0614593,0.00752869,-0.247624,-232019
2.2,0.00704794,2,0.0614593,0.00752869,-0.244622,-228603
2.2,0.00704794,2,0.0614593,0.00752869,-0.241621,-222588
2.2,0.00704794,2,0.0614593,0.00752869,-0.238619,-225034
2.2,0.00704794,2,0.0614593,0.00752869,-0.235618,-218785
2.2,0.00704794,2,0.0614593,0.00752869,-0.232616,-236958
2.2,0.00704794,2,0.0614593,0.00752869,-0.229615,-273349
2.2,0.00704794,2,0.0614593,0.00752869,-0.226613,-241522
2.2,0.00704794,2,0.0614593,0.00752869,-0.223612,-223865
2.2,0.00704794,2,0.0614593,0.00752869,-0.22061,-256674
2.2,0.00704794,2,0.0614593,0.00752869,-0.217609,-236794
2.2,0.00704794,2,0.0614593,0.00752869,-0.214607,-225025
2.2,0.00704794,2,0.0614593,0.00752869,-0.211606,-233613
2.2,0.00704794,2,0.0614593,0.00752869,-0.208604,-252844
2.2,0.00704794,2,0.0614593,0.00752869,-0.205603,-230268
2.2,0.00704794,2,0.0614593,0.00752869,-0.202601,-272659
2.2,0.00704794,2,0.0614593,0.00752869,-0.1996,-225933
2.2,0.00704794,2,0.0614593,0.00752869,-0.196598,-226442
2.2,0.00704794,2,0.0614593,0.00752869,-0.193597,-241629
2.2,0.00704794,2,0.0614593,0.00752869,-0.190595,-247444
2.2,0.00704794,2,0.0614593,0.00752869,-0.187594,-237358
2.2,0.00704794,2,0.0614593,0.00752869,-0.184592,-270975
2.2,0.00704794,2,0.0614593,0.00752869,-0.181591,-251415
2.2,0.00704794,2,0.0614593,0.00752869,-0.178589,-253160
2.2,0.00704794,2,0.0614593,0.00752869,-0.175588,-236549
2.2,0.00704794,2,0.0614593,0.00752869,-0.172586,-229333
2.2,0.00704794,2,0.0614593,0.00752869,-0.169585,-253776
2.2,0.00704794,2,0.0614593,0.00752869,-0.166583,-270616
2.2,0.00704794,2,0.0614593,0.00752869,-0.163582,-257071
2.2,0.00704794,2,0.0614593,0.00752869,-0.16058,-233639
2.2,0.00704794,2,0.0614593,0.00752869,-0.157579,-268040
2.2,0.00704794,2,0.0614593,0.00752869,-0.154577,-282738
2.2,0.00704794,2,0.0614593,0.00752869,-0.151576,-252917
2.2,0.00704794,2,0.0614593,0.00752869,-0.148574,-246037
2.2,0.00704794,2,0.0614593,0.00752869,-0.145573,-233776
2.2,0.00704794,2,0.0614593,0.00752869,-0.142571,-256303
2.2,0.00704794,2,0.0614593,0.00752869,-0.13957,-249937
2.2,0.00704794,2,0.0614593,0.00752869,-0.136568,-255793
2.2,0.00704794,2,0.0614593,0.00752869,-0.133567,-256263
2.2,0.00704794,2,0.0614593,0.00752869,-0.130565,-257737
2.2,0.00704794,2,0.0614593,0.00752869,-0.127564,-243487
2.2,0.00704794,2,0.0614593,0.00752869,-0.124562,-269491
2.2,0.00704794,2,0.0614593,0.00752869,-0.121561,-252342
2.2,0.00704794,2,0.0614593,0.00752869,-0.118559,-272404
2.2,0.00704794,2,0.0614593,0.00752869,-0.115558,-233935
2.2,0.00704794,2,0.0614593,0.00752869,-0.112556,-237602
2.2,0.00704794,2,0.0614593,0.00752869,-0.109555,-277753
2.2,0.00704794,2,0.0614593,0.00752869,-0.106553,-233400
2.2,0.00704794,2,0.0614593,0.00752869,-0.103552,-247825
2.2,0.00704794,2,0.0614593,0.00752869,-0.10055,-248384
2.2,0.00704794,2,0.0614593,0.00752869,-0.0975488,-238689
2.2,0.00704794,2,0.0614593,0.00752869,-0.0945473,-243728
2.2,0.00704794,2,0.0614593,0.00752869,-0.0915458,-289786
2.2,0.00704794,2,0.0614593,0.00752869,-0.0885443,-296362
2.2,0.00704794,2,0.0614593,0.00752869,-0.0855428,-272810
2.2,0.00704794,2,0.0614593,0.00752869,-0.0825413,-260362
2.2,0.00704794,2,0.0614593,0.00752869,-0.0795398,-270394
2.2,0.00704794,2,0.0614593,0.00752869,-0.0765383,-253943
2.2,0.00704794,2,0.0614593,0.00752869,-0.0735368,-237112
2.2,0.00704794,2,0.0614593,0.00752869,-0.0705353,-238993
2.2,0.00704794,2,0.0614593,0.00752869,-0.0675338,-245877
2.2,0.00704794,2,0.0614593,0.00752869,-0.0645323,-272986
2.2,0.00704794,2,0.0614593,0.00752869,-0.0615308,-272054
2.2,0.00704794,2,0.0614593,0.00752869,-0.0585293,-246887
2.2,0.00704794,2,0.0614593,0.00752869,-0.0555278,-266991
2.2,0.00704794,2,0.0614593,0.00752869,-0.0525263,-247640
2.2,0.00704794,2,0.0614593,0.00752869,-0.0495248,-275683
2.2,0.00704794,2,0.0614593,0.00752869,-0.0465233,-236855
2.2,0.00704794,2,0.0614593,0.00752869,-0.0435218,-273885
2.2,0.00704794,2,0.0614593,0.00752869,-0.0405203,-258857
2.2,0.00704794,2,0.0614593,0.00752869,-0.0375188,-280965
2.2,0.00704794,2,0.0614593,0.00752869,-0.0345173,-269280
2.2,0.00704794,2,0.0614593,0.00752869,-0.0315158,-258667
2.2,0.00704794,2,0.0614593,0.00752869,-0.0285143,-251148
2.2,0.00704794,2,0.0614593,0.00752869,-0.0255128,-243514
2.2,0.00704794,2,0.0614593,0.00752869,-0.0225113,-237397
2.2,0.00704794,2,0.0614593,0.00752869,-0.0195098,-260109
2.2,0.00704794,2,0.0614593,0.00752869,-0.0165083,-266665
2.2,0.00704794,2,0.0614593,0.00752869,-0.0135068,-239549
2.2,0.00704794,2,0.0614593,0.00752869,-0.0105053,-245714
2.2,0.00704794,2,0.0614593,0.00752869,-0.00750375,-285873
2.2,0.00704794,2,0.0614593,0.00752869,-0.00450225,-245652
2.2,0.00704794,2,0.0614593,0.00752869,-0.00150075,-250015
2.2,0.00704794,2,0.0614593,0.00752869,0.00150075,-268218
2.2,0.00704794,2,0.0614593,0.00752869,0.00450225,-241301
2.2,0.00704794,2,0.0614593,0.00752869,0.00750375,-241172
2.2,0.00704794,2,0.0614593,0.00752869,0.0105053,-246006
2.2,0.00704794,2,0.0614593,0.00752869,0.0135068,-263908
2.2,0.00704794,2,0.0614593,0.00752869,0.0165083,-261072
2.2,0.00704794,2,0.0614593,0.00752869,0.0195098,-237997
2.2,0.00704794,2,0.0614593,0.00752869,0.0225113,-268178
2.2,0.00704794,2,0.0614593,0.00752869,0.0255128,-251614
2.2,0.00704794,2,0.0614593,0.00752869,0.0285143,-270235
2.2,0.00704794,2,0.0614593,0.00752869,0.0315158,-264572
2.2,0.00704794,2,0.0614593,0.00752869,0.0345173,-275066
2.2,0.00704794,2,0.0614593,0.00752869,0.0375188,-275386
2.2,0.00704794,2,0.0614593,0.00752869,0.0405203,-250667
2.2,0.00704794,2,0.0614593,0.00752869,0.0435218,-264411
2.2,0.00704794,2,0.0614593,0.00752869,0.0465233,-265980
2.2,0.00704794,2,0.0614593,0.00752869,0.0495248,-263677
2.2,0.00704794,2,0.0614593,0.00752869,0.0525263,-263188
2.2,0.00704794,2,0.0614593,0.00752869,0.0555278,-274247
2.2,0.00704794,2,0.0614593,0.00752869,0.0585293,-263002
2.2,0.00704794,2,0.0614593,0.00752869,0.0615308,-239147
2.2,0.00704794,2,0.0614593,0.00752869,0.0645323,-240258
2.2,0.00704794,2,0.0614593,0.00752869,0.0675338,-246625
2.2,0.00704794,2,0.0614593,0.00752869,0.0705353,-241814
2.2,0.00704794,2,0.0614593,0.00752869,0.0735368,-248174
2.2,0.00704794,2,0.0614593,0.00752869,0.0765383,-242204
2.2,0.00704794,2,0.0614593,0.00752869,0.0795398,-283726
2.2,0.00704794,2,0.0614593,0.00752869,0.0825413,-252281
2.2,0.00704794,2,0.0614593,0.00752869,0.0855428,-244861
2.2,0.00704794,2,0.0614593,0.00752869,0.0885443,-255878
2.2,0.00704794,2,0.0614593,0.00752869,0.0915458,-277375
2.2,0.00704794,2,0.0614593,0.00752869,0.0945473,-239312
2.2,0.00704794,2,0.0614593,0.00752869,0.0975488,-245000
2.2,0.00704794,2,0.0614593,0.00752869,0.10055,-275897
2.2,0.00704794,2,0.0614593,0.00752869,0.103552,-250187
2.2,0.00704794,2,0.0614593,0.00752869,0.106553,-251111
2.2,0.00704794,2,0.0614593,0.00752869,0.109555,-247126
2.2,0.00704794,2,0.0614593,0.00752869,0.112556,-264599
2.2,0.00704794,2,0.0614593,0.00752869,0.115558,-250767
2.2,0.00704794,2,0.0614593,0.00752869,0.118559,-265247
2.2,0.00704794,2,0.0614593,0.00752869,0.121561,-251527
2.2,0.00704794,2,0.0614593,0.00752869,0.124562,-273788
2.2,0.00704794,2,0.0614593,0.00752869,0.127564,-274965
2.2,0.00704794,2,0.0614593,0.00752869,0.130565,-267316
2.2,0.00704794,2,0.0614593,0.00752869,0.133567,-260962
2.2,0.00704794,2,0.0614593,0.00752869,0.136568,-279380
2.2,0.00704794,2,0.0614593,0.00752869,0.13957,-250615
2.2,0.00704794,2,0.0614593,0.00752869,0.142571,-251811
2.2,0.00704794,2,0.0614593,0.00752869,0.145573,-275978
2.2,0.00704794,2,0.0614593,0.00752869,0.148574,-288845
2.2,0.00704794,2,0.0614593,0.00752869,0.151576,-270395
2.2,0.00704794,2,0.0614593,0.00752869,0.154577,-251606
2.2,0.00704794,2,0.0614593,0.00752869,0.157579,-259610
2.2,0.00704794,2,0.0614593,0.00752869,0.16058,-286215
2.2,0.00704794,2,0.0614593,0.00752869,0.163582,-275186
2.2,0.00704794,2,0.0614593,0.00752869,0.166583,-248149
2.2,0.00704794,2,0.0614593,0.00752869,0.169585,-255433
2.2,0.00704794,2,0.0614593,0.00752869,0.172586,-288161
2.2,0.00704794,2,0.0614593,0.00752869,0.175588,-250335
2.2,0.00704794,2,0.0614593,0.00752869,0.178589,-262656
2.2,0.00704794,2,0.0614593,0.00752869,0.181591,-262571
2.2,0.00704794,2,0.0614593,0.00752869,0.184592,-255512
2.2,0.00704794,2,0.0614593,0.00752869,0.187594,-242448
2.2,0.00704794,2,0.0614593,0.00752869,0.190595,-246827
2.2,0.00704794,2,0.0614593,0.00752869,0.193597,-246890
2.2,0.00704794,2,0.0614593,0.00752869,0.196598,-277888
2.2,0.00704794,2,0.0614593,0.00752869,0.1996,-280610
2.2,0.00704794,2,0.0614593,0.00752869,0.202601,-249715
2.2,0.00704794,2,0.0614593,0.00752869,0.205603,-259661
2.2,0.00704794,2,0.0614593,0.00752869,0.208604,-244447
2.2,0.00704794,2,0.0614593,0.00752869,0.211606,-249219
2.2,0.00704794,2,0.0614593,0.00752869,0.214607,-238261
2.2,0.00704794,2,0.0614593,0.00752869,0.217609,-257387
2.2,0.00704794,2,0.0614593,0.00752869,0.22061,-262908
2.2,0.00704794,2,0.0614593,0.00752869,0.223612,-256257
2.2,0.00704794,2,0.0614593,0.00752869,0.226613,-238810
2.2,0.00704794,2,0.0614593,0.00752869,0.229615,-258201
2.2,0.00704794,2,0.0614593,0.00752869,0.232616,-276972
2.2,0.00704794,2,0.0614593,0.00752869,0.235618,-279958
2.2,0.00704794,2,0.0614593,0.00752869,0.238619,-237704
2.2,0.00704794,2,0.0614593,0.00752869,0.241621,-244140
2.2,0.00704794,2,0.0614593,0.00752869,0.244622,-242700
2.2,0.00704794,2,0.0614593,0.00752869,0.247624,-244988
2.2,0.00704794,2,0.0614593,0.00752869,0.250625,-274838
2.2,0.00704794,2,0.0614593,0.00752869,0.253627,-270978
2.2,0.00704794,2,0.0614593,0.00752869,0.256628,-244224
2.2,0.00704794,2,0.0614593,0.00752869,0.25963,-251086
2.2,0.00704794,2,0.0614593,0.00752869,0.262631,-254680
2.2,0.00704794,2,0.0614593,0.00752869,0.265633,-260303
2.2,0.00704794,2,0.0614593,0.00752869,0.268634,-262523
2.2,0.00704794,2,0.0614593,0.00752869,0.271636,-272452
2.2,0.00704794,2,0.0614593,0.00752869,0.274637,-280165
2.2,0.00704794,2,0.0614593,0.00752869,0.277639,-238304
2.2,0.00704794,2,0.0614593,0.00752869,0.28064,-264094
2.2,0.00704794,2,0.0614593,0.00752869,0.283642,-261151
2.2,0.00704794,2,0.0614593,0.00752869,0.286643,-253377
2.2,0.00704794,2,0.0614593,0.00752869,0.289645,-263747
2.2,0.00704794,2,0.0614593,0.00752869,0.292646,-275713
2.2,0.00704794,2,0.0614593,0.00752869,0.295648,-237386
2.2,0.00704794,2,0.0614593,0.00752869,0.298649,-241446
2.2,0.00704794,2,0.0614593,0.00752869,0.301651,-234554
2.2,0.00704794,2,0.0614593,0.00752869,0.304652,-247560
2.2,0.00704794,2,0.0614593,0.00752869,0.307654,-255281
2.2,0.00704794,2,0.0614593,0.00752869,0.310655,-260992
2.2,0.00704794,2,0.0614593,0.00752869,0.313657,-262437
2.2,0.00704794,2,0.0614593,0.00752869,0.316658,-258964
2.2,0.00704794,2,0.0614593,0.00752869,0.31966,-257023
2.2,0.00704794,2,0.0614593,0.00752869,0.322661,-280489
2.2,0.00704794,2,0.0614593,0.00752869,0.325663,-252875
2.2,0.00704794,2,0.0614593,0.00752869,0.328664,-251174
2.2,0.00704794,2,0.0614593,0.00752869,0.331666,-255597
2.2,0.00704794,2,0.0614593,0.00752869,0.334667,-234974
2.2,0.00704794,2,0.0614593,0.00752869,0.337669,-251878
2.2,0.00704794,2,0.0614593,0.00752869,0.34067,-238784
2.2,0.00704794,2,0.0614593,0.00752869,0.343672,-260915
2.2,0.00704794,2,0.0614593,0.00752869,0.346673,-264344
2.2,0.00704794,2,0.0614593,0.00752869,0.349675,-232210
2.2,0.00704794,2,0.0614593,0.00752869,0.352676,-235087
2.2,0.00704794,2,0.0614593,0.00752869,0.355678,-258284
2.2,0.00704794,2,0.0614593,0.00752869,0.358679,-285008
2.2,0.00704794,2,0.0614593,0.00752869,0.361681,-234505
2.2,0.00704794,2,0.0614593,0.00752869,0.364682,-234811
2.2,0.00704794,2,0.0614593,0.00752869,0.367684,-251873
2.2,0.00704794,2,0.0614593,0.00752869,0.370685,-266050
2.2,0.00704794,2,0.0614593,0.00752869,0.373687,-235515
2.2,0.00704794,2,0.0614593,0.00752869,0.376688,-228656
2.2,0.00704794,2,0.0614593,0.00752869,0.37969,-259310
2.2,0.00704794,2,0.0614593,0.00752869,0.382691,-229904
2.2,0.00704794,2,0.0614593,0.00752869,0.385693,-247615
2.2,0.00704794,2,0.0614593,0.00752869,0.388694,-254958
2.2,0.00704794,2,0.0614593,0.00752869,0.391696,-255962
2.2,0.00704794,2,0.0614593,0.00752869,0.394697,-285520
2.2,0.00704794,2,0.0614593,0.00752869,0.397699,-264259
2.2,0.00704794,2,0.0614593,0.00752869,0.4007,-237994
2.2,0.00704794,2,0.0614593,0.00752869,0.403702,-259272
2.2,0.00704794,2,0.0614593,0.00752869,0.406703,-226998
2.2,0.00704794,2,0.0614593,0.00752869,0.409705,-230032
2.2,0.00704794,2,0.0614593,0.00752869,0.412706,-226896
2.2,0.00704794,2,0.0614593,0.00752869,0.415708,-251110
2.2,0.00704794,2,0.0614593,0.00752869,0.418709,-253383
2.2,0.00704794,2,0.0614593,0.00752869,0.421711,-220888
2.2,0.00704794,2,0.0614593,0.00752869,0.424712,-217458
2.2,0.00704794,2,0.0614593,0.00752869,0.427714,-219270
2.2,0.00704794,2,0.0614593,0.00752869,0.430715,-219262
2.2,0.00704794,2,0.0614593,0.00752869,0.433717,-220539
2.2,0.00704794,2,0.0614593,0.00752869,0.436718,-217903
2.2,0.00704794,2,0.0614593,0.00752869,0.43972,-220364
2.2,0.00704794,2,0.0614593,0.00752869,0.442721,-229938
2.2,0.00704794,2,0.0614593,0.00752869,0.445723,-234222
2.2,0.00704794,2,0.0614593,0.00752869,0.448724,-211511
2.2,0.00704794,2,0.0614593,0.00752869,0.451726,-211508
2.2,0.00704794,2,0.0614593,0.00752869,0.454727,-217840
2.2,0.00704794,2,0.0614593,0.00752869,0.457729,-213187
2.2,0.00704794,2,0.0614593,0.00752869,0.46073,-238228
2.2,0.00704794,2,0.0614593,0.00752869,0.463732,-211900
2.2,0.00704794,2,0.0614593,0.00752869,0.466733,-228155
2.2,0.00704794,2,0.0614593,0.00752869,0.469735,-192740
2.2,0.00704794,2,0.0614593,0.00752869,0.472736,-228174
2.2,0.00704794,2,0.0614593,0.00752869,0.475738,-197752
2.2,0.00704794,2,0.0614593,0.00752869,0.478739,184403
2.2,0.00704794,2,0.0614593,0.00752869,0.481741,204118
2.2,0.00704794,2,0.0614593,0.00752869,0.484742,212048
2.2,0.00704794,2,0.0614593,0.00752869,0.487744,204316
2.2,0.00704794,2,0.0614593,0.00752869,0.490745,208617
2.2,0.00704794,2,0.0614593,0.00752869,0.493747,205736
2.2,0.00704794,2,0.0614593,0.00752869,0.496748,236718
2.2,0.00704794,2,0.0614593,0.00752869,0.49975,218218
2.2,0.00704794,2,0.0614593,0.00752869,0.502751,232456
2.2,0.00704794,2,0.0614593,0.00752869,0.505753,247045
2.2,0.00704794,2,0.0614593,0.00752869,0.508754,232397
2.2,0.00704794,2,0.0614593,0.00752869,0.511756,217749
2.2,0.00704794,2,0.0614593,0.00752869,0.514757,223278
2.2,0.00704794,2,0.0614593,0.00752869,0.517759,222602
2.2,0.00704794,2,0.0614593,0.00752869,0.52076,238940
2.2,0.00704794,2,0.0614593,0.00752869,0.523762,250527
2.2,0.00704794,2,0.0614593,0.00752869,0.526763,228118
2.2,0.00704794,2,0.0614593,0.00752869,0.529765,225284
2.2,0.00704794,2,0.0614593,0.00752869,0.532766,219906
2.2,0.00704794,2,0.0614593,0.00752869,0.535768,224883
2.2,0.00704794,2,0.0614593,0.00752869,0.538769,231837
2.2,0.00704794,2,0.0614593,0.00752869,0.541771,254666
2.2,0.00704794,2,0.0614593,0.00752869,0.544772,236079
2.2,0.00704794,2,0.0614593,0.00752869,0.547774,240582
2.2,0.00704794,2,0.0614593,0.00752869,0.550775,259931
2.2,0.00704794,2,0.0614593,0.00752869,0.553777,267767
2.2,0.00704794,2,0.0614593,0.00752869,0.556778,229016
2.2,0.00704794,2,0.0614593,0.00752869,0.55978,234746
2.2,0.00704794,2,0.0614593,0.00752869,0.562781,270908
2.2,0.00704794,2,0.0614593,0.00752869,0.565783,237001
2.2,0.00704794,2,0.0614593,0.00752869,0.568784,231190
2.2,0.00704794,2,0.0614593,0.00752869,0.571786,237144
2.2,0.00704794,2,0.0614593,0.00752869,0.574787,246555
2.2,0.00704794,2,0.0614593,0.00752869,0.577789,272962
2.2,0.00704794,2,0.0614593,0.00752869,0.58079,277293
2.2,0.00704794,2,0.0614593,0.00752869,0.583792,244606
2.2,0.00704794,2,0.0614593,0.00752869,0.586793,255518
2.2,0.00704794,2,0.0614593,0.00752869,0.589795,246744
2.2,0.00704794,2,0.0614593,0.00752869,0.592796,276273
2.2,0.00704794,2,0.0614593,0.00752869,0.595798,257090
2.2,0.00704794,2,0.0614593,0.00752869,0.598799,234843
2.2,0.00704794,2,0.0614593,0.00752869,0.601801,237962
2.2,0.00704794,2,0.0614593,0.00752869,0.604802,257457
2.2,0.00704794,2,0.0614593,0.00752869,0.607804,234250
2.2,0.00704794,2,0.0614593,0.00752869,0.610805,233073
2.2,0.00704794,2,0.0614593,0.00752869,0.613807,233062
2.2,0.00704794,2,0.0614593,0.00752869,0.616808,248205
2.2,0.00704794,2,0.0614593,0.00752869,0.61981,243051
2.2,0.00704794,2,0.0614593,0.00752869,0.622811,255581
2.2,0.00704794,2,0.0614593,0.00752869,0.625813,281218
2.2,0.00704794,2,0.0614593,0.00752869,0.628814,260025
2.2,0.00704794,2,0.0614593,0.00752869,0.631816,279154
2.2,0.00704794,2,0.0614593,0.00752869,0.634817,275682
2.2,0.00704794,2,0.0614593,0.00752869,0.637819,243908
2.2,0.00704794,2,0.0614593,0.00752869,0.64082,266989
2.2,0.00704794,2,0.0614593,0.00752869,0.643822,258079
2.2,0.00704794,2,0.0614593,0.00752869,0.646823,248737
2.2,0.00704794,2,0.0614593,0.00752869,0.649825,270636
2.2,0.00704794,2,0.0614593,0.00752869,0.652826,251455
2.2,0.00704794,2,0.0614593,0.00752869,0.655828,267589
2.2,0.00704794,2,0.0614593,0.00752869,0.658829,273151
2.2,0.00704794,2,0.0614593,0.00752869,0.661831,270589
2.2,0.00704794,2,0.0614593,0.00752869,0.664832,272013
2.2,0.00704794,2,0.0614593,0.00752869,0.667834,247230
2.2,0.00704794,2,0.0614593,0.00752869,0.670835,272349
2.2,0.00704794,2,0.0614593,0.00752869,0.673837,257383
2.2,0.00704794,2,0.0614593,0.00752869,0.676838,244581
2.2,0.00704794,2,0.0614593,0.00752869,0.67984,275704
2.2,0.00704794,2,0.0614593,0.00752869,0.682841,246332
2.2,0.00704794,2,0.0614593,0.00752869,0.685843,253341
2.2,0.00704794,2,0.0614593,0.00752869,0.688844,276891
2.2,0.00704794,2,0.0614593,0.00752869,0.691846,260092
2.2,0.00704794,2,0.0614593,0.00752869,0.694847,267163
2.2,0.00704794,2,0.0614593,0.00752869,0.697849,271076
2.2,0.00704794,2,0.0614593,0.00752869,0.70085,258359
2.2,0.00704794,2,0.0614593,0.00752869,0.703852,242098
2.2,0.00704794,2,0.0614593,0.00752869,0.706853,245824
2.2,0.00704794,2,0.0614593,0.00752869,0.709855,263456
2.2,0.00704794,2,0.0614593,0.00752869,0.712856,242626
2.2,0.00704794,2,0.0614593,0.00752869,0.715858,278308
2.2,0.00704794,2,0.0614593,0.00752869,0.718859,280094
2.2,0.00704794,2,0.0614593,0.00752869,0.721861,247557
2.2,0.00704794,2,0.0614593,0.00752869,0.724862,241332
2.2,0.00704794,2,0.0614593,0.00752869,0.727864,239429
2.2,0.00704794,2,0.0614593,0.00752869,0.730865,249669
2.2,0.00704794,2,0.0614593,0.00752869,0.733867,241628
2.2,0.00704794,2,0.0614593,0.00752869,0.736868,246661
2.2,0.00704794,2,0.0614593,0.00752869,0.73987,248115
2.2,0.00704794,2,0.0614593,0.00752869,0.742871,250365
2.2,0.00704794,2,0.0614593,0.00752869,0.745873,240964
2.2,0.00704794,2,0.0614593,0.00752869,0.748874,249518
2.2,0.00704794,2,0.0614593,0.00752869,0.751876,241638
2.2,0.00704794,2,0.0614593,0.00752869,0.754877,241150
2.2,0.00704794,2,0.0614593,0.00752869,0.757879,245137
2.2,0.00704794,2,0.0614593,0.00752869,0.76088,246538
2.2,0.00704794,2,0.0614593,0.00752869,0.763882,244400
2.2,0.00704794,2,0.0614593,0.00752869,0.766883,249718
2.2,0.00704794,2,0.0614593,0.00752869,0.769885,250353
2.2,0.00704794,2,0.0614593,0.00752869,0.772886,251067
2.2,0.00704794,2,0.0614593,0.00752869,0.775888,249300
2.2,0.00704794,2,0.0614593,0.00752869,0.778889,242850
2.2,0.00704794,2,0.0614593,0.00752869,0.781891,243844
2.2,0.00704794,2,0.0614593,0.00752869,0.784892,246205
2.2,0.00704794,2,0.0614593,0.00752869,0.787894,246041
2.2,0.00704794,2,0.0614593,0.00752869,0.790895,246213
2.2,0.00704794,2,0.0614593,0.00752869,0.793897,246358
2.2,0.00704794,2,0.0614593,0.00752869,0.796898,247491
2.2,0.00704794,2,0.0614593,0.00752869,0.7999,251061
2.2,0.00704794,2,0.0614593,0.00752869,0.802901,247835
2.2,0.00704794,2,0.0614593,0.00752869,0.805903,243424
2.2,0.00704794,2,0.0614593,0.00752869,0.808904,245658
2.2,0.00704794,2,0.0614593,0.00752869,0.811906,248805
2.2,0.00704794,2,0.0614593,0.00752869,0.814907,253150
2.2,0.00704794,2,0.0614593,0.00752869,0.817909,245725
2.2,0.00704794,2,0.0614593,0.00752869,0.82091,244987
2.2,0.00704794,2,0.0614593,0.00752869,0.823912,243550
2.2,0.00704794,2,0.0614593,0.00752869,0.826913,248822
2.2,0.00704794,2,0.0614593,0.00752869,0.829915,248134
2.2,0.00704794,2,0.0614593,0.00752869,0.832916,251754
2.2,0.00704794,2,0.0614593,0.00752869,0.835918,248298
2.2,0.00704794,2,0.0614593,0.00752869,0.838919,244012
2.2,0.00704794,2,0.0614593,0.00752869,0.841921,249928
2.2,0.00704794,2,0.0614593,0.00752869,0.844922,246309
2.2,0.00704794,2,0.0614593,0.00752869,0.847924,247605
2.2,0.00704794,2,0.0614593,0.00752869,0.850925,252334
2.2,0.00704794,2,0.0614593,0.00752869,0.853927,255381
2.2,0.00704794,2,0.0614593,0.00752869,0.856928,247840
2.2,0.00704794,2,0.0614593,0.00752869,0.85993,247224
2.2,0.00704794,2,0.0614593,0.00752869,0.862931,247623
2.2,0.00704794,2,0.0614593,0.00752869,0.865933,244976
2.2,0.00704794,2,0.0614593,0.00752869,0.868934,248711
2.2,0.00704794,2,0.0614593,0.00752869,0.871936,247846
2.2,0.00704794,2,0.0614593,0.00752869,0.874937,242056
2.2,0.00704794,2,0.0614593,0.00752869,0.877939,247153
2.2,0.00704794,2,0.0614593,0.00752869,0.88094,250014
2.2,0.00704794,2,0.0614593,0.00752869,0.883942,243438
2.2,0.00704794,2,0.0614593,0.00752869,0.886943,249578
2.2,0.00704794,2,0.0614593,0.00752869,0.889945,262209
2.2,0.00704794,2,0.0614593,0.00752869,0.892946,241273
2.2,0.00704794,2,0.0614593,0.00752869,0.895948,244654
2.2,0.00704794,2,0.0614593,0.00752869,0.898949,243962
2.2,0.00704794,2,0.0614593,0.00752869,0.901951,241028
2.2,0.00704794,2,0.0614593,0.00752869,0.904952,245096
2.2,0.00704794,2,0.0614593,0.00752869,0.907954,250359
2.2,0.00704794,2,0.0614593,0.00752869,0.910955,242335
2.2,0.00704794,2,0.0614593,0.00752869,0.913957,240217
2.2,0.00704794,2,0.0614593,0.00752869,0.916958,241174
2.2,0.00704794,2,0.0614593,0.00752869,0.91996,245740
2.2,0.00704794,2,0.0614593,0.00752869,0.922961,244768
2.2,0.00704794,2,0.0614593,0.00752869,0.925963,253184
2.2,0.00704794,2,0.0614593,0.00752869,0.928964,241891
2.2,0.00704794,2,0.0614593,0.00752869,0.931966,246523
2.2,0.00704794,2,0.0614593,0.00752869,0.934967,245361
2.2,0.00704794,2,0.0614593,0.00752869,0.937969,239722
2.2,0.00704794,2,0.0614593,0.00752869,0.94097,246859
2.2,0.00704794,2,0.0614593,0.00752869,0.943972,249888
2.2,0.00704794,2,0.0614593,0.00752869,0.946973,240870
2.2,0.00704794,2,0.0614593,0.00752869,0.949975,244884
2.2,0.00704794,2,0.0614593,0.00752869,0.952976,244769
2.2,0.00704794,2,0.0614593,0.00752869,0.955978,240019
2.2,0.00704794,2,0.0614593,0.00752869,0.958979,239804
2.2,0.00704794,2,0.0614593,0.00752869,0.961981,237853
2.2,0.00704794,2,0.0614593,0.00752869,0.964982,250902
2.2,0.00704794,2,0.0614593,0.00752869,0.967984,243008
2.2,0.00704794,2,0.0614593,0.00752869,0.970985,238957
2.2,0.00704794,2,0.0614593,0.00752869,0.973987,249350
2.2,0.00704794,2,0.0614593,0.00752869,0.976988,256636
2.2,0.00704794,2,0.0614593,0.00752869,0.97999,280597
2.2,0.00704794,2,0.0614593,0.00752869,0.982991,248076
2.2,0.00704794,2,0.0614593,0.00752869,0.985993,246779
2.2,0.00704794,2,0.0614593,0.00752869,0.988994,255008
2.2,0.00704794,2,0.0614593,0.00752869,0.991996,239483
2.2,0.00704794,2,0.0614593,0.00752869,0.994997,245686
2.2,0.00704794,2,0.0614593,0.00752869,0.997999,259548
2.2,0.00704794,2,0.0614593,0.00752869,1.001,268807
2.2,0.00704794,2,0.0614593,0.00752869,1.004,256071
2.2,0.00704794,2,0.0614593,0.00752869,1.007,249667
2.2,0.00704794,2,0.0614593,0.00752869,1.01001,248642
2.2,0.00704794,2,0.0614593,0.00752869,1.01301,250074
2.2,0.00704794,2,0.0614593,0.00752869,1.01601,242201
2.2,0.00704794,2,0.0614593,0.00752869,1.01901,241858
2.2,0.00704794,2,0.0614593,0.00752869,1.02201,290959
2.2,0.00704794,2,0.0614593,0.00752869,1.02501,279773
2.2,0.00704794,2,0.0614593,0.00752869,1.02801,234352
2.2,0.00704794,2,0.0614593,0.00752869,1.03102,270870
2.2,0.00704794,2,0.0614593,0.00752869,1.03402,244490
2.2,0.00704794,2,0.0614593,0.00752869,1.03702,275150
2.2,0.00704794,2,0.0614593,0.00752869,1.04002,255848
2.2,0.00704794,2,0.0614593,0.00752869,1.04302,244505
2.2,0.00704794,2,0.0614593,0.00752869,1.04602,267546
2.2,0.00704794,2,0.0614593,0.00752869,1.04902,255384
2.2,0.00704794,2,0.0614593,0.00752869,1.05203,254771
2.2,0.00704794,2,0.0614593,0.00752869,1.05503,246268
2.2,0.00704794,2,0.0614593,0.00752869,1.05803,241262
2.2,0.00704794,2,0.0614593,0.00752869,1.06103,231866
2.2,0.00704794,2,0.0614593,0.00752869,1.06403,277668
2.2,0.00704794,2,0.0614593,0.00752869,1.06703,253674
2.2,0.00704794,2,0.0614593,0.00752869,1.07004,239383
2.2,0.00704794,2,0.0614593,0.00752869,1.07304,252815
2.2,0.00704794,2,0.0614593,0.00752869,1.07604,236012
2.2,0.00704794,2,0.0614593,0.00752869,1.07904,231473
2.2,0.00704794,2,0.0614593,0.00752869,1.08204,279175
2.2,0.00704794,2,0.0614593,0.00752869,1.08504,260911
2.2,0.00704794,2,0.0614593,0.00752869,1.08804,280442
2.2,0.00704794,2,0.0614593,0.00752869,1.09105,239040
2.2,0.00704794,2,0.0614593,0.00752869,1.09405,247761
2.2,0.00704794,2,0.0614593,0.00752869,1.09705,238845
2.2,0.00704794,2,0.0614593,0.00752869,1.10005,241316
2.2,0.00704794,2,0.0614593,0.00752869,1.10305,220100
2.2,0.00704794,2,0.0614593,0.00752869,1.10605,227641
2.2,0.00704794,2,0.0614593,0.00752869,1.10905,231489
2.2,0.00704794,2,0.0614593,0.00752869,1.11206,214155
2.2,0.00704794,2,0.0614593,0.00752869,1.11506,218806
2.2,0.00704794,2,0.0614593,0.00752869,1.11806,216842
2.2,0.00704794,2,0.0614593,0.00752869,1.12106,252461
2.2,0.00704794,2,0.0614593,0.00752869,1.12406,239767
2.2,0.00704794,2,0.0614593,0.00752869,1.12706,234577
2.2,0.00704794,2,0.0614593,0.00752869,1.13007,200325
2.2,0.00704794,2,0.0614593,0.00752869,1.13307,220788
2.2,0.00704794,2,0.0614593,0.00752869,1.13607,-181786
2.2,0.00704794,2,0.0614593,0.00752869,1.13907,-217098
2.2,0.00704794,2,0.0614593,0.00752869,1.14207,-205250
2.2,0.00704794,2,0.0614593,0.00752869,1.14507,-233311
2.2,0.00704794,2,0.0614593,0.00752869,1.14807,-254137
2.2,0.00704794,2,0.0614593,0.00752869,1.15108,-222904
2.2,0.00704794,2,0.0614593,0.00752869,1.15408,-246783
2.2,0.00704794,2,0.0614593,0.00752869,1.15708,-254889
2.2,0.00704794,2,0.0614593,0.00752869,1.16008,-244859
2.2,0.00704794,2,0.0614593,0.00752869,1.16308,-243750
2.2,0.00704794,2,0.0614593,0.00752869,1.16608,-239184
2.2,0.00704794,2,0.0614593,0.00752869,1.16908,-227237
2.2,0.00704794,2,0.0614593,0.00752869,1.17209,-243709
2.2,0.00704794,2,0.0614593,0.00752869,1.17509,-236058
2.2,0.00704794,2,0.0614593,0.00752869,1.17809,-236792
2.2,0.00704794,2,0.0614593,0.00752869,1.18109,-251348
2.2,0.00704794,2,0.0614593,0.00752869,1.18409,-283393
2.2,0.00704794,2,0.0614593,0.00752869,1.18709,-225520
2.2,0.00704794,2,0.0614593,0.00752869,1.1901,-232907
2.2,0.00704794,2,0.0614593,0.00752869,1.1931,-254448
2.2,0.00704794,2,0.0614593,0.00752869,1.1961,-237071
2.2,0.00704794,2,0.0614593,0.00752869,1.1991,-254628
2.2,0.00704794,2,0.0614593,0.00752869,1.2021,-247548
2.2,0.00704794,2,0.0614593,0.00752869,1.2051,-240384
2.2,0.00704794,2,0.0614593,0.00752869,1.2081,-266924
2.2,0.00704794,2,0.0614593,0.00752869,1.21111,-244622
2.2,0.00704794,2,0.0614593,0.00752869,1.21411,-260003
2.2,0.00704794,2,0.0614593,0.00752869,1.21711,-263675
2.2,0.00704794,2,0.0614593,0.00752869,1.22011,-241935
2.2,0.00704794,2,0.0614593,0.00752869,1.22311,-248695
2.2,0.00704794,2,0.0614593,0.00752869,1.22611,-271665
2.2,0.00704794,2,0.0614593,0.00752869,1.22911,-256600
2.2,0.00704794,2,0.0614593,0.00752869,1.23212,-253597
2.2,0.00704794,2,0.0614593,0.00752869,1.23512,-259989
2.2,0.00704794,2,0.0614593,0.00752869,1.23812,-260791
2.2,0.00704794,2,0.0614593,0.00752869,1.24112,-245499
2.2,0.00704794,2,0.0614593,0.00752869,1.24412,-253154
2.2,0.00704794,2,0.0614593,0.00752869,1.24712,-240549
2.2,0.00704794,2,0.0614593,0.00752869,1.25013,-241145
2.2,0.00704794,2,0.0614593,0.00752869,1.25313,-240545
2.2,0.00704794,2,0.0614593,0.00752869,1.25613,-240339
2.2,0.00704794,2,0.0614593,0.00752869,1.25913,-240410
2.2,0.00704794,2,0.0614593,0.00752869,1.26213,-238248
2.2,0.00704794,2,0.0614593,0.00752869,1.26513,-252689
2.2,0.00704794,2,0.0614593,0.00752869,1.26813,-237777
2.2,0.00704794,2,0.0614593,0.00752869,1.27114,-245401
2.2,0.00704794,2,0.0614593,0.00752869,1.27414,-252068
2.2,0.00704794,2,0.0614593,0.00752869,1.27714,-242237
2.2,0.00704794,2,0.0614593,0.00752869,1.28014,-263836
2.2,0.00704794,2,0.0614593,0.00752869,1.28314,-243168
2.2,0.00704794,2,0.0614593,0.00752869,1.28614,-239372
2.2,0.00704794,2,0.0614593,0.00752869,1.28914,-258538
2.2,0.00704794,2,0.0614593,0.00752869,1.29215,-248227
2.2,0.00704794,2,0.0614593,0.00752869,1.29515,-250816
2.2,0.00704794,2,0.0614593,0.00752869,1.29815,-255798
2.2,0.00704794,2,0.0614593,0.00752869,1.30115,-245600
2.2,0.00704794,2,0.0614593,0.00752869,1.30415,-242734
2.2,0.00704794,2,0.0614593,0.00752869,1.30715,-247970
2.2,0.00704794,2,0.0614593,0.00752869,1.31016,-242450
2.2,0.00704794,2,0.0614593,0.00752869,1.31316,-251224
2.2,0.00704794,2,0.0614593,0.00752869,1.31616,-252748
2.2,0.00704794,2,0.0614593,0.00752869,1.31916,-252629
2.2,0.00704794,2,0.0614593,0.00752869,1.32216,-248849
2.2,0.00704794,2,0.0614593,0.00752869,1.32516,-246077
2.2,0.00704794,2,0.0614593,0.00752869,1.32816,-246299
2.2,0.00704794,2,0.0614593,0.00752869,1.33117,-257443
2.2,0.00704794,2,0.0614593,0.00752869,1.33417,-262545
2.2,0.00704794,2,0.0614593,0.00752869,1.33717,-244635
2.2,0.00704794,2,0.0614593,0.00752869,1.34017,-245378
2.2,0.00704794,2,0.0614593,0.00752869,1.34317,-261865
2.2,0.00704794,2,0.0614593,0.00752869,1.34617,-246109
2.2,0.00704794,2,0.0614593,0.00752869,1.34917,-260365
2.2,0.00704794,2,0.0614593,0.00752869,1.35218,-258044
2.2,0.00704794,2,0.0614593,0.00752869,1.35518,-255753
2.2,0.00704794,2,0.0614593,0.00752869,1.35818,-262245
2.2,0.00704794,2,0.0614593,0.00752869,1.36118,-246211
2.2,0.00704794,2,0.0614593,0.00752869,1.36418,-247064
2.2,0.00704794,2,0.0614593,0.00752869,1.36718,-252196
2.2,0.00704794,2,0.0614593,0.00752869,1.37019,-246504
2.2,0.00704794,2,0.0614593,0.00752869,1.37319,-245757
2.2,0.00704794,2,0.0614593,0.00752869,1.37619,-273585
2.2,0.00704794,2,0.0614593,0.00752869,1.37919,-256221
2.2,0.00704794,2,0.0614593,0.00752869,1.38219,-250271
2.2,0.00704794,2,0.0614593,0.00752869,1.38519,-249913
2.2,0.00704794,2,0.0614593,0.00752869,1.38819,-246943
2.2,0.00704794,2,0.0614593,0.00752869,1.3912,-266713
2.2,0.00704794,2,0.0614593,0.00752869,1.3942,-246829
2.2,0.00704794,2,0.0614593,0.00752869,1.3972,-249964
2.2,0.00704794,2,0.0614593,0.00752869,1.4002,-256229
2.2,0.00704794,2,0.0614593,0.00752869,1.4032,-253278
2.2,0.00704794,2,0.0614593,0.00752869,1.4062,-246050
2.2,0.00704794,2,0.0614593,0.00752869,1.4092,-248329
2.2,0.00704794,2,0.0614593,0.00752869,1.41221,-250207
2.2,0.00704794,2,0.0614593,0.00752869,1.41521,-253736
2.2,0.00704794,2,0.0614593,0.00752869,1.41821,-248100
2.2,0.00704794,2,0.0614593,0.00752869,1.42121,-272886
2.2,0.00704794,2,0.0614593,0.00752869,1.42421,-255338
2.2,0.00704794,2,0.0614593,0.00752869,1.42721,-261040
2.2,0.00704794,2,0.0614593,0.00752869,1.43022,-270592
2.2,0.00704794,2,0.0614593,0.00752869,1.43322,-251275
2.2,0.00704794,2,0.0614593,0.00752869,1.43622,-245970
2.2,0.00704794,2,0.0614593,0.00752869,1.43922,-255508
2.2,0.00704794,2,0.0614593,0.00752869,1.44222,-266867
2.2,0.00704794,2,0.0614593,0.00752869,1.44522,-247351
2.2,0.00704794,2,0.0614593,0.00752869,1.44822,-265691
2.2,0.00704794,2,0.0614593,0.00752869,1.45123,-259527
2.2,0.00704794,2,0.0614593,0.00752869,1.45423,-265295
2.2,0.00704794,2,0.0614593,0.00752869,1.45723,-249825
2.2,0.00704794,2,0.0614593,0.00752869,1.46023,-253870
2.2,0.00704794,2,0.0614593,0.00752869,1.46323,-246789
2.2,0.00704794,2,0.0614593,0.00752869,1.46623,-259026
2.2,0.00704794,2,0.0614593,0.00752869,1.46923,-248098
2.2,0.00704794,2,0.0614593,0.00752869,1.47224,-269074
2.2,0.00704794,2,0.0614593,0.00752869,1.47524,-277468
2.2,0.00704794,2,0.0614593,0.00752869,1.47824,-245195
2.2,0.00704794,2,0.0614593,0.00752869,1.48124,-271441
2.2,0.00704794,2,0.0614593,0.00752869,1.48424,-264753
2.2,0.00704794,2,0.0614593,0.00752869,1.48724,-257111
2.2,0.00704794,2,0.0614593,0.00752869,1.49025,-247342
2.2,0.00704794,2,0.0614593,0.00752869,1.49325,-248836
2.2,0.00704794,2,0.0614593,0.00752869,1.49625,-248074
2.2,0.00704794,2,0.0614593,0.00752869,1.49925,-247671
2.2,0.00704794,2,0.0614593,0.00752869,1.50225,-246376
2.2,0.00704794,2,0.0614593,0.00752869,1.50525,-258425
2.2,0.00704794,2,0.0614593,0.00752869,1.50825,-252731
2.2,0.00704794,2,0.0614593,0.00752869,1.51126,-244820
2.2,0.00704794,2,0.0614593,0.00752869,1.51426,-250401
2.2,0.00704794,2,0.0614593,0.00752869,1.51726,-261631
2.2,0.00704794,2,0.0614593,0.00752869,1.52026,-247654
2.2,0.00704794,2,0.0614593,0.00752869,1.52326,-259596
2.2,0.00704794,2,0.0614593,0.00752869,1.52626,-244839
2.2,0.00704794,2,0.0614593,0.00752869,1.52926,-259243
2.2,0.00704794,2,0.0614593,0.00752869,1.53227,-264646
2.2,0.00704794,2,0.0614593,0.00752869,1.53527,-254603
2.2,0.00704794,2,0.0614593,0.00752869,1.53827,-257748
2.2,0.00704794,2,0.0614593,0.00752869,1.54127,-257389
2.2,0.00704794,2,0.0614593,0.00752869,1.54427,-251798
2.2,0.00704794,2,0.0614593,0.00752869,1.54727,-250075
2.2,0.00704794,2,0.0614593,0.00752869,1.55028,-256973
2.2,0.00704794,2,0.0614593,0.00752869,1.55328,-242652
2.2,0.00704794,2,0.0614593,0.00752869,1.55628,-255235
2.2,0.00704794,2,0.0614593,0.00752869,1.55928,-260146
2.2,0.00704794,2,0.0614593,0.00752869,1.56228,-262957
2.2,0.00704794,2,0.0614593,0.00752869,1.56528,-261138
2.2,0.00704794,2,0.0614593,0.00752869,1.56828,-252673
2.2,0.00704794,2,0.0614593,0.00752869,1.57129,-243921
2.2,0.00704794,2,0.0614593,0.00752869,1.57429,-242268
2.2,0.00704794,2,0.0614593,0.00752869,1.57729,-248063
2.2,0.00704794,2,0.0614593,0.00752869,1.58029,-251415
2.2,0.00704794,2,0.0614593,0.00752869,1.58329,-247438
2.2,0.00704794,2,0.0614593,0.00752869,1.58629,-248762
2.2,0.00704794,2,0.0614593,0.00752869,1.58929,-255465
2.2,0.00704794,2,0.0614593,0.00752869,1.5923,-249324
2.2,0.00704794,2,0.0614593,0.00752869,1.5953,-245037
2.2,0.00704794,2,0.0614593,0.00752869,1.5983,-258934
2.2,0.00704794,2,0.0614593,0.00752869,1.6013,-261173
2.2,0.00704794,2,0.0614593,0.00752869,1.6043,-240515
2.2,0.00704794,2,0.0614593,0.00752869,1.6073,-243367
2.2,0.00704794,2,0.0614593,0.00752869,1.61031,-250203
2.2,0.00704794,2,0.0614593,0.00752869,1.61331,-251929
2.2,0.00704794,2,0.0614593,0.00752869,1.61631,-238739
2.2,0.00704794,2,0.0614593,0.00752869,1.61931,-246833
2.2,0.00704794,2,0.0614593,0.00752869,1.62231,-248545
2.2,0.00704794,2,0.0614593,0.00752869,1.62531,-247082
2.2,0.00704794,2,0.0614593,0.00752869,1.62831,-236770
2.2,0.00704794,2,0.0614593,0.00752869,1.63132,-245353
2.2,0.00704794,2,0.0614593,0.00752869,1.63432,-244034
2.2,0.00704794,2,0.0614593,0.00752869,1.63732,-236776
2.2,0.00704794,2,0.0614593,0.00752869,1.64032,-239831
2.2,0.00704794,2,0.0614593,0.00752869,1.64332,-234066
2.2,0.00704794,2,0.0614593,0.00752869,1.64632,-240412
2.2,0.00704794,2,0.0614593,0.00752869,1.64932,-237162
2.2,0.00704794,2,0.0614593,0.00752869,1.65233,-237337
2.2,0.00704794,2,0.0614593,0.00752869,1.65533,-251522
2.2,0.00704794,2,0.0614593,0.00752869,1.65833,-240292
2.2,0.00704794,2,0.0614593,0.00752869,1.66133,-248670
2.2,0.00704794,2,0.0614593,0.00752869,1.66433,-253857
2.2,0.00704794,2,0.0614593,0.00752869,1.66733,-254655
2.2,0.00704794,2,0.0614593,0.00752869,1.67034,-264929
2.2,0.00704794,2,0.0614593,0.00752869,1.67334,-255789
2.2,0.00704794,2,0.0614593,0.00752869,1.67634,-240110
2.2,0.00704794,2,0.0614593,0.00752869,1.67934,-261101
2.2,0.00704794,2,0.0614593,0.00752869,1.68234,-261606
2.2,0.00704794,2,0.0614593,0.00752869,1.68534,-225415
2.2,0.00704794,2,0.0614593,0.00752869,1.68834,-268345
2.2,0.00704794,2,0.0614593,0.00752869,1.69135,-231947
2.2,0.00704794,2,0.0614593,0.00752869,1.69435,-236395
2.2,0.00704794,2,0.0614593,0.00752869,1.69735,-245844
2.2,0.00704794,2,0.0614593,0.00752869,1.70035,-231386
2.2,0.00704794,2,0.0614593,0.00752869,1.70335,-255380
2.2,0.00704794,2,0.0614593,0.00752869,1.70635,-218372
2.2,0.00704794,2,0.0614593,0.00752869,1.70935,-251841
2.2,0.00704794,2,0.0614593,0.00752869,1.71236,-208716
2.2,0.00704794,2,0.0614593,0.00752869,1.71536,-216923
2.2,0.00704794,2,0.0614593,0.00752869,1.71836,-205300
2.2,0.00704794,2,0.0614593,0.00752869,1.72136,-223789
2.2,0.00704794,2,0.0614593,0.00752869,1.72436,179327
2.2,0.00704794,2,0.0614593,0.00752869,1.72736,228132
2.2,0.00704794,2,0.0614593,0.00752869,1.73037,215598
2.2,0.00704794,2,0.0614593,0.00752869,1.73337,233545
2.2,0.00704794,2,0.0614593,0.00752869,1.73637,220055
2.2,0.00704794,2,0.0614593,0.00752869,1.73937,229455
2.2,0.00704794,2,0.0614593,0.00752869,1.74237,248461
2.2,0.00704794,2,0.0614593,0.00752869,1.74537,252502
2.2,0.00704794,2,0.0614593,0.00752869,1.74837,254650
2.2,0.00704794,2,0.0614593,0.00752869,1.75138,250657
2.2,0.00704794,2,0.0614593,0.00752869,1.75438,268639
2.2,0.00704794,2,0.0614593,0.00752869,1.75738,226273
2.2,0.00704794,2,0.0614593,0.00752869,1.76038,256279
2.2,0.00704794,2,0.0614593,0.00752869,1.76338,228670
2.2,0.00704794,2,0.0614593,0.00752869,1.76638,238104
2.2,0.00704794,2,0.0614593,0.00752869,1.76938,231927
2.2,0.00704794,2,0.0614593,0.00752869,1.77239,238255
2.2,0.00704794,2,0.0614593,0.00752869,1.77539,262544
2.2,0.00704794,2,0.0614593,0.00752869,1.77839,261098
2.2,0.00704794,2,0.0614593,0.00752869,1.78139,247994
2.2,0.00704794,2,0.0614593,0.00752869,1.78439,247387
2.2,0.00704794,2,0.0614593,0.00752869,1.78739,230292
2.2,0.00704794,2,0.0614593,0.00752869,1.7904,242483
2.2,0.00704794,2,0.0614593,0.00752869,1.7934,243534
2.2,0.00704794,2,0.0614593,0.00752869,1.7964,246771
2.2,0.00704794,2,0.0614593,0.00752869,1.7994,236914
2.2,0.00704794,2,0.0614593,0.00752869,1.8024,241698
2.2,0.00704794,2,0.0614593,0.00752869,1.8054,242022
2.2,0.00704794,2,0.0614593,0.00752869,1.8084,235166
2.2,0.00704794,2,0.0614593,0.00752869,1.81141,245201
2.2,0.00704794,2,0.0614593,0.00752869,1.81441,240547
2.2,0.00704794,2,0.0614593,0.00752869,1.81741,243357
2.2,0.00704794,2,0.0614593,0.00752869,1.82041,246353
2.2,0.00704794,2,0.0614593,0.00752869,1.82341,248803
2.2,0.00704794,2,0.0614593,0.00752869,1.82641,245486
2.2,0.00704794,2,0.0614593,0.00752869,1.82941,245852
2.2,0.00704794,2,0.0614593,0.00752869,1.83242,242478
2.2,0.00704794,2,0.0614593,0.00752869,1.83542,245781
2.2,0.00704794,2,0.0614593,0.00752869,1.83842,236215
2.2,0.00704794,2,0.0614593,0.00752869,1.84142,242048
2.2,0.00704794,2,0.0614593,0.00752869,1.84442,242503
2.2,0.00704794,2,0.0614593,0.00752869,1.84742,255910
2.2,0.00704794,2,0.0614593,0.00752869,1.85043,235274
2.2,0.00704794,2,0.0614593,0.00752869,1.85343,244004
2.2,0.00704794,2,0.0614593,0.00752869,1.85643,242322
2.2,0.00704794,2,0.0614593,0.00752869,1.85943,235546
2.2,0.00704794,2,0.0614593,0.00752869,1.86243,254107
2.2,0.00704794,2,0.0614593,0.00752869,1.86543,251046
2.2,0.00704794,2,0.0614593,0.00752869,1.86843,236018
2.2,0.00704794,2,0.0614593,0.00752869,1.87144,258544
2.2,0.00704794,2,0.0614593,0.00752869,1.87444,241995
2.2,0.00704794,2,0.0614593,0.00752869,1.87744,255670
2.2,0.00704794,2,0.0614593,0.00752869,1.88044,236134
2.2,0.00704794,2,0.0614593,0.00752869,1.88344,236836
2.2,0.00704794,2,0.0614593,0.00752869,1.88644,236917
2.2,0.00704794,2,0.0614593,0.00752869,1.88944,239882
2.2,0.00704794,2,0.0614593,0.00752869,1.89245,243990
2.2,0.00704794,2,0.0614593,0.00752869,1.89545,245090
2.2,0.00704794,2,0.0614593,0.00752869,1.89845,241997
2.2,0.00704794,2,0.0614593,0.00752869,1.90145,242283
2.2,0.00704794,2,0.0614593,0.00752869,1.90445,238108
2.2,0.00704794,2,0.0614593,0.00752869,1.90745,237982
2.2,0.00704794,2,0.0614593,0.00752869,1.91046,236469
2.2,0.00704794,2,0.0614593,0.00752869,1.91346,251356
2.2,0.00704794,2,0.0614593,0.00752869,1.91646,254517
2.2,0.00704794,2,0.0614593,0.00752869,1.91946,235471
2.2,0.00704794,2,0.0614593,0.00752869,1.92246,241496
2.2,0.00704794,2,0.0614593,0.00752869,1.92546,235228
2.2,0.00704794,2,0.0614593,0.00752869,1.92846,240134
2.2,0.00704794,2,0.0614593,0.00752869,1.93147,236414
2.2,0.00704794,2,0.0614593,0.00752869,1.93447,240569
2.2,0.00704794,2,0.0614593,0.00752869,1.93747,232676
2.2,0.00704794,2,0.0614593,0.00752869,1.94047,241003
2.2,0.00704794,2,0.0614593,0.00752869,1.94347,239778
2.2,0.00704794,2,0.0614593,0.00752869,1.94647,238056
2.2,0.00704794,2,0.0614593,0.00752869,1.94947,251149
2.2,0.00704794,2,0.0614593,0.00752869,1.95248,243031
2.2,0.00704794,2,0.0614593,0.00752869,1.95548,237959
2.2,0.00704794,2,0.0614593,0.00752869,1.95848,246653
2.2,0.00704794,2,0.0614593,0.00752869,1.96148,249403
2.2,0.00704794,2,0.0614593,0.00752869,1.96448,244118
2.2,0.00704794,2,0.0614593,0.00752869,1.96748,259765
2.2,0.00704794,2,0.0614593,0.00752869,1.97049,276192
2.2,0.00704794,2,0.0614593,0.00752869,1.97349,227717
2.2,0.00704794,2,0.0614593,0.00752869,1.97649,248203
2.2,0.00704794,2,0.0614593,0.00752869,1.97949,220824
2.2,0.00704794,2,0.0614593,0.00752869,1.98249,244053
2.2,0.00704794,2,0.0614593,0.00752869,1.98549,215701
2.2,0.00704794,2,0.0614593,0.00752869,1.98849,207854
2.2,0.00704794,2,0.0614593,0.00752869,1.9915,-199905
2.2,0.00704794,2,0.0614593,0.00752869,1.9945,-210401
2.2,0.00704794,2,0.0614593,0.00752869,1.9975,-241058
2.2,0.00704794,2,0.0614593,0.00752869,2.0005,-217830
2.2,0.00704794,2,0.0614593,0.00752869,2.0035,-241161
2.2,0.00704794,2,0.0614593,0.00752869,2.0065,-236628
2.2,0.00704794,2,0.0614593,0.00752869,2.0095,-252750
2.2,0.00704794,2,0.0614593,0.00752869,2.01251,-254722
2.2,0.00704794,2,0.0614593,0.00752869,2.01551,-238655
2.2,0.00704794,2,0.0614593,0.00752869,2.01851,-232388
2.2,0.00704794,2,0.0614593,0.00752869,2.02151,-259008
2.2,0.00704794,2,0.0614593,0.00752869,2.02451,-230713
2.2,0.00704794,2,0.0614593,0.00752869,2.02751,-233487
2.2,0.00704794,2,0.0614593,0.00752869,2.03052,-240813
2.2,0.00704794,2,0.0614593,0.00752869,2.03352,-242507
2.2,0.00704794,2,0.0614593,0.00752869,2.03652,-252238
2.2,0.00704794,2,0.0614593,0.00752869,2.03952,-249018
2.2,0.00704794,2,0.0614593,0.00752869,2.04252,-260221
2.2,0.00704794,2,0.0614593,0.00752869,2.04552,-238870
2.2,0.00704794,2,0.0614593,0.00752869,2.04852,-255147
2.2,0.00704794,2,0.0614593,0.00752869,2.05153,-247322
2.2,0.00704794,2,0.0614593,0.00752869,2.05453,-252300
2.2,0.00704794,2,0.0614593,0.00752869,2.05753,-257718
2.2,0.00704794,2,0.0614593,0.00752869,2.06053,-240232
2.2,0.00704794,2,0.0614593,0.00752869,2.06353,-242627
2.2,0.00704794,2,0.0614593,0.00752869,2.06653,-269518
2.2,0.00704794,2,0.0614593,0.00752869,2.06953,-264665
2.2,0.00704794,2,0.0614593,0.00752869,2.07254,-255869
2.2,0.00704794,2,0.0614593,0.00752869,2.07554,-263478
2.2,0.00704794,2,0.0614593,0.00752869,2.07854,-268126
2.2,0.00704794,2,0.0614593,0.00752869,2.08154,-244396
2.2,0.00704794,2,0.0614593,0.00752869,2.08454,-282930
2.2,0.00704794,2,0.0614593,0.00752869,2.08754,-253684
2.2,0.00704794,2,0.0614593,0.00752869,2.09055,-252777
2.2,0.00704794,2,0.0614593,0.00752869,2.09355,-264054
2.2,0.00704794,2,0.0614593,0.00752869,2.09655,-244914
2.2,0.00704794,2,0.0614593,0.00752869,2.09955,-258864
2.2,0.00704794,2,0.0614593,0.00752869,2.10255,-258695
2.2,0.00704794,2,0.0614593,0.00752869,2.10555,-254926
2.2,0.00704794,2,0.0614593,0.00752869,2.10855,-258790
2.2,0.00704794,2,0.0614593,0.00752869,2.11156,-252377
2.2,0.00704794,2,0.0614593,0.00752869,2.11456,-256749
2.2,0.00704794,2,0.0614593,0.00752869,2.11756,-246951
2.2,0.00704794,2,0.0614593,0.00752869,2.12056,-249208
2.2,0.00704794,2,0.0614593,0.00752869,2.12356,-260914
2.2,0.00704794,2,0.0614593,0.00752869,2.12656,-258840
2.2,0.00704794,2,0.0614593,0.00752869,2.12956,-251384
2.2,0.00704794,2,0.0614593,0.00752869,2.13257,-254299
2.2,0.00704794,2,0.0614593,0.00752869,2.13557,-256604
2.2,0.00704794,2,0.0614593,0.00752869,2.13857,-248065
2.2,0.00704794,2,0.0614593,0.00752869,2.14157,-250560
2.2,0.00704794,2,0.0614593,0.00752869,2.14457,-255689
2.2,0.00704794,2,0.0614593,0.00752869,2.14757,-259129
2.2,0.00704794,2,0.0614593,0.00752869,2.15058,-268070
2.2,0.00704794,2,0.0614593,0.00752869,2.15358,-247492
2.2,0.00704794,2,0.0614593,0.00752869,2.15658,-263390
2.2,0.00704794,2,0.0614593,0.00752869,2.15958,-246862
2.2,0.00704794,2,0.0614593,0.00752869,2.16258,-244348
2.2,0.00704794,2,0.0614593,0.00752869,2.16558,-246584
2.2,0.00704794,2,0.0614593,0.00752869,2.16858,-245207
2.2,0.00704794,2,0.0614593,0.00752869,2.17159,-258025
2.2,0.00704794,2,0.0614593,0.00752869,2.17459,-244130
2.2,0.00704794,2,0.0614593,0.00752869,2.17759,-249296
2.2,0.00704794,2,0.0614593,0.00752869,2.18059,-267654
2.2,0.00704794,2,0.0614593,0.00752869,2.18359,-260354
2.2,0.00704794,2,0.0614593,0.00752869,2.18659,-242598
2.2,0.00704794,2,0.0614593,0.00752869,2.18959,-229947
2.2,0.00704794,2,0.0614593,0.00752869,2.1926,-227399
2.2,0.00704794,2,0.0614593,0.00752869,2.1956,-248619
2.2,0.00704794,2,0.0614593,0.00752869,2.1986,-235798
2.2,0.00704794,2,0.0614593,0.00752869,2.2016,261645
2.2,0.00704794,2,0.0614593,0.00752869,2.2046,242682
2.2,0.00704794,2,0.0614593,0.00752869,2.2076,246557
2.2,0.00704794,2,0.0614593,0.00752869,2.21061,237848
2.2,0.00704794,2,0.0614593,0.00752869,2.21361,236280
2.2,0.00704794,2,0.0614593,0.00752869,2.21661,255761
2.2,0.00704794,2,0.0614593,0.00752869,2.21961,245498
2.2,0.00704794,2,0.0614593,0.00752869,2.22261,270799
2.2,0.00704794,2,0.0614593,0.00752869,2.22561,261757
2.2,0.00704794,2,0.0614593,0.00752869,2.22861,290481
2.2,0.00704794,2,0.0614593,0.00752869,2.23162,273594
2.2,0.00704794,2,0.0614593,0.00752869,2.23462,262752
2.2,0.00704794,2,0.0614593,0.00752869,2.23762,264600
2.2,0.00704794,2,0.0614593,0.00752869,2.24062,296101
2.2,0.00704794,2,0.0614593,0.00752869,2.24362,281084
2.2,0.00704794,2,0.0614593,0.00752869,2.24662,296743
2.2,0.00704794,2,0.0614593,0.00752869,2.24962,288029
2.2,0.00704794,2,0.0614593,0.00752869,2.25263,269310
2.2,0.00704794,2,0.0614593,0.00752869,2.25563,305572
2.2,0.00704794,2,0.0614593,0.00752869,2.25863,295705
2.2,0.00704794,2,0.0614593,0.00752869,2.26163,362235
2.2,0.00704794,2,0.0614593,0.00752869,2.26463,293170
2.2,0.00704794,2,0.0614593,0.00752869,2.26763,310694
2.2,0.00704794,2,0.0614593,0.00752869,2.27064,298868
2.2,0.00704794,2,0.0614593,0.00752869,2.27364,321993
2.2,0.00704794,2,0.0614593,0.00752869,2.27664,295352
2.2,0.00704794,2,0.0614593,0.00752869,2.27964,315369
2.2,0.00704794,2,0.0614593,0.00752869,2.28264,363092
2.2,0.00704794,2,0.0614593,0.00752869,2.28564,304972
2.2,0.00704794,2,0.0614593,0.00752869,2.28864,323578
2.2,0.00704794,2,0.0614593,0.00752869,2.29165,353886
2.2,0.00704794,2,0.0614593,0.00752869,2.29465,335045
2.2,0.00704794,2,0.0614593,0.00752869,2.29765,317190
2.2,0.00704794,2,0.0614593,0.00752869,2.30065,366387
2.2,0.00704794,2,0.0614593,0.00752869,2.30365,309498
2.2,0.00704794,2,0.0614593,0.00752869,2.30665,340818
2.2,0.00704794,2,0.0614593,0.00752869,2.30965,343220
2.2,0.00704794,2,0.0614593,0.00752869,2.31266,367110
2.2,0.00704794,2,0.0614593,0.00752869,2.31566,331043
2.2,0.00704794,2,0.0614593,0.00752869,2.31866,319051
2.2,0.00704794,2,0.0614593,0.00752869,2.32166,351659
2.2,0.00704794,2,0.0614593,0.00752869,2.32466,390401
2.2,0.00704794,2,0.0614593,0.00752869,2.32766,333116
2.2,0.00704794,2,0.0614593,0.00752869,2.33067,335096
2.2,0.00704794,2,0.0614593,0.00752869,2.33367,314895
2.2,0.00704794,2,0.0614593,0.00752869,2.33667,360715
2.2,0.00704794,2,0.0614593,0.00752869,2.33967,348657
2.2,0.00704794,2,0.0614593,0.00752869,2.34267,336361
2.2,0.00704794,2,0.0614593,0.00752869,2.34567,354011
2.2,0.00704794,2,0.0614593,0.00752869,2.34867,329189
2.2,0.00704794,2,0.0614593,0.00752869,2.35168,377365
2.2,0.00704794,2,0.0614593,0.00752869,2.35468,324621
2.2,0.00704794,2,0.0614593,0.00752869,2.35768,354137
2.2,0.00704794,2,0.0614593,0.00752869,2.36068,360618
2.2,0.00704794,2,0.0614593,0.00752869,2.36368,395912
2.2,0.00704794,2,0.0614593,0.00752869,2.36668,370682
2.2,0.00704794,2,0.0614593,0.00752869,2.36968,365034
2.2,0.00704794,2,0.0614593,0.00752869,2.37269,344847
2.2,0.00704794,2,0.0614593,0.00752869,2.37569,406746
2.2,0.00704794,2,0.0614593,0.00752869,2.37869,354104
2.2,0.00704794,2,0.0614593,0.00752869,2.38169,369115
2.2,0.00704794,2,0.0614593,0.00752869,2.38469,393128
2.2,0.00704794,2,0.0614593,0.00752869,2.38769,376407
2.2,0.00704794,2,0.0614593,0.00752869,2.3907,361065
2.2,0.00704794,2,0.0614593,0.00752869,2.3937,368656
2.2,0.00704794,2,0.0614593,0.00752869,2.3967,346652
2.2,0.00704794,2,0.0614593,0.00752869,2.3997,379949
2.2,0.00704794,2,0.0614593,0.00752869,2.4027,350464
2.2,0.00704794,2,0.0614593,0.00752869,2.4057,418630
2.2,0.00704794,2,0.0614593,0.00752869,2.4087,356357
2.2,0.00704794,2,0.0614593,0.00752869,2.41171,398723
2.2,0.00704794,2,0.0614593,0.00752869,2.41471,352992
2.2,0.00704794,2,0.0614593,0.00752869,2.41771,369033
2.2,0.00704794,2,0.0614593,0.00752869,2.42071,392962
2.2,0.00704794,2,0.0614593,0.00752869,2.42371,393794
2.2,0.00704794,2,0.0614593,0.00752869,2.42671,401814
2.2,0.00704794,2,0.0614593,0.00752869,2.42971,375097
2.2,0.00704794,2,0.0614593,0.00752869,2.43272,394704
2.2,0.00704794,2,0.0614593,0.00752869,2.43572,361386
2.2,0.00704794,2,0.0614593,0.00752869,2.43872,381743
2.2,0.00704794,2,0.0614593,0.00752869,2.44172,391678
2.2,0.00704794,2,0.0614593,0.00752869,2.44472,386802
2.2,0.00704794,2,0.0614593,0.00752869,2.44772,385818
2.2,0.00704794,2,0.0614593,0.00752869,2.45073,399350
2.2,0.00704794,2,0.0614593,0.00752869,2.45373,408499
2.2,0.00704794,2,0.0614593,0.00752869,2.45673,434756
2.2,0.00704794,2,0.0614593,0.00752869,2.45973,381693
2.2,0.00704794,2,0.0614593,0.00752869,2.46273,411234
2.2,0.00704794,2,0.0614593,0.00752869,2.46573,444231
2.2,0.00704794,2,0.0614593,0.00752869,2.46873,417428
2.2,0.00704794,2,0.0614593,0.00752869,2.47174,410480
2.2,0.00704794,2,0.0614593,0.00752869,2.47474,412610
2.2,0.00704794,2,0.0614593,0.00752869,2.47774,384823
2.2,0.00704794,2,0.0614593,0.00752869,2.48074,413335
2.2,0.00704794,2,0.0614593,0.00752869,2.48374,445262
2.2,0.00704794,2,0.0614593,0.00752869,2.48674,394882
2.2,0.00704794,2,0.0614593,0.00752869,2.48974,452571
2.2,0.00704794,2,0.0614593,0.00752869,2.49275,433295
2.2,0.00704794,2,0.0614593,0.00752869,2.49575,390245
2.2,0.00704794,2,0.0614593,0.00752869,2.49875,411427
2.2,0.00704794,2,0.0614593,0.00752869,2.50175,401264
2.2,0.00704794,2,0.0614593,0.00752869,2.50475,472177
2.2,0.00704794,2,0.0614593,0.00752869,2.50775,404207
2.2,0.00704794,2,0.0614593,0.00752869,2.51076,424127
2.2,0.00704794,2,0.0614593,0.00752869,2.51376,447593
2.2,0.00704794,2,0.0614593,0.00752869,2.51676,449500
2.2,0.00704794,2,0.0614593,0.00752869,2.51976,414142
2.2,0.00704794,2,0.0614593,0.00752869,2.52276,447635
2.2,0.00704794,2,0.0614593,0.00752869,2.52576,429841
2.2,0.00704794,2,0.0614593,0.00752869,2.52876,471085
2.2,0.00704794,2,0.0614593,0.00752869,2.53177,428101
2.2,0.00704794,2,0.0614593,0.00752869,2.53477,465705
2.2,0.00704794,2,0.0614593,0.00752869,2.53777,478588
2.2,0.00704794,2,0.0614593,0.00752869,2.54077,437229
2.2,0.00704794,2,0.0614593,0.00752869,2.54377,439622
2.2,0.00704794,2,0.0614593,0.00752869,2.54677,449640
2.2,0.00704794,2,0.0614593,0.00752869,2.54977,430301
2.2,0.00704794,2,0.0614593,0.00752869,2.55278,500539
2.2,0.00704794,2,0.0614593,0.00752869,2.55578,495137
2.2,0.00704794,2,0.0614593,0.00752869,2.55878,425612
2.2,0.00704794,2,0.0614593,0.00752869,2.56178,459912
2.2,0.00704794,2,0.0614593,0.00752869,2.56478,439395
2.2,0.00704794,2,0.0614593,0.00752869,2.56778,455487
2.2,0.00704794,2,0.0614593,0.00752869,2.57079,445651
2.2,0.00704794,2,0.0614593,0.00752869,2.57379,434204
2.2,0.00704794,2,0.0614593,0.00752869,2.57679,476182
2.2,0.00704794,2,0.0614593,0.00752869,2.57979,575041
2.2,0.00704794,2,0.0614593,0.00752869,2.58279,479731
2.2,0.00704794,2,0.0614593,0.00752869,2.58579,443039
2.2,0.00704794,2,0.0614593,0.00752869,2.58879,452415
2.2,0.00704794,2,0.0614593,0.00752869,2.5918,513578
2.2,0.00704794,2,0.0614593,0.00752869,2.5948,446619
2.2,0.00704794,2,0.0614593,0.00752869,2.5978,473068
2.2,0.00704794,2,0.0614593,0.00752869,2.6008,456483
2.2,0.00704794,2,0.0614593,0.00752869,2.6038,521581
2.2,0.00704794,2,0.0614593,0.00752869,2.6068,525506
2.2,0.00704794,2,0.0614593,0.00752869,2.6098,484946
2.2,0.00704794,2,0.0614593,0.00752869,2.61281,483657
2.2,0.00704794,2,0.0614593,0.00752869,2.61581,449331
2.2,0.00704794,2,0.0614593,0.00752869,2.61881,501867
2.2,0.00704794,2,0.0614593,0.00752869,2.62181,486521
2.2,0.00704794,2,0.0614593,0.00752869,2.62481,503138
2.2,0.00704794,2,0.0614593,0.00752869,2.62781,538119
2.2,0.00704794,2,0.0614593,0.00752869,2.63082,506034
2.2,0.00704794,2,0.0614593,0.00752869,2.63382,521742
2.2,0.00704794,2,0.0614593,0.00752869,2.63682,514487
2.2,0.00704794,2,0.0614593,0.00752869,2.63982,503010
2.2,0.00704794,2,0.0614593,0.00752869,2.64282,489970
2.2,0.00704794,2,0.0614593,0.00752869,2.64582,562579
2.2,0.00704794,2,0.0614593,0.00752869,2.64882,543188
2.2,0.00704794,2,0.0614593,0.00752869,2.65183,512182
2.2,0.00704794,2,0.0614593,0.00752869,2.65483,530524
2.2,0.00704794,2,0.0614593,0.00752869,2.65783,532165
2.2,0.00704794,2,0.0614593,0.00752869,2.66083,492891
2.2,0.00704794,2,0.0614593,0.00752869,2.66383,559114
2.2,0.00704794,2,0.0614593,0.00752869,2.66683,508825
2.2,0.00704794,2,0.0614593,0.00752869,2.66983,495841
2.2,0.00704794,2,0.0614593,0.00752869,2.67284,564787
2.2,0.00704794,2,0.0614593,0.00752869,2.67584,582957
2.2,0.00704794,2,0.0614593,0.00752869,2.67884,539614
2.2,0.00704794,2,0.0614593,0.00752869,2.68184,552971
2.2,0.00704794,2,0.0614593,0.00752869,2.68484,547295
2.2,0.00704794,2,0.0614593,0.00752869,2.68784,581261
2.2,0.00704794,2,0.0614593,0.00752869,2.69085,500569
2.2,0.00704794,2,0.0614593,0.00752869,2.69385,608280
2.2,0.00704794,2,0.0614593,0.00752869,2.69685,491763
2.2,0.00704794,2,0.0614593,0.00752869,2.69985,552608
2.2,0.00704794,2,0.0614593,0.00752869,2.70285,558163
2.2,0.00704794,2,0.0614593,0.00752869,2.70585,522919
2.2,0.00704794,2,0.0614593,0.00752869,2.70885,580192
2.2,0.00704794,2,0.0614593,0.00752869,2.71186,511459
2.2,0.00704794,2,0.0614593,0.00752869,2.71486,612574
2.2,0.00704794,2,0.0614593,0.00752869,2.71786,588334
2.2,0.00704794,2,0.0614593,0.00752869,2.72086,547292
2.2,0.00704794,2,0.0614593,0.00752869,2.72386,524294
2.2,0.00704794,2,0.0614593,0.00752869,2.72686,534210
2.2,0.00704794,2,0.0614593,0.00752869,2.72986,571427
2.2,0.00704794,2,0.0614593,0.00752869,2.73287,572931
2.2,0.00704794,2,0.0614593,0.00752869,2.73587,529297
2.2,0.00704794,2,0.0614593,0.00752869,2.73887,564542
2.2,0.00704794,2,0.0614593,0.00752869,2.74187,568978
2.2,0.00704794,2,0.0614593,0.00752869,2.74487,568384
2.2,0.00704794,2,0.0614593,0.00752869,2.74787,594277
2.2,0.00704794,2,0.0614593,0.00752869,2.75088,560282
2.2,0.00704794,2,0.0614593,0.00752869,2.75388,536625
2.2,0.00704794,2,0.0614593,0.00752869,2.75688,537796
2.2,0.00704794,2,0.0614593,0.00752869,2.75988,555689
2.2,0.00704794,2,0.0614593,0.00752869,2.76288,537841
2.2,0.00704794,2,0.0614593,0.00752869,2.76588,563901
2.2,0.00704794,2,0.0614593,0.00752869,2.76888,537585
2.2,0.00704794,2,0.0614593,0.00752869,2.77189,567827
2.2,0.00704794,2,0.0614593,0.00752869,2.77489,574571
2.2,0.00704794,2,0.0614593,0.00752869,2.77789,556677
2.2,0.00704794,2,0.0614593,0.00752869,2.78089,562185
2.2,0.00704794,2,0.0614593,0.00752869,2.78389,541729
2.2,0.00704794,2,0.0614593,0.00752869,2.78689,555204
2.2,0.00704794,2,0.0614593,0.00752869,2.78989,640461
2.2,0.00704794,2,0.0614593,0.00752869,2.7929,571731
2.2,0.00704794,2,0.0614593,0.00752869,2.7959,590155
2.2,0.00704794,2,0.0614593,0.00752869,2.7989,569883
2.2,0.00704794,2,0.0614593,0.00752869,2.8019,610286
2.2,0.00704794,2,0.0614593,0.00752869,2.8049,630417
2.2,0.00704794,2,0.0614593,0.00752869,2.8079,570687
2.2,0.00704794,2,0.0614593,0.00752869,2.81091,625820
2.2,0.00704794,2,0.0614593,0.00752869,2.81391,572394
2.2,0.00704794,2,0.0614593,0.00752869,2.81691,594102
2.2,0.00704794,2,0.0614593,0.00752869,2.81991,596901
2.2,0.00704794,2,0.0614593,0.00752869,2.82291,572656
2.2,0.00704794,2,0.0614593,0.00752869,2.82591,638736
2.2,0.00704794,2,0.0614593,0.00752869,2.82891,616938
2.2,0.00704794,2,0.0614593,0.00752869,2.83192,571442
2.2,0.00704794,2,0.0614593,0.00752869,2.83492,607227
2.2,0.00704794,2,0.0614593,0.00752869,2.83792,642700
2.2,0.00704794,2,0.0614593,0.00752869,2.84092,658397
2.2,0.00704794,2,0.0614593,0.00752869,2.84392,683985
2.2,0.00704794,2,0.0614593,0.00752869,2.84692,646631
2.2,0.00704794,2,0.0614593,0.00752869,2.84992,650631
2.2,0.00704794,2,0.0614593,0.00752869,2.85293,684673
2.2,0.00704794,2,0.0614593,0.00752869,2.85593,622962
2.2,0.00704794,2,0.0614593,0.00752869,2.85893,593026
2.2,0.00704794,2,0.0614593,0.00752869,2.86193,593903
2.2,0.00704794,2,0.0614593,0.00752869,2.86493,670187
2.2,0.00704794,2,0.0614593,0.00752869,2.86793,680226
2.2,0.00704794,2,0.0614593,0.00752869,2.87094,639003
2.2,0.00704794,2,0.0614593,0.00752869,2.87394,635480
2.2,0.00704794,2,0.0614593,0.00752869,2.87694,651623
2.2,0.00704794,2,0.0614593,0.00752869,2.87994,695449
2.2,0.00704794,2,0.0614593,0.00752869,2.88294,665194
2.2,0.00704794,2,0.0614593,0.00752869,2.88594,652382
2.2,0.00704794,2,0.0614593,0.00752869,2.88894,677336
2.2,0.00704794,2,0.0614593,0.00752869,2.89195,606511
2.2,0.00704794,2,0.0614593,0.00752869,2.89495,726513
2.2,0.00704794,2,0.0614593,0.00752869,2.89795,613650
2.2,0.00704794,2,0.0614593,0.00752869,2.90095,624898
2.2,0.00704794,2,0.0614593,0.00752869,2.90395,750877
2.2,0.00704794,2,0.0614593,0.00752869,2.90695,734248
2.2,0.00704794,2,0.0614593,0.00752869,2.90995,702055
2.2,0.00704794,2,0.0614593,0.00752869,2.91296,635294
2.2,0.00704794,2,0.0614593,0.00752869,2.91596,623485
2.2,0.00704794,2,0.0614593,0.00752869,2.91896,679240
2.2,0.00704794,2,0.0614593,0.00752869,2.92196,632284
2.2,0.00704794,2,0.0614593,0.00752869,2.92496,713259
2.2,0.00704794,2,0.0614593,0.00752869,2.92796,653062
2.2,0.00704794,2,0.0614593,0.00752869,2.93097,746696
2.2,0.00704794,2,0.0614593,0.00752869,2.93397,755623
2.2,0.00704794,2,0.0614593,0.00752869,2.93697,718445
2.2,0.00704794,2,0.0614593,0.00752869,2.93997,698134
2.2,0.00704794,2,0.0614593,0.00752869,2.94297,697136
2.2,0.00704794,2,0.0614593,0.00752869,2.94597,704156
2.2,0.00704794,2,0.0614593,0.00752869,2.94897,705887
2.2,0.00704794,2,0.0614593,0.00752869,2.95198,674920
2.2,0.00704794,2,0.0614593,0.00752869,2.95498,752784
2.2,0.00704794,2,0.0614593,0.00752869,2.95798,677516
2.2,0.00704794,2,0.0614593,0.00752869,2.96098,691664
2.2,0.00704794,2,0.0614593,0.00752869,2.96398,684748
2.2,0.00704794,2,0.0614593,0.00752869,2.96698,715559
2.2,0.00704794,2,0.0614593,0.00752869,2.96998,673954
2.2,0.00704794,2,0.0614593,0.00752869,2.97299,758345
2.2,0.00704794,2,0.0614593,0.00752869,2.97599,840976
2.2,0.00704794,2,0.0614593,0.00752869,2.97899,754486
2.2,0.00704794,2,0.0614593,0.00752869,2.98199,751130
2.2,0.00704794,2,0.0614593,0.00752869,2.98499,732076
2.2,0.00704794,2,0.0614593,0.00752869,2.98799,750756
2.2,0.00704794,2,0.0614593,0.00752869,2.991,801343
2.2,0.00704794,2,0.0614593,0.00752869,2.994,720060
2.2,0.00704794,2,0.0614593,0.00752869,2.997,699532
2.2,0.00704794,2,0.0614593,0.00752869,3,721921

2.1,0.0150557,2,0.291062,0.0165895,-3,107977
2.1,0.0150557,2,0.291062,0.0165895,-2.997,113041
2.1,0.0150557,2,0.291062,0.0165895,-2.994,109976
2.1,0.0150557,2,0.291062,0.0165895,-2.991,109786
2.1,0.0150557,2,0.291062,0.0165895,-2.98799,111265
2.1,0.0150557,2,0.291062,0.0165895,-2.98499,111090
2.1,0.0150557,2,0.291062,0.0165895,-2.98199,111733
2.1,0.0150557,2,0.291062,0.0165895,-2.97899,112369
2.1,0.0150557,2,0.291062,0.0165895,-2.97599,121885
2.1,0.0150557,2,0.291062,0.0165895,-2.97299,113623
2.1,0.0150557,2,0.291062,0.0165895,-2.96998,114240
2.1,0.0150557,2,0.291062,0.0165895,-2.96698,114852
2.1,0.0150557,2,0.291062,0.0165895,-2.96398,119213
2.1,0.0150557,2,0.291062,0.0165895,-2.96098,120653
2.1,0.0150557,2,0.291062,0.0165895,-2.95798,121494
2.1,0.0150557,2,0.291062,0.0165895,-2.95498,106367
2.1,0.0150557,2,0.291062,0.0165895,-2.95198,105847
2.1,0.0150557,2,0.291062,0.0165895,-2.94897,122200
2.1,0.0150557,2,0.291062,0.0165895,-2.94597,123869
2.1,0.0150557,2,0.291062,0.0165895,-2.94297,108419
2.1,0.0150557,2,0.291062,0.0165895,-2.93997,108916
2.1,0.0150557,2,0.291062,0.0165895,-2.93697,109406
2.1,0.0150557,2,0.291062,0.0165895,-2.93397,109890
2.1,0.0150557,2,0.291062,0.0165895,-2.93097,105996
2.1,0.0150557,2,0.291062,0.0165895,-2.92796,111530
2.1,0.0150557,2,0.291062,0.0165895,-2.92496,106826
2.1,0.0150557,2,0.291062,0.0165895,-2.92196,111636
2.1,0.0150557,2,0.291062,0.0165895,-2.91896,111487
2.1,0.0150557,2,0.291062,0.0165895,-2.91596,119201
2.1,0.0150557,2,0.291062,0.0165895,-2.91296,119677
2.1,0.0150557,2,0.291062,0.0165895,-2.90995,109098
2.1,0.0150557,2,0.291062,0.0165895,-2.90695,122270
2.1,0.0150557,2,0.291062,0.0165895,-2.90395,115007
2.1,0.0150557,2,0.291062,0.0165895,-2.90095,126141
2.1,0.0150557,2,0.291062,0.0165895,-2.89795,115665
2.1,0.0150557,2,0.291062,0.0165895,-2.89495,106161
2.1,0.0150557,2,0.291062,0.0165895,-2.89195,116838
2.1,0.0150557,2,0.291062,0.0165895,-2.88894,123092
2.1,0.0150557,2,0.291062,0.0165895,-2.88594,111602
2.1,0.0150557,2,0.291062,0.0165895,-2.88294,106256
2.1,0.0150557,2,0.291062,0.0165895,-2.87994,118329
2.1,0.0150557,2,0.291062,0.0165895,-2.87694,106891
2.1,0.0150557,2,0.291062,0.0165895,-2.87394,118104
2.1,0.0150557,2,0.291062,0.0165895,-2.87094,109382
2.1,0.0150557,2,0.291062,0.0165895,-2.86793,121240
2.1,0.0150557,2,0.291062,0.0165895,-2.86493,109232
2.1,0.0150557,2,0.291062,0.0165895,-2.86193,106321
2.1,0.0150557,2,0.291062,0.0165895,-2.85893,108626
2.1,0.0150557,2,0.291062,0.0165895,-2.85593,108891
2.1,0.0150557,2,0.291062,0.0165895,-2.85293,130839
2.1,0.0150557,2,0.291062,0.0165895,-2.84992,106016
2.1,0.0150557,2,0.291062,0.0165895,-2.84692,109639
2.1,0.0150557,2,0.291062,0.0165895,-2.84392,109874
2.1,0.0150557,2,0.291062,0.0165895,-2.84092,120815
2.1,0.0150557,2,0.291062,0.0165895,-2.83792,110319
2.1,0.0150557,2,0.291062,0.0165895,-2.83492,109462
2.1,0.0150557,2,0.291062,0.0165895,-2.83192,113728
2.1,0.0150557,2,0.291062,0.0165895,-2.82891,106129
2.1,0.0150557,2,0.291062,0.0165895,-2.82591,111118
2.1,0.0150557,2,0.291062,0.0165895,-2.82291,113586
2.1,0.0150557,2,0.291062,0.0165895,-2.81991,108933
2.1,0.0150557,2,0.291062,0.0165895,-2.81691,106689
2.1,0.0150557,2,0.291062,0.0165895,-2.81391,115016
2.1,0.0150557,2,0.291062,0.0165895,-2.81091,105645
2.1,0.0150557,2,0.291062,0.0165895,-2.8079,116489
2.1,0.0150557,2,0.291062,0.0165895,-2.8049,112221
2.1,0.0150557,2,0.291062,0.0165895,-2.8019,118212
2.1,0.0150557,2,0.291062,0.0165895,-2.7989,110236
2.1,0.0150557,2,0.291062,0.0165895,-2.7959,109480
2.1,0.0150557,2,0.291062,0.0165895,-2.7929,121452
2.1,0.0150557,2,0.291062,0.0165895,-2.78989,112766
2.1,0.0150557,2,0.291062,0.0165895,-2.78689,105730
2.1,0.0150557,2,0.291062,0.0165895,-2.78389,114546
2.1,0.0150557,2,0.291062,0.0165895,-2.78089,112996
2.1,0.0150557,2,0.291062,0.0165895,-2.77789,125421
2.1,0.0150557,2,0.291062,0.0165895,-2.77489,108725
2.1,0.0150557,2,0.291062,0.0165895,-2.77189,105568
2.1,0.0150557,2,0.291062,0.0165895,-2.76888,122716
2.1,0.0150557,2,0.291062,0.0165895,-2.76588,109679
2.1,0.0150557,2,0.291062,0.0165895,-2.76288,113226
2.1,0.0150557,2,0.291062,0.0165895,-2.75988,113235
2.1,0.0150557,2,0.291062,0.0165895,-2.75688,115505
2.1,0.0150557,2,0.291062,0.0165895,-2.75388,113229
2.1,0.0150557,2,0.291062,0.0165895,-2.75088,113210
2.1,0.0150557,2,0.291062,0.0165895,-2.74787,116154
2.1,0.0150557,2,0.291062,0.0165895,-2.74487,113153
2.1,0.0150557,2,0.291062,0.0165895,-2.74187,108333
2.1,0.0150557,2,0.291062,0.0165895,-2.73887,112999
2.1,0.0150557,2,0.291062,0.0165895,-2.73587,121715
2.1,0.0150557,2,0.291062,0.0165895,-2.73287,112924
2.1,0.0150557,2,0.291062,0.0165895,-2.72986,123851
2.1,0.0150557,2,0.291062,0.0165895,-2.72686,123034
2.1,0.0150557,2,0.291062,0.0165895,-2.72386,112668
2.1,0.0150557,2,0.291062,0.0165895,-2.72086,112563
2.1,0.0150557,2,0.291062,0.0165895,-2.71786,116174
2.1,0.0150557,2,0.291062,0.0165895,-2.71486,117095
2.1,0.0150557,2,0.291062,0.0165895,-2.71186,112536
2.1,0.0150557,2,0.291062,0.0165895,-2.70885,121357
2.1,0.0150557,2,0.291062,0.0165895,-2.70585,111908
2.1,0.0150557,2,0.291062,0.0165895,-2.70285,111750
2.1,0.0150557,2,0.291062,0.0165895,-2.69985,124464
2.1,0.0150557,2,0.291062,0.0165895,-2.69685,123679
2.1,0.0150557,2,0.291062,0.0165895,-2.69385,111221
2.1,0.0150557,2,0.291062,0.0165895,-2.69085,115878
2.1,0.0150557,2,0.291062,0.0165895,-2.68784,120564
2.1,0.0150557,2,0.291062,0.0165895,-2.68484,105018
2.1,0.0150557,2,0.291062,0.0165895,-2.68184,110388
2.1,0.0150557,2,0.291062,0.0165895,-2.67884,110154
2.1,0.0150557,2,0.291062,0.0165895,-2.67584,109916
2.1,0.0150557,2,0.291062,0.0165895,-2.67284,126612
2.1,0.0150557,2,0.291062,0.0165895,-2.66983,109406
2.1,0.0150557,2,0.291062,0.0165895,-2.66683,109140
2.1,0.0150557,2,0.291062,0.0165895,-2.66383,120758
2.1,0.0150557,2,0.291062,0.0165895,-2.66083,113222
2.1,0.0150557,2,0.291062,0.0165895,-2.65783,111061
2.1,0.0150557,2,0.291062,0.0165895,-2.65483,118366
2.1,0.0150557,2,0.291062,0.0165895,-2.65183,125328
2.1,0.0150557,2,0.291062,0.0165895,-2.64882,111923
2.1,0.0150557,2,0.291062,0.0165895,-2.64582,107006
2.1,0.0150557,2,0.291062,0.0165895,-2.64282,119023
2.1,0.0150557,2,0.291062,0.0165895,-2.63982,106311
2.1,0.0150557,2,0.291062,0.0165895,-2.63682,114309
2.1,0.0150557,2,0.291062,0.0165895,-2.63382,104819
2.1,0.0150557,2,0.291062,0.0165895,-2.63082,118575
2.1,0.0150557,2,0.291062,0.0165895,-2.62781,106144
2.1,0.0150557,2,0.291062,0.0165895,-2.62481,116302
2.1,0.0150557,2,0.291062,0.0165895,-2.62181,115960
2.1,0.0150557,2,0.291062,0.0165895,-2.61881,108526
2.1,0.0150557,2,0.291062,0.0165895,-2.61581,113752
2.1,0.0150557,2,0.291062,0.0165895,-2.61281,108647
2.1,0.0150557,2,0.291062,0.0165895,-2.6098,109574
2.1,0.0150557,2,0.291062,0.0165895,-2.6068,120633
2.1,0.0150557,2,0.291062,0.0165895,-2.6038,111775
2.1,0.0150557,2,0.291062,0.0165895,-2.6008,106711
2.1,0.0150557,2,0.291062,0.0165895,-2.5978,110730
2.1,0.0150557,2,0.291062,0.0165895,-2.5948,108642
2.1,0.0150557,2,0.291062,0.0165895,-2.5918,109634
2.1,0.0150557,2,0.291062,0.0165895,-2.58879,109916
2.1,0.0150557,2,0.291062,0.0165895,-2.58579,108502
2.1,0.0150557,2,0.291062,0.0165895,-2.58279,107914
2.1,0.0150557,2,0.291062,0.0165895,-2.57979,110495
2.1,0.0150557,2,0.291062,0.0165895,-2.57679,109090
2.1,0.0150557,2,0.291062,0.0165895,-2.57379,105974
2.1,0.0150557,2,0.291062,0.0165895,-2.57079,105493
2.1,0.0150557,2,0.291062,0.0165895,-2.56778,105958
2.1,0.0150557,2,0.291062,0.0165895,-2.56478,112768
2.1,0.0150557,2,0.291062,0.0165895,-2.56178,103563
2.1,0.0150557,2,0.291062,0.0165895,-2.55878,117858
2.1,0.0150557,2,0.291062,0.0165895,-2.55578,107976
2.1,0.0150557,2,0.291062,0.0165895,-2.55278,110544
2.1,0.0150557,2,0.291062,0.0165895,-2.54977,109268
2.1,0.0150557,2,0.291062,0.0165895,-2.54677,122860
2.1,0.0150557,2,0.291062,0.0165895,-2.54377,103041
2.1,0.0150557,2,0.291062,0.0165895,-2.54077,106226
2.1,0.0150557,2,0.291062,0.0165895,-2.53777,105704
2.1,0.0150557,2,0.291062,0.0165895,-2.53477,121975
2.1,0.0150557,2,0.291062,0.0165895,-2.53177,106548
2.1,0.0150557,2,0.291062,0.0165895,-2.52876,105648
2.1,0.0150557,2,0.291062,0.0165895,-2.52576,108007
2.1,0.0150557,2,0.291062,0.0165895,-2.52276,103931
2.1,0.0150557,2,0.291062,0.0165895,-2.51976,108532
2.1,0.0150557,2,0.291062,0.0165895,-2.51676,112870
2.1,0.0150557,2,0.291062,0.0165895,-2.51376,127839
2.1,0.0150557,2,0.291062,0.0165895,-2.51076,111423
2.1,0.0150557,2,0.291062,0.0165895,-2.50775,109866
2.1,0.0150557,2,0.291062,0.0165895,-2.50475,108841
2.1,0.0150557,2,0.291062,0.0165895,-2.50175,107800
2.1,0.0150557,2,0.291062,0.0165895,-2.49875,110025
2.1,0.0150557,2,0.291062,0.0165895,-2.49575,118535
2.1,0.0150557,2,0.291062,0.0165895,-2.49275,104620
2.1,0.0150557,2,0.291062,0.0165895,-2.48974,103535
2.1,0.0150557,2,0.291062,0.0165895,-2.48674,102440
2.1,0.0150557,2,0.291062,0.0165895,-2.48374,112045
2.1,0.0150557,2,0.291062,0.0165895,-2.48074,110808
2.1,0.0150557,2,0.291062,0.0165895,-2.47774,110158
2.1,0.0150557,2,0.291062,0.0165895,-2.47474,105942
2.1,0.0150557,2,0.291062,0.0165895,-2.47174,109115
2.1,0.0150557,2,0.291062,0.0165895,-2.46873,105748
2.1,0.0150557,2,0.291062,0.0165895,-2.46573,104433
2.1,0.0150557,2,0.291062,0.0165895,-2.46273,110019
2.1,0.0150557,2,0.291062,0.0165895,-2.45973,109226
2.1,0.0150557,2,0.291062,0.0165895,-2.45673,100614
2.1,0.0150557,2,0.291062,0.0165895,-2.45373,109689
2.1,0.0150557,2,0.291062,0.0165895,-2.45073,113729
2.1,0.0150557,2,0.291062,0.0165895,-2.44772,106662
2.1,0.0150557,2,0.291062,0.0165895,-2.44472,105061
2.1,0.0150557,2,0.291062,0.0165895,-2.44172,100944
2.1,0.0150557,2,0.291062,0.0165895,-2.43872,111924
2.1,0.0150557,2,0.291062,0.0165895,-2.43572,116466
2.1,0.0150557,2,0.291062,0.0165895,-2.43272,108909
2.1,0.0150557,2,0.291062,0.0165895,-2.42971,116960
2.1,0.0150557,2,0.291062,0.0165895,-2.42671,105958
2.1,0.0150557,2,0.291062,0.0165895,-2.42371,112375
2.1,0.0150557,2,0.291062,0.0165895,-2.42071,111683
2.1,0.0150557,2,0.291062,0.0165895,-2.41771,100302
2.1,0.0150557,2,0.291062,0.0165895,-2.41471,103871
2.1,0.0150557,2,0.291062,0.0165895,-2.41171,113305
2.1,0.0150557,2,0.291062,0.0165895,-2.4087,113119
2.1,0.0150557,2,0.291062,0.0165895,-2.4057,103183
2.1,0.0150557,2,0.291062,0.0165895,-2.4027,107549
2.1,0.0150557,2,0.291062,0.0165895,-2.3997,118142
2.1,0.0150557,2,0.291062,0.0165895,-2.3967,107542
2.1,0.0150557,2,0.291062,0.0165895,-2.3937,107093
2.1,0.0150557,2,0.291062,0.0165895,-2.3907,114538
2.1,0.0150557,2,0.291062,0.0165895,-2.38769,100256
2.1,0.0150557,2,0.291062,0.0165895,-2.38469,97825.6
2.1,0.0150557,2,0.291062,0.0165895,-2.38169,107963
2.1,0.0150557,2,0.291062,0.0165895,-2.37869,112812
2.1,0.0150557,2,0.291062,0.0165895,-2.37569,111228
2.1,0.0150557,2,0.291062,0.0165895,-2.37269,102627
2.1,0.0150557,2,0.291062,0.0165895,-2.36968,99409.4
2.1,0.0150557,2,0.291062,0.0165895,-2.36668,105874
2.1,0.0150557,2,0.291062,0.0165895,-2.36368,121071
2.1,0.0150557,2,0.291062,0.0165895,-2.36068,103791
2.1,0.0150557,2,0.291062,0.0165895,-2.35768,108529
2.1,0.0150557,2,0.291062,0.0165895,-2.35468,98862.5
2.1,0.0150557,2,0.291062,0.0165895,-2.35168,103694
2.1,0.0150557,2,0.291062,0.0165895,-2.34867,98903.7
2.1,0.0150557,2,0.291062,0.0165895,-2.34567,99239.6
2.1,0.0150557,2,0.291062,0.0165895,-2.34267,95196.1
2.1,0.0150557,2,0.291062,0.0165895,-2.33967,108909
2.1,0.0150557,2,0.291062,0.0165895,-2.33667,97048.1
2.1,0.0150557,2,0.291062,0.0165895,-2.33367,103202
2.1,0.0150557,2,0.291062,0.0165895,-2.33067,98574.4
2.1,0.0150557,2,0.291062,0.0165895,-2.32766,110606
2.1,0.0150557,2,0.291062,0.0165895,-2.32466,97961.9
2.1,0.0150557,2,0.291062,0.0165895,-2.32166,92156.4
2.1,0.0150557,2,0.291062,0.0165895,-2.31866,96305.4
2.1,0.0150557,2,0.291062,0.0165895,-2.31566,101197
2.1,0.0150557,2,0.291062,0.0165895,-2.31266,91429.1
2.1,0.0150557,2,0.291062,0.0165895,-2.30965,99835.8
2.1,0.0150557,2,0.291062,0.0165895,-2.30665,104100
2.1,0.0150557,2,0.291062,0.0165895,-2.30365,91429.6
2.1,0.0150557,2,0.291062,0.0165895,-2.30065,90277.7
2.1,0.0150557,2,0.291062,0.0165895,-2.29765,92581
2.1,0.0150557,2,0.291062,0.0165895,-2.29465,90300.9
2.1,0.0150557,2,0.291062,0.0165895,-2.29165,97258.8
2.1,0.0150557,2,0.291062,0.0165895,-2.28864,95183.9
2.1,0.0150557,2,0.291062,0.0165895,-2.28564,92594
2.1,0.0150557,2,0.291062,0.0165895,-2.28264,91365.5
2.1,0.0150557,2,0.291062,0.0165895,-2.27964,92447.6
2.1,0.0150557,2,0.291062,0.0165895,-2.27664,91912.8
2.1,0.0150557,2,0.291062,0.0165895,-2.27364,-81417.9
2.1,0.0150557,2,0.291062,0.0165895,-2.27064,-82836.2
2.1,0.0150557,2,0.291062,0.0165895,-2.26763,-103292
2.1,0.0150557,2,0.291062,0.0165895,-2.26463,-92958.6
2.1,0.0150557,2,0.291062,0.0165895,-2.26163,-103361
2.1,0.0150557,2,0.291062,0.0165895,-2.25863,-99847
2.1,0.0150557,2,0.291062,0.0165895,-2.25563,-87102.2
2.1,0.0150557,2,0.291062,0.0165895,-2.25263,-100292
2.1,0.0150557,2,0.291062,0.0165895,-2.24962,-110721
2.1,0.0150557,2,0.291062,0.0165895,-2.24662,-104745
2.1,0.0150557,2,0.291062,0.0165895,-2.24362,-96203.8
2.1,0.0150557,2,0.291062,0.0165895,-2.24062,-112062
2.1,0.0150557,2,0.291062,0.0165895,-2.23762,-96389.3
2.1,0.0150557,2,0.291062,0.0165895,-2.23462,-98826.1
2.1,0.0150557,2,0.291062,0.0165895,-2.23162,-98287.1
2.1,0.0150557,2,0.291062,0.0165895,-2.22861,-95094.7
2.1,0.0150557,2,0.291062,0.0165895,-2.22561,-95348
2.1,0.0150557,2,0.291062,0.0165895,-2.22261,-101129
2.1,0.0150557,2,0.291062,0.0165895,-2.21961,-101490
2.1,0.0150557,2,0.291062,0.0165895,-2.21661,-98609.7
2.1,0.0150557,2,0.291062,0.0165895,-2.21361,-100550
2.1,0.0150557,2,0.291062,0.0165895,-2.21061,-100149
2.1,0.0150557,2,0.291062,0.0165895,-2.2076,-106676
2.1,0.0150557,2,0.291062,0.0165895,-2.2046,-98396.7
2.1,0.0150557,2,0.291062,0.0165895,-2.2016,-102653
2.1,0.0150557,2,0.291062,0.0165895,-2.1986,-96064.6
2.1,0.0150557,2,0.291062,0.0165895,-2.1956,-110291
2.1,0.0150557,2,0.291062,0.0165895,-2.1926,-103435
2.1,0.0150557,2,0.291062,0.0165895,-2.18959,-113082
2.1,0.0150557,2,0.291062,0.0165895,-2.18659,-100202
2.1,0.0150557,2,0.291062,0.0165895,-2.18359,-100448
2.1,0.0150557,2,0.291062,0.0165895,-2.18059,-107135
2.1,0.0150557,2,0.291062,0.0165895,-2.17759,-97482.3
2.1,0.0150557,2,0.291062,0.0165895,-2.17459,-100160
2.1,0.0150557,2,0.291062,0.0165895,-2.17159,-103145
2.1,0.0150557,2,0.291062,0.0165895,-2.16858,-104209
2.1,0.0150557,2,0.291062,0.0165895,-2.16558,-100924
2.1,0.0150557,2,0.291062,0.0165895,-2.16258,-112376
2.1,0.0150557,2,0.291062,0.0165895,-2.15958,-106559
2.1,0.0150557,2,0.291062,0.0165895,-2.15658,-104207
2.1,0.0150557,2,0.291062,0.0165895,-2.15358,-108589
2.1,0.0150557,2,0.291062,0.0165895,-2.15058,-103683
2.1,0.0150557,2,0.291062,0.0165895,-2.14757,-106508
2.1,0.0150557,2,0.291062,0.0165895,-2.14457,-112162
2.1,0.0150557,2,0.291062,0.0165895,-2.14157,-100418
2.1,0.0150557,2,0.291062,0.0165895,-2.13857,-102728
2.1,0.0150557,2,0.291062,0.0165895,-2.13557,-104997
2.1,0.0150557,2,0.291062,0.0165895,-2.13257,-111973
2.1,0.0150557,2,0.291062,0.0165895,-2.12956,-106716
2.1,0.0150557,2,0.291062,0.0165895,-2.12656,-108681
2.1,0.0150557,2,0.291062,0.0165895,-2.12356,-111329
2.1,0.0150557,2,0.291062,0.0165895,-2.12056,-111023
2.1,0.0150557,2,0.291062,0.0165895,-2.11756,-107170
2.1,0.0150557,2,0.291062,0.0165895,-2.11456,-109443
2.1,0.0150557,2,0.291062,0.0165895,-2.11156,-100783
2.1,0.0150557,2,0.291062,0.0165895,-2.10855,-102397
2.1,0.0150557,2,0.291062,0.0165895,-2.10555,-104245
2.1,0.0150557,2,0.291062,0.0165895,-2.10255,-106095
2.1,0.0150557,2,0.291062,0.0165895,-2.09955,-107936
2.1,0.0150557,2,0.291062,0.0165895,-2.09655,-103939
2.1,0.0150557,2,0.291062,0.0165895,-2.09355,-110822
2.1,0.0150557,2,0.291062,0.0165895,-2.09055,-120943
2.1,0.0150557,2,0.291062,0.0165895,-2.08754,-112608
2.1,0.0150557,2,0.291062,0.0165895,-2.08454,-105887
2.1,0.0150557,2,0.291062,0.0165895,-2.08154,-112819
2.1,0.0150557,2,0.291062,0.0165895,-2.07854,-113377
2.1,0.0150557,2,0.291062,0.0165895,-2.07554,-108412
2.1,0.0150557,2,0.291062,0.0165895,-2.07254,-112449
2.1,0.0150557,2,0.291062,0.0165895,-2.06953,-117765
2.1,0.0150557,2,0.291062,0.0165895,-2.06653,-106271
2.1,0.0150557,2,0.291062,0.0165895,-2.06353,-106171
2.1,0.0150557,2,0.291062,0.0165895,-2.06053,-102316
2.1,0.0150557,2,0.291062,0.0165895,-2.05753,-109093
2.1,0.0150557,2,0.291062,0.0165895,-2.05453,-110549
2.1,0.0150557,2,0.291062,0.0165895,-2.05153,-108324
2.1,0.0150557,2,0.291062,0.0165895,-2.04852,-107036
2.1,0.0150557,2,0.291062,0.0165895,-2.04552,-104026
2.1,0.0150557,2,0.291062,0.0165895,-2.04252,-116077
2.1,0.0150557,2,0.291062,0.0165895,-2.03952,-111904
2.1,0.0150557,2,0.291062,0.0165895,-2.03652,-116174
2.1,0.0150557,2,0.291062,0.0165895,-2.03352,-107734
2.1,0.0150557,2,0.291062,0.0165895,-2.03052,-110475
2.1,0.0150557,2,0.291062,0.0165895,-2.02751,-104369
2.1,0.0150557,2,0.291062,0.0165895,-2.02451,-115704
2.1,0.0150557,2,0.291062,0.0165895,-2.02151,-109896
2.1,0.0150557,2,0.291062,0.0165895,-2.01851,-106484
2.1,0.0150557,2,0.291062,0.0165895,-2.01551,-108313
2.1,0.0150557,2,0.291062,0.0165895,-2.01251,-106947
2.1,0.0150557,2,0.291062,0.0165895,-2.0095,-115724
2.1,0.0150557,2,0.291062,0.0165895,-2.0065,-109800
2.1,0.0150557,2,0.291062,0.0165895,-2.0035,-111544
2.1,0.0150557,2,0.291062,0.0165895,-2.0005,-113114
2.1,0.0150557,2,0.291062,0.0165895,-1.9975,-108577
2.1,0.0150557,2,0.291062,0.0165895,-1.9945,-113597
2.1,0.0150557,2,0.291062,0.0165895,-1.9915,-117603
2.1,0.0150557,2,0.291062,0.0165895,-1.98849,-107633
2.1,0.0150557,2,0.291062,0.0165895,-1.98549,-105208
2.1,0.0150557,2,0.291062,0.0165895,-1.98249,-120845
2.1,0.0150557,2,0.291062,0.0165895,-1.97949,-112698
2.1,0.0150557,2,0.291062,0.0165895,-1.97649,-107436
2.1,0.0150557,2,0.291062,0.0165895,-1.97349,-112973
2.1,0.0150557,2,0.291062,0.0165895,-1.97049,-110733
2.1,0.0150557,2,0.291062,0.0165895,-1.96748,-106744
2.1,0.0150557,2,0.291062,0.0165895,-1.96448,-113312
2.1,0.0150557,2,0.291062,0.0165895,-1.96148,-110321
2.1,0.0150557,2,0.291062,0.0165895,-1.95848,-110706
2.1,0.0150557,2,0.291062,0.0165895,-1.95548,-110531
2.1,0.0150557,2,0.291062,0.0165895,-1.95248,-112061
2.1,0.0150557,2,0.291062,0.0165895,-1.94947,-113595
2.1,0.0150557,2,0.291062,0.0165895,-1.94647,-118398
2.1,0.0150557,2,0.291062,0.0165895,-1.94347,-112900
2.1,0.0150557,2,0.291062,0.0165895,-1.94047,-107687
2.1,0.0150557,2,0.291062,0.0165895,-1.93747,-110500
2.1,0.0150557,2,0.291062,0.0165895,-1.93447,-105452
2.1,0.0150557,2,0.291062,0.0165895,-1.93147,-105063
2.1,0.0150557,2,0.291062,0.0165895,-1.92846,-111732
2.1,0.0150557,2,0.291062,0.0165895,-1.92546,-117821
2.1,0.0150557,2,0.291062,0.0165895,-1.92246,-119769
2.1,0.0150557,2,0.291062,0.0165895,-1.91946,-107750
2.1,0.0150557,2,0.291062,0.0165895,-1.91646,-105462
2.1,0.0150557,2,0.291062,0.0165895,-1.91346,-115435
2.1,0.0150557,2,0.291062,0.0165895,-1.91046,-113617
2.1,0.0150557,2,0.291062,0.0165895,-1.90745,-107334
2.1,0.0150557,2,0.291062,0.0165895,-1.90445,-108786
2.1,0.0150557,2,0.291062,0.0165895,-1.90145,-109138
2.1,0.0150557,2,0.291062,0.0165895,-1.89845,-109836
2.1,0.0150557,2,0.291062,0.0165895,-1.89545,-109182
2.1,0.0150557,2,0.291062,0.0165895,-1.89245,-113747
2.1,0.0150557,2,0.291062,0.0165895,-1.88944,-109801
2.1,0.0150557,2,0.291062,0.0165895,-1.88644,-106699
2.1,0.0150557,2,0.291062,0.0165895,-1.88344,-106272
2.1,0.0150557,2,0.291062,0.0165895,-1.88044,-111766
2.1,0.0150557,2,0.291062,0.0165895,-1.87744,-106319
2.1,0.0150557,2,0.291062,0.0165895,-1.87444,-107578
2.1,0.0150557,2,0.291062,0.0165895,-1.87144,-113899
2.1,0.0150557,2,0.291062,0.0165895,-1.86843,-106649
2.1,0.0150557,2,0.291062,0.0165895,-1.86543,-107012
2.1,0.0150557,2,0.291062,0.0165895,-1.86243,-110743
2.1,0.0150557,2,0.291062,0.0165895,-1.85943,-109613
2.1,0.0150557,2,0.291062,0.0165895,-1.85643,-114942
2.1,0.0150557,2,0.291062,0.0165895,-1.85343,-112794
2.1,0.0150557,2,0.291062,0.0165895,-1.85043,-106156
2.1,0.0150557,2,0.291062,0.0165895,-1.84742,-109887
2.1,0.0150557,2,0.291062,0.0165895,-1.84442,-106439
2.1,0.0150557,2,0.291062,0.0165895,-1.84142,-111713
2.1,0.0150557,2,0.291062,0.0165895,-1.83842,-107338
2.1,0.0150557,2,0.291062,0.0165895,-1.83542,-106591
2.1,0.0150557,2,0.291062,0.0165895,-1.83242,-112386
2.1,0.0150557,2,0.291062,0.0165895,-1.82941,-111220
2.1,0.0150557,2,0.291062,0.0165895,-1.82641,-111947
2.1,0.0150557,2,0.291062,0.0165895,-1.82341,-107201
2.1,0.0150557,2,0.291062,0.0165895,-1.82041,-108976
2.1,0.0150557,2,0.291062,0.0165895,-1.81741,-107255
2.1,0.0150557,2,0.291062,0.0165895,-1.81441,-110241
2.1,0.0150557,2,0.291062,0.0165895,-1.81141,-107265
2.1,0.0150557,2,0.291062,0.0165895,-1.8084,-108682
2.1,0.0150557,2,0.291062,0.0165895,-1.8054,-110993
2.1,0.0150557,2,0.291062,0.0165895,-1.8024,-108221
2.1,0.0150557,2,0.291062,0.0165895,-1.7994,-110911
2.1,0.0150557,2,0.291062,0.0165895,-1.7964,-112527
2.1,0.0150557,2,0.291062,0.0165895,-1.7934,-110165
2.1,0.0150557,2,0.291062,0.0165895,-1.7904,-106323
2.1,0.0150557,2,0.291062,0.0165895,-1.78739,-111224
2.1,0.0150557,2,0.291062,0.0165895,-1.78439,-110816
2.1,0.0150557,2,0.291062,0.0165895,-1.78139,-117973
2.1,0.0150557,2,0.291062,0.0165895,-1.77839,-106673
2.1,0.0150557,2,0.291062,0.0165895,-1.77539,-108884
2.1,0.0150557,2,0.291062,0.0165895,-1.77239,-107994
2.1,0.0150557,2,0.291062,0.0165895,-1.76938,-111141
2.1,0.0150557,2,0.291062,0.0165895,-1.76638,-111225
2.1,0.0150557,2,0.291062,0.0165895,-1.76338,-106821
2.1,0.0150557,2,0.291062,0.0165895,-1.76038,-106754
2.1,0.0150557,2,0.291062,0.0165895,-1.75738,-111183
2.1,0.0150557,2,0.291062,0.0165895,-1.75438,-107563
2.1,0.0150557,2,0.291062,0.0165895,-1.75138,-106069
2.1,0.0150557,2,0.291062,0.0165895,-1.74837,-108884
2.1,0.0150557,2,0.291062,0.0165895,-1.74537,-107641
2.1,0.0150557,2,0.291062,0.0165895,-1.74237,-107419
2.1,0.0150557,2,0.291062,0.0165895,-1.73937,-112882
2.1,0.0150557,2,0.291062,0.0165895,-1.73637,-110277
2.1,0.0150557,2,0.291062,0.0165895,-1.73337,-112689
2.1,0.0150557,2,0.291062,0.0165895,-1.73037,-107159
2.1,0.0150557,2,0.291062,0.0165895,-1.72736,-109131
2.1,0.0150557,2,0.291062,0.0165895,-1.72436,-108681
2.1,0.0150557,2,0.291062,0.0165895,-1.72136,-135759
2.1,0.0150557,2,0.291062,0.0165895,-1.71836,-106058
2.1,0.0150557,2,0.291062,0.0165895,-1.71536,-106675
2.1,0.0150557,2,0.291062,0.0165895,-1.71236,-110626
2.1,0.0150557,2,0.291062,0.0165895,-1.70935,-109518
2.1,0.0150557,2,0.291062,0.0165895,-1.70635,-105974
2.1,0.0150557,2,0.291062,0.0165895,-1.70335,-107088
2.1,0.0150557,2,0.291062,0.0165895,-1.70035,-106454
2.1,0.0150557,2,0.291062,0.0165895,-1.69735,-108247
2.1,0.0150557,2,0.291062,0.0165895,-1.69435,-109916
2.1,0.0150557,2,0.291062,0.0165895,-1.69135,-107746
2.1,0.0150557,2,0.291062,0.0165895,-1.68834,-113749
2.1,0.0150557,2,0.291062,0.0165895,-1.68534,-110999
2.1,0.0150557,2,0.291062,0.0165895,-1.68234,-107818
2.1,0.0150557,2,0.291062,0.0165895,-1.67934,-114731
2.1,0.0150557,2,0.291062,0.0165895,-1.67634,-106631
2.1,0.0150557,2,0.291062,0.0165895,-1.67334,-106857
2.1,0.0150557,2,0.291062,0.0165895,-1.67034,-108711
2.1,0.0150557,2,0.291062,0.0165895,-1.66733,-107873
2.1,0.0150557,2,0.291062,0.0165895,-1.66433,-111654
2.1,0.0150557,2,0.291062,0.0165895,-1.66133,-106859
2.1,0.0150557,2,0.291062,0.0165895,-1.65833,-107197
2.1,0.0150557,2,0.291062,0.0165895,-1.65533,-113141
2.1,0.0150557,2,0.291062,0.0165895,-1.65233,-110970
2.1,0.0150557,2,0.291062,0.0165895,-1.64932,-107592
2.1,0.0150557,2,0.291062,0.0165895,-1.64632,-105547
2.1,0.0150557,2,0.291062,0.0165895,-1.64332,-110306
2.1,0.0150557,2,0.291062,0.0165895,-1.64032,-113284
2.1,0.0150557,2,0.291062,0.0165895,-1.63732,-112980
2.1,0.0150557,2,0.291062,0.0165895,-1.63432,-109790
2.1,0.0150557,2,0.291062,0.0165895,-1.63132,-105840
2.1,0.0150557,2,0.291062,0.0165895,-1.62831,-109696
2.1,0.0150557,2,0.291062,0.0165895,-1.62531,-109842
2.1,0.0150557,2,0.291062,0.0165895,-1.62231,-108397
2.1,0.0150557,2,0.291062,0.0165895,-1.61931,-110497
2.1,0.0150557,2,0.291062,0.0165895,-1.61631,-109678
2.1,0.0150557,2,0.291062,0.0165895,-1.61331,-110466
2.1,0.0150557,2,0.291062,0.0165895,-1.61031,-107796
2.1,0.0150557,2,0.291062,0.0165895,-1.6073,-106823
2.1,0.0150557,2,0.291062,0.0165895,-1.6043,-108525
2.1,0.0150557,2,0.291062,0.0165895,-1.6013,-108155
2.1,0.0150557,2,0.291062,0.0165895,-1.5983,-105285
2.1,0.0150557,2,0.291062,0.0165895,-1.5953,-106799
2.1,0.0150557,2,0.291062,0.0165895,-1.5923,-111940
2.1,0.0150557,2,0.291062,0.0165895,-1.58929,-107095
2.1,0.0150557,2,0.291062,0.0165895,-1.58629,-110913
2.1,0.0150557,2,0.291062,0.0165895,-1.58329,-105443
2.1,0.0150557,2,0.291062,0.0165895,-1.58029,-110952
2.1,0.0150557,2,0.291062,0.0165895,-1.57729,-105420
2.1,0.0150557,2,0.291062,0.0165895,-1.57429,-105143
2.1,0.0150557,2,0.291062,0.0165895,-1.57129,-106625
2.1,0.0150557,2,0.291062,0.0165895,-1.56828,-111404
2.1,0.0150557,2,0.291062,0.0165895,-1.56528,-107362
2.1,0.0150557,2,0.291062,0.0165895,-1.56228,-108303
2.1,0.0150557,2,0.291062,0.0165895,-1.55928,-113383
2.1,0.0150557,2,0.291062,0.0165895,-1.55628,-105733
2.1,0.0150557,2,0.291062,0.0165895,-1.55328,-130696
2.1,0.0150557,2,0.291062,0.0165895,-1.55028,-104512
2.1,0.0150557,2,0.291062,0.0165895,-1.54727,-104856
2.1,0.0150557,2,0.291062,0.0165895,-1.54427,-110269
2.1,0.0150557,2,0.291062,0.0165895,-1.54127,-110064
2.1,0.0150557,2,0.291062,0.0165895,-1.53827,-109586
2.1,0.0150557,2,0.291062,0.0165895,-1.53527,-109655
2.1,0.0150557,2,0.291062,0.0165895,-1.53227,-106775
2.1,0.0150557,2,0.291062,0.0165895,-1.52926,-106664
2.1,0.0150557,2,0.291062,0.0165895,-1.52626,-106773
2.1,0.0150557,2,0.291062,0.0165895,-1.52326,-122214
2.1,0.0150557,2,0.291062,0.0165895,-1.52026,-104296
2.1,0.0150557,2,0.291062,0.0165895,-1.51726,-104843
2.1,0.0150557,2,0.291062,0.0165895,-1.51426,-103859
2.1,0.0150557,2,0.291062,0.0165895,-1.51126,-119635
2.1,0.0150557,2,0.291062,0.0165895,-1.50825,-120841
2.1,0.0150557,2,0.291062,0.0165895,-1.50525,-110826
2.1,0.0150557,2,0.291062,0.0165895,-1.50225,-112459
2.1,0.0150557,2,0.291062,0.0165895,-1.49925,-108441
2.1,0.0150557,2,0.291062,0.0165895,-1.49625,-113926
2.1,0.0150557,2,0.291062,0.0165895,-1.49325,-117452
2.1,0.0150557,2,0.291062,0.0165895,-1.49025,-104054
2.1,0.0150557,2,0.291062,0.0165895,-1.48724,-110282
2.1,0.0150557,2,0.291062,0.0165895,-1.48424,-103370
2.1,0.0150557,2,0.291062,0.0165895,-1.48124,-107996
2.1,0.0150557,2,0.291062,0.0165895,-1.47824,-108758
2.1,0.0150557,2,0.291062,0.0165895,-1.47524,-110627
2.1,0.0150557,2,0.291062,0.0165895,-1.47224,-104559
2.1,0.0150557,2,0.291062,0.0165895,-1.46923,-103354
2.1,0.0150557,2,0.291062,0.0165895,-1.46623,-106880
2.1,0.0150557,2,0.291062,0.0165895,-1.46323,-105734
2.1,0.0150557,2,0.291062,0.0165895,-1.46023,-104477
2.1,0.0150557,2,0.291062,0.0165895,-1.45723,-106144
2.1,0.0150557,2,0.291062,0.0165895,-1.45423,-112551
2.1,0.0150557,2,0.291062,0.0165895,-1.45123,-111088
2.1,0.0150557,2,0.291062,0.0165895,-1.44822,-103464
2.1,0.0150557,2,0.291062,0.0165895,-1.44522,-108151
2.1,0.0150557,2,0.291062,0.0165895,-1.44222,-109710
2.1,0.0150557,2,0.291062,0.0165895,-1.43922,-112096
2.1,0.0150557,2,0.291062,0.0165895,-1.43622,-102720
2.1,0.0150557,2,0.291062,0.0165895,-1.43322,-105986
2.1,0.0150557,2,0.291062,0.0165895,-1.43022,-108784
2.1,0.0150557,2,0.291062,0.0165895,-1.42721,-112732
2.1,0.0150557,2,0.291062,0.0165895,-1.42421,-107701
2.1,0.0150557,2,0.291062,0.0165895,-1.42121,-113534
2.1,0.0150557,2,0.291062,0.0165895,-1.41821,-104145
2.1,0.0150557,2,0.291062,0.0165895,-1.41521,-104628
2.1,0.0150557,2,0.291062,0.0165895,-1.41221,-112255
2.1,0.0150557,2,0.291062,0.0165895,-1.4092,-109177
2.1,0.0150557,2,0.291062,0.0165895,-1.4062,-107128
2.1,0.0150557,2,0.291062,0.0165895,-1.4032,-105197
2.1,0.0150557,2,0.291062,0.0165895,-1.4002,-102984
2.1,0.0150557,2,0.291062,0.0165895,-1.3972,-108286
2.1,0.0150557,2,0.291062,0.0165895,-1.3942,-104469
2.1,0.0150557,2,0.291062,0.0165895,-1.3912,-106580
2.1,0.0150557,2,0.291062,0.0165895,-1.38819,-107523
2.1,0.0150557,2,0.291062,0.0165895,-1.38519,-104017
2.1,0.0150557,2,0.291062,0.0165895,-1.38219,-99788.6
2.1,0.0150557,2,0.291062,0.0165895,-1.37919,-109313
2.1,0.0150557,2,0.291062,0.0165895,-1.37619,-113147
2.1,0.0150557,2,0.291062,0.0165895,-1.37319,-102411
2.1,0.0150557,2,0.291062,0.0165895,-1.37019,-99407.8
2.1,0.0150557,2,0.291062,0.0165895,-1.36718,-105922
2.1,0.0150557,2,0.291062,0.0165895,-1.36418,-99611.3
2.1,0.0150557,2,0.291062,0.0165895,-1.36118,-108664
2.1,0.0150557,2,0.291062,0.0165895,-1.35818,-98029.7
2.1,0.0150557,2,0.291062,0.0165895,-1.35518,-114915
2.1,0.0150557,2,0.291062,0.0165895,-1.35218,-118173
2.1,0.0150557,2,0.291062,0.0165895,-1.34917,-104649
2.1,0.0150557,2,0.291062,0.0165895,-1.34617,-111755
2.1,0.0150557,2,0.291062,0.0165895,-1.34317,-101040
2.1,0.0150557,2,0.291062,0.0165895,-1.34017,-96982.1
2.1,0.0150557,2,0.291062,0.0165895,-1.33717,-117708
2.1,0.0150557,2,0.291062,0.0165895,-1.33417,-114077
2.1,0.0150557,2,0.291062,0.0165895,-1.33117,-111430
2.1,0.0150557,2,0.291062,0.0165895,-1.32816,-99685.5
2.1,0.0150557,2,0.291062,0.0165895,-1.32516,-94491.6
2.1,0.0150557,2,0.291062,0.0165895,-1.32216,-104750
2.1,0.0150557,2,0.291062,0.0165895,-1.31916,-99396.3
2.1,0.0150557,2,0.291062,0.0165895,-1.31616,-97950.2
2.1,0.0150557,2,0.291062,0.0165895,-1.31316,-98046.7
2.1,0.0150557,2,0.291062,0.0165895,-1.31016,-94496.4
2.1,0.0150557,2,0.291062,0.0165895,-1.30715,-104746
2.1,0.0150557,2,0.291062,0.0165895,-1.30415,-95146.3
2.1,0.0150557,2,0.291062,0.0165895,-1.30115,-116370
2.1,0.0150557,2,0.291062,0.0165895,-1.29815,-95357.5
2.1,0.0150557,2,0.291062,0.0165895,-1.29515,-91968.5
2.1,0.0150557,2,0.291062,0.0165895,-1.29215,-89277.4
2.1,0.0150557,2,0.291062,0.0165895,-1.28914,-102645
2.1,0.0150557,2,0.291062,0.0165895,-1.28614,-99557.8
2.1,0.0150557,2,0.291062,0.0165895,-1.28314,-89858.7
2.1,0.0150557,2,0.291062,0.0165895,-1.28014,-83043.8
2.1,0.0150557,2,0.291062,0.0165895,-1.27714,-97740.1
2.1,0.0150557,2,0.291062,0.0165895,-1.27414,-76336
2.1,0.0150557,2,0.291062,0.0165895,-1.27114,81453.4
2.1,0.0150557,2,0.291062,0.0165895,-1.26813,82866.4
2.1,0.0150557,2,0.291062,0.0165895,-1.26513,95198.6
2.1,0.0150557,2,0.291062,0.0165895,-1.26213,100916
2.1,0.0150557,2,0.291062,0.0165895,-1.25913,96734.1
2.1,0.0150557,2,0.291062,0.0165895,-1.25613,94860.3
2.1,0.0150557,2,0.291062,0.0165895,-1.25313,92242.8
2.1,0.0150557,2,0.291062,0.0165895,-1.25013,96439.8
2.1,0.0150557,2,0.291062,0.0165895,-1.24712,100607
2.1,0.0150557,2,0.291062,0.0165895,-1.24412,109252
2.1,0.0150557,2,0.291062,0.0165895,-1.24112,94258.6
2.1,0.0150557,2,0.291062,0.0165895,-1.23812,92384.3
2.1,0.0150557,2,0.291062,0.0165895,-1.23512,97113.7
2.1,0.0150557,2,0.291062,0.0165895,-1.23212,101918
2.1,0.0150557,2,0.291062,0.0165895,-1.22911,93885.6
2.1,0.0150557,2,0.291062,0.0165895,-1.22611,100430
2.1,0.0150557,2,0.291062,0.0165895,-1.22311,97834.6
2.1,0.0150557,2,0.291062,0.0165895,-1.22011,102066
2.1,0.0150557,2,0.291062,0.0165895,-1.21711,100691
2.1,0.0150557,2,0.291062,0.0165895,-1.21411,110012
2.1,0.0150557,2,0.291062,0.0165895,-1.21111,101823
2.1,0.0150557,2,0.291062,0.0165895,-1.2081,101731
2.1,0.0150557,2,0.291062,0.0165895,-1.2051,105343
2.1,0.0150557,2,0.291062,0.0165895,-1.2021,100256
2.1,0.0150557,2,0.291062,0.0165895,-1.1991,109532
2.1,0.0150557,2,0.291062,0.0165895,-1.1961,98166.2
2.1,0.0150557,2,0.291062,0.0165895,-1.1931,102105
2.1,0.0150557,2,0.291062,0.0165895,-1.1901,106066
2.1,0.0150557,2,0.291062,0.0165895,-1.18709,107626
2.1,0.0150557,2,0.291062,0.0165895,-1.18409,102429
2.1,0.0150557,2,0.291062,0.0165895,-1.18109,107548
2.1,0.0150557,2,0.291062,0.0165895,-1.17809,109761
2.1,0.0150557,2,0.291062,0.0165895,-1.17509,107543
2.1,0.0150557,2,0.291062,0.0165895,-1.17209,113559
2.1,0.0150557,2,0.291062,0.0165895,-1.16908,103410
2.1,0.0150557,2,0.291062,0.0165895,-1.16608,101092
2.1,0.0150557,2,0.291062,0.0165895,-1.16308,104989
2.1,0.0150557,2,0.291062,0.0165895,-1.16008,119232
2.1,0.0150557,2,0.291062,0.0165895,-1.15708,109867
2.1,0.0150557,2,0.291062,0.0165895,-1.15408,105444
2.1,0.0150557,2,0.291062,0.0165895,-1.15108,104485
2.1,0.0150557,2,0.291062,0.0165895,-1.14807,100609
2.1,0.0150557,2,0.291062,0.0165895,-1.14507,101635
2.1,0.0150557,2,0.291062,0.0165895,-1.14207,115726
2.1,0.0150557,2,0.291062,0.0165895,-1.13907,105879
2.1,0.0150557,2,0.291062,0.0165895,-1.13607,123347
2.1,0.0150557,2,0.291062,0.0165895,-1.13307,108796
2.1,0.0150557,2,0.291062,0.0165895,-1.13007,115677
2.1,0.0150557,2,0.291062,0.0165895,-1.12706,102342
2.1,0.0150557,2,0.291062,0.0165895,-1.12406,104734
2.1,0.0150557,2,0.291062,0.0165895,-1.12106,106903
2.1,0.0150557,2,0.291062,0.0165895,-1.11806,108549
2.1,0.0150557,2,0.291062,0.0165895,-1.11506,106807
2.1,0.0150557,2,0.291062,0.0165895,-1.11206,102588
2.1,0.0150557,2,0.291062,0.0165895,-1.10905,115988
2.1,0.0150557,2,0.291062,0.0165895,-1.10605,114566
2.1,0.0150557,2,0.291062,0.0165895,-1.10305,109870
2.1,0.0150557,2,0.291062,0.0165895,-1.10005,110495
2.1,0.0150557,2,0.291062,0.0165895,-1.09705,109439
2.1,0.0150557,2,0.291062,0.0165895,-1.09405,104173
2.1,0.0150557,2,0.291062,0.0165895,-1.09105,108494
2.1,0.0150557,2,0.291062,0.0165895,-1.08804,107674
2.1,0.0150557,2,0.291062,0.0165895,-1.08504,109065
2.1,0.0150557,2,0.291062,0.0165895,-1.08204,110345
2.1,0.0150557,2,0.291062,0.0165895,-1.07904,104543
2.1,0.0150557,2,0.291062,0.0165895,-1.07604,103315
2.1,0.0150557,2,0.291062,0.0165895,-1.07304,110975
2.1,0.0150557,2,0.291062,0.0165895,-1.07004,109104
2.1,0.0150557,2,0.291062,0.0165895,-1.06703,104428
2.1,0.0150557,2,0.291062,0.0165895,-1.06403,105564
2.1,0.0150557,2,0.291062,0.0165895,-1.06103,108758
2.1,0.0150557,2,0.291062,0.0165895,-1.05803,108216
2.1,0.0150557,2,0.291062,0.0165895,-1.05503,109495
2.1,0.0150557,2,0.291062,0.0165895,-1.05203,106833
2.1,0.0150557,2,0.291062,0.0165895,-1.04902,107124
2.1,0.0150557,2,0.291062,0.0165895,-1.04602,109053
2.1,0.0150557,2,0.291062,0.0165895,-1.04302,105849
2.1,0.0150557,2,0.291062,0.0165895,-1.04002,113254
2.1,0.0150557,2,0.291062,0.0165895,-1.03702,117259
2.1,0.0150557,2,0.291062,0.0165895,-1.03402,107697
2.1,0.0150557,2,0.291062,0.0165895,-1.03102,105611
2.1,0.0150557,2,0.291062,0.0165895,-1.02801,106542
2.1,0.0150557,2,0.291062,0.0165895,-1.02501,106050
2.1,0.0150557,2,0.291062,0.0165895,-1.02201,106401
2.1,0.0150557,2,0.291062,0.0165895,-1.01901,107206
2.1,0.0150557,2,0.291062,0.0165895,-1.01601,107874
2.1,0.0150557,2,0.291062,0.0165895,-1.01301,108482
2.1,0.0150557,2,0.291062,0.0165895,-1.01001,107932
2.1,0.0150557,2,0.291062,0.0165895,-1.007,114457
2.1,0.0150557,2,0.291062,0.0165895,-1.004,104883
2.1,0.0150557,2,0.291062,0.0165895,-1.001,111611
2.1,0.0150557,2,0.291062,0.0165895,-0.997999,110712
2.1,0.0150557,2,0.291062,0.0165895,-0.994997,113759
2.1,0.0150557,2,0.291062,0.0165895,-0.991996,117408
2.1,0.0150557,2,0.291062,0.0165895,-0.988994,107958
2.1,0.0150557,2,0.291062,0.0165895,-0.985993,115912
2.1,0.0150557,2,0.291062,0.0165895,-0.982991,111416
2.1,0.0150557,2,0.291062,0.0165895,-0.97999,105806
2.1,0.0150557,2,0.291062,0.0165895,-0.976988,110999
2.1,0.0150557,2,0.291062,0.0165895,-0.973987,111102
2.1,0.0150557,2,0.291062,0.0165895,-0.970985,107293
2.1,0.0150557,2,0.291062,0.0165895,-0.967984,109855
2.1,0.0150557,2,0.291062,0.0165895,-0.964982,123606
2.1,0.0150557,2,0.291062,0.0165895,-0.961981,110223
2.1,0.0150557,2,0.291062,0.0165895,-0.958979,110864
2.1,0.0150557,2,0.291062,0.0165895,-0.955978,109292
2.1,0.0150557,2,0.291062,0.0165895,-0.952976,107652
2.1,0.0150557,2,0.291062,0.0165895,-0.949975,108145
2.1,0.0150557,2,0.291062,0.0165895,-0.946973,108866
2.1,0.0150557,2,0.291062,0.0165895,-0.943972,109138
2.1,0.0150557,2,0.291062,0.0165895,-0.94097,110978
2.1,0.0150557,2,0.291062,0.0165895,-0.937969,112911
2.1,0.0150557,2,0.291062,0.0165895,-0.934967,111658
2.1,0.0150557,2,0.291062,0.0165895,-0.931966,108615
2.1,0.0150557,2,0.291062,0.0165895,-0.928964,116243
2.1,0.0150557,2,0.291062,0.0165895,-0.925963,107807
2.1,0.0150557,2,0.291062,0.0165895,-0.922961,111677
2.1,0.0150557,2,0.291062,0.0165895,-0.91996,106850
2.1,0.0150557,2,0.291062,0.0165895,-0.916958,106454
2.1,0.0150557,2,0.291062,0.0165895,-0.913957,110423
2.1,0.0150557,2,0.291062,0.0165895,-0.910955,108735
2.1,0.0150557,2,0.291062,0.0165895,-0.907954,110607
2.1,0.0150557,2,0.291062,0.0165895,-0.904952,115178
2.1,0.0150557,2,0.291062,0.0165895,-0.901951,110404
2.1,0.0150557,2,0.291062,0.0165895,-0.898949,109329
2.1,0.0150557,2,0.291062,0.0165895,-0.895948,107114
2.1,0.0150557,2,0.291062,0.0165895,-0.892946,109492
2.1,0.0150557,2,0.291062,0.0165895,-0.889945,108241
2.1,0.0150557,2,0.291062,0.0165895,-0.886943,108047
2.1,0.0150557,2,0.291062,0.0165895,-0.883942,114147
2.1,0.0150557,2,0.291062,0.0165895,-0.88094,110184
2.1,0.0150557,2,0.291062,0.0165895,-0.877939,112465
2.1,0.0150557,2,0.291062,0.0165895,-0.874937,110584
2.1,0.0150557,2,0.291062,0.0165895,-0.871936,117352
2.1,0.0150557,2,0.291062,0.0165895,-0.868934,108618
2.1,0.0150557,2,0.291062,0.0165895,-0.865933,106696
2.1,0.0150557,2,0.291062,0.0165895,-0.862931,109382
2.1,0.0150557,2,0.291062,0.0165895,-0.85993,109391
2.1,0.0150557,2,0.291062,0.0165895,-0.856928,114640
2.1,0.0150557,2,0.291062,0.0165895,-0.853927,110763
2.1,0.0150557,2,0.291062,0.0165895,-0.850925,107747
2.1,0.0150557,2,0.291062,0.0165895,-0.847924,115714
2.1,0.0150557,2,0.291062,0.0165895,-0.844922,110610
2.1,0.0150557,2,0.291062,0.0165895,-0.841921,106916
2.1,0.0150557,2,0.291062,0.0165895,-0.838919,106911
2.1,0.0150557,2,0.291062,0.0165895,-0.835918,108465
2.1,0.0150557,2,0.291062,0.0165895,-0.832916,108660
2.1,0.0150557,2,0.291062,0.0165895,-0.829915,108692
2.1,0.0150557,2,0.291062,0.0165895,-0.826913,109438
2.1,0.0150557,2,0.291062,0.0165895,-0.823912,116542
2.1,0.0150557,2,0.291062,0.0165895,-0.82091,110963
2.1,0.0150557,2,0.291062,0.0165895,-0.817909,111335
2.1,0.0150557,2,0.291062,0.0165895,-0.814907,118497
2.1,0.0150557,2,0.291062,0.0165895,-0.811906,108236
2.1,0.0150557,2,0.291062,0.0165895,-0.808904,110943
2.1,0.0150557,2,0.291062,0.0165895,-0.805903,112914
2.1,0.0150557,2,0.291062,0.0165895,-0.802901,113110
2.1,0.0150557,2,0.291062,0.0165895,-0.7999,106913
2.1,0.0150557,2,0.291062,0.0165895,-0.796898,116093
2.1,0.0150557,2,0.291062,0.0165895,-0.793897,109310
2.1,0.0150557,2,0.291062,0.0165895,-0.790895,112332
2.1,0.0150557,2,0.291062,0.0165895,-0.787894,107848
2.1,0.0150557,2,0.291062,0.0165895,-0.784892,115465
2.1,0.0150557,2,0.291062,0.0165895,-0.781891,112355
2.1,0.0150557,2,0.291062,0.0165895,-0.778889,127307
2.1,0.0150557,2,0.291062,0.0165895,-0.775888,109989
2.1,0.0150557,2,0.291062,0.0165895,-0.772886,108656
2.1,0.0150557,2,0.291062,0.0165895,-0.769885,116650
2.1,0.0150557,2,0.291062,0.0165895,-0.766883,112408
2.1,0.0150557,2,0.291062,0.0165895,-0.763882,111962
2.1,0.0150557,2,0.291062,0.0165895,-0.76088,106851
2.1,0.0150557,2,0.291062,0.0165895,-0.757879,115413
2.1,0.0150557,2,0.291062,0.0165895,-0.754877,116788
2.1,0.0150557,2,0.291062,0.0165895,-0.751876,109532
2.1,0.0150557,2,0.291062,0.0165895,-0.748874,109921
2.1,0.0150557,2,0.291062,0.0165895,-0.745873,112352
2.1,0.0150557,2,0.291062,0.0165895,-0.742871,112031
2.1,0.0150557,2,0.291062,0.0165895,-0.73987,109479
2.1,0.0150557,2,0.291062,0.0165895,-0.736868,111706
2.1,0.0150557,2,0.291062,0.0165895,-0.733867,110466
2.1,0.0150557,2,0.291062,0.0165895,-0.730865,116471
2.1,0.0150557,2,0.291062,0.0165895,-0.727864,111199
2.1,0.0150557,2,0.291062,0.0165895,-0.724862,109293
2.1,0.0150557,2,0.291062,0.0165895,-0.721861,110628
2.1,0.0150557,2,0.291062,0.0165895,-0.718859,112302
2.1,0.0150557,2,0.291062,0.0165895,-0.715858,114116
2.1,0.0150557,2,0.291062,0.0165895,-0.712856,107379
2.1,0.0150557,2,0.291062,0.0165895,-0.709855,109178
2.1,0.0150557,2,0.291062,0.0165895,-0.706853,107036
2.1,0.0150557,2,0.291062,0.0165895,-0.703852,112442
2.1,0.0150557,2,0.291062,0.0165895,-0.70085,106685
2.1,0.0150557,2,0.291062,0.0165895,-0.697849,109457
2.1,0.0150557,2,0.291062,0.0165895,-0.694847,113941
2.1,0.0150557,2,0.291062,0.0165895,-0.691846,109867
2.1,0.0150557,2,0.291062,0.0165895,-0.688844,108188
2.1,0.0150557,2,0.291062,0.0165895,-0.685843,112256
2.1,0.0150557,2,0.291062,0.0165895,-0.682841,118450
2.1,0.0150557,2,0.291062,0.0165895,-0.67984,107847
2.1,0.0150557,2,0.291062,0.0165895,-0.676838,107378
2.1,0.0150557,2,0.291062,0.0165895,-0.673837,108420
2.1,0.0150557,2,0.291062,0.0165895,-0.670835,113581
2.1,0.0150557,2,0.291062,0.0165895,-0.667834,107662
2.1,0.0150557,2,0.291062,0.0165895,-0.664832,109095
2.1,0.0150557,2,0.291062,0.0165895,-0.661831,111922
2.1,0.0150557,2,0.291062,0.0165895,-0.658829,108700
2.1,0.0150557,2,0.291062,0.0165895,-0.655828,108361
2.1,0.0150557,2,0.291062,0.0165895,-0.652826,108803
2.1,0.0150557,2,0.291062,0.0165895,-0.649825,107166
2.1,0.0150557,2,0.291062,0.0165895,-0.646823,109305
2.1,0.0150557,2,0.291062,0.0165895,-0.643822,119537
2.1,0.0150557,2,0.291062,0.0165895,-0.64082,116566
2.1,0.0150557,2,0.291062,0.0165895,-0.637819,111616
2.1,0.0150557,2,0.291062,0.0165895,-0.634817,111567
2.1,0.0150557,2,0.291062,0.0165895,-0.631816,113715
2.1,0.0150557,2,0.291062,0.0165895,-0.628814,105956
2.1,0.0150557,2,0.291062,0.0165895,-0.625813,109158
2.1,0.0150557,2,0.291062,0.0165895,-0.622811,111361
2.1,0.0150557,2,0.291062,0.0165895,-0.61981,112821
2.1,0.0150557,2,0.291062,0.0165895,-0.616808,105462
2.1,0.0150557,2,0.291062,0.0165895,-0.613807,107922
2.1,0.0150557,2,0.291062,0.0165895,-0.610805,107526
2.1,0.0150557,2,0.291062,0.0165895,-0.607804,109898
2.1,0.0150557,2,0.291062,0.0165895,-0.604802,105499
2.1,0.0150557,2,0.291062,0.0165895,-0.601801,105050
2.1,0.0150557,2,0.291062,0.0165895,-0.598799,110360
2.1,0.0150557,2,0.291062,0.0165895,-0.595798,107712
2.1,0.0150557,2,0.291062,0.0165895,-0.592796,110496
2.1,0.0150557,2,0.291062,0.0165895,-0.589795,111383
2.1,0.0150557,2,0.291062,0.0165895,-0.586793,110394
2.1,0.0150557,2,0.291062,0.0165895,-0.583792,108790
2.1,0.0150557,2,0.291062,0.0165895,-0.58079,106762
2.1,0.0150557,2,0.291062,0.0165895,-0.577789,108324
2.1,0.0150557,2,0.291062,0.0165895,-0.574787,106760
2.1,0.0150557,2,0.291062,0.0165895,-0.571786,115670
2.1,0.0150557,2,0.291062,0.0165895,-0.568784,106790
2.1,0.0150557,2,0.291062,0.0165895,-0.565783,107548
2.1,0.0150557,2,0.291062,0.0165895,-0.562781,106779
2.1,0.0150557,2,0.291062,0.0165895,-0.55978,106574
2.1,0.0150557,2,0.291062,0.0165895,-0.556778,104561
2.1,0.0150557,2,0.291062,0.0165895,-0.553777,108153
2.1,0.0150557,2,0.291062,0.0165895,-0.550775,106824
2.1,0.0150557,2,0.291062,0.0165895,-0.547774,107859
2.1,0.0150557,2,0.291062,0.0165895,-0.544772,107178
2.1,0.0150557,2,0.291062,0.0165895,-0.541771,106244
2.1,0.0150557,2,0.291062,0.0165895,-0.538769,106084
2.1,0.0150557,2,0.291062,0.0165895,-0.535768,104815
2.1,0.0150557,2,0.291062,0.0165895,-0.532766,103447
2.1,0.0150557,2,0.291062,0.0165895,-0.529765,108322
2.1,0.0150557,2,0.291062,0.0165895,-0.526763,103331
2.1,0.0150557,2,0.291062,0.0165895,-0.523762,119206
2.1,0.0150557,2,0.291062,0.0165895,-0.52076,119960
2.1,0.0150557,2,0.291062,0.0165895,-0.517759,104410
2.1,0.0150557,2,0.291062,0.0165895,-0.514757,103278
2.1,0.0150557,2,0.291062,0.0165895,-0.511756,110683
2.1,0.0150557,2,0.291062,0.0165895,-0.508754,105190
2.1,0.0150557,2,0.291062,0.0165895,-0.505753,105985
2.1,0.0150557,2,0.291062,0.0165895,-0.502751,105508
2.1,0.0150557,2,0.291062,0.0165895,-0.49975,103230
2.1,0.0150557,2,0.291062,0.0165895,-0.496748,108541
2.1,0.0150557,2,0.291062,0.0165895,-0.493747,104536
2.1,0.0150557,2,0.291062,0.0165895,-0.490745,105325
2.1,0.0150557,2,0.291062,0.0165895,-0.487744,107256
2.1,0.0150557,2,0.291062,0.0165895,-0.484742,112466
2.1,0.0150557,2,0.291062,0.0165895,-0.481741,104625
2.1,0.0150557,2,0.291062,0.0165895,-0.478739,102812
2.1,0.0150557,2,0.291062,0.0165895,-0.475738,105011
2.1,0.0150557,2,0.291062,0.0165895,-0.472736,107133
2.1,0.0150557,2,0.291062,0.0165895,-0.469735,109672
2.1,0.0150557,2,0.291062,0.0165895,-0.466733,102084
2.1,0.0150557,2,0.291062,0.0165895,-0.463732,110082
2.1,0.0150557,2,0.291062,0.0165895,-0.46073,101389
2.1,0.0150557,2,0.291062,0.0165895,-0.457729,108878
2.1,0.0150557,2,0.291062,0.0165895,-0.454727,105565
2.1,0.0150557,2,0.291062,0.0165895,-0.451726,105188
2.1,0.0150557,2,0.291062,0.0165895,-0.448724,109741
2.1,0.0150557,2,0.291062,0.0165895,-0.445723,106088
2.1,0.0150557,2,0.291062,0.0165895,-0.442721,101966
2.1,0.0150557,2,0.291062,0.0165895,-0.43972,109953
2.1,0.0150557,2,0.291062,0.0165895,-0.436718,107417
2.1,0.0150557,2,0.291062,0.0165895,-0.433717,115792
2.1,0.0150557,2,0.291062,0.0165895,-0.430715,104128
2.1,0.0150557,2,0.291062,0.0165895,-0.427714,99601.3
2.1,0.0150557,2,0.291062,0.0165895,-0.424712,103262
2.1,0.0150557,2,0.291062,0.0165895,-0.421711,103213
2.1,0.0150557,2,0.291062,0.0165895,-0.418709,110126
2.1,0.0150557,2,0.291062,0.0165895,-0.415708,104832
2.1,0.0150557,2,0.291062,0.0165895,-0.412706,104969
2.1,0.0150557,2,0.291062,0.0165895,-0.409705,101567
2.1,0.0150557,2,0.291062,0.0165895,-0.406703,100146
2.1,0.0150557,2,0.291062,0.0165895,-0.403702,96094.5
2.1,0.0150557,2,0.291062,0.0165895,-0.4007,106606
2.1,0.0150557,2,0.291062,0.0165895,-0.397699,102549
2.1,0.0150557,2,0.291062,0.0165895,-0.394697,104106
2.1,0.0150557,2,0.291062,0.0165895,-0.391696,93617.6
2.1,0.0150557,2,0.291062,0.0165895,-0.388694,95189.9
2.1,0.0150557,2,0.291062,0.0165895,-0.385693,98999.3
2.1,0.0150557,2,0.291062,0.0165895,-0.382691,96819.8
2.1,0.0150557,2,0.291062,0.0165895,-0.37969,90621.5
2.1,0.0150557,2,0.291062,0.0165895,-0.376688,89202.7
2.1,0.0150557,2,0.291062,0.0165895,-0.373687,91745
2.1,0.0150557,2,0.291062,0.0165895,-0.370685,86026.5
2.1,0.0150557,2,0.291062,0.0165895,-0.367684,91344.6
2.1,0.0150557,2,0.291062,0.0165895,-0.364682,-79426.9
2.1,0.0150557,2,0.291062,0.0165895,-0.361681,-94053.8
2.1,0.0150557,2,0.291062,0.0165895,-0.358679,-97863
2.1,0.0150557,2,0.291062,0.0165895,-0.355678,-102045
2.1,0.0150557,2,0.291062,0.0165895,-0.352676,-95678
2.1,0.0150557,2,0.291062,0.0165895,-0.349675,-100763
2.1,0.0150557,2,0.291062,0.0165895,-0.346673,-98839.9
2.1,0.0150557,2,0.291062,0.0165895,-0.343672,-94643.4
2.1,0.0150557,2,0.291062,0.0165895,-0.34067,-96808.9
2.1,0.0150557,2,0.291062,0.0165895,-0.337669,-96745
2.1,0.0150557,2,0.291062,0.0165895,-0.334667,-96484.6
2.1,0.0150557,2,0.291062,0.0165895,-0.331666,-109641
2.1,0.0150557,2,0.291062,0.0165895,-0.328664,-103212
2.1,0.0150557,2,0.291062,0.0165895,-0.325663,-101655
2.1,0.0150557,2,0.291062,0.0165895,-0.322661,-98468
2.1,0.0150557,2,0.291062,0.0165895,-0.31966,-110429
2.1,0.0150557,2,0.291062,0.0165895,-0.316658,-98387.6
2.1,0.0150557,2,0.291062,0.0165895,-0.313657,-98617.2
2.1,0.0150557,2,0.291062,0.0165895,-0.310655,-107783
2.1,0.0150557,2,0.291062,0.0165895,-0.307654,-98427.6
2.1,0.0150557,2,0.291062,0.0165895,-0.304652,-104258
2.1,0.0150557,2,0.291062,0.0165895,-0.301651,-106046
2.1,0.0150557,2,0.291062,0.0165895,-0.298649,-102412
2.1,0.0150557,2,0.291062,0.0165895,-0.295648,-104788
2.1,0.0150557,2,0.291062,0.0165895,-0.292646,-103432
2.1,0.0150557,2,0.291062,0.0165895,-0.289645,-102926
2.1,0.0150557,2,0.291062,0.0165895,-0.286643,-104026
2.1,0.0150557,2,0.291062,0.0165895,-0.283642,-103099
2.1,0.0150557,2,0.291062,0.0165895,-0.28064,-100566
2.1,0.0150557,2,0.291062,0.0165895,-0.277639,-107708
2.1,0.0150557,2,0.291062,0.0165895,-0.274637,-101272
2.1,0.0150557,2,0.291062,0.0165895,-0.271636,-102117
2.1,0.0150557,2,0.291062,0.0165895,-0.268634,-107697
2.1,0.0150557,2,0.291062,0.0165895,-0.265633,-103500
2.1,0.0150557,2,0.291062,0.0165895,-0.262631,-106787
2.1,0.0150557,2,0.291062,0.0165895,-0.25963,-106091
2.1,0.0150557,2,0.291062,0.0165895,-0.256628,-108519
2.1,0.0150557,2,0.291062,0.0165895,-0.253627,-103361
2.1,0.0150557,2,0.291062,0.0165895,-0.250625,-102480
2.1,0.0150557,2,0.291062,0.0165895,-0.247624,-108170
2.1,0.0150557,2,0.291062,0.0165895,-0.244622,-107903
2.1,0.0150557,2,0.291062,0.0165895,-0.241621,-104418
2.1,0.0150557,2,0.291062,0.0165895,-0.238619,-102943
2.1,0.0150557,2,0.291062,0.0165895,-0.235618,-109076
2.1,0.0150557,2,0.291062,0.0165895,-0.232616,-106696
2.1,0.0150557,2,0.291062,0.0165895,-0.229615,-110445
2.1,0.0150557,2,0.291062,0.0165895,-0.226613,-106536
2.1,0.0150557,2,0.291062,0.0165895,-0.223612,-104463
2.1,0.0150557,2,0.291062,0.0165895,-0.22061,-111002
2.1,0.0150557,2,0.291062,0.0165895,-0.217609,-105716
2.1,0.0150557,2,0.291062,0.0165895,-0.214607,-107218
2.1,0.0150557,2,0.291062,0.0165895,-0.211606,-105846
2.1,0.0150557,2,0.291062,0.0165895,-0.208604,-104357
2.1,0.0150557,2,0.291062,0.0165895,-0.205603,-108532
2.1,0.0150557,2,0.291062,0.0165895,-0.202601,-109317
2.1,0.0150557,2,0.291062,0.0165895,-0.1996,-111184
2.1,0.0150557,2,0.291062,0.0165895,-0.196598,-107916
2.1,0.0150557,2,0.291062,0.0165895,-0.193597,-107729
2.1,0.0150557,2,0.291062,0.0165895,-0.190595,-109776
2.1,0.0150557,2,0.291062,0.0165895,-0.187594,-110085
2.1,0.0150557,2,0.291062,0.0165895,-0.184592,-108048
2.1,0.0150557,2,0.291062,0.0165895,-0.181591,-106107
2.1,0.0150557,2,0.291062,0.0165895,-0.178589,-112102
2.1,0.0150557,2,0.291062,0.0165895,-0.175588,-109256
2.1,0.0150557,2,0.291062,0.0165895,-0.172586,-105003
2.1,0.0150557,2,0.291062,0.0165895,-0.169585,-105608
2.1,0.0150557,2,0.291062,0.0165895,-0.166583,-109074
2.1,0.0150557,2,0.291062,0.0165895,-0.163582,-116740
2.1,0.0150557,2,0.291062,0.0165895,-0.16058,-105847
2.1,0.0150557,2,0.291062,0.0165895,-0.157579,-106909
2.1,0.0150557,2,0.291062,0.0165895,-0.154577,-108499
2.1,0.0150557,2,0.291062,0.0165895,-0.151576,-110100
2.1,0.0150557,2,0.291062,0.0165895,-0.148574,-105711
2.1,0.0150557,2,0.291062,0.0165895,-0.145573,-113102
2.1,0.0150557,2,0.291062,0.0165895,-0.142571,-114630
2.1,0.0150557,2,0.291062,0.0165895,-0.13957,-112463
2.1,0.0150557,2,0.291062,0.0165895,-0.136568,-108299
2.1,0.0150557,2,0.291062,0.0165895,-0.133567,-109099
2.1,0.0150557,2,0.291062,0.0165895,-0.130565,-110207
2.1,0.0150557,2,0.291062,0.0165895,-0.127564,-121032
2.1,0.0150557,2,0.291062,0.0165895,-0.124562,-112670
2.1,0.0150557,2,0.291062,0.0165895,-0.121561,-107662
2.1,0.0150557,2,0.291062,0.0165895,-0.118559,-112366
2.1,0.0150557,2,0.291062,0.0165895,-0.115558,-106988
2.1,0.0150557,2,0.291062,0.0165895,-0.112556,-114730
2.1,0.0150557,2,0.291062,0.0165895,-0.109555,-117699
2.1,0.0150557,2,0.291062,0.0165895,-0.106553,-114584
2.1,0.0150557,2,0.291062,0.0165895,-0.103552,-110602
2.1,0.0150557,2,0.291062,0.0165895,-0.10055,-107454
2.1,0.0150557,2,0.291062,0.0165895,-0.0975488,-111076
2.1,0.0150557,2,0.291062,0.0165895,-0.0945473,-113592
2.1,0.0150557,2,0.291062,0.0165895,-0.0915458,-107446
2.1,0.0150557,2,0.291062,0.0165895,-0.0885443,-107325
2.1,0.0150557,2,0.291062,0.0165895,-0.0855428,-114551
2.1,0.0150557,2,0.291062,0.0165895,-0.0825413,-111384
2.1,0.0150557,2,0.291062,0.0165895,-0.0795398,-107559
2.1,0.0150557,2,0.291062,0.0165895,-0.0765383,-117344
2.1,0.0150557,2,0.291062,0.0165895,-0.0735368,-107667
2.1,0.0150557,2,0.291062,0.0165895,-0.0705353,-110927
2.1,0.0150557,2,0.291062,0.0165895,-0.0675338,-112806
2.1,0.0150557,2,0.291062,0.0165895,-0.0645323,-112588
2.1,0.0150557,2,0.291062,0.0165895,-0.0615308,-112593
2.1,0.0150557,2,0.291062,0.0165895,-0.0585293,-117918
2.1,0.0150557,2,0.291062,0.0165895,-0.0555278,-120572
2.1,0.0150557,2,0.291062,0.0165895,-0.0525263,-110107
2.1,0.0150557,2,0.291062,0.0165895,-0.0495248,-114709
2.1,0.0150557,2,0.291062,0.0165895,-0.0465233,-115296
2.1,0.0150557,2,0.291062,0.0165895,-0.0435218,-117503
2.1,0.0150557,2,0.291062,0.0165895,-0.0405203,-111191
2.1,0.0150557,2,0.291062,0.0165895,-0.0375188,-110986
2.1,0.0150557,2,0.291062,0.0165895,-0.0345173,-120423
2.1,0.0150557,2,0.291062,0.0165895,-0.0315158,-111950
2.1,0.0150557,2,0.291062,0.0165895,-0.0285143,-113409
2.1,0.0150557,2,0.291062,0.0165895,-0.0255128,-107939
2.1,0.0150557,2,0.291062,0.0165895,-0.0225113,-109238
2.1,0.0150557,2,0.291062,0.0165895,-0.0195098,-110122
2.1,0.0150557,2,0.291062,0.0165895,-0.0165083,-123322
2.1,0.0150557,2,0.291062,0.0165895,-0.0135068,-107901
2.1,0.0150557,2,0.291062,0.0165895,-0.0105053,-116821
2.1,0.0150557,2,0.291062,0.0165895,-0.00750375,-114068
2.1,0.0150557,2,0.291062,0.0165895,-0.00450225,-112115
2.1,0.0150557,2,0.291062,0.0165895,-0.00150075,-111225
2.1,0.0150557,2,0.291062,0.0165895,0.00150075,-112188
2.1,0.0150557,2,0.291062,0.0165895,0.00450225,-116770
2.1,0.0150557,2,0.291062,0.0165895,0.00750375,-115435
2.1,0.0150557,2,0.291062,0.0165895,0.0105053,-111859
2.1,0.0150557,2,0.291062,0.0165895,0.0135068,-119835
2.1,0.0150557,2,0.291062,0.0165895,0.0165083,-110791
2.1,0.0150557,2,0.291062,0.0165895,0.0195098,-108345
2.1,0.0150557,2,0.291062,0.0165895,0.0225113,-112187
2.1,0.0150557,2,0.291062,0.0165895,0.0255128,-115041
2.1,0.0150557,2,0.291062,0.0165895,0.0285143,-109300
2.1,0.0150557,2,0.291062,0.0165895,0.0315158,-113111
2.1,0.0150557,2,0.291062,0.0165895,0.0345173,-117476
2.1,0.0150557,2,0.291062,0.0165895,0.0375188,-115617
2.1,0.0150557,2,0.291062,0.0165895,0.0405203,-112801
2.1,0.0150557,2,0.291062,0.0165895,0.0435218,-112654
2.1,0.0150557,2,0.291062,0.0165895,0.0465233,-114416
2.1,0.0150557,2,0.291062,0.0165895,0.0495248,-112235
2.1,0.0150557,2,0.291062,0.0165895,0.0525263,-112042
2.1,0.0150557,2,0.291062,0.0165895,0.0555278,-119184
2.1,0.0150557,2,0.291062,0.0165895,0.0585293,-116774
2.1,0.0150557,2,0.291062,0.0165895,0.0615308,-108517
2.1,0.0150557,2,0.291062,0.0165895,0.0645323,-118407
2.1,0.0150557,2,0.291062,0.0165895,0.0675338,-118137
2.1,0.0150557,2,0.291062,0.0165895,0.0705353,-112828
2.1,0.0150557,2,0.291062,0.0165895,0.0735368,-118013
2.1,0.0150557,2,0.291062,0.0165895,0.0765383,-117005
2.1,0.0150557,2,0.291062,0.0165895,0.0795398,-112241
2.1,0.0150557,2,0.291062,0.0165895,0.0825413,-114474
2.1,0.0150557,2,0.291062,0.0165895,0.0855428,-112098
2.1,0.0150557,2,0.291062,0.0165895,0.0885443,-119505
2.1,0.0150557,2,0.291062,0.0165895,0.0915458,-113894
2.1,0.0150557,2,0.291062,0.0165895,0.0945473,-110896
2.1,0.0150557,2,0.291062,0.0165895,0.0975488,-122403
2.1,0.0150557,2,0.291062,0.0165895,0.10055,-108821
2.1,0.0150557,2,0.291062,0.0165895,0.103552,-121781
2.1,0.0150557,2,0.291062,0.0165895,0.106553,-108249
2.1,0.0150557,2,0.291062,0.0165895,0.109555,-109670
2.1,0.0150557,2,0.291062,0.0165895,0.112556,-113256
2.1,0.0150557,2,0.291062,0.0165895,0.115558,-114472
2.1,0.0150557,2,0.291062,0.0165895,0.118559,-116735
2.1,0.0150557,2,0.291062,0.0165895,0.121561,-113637
2.1,0.0150557,2,0.291062,0.0165895,0.124562,-120414
2.1,0.0150557,2,0.291062,0.0165895,0.127564,-109363
2.1,0.0150557,2,0.291062,0.0165895,0.130565,-110710
2.1,0.0150557,2,0.291062,0.0165895,0.133567,-110859
2.1,0.0150557,2,0.291062,0.0165895,0.136568,-122838
2.1,0.0150557,2,0.291062,0.0165895,0.13957,-109388
2.1,0.0150557,2,0.291062,0.0165895,0.142571,-110903
2.1,0.0150557,2,0.291062,0.0165895,0.145573,-115997
2.1,0.0150557,2,0.291062,0.0165895,0.148574,-112238
2.1,0.0150557,2,0.291062,0.0165895,0.151576,-120114
2.1,0.0150557,2,0.291062,0.0165895,0.154577,-117133
2.1,0.0150557,2,0.291062,0.0165895,0.157579,-119288
2.1,0.0150557,2,0.291062,0.0165895,0.16058,-107387
2.1,0.0150557,2,0.291062,0.0165895,0.163582,-120070
2.1,0.0150557,2,0.291062,0.0165895,0.166583,-123344
2.1,0.0150557,2,0.291062,0.0165895,0.169585,-113460
2.1,0.0150557,2,0.291062,0.0165895,0.172586,-110097
2.1,0.0150557,2,0.291062,0.0165895,0.175588,-107984
2.1,0.0150557,2,0.291062,0.0165895,0.178589,-114476
2.1,0.0150557,2,0.291062,0.0165895,0.181591,-110756
2.1,0.0150557,2,0.291062,0.0165895,0.184592,-118378
2.1,0.0150557,2,0.291062,0.0165895,0.187594,-112128
2.1,0.0150557,2,0.291062,0.0165895,0.190595,-108553
2.1,0.0150557,2,0.291062,0.0165895,0.193597,-115319
2.1,0.0150557,2,0.291062,0.0165895,0.196598,-117579
2.1,0.0150557,2,0.291062,0.0165895,0.1996,-114255
2.1,0.0150557,2,0.291062,0.0165895,0.202601,-112408
2.1,0.0150557,2,0.291062,0.0165895,0.205603,-113018
2.1,0.0150557,2,0.291062,0.0165895,0.208604,-112375
2.1,0.0150557,2,0.291062,0.0165895,0.211606,-107130
2.1,0.0150557,2,0.291062,0.0165895,0.214607,-118800
2.1,0.0150557,2,0.291062,0.0165895,0.217609,-114966
2.1,0.0150557,2,0.291062,0.0165895,0.22061,-106819
2.1,0.0150557,2,0.291062,0.0165895,0.223612,-114978
2.1,0.0150557,2,0.291062,0.0165895,0.226613,-115880
2.1,0.0150557,2,0.291062,0.0165895,0.229615,-107795
2.1,0.0150557,2,0.291062,0.0165895,0.232616,-115924
2.1,0.0150557,2,0.291062,0.0165895,0.235618,-110329
2.1,0.0150557,2,0.291062,0.0165895,0.238619,-105945
2.1,0.0150557,2,0.291062,0.0165895,0.241621,-113674
2.1,0.0150557,2,0.291062,0.0165895,0.244622,-115750
2.1,0.0150557,2,0.291062,0.0165895,0.247624,-105829
2.1,0.0150557,2,0.291062,0.0165895,0.250625,-109487
2.1,0.0150557,2,0.291062,0.0165895,0.253627,-106477
2.1,0.0150557,2,0.291062,0.0165895,0.256628,-111573
2.1,0.0150557,2,0.291062,0.0165895,0.25963,-110967
2.1,0.0150557,2,0.291062,0.0165895,0.262631,-110699
2.1,0.0150557,2,0.291062,0.0165895,0.265633,-110440
2.1,0.0150557,2,0.291062,0.0165895,0.268634,-110261
2.1,0.0150557,2,0.291062,0.0165895,0.271636,-108280
2.1,0.0150557,2,0.291062,0.0165895,0.274637,-108008
2.1,0.0150557,2,0.291062,0.0165895,0.277639,-110282
2.1,0.0150557,2,0.291062,0.0165895,0.28064,-110966
2.1,0.0150557,2,0.291062,0.0165895,0.283642,-106772
2.1,0.0150557,2,0.291062,0.0165895,0.286643,-109397
2.1,0.0150557,2,0.291062,0.0165895,0.289645,-109528
2.1,0.0150557,2,0.291062,0.0165895,0.292646,-108620
2.1,0.0150557,2,0.291062,0.0165895,0.295648,-107963
2.1,0.0150557,2,0.291062,0.0165895,0.298649,-106421
2.1,0.0150557,2,0.291062,0.0165895,0.301651,-107745
2.1,0.0150557,2,0.291062,0.0165895,0.304652,-106998
2.1,0.0150557,2,0.291062,0.0165895,0.307654,-109055
2.1,0.0150557,2,0.291062,0.0165895,0.310655,-103943
2.1,0.0150557,2,0.291062,0.0165895,0.313657,-108038
2.1,0.0150557,2,0.291062,0.0165895,0.316658,-108922
2.1,0.0150557,2,0.291062,0.0165895,0.31966,-105861
2.1,0.0150557,2,0.291062,0.0165895,0.322661,-102458
2.1,0.0150557,2,0.291062,0.0165895,0.325663,-102397
2.1,0.0150557,2,0.291062,0.0165895,0.328664,-117180
2.1,0.0150557,2,0.291062,0.0165895,0.331666,-102335
2.1,0.0150557,2,0.291062,0.0165895,0.334667,-105406
2.1,0.0150557,2,0.291062,0.0165895,0.337669,-101114
2.1,0.0150557,2,0.291062,0.0165895,0.34067,-105012
2.1,0.0150557,2,0.291062,0.0165895,0.343672,-102566
2.1,0.0150557,2,0.291062,0.0165895,0.346673,-113515
2.1,0.0150557,2,0.291062,0.0165895,0.349675,-102202
2.1,0.0150557,2,0.291062,0.0165895,0.352676,-103913
2.1,0.0150557,2,0.291062,0.0165895,0.355678,-104691
2.1,0.0150557,2,0.291062,0.0165895,0.358679,-105278
2.1,0.0150557,2,0.291062,0.0165895,0.361681,-105181
2.1,0.0150557,2,0.291062,0.0165895,0.364682,-104064
2.1,0.0150557,2,0.291062,0.0165895,0.367684,-110122
2.1,0.0150557,2,0.291062,0.0165895,0.370685,-105163
2.1,0.0150557,2,0.291062,0.0165895,0.373687,-106610
2.1,0.0150557,2,0.291062,0.0165895,0.376688,-106015
2.1,0.0150557,2,0.291062,0.0165895,0.37969,-99124.6
2.1,0.0150557,2,0.291062,0.0165895,0.382691,-98912.5
2.1,0.0150557,2,0.291062,0.0165895,0.385693,-100506
2.1,0.0150557,2,0.291062,0.0165895,0.388694,-98793.5
2.1,0.0150557,2,0.291062,0.0165895,0.391696,-105653
2.1,0.0150557,2,0.291062,0.0165895,0.394697,-108097
2.1,0.0150557,2,0.291062,0.0165895,0.397699,-97145.6
2.1,0.0150557,2,0.291062,0.0165895,0.4007,-92448.5
2.1,0.0150557,2,0.291062,0.0165895,0.403702,-92935.6
2.1,0.0150557,2,0.291062,0.0165895,0.406703,-102272
2.1,0.0150557,2,0.291062,0.0165895,0.409705,-94987.1
2.1,0.0150557,2,0.291062,0.0165895,0.412706,-85847.7
2.1,0.0150557,2,0.291062,0.0165895,0.415708,85830.7
2.1,0.0150557,2,0.291062,0.0165895,0.418709,83976.5
2.1,0.0150557,2,0.291062,0.0165895,0.421711,101523
2.1,0.0150557,2,0.291062,0.0165895,0.424712,92560.8
2.1,0.0150557,2,0.291062,0.0165895,0.427714,98482.9
2.1,0.0150557,2,0.291062,0.0165895,0.430715,97324.8
2.1,0.0150557,2,0.291062,0.0165895,0.433717,109285
2.1,0.0150557,2,0.291062,0.0165895,0.436718,103219
2.1,0.0150557,2,0.291062,0.0165895,0.43972,100022
2.1,0.0150557,2,0.291062,0.0165895,0.442721,102695
2.1,0.0150557,2,0.291062,0.0165895,0.445723,108669
2.1,0.0150557,2,0.291062,0.0165895,0.448724,105732
2.1,0.0150557,2,0.291062,0.0165895,0.451726,104270
2.1,0.0150557,2,0.291062,0.0165895,0.454727,108010
2.1,0.0150557,2,0.291062,0.0165895,0.457729,103216
2.1,0.0150557,2,0.291062,0.0165895,0.46073,110811
2.1,0.0150557,2,0.291062,0.0165895,0.463732,118267
2.1,0.0150557,2,0.291062,0.0165895,0.466733,103237
2.1,0.0150557,2,0.291062,0.0165895,0.469735,104049
2.1,0.0150557,2,0.291062,0.0165895,0.472736,102054
2.1,0.0150557,2,0.291062,0.0165895,0.475738,101299
2.1,0.0150557,2,0.291062,0.0165895,0.478739,103143
2.1,0.0150557,2,0.291062,0.0165895,0.481741,101053
2.1,0.0150557,2,0.291062,0.0165895,0.484742,105681
2.1,0.0150557,2,0.291062,0.0165895,0.487744,104733
2.1,0.0150557,2,0.291062,0.0165895,0.490745,103444
2.1,0.0150557,2,0.291062,0.0165895,0.493747,107486
2.1,0.0150557,2,0.291062,0.0165895,0.496748,103341
2.1,0.0150557,2,0.291062,0.0165895,0.49975,111455
2.1,0.0150557,2,0.291062,0.0165895,0.502751,105383
2.1,0.0150557,2,0.291062,0.0165895,0.505753,111926
2.1,0.0150557,2,0.291062,0.0165895,0.508754,103097
2.1,0.0150557,2,0.291062,0.0165895,0.511756,105361
2.1,0.0150557,2,0.291062,0.0165895,0.514757,109723
2.1,0.0150557,2,0.291062,0.0165895,0.517759,111912
2.1,0.0150557,2,0.291062,0.0165895,0.52076,115983
2.1,0.0150557,2,0.291062,0.0165895,0.523762,106996
2.1,0.0150557,2,0.291062,0.0165895,0.526763,103738
2.1,0.0150557,2,0.291062,0.0165895,0.529765,108027
2.1,0.0150557,2,0.291062,0.0165895,0.532766,108196
2.1,0.0150557,2,0.291062,0.0165895,0.535768,106225
2.1,0.0150557,2,0.291062,0.0165895,0.538769,108099
2.1,0.0150557,2,0.291062,0.0165895,0.541771,116069
2.1,0.0150557,2,0.291062,0.0165895,0.544772,112150
2.1,0.0150557,2,0.291062,0.0165895,0.547774,112295
2.1,0.0150557,2,0.291062,0.0165895,0.550775,106490
2.1,0.0150557,2,0.291062,0.0165895,0.553777,107238
2.1,0.0150557,2,0.291062,0.0165895,0.556778,108443
2.1,0.0150557,2,0.291062,0.0165895,0.55978,113918
2.1,0.0150557,2,0.291062,0.0165895,0.562781,108061
2.1,0.0150557,2,0.291062,0.0165895,0.565783,108011
2.1,0.0150557,2,0.291062,0.0165895,0.568784,115103
2.1,0.0150557,2,0.291062,0.0165895,0.571786,118393
2.1,0.0150557,2,0.291062,0.0165895,0.574787,108525
2.1,0.0150557,2,0.291062,0.0165895,0.577789,106331
2.1,0.0150557,2,0.291062,0.0165895,0.58079,111135
2.1,0.0150557,2,0.291062,0.0165895,0.583792,109923
2.1,0.0150557,2,0.291062,0.0165895,0.586793,108920
2.1,0.0150557,2,0.291062,0.0165895,0.589795,116151
2.1,0.0150557,2,0.291062,0.0165895,0.592796,119964
2.1,0.0150557,2,0.291062,0.0165895,0.595798,130099
2.1,0.0150557,2,0.291062,0.0165895,0.598799,120113
2.1,0.0150557,2,0.291062,0.0165895,0.601801,112891
2.1,0.0150557,2,0.291062,0.0165895,0.604802,115665
2.1,0.0150557,2,0.291062,0.0165895,0.607804,108319
2.1,0.0150557,2,0.291062,0.0165895,0.610805,126072
2.1,0.0150557,2,0.291062,0.0165895,0.613807,114503
2.1,0.0150557,2,0.291062,0.0165895,0.616808,112188
2.1,0.0150557,2,0.291062,0.0165895,0.61981,111672
2.1,0.0150557,2,0.291062,0.0165895,0.622811,117435
2.1,0.0150557,2,0.291062,0.0165895,0.625813,112701
2.1,0.0150557,2,0.291062,0.0165895,0.628814,113226
2.1,0.0150557,2,0.291062,0.0165895,0.631816,118112
2.1,0.0150557,2,0.291062,0.0165895,0.634817,108995
2.1,0.0150557,2,0.291062,0.0165895,0.637819,124920
2.1,0.0150557,2,0.291062,0.0165895,0.64082,111270
2.1,0.0150557,2,0.291062,0.0165895,0.643822,114771
2.1,0.0150557,2,0.291062,0.0165895,0.646823,109006
2.1,0.0150557,2,0.291062,0.0165895,0.649825,108358
2.1,0.0150557,2,0.291062,0.0165895,0.652826,111666
2.1,0.0150557,2,0.291062,0.0165895,0.655828,118845
2.1,0.0150557,2,0.291062,0.0165895,0.658829,121330
2.1,0.0150557,2,0.291062,0.0165895,0.661831,113075
2.1,0.0150557,2,0.291062,0.0165895,0.664832,111603
2.1,0.0150557,2,0.291062,0.0165895,0.667834,114389
2.1,0.0150557,2,0.291062,0.0165895,0.670835,108934
2.1,0.0150557,2,0.291062,0.0165895,0.673837,123192
2.1,0.0150557,2,0.291062,0.0165895,0.676838,117751
2.1,0.0150557,2,0.291062,0.0165895,0.67984,119470
2.1,0.0150557,2,0.291062,0.0165895,0.682841,111086
2.1,0.0150557,2,0.291062,0.0165895,0.685843,109053
2.1,0.0150557,2,0.291062,0.0165895,0.688844,120729
2.1,0.0150557,2,0.291062,0.0165895,0.691846,117814
2.1,0.0150557,2,0.291062,0.0165895,0.694847,110334
2.1,0.0150557,2,0.291062,0.0165895,0.697849,115528
2.1,0.0150557,2,0.291062,0.0165895,0.70085,122732
2.1,0.0150557,2,0.291062,0.0165895,0.703852,112360
2.1,0.0150557,2,0.291062,0.0165895,0.706853,114420
2.1,0.0150557,2,0.291062,0.0165895,0.709855,114130
2.1,0.0150557,2,0.291062,0.0165895,0.712856,113958
2.1,0.0150557,2,0.291062,0.0165895,0.715858,128587
2.1,0.0150557,2,0.291062,0.0165895,0.718859,118761
2.1,0.0150557,2,0.291062,0.0165895,0.721861,121980
2.1,0.0150557,2,0.291062,0.0165895,0.724862,119678
2.1,0.0150557,2,0.291062,0.0165895,0.727864,122387
2.1,0.0150557,2,0.291062,0.0165895,0.730865,115196
2.1,0.0150557,2,0.291062,0.0165895,0.733867,117660
2.1,0.0150557,2,0.291062,0.0165895,0.736868,111894
2.1,0.0150557,2,0.291062,0.0165895,0.73987,125032
2.1,0.0150557,2,0.291062,0.0165895,0.742871,109764
2.1,0.0150557,2,0.291062,0.0165895,0.745873,118933
2.1,0.0150557,2,0.291062,0.0165895,0.748874,116008
2.1,0.0150557,2,0.291062,0.0165895,0.751876,126553
2.1,0.0150557,2,0.291062,0.0165895,0.754877,112629
2.1,0.0150557,2,0.291062,0.0165895,0.757879,119292
2.1,0.0150557,2,0.291062,0.0165895,0.76088,112931
2.1,0.0150557,2,0.291062,0.0165895,0.763882,126766
2.1,0.0150557,2,0.291062,0.0165895,0.766883,123523
2.1,0.0150557,2,0.291062,0.0165895,0.769885,120143
2.1,0.0150557,2,0.291062,0.0165895,0.772886,113091
2.1,0.0150557,2,0.291062,0.0165895,0.775888,112042
2.1,0.0150557,2,0.291062,0.0165895,0.778889,124784
2.1,0.0150557,2,0.291062,0.0165895,0.781891,110731
2.1,0.0150557,2,0.291062,0.0165895,0.784892,120762
2.1,0.0150557,2,0.291062,0.0165895,0.787894,109863
2.1,0.0150557,2,0.291062,0.0165895,0.790895,110811
2.1,0.0150557,2,0.291062,0.0165895,0.793897,110759
2.1,0.0150557,2,0.291062,0.0165895,0.796898,111377
2.1,0.0150557,2,0.291062,0.0165895,0.7999,118321
2.1,0.0150557,2,0.291062,0.0165895,0.802901,111099
2.1,0.0150557,2,0.291062,0.0165895,0.805903,118884
2.1,0.0150557,2,0.291062,0.0165895,0.808904,111594
2.1,0.0150557,2,0.291062,0.0165895,0.811906,122998
2.1,0.0150557,2,0.291062,0.0165895,0.814907,115161
2.1,0.0150557,2,0.291062,0.0165895,0.817909,110213
2.1,0.0150557,2,0.291062,0.0165895,0.82091,113377
2.1,0.0150557,2,0.291062,0.0165895,0.823912,119794
2.1,0.0150557,2,0.291062,0.0165895,0.826913,119684
2.1,0.0150557,2,0.291062,0.0165895,0.829915,121660
2.1,0.0150557,2,0.291062,0.0165895,0.832916,109799
2.1,0.0150557,2,0.291062,0.0165895,0.835918,112585
2.1,0.0150557,2,0.291062,0.0165895,0.838919,120642
2.1,0.0150557,2,0.291062,0.0165895,0.841921,121829
2.1,0.0150557,2,0.291062,0.0165895,0.844922,111526
2.1,0.0150557,2,0.291062,0.0165895,0.847924,115315
2.1,0.0150557,2,0.291062,0.0165895,0.850925,112543
2.1,0.0150557,2,0.291062,0.0165895,0.853927,122483
2.1,0.0150557,2,0.291062,0.0165895,0.856928,119350
2.1,0.0150557,2,0.291062,0.0165895,0.85993,113156
2.1,0.0150557,2,0.291062,0.0165895,0.862931,117363
2.1,0.0150557,2,0.291062,0.0165895,0.865933,119058
2.1,0.0150557,2,0.291062,0.0165895,0.868934,116768
2.1,0.0150557,2,0.291062,0.0165895,0.871936,113131
2.1,0.0150557,2,0.291062,0.0165895,0.874937,108947
2.1,0.0150557,2,0.291062,0.0165895,0.877939,117585
2.1,0.0150557,2,0.291062,0.0165895,0.88094,116354
2.1,0.0150557,2,0.291062,0.0165895,0.883942,119528
2.1,0.0150557,2,0.291062,0.0165895,0.886943,114562
2.1,0.0150557,2,0.291062,0.0165895,0.889945,114745
2.1,0.0150557,2,0.291062,0.0165895,0.892946,113217
2.1,0.0150557,2,0.291062,0.0165895,0.895948,115353
2.1,0.0150557,2,0.291062,0.0165895,0.898949,116111
2.1,0.0150557,2,0.291062,0.0165895,0.901951,109161
2.1,0.0150557,2,0.291062,0.0165895,0.904952,110564
2.1,0.0150557,2,0.291062,0.0165895,0.907954,117181
2.1,0.0150557,2,0.291062,0.0165895,0.910955,120121
2.1,0.0150557,2,0.291062,0.0165895,0.913957,108562
2.1,0.0150557,2,0.291062,0.0165895,0.916958,111194
2.1,0.0150557,2,0.291062,0.0165895,0.91996,106724
2.1,0.0150557,2,0.291062,0.0165895,0.922961,108019
2.1,0.0150557,2,0.291062,0.0165895,0.925963,115879
2.1,0.0150557,2,0.291062,0.0165895,0.928964,107373
2.1,0.0150557,2,0.291062,0.0165895,0.931966,111082
2.1,0.0150557,2,0.291062,0.0165895,0.934967,110698
2.1,0.0150557,2,0.291062,0.0165895,0.937969,107530
2.1,0.0150557,2,0.291062,0.0165895,0.94097,106465
2.1,0.0150557,2,0.291062,0.0165895,0.943972,108467
2.1,0.0150557,2,0.291062,0.0165895,0.946973,110188
2.1,0.0150557,2,0.291062,0.0165895,0.949975,109062
2.1,0.0150557,2,0.291062,0.0165895,0.952976,109007
2.1,0.0150557,2,0.291062,0.0165895,0.955978,110690
2.1,0.0150557,2,0.291062,0.0165895,0.958979,109211
2.1,0.0150557,2,0.291062,0.0165895,0.961981,105922
2.1,0.0150557,2,0.291062,0.0165895,0.964982,104665
2.1,0.0150557,2,0.291062,0.0165895,0.967984,113417
2.1,0.0150557,2,0.291062,0.0165895,0.970985,105752
2.1,0.0150557,2,0.291062,0.0165895,0.973987,108532
2.1,0.0150557,2,0.291062,0.0165895,0.976988,103327
2.1,0.0150557,2,0.291062,0.0165895,0.97999,103030
2.1,0.0150557,2,0.291062,0.0165895,0.982991,108089
2.1,0.0150557,2,0.291062,0.0165895,0.985993,107751
2.1,0.0150557,2,0.291062,0.0165895,0.988994,103037
2.1,0.0150557,2,0.291062,0.0165895,0.991996,107777
2.1,0.0150557,2,0.291062,0.0165895,0.994997,103617
2.1,0.0150557,2,0.291062,0.0165895,0.997999,104300
2.1,0.0150557,2,0.291062,0.0165895,1.001,102378
2.1,0.0150557,2,0.291062,0.0165895,1.004,98347.2
2.1,0.0150557,2,0.291062,0.0165895,1.007,106660
2.1,0.0150557,2,0.291062,0.0165895,1.01001,104718
2.1,0.0150557,2,0.291062,0.0165895,1.01301,103660
2.1,0.0150557,2,0.291062,0.0165895,1.01601,111689
2.1,0.0150557,2,0.291062,0.0165895,1.01901,99510.7
2.1,0.0150557,2,0.291062,0.0165895,1.02201,96302.5
2.1,0.0150557,2,0.291062,0.0165895,1.02501,100591
2.1,0.0150557,2,0.291062,0.0165895,1.02801,98617.2
2.1,0.0150557,2,0.291062,0.0165895,1.03102,-93531.8
2.1,0.0150557,2,0.291062,0.0165895,1.03402,-106279
2.1,0.0150557,2,0.291062,0.0165895,1.03702,-101457
2.1,0.0150557,2,0.291062,0.0165895,1.04002,-102609
2.1,0.0150557,2,0.291062,0.0165895,1.04302,-108318
2.1,0.0150557,2,0.291062,0.0165895,1.04602,-102184
2.1,0.0150557,2,0.291062,0.0165895,1.04902,-110085
2.1,0.0150557,2,0.291062,0.0165895,1.05203,-98534.3
2.1,0.0150557,2,0.291062,0.0165895,1.05503,-103582
2.1,0.0150557,2,0.291062,0.0165895,1.05803,-104964
2.1,0.0150557,2,0.291062,0.0165895,1.06103,-106930
2.1,0.0150557,2,0.291062,0.0165895,1.06403,-100672
2.1,0.0150557,2,0.291062,0.0165895,1.06703,-104657
2.1,0.0150557,2,0.291062,0.0165895,1.07004,-103750
2.1,0.0150557,2,0.291062,0.0165895,1.07304,-105654
2.1,0.0150557,2,0.291062,0.0165895,1.07604,-107881
2.1,0.0150557,2,0.291062,0.0165895,1.07904,-107789
2.1,0.0150557,2,0.291062,0.0165895,1.08204,-111610
2.1,0.0150557,2,0.291062,0.0165895,1.08504,-104158
2.1,0.0150557,2,0.291062,0.0165895,1.08804,-104933
2.1,0.0150557,2,0.291062,0.0165895,1.09105,-114370
2.1,0.0150557,2,0.291062,0.0165895,1.09405,-114937
2.1,0.0150557,2,0.291062,0.0165895,1.09705,-114348
2.1,0.0150557,2,0.291062,0.0165895,1.10005,-117091
2.1,0.0150557,2,0.291062,0.0165895,1.10305,-121086
2.1,0.0150557,2,0.291062,0.0165895,1.10605,-115151
2.1,0.0150557,2,0.291062,0.0165895,1.10905,-117874
2.1,0.0150557,2,0.291062,0.0165895,1.11206,-110784
2.1,0.0150557,2,0.291062,0.0165895,1.11506,-115360
2.1,0.0150557,2,0.291062,0.0165895,1.11806,-119191
2.1,0.0150557,2,0.291062,0.0165895,1.12106,-111899
2.1,0.0150557,2,0.291062,0.0165895,1.12406,-113406
2.1,0.0150557,2,0.291062,0.0165895,1.12706,-113916
2.1,0.0150557,2,0.291062,0.0165895,1.13007,-113171
2.1,0.0150557,2,0.291062,0.0165895,1.13307,-118671
2.1,0.0150557,2,0.291062,0.0165895,1.13607,-115422
2.1,0.0150557,2,0.291062,0.0165895,1.13907,-110273
2.1,0.0150557,2,0.291062,0.0165895,1.14207,-113133
2.1,0.0150557,2,0.291062,0.0165895,1.14507,-115877
2.1,0.0150557,2,0.291062,0.0165895,1.14807,-120092
2.1,0.0150557,2,0.291062,0.0165895,1.15108,-112351
2.1,0.0150557,2,0.291062,0.0165895,1.15408,-111221
2.1,0.0150557,2,0.291062,0.0165895,1.15708,-124262
2.1,0.0150557,2,0.291062,0.0165895,1.16008,-110580
2.1,0.0150557,2,0.291062,0.0165895,1.16308,-111989
2.1,0.0150557,2,0.291062,0.0165895,1.16608,-118478
2.1,0.0150557,2,0.291062,0.0165895,1.16908,-119319
2.1,0.0150557,2,0.291062,0.0165895,1.17209,-124447
2.1,0.0150557,2,0.291062,0.0165895,1.17509,-124777
2.1,0.0150557,2,0.291062,0.0165895,1.17809,-113290
2.1,0.0150557,2,0.291062,0.0165895,1.18109,-126648
2.1,0.0150557,2,0.291062,0.0165895,1.18409,-114183
2.1,0.0150557,2,0.291062,0.0165895,1.18709,-123460
2.1,0.0150557,2,0.291062,0.0165895,1.1901,-116665
2.1,0.0150557,2,0.291062,0.0165895,1.1931,-119859
2.1,0.0150557,2,0.291062,0.0165895,1.1961,-120511
2.1,0.0150557,2,0.291062,0.0165895,1.1991,-126562
2.1,0.0150557,2,0.291062,0.0165895,1.2021,-116911
2.1,0.0150557,2,0.291062,0.0165895,1.2051,-115569
2.1,0.0150557,2,0.291062,0.0165895,1.2081,-115277
2.1,0.0150557,2,0.291062,0.0165895,1.21111,-137097
2.1,0.0150557,2,0.291062,0.0165895,1.21411,-116860
2.1,0.0150557,2,0.291062,0.0165895,1.21711,-124721
2.1,0.0150557,2,0.291062,0.0165895,1.22011,-124960
2.1,0.0150557,2,0.291062,0.0165895,1.22311,-113888
2.1,0.0150557,2,0.291062,0.0165895,1.22611,-116209
2.1,0.0150557,2,0.291062,0.0165895,1.22911,-134739
2.1,0.0150557,2,0.291062,0.0165895,1.23212,-118066
2.1,0.0150557,2,0.291062,0.0165895,1.23512,-135142
2.1,0.0150557,2,0.291062,0.0165895,1.23812,-130572
2.1,0.0150557,2,0.291062,0.0165895,1.24112,-124237
2.1,0.0150557,2,0.291062,0.0165895,1.24412,-123334
2.1,0.0150557,2,0.291062,0.0165895,1.24712,-116782
2.1,0.0150557,2,0.291062,0.0165895,1.25013,-115686
2.1,0.0150557,2,0.291062,0.0165895,1.25313,-117958
2.1,0.0150557,2,0.291062,0.0165895,1.25613,-128258
2.1,0.0150557,2,0.291062,0.0165895,1.25913,-130205
2.1,0.0150557,2,0.291062,0.0165895,1.26213,-121409
2.1,0.0150557,2,0.291062,0.0165895,1.26513,-123876
2.1,0.0150557,2,0.291062,0.0165895,1.26813,-140080
2.1,0.0150557,2,0.291062,0.0165895,1.27114,-126547
2.1,0.0150557,2,0.291062,0.0165895,1.27414,-133980
2.1,0.0150557,2,0.291062,0.0165895,1.27714,-118348
2.1,0.0150557,2,0.291062,0.0165895,1.28014,-130052
2.1,0.0150557,2,0.291062,0.0165895,1.28314,-119850
2.1,0.0150557,2,0.291062,0.0165895,1.28614,-122582
2.1,0.0150557,2,0.291062,0.0165895,1.28914,-119034
2.1,0.0150557,2,0.291062,0.0165895,1.29215,-123702
2.1,0.0150557,2,0.291062,0.0165895,1.29515,-131153
2.1,0.0150557,2,0.291062,0.0165895,1.29815,-121961
2.1,0.0150557,2,0.291062,0.0165895,1.30115,-124704
2.1,0.0150557,2,0.291062,0.0165895,1.30415,-139461
2.1,0.0150557,2,0.291062,0.0165895,1.30715,-116973
2.1,0.0150557,2,0.291062,0.0165895,1.31016,-123368
2.1,0.0150557,2,0.291062,0.0165895,1.31316,-119431
2.1,0.0150557,2,0.291062,0.0165895,1.31616,-117658
2.1,0.0150557,2,0.291062,0.0165895,1.31916,-122856
2.1,0.0150557,2,0.291062,0.0165895,1.32216,-138755
2.1,0.0150557,2,0.291062,0.0165895,1.32516,-124201
2.1,0.0150557,2,0.291062,0.0165895,1.32816,-137788
2.1,0.0150557,2,0.291062,0.0165895,1.33117,-118831
2.1,0.0150557,2,0.291062,0.0165895,1.33417,-120597
2.1,0.0150557,2,0.291062,0.0165895,1.33717,-136275
2.1,0.0150557,2,0.291062,0.0165895,1.34017,-117439
2.1,0.0150557,2,0.291062,0.0165895,1.34317,-138353
2.1,0.0150557,2,0.291062,0.0165895,1.34617,-144995
2.1,0.0150557,2,0.291062,0.0165895,1.34917,-133397
2.1,0.0150557,2,0.291062,0.0165895,1.35218,-152373
2.1,0.0150557,2,0.291062,0.0165895,1.35518,-129109
2.1,0.0150557,2,0.291062,0.0165895,1.35818,-135232
2.1,0.0150557,2,0.291062,0.0165895,1.36118,-143343
2.1,0.0150557,2,0.291062,0.0165895,1.36418,-119436
2.1,0.0150557,2,0.291062,0.0165895,1.36718,-127464
2.1,0.0150557,2,0.291062,0.0165895,1.37019,-123649
2.1,0.0150557,2,0.291062,0.0165895,1.37319,-133724
2.1,0.0150557,2,0.291062,0.0165895,1.37619,-125857
2.1,0.0150557,2,0.291062,0.0165895,1.37919,-137834
2.1,0.0150557,2,0.291062,0.0165895,1.38219,-137685
2.1,0.0150557,2,0.291062,0.0165895,1.38519,-129513
2.1,0.0150557,2,0.291062,0.0165895,1.38819,-151057
2.1,0.0150557,2,0.291062,0.0165895,1.3912,-129231
2.1,0.0150557,2,0.291062,0.0165895,1.3942,-128367
2.1,0.0150557,2,0.291062,0.0165895,1.3972,-125993
2.1,0.0150557,2,0.291062,0.0165895,1.4002,-134879
2.1,0.0150557,2,0.291062,0.0165895,1.4032,-141737
2.1,0.0150557,2,0.291062,0.0165895,1.4062,-137939
2.1,0.0150557,2,0.291062,0.0165895,1.4092,-147774
2.1,0.0150557,2,0.291062,0.0165895,1.41221,-122952
2.1,0.0150557,2,0.291062,0.0165895,1.41521,-128542
2.1,0.0150557,2,0.291062,0.0165895,1.41821,-130665
2.1,0.0150557,2,0.291062,0.0165895,1.42121,-121910
2.1,0.0150557,2,0.291062,0.0165895,1.42421,-133461
2.1,0.0150557,2,0.291062,0.0165895,1.42721,-136501
2.1,0.0150557,2,0.291062,0.0165895,1.43022,-148856
2.1,0.0150557,2,0.291062,0.0165895,1.43322,-122134
2.1,0.0150557,2,0.291062,0.0165895,1.43622,-150130
2.1,0.0150557,2,0.291062,0.0165895,1.43922,-128847
2.1,0.0150557,2,0.291062,0.0165895,1.44222,-138661
2.1,0.0150557,2,0.291062,0.0165895,1.44522,-129975
2.1,0.0150557,2,0.291062,0.0165895,1.44822,-136214
2.1,0.0150557,2,0.291062,0.0165895,1.45123,-127064
2.1,0.0150557,2,0.291062,0.0165895,1.45423,-133968
2.1,0.0150557,2,0.291062,0.0165895,1.45723,-124819
2.1,0.0150557,2,0.291062,0.0165895,1.46023,-122294
2.1,0.0150557,2,0.291062,0.0165895,1.46323,-134758
2.1,0.0150557,2,0.291062,0.0165895,1.46623,-126067
2.1,0.0150557,2,0.291062,0.0165895,1.46923,-127256
2.1,0.0150557,2,0.291062,0.0165895,1.47224,-128430
2.1,0.0150557,2,0.291062,0.0165895,1.47524,-121682
2.1,0.0150557,2,0.291062,0.0165895,1.47824,-127332
2.1,0.0150557,2,0.291062,0.0165895,1.48124,-148167
2.1,0.0150557,2,0.291062,0.0165895,1.48424,-143380
2.1,0.0150557,2,0.291062,0.0165895,1.48724,-138494
2.1,0.0150557,2,0.291062,0.0165895,1.49025,-148873
2.1,0.0150557,2,0.291062,0.0165895,1.49325,-144434
2.1,0.0150557,2,0.291062,0.0165895,1.49625,-137304
2.1,0.0150557,2,0.291062,0.0165895,1.49925,-148084
2.1,0.0150557,2,0.291062,0.0165895,1.50225,-132566
2.1,0.0150557,2,0.291062,0.0165895,1.50525,-129443
2.1,0.0150557,2,0.291062,0.0165895,1.50825,-120584
2.1,0.0150557,2,0.291062,0.0165895,1.51126,-129531
2.1,0.0150557,2,0.291062,0.0165895,1.51426,-121313
2.1,0.0150557,2,0.291062,0.0165895,1.51726,-120417
2.1,0.0150557,2,0.291062,0.0165895,1.52026,-125748
2.1,0.0150557,2,0.291062,0.0165895,1.52326,-124537
2.1,0.0150557,2,0.291062,0.0165895,1.52626,-154257
2.1,0.0150557,2,0.291062,0.0165895,1.52926,-141158
2.1,0.0150557,2,0.291062,0.0165895,1.53227,-127065
2.1,0.0150557,2,0.291062,0.0165895,1.53527,-136664
2.1,0.0150557,2,0.291062,0.0165895,1.53827,-137522
2.1,0.0150557,2,0.291062,0.0165895,1.54127,-117875
2.1,0.0150557,2,0.291062,0.0165895,1.54427,-147354
2.1,0.0150557,2,0.291062,0.0165895,1.54727,-132652
2.1,0.0150557,2,0.291062,0.0165895,1.55028,-123142
2.1,0.0150557,2,0.291062,0.0165895,1.55328,-124761
2.1,0.0150557,2,0.291062,0.0165895,1.55628,-134555
2.1,0.0150557,2,0.291062,0.0165895,1.55928,-133318
2.1,0.0150557,2,0.291062,0.0165895,1.56228,-120159
2.1,0.0150557,2,0.291062,0.0165895,1.56528,-145155
2.1,0.0150557,2,0.291062,0.0165895,1.56828,-135588
2.1,0.0150557,2,0.291062,0.0165895,1.57129,-122925
2.1,0.0150557,2,0.291062,0.0165895,1.57429,-117611
2.1,0.0150557,2,0.291062,0.0165895,1.57729,-136738
2.1,0.0150557,2,0.291062,0.0165895,1.58029,-116432
2.1,0.0150557,2,0.291062,0.0165895,1.58329,-122063
2.1,0.0150557,2,0.291062,0.0165895,1.58629,-135474
2.1,0.0150557,2,0.291062,0.0165895,1.58929,-115863
2.1,0.0150557,2,0.291062,0.0165895,1.5923,-123945
2.1,0.0150557,2,0.291062,0.0165895,1.5953,-128011
2.1,0.0150557,2,0.291062,0.0165895,1.5983,-120165
2.1,0.0150557,2,0.291062,0.0165895,1.6013,-124838
2.1,0.0150557,2,0.291062,0.0165895,1.6043,-120199
2.1,0.0150557,2,0.291062,0.0165895,1.6073,-114968
2.1,0.0150557,2,0.291062,0.0165895,1.61031,-116453
2.1,0.0150557,2,0.291062,0.0165895,1.61331,-114448
2.1,0.0150557,2,0.291062,0.0165895,1.61631,-115884
2.1,0.0150557,2,0.291062,0.0165895,1.61931,-122505
2.1,0.0150557,2,0.291062,0.0165895,1.62231,-138098
2.1,0.0150557,2,0.291062,0.0165895,1.62531,-116879
2.1,0.0150557,2,0.291062,0.0165895,1.62831,-141589
2.1,0.0150557,2,0.291062,0.0165895,1.63132,-120370
2.1,0.0150557,2,0.291062,0.0165895,1.63432,-117211
2.1,0.0150557,2,0.291062,0.0165895,1.63732,-131447
2.1,0.0150557,2,0.291062,0.0165895,1.64032,-113800
2.1,0.0150557,2,0.291062,0.0165895,1.64332,-111889
2.1,0.0150557,2,0.291062,0.0165895,1.64632,-116375
2.1,0.0150557,2,0.291062,0.0165895,1.64932,-123398
2.1,0.0150557,2,0.291062,0.0165895,1.65233,-131710
2.1,0.0150557,2,0.291062,0.0165895,1.65533,-117714
2.1,0.0150557,2,0.291062,0.0165895,1.65833,-117896
2.1,0.0150557,2,0.291062,0.0165895,1.66133,-112206
2.1,0.0150557,2,0.291062,0.0165895,1.66433,-125463
2.1,0.0150557,2,0.291062,0.0165895,1.66733,-114609
2.1,0.0150557,2,0.291062,0.0165895,1.67034,-110052
2.1,0.0150557,2,0.291062,0.0165895,1.67334,-110092
2.1,0.0150557,2,0.291062,0.0165895,1.67634,-109266
2.1,0.0150557,2,0.291062,0.0165895,1.67934,-108781
2.1,0.0150557,2,0.291062,0.0165895,1.68234,-112555
2.1,0.0150557,2,0.291062,0.0165895,1.68534,-112791
2.1,0.0150557,2,0.291062,0.0165895,1.68834,-116336
2.1,0.0150557,2,0.291062,0.0165895,1.69135,-111612
2.1,0.0150557,2,0.291062,0.0165895,1.69435,-114034
2.1,0.0150557,2,0.291062,0.0165895,1.69735,-112128
2.1,0.0150557,2,0.291062,0.0165895,1.70035,-106250
2.1,0.0150557,2,0.291062,0.0165895,1.70335,-130239
2.1,0.0150557,2,0.291062,0.0165895,1.70635,-107449
2.1,0.0150557,2,0.291062,0.0165895,1.70935,-113897
2.1,0.0150557,2,0.291062,0.0165895,1.71236,-107115
2.1,0.0150557,2,0.291062,0.0165895,1.71536,-110580
2.1,0.0150557,2,0.291062,0.0165895,1.71836,-108082
2.1,0.0150557,2,0.291062,0.0165895,1.72136,-107696
2.1,0.0150557,2,0.291062,0.0165895,1.72436,-111713
2.1,0.0150557,2,0.291062,0.0165895,1.72736,-104388
2.1,0.0150557,2,0.291062,0.0165895,1.73037,-106730
2.1,0.0150557,2,0.291062,0.0165895,1.73337,-106583
2.1,0.0150557,2,0.291062,0.0165895,1.73637,-101781
2.1,0.0150557,2,0.291062,0.0165895,1.73937,-105416
2.1,0.0150557,2,0.291062,0.0165895,1.74237,-98636.3
2.1,0.0150557,2,0.291062,0.0165895,1.74537,-99440.2
2.1,0.0150557,2,0.291062,0.0165895,1.74837,-97359.7
2.1,0.0150557,2,0.291062,0.0165895,1.75138,-104434
2.1,0.0150557,2,0.291062,0.0165895,1.75438,-109717
2.1,0.0150557,2,0.291062,0.0165895,1.75738,-102555
2.1,0.0150557,2,0.291062,0.0165895,1.76038,-100884
2.1,0.0150557,2,0.291062,0.0165895,1.76338,85345.5
2.1,0.0150557,2,0.291062,0.0165895,1.76638,95330.8
2.1,0.0150557,2,0.291062,0.0165895,1.76938,95448.3
2.1,0.0150557,2,0.291062,0.0165895,1.77239,98181.3
2.1,0.0150557,2,0.291062,0.0165895,1.77539,101905
2.1,0.0150557,2,0.291062,0.0165895,1.77839,98502.2
2.1,0.0150557,2,0.291062,0.0165895,1.78139,100030
2.1,0.0150557,2,0.291062,0.0165895,1.78439,106787
2.1,0.0150557,2,0.291062,0.0165895,1.78739,100093
2.1,0.0150557,2,0.291062,0.0165895,1.7904,99299.5
2.1,0.0150557,2,0.291062,0.0165895,1.7934,101199
2.1,0.0150557,2,0.291062,0.0165895,1.7964,103760
2.1,0.0150557,2,0.291062,0.0165895,1.7994,112730
2.1,0.0150557,2,0.291062,0.0165895,1.8024,109863
2.1,0.0150557,2,0.291062,0.0165895,1.8054,104816
2.1,0.0150557,2,0.291062,0.0165895,1.8084,106355
2.1,0.0150557,2,0.291062,0.0165895,1.81141,111796
2.1,0.0150557,2,0.291062,0.0165895,1.81441,106082
2.1,0.0150557,2,0.291062,0.0165895,1.81741,114128
2.1,0.0150557,2,0.291062,0.0165895,1.82041,107868
2.1,0.0150557,2,0.291062,0.0165895,1.82341,113459
2.1,0.0150557,2,0.291062,0.0165895,1.82641,118598
2.1,0.0150557,2,0.291062,0.0165895,1.82941,110859
2.1,0.0150557,2,0.291062,0.0165895,1.83242,105671
2.1,0.0150557,2,0.291062,0.0165895,1.83542,108530
2.1,0.0150557,2,0.291062,0.0165895,1.83842,105352
2.1,0.0150557,2,0.291062,0.0165895,1.84142,105011
2.1,0.0150557,2,0.291062,0.0165895,1.84442,110307
2.1,0.0150557,2,0.291062,0.0165895,1.84742,117363
2.1,0.0150557,2,0.291062,0.0165895,1.85043,107461
2.1,0.0150557,2,0.291062,0.0165895,1.85343,114312
2.1,0.0150557,2,0.291062,0.0165895,1.85643,109613
2.1,0.0150557,2,0.291062,0.0165895,1.85943,111053
2.1,0.0150557,2,0.291062,0.0165895,1.86243,110837
2.1,0.0150557,2,0.291062,0.0165895,1.86543,112068
2.1,0.0150557,2,0.291062,0.0165895,1.86843,107506
2.1,0.0150557,2,0.291062,0.0165895,1.87144,109402
2.1,0.0150557,2,0.291062,0.0165895,1.87444,107733
2.1,0.0150557,2,0.291062,0.0165895,1.87744,117584
2.1,0.0150557,2,0.291062,0.0165895,1.88044,105362
2.1,0.0150557,2,0.291062,0.0165895,1.88344,117255
2.1,0.0150557,2,0.291062,0.0165895,1.88644,109085
2.1,0.0150557,2,0.291062,0.0165895,1.88944,118023
2.1,0.0150557,2,0.291062,0.0165895,1.89245,110240
2.1,0.0150557,2,0.291062,0.0165895,1.89545,112013
2.1,0.0150557,2,0.291062,0.0165895,1.89845,108877
2.1,0.0150557,2,0.291062,0.0165895,1.90145,112917
2.1,0.0150557,2,0.291062,0.0165895,1.90445,111240
2.1,0.0150557,2,0.291062,0.0165895,1.90745,108254
2.1,0.0150557,2,0.291062,0.0165895,1.91046,114583
2.1,0.0150557,2,0.291062,0.0165895,1.91346,117538
2.1,0.0150557,2,0.291062,0.0165895,1.91646,104842
2.1,0.0150557,2,0.291062,0.0165895,1.91946,116454
2.1,0.0150557,2,0.291062,0.0165895,1.92246,108145
2.1,0.0150557,2,0.291062,0.0165895,1.92546,108069
2.1,0.0150557,2,0.291062,0.0165895,1.92846,104001
2.1,0.0150557,2,0.291062,0.0165895,1.93147,106414
2.1,0.0150557,2,0.291062,0.0165895,1.93447,103681
2.1,0.0150557,2,0.291062,0.0165895,1.93747,106810
2.1,0.0150557,2,0.291062,0.0165895,1.94047,108309
2.1,0.0150557,2,0.291062,0.0165895,1.94347,105873
2.1,0.0150557,2,0.291062,0.0165895,1.94647,104175
2.1,0.0150557,2,0.291062,0.0165895,1.94947,105619
2.1,0.0150557,2,0.291062,0.0165895,1.95248,105299
2.1,0.0150557,2,0.291062,0.0165895,1.95548,101706
2.1,0.0150557,2,0.291062,0.0165895,1.95848,98777
2.1,0.0150557,2,0.291062,0.0165895,1.96148,118321
2.1,0.0150557,2,0.291062,0.0165895,1.96448,101933
2.1,0.0150557,2,0.291062,0.0165895,1.96748,101758
2.1,0.0150557,2,0.291062,0.0165895,1.97049,113989
2.1,0.0150557,2,0.291062,0.0165895,1.97349,96716.6
2.1,0.0150557,2,0.291062,0.0165895,1.97649,-79573.6
2.1,0.0150557,2,0.291062,0.0165895,1.97949,-93720.3
2.1,0.0150557,2,0.291062,0.0165895,1.98249,-110504
2.1,0.0150557,2,0.291062,0.0165895,1.98549,-105333
2.1,0.0150557,2,0.291062,0.0165895,1.98849,-100671
2.1,0.0150557,2,0.291062,0.0165895,1.9915,-101013
2.1,0.0150557,2,0.291062,0.0165895,1.9945,-100875
2.1,0.0150557,2,0.291062,0.0165895,1.9975,-104234
2.1,0.0150557,2,0.291062,0.0165895,2.0005,-101118
2.1,0.0150557,2,0.291062,0.0165895,2.0035,-107680
2.1,0.0150557,2,0.291062,0.0165895,2.0065,-106033
2.1,0.0150557,2,0.291062,0.0165895,2.0095,-106581
2.1,0.0150557,2,0.291062,0.0165895,2.01251,-104831
2.1,0.0150557,2,0.291062,0.0165895,2.01551,-103908
2.1,0.0150557,2,0.291062,0.0165895,2.01851,-108242
2.1,0.0150557,2,0.291062,0.0165895,2.02151,-107113
2.1,0.0150557,2,0.291062,0.0165895,2.02451,-102648
2.1,0.0150557,2,0.291062,0.0165895,2.02751,-107787
2.1,0.0150557,2,0.291062,0.0165895,2.03052,-106530
2.1,0.0150557,2,0.291062,0.0165895,2.03352,-110421
2.1,0.0150557,2,0.291062,0.0165895,2.03652,-104929
2.1,0.0150557,2,0.291062,0.0165895,2.03952,-107389
2.1,0.0150557,2,0.291062,0.0165895,2.04252,-117721
2.1,0.0150557,2,0.291062,0.0165895,2.04552,-114255
2.1,0.0150557,2,0.291062,0.0165895,2.04852,-109243
2.1,0.0150557,2,0.291062,0.0165895,2.05153,-104371
2.1,0.0150557,2,0.291062,0.0165895,2.05453,-104218
2.1,0.0150557,2,0.291062,0.0165895,2.05753,-104564
2.1,0.0150557,2,0.291062,0.0165895,2.06053,-112393
2.1,0.0150557,2,0.291062,0.0165895,2.06353,-106555
2.1,0.0150557,2,0.291062,0.0165895,2.06653,-104285
2.1,0.0150557,2,0.291062,0.0165895,2.06953,-105883
2.1,0.0150557,2,0.291062,0.0165895,2.07254,-106167
2.1,0.0150557,2,0.291062,0.0165895,2.07554,-104934
2.1,0.0150557,2,0.291062,0.0165895,2.07854,-112520
2.1,0.0150557,2,0.291062,0.0165895,2.08154,-104679
2.1,0.0150557,2,0.291062,0.0165895,2.08454,-110206
2.1,0.0150557,2,0.291062,0.0165895,2.08754,-110244
2.1,0.0150557,2,0.291062,0.0165895,2.09055,-107622
2.1,0.0150557,2,0.291062,0.0165895,2.09355,-100210
2.1,0.0150557,2,0.291062,0.0165895,2.09655,-100090
2.1,0.0150557,2,0.291062,0.0165895,2.09955,-103812
2.1,0.0150557,2,0.291062,0.0165895,2.10255,96239.8
2.1,0.0150557,2,0.291062,0.0165895,2.10555,101327
2.1,0.0150557,2,0.291062,0.0165895,2.10855,105207
2.1,0.0150557,2,0.291062,0.0165895,2.11156,103879
2.1,0.0150557,2,0.291062,0.0165895,2.11456,108912
2.1,0.0150557,2,0.291062,0.0165895,2.11756,108333
2.1,0.0150557,2,0.291062,0.0165895,2.12056,114035
2.1,0.0150557,2,0.291062,0.0165895,2.12356,110523
2.1,0.0150557,2,0.291062,0.0165895,2.12656,120764
2.1,0.0150557,2,0.291062,0.0165895,2.12956,118366
2.1,0.0150557,2,0.291062,0.0165895,2.13257,130028
2.1,0.0150557,2,0.291062,0.0165895,2.13557,112470
2.1,0.0150557,2,0.291062,0.0165895,2.13857,119928
2.1,0.0150557,2,0.291062,0.0165895,2.14157,121502
2.1,0.0150557,2,0.291062,0.0165895,2.14457,148617
2.1,0.0150557,2,0.291062,0.0165895,2.14757,118113
2.1,0.0150557,2,0.291062,0.0165895,2.15058,119715
2.1,0.0150557,2,0.291062,0.0165895,2.15358,121799
2.1,0.0150557,2,0.291062,0.0165895,2.15658,136643
2.1,0.0150557,2,0.291062,0.0165895,2.15958,128947
2.1,0.0150557,2,0.291062,0.0165895,2.16258,121182
2.1,0.0150557,2,0.291062,0.0165895,2.16558,137562
2.1,0.0150557,2,0.291062,0.0165895,2.16858,136693
2.1,0.0150557,2,0.291062,0.0165895,2.17159,149135
2.1,0.0150557,2,0.291062,0.0165895,2.17459,132970
2.1,0.0150557,2,0.291062,0.0165895,2.17759,126247
2.1,0.0150557,2,0.291062,0.0165895,2.18059,149261
2.1,0.0150557,2,0.291062,0.0165895,2.18359,144360
2.1,0.0150557,2,0.291062,0.0165895,2.18659,148634
2.1,0.0150557,2,0.291062,0.0165895,2.18959,128405
2.1,0.0150557,2,0.291062,0.0165895,2.1926,130126
2.1,0.0150557,2,0.291062,0.0165895,2.1956,143603
2.1,0.0150557,2,0.291062,0.0165895,2.1986,132978
2.1,0.0150557,2,0.291062,0.0165895,2.2016,150148
2.1,0.0150557,2,0.291062,0.0165895,2.2046,138141
2.1,0.0150557,2,0.291062,0.0165895,2.2076,139995
2.1,0.0150557,2,0.291062,0.0165895,2.21061,156087
2.1,0.0150557,2,0.291062,0.0165895,2.21361,141347
2.1,0.0150557,2,0.291062,0.0165895,2.21661,140899
2.1,0.0150557,2,0.291062,0.0165895,2.21961,136311
2.1,0.0150557,2,0.291062,0.0165895,2.22261,136402
2.1,0.0150557,2,0.291062,0.0165895,2.22561,138882
2.1,0.0150557,2,0.291062,0.0165895,2.22861,139290
2.1,0.0150557,2,0.291062,0.0165895,2.23162,141991
2.1,0.0150557,2,0.291062,0.0165895,2.23462,150839
2.1,0.0150557,2,0.291062,0.0165895,2.23762,157664
2.1,0.0150557,2,0.291062,0.0165895,2.24062,159425
2.1,0.0150557,2,0.291062,0.0165895,2.24362,139548
2.1,0.0150557,2,0.291062,0.0165895,2.24662,151552
2.1,0.0150557,2,0.291062,0.0165895,2.24962,160496
2.1,0.0150557,2,0.291062,0.0165895,2.25263,157225
2.1,0.0150557,2,0.291062,0.0165895,2.25563,160636
2.1,0.0150557,2,0.291062,0.0165895,2.25863,150981
2.1,0.0150557,2,0.291062,0.0165895,2.26163,151192
2.1,0.0150557,2,0.291062,0.0165895,2.26463,151004
2.1,0.0150557,2,0.291062,0.0165895,2.26763,149311
2.1,0.0150557,2,0.291062,0.0165895,2.27064,152967
2.1,0.0150557,2,0.291062,0.0165895,2.27364,153319
2.1,0.0150557,2,0.291062,0.0165895,2.27664,147491
2.1,0.0150557,2,0.291062,0.0165895,2.27964,153884
2.1,0.0150557,2,0.291062,0.0165895,2.28264,162960
2.1,0.0150557,2,0.291062,0.0165895,2.28564,161874
2.1,0.0150557,2,0.291062,0.0165895,2.28864,162118
2.1,0.0150557,2,0.291062,0.0165895,2.29165,153085
2.1,0.0150557,2,0.291062,0.0165895,2.29465,150338
2.1,0.0150557,2,0.291062,0.0165895,2.29765,160656
2.1,0.0150557,2,0.291062,0.0165895,2.30065,177015
2.1,0.0150557,2,0.291062,0.0165895,2.30365,164798
2.1,0.0150557,2,0.291062,0.0165895,2.30665,178315
2.1,0.0150557,2,0.291062,0.0165895,2.30965,172340
2.1,0.0150557,2,0.291062,0.0165895,2.31266,180619
2.1,0.0150557,2,0.291062,0.0165895,2.31566,161967
2.1,0.0150557,2,0.291062,0.0165895,2.31866,158616
2.1,0.0150557,2,0.291062,0.0165895,2.32166,171127
2.1,0.0150557,2,0.291062,0.0165895,2.32466,173592
2.1,0.0150557,2,0.291062,0.0165895,2.32766,166134
2.1,0.0150557,2,0.291062,0.0165895,2.33067,165739
2.1,0.0150557,2,0.291062,0.0165895,2.33367,164783
2.1,0.0150557,2,0.291062,0.0165895,2.33667,164575
2.1,0.0150557,2,0.291062,0.0165895,2.33967,171359
2.1,0.0150557,2,0.291062,0.0165895,2.34267,176727
2.1,0.0150557,2,0.291062,0.0165895,2.34567,165483
2.1,0.0150557,2,0.291062,0.0165895,2.34867,165413
2.1,0.0150557,2,0.291062,0.0165895,2.35168,174606
2.1,0.0150557,2,0.291062,0.0165895,2.35468,179724
2.1,0.0150557,2,0.291062,0.0165895,2.35768,176245
2.1,0.0150557,2,0.291062,0.0165895,2.36068,167509
2.1,0.0150557,2,0.291062,0.0165895,2.36368,181402
2.1,0.0150557,2,0.291062,0.0165895,2.36668,179774
2.1,0.0150557,2,0.291062,0.0165895,2.36968,167271
2.1,0.0150557,2,0.291062,0.0165895,2.37269,167736
2.1,0.0150557,2,0.291062,0.0165895,2.37569,173001
2.1,0.0150557,2,0.291062,0.0165895,2.37869,184227
2.1,0.0150557,2,0.291062,0.0165895,2.38169,184667
2.1,0.0150557,2,0.291062,0.0165895,2.38469,180675
2.1,0.0150557,2,0.291062,0.0165895,2.38769,170490
2.1,0.0150557,2,0.291062,0.0165895,2.3907,184254
2.1,0.0150557,2,0.291062,0.0165895,2.3937,198298
2.1,0.0150557,2,0.291062,0.0165895,2.3967,173375
2.1,0.0150557,2,0.291062,0.0165895,2.3997,179769
2.1,0.0150557,2,0.291062,0.0165895,2.4027,174045
2.1,0.0150557,2,0.291062,0.0165895,2.4057,199109
2.1,0.0150557,2,0.291062,0.0165895,2.4087,187374
2.1,0.0150557,2,0.291062,0.0165895,2.41171,181722
2.1,0.0150557,2,0.291062,0.0165895,2.41471,188952
2.1,0.0150557,2,0.291062,0.0165895,2.41771,187564
2.1,0.0150557,2,0.291062,0.0165895,2.42071,177480
2.1,0.0150557,2,0.291062,0.0165895,2.42371,199417
2.1,0.0150557,2,0.291062,0.0165895,2.42671,179356
2.1,0.0150557,2,0.291062,0.0165895,2.42971,195838
2.1,0.0150557,2,0.291062,0.0165895,2.43272,188322
2.1,0.0150557,2,0.291062,0.0165895,2.43572,203388
2.1,0.0150557,2,0.291062,0.0165895,2.43872,200909
2.1,0.0150557,2,0.291062,0.0165895,2.44172,194346
2.1,0.0150557,2,0.291062,0.0165895,2.44472,214623
2.1,0.0150557,2,0.291062,0.0165895,2.44772,210058
2.1,0.0150557,2,0.291062,0.0165895,2.45073,189233
2.1,0.0150557,2,0.291062,0.0165895,2.45373,189036
2.1,0.0150557,2,0.291062,0.0165895,2.45673,191799
2.1,0.0150557,2,0.291062,0.0165895,2.45973,211752
2.1,0.0150557,2,0.291062,0.0165895,2.46273,215186
2.1,0.0150557,2,0.291062,0.0165895,2.46573,207686
2.1,0.0150557,2,0.291062,0.0165895,2.46873,195274
2.1,0.0150557,2,0.291062,0.0165895,2.47174,199590
2.1,0.0150557,2,0.291062,0.0165895,2.47474,194295
2.1,0.0150557,2,0.291062,0.0165895,2.47774,211338
2.1,0.0150557,2,0.291062,0.0165895,2.48074,211661
2.1,0.0150557,2,0.291062,0.0165895,2.48374,210540
2.1,0.0150557,2,0.291062,0.0165895,2.48674,205419
2.1,0.0150557,2,0.291062,0.0165895,2.48974,206774
2.1,0.0150557,2,0.291062,0.0165895,2.49275,215832
2.1,0.0150557,2,0.291062,0.0165895,2.49575,203771
2.1,0.0150557,2,0.291062,0.0165895,2.49875,212197
2.1,0.0150557,2,0.291062,0.0165895,2.50175,205660
2.1,0.0150557,2,0.291062,0.0165895,2.50475,201164
2.1,0.0150557,2,0.291062,0.0165895,2.50775,216316
2.1,0.0150557,2,0.291062,0.0165895,2.51076,220670
2.1,0.0150557,2,0.291062,0.0165895,2.51376,217111
2.1,0.0150557,2,0.291062,0.0165895,2.51676,203760
2.1,0.0150557,2,0.291062,0.0165895,2.51976,205750
2.1,0.0150557,2,0.291062,0.0165895,2.52276,216866
2.1,0.0150557,2,0.291062,0.0165895,2.52576,218604
2.1,0.0150557,2,0.291062,0.0165895,2.52876,229411
2.1,0.0150557,2,0.291062,0.0165895,2.53177,207390
2.1,0.0150557,2,0.291062,0.0165895,2.53477,222874
2.1,0.0150557,2,0.291062,0.0165895,2.53777,232572
2.1,0.0150557,2,0.291062,0.0165895,2.54077,232287
2.1,0.0150557,2,0.291062,0.0165895,2.54377,229461
2.1,0.0150557,2,0.291062,0.0165895,2.54677,219316
2.1,0.0150557,2,0.291062,0.0165895,2.54977,221073
2.1,0.0150557,2,0.291062,0.0165895,2.55278,222001
2.1,0.0150557,2,0.291062,0.0165895,2.55578,221537
2.1,0.0150557,2,0.291062,0.0165895,2.55878,220648
2.1,0.0150557,2,0.291062,0.0165895,2.56178,234174
2.1,0.0150557,2,0.291062,0.0165895,2.56478,219632
2.1,0.0150557,2,0.291062,0.0165895,2.56778,230538
2.1,0.0150557,2,0.291062,0.0165895,2.57079,215158
2.1,0.0150557,2,0.291062,0.0165895,2.57379,238849
2.1,0.0150557,2,0.291062,0.0165895,2.57679,216746
2.1,0.0150557,2,0.291062,0.0165895,2.57979,233832
2.1,0.0150557,2,0.291062,0.0165895,2.58279,229860
2.1,0.0150557,2,0.291062,0.0165895,2.58579,217927
2.1,0.0150557,2,0.291062,0.0165895,2.58879,223290
2.1,0.0150557,2,0.291062,0.0165895,2.5918,247826
2.1,0.0150557,2,0.291062,0.0165895,2.5948,238759
2.1,0.0150557,2,0.291062,0.0165895,2.5978,235233
2.1,0.0150557,2,0.291062,0.0165895,2.6008,248048
2.1,0.0150557,2,0.291062,0.0165895,2.6038,230414
2.1,0.0150557,2,0.291062,0.0165895,2.6068,242819
2.1,0.0150557,2,0.291062,0.0165895,2.6098,232530
2.1,0.0150557,2,0.291062,0.0165895,2.61281,230850
2.1,0.0150557,2,0.291062,0.0165895,2.61581,248523
2.1,0.0150557,2,0.291062,0.0165895,2.61881,223002
2.1,0.0150557,2,0.291062,0.0165895,2.62181,248653
2.1,0.0150557,2,0.291062,0.0165895,2.62481,230196
2.1,0.0150557,2,0.291062,0.0165895,2.62781,237693
2.1,0.0150557,2,0.291062,0.0165895,2.63082,247165
2.1,0.0150557,2,0.291062,0.0165895,2.63382,239691
2.1,0.0150557,2,0.291062,0.0165895,2.63682,258771
2.1,0.0150557,2,0.291062,0.0165895,2.63982,237569
2.1,0.0150557,2,0.291062,0.0165895,2.64282,259635
2.1,0.0150557,2,0.291062,0.0165895,2.64582,230210
2.1,0.0150557,2,0.291062,0.0165895,2.64882,233249
2.1,0.0150557,2,0.291062,0.0165895,2.65183,265181
2.1,0.0150557,2,0.291062,0.0165895,2.65483,252834
2.1,0.0150557,2,0.291062,0.0165895,2.65783,257737
2.1,0.0150557,2,0.291062,0.0165895,2.66083,245403
2.1,0.0150557,2,0.291062,0.0165895,2.66383,242428
2.1,0.0150557,2,0.291062,0.0165895,2.66683,239831
2.1,0.0150557,2,0.291062,0.0165895,2.66983,239808
2.1,0.0150557,2,0.291062,0.0165895,2.67284,267338
2.1,0.0150557,2,0.291062,0.0165895,2.67584,246510
2.1,0.0150557,2,0.291062,0.0165895,2.67884,261835
2.1,0.0150557,2,0.291062,0.0165895,2.68184,254951
2.1,0.0150557,2,0.291062,0.0165895,2.68484,241718
2.1,0.0150557,2,0.291062,0.0165895,2.68784,242092
2.1,0.0150557,2,0.291062,0.0165895,2.69085,261805
2.1,0.0150557,2,0.291062,0.0165895,2.69385,255476
2.1,0.0150557,2,0.291062,0.0165895,2.69685,270742
2.1,0.0150557,2,0.291062,0.0165895,2.69985,255897
2.1,0.0150557,2,0.291062,0.0165895,2.70285,263962
2.1,0.0150557,2,0.291062,0.0165895,2.70585,274252
2.1,0.0150557,2,0.291062,0.0165895,2.70885,253761
2.1,0.0150557,2,0.291062,0.0165895,2.71186,264230
2.1,0.0150557,2,0.291062,0.0165895,2.71486,249754
2.1,0.0150557,2,0.291062,0.0165895,2.71786,276248
2.1,0.0150557,2,0.291062,0.0165895,2.72086,281553
2.1,0.0150557,2,0.291062,0.0165895,2.72386,256684
2.1,0.0150557,2,0.291062,0.0165895,2.72686,269093
2.1,0.0150557,2,0.291062,0.0165895,2.72986,252285
2.1,0.0150557,2,0.291062,0.0165895,2.73287,260937
2.1,0.0150557,2,0.291062,0.0165895,2.73587,256290
2.1,0.0150557,2,0.291062,0.0165895,2.73887,260027
2.1,0.0150557,2,0.291062,0.0165895,2.74187,259722
2.1,0.0150557,2,0.291062,0.0165895,2.74487,279406
2.1,0.0150557,2,0.291062,0.0165895,2.74787,278277
2.1,0.0150557,2,0.291062,0.0165895,2.75088,275125
2.1,0.0150557,2,0.291062,0.0165895,2.75388,293492
2.1,0.0150557,2,0.291062,0.0165895,2.75688,294451
2.1,0.0150557,2,0.291062,0.0165895,2.75988,261808
2.1,0.0150557,2,0.291062,0.0165895,2.76288,269141
2.1,0.0150557,2,0.291062,0.0165895,2.76588,295625
2.1,0.0150557,2,0.291062,0.0165895,2.76888,282540
2.1,0.0150557,2,0.291062,0.0165895,2.77189,295211
2.1,0.0150557,2,0.291062,0.0165895,2.77489,265426
2.1,0.0150557,2,0.291062,0.0165895,2.77789,273055
2.1,0.0150557,2,0.291062,0.0165895,2.78089,276725
2.1,0.0150557,2,0.291062,0.0165895,2.78389,268934
2.1,0.0150557,2,0.291062,0.0165895,2.78689,292105
2.1,0.0150557,2,0.291062,0.0165895,2.78989,298745
2.1,0.0150557,2,0.291062,0.0165895,2.7929,285910
2.1,0.0150557,2,0.291062,0.0165895,2.7959,278685
2.1,0.0150557,2,0.291062,0.0165895,2.7989,305733
2.1,0.0150557,2,0.291062,0.0165895,2.8019,304892
2.1,0.0150557,2,0.291062,0.0165895,2.8049,274742
2.1,0.0150557,2,0.291062,0.0165895,2.8079,279578
2.1,0.0150557,2,0.291062,0.0165895,2.81091,288473
2.1,0.0150557,2,0.291062,0.0165895,2.81391,302168
2.1,0.0150557,2,0.291062,0.0165895,2.81691,278128
2.1,0.0150557,2,0.291062,0.0165895,2.81991,307657
2.1,0.0150557,2,0.291062,0.0165895,2.82291,296659
2.1,0.0150557,2,0.291062,0.0165895,2.82591,284617
2.1,0.0150557,2,0.291062,0.0165895,2.82891,315743
2.1,0.0150557,2,0.291062,0.0165895,2.83192,338129
2.1,0.0150557,2,0.291062,0.0165895,2.83492,303107
2.1,0.0150557,2,0.291062,0.0165895,2.83792,314834
2.1,0.0150557,2,0.291062,0.0165895,2.84092,312148
2.1,0.0150557,2,0.291062,0.0165895,2.84392,290092
2.1,0.0150557,2,0.291062,0.0165895,2.84692,307331
2.1,0.0150557,2,0.291062,0.0165895,2.84992,317332
2.1,0.0150557,2,0.291062,0.0165895,2.85293,299401
2.1,0.0150557,2,0.291062,0.0165895,2.85593,319012
2.1,0.0150557,2,0.291062,0.0165895,2.85893,303949
2.1,0.0150557,2,0.291062,0.0165895,2.86193,327678
2.1,0.0150557,2,0.291062,0.0165895,2.86493,303470
2.1,0.0150557,2,0.291062,0.0165895,2.86793,310904
2.1,0.0150557,2,0.291062,0.0165895,2.87094,307018
2.1,0.0150557,2,0.291062,0.0165895,2.87394,319093
2.1,0.0150557,2,0.291062,0.0165895,2.87694,320269
2.1,0.0150557,2,0.291062,0.0165895,2.87994,299270
2.1,0.0150557,2,0.291062,0.0165895,2.88294,327419
2.1,0.0150557,2,0.291062,0.0165895,2.88594,329493
2.1,0.0150557,2,0.291062,0.0165895,2.88894,312143
2.1,0.0150557,2,0.291062,0.0165895,2.89195,351329
2.1,0.0150557,2,0.291062,0.0165895,2.89495,319318
2.1,0.0150557,2,0.291062,0.0165895,2.89795,322565
2.1,0.0150557,2,0.291062,0.0165895,2.90095,329689
2.1,0.0150557,2,0.291062,0.0165895,2.90395,367080
2.1,0.0150557,2,0.291062,0.0165895,2.90695,323575
2.1,0.0150557,2,0.291062,0.0165895,2.90995,353393
2.1,0.0150557,2,0.291062,0.0165895,2.91296,310175
2.1,0.0150557,2,0.291062,0.0165895,2.91596,342851
2.1,0.0150557,2,0.291062,0.0165895,2.91896,359874
2.1,0.0150557,2,0.291062,0.0165895,2.92196,312045
2.1,0.0150557,2,0.291062,0.0165895,2.92496,345213
2.1,0.0150557,2,0.291062,0.0165895,2.92796,354119
2.1,0.0150557,2,0.291062,0.0165895,2.93097,339628
2.1,0.0150557,2,0.291062,0.0165895,2.93397,318349
2.1,0.0150557,2,0.291062,0.0165895,2.93697,339447
2.1,0.0150557,2,0.291062,0.0165895,2.93997,344845
2.1,0.0150557,2,0.291062,0.0165895,2.94297,345269
2.1,0.0150557,2,0.291062,0.0165895,2.94597,321816
2.1,0.0150557,2,0.291062,0.0165895,2.94897,333033
2.1,0.0150557,2,0.291062,0.0165895,2.95198,327238
2.1,0.0150557,2,0.291062,0.0165895,2.95498,348846
2.1,0.0150557,2,0.291062,0.0165895,2.95798,363387
2.1,0.0150557,2,0.291062,0.0165895,2.96098,335561
2.1,0.0150557,2,0.291062,0.0165895,2.96398,353760
2.1,0.0150557,2,0.291062,0.0165895,2.96698,338056
2.1,0.0150557,2,0.291062,0.0165895,2.96998,339664
2.1,0.0150557,2,0.291062,0.0165895,2.97299,361417
2.1,0.0150557,2,0.291062,0.0165895,2.97599,383941
2.1,0.0150557,2,0.291062,0.0165895,2.97899,335709
2.1,0.0150557,2,0.291062,0.0165895,2.98199,383039
2.1,0.0150557,2,0.291062,0.0165895,2.98499,334798
2.1,0.0150557,2,0.291062,0.0165895,2.98799,360488
2.1,0.0150557,2,0.291062,0.0165895,2.991,360107
2.1,0.0150557,2,0.291062,0.0165895,2.994,368627
2.1,0.0150557,2,0.291062,0.0165895,2.997,375353
2.1,0.0150557,2,0.291062,0.0165895,3,369079

2.05,0.0200617,2,0.703617,0.0194514,-3,63740.8
2.05,0.0200617,2,0.703617,0.0194514,-2.997,74395.1
2.05,0.0200617,2,0.703617,0.0194514,-2.994,69556.4
2.05,0.0200617,2,0.703617,0.0194514,-2.991,66914.8
2.05,0.0200617,2,0.703617,0.0194514,-2.98799,66986
2.05,0.0200617,2,0.703617,0.0194514,-2.98499,68555.6
2.05,0.0200617,2,0.703617,0.0194514,-2.98199,70282.5
2.05,0.0200617,2,0.703617,0.0194514,-2.97899,63394.1
2.05,0.0200617,2,0.703617,0.0194514,-2.97599,65647.8
2.05,0.0200617,2,0.703617,0.0194514,-2.97299,65339.6
2.05,0.0200617,2,0.703617,0.0194514,-2.96998,67393
2.05,0.0200617,2,0.703617,0.0194514,-2.96698,65316.6
2.05,0.0200617,2,0.703617,0.0194514,-2.96398,63215.9
2.05,0.0200617,2,0.703617,0.0194514,-2.96098,68615.3
2.05,0.0200617,2,0.703617,0.0194514,-2.95798,73909.9
2.05,0.0200617,2,0.703617,0.0194514,-2.95498,64089.8
2.05,0.0200617,2,0.703617,0.0194514,-2.95198,66711.3
2.05,0.0200617,2,0.703617,0.0194514,-2.94897,64634.4
2.05,0.0200617,2,0.703617,0.0194514,-2.94597,63733
2.05,0.0200617,2,0.703617,0.0194514,-2.94297,64627
2.05,0.0200617,2,0.703617,0.0194514,-2.93997,68138.2
2.05,0.0200617,2,0.703617,0.0194514,-2.93697,64608.8
2.05,0.0200617,2,0.703617,0.0194514,-2.93397,68058.5
2.05,0.0200617,2,0.703617,0.0194514,-2.93097,68353.6
2.05,0.0200617,2,0.703617,0.0194514,-2.92796,69912.3
2.05,0.0200617,2,0.703617,0.0194514,-2.92496,74912.5
2.05,0.0200617,2,0.703617,0.0194514,-2.92196,69065.7
2.05,0.0200617,2,0.703617,0.0194514,-2.91896,69675.3
2.05,0.0200617,2,0.703617,0.0194514,-2.91596,71310.2
2.05,0.0200617,2,0.703617,0.0194514,-2.91296,72668.6
2.05,0.0200617,2,0.703617,0.0194514,-2.90995,69144.7
2.05,0.0200617,2,0.703617,0.0194514,-2.90695,74074.8
2.05,0.0200617,2,0.703617,0.0194514,-2.90395,66399.6
2.05,0.0200617,2,0.703617,0.0194514,-2.90095,68700.6
2.05,0.0200617,2,0.703617,0.0194514,-2.89795,65697
2.05,0.0200617,2,0.703617,0.0194514,-2.89495,72166.6
2.05,0.0200617,2,0.703617,0.0194514,-2.89195,65279.3
2.05,0.0200617,2,0.703617,0.0194514,-2.88894,63699.9
2.05,0.0200617,2,0.703617,0.0194514,-2.88594,66246.8
2.05,0.0200617,2,0.703617,0.0194514,-2.88294,69980.2
2.05,0.0200617,2,0.703617,0.0194514,-2.87994,71140.1
2.05,0.0200617,2,0.703617,0.0194514,-2.87694,66342
2.05,0.0200617,2,0.703617,0.0194514,-2.87394,68225.2
2.05,0.0200617,2,0.703617,0.0194514,-2.87094,70494.1
2.05,0.0200617,2,0.703617,0.0194514,-2.86793,64465.4
2.05,0.0200617,2,0.703617,0.0194514,-2.86493,67865.1
2.05,0.0200617,2,0.703617,0.0194514,-2.86193,68460.4
2.05,0.0200617,2,0.703617,0.0194514,-2.85893,65459.8
2.05,0.0200617,2,0.703617,0.0194514,-2.85593,67213.5
2.05,0.0200617,2,0.703617,0.0194514,-2.85293,69313.7
2.05,0.0200617,2,0.703617,0.0194514,-2.84992,65638.1
2.05,0.0200617,2,0.703617,0.0194514,-2.84692,66612.2
2.05,0.0200617,2,0.703617,0.0194514,-2.84392,66067
2.05,0.0200617,2,0.703617,0.0194514,-2.84092,66699.9
2.05,0.0200617,2,0.703617,0.0194514,-2.83792,68373
2.05,0.0200617,2,0.703617,0.0194514,-2.83492,66121.6
2.05,0.0200617,2,0.703617,0.0194514,-2.83192,66639.3
2.05,0.0200617,2,0.703617,0.0194514,-2.82891,68741.7
2.05,0.0200617,2,0.703617,0.0194514,-2.82591,65291.2
2.05,0.0200617,2,0.703617,0.0194514,-2.82291,69373
2.05,0.0200617,2,0.703617,0.0194514,-2.81991,64710.4
2.05,0.0200617,2,0.703617,0.0194514,-2.81691,63649.6
2.05,0.0200617,2,0.703617,0.0194514,-2.81391,70249.5
2.05,0.0200617,2,0.703617,0.0194514,-2.81091,68796.4
2.05,0.0200617,2,0.703617,0.0194514,-2.8079,69710
2.05,0.0200617,2,0.703617,0.0194514,-2.8049,74168
2.05,0.0200617,2,0.703617,0.0194514,-2.8019,67983.4
2.05,0.0200617,2,0.703617,0.0194514,-2.7989,72072.1
2.05,0.0200617,2,0.703617,0.0194514,-2.7959,72874.8
2.05,0.0200617,2,0.703617,0.0194514,-2.7929,63552.3
2.05,0.0200617,2,0.703617,0.0194514,-2.78989,67507.9
2.05,0.0200617,2,0.703617,0.0194514,-2.78689,64329.8
2.05,0.0200617,2,0.703617,0.0194514,-2.78389,64366.6
2.05,0.0200617,2,0.703617,0.0194514,-2.78089,67141.6
2.05,0.0200617,2,0.703617,0.0194514,-2.77789,75670.1
2.05,0.0200617,2,0.703617,0.0194514,-2.77489,67247.6
2.05,0.0200617,2,0.703617,0.0194514,-2.77189,69963.4
2.05,0.0200617,2,0.703617,0.0194514,-2.76888,68634.1
2.05,0.0200617,2,0.703617,0.0194514,-2.76588,65892.1
2.05,0.0200617,2,0.703617,0.0194514,-2.76288,66426.4
2.05,0.0200617,2,0.703617,0.0194514,-2.75988,67354.4
2.05,0.0200617,2,0.703617,0.0194514,-2.75688,71528.5
2.05,0.0200617,2,0.703617,0.0194514,-2.75388,67312.3
2.05,0.0200617,2,0.703617,0.0194514,-2.75088,73274.8
2.05,0.0200617,2,0.703617,0.0194514,-2.74787,72026.1
2.05,0.0200617,2,0.703617,0.0194514,-2.74487,67248.3
2.05,0.0200617,2,0.703617,0.0194514,-2.74187,66122.5
2.05,0.0200617,2,0.703617,0.0194514,-2.73887,69003.6
2.05,0.0200617,2,0.703617,0.0194514,-2.73587,67683.6
2.05,0.0200617,2,0.703617,0.0194514,-2.73287,67367.8
2.05,0.0200617,2,0.703617,0.0194514,-2.72986,74380.9
2.05,0.0200617,2,0.703617,0.0194514,-2.72686,75988.4
2.05,0.0200617,2,0.703617,0.0194514,-2.72386,66604.6
2.05,0.0200617,2,0.703617,0.0194514,-2.72086,64384.4
2.05,0.0200617,2,0.703617,0.0194514,-2.71786,65679.9
2.05,0.0200617,2,0.703617,0.0194514,-2.71486,73018.7
2.05,0.0200617,2,0.703617,0.0194514,-2.71186,66287.4
2.05,0.0200617,2,0.703617,0.0194514,-2.70885,64458.5
2.05,0.0200617,2,0.703617,0.0194514,-2.70585,67585.4
2.05,0.0200617,2,0.703617,0.0194514,-2.70285,65087
2.05,0.0200617,2,0.703617,0.0194514,-2.69985,67564.8
2.05,0.0200617,2,0.703617,0.0194514,-2.69685,65800.6
2.05,0.0200617,2,0.703617,0.0194514,-2.69385,66466.9
2.05,0.0200617,2,0.703617,0.0194514,-2.69085,70558.5
2.05,0.0200617,2,0.703617,0.0194514,-2.68784,69187.9
2.05,0.0200617,2,0.703617,0.0194514,-2.68484,66609.7
2.05,0.0200617,2,0.703617,0.0194514,-2.68184,64907
2.05,0.0200617,2,0.703617,0.0194514,-2.67884,67170.3
2.05,0.0200617,2,0.703617,0.0194514,-2.67584,68433.9
2.05,0.0200617,2,0.703617,0.0194514,-2.67284,64419.8
2.05,0.0200617,2,0.703617,0.0194514,-2.66983,63904.1
2.05,0.0200617,2,0.703617,0.0194514,-2.66683,68049.7
2.05,0.0200617,2,0.703617,0.0194514,-2.66383,70982.8
2.05,0.0200617,2,0.703617,0.0194514,-2.66083,67461.2
2.05,0.0200617,2,0.703617,0.0194514,-2.65783,63763.5
2.05,0.0200617,2,0.703617,0.0194514,-2.65483,63462.7
2.05,0.0200617,2,0.703617,0.0194514,-2.65183,69983.8
2.05,0.0200617,2,0.703617,0.0194514,-2.64882,62931.5
2.05,0.0200617,2,0.703617,0.0194514,-2.64582,62757.5
2.05,0.0200617,2,0.703617,0.0194514,-2.64282,68283.1
2.05,0.0200617,2,0.703617,0.0194514,-2.63982,65682
2.05,0.0200617,2,0.703617,0.0194514,-2.63682,70970.3
2.05,0.0200617,2,0.703617,0.0194514,-2.63382,67961.3
2.05,0.0200617,2,0.703617,0.0194514,-2.63082,69982
2.05,0.0200617,2,0.703617,0.0194514,-2.62781,70365
2.05,0.0200617,2,0.703617,0.0194514,-2.62481,63256.3
2.05,0.0200617,2,0.703617,0.0194514,-2.62181,63968.4
2.05,0.0200617,2,0.703617,0.0194514,-2.61881,62697.3
2.05,0.0200617,2,0.703617,0.0194514,-2.61581,68103.2
2.05,0.0200617,2,0.703617,0.0194514,-2.61281,62902
2.05,0.0200617,2,0.703617,0.0194514,-2.6098,65962.8
2.05,0.0200617,2,0.703617,0.0194514,-2.6068,68410.7
2.05,0.0200617,2,0.703617,0.0194514,-2.6038,69013.4
2.05,0.0200617,2,0.703617,0.0194514,-2.6008,76421.2
2.05,0.0200617,2,0.703617,0.0194514,-2.5978,64304.5
2.05,0.0200617,2,0.703617,0.0194514,-2.5948,66190.2
2.05,0.0200617,2,0.703617,0.0194514,-2.5918,67233.3
2.05,0.0200617,2,0.703617,0.0194514,-2.58879,66961.5
2.05,0.0200617,2,0.703617,0.0194514,-2.58579,63101.1
2.05,0.0200617,2,0.703617,0.0194514,-2.58279,64819.9
2.05,0.0200617,2,0.703617,0.0194514,-2.57979,63292.1
2.05,0.0200617,2,0.703617,0.0194514,-2.57679,66310.7
2.05,0.0200617,2,0.703617,0.0194514,-2.57379,71481.2
2.05,0.0200617,2,0.703617,0.0194514,-2.57079,61922.1
2.05,0.0200617,2,0.703617,0.0194514,-2.56778,71245.5
2.05,0.0200617,2,0.703617,0.0194514,-2.56478,71412.1
2.05,0.0200617,2,0.703617,0.0194514,-2.56178,61913.5
2.05,0.0200617,2,0.703617,0.0194514,-2.55878,69153.2
2.05,0.0200617,2,0.703617,0.0194514,-2.55578,61704.8
2.05,0.0200617,2,0.703617,0.0194514,-2.55278,66350.3
2.05,0.0200617,2,0.703617,0.0194514,-2.54977,64712.1
2.05,0.0200617,2,0.703617,0.0194514,-2.54677,69337.9
2.05,0.0200617,2,0.703617,0.0194514,-2.54377,68721
2.05,0.0200617,2,0.703617,0.0194514,-2.54077,64724.4
2.05,0.0200617,2,0.703617,0.0194514,-2.53777,68027.4
2.05,0.0200617,2,0.703617,0.0194514,-2.53477,64454.4
2.05,0.0200617,2,0.703617,0.0194514,-2.53177,72216.4
2.05,0.0200617,2,0.703617,0.0194514,-2.52876,73143
2.05,0.0200617,2,0.703617,0.0194514,-2.52576,63282.5
2.05,0.0200617,2,0.703617,0.0194514,-2.52276,67193.3
2.05,0.0200617,2,0.703617,0.0194514,-2.51976,61210.8
2.05,0.0200617,2,0.703617,0.0194514,-2.51676,66188
2.05,0.0200617,2,0.703617,0.0194514,-2.51376,67578.4
2.05,0.0200617,2,0.703617,0.0194514,-2.51076,60997.6
2.05,0.0200617,2,0.703617,0.0194514,-2.50775,62874.4
2.05,0.0200617,2,0.703617,0.0194514,-2.50475,60855.1
2.05,0.0200617,2,0.703617,0.0194514,-2.50175,65669.7
2.05,0.0200617,2,0.703617,0.0194514,-2.49875,70309.4
2.05,0.0200617,2,0.703617,0.0194514,-2.49575,67704
2.05,0.0200617,2,0.703617,0.0194514,-2.49275,66847.7
2.05,0.0200617,2,0.703617,0.0194514,-2.48974,60797.3
2.05,0.0200617,2,0.703617,0.0194514,-2.48674,62192.6
2.05,0.0200617,2,0.703617,0.0194514,-2.48374,64820.3
2.05,0.0200617,2,0.703617,0.0194514,-2.48074,66796.7
2.05,0.0200617,2,0.703617,0.0194514,-2.47774,62410.9
2.05,0.0200617,2,0.703617,0.0194514,-2.47474,61583.2
2.05,0.0200617,2,0.703617,0.0194514,-2.47174,68090
2.05,0.0200617,2,0.703617,0.0194514,-2.46873,63852.9
2.05,0.0200617,2,0.703617,0.0194514,-2.46573,67598.4
2.05,0.0200617,2,0.703617,0.0194514,-2.46273,71982
2.05,0.0200617,2,0.703617,0.0194514,-2.45973,65597.2
2.05,0.0200617,2,0.703617,0.0194514,-2.45673,62831
2.05,0.0200617,2,0.703617,0.0194514,-2.45373,63039.1
2.05,0.0200617,2,0.703617,0.0194514,-2.45073,62767.4
2.05,0.0200617,2,0.703617,0.0194514,-2.44772,67473.1
2.05,0.0200617,2,0.703617,0.0194514,-2.44472,63584.7
2.05,0.0200617,2,0.703617,0.0194514,-2.44172,64755.4
2.05,0.0200617,2,0.703617,0.0194514,-2.43872,65378.8
2.05,0.0200617,2,0.703617,0.0194514,-2.43572,74246.9
2.05,0.0200617,2,0.703617,0.0194514,-2.43272,63114.1
2.05,0.0200617,2,0.703617,0.0194514,-2.42971,62403.8
2.05,0.0200617,2,0.703617,0.0194514,-2.42671,61424.5
2.05,0.0200617,2,0.703617,0.0194514,-2.42371,60105.2
2.05,0.0200617,2,0.703617,0.0194514,-2.42071,63078.5
2.05,0.0200617,2,0.703617,0.0194514,-2.41771,61627.4
2.05,0.0200617,2,0.703617,0.0194514,-2.41471,64353.3
2.05,0.0200617,2,0.703617,0.0194514,-2.41171,72432.3
2.05,0.0200617,2,0.703617,0.0194514,-2.4087,63538.4
2.05,0.0200617,2,0.703617,0.0194514,-2.4057,60558.6
2.05,0.0200617,2,0.703617,0.0194514,-2.4027,66945.3
2.05,0.0200617,2,0.703617,0.0194514,-2.3997,63215.4
2.05,0.0200617,2,0.703617,0.0194514,-2.3967,64578.3
2.05,0.0200617,2,0.703617,0.0194514,-2.3937,63977.4
2.05,0.0200617,2,0.703617,0.0194514,-2.3907,68241
2.05,0.0200617,2,0.703617,0.0194514,-2.38769,64841.9
2.05,0.0200617,2,0.703617,0.0194514,-2.38469,65175.4
2.05,0.0200617,2,0.703617,0.0194514,-2.38169,57471.7
2.05,0.0200617,2,0.703617,0.0194514,-2.37869,59863.5
2.05,0.0200617,2,0.703617,0.0194514,-2.37569,65296.1
2.05,0.0200617,2,0.703617,0.0194514,-2.37269,60656.1
2.05,0.0200617,2,0.703617,0.0194514,-2.36968,62077.9
2.05,0.0200617,2,0.703617,0.0194514,-2.36668,62943.1
2.05,0.0200617,2,0.703617,0.0194514,-2.36368,62900.9
2.05,0.0200617,2,0.703617,0.0194514,-2.36068,58994.4
2.05,0.0200617,2,0.703617,0.0194514,-2.35768,57089.9
2.05,0.0200617,2,0.703617,0.0194514,-2.35468,61102.8
2.05,0.0200617,2,0.703617,0.0194514,-2.35168,58599.7
2.05,0.0200617,2,0.703617,0.0194514,-2.34867,58895
2.05,0.0200617,2,0.703617,0.0194514,-2.34567,60721.9
2.05,0.0200617,2,0.703617,0.0194514,-2.34267,61468.7
2.05,0.0200617,2,0.703617,0.0194514,-2.33967,64121.3
2.05,0.0200617,2,0.703617,0.0194514,-2.33667,58877.1
2.05,0.0200617,2,0.703617,0.0194514,-2.33367,56960.1
2.05,0.0200617,2,0.703617,0.0194514,-2.33067,58285.8
2.05,0.0200617,2,0.703617,0.0194514,-2.32766,60340.8
2.05,0.0200617,2,0.703617,0.0194514,-2.32466,57172.9
2.05,0.0200617,2,0.703617,0.0194514,-2.32166,54294.1
2.05,0.0200617,2,0.703617,0.0194514,-2.31866,55389.1
2.05,0.0200617,2,0.703617,0.0194514,-2.31566,54755.8
2.05,0.0200617,2,0.703617,0.0194514,-2.31266,61705.7
2.05,0.0200617,2,0.703617,0.0194514,-2.30965,54014.5
2.05,0.0200617,2,0.703617,0.0194514,-2.30665,51956.2
2.05,0.0200617,2,0.703617,0.0194514,-2.30365,53689.7
2.05,0.0200617,2,0.703617,0.0194514,-2.30065,49408.5
2.05,0.0200617,2,0.703617,0.0194514,-2.29765,50778
2.05,0.0200617,2,0.703617,0.0194514,-2.29465,47702.6
2.05,0.0200617,2,0.703617,0.0194514,-2.29165,49535.5
2.05,0.0200617,2,0.703617,0.0194514,-2.28864,-45363.9
2.05,0.0200617,2,0.703617,0.0194514,-2.28564,-48258.2
2.05,0.0200617,2,0.703617,0.0194514,-2.28264,-53542.7
2.05,0.0200617,2,0.703617,0.0194514,-2.27964,-50709.9
2.05,0.0200617,2,0.703617,0.0194514,-2.27664,-56656.8
2.05,0.0200617,2,0.703617,0.0194514,-2.27364,-52538.7
2.05,0.0200617,2,0.703617,0.0194514,-2.27064,-55758.8
2.05,0.0200617,2,0.703617,0.0194514,-2.26763,-59235.1
2.05,0.0200617,2,0.703617,0.0194514,-2.26463,-57746.8
2.05,0.0200617,2,0.703617,0.0194514,-2.26163,-64100.9
2.05,0.0200617,2,0.703617,0.0194514,-2.25863,-55381.1
2.05,0.0200617,2,0.703617,0.0194514,-2.25563,-55834.3
2.05,0.0200617,2,0.703617,0.0194514,-2.25263,-57314.5
2.05,0.0200617,2,0.703617,0.0194514,-2.24962,-68968.5
2.05,0.0200617,2,0.703617,0.0194514,-2.24662,-66316.3
2.05,0.0200617,2,0.703617,0.0194514,-2.24362,-59719
2.05,0.0200617,2,0.703617,0.0194514,-2.24062,-56250.3
2.05,0.0200617,2,0.703617,0.0194514,-2.23762,-59542.7
2.05,0.0200617,2,0.703617,0.0194514,-2.23462,-56658.1
2.05,0.0200617,2,0.703617,0.0194514,-2.23162,-67427
2.05,0.0200617,2,0.703617,0.0194514,-2.22861,-61810.2
2.05,0.0200617,2,0.703617,0.0194514,-2.22561,-60841.5
2.05,0.0200617,2,0.703617,0.0194514,-2.22261,-64043
2.05,0.0200617,2,0.703617,0.0194514,-2.21961,-59464.7
2.05,0.0200617,2,0.703617,0.0194514,-2.21661,-57439.5
2.05,0.0200617,2,0.703617,0.0194514,-2.21361,-64239.1
2.05,0.0200617,2,0.703617,0.0194514,-2.21061,-65784.7
2.05,0.0200617,2,0.703617,0.0194514,-2.2076,-59885
2.05,0.0200617,2,0.703617,0.0194514,-2.2046,-57846.5
2.05,0.0200617,2,0.703617,0.0194514,-2.2016,-66904.1
2.05,0.0200617,2,0.703617,0.0194514,-2.1986,-61182.3
2.05,0.0200617,2,0.703617,0.0194514,-2.1956,-66415
2.05,0.0200617,2,0.703617,0.0194514,-2.1926,-64863.6
2.05,0.0200617,2,0.703617,0.0194514,-2.18959,-65333.8
2.05,0.0200617,2,0.703617,0.0194514,-2.18659,-61211.3
2.05,0.0200617,2,0.703617,0.0194514,-2.18359,-58047.6
2.05,0.0200617,2,0.703617,0.0194514,-2.18059,-63303.4
2.05,0.0200617,2,0.703617,0.0194514,-2.17759,-65399
2.05,0.0200617,2,0.703617,0.0194514,-2.17459,-66658.7
2.05,0.0200617,2,0.703617,0.0194514,-2.17159,-60758.2
2.05,0.0200617,2,0.703617,0.0194514,-2.16858,-59811.5
2.05,0.0200617,2,0.703617,0.0194514,-2.16558,-59353.9
2.05,0.0200617,2,0.703617,0.0194514,-2.16258,-62682
2.05,0.0200617,2,0.703617,0.0194514,-2.15958,-59454.6
2.05,0.0200617,2,0.703617,0.0194514,-2.15658,-64968.4
2.05,0.0200617,2,0.703617,0.0194514,-2.15358,-61404.6
2.05,0.0200617,2,0.703617,0.0194514,-2.15058,-66587.2
2.05,0.0200617,2,0.703617,0.0194514,-2.14757,-62477.7
2.05,0.0200617,2,0.703617,0.0194514,-2.14457,-61096.8
2.05,0.0200617,2,0.703617,0.0194514,-2.14157,-65872.4
2.05,0.0200617,2,0.703617,0.0194514,-2.13857,-60197.4
2.05,0.0200617,2,0.703617,0.0194514,-2.13557,-70176.8
2.05,0.0200617,2,0.703617,0.0194514,-2.13257,-70522.9
2.05,0.0200617,2,0.703617,0.0194514,-2.12956,-71366.3
2.05,0.0200617,2,0.703617,0.0194514,-2.12656,-64568
2.05,0.0200617,2,0.703617,0.0194514,-2.12356,-70249.3
2.05,0.0200617,2,0.703617,0.0194514,-2.12056,-60297.9
2.05,0.0200617,2,0.703617,0.0194514,-2.11756,-63732.2
2.05,0.0200617,2,0.703617,0.0194514,-2.11456,-65037
2.05,0.0200617,2,0.703617,0.0194514,-2.11156,-69272.7
2.05,0.0200617,2,0.703617,0.0194514,-2.10855,-62240.1
2.05,0.0200617,2,0.703617,0.0194514,-2.10555,-64020.3
2.05,0.0200617,2,0.703617,0.0194514,-2.10255,-61895.7
2.05,0.0200617,2,0.703617,0.0194514,-2.09955,-66803.3
2.05,0.0200617,2,0.703617,0.0194514,-2.09655,-67194.6
2.05,0.0200617,2,0.703617,0.0194514,-2.09355,-67324.9
2.05,0.0200617,2,0.703617,0.0194514,-2.09055,-62839.3
2.05,0.0200617,2,0.703617,0.0194514,-2.08754,-63861.8
2.05,0.0200617,2,0.703617,0.0194514,-2.08454,-67298.1
2.05,0.0200617,2,0.703617,0.0194514,-2.08154,-62428.1
2.05,0.0200617,2,0.703617,0.0194514,-2.07854,-72093
2.05,0.0200617,2,0.703617,0.0194514,-2.07554,-65766.9
2.05,0.0200617,2,0.703617,0.0194514,-2.07254,-63420.1
2.05,0.0200617,2,0.703617,0.0194514,-2.06953,-66903.3
2.05,0.0200617,2,0.703617,0.0194514,-2.06653,-67845.9
2.05,0.0200617,2,0.703617,0.0194514,-2.06353,-66564.7
2.05,0.0200617,2,0.703617,0.0194514,-2.06053,-61745.7
2.05,0.0200617,2,0.703617,0.0194514,-2.05753,-63838.3
2.05,0.0200617,2,0.703617,0.0194514,-2.05453,-71807
2.05,0.0200617,2,0.703617,0.0194514,-2.05153,-62634.2
2.05,0.0200617,2,0.703617,0.0194514,-2.04852,-67726.1
2.05,0.0200617,2,0.703617,0.0194514,-2.04552,-65269.1
2.05,0.0200617,2,0.703617,0.0194514,-2.04252,-66989.3
2.05,0.0200617,2,0.703617,0.0194514,-2.03952,-65790.8
2.05,0.0200617,2,0.703617,0.0194514,-2.03652,-64012.5
2.05,0.0200617,2,0.703617,0.0194514,-2.03352,-66528.3
2.05,0.0200617,2,0.703617,0.0194514,-2.03052,-73222.5
2.05,0.0200617,2,0.703617,0.0194514,-2.02751,-68457.1
2.05,0.0200617,2,0.703617,0.0194514,-2.02451,-63555.5
2.05,0.0200617,2,0.703617,0.0194514,-2.02151,-63418.6
2.05,0.0200617,2,0.703617,0.0194514,-2.01851,-63573.9
2.05,0.0200617,2,0.703617,0.0194514,-2.01551,-68251.5
2.05,0.0200617,2,0.703617,0.0194514,-2.01251,-63606.3
2.05,0.0200617,2,0.703617,0.0194514,-2.0095,-69533.8
2.05,0.0200617,2,0.703617,0.0194514,-2.0065,-64696.5
2.05,0.0200617,2,0.703617,0.0194514,-2.0035,-71449.9
2.05,0.0200617,2,0.703617,0.0194514,-2.0005,-73033.4
2.05,0.0200617,2,0.703617,0.0194514,-1.9975,-73694.1
2.05,0.0200617,2,0.703617,0.0194514,-1.9945,-63327.4
2.05,0.0200617,2,0.703617,0.0194514,-1.9915,-71355
2.05,0.0200617,2,0.703617,0.0194514,-1.98849,-63597.1
2.05,0.0200617,2,0.703617,0.0194514,-1.98549,-72867.2
2.05,0.0200617,2,0.703617,0.0194514,-1.98249,-65719.7
2.05,0.0200617,2,0.703617,0.0194514,-1.97949,-67787.7
2.05,0.0200617,2,0.703617,0.0194514,-1.97649,-69390
2.05,0.0200617,2,0.703617,0.0194514,-1.97349,-65447.6
2.05,0.0200617,2,0.703617,0.0194514,-1.97049,-69789.2
2.05,0.0200617,2,0.703617,0.0194514,-1.96748,-65761.9
2.05,0.0200617,2,0.703617,0.0194514,-1.96448,-68303.5
2.05,0.0200617,2,0.703617,0.0194514,-1.96148,-70163.4
2.05,0.0200617,2,0.703617,0.0194514,-1.95848,-74651.5
2.05,0.0200617,2,0.703617,0.0194514,-1.95548,-64538.1
2.05,0.0200617,2,0.703617,0.0194514,-1.95248,-64494.3
2.05,0.0200617,2,0.703617,0.0194514,-1.94947,-66330.7
2.05,0.0200617,2,0.703617,0.0194514,-1.94647,-75408.2
2.05,0.0200617,2,0.703617,0.0194514,-1.94347,-69738.9
2.05,0.0200617,2,0.703617,0.0194514,-1.94047,-65340
2.05,0.0200617,2,0.703617,0.0194514,-1.93747,-69811.4
2.05,0.0200617,2,0.703617,0.0194514,-1.93447,-79181.8
2.05,0.0200617,2,0.703617,0.0194514,-1.93147,-68650.1
2.05,0.0200617,2,0.703617,0.0194514,-1.92846,-66970.9
2.05,0.0200617,2,0.703617,0.0194514,-1.92546,-70880.1
2.05,0.0200617,2,0.703617,0.0194514,-1.92246,-64069.5
2.05,0.0200617,2,0.703617,0.0194514,-1.91946,-64085
2.05,0.0200617,2,0.703617,0.0194514,-1.91646,-71892.2
2.05,0.0200617,2,0.703617,0.0194514,-1.91346,-64064.6
2.05,0.0200617,2,0.703617,0.0194514,-1.91046,-65721.2
2.05,0.0200617,2,0.703617,0.0194514,-1.90745,-64916.3
2.05,0.0200617,2,0.703617,0.0194514,-1.90445,-66967.6
2.05,0.0200617,2,0.703617,0.0194514,-1.90145,-67783
2.05,0.0200617,2,0.703617,0.0194514,-1.89845,-67712.7
2.05,0.0200617,2,0.703617,0.0194514,-1.89545,-68646
2.05,0.0200617,2,0.703617,0.0194514,-1.89245,-74695.8
2.05,0.0200617,2,0.703617,0.0194514,-1.88944,-67446
2.05,0.0200617,2,0.703617,0.0194514,-1.88644,-69815.7
2.05,0.0200617,2,0.703617,0.0194514,-1.88344,-67332.3
2.05,0.0200617,2,0.703617,0.0194514,-1.88044,-67669.5
2.05,0.0200617,2,0.703617,0.0194514,-1.87744,-65561.1
2.05,0.0200617,2,0.703617,0.0194514,-1.87444,-74862.8
2.05,0.0200617,2,0.703617,0.0194514,-1.87144,-69035.8
2.05,0.0200617,2,0.703617,0.0194514,-1.86843,-69041.1
2.05,0.0200617,2,0.703617,0.0194514,-1.86543,-65897.1
2.05,0.0200617,2,0.703617,0.0194514,-1.86243,-67225.5
2.05,0.0200617,2,0.703617,0.0194514,-1.85943,-74071.1
2.05,0.0200617,2,0.703617,0.0194514,-1.85643,-73359.5
2.05,0.0200617,2,0.703617,0.0194514,-1.85343,-72448.6
2.05,0.0200617,2,0.703617,0.0194514,-1.85043,-74373.4
2.05,0.0200617,2,0.703617,0.0194514,-1.84742,-64837.6
2.05,0.0200617,2,0.703617,0.0194514,-1.84442,-67948.7
2.05,0.0200617,2,0.703617,0.0194514,-1.84142,-66312
2.05,0.0200617,2,0.703617,0.0194514,-1.83842,-69485.2
2.05,0.0200617,2,0.703617,0.0194514,-1.83542,-69622.9
2.05,0.0200617,2,0.703617,0.0194514,-1.83242,-65336.1
2.05,0.0200617,2,0.703617,0.0194514,-1.82941,-72131.9
2.05,0.0200617,2,0.703617,0.0194514,-1.82641,-71158.4
2.05,0.0200617,2,0.703617,0.0194514,-1.82341,-73064.3
2.05,0.0200617,2,0.703617,0.0194514,-1.82041,-65824.2
2.05,0.0200617,2,0.703617,0.0194514,-1.81741,-64459.4
2.05,0.0200617,2,0.703617,0.0194514,-1.81441,-66995.8
2.05,0.0200617,2,0.703617,0.0194514,-1.81141,-67330.2
2.05,0.0200617,2,0.703617,0.0194514,-1.8084,-67046.4
2.05,0.0200617,2,0.703617,0.0194514,-1.8054,-66994.7
2.05,0.0200617,2,0.703617,0.0194514,-1.8024,-65664.9
2.05,0.0200617,2,0.703617,0.0194514,-1.7994,-66694
2.05,0.0200617,2,0.703617,0.0194514,-1.7964,-68018.4
2.05,0.0200617,2,0.703617,0.0194514,-1.7934,-65565.6
2.05,0.0200617,2,0.703617,0.0194514,-1.7904,-64184.2
2.05,0.0200617,2,0.703617,0.0194514,-1.78739,-72264.8
2.05,0.0200617,2,0.703617,0.0194514,-1.78439,-75304.5
2.05,0.0200617,2,0.703617,0.0194514,-1.78139,-64997.4
2.05,0.0200617,2,0.703617,0.0194514,-1.77839,-66681.4
2.05,0.0200617,2,0.703617,0.0194514,-1.77539,-69817.4
2.05,0.0200617,2,0.703617,0.0194514,-1.77239,-68631.5
2.05,0.0200617,2,0.703617,0.0194514,-1.76938,-69076.8
2.05,0.0200617,2,0.703617,0.0194514,-1.76638,-66435.3
2.05,0.0200617,2,0.703617,0.0194514,-1.76338,-74251.6
2.05,0.0200617,2,0.703617,0.0194514,-1.76038,-65533.7
2.05,0.0200617,2,0.703617,0.0194514,-1.75738,-68894.7
2.05,0.0200617,2,0.703617,0.0194514,-1.75438,-64576.2
2.05,0.0200617,2,0.703617,0.0194514,-1.75138,-72686
2.05,0.0200617,2,0.703617,0.0194514,-1.74837,-69086.2
2.05,0.0200617,2,0.703617,0.0194514,-1.74537,-65491.1
2.05,0.0200617,2,0.703617,0.0194514,-1.74237,-76238.9
2.05,0.0200617,2,0.703617,0.0194514,-1.73937,-75203.1
2.05,0.0200617,2,0.703617,0.0194514,-1.73637,-65207.4
2.05,0.0200617,2,0.703617,0.0194514,-1.73337,-69206.2
2.05,0.0200617,2,0.703617,0.0194514,-1.73037,-70640.5
2.05,0.0200617,2,0.703617,0.0194514,-1.72736,-65775.1
2.05,0.0200617,2,0.703617,0.0194514,-1.72436,-64339
2.05,0.0200617,2,0.703617,0.0194514,-1.72136,-69913.8
2.05,0.0200617,2,0.703617,0.0194514,-1.71836,-67178
2.05,0.0200617,2,0.703617,0.0194514,-1.71536,-70932
2.05,0.0200617,2,0.703617,0.0194514,-1.71236,-64806.1
2.05,0.0200617,2,0.703617,0.0194514,-1.70935,-74416.7
2.05,0.0200617,2,0.703617,0.0194514,-1.70635,-68456.3
2.05,0.0200617,2,0.703617,0.0194514,-1.70335,-64543.6
2.05,0.0200617,2,0.703617,0.0194514,-1.70035,-68421.5
2.05,0.0200617,2,0.703617,0.0194514,-1.69735,-68585.4
2.05,0.0200617,2,0.703617,0.0194514,-1.69435,-68305.3
2.05,0.0200617,2,0.703617,0.0194514,-1.69135,-64761.1
2.05,0.0200617,2,0.703617,0.0194514,-1.68834,-64610.2
2.05,0.0200617,2,0.703617,0.0194514,-1.68534,-65662.5
2.05,0.0200617,2,0.703617,0.0194514,-1.68234,-64770.3
2.05,0.0200617,2,0.703617,0.0194514,-1.67934,-78507
2.05,0.0200617,2,0.703617,0.0194514,-1.67634,-65410.8
2.05,0.0200617,2,0.703617,0.0194514,-1.67334,-66686.1
2.05,0.0200617,2,0.703617,0.0194514,-1.67034,-71482.3
2.05,0.0200617,2,0.703617,0.0194514,-1.66733,-65200.1
2.05,0.0200617,2,0.703617,0.0194514,-1.66433,-67716.6
2.05,0.0200617,2,0.703617,0.0194514,-1.66133,-71910.9
2.05,0.0200617,2,0.703617,0.0194514,-1.65833,-68479.6
2.05,0.0200617,2,0.703617,0.0194514,-1.65533,-65325.1
2.05,0.0200617,2,0.703617,0.0194514,-1.65233,-71544.8
2.05,0.0200617,2,0.703617,0.0194514,-1.64932,-66113.4
2.05,0.0200617,2,0.703617,0.0194514,-1.64632,-64273.5
2.05,0.0200617,2,0.703617,0.0194514,-1.64332,-67586.5
2.05,0.0200617,2,0.703617,0.0194514,-1.64032,-76361.3
2.05,0.0200617,2,0.703617,0.0194514,-1.63732,-70737.1
2.05,0.0200617,2,0.703617,0.0194514,-1.63432,-72129
2.05,0.0200617,2,0.703617,0.0194514,-1.63132,-69862.7
2.05,0.0200617,2,0.703617,0.0194514,-1.62831,-72119.2
2.05,0.0200617,2,0.703617,0.0194514,-1.62531,-69474.8
2.05,0.0200617,2,0.703617,0.0194514,-1.62231,-71723.2
2.05,0.0200617,2,0.703617,0.0194514,-1.61931,-71777.6
2.05,0.0200617,2,0.703617,0.0194514,-1.61631,-70222.2
2.05,0.0200617,2,0.703617,0.0194514,-1.61331,-70065.8
2.05,0.0200617,2,0.703617,0.0194514,-1.61031,-66009.2
2.05,0.0200617,2,0.703617,0.0194514,-1.6073,-63346
2.05,0.0200617,2,0.703617,0.0194514,-1.6043,-65987.2
2.05,0.0200617,2,0.703617,0.0194514,-1.6013,-66060.6
2.05,0.0200617,2,0.703617,0.0194514,-1.5983,-75395.4
2.05,0.0200617,2,0.703617,0.0194514,-1.5953,-70813
2.05,0.0200617,2,0.703617,0.0194514,-1.5923,-75854.6
2.05,0.0200617,2,0.703617,0.0194514,-1.58929,-65313.5
2.05,0.0200617,2,0.703617,0.0194514,-1.58629,-65739.9
2.05,0.0200617,2,0.703617,0.0194514,-1.58329,-68239.4
2.05,0.0200617,2,0.703617,0.0194514,-1.58029,-68185
2.05,0.0200617,2,0.703617,0.0194514,-1.57729,-65581.1
2.05,0.0200617,2,0.703617,0.0194514,-1.57429,-65776.5
2.05,0.0200617,2,0.703617,0.0194514,-1.57129,-70665.1
2.05,0.0200617,2,0.703617,0.0194514,-1.56828,-65599.8
2.05,0.0200617,2,0.703617,0.0194514,-1.56528,-62972.6
2.05,0.0200617,2,0.703617,0.0194514,-1.56228,-65127.2
2.05,0.0200617,2,0.703617,0.0194514,-1.55928,-66007.9
2.05,0.0200617,2,0.703617,0.0194514,-1.55628,-71265.1
2.05,0.0200617,2,0.703617,0.0194514,-1.55328,-69264
2.05,0.0200617,2,0.703617,0.0194514,-1.55028,-62615.2
2.05,0.0200617,2,0.703617,0.0194514,-1.54727,-73001.8
2.05,0.0200617,2,0.703617,0.0194514,-1.54427,-74095.8
2.05,0.0200617,2,0.703617,0.0194514,-1.54127,-71472.4
2.05,0.0200617,2,0.703617,0.0194514,-1.53827,-70273.2
2.05,0.0200617,2,0.703617,0.0194514,-1.53527,-62825.4
2.05,0.0200617,2,0.703617,0.0194514,-1.53227,-66255.7
2.05,0.0200617,2,0.703617,0.0194514,-1.52926,-66807.9
2.05,0.0200617,2,0.703617,0.0194514,-1.52626,-64102.9
2.05,0.0200617,2,0.703617,0.0194514,-1.52326,-65499.1
2.05,0.0200617,2,0.703617,0.0194514,-1.52026,-64357.5
2.05,0.0200617,2,0.703617,0.0194514,-1.51726,-68896.8
2.05,0.0200617,2,0.703617,0.0194514,-1.51426,-63504.4
2.05,0.0200617,2,0.703617,0.0194514,-1.51126,-78857.6
2.05,0.0200617,2,0.703617,0.0194514,-1.50825,-64626.4
2.05,0.0200617,2,0.703617,0.0194514,-1.50525,-65922.5
2.05,0.0200617,2,0.703617,0.0194514,-1.50225,-66565.5
2.05,0.0200617,2,0.703617,0.0194514,-1.49925,-63859.6
2.05,0.0200617,2,0.703617,0.0194514,-1.49625,-65722.1
2.05,0.0200617,2,0.703617,0.0194514,-1.49325,-62309.6
2.05,0.0200617,2,0.703617,0.0194514,-1.49025,-76941.7
2.05,0.0200617,2,0.703617,0.0194514,-1.48724,-68698.1
2.05,0.0200617,2,0.703617,0.0194514,-1.48424,-67647.7
2.05,0.0200617,2,0.703617,0.0194514,-1.48124,-61963.9
2.05,0.0200617,2,0.703617,0.0194514,-1.47824,-71773.8
2.05,0.0200617,2,0.703617,0.0194514,-1.47524,-61929.5
2.05,0.0200617,2,0.703617,0.0194514,-1.47224,-61269.8
2.05,0.0200617,2,0.703617,0.0194514,-1.46923,-67175.9
2.05,0.0200617,2,0.703617,0.0194514,-1.46623,-74615.7
2.05,0.0200617,2,0.703617,0.0194514,-1.46323,-62407.1
2.05,0.0200617,2,0.703617,0.0194514,-1.46023,-67877.2
2.05,0.0200617,2,0.703617,0.0194514,-1.45723,-65655.3
2.05,0.0200617,2,0.703617,0.0194514,-1.45423,-69372.1
2.05,0.0200617,2,0.703617,0.0194514,-1.45123,-69598.4
2.05,0.0200617,2,0.703617,0.0194514,-1.44822,-62731.6
2.05,0.0200617,2,0.703617,0.0194514,-1.44522,-68743
2.05,0.0200617,2,0.703617,0.0194514,-1.44222,-64433.3
2.05,0.0200617,2,0.703617,0.0194514,-1.43922,-66211.1
2.05,0.0200617,2,0.703617,0.0194514,-1.43622,-71087.7
2.05,0.0200617,2,0.703617,0.0194514,-1.43322,-64799.8
2.05,0.0200617,2,0.703617,0.0194514,-1.43022,-64263.5
2.05,0.0200617,2,0.703617,0.0194514,-1.42721,-64926.5
2.05,0.0200617,2,0.703617,0.0194514,-1.42421,-59542.9
2.05,0.0200617,2,0.703617,0.0194514,-1.42121,-66921.6
2.05,0.0200617,2,0.703617,0.0194514,-1.41821,-62814.9
2.05,0.0200617,2,0.703617,0.0194514,-1.41521,-71670.5
2.05,0.0200617,2,0.703617,0.0194514,-1.41221,-61304
2.05,0.0200617,2,0.703617,0.0194514,-1.4092,-65368
2.05,0.0200617,2,0.703617,0.0194514,-1.4062,-67353.8
2.05,0.0200617,2,0.703617,0.0194514,-1.4032,-69168
2.05,0.0200617,2,0.703617,0.0194514,-1.4002,-69675.5
2.05,0.0200617,2,0.703617,0.0194514,-1.3972,-58289.5
2.05,0.0200617,2,0.703617,0.0194514,-1.3942,-64686.4
2.05,0.0200617,2,0.703617,0.0194514,-1.3912,-70012.2
2.05,0.0200617,2,0.703617,0.0194514,-1.38819,-61334.3
2.05,0.0200617,2,0.703617,0.0194514,-1.38519,-57876
2.05,0.0200617,2,0.703617,0.0194514,-1.38219,-73505.6
2.05,0.0200617,2,0.703617,0.0194514,-1.37919,-61425
2.05,0.0200617,2,0.703617,0.0194514,-1.37619,-67041.6
2.05,0.0200617,2,0.703617,0.0194514,-1.37319,-63210
2.05,0.0200617,2,0.703617,0.0194514,-1.37019,-62385
2.05,0.0200617,2,0.703617,0.0194514,-1.36718,-57208.7
2.05,0.0200617,2,0.703617,0.0194514,-1.36418,-63442.3
2.05,0.0200617,2,0.703617,0.0194514,-1.36118,-61543.8
2.05,0.0200617,2,0.703617,0.0194514,-1.35818,-58444.8
2.05,0.0200617,2,0.703617,0.0194514,-1.35518,-63060.9
2.05,0.0200617,2,0.703617,0.0194514,-1.35218,-55804.9
2.05,0.0200617,2,0.703617,0.0194514,-1.34917,-62508.8
2.05,0.0200617,2,0.703617,0.0194514,-1.34617,-59130.7
2.05,0.0200617,2,0.703617,0.0194514,-1.34317,-59107.9
2.05,0.0200617,2,0.703617,0.0194514,-1.34017,-57846.3
2.05,0.0200617,2,0.703617,0.0194514,-1.33717,-60662.2
2.05,0.0200617,2,0.703617,0.0194514,-1.33417,-59188
2.05,0.0200617,2,0.703617,0.0194514,-1.33117,-59021.6
2.05,0.0200617,2,0.703617,0.0194514,-1.32816,-59101.3
2.05,0.0200617,2,0.703617,0.0194514,-1.32516,-60021.4
2.05,0.0200617,2,0.703617,0.0194514,-1.32216,-51243
2.05,0.0200617,2,0.703617,0.0194514,-1.31916,-53586.5
2.05,0.0200617,2,0.703617,0.0194514,-1.31616,-50778.4
2.05,0.0200617,2,0.703617,0.0194514,-1.31316,-55086.6
2.05,0.0200617,2,0.703617,0.0194514,-1.31016,-42793.4
2.05,0.0200617,2,0.703617,0.0194514,-1.30715,52029.5
2.05,0.0200617,2,0.703617,0.0194514,-1.30415,53559.3
2.05,0.0200617,2,0.703617,0.0194514,-1.30115,55028.6
2.05,0.0200617,2,0.703617,0.0194514,-1.29815,50917.6
2.05,0.0200617,2,0.703617,0.0194514,-1.29515,65543.3
2.05,0.0200617,2,0.703617,0.0194514,-1.29215,55610.8
2.05,0.0200617,2,0.703617,0.0194514,-1.28914,55516.9
2.05,0.0200617,2,0.703617,0.0194514,-1.28614,54950.7
2.05,0.0200617,2,0.703617,0.0194514,-1.28314,58379
2.05,0.0200617,2,0.703617,0.0194514,-1.28014,57040.5
2.05,0.0200617,2,0.703617,0.0194514,-1.27714,55208.5
2.05,0.0200617,2,0.703617,0.0194514,-1.27414,55100.9
2.05,0.0200617,2,0.703617,0.0194514,-1.27114,55090.3
2.05,0.0200617,2,0.703617,0.0194514,-1.26813,59914
2.05,0.0200617,2,0.703617,0.0194514,-1.26513,58730.9
2.05,0.0200617,2,0.703617,0.0194514,-1.26213,57084.7
2.05,0.0200617,2,0.703617,0.0194514,-1.25913,58135.4
2.05,0.0200617,2,0.703617,0.0194514,-1.25613,65151.1
2.05,0.0200617,2,0.703617,0.0194514,-1.25313,61218.3
2.05,0.0200617,2,0.703617,0.0194514,-1.25013,57061.1
2.05,0.0200617,2,0.703617,0.0194514,-1.24712,69917.9
2.05,0.0200617,2,0.703617,0.0194514,-1.24412,65829.5
2.05,0.0200617,2,0.703617,0.0194514,-1.24112,59090.6
2.05,0.0200617,2,0.703617,0.0194514,-1.23812,61371.8
2.05,0.0200617,2,0.703617,0.0194514,-1.23512,65555.8
2.05,0.0200617,2,0.703617,0.0194514,-1.23212,59352.3
2.05,0.0200617,2,0.703617,0.0194514,-1.22911,61286.4
2.05,0.0200617,2,0.703617,0.0194514,-1.22611,62035
2.05,0.0200617,2,0.703617,0.0194514,-1.22311,63839.3
2.05,0.0200617,2,0.703617,0.0194514,-1.22011,59440.9
2.05,0.0200617,2,0.703617,0.0194514,-1.21711,68813.6
2.05,0.0200617,2,0.703617,0.0194514,-1.21411,63866.4
2.05,0.0200617,2,0.703617,0.0194514,-1.21111,59787.9
2.05,0.0200617,2,0.703617,0.0194514,-1.2081,71262.2
2.05,0.0200617,2,0.703617,0.0194514,-1.2051,62493.3
2.05,0.0200617,2,0.703617,0.0194514,-1.2021,60116.5
2.05,0.0200617,2,0.703617,0.0194514,-1.1991,69428.4
2.05,0.0200617,2,0.703617,0.0194514,-1.1961,62540.6
2.05,0.0200617,2,0.703617,0.0194514,-1.1931,69451.7
2.05,0.0200617,2,0.703617,0.0194514,-1.1901,68962.6
2.05,0.0200617,2,0.703617,0.0194514,-1.18709,61919.2
2.05,0.0200617,2,0.703617,0.0194514,-1.18409,61654.8
2.05,0.0200617,2,0.703617,0.0194514,-1.18109,66637.9
2.05,0.0200617,2,0.703617,0.0194514,-1.17809,63948.3
2.05,0.0200617,2,0.703617,0.0194514,-1.17509,68229
2.05,0.0200617,2,0.703617,0.0194514,-1.17209,66097.1
2.05,0.0200617,2,0.703617,0.0194514,-1.16908,62021.2
2.05,0.0200617,2,0.703617,0.0194514,-1.16608,61093.8
2.05,0.0200617,2,0.703617,0.0194514,-1.16308,62021.2
2.05,0.0200617,2,0.703617,0.0194514,-1.16008,64334
2.05,0.0200617,2,0.703617,0.0194514,-1.15708,67916.8
2.05,0.0200617,2,0.703617,0.0194514,-1.15408,72317.2
2.05,0.0200617,2,0.703617,0.0194514,-1.15108,65931.7
2.05,0.0200617,2,0.703617,0.0194514,-1.14807,66809.3
2.05,0.0200617,2,0.703617,0.0194514,-1.14507,62917.7
2.05,0.0200617,2,0.703617,0.0194514,-1.14207,63074.8
2.05,0.0200617,2,0.703617,0.0194514,-1.13907,67597.4
2.05,0.0200617,2,0.703617,0.0194514,-1.13607,66455.8
2.05,0.0200617,2,0.703617,0.0194514,-1.13307,63756.9
2.05,0.0200617,2,0.703617,0.0194514,-1.13007,68660
2.05,0.0200617,2,0.703617,0.0194514,-1.12706,63814.2
2.05,0.0200617,2,0.703617,0.0194514,-1.12406,69187.4
2.05,0.0200617,2,0.703617,0.0194514,-1.12106,64632.6
2.05,0.0200617,2,0.703617,0.0194514,-1.11806,64685.5
2.05,0.0200617,2,0.703617,0.0194514,-1.11506,70515.5
2.05,0.0200617,2,0.703617,0.0194514,-1.11206,64954.9
2.05,0.0200617,2,0.703617,0.0194514,-1.10905,67675
2.05,0.0200617,2,0.703617,0.0194514,-1.10605,64705.9
2.05,0.0200617,2,0.703617,0.0194514,-1.10305,71903.9
2.05,0.0200617,2,0.703617,0.0194514,-1.10005,65798.8
2.05,0.0200617,2,0.703617,0.0194514,-1.09705,64351.5
2.05,0.0200617,2,0.703617,0.0194514,-1.09405,69682.5
2.05,0.0200617,2,0.703617,0.0194514,-1.09105,65986.5
2.05,0.0200617,2,0.703617,0.0194514,-1.08804,65387.4
2.05,0.0200617,2,0.703617,0.0194514,-1.08504,72568.7
2.05,0.0200617,2,0.703617,0.0194514,-1.08204,63947.2
2.05,0.0200617,2,0.703617,0.0194514,-1.07904,64529.7
2.05,0.0200617,2,0.703617,0.0194514,-1.07604,64190.3
2.05,0.0200617,2,0.703617,0.0194514,-1.07304,65590
2.05,0.0200617,2,0.703617,0.0194514,-1.07004,65161
2.05,0.0200617,2,0.703617,0.0194514,-1.06703,65144.8
2.05,0.0200617,2,0.703617,0.0194514,-1.06403,66273.1
2.05,0.0200617,2,0.703617,0.0194514,-1.06103,70386.5
2.05,0.0200617,2,0.703617,0.0194514,-1.05803,65528.4
2.05,0.0200617,2,0.703617,0.0194514,-1.05503,66618.2
2.05,0.0200617,2,0.703617,0.0194514,-1.05203,64033.2
2.05,0.0200617,2,0.703617,0.0194514,-1.04902,69099.3
2.05,0.0200617,2,0.703617,0.0194514,-1.04602,64677.3
2.05,0.0200617,2,0.703617,0.0194514,-1.04302,66535.1
2.05,0.0200617,2,0.703617,0.0194514,-1.04002,66386
2.05,0.0200617,2,0.703617,0.0194514,-1.03702,75242.2
2.05,0.0200617,2,0.703617,0.0194514,-1.03402,64713.4
2.05,0.0200617,2,0.703617,0.0194514,-1.03102,65177.4
2.05,0.0200617,2,0.703617,0.0194514,-1.02801,65544.5
2.05,0.0200617,2,0.703617,0.0194514,-1.02501,65874.4
2.05,0.0200617,2,0.703617,0.0194514,-1.02201,72223.7
2.05,0.0200617,2,0.703617,0.0194514,-1.01901,69255.3
2.05,0.0200617,2,0.703617,0.0194514,-1.01601,64296.8
2.05,0.0200617,2,0.703617,0.0194514,-1.01301,65632.8
2.05,0.0200617,2,0.703617,0.0194514,-1.01001,68486
2.05,0.0200617,2,0.703617,0.0194514,-1.007,64958.7
2.05,0.0200617,2,0.703617,0.0194514,-1.004,72580.4
2.05,0.0200617,2,0.703617,0.0194514,-1.001,64772.3
2.05,0.0200617,2,0.703617,0.0194514,-0.997999,74343.7
2.05,0.0200617,2,0.703617,0.0194514,-0.994997,66820.1
2.05,0.0200617,2,0.703617,0.0194514,-0.991996,74217.8
2.05,0.0200617,2,0.703617,0.0194514,-0.988994,68340.6
2.05,0.0200617,2,0.703617,0.0194514,-0.985993,68966.4
2.05,0.0200617,2,0.703617,0.0194514,-0.982991,73556.4
2.05,0.0200617,2,0.703617,0.0194514,-0.97999,68906.1
2.05,0.0200617,2,0.703617,0.0194514,-0.976988,67495.6
2.05,0.0200617,2,0.703617,0.0194514,-0.973987,70605.1
2.05,0.0200617,2,0.703617,0.0194514,-0.970985,65194.1
2.05,0.0200617,2,0.703617,0.0194514,-0.967984,66736.4
2.05,0.0200617,2,0.703617,0.0194514,-0.964982,70486.9
2.05,0.0200617,2,0.703617,0.0194514,-0.961981,76741.5
2.05,0.0200617,2,0.703617,0.0194514,-0.958979,65829
2.05,0.0200617,2,0.703617,0.0194514,-0.955978,68713.9
2.05,0.0200617,2,0.703617,0.0194514,-0.952976,72619.4
2.05,0.0200617,2,0.703617,0.0194514,-0.949975,66793.8
2.05,0.0200617,2,0.703617,0.0194514,-0.946973,70997.4
2.05,0.0200617,2,0.703617,0.0194514,-0.943972,65227.1
2.05,0.0200617,2,0.703617,0.0194514,-0.94097,65948.6
2.05,0.0200617,2,0.703617,0.0194514,-0.937969,65611.5
2.05,0.0200617,2,0.703617,0.0194514,-0.934967,66998.8
2.05,0.0200617,2,0.703617,0.0194514,-0.931966,66374.4
2.05,0.0200617,2,0.703617,0.0194514,-0.928964,72627.6
2.05,0.0200617,2,0.703617,0.0194514,-0.925963,65212.1
2.05,0.0200617,2,0.703617,0.0194514,-0.922961,66184.9
2.05,0.0200617,2,0.703617,0.0194514,-0.91996,70257.9
2.05,0.0200617,2,0.703617,0.0194514,-0.916958,66297.8
2.05,0.0200617,2,0.703617,0.0194514,-0.913957,65203.8
2.05,0.0200617,2,0.703617,0.0194514,-0.910955,65725.6
2.05,0.0200617,2,0.703617,0.0194514,-0.907954,68883.8
2.05,0.0200617,2,0.703617,0.0194514,-0.904952,66160.1
2.05,0.0200617,2,0.703617,0.0194514,-0.901951,65738.3
2.05,0.0200617,2,0.703617,0.0194514,-0.898949,74000.3
2.05,0.0200617,2,0.703617,0.0194514,-0.895948,66619
2.05,0.0200617,2,0.703617,0.0194514,-0.892946,67995.1
2.05,0.0200617,2,0.703617,0.0194514,-0.889945,67119.2
2.05,0.0200617,2,0.703617,0.0194514,-0.886943,67981
2.05,0.0200617,2,0.703617,0.0194514,-0.883942,66796.9
2.05,0.0200617,2,0.703617,0.0194514,-0.88094,76764.1
2.05,0.0200617,2,0.703617,0.0194514,-0.877939,69551.4
2.05,0.0200617,2,0.703617,0.0194514,-0.874937,67931.3
2.05,0.0200617,2,0.703617,0.0194514,-0.871936,65665.4
2.05,0.0200617,2,0.703617,0.0194514,-0.868934,69867.1
2.05,0.0200617,2,0.703617,0.0194514,-0.865933,68934.2
2.05,0.0200617,2,0.703617,0.0194514,-0.862931,73695.6
2.05,0.0200617,2,0.703617,0.0194514,-0.85993,67689.4
2.05,0.0200617,2,0.703617,0.0194514,-0.856928,71835.6
2.05,0.0200617,2,0.703617,0.0194514,-0.853927,75231.6
2.05,0.0200617,2,0.703617,0.0194514,-0.850925,69387.4
2.05,0.0200617,2,0.703617,0.0194514,-0.847924,67761.1
2.05,0.0200617,2,0.703617,0.0194514,-0.844922,65730.2
2.05,0.0200617,2,0.703617,0.0194514,-0.841921,74999.1
2.05,0.0200617,2,0.703617,0.0194514,-0.838919,68724
2.05,0.0200617,2,0.703617,0.0194514,-0.835918,77017.7
2.05,0.0200617,2,0.703617,0.0194514,-0.832916,66470.3
2.05,0.0200617,2,0.703617,0.0194514,-0.829915,71124.6
2.05,0.0200617,2,0.703617,0.0194514,-0.826913,69955.3
2.05,0.0200617,2,0.703617,0.0194514,-0.823912,72541.6
2.05,0.0200617,2,0.703617,0.0194514,-0.82091,65862.8
2.05,0.0200617,2,0.703617,0.0194514,-0.817909,75371.9
2.05,0.0200617,2,0.703617,0.0194514,-0.814907,73151.1
2.05,0.0200617,2,0.703617,0.0194514,-0.811906,67320.7
2.05,0.0200617,2,0.703617,0.0194514,-0.808904,69491.5
2.05,0.0200617,2,0.703617,0.0194514,-0.805903,71667
2.05,0.0200617,2,0.703617,0.0194514,-0.802901,67174.7
2.05,0.0200617,2,0.703617,0.0194514,-0.7999,69448.6
2.05,0.0200617,2,0.703617,0.0194514,-0.796898,65599.7
2.05,0.0200617,2,0.703617,0.0194514,-0.793897,67515.2
2.05,0.0200617,2,0.703617,0.0194514,-0.790895,69854.1
2.05,0.0200617,2,0.703617,0.0194514,-0.787894,72655.6
2.05,0.0200617,2,0.703617,0.0194514,-0.784892,78080.7
2.05,0.0200617,2,0.703617,0.0194514,-0.781891,70980.1
2.05,0.0200617,2,0.703617,0.0194514,-0.778889,70236.5
2.05,0.0200617,2,0.703617,0.0194514,-0.775888,73093.1
2.05,0.0200617,2,0.703617,0.0194514,-0.772886,70624.3
2.05,0.0200617,2,0.703617,0.0194514,-0.769885,73188.1
2.05,0.0200617,2,0.703617,0.0194514,-0.766883,71129.3
2.05,0.0200617,2,0.703617,0.0194514,-0.763882,73158.1
2.05,0.0200617,2,0.703617,0.0194514,-0.76088,67971.1
2.05,0.0200617,2,0.703617,0.0194514,-0.757879,74457.1
2.05,0.0200617,2,0.703617,0.0194514,-0.754877,74929.6
2.05,0.0200617,2,0.703617,0.0194514,-0.751876,69071.2
2.05,0.0200617,2,0.703617,0.0194514,-0.748874,72420.9
2.05,0.0200617,2,0.703617,0.0194514,-0.745873,74921.9
2.05,0.0200617,2,0.703617,0.0194514,-0.742871,65143.4
2.05,0.0200617,2,0.703617,0.0194514,-0.73987,65775.9
2.05,0.0200617,2,0.703617,0.0194514,-0.736868,70941.8
2.05,0.0200617,2,0.703617,0.0194514,-0.733867,65985
2.05,0.0200617,2,0.703617,0.0194514,-0.730865,70994
2.05,0.0200617,2,0.703617,0.0194514,-0.727864,74469.8
2.05,0.0200617,2,0.703617,0.0194514,-0.724862,73136.2
2.05,0.0200617,2,0.703617,0.0194514,-0.721861,67567.4
2.05,0.0200617,2,0.703617,0.0194514,-0.718859,65051.3
2.05,0.0200617,2,0.703617,0.0194514,-0.715858,67720.2
2.05,0.0200617,2,0.703617,0.0194514,-0.712856,65527.2
2.05,0.0200617,2,0.703617,0.0194514,-0.709855,65624
2.05,0.0200617,2,0.703617,0.0194514,-0.706853,67294.9
2.05,0.0200617,2,0.703617,0.0194514,-0.703852,69272.4
2.05,0.0200617,2,0.703617,0.0194514,-0.70085,68807.5
2.05,0.0200617,2,0.703617,0.0194514,-0.697849,75637.4
2.05,0.0200617,2,0.703617,0.0194514,-0.694847,71177.4
2.05,0.0200617,2,0.703617,0.0194514,-0.691846,72509.4
2.05,0.0200617,2,0.703617,0.0194514,-0.688844,64814.9
2.05,0.0200617,2,0.703617,0.0194514,-0.685843,65389.3
2.05,0.0200617,2,0.703617,0.0194514,-0.682841,66689.7
2.05,0.0200617,2,0.703617,0.0194514,-0.67984,70810.1
2.05,0.0200617,2,0.703617,0.0194514,-0.676838,68021.2
2.05,0.0200617,2,0.703617,0.0194514,-0.673837,65866.8
2.05,0.0200617,2,0.703617,0.0194514,-0.670835,64647.3
2.05,0.0200617,2,0.703617,0.0194514,-0.667834,71726.5
2.05,0.0200617,2,0.703617,0.0194514,-0.664832,70920.1
2.05,0.0200617,2,0.703617,0.0194514,-0.661831,67640.9
2.05,0.0200617,2,0.703617,0.0194514,-0.658829,66793.2
2.05,0.0200617,2,0.703617,0.0194514,-0.655828,67164.7
2.05,0.0200617,2,0.703617,0.0194514,-0.652826,69885.7
2.05,0.0200617,2,0.703617,0.0194514,-0.649825,64449.2
2.05,0.0200617,2,0.703617,0.0194514,-0.646823,68049.4
2.05,0.0200617,2,0.703617,0.0194514,-0.643822,68765.1
2.05,0.0200617,2,0.703617,0.0194514,-0.64082,64896.4
2.05,0.0200617,2,0.703617,0.0194514,-0.637819,64278.1
2.05,0.0200617,2,0.703617,0.0194514,-0.634817,71640.9
2.05,0.0200617,2,0.703617,0.0194514,-0.631816,75168
2.05,0.0200617,2,0.703617,0.0194514,-0.628814,69989.8
2.05,0.0200617,2,0.703617,0.0194514,-0.625813,69430.6
2.05,0.0200617,2,0.703617,0.0194514,-0.622811,64668.5
2.05,0.0200617,2,0.703617,0.0194514,-0.61981,73760.4
2.05,0.0200617,2,0.703617,0.0194514,-0.616808,68099.2
2.05,0.0200617,2,0.703617,0.0194514,-0.613807,66783.2
2.05,0.0200617,2,0.703617,0.0194514,-0.610805,74288.5
2.05,0.0200617,2,0.703617,0.0194514,-0.607804,67398.3
2.05,0.0200617,2,0.703617,0.0194514,-0.604802,66060.7
2.05,0.0200617,2,0.703617,0.0194514,-0.601801,67142.2
2.05,0.0200617,2,0.703617,0.0194514,-0.598799,68706.6
2.05,0.0200617,2,0.703617,0.0194514,-0.595798,67689.8
2.05,0.0200617,2,0.703617,0.0194514,-0.592796,69156.5
2.05,0.0200617,2,0.703617,0.0194514,-0.589795,68339.8
2.05,0.0200617,2,0.703617,0.0194514,-0.586793,71240.9
2.05,0.0200617,2,0.703617,0.0194514,-0.583792,76415.1
2.05,0.0200617,2,0.703617,0.0194514,-0.58079,70857.2
2.05,0.0200617,2,0.703617,0.0194514,-0.577789,68095.5
2.05,0.0200617,2,0.703617,0.0194514,-0.574787,64465.3
2.05,0.0200617,2,0.703617,0.0194514,-0.571786,69344.6
2.05,0.0200617,2,0.703617,0.0194514,-0.568784,71375.9
2.05,0.0200617,2,0.703617,0.0194514,-0.565783,68681.1
2.05,0.0200617,2,0.703617,0.0194514,-0.562781,64833.4
2.05,0.0200617,2,0.703617,0.0194514,-0.55978,63560.5
2.05,0.0200617,2,0.703617,0.0194514,-0.556778,70898.8
2.05,0.0200617,2,0.703617,0.0194514,-0.553777,71251.6
2.05,0.0200617,2,0.703617,0.0194514,-0.550775,62143.1
2.05,0.0200617,2,0.703617,0.0194514,-0.547774,73144.8
2.05,0.0200617,2,0.703617,0.0194514,-0.544772,68832.8
2.05,0.0200617,2,0.703617,0.0194514,-0.541771,62844.2
2.05,0.0200617,2,0.703617,0.0194514,-0.538769,69876.6
2.05,0.0200617,2,0.703617,0.0194514,-0.535768,70248.8
2.05,0.0200617,2,0.703617,0.0194514,-0.532766,64208.9
2.05,0.0200617,2,0.703617,0.0194514,-0.529765,64414.4
2.05,0.0200617,2,0.703617,0.0194514,-0.526763,67269
2.05,0.0200617,2,0.703617,0.0194514,-0.523762,71934.7
2.05,0.0200617,2,0.703617,0.0194514,-0.52076,65573.4
2.05,0.0200617,2,0.703617,0.0194514,-0.517759,68587.5
2.05,0.0200617,2,0.703617,0.0194514,-0.514757,69788.9
2.05,0.0200617,2,0.703617,0.0194514,-0.511756,67707.9
2.05,0.0200617,2,0.703617,0.0194514,-0.508754,63314.2
2.05,0.0200617,2,0.703617,0.0194514,-0.505753,61861
2.05,0.0200617,2,0.703617,0.0194514,-0.502751,61164.6
2.05,0.0200617,2,0.703617,0.0194514,-0.49975,64737.9
2.05,0.0200617,2,0.703617,0.0194514,-0.496748,65556.6
2.05,0.0200617,2,0.703617,0.0194514,-0.493747,62789.8
2.05,0.0200617,2,0.703617,0.0194514,-0.490745,63935
2.05,0.0200617,2,0.703617,0.0194514,-0.487744,59411.8
2.05,0.0200617,2,0.703617,0.0194514,-0.484742,67242.6
2.05,0.0200617,2,0.703617,0.0194514,-0.481741,71604.4
2.05,0.0200617,2,0.703617,0.0194514,-0.478739,65054.1
2.05,0.0200617,2,0.703617,0.0194514,-0.475738,59207.8
2.05,0.0200617,2,0.703617,0.0194514,-0.472736,58642.5
2.05,0.0200617,2,0.703617,0.0194514,-0.469735,62727
2.05,0.0200617,2,0.703617,0.0194514,-0.466733,60067.6
2.05,0.0200617,2,0.703617,0.0194514,-0.463732,62786
2.05,0.0200617,2,0.703617,0.0194514,-0.46073,64008.3
2.05,0.0200617,2,0.703617,0.0194514,-0.457729,66262.5
2.05,0.0200617,2,0.703617,0.0194514,-0.454727,63099.7
2.05,0.0200617,2,0.703617,0.0194514,-0.451726,63915.9
2.05,0.0200617,2,0.703617,0.0194514,-0.448724,58027.8
2.05,0.0200617,2,0.703617,0.0194514,-0.445723,57853.3
2.05,0.0200617,2,0.703617,0.0194514,-0.442721,57958.8
2.05,0.0200617,2,0.703617,0.0194514,-0.43972,57080.6
2.05,0.0200617,2,0.703617,0.0194514,-0.436718,55996.2
2.05,0.0200617,2,0.703617,0.0194514,-0.433717,64725.6
2.05,0.0200617,2,0.703617,0.0194514,-0.430715,59996.5
2.05,0.0200617,2,0.703617,0.0194514,-0.427714,64701.7
2.05,0.0200617,2,0.703617,0.0194514,-0.424712,56428.2
2.05,0.0200617,2,0.703617,0.0194514,-0.421711,45711.8
2.05,0.0200617,2,0.703617,0.0194514,-0.418709,-46797.5
2.05,0.0200617,2,0.703617,0.0194514,-0.415708,-54338.1
2.05,0.0200617,2,0.703617,0.0194514,-0.412706,-52696.5
2.05,0.0200617,2,0.703617,0.0194514,-0.409705,-56776.6
2.05,0.0200617,2,0.703617,0.0194514,-0.406703,-57720.2
2.05,0.0200617,2,0.703617,0.0194514,-0.403702,-65426.4
2.05,0.0200617,2,0.703617,0.0194514,-0.4007,-57830.8
2.05,0.0200617,2,0.703617,0.0194514,-0.397699,-55938
2.05,0.0200617,2,0.703617,0.0194514,-0.394697,-69066.3
2.05,0.0200617,2,0.703617,0.0194514,-0.391696,-62572.3
2.05,0.0200617,2,0.703617,0.0194514,-0.388694,-58344.1
2.05,0.0200617,2,0.703617,0.0194514,-0.385693,-57226.4
2.05,0.0200617,2,0.703617,0.0194514,-0.382691,-64693.8
2.05,0.0200617,2,0.703617,0.0194514,-0.37969,-58029.5
2.05,0.0200617,2,0.703617,0.0194514,-0.376688,-58785.6
2.05,0.0200617,2,0.703617,0.0194514,-0.373687,-59933
2.05,0.0200617,2,0.703617,0.0194514,-0.370685,-58707.5
2.05,0.0200617,2,0.703617,0.0194514,-0.367684,-61523.1
2.05,0.0200617,2,0.703617,0.0194514,-0.364682,-62374.4
2.05,0.0200617,2,0.703617,0.0194514,-0.361681,-61515.7
2.05,0.0200617,2,0.703617,0.0194514,-0.358679,-71657.5
2.05,0.0200617,2,0.703617,0.0194514,-0.355678,-59213.5
2.05,0.0200617,2,0.703617,0.0194514,-0.352676,-68942
2.05,0.0200617,2,0.703617,0.0194514,-0.349675,-63695.4
2.05,0.0200617,2,0.703617,0.0194514,-0.346673,-72522.7
2.05,0.0200617,2,0.703617,0.0194514,-0.343672,-64603.6
2.05,0.0200617,2,0.703617,0.0194514,-0.34067,-71553.4
2.05,0.0200617,2,0.703617,0.0194514,-0.337669,-62591.3
2.05,0.0200617,2,0.703617,0.0194514,-0.334667,-67166.1
2.05,0.0200617,2,0.703617,0.0194514,-0.331666,-72129.5
2.05,0.0200617,2,0.703617,0.0194514,-0.328664,-64845.1
2.05,0.0200617,2,0.703617,0.0194514,-0.325663,-63141.6
2.05,0.0200617,2,0.703617,0.0194514,-0.322661,-64136.9
2.05,0.0200617,2,0.703617,0.0194514,-0.31966,-66692.9
2.05,0.0200617,2,0.703617,0.0194514,-0.316658,-71621.4
2.05,0.0200617,2,0.703617,0.0194514,-0.313657,-63304
2.05,0.0200617,2,0.703617,0.0194514,-0.310655,-67705
2.05,0.0200617,2,0.703617,0.0194514,-0.307654,-67125.9
2.05,0.0200617,2,0.703617,0.0194514,-0.304652,-67575.3
2.05,0.0200617,2,0.703617,0.0194514,-0.301651,-72166.2
2.05,0.0200617,2,0.703617,0.0194514,-0.298649,-69572.9
2.05,0.0200617,2,0.703617,0.0194514,-0.295648,-67442.9
2.05,0.0200617,2,0.703617,0.0194514,-0.292646,-66249.8
2.05,0.0200617,2,0.703617,0.0194514,-0.289645,-68133.5
2.05,0.0200617,2,0.703617,0.0194514,-0.286643,-68423.4
2.05,0.0200617,2,0.703617,0.0194514,-0.283642,-70589.4
2.05,0.0200617,2,0.703617,0.0194514,-0.28064,-67279.7
2.05,0.0200617,2,0.703617,0.0194514,-0.277639,-73197
2.05,0.0200617,2,0.703617,0.0194514,-0.274637,-67182.4
2.05,0.0200617,2,0.703617,0.0194514,-0.271636,-70077.6
2.05,0.0200617,2,0.703617,0.0194514,-0.268634,-69028.6
2.05,0.0200617,2,0.703617,0.0194514,-0.265633,-69465.6
2.05,0.0200617,2,0.703617,0.0194514,-0.262631,-63343.2
2.05,0.0200617,2,0.703617,0.0194514,-0.25963,-71521.9
2.05,0.0200617,2,0.703617,0.0194514,-0.256628,-68269.3
2.05,0.0200617,2,0.703617,0.0194514,-0.253627,-67702.8
2.05,0.0200617,2,0.703617,0.0194514,-0.250625,-64676.8
2.05,0.0200617,2,0.703617,0.0194514,-0.247624,-67142.8
2.05,0.0200617,2,0.703617,0.0194514,-0.244622,-69158.1
2.05,0.0200617,2,0.703617,0.0194514,-0.241621,-64038.5
2.05,0.0200617,2,0.703617,0.0194514,-0.238619,-64175.7
2.05,0.0200617,2,0.703617,0.0194514,-0.235618,-66069.1
2.05,0.0200617,2,0.703617,0.0194514,-0.232616,-68647.1
2.05,0.0200617,2,0.703617,0.0194514,-0.229615,-70492.6
2.05,0.0200617,2,0.703617,0.0194514,-0.226613,-72929.2
2.05,0.0200617,2,0.703617,0.0194514,-0.223612,-71400.1
2.05,0.0200617,2,0.703617,0.0194514,-0.22061,-66089.5
2.05,0.0200617,2,0.703617,0.0194514,-0.217609,-70697.3
2.05,0.0200617,2,0.703617,0.0194514,-0.214607,-65276.1
2.05,0.0200617,2,0.703617,0.0194514,-0.211606,-71443.5
2.05,0.0200617,2,0.703617,0.0194514,-0.208604,-74155.4
2.05,0.0200617,2,0.703617,0.0194514,-0.205603,-72106
2.05,0.0200617,2,0.703617,0.0194514,-0.202601,-65206
2.05,0.0200617,2,0.703617,0.0194514,-0.1996,-68482.8
2.05,0.0200617,2,0.703617,0.0194514,-0.196598,-67050.5
2.05,0.0200617,2,0.703617,0.0194514,-0.193597,-73080.8
2.05,0.0200617,2,0.703617,0.0194514,-0.190595,-66758.8
2.05,0.0200617,2,0.703617,0.0194514,-0.187594,-72701.8
2.05,0.0200617,2,0.703617,0.0194514,-0.184592,-68816.3
2.05,0.0200617,2,0.703617,0.0194514,-0.181591,-65422.6
2.05,0.0200617,2,0.703617,0.0194514,-0.178589,-65978.4
2.05,0.0200617,2,0.703617,0.0194514,-0.175588,-67026.6
2.05,0.0200617,2,0.703617,0.0194514,-0.172586,-72205.8
2.05,0.0200617,2,0.703617,0.0194514,-0.169585,-66879.2
2.05,0.0200617,2,0.703617,0.0194514,-0.166583,-69360.1
2.05,0.0200617,2,0.703617,0.0194514,-0.163582,-73339.1
2.05,0.0200617,2,0.703617,0.0194514,-0.16058,-69560.4
2.05,0.0200617,2,0.703617,0.0194514,-0.157579,-71593.5
2.05,0.0200617,2,0.703617,0.0194514,-0.154577,-70445.1
2.05,0.0200617,2,0.703617,0.0194514,-0.151576,-68874.4
2.05,0.0200617,2,0.703617,0.0194514,-0.148574,-75784.6
2.05,0.0200617,2,0.703617,0.0194514,-0.145573,-67380.5
2.05,0.0200617,2,0.703617,0.0194514,-0.142571,-67699.8
2.05,0.0200617,2,0.703617,0.0194514,-0.13957,-78001.9
2.05,0.0200617,2,0.703617,0.0194514,-0.136568,-69732.9
2.05,0.0200617,2,0.703617,0.0194514,-0.133567,-74352.4
2.05,0.0200617,2,0.703617,0.0194514,-0.130565,-65905.3
2.05,0.0200617,2,0.703617,0.0194514,-0.127564,-68710.7
2.05,0.0200617,2,0.703617,0.0194514,-0.124562,-69710
2.05,0.0200617,2,0.703617,0.0194514,-0.121561,-71932.8
2.05,0.0200617,2,0.703617,0.0194514,-0.118559,-69533.5
2.05,0.0200617,2,0.703617,0.0194514,-0.115558,-72830.7
2.05,0.0200617,2,0.703617,0.0194514,-0.112556,-75683.7
2.05,0.0200617,2,0.703617,0.0194514,-0.109555,-70029.1
2.05,0.0200617,2,0.703617,0.0194514,-0.106553,-66188.8
2.05,0.0200617,2,0.703617,0.0194514,-0.103552,-72660.9
2.05,0.0200617,2,0.703617,0.0194514,-0.10055,-67008.3
2.05,0.0200617,2,0.703617,0.0194514,-0.0975488,-67080.9
2.05,0.0200617,2,0.703617,0.0194514,-0.0945473,-73115.8
2.05,0.0200617,2,0.703617,0.0194514,-0.0915458,-72705.1
2.05,0.0200617,2,0.703617,0.0194514,-0.0885443,-74446.6
2.05,0.0200617,2,0.703617,0.0194514,-0.0855428,-69302.7
2.05,0.0200617,2,0.703617,0.0194514,-0.0825413,-76718.8
2.05,0.0200617,2,0.703617,0.0194514,-0.0795398,-68250
2.05,0.0200617,2,0.703617,0.0194514,-0.0765383,-73706.3
2.05,0.0200617,2,0.703617,0.0194514,-0.0735368,-70136.4
2.05,0.0200617,2,0.703617,0.0194514,-0.0705353,-67482.7
2.05,0.0200617,2,0.703617,0.0194514,-0.0675338,-70743.9
2.05,0.0200617,2,0.703617,0.0194514,-0.0645323,-67769.6
2.05,0.0200617,2,0.703617,0.0194514,-0.0615308,-76787
2.05,0.0200617,2,0.703617,0.0194514,-0.0585293,-70576.5
2.05,0.0200617,2,0.703617,0.0194514,-0.0555278,-71392.4
2.05,0.0200617,2,0.703617,0.0194514,-0.0525263,-77576.5
2.05,0.0200617,2,0.703617,0.0194514,-0.0495248,-75365
2.05,0.0200617,2,0.703617,0.0194514,-0.0465233,-73194.6
2.05,0.0200617,2,0.703617,0.0194514,-0.0435218,-66700.4
2.05,0.0200617,2,0.703617,0.0194514,-0.0405203,-69033
2.05,0.0200617,2,0.703617,0.0194514,-0.0375188,-70945.5
2.05,0.0200617,2,0.703617,0.0194514,-0.0345173,-78862
2.05,0.0200617,2,0.703617,0.0194514,-0.0315158,-67315.5
2.05,0.0200617,2,0.703617,0.0194514,-0.0285143,-70467.6
2.05,0.0200617,2,0.703617,0.0194514,-0.0255128,-69532.1
2.05,0.0200617,2,0.703617,0.0194514,-0.0225113,-76161.5
2.05,0.0200617,2,0.703617,0.0194514,-0.0195098,-70746.9
2.05,0.0200617,2,0.703617,0.0194514,-0.0165083,-68925
2.05,0.0200617,2,0.703617,0.0194514,-0.0135068,-73696.2
2.05,0.0200617,2,0.703617,0.0194514,-0.0105053,-71549.1
2.05,0.0200617,2,0.703617,0.0194514,-0.00750375,-71193
2.05,0.0200617,2,0.703617,0.0194514,-0.00450225,-73995.4
2.05,0.0200617,2,0.703617,0.0194514,-0.00150075,-75902.5
2.05,0.0200617,2,0.703617,0.0194514,0.00150075,-78612.5
2.05,0.0200617,2,0.703617,0.0194514,0.00450225,-68556
2.05,0.0200617,2,0.703617,0.0194514,0.00750375,-71621.8
2.05,0.0200617,2,0.703617,0.0194514,0.0105053,-71466.9
2.05,0.0200617,2,0.703617,0.0194514,0.0135068,-80288.1
2.05,0.0200617,2,0.703617,0.0194514,0.0165083,-69803.3
2.05,0.0200617,2,0.703617,0.0194514,0.0195098,-76109.4
2.05,0.0200617,2,0.703617,0.0194514,0.0225113,-70862.3
2.05,0.0200617,2,0.703617,0.0194514,0.0255128,-71438.1
2.05,0.0200617,2,0.703617,0.0194514,0.0285143,-73507.5
2.05,0.0200617,2,0.703617,0.0194514,0.0315158,-72175.3
2.05,0.0200617,2,0.703617,0.0194514,0.0345173,-71282
2.05,0.0200617,2,0.703617,0.0194514,0.0375188,-73078.9
2.05,0.0200617,2,0.703617,0.0194514,0.0405203,-68933.4
2.05,0.0200617,2,0.703617,0.0194514,0.0435218,-73138.2
2.05,0.0200617,2,0.703617,0.0194514,0.0465233,-70828.5
2.05,0.0200617,2,0.703617,0.0194514,0.0495248,-73336.3
2.05,0.0200617,2,0.703617,0.0194514,0.0525263,-71538
2.05,0.0200617,2,0.703617,0.0194514,0.0555278,-76492.7
2.05,0.0200617,2,0.703617,0.0194514,0.0585293,-69553.5
2.05,0.0200617,2,0.703617,0.0194514,0.0615308,-69815.9
2.05,0.0200617,2,0.703617,0.0194514,0.0645323,-69778
2.05,0.0200617,2,0.703617,0.0194514,0.0675338,-68666.2
2.05,0.0200617,2,0.703617,0.0194514,0.0705353,-68151.5
2.05,0.0200617,2,0.703617,0.0194514,0.0735368,-69662.3
2.05,0.0200617,2,0.703617,0.0194514,0.0765383,-77337
2.05,0.0200617,2,0.703617,0.0194514,0.0795398,-76703.9
2.05,0.0200617,2,0.703617,0.0194514,0.0825413,-70156.8
2.05,0.0200617,2,0.703617,0.0194514,0.0855428,-69552.1
2.05,0.0200617,2,0.703617,0.0194514,0.0885443,-72669.1
2.05,0.0200617,2,0.703617,0.0194514,0.0915458,-67278.8
2.05,0.0200617,2,0.703617,0.0194514,0.0945473,-72235.9
2.05,0.0200617,2,0.703617,0.0194514,0.0975488,-78349.7
2.05,0.0200617,2,0.703617,0.0194514,0.10055,-67858.1
2.05,0.0200617,2,0.703617,0.0194514,0.103552,-66261
2.05,0.0200617,2,0.703617,0.0194514,0.106553,-75695
2.05,0.0200617,2,0.703617,0.0194514,0.109555,-68694.6
2.05,0.0200617,2,0.703617,0.0194514,0.112556,-71630.9
2.05,0.0200617,2,0.703617,0.0194514,0.115558,-66072.9
2.05,0.0200617,2,0.703617,0.0194514,0.118559,-76388.4
2.05,0.0200617,2,0.703617,0.0194514,0.121561,-70709.8
2.05,0.0200617,2,0.703617,0.0194514,0.124562,-69807.4
2.05,0.0200617,2,0.703617,0.0194514,0.127564,-70749.9
2.05,0.0200617,2,0.703617,0.0194514,0.130565,-77008.7
2.05,0.0200617,2,0.703617,0.0194514,0.133567,-66781.5
2.05,0.0200617,2,0.703617,0.0194514,0.136568,-66583.1
2.05,0.0200617,2,0.703617,0.0194514,0.13957,-66153.2
2.05,0.0200617,2,0.703617,0.0194514,0.142571,-68948.1
2.05,0.0200617,2,0.703617,0.0194514,0.145573,-69313.5
2.05,0.0200617,2,0.703617,0.0194514,0.148574,-72450
2.05,0.0200617,2,0.703617,0.0194514,0.151576,-74992.9
2.05,0.0200617,2,0.703617,0.0194514,0.154577,-66522.2
2.05,0.0200617,2,0.703617,0.0194514,0.157579,-68117.4
2.05,0.0200617,2,0.703617,0.0194514,0.16058,-74432.9
2.05,0.0200617,2,0.703617,0.0194514,0.163582,-70451.6
2.05,0.0200617,2,0.703617,0.0194514,0.166583,-74397.7
2.05,0.0200617,2,0.703617,0.0194514,0.169585,-72505.2
2.05,0.0200617,2,0.703617,0.0194514,0.172586,-70736.9
2.05,0.0200617,2,0.703617,0.0194514,0.175588,-72227.8
2.05,0.0200617,2,0.703617,0.0194514,0.178589,-70366.4
2.05,0.0200617,2,0.703617,0.0194514,0.181591,-74132.9
2.05,0.0200617,2,0.703617,0.0194514,0.184592,-65993.1
2.05,0.0200617,2,0.703617,0.0194514,0.187594,-64975.6
2.05,0.0200617,2,0.703617,0.0194514,0.190595,-68811.1
2.05,0.0200617,2,0.703617,0.0194514,0.193597,-79251.6
2.05,0.0200617,2,0.703617,0.0194514,0.196598,-64775.2
2.05,0.0200617,2,0.703617,0.0194514,0.1996,-73980.2
2.05,0.0200617,2,0.703617,0.0194514,0.202601,-74048.5
2.05,0.0200617,2,0.703617,0.0194514,0.205603,-68718.8
2.05,0.0200617,2,0.703617,0.0194514,0.208604,-67628.4
2.05,0.0200617,2,0.703617,0.0194514,0.211606,-66374.9
2.05,0.0200617,2,0.703617,0.0194514,0.214607,-70408.7
2.05,0.0200617,2,0.703617,0.0194514,0.217609,-72351.6
2.05,0.0200617,2,0.703617,0.0194514,0.22061,-75829.4
2.05,0.0200617,2,0.703617,0.0194514,0.223612,-67223.7
2.05,0.0200617,2,0.703617,0.0194514,0.226613,-65169.7
2.05,0.0200617,2,0.703617,0.0194514,0.229615,-67836
2.05,0.0200617,2,0.703617,0.0194514,0.232616,-63041.7
2.05,0.0200617,2,0.703617,0.0194514,0.235618,-69293.4
2.05,0.0200617,2,0.703617,0.0194514,0.238619,-69919.8
2.05,0.0200617,2,0.703617,0.0194514,0.241621,-66084.9
2.05,0.0200617,2,0.703617,0.0194514,0.244622,-63521.7
2.05,0.0200617,2,0.703617,0.0194514,0.247624,-69811.9
2.05,0.0200617,2,0.703617,0.0194514,0.250625,-67517.5
2.05,0.0200617,2,0.703617,0.0194514,0.253627,-69836
2.05,0.0200617,2,0.703617,0.0194514,0.256628,-65728.7
2.05,0.0200617,2,0.703617,0.0194514,0.25963,-68442.3
2.05,0.0200617,2,0.703617,0.0194514,0.262631,-66836.7
2.05,0.0200617,2,0.703617,0.0194514,0.265633,-62450
2.05,0.0200617,2,0.703617,0.0194514,0.268634,-65519.1
2.05,0.0200617,2,0.703617,0.0194514,0.271636,-69304.9
2.05,0.0200617,2,0.703617,0.0194514,0.274637,-68323.7
2.05,0.0200617,2,0.703617,0.0194514,0.277639,-64901.3
2.05,0.0200617,2,0.703617,0.0194514,0.28064,-64504.9
2.05,0.0200617,2,0.703617,0.0194514,0.283642,-61534.9
2.05,0.0200617,2,0.703617,0.0194514,0.286643,-64729.9
2.05,0.0200617,2,0.703617,0.0194514,0.289645,-62343.4
2.05,0.0200617,2,0.703617,0.0194514,0.292646,-62518.4
2.05,0.0200617,2,0.703617,0.0194514,0.295648,-62938.9
2.05,0.0200617,2,0.703617,0.0194514,0.298649,-59145.9
2.05,0.0200617,2,0.703617,0.0194514,0.301651,-69668.7
2.05,0.0200617,2,0.703617,0.0194514,0.304652,-61008.3
2.05,0.0200617,2,0.703617,0.0194514,0.307654,-68468.1
2.05,0.0200617,2,0.703617,0.0194514,0.310655,-62228.3
2.05,0.0200617,2,0.703617,0.0194514,0.313657,-63980.5
2.05,0.0200617,2,0.703617,0.0194514,0.316658,-60624.7
2.05,0.0200617,2,0.703617,0.0194514,0.31966,-59045.8
2.05,0.0200617,2,0.703617,0.0194514,0.322661,-57927.7
2.05,0.0200617,2,0.703617,0.0194514,0.325663,-58221.3
2.05,0.0200617,2,0.703617,0.0194514,0.328664,-56962
2.05,0.0200617,2,0.703617,0.0194514,0.331666,-66894.5
2.05,0.0200617,2,0.703617,0.0194514,0.334667,-54869.3
2.05,0.0200617,2,0.703617,0.0194514,0.337669,-54001
2.05,0.0200617,2,0.703617,0.0194514,0.34067,-58627.2
2.05,0.0200617,2,0.703617,0.0194514,0.343672,48861.7
2.05,0.0200617,2,0.703617,0.0194514,0.346673,64455.1
2.05,0.0200617,2,0.703617,0.0194514,0.349675,52226.4
2.05,0.0200617,2,0.703617,0.0194514,0.352676,53908.3
2.05,0.0200617,2,0.703617,0.0194514,0.355678,58135.8
2.05,0.0200617,2,0.703617,0.0194514,0.358679,61591.5
2.05,0.0200617,2,0.703617,0.0194514,0.361681,60977.5
2.05,0.0200617,2,0.703617,0.0194514,0.364682,57795.1
2.05,0.0200617,2,0.703617,0.0194514,0.367684,63544.6
2.05,0.0200617,2,0.703617,0.0194514,0.370685,64122.9
2.05,0.0200617,2,0.703617,0.0194514,0.373687,60754.1
2.05,0.0200617,2,0.703617,0.0194514,0.376688,62591
2.05,0.0200617,2,0.703617,0.0194514,0.37969,63654.8
2.05,0.0200617,2,0.703617,0.0194514,0.382691,66991.2
2.05,0.0200617,2,0.703617,0.0194514,0.385693,72957.1
2.05,0.0200617,2,0.703617,0.0194514,0.388694,66539.9
2.05,0.0200617,2,0.703617,0.0194514,0.391696,59762.7
2.05,0.0200617,2,0.703617,0.0194514,0.394697,67449.1
2.05,0.0200617,2,0.703617,0.0194514,0.397699,62906.3
2.05,0.0200617,2,0.703617,0.0194514,0.4007,60955.2
2.05,0.0200617,2,0.703617,0.0194514,0.403702,68580.9
2.05,0.0200617,2,0.703617,0.0194514,0.406703,72488.6
2.05,0.0200617,2,0.703617,0.0194514,0.409705,67412.5
2.05,0.0200617,2,0.703617,0.0194514,0.412706,67628.5
2.05,0.0200617,2,0.703617,0.0194514,0.415708,62704
2.05,0.0200617,2,0.703617,0.0194514,0.418709,63089.9
2.05,0.0200617,2,0.703617,0.0194514,0.421711,63917.9
2.05,0.0200617,2,0.703617,0.0194514,0.424712,69065.5
2.05,0.0200617,2,0.703617,0.0194514,0.427714,73138.5
2.05,0.0200617,2,0.703617,0.0194514,0.430715,64118.8
2.05,0.0200617,2,0.703617,0.0194514,0.433717,70685.8
2.05,0.0200617,2,0.703617,0.0194514,0.436718,66632
2.05,0.0200617,2,0.703617,0.0194514,0.43972,63608.9
2.05,0.0200617,2,0.703617,0.0194514,0.442721,63560.8
2.05,0.0200617,2,0.703617,0.0194514,0.445723,66635.7
2.05,0.0200617,2,0.703617,0.0194514,0.448724,66910.2
2.05,0.0200617,2,0.703617,0.0194514,0.451726,69322.6
2.05,0.0200617,2,0.703617,0.0194514,0.454727,65806
2.05,0.0200617,2,0.703617,0.0194514,0.457729,65925.8
2.05,0.0200617,2,0.703617,0.0194514,0.46073,65825.6
2.05,0.0200617,2,0.703617,0.0194514,0.463732,68705.4
2.05,0.0200617,2,0.703617,0.0194514,0.466733,65359.1
2.05,0.0200617,2,0.703617,0.0194514,0.469735,73545.1
2.05,0.0200617,2,0.703617,0.0194514,0.472736,68981.4
2.05,0.0200617,2,0.703617,0.0194514,0.475738,69084.4
2.05,0.0200617,2,0.703617,0.0194514,0.478739,71917
2.05,0.0200617,2,0.703617,0.0194514,0.481741,73410.3
2.05,0.0200617,2,0.703617,0.0194514,0.484742,67271.5
2.05,0.0200617,2,0.703617,0.0194514,0.487744,73918.7
2.05,0.0200617,2,0.703617,0.0194514,0.490745,69321.4
2.05,0.0200617,2,0.703617,0.0194514,0.493747,69832.6
2.05,0.0200617,2,0.703617,0.0194514,0.496748,72712.7
2.05,0.0200617,2,0.703617,0.0194514,0.49975,67169.1
2.05,0.0200617,2,0.703617,0.0194514,0.502751,69091.8
2.05,0.0200617,2,0.703617,0.0194514,0.505753,73264.5
2.05,0.0200617,2,0.703617,0.0194514,0.508754,72689.1
2.05,0.0200617,2,0.703617,0.0194514,0.511756,71612.2
2.05,0.0200617,2,0.703617,0.0194514,0.514757,69986.2
2.05,0.0200617,2,0.703617,0.0194514,0.517759,78891.2
2.05,0.0200617,2,0.703617,0.0194514,0.52076,74531.9
2.05,0.0200617,2,0.703617,0.0194514,0.523762,67651.5
2.05,0.0200617,2,0.703617,0.0194514,0.526763,66218.2
2.05,0.0200617,2,0.703617,0.0194514,0.529765,76113.6
2.05,0.0200617,2,0.703617,0.0194514,0.532766,74442.8
2.05,0.0200617,2,0.703617,0.0194514,0.535768,66753.1
2.05,0.0200617,2,0.703617,0.0194514,0.538769,68193
2.05,0.0200617,2,0.703617,0.0194514,0.541771,72449.3
2.05,0.0200617,2,0.703617,0.0194514,0.544772,69747.6
2.05,0.0200617,2,0.703617,0.0194514,0.547774,71222.9
2.05,0.0200617,2,0.703617,0.0194514,0.550775,71171.2
2.05,0.0200617,2,0.703617,0.0194514,0.553777,66444.8
2.05,0.0200617,2,0.703617,0.0194514,0.556778,70794
2.05,0.0200617,2,0.703617,0.0194514,0.55978,75160.7
2.05,0.0200617,2,0.703617,0.0194514,0.562781,76185.9
2.05,0.0200617,2,0.703617,0.0194514,0.565783,77914.2
2.05,0.0200617,2,0.703617,0.0194514,0.568784,67224.2
2.05,0.0200617,2,0.703617,0.0194514,0.571786,67262.1
2.05,0.0200617,2,0.703617,0.0194514,0.574787,73040
2.05,0.0200617,2,0.703617,0.0194514,0.577789,71340.9
2.05,0.0200617,2,0.703617,0.0194514,0.58079,75051.9
2.05,0.0200617,2,0.703617,0.0194514,0.583792,74809.9
2.05,0.0200617,2,0.703617,0.0194514,0.586793,68557.2
2.05,0.0200617,2,0.703617,0.0194514,0.589795,67986.4
2.05,0.0200617,2,0.703617,0.0194514,0.592796,68272.3
2.05,0.0200617,2,0.703617,0.0194514,0.595798,70979.6
2.05,0.0200617,2,0.703617,0.0194514,0.598799,73356.3
2.05,0.0200617,2,0.703617,0.0194514,0.601801,74094.9
2.05,0.0200617,2,0.703617,0.0194514,0.604802,71691.6
2.05,0.0200617,2,0.703617,0.0194514,0.607804,68300
2.05,0.0200617,2,0.703617,0.0194514,0.610805,71232.1
2.05,0.0200617,2,0.703617,0.0194514,0.613807,69946.1
2.05,0.0200617,2,0.703617,0.0194514,0.616808,72735.4
2.05,0.0200617,2,0.703617,0.0194514,0.61981,73936.1
2.05,0.0200617,2,0.703617,0.0194514,0.622811,75618
2.05,0.0200617,2,0.703617,0.0194514,0.625813,68724.5
2.05,0.0200617,2,0.703617,0.0194514,0.628814,82350.4
2.05,0.0200617,2,0.703617,0.0194514,0.631816,73887.9
2.05,0.0200617,2,0.703617,0.0194514,0.634817,73009
2.05,0.0200617,2,0.703617,0.0194514,0.637819,74138.2
2.05,0.0200617,2,0.703617,0.0194514,0.64082,69986.2
2.05,0.0200617,2,0.703617,0.0194514,0.643822,70784.1
2.05,0.0200617,2,0.703617,0.0194514,0.646823,76094.7
2.05,0.0200617,2,0.703617,0.0194514,0.649825,68496.7
2.05,0.0200617,2,0.703617,0.0194514,0.652826,75957.7
2.05,0.0200617,2,0.703617,0.0194514,0.655828,74816.8
2.05,0.0200617,2,0.703617,0.0194514,0.658829,75075.7
2.05,0.0200617,2,0.703617,0.0194514,0.661831,67339.2
2.05,0.0200617,2,0.703617,0.0194514,0.664832,74642.6
2.05,0.0200617,2,0.703617,0.0194514,0.667834,75300.7
2.05,0.0200617,2,0.703617,0.0194514,0.670835,67803.6
2.05,0.0200617,2,0.703617,0.0194514,0.673837,71221.8
2.05,0.0200617,2,0.703617,0.0194514,0.676838,67430.3
2.05,0.0200617,2,0.703617,0.0194514,0.67984,74754.9
2.05,0.0200617,2,0.703617,0.0194514,0.682841,70459.9
2.05,0.0200617,2,0.703617,0.0194514,0.685843,71424.4
2.05,0.0200617,2,0.703617,0.0194514,0.688844,74152.3
2.05,0.0200617,2,0.703617,0.0194514,0.691846,72861.2
2.05,0.0200617,2,0.703617,0.0194514,0.694847,68955.9
2.05,0.0200617,2,0.703617,0.0194514,0.697849,76811
2.05,0.0200617,2,0.703617,0.0194514,0.70085,71346.7
2.05,0.0200617,2,0.703617,0.0194514,0.703852,69160.7
2.05,0.0200617,2,0.703617,0.0194514,0.706853,71243.7
2.05,0.0200617,2,0.703617,0.0194514,0.709855,70765.6
2.05,0.0200617,2,0.703617,0.0194514,0.712856,73765.4
2.05,0.0200617,2,0.703617,0.0194514,0.715858,75746.3
2.05,0.0200617,2,0.703617,0.0194514,0.718859,75813.7
2.05,0.0200617,2,0.703617,0.0194514,0.721861,74847.8
2.05,0.0200617,2,0.703617,0.0194514,0.724862,68419.2
2.05,0.0200617,2,0.703617,0.0194514,0.727864,68884.8
2.05,0.0200617,2,0.703617,0.0194514,0.730865,74047.8
2.05,0.0200617,2,0.703617,0.0194514,0.733867,80713
2.05,0.0200617,2,0.703617,0.0194514,0.736868,74674.2
2.05,0.0200617,2,0.703617,0.0194514,0.73987,73672.6
2.05,0.0200617,2,0.703617,0.0194514,0.742871,73383.7
2.05,0.0200617,2,0.703617,0.0194514,0.745873,66675.5
2.05,0.0200617,2,0.703617,0.0194514,0.748874,67175.7
2.05,0.0200617,2,0.703617,0.0194514,0.751876,69439.1
2.05,0.0200617,2,0.703617,0.0194514,0.754877,70571.8
2.05,0.0200617,2,0.703617,0.0194514,0.757879,72075.7
2.05,0.0200617,2,0.703617,0.0194514,0.76088,69145.8
2.05,0.0200617,2,0.703617,0.0194514,0.763882,70419.3
2.05,0.0200617,2,0.703617,0.0194514,0.766883,77286.5
2.05,0.0200617,2,0.703617,0.0194514,0.769885,74587.2
2.05,0.0200617,2,0.703617,0.0194514,0.772886,70217
2.05,0.0200617,2,0.703617,0.0194514,0.775888,72241.4
2.05,0.0200617,2,0.703617,0.0194514,0.778889,70932.9
2.05,0.0200617,2,0.703617,0.0194514,0.781891,71524.2
2.05,0.0200617,2,0.703617,0.0194514,0.784892,69363.7
2.05,0.0200617,2,0.703617,0.0194514,0.787894,68266
2.05,0.0200617,2,0.703617,0.0194514,0.790895,66797.8
2.05,0.0200617,2,0.703617,0.0194514,0.793897,67386
2.05,0.0200617,2,0.703617,0.0194514,0.796898,66749.2
2.05,0.0200617,2,0.703617,0.0194514,0.7999,70868.2
2.05,0.0200617,2,0.703617,0.0194514,0.802901,76689.8
2.05,0.0200617,2,0.703617,0.0194514,0.805903,73160
2.05,0.0200617,2,0.703617,0.0194514,0.808904,75099.1
2.05,0.0200617,2,0.703617,0.0194514,0.811906,71125.9
2.05,0.0200617,2,0.703617,0.0194514,0.814907,65894.3
2.05,0.0200617,2,0.703617,0.0194514,0.817909,73694.9
2.05,0.0200617,2,0.703617,0.0194514,0.82091,71334.6
2.05,0.0200617,2,0.703617,0.0194514,0.823912,65336.6
2.05,0.0200617,2,0.703617,0.0194514,0.826913,65722.2
2.05,0.0200617,2,0.703617,0.0194514,0.829915,68119.4
2.05,0.0200617,2,0.703617,0.0194514,0.832916,67474.1
2.05,0.0200617,2,0.703617,0.0194514,0.835918,68239.1
2.05,0.0200617,2,0.703617,0.0194514,0.838919,62705.1
2.05,0.0200617,2,0.703617,0.0194514,0.841921,62996.8
2.05,0.0200617,2,0.703617,0.0194514,0.844922,62167.1
2.05,0.0200617,2,0.703617,0.0194514,0.847924,66698
2.05,0.0200617,2,0.703617,0.0194514,0.850925,66581.3
2.05,0.0200617,2,0.703617,0.0194514,0.853927,62641
2.05,0.0200617,2,0.703617,0.0194514,0.856928,65285.5
2.05,0.0200617,2,0.703617,0.0194514,0.85993,61260.2
2.05,0.0200617,2,0.703617,0.0194514,0.862931,61790.5
2.05,0.0200617,2,0.703617,0.0194514,0.865933,62253.3
2.05,0.0200617,2,0.703617,0.0194514,0.868934,62950.1
2.05,0.0200617,2,0.703617,0.0194514,0.871936,70053.5
2.05,0.0200617,2,0.703617,0.0194514,0.874937,66985.6
2.05,0.0200617,2,0.703617,0.0194514,0.877939,60089.6
2.05,0.0200617,2,0.703617,0.0194514,0.88094,55684.8
2.05,0.0200617,2,0.703617,0.0194514,0.883942,55020.6
2.05,0.0200617,2,0.703617,0.0194514,0.886943,54092.8
2.05,0.0200617,2,0.703617,0.0194514,0.889945,-50597.7
2.05,0.0200617,2,0.703617,0.0194514,0.892946,-55447.7
2.05,0.0200617,2,0.703617,0.0194514,0.895948,-57569.9
2.05,0.0200617,2,0.703617,0.0194514,0.898949,-57183.6
2.05,0.0200617,2,0.703617,0.0194514,0.901951,-62314.9
2.05,0.0200617,2,0.703617,0.0194514,0.904952,-61973.4
2.05,0.0200617,2,0.703617,0.0194514,0.907954,-65976.9
2.05,0.0200617,2,0.703617,0.0194514,0.910955,-61961.1
2.05,0.0200617,2,0.703617,0.0194514,0.913957,-63392.8
2.05,0.0200617,2,0.703617,0.0194514,0.916958,-65992.1
2.05,0.0200617,2,0.703617,0.0194514,0.91996,-64030.8
2.05,0.0200617,2,0.703617,0.0194514,0.922961,-66917.8
2.05,0.0200617,2,0.703617,0.0194514,0.925963,-65462.9
2.05,0.0200617,2,0.703617,0.0194514,0.928964,-66322.5
2.05,0.0200617,2,0.703617,0.0194514,0.931966,-67767.8
2.05,0.0200617,2,0.703617,0.0194514,0.934967,-67776
2.05,0.0200617,2,0.703617,0.0194514,0.937969,-64541
2.05,0.0200617,2,0.703617,0.0194514,0.94097,-72238.2
2.05,0.0200617,2,0.703617,0.0194514,0.943972,-68901
2.05,0.0200617,2,0.703617,0.0194514,0.946973,-69173.5
2.05,0.0200617,2,0.703617,0.0194514,0.949975,-67964.7
2.05,0.0200617,2,0.703617,0.0194514,0.952976,-66626.9
2.05,0.0200617,2,0.703617,0.0194514,0.955978,-77460.4
2.05,0.0200617,2,0.703617,0.0194514,0.958979,-68759
2.05,0.0200617,2,0.703617,0.0194514,0.961981,-69353.3
2.05,0.0200617,2,0.703617,0.0194514,0.964982,-70953.6
2.05,0.0200617,2,0.703617,0.0194514,0.967984,-75165.2
2.05,0.0200617,2,0.703617,0.0194514,0.970985,-66854.5
2.05,0.0200617,2,0.703617,0.0194514,0.973987,-71780.8
2.05,0.0200617,2,0.703617,0.0194514,0.976988,-75892.4
2.05,0.0200617,2,0.703617,0.0194514,0.97999,-69939.4
2.05,0.0200617,2,0.703617,0.0194514,0.982991,-67881.6
2.05,0.0200617,2,0.703617,0.0194514,0.985993,-74123.8
2.05,0.0200617,2,0.703617,0.0194514,0.988994,-70766.3
2.05,0.0200617,2,0.703617,0.0194514,0.991996,-79498.3
2.05,0.0200617,2,0.703617,0.0194514,0.994997,-69516.6
2.05,0.0200617,2,0.703617,0.0194514,0.997999,-82540.9
2.05,0.0200617,2,0.703617,0.0194514,1.001,-70483.2
2.05,0.0200617,2,0.703617,0.0194514,1.004,-77471.1
2.05,0.0200617,2,0.703617,0.0194514,1.007,-77368.7
2.05,0.0200617,2,0.703617,0.0194514,1.01001,-73045
2.05,0.0200617,2,0.703617,0.0194514,1.01301,-71894.6
2.05,0.0200617,2,0.703617,0.0194514,1.01601,-71999.7
2.05,0.0200617,2,0.703617,0.0194514,1.01901,-75170.8
2.05,0.0200617,2,0.703617,0.0194514,1.02201,-80013.2
2.05,0.0200617,2,0.703617,0.0194514,1.02501,-71104.1
2.05,0.0200617,2,0.703617,0.0194514,1.02801,-77128.8
2.05,0.0200617,2,0.703617,0.0194514,1.03102,-70270.9
2.05,0.0200617,2,0.703617,0.0194514,1.03402,-75247.3
2.05,0.0200617,2,0.703617,0.0194514,1.03702,-71176.8
2.05,0.0200617,2,0.703617,0.0194514,1.04002,-76554.8
2.05,0.0200617,2,0.703617,0.0194514,1.04302,-76706.2
2.05,0.0200617,2,0.703617,0.0194514,1.04602,-75368.7
2.05,0.0200617,2,0.703617,0.0194514,1.04902,-71914.7
2.05,0.0200617,2,0.703617,0.0194514,1.05203,-79839.2
2.05,0.0200617,2,0.703617,0.0194514,1.05503,-79640.6
2.05,0.0200617,2,0.703617,0.0194514,1.05803,-76754.2
2.05,0.0200617,2,0.703617,0.0194514,1.06103,-82155.4
2.05,0.0200617,2,0.703617,0.0194514,1.06403,-78291.2
2.05,0.0200617,2,0.703617,0.0194514,1.06703,-79111.4
2.05,0.0200617,2,0.703617,0.0194514,1.07004,-74235.7
2.05,0.0200617,2,0.703617,0.0194514,1.07304,-71788.5
2.05,0.0200617,2,0.703617,0.0194514,1.07604,-78533.5
2.05,0.0200617,2,0.703617,0.0194514,1.07904,-75925.6
2.05,0.0200617,2,0.703617,0.0194514,1.08204,-72295.1
2.05,0.0200617,2,0.703617,0.0194514,1.08504,-80501.7
2.05,0.0200617,2,0.703617,0.0194514,1.08804,-76813.4
2.05,0.0200617,2,0.703617,0.0194514,1.09105,-81227.5
2.05,0.0200617,2,0.703617,0.0194514,1.09405,-83298.6
2.05,0.0200617,2,0.703617,0.0194514,1.09705,-80421.3
2.05,0.0200617,2,0.703617,0.0194514,1.10005,-78220.1
2.05,0.0200617,2,0.703617,0.0194514,1.10305,-77496.2
2.05,0.0200617,2,0.703617,0.0194514,1.10605,-88839.6
2.05,0.0200617,2,0.703617,0.0194514,1.10905,-79324.9
2.05,0.0200617,2,0.703617,0.0194514,1.11206,-79426.7
2.05,0.0200617,2,0.703617,0.0194514,1.11506,-83353.7
2.05,0.0200617,2,0.703617,0.0194514,1.11806,-75282
2.05,0.0200617,2,0.703617,0.0194514,1.12106,-80912.5
2.05,0.0200617,2,0.703617,0.0194514,1.12406,-80592.6
2.05,0.0200617,2,0.703617,0.0194514,1.12706,-75591.9
2.05,0.0200617,2,0.703617,0.0194514,1.13007,-75374.9
2.05,0.0200617,2,0.703617,0.0194514,1.13307,-82550.1
2.05,0.0200617,2,0.703617,0.0194514,1.13607,-80815.3
2.05,0.0200617,2,0.703617,0.0194514,1.13907,-84797.5
2.05,0.0200617,2,0.703617,0.0194514,1.14207,-81771.8
2.05,0.0200617,2,0.703617,0.0194514,1.14507,-76079.8
2.05,0.0200617,2,0.703617,0.0194514,1.14807,-79686
2.05,0.0200617,2,0.703617,0.0194514,1.15108,-81339.7
2.05,0.0200617,2,0.703617,0.0194514,1.15408,-77753.1
2.05,0.0200617,2,0.703617,0.0194514,1.15708,-83497.7
2.05,0.0200617,2,0.703617,0.0194514,1.16008,-78591.5
2.05,0.0200617,2,0.703617,0.0194514,1.16308,-76818.2
2.05,0.0200617,2,0.703617,0.0194514,1.16608,-74718.2
2.05,0.0200617,2,0.703617,0.0194514,1.16908,-82521.6
2.05,0.0200617,2,0.703617,0.0194514,1.17209,-81502.4
2.05,0.0200617,2,0.703617,0.0194514,1.17509,-84228.4
2.05,0.0200617,2,0.703617,0.0194514,1.17809,-81263.9
2.05,0.0200617,2,0.703617,0.0194514,1.18109,-76028.1
2.05,0.0200617,2,0.703617,0.0194514,1.18409,-76701
2.05,0.0200617,2,0.703617,0.0194514,1.18709,-77175.1
2.05,0.0200617,2,0.703617,0.0194514,1.1901,-74818.8
2.05,0.0200617,2,0.703617,0.0194514,1.1931,-82555.3
2.05,0.0200617,2,0.703617,0.0194514,1.1961,-76624
2.05,0.0200617,2,0.703617,0.0194514,1.1991,-75254.1
2.05,0.0200617,2,0.703617,0.0194514,1.2021,-83237
2.05,0.0200617,2,0.703617,0.0194514,1.2051,-83649.4
2.05,0.0200617,2,0.703617,0.0194514,1.2081,-82044.9
2.05,0.0200617,2,0.703617,0.0194514,1.21111,-75960.5
2.05,0.0200617,2,0.703617,0.0194514,1.21411,-79022.1
2.05,0.0200617,2,0.703617,0.0194514,1.21711,-75818.1
2.05,0.0200617,2,0.703617,0.0194514,1.22011,-84191
2.05,0.0200617,2,0.703617,0.0194514,1.22311,-77818.2
2.05,0.0200617,2,0.703617,0.0194514,1.22611,-82171.8
2.05,0.0200617,2,0.703617,0.0194514,1.22911,-83300.2
2.05,0.0200617,2,0.703617,0.0194514,1.23212,-86156.5
2.05,0.0200617,2,0.703617,0.0194514,1.23512,-78866
2.05,0.0200617,2,0.703617,0.0194514,1.23812,-88024
2.05,0.0200617,2,0.703617,0.0194514,1.24112,-82641.8
2.05,0.0200617,2,0.703617,0.0194514,1.24412,-75965.1
2.05,0.0200617,2,0.703617,0.0194514,1.24712,-82766.4
2.05,0.0200617,2,0.703617,0.0194514,1.25013,-76673.8
2.05,0.0200617,2,0.703617,0.0194514,1.25313,-75582.5
2.05,0.0200617,2,0.703617,0.0194514,1.25613,-79627.9
2.05,0.0200617,2,0.703617,0.0194514,1.25913,-79223.4
2.05,0.0200617,2,0.703617,0.0194514,1.26213,-86438.1
2.05,0.0200617,2,0.703617,0.0194514,1.26513,-84138
2.05,0.0200617,2,0.703617,0.0194514,1.26813,-84620.9
2.05,0.0200617,2,0.703617,0.0194514,1.27114,-86145.6
2.05,0.0200617,2,0.703617,0.0194514,1.27414,-80199.5
2.05,0.0200617,2,0.703617,0.0194514,1.27714,-76265.6
2.05,0.0200617,2,0.703617,0.0194514,1.28014,-80890.1
2.05,0.0200617,2,0.703617,0.0194514,1.28314,-77170.2
2.05,0.0200617,2,0.703617,0.0194514,1.28614,-79239.7
2.05,0.0200617,2,0.703617,0.0194514,1.28914,-78159.9
2.05,0.0200617,2,0.703617,0.0194514,1.29215,-79897.9
2.05,0.0200617,2,0.703617,0.0194514,1.29515,-97649.9
2.05,0.0200617,2,0.703617,0.0194514,1.29815,-76150.8
2.05,0.0200617,2,0.703617,0.0194514,1.30115,-76187.9
2.05,0.0200617,2,0.703617,0.0194514,1.30415,-81889.7
2.05,0.0200617,2,0.703617,0.0194514,1.30715,-78983.5
2.05,0.0200617,2,0.703617,0.0194514,1.31016,-81292.1
2.05,0.0200617,2,0.703617,0.0194514,1.31316,-85131.1
2.05,0.0200617,2,0.703617,0.0194514,1.31616,-78665.7
2.05,0.0200617,2,0.703617,0.0194514,1.31916,-81038
2.05,0.0200617,2,0.703617,0.0194514,1.32216,-83458.8
2.05,0.0200617,2,0.703617,0.0194514,1.32516,-83728.7
2.05,0.0200617,2,0.703617,0.0194514,1.32816,-76219
2.05,0.0200617,2,0.703617,0.0194514,1.33117,-85358.5
2.05,0.0200617,2,0.703617,0.0194514,1.33417,-84463.4
2.05,0.0200617,2,0.703617,0.0194514,1.33717,-77869.7
2.05,0.0200617,2,0.703617,0.0194514,1.34017,-81372.4
2.05,0.0200617,2,0.703617,0.0194514,1.34317,-83131.1
2.05,0.0200617,2,0.703617,0.0194514,1.34617,-78903.2
2.05,0.0200617,2,0.703617,0.0194514,1.34917,-85571.1
2.05,0.0200617,2,0.703617,0.0194514,1.35218,-84669.4
2.05,0.0200617,2,0.703617,0.0194514,1.35518,-78760.8
2.05,0.0200617,2,0.703617,0.0194514,1.35818,-76775.8
2.05,0.0200617,2,0.703617,0.0194514,1.36118,-86509.6
2.05,0.0200617,2,0.703617,0.0194514,1.36418,-80978.1
2.05,0.0200617,2,0.703617,0.0194514,1.36718,-92354.7
2.05,0.0200617,2,0.703617,0.0194514,1.37019,-83678.4
2.05,0.0200617,2,0.703617,0.0194514,1.37319,-84175.9
2.05,0.0200617,2,0.703617,0.0194514,1.37619,-80707
2.05,0.0200617,2,0.703617,0.0194514,1.37919,-76611.3
2.05,0.0200617,2,0.703617,0.0194514,1.38219,-78243.4
2.05,0.0200617,2,0.703617,0.0194514,1.38519,-84188.9
2.05,0.0200617,2,0.703617,0.0194514,1.38819,-84608.7
2.05,0.0200617,2,0.703617,0.0194514,1.3912,-93668.3
2.05,0.0200617,2,0.703617,0.0194514,1.3942,-78709.1
2.05,0.0200617,2,0.703617,0.0194514,1.3972,-79284.9
2.05,0.0200617,2,0.703617,0.0194514,1.4002,-93880.9
2.05,0.0200617,2,0.703617,0.0194514,1.4032,-85260.7
2.05,0.0200617,2,0.703617,0.0194514,1.4062,-85056.4
2.05,0.0200617,2,0.703617,0.0194514,1.4092,-77324.3
2.05,0.0200617,2,0.703617,0.0194514,1.41221,-77481.7
2.05,0.0200617,2,0.703617,0.0194514,1.41521,-79102.3
2.05,0.0200617,2,0.703617,0.0194514,1.41821,-79629.4
2.05,0.0200617,2,0.703617,0.0194514,1.42121,-79116
2.05,0.0200617,2,0.703617,0.0194514,1.42421,-80647.6
2.05,0.0200617,2,0.703617,0.0194514,1.42721,-76240.7
2.05,0.0200617,2,0.703617,0.0194514,1.43022,-78486.6
2.05,0.0200617,2,0.703617,0.0194514,1.43322,-79220.7
2.05,0.0200617,2,0.703617,0.0194514,1.43622,-83751.4
2.05,0.0200617,2,0.703617,0.0194514,1.43922,-81708.5
2.05,0.0200617,2,0.703617,0.0194514,1.44222,-77280.8
2.05,0.0200617,2,0.703617,0.0194514,1.44522,-84270
2.05,0.0200617,2,0.703617,0.0194514,1.44822,-86741.7
2.05,0.0200617,2,0.703617,0.0194514,1.45123,-84420.5
2.05,0.0200617,2,0.703617,0.0194514,1.45423,-83807.1
2.05,0.0200617,2,0.703617,0.0194514,1.45723,-84130.1
2.05,0.0200617,2,0.703617,0.0194514,1.46023,-77170.8
2.05,0.0200617,2,0.703617,0.0194514,1.46323,-77387.4
2.05,0.0200617,2,0.703617,0.0194514,1.46623,-83922.2
2.05,0.0200617,2,0.703617,0.0194514,1.46923,-84617.5
2.05,0.0200617,2,0.703617,0.0194514,1.47224,-77869.4
2.05,0.0200617,2,0.703617,0.0194514,1.47524,-91091.8
2.05,0.0200617,2,0.703617,0.0194514,1.47824,-80955
2.05,0.0200617,2,0.703617,0.0194514,1.48124,-76538.8
2.05,0.0200617,2,0.703617,0.0194514,1.48424,-82494.9
2.05,0.0200617,2,0.703617,0.0194514,1.48724,-83984.3
2.05,0.0200617,2,0.703617,0.0194514,1.49025,-85719
2.05,0.0200617,2,0.703617,0.0194514,1.49325,-80801.6
2.05,0.0200617,2,0.703617,0.0194514,1.49625,-85825.6
2.05,0.0200617,2,0.703617,0.0194514,1.49925,-75695.7
2.05,0.0200617,2,0.703617,0.0194514,1.50225,-89522.5
2.05,0.0200617,2,0.703617,0.0194514,1.50525,-84552.2
2.05,0.0200617,2,0.703617,0.0194514,1.50825,-82471.2
2.05,0.0200617,2,0.703617,0.0194514,1.51126,-83012.1
2.05,0.0200617,2,0.703617,0.0194514,1.51426,-77952.4
2.05,0.0200617,2,0.703617,0.0194514,1.51726,-77520.3
2.05,0.0200617,2,0.703617,0.0194514,1.52026,-83645.3
2.05,0.0200617,2,0.703617,0.0194514,1.52326,-86121.7
2.05,0.0200617,2,0.703617,0.0194514,1.52626,-78238.6
2.05,0.0200617,2,0.703617,0.0194514,1.52926,-76150.9
2.05,0.0200617,2,0.703617,0.0194514,1.53227,-82172.1
2.05,0.0200617,2,0.703617,0.0194514,1.53527,-77512.1
2.05,0.0200617,2,0.703617,0.0194514,1.53827,-77285.7
2.05,0.0200617,2,0.703617,0.0194514,1.54127,-86036.1
2.05,0.0200617,2,0.703617,0.0194514,1.54427,-82268.9
2.05,0.0200617,2,0.703617,0.0194514,1.54727,-82429.4
2.05,0.0200617,2,0.703617,0.0194514,1.55028,-76280.6
2.05,0.0200617,2,0.703617,0.0194514,1.55328,-87725.6
2.05,0.0200617,2,0.703617,0.0194514,1.55628,-86692
2.05,0.0200617,2,0.703617,0.0194514,1.55928,-82720.3
2.05,0.0200617,2,0.703617,0.0194514,1.56228,-82307.6
2.05,0.0200617,2,0.703617,0.0194514,1.56528,-85510.8
2.05,0.0200617,2,0.703617,0.0194514,1.56828,-75661.5
2.05,0.0200617,2,0.703617,0.0194514,1.57129,-80979.5
2.05,0.0200617,2,0.703617,0.0194514,1.57429,-75483.2
2.05,0.0200617,2,0.703617,0.0194514,1.57729,-77254.7
2.05,0.0200617,2,0.703617,0.0194514,1.58029,-83178.7
2.05,0.0200617,2,0.703617,0.0194514,1.58329,-76756.4
2.05,0.0200617,2,0.703617,0.0194514,1.58629,-83665.5
2.05,0.0200617,2,0.703617,0.0194514,1.58929,-83316.8
2.05,0.0200617,2,0.703617,0.0194514,1.5923,-74363.4
2.05,0.0200617,2,0.703617,0.0194514,1.5953,-83425.8
2.05,0.0200617,2,0.703617,0.0194514,1.5983,-78019.1
2.05,0.0200617,2,0.703617,0.0194514,1.6013,-79287.6
2.05,0.0200617,2,0.703617,0.0194514,1.6043,-76084.2
2.05,0.0200617,2,0.703617,0.0194514,1.6073,-81173.9
2.05,0.0200617,2,0.703617,0.0194514,1.61031,-74007.8
2.05,0.0200617,2,0.703617,0.0194514,1.61331,-76343.6
2.05,0.0200617,2,0.703617,0.0194514,1.61631,-78099.8
2.05,0.0200617,2,0.703617,0.0194514,1.61931,-79684.2
2.05,0.0200617,2,0.703617,0.0194514,1.62231,-76964.9
2.05,0.0200617,2,0.703617,0.0194514,1.62531,-81665.4
2.05,0.0200617,2,0.703617,0.0194514,1.62831,-82206.2
2.05,0.0200617,2,0.703617,0.0194514,1.63132,-78231.5
2.05,0.0200617,2,0.703617,0.0194514,1.63432,-84859
2.05,0.0200617,2,0.703617,0.0194514,1.63732,-74567.5
2.05,0.0200617,2,0.703617,0.0194514,1.64032,-82437.8
2.05,0.0200617,2,0.703617,0.0194514,1.64332,-75526.5
2.05,0.0200617,2,0.703617,0.0194514,1.64632,-73133.7
2.05,0.0200617,2,0.703617,0.0194514,1.64932,-73943.4
2.05,0.0200617,2,0.703617,0.0194514,1.65233,-81984.2
2.05,0.0200617,2,0.703617,0.0194514,1.65533,-79158.1
2.05,0.0200617,2,0.703617,0.0194514,1.65833,-76060
2.05,0.0200617,2,0.703617,0.0194514,1.66133,-72460.2
2.05,0.0200617,2,0.703617,0.0194514,1.66433,-77841.3
2.05,0.0200617,2,0.703617,0.0194514,1.66733,-79624.9
2.05,0.0200617,2,0.703617,0.0194514,1.67034,-80591.5
2.05,0.0200617,2,0.703617,0.0194514,1.67334,-71678
2.05,0.0200617,2,0.703617,0.0194514,1.67634,-81847.7
2.05,0.0200617,2,0.703617,0.0194514,1.67934,-77858.6
2.05,0.0200617,2,0.703617,0.0194514,1.68234,-78294.6
2.05,0.0200617,2,0.703617,0.0194514,1.68534,-72316.5
2.05,0.0200617,2,0.703617,0.0194514,1.68834,-75319.2
2.05,0.0200617,2,0.703617,0.0194514,1.69135,-73105.6
2.05,0.0200617,2,0.703617,0.0194514,1.69435,-71825.2
2.05,0.0200617,2,0.703617,0.0194514,1.69735,-78172.6
2.05,0.0200617,2,0.703617,0.0194514,1.70035,-75347.7
2.05,0.0200617,2,0.703617,0.0194514,1.70335,-72773.1
2.05,0.0200617,2,0.703617,0.0194514,1.70635,-75976.2
2.05,0.0200617,2,0.703617,0.0194514,1.70935,-71265.5
2.05,0.0200617,2,0.703617,0.0194514,1.71236,-72713
2.05,0.0200617,2,0.703617,0.0194514,1.71536,-80772
2.05,0.0200617,2,0.703617,0.0194514,1.71836,-73326.7
2.05,0.0200617,2,0.703617,0.0194514,1.72136,-73785.8
2.05,0.0200617,2,0.703617,0.0194514,1.72436,-78356.3
2.05,0.0200617,2,0.703617,0.0194514,1.72736,-78367.8
2.05,0.0200617,2,0.703617,0.0194514,1.73037,-80822.9
2.05,0.0200617,2,0.703617,0.0194514,1.73337,-73040
2.05,0.0200617,2,0.703617,0.0194514,1.73637,-82530.1
2.05,0.0200617,2,0.703617,0.0194514,1.73937,-76823.2
2.05,0.0200617,2,0.703617,0.0194514,1.74237,-69974.9
2.05,0.0200617,2,0.703617,0.0194514,1.74537,-72965.3
2.05,0.0200617,2,0.703617,0.0194514,1.74837,-69306.6
2.05,0.0200617,2,0.703617,0.0194514,1.75138,-71378.8
2.05,0.0200617,2,0.703617,0.0194514,1.75438,-69052.3
2.05,0.0200617,2,0.703617,0.0194514,1.75738,-72702.2
2.05,0.0200617,2,0.703617,0.0194514,1.76038,-67044.1
2.05,0.0200617,2,0.703617,0.0194514,1.76338,-70304.9
2.05,0.0200617,2,0.703617,0.0194514,1.76638,-71703.2
2.05,0.0200617,2,0.703617,0.0194514,1.76938,-69636.3
2.05,0.0200617,2,0.703617,0.0194514,1.77239,-70703.7
2.05,0.0200617,2,0.703617,0.0194514,1.77539,-74990.7
2.05,0.0200617,2,0.703617,0.0194514,1.77839,-72165.6
2.05,0.0200617,2,0.703617,0.0194514,1.78139,-67440
2.05,0.0200617,2,0.703617,0.0194514,1.78439,-62957
2.05,0.0200617,2,0.703617,0.0194514,1.78739,-71410.4
2.05,0.0200617,2,0.703617,0.0194514,1.7904,-63462.4
2.05,0.0200617,2,0.703617,0.0194514,1.7934,-64567
2.05,0.0200617,2,0.703617,0.0194514,1.7964,-61969.1
2.05,0.0200617,2,0.703617,0.0194514,1.7994,-60196.2
2.05,0.0200617,2,0.703617,0.0194514,1.8024,-61121.3
2.05,0.0200617,2,0.703617,0.0194514,1.8054,-53934.6
2.05,0.0200617,2,0.703617,0.0194514,1.8084,-58999.2
2.05,0.0200617,2,0.703617,0.0194514,1.81141,52707.8
2.05,0.0200617,2,0.703617,0.0194514,1.81441,61691.2
2.05,0.0200617,2,0.703617,0.0194514,1.81741,70925.3
2.05,0.0200617,2,0.703617,0.0194514,1.82041,67526.1
2.05,0.0200617,2,0.703617,0.0194514,1.82341,72136.7
2.05,0.0200617,2,0.703617,0.0194514,1.82641,69370.3
2.05,0.0200617,2,0.703617,0.0194514,1.82941,62036.1
2.05,0.0200617,2,0.703617,0.0194514,1.83242,67236.1
2.05,0.0200617,2,0.703617,0.0194514,1.83542,70258.8
2.05,0.0200617,2,0.703617,0.0194514,1.83842,61084.8
2.05,0.0200617,2,0.703617,0.0194514,1.84142,65272.1
2.05,0.0200617,2,0.703617,0.0194514,1.84442,61483.5
2.05,0.0200617,2,0.703617,0.0194514,1.84742,62357
2.05,0.0200617,2,0.703617,0.0194514,1.85043,68292.5
2.05,0.0200617,2,0.703617,0.0194514,1.85343,69518.6
2.05,0.0200617,2,0.703617,0.0194514,1.85643,72180.3
2.05,0.0200617,2,0.703617,0.0194514,1.85943,62546.6
2.05,0.0200617,2,0.703617,0.0194514,1.86243,64303.8
2.05,0.0200617,2,0.703617,0.0194514,1.86543,68545.1
2.05,0.0200617,2,0.703617,0.0194514,1.86843,69028.8
2.05,0.0200617,2,0.703617,0.0194514,1.87144,71613.2
2.05,0.0200617,2,0.703617,0.0194514,1.87444,63811.5
2.05,0.0200617,2,0.703617,0.0194514,1.87744,69719
2.05,0.0200617,2,0.703617,0.0194514,1.88044,68481.4
2.05,0.0200617,2,0.703617,0.0194514,1.88344,65685.7
2.05,0.0200617,2,0.703617,0.0194514,1.88644,63214.6
2.05,0.0200617,2,0.703617,0.0194514,1.88944,66563.6
2.05,0.0200617,2,0.703617,0.0194514,1.89245,70299.2
2.05,0.0200617,2,0.703617,0.0194514,1.89545,70036
2.05,0.0200617,2,0.703617,0.0194514,1.89845,63331.8
2.05,0.0200617,2,0.703617,0.0194514,1.90145,70519.9
2.05,0.0200617,2,0.703617,0.0194514,1.90445,67373.6
2.05,0.0200617,2,0.703617,0.0194514,1.90745,63499.6
2.05,0.0200617,2,0.703617,0.0194514,1.91046,62426.8
2.05,0.0200617,2,0.703617,0.0194514,1.91346,65343.6
2.05,0.0200617,2,0.703617,0.0194514,1.91646,65928
2.05,0.0200617,2,0.703617,0.0194514,1.91946,65654.6
2.05,0.0200617,2,0.703617,0.0194514,1.92246,73157.8
2.05,0.0200617,2,0.703617,0.0194514,1.92546,62253.3
2.05,0.0200617,2,0.703617,0.0194514,1.92846,65710.2
2.05,0.0200617,2,0.703617,0.0194514,1.93147,72303.6
2.05,0.0200617,2,0.703617,0.0194514,1.93447,61822.3
2.05,0.0200617,2,0.703617,0.0194514,1.93747,70894.8
2.05,0.0200617,2,0.703617,0.0194514,1.94047,64017.9
2.05,0.0200617,2,0.703617,0.0194514,1.94347,71332.9
2.05,0.0200617,2,0.703617,0.0194514,1.94647,67039.4
2.05,0.0200617,2,0.703617,0.0194514,1.94947,75203.5
2.05,0.0200617,2,0.703617,0.0194514,1.95248,67726.4
2.05,0.0200617,2,0.703617,0.0194514,1.95548,57916.4
2.05,0.0200617,2,0.703617,0.0194514,1.95848,57896.9
2.05,0.0200617,2,0.703617,0.0194514,1.96148,61371.2
2.05,0.0200617,2,0.703617,0.0194514,1.96448,57568.5
2.05,0.0200617,2,0.703617,0.0194514,1.96748,51949
2.05,0.0200617,2,0.703617,0.0194514,1.97049,42435.1
2.05,0.0200617,2,0.703617,0.0194514,1.97349,-59285.8
2.05,0.0200617,2,0.703617,0.0194514,1.97649,-54865.6
2.05,0.0200617,2,0.703617,0.0194514,1.97949,-55120.1
2.05,0.0200617,2,0.703617,0.0194514,1.98249,-60212.6
2.05,0.0200617,2,0.703617,0.0194514,1.98549,-60588.5
2.05,0.0200617,2,0.703617,0.0194514,1.98849,-60817.9
2.05,0.0200617,2,0.703617,0.0194514,1.9915,-61180.6
2.05,0.0200617,2,0.703617,0.0194514,1.9945,-66890
2.05,0.0200617,2,0.703617,0.0194514,1.9975,-63925.8
2.05,0.0200617,2,0.703617,0.0194514,2.0005,-61517.3
2.05,0.0200617,2,0.703617,0.0194514,2.0035,-67031.5
2.05,0.0200617,2,0.703617,0.0194514,2.0065,-60714.3
2.05,0.0200617,2,0.703617,0.0194514,2.0095,-67973.6
2.05,0.0200617,2,0.703617,0.0194514,2.01251,-65432.3
2.05,0.0200617,2,0.703617,0.0194514,2.01551,-65129.8
2.05,0.0200617,2,0.703617,0.0194514,2.01851,-63741.6
2.05,0.0200617,2,0.703617,0.0194514,2.02151,-60804.2
2.05,0.0200617,2,0.703617,0.0194514,2.02451,-68448.2
2.05,0.0200617,2,0.703617,0.0194514,2.02751,-60941.8
2.05,0.0200617,2,0.703617,0.0194514,2.03052,-69345.6
2.05,0.0200617,2,0.703617,0.0194514,2.03352,-59338.9
2.05,0.0200617,2,0.703617,0.0194514,2.03652,-63467.7
2.05,0.0200617,2,0.703617,0.0194514,2.03952,-62667.5
2.05,0.0200617,2,0.703617,0.0194514,2.04252,-59422.3
2.05,0.0200617,2,0.703617,0.0194514,2.04552,-55052.6
2.05,0.0200617,2,0.703617,0.0194514,2.04852,-59643.6
2.05,0.0200617,2,0.703617,0.0194514,2.05153,53788.2
2.05,0.0200617,2,0.703617,0.0194514,2.05453,63986.8
2.05,0.0200617,2,0.703617,0.0194514,2.05753,59825.7
2.05,0.0200617,2,0.703617,0.0194514,2.06053,65754.7
2.05,0.0200617,2,0.703617,0.0194514,2.06353,64518.2
2.05,0.0200617,2,0.703617,0.0194514,2.06653,70464
2.05,0.0200617,2,0.703617,0.0194514,2.06953,65017
2.05,0.0200617,2,0.703617,0.0194514,2.07254,66321.6
2.05,0.0200617,2,0.703617,0.0194514,2.07554,67389.6
2.05,0.0200617,2,0.703617,0.0194514,2.07854,65865
2.05,0.0200617,2,0.703617,0.0194514,2.08154,71078.7
2.05,0.0200617,2,0.703617,0.0194514,2.08454,71099.3
2.05,0.0200617,2,0.703617,0.0194514,2.08754,76165.1
2.05,0.0200617,2,0.703617,0.0194514,2.09055,69334.3
2.05,0.0200617,2,0.703617,0.0194514,2.09355,72675.7
2.05,0.0200617,2,0.703617,0.0194514,2.09655,77361.7
2.05,0.0200617,2,0.703617,0.0194514,2.09955,77464.5
2.05,0.0200617,2,0.703617,0.0194514,2.10255,75536.2
2.05,0.0200617,2,0.703617,0.0194514,2.10555,72911.1
2.05,0.0200617,2,0.703617,0.0194514,2.10855,77832.5
2.05,0.0200617,2,0.703617,0.0194514,2.11156,76121.1
2.05,0.0200617,2,0.703617,0.0194514,2.11456,72658.8
2.05,0.0200617,2,0.703617,0.0194514,2.11756,81563.5
2.05,0.0200617,2,0.703617,0.0194514,2.12056,84939.7
2.05,0.0200617,2,0.703617,0.0194514,2.12356,76726.9
2.05,0.0200617,2,0.703617,0.0194514,2.12656,86647
2.05,0.0200617,2,0.703617,0.0194514,2.12956,82979.2
2.05,0.0200617,2,0.703617,0.0194514,2.13257,79718.7
2.05,0.0200617,2,0.703617,0.0194514,2.13557,75067.5
2.05,0.0200617,2,0.703617,0.0194514,2.13857,80392.2
2.05,0.0200617,2,0.703617,0.0194514,2.14157,75584.2
2.05,0.0200617,2,0.703617,0.0194514,2.14457,79954.2
2.05,0.0200617,2,0.703617,0.0194514,2.14757,76217.1
2.05,0.0200617,2,0.703617,0.0194514,2.15058,77722.9
2.05,0.0200617,2,0.703617,0.0194514,2.15358,77057.8
2.05,0.0200617,2,0.703617,0.0194514,2.15658,77050.2
2.05,0.0200617,2,0.703617,0.0194514,2.15958,81565
2.05,0.0200617,2,0.703617,0.0194514,2.16258,81831.1
2.05,0.0200617,2,0.703617,0.0194514,2.16558,78046.3
2.05,0.0200617,2,0.703617,0.0194514,2.16858,79344.7
2.05,0.0200617,2,0.703617,0.0194514,2.17159,83245.6
2.05,0.0200617,2,0.703617,0.0194514,2.17459,80160.2
2.05,0.0200617,2,0.703617,0.0194514,2.17759,81478
2.05,0.0200617,2,0.703617,0.0194514,2.18059,80813.6
2.05,0.0200617,2,0.703617,0.0194514,2.18359,79569.6
2.05,0.0200617,2,0.703617,0.0194514,2.18659,87372
2.05,0.0200617,2,0.703617,0.0194514,2.18959,83383.8
2.05,0.0200617,2,0.703617,0.0194514,2.1926,88429.2
2.05,0.0200617,2,0.703617,0.0194514,2.1956,84410.7
2.05,0.0200617,2,0.703617,0.0194514,2.1986,86632.9
2.05,0.0200617,2,0.703617,0.0194514,2.2016,82783.9
2.05,0.0200617,2,0.703617,0.0194514,2.2046,83052.5
2.05,0.0200617,2,0.703617,0.0194514,2.2076,87141.8
2.05,0.0200617,2,0.703617,0.0194514,2.21061,84334.1
2.05,0.0200617,2,0.703617,0.0194514,2.21361,84653.6
2.05,0.0200617,2,0.703617,0.0194514,2.21661,84055.1
2.05,0.0200617,2,0.703617,0.0194514,2.21961,88902.4
2.05,0.0200617,2,0.703617,0.0194514,2.22261,87648.4
2.05,0.0200617,2,0.703617,0.0194514,2.22561,91428.4
2.05,0.0200617,2,0.703617,0.0194514,2.22861,87567.7
2.05,0.0200617,2,0.703617,0.0194514,2.23162,89528.2
2.05,0.0200617,2,0.703617,0.0194514,2.23462,91229.2
2.05,0.0200617,2,0.703617,0.0194514,2.23762,86711.4
2.05,0.0200617,2,0.703617,0.0194514,2.24062,95890.5
2.05,0.0200617,2,0.703617,0.0194514,2.24362,90599.9
2.05,0.0200617,2,0.703617,0.0194514,2.24662,95151.7
2.05,0.0200617,2,0.703617,0.0194514,2.24962,93940.3
2.05,0.0200617,2,0.703617,0.0194514,2.25263,88402.9
2.05,0.0200617,2,0.703617,0.0194514,2.25563,88803.2
2.05,0.0200617,2,0.703617,0.0194514,2.25863,98734.7
2.05,0.0200617,2,0.703617,0.0194514,2.26163,96642.7
2.05,0.0200617,2,0.703617,0.0194514,2.26463,97074.5
2.05,0.0200617,2,0.703617,0.0194514,2.26763,91066.3
2.05,0.0200617,2,0.703617,0.0194514,2.27064,91846.7
2.05,0.0200617,2,0.703617,0.0194514,2.27364,97922.6
2.05,0.0200617,2,0.703617,0.0194514,2.27664,92221.6
2.05,0.0200617,2,0.703617,0.0194514,2.27964,91810.3
2.05,0.0200617,2,0.703617,0.0194514,2.28264,99770.3
2.05,0.0200617,2,0.703617,0.0194514,2.28564,94847.6
2.05,0.0200617,2,0.703617,0.0194514,2.28864,94110.5
2.05,0.0200617,2,0.703617,0.0194514,2.29165,92494.2
2.05,0.0200617,2,0.703617,0.0194514,2.29465,98430.1
2.05,0.0200617,2,0.703617,0.0194514,2.29765,102450
2.05,0.0200617,2,0.703617,0.0194514,2.30065,102913
2.05,0.0200617,2,0.703617,0.0194514,2.30365,94676.7
2.05,0.0200617,2,0.703617,0.0194514,2.30665,98703
2.05,0.0200617,2,0.703617,0.0194514,2.30965,98500.6
2.05,0.0200617,2,0.703617,0.0194514,2.31266,101013
2.05,0.0200617,2,0.703617,0.0194514,2.31566,99740.7
2.05,0.0200617,2,0.703617,0.0194514,2.31866,106698
2.05,0.0200617,2,0.703617,0.0194514,2.32166,100544
2.05,0.0200617,2,0.703617,0.0194514,2.32466,108457
2.05,0.0200617,2,0.703617,0.0194514,2.32766,98254.9
2.05,0.0200617,2,0.703617,0.0194514,2.33067,101463
2.05,0.0200617,2,0.703617,0.0194514,2.33367,103101
2.05,0.0200617,2,0.703617,0.0194514,2.33667,100616
2.05,0.0200617,2,0.703617,0.0194514,2.33967,104312
2.05,0.0200617,2,0.703617,0.0194514,2.34267,104388
2.05,0.0200617,2,0.703617,0.0194514,2.34567,122734
2.05,0.0200617,2,0.703617,0.0194514,2.34867,105437
2.05,0.0200617,2,0.703617,0.0194514,2.35168,114330
2.05,0.0200617,2,0.703617,0.0194514,2.35468,119036
2.05,0.0200617,2,0.703617,0.0194514,2.35768,112373
2.05,0.0200617,2,0.703617,0.0194514,2.36068,114976
2.05,0.0200617,2,0.703617,0.0194514,2.36368,123184
2.05,0.0200617,2,0.703617,0.0194514,2.36668,116593
2.05,0.0200617,2,0.703617,0.0194514,2.36968,116298
2.05,0.0200617,2,0.703617,0.0194514,2.37269,108425
2.05,0.0200617,2,0.703617,0.0194514,2.37569,109643
2.05,0.0200617,2,0.703617,0.0194514,2.37869,106298
2.05,0.0200617,2,0.703617,0.0194514,2.38169,110289
2.05,0.0200617,2,0.703617,0.0194514,2.38469,115374
2.05,0.0200617,2,0.703617,0.0194514,2.38769,121180
2.05,0.0200617,2,0.703617,0.0194514,2.3907,113758
2.05,0.0200617,2,0.703617,0.0194514,2.3937,107231
2.05,0.0200617,2,0.703617,0.0194514,2.3967,116441
2.05,0.0200617,2,0.703617,0.0194514,2.3997,112641
2.05,0.0200617,2,0.703617,0.0194514,2.4027,121926
2.05,0.0200617,2,0.703617,0.0194514,2.4057,112167
2.05,0.0200617,2,0.703617,0.0194514,2.4087,122081
2.05,0.0200617,2,0.703617,0.0194514,2.41171,113842
2.05,0.0200617,2,0.703617,0.0194514,2.41471,110584
2.05,0.0200617,2,0.703617,0.0194514,2.41771,112578
2.05,0.0200617,2,0.703617,0.0194514,2.42071,122696
2.05,0.0200617,2,0.703617,0.0194514,2.42371,117278
2.05,0.0200617,2,0.703617,0.0194514,2.42671,123523
2.05,0.0200617,2,0.703617,0.0194514,2.42971,120315
2.05,0.0200617,2,0.703617,0.0194514,2.43272,115400
2.05,0.0200617,2,0.703617,0.0194514,2.43572,129667
2.05,0.0200617,2,0.703617,0.0194514,2.43872,113275
2.05,0.0200617,2,0.703617,0.0194514,2.44172,123821
2.05,0.0200617,2,0.703617,0.0194514,2.44472,114155
2.05,0.0200617,2,0.703617,0.0194514,2.44772,117609
2.05,0.0200617,2,0.703617,0.0194514,2.45073,125669
2.05,0.0200617,2,0.703617,0.0194514,2.45373,116043
2.05,0.0200617,2,0.703617,0.0194514,2.45673,116051
2.05,0.0200617,2,0.703617,0.0194514,2.45973,121701
2.05,0.0200617,2,0.703617,0.0194514,2.46273,122282
2.05,0.0200617,2,0.703617,0.0194514,2.46573,117018
2.05,0.0200617,2,0.703617,0.0194514,2.46873,124346
2.05,0.0200617,2,0.703617,0.0194514,2.47174,119393
2.05,0.0200617,2,0.703617,0.0194514,2.47474,123499
2.05,0.0200617,2,0.703617,0.0194514,2.47774,117625
2.05,0.0200617,2,0.703617,0.0194514,2.48074,124269
2.05,0.0200617,2,0.703617,0.0194514,2.48374,132596
2.05,0.0200617,2,0.703617,0.0194514,2.48674,123752
2.05,0.0200617,2,0.703617,0.0194514,2.48974,122319
2.05,0.0200617,2,0.703617,0.0194514,2.49275,122314
2.05,0.0200617,2,0.703617,0.0194514,2.49575,122372
2.05,0.0200617,2,0.703617,0.0194514,2.49875,130485
2.05,0.0200617,2,0.703617,0.0194514,2.50175,125707
2.05,0.0200617,2,0.703617,0.0194514,2.50475,122714
2.05,0.0200617,2,0.703617,0.0194514,2.50775,135492
2.05,0.0200617,2,0.703617,0.0194514,2.51076,130486
2.05,0.0200617,2,0.703617,0.0194514,2.51376,129281
2.05,0.0200617,2,0.703617,0.0194514,2.51676,133665
2.05,0.0200617,2,0.703617,0.0194514,2.51976,124875
2.05,0.0200617,2,0.703617,0.0194514,2.52276,127994
2.05,0.0200617,2,0.703617,0.0194514,2.52576,138717
2.05,0.0200617,2,0.703617,0.0194514,2.52876,133155
2.05,0.0200617,2,0.703617,0.0194514,2.53177,132465
2.05,0.0200617,2,0.703617,0.0194514,2.53477,127935
2.05,0.0200617,2,0.703617,0.0194514,2.53777,146713
2.05,0.0200617,2,0.703617,0.0194514,2.54077,127671
2.05,0.0200617,2,0.703617,0.0194514,2.54377,131714
2.05,0.0200617,2,0.703617,0.0194514,2.54677,128784
2.05,0.0200617,2,0.703617,0.0194514,2.54977,131032
2.05,0.0200617,2,0.703617,0.0194514,2.55278,140627
2.05,0.0200617,2,0.703617,0.0194514,2.55578,134624
2.05,0.0200617,2,0.703617,0.0194514,2.55878,132704
2.05,0.0200617,2,0.703617,0.0194514,2.56178,135676
2.05,0.0200617,2,0.703617,0.0194514,2.56478,130629
2.05,0.0200617,2,0.703617,0.0194514,2.56778,137572
2.05,0.0200617,2,0.703617,0.0194514,2.57079,136501
2.05,0.0200617,2,0.703617,0.0194514,2.57379,146212
2.05,0.0200617,2,0.703617,0.0194514,2.57679,149021
2.05,0.0200617,2,0.703617,0.0194514,2.57979,135884
2.05,0.0200617,2,0.703617,0.0194514,2.58279,134901
2.05,0.0200617,2,0.703617,0.0194514,2.58579,142836
2.05,0.0200617,2,0.703617,0.0194514,2.58879,140255
2.05,0.0200617,2,0.703617,0.0194514,2.5918,136447
2.05,0.0200617,2,0.703617,0.0194514,2.5948,148882
2.05,0.0200617,2,0.703617,0.0194514,2.5978,137868
2.05,0.0200617,2,0.703617,0.0194514,2.6008,140662
2.05,0.0200617,2,0.703617,0.0194514,2.6038,141062
2.05,0.0200617,2,0.703617,0.0194514,2.6068,139169
2.05,0.0200617,2,0.703617,0.0194514,2.6098,139686
2.05,0.0200617,2,0.703617,0.0194514,2.61281,151676
2.05,0.0200617,2,0.703617,0.0194514,2.61581,140546
2.05,0.0200617,2,0.703617,0.0194514,2.61881,144401
2.05,0.0200617,2,0.703617,0.0194514,2.62181,143667
2.05,0.0200617,2,0.703617,0.0194514,2.62481,151798
2.05,0.0200617,2,0.703617,0.0194514,2.62781,147687
2.05,0.0200617,2,0.703617,0.0194514,2.63082,143246
2.05,0.0200617,2,0.703617,0.0194514,2.63382,159466
2.05,0.0200617,2,0.703617,0.0194514,2.63682,153236
2.05,0.0200617,2,0.703617,0.0194514,2.63982,155780
2.05,0.0200617,2,0.703617,0.0194514,2.64282,150387
2.05,0.0200617,2,0.703617,0.0194514,2.64582,151245
2.05,0.0200617,2,0.703617,0.0194514,2.64882,149503
2.05,0.0200617,2,0.703617,0.0194514,2.65183,153250
2.05,0.0200617,2,0.703617,0.0194514,2.65483,159350
2.05,0.0200617,2,0.703617,0.0194514,2.65783,165165
2.05,0.0200617,2,0.703617,0.0194514,2.66083,161940
2.05,0.0200617,2,0.703617,0.0194514,2.66383,167320
2.05,0.0200617,2,0.703617,0.0194514,2.66683,151131
2.05,0.0200617,2,0.703617,0.0194514,2.66983,148731
2.05,0.0200617,2,0.703617,0.0194514,2.67284,162076
2.05,0.0200617,2,0.703617,0.0194514,2.67584,150702
2.05,0.0200617,2,0.703617,0.0194514,2.67884,163881
2.05,0.0200617,2,0.703617,0.0194514,2.68184,153484
2.05,0.0200617,2,0.703617,0.0194514,2.68484,154835
2.05,0.0200617,2,0.703617,0.0194514,2.68784,151652
2.05,0.0200617,2,0.703617,0.0194514,2.69085,168039
2.05,0.0200617,2,0.703617,0.0194514,2.69385,156976
2.05,0.0200617,2,0.703617,0.0194514,2.69685,164239
2.05,0.0200617,2,0.703617,0.0194514,2.69985,162292
2.05,0.0200617,2,0.703617,0.0194514,2.70285,157442
2.05,0.0200617,2,0.703617,0.0194514,2.70585,157360
2.05,0.0200617,2,0.703617,0.0194514,2.70885,174071
2.05,0.0200617,2,0.703617,0.0194514,2.71186,160783
2.05,0.0200617,2,0.703617,0.0194514,2.71486,171276
2.05,0.0200617,2,0.703617,0.0194514,2.71786,164876
2.05,0.0200617,2,0.703617,0.0194514,2.72086,176245
2.05,0.0200617,2,0.703617,0.0194514,2.72386,161018
2.05,0.0200617,2,0.703617,0.0194514,2.72686,174969
2.05,0.0200617,2,0.703617,0.0194514,2.72986,174156
2.05,0.0200617,2,0.703617,0.0194514,2.73287,186549
2.05,0.0200617,2,0.703617,0.0194514,2.73587,160592
2.05,0.0200617,2,0.703617,0.0194514,2.73887,174106
2.05,0.0200617,2,0.703617,0.0194514,2.74187,170126
2.05,0.0200617,2,0.703617,0.0194514,2.74487,165160
2.05,0.0200617,2,0.703617,0.0194514,2.74787,185413
2.05,0.0200617,2,0.703617,0.0194514,2.75088,178395
2.05,0.0200617,2,0.703617,0.0194514,2.75388,177260
2.05,0.0200617,2,0.703617,0.0194514,2.75688,169682
2.05,0.0200617,2,0.703617,0.0194514,2.75988,166881
2.05,0.0200617,2,0.703617,0.0194514,2.76288,179759
2.05,0.0200617,2,0.703617,0.0194514,2.76588,184892
2.05,0.0200617,2,0.703617,0.0194514,2.76888,171263
2.05,0.0200617,2,0.703617,0.0194514,2.77189,183600
2.05,0.0200617,2,0.703617,0.0194514,2.77489,183314
2.05,0.0200617,2,0.703617,0.0194514,2.77789,174099
2.05,0.0200617,2,0.703617,0.0194514,2.78089,178941
2.05,0.0200617,2,0.703617,0.0194514,2.78389,177374
2.05,0.0200617,2,0.703617,0.0194514,2.78689,180043
2.05,0.0200617,2,0.703617,0.0194514,2.78989,183999
2.05,0.0200617,2,0.703617,0.0194514,2.7929,180460
2.05,0.0200617,2,0.703617,0.0194514,2.7959,179577
2.05,0.0200617,2,0.703617,0.0194514,2.7989,175924
2.05,0.0200617,2,0.703617,0.0194514,2.8019,173835
2.05,0.0200617,2,0.703617,0.0194514,2.8049,175208
2.05,0.0200617,2,0.703617,0.0194514,2.8079,188132
2.05,0.0200617,2,0.703617,0.0194514,2.81091,182066
2.05,0.0200617,2,0.703617,0.0194514,2.81391,189703
2.05,0.0200617,2,0.703617,0.0194514,2.81691,183376
2.05,0.0200617,2,0.703617,0.0194514,2.81991,185886
2.05,0.0200617,2,0.703617,0.0194514,2.82291,183925
2.05,0.0200617,2,0.703617,0.0194514,2.82591,197947
2.05,0.0200617,2,0.703617,0.0194514,2.82891,187352
2.05,0.0200617,2,0.703617,0.0194514,2.83192,198732
2.05,0.0200617,2,0.703617,0.0194514,2.83492,185466
2.05,0.0200617,2,0.703617,0.0194514,2.83792,182767
2.05,0.0200617,2,0.703617,0.0194514,2.84092,185438
2.05,0.0200617,2,0.703617,0.0194514,2.84392,185664
2.05,0.0200617,2,0.703617,0.0194514,2.84692,184823
2.05,0.0200617,2,0.703617,0.0194514,2.84992,198473
2.05,0.0200617,2,0.703617,0.0194514,2.85293,203411
2.05,0.0200617,2,0.703617,0.0194514,2.85593,196337
2.05,0.0200617,2,0.703617,0.0194514,2.85893,195581
2.05,0.0200617,2,0.703617,0.0194514,2.86193,199764
2.05,0.0200617,2,0.703617,0.0194514,2.86493,202493
2.05,0.0200617,2,0.703617,0.0194514,2.86793,189153
2.05,0.0200617,2,0.703617,0.0194514,2.87094,192909
2.05,0.0200617,2,0.703617,0.0194514,2.87394,207840
2.05,0.0200617,2,0.703617,0.0194514,2.87694,190670
2.05,0.0200617,2,0.703617,0.0194514,2.87994,198000
2.05,0.0200617,2,0.703617,0.0194514,2.88294,209545
2.05,0.0200617,2,0.703617,0.0194514,2.88594,204407
2.05,0.0200617,2,0.703617,0.0194514,2.88894,202356
2.05,0.0200617,2,0.703617,0.0194514,2.89195,204557
2.05,0.0200617,2,0.703617,0.0194514,2.89495,199352
2.05,0.0200617,2,0.703617,0.0194514,2.89795,200869
2.05,0.0200617,2,0.703617,0.0194514,2.90095,213865
2.05,0.0200617,2,0.703617,0.0194514,2.90395,213250
2.05,0.0200617,2,0.703617,0.0194514,2.90695,198932
2.05,0.0200617,2,0.703617,0.0194514,2.90995,198864
2.05,0.0200617,2,0.703617,0.0194514,2.91296,215669
2.05,0.0200617,2,0.703617,0.0194514,2.91596,220387
2.05,0.0200617,2,0.703617,0.0194514,2.91896,206064
2.05,0.0200617,2,0.703617,0.0194514,2.92196,204939
2.05,0.0200617,2,0.703617,0.0194514,2.92496,210656
2.05,0.0200617,2,0.703617,0.0194514,2.92796,214332
2.05,0.0200617,2,0.703617,0.0194514,2.93097,208081
2.05,0.0200617,2,0.703617,0.0194514,2.93397,226146
2.05,0.0200617,2,0.703617,0.0194514,2.93697,213161
2.05,0.0200617,2,0.703617,0.0194514,2.93997,223135
2.05,0.0200617,2,0.703617,0.0194514,2.94297,216139
2.05,0.0200617,2,0.703617,0.0194514,2.94597,225259
2.05,0.0200617,2,0.703617,0.0194514,2.94897,215788
2.05,0.0200617,2,0.703617,0.0194514,2.95198,220045
2.05,0.0200617,2,0.703617,0.0194514,2.95498,231278
2.05,0.0200617,2,0.703617,0.0194514,2.95798,220477
2.05,0.0200617,2,0.703617,0.0194514,2.96098,225301
2.05,0.0200617,2,0.703617,0.0194514,2.96398,224368
2.05,0.0200617,2,0.703617,0.0194514,2.96698,212875
2.05,0.0200617,2,0.703617,0.0194514,2.96998,218479
2.05,0.0200617,2,0.703617,0.0194514,2.97299,234400
2.05,0.0200617,2,0.703617,0.0194514,2.97599,236246
2.05,0.0200617,2,0.703617,0.0194514,2.97899,236139
2.05,0.0200617,2,0.703617,0.0194514,2.98199,224497
2.05,0.0200617,2,0.703617,0.0194514,2.98499,221269
2.05,0.0200617,2,0.703617,0.0194514,2.98799,234599
2.05,0.0200617,2,0.703617,0.0194514,2.991,238724
2.05,0.0200617,2,0.703617,0.0194514,2.994,234484
2.05,0.0200617,2,0.703617,0.0194514,2.997,242580
2.05,0.0200617,2,0.703617,0.0194514,3,237150

2.01,0.0209427,2,1.5662,0.0237323,-3,26284.8
2.01,0.0209427,2,1.5662,0.0237323,-2.997,26608.9
2.01,0.0209427,2,1.5662,0.0237323,-2.994,31264.6
2.01,0.0209427,2,1.5662,0.0237323,-2.991,27112.1
2.01,0.0209427,2,1.5662,0.0237323,-2.98799,26116.6
2.01,0.0209427,2,1.5662,0.0237323,-2.98499,26449.9
2.01,0.0209427,2,1.5662,0.0237323,-2.98199,26865.8
2.01,0.0209427,2,1.5662,0.0237323,-2.97899,33697.3
2.01,0.0209427,2,1.5662,0.0237323,-2.97599,28454.8
2.01,0.0209427,2,1.5662,0.0237323,-2.97299,28735.5
2.01,0.0209427,2,1.5662,0.0237323,-2.96998,28534.3
2.01,0.0209427,2,1.5662,0.0237323,-2.96698,28057.7
2.01,0.0209427,2,1.5662,0.0237323,-2.96398,27694.1
2.01,0.0209427,2,1.5662,0.0237323,-2.96098,28039.9
2.01,0.0209427,2,1.5662,0.0237323,-2.95798,26783.7
2.01,0.0209427,2,1.5662,0.0237323,-2.95498,28917.6
2.01,0.0209427,2,1.5662,0.0237323,-2.95198,28654.3
2.01,0.0209427,2,1.5662,0.0237323,-2.94897,28751.7
2.01,0.0209427,2,1.5662,0.0237323,-2.94597,29219.8
2.01,0.0209427,2,1.5662,0.0237323,-2.94297,27640.2
2.01,0.0209427,2,1.5662,0.0237323,-2.93997,27285.6
2.01,0.0209427,2,1.5662,0.0237323,-2.93697,28541.1
2.01,0.0209427,2,1.5662,0.0237323,-2.93397,27890.6
2.01,0.0209427,2,1.5662,0.0237323,-2.93097,29748.1
2.01,0.0209427,2,1.5662,0.0237323,-2.92796,26551.3
2.01,0.0209427,2,1.5662,0.0237323,-2.92496,29678.5
2.01,0.0209427,2,1.5662,0.0237323,-2.92196,28598.3
2.01,0.0209427,2,1.5662,0.0237323,-2.91896,30859.6
2.01,0.0209427,2,1.5662,0.0237323,-2.91596,27938.4
2.01,0.0209427,2,1.5662,0.0237323,-2.91296,27706.8
2.01,0.0209427,2,1.5662,0.0237323,-2.90995,28441.2
2.01,0.0209427,2,1.5662,0.0237323,-2.90695,29849.5
2.01,0.0209427,2,1.5662,0.0237323,-2.90395,28540.2
2.01,0.0209427,2,1.5662,0.0237323,-2.90095,28823.6
2.01,0.0209427,2,1.5662,0.0237323,-2.89795,33211.6
2.01,0.0209427,2,1.5662,0.0237323,-2.89495,27341.2
2.01,0.0209427,2,1.5662,0.0237323,-2.89195,33834.3
2.01,0.0209427,2,1.5662,0.0237323,-2.88894,27587.2
2.01,0.0209427,2,1.5662,0.0237323,-2.88594,26513.4
2.01,0.0209427,2,1.5662,0.0237323,-2.88294,34213.2
2.01,0.0209427,2,1.5662,0.0237323,-2.87994,33901.4
2.01,0.0209427,2,1.5662,0.0237323,-2.87694,26907.6
2.01,0.0209427,2,1.5662,0.0237323,-2.87394,28091.6
2.01,0.0209427,2,1.5662,0.0237323,-2.87094,27339.2
2.01,0.0209427,2,1.5662,0.0237323,-2.86793,26760.8
2.01,0.0209427,2,1.5662,0.0237323,-2.86493,27374.2
2.01,0.0209427,2,1.5662,0.0237323,-2.86193,26940.3
2.01,0.0209427,2,1.5662,0.0237323,-2.85893,28734
2.01,0.0209427,2,1.5662,0.0237323,-2.85593,27829.8
2.01,0.0209427,2,1.5662,0.0237323,-2.85293,29364
2.01,0.0209427,2,1.5662,0.0237323,-2.84992,26691.6
2.01,0.0209427,2,1.5662,0.0237323,-2.84692,28356.5
2.01,0.0209427,2,1.5662,0.0237323,-2.84392,28649.7
2.01,0.0209427,2,1.5662,0.0237323,-2.84092,27361.1
2.01,0.0209427,2,1.5662,0.0237323,-2.83792,27200.6
2.01,0.0209427,2,1.5662,0.0237323,-2.83492,28890.6
2.01,0.0209427,2,1.5662,0.0237323,-2.83192,27300.9
2.01,0.0209427,2,1.5662,0.0237323,-2.82891,27568.8
2.01,0.0209427,2,1.5662,0.0237323,-2.82591,28745.5
2.01,0.0209427,2,1.5662,0.0237323,-2.82291,28582.3
2.01,0.0209427,2,1.5662,0.0237323,-2.81991,27184.2
2.01,0.0209427,2,1.5662,0.0237323,-2.81691,29481.1
2.01,0.0209427,2,1.5662,0.0237323,-2.81391,27415.1
2.01,0.0209427,2,1.5662,0.0237323,-2.81091,28343.3
2.01,0.0209427,2,1.5662,0.0237323,-2.8079,28515.6
2.01,0.0209427,2,1.5662,0.0237323,-2.8049,28474.6
2.01,0.0209427,2,1.5662,0.0237323,-2.8019,29847.8
2.01,0.0209427,2,1.5662,0.0237323,-2.7989,30190.1
2.01,0.0209427,2,1.5662,0.0237323,-2.7959,28754.1
2.01,0.0209427,2,1.5662,0.0237323,-2.7929,27927.8
2.01,0.0209427,2,1.5662,0.0237323,-2.78989,28110.5
2.01,0.0209427,2,1.5662,0.0237323,-2.78689,30650.7
2.01,0.0209427,2,1.5662,0.0237323,-2.78389,30683.3
2.01,0.0209427,2,1.5662,0.0237323,-2.78089,27273
2.01,0.0209427,2,1.5662,0.0237323,-2.77789,29031.8
2.01,0.0209427,2,1.5662,0.0237323,-2.77489,31289.7
2.01,0.0209427,2,1.5662,0.0237323,-2.77189,29783.3
2.01,0.0209427,2,1.5662,0.0237323,-2.76888,29443.5
2.01,0.0209427,2,1.5662,0.0237323,-2.76588,31324.4
2.01,0.0209427,2,1.5662,0.0237323,-2.76288,29951.6
2.01,0.0209427,2,1.5662,0.0237323,-2.75988,29684.3
2.01,0.0209427,2,1.5662,0.0237323,-2.75688,28944.8
2.01,0.0209427,2,1.5662,0.0237323,-2.75388,31606.3
2.01,0.0209427,2,1.5662,0.0237323,-2.75088,31838.3
2.01,0.0209427,2,1.5662,0.0237323,-2.74787,31585
2.01,0.0209427,2,1.5662,0.0237323,-2.74487,31848.9
2.01,0.0209427,2,1.5662,0.0237323,-2.74187,28062.7
2.01,0.0209427,2,1.5662,0.0237323,-2.73887,31393.6
2.01,0.0209427,2,1.5662,0.0237323,-2.73587,30833.6
2.01,0.0209427,2,1.5662,0.0237323,-2.73287,29555.8
2.01,0.0209427,2,1.5662,0.0237323,-2.72986,32165.3
2.01,0.0209427,2,1.5662,0.0237323,-2.72686,30449
2.01,0.0209427,2,1.5662,0.0237323,-2.72386,32509.4
2.01,0.0209427,2,1.5662,0.0237323,-2.72086,32268.3
2.01,0.0209427,2,1.5662,0.0237323,-2.71786,32608.1
2.01,0.0209427,2,1.5662,0.0237323,-2.71486,30663.2
2.01,0.0209427,2,1.5662,0.0237323,-2.71186,32528.9
2.01,0.0209427,2,1.5662,0.0237323,-2.70885,32515.4
2.01,0.0209427,2,1.5662,0.0237323,-2.70585,30608.6
2.01,0.0209427,2,1.5662,0.0237323,-2.70285,31917.8
2.01,0.0209427,2,1.5662,0.0237323,-2.69985,32441.1
2.01,0.0209427,2,1.5662,0.0237323,-2.69685,28739.2
2.01,0.0209427,2,1.5662,0.0237323,-2.69385,27070.9
2.01,0.0209427,2,1.5662,0.0237323,-2.69085,31983.5
2.01,0.0209427,2,1.5662,0.0237323,-2.68784,27100.4
2.01,0.0209427,2,1.5662,0.0237323,-2.68484,33136.9
2.01,0.0209427,2,1.5662,0.0237323,-2.68184,32797.2
2.01,0.0209427,2,1.5662,0.0237323,-2.67884,32654.8
2.01,0.0209427,2,1.5662,0.0237323,-2.67584,31934.8
2.01,0.0209427,2,1.5662,0.0237323,-2.67284,26902.1
2.01,0.0209427,2,1.5662,0.0237323,-2.66983,32686.6
2.01,0.0209427,2,1.5662,0.0237323,-2.66683,32055.1
2.01,0.0209427,2,1.5662,0.0237323,-2.66383,32894.4
2.01,0.0209427,2,1.5662,0.0237323,-2.66083,27156.7
2.01,0.0209427,2,1.5662,0.0237323,-2.65783,32921
2.01,0.0209427,2,1.5662,0.0237323,-2.65483,27005
2.01,0.0209427,2,1.5662,0.0237323,-2.65183,32269.5
2.01,0.0209427,2,1.5662,0.0237323,-2.64882,33296.8
2.01,0.0209427,2,1.5662,0.0237323,-2.64582,28944.4
2.01,0.0209427,2,1.5662,0.0237323,-2.64282,32676.3
2.01,0.0209427,2,1.5662,0.0237323,-2.63982,27222.5
2.01,0.0209427,2,1.5662,0.0237323,-2.63682,28933
2.01,0.0209427,2,1.5662,0.0237323,-2.63382,28910.7
2.01,0.0209427,2,1.5662,0.0237323,-2.63082,28907.1
2.01,0.0209427,2,1.5662,0.0237323,-2.62781,26892.9
2.01,0.0209427,2,1.5662,0.0237323,-2.62481,32168.4
2.01,0.0209427,2,1.5662,0.0237323,-2.62181,31558.1
2.01,0.0209427,2,1.5662,0.0237323,-2.61881,28859.1
2.01,0.0209427,2,1.5662,0.0237323,-2.61581,31904.1
2.01,0.0209427,2,1.5662,0.0237323,-2.61281,32416.8
2.01,0.0209427,2,1.5662,0.0237323,-2.6098,27024.8
2.01,0.0209427,2,1.5662,0.0237323,-2.6068,32994.2
2.01,0.0209427,2,1.5662,0.0237323,-2.6038,32274.6
2.01,0.0209427,2,1.5662,0.0237323,-2.6008,31854.5
2.01,0.0209427,2,1.5662,0.0237323,-2.5978,31662.8
2.01,0.0209427,2,1.5662,0.0237323,-2.5948,29217.7
2.01,0.0209427,2,1.5662,0.0237323,-2.5918,30420.7
2.01,0.0209427,2,1.5662,0.0237323,-2.58879,28431.6
2.01,0.0209427,2,1.5662,0.0237323,-2.58579,32472
2.01,0.0209427,2,1.5662,0.0237323,-2.58279,29765.4
2.01,0.0209427,2,1.5662,0.0237323,-2.57979,28240.2
2.01,0.0209427,2,1.5662,0.0237323,-2.57679,28193.4
2.01,0.0209427,2,1.5662,0.0237323,-2.57379,29971.3
2.01,0.0209427,2,1.5662,0.0237323,-2.57079,29939.5
2.01,0.0209427,2,1.5662,0.0237323,-2.56778,32193.5
2.01,0.0209427,2,1.5662,0.0237323,-2.56478,31575.9
2.01,0.0209427,2,1.5662,0.0237323,-2.56178,31291.7
2.01,0.0209427,2,1.5662,0.0237323,-2.55878,30902.4
2.01,0.0209427,2,1.5662,0.0237323,-2.55578,29010.1
2.01,0.0209427,2,1.5662,0.0237323,-2.55278,30431
2.01,0.0209427,2,1.5662,0.0237323,-2.54977,27571.6
2.01,0.0209427,2,1.5662,0.0237323,-2.54677,31641.7
2.01,0.0209427,2,1.5662,0.0237323,-2.54377,31281
2.01,0.0209427,2,1.5662,0.0237323,-2.54077,30372.2
2.01,0.0209427,2,1.5662,0.0237323,-2.53777,29352.6
2.01,0.0209427,2,1.5662,0.0237323,-2.53477,31209.2
2.01,0.0209427,2,1.5662,0.0237323,-2.53177,28936.5
2.01,0.0209427,2,1.5662,0.0237323,-2.52876,30646.2
2.01,0.0209427,2,1.5662,0.0237323,-2.52576,30325.5
2.01,0.0209427,2,1.5662,0.0237323,-2.52276,30544.9
2.01,0.0209427,2,1.5662,0.0237323,-2.51976,26663.7
2.01,0.0209427,2,1.5662,0.0237323,-2.51676,26659.6
2.01,0.0209427,2,1.5662,0.0237323,-2.51376,28592.7
2.01,0.0209427,2,1.5662,0.0237323,-2.51076,28478.4
2.01,0.0209427,2,1.5662,0.0237323,-2.50775,29661.5
2.01,0.0209427,2,1.5662,0.0237323,-2.50475,29626.1
2.01,0.0209427,2,1.5662,0.0237323,-2.50175,28378.7
2.01,0.0209427,2,1.5662,0.0237323,-2.49875,28510
2.01,0.0209427,2,1.5662,0.0237323,-2.49575,28672.1
2.01,0.0209427,2,1.5662,0.0237323,-2.49275,29127.4
2.01,0.0209427,2,1.5662,0.0237323,-2.48974,27580.5
2.01,0.0209427,2,1.5662,0.0237323,-2.48674,27565.5
2.01,0.0209427,2,1.5662,0.0237323,-2.48374,27304.1
2.01,0.0209427,2,1.5662,0.0237323,-2.48074,27159
2.01,0.0209427,2,1.5662,0.0237323,-2.47774,27844.6
2.01,0.0209427,2,1.5662,0.0237323,-2.47474,27205.4
2.01,0.0209427,2,1.5662,0.0237323,-2.47174,26719.2
2.01,0.0209427,2,1.5662,0.0237323,-2.46873,26506.8
2.01,0.0209427,2,1.5662,0.0237323,-2.46573,26406.6
2.01,0.0209427,2,1.5662,0.0237323,-2.46273,28960.8
2.01,0.0209427,2,1.5662,0.0237323,-2.45973,28969.3
2.01,0.0209427,2,1.5662,0.0237323,-2.45673,33691.2
2.01,0.0209427,2,1.5662,0.0237323,-2.45373,26423.6
2.01,0.0209427,2,1.5662,0.0237323,-2.45073,26916
2.01,0.0209427,2,1.5662,0.0237323,-2.44772,28248.9
2.01,0.0209427,2,1.5662,0.0237323,-2.44472,28062.8
2.01,0.0209427,2,1.5662,0.0237323,-2.44172,26312.4
2.01,0.0209427,2,1.5662,0.0237323,-2.43872,26222.9
2.01,0.0209427,2,1.5662,0.0237323,-2.43572,34092.4
2.01,0.0209427,2,1.5662,0.0237323,-2.43272,33681.1
2.01,0.0209427,2,1.5662,0.0237323,-2.42971,31606.3
2.01,0.0209427,2,1.5662,0.0237323,-2.42671,33243.2
2.01,0.0209427,2,1.5662,0.0237323,-2.42371,28207.3
2.01,0.0209427,2,1.5662,0.0237323,-2.42071,31046.2
2.01,0.0209427,2,1.5662,0.0237323,-2.41771,26214
2.01,0.0209427,2,1.5662,0.0237323,-2.41471,31082.7
2.01,0.0209427,2,1.5662,0.0237323,-2.41171,29520.6
2.01,0.0209427,2,1.5662,0.0237323,-2.4087,27184.2
2.01,0.0209427,2,1.5662,0.0237323,-2.4057,31019.7
2.01,0.0209427,2,1.5662,0.0237323,-2.4027,28697
2.01,0.0209427,2,1.5662,0.0237323,-2.3997,28390.4
2.01,0.0209427,2,1.5662,0.0237323,-2.3967,26302.6
2.01,0.0209427,2,1.5662,0.0237323,-2.3937,27536.8
2.01,0.0209427,2,1.5662,0.0237323,-2.3907,27602.4
2.01,0.0209427,2,1.5662,0.0237323,-2.38769,27675.8
2.01,0.0209427,2,1.5662,0.0237323,-2.38469,28316
2.01,0.0209427,2,1.5662,0.0237323,-2.38169,26855.5
2.01,0.0209427,2,1.5662,0.0237323,-2.37869,27058.3
2.01,0.0209427,2,1.5662,0.0237323,-2.37569,26542.9
2.01,0.0209427,2,1.5662,0.0237323,-2.37269,26312.2
2.01,0.0209427,2,1.5662,0.0237323,-2.36968,26442.3
2.01,0.0209427,2,1.5662,0.0237323,-2.36668,27874.1
2.01,0.0209427,2,1.5662,0.0237323,-2.36368,27019.4
2.01,0.0209427,2,1.5662,0.0237323,-2.36068,26005.1
2.01,0.0209427,2,1.5662,0.0237323,-2.35768,26775.6
2.01,0.0209427,2,1.5662,0.0237323,-2.35468,25564.6
2.01,0.0209427,2,1.5662,0.0237323,-2.35168,26189.8
2.01,0.0209427,2,1.5662,0.0237323,-2.34867,28187.3
2.01,0.0209427,2,1.5662,0.0237323,-2.34567,28820
2.01,0.0209427,2,1.5662,0.0237323,-2.34267,28311.4
2.01,0.0209427,2,1.5662,0.0237323,-2.33967,27405.4
2.01,0.0209427,2,1.5662,0.0237323,-2.33667,30394.5
2.01,0.0209427,2,1.5662,0.0237323,-2.33367,29812.9
2.01,0.0209427,2,1.5662,0.0237323,-2.33067,25721.4
2.01,0.0209427,2,1.5662,0.0237323,-2.32766,26286.1
2.01,0.0209427,2,1.5662,0.0237323,-2.32466,28074.1
2.01,0.0209427,2,1.5662,0.0237323,-2.32166,25603.2
2.01,0.0209427,2,1.5662,0.0237323,-2.31866,26587.7
2.01,0.0209427,2,1.5662,0.0237323,-2.31566,26118.9
2.01,0.0209427,2,1.5662,0.0237323,-2.31266,27027.8
2.01,0.0209427,2,1.5662,0.0237323,-2.30965,27445.2
2.01,0.0209427,2,1.5662,0.0237323,-2.30665,26538.8
2.01,0.0209427,2,1.5662,0.0237323,-2.30365,26993.9
2.01,0.0209427,2,1.5662,0.0237323,-2.30065,25654.7
2.01,0.0209427,2,1.5662,0.0237323,-2.29765,28551.7
2.01,0.0209427,2,1.5662,0.0237323,-2.29465,25256.7
2.01,0.0209427,2,1.5662,0.0237323,-2.29165,30641.6
2.01,0.0209427,2,1.5662,0.0237323,-2.28864,29268.5
2.01,0.0209427,2,1.5662,0.0237323,-2.28564,27879.3
2.01,0.0209427,2,1.5662,0.0237323,-2.28264,24711.3
2.01,0.0209427,2,1.5662,0.0237323,-2.27964,25807.3
2.01,0.0209427,2,1.5662,0.0237323,-2.27664,25483.4
2.01,0.0209427,2,1.5662,0.0237323,-2.27364,26411.7
2.01,0.0209427,2,1.5662,0.0237323,-2.27064,25804
2.01,0.0209427,2,1.5662,0.0237323,-2.26763,24445
2.01,0.0209427,2,1.5662,0.0237323,-2.26463,24398.2
2.01,0.0209427,2,1.5662,0.0237323,-2.26163,31250.1
2.01,0.0209427,2,1.5662,0.0237323,-2.25863,24414.1
2.01,0.0209427,2,1.5662,0.0237323,-2.25563,25281.7
2.01,0.0209427,2,1.5662,0.0237323,-2.25263,26511.6
2.01,0.0209427,2,1.5662,0.0237323,-2.24962,27728.5
2.01,0.0209427,2,1.5662,0.0237323,-2.24662,24857.8
2.01,0.0209427,2,1.5662,0.0237323,-2.24362,25891.6
2.01,0.0209427,2,1.5662,0.0237323,-2.24062,25487.5
2.01,0.0209427,2,1.5662,0.0237323,-2.23762,25135.7
2.01,0.0209427,2,1.5662,0.0237323,-2.23462,25700.9
2.01,0.0209427,2,1.5662,0.0237323,-2.23162,26149.2
2.01,0.0209427,2,1.5662,0.0237323,-2.22861,27829.5
2.01,0.0209427,2,1.5662,0.0237323,-2.22561,24220.7
2.01,0.0209427,2,1.5662,0.0237323,-2.22261,24186.6
2.01,0.0209427,2,1.5662,0.0237323,-2.21961,24093.9
2.01,0.0209427,2,1.5662,0.0237323,-2.21661,23713.6
2.01,0.0209427,2,1.5662,0.0237323,-2.21361,24041
2.01,0.0209427,2,1.5662,0.0237323,-2.21061,24577.6
2.01,0.0209427,2,1.5662,0.0237323,-2.2076,28521.5
2.01,0.0209427,2,1.5662,0.0237323,-2.2046,26531
2.01,0.0209427,2,1.5662,0.0237323,-2.2016,23796.2
2.01,0.0209427,2,1.5662,0.0237323,-2.1986,23267.2
2.01,0.0209427,2,1.5662,0.0237323,-2.1956,24149.9
2.01,0.0209427,2,1.5662,0.0237323,-2.1926,23811.7
2.01,0.0209427,2,1.5662,0.0237323,-2.18959,23002.8
2.01,0.0209427,2,1.5662,0.0237323,-2.18659,23205.1
2.01,0.0209427,2,1.5662,0.0237323,-2.18359,22997.1
2.01,0.0209427,2,1.5662,0.0237323,-2.18059,23751.8
2.01,0.0209427,2,1.5662,0.0237323,-2.17759,26390.2
2.01,0.0209427,2,1.5662,0.0237323,-2.17459,20576.4
2.01,0.0209427,2,1.5662,0.0237323,-2.17159,21003.1
2.01,0.0209427,2,1.5662,0.0237323,-2.16858,21576
2.01,0.0209427,2,1.5662,0.0237323,-2.16558,-22420.7
2.01,0.0209427,2,1.5662,0.0237323,-2.16258,-22975.7
2.01,0.0209427,2,1.5662,0.0237323,-2.15958,-21540.2
2.01,0.0209427,2,1.5662,0.0237323,-2.15658,-24112
2.01,0.0209427,2,1.5662,0.0237323,-2.15358,-21544.7
2.01,0.0209427,2,1.5662,0.0237323,-2.15058,-27380.6
2.01,0.0209427,2,1.5662,0.0237323,-2.14757,-23400
2.01,0.0209427,2,1.5662,0.0237323,-2.14457,-24155.4
2.01,0.0209427,2,1.5662,0.0237323,-2.14157,-23780.7
2.01,0.0209427,2,1.5662,0.0237323,-2.13857,-28470.4
2.01,0.0209427,2,1.5662,0.0237323,-2.13557,-23703.8
2.01,0.0209427,2,1.5662,0.0237323,-2.13257,-25526.6
2.01,0.0209427,2,1.5662,0.0237323,-2.12956,-25263
2.01,0.0209427,2,1.5662,0.0237323,-2.12656,-28580.6
2.01,0.0209427,2,1.5662,0.0237323,-2.12356,-25861.9
2.01,0.0209427,2,1.5662,0.0237323,-2.12056,-25180.4
2.01,0.0209427,2,1.5662,0.0237323,-2.11756,-25648.2
2.01,0.0209427,2,1.5662,0.0237323,-2.11456,-25352
2.01,0.0209427,2,1.5662,0.0237323,-2.11156,-23850.4
2.01,0.0209427,2,1.5662,0.0237323,-2.10855,-25821.3
2.01,0.0209427,2,1.5662,0.0237323,-2.10555,-23968.1
2.01,0.0209427,2,1.5662,0.0237323,-2.10255,-29167.9
2.01,0.0209427,2,1.5662,0.0237323,-2.09955,-24664.1
2.01,0.0209427,2,1.5662,0.0237323,-2.09655,-24663.5
2.01,0.0209427,2,1.5662,0.0237323,-2.09355,-24861.7
2.01,0.0209427,2,1.5662,0.0237323,-2.09055,-25217.6
2.01,0.0209427,2,1.5662,0.0237323,-2.08754,-26294.7
2.01,0.0209427,2,1.5662,0.0237323,-2.08454,-25397.4
2.01,0.0209427,2,1.5662,0.0237323,-2.08154,-25674.3
2.01,0.0209427,2,1.5662,0.0237323,-2.07854,-27987.5
2.01,0.0209427,2,1.5662,0.0237323,-2.07554,-25882.7
2.01,0.0209427,2,1.5662,0.0237323,-2.07254,-28325.8
2.01,0.0209427,2,1.5662,0.0237323,-2.06953,-26303.6
2.01,0.0209427,2,1.5662,0.0237323,-2.06653,-26345.7
2.01,0.0209427,2,1.5662,0.0237323,-2.06353,-24914.4
2.01,0.0209427,2,1.5662,0.0237323,-2.06053,-25201.7
2.01,0.0209427,2,1.5662,0.0237323,-2.05753,-28203.6
2.01,0.0209427,2,1.5662,0.0237323,-2.05453,-31087.9
2.01,0.0209427,2,1.5662,0.0237323,-2.05153,-25562.9
2.01,0.0209427,2,1.5662,0.0237323,-2.04852,-30293.4
2.01,0.0209427,2,1.5662,0.0237323,-2.04552,-25487.3
2.01,0.0209427,2,1.5662,0.0237323,-2.04252,-24961.6
2.01,0.0209427,2,1.5662,0.0237323,-2.03952,-27270.7
2.01,0.0209427,2,1.5662,0.0237323,-2.03652,-25404.1
2.01,0.0209427,2,1.5662,0.0237323,-2.03352,-26370.7
2.01,0.0209427,2,1.5662,0.0237323,-2.03052,-27007.3
2.01,0.0209427,2,1.5662,0.0237323,-2.02751,-28732.8
2.01,0.0209427,2,1.5662,0.0237323,-2.02451,-30275.8
2.01,0.0209427,2,1.5662,0.0237323,-2.02151,-26004.1
2.01,0.0209427,2,1.5662,0.0237323,-2.01851,-28420.3
2.01,0.0209427,2,1.5662,0.0237323,-2.01551,-28397.6
2.01,0.0209427,2,1.5662,0.0237323,-2.01251,-31684.5
2.01,0.0209427,2,1.5662,0.0237323,-2.0095,-26602.1
2.01,0.0209427,2,1.5662,0.0237323,-2.0065,-27506.1
2.01,0.0209427,2,1.5662,0.0237323,-2.0035,-25666.5
2.01,0.0209427,2,1.5662,0.0237323,-2.0005,-26943.7
2.01,0.0209427,2,1.5662,0.0237323,-1.9975,-25866.6
2.01,0.0209427,2,1.5662,0.0237323,-1.9945,-27164.1
2.01,0.0209427,2,1.5662,0.0237323,-1.9915,-26402.2
2.01,0.0209427,2,1.5662,0.0237323,-1.98849,-26939.8
2.01,0.0209427,2,1.5662,0.0237323,-1.98549,-28497.7
2.01,0.0209427,2,1.5662,0.0237323,-1.98249,-26060.2
2.01,0.0209427,2,1.5662,0.0237323,-1.97949,-29349.1
2.01,0.0209427,2,1.5662,0.0237323,-1.97649,-27933.7
2.01,0.0209427,2,1.5662,0.0237323,-1.97349,-27328.8
2.01,0.0209427,2,1.5662,0.0237323,-1.97049,-31649.7
2.01,0.0209427,2,1.5662,0.0237323,-1.96748,-32163.8
2.01,0.0209427,2,1.5662,0.0237323,-1.96448,-30706.4
2.01,0.0209427,2,1.5662,0.0237323,-1.96148,-27142.9
2.01,0.0209427,2,1.5662,0.0237323,-1.95848,-27302
2.01,0.0209427,2,1.5662,0.0237323,-1.95548,-26842.1
2.01,0.0209427,2,1.5662,0.0237323,-1.95248,-32894.7
2.01,0.0209427,2,1.5662,0.0237323,-1.94947,-26515.9
2.01,0.0209427,2,1.5662,0.0237323,-1.94647,-28169.7
2.01,0.0209427,2,1.5662,0.0237323,-1.94347,-27714.3
2.01,0.0209427,2,1.5662,0.0237323,-1.94047,-26567.2
2.01,0.0209427,2,1.5662,0.0237323,-1.93747,-26835.9
2.01,0.0209427,2,1.5662,0.0237323,-1.93447,-28549.8
2.01,0.0209427,2,1.5662,0.0237323,-1.93147,-28109.6
2.01,0.0209427,2,1.5662,0.0237323,-1.92846,-27812.2
2.01,0.0209427,2,1.5662,0.0237323,-1.92546,-27058.7
2.01,0.0209427,2,1.5662,0.0237323,-1.92246,-28398.2
2.01,0.0209427,2,1.5662,0.0237323,-1.91946,-29382.5
2.01,0.0209427,2,1.5662,0.0237323,-1.91646,-29294.4
2.01,0.0209427,2,1.5662,0.0237323,-1.91346,-29740.8
2.01,0.0209427,2,1.5662,0.0237323,-1.91046,-30400.8
2.01,0.0209427,2,1.5662,0.0237323,-1.90745,-29904.9
2.01,0.0209427,2,1.5662,0.0237323,-1.90445,-31887.3
2.01,0.0209427,2,1.5662,0.0237323,-1.90145,-28359.5
2.01,0.0209427,2,1.5662,0.0237323,-1.89845,-28575.8
2.01,0.0209427,2,1.5662,0.0237323,-1.89545,-28990.3
2.01,0.0209427,2,1.5662,0.0237323,-1.89245,-32887.4
2.01,0.0209427,2,1.5662,0.0237323,-1.88944,-32291
2.01,0.0209427,2,1.5662,0.0237323,-1.88644,-26511.5
2.01,0.0209427,2,1.5662,0.0237323,-1.88344,-33719.6
2.01,0.0209427,2,1.5662,0.0237323,-1.88044,-33823.8
2.01,0.0209427,2,1.5662,0.0237323,-1.87744,-33667
2.01,0.0209427,2,1.5662,0.0237323,-1.87444,-26699.1
2.01,0.0209427,2,1.5662,0.0237323,-1.87144,-26865.7
2.01,0.0209427,2,1.5662,0.0237323,-1.86843,-27895.6
2.01,0.0209427,2,1.5662,0.0237323,-1.86543,-29040.3
2.01,0.0209427,2,1.5662,0.0237323,-1.86243,-27718.4
2.01,0.0209427,2,1.5662,0.0237323,-1.85943,-27602.5
2.01,0.0209427,2,1.5662,0.0237323,-1.85643,-27644.6
2.01,0.0209427,2,1.5662,0.0237323,-1.85343,-27711.8
2.01,0.0209427,2,1.5662,0.0237323,-1.85043,-27227.4
2.01,0.0209427,2,1.5662,0.0237323,-1.84742,-29475
2.01,0.0209427,2,1.5662,0.0237323,-1.84442,-28670.6
2.01,0.0209427,2,1.5662,0.0237323,-1.84142,-28224.2
2.01,0.0209427,2,1.5662,0.0237323,-1.83842,-28390.7
2.01,0.0209427,2,1.5662,0.0237323,-1.83542,-28598.7
2.01,0.0209427,2,1.5662,0.0237323,-1.83242,-28737.4
2.01,0.0209427,2,1.5662,0.0237323,-1.82941,-29471
2.01,0.0209427,2,1.5662,0.0237323,-1.82641,-27039.5
2.01,0.0209427,2,1.5662,0.0237323,-1.82341,-30024.6
2.01,0.0209427,2,1.5662,0.0237323,-1.82041,-31186.7
2.01,0.0209427,2,1.5662,0.0237323,-1.81741,-30539.2
2.01,0.0209427,2,1.5662,0.0237323,-1.81441,-31324.7
2.01,0.0209427,2,1.5662,0.0237323,-1.81141,-30030.6
2.01,0.0209427,2,1.5662,0.0237323,-1.8084,-28030.1
2.01,0.0209427,2,1.5662,0.0237323,-1.8054,-32224.5
2.01,0.0209427,2,1.5662,0.0237323,-1.8024,-31972.4
2.01,0.0209427,2,1.5662,0.0237323,-1.7994,-31677.8
2.01,0.0209427,2,1.5662,0.0237323,-1.7964,-29277.7
2.01,0.0209427,2,1.5662,0.0237323,-1.7934,-32749.9
2.01,0.0209427,2,1.5662,0.0237323,-1.7904,-27145
2.01,0.0209427,2,1.5662,0.0237323,-1.78739,-29599.4
2.01,0.0209427,2,1.5662,0.0237323,-1.78439,-33131
2.01,0.0209427,2,1.5662,0.0237323,-1.78139,-29390.1
2.01,0.0209427,2,1.5662,0.0237323,-1.77839,-29537.9
2.01,0.0209427,2,1.5662,0.0237323,-1.77539,-27918.3
2.01,0.0209427,2,1.5662,0.0237323,-1.77239,-34003.5
2.01,0.0209427,2,1.5662,0.0237323,-1.76938,-27760.8
2.01,0.0209427,2,1.5662,0.0237323,-1.76638,-33015.5
2.01,0.0209427,2,1.5662,0.0237323,-1.76338,-33963.2
2.01,0.0209427,2,1.5662,0.0237323,-1.76038,-33815
2.01,0.0209427,2,1.5662,0.0237323,-1.75738,-28181.9
2.01,0.0209427,2,1.5662,0.0237323,-1.75438,-33692.7
2.01,0.0209427,2,1.5662,0.0237323,-1.75138,-27671.9
2.01,0.0209427,2,1.5662,0.0237323,-1.74837,-33559.1
2.01,0.0209427,2,1.5662,0.0237323,-1.74537,-27944.9
2.01,0.0209427,2,1.5662,0.0237323,-1.74237,-27028.3
2.01,0.0209427,2,1.5662,0.0237323,-1.73937,-33903.2
2.01,0.0209427,2,1.5662,0.0237323,-1.73637,-28088.2
2.01,0.0209427,2,1.5662,0.0237323,-1.73337,-29498.7
2.01,0.0209427,2,1.5662,0.0237323,-1.73037,-34387.3
2.01,0.0209427,2,1.5662,0.0237323,-1.72736,-29256.8
2.01,0.0209427,2,1.5662,0.0237323,-1.72436,-27323.4
2.01,0.0209427,2,1.5662,0.0237323,-1.72136,-29765.4
2.01,0.0209427,2,1.5662,0.0237323,-1.71836,-28731.5
2.01,0.0209427,2,1.5662,0.0237323,-1.71536,-28550.6
2.01,0.0209427,2,1.5662,0.0237323,-1.71236,-27745.8
2.01,0.0209427,2,1.5662,0.0237323,-1.70935,-27924.8
2.01,0.0209427,2,1.5662,0.0237323,-1.70635,-27091.6
2.01,0.0209427,2,1.5662,0.0237323,-1.70335,-27129.4
2.01,0.0209427,2,1.5662,0.0237323,-1.70035,-29138.9
2.01,0.0209427,2,1.5662,0.0237323,-1.69735,-27041
2.01,0.0209427,2,1.5662,0.0237323,-1.69435,-27218.3
2.01,0.0209427,2,1.5662,0.0237323,-1.69135,-27752.5
2.01,0.0209427,2,1.5662,0.0237323,-1.68834,-28414.2
2.01,0.0209427,2,1.5662,0.0237323,-1.68534,-29315
2.01,0.0209427,2,1.5662,0.0237323,-1.68234,-28045.8
2.01,0.0209427,2,1.5662,0.0237323,-1.67934,-27502.7
2.01,0.0209427,2,1.5662,0.0237323,-1.67634,-28864.8
2.01,0.0209427,2,1.5662,0.0237323,-1.67334,-29549.7
2.01,0.0209427,2,1.5662,0.0237323,-1.67034,-29280.5
2.01,0.0209427,2,1.5662,0.0237323,-1.66733,-28617.8
2.01,0.0209427,2,1.5662,0.0237323,-1.66433,-29389
2.01,0.0209427,2,1.5662,0.0237323,-1.66133,-27405.4
2.01,0.0209427,2,1.5662,0.0237323,-1.65833,-28813.5
2.01,0.0209427,2,1.5662,0.0237323,-1.65533,-28453.6
2.01,0.0209427,2,1.5662,0.0237323,-1.65233,-29705.3
2.01,0.0209427,2,1.5662,0.0237323,-1.64932,-29120.2
2.01,0.0209427,2,1.5662,0.0237323,-1.64632,-27633.6
2.01,0.0209427,2,1.5662,0.0237323,-1.64332,-27720.9
2.01,0.0209427,2,1.5662,0.0237323,-1.64032,-28935.7
2.01,0.0209427,2,1.5662,0.0237323,-1.63732,-28886.8
2.01,0.0209427,2,1.5662,0.0237323,-1.63432,-28794.1
2.01,0.0209427,2,1.5662,0.0237323,-1.63132,-27646.4
2.01,0.0209427,2,1.5662,0.0237323,-1.62831,-29544.6
2.01,0.0209427,2,1.5662,0.0237323,-1.62531,-29552.6
2.01,0.0209427,2,1.5662,0.0237323,-1.62231,-27756
2.01,0.0209427,2,1.5662,0.0237323,-1.61931,-28641.3
2.01,0.0209427,2,1.5662,0.0237323,-1.61631,-27995
2.01,0.0209427,2,1.5662,0.0237323,-1.61331,-27849.7
2.01,0.0209427,2,1.5662,0.0237323,-1.61031,-27856.5
2.01,0.0209427,2,1.5662,0.0237323,-1.6073,-28579.8
2.01,0.0209427,2,1.5662,0.0237323,-1.6043,-28187.3
2.01,0.0209427,2,1.5662,0.0237323,-1.6013,-28839
2.01,0.0209427,2,1.5662,0.0237323,-1.5983,-27396.4
2.01,0.0209427,2,1.5662,0.0237323,-1.5953,-27320.8
2.01,0.0209427,2,1.5662,0.0237323,-1.5923,-28370.1
2.01,0.0209427,2,1.5662,0.0237323,-1.58929,-28750.6
2.01,0.0209427,2,1.5662,0.0237323,-1.58629,-28274.9
2.01,0.0209427,2,1.5662,0.0237323,-1.58329,-28409.3
2.01,0.0209427,2,1.5662,0.0237323,-1.58029,-28169.3
2.01,0.0209427,2,1.5662,0.0237323,-1.57729,-27468.1
2.01,0.0209427,2,1.5662,0.0237323,-1.57429,-27877.3
2.01,0.0209427,2,1.5662,0.0237323,-1.57129,-27455.5
2.01,0.0209427,2,1.5662,0.0237323,-1.56828,-28280.6
2.01,0.0209427,2,1.5662,0.0237323,-1.56528,-28803.7
2.01,0.0209427,2,1.5662,0.0237323,-1.56228,-27953.4
2.01,0.0209427,2,1.5662,0.0237323,-1.55928,-28675
2.01,0.0209427,2,1.5662,0.0237323,-1.55628,-27494.5
2.01,0.0209427,2,1.5662,0.0237323,-1.55328,-28546.5
2.01,0.0209427,2,1.5662,0.0237323,-1.55028,-27274.7
2.01,0.0209427,2,1.5662,0.0237323,-1.54727,-34355.3
2.01,0.0209427,2,1.5662,0.0237323,-1.54427,-28309.6
2.01,0.0209427,2,1.5662,0.0237323,-1.54127,-27341.5
2.01,0.0209427,2,1.5662,0.0237323,-1.53827,-28369.7
2.01,0.0209427,2,1.5662,0.0237323,-1.53527,-29047
2.01,0.0209427,2,1.5662,0.0237323,-1.53227,-27670.6
2.01,0.0209427,2,1.5662,0.0237323,-1.52926,-28799.2
2.01,0.0209427,2,1.5662,0.0237323,-1.52626,-28834.8
2.01,0.0209427,2,1.5662,0.0237323,-1.52326,-34497.3
2.01,0.0209427,2,1.5662,0.0237323,-1.52026,-34610.9
2.01,0.0209427,2,1.5662,0.0237323,-1.51726,-33192.5
2.01,0.0209427,2,1.5662,0.0237323,-1.51426,-27141.2
2.01,0.0209427,2,1.5662,0.0237323,-1.51126,-33813.2
2.01,0.0209427,2,1.5662,0.0237323,-1.50825,-33750.8
2.01,0.0209427,2,1.5662,0.0237323,-1.50525,-27519.8
2.01,0.0209427,2,1.5662,0.0237323,-1.50225,-29412.9
2.01,0.0209427,2,1.5662,0.0237323,-1.49925,-32297.8
2.01,0.0209427,2,1.5662,0.0237323,-1.49625,-29218.3
2.01,0.0209427,2,1.5662,0.0237323,-1.49325,-32248.2
2.01,0.0209427,2,1.5662,0.0237323,-1.49025,-26786.8
2.01,0.0209427,2,1.5662,0.0237323,-1.48724,-31525
2.01,0.0209427,2,1.5662,0.0237323,-1.48424,-28566
2.01,0.0209427,2,1.5662,0.0237323,-1.48124,-26704.5
2.01,0.0209427,2,1.5662,0.0237323,-1.47824,-31483.4
2.01,0.0209427,2,1.5662,0.0237323,-1.47524,-31377.9
2.01,0.0209427,2,1.5662,0.0237323,-1.47224,-31816.1
2.01,0.0209427,2,1.5662,0.0237323,-1.46923,-30319.8
2.01,0.0209427,2,1.5662,0.0237323,-1.46623,-31180.4
2.01,0.0209427,2,1.5662,0.0237323,-1.46323,-27222.9
2.01,0.0209427,2,1.5662,0.0237323,-1.46023,-28792.1
2.01,0.0209427,2,1.5662,0.0237323,-1.45723,-26851.3
2.01,0.0209427,2,1.5662,0.0237323,-1.45423,-26659.2
2.01,0.0209427,2,1.5662,0.0237323,-1.45123,-29178.1
2.01,0.0209427,2,1.5662,0.0237323,-1.44822,-28373.8
2.01,0.0209427,2,1.5662,0.0237323,-1.44522,-29691
2.01,0.0209427,2,1.5662,0.0237323,-1.44222,-29302.6
2.01,0.0209427,2,1.5662,0.0237323,-1.43922,-29353.4
2.01,0.0209427,2,1.5662,0.0237323,-1.43622,-27415.7
2.01,0.0209427,2,1.5662,0.0237323,-1.43322,-28596.8
2.01,0.0209427,2,1.5662,0.0237323,-1.43022,-27222.6
2.01,0.0209427,2,1.5662,0.0237323,-1.42721,-28063.2
2.01,0.0209427,2,1.5662,0.0237323,-1.42421,-26407.8
2.01,0.0209427,2,1.5662,0.0237323,-1.42121,-26971
2.01,0.0209427,2,1.5662,0.0237323,-1.41821,-26695.7
2.01,0.0209427,2,1.5662,0.0237323,-1.41521,-28561.3
2.01,0.0209427,2,1.5662,0.0237323,-1.41221,-33429.7
2.01,0.0209427,2,1.5662,0.0237323,-1.4092,-27855.6
2.01,0.0209427,2,1.5662,0.0237323,-1.4062,-27630.7
2.01,0.0209427,2,1.5662,0.0237323,-1.4032,-33679.4
2.01,0.0209427,2,1.5662,0.0237323,-1.4002,-27046.4
2.01,0.0209427,2,1.5662,0.0237323,-1.3972,-26151.1
2.01,0.0209427,2,1.5662,0.0237323,-1.3942,-32437.7
2.01,0.0209427,2,1.5662,0.0237323,-1.3912,-31773
2.01,0.0209427,2,1.5662,0.0237323,-1.38819,-31731.6
2.01,0.0209427,2,1.5662,0.0237323,-1.38519,-29032.7
2.01,0.0209427,2,1.5662,0.0237323,-1.38219,-29300.6
2.01,0.0209427,2,1.5662,0.0237323,-1.37919,-30381.5
2.01,0.0209427,2,1.5662,0.0237323,-1.37619,-28140.9
2.01,0.0209427,2,1.5662,0.0237323,-1.37319,-27384
2.01,0.0209427,2,1.5662,0.0237323,-1.37019,-27057.6
2.01,0.0209427,2,1.5662,0.0237323,-1.36718,-26176.6
2.01,0.0209427,2,1.5662,0.0237323,-1.36418,-26615.1
2.01,0.0209427,2,1.5662,0.0237323,-1.36118,-25746.2
2.01,0.0209427,2,1.5662,0.0237323,-1.35818,-25632.1
2.01,0.0209427,2,1.5662,0.0237323,-1.35518,-26715.2
2.01,0.0209427,2,1.5662,0.0237323,-1.35218,-26323.2
2.01,0.0209427,2,1.5662,0.0237323,-1.34917,-32919.6
2.01,0.0209427,2,1.5662,0.0237323,-1.34617,-25470
2.01,0.0209427,2,1.5662,0.0237323,-1.34317,-31844.9
2.01,0.0209427,2,1.5662,0.0237323,-1.34017,-29718.3
2.01,0.0209427,2,1.5662,0.0237323,-1.33717,-29029.2
2.01,0.0209427,2,1.5662,0.0237323,-1.33417,-26481.3
2.01,0.0209427,2,1.5662,0.0237323,-1.33117,-26061.8
2.01,0.0209427,2,1.5662,0.0237323,-1.32816,-25257.5
2.01,0.0209427,2,1.5662,0.0237323,-1.32516,-26850.5
2.01,0.0209427,2,1.5662,0.0237323,-1.32216,-26270
2.01,0.0209427,2,1.5662,0.0237323,-1.31916,-25308.6
2.01,0.0209427,2,1.5662,0.0237323,-1.31616,-25437.2
2.01,0.0209427,2,1.5662,0.0237323,-1.31316,-32019.4
2.01,0.0209427,2,1.5662,0.0237323,-1.31016,-31925.3
2.01,0.0209427,2,1.5662,0.0237323,-1.30715,-31524.9
2.01,0.0209427,2,1.5662,0.0237323,-1.30415,-28165
2.01,0.0209427,2,1.5662,0.0237323,-1.30115,-30079.7
2.01,0.0209427,2,1.5662,0.0237323,-1.29815,-26185
2.01,0.0209427,2,1.5662,0.0237323,-1.29515,-26363.2
2.01,0.0209427,2,1.5662,0.0237323,-1.29215,-25543.7
2.01,0.0209427,2,1.5662,0.0237323,-1.28914,-26544.7
2.01,0.0209427,2,1.5662,0.0237323,-1.28614,-26068.8
2.01,0.0209427,2,1.5662,0.0237323,-1.28314,-27365.5
2.01,0.0209427,2,1.5662,0.0237323,-1.28014,-29174.5
2.01,0.0209427,2,1.5662,0.0237323,-1.27714,-28299.6
2.01,0.0209427,2,1.5662,0.0237323,-1.27414,-24834.8
2.01,0.0209427,2,1.5662,0.0237323,-1.27114,-24753.4
2.01,0.0209427,2,1.5662,0.0237323,-1.26813,-24906.1
2.01,0.0209427,2,1.5662,0.0237323,-1.26513,-27839.7
2.01,0.0209427,2,1.5662,0.0237323,-1.26213,-24154.9
2.01,0.0209427,2,1.5662,0.0237323,-1.25913,-29165.7
2.01,0.0209427,2,1.5662,0.0237323,-1.25613,-24527
2.01,0.0209427,2,1.5662,0.0237323,-1.25313,-24136.1
2.01,0.0209427,2,1.5662,0.0237323,-1.25013,-23635.1
2.01,0.0209427,2,1.5662,0.0237323,-1.24712,-24424.7
2.01,0.0209427,2,1.5662,0.0237323,-1.24412,-29125.6
2.01,0.0209427,2,1.5662,0.0237323,-1.24112,-25313.4
2.01,0.0209427,2,1.5662,0.0237323,-1.23812,-28185.1
2.01,0.0209427,2,1.5662,0.0237323,-1.23512,-24857.4
2.01,0.0209427,2,1.5662,0.0237323,-1.23212,-24252.3
2.01,0.0209427,2,1.5662,0.0237323,-1.22911,-22452.2
2.01,0.0209427,2,1.5662,0.0237323,-1.22611,-22466.1
2.01,0.0209427,2,1.5662,0.0237323,-1.22311,-23228.4
2.01,0.0209427,2,1.5662,0.0237323,-1.22011,-21947.3
2.01,0.0209427,2,1.5662,0.0237323,-1.21711,-23669.5
2.01,0.0209427,2,1.5662,0.0237323,-1.21411,-22731.2
2.01,0.0209427,2,1.5662,0.0237323,-1.21111,-22201.7
2.01,0.0209427,2,1.5662,0.0237323,-1.2081,-19665.4
2.01,0.0209427,2,1.5662,0.0237323,-1.2051,20956.3
2.01,0.0209427,2,1.5662,0.0237323,-1.2021,23502.7
2.01,0.0209427,2,1.5662,0.0237323,-1.1991,22624.7
2.01,0.0209427,2,1.5662,0.0237323,-1.1961,21829.8
2.01,0.0209427,2,1.5662,0.0237323,-1.1931,22780.9
2.01,0.0209427,2,1.5662,0.0237323,-1.1901,22726.6
2.01,0.0209427,2,1.5662,0.0237323,-1.18709,24509.2
2.01,0.0209427,2,1.5662,0.0237323,-1.18409,23875.8
2.01,0.0209427,2,1.5662,0.0237323,-1.18109,24413.5
2.01,0.0209427,2,1.5662,0.0237323,-1.17809,24983.3
2.01,0.0209427,2,1.5662,0.0237323,-1.17509,27069.3
2.01,0.0209427,2,1.5662,0.0237323,-1.17209,25095.5
2.01,0.0209427,2,1.5662,0.0237323,-1.16908,24007.8
2.01,0.0209427,2,1.5662,0.0237323,-1.16608,24462.5
2.01,0.0209427,2,1.5662,0.0237323,-1.16308,23837.2
2.01,0.0209427,2,1.5662,0.0237323,-1.16008,27822.6
2.01,0.0209427,2,1.5662,0.0237323,-1.15708,26996.8
2.01,0.0209427,2,1.5662,0.0237323,-1.15408,24941
2.01,0.0209427,2,1.5662,0.0237323,-1.15108,25153.3
2.01,0.0209427,2,1.5662,0.0237323,-1.14807,26318.7
2.01,0.0209427,2,1.5662,0.0237323,-1.14507,25845.8
2.01,0.0209427,2,1.5662,0.0237323,-1.14207,26026.3
2.01,0.0209427,2,1.5662,0.0237323,-1.13907,25873.6
2.01,0.0209427,2,1.5662,0.0237323,-1.13607,25731.3
2.01,0.0209427,2,1.5662,0.0237323,-1.13307,25381.8
2.01,0.0209427,2,1.5662,0.0237323,-1.13007,24665.2
2.01,0.0209427,2,1.5662,0.0237323,-1.12706,27020.9
2.01,0.0209427,2,1.5662,0.0237323,-1.12406,25420.3
2.01,0.0209427,2,1.5662,0.0237323,-1.12106,29653.2
2.01,0.0209427,2,1.5662,0.0237323,-1.11806,26568.2
2.01,0.0209427,2,1.5662,0.0237323,-1.11506,25508.1
2.01,0.0209427,2,1.5662,0.0237323,-1.11206,31469.7
2.01,0.0209427,2,1.5662,0.0237323,-1.10905,25256.7
2.01,0.0209427,2,1.5662,0.0237323,-1.10605,26861.8
2.01,0.0209427,2,1.5662,0.0237323,-1.10305,26251.2
2.01,0.0209427,2,1.5662,0.0237323,-1.10005,26848.2
2.01,0.0209427,2,1.5662,0.0237323,-1.09705,27376.7
2.01,0.0209427,2,1.5662,0.0237323,-1.09405,25769.8
2.01,0.0209427,2,1.5662,0.0237323,-1.09105,28752.2
2.01,0.0209427,2,1.5662,0.0237323,-1.08804,26746.4
2.01,0.0209427,2,1.5662,0.0237323,-1.08504,27856
2.01,0.0209427,2,1.5662,0.0237323,-1.08204,31180.3
2.01,0.0209427,2,1.5662,0.0237323,-1.07904,26177.2
2.01,0.0209427,2,1.5662,0.0237323,-1.07604,26090.4
2.01,0.0209427,2,1.5662,0.0237323,-1.07304,25494.8
2.01,0.0209427,2,1.5662,0.0237323,-1.07004,27808
2.01,0.0209427,2,1.5662,0.0237323,-1.06703,28584.8
2.01,0.0209427,2,1.5662,0.0237323,-1.06403,27172.5
2.01,0.0209427,2,1.5662,0.0237323,-1.06103,25655.8
2.01,0.0209427,2,1.5662,0.0237323,-1.05803,29403.1
2.01,0.0209427,2,1.5662,0.0237323,-1.05503,26852.2
2.01,0.0209427,2,1.5662,0.0237323,-1.05203,33516.3
2.01,0.0209427,2,1.5662,0.0237323,-1.04902,28896.9
2.01,0.0209427,2,1.5662,0.0237323,-1.04602,26575.9
2.01,0.0209427,2,1.5662,0.0237323,-1.04302,28618.2
2.01,0.0209427,2,1.5662,0.0237323,-1.04002,26107.8
2.01,0.0209427,2,1.5662,0.0237323,-1.03702,32924.3
2.01,0.0209427,2,1.5662,0.0237323,-1.03402,28212.5
2.01,0.0209427,2,1.5662,0.0237323,-1.03102,27941.2
2.01,0.0209427,2,1.5662,0.0237323,-1.02801,26207.6
2.01,0.0209427,2,1.5662,0.0237323,-1.02501,26818.1
2.01,0.0209427,2,1.5662,0.0237323,-1.02201,28123.4
2.01,0.0209427,2,1.5662,0.0237323,-1.01901,27529.5
2.01,0.0209427,2,1.5662,0.0237323,-1.01601,27976.1
2.01,0.0209427,2,1.5662,0.0237323,-1.01301,27970.6
2.01,0.0209427,2,1.5662,0.0237323,-1.01001,29630.9
2.01,0.0209427,2,1.5662,0.0237323,-1.007,28902.4
2.01,0.0209427,2,1.5662,0.0237323,-1.004,30386.2
2.01,0.0209427,2,1.5662,0.0237323,-1.001,31303.6
2.01,0.0209427,2,1.5662,0.0237323,-0.997999,30035.5
2.01,0.0209427,2,1.5662,0.0237323,-0.994997,26320.1
2.01,0.0209427,2,1.5662,0.0237323,-0.991996,32648.7
2.01,0.0209427,2,1.5662,0.0237323,-0.988994,32609.2
2.01,0.0209427,2,1.5662,0.0237323,-0.985993,27723.7
2.01,0.0209427,2,1.5662,0.0237323,-0.982991,34202.1
2.01,0.0209427,2,1.5662,0.0237323,-0.97999,28251.2
2.01,0.0209427,2,1.5662,0.0237323,-0.976988,28156.1
2.01,0.0209427,2,1.5662,0.0237323,-0.973987,34020.2
2.01,0.0209427,2,1.5662,0.0237323,-0.970985,29192.2
2.01,0.0209427,2,1.5662,0.0237323,-0.967984,27143.4
2.01,0.0209427,2,1.5662,0.0237323,-0.964982,28357.7
2.01,0.0209427,2,1.5662,0.0237323,-0.961981,27065.9
2.01,0.0209427,2,1.5662,0.0237323,-0.958979,27140.4
2.01,0.0209427,2,1.5662,0.0237323,-0.955978,28245
2.01,0.0209427,2,1.5662,0.0237323,-0.952976,29608
2.01,0.0209427,2,1.5662,0.0237323,-0.949975,29531.1
2.01,0.0209427,2,1.5662,0.0237323,-0.946973,29393.7
2.01,0.0209427,2,1.5662,0.0237323,-0.943972,30297.3
2.01,0.0209427,2,1.5662,0.0237323,-0.94097,29846.9
2.01,0.0209427,2,1.5662,0.0237323,-0.937969,31087.1
2.01,0.0209427,2,1.5662,0.0237323,-0.934967,29213.6
2.01,0.0209427,2,1.5662,0.0237323,-0.931966,29002.4
2.01,0.0209427,2,1.5662,0.0237323,-0.928964,29645.9
2.01,0.0209427,2,1.5662,0.0237323,-0.925963,30897.7
2.01,0.0209427,2,1.5662,0.0237323,-0.922961,30107.5
2.01,0.0209427,2,1.5662,0.0237323,-0.91996,31359.3
2.01,0.0209427,2,1.5662,0.0237323,-0.916958,30544.4
2.01,0.0209427,2,1.5662,0.0237323,-0.913957,26965
2.01,0.0209427,2,1.5662,0.0237323,-0.910955,32994.3
2.01,0.0209427,2,1.5662,0.0237323,-0.907954,33000
2.01,0.0209427,2,1.5662,0.0237323,-0.904952,32372.8
2.01,0.0209427,2,1.5662,0.0237323,-0.901951,29738.2
2.01,0.0209427,2,1.5662,0.0237323,-0.898949,34076.8
2.01,0.0209427,2,1.5662,0.0237323,-0.895948,28045.2
2.01,0.0209427,2,1.5662,0.0237323,-0.892946,33156.7
2.01,0.0209427,2,1.5662,0.0237323,-0.889945,28334.2
2.01,0.0209427,2,1.5662,0.0237323,-0.886943,27196.9
2.01,0.0209427,2,1.5662,0.0237323,-0.883942,28450.5
2.01,0.0209427,2,1.5662,0.0237323,-0.88094,28924
2.01,0.0209427,2,1.5662,0.0237323,-0.877939,29054.7
2.01,0.0209427,2,1.5662,0.0237323,-0.874937,34699.5
2.01,0.0209427,2,1.5662,0.0237323,-0.871936,27869.2
2.01,0.0209427,2,1.5662,0.0237323,-0.868934,28176.5
2.01,0.0209427,2,1.5662,0.0237323,-0.865933,27867
2.01,0.0209427,2,1.5662,0.0237323,-0.862931,27465.9
2.01,0.0209427,2,1.5662,0.0237323,-0.85993,27926.1
2.01,0.0209427,2,1.5662,0.0237323,-0.856928,27351.3
2.01,0.0209427,2,1.5662,0.0237323,-0.853927,27878.7
2.01,0.0209427,2,1.5662,0.0237323,-0.850925,29083.1
2.01,0.0209427,2,1.5662,0.0237323,-0.847924,27103.5
2.01,0.0209427,2,1.5662,0.0237323,-0.844922,27313.3
2.01,0.0209427,2,1.5662,0.0237323,-0.841921,28784.3
2.01,0.0209427,2,1.5662,0.0237323,-0.838919,28667.1
2.01,0.0209427,2,1.5662,0.0237323,-0.835918,28030.6
2.01,0.0209427,2,1.5662,0.0237323,-0.832916,27690.1
2.01,0.0209427,2,1.5662,0.0237323,-0.829915,28236.6
2.01,0.0209427,2,1.5662,0.0237323,-0.826913,27848.9
2.01,0.0209427,2,1.5662,0.0237323,-0.823912,27914.6
2.01,0.0209427,2,1.5662,0.0237323,-0.82091,29759.1
2.01,0.0209427,2,1.5662,0.0237323,-0.817909,28354.2
2.01,0.0209427,2,1.5662,0.0237323,-0.814907,28171.7
2.01,0.0209427,2,1.5662,0.0237323,-0.811906,28741.6
2.01,0.0209427,2,1.5662,0.0237323,-0.808904,28191.6
2.01,0.0209427,2,1.5662,0.0237323,-0.805903,28193.6
2.01,0.0209427,2,1.5662,0.0237323,-0.802901,29111.5
2.01,0.0209427,2,1.5662,0.0237323,-0.7999,29676.6
2.01,0.0209427,2,1.5662,0.0237323,-0.796898,28444.7
2.01,0.0209427,2,1.5662,0.0237323,-0.793897,29487.1
2.01,0.0209427,2,1.5662,0.0237323,-0.790895,28798.9
2.01,0.0209427,2,1.5662,0.0237323,-0.787894,29990
2.01,0.0209427,2,1.5662,0.0237323,-0.784892,30323.8
2.01,0.0209427,2,1.5662,0.0237323,-0.781891,28437.8
2.01,0.0209427,2,1.5662,0.0237323,-0.778889,29872.3
2.01,0.0209427,2,1.5662,0.0237323,-0.775888,28888.6
2.01,0.0209427,2,1.5662,0.0237323,-0.772886,29651.7
2.01,0.0209427,2,1.5662,0.0237323,-0.769885,28903.5
2.01,0.0209427,2,1.5662,0.0237323,-0.766883,29524.8
2.01,0.0209427,2,1.5662,0.0237323,-0.763882,29156.4
2.01,0.0209427,2,1.5662,0.0237323,-0.76088,29399.5
2.01,0.0209427,2,1.5662,0.0237323,-0.757879,29477.8
2.01,0.0209427,2,1.5662,0.0237323,-0.754877,29035.2
2.01,0.0209427,2,1.5662,0.0237323,-0.751876,29639.7
2.01,0.0209427,2,1.5662,0.0237323,-0.748874,29590.5
2.01,0.0209427,2,1.5662,0.0237323,-0.745873,28719
2.01,0.0209427,2,1.5662,0.0237323,-0.742871,28349.3
2.01,0.0209427,2,1.5662,0.0237323,-0.73987,28256.8
2.01,0.0209427,2,1.5662,0.0237323,-0.736868,29589.1
2.01,0.0209427,2,1.5662,0.0237323,-0.733867,31761.7
2.01,0.0209427,2,1.5662,0.0237323,-0.730865,28765.3
2.01,0.0209427,2,1.5662,0.0237323,-0.727864,29982.1
2.01,0.0209427,2,1.5662,0.0237323,-0.724862,28580.2
2.01,0.0209427,2,1.5662,0.0237323,-0.721861,29053.3
2.01,0.0209427,2,1.5662,0.0237323,-0.718859,27922
2.01,0.0209427,2,1.5662,0.0237323,-0.715858,28341.1
2.01,0.0209427,2,1.5662,0.0237323,-0.712856,27683.2
2.01,0.0209427,2,1.5662,0.0237323,-0.709855,28096.3
2.01,0.0209427,2,1.5662,0.0237323,-0.706853,28844.7
2.01,0.0209427,2,1.5662,0.0237323,-0.703852,28744.9
2.01,0.0209427,2,1.5662,0.0237323,-0.70085,29152.5
2.01,0.0209427,2,1.5662,0.0237323,-0.697849,27679.5
2.01,0.0209427,2,1.5662,0.0237323,-0.694847,28904.7
2.01,0.0209427,2,1.5662,0.0237323,-0.691846,26946.9
2.01,0.0209427,2,1.5662,0.0237323,-0.688844,27722.5
2.01,0.0209427,2,1.5662,0.0237323,-0.685843,27083.5
2.01,0.0209427,2,1.5662,0.0237323,-0.682841,29626.3
2.01,0.0209427,2,1.5662,0.0237323,-0.67984,29146.7
2.01,0.0209427,2,1.5662,0.0237323,-0.676838,27392.8
2.01,0.0209427,2,1.5662,0.0237323,-0.673837,27403.2
2.01,0.0209427,2,1.5662,0.0237323,-0.670835,27258.8
2.01,0.0209427,2,1.5662,0.0237323,-0.667834,28485.9
2.01,0.0209427,2,1.5662,0.0237323,-0.664832,33269.5
2.01,0.0209427,2,1.5662,0.0237323,-0.661831,28516.1
2.01,0.0209427,2,1.5662,0.0237323,-0.658829,32763.4
2.01,0.0209427,2,1.5662,0.0237323,-0.655828,33930.8
2.01,0.0209427,2,1.5662,0.0237323,-0.652826,27489.7
2.01,0.0209427,2,1.5662,0.0237323,-0.649825,27692.7
2.01,0.0209427,2,1.5662,0.0237323,-0.646823,33217
2.01,0.0209427,2,1.5662,0.0237323,-0.643822,26866.2
2.01,0.0209427,2,1.5662,0.0237323,-0.64082,32470.5
2.01,0.0209427,2,1.5662,0.0237323,-0.637819,32417.1
2.01,0.0209427,2,1.5662,0.0237323,-0.634817,31268.7
2.01,0.0209427,2,1.5662,0.0237323,-0.631816,29977.1
2.01,0.0209427,2,1.5662,0.0237323,-0.628814,31466.2
2.01,0.0209427,2,1.5662,0.0237323,-0.625813,30532.7
2.01,0.0209427,2,1.5662,0.0237323,-0.622811,29986.8
2.01,0.0209427,2,1.5662,0.0237323,-0.61981,30512.1
2.01,0.0209427,2,1.5662,0.0237323,-0.616808,29737.3
2.01,0.0209427,2,1.5662,0.0237323,-0.613807,28739.2
2.01,0.0209427,2,1.5662,0.0237323,-0.610805,27603.3
2.01,0.0209427,2,1.5662,0.0237323,-0.607804,29353.8
2.01,0.0209427,2,1.5662,0.0237323,-0.604802,28873.8
2.01,0.0209427,2,1.5662,0.0237323,-0.601801,27843.4
2.01,0.0209427,2,1.5662,0.0237323,-0.598799,27194
2.01,0.0209427,2,1.5662,0.0237323,-0.595798,26436
2.01,0.0209427,2,1.5662,0.0237323,-0.592796,26292.9
2.01,0.0209427,2,1.5662,0.0237323,-0.589795,28715.7
2.01,0.0209427,2,1.5662,0.0237323,-0.586793,26279.3
2.01,0.0209427,2,1.5662,0.0237323,-0.583792,27870.5
2.01,0.0209427,2,1.5662,0.0237323,-0.58079,33092.4
2.01,0.0209427,2,1.5662,0.0237323,-0.577789,26624.8
2.01,0.0209427,2,1.5662,0.0237323,-0.574787,31228.5
2.01,0.0209427,2,1.5662,0.0237323,-0.571786,26184.3
2.01,0.0209427,2,1.5662,0.0237323,-0.568784,28637.9
2.01,0.0209427,2,1.5662,0.0237323,-0.565783,29811.7
2.01,0.0209427,2,1.5662,0.0237323,-0.562781,30075.6
2.01,0.0209427,2,1.5662,0.0237323,-0.55978,28363
2.01,0.0209427,2,1.5662,0.0237323,-0.556778,27897.5
2.01,0.0209427,2,1.5662,0.0237323,-0.553777,28914.7
2.01,0.0209427,2,1.5662,0.0237323,-0.550775,26486.1
2.01,0.0209427,2,1.5662,0.0237323,-0.547774,26410
2.01,0.0209427,2,1.5662,0.0237323,-0.544772,26300.7
2.01,0.0209427,2,1.5662,0.0237323,-0.541771,26302.5
2.01,0.0209427,2,1.5662,0.0237323,-0.538769,26948.3
2.01,0.0209427,2,1.5662,0.0237323,-0.535768,28348.7
2.01,0.0209427,2,1.5662,0.0237323,-0.532766,25694.7
2.01,0.0209427,2,1.5662,0.0237323,-0.529765,26192.8
2.01,0.0209427,2,1.5662,0.0237323,-0.526763,27419.5
2.01,0.0209427,2,1.5662,0.0237323,-0.523762,28101.1
2.01,0.0209427,2,1.5662,0.0237323,-0.52076,26466.7
2.01,0.0209427,2,1.5662,0.0237323,-0.517759,25818.7
2.01,0.0209427,2,1.5662,0.0237323,-0.514757,26549
2.01,0.0209427,2,1.5662,0.0237323,-0.511756,25844
2.01,0.0209427,2,1.5662,0.0237323,-0.508754,25097.9
2.01,0.0209427,2,1.5662,0.0237323,-0.505753,26610.2
2.01,0.0209427,2,1.5662,0.0237323,-0.502751,25342.5
2.01,0.0209427,2,1.5662,0.0237323,-0.49975,26545.2
2.01,0.0209427,2,1.5662,0.0237323,-0.496748,25467.6
2.01,0.0209427,2,1.5662,0.0237323,-0.493747,24610.1
2.01,0.0209427,2,1.5662,0.0237323,-0.490745,25470.9
2.01,0.0209427,2,1.5662,0.0237323,-0.487744,31203.7
2.01,0.0209427,2,1.5662,0.0237323,-0.484742,27483.5
2.01,0.0209427,2,1.5662,0.0237323,-0.481741,24967.6
2.01,0.0209427,2,1.5662,0.0237323,-0.478739,24377.8
2.01,0.0209427,2,1.5662,0.0237323,-0.475738,29653.4
2.01,0.0209427,2,1.5662,0.0237323,-0.472736,27605.3
2.01,0.0209427,2,1.5662,0.0237323,-0.469735,27035.5
2.01,0.0209427,2,1.5662,0.0237323,-0.466733,23601.4
2.01,0.0209427,2,1.5662,0.0237323,-0.463732,27418.2
2.01,0.0209427,2,1.5662,0.0237323,-0.46073,25259.6
2.01,0.0209427,2,1.5662,0.0237323,-0.457729,23193.7
2.01,0.0209427,2,1.5662,0.0237323,-0.454727,25863.6
2.01,0.0209427,2,1.5662,0.0237323,-0.451726,22995.3
2.01,0.0209427,2,1.5662,0.0237323,-0.448724,22409.3
2.01,0.0209427,2,1.5662,0.0237323,-0.445723,24864.5
2.01,0.0209427,2,1.5662,0.0237323,-0.442721,23643.9
2.01,0.0209427,2,1.5662,0.0237323,-0.43972,26360.7
2.01,0.0209427,2,1.5662,0.0237323,-0.436718,20517.7
2.01,0.0209427,2,1.5662,0.0237323,-0.433717,-21049.6
2.01,0.0209427,2,1.5662,0.0237323,-0.430715,-22155.4
2.01,0.0209427,2,1.5662,0.0237323,-0.427714,-22751.1
2.01,0.0209427,2,1.5662,0.0237323,-0.424712,-22533.7
2.01,0.0209427,2,1.5662,0.0237323,-0.421711,-24305.6
2.01,0.0209427,2,1.5662,0.0237323,-0.418709,-24174.4
2.01,0.0209427,2,1.5662,0.0237323,-0.415708,-25854.6
2.01,0.0209427,2,1.5662,0.0237323,-0.412706,-24578.9
2.01,0.0209427,2,1.5662,0.0237323,-0.409705,-25100.7
2.01,0.0209427,2,1.5662,0.0237323,-0.406703,-24295.4
2.01,0.0209427,2,1.5662,0.0237323,-0.403702,-24461.8
2.01,0.0209427,2,1.5662,0.0237323,-0.4007,-25697.2
2.01,0.0209427,2,1.5662,0.0237323,-0.397699,-26359.2
2.01,0.0209427,2,1.5662,0.0237323,-0.394697,-26433
2.01,0.0209427,2,1.5662,0.0237323,-0.391696,-27124.3
2.01,0.0209427,2,1.5662,0.0237323,-0.388694,-27939.6
2.01,0.0209427,2,1.5662,0.0237323,-0.385693,-25633.6
2.01,0.0209427,2,1.5662,0.0237323,-0.382691,-25074.4
2.01,0.0209427,2,1.5662,0.0237323,-0.37969,-27420.1
2.01,0.0209427,2,1.5662,0.0237323,-0.376688,-29202.4
2.01,0.0209427,2,1.5662,0.0237323,-0.373687,-28422.9
2.01,0.0209427,2,1.5662,0.0237323,-0.370685,-25977.9
2.01,0.0209427,2,1.5662,0.0237323,-0.367684,-25954
2.01,0.0209427,2,1.5662,0.0237323,-0.364682,-31580.7
2.01,0.0209427,2,1.5662,0.0237323,-0.361681,-26971.3
2.01,0.0209427,2,1.5662,0.0237323,-0.358679,-29144.6
2.01,0.0209427,2,1.5662,0.0237323,-0.355678,-27226.2
2.01,0.0209427,2,1.5662,0.0237323,-0.352676,-25691.9
2.01,0.0209427,2,1.5662,0.0237323,-0.349675,-32016.3
2.01,0.0209427,2,1.5662,0.0237323,-0.346673,-27661.5
2.01,0.0209427,2,1.5662,0.0237323,-0.343672,-27697.2
2.01,0.0209427,2,1.5662,0.0237323,-0.34067,-26805.3
2.01,0.0209427,2,1.5662,0.0237323,-0.337669,-29478.9
2.01,0.0209427,2,1.5662,0.0237323,-0.334667,-29628.6
2.01,0.0209427,2,1.5662,0.0237323,-0.331666,-31527
2.01,0.0209427,2,1.5662,0.0237323,-0.328664,-30231.3
2.01,0.0209427,2,1.5662,0.0237323,-0.325663,-33396.1
2.01,0.0209427,2,1.5662,0.0237323,-0.322661,-33343.1
2.01,0.0209427,2,1.5662,0.0237323,-0.31966,-28068.8
2.01,0.0209427,2,1.5662,0.0237323,-0.316658,-26752.1
2.01,0.0209427,2,1.5662,0.0237323,-0.313657,-27185.1
2.01,0.0209427,2,1.5662,0.0237323,-0.310655,-27828.2
2.01,0.0209427,2,1.5662,0.0237323,-0.307654,-29335.1
2.01,0.0209427,2,1.5662,0.0237323,-0.304652,-27124
2.01,0.0209427,2,1.5662,0.0237323,-0.301651,-30660.2
2.01,0.0209427,2,1.5662,0.0237323,-0.298649,-28388.5
2.01,0.0209427,2,1.5662,0.0237323,-0.295648,-33025
2.01,0.0209427,2,1.5662,0.0237323,-0.292646,-28106.2
2.01,0.0209427,2,1.5662,0.0237323,-0.289645,-33141.8
2.01,0.0209427,2,1.5662,0.0237323,-0.286643,-26891.3
2.01,0.0209427,2,1.5662,0.0237323,-0.283642,-28461.5
2.01,0.0209427,2,1.5662,0.0237323,-0.28064,-27249.5
2.01,0.0209427,2,1.5662,0.0237323,-0.277639,-27758.5
2.01,0.0209427,2,1.5662,0.0237323,-0.274637,-29093.9
2.01,0.0209427,2,1.5662,0.0237323,-0.271636,-28819.6
2.01,0.0209427,2,1.5662,0.0237323,-0.268634,-30346.8
2.01,0.0209427,2,1.5662,0.0237323,-0.265633,-30388.4
2.01,0.0209427,2,1.5662,0.0237323,-0.262631,-31534.5
2.01,0.0209427,2,1.5662,0.0237323,-0.25963,-28718.4
2.01,0.0209427,2,1.5662,0.0237323,-0.256628,-33669.1
2.01,0.0209427,2,1.5662,0.0237323,-0.253627,-33348.7
2.01,0.0209427,2,1.5662,0.0237323,-0.250625,-28525.6
2.01,0.0209427,2,1.5662,0.0237323,-0.247624,-33718.8
2.01,0.0209427,2,1.5662,0.0237323,-0.244622,-29321.5
2.01,0.0209427,2,1.5662,0.0237323,-0.241621,-27732.4
2.01,0.0209427,2,1.5662,0.0237323,-0.238619,-27642.9
2.01,0.0209427,2,1.5662,0.0237323,-0.235618,-28339.6
2.01,0.0209427,2,1.5662,0.0237323,-0.232616,-28073.3
2.01,0.0209427,2,1.5662,0.0237323,-0.229615,-28972.9
2.01,0.0209427,2,1.5662,0.0237323,-0.226613,-29561.9
2.01,0.0209427,2,1.5662,0.0237323,-0.223612,-30665.1
2.01,0.0209427,2,1.5662,0.0237323,-0.22061,-27470.3
2.01,0.0209427,2,1.5662,0.0237323,-0.217609,-32052.1
2.01,0.0209427,2,1.5662,0.0237323,-0.214607,-31070.5
2.01,0.0209427,2,1.5662,0.0237323,-0.211606,-30189.5
2.01,0.0209427,2,1.5662,0.0237323,-0.208604,-29114.5
2.01,0.0209427,2,1.5662,0.0237323,-0.205603,-33296.5
2.01,0.0209427,2,1.5662,0.0237323,-0.202601,-30504.8
2.01,0.0209427,2,1.5662,0.0237323,-0.1996,-33960.5
2.01,0.0209427,2,1.5662,0.0237323,-0.196598,-27570.6
2.01,0.0209427,2,1.5662,0.0237323,-0.193597,-33826.3
2.01,0.0209427,2,1.5662,0.0237323,-0.190595,-34226.5
2.01,0.0209427,2,1.5662,0.0237323,-0.187594,-34925.8
2.01,0.0209427,2,1.5662,0.0237323,-0.184592,-35449.1
2.01,0.0209427,2,1.5662,0.0237323,-0.181591,-28851.1
2.01,0.0209427,2,1.5662,0.0237323,-0.178589,-27688.4
2.01,0.0209427,2,1.5662,0.0237323,-0.175588,-28736.4
2.01,0.0209427,2,1.5662,0.0237323,-0.172586,-29261.8
2.01,0.0209427,2,1.5662,0.0237323,-0.169585,-30028.9
2.01,0.0209427,2,1.5662,0.0237323,-0.166583,-29604.9
2.01,0.0209427,2,1.5662,0.0237323,-0.163582,-29180.6
2.01,0.0209427,2,1.5662,0.0237323,-0.16058,-30112.9
2.01,0.0209427,2,1.5662,0.0237323,-0.157579,-27970.9
2.01,0.0209427,2,1.5662,0.0237323,-0.154577,-31210.3
2.01,0.0209427,2,1.5662,0.0237323,-0.151576,-30285.4
2.01,0.0209427,2,1.5662,0.0237323,-0.148574,-28314.4
2.01,0.0209427,2,1.5662,0.0237323,-0.145573,-30855.8
2.01,0.0209427,2,1.5662,0.0237323,-0.142571,-28202.4
2.01,0.0209427,2,1.5662,0.0237323,-0.13957,-28940.1
2.01,0.0209427,2,1.5662,0.0237323,-0.136568,-30058.7
2.01,0.0209427,2,1.5662,0.0237323,-0.133567,-29416.9
2.01,0.0209427,2,1.5662,0.0237323,-0.130565,-29962.1
2.01,0.0209427,2,1.5662,0.0237323,-0.127564,-29436.2
2.01,0.0209427,2,1.5662,0.0237323,-0.124562,-29805.6
2.01,0.0209427,2,1.5662,0.0237323,-0.121561,-33673.9
2.01,0.0209427,2,1.5662,0.0237323,-0.118559,-30526.4
2.01,0.0209427,2,1.5662,0.0237323,-0.115558,-34015.8
2.01,0.0209427,2,1.5662,0.0237323,-0.112556,-34221.4
2.01,0.0209427,2,1.5662,0.0237323,-0.109555,-35387.3
2.01,0.0209427,2,1.5662,0.0237323,-0.106553,-29579
2.01,0.0209427,2,1.5662,0.0237323,-0.103552,-29461.6
2.01,0.0209427,2,1.5662,0.0237323,-0.10055,-28803.4
2.01,0.0209427,2,1.5662,0.0237323,-0.0975488,-28773.7
2.01,0.0209427,2,1.5662,0.0237323,-0.0945473,-28893.6
2.01,0.0209427,2,1.5662,0.0237323,-0.0915458,-35814.7
2.01,0.0209427,2,1.5662,0.0237323,-0.0885443,-35927.9
2.01,0.0209427,2,1.5662,0.0237323,-0.0855428,-29429.8
2.01,0.0209427,2,1.5662,0.0237323,-0.0825413,-28829.7
2.01,0.0209427,2,1.5662,0.0237323,-0.0795398,-31161.3
2.01,0.0209427,2,1.5662,0.0237323,-0.0765383,-31384.2
2.01,0.0209427,2,1.5662,0.0237323,-0.0735368,-29122.3
2.01,0.0209427,2,1.5662,0.0237323,-0.0705353,-29467.8
2.01,0.0209427,2,1.5662,0.0237323,-0.0675338,-28814.8
2.01,0.0209427,2,1.5662,0.0237323,-0.0645323,-28669.6
2.01,0.0209427,2,1.5662,0.0237323,-0.0615308,-28725.2
2.01,0.0209427,2,1.5662,0.0237323,-0.0585293,-30786.8
2.01,0.0209427,2,1.5662,0.0237323,-0.0555278,-30775.8
2.01,0.0209427,2,1.5662,0.0237323,-0.0525263,-29446.8
2.01,0.0209427,2,1.5662,0.0237323,-0.0495248,-31281.9
2.01,0.0209427,2,1.5662,0.0237323,-0.0465233,-30798.2
2.01,0.0209427,2,1.5662,0.0237323,-0.0435218,-29795.9
2.01,0.0209427,2,1.5662,0.0237323,-0.0405203,-30211.2
2.01,0.0209427,2,1.5662,0.0237323,-0.0375188,-30790.5
2.01,0.0209427,2,1.5662,0.0237323,-0.0345173,-31617.8
2.01,0.0209427,2,1.5662,0.0237323,-0.0315158,-31751.4
2.01,0.0209427,2,1.5662,0.0237323,-0.0285143,-28583.7
2.01,0.0209427,2,1.5662,0.0237323,-0.0255128,-30012.2
2.01,0.0209427,2,1.5662,0.0237323,-0.0225113,-30319
2.01,0.0209427,2,1.5662,0.0237323,-0.0195098,-29169.9
2.01,0.0209427,2,1.5662,0.0237323,-0.0165083,-28363.8
2.01,0.0209427,2,1.5662,0.0237323,-0.0135068,-31311.8
2.01,0.0209427,2,1.5662,0.0237323,-0.0105053,-29842
2.01,0.0209427,2,1.5662,0.0237323,-0.00750375,-31192.2
2.01,0.0209427,2,1.5662,0.0237323,-0.00450225,-31133
2.01,0.0209427,2,1.5662,0.0237323,-0.00150075,-31464.7
2.01,0.0209427,2,1.5662,0.0237323,0.00150075,-29749.2
2.01,0.0209427,2,1.5662,0.0237323,0.00450225,-31163
2.01,0.0209427,2,1.5662,0.0237323,0.00750375,-29833.2
2.01,0.0209427,2,1.5662,0.0237323,0.0105053,-30898.4
2.01,0.0209427,2,1.5662,0.0237323,0.0135068,-31293.8
2.01,0.0209427,2,1.5662,0.0237323,0.0165083,-30903.1
2.01,0.0209427,2,1.5662,0.0237323,0.0195098,-28517.5
2.01,0.0209427,2,1.5662,0.0237323,0.0225113,-29452.7
2.01,0.0209427,2,1.5662,0.0237323,0.0255128,-30172.2
2.01,0.0209427,2,1.5662,0.0237323,0.0285143,-31541.6
2.01,0.0209427,2,1.5662,0.0237323,0.0315158,-32258.3
2.01,0.0209427,2,1.5662,0.0237323,0.0345173,-31603.8
2.01,0.0209427,2,1.5662,0.0237323,0.0375188,-28702.8
2.01,0.0209427,2,1.5662,0.0237323,0.0405203,-30496.9
2.01,0.0209427,2,1.5662,0.0237323,0.0435218,-31004.6
2.01,0.0209427,2,1.5662,0.0237323,0.0465233,-28566.1
2.01,0.0209427,2,1.5662,0.0237323,0.0495248,-28849.1
2.01,0.0209427,2,1.5662,0.0237323,0.0525263,-30973.5
2.01,0.0209427,2,1.5662,0.0237323,0.0555278,-32051.8
2.01,0.0209427,2,1.5662,0.0237323,0.0585293,-31307.7
2.01,0.0209427,2,1.5662,0.0237323,0.0615308,-31301.6
2.01,0.0209427,2,1.5662,0.0237323,0.0645323,-29407
2.01,0.0209427,2,1.5662,0.0237323,0.0675338,-30036.3
2.01,0.0209427,2,1.5662,0.0237323,0.0705353,-30035.2
2.01,0.0209427,2,1.5662,0.0237323,0.0735368,-30346.8
2.01,0.0209427,2,1.5662,0.0237323,0.0765383,-31188
2.01,0.0209427,2,1.5662,0.0237323,0.0795398,-31796.4
2.01,0.0209427,2,1.5662,0.0237323,0.0825413,-31685.7
2.01,0.0209427,2,1.5662,0.0237323,0.0855428,-29942
2.01,0.0209427,2,1.5662,0.0237323,0.0885443,-30508.9
2.01,0.0209427,2,1.5662,0.0237323,0.0915458,-30940.8
2.01,0.0209427,2,1.5662,0.0237323,0.0945473,-29944.7
2.01,0.0209427,2,1.5662,0.0237323,0.0975488,-28600.5
2.01,0.0209427,2,1.5662,0.0237323,0.10055,-29704.1
2.01,0.0209427,2,1.5662,0.0237323,0.103552,-29631.5
2.01,0.0209427,2,1.5662,0.0237323,0.106553,-31186.8
2.01,0.0209427,2,1.5662,0.0237323,0.109555,-30259.9
2.01,0.0209427,2,1.5662,0.0237323,0.112556,-28493.8
2.01,0.0209427,2,1.5662,0.0237323,0.115558,-30220.3
2.01,0.0209427,2,1.5662,0.0237323,0.118559,-28204.4
2.01,0.0209427,2,1.5662,0.0237323,0.121561,-29335.6
2.01,0.0209427,2,1.5662,0.0237323,0.124562,-28459.4
2.01,0.0209427,2,1.5662,0.0237323,0.127564,-29547.4
2.01,0.0209427,2,1.5662,0.0237323,0.130565,-30120.7
2.01,0.0209427,2,1.5662,0.0237323,0.133567,-28139.4
2.01,0.0209427,2,1.5662,0.0237323,0.136568,-29376.2
2.01,0.0209427,2,1.5662,0.0237323,0.13957,-28864.1
2.01,0.0209427,2,1.5662,0.0237323,0.142571,-35283.6
2.01,0.0209427,2,1.5662,0.0237323,0.145573,-31635.3
2.01,0.0209427,2,1.5662,0.0237323,0.148574,-34142.4
2.01,0.0209427,2,1.5662,0.0237323,0.151576,-28218
2.01,0.0209427,2,1.5662,0.0237323,0.154577,-35246.1
2.01,0.0209427,2,1.5662,0.0237323,0.157579,-34647
2.01,0.0209427,2,1.5662,0.0237323,0.16058,-27924.9
2.01,0.0209427,2,1.5662,0.0237323,0.163582,-29717.8
2.01,0.0209427,2,1.5662,0.0237323,0.166583,-33926.2
2.01,0.0209427,2,1.5662,0.0237323,0.169585,-32604.9
2.01,0.0209427,2,1.5662,0.0237323,0.172586,-31622.4
2.01,0.0209427,2,1.5662,0.0237323,0.175588,-32844.3
2.01,0.0209427,2,1.5662,0.0237323,0.178589,-30987.7
2.01,0.0209427,2,1.5662,0.0237323,0.181591,-31546.4
2.01,0.0209427,2,1.5662,0.0237323,0.184592,-31661.7
2.01,0.0209427,2,1.5662,0.0237323,0.187594,-30621.5
2.01,0.0209427,2,1.5662,0.0237323,0.190595,-30384.7
2.01,0.0209427,2,1.5662,0.0237323,0.193597,-29204.8
2.01,0.0209427,2,1.5662,0.0237323,0.196598,-29703.4
2.01,0.0209427,2,1.5662,0.0237323,0.1996,-28017.5
2.01,0.0209427,2,1.5662,0.0237323,0.202601,-28778.9
2.01,0.0209427,2,1.5662,0.0237323,0.205603,-29409.3
2.01,0.0209427,2,1.5662,0.0237323,0.208604,-27422.5
2.01,0.0209427,2,1.5662,0.0237323,0.211606,-28800.7
2.01,0.0209427,2,1.5662,0.0237323,0.214607,-29683.2
2.01,0.0209427,2,1.5662,0.0237323,0.217609,-34239
2.01,0.0209427,2,1.5662,0.0237323,0.22061,-33752.5
2.01,0.0209427,2,1.5662,0.0237323,0.223612,-33587.2
2.01,0.0209427,2,1.5662,0.0237323,0.226613,-30469.2
2.01,0.0209427,2,1.5662,0.0237323,0.229615,-31981.3
2.01,0.0209427,2,1.5662,0.0237323,0.232616,-29098.2
2.01,0.0209427,2,1.5662,0.0237323,0.235618,-32663.4
2.01,0.0209427,2,1.5662,0.0237323,0.238619,-29990.7
2.01,0.0209427,2,1.5662,0.0237323,0.241621,-27853.9
2.01,0.0209427,2,1.5662,0.0237323,0.244622,-29362.7
2.01,0.0209427,2,1.5662,0.0237323,0.247624,-30168.8
2.01,0.0209427,2,1.5662,0.0237323,0.250625,-28062
2.01,0.0209427,2,1.5662,0.0237323,0.253627,-27898.9
2.01,0.0209427,2,1.5662,0.0237323,0.256628,-26811
2.01,0.0209427,2,1.5662,0.0237323,0.25963,-26826.2
2.01,0.0209427,2,1.5662,0.0237323,0.262631,-27492.1
2.01,0.0209427,2,1.5662,0.0237323,0.265633,-34172.6
2.01,0.0209427,2,1.5662,0.0237323,0.268634,-29157.3
2.01,0.0209427,2,1.5662,0.0237323,0.271636,-31543.2
2.01,0.0209427,2,1.5662,0.0237323,0.274637,-29859.1
2.01,0.0209427,2,1.5662,0.0237323,0.277639,-31142.8
2.01,0.0209427,2,1.5662,0.0237323,0.28064,-29120.1
2.01,0.0209427,2,1.5662,0.0237323,0.283642,-27467.1
2.01,0.0209427,2,1.5662,0.0237323,0.286643,-27396.4
2.01,0.0209427,2,1.5662,0.0237323,0.289645,-26622
2.01,0.0209427,2,1.5662,0.0237323,0.292646,-26191.4
2.01,0.0209427,2,1.5662,0.0237323,0.295648,-26266.8
2.01,0.0209427,2,1.5662,0.0237323,0.298649,-30941.5
2.01,0.0209427,2,1.5662,0.0237323,0.301651,-26943.5
2.01,0.0209427,2,1.5662,0.0237323,0.304652,-30596.4
2.01,0.0209427,2,1.5662,0.0237323,0.307654,-28920.9
2.01,0.0209427,2,1.5662,0.0237323,0.310655,-25944.8
2.01,0.0209427,2,1.5662,0.0237323,0.313657,-27617.6
2.01,0.0209427,2,1.5662,0.0237323,0.316658,-26322.3
2.01,0.0209427,2,1.5662,0.0237323,0.31966,-31959.8
2.01,0.0209427,2,1.5662,0.0237323,0.322661,-26681.9
2.01,0.0209427,2,1.5662,0.0237323,0.325663,-27956.3
2.01,0.0209427,2,1.5662,0.0237323,0.328664,-26284.1
2.01,0.0209427,2,1.5662,0.0237323,0.331666,-27563.2
2.01,0.0209427,2,1.5662,0.0237323,0.334667,-25735.4
2.01,0.0209427,2,1.5662,0.0237323,0.337669,-28516.8
2.01,0.0209427,2,1.5662,0.0237323,0.34067,-28834.7
2.01,0.0209427,2,1.5662,0.0237323,0.343672,-26388.5
2.01,0.0209427,2,1.5662,0.0237323,0.346673,-32085.8
2.01,0.0209427,2,1.5662,0.0237323,0.349675,-29471.9
2.01,0.0209427,2,1.5662,0.0237323,0.352676,-26010.6
2.01,0.0209427,2,1.5662,0.0237323,0.355678,-31418
2.01,0.0209427,2,1.5662,0.0237323,0.358679,-26170.9
2.01,0.0209427,2,1.5662,0.0237323,0.361681,-23991.6
2.01,0.0209427,2,1.5662,0.0237323,0.364682,-25640.1
2.01,0.0209427,2,1.5662,0.0237323,0.367684,-24507.4
2.01,0.0209427,2,1.5662,0.0237323,0.370685,-25254.5
2.01,0.0209427,2,1.5662,0.0237323,0.373687,-25301.6
2.01,0.0209427,2,1.5662,0.0237323,0.376688,-28124.6
2.01,0.0209427,2,1.5662,0.0237323,0.37969,-24612.6
2.01,0.0209427,2,1.5662,0.0237323,0.382691,-22410.3
2.01,0.0209427,2,1.5662,0.0237323,0.385693,19950.2
2.01,0.0209427,2,1.5662,0.0237323,0.388694,23612.8
2.01,0.0209427,2,1.5662,0.0237323,0.391696,24875.8
2.01,0.0209427,2,1.5662,0.0237323,0.394697,24468.5
2.01,0.0209427,2,1.5662,0.0237323,0.397699,25676.7
2.01,0.0209427,2,1.5662,0.0237323,0.4007,26632.1
2.01,0.0209427,2,1.5662,0.0237323,0.403702,24083.5
2.01,0.0209427,2,1.5662,0.0237323,0.406703,25829.4
2.01,0.0209427,2,1.5662,0.0237323,0.409705,24668.5
2.01,0.0209427,2,1.5662,0.0237323,0.412706,26795.1
2.01,0.0209427,2,1.5662,0.0237323,0.415708,28671.7
2.01,0.0209427,2,1.5662,0.0237323,0.418709,25170.8
2.01,0.0209427,2,1.5662,0.0237323,0.421711,26064.4
2.01,0.0209427,2,1.5662,0.0237323,0.424712,29902.3
2.01,0.0209427,2,1.5662,0.0237323,0.427714,26190.8
2.01,0.0209427,2,1.5662,0.0237323,0.430715,26360.3
2.01,0.0209427,2,1.5662,0.0237323,0.433717,25069.7
2.01,0.0209427,2,1.5662,0.0237323,0.436718,25383.6
2.01,0.0209427,2,1.5662,0.0237323,0.43972,26303.7
2.01,0.0209427,2,1.5662,0.0237323,0.442721,25733.7
2.01,0.0209427,2,1.5662,0.0237323,0.445723,27876.6
2.01,0.0209427,2,1.5662,0.0237323,0.448724,29293.2
2.01,0.0209427,2,1.5662,0.0237323,0.451726,29286.7
2.01,0.0209427,2,1.5662,0.0237323,0.454727,27724.2
2.01,0.0209427,2,1.5662,0.0237323,0.457729,32276.6
2.01,0.0209427,2,1.5662,0.0237323,0.46073,32921.9
2.01,0.0209427,2,1.5662,0.0237323,0.463732,26796.8
2.01,0.0209427,2,1.5662,0.0237323,0.466733,26788.2
2.01,0.0209427,2,1.5662,0.0237323,0.469735,27949.2
2.01,0.0209427,2,1.5662,0.0237323,0.472736,30597.3
2.01,0.0209427,2,1.5662,0.0237323,0.475738,29864.5
2.01,0.0209427,2,1.5662,0.0237323,0.478739,27631.2
2.01,0.0209427,2,1.5662,0.0237323,0.481741,26812.8
2.01,0.0209427,2,1.5662,0.0237323,0.484742,27506.6
2.01,0.0209427,2,1.5662,0.0237323,0.487744,32913.3
2.01,0.0209427,2,1.5662,0.0237323,0.490745,26742.8
2.01,0.0209427,2,1.5662,0.0237323,0.493747,27543.6
2.01,0.0209427,2,1.5662,0.0237323,0.496748,27511.8
2.01,0.0209427,2,1.5662,0.0237323,0.49975,27610.4
2.01,0.0209427,2,1.5662,0.0237323,0.502751,28164
2.01,0.0209427,2,1.5662,0.0237323,0.505753,29887.6
2.01,0.0209427,2,1.5662,0.0237323,0.508754,29173.8
2.01,0.0209427,2,1.5662,0.0237323,0.511756,29911.4
2.01,0.0209427,2,1.5662,0.0237323,0.514757,31817.1
2.01,0.0209427,2,1.5662,0.0237323,0.517759,31330.9
2.01,0.0209427,2,1.5662,0.0237323,0.52076,28054.9
2.01,0.0209427,2,1.5662,0.0237323,0.523762,31553.9
2.01,0.0209427,2,1.5662,0.0237323,0.526763,32021.7
2.01,0.0209427,2,1.5662,0.0237323,0.529765,29696.4
2.01,0.0209427,2,1.5662,0.0237323,0.532766,34373.1
2.01,0.0209427,2,1.5662,0.0237323,0.535768,33338.3
2.01,0.0209427,2,1.5662,0.0237323,0.538769,28627.5
2.01,0.0209427,2,1.5662,0.0237323,0.541771,34046.2
2.01,0.0209427,2,1.5662,0.0237323,0.544772,27431.1
2.01,0.0209427,2,1.5662,0.0237323,0.547774,27577.6
2.01,0.0209427,2,1.5662,0.0237323,0.550775,27780.7
2.01,0.0209427,2,1.5662,0.0237323,0.553777,31294.5
2.01,0.0209427,2,1.5662,0.0237323,0.556778,28104.7
2.01,0.0209427,2,1.5662,0.0237323,0.55978,28930.1
2.01,0.0209427,2,1.5662,0.0237323,0.562781,29237.9
2.01,0.0209427,2,1.5662,0.0237323,0.565783,28191.2
2.01,0.0209427,2,1.5662,0.0237323,0.568784,29135
2.01,0.0209427,2,1.5662,0.0237323,0.571786,29474.8
2.01,0.0209427,2,1.5662,0.0237323,0.574787,28121.5
2.01,0.0209427,2,1.5662,0.0237323,0.577789,29306.7
2.01,0.0209427,2,1.5662,0.0237323,0.58079,27779.8
2.01,0.0209427,2,1.5662,0.0237323,0.583792,28486.1
2.01,0.0209427,2,1.5662,0.0237323,0.586793,27594.3
2.01,0.0209427,2,1.5662,0.0237323,0.589795,28509.6
2.01,0.0209427,2,1.5662,0.0237323,0.592796,28299.8
2.01,0.0209427,2,1.5662,0.0237323,0.595798,29263.7
2.01,0.0209427,2,1.5662,0.0237323,0.598799,27239.6
2.01,0.0209427,2,1.5662,0.0237323,0.601801,27080.4
2.01,0.0209427,2,1.5662,0.0237323,0.604802,28294.1
2.01,0.0209427,2,1.5662,0.0237323,0.607804,28707.8
2.01,0.0209427,2,1.5662,0.0237323,0.610805,27507.5
2.01,0.0209427,2,1.5662,0.0237323,0.613807,28016.5
2.01,0.0209427,2,1.5662,0.0237323,0.616808,34296.5
2.01,0.0209427,2,1.5662,0.0237323,0.61981,33781.8
2.01,0.0209427,2,1.5662,0.0237323,0.622811,34152.6
2.01,0.0209427,2,1.5662,0.0237323,0.625813,33163.5
2.01,0.0209427,2,1.5662,0.0237323,0.628814,27955.8
2.01,0.0209427,2,1.5662,0.0237323,0.631816,32700
2.01,0.0209427,2,1.5662,0.0237323,0.634817,28801.4
2.01,0.0209427,2,1.5662,0.0237323,0.637819,28345.7
2.01,0.0209427,2,1.5662,0.0237323,0.64082,32006
2.01,0.0209427,2,1.5662,0.0237323,0.643822,31163.7
2.01,0.0209427,2,1.5662,0.0237323,0.646823,30339.5
2.01,0.0209427,2,1.5662,0.0237323,0.649825,28198.6
2.01,0.0209427,2,1.5662,0.0237323,0.652826,27222
2.01,0.0209427,2,1.5662,0.0237323,0.655828,27310.4
2.01,0.0209427,2,1.5662,0.0237323,0.658829,27472.2
2.01,0.0209427,2,1.5662,0.0237323,0.661831,28169.8
2.01,0.0209427,2,1.5662,0.0237323,0.664832,28824.1
2.01,0.0209427,2,1.5662,0.0237323,0.667834,32179.6
2.01,0.0209427,2,1.5662,0.0237323,0.670835,28136.2
2.01,0.0209427,2,1.5662,0.0237323,0.673837,26948.5
2.01,0.0209427,2,1.5662,0.0237323,0.676838,28459.5
2.01,0.0209427,2,1.5662,0.0237323,0.67984,25784.3
2.01,0.0209427,2,1.5662,0.0237323,0.682841,26681
2.01,0.0209427,2,1.5662,0.0237323,0.685843,26786.7
2.01,0.0209427,2,1.5662,0.0237323,0.688844,25146.6
2.01,0.0209427,2,1.5662,0.0237323,0.691846,26173.5
2.01,0.0209427,2,1.5662,0.0237323,0.694847,24890.6
2.01,0.0209427,2,1.5662,0.0237323,0.697849,27703.3
2.01,0.0209427,2,1.5662,0.0237323,0.70085,25344.7
2.01,0.0209427,2,1.5662,0.0237323,0.703852,28814.1
2.01,0.0209427,2,1.5662,0.0237323,0.706853,25117.2
2.01,0.0209427,2,1.5662,0.0237323,0.709855,25279.1
2.01,0.0209427,2,1.5662,0.0237323,0.712856,29273.2
2.01,0.0209427,2,1.5662,0.0237323,0.715858,28806.9
2.01,0.0209427,2,1.5662,0.0237323,0.718859,23496.3
2.01,0.0209427,2,1.5662,0.0237323,0.721861,26971.3
2.01,0.0209427,2,1.5662,0.0237323,0.724862,-22317.2
2.01,0.0209427,2,1.5662,0.0237323,0.727864,-22474.8
2.01,0.0209427,2,1.5662,0.0237323,0.730865,-24346.7
2.01,0.0209427,2,1.5662,0.0237323,0.733867,-24877.8
2.01,0.0209427,2,1.5662,0.0237323,0.736868,-26647.9
2.01,0.0209427,2,1.5662,0.0237323,0.73987,-25729.1
2.01,0.0209427,2,1.5662,0.0237323,0.742871,-24387.2
2.01,0.0209427,2,1.5662,0.0237323,0.745873,-26716.3
2.01,0.0209427,2,1.5662,0.0237323,0.748874,-25257.3
2.01,0.0209427,2,1.5662,0.0237323,0.751876,-28639.1
2.01,0.0209427,2,1.5662,0.0237323,0.754877,-25573
2.01,0.0209427,2,1.5662,0.0237323,0.757879,-27115.6
2.01,0.0209427,2,1.5662,0.0237323,0.76088,-25892.8
2.01,0.0209427,2,1.5662,0.0237323,0.763882,-26801.8
2.01,0.0209427,2,1.5662,0.0237323,0.766883,-27794.8
2.01,0.0209427,2,1.5662,0.0237323,0.769885,-31098.8
2.01,0.0209427,2,1.5662,0.0237323,0.772886,-28115.3
2.01,0.0209427,2,1.5662,0.0237323,0.775888,-27456.5
2.01,0.0209427,2,1.5662,0.0237323,0.778889,-29978.9
2.01,0.0209427,2,1.5662,0.0237323,0.781891,-27024.5
2.01,0.0209427,2,1.5662,0.0237323,0.784892,-28597.8
2.01,0.0209427,2,1.5662,0.0237323,0.787894,-28390.9
2.01,0.0209427,2,1.5662,0.0237323,0.790895,-29065.4
2.01,0.0209427,2,1.5662,0.0237323,0.793897,-32054.5
2.01,0.0209427,2,1.5662,0.0237323,0.796898,-29790.4
2.01,0.0209427,2,1.5662,0.0237323,0.7999,-29395.6
2.01,0.0209427,2,1.5662,0.0237323,0.802901,-28719
2.01,0.0209427,2,1.5662,0.0237323,0.805903,-30126.6
2.01,0.0209427,2,1.5662,0.0237323,0.808904,-32778.4
2.01,0.0209427,2,1.5662,0.0237323,0.811906,-30016
2.01,0.0209427,2,1.5662,0.0237323,0.814907,-28264.7
2.01,0.0209427,2,1.5662,0.0237323,0.817909,-28293.2
2.01,0.0209427,2,1.5662,0.0237323,0.82091,-29209.3
2.01,0.0209427,2,1.5662,0.0237323,0.823912,-30307.1
2.01,0.0209427,2,1.5662,0.0237323,0.826913,-30921.1
2.01,0.0209427,2,1.5662,0.0237323,0.829915,-30479.3
2.01,0.0209427,2,1.5662,0.0237323,0.832916,-34866.1
2.01,0.0209427,2,1.5662,0.0237323,0.835918,-30070.6
2.01,0.0209427,2,1.5662,0.0237323,0.838919,-28879.7
2.01,0.0209427,2,1.5662,0.0237323,0.841921,-31990.7
2.01,0.0209427,2,1.5662,0.0237323,0.844922,-29707.6
2.01,0.0209427,2,1.5662,0.0237323,0.847924,-33428.6
2.01,0.0209427,2,1.5662,0.0237323,0.850925,-34513.1
2.01,0.0209427,2,1.5662,0.0237323,0.853927,-32616.7
2.01,0.0209427,2,1.5662,0.0237323,0.856928,-31442.5
2.01,0.0209427,2,1.5662,0.0237323,0.85993,-31226.8
2.01,0.0209427,2,1.5662,0.0237323,0.862931,-30967
2.01,0.0209427,2,1.5662,0.0237323,0.865933,-29686.1
2.01,0.0209427,2,1.5662,0.0237323,0.868934,-32888.7
2.01,0.0209427,2,1.5662,0.0237323,0.871936,-34185.9
2.01,0.0209427,2,1.5662,0.0237323,0.874937,-30310
2.01,0.0209427,2,1.5662,0.0237323,0.877939,-30691.4
2.01,0.0209427,2,1.5662,0.0237323,0.88094,-30741.4
2.01,0.0209427,2,1.5662,0.0237323,0.883942,-32959.7
2.01,0.0209427,2,1.5662,0.0237323,0.886943,-33889.8
2.01,0.0209427,2,1.5662,0.0237323,0.889945,-32938.3
2.01,0.0209427,2,1.5662,0.0237323,0.892946,-33813.1
2.01,0.0209427,2,1.5662,0.0237323,0.895948,-34885.7
2.01,0.0209427,2,1.5662,0.0237323,0.898949,-36112.2
2.01,0.0209427,2,1.5662,0.0237323,0.901951,-38575.8
2.01,0.0209427,2,1.5662,0.0237323,0.904952,-35338.6
2.01,0.0209427,2,1.5662,0.0237323,0.907954,-32570.6
2.01,0.0209427,2,1.5662,0.0237323,0.910955,-32113.9
2.01,0.0209427,2,1.5662,0.0237323,0.913957,-31537.7
2.01,0.0209427,2,1.5662,0.0237323,0.916958,-33370.7
2.01,0.0209427,2,1.5662,0.0237323,0.91996,-33212.4
2.01,0.0209427,2,1.5662,0.0237323,0.922961,-31144.7
2.01,0.0209427,2,1.5662,0.0237323,0.925963,-34872.4
2.01,0.0209427,2,1.5662,0.0237323,0.928964,-34884.9
2.01,0.0209427,2,1.5662,0.0237323,0.931966,-31757.7
2.01,0.0209427,2,1.5662,0.0237323,0.934967,-36014.7
2.01,0.0209427,2,1.5662,0.0237323,0.937969,-36779.8
2.01,0.0209427,2,1.5662,0.0237323,0.94097,-31177.4
2.01,0.0209427,2,1.5662,0.0237323,0.943972,-33955.3
2.01,0.0209427,2,1.5662,0.0237323,0.946973,-32676.8
2.01,0.0209427,2,1.5662,0.0237323,0.949975,-32542.4
2.01,0.0209427,2,1.5662,0.0237323,0.952976,-34001.6
2.01,0.0209427,2,1.5662,0.0237323,0.955978,-32363.3
2.01,0.0209427,2,1.5662,0.0237323,0.958979,-32057
2.01,0.0209427,2,1.5662,0.0237323,0.961981,-32689.6
2.01,0.0209427,2,1.5662,0.0237323,0.964982,-34411.3
2.01,0.0209427,2,1.5662,0.0237323,0.967984,-32479
2.01,0.0209427,2,1.5662,0.0237323,0.970985,-32101.7
2.01,0.0209427,2,1.5662,0.0237323,0.973987,-32803.6
2.01,0.0209427,2,1.5662,0.0237323,0.976988,-32412.3
2.01,0.0209427,2,1.5662,0.0237323,0.97999,-31956.5
2.01,0.0209427,2,1.5662,0.0237323,0.982991,-33534.7
2.01,0.0209427,2,1.5662,0.0237323,0.985993,-33718.4
2.01,0.0209427,2,1.5662,0.0237323,0.988994,-33724
2.01,0.0209427,2,1.5662,0.0237323,0.991996,-34300.2
2.01,0.0209427,2,1.5662,0.0237323,0.994997,-36109.1
2.01,0.0209427,2,1.5662,0.0237323,0.997999,-37463.9
2.01,0.0209427,2,1.5662,0.0237323,1.001,-35905.5
2.01,0.0209427,2,1.5662,0.0237323,1.004,-36403.7
2.01,0.0209427,2,1.5662,0.0237323,1.007,-37157.6
2.01,0.0209427,2,1.5662,0.0237323,1.01001,-32715.4
2.01,0.0209427,2,1.5662,0.0237323,1.01301,-34883
2.01,0.0209427,2,1.5662,0.0237323,1.01601,-33317.7
2.01,0.0209427,2,1.5662,0.0237323,1.01901,-32649.8
2.01,0.0209427,2,1.5662,0.0237323,1.02201,-35213
2.01,0.0209427,2,1.5662,0.0237323,1.02501,-32748.8
2.01,0.0209427,2,1.5662,0.0237323,1.02801,-32688.8
2.01,0.0209427,2,1.5662,0.0237323,1.03102,-33367.4
2.01,0.0209427,2,1.5662,0.0237323,1.03402,-33849.5
2.01,0.0209427,2,1.5662,0.0237323,1.03702,-33071.6
2.01,0.0209427,2,1.5662,0.0237323,1.04002,-38408.6
2.01,0.0209427,2,1.5662,0.0237323,1.04302,-38661.7
2.01,0.0209427,2,1.5662,0.0237323,1.04602,-33662.9
2.01,0.0209427,2,1.5662,0.0237323,1.04902,-36588.3
2.01,0.0209427,2,1.5662,0.0237323,1.05203,-33705.2
2.01,0.0209427,2,1.5662,0.0237323,1.05503,-36030.6
2.01,0.0209427,2,1.5662,0.0237323,1.05803,-35986.9
2.01,0.0209427,2,1.5662,0.0237323,1.06103,-34471.5
2.01,0.0209427,2,1.5662,0.0237323,1.06403,-35093.2
2.01,0.0209427,2,1.5662,0.0237323,1.06703,-36074.1
2.01,0.0209427,2,1.5662,0.0237323,1.07004,-36163.5
2.01,0.0209427,2,1.5662,0.0237323,1.07304,-42280.8
2.01,0.0209427,2,1.5662,0.0237323,1.07604,-33678.9
2.01,0.0209427,2,1.5662,0.0237323,1.07904,-37606.6
2.01,0.0209427,2,1.5662,0.0237323,1.08204,-33902.3
2.01,0.0209427,2,1.5662,0.0237323,1.08504,-38031.2
2.01,0.0209427,2,1.5662,0.0237323,1.08804,-36350.7
2.01,0.0209427,2,1.5662,0.0237323,1.09105,-36039
2.01,0.0209427,2,1.5662,0.0237323,1.09405,-35882.2
2.01,0.0209427,2,1.5662,0.0237323,1.09705,-38044.3
2.01,0.0209427,2,1.5662,0.0237323,1.10005,-38833.2
2.01,0.0209427,2,1.5662,0.0237323,1.10305,-35373.9
2.01,0.0209427,2,1.5662,0.0237323,1.10605,-34058.4
2.01,0.0209427,2,1.5662,0.0237323,1.10905,-35056
2.01,0.0209427,2,1.5662,0.0237323,1.11206,-35049.8
2.01,0.0209427,2,1.5662,0.0237323,1.11506,-37006.2
2.01,0.0209427,2,1.5662,0.0237323,1.11806,-37096.3
2.01,0.0209427,2,1.5662,0.0237323,1.12106,-36656.7
2.01,0.0209427,2,1.5662,0.0237323,1.12406,-36723.4
2.01,0.0209427,2,1.5662,0.0237323,1.12706,-34799.4
2.01,0.0209427,2,1.5662,0.0237323,1.13007,-35232.1
2.01,0.0209427,2,1.5662,0.0237323,1.13307,-34203.8
2.01,0.0209427,2,1.5662,0.0237323,1.13607,-36485.5
2.01,0.0209427,2,1.5662,0.0237323,1.13907,-34727.9
2.01,0.0209427,2,1.5662,0.0237323,1.14207,-38343.8
2.01,0.0209427,2,1.5662,0.0237323,1.14507,-36221
2.01,0.0209427,2,1.5662,0.0237323,1.14807,-35698.7
2.01,0.0209427,2,1.5662,0.0237323,1.15108,-35993.6
2.01,0.0209427,2,1.5662,0.0237323,1.15408,-37702.9
2.01,0.0209427,2,1.5662,0.0237323,1.15708,-41082
2.01,0.0209427,2,1.5662,0.0237323,1.16008,-37419.3
2.01,0.0209427,2,1.5662,0.0237323,1.16308,-34401.4
2.01,0.0209427,2,1.5662,0.0237323,1.16608,-35034.7
2.01,0.0209427,2,1.5662,0.0237323,1.16908,-34763.5
2.01,0.0209427,2,1.5662,0.0237323,1.17209,-34629.7
2.01,0.0209427,2,1.5662,0.0237323,1.17509,-37946.4
2.01,0.0209427,2,1.5662,0.0237323,1.17809,-34606
2.01,0.0209427,2,1.5662,0.0237323,1.18109,-34865.8
2.01,0.0209427,2,1.5662,0.0237323,1.18409,-42362.7
2.01,0.0209427,2,1.5662,0.0237323,1.18709,-34751.5
2.01,0.0209427,2,1.5662,0.0237323,1.1901,-35144.8
2.01,0.0209427,2,1.5662,0.0237323,1.1931,-37534.2
2.01,0.0209427,2,1.5662,0.0237323,1.1961,-36482.6
2.01,0.0209427,2,1.5662,0.0237323,1.1991,-35166.2
2.01,0.0209427,2,1.5662,0.0237323,1.2021,-35085.1
2.01,0.0209427,2,1.5662,0.0237323,1.2051,-36004
2.01,0.0209427,2,1.5662,0.0237323,1.2081,-36855.5
2.01,0.0209427,2,1.5662,0.0237323,1.21111,-36217.2
2.01,0.0209427,2,1.5662,0.0237323,1.21411,-38572.9
2.01,0.0209427,2,1.5662,0.0237323,1.21711,-40067.8
2.01,0.0209427,2,1.5662,0.0237323,1.22011,-35365.4
2.01,0.0209427,2,1.5662,0.0237323,1.22311,-36922.7
2.01,0.0209427,2,1.5662,0.0237323,1.22611,-36600.1
2.01,0.0209427,2,1.5662,0.0237323,1.22911,-37850.2
2.01,0.0209427,2,1.5662,0.0237323,1.23212,-38086.3
2.01,0.0209427,2,1.5662,0.0237323,1.23512,-38106.9
2.01,0.0209427,2,1.5662,0.0237323,1.23812,-36826.5
2.01,0.0209427,2,1.5662,0.0237323,1.24112,-41916.2
2.01,0.0209427,2,1.5662,0.0237323,1.24412,-36581.5
2.01,0.0209427,2,1.5662,0.0237323,1.24712,-42876.7
2.01,0.0209427,2,1.5662,0.0237323,1.25013,-37264.1
2.01,0.0209427,2,1.5662,0.0237323,1.25313,-36295.8
2.01,0.0209427,2,1.5662,0.0237323,1.25613,-36280.7
2.01,0.0209427,2,1.5662,0.0237323,1.25913,-43788
2.01,0.0209427,2,1.5662,0.0237323,1.26213,-38165.8
2.01,0.0209427,2,1.5662,0.0237323,1.26513,-36493.5
2.01,0.0209427,2,1.5662,0.0237323,1.26813,-36313.5
2.01,0.0209427,2,1.5662,0.0237323,1.27114,-37084.6
2.01,0.0209427,2,1.5662,0.0237323,1.27414,-37448
2.01,0.0209427,2,1.5662,0.0237323,1.27714,-38191.1
2.01,0.0209427,2,1.5662,0.0237323,1.28014,-37068.8
2.01,0.0209427,2,1.5662,0.0237323,1.28314,-37655.2
2.01,0.0209427,2,1.5662,0.0237323,1.28614,-38226.8
2.01,0.0209427,2,1.5662,0.0237323,1.28914,-36648.7
2.01,0.0209427,2,1.5662,0.0237323,1.29215,-35436.4
2.01,0.0209427,2,1.5662,0.0237323,1.29515,-38238.8
2.01,0.0209427,2,1.5662,0.0237323,1.29815,-35848.8
2.01,0.0209427,2,1.5662,0.0237323,1.30115,-35919.1
2.01,0.0209427,2,1.5662,0.0237323,1.30415,-36006.6
2.01,0.0209427,2,1.5662,0.0237323,1.30715,-39314.3
2.01,0.0209427,2,1.5662,0.0237323,1.31016,-39619
2.01,0.0209427,2,1.5662,0.0237323,1.31316,-37193.5
2.01,0.0209427,2,1.5662,0.0237323,1.31616,-39738.2
2.01,0.0209427,2,1.5662,0.0237323,1.31916,-38763.6
2.01,0.0209427,2,1.5662,0.0237323,1.32216,-42386
2.01,0.0209427,2,1.5662,0.0237323,1.32516,-40359.4
2.01,0.0209427,2,1.5662,0.0237323,1.32816,-36379.7
2.01,0.0209427,2,1.5662,0.0237323,1.33117,-40563.9
2.01,0.0209427,2,1.5662,0.0237323,1.33417,-38447.7
2.01,0.0209427,2,1.5662,0.0237323,1.33717,-37299.3
2.01,0.0209427,2,1.5662,0.0237323,1.34017,-36929.1
2.01,0.0209427,2,1.5662,0.0237323,1.34317,-36566.8
2.01,0.0209427,2,1.5662,0.0237323,1.34617,-35906.2
2.01,0.0209427,2,1.5662,0.0237323,1.34917,-35948.7
2.01,0.0209427,2,1.5662,0.0237323,1.35218,-39736.2
2.01,0.0209427,2,1.5662,0.0237323,1.35518,-40813.2
2.01,0.0209427,2,1.5662,0.0237323,1.35818,-35918.7
2.01,0.0209427,2,1.5662,0.0237323,1.36118,-37741.6
2.01,0.0209427,2,1.5662,0.0237323,1.36418,-38035.6
2.01,0.0209427,2,1.5662,0.0237323,1.36718,-35654.3
2.01,0.0209427,2,1.5662,0.0237323,1.37019,-41581.1
2.01,0.0209427,2,1.5662,0.0237323,1.37319,-37312
2.01,0.0209427,2,1.5662,0.0237323,1.37619,-37487.7
2.01,0.0209427,2,1.5662,0.0237323,1.37919,-35591.4
2.01,0.0209427,2,1.5662,0.0237323,1.38219,-36381.1
2.01,0.0209427,2,1.5662,0.0237323,1.38519,-37594.5
2.01,0.0209427,2,1.5662,0.0237323,1.38819,-39301.8
2.01,0.0209427,2,1.5662,0.0237323,1.3912,-36620.5
2.01,0.0209427,2,1.5662,0.0237323,1.3942,-41541.4
2.01,0.0209427,2,1.5662,0.0237323,1.3972,-41850
2.01,0.0209427,2,1.5662,0.0237323,1.4002,-37762.7
2.01,0.0209427,2,1.5662,0.0237323,1.4032,-38835.8
2.01,0.0209427,2,1.5662,0.0237323,1.4062,-36742.6
2.01,0.0209427,2,1.5662,0.0237323,1.4092,-38199.7
2.01,0.0209427,2,1.5662,0.0237323,1.41221,-41861.8
2.01,0.0209427,2,1.5662,0.0237323,1.41521,-38504.3
2.01,0.0209427,2,1.5662,0.0237323,1.41821,-36647.9
2.01,0.0209427,2,1.5662,0.0237323,1.42121,-38215.8
2.01,0.0209427,2,1.5662,0.0237323,1.42421,-38585.8
2.01,0.0209427,2,1.5662,0.0237323,1.42721,-41100
2.01,0.0209427,2,1.5662,0.0237323,1.43022,-38498.8
2.01,0.0209427,2,1.5662,0.0237323,1.43322,-35720.8
2.01,0.0209427,2,1.5662,0.0237323,1.43622,-41227.6
2.01,0.0209427,2,1.5662,0.0237323,1.43922,-39100
2.01,0.0209427,2,1.5662,0.0237323,1.44222,-43312.7
2.01,0.0209427,2,1.5662,0.0237323,1.44522,-39792.5
2.01,0.0209427,2,1.5662,0.0237323,1.44822,-35977.1
2.01,0.0209427,2,1.5662,0.0237323,1.45123,-38045.8
2.01,0.0209427,2,1.5662,0.0237323,1.45423,-43241.4
2.01,0.0209427,2,1.5662,0.0237323,1.45723,-36340.2
2.01,0.0209427,2,1.5662,0.0237323,1.46023,-35931.2
2.01,0.0209427,2,1.5662,0.0237323,1.46323,-39234
2.01,0.0209427,2,1.5662,0.0237323,1.46623,-35775.6
2.01,0.0209427,2,1.5662,0.0237323,1.46923,-37428.5
2.01,0.0209427,2,1.5662,0.0237323,1.47224,-36767.1
2.01,0.0209427,2,1.5662,0.0237323,1.47524,-37406.7
2.01,0.0209427,2,1.5662,0.0237323,1.47824,-39852.3
2.01,0.0209427,2,1.5662,0.0237323,1.48124,-36099.1
2.01,0.0209427,2,1.5662,0.0237323,1.48424,-39755.5
2.01,0.0209427,2,1.5662,0.0237323,1.48724,-36703.6
2.01,0.0209427,2,1.5662,0.0237323,1.49025,-39645.2
2.01,0.0209427,2,1.5662,0.0237323,1.49325,-37226.7
2.01,0.0209427,2,1.5662,0.0237323,1.49625,-35818.2
2.01,0.0209427,2,1.5662,0.0237323,1.49925,-36866.2
2.01,0.0209427,2,1.5662,0.0237323,1.50225,-36012.6
2.01,0.0209427,2,1.5662,0.0237323,1.50525,-35741.1
2.01,0.0209427,2,1.5662,0.0237323,1.50825,-37894.4
2.01,0.0209427,2,1.5662,0.0237323,1.51126,-38255.2
2.01,0.0209427,2,1.5662,0.0237323,1.51426,-38445.6
2.01,0.0209427,2,1.5662,0.0237323,1.51726,-35753.5
2.01,0.0209427,2,1.5662,0.0237323,1.52026,-36592.1
2.01,0.0209427,2,1.5662,0.0237323,1.52326,-35387.5
2.01,0.0209427,2,1.5662,0.0237323,1.52626,-36298.5
2.01,0.0209427,2,1.5662,0.0237323,1.52926,-35647
2.01,0.0209427,2,1.5662,0.0237323,1.53227,-42508.3
2.01,0.0209427,2,1.5662,0.0237323,1.53527,-37536.2
2.01,0.0209427,2,1.5662,0.0237323,1.53827,-35662.4
2.01,0.0209427,2,1.5662,0.0237323,1.54127,-37830.1
2.01,0.0209427,2,1.5662,0.0237323,1.54427,-35900.1
2.01,0.0209427,2,1.5662,0.0237323,1.54727,-37223.4
2.01,0.0209427,2,1.5662,0.0237323,1.55028,-35102.2
2.01,0.0209427,2,1.5662,0.0237323,1.55328,-35725.6
2.01,0.0209427,2,1.5662,0.0237323,1.55628,-36808.2
2.01,0.0209427,2,1.5662,0.0237323,1.55928,-41327.6
2.01,0.0209427,2,1.5662,0.0237323,1.56228,-36371.3
2.01,0.0209427,2,1.5662,0.0237323,1.56528,-37225.3
2.01,0.0209427,2,1.5662,0.0237323,1.56828,-40152.9
2.01,0.0209427,2,1.5662,0.0237323,1.57129,-37722.3
2.01,0.0209427,2,1.5662,0.0237323,1.57429,-37632.7
2.01,0.0209427,2,1.5662,0.0237323,1.57729,-41147.8
2.01,0.0209427,2,1.5662,0.0237323,1.58029,-41071.4
2.01,0.0209427,2,1.5662,0.0237323,1.58329,-38628.6
2.01,0.0209427,2,1.5662,0.0237323,1.58629,-35918.7
2.01,0.0209427,2,1.5662,0.0237323,1.58929,-35636.7
2.01,0.0209427,2,1.5662,0.0237323,1.5923,-36112.1
2.01,0.0209427,2,1.5662,0.0237323,1.5953,-37111.8
2.01,0.0209427,2,1.5662,0.0237323,1.5983,-34461
2.01,0.0209427,2,1.5662,0.0237323,1.6013,-35538
2.01,0.0209427,2,1.5662,0.0237323,1.6043,-37258.9
2.01,0.0209427,2,1.5662,0.0237323,1.6073,-35417
2.01,0.0209427,2,1.5662,0.0237323,1.61031,-35011.1
2.01,0.0209427,2,1.5662,0.0237323,1.61331,-35947.9
2.01,0.0209427,2,1.5662,0.0237323,1.61631,-34143.8
2.01,0.0209427,2,1.5662,0.0237323,1.61931,-35742.5
2.01,0.0209427,2,1.5662,0.0237323,1.62231,-36810.4
2.01,0.0209427,2,1.5662,0.0237323,1.62531,-33927.5
2.01,0.0209427,2,1.5662,0.0237323,1.62831,-35994.4
2.01,0.0209427,2,1.5662,0.0237323,1.63132,-35690.5
2.01,0.0209427,2,1.5662,0.0237323,1.63432,-36096.5
2.01,0.0209427,2,1.5662,0.0237323,1.63732,-37008.9
2.01,0.0209427,2,1.5662,0.0237323,1.64032,-35387.7
2.01,0.0209427,2,1.5662,0.0237323,1.64332,-36356.5
2.01,0.0209427,2,1.5662,0.0237323,1.64632,-35554.5
2.01,0.0209427,2,1.5662,0.0237323,1.64932,-34885.1
2.01,0.0209427,2,1.5662,0.0237323,1.65233,-33462.9
2.01,0.0209427,2,1.5662,0.0237323,1.65533,-33874
2.01,0.0209427,2,1.5662,0.0237323,1.65833,-36382.6
2.01,0.0209427,2,1.5662,0.0237323,1.66133,-33679.7
2.01,0.0209427,2,1.5662,0.0237323,1.66433,-36614.2
2.01,0.0209427,2,1.5662,0.0237323,1.66733,-33555.4
2.01,0.0209427,2,1.5662,0.0237323,1.67034,-37617.4
2.01,0.0209427,2,1.5662,0.0237323,1.67334,-34751.8
2.01,0.0209427,2,1.5662,0.0237323,1.67634,-35049.2
2.01,0.0209427,2,1.5662,0.0237323,1.67934,-35361.3
2.01,0.0209427,2,1.5662,0.0237323,1.68234,-40116.2
2.01,0.0209427,2,1.5662,0.0237323,1.68534,-41435.3
2.01,0.0209427,2,1.5662,0.0237323,1.68834,-40786.2
2.01,0.0209427,2,1.5662,0.0237323,1.69135,-33418.5
2.01,0.0209427,2,1.5662,0.0237323,1.69435,-33093
2.01,0.0209427,2,1.5662,0.0237323,1.69735,-35128
2.01,0.0209427,2,1.5662,0.0237323,1.70035,-33684.4
2.01,0.0209427,2,1.5662,0.0237323,1.70335,-35934.6
2.01,0.0209427,2,1.5662,0.0237323,1.70635,-32012.2
2.01,0.0209427,2,1.5662,0.0237323,1.70935,-32417.9
2.01,0.0209427,2,1.5662,0.0237323,1.71236,-32381.4
2.01,0.0209427,2,1.5662,0.0237323,1.71536,-32477.1
2.01,0.0209427,2,1.5662,0.0237323,1.71836,-31863.4
2.01,0.0209427,2,1.5662,0.0237323,1.72136,-33286.6
2.01,0.0209427,2,1.5662,0.0237323,1.72436,-36117.6
2.01,0.0209427,2,1.5662,0.0237323,1.72736,-34085.3
2.01,0.0209427,2,1.5662,0.0237323,1.73037,-34659.1
2.01,0.0209427,2,1.5662,0.0237323,1.73337,-32911.8
2.01,0.0209427,2,1.5662,0.0237323,1.73637,-31349.9
2.01,0.0209427,2,1.5662,0.0237323,1.73937,-35997.7
2.01,0.0209427,2,1.5662,0.0237323,1.74237,-31807.9
2.01,0.0209427,2,1.5662,0.0237323,1.74537,-31623.4
2.01,0.0209427,2,1.5662,0.0237323,1.74837,-33040.9
2.01,0.0209427,2,1.5662,0.0237323,1.75138,-31809.6
2.01,0.0209427,2,1.5662,0.0237323,1.75438,-37338.1
2.01,0.0209427,2,1.5662,0.0237323,1.75738,-31234.1
2.01,0.0209427,2,1.5662,0.0237323,1.76038,-32170.9
2.01,0.0209427,2,1.5662,0.0237323,1.76338,-35642.6
2.01,0.0209427,2,1.5662,0.0237323,1.76638,-32326.5
2.01,0.0209427,2,1.5662,0.0237323,1.76938,-31688.5
2.01,0.0209427,2,1.5662,0.0237323,1.77239,-31160.4
2.01,0.0209427,2,1.5662,0.0237323,1.77539,-32371.2
2.01,0.0209427,2,1.5662,0.0237323,1.77839,-31537.1
2.01,0.0209427,2,1.5662,0.0237323,1.78139,-31083.8
2.01,0.0209427,2,1.5662,0.0237323,1.78439,-29769.2
2.01,0.0209427,2,1.5662,0.0237323,1.78739,-30005.2
2.01,0.0209427,2,1.5662,0.0237323,1.7904,-31261.6
2.01,0.0209427,2,1.5662,0.0237323,1.7934,-31684.9
2.01,0.0209427,2,1.5662,0.0237323,1.7964,-31119.5
2.01,0.0209427,2,1.5662,0.0237323,1.7994,-28868.3
2.01,0.0209427,2,1.5662,0.0237323,1.8024,-34562.3
2.01,0.0209427,2,1.5662,0.0237323,1.8054,-32411.8
2.01,0.0209427,2,1.5662,0.0237323,1.8084,-29811.1
2.01,0.0209427,2,1.5662,0.0237323,1.81141,-31390.7
2.01,0.0209427,2,1.5662,0.0237323,1.81441,-32842.2
2.01,0.0209427,2,1.5662,0.0237323,1.81741,-29669.9
2.01,0.0209427,2,1.5662,0.0237323,1.82041,-28239.2
2.01,0.0209427,2,1.5662,0.0237323,1.82341,-30985.4
2.01,0.0209427,2,1.5662,0.0237323,1.82641,-27116.6
2.01,0.0209427,2,1.5662,0.0237323,1.82941,-33255.6
2.01,0.0209427,2,1.5662,0.0237323,1.83242,-26813.4
2.01,0.0209427,2,1.5662,0.0237323,1.83542,-27522.5
2.01,0.0209427,2,1.5662,0.0237323,1.83842,-29562.9
2.01,0.0209427,2,1.5662,0.0237323,1.84142,-32477.2
2.01,0.0209427,2,1.5662,0.0237323,1.84442,-27893.8
2.01,0.0209427,2,1.5662,0.0237323,1.84742,-30672.2
2.01,0.0209427,2,1.5662,0.0237323,1.85043,-25821.1
2.01,0.0209427,2,1.5662,0.0237323,1.85343,-24676.5
2.01,0.0209427,2,1.5662,0.0237323,1.85643,-29372.7
2.01,0.0209427,2,1.5662,0.0237323,1.85943,-25760.1
2.01,0.0209427,2,1.5662,0.0237323,1.86243,-24513.7
2.01,0.0209427,2,1.5662,0.0237323,1.86543,-20426.5
2.01,0.0209427,2,1.5662,0.0237323,1.86843,22408
2.01,0.0209427,2,1.5662,0.0237323,1.87144,25038
2.01,0.0209427,2,1.5662,0.0237323,1.87444,24184.4
2.01,0.0209427,2,1.5662,0.0237323,1.87744,24449.1
2.01,0.0209427,2,1.5662,0.0237323,1.88044,25788.2
2.01,0.0209427,2,1.5662,0.0237323,1.88344,31304.1
2.01,0.0209427,2,1.5662,0.0237323,1.88644,28100.6
2.01,0.0209427,2,1.5662,0.0237323,1.88944,28842.1
2.01,0.0209427,2,1.5662,0.0237323,1.89245,26463.5
2.01,0.0209427,2,1.5662,0.0237323,1.89545,31346.3
2.01,0.0209427,2,1.5662,0.0237323,1.89845,26463.6
2.01,0.0209427,2,1.5662,0.0237323,1.90145,26622.4
2.01,0.0209427,2,1.5662,0.0237323,1.90445,28481.7
2.01,0.0209427,2,1.5662,0.0237323,1.90745,28163.3
2.01,0.0209427,2,1.5662,0.0237323,1.91046,28344.7
2.01,0.0209427,2,1.5662,0.0237323,1.91346,27648.1
2.01,0.0209427,2,1.5662,0.0237323,1.91646,27112.8
2.01,0.0209427,2,1.5662,0.0237323,1.91946,25658.1
2.01,0.0209427,2,1.5662,0.0237323,1.92246,27176.5
2.01,0.0209427,2,1.5662,0.0237323,1.92546,25397
2.01,0.0209427,2,1.5662,0.0237323,1.92846,24946.9
2.01,0.0209427,2,1.5662,0.0237323,1.93147,24686.8
2.01,0.0209427,2,1.5662,0.0237323,1.93447,27040.4
2.01,0.0209427,2,1.5662,0.0237323,1.93747,25316.3
2.01,0.0209427,2,1.5662,0.0237323,1.94047,27338.6
2.01,0.0209427,2,1.5662,0.0237323,1.94347,26713.9
2.01,0.0209427,2,1.5662,0.0237323,1.94647,24533.2
2.01,0.0209427,2,1.5662,0.0237323,1.94947,24464.9
2.01,0.0209427,2,1.5662,0.0237323,1.95248,24992.7
2.01,0.0209427,2,1.5662,0.0237323,1.95548,26074.2
2.01,0.0209427,2,1.5662,0.0237323,1.95848,22980.5
2.01,0.0209427,2,1.5662,0.0237323,1.96148,21995.7
2.01,0.0209427,2,1.5662,0.0237323,1.96448,25018.4
2.01,0.0209427,2,1.5662,0.0237323,1.96748,-21549.3
2.01,0.0209427,2,1.5662,0.0237323,1.97049,-21684.3
2.01,0.0209427,2,1.5662,0.0237323,1.97349,-22510.5
2.01,0.0209427,2,1.5662,0.0237323,1.97649,-27783.6
2.01,0.0209427,2,1.5662,0.0237323,1.97949,-24362.5
2.01,0.0209427,2,1.5662,0.0237323,1.98249,-24536.4
2.01,0.0209427,2,1.5662,0.0237323,1.98549,-23175.5
2.01,0.0209427,2,1.5662,0.0237323,1.98849,-26236
2.01,0.0209427,2,1.5662,0.0237323,1.9915,-25740
2.01,0.0209427,2,1.5662,0.0237323,1.9945,-23989.6
2.01,0.0209427,2,1.5662,0.0237323,1.9975,-23588.3
2.01,0.0209427,2,1.5662,0.0237323,2.0005,-22798
2.01,0.0209427,2,1.5662,0.0237323,2.0035,-23999.7
2.01,0.0209427,2,1.5662,0.0237323,2.0065,-21792.2
2.01,0.0209427,2,1.5662,0.0237323,2.0095,-21827
2.01,0.0209427,2,1.5662,0.0237323,2.01251,22558.5
2.01,0.0209427,2,1.5662,0.0237323,2.01551,25617.4
2.01,0.0209427,2,1.5662,0.0237323,2.01851,24617
2.01,0.0209427,2,1.5662,0.0237323,2.02151,30565.5
2.01,0.0209427,2,1.5662,0.0237323,2.02451,25980.7
2.01,0.0209427,2,1.5662,0.0237323,2.02751,25389.4
2.01,0.0209427,2,1.5662,0.0237323,2.03052,31562.7
2.01,0.0209427,2,1.5662,0.0237323,2.03352,30009.2
2.01,0.0209427,2,1.5662,0.0237323,2.03652,28980
2.01,0.0209427,2,1.5662,0.0237323,2.03952,34164.6
2.01,0.0209427,2,1.5662,0.0237323,2.04252,27297.7
2.01,0.0209427,2,1.5662,0.0237323,2.04552,30618.1
2.01,0.0209427,2,1.5662,0.0237323,2.04852,29039.5
2.01,0.0209427,2,1.5662,0.0237323,2.05153,29543.8
2.01,0.0209427,2,1.5662,0.0237323,2.05453,36561
2.01,0.0209427,2,1.5662,0.0237323,2.05753,28850.7
2.01,0.0209427,2,1.5662,0.0237323,2.06053,37260.3
2.01,0.0209427,2,1.5662,0.0237323,2.06353,31409.6
2.01,0.0209427,2,1.5662,0.0237323,2.06653,29810.5
2.01,0.0209427,2,1.5662,0.0237323,2.06953,31495.4
2.01,0.0209427,2,1.5662,0.0237323,2.07254,31087.2
2.01,0.0209427,2,1.5662,0.0237323,2.07554,30362.4
2.01,0.0209427,2,1.5662,0.0237323,2.07854,36483.1
2.01,0.0209427,2,1.5662,0.0237323,2.08154,33437.8
2.01,0.0209427,2,1.5662,0.0237323,2.08454,32014.6
2.01,0.0209427,2,1.5662,0.0237323,2.08754,31651.1
2.01,0.0209427,2,1.5662,0.0237323,2.09055,34438.3
2.01,0.0209427,2,1.5662,0.0237323,2.09355,34146.5
2.01,0.0209427,2,1.5662,0.0237323,2.09655,33300.9
2.01,0.0209427,2,1.5662,0.0237323,2.09955,33930.4
2.01,0.0209427,2,1.5662,0.0237323,2.10255,35909.8
2.01,0.0209427,2,1.5662,0.0237323,2.10555,40067.5
2.01,0.0209427,2,1.5662,0.0237323,2.10855,34433.9
2.01,0.0209427,2,1.5662,0.0237323,2.11156,38217
2.01,0.0209427,2,1.5662,0.0237323,2.11456,35714.8
2.01,0.0209427,2,1.5662,0.0237323,2.11756,34781
2.01,0.0209427,2,1.5662,0.0237323,2.12056,36396.2
2.01,0.0209427,2,1.5662,0.0237323,2.12356,35160
2.01,0.0209427,2,1.5662,0.0237323,2.12656,35751.4
2.01,0.0209427,2,1.5662,0.0237323,2.12956,38281
2.01,0.0209427,2,1.5662,0.0237323,2.13257,37057.1
2.01,0.0209427,2,1.5662,0.0237323,2.13557,36974.2
2.01,0.0209427,2,1.5662,0.0237323,2.13857,36645.2
2.01,0.0209427,2,1.5662,0.0237323,2.14157,37058.8
2.01,0.0209427,2,1.5662,0.0237323,2.14457,37755.6
2.01,0.0209427,2,1.5662,0.0237323,2.14757,36735.7
2.01,0.0209427,2,1.5662,0.0237323,2.15058,37246.6
2.01,0.0209427,2,1.5662,0.0237323,2.15358,36895.4
2.01,0.0209427,2,1.5662,0.0237323,2.15658,41215.3
2.01,0.0209427,2,1.5662,0.0237323,2.15958,37533.9
2.01,0.0209427,2,1.5662,0.0237323,2.16258,39790.7
2.01,0.0209427,2,1.5662,0.0237323,2.16558,39325.1
2.01,0.0209427,2,1.5662,0.0237323,2.16858,40854
2.01,0.0209427,2,1.5662,0.0237323,2.17159,39553.1
2.01,0.0209427,2,1.5662,0.0237323,2.17459,41704.9
2.01,0.0209427,2,1.5662,0.0237323,2.17759,43246.1
2.01,0.0209427,2,1.5662,0.0237323,2.18059,38578.5
2.01,0.0209427,2,1.5662,0.0237323,2.18359,41068.3
2.01,0.0209427,2,1.5662,0.0237323,2.18659,40768.8
2.01,0.0209427,2,1.5662,0.0237323,2.18959,42601.2
2.01,0.0209427,2,1.5662,0.0237323,2.1926,42699.1
2.01,0.0209427,2,1.5662,0.0237323,2.1956,41411.3
2.01,0.0209427,2,1.5662,0.0237323,2.1986,42848.1
2.01,0.0209427,2,1.5662,0.0237323,2.2016,40481.8
2.01,0.0209427,2,1.5662,0.0237323,2.2046,41161.1
2.01,0.0209427,2,1.5662,0.0237323,2.2076,42499.7
2.01,0.0209427,2,1.5662,0.0237323,2.21061,40631.5
2.01,0.0209427,2,1.5662,0.0237323,2.21361,41711.2
2.01,0.0209427,2,1.5662,0.0237323,2.21661,41854.1
2.01,0.0209427,2,1.5662,0.0237323,2.21961,42345.8
2.01,0.0209427,2,1.5662,0.0237323,2.22261,45813.5
2.01,0.0209427,2,1.5662,0.0237323,2.22561,43118.5
2.01,0.0209427,2,1.5662,0.0237323,2.22861,42974.6
2.01,0.0209427,2,1.5662,0.0237323,2.23162,43458.2
2.01,0.0209427,2,1.5662,0.0237323,2.23462,43054.4
2.01,0.0209427,2,1.5662,0.0237323,2.23762,46051.7
2.01,0.0209427,2,1.5662,0.0237323,2.24062,43975.6
2.01,0.0209427,2,1.5662,0.0237323,2.24362,45680.1
2.01,0.0209427,2,1.5662,0.0237323,2.24662,46099.4
2.01,0.0209427,2,1.5662,0.0237323,2.24962,44853.1
2.01,0.0209427,2,1.5662,0.0237323,2.25263,45254.1
2.01,0.0209427,2,1.5662,0.0237323,2.25563,47126.4
2.01,0.0209427,2,1.5662,0.0237323,2.25863,47582.4
2.01,0.0209427,2,1.5662,0.0237323,2.26163,46785.8
2.01,0.0209427,2,1.5662,0.0237323,2.26463,45124.7
2.01,0.0209427,2,1.5662,0.0237323,2.26763,48771.5
2.01,0.0209427,2,1.5662,0.0237323,2.27064,45885.4
2.01,0.0209427,2,1.5662,0.0237323,2.27364,51491.8
2.01,0.0209427,2,1.5662,0.0237323,2.27664,47810
2.01,0.0209427,2,1.5662,0.0237323,2.27964,46871.2
2.01,0.0209427,2,1.5662,0.0237323,2.28264,46367.7
2.01,0.0209427,2,1.5662,0.0237323,2.28564,47164.1
2.01,0.0209427,2,1.5662,0.0237323,2.28864,49951.6
2.01,0.0209427,2,1.5662,0.0237323,2.29165,47597.2
2.01,0.0209427,2,1.5662,0.0237323,2.29465,47168.6
2.01,0.0209427,2,1.5662,0.0237323,2.29765,54155.6
2.01,0.0209427,2,1.5662,0.0237323,2.30065,47872.9
2.01,0.0209427,2,1.5662,0.0237323,2.30365,48258.9
2.01,0.0209427,2,1.5662,0.0237323,2.30665,51955.7
2.01,0.0209427,2,1.5662,0.0237323,2.30965,52459.2
2.01,0.0209427,2,1.5662,0.0237323,2.31266,48540
2.01,0.0209427,2,1.5662,0.0237323,2.31566,48780.7
2.01,0.0209427,2,1.5662,0.0237323,2.31866,53694.2
2.01,0.0209427,2,1.5662,0.0237323,2.32166,50074.6
2.01,0.0209427,2,1.5662,0.0237323,2.32466,51453.5
2.01,0.0209427,2,1.5662,0.0237323,2.32766,50389.5
2.01,0.0209427,2,1.5662,0.0237323,2.33067,52152.2
2.01,0.0209427,2,1.5662,0.0237323,2.33367,54503.1
2.01,0.0209427,2,1.5662,0.0237323,2.33667,57468.4
2.01,0.0209427,2,1.5662,0.0237323,2.33967,54621.2
2.01,0.0209427,2,1.5662,0.0237323,2.34267,52625.2
2.01,0.0209427,2,1.5662,0.0237323,2.34567,52977
2.01,0.0209427,2,1.5662,0.0237323,2.34867,51781.2
2.01,0.0209427,2,1.5662,0.0237323,2.35168,55358.1
2.01,0.0209427,2,1.5662,0.0237323,2.35468,55451.5
2.01,0.0209427,2,1.5662,0.0237323,2.35768,56709.7
2.01,0.0209427,2,1.5662,0.0237323,2.36068,60464.3
2.01,0.0209427,2,1.5662,0.0237323,2.36368,52857.7
2.01,0.0209427,2,1.5662,0.0237323,2.36668,55830.9
2.01,0.0209427,2,1.5662,0.0237323,2.36968,58354.1
2.01,0.0209427,2,1.5662,0.0237323,2.37269,58139.8
2.01,0.0209427,2,1.5662,0.0237323,2.37569,54739.8
2.01,0.0209427,2,1.5662,0.0237323,2.37869,56394.5
2.01,0.0209427,2,1.5662,0.0237323,2.38169,56855.2
2.01,0.0209427,2,1.5662,0.0237323,2.38469,58384
2.01,0.0209427,2,1.5662,0.0237323,2.38769,57243.5
2.01,0.0209427,2,1.5662,0.0237323,2.3907,69806.8
2.01,0.0209427,2,1.5662,0.0237323,2.3937,57100.6
2.01,0.0209427,2,1.5662,0.0237323,2.3967,58078.5
2.01,0.0209427,2,1.5662,0.0237323,2.3997,62329.5
2.01,0.0209427,2,1.5662,0.0237323,2.4027,58481.6
2.01,0.0209427,2,1.5662,0.0237323,2.4057,58320.6
2.01,0.0209427,2,1.5662,0.0237323,2.4087,59917.8
2.01,0.0209427,2,1.5662,0.0237323,2.41171,61244
2.01,0.0209427,2,1.5662,0.0237323,2.41471,59024.3
2.01,0.0209427,2,1.5662,0.0237323,2.41771,59224.3
2.01,0.0209427,2,1.5662,0.0237323,2.42071,60886.5
2.01,0.0209427,2,1.5662,0.0237323,2.42371,58789.5
2.01,0.0209427,2,1.5662,0.0237323,2.42671,64080.2
2.01,0.0209427,2,1.5662,0.0237323,2.42971,60017.3
2.01,0.0209427,2,1.5662,0.0237323,2.43272,59208.6
2.01,0.0209427,2,1.5662,0.0237323,2.43572,61526.9
2.01,0.0209427,2,1.5662,0.0237323,2.43872,62575.4
2.01,0.0209427,2,1.5662,0.0237323,2.44172,60061.5
2.01,0.0209427,2,1.5662,0.0237323,2.44472,62169
2.01,0.0209427,2,1.5662,0.0237323,2.44772,62198.8
2.01,0.0209427,2,1.5662,0.0237323,2.45073,64244.2
2.01,0.0209427,2,1.5662,0.0237323,2.45373,67307.2
2.01,0.0209427,2,1.5662,0.0237323,2.45673,68063.5
2.01,0.0209427,2,1.5662,0.0237323,2.45973,65998.7
2.01,0.0209427,2,1.5662,0.0237323,2.46273,62000.4
2.01,0.0209427,2,1.5662,0.0237323,2.46573,66182.3
2.01,0.0209427,2,1.5662,0.0237323,2.46873,65652.8
2.01,0.0209427,2,1.5662,0.0237323,2.47174,63378.8
2.01,0.0209427,2,1.5662,0.0237323,2.47474,66534.7
2.01,0.0209427,2,1.5662,0.0237323,2.47774,67644.3
2.01,0.0209427,2,1.5662,0.0237323,2.48074,65437.2
2.01,0.0209427,2,1.5662,0.0237323,2.48374,69854.1
2.01,0.0209427,2,1.5662,0.0237323,2.48674,73204.2
2.01,0.0209427,2,1.5662,0.0237323,2.48974,66298.2
2.01,0.0209427,2,1.5662,0.0237323,2.49275,68771.7
2.01,0.0209427,2,1.5662,0.0237323,2.49575,65454.3
2.01,0.0209427,2,1.5662,0.0237323,2.49875,68498.6
2.01,0.0209427,2,1.5662,0.0237323,2.50175,75570.9
2.01,0.0209427,2,1.5662,0.0237323,2.50475,71566.9
2.01,0.0209427,2,1.5662,0.0237323,2.50775,68701.7
2.01,0.0209427,2,1.5662,0.0237323,2.51076,69101.7
2.01,0.0209427,2,1.5662,0.0237323,2.51376,74314
2.01,0.0209427,2,1.5662,0.0237323,2.51676,72031.7
2.01,0.0209427,2,1.5662,0.0237323,2.51976,68092.8
2.01,0.0209427,2,1.5662,0.0237323,2.52276,68504.2
2.01,0.0209427,2,1.5662,0.0237323,2.52576,72321
2.01,0.0209427,2,1.5662,0.0237323,2.52876,74842
2.01,0.0209427,2,1.5662,0.0237323,2.53177,72637.4
2.01,0.0209427,2,1.5662,0.0237323,2.53477,74328.5
2.01,0.0209427,2,1.5662,0.0237323,2.53777,79322.5
2.01,0.0209427,2,1.5662,0.0237323,2.54077,72610.3
2.01,0.0209427,2,1.5662,0.0237323,2.54377,75939
2.01,0.0209427,2,1.5662,0.0237323,2.54677,72303.2
2.01,0.0209427,2,1.5662,0.0237323,2.54977,73322.5
2.01,0.0209427,2,1.5662,0.0237323,2.55278,72029.8
2.01,0.0209427,2,1.5662,0.0237323,2.55578,73772.6
2.01,0.0209427,2,1.5662,0.0237323,2.55878,73971.4
2.01,0.0209427,2,1.5662,0.0237323,2.56178,78584.2
2.01,0.0209427,2,1.5662,0.0237323,2.56478,73894.1
2.01,0.0209427,2,1.5662,0.0237323,2.56778,76137.5
2.01,0.0209427,2,1.5662,0.0237323,2.57079,78872
2.01,0.0209427,2,1.5662,0.0237323,2.57379,75262.2
2.01,0.0209427,2,1.5662,0.0237323,2.57679,80070.3
2.01,0.0209427,2,1.5662,0.0237323,2.57979,81961.3
2.01,0.0209427,2,1.5662,0.0237323,2.58279,77115
2.01,0.0209427,2,1.5662,0.0237323,2.58579,77733
2.01,0.0209427,2,1.5662,0.0237323,2.58879,77269.2
2.01,0.0209427,2,1.5662,0.0237323,2.5918,82283.6
2.01,0.0209427,2,1.5662,0.0237323,2.5948,79919
2.01,0.0209427,2,1.5662,0.0237323,2.5978,78708.4
2.01,0.0209427,2,1.5662,0.0237323,2.6008,78843
2.01,0.0209427,2,1.5662,0.0237323,2.6038,86139.5
2.01,0.0209427,2,1.5662,0.0237323,2.6068,83089.5
2.01,0.0209427,2,1.5662,0.0237323,2.6098,79722.4
2.01,0.0209427,2,1.5662,0.0237323,2.61281,81119.7
2.01,0.0209427,2,1.5662,0.0237323,2.61581,81375.8
2.01,0.0209427,2,1.5662,0.0237323,2.61881,87737.4
2.01,0.0209427,2,1.5662,0.0237323,2.62181,86889.5
2.01,0.0209427,2,1.5662,0.0237323,2.62481,84263.2
2.01,0.0209427,2,1.5662,0.0237323,2.62781,87961.7
2.01,0.0209427,2,1.5662,0.0237323,2.63082,90130.3
2.01,0.0209427,2,1.5662,0.0237323,2.63382,86992.2
2.01,0.0209427,2,1.5662,0.0237323,2.63682,84496.3
2.01,0.0209427,2,1.5662,0.0237323,2.63982,88556.8
2.01,0.0209427,2,1.5662,0.0237323,2.64282,91510.8
2.01,0.0209427,2,1.5662,0.0237323,2.64582,85673.9
2.01,0.0209427,2,1.5662,0.0237323,2.64882,88122.4
2.01,0.0209427,2,1.5662,0.0237323,2.65183,89649.3
2.01,0.0209427,2,1.5662,0.0237323,2.65483,86486.1
2.01,0.0209427,2,1.5662,0.0237323,2.65783,94359.2
2.01,0.0209427,2,1.5662,0.0237323,2.66083,93835.7
2.01,0.0209427,2,1.5662,0.0237323,2.66383,94314
2.01,0.0209427,2,1.5662,0.0237323,2.66683,90690.9
2.01,0.0209427,2,1.5662,0.0237323,2.66983,89781
2.01,0.0209427,2,1.5662,0.0237323,2.67284,92180.3
2.01,0.0209427,2,1.5662,0.0237323,2.67584,91533.8
2.01,0.0209427,2,1.5662,0.0237323,2.67884,89460.3
2.01,0.0209427,2,1.5662,0.0237323,2.68184,90013
2.01,0.0209427,2,1.5662,0.0237323,2.68484,93132.7
2.01,0.0209427,2,1.5662,0.0237323,2.68784,98493.1
2.01,0.0209427,2,1.5662,0.0237323,2.69085,92410
2.01,0.0209427,2,1.5662,0.0237323,2.69385,93929.5
2.01,0.0209427,2,1.5662,0.0237323,2.69685,94421.2
2.01,0.0209427,2,1.5662,0.0237323,2.69985,94028.6
2.01,0.0209427,2,1.5662,0.0237323,2.70285,99051.8
2.01,0.0209427,2,1.5662,0.0237323,2.70585,101465
2.01,0.0209427,2,1.5662,0.0237323,2.70885,94986.9
2.01,0.0209427,2,1.5662,0.0237323,2.71186,98377.3
2.01,0.0209427,2,1.5662,0.0237323,2.71486,95813.6
2.01,0.0209427,2,1.5662,0.0237323,2.71786,102388
2.01,0.0209427,2,1.5662,0.0237323,2.72086,100419
2.01,0.0209427,2,1.5662,0.0237323,2.72386,100912
2.01,0.0209427,2,1.5662,0.0237323,2.72686,101484
2.01,0.0209427,2,1.5662,0.0237323,2.72986,103987
2.01,0.0209427,2,1.5662,0.0237323,2.73287,101487
2.01,0.0209427,2,1.5662,0.0237323,2.73587,100894
2.01,0.0209427,2,1.5662,0.0237323,2.73887,102628
2.01,0.0209427,2,1.5662,0.0237323,2.74187,111905
2.01,0.0209427,2,1.5662,0.0237323,2.74487,104597
2.01,0.0209427,2,1.5662,0.0237323,2.74787,110641
2.01,0.0209427,2,1.5662,0.0237323,2.75088,100987
2.01,0.0209427,2,1.5662,0.0237323,2.75388,106904
2.01,0.0209427,2,1.5662,0.0237323,2.75688,107279
2.01,0.0209427,2,1.5662,0.0237323,2.75988,103639
2.01,0.0209427,2,1.5662,0.0237323,2.76288,105614
2.01,0.0209427,2,1.5662,0.0237323,2.76588,104084
2.01,0.0209427,2,1.5662,0.0237323,2.76888,106122
2.01,0.0209427,2,1.5662,0.0237323,2.77189,110996
2.01,0.0209427,2,1.5662,0.0237323,2.77489,115034
2.01,0.0209427,2,1.5662,0.0237323,2.77789,110191
2.01,0.0209427,2,1.5662,0.0237323,2.78089,106681
2.01,0.0209427,2,1.5662,0.0237323,2.78389,108099
2.01,0.0209427,2,1.5662,0.0237323,2.78689,110561
2.01,0.0209427,2,1.5662,0.0237323,2.78989,114875
2.01,0.0209427,2,1.5662,0.0237323,2.7929,115840
2.01,0.0209427,2,1.5662,0.0237323,2.7959,110673
2.01,0.0209427,2,1.5662,0.0237323,2.7989,116599
2.01,0.0209427,2,1.5662,0.0237323,2.8019,115321
2.01,0.0209427,2,1.5662,0.0237323,2.8049,114724
2.01,0.0209427,2,1.5662,0.0237323,2.8079,114582
2.01,0.0209427,2,1.5662,0.0237323,2.81091,122889
2.01,0.0209427,2,1.5662,0.0237323,2.81391,122802
2.01,0.0209427,2,1.5662,0.0237323,2.81691,117005
2.01,0.0209427,2,1.5662,0.0237323,2.81991,123526
2.01,0.0209427,2,1.5662,0.0237323,2.82291,116512
2.01,0.0209427,2,1.5662,0.0237323,2.82591,116080
2.01,0.0209427,2,1.5662,0.0237323,2.82891,117396
2.01,0.0209427,2,1.5662,0.0237323,2.83192,125521
2.01,0.0209427,2,1.5662,0.0237323,2.83492,119893
2.01,0.0209427,2,1.5662,0.0237323,2.83792,124737
2.01,0.0209427,2,1.5662,0.0237323,2.84092,119460
2.01,0.0209427,2,1.5662,0.0237323,2.84392,123344
2.01,0.0209427,2,1.5662,0.0237323,2.84692,121618
2.01,0.0209427,2,1.5662,0.0237323,2.84992,121214
2.01,0.0209427,2,1.5662,0.0237323,2.85293,127627
2.01,0.0209427,2,1.5662,0.0237323,2.85593,131914
2.01,0.0209427,2,1.5662,0.0237323,2.85893,126641
2.01,0.0209427,2,1.5662,0.0237323,2.86193,124593
2.01,0.0209427,2,1.5662,0.0237323,2.86493,126827
2.01,0.0209427,2,1.5662,0.0237323,2.86793,129232
2.01,0.0209427,2,1.5662,0.0237323,2.87094,127208
2.01,0.0209427,2,1.5662,0.0237323,2.87394,129518
2.01,0.0209427,2,1.5662,0.0237323,2.87694,136065
2.01,0.0209427,2,1.5662,0.0237323,2.87994,131586
2.01,0.0209427,2,1.5662,0.0237323,2.88294,132347
2.01,0.0209427,2,1.5662,0.0237323,2.88594,132757
2.01,0.0209427,2,1.5662,0.0237323,2.88894,129663
2.01,0.0209427,2,1.5662,0.0237323,2.89195,144324
2.01,0.0209427,2,1.5662,0.0237323,2.89495,138401
2.01,0.0209427,2,1.5662,0.0237323,2.89795,138596
2.01,0.0209427,2,1.5662,0.0237323,2.90095,134388
2.01,0.0209427,2,1.5662,0.0237323,2.90395,139014
2.01,0.0209427,2,1.5662,0.0237323,2.90695,140820
2.01,0.0209427,2,1.5662,0.0237323,2.90995,135384
2.01,0.0209427,2,1.5662,0.0237323,2.91296,140481
2.01,0.0209427,2,1.5662,0.0237323,2.91596,143021
2.01,0.0209427,2,1.5662,0.0237323,2.91896,141723
2.01,0.0209427,2,1.5662,0.0237323,2.92196,145281
2.01,0.0209427,2,1.5662,0.0237323,2.92496,139055
2.01,0.0209427,2,1.5662,0.0237323,2.92796,151316
2.01,0.0209427,2,1.5662,0.0237323,2.93097,145859
2.01,0.0209427,2,1.5662,0.0237323,2.93397,148403
2.01,0.0209427,2,1.5662,0.0237323,2.93697,147533
2.01,0.0209427,2,1.5662,0.0237323,2.93997,143986
2.01,0.0209427,2,1.5662,0.0237323,2.94297,149677
2.01,0.0209427,2,1.5662,0.0237323,2.94597,147387
2.01,0.0209427,2,1.5662,0.0237323,2.94897,157579
2.01,0.0209427,2,1.5662,0.0237323,2.95198,148236
2.01,0.0209427,2,1.5662,0.0237323,2.95498,159072
2.01,0.0209427,2,1.5662,0.0237323,2.95798,147998
2.01,0.0209427,2,1.5662,0.0237323,2.96098,154074
2.01,0.0209427,2,1.5662,0.0237323,2.96398,150607
2.01,0.0209427,2,1.5662,0.0237323,2.96698,155639
2.01,0.0209427,2,1.5662,0.0237323,2.96998,151070
2.01,0.0209427,2,1.5662,0.0237323,2.97299,157491
2.01,0.0209427,2,1.5662,0.0237323,2.97599,153242
2.01,0.0209427,2,1.5662,0.0237323,2.97899,153435
2.01,0.0209427,2,1.5662,0.0237323,2.98199,162338
2.01,0.0209427,2,1.5662,0.0237323,2.98499,161220
2.01,0.0209427,2,1.5662,0.0237323,2.98799,157110
2.01,0.0209427,2,1.5662,0.0237323,2.991,160781
2.01,0.0209427,2,1.5662,0.0237323,2.994,162677
2.01,0.0209427,2,1.5662,0.0237323,2.997,161552
2.01,0.0209427,2,1.5662,0.0237323,3,165335

2.001,0.0388202,2,1.44537,0.041665,-3,36062.5
2.001,0.0388202,2,1.44537,0.041665,-2.997,38028.7
2.001,0.0388202,2,1.44537,0.041665,-2.994,41993.2
2.001,0.0388202,2,1.44537,0.041665,-2.991,34757
2.001,0.0388202,2,1.44537,0.041665,-2.98799,40037.9
2.001,0.0388202,2,1.44537,0.041665,-2.98499,36413.2
2.001,0.0388202,2,1.44537,0.041665,-2.98199,43251.3
2.001,0.0388202,2,1.44537,0.041665,-2.97899,35915.1
2.001,0.0388202,2,1.44537,0.041665,-2.97599,35998.2
2.001,0.0388202,2,1.44537,0.041665,-2.97299,37372.4
2.001,0.0388202,2,1.44537,0.041665,-2.96998,41857.5
2.001,0.0388202,2,1.44537,0.041665,-2.96698,36700.6
2.001,0.0388202,2,1.44537,0.041665,-2.96398,37027.5
2.001,0.0388202,2,1.44537,0.041665,-2.96098,42714
2.001,0.0388202,2,1.44537,0.041665,-2.95798,38323.8
2.001,0.0388202,2,1.44537,0.041665,-2.95498,43267.4
2.001,0.0388202,2,1.44537,0.041665,-2.95198,35384.8
2.001,0.0388202,2,1.44537,0.041665,-2.94897,37867.3
2.001,0.0388202,2,1.44537,0.041665,-2.94597,38484.2
2.001,0.0388202,2,1.44537,0.041665,-2.94297,38366.3
2.001,0.0388202,2,1.44537,0.041665,-2.93997,44626.9
2.001,0.0388202,2,1.44537,0.041665,-2.93697,35064.4
2.001,0.0388202,2,1.44537,0.041665,-2.93397,35267.3
2.001,0.0388202,2,1.44537,0.041665,-2.93097,35473.9
2.001,0.0388202,2,1.44537,0.041665,-2.92796,35665.9
2.001,0.0388202,2,1.44537,0.041665,-2.92496,35861.8
2.001,0.0388202,2,1.44537,0.041665,-2.92196,36055.7
2.001,0.0388202,2,1.44537,0.041665,-2.91896,36243.8
2.001,0.0388202,2,1.44537,0.041665,-2.91596,36327.1
2.001,0.0388202,2,1.44537,0.041665,-2.91296,37973.7
2.001,0.0388202,2,1.44537,0.041665,-2.90995,36807.1
2.001,0.0388202,2,1.44537,0.041665,-2.90695,36989.6
2.001,0.0388202,2,1.44537,0.041665,-2.90395,36407.9
2.001,0.0388202,2,1.44537,0.041665,-2.90095,37346.9
2.001,0.0388202,2,1.44537,0.041665,-2.89795,37521.5
2.001,0.0388202,2,1.44537,0.041665,-2.89495,37674
2.001,0.0388202,2,1.44537,0.041665,-2.89195,42000.4
2.001,0.0388202,2,1.44537,0.041665,-2.88894,37973
2.001,0.0388202,2,1.44537,0.041665,-2.88594,42741.5
2.001,0.0388202,2,1.44537,0.041665,-2.88294,40458.9
2.001,0.0388202,2,1.44537,0.041665,-2.87994,37764.4
2.001,0.0388202,2,1.44537,0.041665,-2.87694,35701
2.001,0.0388202,2,1.44537,0.041665,-2.87394,43302.1
2.001,0.0388202,2,1.44537,0.041665,-2.87094,35504.7
2.001,0.0388202,2,1.44537,0.041665,-2.86793,36120.7
2.001,0.0388202,2,1.44537,0.041665,-2.86493,36248.3
2.001,0.0388202,2,1.44537,0.041665,-2.86193,36387.9
2.001,0.0388202,2,1.44537,0.041665,-2.85893,36440.4
2.001,0.0388202,2,1.44537,0.041665,-2.85593,36645.4
2.001,0.0388202,2,1.44537,0.041665,-2.85293,41923.6
2.001,0.0388202,2,1.44537,0.041665,-2.84992,44793.5
2.001,0.0388202,2,1.44537,0.041665,-2.84692,37299.9
2.001,0.0388202,2,1.44537,0.041665,-2.84392,35339
2.001,0.0388202,2,1.44537,0.041665,-2.84092,36447.7
2.001,0.0388202,2,1.44537,0.041665,-2.83792,36803.5
2.001,0.0388202,2,1.44537,0.041665,-2.83492,37466.6
2.001,0.0388202,2,1.44537,0.041665,-2.83192,42870.6
2.001,0.0388202,2,1.44537,0.041665,-2.82891,37677.1
2.001,0.0388202,2,1.44537,0.041665,-2.82591,37779.5
2.001,0.0388202,2,1.44537,0.041665,-2.82291,36251.4
2.001,0.0388202,2,1.44537,0.041665,-2.81991,37820
2.001,0.0388202,2,1.44537,0.041665,-2.81691,38068.1
2.001,0.0388202,2,1.44537,0.041665,-2.81391,38162.9
2.001,0.0388202,2,1.44537,0.041665,-2.81091,37463.4
2.001,0.0388202,2,1.44537,0.041665,-2.8079,36638.7
2.001,0.0388202,2,1.44537,0.041665,-2.8049,38684.6
2.001,0.0388202,2,1.44537,0.041665,-2.8019,36811.8
2.001,0.0388202,2,1.44537,0.041665,-2.7989,38563.8
2.001,0.0388202,2,1.44537,0.041665,-2.7959,36459.8
2.001,0.0388202,2,1.44537,0.041665,-2.7929,38713.1
2.001,0.0388202,2,1.44537,0.041665,-2.78989,44313.6
2.001,0.0388202,2,1.44537,0.041665,-2.78689,38750.8
2.001,0.0388202,2,1.44537,0.041665,-2.78389,44379.3
2.001,0.0388202,2,1.44537,0.041665,-2.78089,35709.8
2.001,0.0388202,2,1.44537,0.041665,-2.77789,39023.3
2.001,0.0388202,2,1.44537,0.041665,-2.77489,39081.8
2.001,0.0388202,2,1.44537,0.041665,-2.77189,39126
2.001,0.0388202,2,1.44537,0.041665,-2.76888,39199.2
2.001,0.0388202,2,1.44537,0.041665,-2.76588,35948.3
2.001,0.0388202,2,1.44537,0.041665,-2.76288,39084.4
2.001,0.0388202,2,1.44537,0.041665,-2.75988,37232.5
2.001,0.0388202,2,1.44537,0.041665,-2.75688,44923.3
2.001,0.0388202,2,1.44537,0.041665,-2.75388,44999.9
2.001,0.0388202,2,1.44537,0.041665,-2.75088,36922.8
2.001,0.0388202,2,1.44537,0.041665,-2.74787,39418.4
2.001,0.0388202,2,1.44537,0.041665,-2.74487,39442.3
2.001,0.0388202,2,1.44537,0.041665,-2.74187,39448.3
2.001,0.0388202,2,1.44537,0.041665,-2.73887,45056.5
2.001,0.0388202,2,1.44537,0.041665,-2.73587,39490.8
2.001,0.0388202,2,1.44537,0.041665,-2.73287,39414
2.001,0.0388202,2,1.44537,0.041665,-2.72986,36269.6
2.001,0.0388202,2,1.44537,0.041665,-2.72686,38315.6
2.001,0.0388202,2,1.44537,0.041665,-2.72386,40336.4
2.001,0.0388202,2,1.44537,0.041665,-2.72086,39166.9
2.001,0.0388202,2,1.44537,0.041665,-2.71786,39487
2.001,0.0388202,2,1.44537,0.041665,-2.71486,39496.3
2.001,0.0388202,2,1.44537,0.041665,-2.71186,36176.3
2.001,0.0388202,2,1.44537,0.041665,-2.70885,37393.9
2.001,0.0388202,2,1.44537,0.041665,-2.70585,36155.8
2.001,0.0388202,2,1.44537,0.041665,-2.70285,39429.1
2.001,0.0388202,2,1.44537,0.041665,-2.69985,39197
2.001,0.0388202,2,1.44537,0.041665,-2.69685,37272.1
2.001,0.0388202,2,1.44537,0.041665,-2.69385,39268.7
2.001,0.0388202,2,1.44537,0.041665,-2.69085,39291.2
2.001,0.0388202,2,1.44537,0.041665,-2.68784,39270.5
2.001,0.0388202,2,1.44537,0.041665,-2.68484,39318.4
2.001,0.0388202,2,1.44537,0.041665,-2.68184,39186.3
2.001,0.0388202,2,1.44537,0.041665,-2.67884,44678.7
2.001,0.0388202,2,1.44537,0.041665,-2.67584,38624.7
2.001,0.0388202,2,1.44537,0.041665,-2.67284,37455.7
2.001,0.0388202,2,1.44537,0.041665,-2.66983,37277.2
2.001,0.0388202,2,1.44537,0.041665,-2.66683,36803.3
2.001,0.0388202,2,1.44537,0.041665,-2.66383,38563.6
2.001,0.0388202,2,1.44537,0.041665,-2.66083,38779.6
2.001,0.0388202,2,1.44537,0.041665,-2.65783,44152
2.001,0.0388202,2,1.44537,0.041665,-2.65483,38551
2.001,0.0388202,2,1.44537,0.041665,-2.65183,36246
2.001,0.0388202,2,1.44537,0.041665,-2.64882,38221.8
2.001,0.0388202,2,1.44537,0.041665,-2.64582,43867.9
2.001,0.0388202,2,1.44537,0.041665,-2.64282,38301.4
2.001,0.0388202,2,1.44537,0.041665,-2.63982,38114.2
2.001,0.0388202,2,1.44537,0.041665,-2.63682,36130.8
2.001,0.0388202,2,1.44537,0.041665,-2.63382,38002.9
2.001,0.0388202,2,1.44537,0.041665,-2.63082,35754.1
2.001,0.0388202,2,1.44537,0.041665,-2.62781,37436.2
2.001,0.0388202,2,1.44537,0.041665,-2.62481,37787.3
2.001,0.0388202,2,1.44537,0.041665,-2.62181,35390.9
2.001,0.0388202,2,1.44537,0.041665,-2.61881,37464
2.001,0.0388202,2,1.44537,0.041665,-2.61581,37256.5
2.001,0.0388202,2,1.44537,0.041665,-2.61281,37232.2
2.001,0.0388202,2,1.44537,0.041665,-2.6098,42407.8
2.001,0.0388202,2,1.44537,0.041665,-2.6068,36958.4
2.001,0.0388202,2,1.44537,0.041665,-2.6038,36451.9
2.001,0.0388202,2,1.44537,0.041665,-2.6008,37865.3
2.001,0.0388202,2,1.44537,0.041665,-2.5978,44415.7
2.001,0.0388202,2,1.44537,0.041665,-2.5948,36426.3
2.001,0.0388202,2,1.44537,0.041665,-2.5918,36295.9
2.001,0.0388202,2,1.44537,0.041665,-2.58879,41221.2
2.001,0.0388202,2,1.44537,0.041665,-2.58579,41132.9
2.001,0.0388202,2,1.44537,0.041665,-2.58279,43061.6
2.001,0.0388202,2,1.44537,0.041665,-2.57979,35662
2.001,0.0388202,2,1.44537,0.041665,-2.57679,35498.9
2.001,0.0388202,2,1.44537,0.041665,-2.57379,35331
2.001,0.0388202,2,1.44537,0.041665,-2.57079,35134.4
2.001,0.0388202,2,1.44537,0.041665,-2.56778,34987.7
2.001,0.0388202,2,1.44537,0.041665,-2.56478,37327.3
2.001,0.0388202,2,1.44537,0.041665,-2.56178,39501.7
2.001,0.0388202,2,1.44537,0.041665,-2.55878,39398.3
2.001,0.0388202,2,1.44537,0.041665,-2.55578,39166.8
2.001,0.0388202,2,1.44537,0.041665,-2.55278,35399.9
2.001,0.0388202,2,1.44537,0.041665,-2.54977,36753.3
2.001,0.0388202,2,1.44537,0.041665,-2.54677,40955.7
2.001,0.0388202,2,1.44537,0.041665,-2.54377,37139.1
2.001,0.0388202,2,1.44537,0.041665,-2.54077,36059.9
2.001,0.0388202,2,1.44537,0.041665,-2.53777,35878.2
2.001,0.0388202,2,1.44537,0.041665,-2.53477,35653
2.001,0.0388202,2,1.44537,0.041665,-2.53177,35372.1
2.001,0.0388202,2,1.44537,0.041665,-2.52876,38913.7
2.001,0.0388202,2,1.44537,0.041665,-2.52576,36832
2.001,0.0388202,2,1.44537,0.041665,-2.52276,35643.1
2.001,0.0388202,2,1.44537,0.041665,-2.51976,38359.7
2.001,0.0388202,2,1.44537,0.041665,-2.51676,38401.8
2.001,0.0388202,2,1.44537,0.041665,-2.51376,37913.1
2.001,0.0388202,2,1.44537,0.041665,-2.51076,34737.2
2.001,0.0388202,2,1.44537,0.041665,-2.50775,42876.8
2.001,0.0388202,2,1.44537,0.041665,-2.50475,37322.5
2.001,0.0388202,2,1.44537,0.041665,-2.50175,42195.9
2.001,0.0388202,2,1.44537,0.041665,-2.49875,36896.4
2.001,0.0388202,2,1.44537,0.041665,-2.49575,36248.3
2.001,0.0388202,2,1.44537,0.041665,-2.49275,41143.1
2.001,0.0388202,2,1.44537,0.041665,-2.48974,35486.6
2.001,0.0388202,2,1.44537,0.041665,-2.48674,40423.2
2.001,0.0388202,2,1.44537,0.041665,-2.48374,35208.3
2.001,0.0388202,2,1.44537,0.041665,-2.48074,41943.9
2.001,0.0388202,2,1.44537,0.041665,-2.47774,34384.7
2.001,0.0388202,2,1.44537,0.041665,-2.47474,34293.5
2.001,0.0388202,2,1.44537,0.041665,-2.47174,38524.3
2.001,0.0388202,2,1.44537,0.041665,-2.46873,35875.4
2.001,0.0388202,2,1.44537,0.041665,-2.46573,34887.6
2.001,0.0388202,2,1.44537,0.041665,-2.46273,35742.4
2.001,0.0388202,2,1.44537,0.041665,-2.45973,36935.8
2.001,0.0388202,2,1.44537,0.041665,-2.45673,38580
2.001,0.0388202,2,1.44537,0.041665,-2.45373,36115
2.001,0.0388202,2,1.44537,0.041665,-2.45073,35462.4
2.001,0.0388202,2,1.44537,0.041665,-2.44772,37792.2
2.001,0.0388202,2,1.44537,0.041665,-2.44472,33998.5
2.001,0.0388202,2,1.44537,0.041665,-2.44172,38899.7
2.001,0.0388202,2,1.44537,0.041665,-2.43872,36112.5
2.001,0.0388202,2,1.44537,0.041665,-2.43572,37028.9
2.001,0.0388202,2,1.44537,0.041665,-2.43272,35015.4
2.001,0.0388202,2,1.44537,0.041665,-2.42971,35934.2
2.001,0.0388202,2,1.44537,0.041665,-2.42671,34514.9
2.001,0.0388202,2,1.44537,0.041665,-2.42371,33944.5
2.001,0.0388202,2,1.44537,0.041665,-2.42071,40215.7
2.001,0.0388202,2,1.44537,0.041665,-2.41771,36802.1
2.001,0.0388202,2,1.44537,0.041665,-2.41471,36239.6
2.001,0.0388202,2,1.44537,0.041665,-2.41171,33384.1
2.001,0.0388202,2,1.44537,0.041665,-2.4087,35119
2.001,0.0388202,2,1.44537,0.041665,-2.4057,37046.4
2.001,0.0388202,2,1.44537,0.041665,-2.4027,36617.8
2.001,0.0388202,2,1.44537,0.041665,-2.3997,33508.6
2.001,0.0388202,2,1.44537,0.041665,-2.3967,33113.3
2.001,0.0388202,2,1.44537,0.041665,-2.3937,35530.6
2.001,0.0388202,2,1.44537,0.041665,-2.3907,34542.2
2.001,0.0388202,2,1.44537,0.041665,-2.38769,39198.1
2.001,0.0388202,2,1.44537,0.041665,-2.38469,33522
2.001,0.0388202,2,1.44537,0.041665,-2.38169,37818.7
2.001,0.0388202,2,1.44537,0.041665,-2.37869,35924.1
2.001,0.0388202,2,1.44537,0.041665,-2.37569,35677.6
2.001,0.0388202,2,1.44537,0.041665,-2.37269,34615.4
2.001,0.0388202,2,1.44537,0.041665,-2.36968,34722
2.001,0.0388202,2,1.44537,0.041665,-2.36668,33426.5
2.001,0.0388202,2,1.44537,0.041665,-2.36368,33018.8
2.001,0.0388202,2,1.44537,0.041665,-2.36068,34906.6
2.001,0.0388202,2,1.44537,0.041665,-2.35768,32395.2
2.001,0.0388202,2,1.44537,0.041665,-2.35468,33863.5
2.001,0.0388202,2,1.44537,0.041665,-2.35168,36560.4
2.001,0.0388202,2,1.44537,0.041665,-2.34867,39984.4
2.001,0.0388202,2,1.44537,0.041665,-2.34567,36661.4
2.001,0.0388202,2,1.44537,0.041665,-2.34267,32912.7
2.001,0.0388202,2,1.44537,0.041665,-2.33967,34669.3
2.001,0.0388202,2,1.44537,0.041665,-2.33667,33093.8
2.001,0.0388202,2,1.44537,0.041665,-2.33367,33051.3
2.001,0.0388202,2,1.44537,0.041665,-2.33067,39056.1
2.001,0.0388202,2,1.44537,0.041665,-2.32766,33437.1
2.001,0.0388202,2,1.44537,0.041665,-2.32466,33202.6
2.001,0.0388202,2,1.44537,0.041665,-2.32166,33398.5
2.001,0.0388202,2,1.44537,0.041665,-2.31866,32883.8
2.001,0.0388202,2,1.44537,0.041665,-2.31566,33142.6
2.001,0.0388202,2,1.44537,0.041665,-2.31266,34858.7
2.001,0.0388202,2,1.44537,0.041665,-2.30965,32287.2
2.001,0.0388202,2,1.44537,0.041665,-2.30665,31783
2.001,0.0388202,2,1.44537,0.041665,-2.30365,32656.7
2.001,0.0388202,2,1.44537,0.041665,-2.30065,31492.1
2.001,0.0388202,2,1.44537,0.041665,-2.29765,33350.9
2.001,0.0388202,2,1.44537,0.041665,-2.29465,34804.1
2.001,0.0388202,2,1.44537,0.041665,-2.29165,31752.3
2.001,0.0388202,2,1.44537,0.041665,-2.28864,29956.6
2.001,0.0388202,2,1.44537,0.041665,-2.28564,35106.2
2.001,0.0388202,2,1.44537,0.041665,-2.28264,31886.6
2.001,0.0388202,2,1.44537,0.041665,-2.27964,33159.7
2.001,0.0388202,2,1.44537,0.041665,-2.27664,31856.4
2.001,0.0388202,2,1.44537,0.041665,-2.27364,33347.2
2.001,0.0388202,2,1.44537,0.041665,-2.27064,31978.8
2.001,0.0388202,2,1.44537,0.041665,-2.26763,31160.1
2.001,0.0388202,2,1.44537,0.041665,-2.26463,31256.4
2.001,0.0388202,2,1.44537,0.041665,-2.26163,28274.2
2.001,0.0388202,2,1.44537,0.041665,-2.25863,33140.5
2.001,0.0388202,2,1.44537,0.041665,-2.25563,33599.9
2.001,0.0388202,2,1.44537,0.041665,-2.25263,25418.8
2.001,0.0388202,2,1.44537,0.041665,-2.24962,-28591.6
2.001,0.0388202,2,1.44537,0.041665,-2.24662,-31064.5
2.001,0.0388202,2,1.44537,0.041665,-2.24362,-31227.7
2.001,0.0388202,2,1.44537,0.041665,-2.24062,-34149.6
2.001,0.0388202,2,1.44537,0.041665,-2.23762,-31271.9
2.001,0.0388202,2,1.44537,0.041665,-2.23462,-32299.4
2.001,0.0388202,2,1.44537,0.041665,-2.23162,-28706.6
2.001,0.0388202,2,1.44537,0.041665,-2.22861,-29376.4
2.001,0.0388202,2,1.44537,0.041665,-2.22561,-29426.5
2.001,0.0388202,2,1.44537,0.041665,-2.22261,-29493.1
2.001,0.0388202,2,1.44537,0.041665,-2.21961,-32915.5
2.001,0.0388202,2,1.44537,0.041665,-2.21661,-35969.8
2.001,0.0388202,2,1.44537,0.041665,-2.21361,-30281
2.001,0.0388202,2,1.44537,0.041665,-2.21061,-33777.3
2.001,0.0388202,2,1.44537,0.041665,-2.2076,-36028.6
2.001,0.0388202,2,1.44537,0.041665,-2.2046,-35626.6
2.001,0.0388202,2,1.44537,0.041665,-2.2016,-32889.1
2.001,0.0388202,2,1.44537,0.041665,-2.1986,-31786.5
2.001,0.0388202,2,1.44537,0.041665,-2.1956,-32075.6
2.001,0.0388202,2,1.44537,0.041665,-2.1926,-34468.1
2.001,0.0388202,2,1.44537,0.041665,-2.18959,-31292.9
2.001,0.0388202,2,1.44537,0.041665,-2.18659,-34538.6
2.001,0.0388202,2,1.44537,0.041665,-2.18359,-34064.1
2.001,0.0388202,2,1.44537,0.041665,-2.18059,-33157
2.001,0.0388202,2,1.44537,0.041665,-2.17759,-31756.8
2.001,0.0388202,2,1.44537,0.041665,-2.17459,-33189.4
2.001,0.0388202,2,1.44537,0.041665,-2.17159,-32577.7
2.001,0.0388202,2,1.44537,0.041665,-2.16858,-33099.5
2.001,0.0388202,2,1.44537,0.041665,-2.16558,-34987.2
2.001,0.0388202,2,1.44537,0.041665,-2.16258,-36223.8
2.001,0.0388202,2,1.44537,0.041665,-2.15958,-35895.9
2.001,0.0388202,2,1.44537,0.041665,-2.15658,-33035.2
2.001,0.0388202,2,1.44537,0.041665,-2.15358,-34249.6
2.001,0.0388202,2,1.44537,0.041665,-2.15058,-35063.5
2.001,0.0388202,2,1.44537,0.041665,-2.14757,-33182.1
2.001,0.0388202,2,1.44537,0.041665,-2.14457,-33260.6
2.001,0.0388202,2,1.44537,0.041665,-2.14157,-42268
2.001,0.0388202,2,1.44537,0.041665,-2.13857,-36920
2.001,0.0388202,2,1.44537,0.041665,-2.13557,-32748.8
2.001,0.0388202,2,1.44537,0.041665,-2.13257,-37027.3
2.001,0.0388202,2,1.44537,0.041665,-2.12956,-35008
2.001,0.0388202,2,1.44537,0.041665,-2.12656,-34644.6
2.001,0.0388202,2,1.44537,0.041665,-2.12356,-33084.5
2.001,0.0388202,2,1.44537,0.041665,-2.12056,-36022.2
2.001,0.0388202,2,1.44537,0.041665,-2.11756,-39297.6
2.001,0.0388202,2,1.44537,0.041665,-2.11456,-37863.2
2.001,0.0388202,2,1.44537,0.041665,-2.11156,-37082
2.001,0.0388202,2,1.44537,0.041665,-2.10855,-36089.6
2.001,0.0388202,2,1.44537,0.041665,-2.10555,-33482.9
2.001,0.0388202,2,1.44537,0.041665,-2.10255,-39568.5
2.001,0.0388202,2,1.44537,0.041665,-2.09955,-34553.5
2.001,0.0388202,2,1.44537,0.041665,-2.09655,-35323.5
2.001,0.0388202,2,1.44537,0.041665,-2.09355,-36231.5
2.001,0.0388202,2,1.44537,0.041665,-2.09055,-36784.1
2.001,0.0388202,2,1.44537,0.041665,-2.08754,-37649.7
2.001,0.0388202,2,1.44537,0.041665,-2.08454,-35103.7
2.001,0.0388202,2,1.44537,0.041665,-2.08154,-35260.5
2.001,0.0388202,2,1.44537,0.041665,-2.07854,-39370.9
2.001,0.0388202,2,1.44537,0.041665,-2.07554,-37865.6
2.001,0.0388202,2,1.44537,0.041665,-2.07254,-38523.1
2.001,0.0388202,2,1.44537,0.041665,-2.06953,-41576.3
2.001,0.0388202,2,1.44537,0.041665,-2.06653,-34530
2.001,0.0388202,2,1.44537,0.041665,-2.06353,-42887.6
2.001,0.0388202,2,1.44537,0.041665,-2.06053,-35305.9
2.001,0.0388202,2,1.44537,0.041665,-2.05753,-34145.2
2.001,0.0388202,2,1.44537,0.041665,-2.05453,-34652
2.001,0.0388202,2,1.44537,0.041665,-2.05153,-35155.1
2.001,0.0388202,2,1.44537,0.041665,-2.04852,-35590.1
2.001,0.0388202,2,1.44537,0.041665,-2.04552,-36157.3
2.001,0.0388202,2,1.44537,0.041665,-2.04252,-34833.1
2.001,0.0388202,2,1.44537,0.041665,-2.03952,-37147.5
2.001,0.0388202,2,1.44537,0.041665,-2.03652,-36557.3
2.001,0.0388202,2,1.44537,0.041665,-2.03352,-38138.1
2.001,0.0388202,2,1.44537,0.041665,-2.03052,-38603.8
2.001,0.0388202,2,1.44537,0.041665,-2.02751,-39114.6
2.001,0.0388202,2,1.44537,0.041665,-2.02451,-34531.2
2.001,0.0388202,2,1.44537,0.041665,-2.02151,-34940.2
2.001,0.0388202,2,1.44537,0.041665,-2.01851,-40558.8
2.001,0.0388202,2,1.44537,0.041665,-2.01551,-35041.8
2.001,0.0388202,2,1.44537,0.041665,-2.01251,-41512.3
2.001,0.0388202,2,1.44537,0.041665,-2.0095,-36691.6
2.001,0.0388202,2,1.44537,0.041665,-2.0065,-36256.1
2.001,0.0388202,2,1.44537,0.041665,-2.0035,-36178.6
2.001,0.0388202,2,1.44537,0.041665,-2.0005,-35744.7
2.001,0.0388202,2,1.44537,0.041665,-1.9975,-43839.8
2.001,0.0388202,2,1.44537,0.041665,-1.9945,-38694.3
2.001,0.0388202,2,1.44537,0.041665,-1.9915,-34904.8
2.001,0.0388202,2,1.44537,0.041665,-1.98849,-35255.6
2.001,0.0388202,2,1.44537,0.041665,-1.98549,-35603.4
2.001,0.0388202,2,1.44537,0.041665,-1.98249,-40177.7
2.001,0.0388202,2,1.44537,0.041665,-1.97949,-40760.3
2.001,0.0388202,2,1.44537,0.041665,-1.97649,-40931.6
2.001,0.0388202,2,1.44537,0.041665,-1.97349,-41527
2.001,0.0388202,2,1.44537,0.041665,-1.97049,-37313.3
2.001,0.0388202,2,1.44537,0.041665,-1.96748,-42283.9
2.001,0.0388202,2,1.44537,0.041665,-1.96448,-42510.1
2.001,0.0388202,2,1.44537,0.041665,-1.96148,-35338.9
2.001,0.0388202,2,1.44537,0.041665,-1.95848,-35637.3
2.001,0.0388202,2,1.44537,0.041665,-1.95548,-35934.6
2.001,0.0388202,2,1.44537,0.041665,-1.95248,-36231
2.001,0.0388202,2,1.44537,0.041665,-1.94947,-36490.6
2.001,0.0388202,2,1.44537,0.041665,-1.94647,-44710.1
2.001,0.0388202,2,1.44537,0.041665,-1.94347,-38621
2.001,0.0388202,2,1.44537,0.041665,-1.94047,-35548.8
2.001,0.0388202,2,1.44537,0.041665,-1.93747,-35491.6
2.001,0.0388202,2,1.44537,0.041665,-1.93447,-35699.7
2.001,0.0388202,2,1.44537,0.041665,-1.93147,-43568.3
2.001,0.0388202,2,1.44537,0.041665,-1.92846,-36370.4
2.001,0.0388202,2,1.44537,0.041665,-1.92546,-38369.1
2.001,0.0388202,2,1.44537,0.041665,-1.92246,-38561.5
2.001,0.0388202,2,1.44537,0.041665,-1.91946,-36142.7
2.001,0.0388202,2,1.44537,0.041665,-1.91646,-39539.6
2.001,0.0388202,2,1.44537,0.041665,-1.91346,-39790
2.001,0.0388202,2,1.44537,0.041665,-1.91046,-35634.4
2.001,0.0388202,2,1.44537,0.041665,-1.90745,-39798.4
2.001,0.0388202,2,1.44537,0.041665,-1.90445,-35905.8
2.001,0.0388202,2,1.44537,0.041665,-1.90145,-37352.2
2.001,0.0388202,2,1.44537,0.041665,-1.89845,-40558.7
2.001,0.0388202,2,1.44537,0.041665,-1.89545,-41258.5
2.001,0.0388202,2,1.44537,0.041665,-1.89245,-41490.2
2.001,0.0388202,2,1.44537,0.041665,-1.88944,-37199
2.001,0.0388202,2,1.44537,0.041665,-1.88644,-35664.8
2.001,0.0388202,2,1.44537,0.041665,-1.88344,-39847.1
2.001,0.0388202,2,1.44537,0.041665,-1.88044,-42382
2.001,0.0388202,2,1.44537,0.041665,-1.87744,-42599.3
2.001,0.0388202,2,1.44537,0.041665,-1.87444,-37351.8
2.001,0.0388202,2,1.44537,0.041665,-1.87144,-42862.8
2.001,0.0388202,2,1.44537,0.041665,-1.86843,-43220.2
2.001,0.0388202,2,1.44537,0.041665,-1.86543,-43417.3
2.001,0.0388202,2,1.44537,0.041665,-1.86243,-43087.2
2.001,0.0388202,2,1.44537,0.041665,-1.85943,-38286.6
2.001,0.0388202,2,1.44537,0.041665,-1.85643,-35857.1
2.001,0.0388202,2,1.44537,0.041665,-1.85343,-36242.2
2.001,0.0388202,2,1.44537,0.041665,-1.85043,-36045.2
2.001,0.0388202,2,1.44537,0.041665,-1.84742,-44533.4
2.001,0.0388202,2,1.44537,0.041665,-1.84442,-36782.2
2.001,0.0388202,2,1.44537,0.041665,-1.84142,-44873.3
2.001,0.0388202,2,1.44537,0.041665,-1.83842,-45034.9
2.001,0.0388202,2,1.44537,0.041665,-1.83542,-36141.5
2.001,0.0388202,2,1.44537,0.041665,-1.83242,-42673.6
2.001,0.0388202,2,1.44537,0.041665,-1.82941,-45497.7
2.001,0.0388202,2,1.44537,0.041665,-1.82641,-35612.8
2.001,0.0388202,2,1.44537,0.041665,-1.82341,-35723.8
2.001,0.0388202,2,1.44537,0.041665,-1.82041,-35830.3
2.001,0.0388202,2,1.44537,0.041665,-1.81741,-35920
2.001,0.0388202,2,1.44537,0.041665,-1.81441,-37883.5
2.001,0.0388202,2,1.44537,0.041665,-1.81141,-36134.3
2.001,0.0388202,2,1.44537,0.041665,-1.8084,-37899.4
2.001,0.0388202,2,1.44537,0.041665,-1.8054,-36317.4
2.001,0.0388202,2,1.44537,0.041665,-1.8024,-38251.8
2.001,0.0388202,2,1.44537,0.041665,-1.7994,-36488.6
2.001,0.0388202,2,1.44537,0.041665,-1.7964,-44040.3
2.001,0.0388202,2,1.44537,0.041665,-1.7934,-36644.6
2.001,0.0388202,2,1.44537,0.041665,-1.7904,-36693.2
2.001,0.0388202,2,1.44537,0.041665,-1.78739,-36295.5
2.001,0.0388202,2,1.44537,0.041665,-1.78439,-36850.3
2.001,0.0388202,2,1.44537,0.041665,-1.78139,-37045
2.001,0.0388202,2,1.44537,0.041665,-1.77839,-39373.6
2.001,0.0388202,2,1.44537,0.041665,-1.77539,-37025
2.001,0.0388202,2,1.44537,0.041665,-1.77239,-44609.1
2.001,0.0388202,2,1.44537,0.041665,-1.76938,-37123.8
2.001,0.0388202,2,1.44537,0.041665,-1.76638,-37150.7
2.001,0.0388202,2,1.44537,0.041665,-1.76338,-36729.1
2.001,0.0388202,2,1.44537,0.041665,-1.76038,-44967.4
2.001,0.0388202,2,1.44537,0.041665,-1.75738,-36255.8
2.001,0.0388202,2,1.44537,0.041665,-1.75438,-37302.2
2.001,0.0388202,2,1.44537,0.041665,-1.75138,-37326.3
2.001,0.0388202,2,1.44537,0.041665,-1.74837,-37893.7
2.001,0.0388202,2,1.44537,0.041665,-1.74537,-37930.9
2.001,0.0388202,2,1.44537,0.041665,-1.74237,-37375.1
2.001,0.0388202,2,1.44537,0.041665,-1.73937,-39446
2.001,0.0388202,2,1.44537,0.041665,-1.73637,-39282.3
2.001,0.0388202,2,1.44537,0.041665,-1.73337,-37388.9
2.001,0.0388202,2,1.44537,0.041665,-1.73037,-38277.7
2.001,0.0388202,2,1.44537,0.041665,-1.72736,-37368.3
2.001,0.0388202,2,1.44537,0.041665,-1.72436,-39416.1
2.001,0.0388202,2,1.44537,0.041665,-1.72136,-45111.5
2.001,0.0388202,2,1.44537,0.041665,-1.71836,-39201
2.001,0.0388202,2,1.44537,0.041665,-1.71536,-35679.8
2.001,0.0388202,2,1.44537,0.041665,-1.71236,-37281.7
2.001,0.0388202,2,1.44537,0.041665,-1.70935,-37238.7
2.001,0.0388202,2,1.44537,0.041665,-1.70635,-37715.5
2.001,0.0388202,2,1.44537,0.041665,-1.70335,-36778.5
2.001,0.0388202,2,1.44537,0.041665,-1.70035,-37127.7
2.001,0.0388202,2,1.44537,0.041665,-1.69735,-37083
2.001,0.0388202,2,1.44537,0.041665,-1.69435,-37012.5
2.001,0.0388202,2,1.44537,0.041665,-1.69135,-39065
2.001,0.0388202,2,1.44537,0.041665,-1.68834,-36913.8
2.001,0.0388202,2,1.44537,0.041665,-1.68534,-36841.5
2.001,0.0388202,2,1.44537,0.041665,-1.68234,-38530
2.001,0.0388202,2,1.44537,0.041665,-1.67934,-38569.3
2.001,0.0388202,2,1.44537,0.041665,-1.67634,-36628.7
2.001,0.0388202,2,1.44537,0.041665,-1.67334,-36195.2
2.001,0.0388202,2,1.44537,0.041665,-1.67034,-36459.2
2.001,0.0388202,2,1.44537,0.041665,-1.66733,-36125.3
2.001,0.0388202,2,1.44537,0.041665,-1.66433,-38079.6
2.001,0.0388202,2,1.44537,0.041665,-1.66133,-36163.4
2.001,0.0388202,2,1.44537,0.041665,-1.65833,-36077.5
2.001,0.0388202,2,1.44537,0.041665,-1.65533,-38004.6
2.001,0.0388202,2,1.44537,0.041665,-1.65233,-35802.1
2.001,0.0388202,2,1.44537,0.041665,-1.64932,-37525.6
2.001,0.0388202,2,1.44537,0.041665,-1.64632,-35604.5
2.001,0.0388202,2,1.44537,0.041665,-1.64332,-35498.1
2.001,0.0388202,2,1.44537,0.041665,-1.64032,-35496.5
2.001,0.0388202,2,1.44537,0.041665,-1.63732,-36686.4
2.001,0.0388202,2,1.44537,0.041665,-1.63432,-44927.9
2.001,0.0388202,2,1.44537,0.041665,-1.63132,-44744.3
2.001,0.0388202,2,1.44537,0.041665,-1.62831,-44651
2.001,0.0388202,2,1.44537,0.041665,-1.62531,-36987.4
2.001,0.0388202,2,1.44537,0.041665,-1.62231,-44291
2.001,0.0388202,2,1.44537,0.041665,-1.61931,-44058.6
2.001,0.0388202,2,1.44537,0.041665,-1.61631,-43850.7
2.001,0.0388202,2,1.44537,0.041665,-1.61331,-43569.5
2.001,0.0388202,2,1.44537,0.041665,-1.61031,-35519.5
2.001,0.0388202,2,1.44537,0.041665,-1.6073,-42541.4
2.001,0.0388202,2,1.44537,0.041665,-1.6043,-35953.8
2.001,0.0388202,2,1.44537,0.041665,-1.6013,-42618.8
2.001,0.0388202,2,1.44537,0.041665,-1.5983,-42483.3
2.001,0.0388202,2,1.44537,0.041665,-1.5953,-36856.7
2.001,0.0388202,2,1.44537,0.041665,-1.5923,-36667.8
2.001,0.0388202,2,1.44537,0.041665,-1.58929,-41621.1
2.001,0.0388202,2,1.44537,0.041665,-1.58629,-41451.4
2.001,0.0388202,2,1.44537,0.041665,-1.58329,-41191.5
2.001,0.0388202,2,1.44537,0.041665,-1.58029,-36484.3
2.001,0.0388202,2,1.44537,0.041665,-1.57729,-40635.7
2.001,0.0388202,2,1.44537,0.041665,-1.57429,-35979
2.001,0.0388202,2,1.44537,0.041665,-1.57129,-40058.1
2.001,0.0388202,2,1.44537,0.041665,-1.56828,-39746.5
2.001,0.0388202,2,1.44537,0.041665,-1.56528,-37152.6
2.001,0.0388202,2,1.44537,0.041665,-1.56228,-38499
2.001,0.0388202,2,1.44537,0.041665,-1.55928,-44392.5
2.001,0.0388202,2,1.44537,0.041665,-1.55628,-44066.8
2.001,0.0388202,2,1.44537,0.041665,-1.55328,-37826.8
2.001,0.0388202,2,1.44537,0.041665,-1.55028,-43318.7
2.001,0.0388202,2,1.44537,0.041665,-1.54727,-42911.2
2.001,0.0388202,2,1.44537,0.041665,-1.54427,-42546.7
2.001,0.0388202,2,1.44537,0.041665,-1.54127,-37669
2.001,0.0388202,2,1.44537,0.041665,-1.53827,-41729.3
2.001,0.0388202,2,1.44537,0.041665,-1.53527,-41246.7
2.001,0.0388202,2,1.44537,0.041665,-1.53227,-35673
2.001,0.0388202,2,1.44537,0.041665,-1.52926,-35572.2
2.001,0.0388202,2,1.44537,0.041665,-1.52626,-35914.8
2.001,0.0388202,2,1.44537,0.041665,-1.52326,-39646.7
2.001,0.0388202,2,1.44537,0.041665,-1.52026,-38568
2.001,0.0388202,2,1.44537,0.041665,-1.51726,-38764.9
2.001,0.0388202,2,1.44537,0.041665,-1.51426,-36185
2.001,0.0388202,2,1.44537,0.041665,-1.51126,-37814.1
2.001,0.0388202,2,1.44537,0.041665,-1.50825,-37443.5
2.001,0.0388202,2,1.44537,0.041665,-1.50525,-36812.4
2.001,0.0388202,2,1.44537,0.041665,-1.50225,-38641.9
2.001,0.0388202,2,1.44537,0.041665,-1.49925,-35971
2.001,0.0388202,2,1.44537,0.041665,-1.49625,-35485.2
2.001,0.0388202,2,1.44537,0.041665,-1.49325,-42632.9
2.001,0.0388202,2,1.44537,0.041665,-1.49025,-35756.7
2.001,0.0388202,2,1.44537,0.041665,-1.48724,-36085.9
2.001,0.0388202,2,1.44537,0.041665,-1.48424,-37595.9
2.001,0.0388202,2,1.44537,0.041665,-1.48124,-37025.2
2.001,0.0388202,2,1.44537,0.041665,-1.47824,-34491.2
2.001,0.0388202,2,1.44537,0.041665,-1.47524,-42184.8
2.001,0.0388202,2,1.44537,0.041665,-1.47224,-38265.1
2.001,0.0388202,2,1.44537,0.041665,-1.46923,-41086.4
2.001,0.0388202,2,1.44537,0.041665,-1.46623,-39377.5
2.001,0.0388202,2,1.44537,0.041665,-1.46323,-35301
2.001,0.0388202,2,1.44537,0.041665,-1.46023,-35275.8
2.001,0.0388202,2,1.44537,0.041665,-1.45723,-33498.4
2.001,0.0388202,2,1.44537,0.041665,-1.45423,-38049.4
2.001,0.0388202,2,1.44537,0.041665,-1.45123,-36014.2
2.001,0.0388202,2,1.44537,0.041665,-1.44822,-36012.2
2.001,0.0388202,2,1.44537,0.041665,-1.44522,-33784.3
2.001,0.0388202,2,1.44537,0.041665,-1.44222,-35057.7
2.001,0.0388202,2,1.44537,0.041665,-1.43922,-33679.5
2.001,0.0388202,2,1.44537,0.041665,-1.43622,-33480.6
2.001,0.0388202,2,1.44537,0.041665,-1.43322,-34511.5
2.001,0.0388202,2,1.44537,0.041665,-1.43022,-34314.8
2.001,0.0388202,2,1.44537,0.041665,-1.42721,-36270.2
2.001,0.0388202,2,1.44537,0.041665,-1.42421,-33666.9
2.001,0.0388202,2,1.44537,0.041665,-1.42121,-32731.6
2.001,0.0388202,2,1.44537,0.041665,-1.41821,-33337.6
2.001,0.0388202,2,1.44537,0.041665,-1.41521,-36743.8
2.001,0.0388202,2,1.44537,0.041665,-1.41221,-38473.4
2.001,0.0388202,2,1.44537,0.041665,-1.4092,-33279.9
2.001,0.0388202,2,1.44537,0.041665,-1.4062,-34880.5
2.001,0.0388202,2,1.44537,0.041665,-1.4032,-35118.1
2.001,0.0388202,2,1.44537,0.041665,-1.4002,-33416.2
2.001,0.0388202,2,1.44537,0.041665,-1.3972,-33919.3
2.001,0.0388202,2,1.44537,0.041665,-1.3942,-34058.8
2.001,0.0388202,2,1.44537,0.041665,-1.3912,-35881.5
2.001,0.0388202,2,1.44537,0.041665,-1.38819,-34560.8
2.001,0.0388202,2,1.44537,0.041665,-1.38519,-31713.9
2.001,0.0388202,2,1.44537,0.041665,-1.38219,-39419.8
2.001,0.0388202,2,1.44537,0.041665,-1.37919,-35242.7
2.001,0.0388202,2,1.44537,0.041665,-1.37619,-31595.8
2.001,0.0388202,2,1.44537,0.041665,-1.37319,-31328.9
2.001,0.0388202,2,1.44537,0.041665,-1.37019,-31555.8
2.001,0.0388202,2,1.44537,0.041665,-1.36718,-33435.8
2.001,0.0388202,2,1.44537,0.041665,-1.36418,-31695.6
2.001,0.0388202,2,1.44537,0.041665,-1.36118,-37855
2.001,0.0388202,2,1.44537,0.041665,-1.35818,-32927.9
2.001,0.0388202,2,1.44537,0.041665,-1.35518,-37344.4
2.001,0.0388202,2,1.44537,0.041665,-1.35218,-34984.8
2.001,0.0388202,2,1.44537,0.041665,-1.34917,-32037.6
2.001,0.0388202,2,1.44537,0.041665,-1.34617,-36304.1
2.001,0.0388202,2,1.44537,0.041665,-1.34317,-29564.3
2.001,0.0388202,2,1.44537,0.041665,-1.34017,-30301.2
2.001,0.0388202,2,1.44537,0.041665,-1.33717,-28472.7
2.001,0.0388202,2,1.44537,0.041665,-1.33417,-32362
2.001,0.0388202,2,1.44537,0.041665,-1.33117,-29910.1
2.001,0.0388202,2,1.44537,0.041665,-1.32816,-25431.3
2.001,0.0388202,2,1.44537,0.041665,-1.32516,28243.2
2.001,0.0388202,2,1.44537,0.041665,-1.32216,33554.6
2.001,0.0388202,2,1.44537,0.041665,-1.31916,30554.8
2.001,0.0388202,2,1.44537,0.041665,-1.31616,30611.3
2.001,0.0388202,2,1.44537,0.041665,-1.31316,31525.9
2.001,0.0388202,2,1.44537,0.041665,-1.31016,30410.3
2.001,0.0388202,2,1.44537,0.041665,-1.30715,32272.1
2.001,0.0388202,2,1.44537,0.041665,-1.30415,31645
2.001,0.0388202,2,1.44537,0.041665,-1.30115,31977.2
2.001,0.0388202,2,1.44537,0.041665,-1.29815,32115.4
2.001,0.0388202,2,1.44537,0.041665,-1.29515,30542.5
2.001,0.0388202,2,1.44537,0.041665,-1.29215,33422.3
2.001,0.0388202,2,1.44537,0.041665,-1.28914,31354.7
2.001,0.0388202,2,1.44537,0.041665,-1.28614,32415.9
2.001,0.0388202,2,1.44537,0.041665,-1.28314,34005.4
2.001,0.0388202,2,1.44537,0.041665,-1.28014,32843.5
2.001,0.0388202,2,1.44537,0.041665,-1.27714,36190.3
2.001,0.0388202,2,1.44537,0.041665,-1.27414,32924.6
2.001,0.0388202,2,1.44537,0.041665,-1.27114,34050.2
2.001,0.0388202,2,1.44537,0.041665,-1.26813,37189.2
2.001,0.0388202,2,1.44537,0.041665,-1.26513,32835.3
2.001,0.0388202,2,1.44537,0.041665,-1.26213,34466.9
2.001,0.0388202,2,1.44537,0.041665,-1.25913,32886
2.001,0.0388202,2,1.44537,0.041665,-1.25613,38186.7
2.001,0.0388202,2,1.44537,0.041665,-1.25313,38418.5
2.001,0.0388202,2,1.44537,0.041665,-1.25013,33541.2
2.001,0.0388202,2,1.44537,0.041665,-1.24712,36909.9
2.001,0.0388202,2,1.44537,0.041665,-1.24412,39970.7
2.001,0.0388202,2,1.44537,0.041665,-1.24112,41490.5
2.001,0.0388202,2,1.44537,0.041665,-1.23812,33616.2
2.001,0.0388202,2,1.44537,0.041665,-1.23512,35269.2
2.001,0.0388202,2,1.44537,0.041665,-1.23212,39612.7
2.001,0.0388202,2,1.44537,0.041665,-1.22911,33679.9
2.001,0.0388202,2,1.44537,0.041665,-1.22611,34964.3
2.001,0.0388202,2,1.44537,0.041665,-1.22311,34288
2.001,0.0388202,2,1.44537,0.041665,-1.22011,35036
2.001,0.0388202,2,1.44537,0.041665,-1.21711,37861.1
2.001,0.0388202,2,1.44537,0.041665,-1.21411,39199.3
2.001,0.0388202,2,1.44537,0.041665,-1.21111,35368.1
2.001,0.0388202,2,1.44537,0.041665,-1.2081,38179.5
2.001,0.0388202,2,1.44537,0.041665,-1.2051,35878.5
2.001,0.0388202,2,1.44537,0.041665,-1.2021,43169.6
2.001,0.0388202,2,1.44537,0.041665,-1.1991,34292
2.001,0.0388202,2,1.44537,0.041665,-1.1961,42128.4
2.001,0.0388202,2,1.44537,0.041665,-1.1931,37340
2.001,0.0388202,2,1.44537,0.041665,-1.1901,36088.6
2.001,0.0388202,2,1.44537,0.041665,-1.18709,36886.5
2.001,0.0388202,2,1.44537,0.041665,-1.18409,36768.8
2.001,0.0388202,2,1.44537,0.041665,-1.18109,38441.1
2.001,0.0388202,2,1.44537,0.041665,-1.17809,41537.7
2.001,0.0388202,2,1.44537,0.041665,-1.17509,40061.4
2.001,0.0388202,2,1.44537,0.041665,-1.17209,35893.3
2.001,0.0388202,2,1.44537,0.041665,-1.16908,41641.1
2.001,0.0388202,2,1.44537,0.041665,-1.16608,35132.5
2.001,0.0388202,2,1.44537,0.041665,-1.16308,36995.1
2.001,0.0388202,2,1.44537,0.041665,-1.16008,43996.9
2.001,0.0388202,2,1.44537,0.041665,-1.15708,34879.9
2.001,0.0388202,2,1.44537,0.041665,-1.15408,35486.7
2.001,0.0388202,2,1.44537,0.041665,-1.15108,40475.8
2.001,0.0388202,2,1.44537,0.041665,-1.14807,41070.3
2.001,0.0388202,2,1.44537,0.041665,-1.14507,37302.1
2.001,0.0388202,2,1.44537,0.041665,-1.14207,34947.7
2.001,0.0388202,2,1.44537,0.041665,-1.13907,34914.8
2.001,0.0388202,2,1.44537,0.041665,-1.13607,43734.5
2.001,0.0388202,2,1.44537,0.041665,-1.13307,36174.6
2.001,0.0388202,2,1.44537,0.041665,-1.13007,35148.7
2.001,0.0388202,2,1.44537,0.041665,-1.12706,35420.9
2.001,0.0388202,2,1.44537,0.041665,-1.12406,43640.9
2.001,0.0388202,2,1.44537,0.041665,-1.12106,38750.7
2.001,0.0388202,2,1.44537,0.041665,-1.11806,39283.7
2.001,0.0388202,2,1.44537,0.041665,-1.11506,35431.5
2.001,0.0388202,2,1.44537,0.041665,-1.11206,40349.4
2.001,0.0388202,2,1.44537,0.041665,-1.10905,40874.2
2.001,0.0388202,2,1.44537,0.041665,-1.10605,41327
2.001,0.0388202,2,1.44537,0.041665,-1.10305,41918
2.001,0.0388202,2,1.44537,0.041665,-1.10005,37012.5
2.001,0.0388202,2,1.44537,0.041665,-1.09705,42951.8
2.001,0.0388202,2,1.44537,0.041665,-1.09405,43461.1
2.001,0.0388202,2,1.44537,0.041665,-1.09105,35865
2.001,0.0388202,2,1.44537,0.041665,-1.08804,44477.9
2.001,0.0388202,2,1.44537,0.041665,-1.08504,44980.1
2.001,0.0388202,2,1.44537,0.041665,-1.08204,37826.4
2.001,0.0388202,2,1.44537,0.041665,-1.07904,35828.2
2.001,0.0388202,2,1.44537,0.041665,-1.07604,35594.3
2.001,0.0388202,2,1.44537,0.041665,-1.07304,36593.5
2.001,0.0388202,2,1.44537,0.041665,-1.07004,36888
2.001,0.0388202,2,1.44537,0.041665,-1.06703,45112.6
2.001,0.0388202,2,1.44537,0.041665,-1.06403,37192.7
2.001,0.0388202,2,1.44537,0.041665,-1.06103,38083.8
2.001,0.0388202,2,1.44537,0.041665,-1.05803,38448.9
2.001,0.0388202,2,1.44537,0.041665,-1.05503,35738.6
2.001,0.0388202,2,1.44537,0.041665,-1.05203,38807.1
2.001,0.0388202,2,1.44537,0.041665,-1.04902,36394.1
2.001,0.0388202,2,1.44537,0.041665,-1.04602,40245.8
2.001,0.0388202,2,1.44537,0.041665,-1.04302,38540.3
2.001,0.0388202,2,1.44537,0.041665,-1.04002,37352.6
2.001,0.0388202,2,1.44537,0.041665,-1.03702,39408.8
2.001,0.0388202,2,1.44537,0.041665,-1.03402,37941.1
2.001,0.0388202,2,1.44537,0.041665,-1.03102,38437.5
2.001,0.0388202,2,1.44537,0.041665,-1.02801,41553.6
2.001,0.0388202,2,1.44537,0.041665,-1.02501,44398.8
2.001,0.0388202,2,1.44537,0.041665,-1.02201,39187.5
2.001,0.0388202,2,1.44537,0.041665,-1.01901,39482
2.001,0.0388202,2,1.44537,0.041665,-1.01601,36333.8
2.001,0.0388202,2,1.44537,0.041665,-1.01301,45755.7
2.001,0.0388202,2,1.44537,0.041665,-1.01001,36141
2.001,0.0388202,2,1.44537,0.041665,-1.007,38412.4
2.001,0.0388202,2,1.44537,0.041665,-1.004,36588
2.001,0.0388202,2,1.44537,0.041665,-1.001,36872.1
2.001,0.0388202,2,1.44537,0.041665,-0.997999,37676.7
2.001,0.0388202,2,1.44537,0.041665,-0.994997,37357.7
2.001,0.0388202,2,1.44537,0.041665,-0.991996,37739.8
2.001,0.0388202,2,1.44537,0.041665,-0.988994,37815.3
2.001,0.0388202,2,1.44537,0.041665,-0.985993,38024.4
2.001,0.0388202,2,1.44537,0.041665,-0.982991,37180.4
2.001,0.0388202,2,1.44537,0.041665,-0.97999,40219.9
2.001,0.0388202,2,1.44537,0.041665,-0.976988,38675.4
2.001,0.0388202,2,1.44537,0.041665,-0.973987,40663.2
2.001,0.0388202,2,1.44537,0.041665,-0.970985,39080.4
2.001,0.0388202,2,1.44537,0.041665,-0.967984,37074.9
2.001,0.0388202,2,1.44537,0.041665,-0.964982,42603.6
2.001,0.0388202,2,1.44537,0.041665,-0.961981,36550.4
2.001,0.0388202,2,1.44537,0.041665,-0.958979,36722.1
2.001,0.0388202,2,1.44537,0.041665,-0.955978,36889.9
2.001,0.0388202,2,1.44537,0.041665,-0.952976,44548.4
2.001,0.0388202,2,1.44537,0.041665,-0.949975,39220.2
2.001,0.0388202,2,1.44537,0.041665,-0.946973,40205.5
2.001,0.0388202,2,1.44537,0.041665,-0.943972,37521.4
2.001,0.0388202,2,1.44537,0.041665,-0.94097,40529.2
2.001,0.0388202,2,1.44537,0.041665,-0.937969,38581.5
2.001,0.0388202,2,1.44537,0.041665,-0.934967,42759.3
2.001,0.0388202,2,1.44537,0.041665,-0.931966,38088.2
2.001,0.0388202,2,1.44537,0.041665,-0.928964,44045.7
2.001,0.0388202,2,1.44537,0.041665,-0.925963,39142
2.001,0.0388202,2,1.44537,0.041665,-0.922961,37489.6
2.001,0.0388202,2,1.44537,0.041665,-0.91996,41849.3
2.001,0.0388202,2,1.44537,0.041665,-0.916958,38703.1
2.001,0.0388202,2,1.44537,0.041665,-0.913957,44147.5
2.001,0.0388202,2,1.44537,0.041665,-0.910955,38918.3
2.001,0.0388202,2,1.44537,0.041665,-0.907954,43816.5
2.001,0.0388202,2,1.44537,0.041665,-0.904952,39113.5
2.001,0.0388202,2,1.44537,0.041665,-0.901951,39205.8
2.001,0.0388202,2,1.44537,0.041665,-0.898949,39286.8
2.001,0.0388202,2,1.44537,0.041665,-0.895948,39369.6
2.001,0.0388202,2,1.44537,0.041665,-0.892946,39444.8
2.001,0.0388202,2,1.44537,0.041665,-0.889945,38357.7
2.001,0.0388202,2,1.44537,0.041665,-0.886943,39585.1
2.001,0.0388202,2,1.44537,0.041665,-0.883942,45017.2
2.001,0.0388202,2,1.44537,0.041665,-0.88094,37097.3
2.001,0.0388202,2,1.44537,0.041665,-0.877939,37349.5
2.001,0.0388202,2,1.44537,0.041665,-0.874937,39812.5
2.001,0.0388202,2,1.44537,0.041665,-0.871936,36768.5
2.001,0.0388202,2,1.44537,0.041665,-0.868934,39887.9
2.001,0.0388202,2,1.44537,0.041665,-0.865933,39918.5
2.001,0.0388202,2,1.44537,0.041665,-0.862931,39946.3
2.001,0.0388202,2,1.44537,0.041665,-0.85993,39969.3
2.001,0.0388202,2,1.44537,0.041665,-0.856928,36524.1
2.001,0.0388202,2,1.44537,0.041665,-0.853927,40017.9
2.001,0.0388202,2,1.44537,0.041665,-0.850925,37697.9
2.001,0.0388202,2,1.44537,0.041665,-0.847924,36596.1
2.001,0.0388202,2,1.44537,0.041665,-0.844922,38003.6
2.001,0.0388202,2,1.44537,0.041665,-0.841921,37870.6
2.001,0.0388202,2,1.44537,0.041665,-0.838919,45668.6
2.001,0.0388202,2,1.44537,0.041665,-0.835918,39968
2.001,0.0388202,2,1.44537,0.041665,-0.832916,45549.5
2.001,0.0388202,2,1.44537,0.041665,-0.829915,36504.2
2.001,0.0388202,2,1.44537,0.041665,-0.826913,39877.6
2.001,0.0388202,2,1.44537,0.041665,-0.823912,38597.6
2.001,0.0388202,2,1.44537,0.041665,-0.82091,38373.6
2.001,0.0388202,2,1.44537,0.041665,-0.817909,37324.9
2.001,0.0388202,2,1.44537,0.041665,-0.814907,36853.4
2.001,0.0388202,2,1.44537,0.041665,-0.811906,39624.9
2.001,0.0388202,2,1.44537,0.041665,-0.808904,39539.3
2.001,0.0388202,2,1.44537,0.041665,-0.805903,42835
2.001,0.0388202,2,1.44537,0.041665,-0.802901,39406.9
2.001,0.0388202,2,1.44537,0.041665,-0.7999,39321
2.001,0.0388202,2,1.44537,0.041665,-0.796898,44960
2.001,0.0388202,2,1.44537,0.041665,-0.793897,39135.7
2.001,0.0388202,2,1.44537,0.041665,-0.790895,39033.7
2.001,0.0388202,2,1.44537,0.041665,-0.787894,38930.2
2.001,0.0388202,2,1.44537,0.041665,-0.784892,38835.8
2.001,0.0388202,2,1.44537,0.041665,-0.781891,38697.5
2.001,0.0388202,2,1.44537,0.041665,-0.778889,36419.2
2.001,0.0388202,2,1.44537,0.041665,-0.775888,38451.8
2.001,0.0388202,2,1.44537,0.041665,-0.772886,43875.5
2.001,0.0388202,2,1.44537,0.041665,-0.769885,36747.9
2.001,0.0388202,2,1.44537,0.041665,-0.766883,38023.6
2.001,0.0388202,2,1.44537,0.041665,-0.763882,37871.2
2.001,0.0388202,2,1.44537,0.041665,-0.76088,37692.8
2.001,0.0388202,2,1.44537,0.041665,-0.757879,37551.3
2.001,0.0388202,2,1.44537,0.041665,-0.754877,37381.6
2.001,0.0388202,2,1.44537,0.041665,-0.751876,38725.8
2.001,0.0388202,2,1.44537,0.041665,-0.748874,42398.5
2.001,0.0388202,2,1.44537,0.041665,-0.745873,36840.2
2.001,0.0388202,2,1.44537,0.041665,-0.742871,36646.6
2.001,0.0388202,2,1.44537,0.041665,-0.73987,36406.4
2.001,0.0388202,2,1.44537,0.041665,-0.736868,37691.4
2.001,0.0388202,2,1.44537,0.041665,-0.733867,40730.3
2.001,0.0388202,2,1.44537,0.041665,-0.730865,38544
2.001,0.0388202,2,1.44537,0.041665,-0.727864,38631
2.001,0.0388202,2,1.44537,0.041665,-0.724862,37450.5
2.001,0.0388202,2,1.44537,0.041665,-0.721861,38950.9
2.001,0.0388202,2,1.44537,0.041665,-0.718859,37894.9
2.001,0.0388202,2,1.44537,0.041665,-0.715858,37627.4
2.001,0.0388202,2,1.44537,0.041665,-0.712856,39244.7
2.001,0.0388202,2,1.44537,0.041665,-0.709855,38865.4
2.001,0.0388202,2,1.44537,0.041665,-0.706853,36798.9
2.001,0.0388202,2,1.44537,0.041665,-0.703852,36503.5
2.001,0.0388202,2,1.44537,0.041665,-0.70085,36085.4
2.001,0.0388202,2,1.44537,0.041665,-0.697849,35908.3
2.001,0.0388202,2,1.44537,0.041665,-0.694847,39817.3
2.001,0.0388202,2,1.44537,0.041665,-0.691846,39429.8
2.001,0.0388202,2,1.44537,0.041665,-0.688844,36399.7
2.001,0.0388202,2,1.44537,0.041665,-0.685843,38704
2.001,0.0388202,2,1.44537,0.041665,-0.682841,38329.4
2.001,0.0388202,2,1.44537,0.041665,-0.67984,37949.3
2.001,0.0388202,2,1.44537,0.041665,-0.676838,36343.5
2.001,0.0388202,2,1.44537,0.041665,-0.673837,37149.8
2.001,0.0388202,2,1.44537,0.041665,-0.670835,36767.4
2.001,0.0388202,2,1.44537,0.041665,-0.667834,36354.7
2.001,0.0388202,2,1.44537,0.041665,-0.664832,35943.7
2.001,0.0388202,2,1.44537,0.041665,-0.661831,35521.9
2.001,0.0388202,2,1.44537,0.041665,-0.658829,39046.6
2.001,0.0388202,2,1.44537,0.041665,-0.655828,37795
2.001,0.0388202,2,1.44537,0.041665,-0.652826,37304.5
2.001,0.0388202,2,1.44537,0.041665,-0.649825,36383.2
2.001,0.0388202,2,1.44537,0.041665,-0.646823,36206.6
2.001,0.0388202,2,1.44537,0.041665,-0.643822,37108
2.001,0.0388202,2,1.44537,0.041665,-0.64082,44873.3
2.001,0.0388202,2,1.44537,0.041665,-0.637819,35085.9
2.001,0.0388202,2,1.44537,0.041665,-0.634817,43687.2
2.001,0.0388202,2,1.44537,0.041665,-0.631816,43162.7
2.001,0.0388202,2,1.44537,0.041665,-0.628814,34925.7
2.001,0.0388202,2,1.44537,0.041665,-0.625813,41786
2.001,0.0388202,2,1.44537,0.041665,-0.622811,41074
2.001,0.0388202,2,1.44537,0.041665,-0.61981,35197.8
2.001,0.0388202,2,1.44537,0.041665,-0.616808,39557.1
2.001,0.0388202,2,1.44537,0.041665,-0.613807,38759.7
2.001,0.0388202,2,1.44537,0.041665,-0.610805,43560.6
2.001,0.0388202,2,1.44537,0.041665,-0.607804,36905.8
2.001,0.0388202,2,1.44537,0.041665,-0.604802,36462.9
2.001,0.0388202,2,1.44537,0.041665,-0.601801,43748.7
2.001,0.0388202,2,1.44537,0.041665,-0.598799,35127.8
2.001,0.0388202,2,1.44537,0.041665,-0.595798,41471.2
2.001,0.0388202,2,1.44537,0.041665,-0.592796,38304.8
2.001,0.0388202,2,1.44537,0.041665,-0.589795,34334.7
2.001,0.0388202,2,1.44537,0.041665,-0.586793,34625.6
2.001,0.0388202,2,1.44537,0.041665,-0.583792,35504.6
2.001,0.0388202,2,1.44537,0.041665,-0.58079,42195.1
2.001,0.0388202,2,1.44537,0.041665,-0.577789,35958.9
2.001,0.0388202,2,1.44537,0.041665,-0.574787,35674.4
2.001,0.0388202,2,1.44537,0.041665,-0.571786,38645.1
2.001,0.0388202,2,1.44537,0.041665,-0.568784,41594.6
2.001,0.0388202,2,1.44537,0.041665,-0.565783,40253.7
2.001,0.0388202,2,1.44537,0.041665,-0.562781,36338.5
2.001,0.0388202,2,1.44537,0.041665,-0.55978,41353.7
2.001,0.0388202,2,1.44537,0.041665,-0.556778,35499
2.001,0.0388202,2,1.44537,0.041665,-0.553777,35001.6
2.001,0.0388202,2,1.44537,0.041665,-0.550775,35148.1
2.001,0.0388202,2,1.44537,0.041665,-0.547774,41485.9
2.001,0.0388202,2,1.44537,0.041665,-0.544772,35914.2
2.001,0.0388202,2,1.44537,0.041665,-0.541771,33987.4
2.001,0.0388202,2,1.44537,0.041665,-0.538769,33792.3
2.001,0.0388202,2,1.44537,0.041665,-0.535768,35674.9
2.001,0.0388202,2,1.44537,0.041665,-0.532766,35654.6
2.001,0.0388202,2,1.44537,0.041665,-0.529765,33901.9
2.001,0.0388202,2,1.44537,0.041665,-0.526763,33073.3
2.001,0.0388202,2,1.44537,0.041665,-0.523762,33011.9
2.001,0.0388202,2,1.44537,0.041665,-0.52076,33018.1
2.001,0.0388202,2,1.44537,0.041665,-0.517759,38010.4
2.001,0.0388202,2,1.44537,0.041665,-0.514757,31150.5
2.001,0.0388202,2,1.44537,0.041665,-0.511756,31868.1
2.001,0.0388202,2,1.44537,0.041665,-0.508754,34777.5
2.001,0.0388202,2,1.44537,0.041665,-0.505753,33833.3
2.001,0.0388202,2,1.44537,0.041665,-0.502751,31658.8
2.001,0.0388202,2,1.44537,0.041665,-0.49975,30659.9
2.001,0.0388202,2,1.44537,0.041665,-0.496748,32853.7
2.001,0.0388202,2,1.44537,0.041665,-0.493747,30862.3
2.001,0.0388202,2,1.44537,0.041665,-0.490745,34850.3
2.001,0.0388202,2,1.44537,0.041665,-0.487744,28697.5
2.001,0.0388202,2,1.44537,0.041665,-0.484742,-27436
2.001,0.0388202,2,1.44537,0.041665,-0.481741,-28849.8
2.001,0.0388202,2,1.44537,0.041665,-0.478739,-35175
2.001,0.0388202,2,1.44537,0.041665,-0.475738,-29131.5
2.001,0.0388202,2,1.44537,0.041665,-0.472736,-29930.8
2.001,0.0388202,2,1.44537,0.041665,-0.469735,-30608.2
2.001,0.0388202,2,1.44537,0.041665,-0.466733,-36276.4
2.001,0.0388202,2,1.44537,0.041665,-0.463732,-33442.8
2.001,0.0388202,2,1.44537,0.041665,-0.46073,-38553.4
2.001,0.0388202,2,1.44537,0.041665,-0.457729,-32104.3
2.001,0.0388202,2,1.44537,0.041665,-0.454727,-36172.8
2.001,0.0388202,2,1.44537,0.041665,-0.451726,-33557.7
2.001,0.0388202,2,1.44537,0.041665,-0.448724,-35279.1
2.001,0.0388202,2,1.44537,0.041665,-0.445723,-32621.4
2.001,0.0388202,2,1.44537,0.041665,-0.442721,-36073.1
2.001,0.0388202,2,1.44537,0.041665,-0.43972,-33465.6
2.001,0.0388202,2,1.44537,0.041665,-0.436718,-33680.7
2.001,0.0388202,2,1.44537,0.041665,-0.433717,-35798.5
2.001,0.0388202,2,1.44537,0.041665,-0.430715,-34588.5
2.001,0.0388202,2,1.44537,0.041665,-0.427714,-33209.5
2.001,0.0388202,2,1.44537,0.041665,-0.424712,-34975.3
2.001,0.0388202,2,1.44537,0.041665,-0.421711,-36760.8
2.001,0.0388202,2,1.44537,0.041665,-0.418709,-34231.7
2.001,0.0388202,2,1.44537,0.041665,-0.415708,-35421.3
2.001,0.0388202,2,1.44537,0.041665,-0.412706,-34662.1
2.001,0.0388202,2,1.44537,0.041665,-0.409705,-36021
2.001,0.0388202,2,1.44537,0.041665,-0.406703,-42720.6
2.001,0.0388202,2,1.44537,0.041665,-0.403702,-36949.4
2.001,0.0388202,2,1.44537,0.041665,-0.4007,-35705.1
2.001,0.0388202,2,1.44537,0.041665,-0.397699,-39740.8
2.001,0.0388202,2,1.44537,0.041665,-0.394697,-35208
2.001,0.0388202,2,1.44537,0.041665,-0.391696,-42371.4
2.001,0.0388202,2,1.44537,0.041665,-0.388694,-43091.7
2.001,0.0388202,2,1.44537,0.041665,-0.385693,-36517.4
2.001,0.0388202,2,1.44537,0.041665,-0.382691,-43579
2.001,0.0388202,2,1.44537,0.041665,-0.37969,-37212.3
2.001,0.0388202,2,1.44537,0.041665,-0.376688,-37506.7
2.001,0.0388202,2,1.44537,0.041665,-0.373687,-36969.2
2.001,0.0388202,2,1.44537,0.041665,-0.370685,-42226.5
2.001,0.0388202,2,1.44537,0.041665,-0.367684,-35900.4
2.001,0.0388202,2,1.44537,0.041665,-0.364682,-35583.6
2.001,0.0388202,2,1.44537,0.041665,-0.361681,-37353.3
2.001,0.0388202,2,1.44537,0.041665,-0.358679,-38608.4
2.001,0.0388202,2,1.44537,0.041665,-0.355678,-39724.8
2.001,0.0388202,2,1.44537,0.041665,-0.352676,-40615.2
2.001,0.0388202,2,1.44537,0.041665,-0.349675,-41542.5
2.001,0.0388202,2,1.44537,0.041665,-0.346673,-42469.6
2.001,0.0388202,2,1.44537,0.041665,-0.343672,-43397.4
2.001,0.0388202,2,1.44537,0.041665,-0.34067,-44328.5
2.001,0.0388202,2,1.44537,0.041665,-0.337669,-37148.1
2.001,0.0388202,2,1.44537,0.041665,-0.334667,-37863.9
2.001,0.0388202,2,1.44537,0.041665,-0.331666,-36647.7
2.001,0.0388202,2,1.44537,0.041665,-0.328664,-36169.3
2.001,0.0388202,2,1.44537,0.041665,-0.325663,-38065.2
2.001,0.0388202,2,1.44537,0.041665,-0.322661,-38735.2
2.001,0.0388202,2,1.44537,0.041665,-0.31966,-36297.2
2.001,0.0388202,2,1.44537,0.041665,-0.316658,-40392.7
2.001,0.0388202,2,1.44537,0.041665,-0.313657,-42588.3
2.001,0.0388202,2,1.44537,0.041665,-0.310655,-38255.9
2.001,0.0388202,2,1.44537,0.041665,-0.307654,-44543
2.001,0.0388202,2,1.44537,0.041665,-0.304652,-37952
2.001,0.0388202,2,1.44537,0.041665,-0.301651,-45891
2.001,0.0388202,2,1.44537,0.041665,-0.298649,-36568.9
2.001,0.0388202,2,1.44537,0.041665,-0.295648,-39184.6
2.001,0.0388202,2,1.44537,0.041665,-0.292646,-37637.4
2.001,0.0388202,2,1.44537,0.041665,-0.289645,-39265.4
2.001,0.0388202,2,1.44537,0.041665,-0.286643,-39370
2.001,0.0388202,2,1.44537,0.041665,-0.283642,-40877.9
2.001,0.0388202,2,1.44537,0.041665,-0.28064,-41821
2.001,0.0388202,2,1.44537,0.041665,-0.277639,-40120.1
2.001,0.0388202,2,1.44537,0.041665,-0.274637,-39571.4
2.001,0.0388202,2,1.44537,0.041665,-0.271636,-39916.5
2.001,0.0388202,2,1.44537,0.041665,-0.268634,-37711.5
2.001,0.0388202,2,1.44537,0.041665,-0.265633,-36450.5
2.001,0.0388202,2,1.44537,0.041665,-0.262631,-38175.2
2.001,0.0388202,2,1.44537,0.041665,-0.25963,-37337.9
2.001,0.0388202,2,1.44537,0.041665,-0.256628,-36636.2
2.001,0.0388202,2,1.44537,0.041665,-0.253627,-38082.2
2.001,0.0388202,2,1.44537,0.041665,-0.250625,-39260.9
2.001,0.0388202,2,1.44537,0.041665,-0.247624,-37774.3
2.001,0.0388202,2,1.44537,0.041665,-0.244622,-38234.7
2.001,0.0388202,2,1.44537,0.041665,-0.241621,-40549.6
2.001,0.0388202,2,1.44537,0.041665,-0.238619,-38961.5
2.001,0.0388202,2,1.44537,0.041665,-0.235618,-37366.2
2.001,0.0388202,2,1.44537,0.041665,-0.232616,-38751.2
2.001,0.0388202,2,1.44537,0.041665,-0.229615,-38307.1
2.001,0.0388202,2,1.44537,0.041665,-0.226613,-42831
2.001,0.0388202,2,1.44537,0.041665,-0.223612,-39900.5
2.001,0.0388202,2,1.44537,0.041665,-0.22061,-41597
2.001,0.0388202,2,1.44537,0.041665,-0.217609,-43499.6
2.001,0.0388202,2,1.44537,0.041665,-0.214607,-38742.2
2.001,0.0388202,2,1.44537,0.041665,-0.211606,-43777.7
2.001,0.0388202,2,1.44537,0.041665,-0.208604,-39477
2.001,0.0388202,2,1.44537,0.041665,-0.205603,-37604
2.001,0.0388202,2,1.44537,0.041665,-0.202601,-38264.1
2.001,0.0388202,2,1.44537,0.041665,-0.1996,-38025.5
2.001,0.0388202,2,1.44537,0.041665,-0.196598,-38332.2
2.001,0.0388202,2,1.44537,0.041665,-0.193597,-37628.4
2.001,0.0388202,2,1.44537,0.041665,-0.190595,-38876.2
2.001,0.0388202,2,1.44537,0.041665,-0.187594,-39961.9
2.001,0.0388202,2,1.44537,0.041665,-0.184592,-40527.5
2.001,0.0388202,2,1.44537,0.041665,-0.181591,-37887.9
2.001,0.0388202,2,1.44537,0.041665,-0.178589,-38137
2.001,0.0388202,2,1.44537,0.041665,-0.175588,-38392
2.001,0.0388202,2,1.44537,0.041665,-0.172586,-38447.3
2.001,0.0388202,2,1.44537,0.041665,-0.169585,-38345.3
2.001,0.0388202,2,1.44537,0.041665,-0.166583,-41192.9
2.001,0.0388202,2,1.44537,0.041665,-0.163582,-39028.8
2.001,0.0388202,2,1.44537,0.041665,-0.16058,-38924.1
2.001,0.0388202,2,1.44537,0.041665,-0.157579,-38105.1
2.001,0.0388202,2,1.44537,0.041665,-0.154577,-38979
2.001,0.0388202,2,1.44537,0.041665,-0.151576,-40276
2.001,0.0388202,2,1.44537,0.041665,-0.148574,-40276.3
2.001,0.0388202,2,1.44537,0.041665,-0.145573,-40196.1
2.001,0.0388202,2,1.44537,0.041665,-0.142571,-37356
2.001,0.0388202,2,1.44537,0.041665,-0.13957,-41907.6
2.001,0.0388202,2,1.44537,0.041665,-0.136568,-40018.6
2.001,0.0388202,2,1.44537,0.041665,-0.133567,-43410.5
2.001,0.0388202,2,1.44537,0.041665,-0.130565,-38637.2
2.001,0.0388202,2,1.44537,0.041665,-0.127564,-38052.2
2.001,0.0388202,2,1.44537,0.041665,-0.124562,-40036.9
2.001,0.0388202,2,1.44537,0.041665,-0.121561,-43971.3
2.001,0.0388202,2,1.44537,0.041665,-0.118559,-43666.6
2.001,0.0388202,2,1.44537,0.041665,-0.115558,-40560.8
2.001,0.0388202,2,1.44537,0.041665,-0.112556,-38991.9
2.001,0.0388202,2,1.44537,0.041665,-0.109555,-37790.3
2.001,0.0388202,2,1.44537,0.041665,-0.106553,-44089.2
2.001,0.0388202,2,1.44537,0.041665,-0.103552,-44609
2.001,0.0388202,2,1.44537,0.041665,-0.10055,-37750.7
2.001,0.0388202,2,1.44537,0.041665,-0.0975488,-44512.3
2.001,0.0388202,2,1.44537,0.041665,-0.0945473,-44542.9
2.001,0.0388202,2,1.44537,0.041665,-0.0915458,-37946.6
2.001,0.0388202,2,1.44537,0.041665,-0.0885443,-44617.1
2.001,0.0388202,2,1.44537,0.041665,-0.0855428,-39739
2.001,0.0388202,2,1.44537,0.041665,-0.0825413,-37947.9
2.001,0.0388202,2,1.44537,0.041665,-0.0795398,-45498.8
2.001,0.0388202,2,1.44537,0.041665,-0.0765383,-39726.6
2.001,0.0388202,2,1.44537,0.041665,-0.0735368,-37992.7
2.001,0.0388202,2,1.44537,0.041665,-0.0705353,-42938
2.001,0.0388202,2,1.44537,0.041665,-0.0675338,-37811.3
2.001,0.0388202,2,1.44537,0.041665,-0.0645323,-37884.9
2.001,0.0388202,2,1.44537,0.041665,-0.0615308,-39905.1
2.001,0.0388202,2,1.44537,0.041665,-0.0585293,-45441.4
2.001,0.0388202,2,1.44537,0.041665,-0.0555278,-40734.3
2.001,0.0388202,2,1.44537,0.041665,-0.0525263,-39850.2
2.001,0.0388202,2,1.44537,0.041665,-0.0495248,-38758.6
2.001,0.0388202,2,1.44537,0.041665,-0.0465233,-39757.5
2.001,0.0388202,2,1.44537,0.041665,-0.0435218,-39699.8
2.001,0.0388202,2,1.44537,0.041665,-0.0405203,-39764.5
2.001,0.0388202,2,1.44537,0.041665,-0.0375188,-38991.3
2.001,0.0388202,2,1.44537,0.041665,-0.0345173,-37603.2
2.001,0.0388202,2,1.44537,0.041665,-0.0315158,-45098.3
2.001,0.0388202,2,1.44537,0.041665,-0.0285143,-45042.1
2.001,0.0388202,2,1.44537,0.041665,-0.0255128,-39450.1
2.001,0.0388202,2,1.44537,0.041665,-0.0225113,-39402.5
2.001,0.0388202,2,1.44537,0.041665,-0.0195098,-39207.2
2.001,0.0388202,2,1.44537,0.041665,-0.0165083,-39180.3
2.001,0.0388202,2,1.44537,0.041665,-0.0135068,-44147.4
2.001,0.0388202,2,1.44537,0.041665,-0.0105053,-38836.7
2.001,0.0388202,2,1.44537,0.041665,-0.00750375,-39801.3
2.001,0.0388202,2,1.44537,0.041665,-0.00450225,-41003
2.001,0.0388202,2,1.44537,0.041665,-0.00150075,-40856.6
2.001,0.0388202,2,1.44537,0.041665,0.00150075,-43639.1
2.001,0.0388202,2,1.44537,0.041665,0.00450225,-38269.6
2.001,0.0388202,2,1.44537,0.041665,0.00750375,-44131.4
2.001,0.0388202,2,1.44537,0.041665,0.0105053,-43070.6
2.001,0.0388202,2,1.44537,0.041665,0.0135068,-44536.3
2.001,0.0388202,2,1.44537,0.041665,0.0165083,-42335.6
2.001,0.0388202,2,1.44537,0.041665,0.0195098,-42719.5
2.001,0.0388202,2,1.44537,0.041665,0.0225113,-40679.8
2.001,0.0388202,2,1.44537,0.041665,0.0255128,-40210
2.001,0.0388202,2,1.44537,0.041665,0.0285143,-42082.8
2.001,0.0388202,2,1.44537,0.041665,0.0315158,-39642.6
2.001,0.0388202,2,1.44537,0.041665,0.0345173,-40750.7
2.001,0.0388202,2,1.44537,0.041665,0.0375188,-40969.6
2.001,0.0388202,2,1.44537,0.041665,0.0405203,-38940
2.001,0.0388202,2,1.44537,0.041665,0.0435218,-38650.5
2.001,0.0388202,2,1.44537,0.041665,0.0465233,-38389.3
2.001,0.0388202,2,1.44537,0.041665,0.0495248,-40058.4
2.001,0.0388202,2,1.44537,0.041665,0.0525263,-37776.6
2.001,0.0388202,2,1.44537,0.041665,0.0555278,-38818.3
2.001,0.0388202,2,1.44537,0.041665,0.0585293,-37107.8
2.001,0.0388202,2,1.44537,0.041665,0.0615308,-40859.5
2.001,0.0388202,2,1.44537,0.041665,0.0645323,-38596.1
2.001,0.0388202,2,1.44537,0.041665,0.0675338,-36948.4
2.001,0.0388202,2,1.44537,0.041665,0.0705353,-37853.7
2.001,0.0388202,2,1.44537,0.041665,0.0735368,-39357.8
2.001,0.0388202,2,1.44537,0.041665,0.0765383,-38942.3
2.001,0.0388202,2,1.44537,0.041665,0.0795398,-38558.2
2.001,0.0388202,2,1.44537,0.041665,0.0825413,-38977.5
2.001,0.0388202,2,1.44537,0.041665,0.0855428,-36910.2
2.001,0.0388202,2,1.44537,0.041665,0.0885443,-41406
2.001,0.0388202,2,1.44537,0.041665,0.0915458,-39012.9
2.001,0.0388202,2,1.44537,0.041665,0.0945473,-37158.7
2.001,0.0388202,2,1.44537,0.041665,0.0975488,-40142
2.001,0.0388202,2,1.44537,0.041665,0.10055,-36950.5
2.001,0.0388202,2,1.44537,0.041665,0.103552,-37954.8
2.001,0.0388202,2,1.44537,0.041665,0.106553,-37438.6
2.001,0.0388202,2,1.44537,0.041665,0.109555,-36892.5
2.001,0.0388202,2,1.44537,0.041665,0.112556,-37943.1
2.001,0.0388202,2,1.44537,0.041665,0.115558,-37572.6
2.001,0.0388202,2,1.44537,0.041665,0.118559,-36814
2.001,0.0388202,2,1.44537,0.041665,0.121561,-38581
2.001,0.0388202,2,1.44537,0.041665,0.124562,-36531.3
2.001,0.0388202,2,1.44537,0.041665,0.127564,-43527.2
2.001,0.0388202,2,1.44537,0.041665,0.130565,-40249.9
2.001,0.0388202,2,1.44537,0.041665,0.133567,-36801.5
2.001,0.0388202,2,1.44537,0.041665,0.136568,-37103.7
2.001,0.0388202,2,1.44537,0.041665,0.13957,-39516.4
2.001,0.0388202,2,1.44537,0.041665,0.142571,-36604.8
2.001,0.0388202,2,1.44537,0.041665,0.145573,-35820.1
2.001,0.0388202,2,1.44537,0.041665,0.148574,-39259.7
2.001,0.0388202,2,1.44537,0.041665,0.151576,-37956.5
2.001,0.0388202,2,1.44537,0.041665,0.154577,-42393.6
2.001,0.0388202,2,1.44537,0.041665,0.157579,-36520.8
2.001,0.0388202,2,1.44537,0.041665,0.16058,-35585.7
2.001,0.0388202,2,1.44537,0.041665,0.163582,-36467.3
2.001,0.0388202,2,1.44537,0.041665,0.166583,-36627.2
2.001,0.0388202,2,1.44537,0.041665,0.169585,-35117.1
2.001,0.0388202,2,1.44537,0.041665,0.172586,-41432.8
2.001,0.0388202,2,1.44537,0.041665,0.175588,-42682.2
2.001,0.0388202,2,1.44537,0.041665,0.178589,-41576.1
2.001,0.0388202,2,1.44537,0.041665,0.181591,-40158.9
2.001,0.0388202,2,1.44537,0.041665,0.184592,-38730.8
2.001,0.0388202,2,1.44537,0.041665,0.187594,-35449.3
2.001,0.0388202,2,1.44537,0.041665,0.190595,-35831.8
2.001,0.0388202,2,1.44537,0.041665,0.193597,-34361.2
2.001,0.0388202,2,1.44537,0.041665,0.196598,-40107.5
2.001,0.0388202,2,1.44537,0.041665,0.1996,-36611.9
2.001,0.0388202,2,1.44537,0.041665,0.202601,-41754.9
2.001,0.0388202,2,1.44537,0.041665,0.205603,-39625.4
2.001,0.0388202,2,1.44537,0.041665,0.208604,-37156.9
2.001,0.0388202,2,1.44537,0.041665,0.211606,-36026.9
2.001,0.0388202,2,1.44537,0.041665,0.214607,-37259.4
2.001,0.0388202,2,1.44537,0.041665,0.217609,-34777.7
2.001,0.0388202,2,1.44537,0.041665,0.22061,-33738.8
2.001,0.0388202,2,1.44537,0.041665,0.223612,-34731.5
2.001,0.0388202,2,1.44537,0.041665,0.226613,-38224.6
2.001,0.0388202,2,1.44537,0.041665,0.229615,-34404.7
2.001,0.0388202,2,1.44537,0.041665,0.232616,-33426.7
2.001,0.0388202,2,1.44537,0.041665,0.235618,-34959.9
2.001,0.0388202,2,1.44537,0.041665,0.238619,-33199
2.001,0.0388202,2,1.44537,0.041665,0.241621,-32184.8
2.001,0.0388202,2,1.44537,0.041665,0.244622,-32601.5
2.001,0.0388202,2,1.44537,0.041665,0.247624,-31962.9
2.001,0.0388202,2,1.44537,0.041665,0.250625,-32539
2.001,0.0388202,2,1.44537,0.041665,0.253627,-35000.4
2.001,0.0388202,2,1.44537,0.041665,0.256628,-26764.6
2.001,0.0388202,2,1.44537,0.041665,0.25963,33877.7
2.001,0.0388202,2,1.44537,0.041665,0.262631,33929.6
2.001,0.0388202,2,1.44537,0.041665,0.265633,31477.3
2.001,0.0388202,2,1.44537,0.041665,0.268634,31991
2.001,0.0388202,2,1.44537,0.041665,0.271636,33785.7
2.001,0.0388202,2,1.44537,0.041665,0.274637,33686
2.001,0.0388202,2,1.44537,0.041665,0.277639,34717.1
2.001,0.0388202,2,1.44537,0.041665,0.28064,32722.5
2.001,0.0388202,2,1.44537,0.041665,0.283642,40704.2
2.001,0.0388202,2,1.44537,0.041665,0.286643,35267.3
2.001,0.0388202,2,1.44537,0.041665,0.289645,34972.8
2.001,0.0388202,2,1.44537,0.041665,0.292646,36552.1
2.001,0.0388202,2,1.44537,0.041665,0.295648,34151.9
2.001,0.0388202,2,1.44537,0.041665,0.298649,36234.5
2.001,0.0388202,2,1.44537,0.041665,0.301651,35471.8
2.001,0.0388202,2,1.44537,0.041665,0.304652,35088.1
2.001,0.0388202,2,1.44537,0.041665,0.307654,40455.4
2.001,0.0388202,2,1.44537,0.041665,0.310655,35145.7
2.001,0.0388202,2,1.44537,0.041665,0.313657,36602.2
2.001,0.0388202,2,1.44537,0.041665,0.316658,34246.5
2.001,0.0388202,2,1.44537,0.041665,0.31966,35053.1
2.001,0.0388202,2,1.44537,0.041665,0.322661,37601.4
2.001,0.0388202,2,1.44537,0.041665,0.325663,39556.2
2.001,0.0388202,2,1.44537,0.041665,0.328664,36804.9
2.001,0.0388202,2,1.44537,0.041665,0.331666,43083.5
2.001,0.0388202,2,1.44537,0.041665,0.334667,37172.4
2.001,0.0388202,2,1.44537,0.041665,0.337669,36245.2
2.001,0.0388202,2,1.44537,0.041665,0.34067,39646.8
2.001,0.0388202,2,1.44537,0.041665,0.343672,35818.5
2.001,0.0388202,2,1.44537,0.041665,0.346673,42329.3
2.001,0.0388202,2,1.44537,0.041665,0.349675,38302
2.001,0.0388202,2,1.44537,0.041665,0.352676,45055.2
2.001,0.0388202,2,1.44537,0.041665,0.355678,38382.7
2.001,0.0388202,2,1.44537,0.041665,0.358679,39248.2
2.001,0.0388202,2,1.44537,0.041665,0.361681,38652.1
2.001,0.0388202,2,1.44537,0.041665,0.364682,41353.9
2.001,0.0388202,2,1.44537,0.041665,0.367684,40512.5
2.001,0.0388202,2,1.44537,0.041665,0.370685,42495.5
2.001,0.0388202,2,1.44537,0.041665,0.373687,36321.8
2.001,0.0388202,2,1.44537,0.041665,0.376688,36270.5
2.001,0.0388202,2,1.44537,0.041665,0.37969,37162.3
2.001,0.0388202,2,1.44537,0.041665,0.382691,36395.3
2.001,0.0388202,2,1.44537,0.041665,0.385693,37315.6
2.001,0.0388202,2,1.44537,0.041665,0.388694,40427.8
2.001,0.0388202,2,1.44537,0.041665,0.391696,37379.7
2.001,0.0388202,2,1.44537,0.041665,0.394697,41443.3
2.001,0.0388202,2,1.44537,0.041665,0.397699,36858.7
2.001,0.0388202,2,1.44537,0.041665,0.4007,38289.1
2.001,0.0388202,2,1.44537,0.041665,0.403702,38591.4
2.001,0.0388202,2,1.44537,0.041665,0.406703,39251.4
2.001,0.0388202,2,1.44537,0.041665,0.409705,37891.8
2.001,0.0388202,2,1.44537,0.041665,0.412706,36717.2
2.001,0.0388202,2,1.44537,0.041665,0.415708,38873.9
2.001,0.0388202,2,1.44537,0.041665,0.418709,38533.5
2.001,0.0388202,2,1.44537,0.041665,0.421711,39422.9
2.001,0.0388202,2,1.44537,0.041665,0.424712,36967
2.001,0.0388202,2,1.44537,0.041665,0.427714,37430.3
2.001,0.0388202,2,1.44537,0.041665,0.430715,38669.1
2.001,0.0388202,2,1.44537,0.041665,0.433717,36977
2.001,0.0388202,2,1.44537,0.041665,0.436718,37909.2
2.001,0.0388202,2,1.44537,0.041665,0.43972,38141.2
2.001,0.0388202,2,1.44537,0.041665,0.442721,38492.5
2.001,0.0388202,2,1.44537,0.041665,0.445723,40673.6
2.001,0.0388202,2,1.44537,0.041665,0.448724,39086.3
2.001,0.0388202,2,1.44537,0.041665,0.451726,39833.6
2.001,0.0388202,2,1.44537,0.041665,0.454727,40360.1
2.001,0.0388202,2,1.44537,0.041665,0.457729,38571.7
2.001,0.0388202,2,1.44537,0.041665,0.46073,37827.4
2.001,0.0388202,2,1.44537,0.041665,0.463732,41882.5
2.001,0.0388202,2,1.44537,0.041665,0.466733,39158.9
2.001,0.0388202,2,1.44537,0.041665,0.469735,39130
2.001,0.0388202,2,1.44537,0.041665,0.472736,37472.2
2.001,0.0388202,2,1.44537,0.041665,0.475738,43221.8
2.001,0.0388202,2,1.44537,0.041665,0.478739,38206
2.001,0.0388202,2,1.44537,0.041665,0.481741,37510
2.001,0.0388202,2,1.44537,0.041665,0.484742,41122.8
2.001,0.0388202,2,1.44537,0.041665,0.487744,38993.8
2.001,0.0388202,2,1.44537,0.041665,0.490745,46394.9
2.001,0.0388202,2,1.44537,0.041665,0.493747,39185.7
2.001,0.0388202,2,1.44537,0.041665,0.496748,39741.2
2.001,0.0388202,2,1.44537,0.041665,0.49975,38100.8
2.001,0.0388202,2,1.44537,0.041665,0.502751,38517.3
2.001,0.0388202,2,1.44537,0.041665,0.505753,38922.8
2.001,0.0388202,2,1.44537,0.041665,0.508754,46174.4
2.001,0.0388202,2,1.44537,0.041665,0.511756,48142.8
2.001,0.0388202,2,1.44537,0.041665,0.514757,37627.8
2.001,0.0388202,2,1.44537,0.041665,0.517759,38636.6
2.001,0.0388202,2,1.44537,0.041665,0.52076,41084.4
2.001,0.0388202,2,1.44537,0.041665,0.523762,39160.1
2.001,0.0388202,2,1.44537,0.041665,0.526763,37669.8
2.001,0.0388202,2,1.44537,0.041665,0.529765,46997.2
2.001,0.0388202,2,1.44537,0.041665,0.532766,37786.1
2.001,0.0388202,2,1.44537,0.041665,0.535768,41316.6
2.001,0.0388202,2,1.44537,0.041665,0.538769,39676.4
2.001,0.0388202,2,1.44537,0.041665,0.541771,39645.1
2.001,0.0388202,2,1.44537,0.041665,0.544772,41201.8
2.001,0.0388202,2,1.44537,0.041665,0.547774,39223.6
2.001,0.0388202,2,1.44537,0.041665,0.550775,41478.1
2.001,0.0388202,2,1.44537,0.041665,0.553777,37853.6
2.001,0.0388202,2,1.44537,0.041665,0.556778,41442.9
2.001,0.0388202,2,1.44537,0.041665,0.55978,38428.2
2.001,0.0388202,2,1.44537,0.041665,0.562781,39309.7
2.001,0.0388202,2,1.44537,0.041665,0.565783,41025.9
2.001,0.0388202,2,1.44537,0.041665,0.568784,40956.2
2.001,0.0388202,2,1.44537,0.041665,0.571786,39004
2.001,0.0388202,2,1.44537,0.041665,0.574787,38758.5
2.001,0.0388202,2,1.44537,0.041665,0.577789,38264.9
2.001,0.0388202,2,1.44537,0.041665,0.58079,40158.1
2.001,0.0388202,2,1.44537,0.041665,0.583792,45455
2.001,0.0388202,2,1.44537,0.041665,0.586793,38995.1
2.001,0.0388202,2,1.44537,0.041665,0.589795,39275.6
2.001,0.0388202,2,1.44537,0.041665,0.592796,39004.3
2.001,0.0388202,2,1.44537,0.041665,0.595798,42541.4
2.001,0.0388202,2,1.44537,0.041665,0.598799,44793.8
2.001,0.0388202,2,1.44537,0.041665,0.601801,40522.8
2.001,0.0388202,2,1.44537,0.041665,0.604802,43226.9
2.001,0.0388202,2,1.44537,0.041665,0.607804,40465.3
2.001,0.0388202,2,1.44537,0.041665,0.610805,38806.2
2.001,0.0388202,2,1.44537,0.041665,0.613807,41433.5
2.001,0.0388202,2,1.44537,0.041665,0.616808,37822.4
2.001,0.0388202,2,1.44537,0.041665,0.61981,38364.7
2.001,0.0388202,2,1.44537,0.041665,0.622811,39684.4
2.001,0.0388202,2,1.44537,0.041665,0.625813,41430.6
2.001,0.0388202,2,1.44537,0.041665,0.628814,38569.6
2.001,0.0388202,2,1.44537,0.041665,0.631816,42993.7
2.001,0.0388202,2,1.44537,0.041665,0.634817,42192.1
2.001,0.0388202,2,1.44537,0.041665,0.637819,38370.5
2.001,0.0388202,2,1.44537,0.041665,0.64082,39688.9
2.001,0.0388202,2,1.44537,0.041665,0.643822,36706.3
2.001,0.0388202,2,1.44537,0.041665,0.646823,39925.4
2.001,0.0388202,2,1.44537,0.041665,0.649825,37595.7
2.001,0.0388202,2,1.44537,0.041665,0.652826,46627.8
2.001,0.0388202,2,1.44537,0.041665,0.655828,40009.1
2.001,0.0388202,2,1.44537,0.041665,0.658829,44570.3
2.001,0.0388202,2,1.44537,0.041665,0.661831,36758.7
2.001,0.0388202,2,1.44537,0.041665,0.664832,41641.3
2.001,0.0388202,2,1.44537,0.041665,0.667834,36978.6
2.001,0.0388202,2,1.44537,0.041665,0.670835,36640.4
2.001,0.0388202,2,1.44537,0.041665,0.673837,39179.9
2.001,0.0388202,2,1.44537,0.041665,0.676838,40546.2
2.001,0.0388202,2,1.44537,0.041665,0.67984,37024.3
2.001,0.0388202,2,1.44537,0.041665,0.682841,38564.3
2.001,0.0388202,2,1.44537,0.041665,0.685843,44852.4
2.001,0.0388202,2,1.44537,0.041665,0.688844,36746.7
2.001,0.0388202,2,1.44537,0.041665,0.691846,36100.3
2.001,0.0388202,2,1.44537,0.041665,0.694847,36376.2
2.001,0.0388202,2,1.44537,0.041665,0.697849,36522.7
2.001,0.0388202,2,1.44537,0.041665,0.70085,37211.7
2.001,0.0388202,2,1.44537,0.041665,0.703852,38735.2
2.001,0.0388202,2,1.44537,0.041665,0.706853,33562.4
2.001,0.0388202,2,1.44537,0.041665,0.709855,34711.2
2.001,0.0388202,2,1.44537,0.041665,0.712856,38258.3
2.001,0.0388202,2,1.44537,0.041665,0.715858,32942.4
2.001,0.0388202,2,1.44537,0.041665,0.718859,32427
2.001,0.0388202,2,1.44537,0.041665,0.721861,31469.2
2.001,0.0388202,2,1.44537,0.041665,0.724862,30434.1
2.001,0.0388202,2,1.44537,0.041665,0.727864,29974.2
2.001,0.0388202,2,1.44537,0.041665,0.730865,-35074.4
2.001,0.0388202,2,1.44537,0.041665,0.733867,-31157.9
2.001,0.0388202,2,1.44537,0.041665,0.736868,-35582.2
2.001,0.0388202,2,1.44537,0.041665,0.73987,-38551.2
2.001,0.0388202,2,1.44537,0.041665,0.742871,-32872.8
2.001,0.0388202,2,1.44537,0.041665,0.745873,-38579.2
2.001,0.0388202,2,1.44537,0.041665,0.748874,-37058.4
2.001,0.0388202,2,1.44537,0.041665,0.751876,-35594
2.001,0.0388202,2,1.44537,0.041665,0.754877,-34715.8
2.001,0.0388202,2,1.44537,0.041665,0.757879,-39449
2.001,0.0388202,2,1.44537,0.041665,0.76088,-43907.8
2.001,0.0388202,2,1.44537,0.041665,0.763882,-40247.9
2.001,0.0388202,2,1.44537,0.041665,0.766883,-35521.6
2.001,0.0388202,2,1.44537,0.041665,0.769885,-37543
2.001,0.0388202,2,1.44537,0.041665,0.772886,-36797.5
2.001,0.0388202,2,1.44537,0.041665,0.775888,-37140.3
2.001,0.0388202,2,1.44537,0.041665,0.778889,-40295
2.001,0.0388202,2,1.44537,0.041665,0.781891,-42518.7
2.001,0.0388202,2,1.44537,0.041665,0.784892,-37980
2.001,0.0388202,2,1.44537,0.041665,0.787894,-46461.8
2.001,0.0388202,2,1.44537,0.041665,0.790895,-38386.9
2.001,0.0388202,2,1.44537,0.041665,0.793897,-45419.8
2.001,0.0388202,2,1.44537,0.041665,0.796898,-37981.6
2.001,0.0388202,2,1.44537,0.041665,0.7999,-47955.9
2.001,0.0388202,2,1.44537,0.041665,0.802901,-43640.1
2.001,0.0388202,2,1.44537,0.041665,0.805903,-46341.7
2.001,0.0388202,2,1.44537,0.041665,0.808904,-39765.1
2.001,0.0388202,2,1.44537,0.041665,0.811906,-38591
2.001,0.0388202,2,1.44537,0.041665,0.814907,-40267.4
2.001,0.0388202,2,1.44537,0.041665,0.817909,-38491.1
2.001,0.0388202,2,1.44537,0.041665,0.82091,-40420.5
2.001,0.0388202,2,1.44537,0.041665,0.823912,-38954.5
2.001,0.0388202,2,1.44537,0.041665,0.826913,-41666.2
2.001,0.0388202,2,1.44537,0.041665,0.829915,-45485.4
2.001,0.0388202,2,1.44537,0.041665,0.832916,-40245.3
2.001,0.0388202,2,1.44537,0.041665,0.835918,-39405.4
2.001,0.0388202,2,1.44537,0.041665,0.838919,-42246.8
2.001,0.0388202,2,1.44537,0.041665,0.841921,-41766.5
2.001,0.0388202,2,1.44537,0.041665,0.844922,-41756.8
2.001,0.0388202,2,1.44537,0.041665,0.847924,-47180.5
2.001,0.0388202,2,1.44537,0.041665,0.850925,-48767.5
2.001,0.0388202,2,1.44537,0.041665,0.853927,-42642.3
2.001,0.0388202,2,1.44537,0.041665,0.856928,-42838.3
2.001,0.0388202,2,1.44537,0.041665,0.85993,-41701.1
2.001,0.0388202,2,1.44537,0.041665,0.862931,-45316.7
2.001,0.0388202,2,1.44537,0.041665,0.865933,-44408.5
2.001,0.0388202,2,1.44537,0.041665,0.868934,-41602.4
2.001,0.0388202,2,1.44537,0.041665,0.871936,-42713.7
2.001,0.0388202,2,1.44537,0.041665,0.874937,-43045.9
2.001,0.0388202,2,1.44537,0.041665,0.877939,-42210.5
2.001,0.0388202,2,1.44537,0.041665,0.88094,-44269.4
2.001,0.0388202,2,1.44537,0.041665,0.883942,-41516.9
2.001,0.0388202,2,1.44537,0.041665,0.886943,-49914.4
2.001,0.0388202,2,1.44537,0.041665,0.889945,-44128.5
2.001,0.0388202,2,1.44537,0.041665,0.892946,-43712.4
2.001,0.0388202,2,1.44537,0.041665,0.895948,-45879.3
2.001,0.0388202,2,1.44537,0.041665,0.898949,-42070.2
2.001,0.0388202,2,1.44537,0.041665,0.901951,-47917.1
2.001,0.0388202,2,1.44537,0.041665,0.904952,-49065.6
2.001,0.0388202,2,1.44537,0.041665,0.907954,-41723.4
2.001,0.0388202,2,1.44537,0.041665,0.910955,-43484.8
2.001,0.0388202,2,1.44537,0.041665,0.913957,-45167.8
2.001,0.0388202,2,1.44537,0.041665,0.916958,-45597.2
2.001,0.0388202,2,1.44537,0.041665,0.91996,-45761.7
2.001,0.0388202,2,1.44537,0.041665,0.922961,-44761.6
2.001,0.0388202,2,1.44537,0.041665,0.925963,-42802.3
2.001,0.0388202,2,1.44537,0.041665,0.928964,-48590.7
2.001,0.0388202,2,1.44537,0.041665,0.931966,-43162.1
2.001,0.0388202,2,1.44537,0.041665,0.934967,-45414.4
2.001,0.0388202,2,1.44537,0.041665,0.937969,-42631.1
2.001,0.0388202,2,1.44537,0.041665,0.94097,-43875.8
2.001,0.0388202,2,1.44537,0.041665,0.943972,-44153
2.001,0.0388202,2,1.44537,0.041665,0.946973,-45024.9
2.001,0.0388202,2,1.44537,0.041665,0.949975,-44730.4
2.001,0.0388202,2,1.44537,0.041665,0.952976,-44718.7
2.001,0.0388202,2,1.44537,0.041665,0.955978,-44850.8
2.001,0.0388202,2,1.44537,0.041665,0.958979,-45464.4
2.001,0.0388202,2,1.44537,0.041665,0.961981,-47814.6
2.001,0.0388202,2,1.44537,0.041665,0.964982,-50284.6
2.001,0.0388202,2,1.44537,0.041665,0.967984,-43761.5
2.001,0.0388202,2,1.44537,0.041665,0.970985,-45996.9
2.001,0.0388202,2,1.44537,0.041665,0.973987,-46697.5
2.001,0.0388202,2,1.44537,0.041665,0.976988,-43841.9
2.001,0.0388202,2,1.44537,0.041665,0.97999,-47041
2.001,0.0388202,2,1.44537,0.041665,0.982991,-45612.1
2.001,0.0388202,2,1.44537,0.041665,0.985993,-46576.2
2.001,0.0388202,2,1.44537,0.041665,0.988994,-43944.1
2.001,0.0388202,2,1.44537,0.041665,0.991996,-46514.9
2.001,0.0388202,2,1.44537,0.041665,0.994997,-49293.2
2.001,0.0388202,2,1.44537,0.041665,0.997999,-44868.4
2.001,0.0388202,2,1.44537,0.041665,1.001,-45169.3
2.001,0.0388202,2,1.44537,0.041665,1.004,-44285
2.001,0.0388202,2,1.44537,0.041665,1.007,-48468.9
2.001,0.0388202,2,1.44537,0.041665,1.01001,-46818.3
2.001,0.0388202,2,1.44537,0.041665,1.01301,-48411.8
2.001,0.0388202,2,1.44537,0.041665,1.01601,-48942.5
2.001,0.0388202,2,1.44537,0.041665,1.01901,-51048.1
2.001,0.0388202,2,1.44537,0.041665,1.02201,-52627.7
2.001,0.0388202,2,1.44537,0.041665,1.02501,-46260.6
2.001,0.0388202,2,1.44537,0.041665,1.02801,-46637.8
2.001,0.0388202,2,1.44537,0.041665,1.03102,-45224.8
2.001,0.0388202,2,1.44537,0.041665,1.03402,-47305.9
2.001,0.0388202,2,1.44537,0.041665,1.03702,-48229.9
2.001,0.0388202,2,1.44537,0.041665,1.04002,-45613.2
2.001,0.0388202,2,1.44537,0.041665,1.04302,-44932.6
2.001,0.0388202,2,1.44537,0.041665,1.04602,-46320.2
2.001,0.0388202,2,1.44537,0.041665,1.04902,-48711.7
2.001,0.0388202,2,1.44537,0.041665,1.05203,-48757.5
2.001,0.0388202,2,1.44537,0.041665,1.05503,-48296.7
2.001,0.0388202,2,1.44537,0.041665,1.05803,-49533.2
2.001,0.0388202,2,1.44537,0.041665,1.06103,-53135.6
2.001,0.0388202,2,1.44537,0.041665,1.06403,-47127.9
2.001,0.0388202,2,1.44537,0.041665,1.06703,-47679.2
2.001,0.0388202,2,1.44537,0.041665,1.07004,-45701.5
2.001,0.0388202,2,1.44537,0.041665,1.07304,-46372
2.001,0.0388202,2,1.44537,0.041665,1.07604,-49392.8
2.001,0.0388202,2,1.44537,0.041665,1.07904,-47515.8
2.001,0.0388202,2,1.44537,0.041665,1.08204,-50254.4
2.001,0.0388202,2,1.44537,0.041665,1.08504,-46506.3
2.001,0.0388202,2,1.44537,0.041665,1.08804,-49201.1
2.001,0.0388202,2,1.44537,0.041665,1.09105,-49777.1
2.001,0.0388202,2,1.44537,0.041665,1.09405,-52395.7
2.001,0.0388202,2,1.44537,0.041665,1.09705,-49064.6
2.001,0.0388202,2,1.44537,0.041665,1.10005,-52360.8
2.001,0.0388202,2,1.44537,0.041665,1.10305,-48292.7
2.001,0.0388202,2,1.44537,0.041665,1.10605,-46509.6
2.001,0.0388202,2,1.44537,0.041665,1.10905,-46364.6
2.001,0.0388202,2,1.44537,0.041665,1.11206,-48439
2.001,0.0388202,2,1.44537,0.041665,1.11506,-55718.5
2.001,0.0388202,2,1.44537,0.041665,1.11806,-51178.5
2.001,0.0388202,2,1.44537,0.041665,1.12106,-47589.4
2.001,0.0388202,2,1.44537,0.041665,1.12406,-47246.1
2.001,0.0388202,2,1.44537,0.041665,1.12706,-51505.1
2.001,0.0388202,2,1.44537,0.041665,1.13007,-50464.5
2.001,0.0388202,2,1.44537,0.041665,1.13307,-50469.2
2.001,0.0388202,2,1.44537,0.041665,1.13607,-50022.2
2.001,0.0388202,2,1.44537,0.041665,1.13907,-50355.4
2.001,0.0388202,2,1.44537,0.041665,1.14207,-50329.4
2.001,0.0388202,2,1.44537,0.041665,1.14507,-49731.5
2.001,0.0388202,2,1.44537,0.041665,1.14807,-50376.2
2.001,0.0388202,2,1.44537,0.041665,1.15108,-54272.3
2.001,0.0388202,2,1.44537,0.041665,1.15408,-54301.3
2.001,0.0388202,2,1.44537,0.041665,1.15708,-53001.4
2.001,0.0388202,2,1.44537,0.041665,1.16008,-47150.6
2.001,0.0388202,2,1.44537,0.041665,1.16308,-48907.2
2.001,0.0388202,2,1.44537,0.041665,1.16608,-54253.6
2.001,0.0388202,2,1.44537,0.041665,1.16908,-52348.4
2.001,0.0388202,2,1.44537,0.041665,1.17209,-47021.5
2.001,0.0388202,2,1.44537,0.041665,1.17509,-47800.1
2.001,0.0388202,2,1.44537,0.041665,1.17809,-58051.3
2.001,0.0388202,2,1.44537,0.041665,1.18109,-49324.7
2.001,0.0388202,2,1.44537,0.041665,1.18409,-49407.5
2.001,0.0388202,2,1.44537,0.041665,1.18709,-49129.1
2.001,0.0388202,2,1.44537,0.041665,1.1901,-47238.1
2.001,0.0388202,2,1.44537,0.041665,1.1931,-48346
2.001,0.0388202,2,1.44537,0.041665,1.1961,-50566.1
2.001,0.0388202,2,1.44537,0.041665,1.1991,-52145.4
2.001,0.0388202,2,1.44537,0.041665,1.2021,-53650.6
2.001,0.0388202,2,1.44537,0.041665,1.2051,-51996.2
2.001,0.0388202,2,1.44537,0.041665,1.2081,-53133.2
2.001,0.0388202,2,1.44537,0.041665,1.21111,-50663.8
2.001,0.0388202,2,1.44537,0.041665,1.21411,-47769.8
2.001,0.0388202,2,1.44537,0.041665,1.21711,-52966
2.001,0.0388202,2,1.44537,0.041665,1.22011,-51697.3
2.001,0.0388202,2,1.44537,0.041665,1.22311,-48136.7
2.001,0.0388202,2,1.44537,0.041665,1.22611,-50451
2.001,0.0388202,2,1.44537,0.041665,1.22911,-48840.9
2.001,0.0388202,2,1.44537,0.041665,1.23212,-56474.4
2.001,0.0388202,2,1.44537,0.041665,1.23512,-57405.4
2.001,0.0388202,2,1.44537,0.041665,1.23812,-48090.6
2.001,0.0388202,2,1.44537,0.041665,1.24112,-48112.2
2.001,0.0388202,2,1.44537,0.041665,1.24412,-50145
2.001,0.0388202,2,1.44537,0.041665,1.24712,-48704.3
2.001,0.0388202,2,1.44537,0.041665,1.25013,-59012
2.001,0.0388202,2,1.44537,0.041665,1.25313,-49335.4
2.001,0.0388202,2,1.44537,0.041665,1.25613,-49397.6
2.001,0.0388202,2,1.44537,0.041665,1.25913,-59138.3
2.001,0.0388202,2,1.44537,0.041665,1.26213,-50089.3
2.001,0.0388202,2,1.44537,0.041665,1.26513,-52103.1
2.001,0.0388202,2,1.44537,0.041665,1.26813,-50409.3
2.001,0.0388202,2,1.44537,0.041665,1.27114,-52319.2
2.001,0.0388202,2,1.44537,0.041665,1.27414,-51715.3
2.001,0.0388202,2,1.44537,0.041665,1.27714,-58935
2.001,0.0388202,2,1.44537,0.041665,1.28014,-51754.8
2.001,0.0388202,2,1.44537,0.041665,1.28314,-51219.1
2.001,0.0388202,2,1.44537,0.041665,1.28614,-52966.6
2.001,0.0388202,2,1.44537,0.041665,1.28914,-53301.7
2.001,0.0388202,2,1.44537,0.041665,1.29215,-49490.2
2.001,0.0388202,2,1.44537,0.041665,1.29515,-52188.3
2.001,0.0388202,2,1.44537,0.041665,1.29815,-54092.6
2.001,0.0388202,2,1.44537,0.041665,1.30115,-52743.1
2.001,0.0388202,2,1.44537,0.041665,1.30415,-49583.2
2.001,0.0388202,2,1.44537,0.041665,1.30715,-56936
2.001,0.0388202,2,1.44537,0.041665,1.31016,-51996.1
2.001,0.0388202,2,1.44537,0.041665,1.31316,-48050
2.001,0.0388202,2,1.44537,0.041665,1.31616,-55390.7
2.001,0.0388202,2,1.44537,0.041665,1.31916,-49575.2
2.001,0.0388202,2,1.44537,0.041665,1.32216,-55268.5
2.001,0.0388202,2,1.44537,0.041665,1.32516,-48259.8
2.001,0.0388202,2,1.44537,0.041665,1.32816,-55558.2
2.001,0.0388202,2,1.44537,0.041665,1.33117,-51927.6
2.001,0.0388202,2,1.44537,0.041665,1.33417,-54538.5
2.001,0.0388202,2,1.44537,0.041665,1.33717,-52191.3
2.001,0.0388202,2,1.44537,0.041665,1.34017,-48144.6
2.001,0.0388202,2,1.44537,0.041665,1.34317,-51402.7
2.001,0.0388202,2,1.44537,0.041665,1.34617,-54358.2
2.001,0.0388202,2,1.44537,0.041665,1.34917,-53262.5
2.001,0.0388202,2,1.44537,0.041665,1.35218,-49022.6
2.001,0.0388202,2,1.44537,0.041665,1.35518,-47983.8
2.001,0.0388202,2,1.44537,0.041665,1.35818,-50821.7
2.001,0.0388202,2,1.44537,0.041665,1.36118,-50851.9
2.001,0.0388202,2,1.44537,0.041665,1.36418,-51761.6
2.001,0.0388202,2,1.44537,0.041665,1.36718,-49193.6
2.001,0.0388202,2,1.44537,0.041665,1.37019,-49312.8
2.001,0.0388202,2,1.44537,0.041665,1.37319,-53896.4
2.001,0.0388202,2,1.44537,0.041665,1.37619,-49196.5
2.001,0.0388202,2,1.44537,0.041665,1.37919,-54688.1
2.001,0.0388202,2,1.44537,0.041665,1.38219,-54867.7
2.001,0.0388202,2,1.44537,0.041665,1.38519,-49186
2.001,0.0388202,2,1.44537,0.041665,1.38819,-49206
2.001,0.0388202,2,1.44537,0.041665,1.3912,-56244.2
2.001,0.0388202,2,1.44537,0.041665,1.3942,-52593.1
2.001,0.0388202,2,1.44537,0.041665,1.3972,-51595.3
2.001,0.0388202,2,1.44537,0.041665,1.4002,-49059.2
2.001,0.0388202,2,1.44537,0.041665,1.4032,-53802.8
2.001,0.0388202,2,1.44537,0.041665,1.4062,-48592.7
2.001,0.0388202,2,1.44537,0.041665,1.4092,-47789.9
2.001,0.0388202,2,1.44537,0.041665,1.41221,-48677.8
2.001,0.0388202,2,1.44537,0.041665,1.41521,-54212.3
2.001,0.0388202,2,1.44537,0.041665,1.41821,-55834.5
2.001,0.0388202,2,1.44537,0.041665,1.42121,-48048.5
2.001,0.0388202,2,1.44537,0.041665,1.42421,-48448.3
2.001,0.0388202,2,1.44537,0.041665,1.42721,-53560.2
2.001,0.0388202,2,1.44537,0.041665,1.43022,-47746.8
2.001,0.0388202,2,1.44537,0.041665,1.43322,-50247.7
2.001,0.0388202,2,1.44537,0.041665,1.43622,-48941.5
2.001,0.0388202,2,1.44537,0.041665,1.43922,-48349.2
2.001,0.0388202,2,1.44537,0.041665,1.44222,-54719.6
2.001,0.0388202,2,1.44537,0.041665,1.44522,-49556.5
2.001,0.0388202,2,1.44537,0.041665,1.44822,-49224.9
2.001,0.0388202,2,1.44537,0.041665,1.45123,-54531.4
2.001,0.0388202,2,1.44537,0.041665,1.45423,-50481.1
2.001,0.0388202,2,1.44537,0.041665,1.45723,-51800.8
2.001,0.0388202,2,1.44537,0.041665,1.46023,-52906.6
2.001,0.0388202,2,1.44537,0.041665,1.46323,-51497.7
2.001,0.0388202,2,1.44537,0.041665,1.46623,-48117.3
2.001,0.0388202,2,1.44537,0.041665,1.46923,-50794.5
2.001,0.0388202,2,1.44537,0.041665,1.47224,-53106.9
2.001,0.0388202,2,1.44537,0.041665,1.47524,-53153
2.001,0.0388202,2,1.44537,0.041665,1.47824,-52399.9
2.001,0.0388202,2,1.44537,0.041665,1.48124,-49073.3
2.001,0.0388202,2,1.44537,0.041665,1.48424,-50593.7
2.001,0.0388202,2,1.44537,0.041665,1.48724,-50076.6
2.001,0.0388202,2,1.44537,0.041665,1.49025,-47833.3
2.001,0.0388202,2,1.44537,0.041665,1.49325,-50652.2
2.001,0.0388202,2,1.44537,0.041665,1.49625,-49713.8
2.001,0.0388202,2,1.44537,0.041665,1.49925,-48979.1
2.001,0.0388202,2,1.44537,0.041665,1.50225,-48150.4
2.001,0.0388202,2,1.44537,0.041665,1.50525,-48234.3
2.001,0.0388202,2,1.44537,0.041665,1.50825,-56833.7
2.001,0.0388202,2,1.44537,0.041665,1.51126,-47329.4
2.001,0.0388202,2,1.44537,0.041665,1.51426,-49321.3
2.001,0.0388202,2,1.44537,0.041665,1.51726,-48855.5
2.001,0.0388202,2,1.44537,0.041665,1.52026,-55247.3
2.001,0.0388202,2,1.44537,0.041665,1.52326,-49683.7
2.001,0.0388202,2,1.44537,0.041665,1.52626,-55088.4
2.001,0.0388202,2,1.44537,0.041665,1.52926,-51085.7
2.001,0.0388202,2,1.44537,0.041665,1.53227,-51772.1
2.001,0.0388202,2,1.44537,0.041665,1.53527,-47312.4
2.001,0.0388202,2,1.44537,0.041665,1.53827,-47677
2.001,0.0388202,2,1.44537,0.041665,1.54127,-48309.6
2.001,0.0388202,2,1.44537,0.041665,1.54427,-46740.9
2.001,0.0388202,2,1.44537,0.041665,1.54727,-51462.5
2.001,0.0388202,2,1.44537,0.041665,1.55028,-48148.7
2.001,0.0388202,2,1.44537,0.041665,1.55328,-48894.2
2.001,0.0388202,2,1.44537,0.041665,1.55628,-46577.9
2.001,0.0388202,2,1.44537,0.041665,1.55928,-47611.9
2.001,0.0388202,2,1.44537,0.041665,1.56228,-49557.3
2.001,0.0388202,2,1.44537,0.041665,1.56528,-48707.1
2.001,0.0388202,2,1.44537,0.041665,1.56828,-48365
2.001,0.0388202,2,1.44537,0.041665,1.57129,-46269.6
2.001,0.0388202,2,1.44537,0.041665,1.57429,-47342.5
2.001,0.0388202,2,1.44537,0.041665,1.57729,-49600.8
2.001,0.0388202,2,1.44537,0.041665,1.58029,-49457.7
2.001,0.0388202,2,1.44537,0.041665,1.58329,-47725.3
2.001,0.0388202,2,1.44537,0.041665,1.58629,-48650.2
2.001,0.0388202,2,1.44537,0.041665,1.58929,-49145.3
2.001,0.0388202,2,1.44537,0.041665,1.5923,-46858.3
2.001,0.0388202,2,1.44537,0.041665,1.5953,-48778.4
2.001,0.0388202,2,1.44537,0.041665,1.5983,-49622.7
2.001,0.0388202,2,1.44537,0.041665,1.6013,-48162.6
2.001,0.0388202,2,1.44537,0.041665,1.6043,-48205.5
2.001,0.0388202,2,1.44537,0.041665,1.6073,-48792.3
2.001,0.0388202,2,1.44537,0.041665,1.61031,-46833.6
2.001,0.0388202,2,1.44537,0.041665,1.61331,-49165.1
2.001,0.0388202,2,1.44537,0.041665,1.61631,-45418.3
2.001,0.0388202,2,1.44537,0.041665,1.61931,-47712.9
2.001,0.0388202,2,1.44537,0.041665,1.62231,-46321.8
2.001,0.0388202,2,1.44537,0.041665,1.62531,-45391.2
2.001,0.0388202,2,1.44537,0.041665,1.62831,-45783
2.001,0.0388202,2,1.44537,0.041665,1.63132,-46240.2
2.001,0.0388202,2,1.44537,0.041665,1.63432,-55188.6
2.001,0.0388202,2,1.44537,0.041665,1.63732,-51075
2.001,0.0388202,2,1.44537,0.041665,1.64032,-49847.4
2.001,0.0388202,2,1.44537,0.041665,1.64332,-45156.8
2.001,0.0388202,2,1.44537,0.041665,1.64632,-48303.4
2.001,0.0388202,2,1.44537,0.041665,1.64932,-49532.8
2.001,0.0388202,2,1.44537,0.041665,1.65233,-47106.4
2.001,0.0388202,2,1.44537,0.041665,1.65533,-44284.9
2.001,0.0388202,2,1.44537,0.041665,1.65833,-44697.4
2.001,0.0388202,2,1.44537,0.041665,1.66133,-52869
2.001,0.0388202,2,1.44537,0.041665,1.66433,-44458.4
2.001,0.0388202,2,1.44537,0.041665,1.66733,-44765
2.001,0.0388202,2,1.44537,0.041665,1.67034,-44971.1
2.001,0.0388202,2,1.44537,0.041665,1.67334,-48021.8
2.001,0.0388202,2,1.44537,0.041665,1.67634,-45132.3
2.001,0.0388202,2,1.44537,0.041665,1.67934,-55070.1
2.001,0.0388202,2,1.44537,0.041665,1.68234,-53653.3
2.001,0.0388202,2,1.44537,0.041665,1.68534,-43676.9
2.001,0.0388202,2,1.44537,0.041665,1.68834,-48016.5
2.001,0.0388202,2,1.44537,0.041665,1.69135,-49407.3
2.001,0.0388202,2,1.44537,0.041665,1.69435,-46678.3
2.001,0.0388202,2,1.44537,0.041665,1.69735,-46595
2.001,0.0388202,2,1.44537,0.041665,1.70035,-45884.6
2.001,0.0388202,2,1.44537,0.041665,1.70335,-42196.4
2.001,0.0388202,2,1.44537,0.041665,1.70635,-47496.7
2.001,0.0388202,2,1.44537,0.041665,1.70935,-48806.1
2.001,0.0388202,2,1.44537,0.041665,1.71236,-43759.1
2.001,0.0388202,2,1.44537,0.041665,1.71536,-43792.1
2.001,0.0388202,2,1.44537,0.041665,1.71836,-50446.7
2.001,0.0388202,2,1.44537,0.041665,1.72136,-45466.1
2.001,0.0388202,2,1.44537,0.041665,1.72436,-45672
2.001,0.0388202,2,1.44537,0.041665,1.72736,-41635.8
2.001,0.0388202,2,1.44537,0.041665,1.73037,-51407.8
2.001,0.0388202,2,1.44537,0.041665,1.73337,-43346
2.001,0.0388202,2,1.44537,0.041665,1.73637,-43827.1
2.001,0.0388202,2,1.44537,0.041665,1.73937,-44626
2.001,0.0388202,2,1.44537,0.041665,1.74237,-43972.2
2.001,0.0388202,2,1.44537,0.041665,1.74537,-50292.8
2.001,0.0388202,2,1.44537,0.041665,1.74837,-45749.5
2.001,0.0388202,2,1.44537,0.041665,1.75138,-41342.7
2.001,0.0388202,2,1.44537,0.041665,1.75438,-39743.4
2.001,0.0388202,2,1.44537,0.041665,1.75738,-46760.4
2.001,0.0388202,2,1.44537,0.041665,1.76038,-39292.9
2.001,0.0388202,2,1.44537,0.041665,1.76338,-42838.6
2.001,0.0388202,2,1.44537,0.041665,1.76638,-41904.4
2.001,0.0388202,2,1.44537,0.041665,1.76938,-39263.6
2.001,0.0388202,2,1.44537,0.041665,1.77239,-42485.8
2.001,0.0388202,2,1.44537,0.041665,1.77539,-39730.5
2.001,0.0388202,2,1.44537,0.041665,1.77839,-43331
2.001,0.0388202,2,1.44537,0.041665,1.78139,-41013
2.001,0.0388202,2,1.44537,0.041665,1.78439,-38127.2
2.001,0.0388202,2,1.44537,0.041665,1.78739,-39860.1
2.001,0.0388202,2,1.44537,0.041665,1.7904,-40251
2.001,0.0388202,2,1.44537,0.041665,1.7934,-41875.9
2.001,0.0388202,2,1.44537,0.041665,1.7964,-38436.2
2.001,0.0388202,2,1.44537,0.041665,1.7994,-41498.2
2.001,0.0388202,2,1.44537,0.041665,1.8024,-39722.1
2.001,0.0388202,2,1.44537,0.041665,1.8054,-38454.5
2.001,0.0388202,2,1.44537,0.041665,1.8084,-37472.4
2.001,0.0388202,2,1.44537,0.041665,1.81141,-35240.6
2.001,0.0388202,2,1.44537,0.041665,1.81441,-38447.8
2.001,0.0388202,2,1.44537,0.041665,1.81741,-34567.4
2.001,0.0388202,2,1.44537,0.041665,1.82041,-37034.2
2.001,0.0388202,2,1.44537,0.041665,1.82341,-34272.9
2.001,0.0388202,2,1.44537,0.041665,1.82641,-34291.1
2.001,0.0388202,2,1.44537,0.041665,1.82941,-34009
2.001,0.0388202,2,1.44537,0.041665,1.83242,-29784.8
2.001,0.0388202,2,1.44537,0.041665,1.83542,29534.1
2.001,0.0388202,2,1.44537,0.041665,1.83842,34393.4
2.001,0.0388202,2,1.44537,0.041665,1.84142,34354.7
2.001,0.0388202,2,1.44537,0.041665,1.84442,42204.1
2.001,0.0388202,2,1.44537,0.041665,1.84742,40906.8
2.001,0.0388202,2,1.44537,0.041665,1.85043,35802.1
2.001,0.0388202,2,1.44537,0.041665,1.85343,34738.3
2.001,0.0388202,2,1.44537,0.041665,1.85643,36358.9
2.001,0.0388202,2,1.44537,0.041665,1.85943,34373.6
2.001,0.0388202,2,1.44537,0.041665,1.86243,36464.2
2.001,0.0388202,2,1.44537,0.041665,1.86543,37191.8
2.001,0.0388202,2,1.44537,0.041665,1.86843,35815.6
2.001,0.0388202,2,1.44537,0.041665,1.87144,37146.6
2.001,0.0388202,2,1.44537,0.041665,1.87444,37945.7
2.001,0.0388202,2,1.44537,0.041665,1.87744,36960.3
2.001,0.0388202,2,1.44537,0.041665,1.88044,35650.2
2.001,0.0388202,2,1.44537,0.041665,1.88344,38152.1
2.001,0.0388202,2,1.44537,0.041665,1.88644,39698.6
2.001,0.0388202,2,1.44537,0.041665,1.88944,38753.4
2.001,0.0388202,2,1.44537,0.041665,1.89245,36827.4
2.001,0.0388202,2,1.44537,0.041665,1.89545,43630.5
2.001,0.0388202,2,1.44537,0.041665,1.89845,36972.3
2.001,0.0388202,2,1.44537,0.041665,1.90145,36017.1
2.001,0.0388202,2,1.44537,0.041665,1.90445,34202.4
2.001,0.0388202,2,1.44537,0.041665,1.90745,37007.6
2.001,0.0388202,2,1.44537,0.041665,1.91046,35064.7
2.001,0.0388202,2,1.44537,0.041665,1.91346,34019.5
2.001,0.0388202,2,1.44537,0.041665,1.91646,40381
2.001,0.0388202,2,1.44537,0.041665,1.91946,35056.3
2.001,0.0388202,2,1.44537,0.041665,1.92246,39232.6
2.001,0.0388202,2,1.44537,0.041665,1.92546,35582.7
2.001,0.0388202,2,1.44537,0.041665,1.92846,32899.6
2.001,0.0388202,2,1.44537,0.041665,1.93147,32387.4
2.001,0.0388202,2,1.44537,0.041665,1.93447,35037.9
2.001,0.0388202,2,1.44537,0.041665,1.93747,32292.5
2.001,0.0388202,2,1.44537,0.041665,1.94047,35879.2
2.001,0.0388202,2,1.44537,0.041665,1.94347,31289
2.001,0.0388202,2,1.44537,0.041665,1.94647,31255.3
2.001,0.0388202,2,1.44537,0.041665,1.94947,-27167.2
2.001,0.0388202,2,1.44537,0.041665,1.95248,-30401
2.001,0.0388202,2,1.44537,0.041665,1.95548,-30778
2.001,0.0388202,2,1.44537,0.041665,1.95848,-32933.7
2.001,0.0388202,2,1.44537,0.041665,1.96148,-31872.7
2.001,0.0388202,2,1.44537,0.041665,1.96448,-38546.8
2.001,0.0388202,2,1.44537,0.041665,1.96748,-32643.3
2.001,0.0388202,2,1.44537,0.041665,1.97049,-38952.8
2.001,0.0388202,2,1.44537,0.041665,1.97349,-32816.4
2.001,0.0388202,2,1.44537,0.041665,1.97649,-33639.7
2.001,0.0388202,2,1.44537,0.041665,1.97949,-32060.2
2.001,0.0388202,2,1.44537,0.041665,1.98249,-35266.2
2.001,0.0388202,2,1.44537,0.041665,1.98549,-38969.4
2.001,0.0388202,2,1.44537,0.041665,1.98849,-35693.5
2.001,0.0388202,2,1.44537,0.041665,1.9915,-35061.8
2.001,0.0388202,2,1.44537,0.041665,1.9945,-35184.5
2.001,0.0388202,2,1.44537,0.041665,1.9975,-31432.4
2.001,0.0388202,2,1.44537,0.041665,2.0005,-27373.8
2.001,0.0388202,2,1.44537,0.041665,2.0035,32349
2.001,0.0388202,2,1.44537,0.041665,2.0065,33080.8
2.001,0.0388202,2,1.44537,0.041665,2.0095,35756.4
2.001,0.0388202,2,1.44537,0.041665,2.01251,34373
2.001,0.0388202,2,1.44537,0.041665,2.01551,35503.7
2.001,0.0388202,2,1.44537,0.041665,2.01851,41671.7
2.001,0.0388202,2,1.44537,0.041665,2.02151,35713.7
2.001,0.0388202,2,1.44537,0.041665,2.02451,41285.8
2.001,0.0388202,2,1.44537,0.041665,2.02751,41524
2.001,0.0388202,2,1.44537,0.041665,2.03052,40557.9
2.001,0.0388202,2,1.44537,0.041665,2.03352,39005.5
2.001,0.0388202,2,1.44537,0.041665,2.03652,38201.9
2.001,0.0388202,2,1.44537,0.041665,2.03952,38843.2
2.001,0.0388202,2,1.44537,0.041665,2.04252,41494.8
2.001,0.0388202,2,1.44537,0.041665,2.04552,43254.1
2.001,0.0388202,2,1.44537,0.041665,2.04852,42993.6
2.001,0.0388202,2,1.44537,0.041665,2.05153,40045.5
2.001,0.0388202,2,1.44537,0.041665,2.05453,42166.8
2.001,0.0388202,2,1.44537,0.041665,2.05753,47532.7
2.001,0.0388202,2,1.44537,0.041665,2.06053,42155.2
2.001,0.0388202,2,1.44537,0.041665,2.06353,45770.9
2.001,0.0388202,2,1.44537,0.041665,2.06653,44916.6
2.001,0.0388202,2,1.44537,0.041665,2.06953,44088.3
2.001,0.0388202,2,1.44537,0.041665,2.07254,44263.5
2.001,0.0388202,2,1.44537,0.041665,2.07554,43135.4
2.001,0.0388202,2,1.44537,0.041665,2.07854,48046.2
2.001,0.0388202,2,1.44537,0.041665,2.08154,45976.2
2.001,0.0388202,2,1.44537,0.041665,2.08454,44234.5
2.001,0.0388202,2,1.44537,0.041665,2.08754,46122.3
2.001,0.0388202,2,1.44537,0.041665,2.09055,45121.5
2.001,0.0388202,2,1.44537,0.041665,2.09355,53912.6
2.001,0.0388202,2,1.44537,0.041665,2.09655,48029.8
2.001,0.0388202,2,1.44537,0.041665,2.09955,46291.5
2.001,0.0388202,2,1.44537,0.041665,2.10255,56923.5
2.001,0.0388202,2,1.44537,0.041665,2.10555,49190.1
2.001,0.0388202,2,1.44537,0.041665,2.10855,56522.1
2.001,0.0388202,2,1.44537,0.041665,2.11156,52684.1
2.001,0.0388202,2,1.44537,0.041665,2.11456,46796.2
2.001,0.0388202,2,1.44537,0.041665,2.11756,48754.6
2.001,0.0388202,2,1.44537,0.041665,2.12056,55158.1
2.001,0.0388202,2,1.44537,0.041665,2.12356,49032.9
2.001,0.0388202,2,1.44537,0.041665,2.12656,52590.9
2.001,0.0388202,2,1.44537,0.041665,2.12956,49347.9
2.001,0.0388202,2,1.44537,0.041665,2.13257,50725.8
2.001,0.0388202,2,1.44537,0.041665,2.13557,49293
2.001,0.0388202,2,1.44537,0.041665,2.13857,50592.7
2.001,0.0388202,2,1.44537,0.041665,2.14157,56681.2
2.001,0.0388202,2,1.44537,0.041665,2.14457,56898.1
2.001,0.0388202,2,1.44537,0.041665,2.14757,53163.2
2.001,0.0388202,2,1.44537,0.041665,2.15058,55794.1
2.001,0.0388202,2,1.44537,0.041665,2.15358,52822.2
2.001,0.0388202,2,1.44537,0.041665,2.15658,55096.3
2.001,0.0388202,2,1.44537,0.041665,2.15958,51647.9
2.001,0.0388202,2,1.44537,0.041665,2.16258,52996.4
2.001,0.0388202,2,1.44537,0.041665,2.16558,55936.7
2.001,0.0388202,2,1.44537,0.041665,2.16858,52779.2
2.001,0.0388202,2,1.44537,0.041665,2.17159,53872.4
2.001,0.0388202,2,1.44537,0.041665,2.17459,57986.9
2.001,0.0388202,2,1.44537,0.041665,2.17759,55534.8
2.001,0.0388202,2,1.44537,0.041665,2.18059,57447.6
2.001,0.0388202,2,1.44537,0.041665,2.18359,58079.3
2.001,0.0388202,2,1.44537,0.041665,2.18659,57418.8
2.001,0.0388202,2,1.44537,0.041665,2.18959,56003.6
2.001,0.0388202,2,1.44537,0.041665,2.1926,60266.3
2.001,0.0388202,2,1.44537,0.041665,2.1956,61333.5
2.001,0.0388202,2,1.44537,0.041665,2.1986,57940
2.001,0.0388202,2,1.44537,0.041665,2.2016,60892.3
2.001,0.0388202,2,1.44537,0.041665,2.2046,64319
2.001,0.0388202,2,1.44537,0.041665,2.2076,58423.6
2.001,0.0388202,2,1.44537,0.041665,2.21061,61137.4
2.001,0.0388202,2,1.44537,0.041665,2.21361,58900.6
2.001,0.0388202,2,1.44537,0.041665,2.21661,58748.9
2.001,0.0388202,2,1.44537,0.041665,2.21961,61783.1
2.001,0.0388202,2,1.44537,0.041665,2.22261,62626.9
2.001,0.0388202,2,1.44537,0.041665,2.22561,59285.8
2.001,0.0388202,2,1.44537,0.041665,2.22861,64157.2
2.001,0.0388202,2,1.44537,0.041665,2.23162,64750.4
2.001,0.0388202,2,1.44537,0.041665,2.23462,60739
2.001,0.0388202,2,1.44537,0.041665,2.23762,63274.7
2.001,0.0388202,2,1.44537,0.041665,2.24062,61488
2.001,0.0388202,2,1.44537,0.041665,2.24362,62233.9
2.001,0.0388202,2,1.44537,0.041665,2.24662,63772.6
2.001,0.0388202,2,1.44537,0.041665,2.24962,62002
2.001,0.0388202,2,1.44537,0.041665,2.25263,63055.2
2.001,0.0388202,2,1.44537,0.041665,2.25563,63821.8
2.001,0.0388202,2,1.44537,0.041665,2.25863,61601.3
2.001,0.0388202,2,1.44537,0.041665,2.26163,67442.5
2.001,0.0388202,2,1.44537,0.041665,2.26463,65910.5
2.001,0.0388202,2,1.44537,0.041665,2.26763,66824.1
2.001,0.0388202,2,1.44537,0.041665,2.27064,66227.7
2.001,0.0388202,2,1.44537,0.041665,2.27364,65626.7
2.001,0.0388202,2,1.44537,0.041665,2.27664,69185.6
2.001,0.0388202,2,1.44537,0.041665,2.27964,71395.9
2.001,0.0388202,2,1.44537,0.041665,2.28264,67643.2
2.001,0.0388202,2,1.44537,0.041665,2.28564,68898.3
2.001,0.0388202,2,1.44537,0.041665,2.28864,66373.1
2.001,0.0388202,2,1.44537,0.041665,2.29165,71973.2
2.001,0.0388202,2,1.44537,0.041665,2.29465,69224.7
2.001,0.0388202,2,1.44537,0.041665,2.29765,66377.5
2.001,0.0388202,2,1.44537,0.041665,2.30065,66239.5
2.001,0.0388202,2,1.44537,0.041665,2.30365,70317
2.001,0.0388202,2,1.44537,0.041665,2.30665,68644.9
2.001,0.0388202,2,1.44537,0.041665,2.30965,67136.7
2.001,0.0388202,2,1.44537,0.041665,2.31266,70417.9
2.001,0.0388202,2,1.44537,0.041665,2.31566,70879.7
2.001,0.0388202,2,1.44537,0.041665,2.31866,70764.9
2.001,0.0388202,2,1.44537,0.041665,2.32166,71670.9
2.001,0.0388202,2,1.44537,0.041665,2.32466,70667.2
2.001,0.0388202,2,1.44537,0.041665,2.32766,70262
2.001,0.0388202,2,1.44537,0.041665,2.33067,74890.7
2.001,0.0388202,2,1.44537,0.041665,2.33367,75679.4
2.001,0.0388202,2,1.44537,0.041665,2.33667,69930.1
2.001,0.0388202,2,1.44537,0.041665,2.33967,70374.5
2.001,0.0388202,2,1.44537,0.041665,2.34267,73269.4
2.001,0.0388202,2,1.44537,0.041665,2.34567,73736.6
2.001,0.0388202,2,1.44537,0.041665,2.34867,78927.7
2.001,0.0388202,2,1.44537,0.041665,2.35168,77841.3
2.001,0.0388202,2,1.44537,0.041665,2.35468,75450.9
2.001,0.0388202,2,1.44537,0.041665,2.35768,74061.3
2.001,0.0388202,2,1.44537,0.041665,2.36068,76885.8
2.001,0.0388202,2,1.44537,0.041665,2.36368,79803
2.001,0.0388202,2,1.44537,0.041665,2.36668,80099.7
2.001,0.0388202,2,1.44537,0.041665,2.36968,73684.9
2.001,0.0388202,2,1.44537,0.041665,2.37269,83114
2.001,0.0388202,2,1.44537,0.041665,2.37569,81480.5
2.001,0.0388202,2,1.44537,0.041665,2.37869,80712.2
2.001,0.0388202,2,1.44537,0.041665,2.38169,78526.8
2.001,0.0388202,2,1.44537,0.041665,2.38469,84444.9
2.001,0.0388202,2,1.44537,0.041665,2.38769,81812.1
2.001,0.0388202,2,1.44537,0.041665,2.3907,84694.8
2.001,0.0388202,2,1.44537,0.041665,2.3937,81731.7
2.001,0.0388202,2,1.44537,0.041665,2.3967,81265.9
2.001,0.0388202,2,1.44537,0.041665,2.3997,77986.6
2.001,0.0388202,2,1.44537,0.041665,2.4027,78489.5
2.001,0.0388202,2,1.44537,0.041665,2.4057,79964
2.001,0.0388202,2,1.44537,0.041665,2.4087,78499.5
2.001,0.0388202,2,1.44537,0.041665,2.41171,83004.2
2.001,0.0388202,2,1.44537,0.041665,2.41471,79305.1
2.001,0.0388202,2,1.44537,0.041665,2.41771,82319.2
2.001,0.0388202,2,1.44537,0.041665,2.42071,81282.8
2.001,0.0388202,2,1.44537,0.041665,2.42371,81768.1
2.001,0.0388202,2,1.44537,0.041665,2.42671,84537
2.001,0.0388202,2,1.44537,0.041665,2.42971,80522.4
2.001,0.0388202,2,1.44537,0.041665,2.43272,81518.2
2.001,0.0388202,2,1.44537,0.041665,2.43572,84716.6
2.001,0.0388202,2,1.44537,0.041665,2.43872,83578.9
2.001,0.0388202,2,1.44537,0.041665,2.44172,84808.7
2.001,0.0388202,2,1.44537,0.041665,2.44472,88553.6
2.001,0.0388202,2,1.44537,0.041665,2.44772,87602.6
2.001,0.0388202,2,1.44537,0.041665,2.45073,90903.7
2.001,0.0388202,2,1.44537,0.041665,2.45373,86948.8
2.001,0.0388202,2,1.44537,0.041665,2.45673,86303.1
2.001,0.0388202,2,1.44537,0.041665,2.45973,91721.8
2.001,0.0388202,2,1.44537,0.041665,2.46273,95311
2.001,0.0388202,2,1.44537,0.041665,2.46573,88836.5
2.001,0.0388202,2,1.44537,0.041665,2.46873,88704.1
2.001,0.0388202,2,1.44537,0.041665,2.47174,86146.6
2.001,0.0388202,2,1.44537,0.041665,2.47474,87018.4
2.001,0.0388202,2,1.44537,0.041665,2.47774,90824.5
2.001,0.0388202,2,1.44537,0.041665,2.48074,87999.2
2.001,0.0388202,2,1.44537,0.041665,2.48374,90204.8
2.001,0.0388202,2,1.44537,0.041665,2.48674,95466.8
2.001,0.0388202,2,1.44537,0.041665,2.48974,89663.2
2.001,0.0388202,2,1.44537,0.041665,2.49275,87657.3
2.001,0.0388202,2,1.44537,0.041665,2.49575,91848.9
2.001,0.0388202,2,1.44537,0.041665,2.49875,98660.1
2.001,0.0388202,2,1.44537,0.041665,2.50175,89030.5
2.001,0.0388202,2,1.44537,0.041665,2.50475,97200.2
2.001,0.0388202,2,1.44537,0.041665,2.50775,94951.7
2.001,0.0388202,2,1.44537,0.041665,2.51076,97767.6
2.001,0.0388202,2,1.44537,0.041665,2.51376,94400.7
2.001,0.0388202,2,1.44537,0.041665,2.51676,92081.3
2.001,0.0388202,2,1.44537,0.041665,2.51976,93570.4
2.001,0.0388202,2,1.44537,0.041665,2.52276,98549.6
2.001,0.0388202,2,1.44537,0.041665,2.52576,92410.1
2.001,0.0388202,2,1.44537,0.041665,2.52876,102237
2.001,0.0388202,2,1.44537,0.041665,2.53177,100165
2.001,0.0388202,2,1.44537,0.041665,2.53477,97459.7
2.001,0.0388202,2,1.44537,0.041665,2.53777,99033.1
2.001,0.0388202,2,1.44537,0.041665,2.54077,103064
2.001,0.0388202,2,1.44537,0.041665,2.54377,94163.3
2.001,0.0388202,2,1.44537,0.041665,2.54677,96837.8
2.001,0.0388202,2,1.44537,0.041665,2.54977,104215
2.001,0.0388202,2,1.44537,0.041665,2.55278,100918
2.001,0.0388202,2,1.44537,0.041665,2.55578,101579
2.001,0.0388202,2,1.44537,0.041665,2.55878,101506
2.001,0.0388202,2,1.44537,0.041665,2.56178,99365.5
2.001,0.0388202,2,1.44537,0.041665,2.56478,99432.2
2.001,0.0388202,2,1.44537,0.041665,2.56778,105772
2.001,0.0388202,2,1.44537,0.041665,2.57079,107599
2.001,0.0388202,2,1.44537,0.041665,2.57379,100975
2.001,0.0388202,2,1.44537,0.041665,2.57679,102195
2.001,0.0388202,2,1.44537,0.041665,2.57979,101584
2.001,0.0388202,2,1.44537,0.041665,2.58279,104990
2.001,0.0388202,2,1.44537,0.041665,2.58579,101636
2.001,0.0388202,2,1.44537,0.041665,2.58879,102166
2.001,0.0388202,2,1.44537,0.041665,2.5918,104071
2.001,0.0388202,2,1.44537,0.041665,2.5948,107450
2.001,0.0388202,2,1.44537,0.041665,2.5978,104660
2.001,0.0388202,2,1.44537,0.041665,2.6008,112548
2.001,0.0388202,2,1.44537,0.041665,2.6038,106969
2.001,0.0388202,2,1.44537,0.041665,2.6068,103642
2.001,0.0388202,2,1.44537,0.041665,2.6098,105908
2.001,0.0388202,2,1.44537,0.041665,2.61281,118610
2.001,0.0388202,2,1.44537,0.041665,2.61581,112094
2.001,0.0388202,2,1.44537,0.041665,2.61881,108141
2.001,0.0388202,2,1.44537,0.041665,2.62181,107689
2.001,0.0388202,2,1.44537,0.041665,2.62481,110002
2.001,0.0388202,2,1.44537,0.041665,2.62781,114681
2.001,0.0388202,2,1.44537,0.041665,2.63082,115514
2.001,0.0388202,2,1.44537,0.041665,2.63382,117004
2.001,0.0388202,2,1.44537,0.041665,2.63682,108255
2.001,0.0388202,2,1.44537,0.041665,2.63982,110734
2.001,0.0388202,2,1.44537,0.041665,2.64282,110135
2.001,0.0388202,2,1.44537,0.041665,2.64582,115034
2.001,0.0388202,2,1.44537,0.041665,2.64882,111175
2.001,0.0388202,2,1.44537,0.041665,2.65183,115604
2.001,0.0388202,2,1.44537,0.041665,2.65483,112380
2.001,0.0388202,2,1.44537,0.041665,2.65783,111372
2.001,0.0388202,2,1.44537,0.041665,2.66083,114078
2.001,0.0388202,2,1.44537,0.041665,2.66383,130023
2.001,0.0388202,2,1.44537,0.041665,2.66683,117615
2.001,0.0388202,2,1.44537,0.041665,2.66983,115293
2.001,0.0388202,2,1.44537,0.041665,2.67284,113673
2.001,0.0388202,2,1.44537,0.041665,2.67584,117837
2.001,0.0388202,2,1.44537,0.041665,2.67884,118299
2.001,0.0388202,2,1.44537,0.041665,2.68184,116206
2.001,0.0388202,2,1.44537,0.041665,2.68484,116729
2.001,0.0388202,2,1.44537,0.041665,2.68784,116596
2.001,0.0388202,2,1.44537,0.041665,2.69085,119261
2.001,0.0388202,2,1.44537,0.041665,2.69385,119326
2.001,0.0388202,2,1.44537,0.041665,2.69685,125176
2.001,0.0388202,2,1.44537,0.041665,2.69985,118979
2.001,0.0388202,2,1.44537,0.041665,2.70285,123473
2.001,0.0388202,2,1.44537,0.041665,2.70585,119015
2.001,0.0388202,2,1.44537,0.041665,2.70885,126902
2.001,0.0388202,2,1.44537,0.041665,2.71186,127897
2.001,0.0388202,2,1.44537,0.041665,2.71486,123927
2.001,0.0388202,2,1.44537,0.041665,2.71786,127956
2.001,0.0388202,2,1.44537,0.041665,2.72086,124168
2.001,0.0388202,2,1.44537,0.041665,2.72386,125220
2.001,0.0388202,2,1.44537,0.041665,2.72686,122860
2.001,0.0388202,2,1.44537,0.041665,2.72986,126221
2.001,0.0388202,2,1.44537,0.041665,2.73287,125045
2.001,0.0388202,2,1.44537,0.041665,2.73587,127936
2.001,0.0388202,2,1.44537,0.041665,2.73887,131126
2.001,0.0388202,2,1.44537,0.041665,2.74187,132590
2.001,0.0388202,2,1.44537,0.041665,2.74487,130036
2.001,0.0388202,2,1.44537,0.041665,2.74787,131980
2.001,0.0388202,2,1.44537,0.041665,2.75088,136233
2.001,0.0388202,2,1.44537,0.041665,2.75388,130656
2.001,0.0388202,2,1.44537,0.041665,2.75688,131350
2.001,0.0388202,2,1.44537,0.041665,2.75988,138423
2.001,0.0388202,2,1.44537,0.041665,2.76288,140239
2.001,0.0388202,2,1.44537,0.041665,2.76588,129006
2.001,0.0388202,2,1.44537,0.041665,2.76888,130930
2.001,0.0388202,2,1.44537,0.041665,2.77189,131013
2.001,0.0388202,2,1.44537,0.041665,2.77489,144639
2.001,0.0388202,2,1.44537,0.041665,2.77789,131248
2.001,0.0388202,2,1.44537,0.041665,2.78089,140936
2.001,0.0388202,2,1.44537,0.041665,2.78389,134174
2.001,0.0388202,2,1.44537,0.041665,2.78689,132542
2.001,0.0388202,2,1.44537,0.041665,2.78989,143454
2.001,0.0388202,2,1.44537,0.041665,2.7929,135689
2.001,0.0388202,2,1.44537,0.041665,2.7959,136949
2.001,0.0388202,2,1.44537,0.041665,2.7989,142804
2.001,0.0388202,2,1.44537,0.041665,2.8019,135818
2.001,0.0388202,2,1.44537,0.041665,2.8049,148346
2.001,0.0388202,2,1.44537,0.041665,2.8079,141172
2.001,0.0388202,2,1.44537,0.041665,2.81091,138108
2.001,0.0388202,2,1.44537,0.041665,2.81391,148104
2.001,0.0388202,2,1.44537,0.041665,2.81691,139743
2.001,0.0388202,2,1.44537,0.041665,2.81991,146120
2.001,0.0388202,2,1.44537,0.041665,2.82291,143893
2.001,0.0388202,2,1.44537,0.041665,2.82591,144279
2.001,0.0388202,2,1.44537,0.041665,2.82891,144178
2.001,0.0388202,2,1.44537,0.041665,2.83192,141000
2.001,0.0388202,2,1.44537,0.041665,2.83492,150397
2.001,0.0388202,2,1.44537,0.041665,2.83792,151386
2.001,0.0388202,2,1.44537,0.041665,2.84092,145166
2.001,0.0388202,2,1.44537,0.041665,2.84392,148952
2.001,0.0388202,2,1.44537,0.041665,2.84692,158154
2.001,0.0388202,2,1.44537,0.041665,2.84992,154939
2.001,0.0388202,2,1.44537,0.041665,2.85293,149181
2.001,0.0388202,2,1.44537,0.041665,2.85593,154491
2.001,0.0388202,2,1.44537,0.041665,2.85893,146830
2.001,0.0388202,2,1.44537,0.041665,2.86193,147051
2.001,0.0388202,2,1.44537,0.041665,2.86493,150419
2.001,0.0388202,2,1.44537,0.041665,2.86793,150325
2.001,0.0388202,2,1.44537,0.041665,2.87094,153019
2.001,0.0388202,2,1.44537,0.041665,2.87394,150129
2.001,0.0388202,2,1.44537,0.041665,2.87694,156069
2.001,0.0388202,2,1.44537,0.041665,2.87994,156909
2.001,0.0388202,2,1.44537,0.041665,2.88294,164820
2.001,0.0388202,2,1.44537,0.041665,2.88594,161551
2.001,0.0388202,2,1.44537,0.041665,2.88894,157339
2.001,0.0388202,2,1.44537,0.041665,2.89195,155061
2.001,0.0388202,2,1.44537,0.041665,2.89495,162165
2.001,0.0388202,2,1.44537,0.041665,2.89795,159577
2.001,0.0388202,2,1.44537,0.041665,2.90095,164589
2.001,0.0388202,2,1.44537,0.041665,2.90395,166888
2.001,0.0388202,2,1.44537,0.041665,2.90695,175329
2.001,0.0388202,2,1.44537,0.041665,2.90995,165175
2.001,0.0388202,2,1.44537,0.041665,2.91296,162763
2.001,0.0388202,2,1.44537,0.041665,2.91596,162635
2.001,0.0388202,2,1.44537,0.041665,2.91896,163319
2.001,0.0388202,2,1.44537,0.041665,2.92196,166585
2.001,0.0388202,2,1.44537,0.041665,2.92496,161444
2.001,0.0388202,2,1.44537,0.041665,2.92796,164435
2.001,0.0388202,2,1.44537,0.041665,2.93097,176202
2.001,0.0388202,2,1.44537,0.041665,2.93397,171492
2.001,0.0388202,2,1.44537,0.041665,2.93697,169318
2.001,0.0388202,2,1.44537,0.041665,2.93997,169357
2.001,0.0388202,2,1.44537,0.041665,2.94297,177759
2.001,0.0388202,2,1.44537,0.041665,2.94597,167681
2.001,0.0388202,2,1.44537,0.041665,2.94897,176121
2.001,0.0388202,2,1.44537,0.041665,2.95198,171667
2.001,0.0388202,2,1.44537,0.041665,2.95498,168761
2.001,0.0388202,2,1.44537,0.041665,2.95798,172561
2.001,0.0388202,2,1.44537,0.041665,2.96098,171524
2.001,0.0388202,2,1.44537,0.041665,2.96398,184735
2.001,0.0388202,2,1.44537,0.041665,2.96698,184816
2.001,0.0388202,2,1.44537,0.041665,2.96998,177411
2.001,0.0388202,2,1.44537,0.041665,2.97299,184464
2.001,0.0388202,2,1.44537,0.041665,2.97599,177736
2.001,0.0388202,2,1.44537,0.041665,2.97899,175084
2.001,0.0388202,2,1.44537,0.041665,2.98199,181181
2.001,0.0388202,2,1.44537,0.041665,2.98499,179885
2.001,0.0388202,2,1.44537,0.041665,2.98799,184060
2.001,0.0388202,2,1.44537,0.041665,2.991,177949
2.001,0.0388202,2,1.44537,0.041665,2.994,190739
2.001,0.0388202,2,1.44537,0.041665,2.997,189324
2.001,0.0388202,2,1.44537,0.041665,3,182297

