2.6,0.00836158,2,0.0609759,0.00836158,-3,-266591
2.6,0.00836158,2,0.0609759,0.00836158,-2.997,-252236
2.6,0.00836158,2,0.0609759,0.00836158,-2.994,-292371
2.6,0.00836158,2,0.0609759,0.00836158,-2.991,-295217
2.6,0.00836158,2,0.0609759,0.00836158,-2.98799,-261893
2.6,0.00836158,2,0.0609759,0.00836158,-2.98499,-266323
2.6,0.00836158,2,0.0609759,0.00836158,-2.98199,-265910
2.6,0.00836158,2,0.0609759,0.00836158,-2.97899,-309342
2.6,0.00836158,2,0.0609759,0.00836158,-2.97599,-257316
2.6,0.00836158,2,0.0609759,0.00836158,-2.97299,-303753
2.6,0.00836158,2,0.0609759,0.00836158,-2.96998,-288073
2.6,0.00836158,2,0.0609759,0.00836158,-2.96698,-306209
2.6,0.00836158,2,0.0609759,0.00836158,-2.96398,-291467
2.6,0.00836158,2,0.0609759,0.00836158,-2.96098,-264949
2.6,0.00836158,2,0.0609759,0.00836158,-2.95798,-270003
2.6,0.00836158,2,0.0609759,0.00836158,-2.95498,-272876
2.6,0.00836158,2,0.0609759,0.00836158,-2.95198,-315458
2.6,0.00836158,2,0.0609759,0.00836158,-2.94897,-308854
2.6,0.00836158,2,0.0609759,0.00836158,-2.94597,-268472
2.6,0.00836158,2,0.0609759,0.00836158,-2.94297,-263378
2.6,0.00836158,2,0.0609759,0.00836158,-2.93997,-249073
2.6,0.00836158,2,0.0609759,0.00836158,-2.93697,-276749
2.6,0.00836158,2,0.0609759,0.00836158,-2.93397,-267738
2.6,0.00836158,2,0.0609759,0.00836158,-2.93097,-281273
2.6,0.00836158,2,0.0609759,0.00836158,-2.92796,-250893
2.6,0.00836158,2,0.0609759,0.00836158,-2.92496,-269732
2.6,0.00836158,2,0.0609759,0.00836158,-2.92196,-309875
2.6,0.00836158,2,0.0609759,0.00836158,-2.91896,-325730
2.6,0.00836158,2,0.0609759,0.00836158,-2.91596,-252315
2.6,0.00836158,2,0.0609759,0.00836158,-2.91296,-279125
2.6,0.00836158,2,0.0609759,0.00836158,-2.90995,-292816
2.6,0.00836158,2,0.0609759,0.00836158,-2.90695,-271019
2.6,0.00836158,2,0.0609759,0.00836158,-2.90395,-295475
2.6,0.00836158,2,0.0609759,0.00836158,-2.90095,-315893
2.6,0.00836158,2,0.0609759,0.00836158,-2.89795,-280755
2.6,0.00836158,2,0.0609759,0.00836158,-2.89495,-257103
2.6,0.00836158,2,0.0609759,0.00836158,-2.89195,-255941
2.6,0.00836158,2,0.0609759,0.00836158,-2.88894,-268971
2.6,0.00836158,2,0.0609759,0.00836158,-2.88594,-255793
2.6,0.00836158,2,0.0609759,0.00836158,-2.88294,-252512
2.6,0.00836158,2,0.0609759,0.00836158,-2.87994,-259186
2.6,0.00836158,2,0.0609759,0.00836158,-2.87694,-323578
2.6,0.00836158,2,0.0609759,0.00836158,-2.87394,-277807
2.6,0.00836158,2,0.0609759,0.00836158,-2.87094,-264877
2.6,0.00836158,2,0.0609759,0.00836158,-2.86793,-250515
2.6,0.00836158,2,0.0609759,0.00836158,-2.86493,-271225
2.6,0.00836158,2,0.0609759,0.00836158,-2.86193,-322201
2.6,0.00836158,2,0.0609759,0.00836158,-2.85893,-252445
2.6,0.00836158,2,0.0609759,0.00836158,-2.85593,-299243
2.6,0.00836158,2,0.0609759,0.00836158,-2.85293,-290574
2.6,0.00836158,2,0.0609759,0.00836158,-2.84992,-258834
2.6,0.00836158,2,0.0609759,0.00836158,-2.84692,-306285
2.6,0.00836158,2,0.0609759,0.00836158,-2.84392,-298487
2.6,0.00836158,2,0.0609759,0.00836158,-2.84092,-261010
2.6,0.00836158,2,0.0609759,0.00836158,-2.83792,-260806
2.6,0.00836158,2,0.0609759,0.00836158,-2.83492,-295552
2.6,0.00836158,2,0.0609759,0.00836158,-2.83192,-296286
2.6,0.00836158,2,0.0609759,0.00836158,-2.82891,-291716
2.6,0.00836158,2,0.0609759,0.00836158,-2.82591,-312464
2.6,0.00836158,2,0.0609759,0.00836158,-2.82291,-257447
2.6,0.00836158,2,0.0609759,0.00836158,-2.81991,-318840
2.6,0.00836158,2,0.0609759,0.00836158,-2.81691,-279793
2.6,0.00836158,2,0.0609759,0.00836158,-2.81391,-285270
2.6,0.00836158,2,0.0609759,0.00836158,-2.81091,-282244
2.6,0.00836158,2,0.0609759,0.00836158,-2.8079,-299787
2.6,0.00836158,2,0.0609759,0.00836158,-2.8049,-298687
2.6,0.00836158,2,0.0609759,0.00836158,-2.8019,-281847
2.6,0.00836158,2,0.0609759,0.00836158,-2.7989,-275512
2.6,0.00836158,2,0.0609759,0.00836158,-2.7959,-276939
2.6,0.00836158,2,0.0609759,0.00836158,-2.7929,-310654
2.6,0.00836158,2,0.0609759,0.00836158,-2.78989,-260505
2.6,0.00836158,2,0.0609759,0.00836158,-2.78689,-307410
2.6,0.00836158,2,0.0609759,0.00836158,-2.78389,-311726
2.6,0.00836158,2,0.0609759,0.00836158,-2.78089,-288330
2.6,0.00836158,2,0.0609759,0.00836158,-2.77789,-264325
2.6,0.00836158,2,0.0609759,0.00836158,-2.77489,-320816
2.6,0.00836158,2,0.0609759,0.00836158,-2.77189,-256431
2.6,0.00836158,2,0.0609759,0.00836158,-2.76888,-270479
2.6,0.00836158,2,0.0609759,0.00836158,-2.76588,-305110
2.6,0.00836158,2,0.0609759,0.00836158,-2.76288,-268205
2.6,0.00836158,2,0.0609759,0.00836158,-2.75988,-284344
2.6,0.00836158,2,0.0609759,0.00836158,-2.75688,-267191
2.6,0.00836158,2,0.0609759,0.00836158,-2.75388,-319340
2.6,0.00836158,2,0.0609759,0.00836158,-2.75088,-263881
2.6,0.00836158,2,0.0609759,0.00836158,-2.74787,-313647
2.6,0.00836158,2,0.0609759,0.00836158,-2.74487,-291158
2.6,0.00836158,2,0.0609759,0.00836158,-2.74187,-326261
2.6,0.00836158,2,0.0609759,0.00836158,-2.73887,-318404
2.6,0.00836158,2,0.0609759,0.00836158,-2.73587,-278858
2.6,0.00836158,2,0.0609759,0.00836158,-2.73287,-295973
2.6,0.00836158,2,0.0609759,0.00836158,-2.72986,-269447
2.6,0.00836158,2,0.0609759,0.00836158,-2.72686,-323240
2.6,0.00836158,2,0.0609759,0.00836158,-2.72386,-257010
2.6,0.00836158,2,0.0609759,0.00836158,-2.72086,-285409
2.6,0.00836158,2,0.0609759,0.00836158,-2.71786,-256077
2.6,0.00836158,2,0.0609759,0.00836158,-2.71486,-304764
2.6,0.00836158,2,0.0609759,0.00836158,-2.71186,-256881
2.6,0.00836158,2,0.0609759,0.00836158,-2.70885,-323324
2.6,0.00836158,2,0.0609759,0.00836158,-2.70585,-287355
2.6,0.00836158,2,0.0609759,0.00836158,-2.70285,-265226
2.6,0.00836158,2,0.0609759,0.00836158,-2.69985,-274431
2.6,0.00836158,2,0.0609759,0.00836158,-2.69685,-252303
2.6,0.00836158,2,0.0609759,0.00836158,-2.69385,-317374
2.6,0.00836158,2,0.0609759,0.00836158,-2.69085,-263628
2.6,0.00836158,2,0.0609759,0.00836158,-2.68784,-299518
2.6,0.00836158,2,0.0609759,0.00836158,-2.68484,-298271
2.6,0.00836158,2,0.0609759,0.00836158,-2.68184,-255474
2.6,0.00836158,2,0.0609759,0.00836158,-2.67884,-260538
2.6,0.00836158,2,0.0609759,0.00836158,-2.67584,-298982
2.6,0.00836158,2,0.0609759,0.00836158,-2.67284,-314077
2.6,0.00836158,2,0.0609759,0.00836158,-2.66983,-262052
2.6,0.00836158,2,0.0609759,0.00836158,-2.66683,-292612
2.6,0.00836158,2,0.0609759,0.00836158,-2.66383,-255560
2.6,0.00836158,2,0.0609759,0.00836158,-2.66083,-286594
2.6,0.00836158,2,0.0609759,0.00836158,-2.65783,-255421
2.6,0.00836158,2,0.0609759,0.00836158,-2.65483,-274041
2.6,0.00836158,2,0.0609759,0.00836158,-2.65183,-262005
2.6,0.00836158,2,0.0609759,0.00836158,-2.64882,-288005
2.6,0.00836158,2,0.0609759,0.00836158,-2.64582,-321693
2.6,0.00836158,2,0.0609759,0.00836158,-2.64282,-273353
2.6,0.00836158,2,0.0609759,0.00836158,-2.63982,-315203
2.6,0.00836158,2,0.0609759,0.00836158,-2.63682,-275473
2.6,0.00836158,2,0.0609759,0.00836158,-2.63382,-285579
2.6,0.00836158,2,0.0609759,0.00836158,-2.63082,-272794
2.6,0.00836158,2,0.0609759,0.00836158,-2.62781,-255716
2.6,0.00836158,2,0.0609759,0.00836158,-2.62481,-284827
2.6,0.00836158,2,0.0609759,0.00836158,-2.62181,-272602
2.6,0.00836158,2,0.0609759,0.00836158,-2.61881,-272282
2.6,0.00836158,2,0.0609759,0.00836158,-2.61581,-255933
2.6,0.00836158,2,0.0609759,0.00836158,-2.61281,-319521
2.6,0.00836158,2,0.0609759,0.00836158,-2.6098,-294491
2.6,0.00836158,2,0.0609759,0.00836158,-2.6068,-270164
2.6,0.00836158,2,0.0609759,0.00836158,-2.6038,-268803
2.6,0.00836158,2,0.0609759,0.00836158,-2.6008,-274434
2.6,0.00836158,2,0.0609759,0.00836158,-2.5978,-298608
2.6,0.00836158,2,0.0609759,0.00836158,-2.5948,-298540
2.6,0.00836158,2,0.0609759,0.00836158,-2.5918,-259758
2.6,0.00836158,2,0.0609759,0.00836158,-2.58879,-285452
2.6,0.00836158,2,0.0609759,0.00836158,-2.58579,-261399
2.6,0.00836158,2,0.0609759,0.00836158,-2.58279,-323604
2.6,0.00836158,2,0.0609759,0.00836158,-2.57979,-277528
2.6,0.00836158,2,0.0609759,0.00836158,-2.57679,-254250
2.6,0.00836158,2,0.0609759,0.00836158,-2.57379,-312138
2.6,0.00836158,2,0.0609759,0.00836158,-2.57079,-312235
2.6,0.00836158,2,0.0609759,0.00836158,-2.56778,-272964
2.6,0.00836158,2,0.0609759,0.00836158,-2.56478,-297146
2.6,0.00836158,2,0.0609759,0.00836158,-2.56178,-271501
2.6,0.00836158,2,0.0609759,0.00836158,-2.55878,-279810
2.6,0.00836158,2,0.0609759,0.00836158,-2.55578,-294261
2.6,0.00836158,2,0.0609759,0.00836158,-2.55278,-252706
2.6,0.00836158,2,0.0609759,0.00836158,-2.54977,-308415
2.6,0.00836158,2,0.0609759,0.00836158,-2.54677,-298119
2.6,0.00836158,2,0.0609759,0.00836158,-2.54377,-278028
2.6,0.00836158,2,0.0609759,0.00836158,-2.54077,-285599
2.6,0.00836158,2,0.0609759,0.00836158,-2.53777,-257769
2.6,0.00836158,2,0.0609759,0.00836158,-2.53477,-323579
2.6,0.00836158,2,0.0609759,0.00836158,-2.53177,-296264
2.6,0.00836158,2,0.0609759,0.00836158,-2.52876,-280435
2.6,0.00836158,2,0.0609759,0.00836158,-2.52576,-278054
2.6,0.00836158,2,0.0609759,0.00836158,-2.52276,-290129
2.6,0.00836158,2,0.0609759,0.00836158,-2.51976,-252495
2.6,0.00836158,2,0.0609759,0.00836158,-2.51676,-295633
2.6,0.00836158,2,0.0609759,0.00836158,-2.51376,-249935
2.6,0.00836158,2,0.0609759,0.00836158,-2.51076,-299576
2.6,0.00836158,2,0.0609759,0.00836158,-2.50775,-273823
2.6,0.00836158,2,0.0609759,0.00836158,-2.50475,-275677
2.6,0.00836158,2,0.0609759,0.00836158,-2.50175,-256875
2.6,0.00836158,2,0.0609759,0.00836158,-2.49875,-288855
2.6,0.00836158,2,0.0609759,0.00836158,-2.49575,-262632
2.6,0.00836158,2,0.0609759,0.00836158,-2.49275,-311272
2.6,0.00836158,2,0.0609759,0.00836158,-2.48974,-299425
2.6,0.00836158,2,0.0609759,0.00836158,-2.48674,-264262
2.6,0.00836158,2,0.0609759,0.00836158,-2.48374,-265107
2.6,0.00836158,2,0.0609759,0.00836158,-2.48074,-278209
2.6,0.00836158,2,0.0609759,0.00836158,-2.47774,-282476
2.6,0.00836158,2,0.0609759,0.00836158,-2.47474,-270581
2.6,0.00836158,2,0.0609759,0.00836158,-2.47174,-255151
2.6,0.00836158,2,0.0609759,0.00836158,-2.46873,-269864
2.6,0.00836158,2,0.0609759,0.00836158,-2.46573,-300478
2.6,0.00836158,2,0.0609759,0.00836158,-2.46273,-253139
2.6,0.00836158,2,0.0609759,0.00836158,-2.45973,-292879
2.6,0.00836158,2,0.0609759,0.00836158,-2.45673,-308134
2.6,0.00836158,2,0.0609759,0.00836158,-2.45373,-306666
2.6,0.00836158,2,0.0609759,0.00836158,-2.45073,-321349
2.6,0.00836158,2,0.0609759,0.00836158,-2.44772,-285660
2.6,0.00836158,2,0.0609759,0.00836158,-2.44472,-247863
2.6,0.00836158,2,0.0609759,0.00836158,-2.44172,-276305
2.6,0.00836158,2,0.0609759,0.00836158,-2.43872,-271680
2.6,0.00836158,2,0.0609759,0.00836158,-2.43572,-260933
2.6,0.00836158,2,0.0609759,0.00836158,-2.43272,-308033
2.6,0.00836158,2,0.0609759,0.00836158,-2.42971,-270456
2.6,0.00836158,2,0.0609759,0.00836158,-2.42671,-249196
2.6,0.00836158,2,0.0609759,0.00836158,-2.42371,-313922
2.6,0.00836158,2,0.0609759,0.00836158,-2.42071,-267351
2.6,0.00836158,2,0.0609759,0.00836158,-2.41771,-265490
2.6,0.00836158,2,0.0609759,0.00836158,-2.41471,-268411
2.6,0.00836158,2,0.0609759,0.00836158,-2.41171,-260782
2.6,0.00836158,2,0.0609759,0.00836158,-2.4087,-266977
2.6,0.00836158,2,0.0609759,0.00836158,-2.4057,-267519
2.6,0.00836158,2,0.0609759,0.00836158,-2.4027,-269228
2.6,0.00836158,2,0.0609759,0.00836158,-2.3997,-269457
2.6,0.00836158,2,0.0609759,0.00836158,-2.3967,-261723
2.6,0.00836158,2,0.0609759,0.00836158,-2.3937,-314709
2.6,0.00836158,2,0.0609759,0.00836158,-2.3907,-291630
2.6,0.00836158,2,0.0609759,0.00836158,-2.38769,-268162
2.6,0.00836158,2,0.0609759,0.00836158,-2.38469,-265763
2.6,0.00836158,2,0.0609759,0.00836158,-2.38169,-285760
2.6,0.00836158,2,0.0609759,0.00836158,-2.37869,-254889
2.6,0.00836158,2,0.0609759,0.00836158,-2.37569,-287169
2.6,0.00836158,2,0.0609759,0.00836158,-2.37269,-255363
2.6,0.00836158,2,0.0609759,0.00836158,-2.36968,-285198
2.6,0.00836158,2,0.0609759,0.00836158,-2.36668,-266373
2.6,0.00836158,2,0.0609759,0.00836158,-2.36368,-247477
2.6,0.00836158,2,0.0609759,0.00836158,-2.36068,-278867
2.6,0.00836158,2,0.0609759,0.00836158,-2.35768,-309407
2.6,0.00836158,2,0.0609759,0.00836158,-2.35468,-321744
2.6,0.00836158,2,0.0609759,0.00836158,-2.35168,-311090
2.6,0.00836158,2,0.0609759,0.00836158,-2.34867,-263899
2.6,0.00836158,2,0.0609759,0.00836158,-2.34567,-247853
2.6,0.00836158,2,0.0609759,0.00836158,-2.34267,-281621
2.6,0.00836158,2,0.0609759,0.00836158,-2.33967,-286226
2.6,0.00836158,2,0.0609759,0.00836158,-2.33667,-249687
2.6,0.00836158,2,0.0609759,0.00836158,-2.33367,-311121
2.6,0.00836158,2,0.0609759,0.00836158,-2.33067,-310202
2.6,0.00836158,2,0.0609759,0.00836158,-2.32766,-288763
2.6,0.00836158,2,0.0609759,0.00836158,-2.32466,-307637
2.6,0.00836158,2,0.0609759,0.00836158,-2.32166,-261585
2.6,0.00836158,2,0.0609759,0.00836158,-2.31866,-286173
2.6,0.00836158,2,0.0609759,0.00836158,-2.31566,-254066
2.6,0.00836158,2,0.0609759,0.00836158,-2.31266,-272141
2.6,0.00836158,2,0.0609759,0.00836158,-2.30965,-292872
2.6,0.00836158,2,0.0609759,0.00836158,-2.30665,-285469
2.6,0.00836158,2,0.0609759,0.00836158,-2.30365,-279507
2.6,0.00836158,2,0.0609759,0.00836158,-2.30065,-300608
2.6,0.00836158,2,0.0609759,0.00836158,-2.29765,-275497
2.6,0.00836158,2,0.0609759,0.00836158,-2.29465,-253888
2.6,0.00836158,2,0.0609759,0.00836158,-2.29165,-253803
2.6,0.00836158,2,0.0609759,0.00836158,-2.28864,-270181
2.6,0.00836158,2,0.0609759,0.00836158,-2.28564,-269637
2.6,0.00836158,2,0.0609759,0.00836158,-2.28264,-311749
2.6,0.00836158,2,0.0609759,0.00836158,-2.27964,-266524
2.6,0.00836158,2,0.0609759,0.00836158,-2.27664,-264588
2.6,0.00836158,2,0.0609759,0.00836158,-2.27364,-246634
2.6,0.00836158,2,0.0609759,0.00836158,-2.27064,-252729
2.6,0.00836158,2,0.0609759,0.00836158,-2.26763,-287106
2.6,0.00836158,2,0.0609759,0.00836158,-2.26463,-280396
2.6,0.00836158,2,0.0609759,0.00836158,-2.26163,-271525
2.6,0.00836158,2,0.0609759,0.00836158,-2.25863,-256517
2.6,0.00836158,2,0.0609759,0.00836158,-2.25563,-300474
2.6,0.00836158,2,0.0609759,0.00836158,-2.25263,-243665
2.6,0.00836158,2,0.0609759,0.00836158,-2.24962,-254599
2.6,0.00836158,2,0.0609759,0.00836158,-2.24662,-282311
2.6,0.00836158,2,0.0609759,0.00836158,-2.24362,-290008
2.6,0.00836158,2,0.0609759,0.00836158,-2.24062,-303555
2.6,0.00836158,2,0.0609759,0.00836158,-2.23762,-305965
2.6,0.00836158,2,0.0609759,0.00836158,-2.23462,-275169
2.6,0.00836158,2,0.0609759,0.00836158,-2.23162,-290938
2.6,0.00836158,2,0.0609759,0.00836158,-2.22861,-270636
2.6,0.00836158,2,0.0609759,0.00836158,-2.22561,-259348
2.6,0.00836158,2,0.0609759,0.00836158,-2.22261,-275444
2.6,0.00836158,2,0.0609759,0.00836158,-2.21961,-291137
2.6,0.00836158,2,0.0609759,0.00836158,-2.21661,-281282
2.6,0.00836158,2,0.0609759,0.00836158,-2.21361,-253632
2.6,0.00836158,2,0.0609759,0.00836158,-2.21061,-264232
2.6,0.00836158,2,0.0609759,0.00836158,-2.2076,-306171
2.6,0.00836158,2,0.0609759,0.00836158,-2.2046,-273325
2.6,0.00836158,2,0.0609759,0.00836158,-2.2016,-266240
2.6,0.00836158,2,0.0609759,0.00836158,-2.1986,-246081
2.6,0.00836158,2,0.0609759,0.00836158,-2.1956,-242348
2.6,0.00836158,2,0.0609759,0.00836158,-2.1926,-255117
2.6,0.00836158,2,0.0609759,0.00836158,-2.18959,-279523
2.6,0.00836158,2,0.0609759,0.00836158,-2.18659,-280856
2.6,0.00836158,2,0.0609759,0.00836158,-2.18359,-255665
2.6,0.00836158,2,0.0609759,0.00836158,-2.18059,-272090
2.6,0.00836158,2,0.0609759,0.00836158,-2.17759,-238789
2.6,0.00836158,2,0.0609759,0.00836158,-2.17459,-273686
2.6,0.00836158,2,0.0609759,0.00836158,-2.17159,-267838
2.6,0.00836158,2,0.0609759,0.00836158,-2.16858,-279015
2.6,0.00836158,2,0.0609759,0.00836158,-2.16558,-252054
2.6,0.00836158,2,0.0609759,0.00836158,-2.16258,-285705
2.6,0.00836158,2,0.0609759,0.00836158,-2.15958,-263174
2.6,0.00836158,2,0.0609759,0.00836158,-2.15658,-262727
2.6,0.00836158,2,0.0609759,0.00836158,-2.15358,-281961
2.6,0.00836158,2,0.0609759,0.00836158,-2.15058,-262941
2.6,0.00836158,2,0.0609759,0.00836158,-2.14757,-284988
2.6,0.00836158,2,0.0609759,0.00836158,-2.14457,-243235
2.6,0.00836158,2,0.0609759,0.00836158,-2.14157,-251633
2.6,0.00836158,2,0.0609759,0.00836158,-2.13857,-241542
2.6,0.00836158,2,0.0609759,0.00836158,-2.13557,-283126
2.6,0.00836158,2,0.0609759,0.00836158,-2.13257,-252824
2.6,0.00836158,2,0.0609759,0.00836158,-2.12956,-279165
2.6,0.00836158,2,0.0609759,0.00836158,-2.12656,-252793
2.6,0.00836158,2,0.0609759,0.00836158,-2.12356,-240032
2.6,0.00836158,2,0.0609759,0.00836158,-2.12056,-254578
2.6,0.00836158,2,0.0609759,0.00836158,-2.11756,-252051
2.6,0.00836158,2,0.0609759,0.00836158,-2.11456,-238276
2.6,0.00836158,2,0.0609759,0.00836158,-2.11156,-234940
2.6,0.00836158,2,0.0609759,0.00836158,-2.10855,-244531
2.6,0.00836158,2,0.0609759,0.00836158,-2.10555,-251675
2.6,0.00836158,2,0.0609759,0.00836158,-2.10255,-294339
2.6,0.00836158,2,0.0609759,0.00836158,-2.09955,-248659
2.6,0.00836158,2,0.0609759,0.00836158,-2.09655,-284480
2.6,0.00836158,2,0.0609759,0.00836158,-2.09355,-276018
2.6,0.00836158,2,0.0609759,0.00836158,-2.09055,-250452
2.6,0.00836158,2,0.0609759,0.00836158,-2.08754,-247932
2.6,0.00836158,2,0.0609759,0.00836158,-2.08454,-243843
2.6,0.00836158,2,0.0609759,0.00836158,-2.08154,-240281
2.6,0.00836158,2,0.0609759,0.00836158,-2.07854,-252734
2.6,0.00836158,2,0.0609759,0.00836158,-2.07554,-232566
2.6,0.00836158,2,0.0609759,0.00836158,-2.07254,-230947
2.6,0.00836158,2,0.0609759,0.00836158,-2.06953,-236575
2.6,0.00836158,2,0.0609759,0.00836158,-2.06653,-259687
2.6,0.00836158,2,0.0609759,0.00836158,-2.06353,-291655
2.6,0.00836158,2,0.0609759,0.00836158,-2.06053,-248412
2.6,0.00836158,2,0.0609759,0.00836158,-2.05753,-284615
2.6,0.00836158,2,0.0609759,0.00836158,-2.05453,-232693
2.6,0.00836158,2,0.0609759,0.00836158,-2.05153,-254337
2.6,0.00836158,2,0.0609759,0.00836158,-2.04852,-260234
2.6,0.00836158,2,0.0609759,0.00836158,-2.04552,-287760
2.6,0.00836158,2,0.0609759,0.00836158,-2.04252,-249999
2.6,0.00836158,2,0.0609759,0.00836158,-2.03952,-284525
2.6,0.00836158,2,0.0609759,0.00836158,-2.03652,-232167
2.6,0.00836158,2,0.0609759,0.00836158,-2.03352,-273053
2.6,0.00836158,2,0.0609759,0.00836158,-2.03052,-243340
2.6,0.00836158,2,0.0609759,0.00836158,-2.02751,-249217
2.6,0.00836158,2,0.0609759,0.00836158,-2.02451,-252813
2.6,0.00836158,2,0.0609759,0.00836158,-2.02151,-252777
2.6,0.00836158,2,0.0609759,0.00836158,-2.01851,-288200
2.6,0.00836158,2,0.0609759,0.00836158,-2.01551,-250727
2.6,0.00836158,2,0.0609759,0.00836158,-2.01251,-281490
2.6,0.00836158,2,0.0609759,0.00836158,-2.0095,-226379
2.6,0.00836158,2,0.0609759,0.00836158,-2.0065,-224680
2.6,0.00836158,2,0.0609759,0.00836158,-2.0035,-238607
2.6,0.00836158,2,0.0609759,0.00836158,-2.0005,-271519
2.6,0.00836158,2,0.0609759,0.00836158,-1.9975,-237044
2.6,0.00836158,2,0.0609759,0.00836158,-1.9945,-287797
2.6,0.00836158,2,0.0609759,0.00836158,-1.9915,-240731
2.6,0.00836158,2,0.0609759,0.00836158,-1.98849,-223761
2.6,0.00836158,2,0.0609759,0.00836158,-1.98549,-245500
2.6,0.00836158,2,0.0609759,0.00836158,-1.98249,-277511
2.6,0.00836158,2,0.0609759,0.00836158,-1.97949,-255128
2.6,0.00836158,2,0.0609759,0.00836158,-1.97649,-232956
2.6,0.00836158,2,0.0609759,0.00836158,-1.97349,-223764
2.6,0.00836158,2,0.0609759,0.00836158,-1.97049,-246796
2.6,0.00836158,2,0.0609759,0.00836158,-1.96748,-243153
2.6,0.00836158,2,0.0609759,0.00836158,-1.96448,-277136
2.6,0.00836158,2,0.0609759,0.00836158,-1.96148,-231160
2.6,0.00836158,2,0.0609759,0.00836158,-1.95848,-234678
2.6,0.00836158,2,0.0609759,0.00836158,-1.95548,-252382
2.6,0.00836158,2,0.0609759,0.00836158,-1.95248,-227007
2.6,0.00836158,2,0.0609759,0.00836158,-1.94947,-275402
2.6,0.00836158,2,0.0609759,0.00836158,-1.94647,-271751
2.6,0.00836158,2,0.0609759,0.00836158,-1.94347,-233754
2.6,0.00836158,2,0.0609759,0.00836158,-1.94047,-218628
2.6,0.00836158,2,0.0609759,0.00836158,-1.93747,-241816
2.6,0.00836158,2,0.0609759,0.00836158,-1.93447,-229519
2.6,0.00836158,2,0.0609759,0.00836158,-1.93147,-242639
2.6,0.00836158,2,0.0609759,0.00836158,-1.92846,-214477
2.6,0.00836158,2,0.0609759,0.00836158,-1.92546,-253313
2.6,0.00836158,2,0.0609759,0.00836158,-1.92246,-206076
2.6,0.00836158,2,0.0609759,0.00836158,-1.91946,-210779
2.6,0.00836158,2,0.0609759,0.00836158,-1.91646,-215573
2.6,0.00836158,2,0.0609759,0.00836158,-1.91346,-201724
2.6,0.00836158,2,0.0609759,0.00836158,-1.91046,-204477
2.6,0.00836158,2,0.0609759,0.00836158,-1.90745,-232923
2.6,0.00836158,2,0.0609759,0.00836158,-1.90445,-241996
2.6,0.00836158,2,0.0609759,0.00836158,-1.90145,-187043
2.6,0.00836158,2,0.0609759,0.00836158,-1.89845,-178757
2.6,0.00836158,2,0.0609759,0.00836158,-1.89545,202199
2.6,0.00836158,2,0.0609759,0.00836158,-1.89245,217894
2.6,0.00836158,2,0.0609759,0.00836158,-1.88944,207892
2.6,0.00836158,2,0.0609759,0.00836158,-1.88644,207411
2.6,0.00836158,2,0.0609759,0.00836158,-1.88344,222673
2.6,0.00836158,2,0.0609759,0.00836158,-1.88044,206296
2.6,0.00836158,2,0.0609759,0.00836158,-1.87744,221751
2.6,0.00836158,2,0.0609759,0.00836158,-1.87444,242318
2.6,0.00836158,2,0.0609759,0.00836158,-1.87144,245265
2.6,0.00836158,2,0.0609759,0.00836158,-1.86843,252867
2.6,0.00836158,2,0.0609759,0.00836158,-1.86543,231088
2.6,0.00836158,2,0.0609759,0.00836158,-1.86243,210477
2.6,0.00836158,2,0.0609759,0.00836158,-1.85943,223201
2.6,0.00836158,2,0.0609759,0.00836158,-1.85643,237738
2.6,0.00836158,2,0.0609759,0.00836158,-1.85343,221394
2.6,0.00836158,2,0.0609759,0.00836158,-1.85043,271365
2.6,0.00836158,2,0.0609759,0.00836158,-1.84742,247151
2.6,0.00836158,2,0.0609759,0.00836158,-1.84442,228091
2.6,0.00836158,2,0.0609759,0.00836158,-1.84142,249371
2.6,0.00836158,2,0.0609759,0.00836158,-1.83842,279630
2.6,0.00836158,2,0.0609759,0.00836158,-1.83542,236068
2.6,0.00836158,2,0.0609759,0.00836158,-1.83242,246526
2.6,0.00836158,2,0.0609759,0.00836158,-1.82941,230279
2.6,0.00836158,2,0.0609759,0.00836158,-1.82641,218589
2.6,0.00836158,2,0.0609759,0.00836158,-1.82341,256852
2.6,0.00836158,2,0.0609759,0.00836158,-1.82041,258043
2.6,0.00836158,2,0.0609759,0.00836158,-1.81741,222579
2.6,0.00836158,2,0.0609759,0.00836158,-1.81441,264864
2.6,0.00836158,2,0.0609759,0.00836158,-1.81141,251386
2.6,0.00836158,2,0.0609759,0.00836158,-1.8084,250838
2.6,0.00836158,2,0.0609759,0.00836158,-1.8054,244381
2.6,0.00836158,2,0.0609759,0.00836158,-1.8024,278631
2.6,0.00836158,2,0.0609759,0.00836158,-1.7994,265916
2.6,0.00836158,2,0.0609759,0.00836158,-1.7964,291470
2.6,0.00836158,2,0.0609759,0.00836158,-1.7934,234566
2.6,0.00836158,2,0.0609759,0.00836158,-1.7904,276940
2.6,0.00836158,2,0.0609759,0.00836158,-1.78739,279107
2.6,0.00836158,2,0.0609759,0.00836158,-1.78439,229706
2.6,0.00836158,2,0.0609759,0.00836158,-1.78139,279756
2.6,0.00836158,2,0.0609759,0.00836158,-1.77839,248634
2.6,0.00836158,2,0.0609759,0.00836158,-1.77539,270136
2.6,0.00836158,2,0.0609759,0.00836158,-1.77239,263912
2.6,0.00836158,2,0.0609759,0.00836158,-1.76938,258816
2.6,0.00836158,2,0.0609759,0.00836158,-1.76638,276204
2.6,0.00836158,2,0.0609759,0.00836158,-1.76338,253083
2.6,0.00836158,2,0.0609759,0.00836158,-1.76038,266484
2.6,0.00836158,2,0.0609759,0.00836158,-1.75738,277980
2.6,0.00836158,2,0.0609759,0.00836158,-1.75438,251286
2.6,0.00836158,2,0.0609759,0.00836158,-1.75138,246009
2.6,0.00836158,2,0.0609759,0.00836158,-1.74837,277217
2.6,0.00836158,2,0.0609759,0.00836158,-1.74537,280755
2.6,0.00836158,2,0.0609759,0.00836158,-1.74237,293491
2.6,0.00836158,2,0.0609759,0.00836158,-1.73937,270037
2.6,0.00836158,2,0.0609759,0.00836158,-1.73637,236467
2.6,0.00836158,2,0.0609759,0.00836158,-1.73337,271882
2.6,0.00836158,2,0.0609759,0.00836158,-1.73037,285064
2.6,0.00836158,2,0.0609759,0.00836158,-1.72736,259095
2.6,0.00836158,2,0.0609759,0.00836158,-1.72436,251509
2.6,0.00836158,2,0.0609759,0.00836158,-1.72136,235513
2.6,0.00836158,2,0.0609759,0.00836158,-1.71836,239208
2.6,0.00836158,2,0.0609759,0.00836158,-1.71536,246045
2.6,0.00836158,2,0.0609759,0.00836158,-1.71236,256008
2.6,0.00836158,2,0.0609759,0.00836158,-1.70935,280942
2.6,0.00836158,2,0.0609759,0.00836158,-1.70635,248678
2.6,0.00836158,2,0.0609759,0.00836158,-1.70335,242638
2.6,0.00836158,2,0.0609759,0.00836158,-1.70035,257340
2.6,0.00836158,2,0.0609759,0.00836158,-1.69735,283167
2.6,0.00836158,2,0.0609759,0.00836158,-1.69435,235097
2.6,0.00836158,2,0.0609759,0.00836158,-1.69135,294628
2.6,0.00836158,2,0.0609759,0.00836158,-1.68834,299857
2.6,0.00836158,2,0.0609759,0.00836158,-1.68534,291523
2.6,0.00836158,2,0.0609759,0.00836158,-1.68234,254789
2.6,0.00836158,2,0.0609759,0.00836158,-1.67934,238783
2.6,0.00836158,2,0.0609759,0.00836158,-1.67634,244510
2.6,0.00836158,2,0.0609759,0.00836158,-1.67334,242717
2.6,0.00836158,2,0.0609759,0.00836158,-1.67034,259068
2.6,0.00836158,2,0.0609759,0.00836158,-1.66733,287178
2.6,0.00836158,2,0.0609759,0.00836158,-1.66433,256957
2.6,0.00836158,2,0.0609759,0.00836158,-1.66133,284580
2.6,0.00836158,2,0.0609759,0.00836158,-1.65833,247680
2.6,0.00836158,2,0.0609759,0.00836158,-1.65533,296891
2.6,0.00836158,2,0.0609759,0.00836158,-1.65233,294315
2.6,0.00836158,2,0.0609759,0.00836158,-1.64932,293667
2.6,0.00836158,2,0.0609759,0.00836158,-1.64632,303363
2.6,0.00836158,2,0.0609759,0.00836158,-1.64332,279926
2.6,0.00836158,2,0.0609759,0.00836158,-1.64032,287111
2.6,0.00836158,2,0.0609759,0.00836158,-1.63732,259244
2.6,0.00836158,2,0.0609759,0.00836158,-1.63432,269038
2.6,0.00836158,2,0.0609759,0.00836158,-1.63132,284926
2.6,0.00836158,2,0.0609759,0.00836158,-1.62831,280475
2.6,0.00836158,2,0.0609759,0.00836158,-1.62531,241662
2.6,0.00836158,2,0.0609759,0.00836158,-1.62231,315502
2.6,0.00836158,2,0.0609759,0.00836158,-1.61931,281189
2.6,0.00836158,2,0.0609759,0.00836158,-1.61631,252447
2.6,0.00836158,2,0.0609759,0.00836158,-1.61331,249111
2.6,0.00836158,2,0.0609759,0.00836158,-1.61031,273998
2.6,0.00836158,2,0.0609759,0.00836158,-1.6073,253708
2.6,0.00836158,2,0.0609759,0.00836158,-1.6043,246375
2.6,0.00836158,2,0.0609759,0.00836158,-1.6013,286933
2.6,0.00836158,2,0.0609759,0.00836158,-1.5983,261568
2.6,0.00836158,2,0.0609759,0.00836158,-1.5953,285878
2.6,0.00836158,2,0.0609759,0.00836158,-1.5923,258043
2.6,0.00836158,2,0.0609759,0.00836158,-1.58929,250995
2.6,0.00836158,2,0.0609759,0.00836158,-1.58629,313623
2.6,0.00836158,2,0.0609759,0.00836158,-1.58329,305013
2.6,0.00836158,2,0.0609759,0.00836158,-1.58029,243855
2.6,0.00836158,2,0.0609759,0.00836158,-1.57729,245955
2.6,0.00836158,2,0.0609759,0.00836158,-1.57429,257089
2.6,0.00836158,2,0.0609759,0.00836158,-1.57129,286934
2.6,0.00836158,2,0.0609759,0.00836158,-1.56828,283956
2.6,0.00836158,2,0.0609759,0.00836158,-1.56528,299726
2.6,0.00836158,2,0.0609759,0.00836158,-1.56228,285158
2.6,0.00836158,2,0.0609759,0.00836158,-1.55928,244290
2.6,0.00836158,2,0.0609759,0.00836158,-1.55628,265588
2.6,0.00836158,2,0.0609759,0.00836158,-1.55328,305288
2.6,0.00836158,2,0.0609759,0.00836158,-1.55028,289562
2.6,0.00836158,2,0.0609759,0.00836158,-1.54727,261782
2.6,0.00836158,2,0.0609759,0.00836158,-1.54427,306324
2.6,0.00836158,2,0.0609759,0.00836158,-1.54127,308819
2.6,0.00836158,2,0.0609759,0.00836158,-1.53827,271655
2.6,0.00836158,2,0.0609759,0.00836158,-1.53527,294170
2.6,0.00836158,2,0.0609759,0.00836158,-1.53227,251780
2.6,0.00836158,2,0.0609759,0.00836158,-1.52926,258820
2.6,0.00836158,2,0.0609759,0.00836158,-1.52626,260144
2.6,0.00836158,2,0.0609759,0.00836158,-1.52326,305353
2.6,0.00836158,2,0.0609759,0.00836158,-1.52026,260443
2.6,0.00836158,2,0.0609759,0.00836158,-1.51726,299276
2.6,0.00836158,2,0.0609759,0.00836158,-1.51426,269233
2.6,0.00836158,2,0.0609759,0.00836158,-1.51126,314056
2.6,0.00836158,2,0.0609759,0.00836158,-1.50825,307257
2.6,0.00836158,2,0.0609759,0.00836158,-1.50525,304826
2.6,0.00836158,2,0.0609759,0.00836158,-1.50225,256580
2.6,0.00836158,2,0.0609759,0.00836158,-1.49925,284711
2.6,0.00836158,2,0.0609759,0.00836158,-1.49625,280034
2.6,0.00836158,2,0.0609759,0.00836158,-1.49325,307341
2.6,0.00836158,2,0.0609759,0.00836158,-1.49025,280928
2.6,0.00836158,2,0.0609759,0.00836158,-1.48724,266038
2.6,0.00836158,2,0.0609759,0.00836158,-1.48424,295946
2.6,0.00836158,2,0.0609759,0.00836158,-1.48124,273442
2.6,0.00836158,2,0.0609759,0.00836158,-1.47824,307850
2.6,0.00836158,2,0.0609759,0.00836158,-1.47524,266111
2.6,0.00836158,2,0.0609759,0.00836158,-1.47224,279030
2.6,0.00836158,2,0.0609759,0.00836158,-1.46923,254375
2.6,0.00836158,2,0.0609759,0.00836158,-1.46623,279744
2.6,0.00836158,2,0.0609759,0.00836158,-1.46323,306978
2.6,0.00836158,2,0.0609759,0.00836158,-1.46023,278535
2.6,0.00836158,2,0.0609759,0.00836158,-1.45723,268490
2.6,0.00836158,2,0.0609759,0.00836158,-1.45423,299511
2.6,0.00836158,2,0.0609759,0.00836158,-1.45123,254977
2.6,0.00836158,2,0.0609759,0.00836158,-1.44822,279461
2.6,0.00836158,2,0.0609759,0.00836158,-1.44522,248907
2.6,0.00836158,2,0.0609759,0.00836158,-1.44222,288386
2.6,0.00836158,2,0.0609759,0.00836158,-1.43922,295607
2.6,0.00836158,2,0.0609759,0.00836158,-1.43622,299276
2.6,0.00836158,2,0.0609759,0.00836158,-1.43322,285614
2.6,0.00836158,2,0.0609759,0.00836158,-1.43022,308988
2.6,0.00836158,2,0.0609759,0.00836158,-1.42721,323160
2.6,0.00836158,2,0.0609759,0.00836158,-1.42421,294877
2.6,0.00836158,2,0.0609759,0.00836158,-1.42121,312067
2.6,0.00836158,2,0.0609759,0.00836158,-1.41821,273319
2.6,0.00836158,2,0.0609759,0.00836158,-1.41521,288179
2.6,0.00836158,2,0.0609759,0.00836158,-1.41221,277251
2.6,0.00836158,2,0.0609759,0.00836158,-1.4092,305805
2.6,0.00836158,2,0.0609759,0.00836158,-1.4062,261807
2.6,0.00836158,2,0.0609759,0.00836158,-1.4032,254147
2.6,0.00836158,2,0.0609759,0.00836158,-1.4002,289008
2.6,0.00836158,2,0.0609759,0.00836158,-1.3972,322585
2.6,0.00836158,2,0.0609759,0.00836158,-1.3942,296690
2.6,0.00836158,2,0.0609759,0.00836158,-1.3912,322638
2.6,0.00836158,2,0.0609759,0.00836158,-1.38819,319084
2.6,0.00836158,2,0.0609759,0.00836158,-1.38519,256170
2.6,0.00836158,2,0.0609759,0.00836158,-1.38219,257695
2.6,0.00836158,2,0.0609759,0.00836158,-1.37919,261884
2.6,0.00836158,2,0.0609759,0.00836158,-1.37619,323989
2.6,0.00836158,2,0.0609759,0.00836158,-1.37319,256804
2.6,0.00836158,2,0.0609759,0.00836158,-1.37019,272003
2.6,0.00836158,2,0.0609759,0.00836158,-1.36718,278724
2.6,0.00836158,2,0.0609759,0.00836158,-1.36418,283516
2.6,0.00836158,2,0.0609759,0.00836158,-1.36118,256322
2.6,0.00836158,2,0.0609759,0.00836158,-1.35818,290034
2.6,0.00836158,2,0.0609759,0.00836158,-1.35518,255074
2.6,0.00836158,2,0.0609759,0.00836158,-1.35218,287729
2.6,0.00836158,2,0.0609759,0.00836158,-1.34917,295689
2.6,0.00836158,2,0.0609759,0.00836158,-1.34617,302161
2.6,0.00836158,2,0.0609759,0.00836158,-1.34317,258681
2.6,0.00836158,2,0.0609759,0.00836158,-1.34017,259229
2.6,0.00836158,2,0.0609759,0.00836158,-1.33717,275945
2.6,0.00836158,2,0.0609759,0.00836158,-1.33417,255896
2.6,0.00836158,2,0.0609759,0.00836158,-1.33117,269330
2.6,0.00836158,2,0.0609759,0.00836158,-1.32816,256476
2.6,0.00836158,2,0.0609759,0.00836158,-1.32516,291233
2.6,0.00836158,2,0.0609759,0.00836158,-1.32216,276675
2.6,0.00836158,2,0.0609759,0.00836158,-1.31916,280570
2.6,0.00836158,2,0.0609759,0.00836158,-1.31616,280438
2.6,0.00836158,2,0.0609759,0.00836158,-1.31316,315250
2.6,0.00836158,2,0.0609759,0.00836158,-1.31016,316812
2.6,0.00836158,2,0.0609759,0.00836158,-1.30715,324070
2.6,0.00836158,2,0.0609759,0.00836158,-1.30415,302949
2.6,0.00836158,2,0.0609759,0.00836158,-1.30115,282108
2.6,0.00836158,2,0.0609759,0.00836158,-1.29815,311682
2.6,0.00836158,2,0.0609759,0.00836158,-1.29515,254386
2.6,0.00836158,2,0.0609759,0.00836158,-1.29215,286140
2.6,0.00836158,2,0.0609759,0.00836158,-1.28914,282702
2.6,0.00836158,2,0.0609759,0.00836158,-1.28614,283085
2.6,0.00836158,2,0.0609759,0.00836158,-1.28314,262679
2.6,0.00836158,2,0.0609759,0.00836158,-1.28014,273787
2.6,0.00836158,2,0.0609759,0.00836158,-1.27714,296288
2.6,0.00836158,2,0.0609759,0.00836158,-1.27414,297910
2.6,0.00836158,2,0.0609759,0.00836158,-1.27114,320885
2.6,0.00836158,2,0.0609759,0.00836158,-1.26813,327109
2.6,0.00836158,2,0.0609759,0.00836158,-1.26513,286420
2.6,0.00836158,2,0.0609759,0.00836158,-1.26213,281961
2.6,0.00836158,2,0.0609759,0.00836158,-1.25913,270141
2.6,0.00836158,2,0.0609759,0.00836158,-1.25613,284309
2.6,0.00836158,2,0.0609759,0.00836158,-1.25313,319076
2.6,0.00836158,2,0.0609759,0.00836158,-1.25013,276284
2.6,0.00836158,2,0.0609759,0.00836158,-1.24712,302837
2.6,0.00836158,2,0.0609759,0.00836158,-1.24412,262105
2.6,0.00836158,2,0.0609759,0.00836158,-1.24112,294673
2.6,0.00836158,2,0.0609759,0.00836158,-1.23812,321775
2.6,0.00836158,2,0.0609759,0.00836158,-1.23512,277069
2.6,0.00836158,2,0.0609759,0.00836158,-1.23212,272891
2.6,0.00836158,2,0.0609759,0.00836158,-1.22911,304978
2.6,0.00836158,2,0.0609759,0.00836158,-1.22611,295496
2.6,0.00836158,2,0.0609759,0.00836158,-1.22311,302184
2.6,0.00836158,2,0.0609759,0.00836158,-1.22011,288936
2.6,0.00836158,2,0.0609759,0.00836158,-1.21711,281810
2.6,0.00836158,2,0.0609759,0.00836158,-1.21411,326741
2.6,0.00836158,2,0.0609759,0.00836158,-1.21111,284732
2.6,0.00836158,2,0.0609759,0.00836158,-1.2081,316443
2.6,0.00836158,2,0.0609759,0.00836158,-1.2051,281090
2.6,0.00836158,2,0.0609759,0.00836158,-1.2021,285544
2.6,0.00836158,2,0.0609759,0.00836158,-1.1991,279754
2.6,0.00836158,2,0.0609759,0.00836158,-1.1961,321904
2.6,0.00836158,2,0.0609759,0.00836158,-1.1931,300417
2.6,0.00836158,2,0.0609759,0.00836158,-1.1901,291603
2.6,0.00836158,2,0.0609759,0.00836158,-1.18709,255052
2.6,0.00836158,2,0.0609759,0.00836158,-1.18409,283758
2.6,0.00836158,2,0.0609759,0.00836158,-1.18109,282813
2.6,0.00836158,2,0.0609759,0.00836158,-1.17809,263421
2.6,0.00836158,2,0.0609759,0.00836158,-1.17509,286694
2.6,0.00836158,2,0.0609759,0.00836158,-1.17209,299825
2.6,0.00836158,2,0.0609759,0.00836158,-1.16908,260833
2.6,0.00836158,2,0.0609759,0.00836158,-1.16608,276846
2.6,0.00836158,2,0.0609759,0.00836158,-1.16308,327963
2.6,0.00836158,2,0.0609759,0.00836158,-1.16008,306594
2.6,0.00836158,2,0.0609759,0.00836158,-1.15708,260948
2.6,0.00836158,2,0.0609759,0.00836158,-1.15408,325425
2.6,0.00836158,2,0.0609759,0.00836158,-1.15108,305586
2.6,0.00836158,2,0.0609759,0.00836158,-1.14807,260061
2.6,0.00836158,2,0.0609759,0.00836158,-1.14507,315628
2.6,0.00836158,2,0.0609759,0.00836158,-1.14207,285220
2.6,0.00836158,2,0.0609759,0.00836158,-1.13907,289847
2.6,0.00836158,2,0.0609759,0.00836158,-1.13607,281552
2.6,0.00836158,2,0.0609759,0.00836158,-1.13307,323516
2.6,0.00836158,2,0.0609759,0.00836158,-1.13007,278634
2.6,0.00836158,2,0.0609759,0.00836158,-1.12706,302059
2.6,0.00836158,2,0.0609759,0.00836158,-1.12406,256455
2.6,0.00836158,2,0.0609759,0.00836158,-1.12106,301720
2.6,0.00836158,2,0.0609759,0.00836158,-1.11806,280327
2.6,0.00836158,2,0.0609759,0.00836158,-1.11506,265433
2.6,0.00836158,2,0.0609759,0.00836158,-1.11206,257304
2.6,0.00836158,2,0.0609759,0.00836158,-1.10905,280026
2.6,0.00836158,2,0.0609759,0.00836158,-1.10605,328021
2.6,0.00836158,2,0.0609759,0.00836158,-1.10305,271038
2.6,0.00836158,2,0.0609759,0.00836158,-1.10005,276439
2.6,0.00836158,2,0.0609759,0.00836158,-1.09705,260488
2.6,0.00836158,2,0.0609759,0.00836158,-1.09405,294016
2.6,0.00836158,2,0.0609759,0.00836158,-1.09105,259742
2.6,0.00836158,2,0.0609759,0.00836158,-1.08804,282179
2.6,0.00836158,2,0.0609759,0.00836158,-1.08504,291299
2.6,0.00836158,2,0.0609759,0.00836158,-1.08204,319037
2.6,0.00836158,2,0.0609759,0.00836158,-1.07904,302849
2.6,0.00836158,2,0.0609759,0.00836158,-1.07604,270109
2.6,0.00836158,2,0.0609759,0.00836158,-1.07304,318875
2.6,0.00836158,2,0.0609759,0.00836158,-1.07004,270583
2.6,0.00836158,2,0.0609759,0.00836158,-1.06703,265909
2.6,0.00836158,2,0.0609759,0.00836158,-1.06403,272470
2.6,0.00836158,2,0.0609759,0.00836158,-1.06103,296980
2.6,0.00836158,2,0.0609759,0.00836158,-1.05803,267084
2.6,0.00836158,2,0.0609759,0.00836158,-1.05503,287067
2.6,0.00836158,2,0.0609759,0.00836158,-1.05203,309516
2.6,0.00836158,2,0.0609759,0.00836158,-1.04902,277367
2.6,0.00836158,2,0.0609759,0.00836158,-1.04602,273795
2.6,0.00836158,2,0.0609759,0.00836158,-1.04302,311519
2.6,0.00836158,2,0.0609759,0.00836158,-1.04002,317949
2.6,0.00836158,2,0.0609759,0.00836158,-1.03702,289358
2.6,0.00836158,2,0.0609759,0.00836158,-1.03402,322791
2.6,0.00836158,2,0.0609759,0.00836158,-1.03102,255124
2.6,0.00836158,2,0.0609759,0.00836158,-1.02801,317413
2.6,0.00836158,2,0.0609759,0.00836158,-1.02501,323317
2.6,0.00836158,2,0.0609759,0.00836158,-1.02201,309993
2.6,0.00836158,2,0.0609759,0.00836158,-1.01901,277404
2.6,0.00836158,2,0.0609759,0.00836158,-1.01601,321970
2.6,0.00836158,2,0.0609759,0.00836158,-1.01301,258999
2.6,0.00836158,2,0.0609759,0.00836158,-1.01001,308552
2.6,0.00836158,2,0.0609759,0.00836158,-1.007,292011
2.6,0.00836158,2,0.0609759,0.00836158,-1.004,269508
2.6,0.00836158,2,0.0609759,0.00836158,-1.001,281134
2.6,0.00836158,2,0.0609759,0.00836158,-0.997999,254849
2.6,0.00836158,2,0.0609759,0.00836158,-0.994997,260047
2.6,0.00836158,2,0.0609759,0.00836158,-0.991996,287051
2.6,0.00836158,2,0.0609759,0.00836158,-0.988994,311691
2.6,0.00836158,2,0.0609759,0.00836158,-0.985993,258837
2.6,0.00836158,2,0.0609759,0.00836158,-0.982991,322920
2.6,0.00836158,2,0.0609759,0.00836158,-0.97999,277732
2.6,0.00836158,2,0.0609759,0.00836158,-0.976988,284148
2.6,0.00836158,2,0.0609759,0.00836158,-0.973987,283832
2.6,0.00836158,2,0.0609759,0.00836158,-0.970985,320101
2.6,0.00836158,2,0.0609759,0.00836158,-0.967984,273157
2.6,0.00836158,2,0.0609759,0.00836158,-0.964982,312087
2.6,0.00836158,2,0.0609759,0.00836158,-0.961981,291640
2.6,0.00836158,2,0.0609759,0.00836158,-0.958979,264738
2.6,0.00836158,2,0.0609759,0.00836158,-0.955978,322629
2.6,0.00836158,2,0.0609759,0.00836158,-0.952976,265590
2.6,0.00836158,2,0.0609759,0.00836158,-0.949975,285456
2.6,0.00836158,2,0.0609759,0.00836158,-0.946973,294357
2.6,0.00836158,2,0.0609759,0.00836158,-0.943972,275972
2.6,0.00836158,2,0.0609759,0.00836158,-0.94097,275515
2.6,0.00836158,2,0.0609759,0.00836158,-0.937969,266074
2.6,0.00836158,2,0.0609759,0.00836158,-0.934967,274615
2.6,0.00836158,2,0.0609759,0.00836158,-0.931966,294156
2.6,0.00836158,2,0.0609759,0.00836158,-0.928964,301143
2.6,0.00836158,2,0.0609759,0.00836158,-0.925963,289616
2.6,0.00836158,2,0.0609759,0.00836158,-0.922961,297384
2.6,0.00836158,2,0.0609759,0.00836158,-0.91996,310414
2.6,0.00836158,2,0.0609759,0.00836158,-0.916958,275088
2.6,0.00836158,2,0.0609759,0.00836158,-0.913957,259724
2.6,0.00836158,2,0.0609759,0.00836158,-0.910955,295738
2.6,0.00836158,2,0.0609759,0.00836158,-0.907954,272359
2.6,0.00836158,2,0.0609759,0.00836158,-0.904952,276387
2.6,0.00836158,2,0.0609759,0.00836158,-0.901951,296959
2.6,0.00836158,2,0.0609759,0.00836158,-0.898949,253866
2.6,0.00836158,2,0.0609759,0.00836158,-0.895948,271887
2.6,0.00836158,2,0.0609759,0.00836158,-0.892946,325552
2.6,0.00836158,2,0.0609759,0.00836158,-0.889945,300498
2.6,0.00836158,2,0.0609759,0.00836158,-0.886943,256326
2.6,0.00836158,2,0.0609759,0.00836158,-0.883942,286977
2.6,0.00836158,2,0.0609759,0.00836158,-0.88094,316913
2.6,0.00836158,2,0.0609759,0.00836158,-0.877939,302369
2.6,0.00836158,2,0.0609759,0.00836158,-0.874937,259271
2.6,0.00836158,2,0.0609759,0.00836158,-0.871936,276714
2.6,0.00836158,2,0.0609759,0.00836158,-0.868934,270962
2.6,0.00836158,2,0.0609759,0.00836158,-0.865933,296139
2.6,0.00836158,2,0.0609759,0.00836158,-0.862931,268306
2.6,0.00836158,2,0.0609759,0.00836158,-0.85993,309294
2.6,0.00836158,2,0.0609759,0.00836158,-0.856928,283600
2.6,0.00836158,2,0.0609759,0.00836158,-0.853927,306062
2.6,0.00836158,2,0.0609759,0.00836158,-0.850925,255566
2.6,0.00836158,2,0.0609759,0.00836158,-0.847924,279851
2.6,0.00836158,2,0.0609759,0.00836158,-0.844922,266473
2.6,0.00836158,2,0.0609759,0.00836158,-0.841921,294034
2.6,0.00836158,2,0.0609759,0.00836158,-0.838919,257855
2.6,0.00836158,2,0.0609759,0.00836158,-0.835918,303368
2.6,0.00836158,2,0.0609759,0.00836158,-0.832916,275788
2.6,0.00836158,2,0.0609759,0.00836158,-0.829915,276910
2.6,0.00836158,2,0.0609759,0.00836158,-0.826913,296116
2.6,0.00836158,2,0.0609759,0.00836158,-0.823912,282532
2.6,0.00836158,2,0.0609759,0.00836158,-0.82091,305630
2.6,0.00836158,2,0.0609759,0.00836158,-0.817909,260098
2.6,0.00836158,2,0.0609759,0.00836158,-0.814907,267753
2.6,0.00836158,2,0.0609759,0.00836158,-0.811906,276293
2.6,0.00836158,2,0.0609759,0.00836158,-0.808904,266857
2.6,0.00836158,2,0.0609759,0.00836158,-0.805903,265806
2.6,0.00836158,2,0.0609759,0.00836158,-0.802901,316928
2.6,0.00836158,2,0.0609759,0.00836158,-0.7999,262435
2.6,0.00836158,2,0.0609759,0.00836158,-0.796898,323286
2.6,0.00836158,2,0.0609759,0.00836158,-0.793897,280821
2.6,0.00836158,2,0.0609759,0.00836158,-0.790895,291455
2.6,0.00836158,2,0.0609759,0.00836158,-0.787894,260645
2.6,0.00836158,2,0.0609759,0.00836158,-0.784892,252233
2.6,0.00836158,2,0.0609759,0.00836158,-0.781891,313539
2.6,0.00836158,2,0.0609759,0.00836158,-0.778889,251084
2.6,0.00836158,2,0.0609759,0.00836158,-0.775888,256334
2.6,0.00836158,2,0.0609759,0.00836158,-0.772886,264127
2.6,0.00836158,2,0.0609759,0.00836158,-0.769885,297764
2.6,0.00836158,2,0.0609759,0.00836158,-0.766883,295624
2.6,0.00836158,2,0.0609759,0.00836158,-0.763882,276510
2.6,0.00836158,2,0.0609759,0.00836158,-0.76088,268019
2.6,0.00836158,2,0.0609759,0.00836158,-0.757879,296110
2.6,0.00836158,2,0.0609759,0.00836158,-0.754877,263583
2.6,0.00836158,2,0.0609759,0.00836158,-0.751876,294986
2.6,0.00836158,2,0.0609759,0.00836158,-0.748874,293642
2.6,0.00836158,2,0.0609759,0.00836158,-0.745873,292060
2.6,0.00836158,2,0.0609759,0.00836158,-0.742871,318619
2.6,0.00836158,2,0.0609759,0.00836158,-0.73987,289623
2.6,0.00836158,2,0.0609759,0.00836158,-0.736868,307260
2.6,0.00836158,2,0.0609759,0.00836158,-0.733867,282697
2.6,0.00836158,2,0.0609759,0.00836158,-0.730865,280218
2.6,0.00836158,2,0.0609759,0.00836158,-0.727864,250653
2.6,0.00836158,2,0.0609759,0.00836158,-0.724862,295769
2.6,0.00836158,2,0.0609759,0.00836158,-0.721861,273053
2.6,0.00836158,2,0.0609759,0.00836158,-0.718859,254437
2.6,0.00836158,2,0.0609759,0.00836158,-0.715858,306169
2.6,0.00836158,2,0.0609759,0.00836158,-0.712856,266560
2.6,0.00836158,2,0.0609759,0.00836158,-0.709855,306225
2.6,0.00836158,2,0.0609759,0.00836158,-0.706853,301949
2.6,0.00836158,2,0.0609759,0.00836158,-0.703852,316392
2.6,0.00836158,2,0.0609759,0.00836158,-0.70085,262168
2.6,0.00836158,2,0.0609759,0.00836158,-0.697849,248100
2.6,0.00836158,2,0.0609759,0.00836158,-0.694847,288314
2.6,0.00836158,2,0.0609759,0.00836158,-0.691846,259568
2.6,0.00836158,2,0.0609759,0.00836158,-0.688844,286886
2.6,0.00836158,2,0.0609759,0.00836158,-0.685843,287307
2.6,0.00836158,2,0.0609759,0.00836158,-0.682841,304056
2.6,0.00836158,2,0.0609759,0.00836158,-0.67984,272162
2.6,0.00836158,2,0.0609759,0.00836158,-0.676838,301141
2.6,0.00836158,2,0.0609759,0.00836158,-0.673837,293712
2.6,0.00836158,2,0.0609759,0.00836158,-0.670835,280609
2.6,0.00836158,2,0.0609759,0.00836158,-0.667834,275522
2.6,0.00836158,2,0.0609759,0.00836158,-0.664832,306756
2.6,0.00836158,2,0.0609759,0.00836158,-0.661831,286882
2.6,0.00836158,2,0.0609759,0.00836158,-0.658829,315073
2.6,0.00836158,2,0.0609759,0.00836158,-0.655828,281375
2.6,0.00836158,2,0.0609759,0.00836158,-0.652826,293765
2.6,0.00836158,2,0.0609759,0.00836158,-0.649825,272455
2.6,0.00836158,2,0.0609759,0.00836158,-0.646823,303163
2.6,0.00836158,2,0.0609759,0.00836158,-0.643822,245133
2.6,0.00836158,2,0.0609759,0.00836158,-0.64082,318836
2.6,0.00836158,2,0.0609759,0.00836158,-0.637819,299919
2.6,0.00836158,2,0.0609759,0.00836158,-0.634817,247783
2.6,0.00836158,2,0.0609759,0.00836158,-0.631816,253604
2.6,0.00836158,2,0.0609759,0.00836158,-0.628814,270671
2.6,0.00836158,2,0.0609759,0.00836158,-0.625813,302168
2.6,0.00836158,2,0.0609759,0.00836158,-0.622811,269354
2.6,0.00836158,2,0.0609759,0.00836158,-0.61981,246591
2.6,0.00836158,2,0.0609759,0.00836158,-0.616808,288460
2.6,0.00836158,2,0.0609759,0.00836158,-0.613807,297995
2.6,0.00836158,2,0.0609759,0.00836158,-0.610805,255276
2.6,0.00836158,2,0.0609759,0.00836158,-0.607804,293412
2.6,0.00836158,2,0.0609759,0.00836158,-0.604802,305266
2.6,0.00836158,2,0.0609759,0.00836158,-0.601801,283914
2.6,0.00836158,2,0.0609759,0.00836158,-0.598799,270089
2.6,0.00836158,2,0.0609759,0.00836158,-0.595798,265640
2.6,0.00836158,2,0.0609759,0.00836158,-0.592796,262085
2.6,0.00836158,2,0.0609759,0.00836158,-0.589795,277651
2.6,0.00836158,2,0.0609759,0.00836158,-0.586793,275947
2.6,0.00836158,2,0.0609759,0.00836158,-0.583792,245204
2.6,0.00836158,2,0.0609759,0.00836158,-0.58079,305153
2.6,0.00836158,2,0.0609759,0.00836158,-0.577789,280761
2.6,0.00836158,2,0.0609759,0.00836158,-0.574787,306899
2.6,0.00836158,2,0.0609759,0.00836158,-0.571786,291753
2.6,0.00836158,2,0.0609759,0.00836158,-0.568784,301711
2.6,0.00836158,2,0.0609759,0.00836158,-0.565783,261647
2.6,0.00836158,2,0.0609759,0.00836158,-0.562781,301571
2.6,0.00836158,2,0.0609759,0.00836158,-0.55978,252430
2.6,0.00836158,2,0.0609759,0.00836158,-0.556778,269529
2.6,0.00836158,2,0.0609759,0.00836158,-0.553777,284704
2.6,0.00836158,2,0.0609759,0.00836158,-0.550775,249853
2.6,0.00836158,2,0.0609759,0.00836158,-0.547774,271029
2.6,0.00836158,2,0.0609759,0.00836158,-0.544772,258118
2.6,0.00836158,2,0.0609759,0.00836158,-0.541771,260195
2.6,0.00836158,2,0.0609759,0.00836158,-0.538769,286791
2.6,0.00836158,2,0.0609759,0.00836158,-0.535768,285192
2.6,0.00836158,2,0.0609759,0.00836158,-0.532766,249040
2.6,0.00836158,2,0.0609759,0.00836158,-0.529765,235863
2.6,0.00836158,2,0.0609759,0.00836158,-0.526763,295798
2.6,0.00836158,2,0.0609759,0.00836158,-0.523762,296899
2.6,0.00836158,2,0.0609759,0.00836158,-0.52076,285784
2.6,0.00836158,2,0.0609759,0.00836158,-0.517759,277141
2.6,0.00836158,2,0.0609759,0.00836158,-0.514757,249155
2.6,0.00836158,2,0.0609759,0.00836158,-0.511756,260624
2.6,0.00836158,2,0.0609759,0.00836158,-0.508754,248175
2.6,0.00836158,2,0.0609759,0.00836158,-0.505753,254592
2.6,0.00836158,2,0.0609759,0.00836158,-0.502751,296575
2.6,0.00836158,2,0.0609759,0.00836158,-0.49975,267715
2.6,0.00836158,2,0.0609759,0.00836158,-0.496748,261543
2.6,0.00836158,2,0.0609759,0.00836158,-0.493747,237648
2.6,0.00836158,2,0.0609759,0.00836158,-0.490745,271891
2.6,0.00836158,2,0.0609759,0.00836158,-0.487744,275129
2.6,0.00836158,2,0.0609759,0.00836158,-0.484742,260169
2.6,0.00836158,2,0.0609759,0.00836158,-0.481741,242535
2.6,0.00836158,2,0.0609759,0.00836158,-0.478739,286738
2.6,0.00836158,2,0.0609759,0.00836158,-0.475738,250310
2.6,0.00836158,2,0.0609759,0.00836158,-0.472736,239609
2.6,0.00836158,2,0.0609759,0.00836158,-0.469735,245559
2.6,0.00836158,2,0.0609759,0.00836158,-0.466733,244050
2.6,0.00836158,2,0.0609759,0.00836158,-0.463732,266632
2.6,0.00836158,2,0.0609759,0.00836158,-0.46073,242075
2.6,0.00836158,2,0.0609759,0.00836158,-0.457729,254117
2.6,0.00836158,2,0.0609759,0.00836158,-0.454727,265652
2.6,0.00836158,2,0.0609759,0.00836158,-0.451726,265444
2.6,0.00836158,2,0.0609759,0.00836158,-0.448724,224117
2.6,0.00836158,2,0.0609759,0.00836158,-0.445723,225093
2.6,0.00836158,2,0.0609759,0.00836158,-0.442721,239450
2.6,0.00836158,2,0.0609759,0.00836158,-0.43972,248559
2.6,0.00836158,2,0.0609759,0.00836158,-0.436718,229027
2.6,0.00836158,2,0.0609759,0.00836158,-0.433717,264242
2.6,0.00836158,2,0.0609759,0.00836158,-0.430715,222046
2.6,0.00836158,2,0.0609759,0.00836158,-0.427714,247058
2.6,0.00836158,2,0.0609759,0.00836158,-0.424712,240050
2.6,0.00836158,2,0.0609759,0.00836158,-0.421711,269142
2.6,0.00836158,2,0.0609759,0.00836158,-0.418709,247144
2.6,0.00836158,2,0.0609759,0.00836158,-0.415708,225691
2.6,0.00836158,2,0.0609759,0.00836158,-0.412706,271173
2.6,0.00836158,2,0.0609759,0.00836158,-0.409705,266221
2.6,0.00836158,2,0.0609759,0.00836158,-0.406703,211618
2.6,0.00836158,2,0.0609759,0.00836158,-0.403702,223177
2.6,0.00836158,2,0.0609759,0.00836158,-0.4007,222797
2.6,0.00836158,2,0.0609759,0.00836158,-0.397699,232007
2.6,0.00836158,2,0.0609759,0.00836158,-0.394697,237729
2.6,0.00836158,2,0.0609759,0.00836158,-0.391696,213624
2.6,0.00836158,2,0.0609759,0.00836158,-0.388694,221461
2.6,0.00836158,2,0.0609759,0.00836158,-0.385693,192070
2.6,0.00836158,2,0.0609759,0.00836158,-0.382691,188360
2.6,0.00836158,2,0.0609759,0.00836158,-0.37969,-190291
2.6,0.00836158,2,0.0609759,0.00836158,-0.376688,-203784
2.6,0.00836158,2,0.0609759,0.00836158,-0.373687,-230567
2.6,0.00836158,2,0.0609759,0.00836158,-0.370685,-223485
2.6,0.00836158,2,0.0609759,0.00836158,-0.367684,-228277
2.6,0.00836158,2,0.0609759,0.00836158,-0.364682,-218540
2.6,0.00836158,2,0.0609759,0.00836158,-0.361681,-256578
2.6,0.00836158,2,0.0609759,0.00836158,-0.358679,-221263
2.6,0.00836158,2,0.0609759,0.00836158,-0.355678,-258778
2.6,0.00836158,2,0.0609759,0.00836158,-0.352676,-219790
2.6,0.00836158,2,0.0609759,0.00836158,-0.349675,-220475
2.6,0.00836158,2,0.0609759,0.00836158,-0.346673,-268950
2.6,0.00836158,2,0.0609759,0.00836158,-0.343672,-244600
2.6,0.00836158,2,0.0609759,0.00836158,-0.34067,-241567
2.6,0.00836158,2,0.0609759,0.00836158,-0.337669,-277152
2.6,0.00836158,2,0.0609759,0.00836158,-0.334667,-221902
2.6,0.00836158,2,0.0609759,0.00836158,-0.331666,-268836
2.6,0.00836158,2,0.0609759,0.00836158,-0.328664,-277598
2.6,0.00836158,2,0.0609759,0.00836158,-0.325663,-279119
2.6,0.00836158,2,0.0609759,0.00836158,-0.322661,-224486
2.6,0.00836158,2,0.0609759,0.00836158,-0.31966,-246958
2.6,0.00836158,2,0.0609759,0.00836158,-0.316658,-290402
2.6,0.00836158,2,0.0609759,0.00836158,-0.313657,-279529
2.6,0.00836158,2,0.0609759,0.00836158,-0.310655,-261991
2.6,0.00836158,2,0.0609759,0.00836158,-0.307654,-269244
2.6,0.00836158,2,0.0609759,0.00836158,-0.304652,-253761
2.6,0.00836158,2,0.0609759,0.00836158,-0.301651,-265267
2.6,0.00836158,2,0.0609759,0.00836158,-0.298649,-287882
2.6,0.00836158,2,0.0609759,0.00836158,-0.295648,-237569
2.6,0.00836158,2,0.0609759,0.00836158,-0.292646,-233847
2.6,0.00836158,2,0.0609759,0.00836158,-0.289645,-297734
2.6,0.00836158,2,0.0609759,0.00836158,-0.286643,-231571
2.6,0.00836158,2,0.0609759,0.00836158,-0.283642,-236465
2.6,0.00836158,2,0.0609759,0.00836158,-0.28064,-288164
2.6,0.00836158,2,0.0609759,0.00836158,-0.277639,-259573
2.6,0.00836158,2,0.0609759,0.00836158,-0.274637,-248582
2.6,0.00836158,2,0.0609759,0.00836158,-0.271636,-284335
2.6,0.00836158,2,0.0609759,0.00836158,-0.268634,-236517
2.6,0.00836158,2,0.0609759,0.00836158,-0.265633,-258496
2.6,0.00836158,2,0.0609759,0.00836158,-0.262631,-299245
2.6,0.00836158,2,0.0609759,0.00836158,-0.25963,-239879
2.6,0.00836158,2,0.0609759,0.00836158,-0.256628,-299211
2.6,0.00836158,2,0.0609759,0.00836158,-0.253627,-302771
2.6,0.00836158,2,0.0609759,0.00836158,-0.250625,-264663
2.6,0.00836158,2,0.0609759,0.00836158,-0.247624,-275901
2.6,0.00836158,2,0.0609759,0.00836158,-0.244622,-297763
2.6,0.00836158,2,0.0609759,0.00836158,-0.241621,-248855
2.6,0.00836158,2,0.0609759,0.00836158,-0.238619,-269332
2.6,0.00836158,2,0.0609759,0.00836158,-0.235618,-244699
2.6,0.00836158,2,0.0609759,0.00836158,-0.232616,-259782
2.6,0.00836158,2,0.0609759,0.00836158,-0.229615,-275378
2.6,0.00836158,2,0.0609759,0.00836158,-0.226613,-238598
2.6,0.00836158,2,0.0609759,0.00836158,-0.223612,-258348
2.6,0.00836158,2,0.0609759,0.00836158,-0.22061,-249221
2.6,0.00836158,2,0.0609759,0.00836158,-0.217609,-292720
2.6,0.00836158,2,0.0609759,0.00836158,-0.214607,-281824
2.6,0.00836158,2,0.0609759,0.00836158,-0.211606,-296101
2.6,0.00836158,2,0.0609759,0.00836158,-0.208604,-248371
2.6,0.00836158,2,0.0609759,0.00836158,-0.205603,-285652
2.6,0.00836158,2,0.0609759,0.00836158,-0.202601,-283223
2.6,0.00836158,2,0.0609759,0.00836158,-0.1996,-272321
2.6,0.00836158,2,0.0609759,0.00836158,-0.196598,-282299
2.6,0.00836158,2,0.0609759,0.00836158,-0.193597,-260356
2.6,0.00836158,2,0.0609759,0.00836158,-0.190595,-250736
2.6,0.00836158,2,0.0609759,0.00836158,-0.187594,-269416
2.6,0.00836158,2,0.0609759,0.00836158,-0.184592,-289108
2.6,0.00836158,2,0.0609759,0.00836158,-0.181591,-308578
2.6,0.00836158,2,0.0609759,0.00836158,-0.178589,-250093
2.6,0.00836158,2,0.0609759,0.00836158,-0.175588,-261420
2.6,0.00836158,2,0.0609759,0.00836158,-0.172586,-288888
2.6,0.00836158,2,0.0609759,0.00836158,-0.169585,-275957
2.6,0.00836158,2,0.0609759,0.00836158,-0.166583,-268136
2.6,0.00836158,2,0.0609759,0.00836158,-0.163582,-305566
2.6,0.00836158,2,0.0609759,0.00836158,-0.16058,-246381
2.6,0.00836158,2,0.0609759,0.00836158,-0.157579,-300739
2.6,0.00836158,2,0.0609759,0.00836158,-0.154577,-274377
2.6,0.00836158,2,0.0609759,0.00836158,-0.151576,-257665
2.6,0.00836158,2,0.0609759,0.00836158,-0.148574,-247437
2.6,0.00836158,2,0.0609759,0.00836158,-0.145573,-308075
2.6,0.00836158,2,0.0609759,0.00836158,-0.142571,-300572
2.6,0.00836158,2,0.0609759,0.00836158,-0.13957,-286049
2.6,0.00836158,2,0.0609759,0.00836158,-0.136568,-302906
2.6,0.00836158,2,0.0609759,0.00836158,-0.133567,-246885
2.6,0.00836158,2,0.0609759,0.00836158,-0.130565,-276319
2.6,0.00836158,2,0.0609759,0.00836158,-0.127564,-298153
2.6,0.00836158,2,0.0609759,0.00836158,-0.124562,-271502
2.6,0.00836158,2,0.0609759,0.00836158,-0.121561,-263801
2.6,0.00836158,2,0.0609759,0.00836158,-0.118559,-272592
2.6,0.00836158,2,0.0609759,0.00836158,-0.115558,-268834
2.6,0.00836158,2,0.0609759,0.00836158,-0.112556,-300686
2.6,0.00836158,2,0.0609759,0.00836158,-0.109555,-248057
2.6,0.00836158,2,0.0609759,0.00836158,-0.106553,-271102
2.6,0.00836158,2,0.0609759,0.00836158,-0.103552,-318592
2.6,0.00836158,2,0.0609759,0.00836158,-0.10055,-305957
2.6,0.00836158,2,0.0609759,0.00836158,-0.0975488,-288588
2.6,0.00836158,2,0.0609759,0.00836158,-0.0945473,-270444
2.6,0.00836158,2,0.0609759,0.00836158,-0.0915458,-317941
2.6,0.00836158,2,0.0609759,0.00836158,-0.0885443,-275356
2.6,0.00836158,2,0.0609759,0.00836158,-0.0855428,-266923
2.6,0.00836158,2,0.0609759,0.00836158,-0.0825413,-300324
2.6,0.00836158,2,0.0609759,0.00836158,-0.0795398,-305310
2.6,0.00836158,2,0.0609759,0.00836158,-0.0765383,-260030
2.6,0.00836158,2,0.0609759,0.00836158,-0.0735368,-306220
2.6,0.00836158,2,0.0609759,0.00836158,-0.0705353,-281421
2.6,0.00836158,2,0.0609759,0.00836158,-0.0675338,-265831
2.6,0.00836158,2,0.0609759,0.00836158,-0.0645323,-324680
2.6,0.00836158,2,0.0609759,0.00836158,-0.0615308,-260928
2.6,0.00836158,2,0.0609759,0.00836158,-0.0585293,-279698
2.6,0.00836158,2,0.0609759,0.00836158,-0.0555278,-258036
2.6,0.00836158,2,0.0609759,0.00836158,-0.0525263,-289372
2.6,0.00836158,2,0.0609759,0.00836158,-0.0495248,-263157
2.6,0.00836158,2,0.0609759,0.00836158,-0.0465233,-310502
2.6,0.00836158,2,0.0609759,0.00836158,-0.0435218,-259369
2.6,0.00836158,2,0.0609759,0.00836158,-0.0405203,-255866
2.6,0.00836158,2,0.0609759,0.00836158,-0.0375188,-271312
2.6,0.00836158,2,0.0609759,0.00836158,-0.0345173,-282408
2.6,0.00836158,2,0.0609759,0.00836158,-0.0315158,-311528
2.6,0.00836158,2,0.0609759,0.00836158,-0.0285143,-279076
2.6,0.00836158,2,0.0609759,0.00836158,-0.0255128,-268565
2.6,0.00836158,2,0.0609759,0.00836158,-0.0225113,-254812
2.6,0.00836158,2,0.0609759,0.00836158,-0.0195098,-276977
2.6,0.00836158,2,0.0609759,0.00836158,-0.0165083,-254371
2.6,0.00836158,2,0.0609759,0.00836158,-0.0135068,-299720
2.6,0.00836158,2,0.0609759,0.00836158,-0.0105053,-304320
2.6,0.00836158,2,0.0609759,0.00836158,-0.00750375,-279539
2.6,0.00836158,2,0.0609759,0.00836158,-0.00450225,-284394
2.6,0.00836158,2,0.0609759,0.00836158,-0.00150075,-276629
2.6,0.00836158,2,0.0609759,0.00836158,0.00150075,-255644
2.6,0.00836158,2,0.0609759,0.00836158,0.00450225,-267885
2.6,0.00836158,2,0.0609759,0.00836158,0.00750375,-259154
2.6,0.00836158,2,0.0609759,0.00836158,0.0105053,-255368
2.6,0.00836158,2,0.0609759,0.00836158,0.0135068,-256421
2.6,0.00836158,2,0.0609759,0.00836158,0.0165083,-264336
2.6,0.00836158,2,0.0609759,0.00836158,0.0195098,-266167
2.6,0.00836158,2,0.0609759,0.00836158,0.0225113,-324570
2.6,0.00836158,2,0.0609759,0.00836158,0.0255128,-266997
2.6,0.00836158,2,0.0609759,0.00836158,0.0285143,-319722
2.6,0.00836158,2,0.0609759,0.00836158,0.0315158,-325041
2.6,0.00836158,2,0.0609759,0.00836158,0.0345173,-328245
2.6,0.00836158,2,0.0609759,0.00836158,0.0375188,-303905
2.6,0.00836158,2,0.0609759,0.00836158,0.0405203,-278026
2.6,0.00836158,2,0.0609759,0.00836158,0.0435218,-272793
2.6,0.00836158,2,0.0609759,0.00836158,0.0465233,-289277
2.6,0.00836158,2,0.0609759,0.00836158,0.0495248,-261671
2.6,0.00836158,2,0.0609759,0.00836158,0.0525263,-277119
2.6,0.00836158,2,0.0609759,0.00836158,0.0555278,-318540
2.6,0.00836158,2,0.0609759,0.00836158,0.0585293,-327007
2.6,0.00836158,2,0.0609759,0.00836158,0.0615308,-329598
2.6,0.00836158,2,0.0609759,0.00836158,0.0645323,-305250
2.6,0.00836158,2,0.0609759,0.00836158,0.0675338,-268480
2.6,0.00836158,2,0.0609759,0.00836158,0.0705353,-305913
2.6,0.00836158,2,0.0609759,0.00836158,0.0735368,-308813
2.6,0.00836158,2,0.0609759,0.00836158,0.0765383,-306545
2.6,0.00836158,2,0.0609759,0.00836158,0.0795398,-311104
2.6,0.00836158,2,0.0609759,0.00836158,0.0825413,-309762
2.6,0.00836158,2,0.0609759,0.00836158,0.0855428,-295989
2.6,0.00836158,2,0.0609759,0.00836158,0.0885443,-264365
2.6,0.00836158,2,0.0609759,0.00836158,0.0915458,-275421
2.6,0.00836158,2,0.0609759,0.00836158,0.0945473,-258157
2.6,0.00836158,2,0.0609759,0.00836158,0.0975488,-299031
2.6,0.00836158,2,0.0609759,0.00836158,0.10055,-311527
2.6,0.00836158,2,0.0609759,0.00836158,0.103552,-295164
2.6,0.00836158,2,0.0609759,0.00836158,0.106553,-332980
2.6,0.00836158,2,0.0609759,0.00836158,0.109555,-270295
2.6,0.00836158,2,0.0609759,0.00836158,0.112556,-324316
2.6,0.00836158,2,0.0609759,0.00836158,0.115558,-262779
2.6,0.00836158,2,0.0609759,0.00836158,0.118559,-279856
2.6,0.00836158,2,0.0609759,0.00836158,0.121561,-298221
2.6,0.00836158,2,0.0609759,0.00836158,0.124562,-269784
2.6,0.00836158,2,0.0609759,0.00836158,0.127564,-329557
2.6,0.00836158,2,0.0609759,0.00836158,0.130565,-309792
2.6,0.00836158,2,0.0609759,0.00836158,0.133567,-303191
2.6,0.00836158,2,0.0609759,0.00836158,0.136568,-328637
2.6,0.00836158,2,0.0609759,0.00836158,0.13957,-297297
2.6,0.00836158,2,0.0609759,0.00836158,0.142571,-282333
2.6,0.00836158,2,0.0609759,0.00836158,0.145573,-278030
2.6,0.00836158,2,0.0609759,0.00836158,0.148574,-318740
2.6,0.00836158,2,0.0609759,0.00836158,0.151576,-290936
2.6,0.00836158,2,0.0609759,0.00836158,0.154577,-332444
2.6,0.00836158,2,0.0609759,0.00836158,0.157579,-298563
2.6,0.00836158,2,0.0609759,0.00836158,0.16058,-314295
2.6,0.00836158,2,0.0609759,0.00836158,0.163582,-303254
2.6,0.00836158,2,0.0609759,0.00836158,0.166583,-335913
2.6,0.00836158,2,0.0609759,0.00836158,0.169585,-287004
2.6,0.00836158,2,0.0609759,0.00836158,0.172586,-259413
2.6,0.00836158,2,0.0609759,0.00836158,0.175588,-263745
2.6,0.00836158,2,0.0609759,0.00836158,0.178589,-275666
2.6,0.00836158,2,0.0609759,0.00836158,0.181591,-285180
2.6,0.00836158,2,0.0609759,0.00836158,0.184592,-319665
2.6,0.00836158,2,0.0609759,0.00836158,0.187594,-291870
2.6,0.00836158,2,0.0609759,0.00836158,0.190595,-305783
2.6,0.00836158,2,0.0609759,0.00836158,0.193597,-266558
2.6,0.00836158,2,0.0609759,0.00836158,0.196598,-319753
2.6,0.00836158,2,0.0609759,0.00836158,0.1996,-277538
2.6,0.00836158,2,0.0609759,0.00836158,0.202601,-305589
2.6,0.00836158,2,0.0609759,0.00836158,0.205603,-301106
2.6,0.00836158,2,0.0609759,0.00836158,0.208604,-265061
2.6,0.00836158,2,0.0609759,0.00836158,0.211606,-262074
2.6,0.00836158,2,0.0609759,0.00836158,0.214607,-320215
2.6,0.00836158,2,0.0609759,0.00836158,0.217609,-271289
2.6,0.00836158,2,0.0609759,0.00836158,0.22061,-317236
2.6,0.00836158,2,0.0609759,0.00836158,0.223612,-284241
2.6,0.00836158,2,0.0609759,0.00836158,0.226613,-273707
2.6,0.00836158,2,0.0609759,0.00836158,0.229615,-271457
2.6,0.00836158,2,0.0609759,0.00836158,0.232616,-270160
2.6,0.00836158,2,0.0609759,0.00836158,0.235618,-289401
2.6,0.00836158,2,0.0609759,0.00836158,0.238619,-278204
2.6,0.00836158,2,0.0609759,0.00836158,0.241621,-263411
2.6,0.00836158,2,0.0609759,0.00836158,0.244622,-285076
2.6,0.00836158,2,0.0609759,0.00836158,0.247624,-328425
2.6,0.00836158,2,0.0609759,0.00836158,0.250625,-293675
2.6,0.00836158,2,0.0609759,0.00836158,0.253627,-301191
2.6,0.00836158,2,0.0609759,0.00836158,0.256628,-316818
2.6,0.00836158,2,0.0609759,0.00836158,0.25963,-334386
2.6,0.00836158,2,0.0609759,0.00836158,0.262631,-277050
2.6,0.00836158,2,0.0609759,0.00836158,0.265633,-299234
2.6,0.00836158,2,0.0609759,0.00836158,0.268634,-308711
2.6,0.00836158,2,0.0609759,0.00836158,0.271636,-265332
2.6,0.00836158,2,0.0609759,0.00836158,0.274637,-335067
2.6,0.00836158,2,0.0609759,0.00836158,0.277639,-291521
2.6,0.00836158,2,0.0609759,0.00836158,0.28064,-310554
2.6,0.00836158,2,0.0609759,0.00836158,0.283642,-266947
2.6,0.00836158,2,0.0609759,0.00836158,0.286643,-315004
2.6,0.00836158,2,0.0609759,0.00836158,0.289645,-260616
2.6,0.00836158,2,0.0609759,0.00836158,0.292646,-301393
2.6,0.00836158,2,0.0609759,0.00836158,0.295648,-339628
2.6,0.00836158,2,0.0609759,0.00836158,0.298649,-264939
2.6,0.00836158,2,0.0609759,0.00836158,0.301651,-295013
2.6,0.00836158,2,0.0609759,0.00836158,0.304652,-297022
2.6,0.00836158,2,0.0609759,0.00836158,0.307654,-331924
2.6,0.00836158,2,0.0609759,0.00836158,0.310655,-317169
2.6,0.00836158,2,0.0609759,0.00836158,0.313657,-300962
2.6,0.00836158,2,0.0609759,0.00836158,0.316658,-268073
2.6,0.00836158,2,0.0609759,0.00836158,0.31966,-284408
2.6,0.00836158,2,0.0609759,0.00836158,0.322661,-306465
2.6,0.00836158,2,0.0609759,0.00836158,0.325663,-290999
2.6,0.00836158,2,0.0609759,0.00836158,0.328664,-329658
2.6,0.00836158,2,0.0609759,0.00836158,0.331666,-318277
2.6,0.00836158,2,0.0609759,0.00836158,0.334667,-338129
2.6,0.00836158,2,0.0609759,0.00836158,0.337669,-266854
2.6,0.00836158,2,0.0609759,0.00836158,0.34067,-335127
2.6,0.00836158,2,0.0609759,0.00836158,0.343672,-262990
2.6,0.00836158,2,0.0609759,0.00836158,0.346673,-304605
2.6,0.00836158,2,0.0609759,0.00836158,0.349675,-270710
2.6,0.00836158,2,0.0609759,0.00836158,0.352676,-336619
2.6,0.00836158,2,0.0609759,0.00836158,0.355678,-264473
2.6,0.00836158,2,0.0609759,0.00836158,0.358679,-306951
2.6,0.00836158,2,0.0609759,0.00836158,0.361681,-294730
2.6,0.00836158,2,0.0609759,0.00836158,0.364682,-280044
2.6,0.00836158,2,0.0609759,0.00836158,0.367684,-289094
2.6,0.00836158,2,0.0609759,0.00836158,0.370685,-262689
2.6,0.00836158,2,0.0609759,0.00836158,0.373687,-320631
2.6,0.00836158,2,0.0609759,0.00836158,0.376688,-271164
2.6,0.00836158,2,0.0609759,0.00836158,0.37969,-305839
2.6,0.00836158,2,0.0609759,0.00836158,0.382691,-330993
2.6,0.00836158,2,0.0609759,0.00836158,0.385693,-304355
2.6,0.00836158,2,0.0609759,0.00836158,0.388694,-302350
2.6,0.00836158,2,0.0609759,0.00836158,0.391696,-271122
2.6,0.00836158,2,0.0609759,0.00836158,0.394697,-334052
2.6,0.00836158,2,0.0609759,0.00836158,0.397699,-292117
2.6,0.00836158,2,0.0609759,0.00836158,0.4007,-311057
2.6,0.00836158,2,0.0609759,0.00836158,0.403702,-325610
2.6,0.00836158,2,0.0609759,0.00836158,0.406703,-338634
2.6,0.00836158,2,0.0609759,0.00836158,0.409705,-320169
2.6,0.00836158,2,0.0609759,0.00836158,0.412706,-265680
2.6,0.00836158,2,0.0609759,0.00836158,0.415708,-307500
2.6,0.00836158,2,0.0609759,0.00836158,0.418709,-271220
2.6,0.00836158,2,0.0609759,0.00836158,0.421711,-282634
2.6,0.00836158,2,0.0609759,0.00836158,0.424712,-324176
2.6,0.00836158,2,0.0609759,0.00836158,0.427714,-261760
2.6,0.00836158,2,0.0609759,0.00836158,0.430715,-270483
2.6,0.00836158,2,0.0609759,0.00836158,0.433717,-261827
2.6,0.00836158,2,0.0609759,0.00836158,0.436718,-276534
2.6,0.00836158,2,0.0609759,0.00836158,0.43972,-314370
2.6,0.00836158,2,0.0609759,0.00836158,0.442721,-336444
2.6,0.00836158,2,0.0609759,0.00836158,0.445723,-299596
2.6,0.00836158,2,0.0609759,0.00836158,0.448724,-285801
2.6,0.00836158,2,0.0609759,0.00836158,0.451726,-282405
2.6,0.00836158,2,0.0609759,0.00836158,0.454727,-333712
2.6,0.00836158,2,0.0609759,0.00836158,0.457729,-324722
2.6,0.00836158,2,0.0609759,0.00836158,0.46073,-269167
2.6,0.00836158,2,0.0609759,0.00836158,0.463732,-309766
2.6,0.00836158,2,0.0609759,0.00836158,0.466733,-292190
2.6,0.00836158,2,0.0609759,0.00836158,0.469735,-260788
2.6,0.00836158,2,0.0609759,0.00836158,0.472736,-298757
2.6,0.00836158,2,0.0609759,0.00836158,0.475738,-263917
2.6,0.00836158,2,0.0609759,0.00836158,0.478739,-273801
2.6,0.00836158,2,0.0609759,0.00836158,0.481741,-305278
2.6,0.00836158,2,0.0609759,0.00836158,0.484742,-324325
2.6,0.00836158,2,0.0609759,0.00836158,0.487744,-309702
2.6,0.00836158,2,0.0609759,0.00836158,0.490745,-310834
2.6,0.00836158,2,0.0609759,0.00836158,0.493747,-298000
2.6,0.00836158,2,0.0609759,0.00836158,0.496748,-281061
2.6,0.00836158,2,0.0609759,0.00836158,0.49975,-301213
2.6,0.00836158,2,0.0609759,0.00836158,0.502751,-296607
2.6,0.00836158,2,0.0609759,0.00836158,0.505753,-282729
2.6,0.00836158,2,0.0609759,0.00836158,0.508754,-314639
2.6,0.00836158,2,0.0609759,0.00836158,0.511756,-331240
2.6,0.00836158,2,0.0609759,0.00836158,0.514757,-294232
2.6,0.00836158,2,0.0609759,0.00836158,0.517759,-287663
2.6,0.00836158,2,0.0609759,0.00836158,0.52076,-272499
2.6,0.00836158,2,0.0609759,0.00836158,0.523762,-271380
2.6,0.00836158,2,0.0609759,0.00836158,0.526763,-279874
2.6,0.00836158,2,0.0609759,0.00836158,0.529765,-277564
2.6,0.00836158,2,0.0609759,0.00836158,0.532766,-325575
2.6,0.00836158,2,0.0609759,0.00836158,0.535768,-268591
2.6,0.00836158,2,0.0609759,0.00836158,0.538769,-320126
2.6,0.00836158,2,0.0609759,0.00836158,0.541771,-264253
2.6,0.00836158,2,0.0609759,0.00836158,0.544772,-319531
2.6,0.00836158,2,0.0609759,0.00836158,0.547774,-281572
2.6,0.00836158,2,0.0609759,0.00836158,0.550775,-285236
2.6,0.00836158,2,0.0609759,0.00836158,0.553777,-279949
2.6,0.00836158,2,0.0609759,0.00836158,0.556778,-292300
2.6,0.00836158,2,0.0609759,0.00836158,0.55978,-297480
2.6,0.00836158,2,0.0609759,0.00836158,0.562781,-261819
2.6,0.00836158,2,0.0609759,0.00836158,0.565783,-294135
2.6,0.00836158,2,0.0609759,0.00836158,0.568784,-297140
2.6,0.00836158,2,0.0609759,0.00836158,0.571786,-280236
2.6,0.00836158,2,0.0609759,0.00836158,0.574787,-320957
2.6,0.00836158,2,0.0609759,0.00836158,0.577789,-262318
2.6,0.00836158,2,0.0609759,0.00836158,0.58079,-308848
2.6,0.00836158,2,0.0609759,0.00836158,0.583792,-282611
2.6,0.00836158,2,0.0609759,0.00836158,0.586793,-257973
2.6,0.00836158,2,0.0609759,0.00836158,0.589795,-258075
2.6,0.00836158,2,0.0609759,0.00836158,0.592796,-292247
2.6,0.00836158,2,0.0609759,0.00836158,0.595798,-302995
2.6,0.00836158,2,0.0609759,0.00836158,0.598799,-311387
2.6,0.00836158,2,0.0609759,0.00836158,0.601801,-300633
2.6,0.00836158,2,0.0609759,0.00836158,0.604802,-329381
2.6,0.00836158,2,0.0609759,0.00836158,0.607804,-274395
2.6,0.00836158,2,0.0609759,0.00836158,0.610805,-261754
2.6,0.00836158,2,0.0609759,0.00836158,0.613807,-266765
2.6,0.00836158,2,0.0609759,0.00836158,0.616808,-292694
2.6,0.00836158,2,0.0609759,0.00836158,0.61981,-258493
2.6,0.00836158,2,0.0609759,0.00836158,0.622811,-286674
2.6,0.00836158,2,0.0609759,0.00836158,0.625813,-272335
2.6,0.00836158,2,0.0609759,0.00836158,0.628814,-331558
2.6,0.00836158,2,0.0609759,0.00836158,0.631816,-285270
2.6,0.00836158,2,0.0609759,0.00836158,0.634817,-266948
2.6,0.00836158,2,0.0609759,0.00836158,0.637819,-292221
2.6,0.00836158,2,0.0609759,0.00836158,0.64082,-305361
2.6,0.00836158,2,0.0609759,0.00836158,0.643822,-283283
2.6,0.00836158,2,0.0609759,0.00836158,0.646823,-283446
2.6,0.00836158,2,0.0609759,0.00836158,0.649825,-294257
2.6,0.00836158,2,0.0609759,0.00836158,0.652826,-301577
2.6,0.00836158,2,0.0609759,0.00836158,0.655828,-279142
2.6,0.00836158,2,0.0609759,0.00836158,0.658829,-267403
2.6,0.00836158,2,0.0609759,0.00836158,0.661831,-282812
2.6,0.00836158,2,0.0609759,0.00836158,0.664832,-300267
2.6,0.00836158,2,0.0609759,0.00836158,0.667834,-262532
2.6,0.00836158,2,0.0609759,0.00836158,0.670835,-311435
2.6,0.00836158,2,0.0609759,0.00836158,0.673837,-319987
2.6,0.00836158,2,0.0609759,0.00836158,0.676838,-318733
2.6,0.00836158,2,0.0609759,0.00836158,0.67984,-316855
2.6,0.00836158,2,0.0609759,0.00836158,0.682841,-308406
2.6,0.00836158,2,0.0609759,0.00836158,0.685843,-288650
2.6,0.00836158,2,0.0609759,0.00836158,0.688844,-328451
2.6,0.00836158,2,0.0609759,0.00836158,0.691846,-255905
2.6,0.00836158,2,0.0609759,0.00836158,0.694847,-296890
2.6,0.00836158,2,0.0609759,0.00836158,0.697849,-334047
2.6,0.00836158,2,0.0609759,0.00836158,0.70085,-282295
2.6,0.00836158,2,0.0609759,0.00836158,0.703852,-276089
2.6,0.00836158,2,0.0609759,0.00836158,0.706853,-285707
2.6,0.00836158,2,0.0609759,0.00836158,0.709855,-277883
2.6,0.00836158,2,0.0609759,0.00836158,0.712856,-280911
2.6,0.00836158,2,0.0609759,0.00836158,0.715858,-298281
2.6,0.00836158,2,0.0609759,0.00836158,0.718859,-261018
2.6,0.00836158,2,0.0609759,0.00836158,0.721861,-268752
2.6,0.00836158,2,0.0609759,0.00836158,0.724862,-251341
2.6,0.00836158,2,0.0609759,0.00836158,0.727864,-296241
2.6,0.00836158,2,0.0609759,0.00836158,0.730865,-316398
2.6,0.00836158,2,0.0609759,0.00836158,0.733867,-259090
2.6,0.00836158,2,0.0609759,0.00836158,0.736868,-276847
2.6,0.00836158,2,0.0609759,0.00836158,0.73987,-279349
2.6,0.00836158,2,0.0609759,0.00836158,0.742871,-270757
2.6,0.00836158,2,0.0609759,0.00836158,0.745873,-261964
2.6,0.00836158,2,0.0609759,0.00836158,0.748874,-263241
2.6,0.00836158,2,0.0609759,0.00836158,0.751876,-255059
2.6,0.00836158,2,0.0609759,0.00836158,0.754877,-271445
2.6,0.00836158,2,0.0609759,0.00836158,0.757879,-286096
2.6,0.00836158,2,0.0609759,0.00836158,0.76088,-266922
2.6,0.00836158,2,0.0609759,0.00836158,0.763882,-255503
2.6,0.00836158,2,0.0609759,0.00836158,0.766883,-262197
2.6,0.00836158,2,0.0609759,0.00836158,0.769885,-320247
2.6,0.00836158,2,0.0609759,0.00836158,0.772886,-270674
2.6,0.00836158,2,0.0609759,0.00836158,0.775888,-284205
2.6,0.00836158,2,0.0609759,0.00836158,0.778889,-271701
2.6,0.00836158,2,0.0609759,0.00836158,0.781891,-248129
2.6,0.00836158,2,0.0609759,0.00836158,0.784892,-312116
2.6,0.00836158,2,0.0609759,0.00836158,0.787894,-292555
2.6,0.00836158,2,0.0609759,0.00836158,0.790895,-255845
2.6,0.00836158,2,0.0609759,0.00836158,0.793897,-284599
2.6,0.00836158,2,0.0609759,0.00836158,0.796898,-305520
2.6,0.00836158,2,0.0609759,0.00836158,0.7999,-315644
2.6,0.00836158,2,0.0609759,0.00836158,0.802901,-269925
2.6,0.00836158,2,0.0609759,0.00836158,0.805903,-263299
2.6,0.00836158,2,0.0609759,0.00836158,0.808904,-262784
2.6,0.00836158,2,0.0609759,0.00836158,0.811906,-273122
2.6,0.00836158,2,0.0609759,0.00836158,0.814907,-272178
2.6,0.00836158,2,0.0609759,0.00836158,0.817909,-292830
2.6,0.00836158,2,0.0609759,0.00836158,0.82091,-305536
2.6,0.00836158,2,0.0609759,0.00836158,0.823912,-282115
2.6,0.00836158,2,0.0609759,0.00836158,0.826913,-251023
2.6,0.00836158,2,0.0609759,0.00836158,0.829915,-309702
2.6,0.00836158,2,0.0609759,0.00836158,0.832916,-245549
2.6,0.00836158,2,0.0609759,0.00836158,0.835918,-247076
2.6,0.00836158,2,0.0609759,0.00836158,0.838919,-256882
2.6,0.00836158,2,0.0609759,0.00836158,0.841921,-292823
2.6,0.00836158,2,0.0609759,0.00836158,0.844922,-240383
2.6,0.00836158,2,0.0609759,0.00836158,0.847924,-256897
2.6,0.00836158,2,0.0609759,0.00836158,0.850925,-239734
2.6,0.00836158,2,0.0609759,0.00836158,0.853927,-269583
2.6,0.00836158,2,0.0609759,0.00836158,0.856928,-285847
2.6,0.00836158,2,0.0609759,0.00836158,0.85993,-298423
2.6,0.00836158,2,0.0609759,0.00836158,0.862931,-279485
2.6,0.00836158,2,0.0609759,0.00836158,0.865933,-285706
2.6,0.00836158,2,0.0609759,0.00836158,0.868934,-262797
2.6,0.00836158,2,0.0609759,0.00836158,0.871936,-287319
2.6,0.00836158,2,0.0609759,0.00836158,0.874937,-249637
2.6,0.00836158,2,0.0609759,0.00836158,0.877939,-257491
2.6,0.00836158,2,0.0609759,0.00836158,0.88094,-243078
2.6,0.00836158,2,0.0609759,0.00836158,0.883942,-279006
2.6,0.00836158,2,0.0609759,0.00836158,0.886943,-273119
2.6,0.00836158,2,0.0609759,0.00836158,0.889945,-249727
2.6,0.00836158,2,0.0609759,0.00836158,0.892946,-248155
2.6,0.00836158,2,0.0609759,0.00836158,0.895948,-248292
2.6,0.00836158,2,0.0609759,0.00836158,0.898949,-277975
2.6,0.00836158,2,0.0609759,0.00836158,0.901951,-261341
2.6,0.00836158,2,0.0609759,0.00836158,0.904952,-226575
2.6,0.00836158,2,0.0609759,0.00836158,0.907954,-254397
2.6,0.00836158,2,0.0609759,0.00836158,0.910955,-278447
2.6,0.00836158,2,0.0609759,0.00836158,0.913957,-239358
2.6,0.00836158,2,0.0609759,0.00836158,0.916958,-265453
2.6,0.00836158,2,0.0609759,0.00836158,0.91996,-238519
2.6,0.00836158,2,0.0609759,0.00836158,0.922961,-261904
2.6,0.00836158,2,0.0609759,0.00836158,0.925963,-245134
2.6,0.00836158,2,0.0609759,0.00836158,0.928964,-186740
2.6,0.00836158,2,0.0609759,0.00836158,0.931966,225552
2.6,0.00836158,2,0.0609759,0.00836158,0.934967,230642
2.6,0.00836158,2,0.0609759,0.00836158,0.937969,249827
2.6,0.00836158,2,0.0609759,0.00836158,0.94097,220997
2.6,0.00836158,2,0.0609759,0.00836158,0.943972,244247
2.6,0.00836158,2,0.0609759,0.00836158,0.946973,237312
2.6,0.00836158,2,0.0609759,0.00836158,0.949975,226572
2.6,0.00836158,2,0.0609759,0.00836158,0.952976,265571
2.6,0.00836158,2,0.0609759,0.00836158,0.955978,238353
2.6,0.00836158,2,0.0609759,0.00836158,0.958979,258352
2.6,0.00836158,2,0.0609759,0.00836158,0.961981,277789
2.6,0.00836158,2,0.0609759,0.00836158,0.964982,276491
2.6,0.00836158,2,0.0609759,0.00836158,0.967984,230182
2.6,0.00836158,2,0.0609759,0.00836158,0.970985,271776
2.6,0.00836158,2,0.0609759,0.00836158,0.973987,247162
2.6,0.00836158,2,0.0609759,0.00836158,0.976988,280638
2.6,0.00836158,2,0.0609759,0.00836158,0.97999,245693
2.6,0.00836158,2,0.0609759,0.00836158,0.982991,247463
2.6,0.00836158,2,0.0609759,0.00836158,0.985993,239857
2.6,0.00836158,2,0.0609759,0.00836158,0.988994,272975
2.6,0.00836158,2,0.0609759,0.00836158,0.991996,258882
2.6,0.00836158,2,0.0609759,0.00836158,0.994997,282283
2.6,0.00836158,2,0.0609759,0.00836158,0.997999,242160
2.6,0.00836158,2,0.0609759,0.00836158,1.001,253757
2.6,0.00836158,2,0.0609759,0.00836158,1.004,273427
2.6,0.00836158,2,0.0609759,0.00836158,1.007,264397
2.6,0.00836158,2,0.0609759,0.00836158,1.01001,306579
2.6,0.00836158,2,0.0609759,0.00836158,1.01301,239210
2.6,0.00836158,2,0.0609759,0.00836158,1.01601,272153
2.6,0.00836158,2,0.0609759,0.00836158,1.01901,263344
2.6,0.00836158,2,0.0609759,0.00836158,1.02201,283648
2.6,0.00836158,2,0.0609759,0.00836158,1.02501,260698
2.6,0.00836158,2,0.0609759,0.00836158,1.02801,247641
2.6,0.00836158,2,0.0609759,0.00836158,1.03102,257057
2.6,0.00836158,2,0.0609759,0.00836158,1.03402,295260
2.6,0.00836158,2,0.0609759,0.00836158,1.03702,313897
2.6,0.00836158,2,0.0609759,0.00836158,1.04002,266735
2.6,0.00836158,2,0.0609759,0.00836158,1.04302,322616
2.6,0.00836158,2,0.0609759,0.00836158,1.04602,276003
2.6,0.00836158,2,0.0609759,0.00836158,1.04902,260089
2.6,0.00836158,2,0.0609759,0.00836158,1.05203,288327
2.6,0.00836158,2,0.0609759,0.00836158,1.05503,261349
2.6,0.00836158,2,0.0609759,0.00836158,1.05803,323830
2.6,0.00836158,2,0.0609759,0.00836158,1.06103,270535
2.6,0.00836158,2,0.0609759,0.00836158,1.06403,317889
2.6,0.00836158,2,0.0609759,0.00836158,1.06703,304640
2.6,0.00836158,2,0.0609759,0.00836158,1.07004,265123
2.6,0.00836158,2,0.0609759,0.00836158,1.07304,310133
2.6,0.00836158,2,0.0609759,0.00836158,1.07604,251847
2.6,0.00836158,2,0.0609759,0.00836158,1.07904,296629
2.6,0.00836158,2,0.0609759,0.00836158,1.08204,266508
2.6,0.00836158,2,0.0609759,0.00836158,1.08504,285448
2.6,0.00836158,2,0.0609759,0.00836158,1.08804,324987
2.6,0.00836158,2,0.0609759,0.00836158,1.09105,287461
2.6,0.00836158,2,0.0609759,0.00836158,1.09405,266817
2.6,0.00836158,2,0.0609759,0.00836158,1.09705,275385
2.6,0.00836158,2,0.0609759,0.00836158,1.10005,278813
2.6,0.00836158,2,0.0609759,0.00836158,1.10305,254075
2.6,0.00836158,2,0.0609759,0.00836158,1.10605,312915
2.6,0.00836158,2,0.0609759,0.00836158,1.10905,274169
2.6,0.00836158,2,0.0609759,0.00836158,1.11206,332353
2.6,0.00836158,2,0.0609759,0.00836158,1.11506,326015
2.6,0.00836158,2,0.0609759,0.00836158,1.11806,253311
2.6,0.00836158,2,0.0609759,0.00836158,1.12106,269076
2.6,0.00836158,2,0.0609759,0.00836158,1.12406,265052
2.6,0.00836158,2,0.0609759,0.00836158,1.12706,282788
2.6,0.00836158,2,0.0609759,0.00836158,1.13007,293737
2.6,0.00836158,2,0.0609759,0.00836158,1.13307,254402
2.6,0.00836158,2,0.0609759,0.00836158,1.13607,284753
2.6,0.00836158,2,0.0609759,0.00836158,1.13907,314195
2.6,0.00836158,2,0.0609759,0.00836158,1.14207,278526
2.6,0.00836158,2,0.0609759,0.00836158,1.14507,295812
2.6,0.00836158,2,0.0609759,0.00836158,1.14807,319123
2.6,0.00836158,2,0.0609759,0.00836158,1.15108,327845
2.6,0.00836158,2,0.0609759,0.00836158,1.15408,280699
2.6,0.00836158,2,0.0609759,0.00836158,1.15708,322343
2.6,0.00836158,2,0.0609759,0.00836158,1.16008,287746
2.6,0.00836158,2,0.0609759,0.00836158,1.16308,257336
2.6,0.00836158,2,0.0609759,0.00836158,1.16608,282830
2.6,0.00836158,2,0.0609759,0.00836158,1.16908,305948
2.6,0.00836158,2,0.0609759,0.00836158,1.17209,329480
2.6,0.00836158,2,0.0609759,0.00836158,1.17509,325460
2.6,0.00836158,2,0.0609759,0.00836158,1.17809,325392
2.6,0.00836158,2,0.0609759,0.00836158,1.18109,262646
2.6,0.00836158,2,0.0609759,0.00836158,1.18409,273332
2.6,0.00836158,2,0.0609759,0.00836158,1.18709,293185
2.6,0.00836158,2,0.0609759,0.00836158,1.1901,276153
2.6,0.00836158,2,0.0609759,0.00836158,1.1931,271699
2.6,0.00836158,2,0.0609759,0.00836158,1.1961,311799
2.6,0.00836158,2,0.0609759,0.00836158,1.1991,297810
2.6,0.00836158,2,0.0609759,0.00836158,1.2021,308924
2.6,0.00836158,2,0.0609759,0.00836158,1.2051,281997
2.6,0.00836158,2,0.0609759,0.00836158,1.2081,280676
2.6,0.00836158,2,0.0609759,0.00836158,1.21111,302818
2.6,0.00836158,2,0.0609759,0.00836158,1.21411,271503
2.6,0.00836158,2,0.0609759,0.00836158,1.21711,309800
2.6,0.00836158,2,0.0609759,0.00836158,1.22011,280208
2.6,0.00836158,2,0.0609759,0.00836158,1.22311,310253
2.6,0.00836158,2,0.0609759,0.00836158,1.22611,329844
2.6,0.00836158,2,0.0609759,0.00836158,1.22911,287969
2.6,0.00836158,2,0.0609759,0.00836158,1.23212,280378
2.6,0.00836158,2,0.0609759,0.00836158,1.23512,274249
2.6,0.00836158,2,0.0609759,0.00836158,1.23812,326969
2.6,0.00836158,2,0.0609759,0.00836158,1.24112,324536
2.6,0.00836158,2,0.0609759,0.00836158,1.24412,315335
2.6,0.00836158,2,0.0609759,0.00836158,1.24712,276644
2.6,0.00836158,2,0.0609759,0.00836158,1.25013,281352
2.6,0.00836158,2,0.0609759,0.00836158,1.25313,309775
2.6,0.00836158,2,0.0609759,0.00836158,1.25613,266440
2.6,0.00836158,2,0.0609759,0.00836158,1.25913,273131
2.6,0.00836158,2,0.0609759,0.00836158,1.26213,266565
2.6,0.00836158,2,0.0609759,0.00836158,1.26513,324040
2.6,0.00836158,2,0.0609759,0.00836158,1.26813,266276
2.6,0.00836158,2,0.0609759,0.00836158,1.27114,287920
2.6,0.00836158,2,0.0609759,0.00836158,1.27414,292560
2.6,0.00836158,2,0.0609759,0.00836158,1.27714,300660
2.6,0.00836158,2,0.0609759,0.00836158,1.28014,284187
2.6,0.00836158,2,0.0609759,0.00836158,1.28314,272408
2.6,0.00836158,2,0.0609759,0.00836158,1.28614,301299
2.6,0.00836158,2,0.0609759,0.00836158,1.28914,283252
2.6,0.00836158,2,0.0609759,0.00836158,1.29215,275951
2.6,0.00836158,2,0.0609759,0.00836158,1.29515,279505
2.6,0.00836158,2,0.0609759,0.00836158,1.29815,270276
2.6,0.00836158,2,0.0609759,0.00836158,1.30115,319892
2.6,0.00836158,2,0.0609759,0.00836158,1.30415,286906
2.6,0.00836158,2,0.0609759,0.00836158,1.30715,308993
2.6,0.00836158,2,0.0609759,0.00836158,1.31016,316653
2.6,0.00836158,2,0.0609759,0.00836158,1.31316,290550
2.6,0.00836158,2,0.0609759,0.00836158,1.31616,327331
2.6,0.00836158,2,0.0609759,0.00836158,1.31916,298172
2.6,0.00836158,2,0.0609759,0.00836158,1.32216,324153
2.6,0.00836158,2,0.0609759,0.00836158,1.32516,283793
2.6,0.00836158,2,0.0609759,0.00836158,1.32816,315815
2.6,0.00836158,2,0.0609759,0.00836158,1.33117,330828
2.6,0.00836158,2,0.0609759,0.00836158,1.33417,337706
2.6,0.00836158,2,0.0609759,0.00836158,1.33717,306103
2.6,0.00836158,2,0.0609759,0.00836158,1.34017,300411
2.6,0.00836158,2,0.0609759,0.00836158,1.34317,268512
2.6,0.00836158,2,0.0609759,0.00836158,1.34617,326726
2.6,0.00836158,2,0.0609759,0.00836158,1.34917,310273
2.6,0.00836158,2,0.0609759,0.00836158,1.35218,321513
2.6,0.00836158,2,0.0609759,0.00836158,1.35518,294858
2.6,0.00836158,2,0.0609759,0.00836158,1.35818,269361
2.6,0.00836158,2,0.0609759,0.00836158,1.36118,300477
2.6,0.00836158,2,0.0609759,0.00836158,1.36418,282487
2.6,0.00836158,2,0.0609759,0.00836158,1.36718,315189
2.6,0.00836158,2,0.0609759,0.00836158,1.37019,270107
2.6,0.00836158,2,0.0609759,0.00836158,1.37319,311801
2.6,0.00836158,2,0.0609759,0.00836158,1.37619,319672
2.6,0.00836158,2,0.0609759,0.00836158,1.37919,327668
2.6,0.00836158,2,0.0609759,0.00836158,1.38219,288208
2.6,0.00836158,2,0.0609759,0.00836158,1.38519,288341
2.6,0.00836158,2,0.0609759,0.00836158,1.38819,274507
2.6,0.00836158,2,0.0609759,0.00836158,1.3912,268970
2.6,0.00836158,2,0.0609759,0.00836158,1.3942,277307
2.6,0.00836158,2,0.0609759,0.00836158,1.3972,299761
2.6,0.00836158,2,0.0609759,0.00836158,1.4002,284115
2.6,0.00836158,2,0.0609759,0.00836158,1.4032,282902
2.6,0.00836158,2,0.0609759,0.00836158,1.4062,270687
2.6,0.00836158,2,0.0609759,0.00836158,1.4092,315278
2.6,0.00836158,2,0.0609759,0.00836158,1.41221,295693
2.6,0.00836158,2,0.0609759,0.00836158,1.41521,287129
2.6,0.00836158,2,0.0609759,0.00836158,1.41821,285228
2.6,0.00836158,2,0.0609759,0.00836158,1.42121,297130
2.6,0.00836158,2,0.0609759,0.00836158,1.42421,327438
2.6,0.00836158,2,0.0609759,0.00836158,1.42721,337547
2.6,0.00836158,2,0.0609759,0.00836158,1.43022,307666
2.6,0.00836158,2,0.0609759,0.00836158,1.43322,295263
2.6,0.00836158,2,0.0609759,0.00836158,1.43622,301583
2.6,0.00836158,2,0.0609759,0.00836158,1.43922,299786
2.6,0.00836158,2,0.0609759,0.00836158,1.44222,337953
2.6,0.00836158,2,0.0609759,0.00836158,1.44522,326298
2.6,0.00836158,2,0.0609759,0.00836158,1.44822,293440
2.6,0.00836158,2,0.0609759,0.00836158,1.45123,278641
2.6,0.00836158,2,0.0609759,0.00836158,1.45423,292089
2.6,0.00836158,2,0.0609759,0.00836158,1.45723,273586
2.6,0.00836158,2,0.0609759,0.00836158,1.46023,285869
2.6,0.00836158,2,0.0609759,0.00836158,1.46323,300224
2.6,0.00836158,2,0.0609759,0.00836158,1.46623,340510
2.6,0.00836158,2,0.0609759,0.00836158,1.46923,276794
2.6,0.00836158,2,0.0609759,0.00836158,1.47224,283990
2.6,0.00836158,2,0.0609759,0.00836158,1.47524,339988
2.6,0.00836158,2,0.0609759,0.00836158,1.47824,348180
2.6,0.00836158,2,0.0609759,0.00836158,1.48124,278074
2.6,0.00836158,2,0.0609759,0.00836158,1.48424,302553
2.6,0.00836158,2,0.0609759,0.00836158,1.48724,297159
2.6,0.00836158,2,0.0609759,0.00836158,1.49025,270617
2.6,0.00836158,2,0.0609759,0.00836158,1.49325,287850
2.6,0.00836158,2,0.0609759,0.00836158,1.49625,270095
2.6,0.00836158,2,0.0609759,0.00836158,1.49925,282309
2.6,0.00836158,2,0.0609759,0.00836158,1.50225,341323
2.6,0.00836158,2,0.0609759,0.00836158,1.50525,292458
2.6,0.00836158,2,0.0609759,0.00836158,1.50825,296096
2.6,0.00836158,2,0.0609759,0.00836158,1.51126,300502
2.6,0.00836158,2,0.0609759,0.00836158,1.51426,291338
2.6,0.00836158,2,0.0609759,0.00836158,1.51726,270363
2.6,0.00836158,2,0.0609759,0.00836158,1.52026,295587
2.6,0.00836158,2,0.0609759,0.00836158,1.52326,288882
2.6,0.00836158,2,0.0609759,0.00836158,1.52626,302990
2.6,0.00836158,2,0.0609759,0.00836158,1.52926,307165
2.6,0.00836158,2,0.0609759,0.00836158,1.53227,316095
2.6,0.00836158,2,0.0609759,0.00836158,1.53527,282296
2.6,0.00836158,2,0.0609759,0.00836158,1.53827,273489
2.6,0.00836158,2,0.0609759,0.00836158,1.54127,276991
2.6,0.00836158,2,0.0609759,0.00836158,1.54427,272634
2.6,0.00836158,2,0.0609759,0.00836158,1.54727,335952
2.6,0.00836158,2,0.0609759,0.00836158,1.55028,272906
2.6,0.00836158,2,0.0609759,0.00836158,1.55328,343981
2.6,0.00836158,2,0.0609759,0.00836158,1.55628,279056
2.6,0.00836158,2,0.0609759,0.00836158,1.55928,311851
2.6,0.00836158,2,0.0609759,0.00836158,1.56228,295748
2.6,0.00836158,2,0.0609759,0.00836158,1.56528,296193
2.6,0.00836158,2,0.0609759,0.00836158,1.56828,314772
2.6,0.00836158,2,0.0609759,0.00836158,1.57129,297221
2.6,0.00836158,2,0.0609759,0.00836158,1.57429,329824
2.6,0.00836158,2,0.0609759,0.00836158,1.57729,307780
2.6,0.00836158,2,0.0609759,0.00836158,1.58029,341631
2.6,0.00836158,2,0.0609759,0.00836158,1.58329,295905
2.6,0.00836158,2,0.0609759,0.00836158,1.58629,293680
2.6,0.00836158,2,0.0609759,0.00836158,1.58929,271052
2.6,0.00836158,2,0.0609759,0.00836158,1.5923,311143
2.6,0.00836158,2,0.0609759,0.00836158,1.5953,293276
2.6,0.00836158,2,0.0609759,0.00836158,1.5983,274365
2.6,0.00836158,2,0.0609759,0.00836158,1.6013,321241
2.6,0.00836158,2,0.0609759,0.00836158,1.6043,276658
2.6,0.00836158,2,0.0609759,0.00836158,1.6073,283579
2.6,0.00836158,2,0.0609759,0.00836158,1.61031,306895
2.6,0.00836158,2,0.0609759,0.00836158,1.61331,291787
2.6,0.00836158,2,0.0609759,0.00836158,1.61631,286788
2.6,0.00836158,2,0.0609759,0.00836158,1.61931,272102
2.6,0.00836158,2,0.0609759,0.00836158,1.62231,279845
2.6,0.00836158,2,0.0609759,0.00836158,1.62531,277662
2.6,0.00836158,2,0.0609759,0.00836158,1.62831,302663
2.6,0.00836158,2,0.0609759,0.00836158,1.63132,304551
2.6,0.00836158,2,0.0609759,0.00836158,1.63432,284873
2.6,0.00836158,2,0.0609759,0.00836158,1.63732,341075
2.6,0.00836158,2,0.0609759,0.00836158,1.64032,294547
2.6,0.00836158,2,0.0609759,0.00836158,1.64332,275435
2.6,0.00836158,2,0.0609759,0.00836158,1.64632,320992
2.6,0.00836158,2,0.0609759,0.00836158,1.64932,274976
2.6,0.00836158,2,0.0609759,0.00836158,1.65233,280790
2.6,0.00836158,2,0.0609759,0.00836158,1.65533,282709
2.6,0.00836158,2,0.0609759,0.00836158,1.65833,296207
2.6,0.00836158,2,0.0609759,0.00836158,1.66133,293717
2.6,0.00836158,2,0.0609759,0.00836158,1.66433,300679
2.6,0.00836158,2,0.0609759,0.00836158,1.66733,307632
2.6,0.00836158,2,0.0609759,0.00836158,1.67034,271406
2.6,0.00836158,2,0.0609759,0.00836158,1.67334,289131
2.6,0.00836158,2,0.0609759,0.00836158,1.67634,279042
2.6,0.00836158,2,0.0609759,0.00836158,1.67934,348488
2.6,0.00836158,2,0.0609759,0.00836158,1.68234,330261
2.6,0.00836158,2,0.0609759,0.00836158,1.68534,280494
2.6,0.00836158,2,0.0609759,0.00836158,1.68834,284897
2.6,0.00836158,2,0.0609759,0.00836158,1.69135,273733
2.6,0.00836158,2,0.0609759,0.00836158,1.69435,267829
2.6,0.00836158,2,0.0609759,0.00836158,1.69735,338118
2.6,0.00836158,2,0.0609759,0.00836158,1.70035,277433
2.6,0.00836158,2,0.0609759,0.00836158,1.70335,343038
2.6,0.00836158,2,0.0609759,0.00836158,1.70635,298490
2.6,0.00836158,2,0.0609759,0.00836158,1.70935,276431
2.6,0.00836158,2,0.0609759,0.00836158,1.71236,279813
2.6,0.00836158,2,0.0609759,0.00836158,1.71536,327121
2.6,0.00836158,2,0.0609759,0.00836158,1.71836,275886
2.6,0.00836158,2,0.0609759,0.00836158,1.72136,279858
2.6,0.00836158,2,0.0609759,0.00836158,1.72436,268157
2.6,0.00836158,2,0.0609759,0.00836158,1.72736,276241
2.6,0.00836158,2,0.0609759,0.00836158,1.73037,273389
2.6,0.00836158,2,0.0609759,0.00836158,1.73337,325431
2.6,0.00836158,2,0.0609759,0.00836158,1.73637,346932
2.6,0.00836158,2,0.0609759,0.00836158,1.73937,278055
2.6,0.00836158,2,0.0609759,0.00836158,1.74237,325642
2.6,0.00836158,2,0.0609759,0.00836158,1.74537,288252
2.6,0.00836158,2,0.0609759,0.00836158,1.74837,305368
2.6,0.00836158,2,0.0609759,0.00836158,1.75138,319366
2.6,0.00836158,2,0.0609759,0.00836158,1.75438,303655
2.6,0.00836158,2,0.0609759,0.00836158,1.75738,300565
2.6,0.00836158,2,0.0609759,0.00836158,1.76038,273497
2.6,0.00836158,2,0.0609759,0.00836158,1.76338,316716
2.6,0.00836158,2,0.0609759,0.00836158,1.76638,332161
2.6,0.00836158,2,0.0609759,0.00836158,1.76938,298811
2.6,0.00836158,2,0.0609759,0.00836158,1.77239,307306
2.6,0.00836158,2,0.0609759,0.00836158,1.77539,309455
2.6,0.00836158,2,0.0609759,0.00836158,1.77839,321544
2.6,0.00836158,2,0.0609759,0.00836158,1.78139,292011
2.6,0.00836158,2,0.0609759,0.00836158,1.78439,281356
2.6,0.00836158,2,0.0609759,0.00836158,1.78739,274623
2.6,0.00836158,2,0.0609759,0.00836158,1.7904,275577
2.6,0.00836158,2,0.0609759,0.00836158,1.7934,318960
2.6,0.00836158,2,0.0609759,0.00836158,1.7964,288646
2.6,0.00836158,2,0.0609759,0.00836158,1.7994,312575
2.6,0.00836158,2,0.0609759,0.00836158,1.8024,331435
2.6,0.00836158,2,0.0609759,0.00836158,1.8054,337189
2.6,0.00836158,2,0.0609759,0.00836158,1.8084,329597
2.6,0.00836158,2,0.0609759,0.00836158,1.81141,344012
2.6,0.00836158,2,0.0609759,0.00836158,1.81441,272449
2.6,0.00836158,2,0.0609759,0.00836158,1.81741,280927
2.6,0.00836158,2,0.0609759,0.00836158,1.82041,310216
2.6,0.00836158,2,0.0609759,0.00836158,1.82341,325433
2.6,0.00836158,2,0.0609759,0.00836158,1.82641,275344
2.6,0.00836158,2,0.0609759,0.00836158,1.82941,305731
2.6,0.00836158,2,0.0609759,0.00836158,1.83242,263268
2.6,0.00836158,2,0.0609759,0.00836158,1.83542,331830
2.6,0.00836158,2,0.0609759,0.00836158,1.83842,305176
2.6,0.00836158,2,0.0609759,0.00836158,1.84142,332861
2.6,0.00836158,2,0.0609759,0.00836158,1.84442,265890
2.6,0.00836158,2,0.0609759,0.00836158,1.84742,305254
2.6,0.00836158,2,0.0609759,0.00836158,1.85043,316939
2.6,0.00836158,2,0.0609759,0.00836158,1.85343,328949
2.6,0.00836158,2,0.0609759,0.00836158,1.85643,294401
2.6,0.00836158,2,0.0609759,0.00836158,1.85943,263110
2.6,0.00836158,2,0.0609759,0.00836158,1.86243,286984
2.6,0.00836158,2,0.0609759,0.00836158,1.86543,289984
2.6,0.00836158,2,0.0609759,0.00836158,1.86843,295417
2.6,0.00836158,2,0.0609759,0.00836158,1.87144,314339
2.6,0.00836158,2,0.0609759,0.00836158,1.87444,315149
2.6,0.00836158,2,0.0609759,0.00836158,1.87744,295997
2.6,0.00836158,2,0.0609759,0.00836158,1.88044,303872
2.6,0.00836158,2,0.0609759,0.00836158,1.88344,308979
2.6,0.00836158,2,0.0609759,0.00836158,1.88644,308857
2.6,0.00836158,2,0.0609759,0.00836158,1.88944,267069
2.6,0.00836158,2,0.0609759,0.00836158,1.89245,282824
2.6,0.00836158,2,0.0609759,0.00836158,1.89545,262994
2.6,0.00836158,2,0.0609759,0.00836158,1.89845,279212
2.6,0.00836158,2,0.0609759,0.00836158,1.90145,268351
2.6,0.00836158,2,0.0609759,0.00836158,1.90445,263521
2.6,0.00836158,2,0.0609759,0.00836158,1.90745,281282
2.6,0.00836158,2,0.0609759,0.00836158,1.91046,279512
2.6,0.00836158,2,0.0609759,0.00836158,1.91346,291938
2.6,0.00836158,2,0.0609759,0.00836158,1.91646,310801
2.6,0.00836158,2,0.0609759,0.00836158,1.91946,262558
2.6,0.00836158,2,0.0609759,0.00836158,1.92246,314511
2.6,0.00836158,2,0.0609759,0.00836158,1.92546,267636
2.6,0.00836158,2,0.0609759,0.00836158,1.92846,270955
2.6,0.00836158,2,0.0609759,0.00836158,1.93147,305977
2.6,0.00836158,2,0.0609759,0.00836158,1.93447,257941
2.6,0.00836158,2,0.0609759,0.00836158,1.93747,281673
2.6,0.00836158,2,0.0609759,0.00836158,1.94047,307866
2.6,0.00836158,2,0.0609759,0.00836158,1.94347,251083
2.6,0.00836158,2,0.0609759,0.00836158,1.94647,258311
2.6,0.00836158,2,0.0609759,0.00836158,1.94947,265395
2.6,0.00836158,2,0.0609759,0.00836158,1.95248,281624
2.6,0.00836158,2,0.0609759,0.00836158,1.95548,262856
2.6,0.00836158,2,0.0609759,0.00836158,1.95848,290509
2.6,0.00836158,2,0.0609759,0.00836158,1.96148,275917
2.6,0.00836158,2,0.0609759,0.00836158,1.96448,247271
2.6,0.00836158,2,0.0609759,0.00836158,1.96748,254792
2.6,0.00836158,2,0.0609759,0.00836158,1.97049,273766
2.6,0.00836158,2,0.0609759,0.00836158,1.97349,275511
2.6,0.00836158,2,0.0609759,0.00836158,1.97649,226836
2.6,0.00836158,2,0.0609759,0.00836158,1.97949,211605
2.6,0.00836158,2,0.0609759,0.00836158,1.98249,227351
2.6,0.00836158,2,0.0609759,0.00836158,1.98549,-208878
2.6,0.00836158,2,0.0609759,0.00836158,1.98849,-252969
2.6,0.00836158,2,0.0609759,0.00836158,1.9915,-232216
2.6,0.00836158,2,0.0609759,0.00836158,1.9945,-235252
2.6,0.00836158,2,0.0609759,0.00836158,1.9975,-237338
2.6,0.00836158,2,0.0609759,0.00836158,2.0005,-229672
2.6,0.00836158,2,0.0609759,0.00836158,2.0035,-252471
2.6,0.00836158,2,0.0609759,0.00836158,2.0065,-239230
2.6,0.00836158,2,0.0609759,0.00836158,2.0095,-258818
2.6,0.00836158,2,0.0609759,0.00836158,2.01251,-280376
2.6,0.00836158,2,0.0609759,0.00836158,2.01551,-240239
2.6,0.00836158,2,0.0609759,0.00836158,2.01851,-240774
2.6,0.00836158,2,0.0609759,0.00836158,2.02151,-261391
2.6,0.00836158,2,0.0609759,0.00836158,2.02451,-286895
2.6,0.00836158,2,0.0609759,0.00836158,2.02751,-309271
2.6,0.00836158,2,0.0609759,0.00836158,2.03052,-297675
2.6,0.00836158,2,0.0609759,0.00836158,2.03352,-269835
2.6,0.00836158,2,0.0609759,0.00836158,2.03652,-268170
2.6,0.00836158,2,0.0609759,0.00836158,2.03952,-254008
2.6,0.00836158,2,0.0609759,0.00836158,2.04252,-265921
2.6,0.00836158,2,0.0609759,0.00836158,2.04552,-265653
2.6,0.00836158,2,0.0609759,0.00836158,2.04852,-301220
2.6,0.00836158,2,0.0609759,0.00836158,2.05153,-320048
2.6,0.00836158,2,0.0609759,0.00836158,2.05453,-314726
2.6,0.00836158,2,0.0609759,0.00836158,2.05753,-317518
2.6,0.00836158,2,0.0609759,0.00836158,2.06053,-323807
2.6,0.00836158,2,0.0609759,0.00836158,2.06353,-297223
2.6,0.00836158,2,0.0609759,0.00836158,2.06653,-329164
2.6,0.00836158,2,0.0609759,0.00836158,2.06953,-328038
2.6,0.00836158,2,0.0609759,0.00836158,2.07254,-278944
2.6,0.00836158,2,0.0609759,0.00836158,2.07554,-283670
2.6,0.00836158,2,0.0609759,0.00836158,2.07854,-287025
2.6,0.00836158,2,0.0609759,0.00836158,2.08154,-284729
2.6,0.00836158,2,0.0609759,0.00836158,2.08454,-284750
2.6,0.00836158,2,0.0609759,0.00836158,2.08754,-322456
2.6,0.00836158,2,0.0609759,0.00836158,2.09055,-261337
2.6,0.00836158,2,0.0609759,0.00836158,2.09355,-296447
2.6,0.00836158,2,0.0609759,0.00836158,2.09655,-261242
2.6,0.00836158,2,0.0609759,0.00836158,2.09955,-287421
2.6,0.00836158,2,0.0609759,0.00836158,2.10255,-261392
2.6,0.00836158,2,0.0609759,0.00836158,2.10555,-299090
2.6,0.00836158,2,0.0609759,0.00836158,2.10855,-279926
2.6,0.00836158,2,0.0609759,0.00836158,2.11156,-331881
2.6,0.00836158,2,0.0609759,0.00836158,2.11456,-295825
2.6,0.00836158,2,0.0609759,0.00836158,2.11756,-316553
2.6,0.00836158,2,0.0609759,0.00836158,2.12056,-291344
2.6,0.00836158,2,0.0609759,0.00836158,2.12356,-290786
2.6,0.00836158,2,0.0609759,0.00836158,2.12656,-309947
2.6,0.00836158,2,0.0609759,0.00836158,2.12956,-275367
2.6,0.00836158,2,0.0609759,0.00836158,2.13257,-286291
2.6,0.00836158,2,0.0609759,0.00836158,2.13557,-283616
2.6,0.00836158,2,0.0609759,0.00836158,2.13857,-266210
2.6,0.00836158,2,0.0609759,0.00836158,2.14157,-308094
2.6,0.00836158,2,0.0609759,0.00836158,2.14457,-312387
2.6,0.00836158,2,0.0609759,0.00836158,2.14757,-268631
2.6,0.00836158,2,0.0609759,0.00836158,2.15058,-266952
2.6,0.00836158,2,0.0609759,0.00836158,2.15358,-325046
2.6,0.00836158,2,0.0609759,0.00836158,2.15658,-315511
2.6,0.00836158,2,0.0609759,0.00836158,2.15958,-269911
2.6,0.00836158,2,0.0609759,0.00836158,2.16258,-320142
2.6,0.00836158,2,0.0609759,0.00836158,2.16558,-274669
2.6,0.00836158,2,0.0609759,0.00836158,2.16858,-321172
2.6,0.00836158,2,0.0609759,0.00836158,2.17159,-317440
2.6,0.00836158,2,0.0609759,0.00836158,2.17459,-310682
2.6,0.00836158,2,0.0609759,0.00836158,2.17759,-331694
2.6,0.00836158,2,0.0609759,0.00836158,2.18059,-298194
2.6,0.00836158,2,0.0609759,0.00836158,2.18359,-291159
2.6,0.00836158,2,0.0609759,0.00836158,2.18659,-275727
2.6,0.00836158,2,0.0609759,0.00836158,2.18959,-312155
2.6,0.00836158,2,0.0609759,0.00836158,2.1926,-318707
2.6,0.00836158,2,0.0609759,0.00836158,2.1956,-342588
2.6,0.00836158,2,0.0609759,0.00836158,2.1986,-330303
2.6,0.00836158,2,0.0609759,0.00836158,2.2016,-311768
2.6,0.00836158,2,0.0609759,0.00836158,2.2046,-320026
2.6,0.00836158,2,0.0609759,0.00836158,2.2076,-289985
2.6,0.00836158,2,0.0609759,0.00836158,2.21061,-339338
2.6,0.00836158,2,0.0609759,0.00836158,2.21361,-329158
2.6,0.00836158,2,0.0609759,0.00836158,2.21661,-354748
2.6,0.00836158,2,0.0609759,0.00836158,2.21961,-328360
2.6,0.00836158,2,0.0609759,0.00836158,2.22261,-298471
2.6,0.00836158,2,0.0609759,0.00836158,2.22561,-297974
2.6,0.00836158,2,0.0609759,0.00836158,2.22861,-327071
2.6,0.00836158,2,0.0609759,0.00836158,2.23162,-324351
2.6,0.00836158,2,0.0609759,0.00836158,2.23462,-332928
2.6,0.00836158,2,0.0609759,0.00836158,2.23762,-311640
2.6,0.00836158,2,0.0609759,0.00836158,2.24062,-322406
2.6,0.00836158,2,0.0609759,0.00836158,2.24362,-285763
2.6,0.00836158,2,0.0609759,0.00836158,2.24662,-293132
2.6,0.00836158,2,0.0609759,0.00836158,2.24962,-324183
2.6,0.00836158,2,0.0609759,0.00836158,2.25263,-345554
2.6,0.00836158,2,0.0609759,0.00836158,2.25563,-323119
2.6,0.00836158,2,0.0609759,0.00836158,2.25863,-276295
2.6,0.00836158,2,0.0609759,0.00836158,2.26163,-298096
2.6,0.00836158,2,0.0609759,0.00836158,2.26463,-346620
2.6,0.00836158,2,0.0609759,0.00836158,2.26763,-338181
2.6,0.00836158,2,0.0609759,0.00836158,2.27064,-311567
2.6,0.00836158,2,0.0609759,0.00836158,2.27364,-351396
2.6,0.00836158,2,0.0609759,0.00836158,2.27664,-351270
2.6,0.00836158,2,0.0609759,0.00836158,2.27964,-352047
2.6,0.00836158,2,0.0609759,0.00836158,2.28264,-282267
2.6,0.00836158,2,0.0609759,0.00836158,2.28564,-279913
2.6,0.00836158,2,0.0609759,0.00836158,2.28864,-329696
2.6,0.00836158,2,0.0609759,0.00836158,2.29165,-332456
2.6,0.00836158,2,0.0609759,0.00836158,2.29465,-290149
2.6,0.00836158,2,0.0609759,0.00836158,2.29765,-318008
2.6,0.00836158,2,0.0609759,0.00836158,2.30065,-346290
2.6,0.00836158,2,0.0609759,0.00836158,2.30365,-316505
2.6,0.00836158,2,0.0609759,0.00836158,2.30665,-315813
2.6,0.00836158,2,0.0609759,0.00836158,2.30965,-282801
2.6,0.00836158,2,0.0609759,0.00836158,2.31266,-295643
2.6,0.00836158,2,0.0609759,0.00836158,2.31566,-300112
2.6,0.00836158,2,0.0609759,0.00836158,2.31866,-301506
2.6,0.00836158,2,0.0609759,0.00836158,2.32166,-298844
2.6,0.00836158,2,0.0609759,0.00836158,2.32466,-333708
2.6,0.00836158,2,0.0609759,0.00836158,2.32766,-336471
2.6,0.00836158,2,0.0609759,0.00836158,2.33067,-314074
2.6,0.00836158,2,0.0609759,0.00836158,2.33367,-327876
2.6,0.00836158,2,0.0609759,0.00836158,2.33667,-287658
2.6,0.00836158,2,0.0609759,0.00836158,2.33967,-308233
2.6,0.00836158,2,0.0609759,0.00836158,2.34267,-311039
2.6,0.00836158,2,0.0609759,0.00836158,2.34567,-309739
2.6,0.00836158,2,0.0609759,0.00836158,2.34867,-352740
2.6,0.00836158,2,0.0609759,0.00836158,2.35168,-324533
2.6,0.00836158,2,0.0609759,0.00836158,2.35468,-319455
2.6,0.00836158,2,0.0609759,0.00836158,2.35768,-278326
2.6,0.00836158,2,0.0609759,0.00836158,2.36068,-324833
2.6,0.00836158,2,0.0609759,0.00836158,2.36368,-288314
2.6,0.00836158,2,0.0609759,0.00836158,2.36668,-333330
2.6,0.00836158,2,0.0609759,0.00836158,2.36968,-321452
2.6,0.00836158,2,0.0609759,0.00836158,2.37269,-325318
2.6,0.00836158,2,0.0609759,0.00836158,2.37569,-316323
2.6,0.00836158,2,0.0609759,0.00836158,2.37869,-312713
2.6,0.00836158,2,0.0609759,0.00836158,2.38169,-312786
2.6,0.00836158,2,0.0609759,0.00836158,2.38469,-299333
2.6,0.00836158,2,0.0609759,0.00836158,2.38769,-330393
2.6,0.00836158,2,0.0609759,0.00836158,2.3907,-300035
2.6,0.00836158,2,0.0609759,0.00836158,2.3937,-286555
2.6,0.00836158,2,0.0609759,0.00836158,2.3967,-294667
2.6,0.00836158,2,0.0609759,0.00836158,2.3997,-348945
2.6,0.00836158,2,0.0609759,0.00836158,2.4027,-323433
2.6,0.00836158,2,0.0609759,0.00836158,2.4057,-297427
2.6,0.00836158,2,0.0609759,0.00836158,2.4087,-323843
2.6,0.00836158,2,0.0609759,0.00836158,2.41171,-319500
2.6,0.00836158,2,0.0609759,0.00836158,2.41471,-284844
2.6,0.00836158,2,0.0609759,0.00836158,2.41771,-311810
2.6,0.00836158,2,0.0609759,0.00836158,2.42071,-348717
2.6,0.00836158,2,0.0609759,0.00836158,2.42371,-347354
2.6,0.00836158,2,0.0609759,0.00836158,2.42671,-326200
2.6,0.00836158,2,0.0609759,0.00836158,2.42971,-340879
2.6,0.00836158,2,0.0609759,0.00836158,2.43272,-321289
2.6,0.00836158,2,0.0609759,0.00836158,2.43572,-312335
2.6,0.00836158,2,0.0609759,0.00836158,2.43872,-320225
2.6,0.00836158,2,0.0609759,0.00836158,2.44172,-328633
2.6,0.00836158,2,0.0609759,0.00836158,2.44472,-277644
2.6,0.00836158,2,0.0609759,0.00836158,2.44772,-281948
2.6,0.00836158,2,0.0609759,0.00836158,2.45073,-314563
2.6,0.00836158,2,0.0609759,0.00836158,2.45373,-327541
2.6,0.00836158,2,0.0609759,0.00836158,2.45673,-326030
2.6,0.00836158,2,0.0609759,0.00836158,2.45973,-309833
2.6,0.00836158,2,0.0609759,0.00836158,2.46273,-289672
2.6,0.00836158,2,0.0609759,0.00836158,2.46573,-325841
2.6,0.00836158,2,0.0609759,0.00836158,2.46873,-330091
2.6,0.00836158,2,0.0609759,0.00836158,2.47174,-344080
2.6,0.00836158,2,0.0609759,0.00836158,2.47474,-291946
2.6,0.00836158,2,0.0609759,0.00836158,2.47774,-315237
2.6,0.00836158,2,0.0609759,0.00836158,2.48074,-291724
2.6,0.00836158,2,0.0609759,0.00836158,2.48374,-312231
2.6,0.00836158,2,0.0609759,0.00836158,2.48674,-282259
2.6,0.00836158,2,0.0609759,0.00836158,2.48974,-338391
2.6,0.00836158,2,0.0609759,0.00836158,2.49275,-319568
2.6,0.00836158,2,0.0609759,0.00836158,2.49575,-317349
2.6,0.00836158,2,0.0609759,0.00836158,2.49875,-333893
2.6,0.00836158,2,0.0609759,0.00836158,2.50175,-294274
2.6,0.00836158,2,0.0609759,0.00836158,2.50475,-301837
2.6,0.00836158,2,0.0609759,0.00836158,2.50775,-335056
2.6,0.00836158,2,0.0609759,0.00836158,2.51076,-301918
2.6,0.00836158,2,0.0609759,0.00836158,2.51376,-290287
2.6,0.00836158,2,0.0609759,0.00836158,2.51676,-352802
2.6,0.00836158,2,0.0609759,0.00836158,2.51976,-278641
2.6,0.00836158,2,0.0609759,0.00836158,2.52276,-283924
2.6,0.00836158,2,0.0609759,0.00836158,2.52576,-290358
2.6,0.00836158,2,0.0609759,0.00836158,2.52876,-349738
2.6,0.00836158,2,0.0609759,0.00836158,2.53177,-271319
2.6,0.00836158,2,0.0609759,0.00836158,2.53477,-331514
2.6,0.00836158,2,0.0609759,0.00836158,2.53777,-328477
2.6,0.00836158,2,0.0609759,0.00836158,2.54077,-305035
2.6,0.00836158,2,0.0609759,0.00836158,2.54377,-308934
2.6,0.00836158,2,0.0609759,0.00836158,2.54677,-329356
2.6,0.00836158,2,0.0609759,0.00836158,2.54977,-271713
2.6,0.00836158,2,0.0609759,0.00836158,2.55278,-278998
2.6,0.00836158,2,0.0609759,0.00836158,2.55578,-280859
2.6,0.00836158,2,0.0609759,0.00836158,2.55878,-281193
2.6,0.00836158,2,0.0609759,0.00836158,2.56178,-281967
2.6,0.00836158,2,0.0609759,0.00836158,2.56478,-294298
2.6,0.00836158,2,0.0609759,0.00836158,2.56778,-280634
2.6,0.00836158,2,0.0609759,0.00836158,2.57079,-327015
2.6,0.00836158,2,0.0609759,0.00836158,2.57379,-325094
2.6,0.00836158,2,0.0609759,0.00836158,2.57679,-282266
2.6,0.00836158,2,0.0609759,0.00836158,2.57979,-324837
2.6,0.00836158,2,0.0609759,0.00836158,2.58279,-250062
2.6,0.00836158,2,0.0609759,0.00836158,2.58579,-281050
2.6,0.00836158,2,0.0609759,0.00836158,2.58879,-315965
2.6,0.00836158,2,0.0609759,0.00836158,2.5918,-259927
2.6,0.00836158,2,0.0609759,0.00836158,2.5948,-233987
2.6,0.00836158,2,0.0609759,0.00836158,2.5978,-270796
2.6,0.00836158,2,0.0609759,0.00836158,2.6008,260410
2.6,0.00836158,2,0.0609759,0.00836158,2.6038,259428
2.6,0.00836158,2,0.0609759,0.00836158,2.6068,280055
2.6,0.00836158,2,0.0609759,0.00836158,2.6098,262647
2.6,0.00836158,2,0.0609759,0.00836158,2.61281,304344
2.6,0.00836158,2,0.0609759,0.00836158,2.61581,266819
2.6,0.00836158,2,0.0609759,0.00836158,2.61881,257929
2.6,0.00836158,2,0.0609759,0.00836158,2.62181,258949
2.6,0.00836158,2,0.0609759,0.00836158,2.62481,296840
2.6,0.00836158,2,0.0609759,0.00836158,2.62781,320598
2.6,0.00836158,2,0.0609759,0.00836158,2.63082,273902
2.6,0.00836158,2,0.0609759,0.00836158,2.63382,263458
2.6,0.00836158,2,0.0609759,0.00836158,2.63682,280321
2.6,0.00836158,2,0.0609759,0.00836158,2.63982,305191
2.6,0.00836158,2,0.0609759,0.00836158,2.64282,269464
2.6,0.00836158,2,0.0609759,0.00836158,2.64582,272779
2.6,0.00836158,2,0.0609759,0.00836158,2.64882,305599
2.6,0.00836158,2,0.0609759,0.00836158,2.65183,302434
2.6,0.00836158,2,0.0609759,0.00836158,2.65483,351074
2.6,0.00836158,2,0.0609759,0.00836158,2.65783,273081
2.6,0.00836158,2,0.0609759,0.00836158,2.66083,320105
2.6,0.00836158,2,0.0609759,0.00836158,2.66383,308882
2.6,0.00836158,2,0.0609759,0.00836158,2.66683,328077
2.6,0.00836158,2,0.0609759,0.00836158,2.66983,356017
2.6,0.00836158,2,0.0609759,0.00836158,2.67284,323612
2.6,0.00836158,2,0.0609759,0.00836158,2.67584,347349
2.6,0.00836158,2,0.0609759,0.00836158,2.67884,302111
2.6,0.00836158,2,0.0609759,0.00836158,2.68184,334932
2.6,0.00836158,2,0.0609759,0.00836158,2.68484,355114
2.6,0.00836158,2,0.0609759,0.00836158,2.68784,303906
2.6,0.00836158,2,0.0609759,0.00836158,2.69085,304390
2.6,0.00836158,2,0.0609759,0.00836158,2.69385,305898
2.6,0.00836158,2,0.0609759,0.00836158,2.69685,287269
2.6,0.00836158,2,0.0609759,0.00836158,2.69985,341310
2.6,0.00836158,2,0.0609759,0.00836158,2.70285,340501
2.6,0.00836158,2,0.0609759,0.00836158,2.70585,320673
2.6,0.00836158,2,0.0609759,0.00836158,2.70885,291842
2.6,0.00836158,2,0.0609759,0.00836158,2.71186,346724
2.6,0.00836158,2,0.0609759,0.00836158,2.71486,327738
2.6,0.00836158,2,0.0609759,0.00836158,2.71786,290736
2.6,0.00836158,2,0.0609759,0.00836158,2.72086,364021
2.6,0.00836158,2,0.0609759,0.00836158,2.72386,312762
2.6,0.00836158,2,0.0609759,0.00836158,2.72686,302269
2.6,0.00836158,2,0.0609759,0.00836158,2.72986,346125
2.6,0.00836158,2,0.0609759,0.00836158,2.73287,317602
2.6,0.00836158,2,0.0609759,0.00836158,2.73587,384534
2.6,0.00836158,2,0.0609759,0.00836158,2.73887,296845
2.6,0.00836158,2,0.0609759,0.00836158,2.74187,315385
2.6,0.00836158,2,0.0609759,0.00836158,2.74487,317783
2.6,0.00836158,2,0.0609759,0.00836158,2.74787,293420
2.6,0.00836158,2,0.0609759,0.00836158,2.75088,302793
2.6,0.00836158,2,0.0609759,0.00836158,2.75388,293555
2.6,0.00836158,2,0.0609759,0.00836158,2.75688,303174
2.6,0.00836158,2,0.0609759,0.00836158,2.75988,294430
2.6,0.00836158,2,0.0609759,0.00836158,2.76288,294008
2.6,0.00836158,2,0.0609759,0.00836158,2.76588,300345
2.6,0.00836158,2,0.0609759,0.00836158,2.76888,301886
2.6,0.00836158,2,0.0609759,0.00836158,2.77189,320366
2.6,0.00836158,2,0.0609759,0.00836158,2.77489,306252
2.6,0.00836158,2,0.0609759,0.00836158,2.77789,301246
2.6,0.00836158,2,0.0609759,0.00836158,2.78089,306129
2.6,0.00836158,2,0.0609759,0.00836158,2.78389,309259
2.6,0.00836158,2,0.0609759,0.00836158,2.78689,296791
2.6,0.00836158,2,0.0609759,0.00836158,2.78989,322468
2.6,0.00836158,2,0.0609759,0.00836158,2.7929,312266
2.6,0.00836158,2,0.0609759,0.00836158,2.7959,313309
2.6,0.00836158,2,0.0609759,0.00836158,2.7989,312009
2.6,0.00836158,2,0.0609759,0.00836158,2.8019,306897
2.6,0.00836158,2,0.0609759,0.00836158,2.8049,321830
2.6,0.00836158,2,0.0609759,0.00836158,2.8079,308376
2.6,0.00836158,2,0.0609759,0.00836158,2.81091,315904
2.6,0.00836158,2,0.0609759,0.00836158,2.81391,323390
2.6,0.00836158,2,0.0609759,0.00836158,2.81691,318377
2.6,0.00836158,2,0.0609759,0.00836158,2.81991,322120
2.6,0.00836158,2,0.0609759,0.00836158,2.82291,324697
2.6,0.00836158,2,0.0609759,0.00836158,2.82591,310805
2.6,0.00836158,2,0.0609759,0.00836158,2.82891,314340
2.6,0.00836158,2,0.0609759,0.00836158,2.83192,310810
2.6,0.00836158,2,0.0609759,0.00836158,2.83492,309730
2.6,0.00836158,2,0.0609759,0.00836158,2.83792,309081
2.6,0.00836158,2,0.0609759,0.00836158,2.84092,329455
2.6,0.00836158,2,0.0609759,0.00836158,2.84392,324469
2.6,0.00836158,2,0.0609759,0.00836158,2.84692,315103
2.6,0.00836158,2,0.0609759,0.00836158,2.84992,306659
2.6,0.00836158,2,0.0609759,0.00836158,2.85293,305313
2.6,0.00836158,2,0.0609759,0.00836158,2.85593,313550
2.6,0.00836158,2,0.0609759,0.00836158,2.85893,336274
2.6,0.00836158,2,0.0609759,0.00836158,2.86193,318226
2.6,0.00836158,2,0.0609759,0.00836158,2.86493,307346
2.6,0.00836158,2,0.0609759,0.00836158,2.86793,322466
2.6,0.00836158,2,0.0609759,0.00836158,2.87094,343983
2.6,0.00836158,2,0.0609759,0.00836158,2.87394,322224
2.6,0.00836158,2,0.0609759,0.00836158,2.87694,326609
2.6,0.00836158,2,0.0609759,0.00836158,2.87994,313460
2.6,0.00836158,2,0.0609759,0.00836158,2.88294,325120
2.6,0.00836158,2,0.0609759,0.00836158,2.88594,397945
2.6,0.00836158,2,0.0609759,0.00836158,2.88894,330333
2.6,0.00836158,2,0.0609759,0.00836158,2.89195,357587
2.6,0.00836158,2,0.0609759,0.00836158,2.89495,311501
2.6,0.00836158,2,0.0609759,0.00836158,2.89795,318554
2.6,0.00836158,2,0.0609759,0.00836158,2.90095,321243
2.6,0.00836158,2,0.0609759,0.00836158,2.90395,343192
2.6,0.00836158,2,0.0609759,0.00836158,2.90695,323429
2.6,0.00836158,2,0.0609759,0.00836158,2.90995,318666
2.6,0.00836158,2,0.0609759,0.00836158,2.91296,330825
2.6,0.00836158,2,0.0609759,0.00836158,2.91596,327572
2.6,0.00836158,2,0.0609759,0.00836158,2.91896,321933
2.6,0.00836158,2,0.0609759,0.00836158,2.92196,319777
2.6,0.00836158,2,0.0609759,0.00836158,2.92496,340812
2.6,0.00836158,2,0.0609759,0.00836158,2.92796,328244
2.6,0.00836158,2,0.0609759,0.00836158,2.93097,334898
2.6,0.00836158,2,0.0609759,0.00836158,2.93397,331439
2.6,0.00836158,2,0.0609759,0.00836158,2.93697,328629
2.6,0.00836158,2,0.0609759,0.00836158,2.93997,346372
2.6,0.00836158,2,0.0609759,0.00836158,2.94297,336421
2.6,0.00836158,2,0.0609759,0.00836158,2.94597,336913
2.6,0.00836158,2,0.0609759,0.00836158,2.94897,339854
2.6,0.00836158,2,0.0609759,0.00836158,2.95198,339853
2.6,0.00836158,2,0.0609759,0.00836158,2.95498,382498
2.6,0.00836158,2,0.0609759,0.00836158,2.95798,361071
2.6,0.00836158,2,0.0609759,0.00836158,2.96098,333240
2.6,0.00836158,2,0.0609759,0.00836158,2.96398,352364
2.6,0.00836158,2,0.0609759,0.00836158,2.96698,322239
2.6,0.00836158,2,0.0609759,0.00836158,2.96998,374304
2.6,0.00836158,2,0.0609759,0.00836158,2.97299,337521
2.6,0.00836158,2,0.0609759,0.00836158,2.97599,322841
2.6,0.00836158,2,0.0609759,0.00836158,2.97899,363167
2.6,0.00836158,2,0.0609759,0.00836158,2.98199,340206
2.6,0.00836158,2,0.0609759,0.00836158,2.98499,349898
2.6,0.00836158,2,0.0609759,0.00836158,2.98799,338790
2.6,0.00836158,2,0.0609759,0.00836158,2.991,344097
2.6,0.00836158,2,0.0609759,0.00836158,2.994,360484
2.6,0.00836158,2,0.0609759,0.00836158,2.997,343071
2.6,0.00836158,2,0.0609759,0.00836158,3,343835

2.4,0.0237784,2,0.182786,0.0237784,-3,-144599
2.4,0.0237784,2,0.182786,0.0237784,-2.997,-161557
2.4,0.0237784,2,0.182786,0.0237784,-2.994,-132473
2.4,0.0237784,2,0.182786,0.0237784,-2.991,-157304
2.4,0.0237784,2,0.182786,0.0237784,-2.98799,-145808
2.4,0.0237784,2,0.182786,0.0237784,-2.98499,-136797
2.4,0.0237784,2,0.182786,0.0237784,-2.98199,-162254
2.4,0.0237784,2,0.182786,0.0237784,-2.97899,-143856
2.4,0.0237784,2,0.182786,0.0237784,-2.97599,-139906
2.4,0.0237784,2,0.182786,0.0237784,-2.97299,-143147
2.4,0.0237784,2,0.182786,0.0237784,-2.96998,-147406
2.4,0.0237784,2,0.182786,0.0237784,-2.96698,-141861
2.4,0.0237784,2,0.182786,0.0237784,-2.96398,-140901
2.4,0.0237784,2,0.182786,0.0237784,-2.96098,-132622
2.4,0.0237784,2,0.182786,0.0237784,-2.95798,-136957
2.4,0.0237784,2,0.182786,0.0237784,-2.95498,-154652
2.4,0.0237784,2,0.182786,0.0237784,-2.95198,-146481
2.4,0.0237784,2,0.182786,0.0237784,-2.94897,-144151
2.4,0.0237784,2,0.182786,0.0237784,-2.94597,-139713
2.4,0.0237784,2,0.182786,0.0237784,-2.94297,-151117
2.4,0.0237784,2,0.182786,0.0237784,-2.93997,-162797
2.4,0.0237784,2,0.182786,0.0237784,-2.93697,-149749
2.4,0.0237784,2,0.182786,0.0237784,-2.93397,-139454
2.4,0.0237784,2,0.182786,0.0237784,-2.93097,-142030
2.4,0.0237784,2,0.182786,0.0237784,-2.92796,-143256
2.4,0.0237784,2,0.182786,0.0237784,-2.92496,-139086
2.4,0.0237784,2,0.182786,0.0237784,-2.92196,-150129
2.4,0.0237784,2,0.182786,0.0237784,-2.91896,-167379
2.4,0.0237784,2,0.182786,0.0237784,-2.91596,-163946
2.4,0.0237784,2,0.182786,0.0237784,-2.91296,-149346
2.4,0.0237784,2,0.182786,0.0237784,-2.90995,-145815
2.4,0.0237784,2,0.182786,0.0237784,-2.90695,-165301
2.4,0.0237784,2,0.182786,0.0237784,-2.90395,-155273
2.4,0.0237784,2,0.182786,0.0237784,-2.90095,-141499
2.4,0.0237784,2,0.182786,0.0237784,-2.89795,-167170
2.4,0.0237784,2,0.182786,0.0237784,-2.89495,-137960
2.4,0.0237784,2,0.182786,0.0237784,-2.89195,-149273
2.4,0.0237784,2,0.182786,0.0237784,-2.88894,-142702
2.4,0.0237784,2,0.182786,0.0237784,-2.88594,-151330
2.4,0.0237784,2,0.182786,0.0237784,-2.88294,-144891
2.4,0.0237784,2,0.182786,0.0237784,-2.87994,-151754
2.4,0.0237784,2,0.182786,0.0237784,-2.87694,-157646
2.4,0.0237784,2,0.182786,0.0237784,-2.87394,-132525
2.4,0.0237784,2,0.182786,0.0237784,-2.87094,-145506
2.4,0.0237784,2,0.182786,0.0237784,-2.86793,-146337
2.4,0.0237784,2,0.182786,0.0237784,-2.86493,-133902
2.4,0.0237784,2,0.182786,0.0237784,-2.86193,-165667
2.4,0.0237784,2,0.182786,0.0237784,-2.85893,-153680
2.4,0.0237784,2,0.182786,0.0237784,-2.85593,-146310
2.4,0.0237784,2,0.182786,0.0237784,-2.85293,-136198
2.4,0.0237784,2,0.182786,0.0237784,-2.84992,-144539
2.4,0.0237784,2,0.182786,0.0237784,-2.84692,-146774
2.4,0.0237784,2,0.182786,0.0237784,-2.84392,-145329
2.4,0.0237784,2,0.182786,0.0237784,-2.84092,-136055
2.4,0.0237784,2,0.182786,0.0237784,-2.83792,-146606
2.4,0.0237784,2,0.182786,0.0237784,-2.83492,-170278
2.4,0.0237784,2,0.182786,0.0237784,-2.83192,-146716
2.4,0.0237784,2,0.182786,0.0237784,-2.82891,-133123
2.4,0.0237784,2,0.182786,0.0237784,-2.82591,-154934
2.4,0.0237784,2,0.182786,0.0237784,-2.82291,-140281
2.4,0.0237784,2,0.182786,0.0237784,-2.81991,-166275
2.4,0.0237784,2,0.182786,0.0237784,-2.81691,-169009
2.4,0.0237784,2,0.182786,0.0237784,-2.81391,-164599
2.4,0.0237784,2,0.182786,0.0237784,-2.81091,-145810
2.4,0.0237784,2,0.182786,0.0237784,-2.8079,-144818
2.4,0.0237784,2,0.182786,0.0237784,-2.8049,-153676
2.4,0.0237784,2,0.182786,0.0237784,-2.8019,-138703
2.4,0.0237784,2,0.182786,0.0237784,-2.7989,-160402
2.4,0.0237784,2,0.182786,0.0237784,-2.7959,-163339
2.4,0.0237784,2,0.182786,0.0237784,-2.7929,-132404
2.4,0.0237784,2,0.182786,0.0237784,-2.78989,-150259
2.4,0.0237784,2,0.182786,0.0237784,-2.78689,-157221
2.4,0.0237784,2,0.182786,0.0237784,-2.78389,-133861
2.4,0.0237784,2,0.182786,0.0237784,-2.78089,-133600
2.4,0.0237784,2,0.182786,0.0237784,-2.77789,-163602
2.4,0.0237784,2,0.182786,0.0237784,-2.77489,-143209
2.4,0.0237784,2,0.182786,0.0237784,-2.77189,-151657
2.4,0.0237784,2,0.182786,0.0237784,-2.76888,-155433
2.4,0.0237784,2,0.182786,0.0237784,-2.76588,-146071
2.4,0.0237784,2,0.182786,0.0237784,-2.76288,-146661
2.4,0.0237784,2,0.182786,0.0237784,-2.75988,-159680
2.4,0.0237784,2,0.182786,0.0237784,-2.75688,-135651
2.4,0.0237784,2,0.182786,0.0237784,-2.75388,-136363
2.4,0.0237784,2,0.182786,0.0237784,-2.75088,-132878
2.4,0.0237784,2,0.182786,0.0237784,-2.74787,-151411
2.4,0.0237784,2,0.182786,0.0237784,-2.74487,-145291
2.4,0.0237784,2,0.182786,0.0237784,-2.74187,-158290
2.4,0.0237784,2,0.182786,0.0237784,-2.73887,-134781
2.4,0.0237784,2,0.182786,0.0237784,-2.73587,-143725
2.4,0.0237784,2,0.182786,0.0237784,-2.73287,-132810
2.4,0.0237784,2,0.182786,0.0237784,-2.72986,-165504
2.4,0.0237784,2,0.182786,0.0237784,-2.72686,-164181
2.4,0.0237784,2,0.182786,0.0237784,-2.72386,-138818
2.4,0.0237784,2,0.182786,0.0237784,-2.72086,-131809
2.4,0.0237784,2,0.182786,0.0237784,-2.71786,-141770
2.4,0.0237784,2,0.182786,0.0237784,-2.71486,-135516
2.4,0.0237784,2,0.182786,0.0237784,-2.71186,-138173
2.4,0.0237784,2,0.182786,0.0237784,-2.70885,-154737
2.4,0.0237784,2,0.182786,0.0237784,-2.70585,-143505
2.4,0.0237784,2,0.182786,0.0237784,-2.70285,-146007
2.4,0.0237784,2,0.182786,0.0237784,-2.69985,-131830
2.4,0.0237784,2,0.182786,0.0237784,-2.69685,-156673
2.4,0.0237784,2,0.182786,0.0237784,-2.69385,-133487
2.4,0.0237784,2,0.182786,0.0237784,-2.69085,-132091
2.4,0.0237784,2,0.182786,0.0237784,-2.68784,-138960
2.4,0.0237784,2,0.182786,0.0237784,-2.68484,-144611
2.4,0.0237784,2,0.182786,0.0237784,-2.68184,-161515
2.4,0.0237784,2,0.182786,0.0237784,-2.67884,-152510
2.4,0.0237784,2,0.182786,0.0237784,-2.67584,-168560
2.4,0.0237784,2,0.182786,0.0237784,-2.67284,-136540
2.4,0.0237784,2,0.182786,0.0237784,-2.66983,-152532
2.4,0.0237784,2,0.182786,0.0237784,-2.66683,-149931
2.4,0.0237784,2,0.182786,0.0237784,-2.66383,-133632
2.4,0.0237784,2,0.182786,0.0237784,-2.66083,-140803
2.4,0.0237784,2,0.182786,0.0237784,-2.65783,-134522
2.4,0.0237784,2,0.182786,0.0237784,-2.65483,-131601
2.4,0.0237784,2,0.182786,0.0237784,-2.65183,-134210
2.4,0.0237784,2,0.182786,0.0237784,-2.64882,-150171
2.4,0.0237784,2,0.182786,0.0237784,-2.64582,-140171
2.4,0.0237784,2,0.182786,0.0237784,-2.64282,-159920
2.4,0.0237784,2,0.182786,0.0237784,-2.63982,-153127
2.4,0.0237784,2,0.182786,0.0237784,-2.63682,-166750
2.4,0.0237784,2,0.182786,0.0237784,-2.63382,-156038
2.4,0.0237784,2,0.182786,0.0237784,-2.63082,-142874
2.4,0.0237784,2,0.182786,0.0237784,-2.62781,-141917
2.4,0.0237784,2,0.182786,0.0237784,-2.62481,-166598
2.4,0.0237784,2,0.182786,0.0237784,-2.62181,-160454
2.4,0.0237784,2,0.182786,0.0237784,-2.61881,-132558
2.4,0.0237784,2,0.182786,0.0237784,-2.61581,-154834
2.4,0.0237784,2,0.182786,0.0237784,-2.61281,-154028
2.4,0.0237784,2,0.182786,0.0237784,-2.6098,-149036
2.4,0.0237784,2,0.182786,0.0237784,-2.6068,-137250
2.4,0.0237784,2,0.182786,0.0237784,-2.6038,-140077
2.4,0.0237784,2,0.182786,0.0237784,-2.6008,-158407
2.4,0.0237784,2,0.182786,0.0237784,-2.5978,-169242
2.4,0.0237784,2,0.182786,0.0237784,-2.5948,-146100
2.4,0.0237784,2,0.182786,0.0237784,-2.5918,-159605
2.4,0.0237784,2,0.182786,0.0237784,-2.58879,-135739
2.4,0.0237784,2,0.182786,0.0237784,-2.58579,-140601
2.4,0.0237784,2,0.182786,0.0237784,-2.58279,-165804
2.4,0.0237784,2,0.182786,0.0237784,-2.57979,-140510
2.4,0.0237784,2,0.182786,0.0237784,-2.57679,-168060
2.4,0.0237784,2,0.182786,0.0237784,-2.57379,-165537
2.4,0.0237784,2,0.182786,0.0237784,-2.57079,-145246
2.4,0.0237784,2,0.182786,0.0237784,-2.56778,-147352
2.4,0.0237784,2,0.182786,0.0237784,-2.56478,-139697
2.4,0.0237784,2,0.182786,0.0237784,-2.56178,-137567
2.4,0.0237784,2,0.182786,0.0237784,-2.55878,-149385
2.4,0.0237784,2,0.182786,0.0237784,-2.55578,-149300
2.4,0.0237784,2,0.182786,0.0237784,-2.55278,-131294
2.4,0.0237784,2,0.182786,0.0237784,-2.54977,-143646
2.4,0.0237784,2,0.182786,0.0237784,-2.54677,-130258
2.4,0.0237784,2,0.182786,0.0237784,-2.54377,-145854
2.4,0.0237784,2,0.182786,0.0237784,-2.54077,-154532
2.4,0.0237784,2,0.182786,0.0237784,-2.53777,-142700
2.4,0.0237784,2,0.182786,0.0237784,-2.53477,-150449
2.4,0.0237784,2,0.182786,0.0237784,-2.53177,-160092
2.4,0.0237784,2,0.182786,0.0237784,-2.52876,-165694
2.4,0.0237784,2,0.182786,0.0237784,-2.52576,-139174
2.4,0.0237784,2,0.182786,0.0237784,-2.52276,-156484
2.4,0.0237784,2,0.182786,0.0237784,-2.51976,-150461
2.4,0.0237784,2,0.182786,0.0237784,-2.51676,-154027
2.4,0.0237784,2,0.182786,0.0237784,-2.51376,-143910
2.4,0.0237784,2,0.182786,0.0237784,-2.51076,-140474
2.4,0.0237784,2,0.182786,0.0237784,-2.50775,-148584
2.4,0.0237784,2,0.182786,0.0237784,-2.50475,-159168
2.4,0.0237784,2,0.182786,0.0237784,-2.50175,-167454
2.4,0.0237784,2,0.182786,0.0237784,-2.49875,-140431
2.4,0.0237784,2,0.182786,0.0237784,-2.49575,-145865
2.4,0.0237784,2,0.182786,0.0237784,-2.49275,-168024
2.4,0.0237784,2,0.182786,0.0237784,-2.48974,-163284
2.4,0.0237784,2,0.182786,0.0237784,-2.48674,-158578
2.4,0.0237784,2,0.182786,0.0237784,-2.48374,-146594
2.4,0.0237784,2,0.182786,0.0237784,-2.48074,-150253
2.4,0.0237784,2,0.182786,0.0237784,-2.47774,-148419
2.4,0.0237784,2,0.182786,0.0237784,-2.47474,-150482
2.4,0.0237784,2,0.182786,0.0237784,-2.47174,-129789
2.4,0.0237784,2,0.182786,0.0237784,-2.46873,-131254
2.4,0.0237784,2,0.182786,0.0237784,-2.46573,-144416
2.4,0.0237784,2,0.182786,0.0237784,-2.46273,-128624
2.4,0.0237784,2,0.182786,0.0237784,-2.45973,-138713
2.4,0.0237784,2,0.182786,0.0237784,-2.45673,-139930
2.4,0.0237784,2,0.182786,0.0237784,-2.45373,-139375
2.4,0.0237784,2,0.182786,0.0237784,-2.45073,-161127
2.4,0.0237784,2,0.182786,0.0237784,-2.44772,-151599
2.4,0.0237784,2,0.182786,0.0237784,-2.44472,-129422
2.4,0.0237784,2,0.182786,0.0237784,-2.44172,-129161
2.4,0.0237784,2,0.182786,0.0237784,-2.43872,-128144
2.4,0.0237784,2,0.182786,0.0237784,-2.43572,-135689
2.4,0.0237784,2,0.182786,0.0237784,-2.43272,-133964
2.4,0.0237784,2,0.182786,0.0237784,-2.42971,-136476
2.4,0.0237784,2,0.182786,0.0237784,-2.42671,-154814
2.4,0.0237784,2,0.182786,0.0237784,-2.42371,-129632
2.4,0.0237784,2,0.182786,0.0237784,-2.42071,-149660
2.4,0.0237784,2,0.182786,0.0237784,-2.41771,-136547
2.4,0.0237784,2,0.182786,0.0237784,-2.41471,-133362
2.4,0.0237784,2,0.182786,0.0237784,-2.41171,-139480
2.4,0.0237784,2,0.182786,0.0237784,-2.4087,-154989
2.4,0.0237784,2,0.182786,0.0237784,-2.4057,-140617
2.4,0.0237784,2,0.182786,0.0237784,-2.4027,-141692
2.4,0.0237784,2,0.182786,0.0237784,-2.3997,-131613
2.4,0.0237784,2,0.182786,0.0237784,-2.3967,-128143
2.4,0.0237784,2,0.182786,0.0237784,-2.3937,-139382
2.4,0.0237784,2,0.182786,0.0237784,-2.3907,-154741
2.4,0.0237784,2,0.182786,0.0237784,-2.38769,-129025
2.4,0.0237784,2,0.182786,0.0237784,-2.38469,-154379
2.4,0.0237784,2,0.182786,0.0237784,-2.38169,-131559
2.4,0.0237784,2,0.182786,0.0237784,-2.37869,-154398
2.4,0.0237784,2,0.182786,0.0237784,-2.37569,-164007
2.4,0.0237784,2,0.182786,0.0237784,-2.37269,-162134
2.4,0.0237784,2,0.182786,0.0237784,-2.36968,-155638
2.4,0.0237784,2,0.182786,0.0237784,-2.36668,-144761
2.4,0.0237784,2,0.182786,0.0237784,-2.36368,-155419
2.4,0.0237784,2,0.182786,0.0237784,-2.36068,-143774
2.4,0.0237784,2,0.182786,0.0237784,-2.35768,-136435
2.4,0.0237784,2,0.182786,0.0237784,-2.35468,-154854
2.4,0.0237784,2,0.182786,0.0237784,-2.35168,-144376
2.4,0.0237784,2,0.182786,0.0237784,-2.34867,-146557
2.4,0.0237784,2,0.182786,0.0237784,-2.34567,-126430
2.4,0.0237784,2,0.182786,0.0237784,-2.34267,-136136
2.4,0.0237784,2,0.182786,0.0237784,-2.33967,-137421
2.4,0.0237784,2,0.182786,0.0237784,-2.33667,-157017
2.4,0.0237784,2,0.182786,0.0237784,-2.33367,-162162
2.4,0.0237784,2,0.182786,0.0237784,-2.33067,-146632
2.4,0.0237784,2,0.182786,0.0237784,-2.32766,-148803
2.4,0.0237784,2,0.182786,0.0237784,-2.32466,-135513
2.4,0.0237784,2,0.182786,0.0237784,-2.32166,-150581
2.4,0.0237784,2,0.182786,0.0237784,-2.31866,-153093
2.4,0.0237784,2,0.182786,0.0237784,-2.31566,-132827
2.4,0.0237784,2,0.182786,0.0237784,-2.31266,-150722
2.4,0.0237784,2,0.182786,0.0237784,-2.30965,-126771
2.4,0.0237784,2,0.182786,0.0237784,-2.30665,-135111
2.4,0.0237784,2,0.182786,0.0237784,-2.30365,-147465
2.4,0.0237784,2,0.182786,0.0237784,-2.30065,-156304
2.4,0.0237784,2,0.182786,0.0237784,-2.29765,-127078
2.4,0.0237784,2,0.182786,0.0237784,-2.29465,-148346
2.4,0.0237784,2,0.182786,0.0237784,-2.29165,-132924
2.4,0.0237784,2,0.182786,0.0237784,-2.28864,-127261
2.4,0.0237784,2,0.182786,0.0237784,-2.28564,-145276
2.4,0.0237784,2,0.182786,0.0237784,-2.28264,-134426
2.4,0.0237784,2,0.182786,0.0237784,-2.27964,-150528
2.4,0.0237784,2,0.182786,0.0237784,-2.27664,-148057
2.4,0.0237784,2,0.182786,0.0237784,-2.27364,-151143
2.4,0.0237784,2,0.182786,0.0237784,-2.27064,-149134
2.4,0.0237784,2,0.182786,0.0237784,-2.26763,-138587
2.4,0.0237784,2,0.182786,0.0237784,-2.26463,-140769
2.4,0.0237784,2,0.182786,0.0237784,-2.26163,-136522
2.4,0.0237784,2,0.182786,0.0237784,-2.25863,-136170
2.4,0.0237784,2,0.182786,0.0237784,-2.25563,-123767
2.4,0.0237784,2,0.182786,0.0237784,-2.25263,-127574
2.4,0.0237784,2,0.182786,0.0237784,-2.24962,-140656
2.4,0.0237784,2,0.182786,0.0237784,-2.24662,-125483
2.4,0.0237784,2,0.182786,0.0237784,-2.24362,-150236
2.4,0.0237784,2,0.182786,0.0237784,-2.24062,-136391
2.4,0.0237784,2,0.182786,0.0237784,-2.23762,-123787
2.4,0.0237784,2,0.182786,0.0237784,-2.23462,-137209
2.4,0.0237784,2,0.182786,0.0237784,-2.23162,-138612
2.4,0.0237784,2,0.182786,0.0237784,-2.22861,-143444
2.4,0.0237784,2,0.182786,0.0237784,-2.22561,-123096
2.4,0.0237784,2,0.182786,0.0237784,-2.22261,-129610
2.4,0.0237784,2,0.182786,0.0237784,-2.21961,-155466
2.4,0.0237784,2,0.182786,0.0237784,-2.21661,-124070
2.4,0.0237784,2,0.182786,0.0237784,-2.21361,-139750
2.4,0.0237784,2,0.182786,0.0237784,-2.21061,-148970
2.4,0.0237784,2,0.182786,0.0237784,-2.2076,-143028
2.4,0.0237784,2,0.182786,0.0237784,-2.2046,-147707
2.4,0.0237784,2,0.182786,0.0237784,-2.2016,-134197
2.4,0.0237784,2,0.182786,0.0237784,-2.1986,-142330
2.4,0.0237784,2,0.182786,0.0237784,-2.1956,-132908
2.4,0.0237784,2,0.182786,0.0237784,-2.1926,-146749
2.4,0.0237784,2,0.182786,0.0237784,-2.18959,-144404
2.4,0.0237784,2,0.182786,0.0237784,-2.18659,-118851
2.4,0.0237784,2,0.182786,0.0237784,-2.18359,-119623
2.4,0.0237784,2,0.182786,0.0237784,-2.18059,-132930
2.4,0.0237784,2,0.182786,0.0237784,-2.17759,-131758
2.4,0.0237784,2,0.182786,0.0237784,-2.17459,-141640
2.4,0.0237784,2,0.182786,0.0237784,-2.17159,-154373
2.4,0.0237784,2,0.182786,0.0237784,-2.16858,-127746
2.4,0.0237784,2,0.182786,0.0237784,-2.16558,-119720
2.4,0.0237784,2,0.182786,0.0237784,-2.16258,-143609
2.4,0.0237784,2,0.182786,0.0237784,-2.15958,-131813
2.4,0.0237784,2,0.182786,0.0237784,-2.15658,-143094
2.4,0.0237784,2,0.182786,0.0237784,-2.15358,-116882
2.4,0.0237784,2,0.182786,0.0237784,-2.15058,-125755
2.4,0.0237784,2,0.182786,0.0237784,-2.14757,-120400
2.4,0.0237784,2,0.182786,0.0237784,-2.14457,-139959
2.4,0.0237784,2,0.182786,0.0237784,-2.14157,-138903
2.4,0.0237784,2,0.182786,0.0237784,-2.13857,-152113
2.4,0.0237784,2,0.182786,0.0237784,-2.13557,-122975
2.4,0.0237784,2,0.182786,0.0237784,-2.13257,-129775
2.4,0.0237784,2,0.182786,0.0237784,-2.12956,-118154
2.4,0.0237784,2,0.182786,0.0237784,-2.12656,-129469
2.4,0.0237784,2,0.182786,0.0237784,-2.12356,-113977
2.4,0.0237784,2,0.182786,0.0237784,-2.12056,-149288
2.4,0.0237784,2,0.182786,0.0237784,-2.11756,-117214
2.4,0.0237784,2,0.182786,0.0237784,-2.11456,-142175
2.4,0.0237784,2,0.182786,0.0237784,-2.11156,-144747
2.4,0.0237784,2,0.182786,0.0237784,-2.10855,-113963
2.4,0.0237784,2,0.182786,0.0237784,-2.10555,-145973
2.4,0.0237784,2,0.182786,0.0237784,-2.10255,-142193
2.4,0.0237784,2,0.182786,0.0237784,-2.09955,-114689
2.4,0.0237784,2,0.182786,0.0237784,-2.09655,-114348
2.4,0.0237784,2,0.182786,0.0237784,-2.09355,-120153
2.4,0.0237784,2,0.182786,0.0237784,-2.09055,-127390
2.4,0.0237784,2,0.182786,0.0237784,-2.08754,-110779
2.4,0.0237784,2,0.182786,0.0237784,-2.08454,-131886
2.4,0.0237784,2,0.182786,0.0237784,-2.08154,-120881
2.4,0.0237784,2,0.182786,0.0237784,-2.07854,-129123
2.4,0.0237784,2,0.182786,0.0237784,-2.07554,-110066
2.4,0.0237784,2,0.182786,0.0237784,-2.07254,-106367
2.4,0.0237784,2,0.182786,0.0237784,-2.06953,-103659
2.4,0.0237784,2,0.182786,0.0237784,-2.06653,-103620
2.4,0.0237784,2,0.182786,0.0237784,-2.06353,-120095
2.4,0.0237784,2,0.182786,0.0237784,-2.06053,-114265
2.4,0.0237784,2,0.182786,0.0237784,-2.05753,-125023
2.4,0.0237784,2,0.182786,0.0237784,-2.05453,-106587
2.4,0.0237784,2,0.182786,0.0237784,-2.05153,98378.2
2.4,0.0237784,2,0.182786,0.0237784,-2.04852,108308
2.4,0.0237784,2,0.182786,0.0237784,-2.04552,100427
2.4,0.0237784,2,0.182786,0.0237784,-2.04252,102769
2.4,0.0237784,2,0.182786,0.0237784,-2.03952,132648
2.4,0.0237784,2,0.182786,0.0237784,-2.03652,127822
2.4,0.0237784,2,0.182786,0.0237784,-2.03352,123202
2.4,0.0237784,2,0.182786,0.0237784,-2.03052,119398
2.4,0.0237784,2,0.182786,0.0237784,-2.02751,128950
2.4,0.0237784,2,0.182786,0.0237784,-2.02451,129627
2.4,0.0237784,2,0.182786,0.0237784,-2.02151,110290
2.4,0.0237784,2,0.182786,0.0237784,-2.01851,118903
2.4,0.0237784,2,0.182786,0.0237784,-2.01551,114592
2.4,0.0237784,2,0.182786,0.0237784,-2.01251,116199
2.4,0.0237784,2,0.182786,0.0237784,-2.0095,144124
2.4,0.0237784,2,0.182786,0.0237784,-2.0065,141635
2.4,0.0237784,2,0.182786,0.0237784,-2.0035,136001
2.4,0.0237784,2,0.182786,0.0237784,-2.0005,129069
2.4,0.0237784,2,0.182786,0.0237784,-1.9975,147066
2.4,0.0237784,2,0.182786,0.0237784,-1.9945,116790
2.4,0.0237784,2,0.182786,0.0237784,-1.9915,113962
2.4,0.0237784,2,0.182786,0.0237784,-1.98849,116631
2.4,0.0237784,2,0.182786,0.0237784,-1.98549,122082
2.4,0.0237784,2,0.182786,0.0237784,-1.98249,118865
2.4,0.0237784,2,0.182786,0.0237784,-1.97949,128339
2.4,0.0237784,2,0.182786,0.0237784,-1.97649,138549
2.4,0.0237784,2,0.182786,0.0237784,-1.97349,115731
2.4,0.0237784,2,0.182786,0.0237784,-1.97049,126915
2.4,0.0237784,2,0.182786,0.0237784,-1.96748,131840
2.4,0.0237784,2,0.182786,0.0237784,-1.96448,140718
2.4,0.0237784,2,0.182786,0.0237784,-1.96148,148890
2.4,0.0237784,2,0.182786,0.0237784,-1.95848,138130
2.4,0.0237784,2,0.182786,0.0237784,-1.95548,126448
2.4,0.0237784,2,0.182786,0.0237784,-1.95248,119466
2.4,0.0237784,2,0.182786,0.0237784,-1.94947,120237
2.4,0.0237784,2,0.182786,0.0237784,-1.94647,120105
2.4,0.0237784,2,0.182786,0.0237784,-1.94347,121003
2.4,0.0237784,2,0.182786,0.0237784,-1.94047,154754
2.4,0.0237784,2,0.182786,0.0237784,-1.93747,143228
2.4,0.0237784,2,0.182786,0.0237784,-1.93447,151380
2.4,0.0237784,2,0.182786,0.0237784,-1.93147,146171
2.4,0.0237784,2,0.182786,0.0237784,-1.92846,141842
2.4,0.0237784,2,0.182786,0.0237784,-1.92546,137775
2.4,0.0237784,2,0.182786,0.0237784,-1.92246,123973
2.4,0.0237784,2,0.182786,0.0237784,-1.91946,150209
2.4,0.0237784,2,0.182786,0.0237784,-1.91646,141049
2.4,0.0237784,2,0.182786,0.0237784,-1.91346,122707
2.4,0.0237784,2,0.182786,0.0237784,-1.91046,146707
2.4,0.0237784,2,0.182786,0.0237784,-1.90745,134090
2.4,0.0237784,2,0.182786,0.0237784,-1.90445,140309
2.4,0.0237784,2,0.182786,0.0237784,-1.90145,157373
2.4,0.0237784,2,0.182786,0.0237784,-1.89845,138957
2.4,0.0237784,2,0.182786,0.0237784,-1.89545,143626
2.4,0.0237784,2,0.182786,0.0237784,-1.89245,131563
2.4,0.0237784,2,0.182786,0.0237784,-1.88944,155217
2.4,0.0237784,2,0.182786,0.0237784,-1.88644,156171
2.4,0.0237784,2,0.182786,0.0237784,-1.88344,124212
2.4,0.0237784,2,0.182786,0.0237784,-1.88044,141849
2.4,0.0237784,2,0.182786,0.0237784,-1.87744,153429
2.4,0.0237784,2,0.182786,0.0237784,-1.87444,130430
2.4,0.0237784,2,0.182786,0.0237784,-1.87144,133628
2.4,0.0237784,2,0.182786,0.0237784,-1.86843,159851
2.4,0.0237784,2,0.182786,0.0237784,-1.86543,136439
2.4,0.0237784,2,0.182786,0.0237784,-1.86243,129294
2.4,0.0237784,2,0.182786,0.0237784,-1.85943,144408
2.4,0.0237784,2,0.182786,0.0237784,-1.85643,125592
2.4,0.0237784,2,0.182786,0.0237784,-1.85343,124900
2.4,0.0237784,2,0.182786,0.0237784,-1.85043,140602
2.4,0.0237784,2,0.182786,0.0237784,-1.84742,131693
2.4,0.0237784,2,0.182786,0.0237784,-1.84442,139260
2.4,0.0237784,2,0.182786,0.0237784,-1.84142,151419
2.4,0.0237784,2,0.182786,0.0237784,-1.83842,142349
2.4,0.0237784,2,0.182786,0.0237784,-1.83542,158430
2.4,0.0237784,2,0.182786,0.0237784,-1.83242,144265
2.4,0.0237784,2,0.182786,0.0237784,-1.82941,132840
2.4,0.0237784,2,0.182786,0.0237784,-1.82641,163773
2.4,0.0237784,2,0.182786,0.0237784,-1.82341,131049
2.4,0.0237784,2,0.182786,0.0237784,-1.82041,128363
2.4,0.0237784,2,0.182786,0.0237784,-1.81741,130657
2.4,0.0237784,2,0.182786,0.0237784,-1.81441,128209
2.4,0.0237784,2,0.182786,0.0237784,-1.81141,142015
2.4,0.0237784,2,0.182786,0.0237784,-1.8084,144172
2.4,0.0237784,2,0.182786,0.0237784,-1.8054,127629
2.4,0.0237784,2,0.182786,0.0237784,-1.8024,155795
2.4,0.0237784,2,0.182786,0.0237784,-1.7994,162410
2.4,0.0237784,2,0.182786,0.0237784,-1.7964,155868
2.4,0.0237784,2,0.182786,0.0237784,-1.7934,136769
2.4,0.0237784,2,0.182786,0.0237784,-1.7904,154235
2.4,0.0237784,2,0.182786,0.0237784,-1.78739,137454
2.4,0.0237784,2,0.182786,0.0237784,-1.78439,138751
2.4,0.0237784,2,0.182786,0.0237784,-1.78139,145993
2.4,0.0237784,2,0.182786,0.0237784,-1.77839,130768
2.4,0.0237784,2,0.182786,0.0237784,-1.77539,160788
2.4,0.0237784,2,0.182786,0.0237784,-1.77239,146181
2.4,0.0237784,2,0.182786,0.0237784,-1.76938,136305
2.4,0.0237784,2,0.182786,0.0237784,-1.76638,157061
2.4,0.0237784,2,0.182786,0.0237784,-1.76338,129607
2.4,0.0237784,2,0.182786,0.0237784,-1.76038,141402
2.4,0.0237784,2,0.182786,0.0237784,-1.75738,134297
2.4,0.0237784,2,0.182786,0.0237784,-1.75438,152279
2.4,0.0237784,2,0.182786,0.0237784,-1.75138,135594
2.4,0.0237784,2,0.182786,0.0237784,-1.74837,143919
2.4,0.0237784,2,0.182786,0.0237784,-1.74537,150711
2.4,0.0237784,2,0.182786,0.0237784,-1.74237,154984
2.4,0.0237784,2,0.182786,0.0237784,-1.73937,140163
2.4,0.0237784,2,0.182786,0.0237784,-1.73637,133977
2.4,0.0237784,2,0.182786,0.0237784,-1.73337,152519
2.4,0.0237784,2,0.182786,0.0237784,-1.73037,156389
2.4,0.0237784,2,0.182786,0.0237784,-1.72736,166871
2.4,0.0237784,2,0.182786,0.0237784,-1.72436,146932
2.4,0.0237784,2,0.182786,0.0237784,-1.72136,135961
2.4,0.0237784,2,0.182786,0.0237784,-1.71836,149592
2.4,0.0237784,2,0.182786,0.0237784,-1.71536,143439
2.4,0.0237784,2,0.182786,0.0237784,-1.71236,131076
2.4,0.0237784,2,0.182786,0.0237784,-1.70935,139942
2.4,0.0237784,2,0.182786,0.0237784,-1.70635,141371
2.4,0.0237784,2,0.182786,0.0237784,-1.70335,136548
2.4,0.0237784,2,0.182786,0.0237784,-1.70035,132842
2.4,0.0237784,2,0.182786,0.0237784,-1.69735,149974
2.4,0.0237784,2,0.182786,0.0237784,-1.69435,159975
2.4,0.0237784,2,0.182786,0.0237784,-1.69135,143559
2.4,0.0237784,2,0.182786,0.0237784,-1.68834,141676
2.4,0.0237784,2,0.182786,0.0237784,-1.68534,137515
2.4,0.0237784,2,0.182786,0.0237784,-1.68234,138163
2.4,0.0237784,2,0.182786,0.0237784,-1.67934,156642
2.4,0.0237784,2,0.182786,0.0237784,-1.67634,133708
2.4,0.0237784,2,0.182786,0.0237784,-1.67334,142311
2.4,0.0237784,2,0.182786,0.0237784,-1.67034,164563
2.4,0.0237784,2,0.182786,0.0237784,-1.66733,138419
2.4,0.0237784,2,0.182786,0.0237784,-1.66433,142199
2.4,0.0237784,2,0.182786,0.0237784,-1.66133,154474
2.4,0.0237784,2,0.182786,0.0237784,-1.65833,134608
2.4,0.0237784,2,0.182786,0.0237784,-1.65533,142207
2.4,0.0237784,2,0.182786,0.0237784,-1.65233,148255
2.4,0.0237784,2,0.182786,0.0237784,-1.64932,133539
2.4,0.0237784,2,0.182786,0.0237784,-1.64632,142399
2.4,0.0237784,2,0.182786,0.0237784,-1.64332,139090
2.4,0.0237784,2,0.182786,0.0237784,-1.64032,141026
2.4,0.0237784,2,0.182786,0.0237784,-1.63732,152237
2.4,0.0237784,2,0.182786,0.0237784,-1.63432,131349
2.4,0.0237784,2,0.182786,0.0237784,-1.63132,136946
2.4,0.0237784,2,0.182786,0.0237784,-1.62831,130934
2.4,0.0237784,2,0.182786,0.0237784,-1.62531,156695
2.4,0.0237784,2,0.182786,0.0237784,-1.62231,143885
2.4,0.0237784,2,0.182786,0.0237784,-1.61931,163821
2.4,0.0237784,2,0.182786,0.0237784,-1.61631,161217
2.4,0.0237784,2,0.182786,0.0237784,-1.61331,130958
2.4,0.0237784,2,0.182786,0.0237784,-1.61031,134453
2.4,0.0237784,2,0.182786,0.0237784,-1.6073,150715
2.4,0.0237784,2,0.182786,0.0237784,-1.6043,147089
2.4,0.0237784,2,0.182786,0.0237784,-1.6013,138562
2.4,0.0237784,2,0.182786,0.0237784,-1.5983,141944
2.4,0.0237784,2,0.182786,0.0237784,-1.5953,132931
2.4,0.0237784,2,0.182786,0.0237784,-1.5923,157400
2.4,0.0237784,2,0.182786,0.0237784,-1.58929,135401
2.4,0.0237784,2,0.182786,0.0237784,-1.58629,134055
2.4,0.0237784,2,0.182786,0.0237784,-1.58329,132112
2.4,0.0237784,2,0.182786,0.0237784,-1.58029,140602
2.4,0.0237784,2,0.182786,0.0237784,-1.57729,145254
2.4,0.0237784,2,0.182786,0.0237784,-1.57429,142206
2.4,0.0237784,2,0.182786,0.0237784,-1.57129,161569
2.4,0.0237784,2,0.182786,0.0237784,-1.56828,166254
2.4,0.0237784,2,0.182786,0.0237784,-1.56528,162434
2.4,0.0237784,2,0.182786,0.0237784,-1.56228,161442
2.4,0.0237784,2,0.182786,0.0237784,-1.55928,137676
2.4,0.0237784,2,0.182786,0.0237784,-1.55628,135531
2.4,0.0237784,2,0.182786,0.0237784,-1.55328,132277
2.4,0.0237784,2,0.182786,0.0237784,-1.55028,134736
2.4,0.0237784,2,0.182786,0.0237784,-1.54727,148946
2.4,0.0237784,2,0.182786,0.0237784,-1.54427,140828
2.4,0.0237784,2,0.182786,0.0237784,-1.54127,132937
2.4,0.0237784,2,0.182786,0.0237784,-1.53827,152347
2.4,0.0237784,2,0.182786,0.0237784,-1.53527,168048
2.4,0.0237784,2,0.182786,0.0237784,-1.53227,137688
2.4,0.0237784,2,0.182786,0.0237784,-1.52926,149562
2.4,0.0237784,2,0.182786,0.0237784,-1.52626,140897
2.4,0.0237784,2,0.182786,0.0237784,-1.52326,164181
2.4,0.0237784,2,0.182786,0.0237784,-1.52026,146297
2.4,0.0237784,2,0.182786,0.0237784,-1.51726,156096
2.4,0.0237784,2,0.182786,0.0237784,-1.51426,151987
2.4,0.0237784,2,0.182786,0.0237784,-1.51126,145968
2.4,0.0237784,2,0.182786,0.0237784,-1.50825,140421
2.4,0.0237784,2,0.182786,0.0237784,-1.50525,144686
2.4,0.0237784,2,0.182786,0.0237784,-1.50225,151377
2.4,0.0237784,2,0.182786,0.0237784,-1.49925,140554
2.4,0.0237784,2,0.182786,0.0237784,-1.49625,134353
2.4,0.0237784,2,0.182786,0.0237784,-1.49325,143815
2.4,0.0237784,2,0.182786,0.0237784,-1.49025,141529
2.4,0.0237784,2,0.182786,0.0237784,-1.48724,144615
2.4,0.0237784,2,0.182786,0.0237784,-1.48424,152920
2.4,0.0237784,2,0.182786,0.0237784,-1.48124,142661
2.4,0.0237784,2,0.182786,0.0237784,-1.47824,142274
2.4,0.0237784,2,0.182786,0.0237784,-1.47524,140327
2.4,0.0237784,2,0.182786,0.0237784,-1.47224,166383
2.4,0.0237784,2,0.182786,0.0237784,-1.46923,145314
2.4,0.0237784,2,0.182786,0.0237784,-1.46623,147437
2.4,0.0237784,2,0.182786,0.0237784,-1.46323,169971
2.4,0.0237784,2,0.182786,0.0237784,-1.46023,142329
2.4,0.0237784,2,0.182786,0.0237784,-1.45723,149652
2.4,0.0237784,2,0.182786,0.0237784,-1.45423,158850
2.4,0.0237784,2,0.182786,0.0237784,-1.45123,142235
2.4,0.0237784,2,0.182786,0.0237784,-1.44822,145235
2.4,0.0237784,2,0.182786,0.0237784,-1.44522,137695
2.4,0.0237784,2,0.182786,0.0237784,-1.44222,167960
2.4,0.0237784,2,0.182786,0.0237784,-1.43922,152615
2.4,0.0237784,2,0.182786,0.0237784,-1.43622,166988
2.4,0.0237784,2,0.182786,0.0237784,-1.43322,137453
2.4,0.0237784,2,0.182786,0.0237784,-1.43022,143575
2.4,0.0237784,2,0.182786,0.0237784,-1.42721,146814
2.4,0.0237784,2,0.182786,0.0237784,-1.42421,144194
2.4,0.0237784,2,0.182786,0.0237784,-1.42121,162934
2.4,0.0237784,2,0.182786,0.0237784,-1.41821,147630
2.4,0.0237784,2,0.182786,0.0237784,-1.41521,137508
2.4,0.0237784,2,0.182786,0.0237784,-1.41221,144311
2.4,0.0237784,2,0.182786,0.0237784,-1.4092,156614
2.4,0.0237784,2,0.182786,0.0237784,-1.4062,143834
2.4,0.0237784,2,0.182786,0.0237784,-1.4032,150296
2.4,0.0237784,2,0.182786,0.0237784,-1.4002,154903
2.4,0.0237784,2,0.182786,0.0237784,-1.3972,135982
2.4,0.0237784,2,0.182786,0.0237784,-1.3942,142515
2.4,0.0237784,2,0.182786,0.0237784,-1.3912,170333
2.4,0.0237784,2,0.182786,0.0237784,-1.38819,150861
2.4,0.0237784,2,0.182786,0.0237784,-1.38519,157873
2.4,0.0237784,2,0.182786,0.0237784,-1.38219,144593
2.4,0.0237784,2,0.182786,0.0237784,-1.37919,147644
2.4,0.0237784,2,0.182786,0.0237784,-1.37619,176507
2.4,0.0237784,2,0.182786,0.0237784,-1.37319,138820
2.4,0.0237784,2,0.182786,0.0237784,-1.37019,141133
2.4,0.0237784,2,0.182786,0.0237784,-1.36718,160495
2.4,0.0237784,2,0.182786,0.0237784,-1.36418,171044
2.4,0.0237784,2,0.182786,0.0237784,-1.36118,148494
2.4,0.0237784,2,0.182786,0.0237784,-1.35818,145416
2.4,0.0237784,2,0.182786,0.0237784,-1.35518,139071
2.4,0.0237784,2,0.182786,0.0237784,-1.35218,139745
2.4,0.0237784,2,0.182786,0.0237784,-1.34917,152021
2.4,0.0237784,2,0.182786,0.0237784,-1.34617,159387
2.4,0.0237784,2,0.182786,0.0237784,-1.34317,150013
2.4,0.0237784,2,0.182786,0.0237784,-1.34017,140095
2.4,0.0237784,2,0.182786,0.0237784,-1.33717,150238
2.4,0.0237784,2,0.182786,0.0237784,-1.33417,161248
2.4,0.0237784,2,0.182786,0.0237784,-1.33117,171832
2.4,0.0237784,2,0.182786,0.0237784,-1.32816,155180
2.4,0.0237784,2,0.182786,0.0237784,-1.32516,143615
2.4,0.0237784,2,0.182786,0.0237784,-1.32216,162495
2.4,0.0237784,2,0.182786,0.0237784,-1.31916,135814
2.4,0.0237784,2,0.182786,0.0237784,-1.31616,159003
2.4,0.0237784,2,0.182786,0.0237784,-1.31316,168816
2.4,0.0237784,2,0.182786,0.0237784,-1.31016,170526
2.4,0.0237784,2,0.182786,0.0237784,-1.30715,146607
2.4,0.0237784,2,0.182786,0.0237784,-1.30415,169371
2.4,0.0237784,2,0.182786,0.0237784,-1.30115,139515
2.4,0.0237784,2,0.182786,0.0237784,-1.29815,156479
2.4,0.0237784,2,0.182786,0.0237784,-1.29515,140526
2.4,0.0237784,2,0.182786,0.0237784,-1.29215,165389
2.4,0.0237784,2,0.182786,0.0237784,-1.28914,141512
2.4,0.0237784,2,0.182786,0.0237784,-1.28614,144542
2.4,0.0237784,2,0.182786,0.0237784,-1.28314,140326
2.4,0.0237784,2,0.182786,0.0237784,-1.28014,134412
2.4,0.0237784,2,0.182786,0.0237784,-1.27714,150127
2.4,0.0237784,2,0.182786,0.0237784,-1.27414,149002
2.4,0.0237784,2,0.182786,0.0237784,-1.27114,137108
2.4,0.0237784,2,0.182786,0.0237784,-1.26813,155955
2.4,0.0237784,2,0.182786,0.0237784,-1.26513,170995
2.4,0.0237784,2,0.182786,0.0237784,-1.26213,150810
2.4,0.0237784,2,0.182786,0.0237784,-1.25913,163438
2.4,0.0237784,2,0.182786,0.0237784,-1.25613,144467
2.4,0.0237784,2,0.182786,0.0237784,-1.25313,157046
2.4,0.0237784,2,0.182786,0.0237784,-1.25013,134950
2.4,0.0237784,2,0.182786,0.0237784,-1.24712,150666
2.4,0.0237784,2,0.182786,0.0237784,-1.24412,156588
2.4,0.0237784,2,0.182786,0.0237784,-1.24112,134795
2.4,0.0237784,2,0.182786,0.0237784,-1.23812,171397
2.4,0.0237784,2,0.182786,0.0237784,-1.23512,141096
2.4,0.0237784,2,0.182786,0.0237784,-1.23212,151428
2.4,0.0237784,2,0.182786,0.0237784,-1.22911,148144
2.4,0.0237784,2,0.182786,0.0237784,-1.22611,170822
2.4,0.0237784,2,0.182786,0.0237784,-1.22311,139281
2.4,0.0237784,2,0.182786,0.0237784,-1.22011,144221
2.4,0.0237784,2,0.182786,0.0237784,-1.21711,149508
2.4,0.0237784,2,0.182786,0.0237784,-1.21411,155089
2.4,0.0237784,2,0.182786,0.0237784,-1.21111,171555
2.4,0.0237784,2,0.182786,0.0237784,-1.2081,158399
2.4,0.0237784,2,0.182786,0.0237784,-1.2051,154899
2.4,0.0237784,2,0.182786,0.0237784,-1.2021,139618
2.4,0.0237784,2,0.182786,0.0237784,-1.1991,145366
2.4,0.0237784,2,0.182786,0.0237784,-1.1961,155307
2.4,0.0237784,2,0.182786,0.0237784,-1.1931,161799
2.4,0.0237784,2,0.182786,0.0237784,-1.1901,165148
2.4,0.0237784,2,0.182786,0.0237784,-1.18709,152818
2.4,0.0237784,2,0.182786,0.0237784,-1.18409,144081
2.4,0.0237784,2,0.182786,0.0237784,-1.18109,144729
2.4,0.0237784,2,0.182786,0.0237784,-1.17809,163271
2.4,0.0237784,2,0.182786,0.0237784,-1.17509,138324
2.4,0.0237784,2,0.182786,0.0237784,-1.17209,155639
2.4,0.0237784,2,0.182786,0.0237784,-1.16908,135809
2.4,0.0237784,2,0.182786,0.0237784,-1.16608,137567
2.4,0.0237784,2,0.182786,0.0237784,-1.16308,169426
2.4,0.0237784,2,0.182786,0.0237784,-1.16008,149107
2.4,0.0237784,2,0.182786,0.0237784,-1.15708,151380
2.4,0.0237784,2,0.182786,0.0237784,-1.15408,163361
2.4,0.0237784,2,0.182786,0.0237784,-1.15108,145693
2.4,0.0237784,2,0.182786,0.0237784,-1.14807,153995
2.4,0.0237784,2,0.182786,0.0237784,-1.14507,142486
2.4,0.0237784,2,0.182786,0.0237784,-1.14207,169876
2.4,0.0237784,2,0.182786,0.0237784,-1.13907,143865
2.4,0.0237784,2,0.182786,0.0237784,-1.13607,171398
2.4,0.0237784,2,0.182786,0.0237784,-1.13307,150782
2.4,0.0237784,2,0.182786,0.0237784,-1.13007,139082
2.4,0.0237784,2,0.182786,0.0237784,-1.12706,148515
2.4,0.0237784,2,0.182786,0.0237784,-1.12406,146178
2.4,0.0237784,2,0.182786,0.0237784,-1.12106,171509
2.4,0.0237784,2,0.182786,0.0237784,-1.11806,152224
2.4,0.0237784,2,0.182786,0.0237784,-1.11506,171429
2.4,0.0237784,2,0.182786,0.0237784,-1.11206,144101
2.4,0.0237784,2,0.182786,0.0237784,-1.10905,138664
2.4,0.0237784,2,0.182786,0.0237784,-1.10605,147453
2.4,0.0237784,2,0.182786,0.0237784,-1.10305,174624
2.4,0.0237784,2,0.182786,0.0237784,-1.10005,135493
2.4,0.0237784,2,0.182786,0.0237784,-1.09705,141939
2.4,0.0237784,2,0.182786,0.0237784,-1.09405,166494
2.4,0.0237784,2,0.182786,0.0237784,-1.09105,162166
2.4,0.0237784,2,0.182786,0.0237784,-1.08804,136050
2.4,0.0237784,2,0.182786,0.0237784,-1.08504,138646
2.4,0.0237784,2,0.182786,0.0237784,-1.08204,163235
2.4,0.0237784,2,0.182786,0.0237784,-1.07904,160391
2.4,0.0237784,2,0.182786,0.0237784,-1.07604,171043
2.4,0.0237784,2,0.182786,0.0237784,-1.07304,167035
2.4,0.0237784,2,0.182786,0.0237784,-1.07004,141230
2.4,0.0237784,2,0.182786,0.0237784,-1.06703,169164
2.4,0.0237784,2,0.182786,0.0237784,-1.06403,136222
2.4,0.0237784,2,0.182786,0.0237784,-1.06103,138311
2.4,0.0237784,2,0.182786,0.0237784,-1.05803,161736
2.4,0.0237784,2,0.182786,0.0237784,-1.05503,172432
2.4,0.0237784,2,0.182786,0.0237784,-1.05203,140858
2.4,0.0237784,2,0.182786,0.0237784,-1.04902,150175
2.4,0.0237784,2,0.182786,0.0237784,-1.04602,158754
2.4,0.0237784,2,0.182786,0.0237784,-1.04302,149170
2.4,0.0237784,2,0.182786,0.0237784,-1.04002,161696
2.4,0.0237784,2,0.182786,0.0237784,-1.03702,151654
2.4,0.0237784,2,0.182786,0.0237784,-1.03402,152499
2.4,0.0237784,2,0.182786,0.0237784,-1.03102,168576
2.4,0.0237784,2,0.182786,0.0237784,-1.02801,136007
2.4,0.0237784,2,0.182786,0.0237784,-1.02501,148772
2.4,0.0237784,2,0.182786,0.0237784,-1.02201,142340
2.4,0.0237784,2,0.182786,0.0237784,-1.01901,136216
2.4,0.0237784,2,0.182786,0.0237784,-1.01601,133911
2.4,0.0237784,2,0.182786,0.0237784,-1.01301,134945
2.4,0.0237784,2,0.182786,0.0237784,-1.01001,149823
2.4,0.0237784,2,0.182786,0.0237784,-1.007,153935
2.4,0.0237784,2,0.182786,0.0237784,-1.004,154546
2.4,0.0237784,2,0.182786,0.0237784,-1.001,138860
2.4,0.0237784,2,0.182786,0.0237784,-0.997999,172170
2.4,0.0237784,2,0.182786,0.0237784,-0.994997,142221
2.4,0.0237784,2,0.182786,0.0237784,-0.991996,142848
2.4,0.0237784,2,0.182786,0.0237784,-0.988994,144824
2.4,0.0237784,2,0.182786,0.0237784,-0.985993,137667
2.4,0.0237784,2,0.182786,0.0237784,-0.982991,172031
2.4,0.0237784,2,0.182786,0.0237784,-0.97999,159005
2.4,0.0237784,2,0.182786,0.0237784,-0.976988,149475
2.4,0.0237784,2,0.182786,0.0237784,-0.973987,150664
2.4,0.0237784,2,0.182786,0.0237784,-0.970985,143626
2.4,0.0237784,2,0.182786,0.0237784,-0.967984,137556
2.4,0.0237784,2,0.182786,0.0237784,-0.964982,170739
2.4,0.0237784,2,0.182786,0.0237784,-0.961981,164858
2.4,0.0237784,2,0.182786,0.0237784,-0.958979,139680
2.4,0.0237784,2,0.182786,0.0237784,-0.955978,172600
2.4,0.0237784,2,0.182786,0.0237784,-0.952976,133951
2.4,0.0237784,2,0.182786,0.0237784,-0.949975,134594
2.4,0.0237784,2,0.182786,0.0237784,-0.946973,139707
2.4,0.0237784,2,0.182786,0.0237784,-0.943972,138448
2.4,0.0237784,2,0.182786,0.0237784,-0.94097,142333
2.4,0.0237784,2,0.182786,0.0237784,-0.937969,158796
2.4,0.0237784,2,0.182786,0.0237784,-0.934967,140177
2.4,0.0237784,2,0.182786,0.0237784,-0.931966,164231
2.4,0.0237784,2,0.182786,0.0237784,-0.928964,134433
2.4,0.0237784,2,0.182786,0.0237784,-0.925963,146819
2.4,0.0237784,2,0.182786,0.0237784,-0.922961,135560
2.4,0.0237784,2,0.182786,0.0237784,-0.91996,152097
2.4,0.0237784,2,0.182786,0.0237784,-0.916958,145593
2.4,0.0237784,2,0.182786,0.0237784,-0.913957,168814
2.4,0.0237784,2,0.182786,0.0237784,-0.910955,143868
2.4,0.0237784,2,0.182786,0.0237784,-0.907954,133279
2.4,0.0237784,2,0.182786,0.0237784,-0.904952,166462
2.4,0.0237784,2,0.182786,0.0237784,-0.901951,144296
2.4,0.0237784,2,0.182786,0.0237784,-0.898949,133024
2.4,0.0237784,2,0.182786,0.0237784,-0.895948,139264
2.4,0.0237784,2,0.182786,0.0237784,-0.892946,142376
2.4,0.0237784,2,0.182786,0.0237784,-0.889945,137539
2.4,0.0237784,2,0.182786,0.0237784,-0.886943,133599
2.4,0.0237784,2,0.182786,0.0237784,-0.883942,135552
2.4,0.0237784,2,0.182786,0.0237784,-0.88094,143469
2.4,0.0237784,2,0.182786,0.0237784,-0.877939,161945
2.4,0.0237784,2,0.182786,0.0237784,-0.874937,151645
2.4,0.0237784,2,0.182786,0.0237784,-0.871936,135597
2.4,0.0237784,2,0.182786,0.0237784,-0.868934,146687
2.4,0.0237784,2,0.182786,0.0237784,-0.865933,140667
2.4,0.0237784,2,0.182786,0.0237784,-0.862931,138173
2.4,0.0237784,2,0.182786,0.0237784,-0.85993,142454
2.4,0.0237784,2,0.182786,0.0237784,-0.856928,150286
2.4,0.0237784,2,0.182786,0.0237784,-0.853927,132124
2.4,0.0237784,2,0.182786,0.0237784,-0.850925,133292
2.4,0.0237784,2,0.182786,0.0237784,-0.847924,162435
2.4,0.0237784,2,0.182786,0.0237784,-0.844922,146214
2.4,0.0237784,2,0.182786,0.0237784,-0.841921,152488
2.4,0.0237784,2,0.182786,0.0237784,-0.838919,146777
2.4,0.0237784,2,0.182786,0.0237784,-0.835918,141977
2.4,0.0237784,2,0.182786,0.0237784,-0.832916,171486
2.4,0.0237784,2,0.182786,0.0237784,-0.829915,132667
2.4,0.0237784,2,0.182786,0.0237784,-0.826913,169400
2.4,0.0237784,2,0.182786,0.0237784,-0.823912,144326
2.4,0.0237784,2,0.182786,0.0237784,-0.82091,151094
2.4,0.0237784,2,0.182786,0.0237784,-0.817909,145274
2.4,0.0237784,2,0.182786,0.0237784,-0.814907,161769
2.4,0.0237784,2,0.182786,0.0237784,-0.811906,144120
2.4,0.0237784,2,0.182786,0.0237784,-0.808904,142984
2.4,0.0237784,2,0.182786,0.0237784,-0.805903,140946
2.4,0.0237784,2,0.182786,0.0237784,-0.802901,154956
2.4,0.0237784,2,0.182786,0.0237784,-0.7999,141809
2.4,0.0237784,2,0.182786,0.0237784,-0.796898,144966
2.4,0.0237784,2,0.182786,0.0237784,-0.793897,145575
2.4,0.0237784,2,0.182786,0.0237784,-0.790895,140297
2.4,0.0237784,2,0.182786,0.0237784,-0.787894,163910
2.4,0.0237784,2,0.182786,0.0237784,-0.784892,140579
2.4,0.0237784,2,0.182786,0.0237784,-0.781891,146647
2.4,0.0237784,2,0.182786,0.0237784,-0.778889,166833
2.4,0.0237784,2,0.182786,0.0237784,-0.775888,134736
2.4,0.0237784,2,0.182786,0.0237784,-0.772886,159105
2.4,0.0237784,2,0.182786,0.0237784,-0.769885,146330
2.4,0.0237784,2,0.182786,0.0237784,-0.766883,159420
2.4,0.0237784,2,0.182786,0.0237784,-0.763882,160048
2.4,0.0237784,2,0.182786,0.0237784,-0.76088,145308
2.4,0.0237784,2,0.182786,0.0237784,-0.757879,163620
2.4,0.0237784,2,0.182786,0.0237784,-0.754877,133422
2.4,0.0237784,2,0.182786,0.0237784,-0.751876,140593
2.4,0.0237784,2,0.182786,0.0237784,-0.748874,151951
2.4,0.0237784,2,0.182786,0.0237784,-0.745873,159679
2.4,0.0237784,2,0.182786,0.0237784,-0.742871,142899
2.4,0.0237784,2,0.182786,0.0237784,-0.73987,146319
2.4,0.0237784,2,0.182786,0.0237784,-0.736868,161717
2.4,0.0237784,2,0.182786,0.0237784,-0.733867,153511
2.4,0.0237784,2,0.182786,0.0237784,-0.730865,144896
2.4,0.0237784,2,0.182786,0.0237784,-0.727864,142465
2.4,0.0237784,2,0.182786,0.0237784,-0.724862,148142
2.4,0.0237784,2,0.182786,0.0237784,-0.721861,157948
2.4,0.0237784,2,0.182786,0.0237784,-0.718859,158454
2.4,0.0237784,2,0.182786,0.0237784,-0.715858,142011
2.4,0.0237784,2,0.182786,0.0237784,-0.712856,140254
2.4,0.0237784,2,0.182786,0.0237784,-0.709855,136700
2.4,0.0237784,2,0.182786,0.0237784,-0.706853,145530
2.4,0.0237784,2,0.182786,0.0237784,-0.703852,134360
2.4,0.0237784,2,0.182786,0.0237784,-0.70085,161972
2.4,0.0237784,2,0.182786,0.0237784,-0.697849,144560
2.4,0.0237784,2,0.182786,0.0237784,-0.694847,137718
2.4,0.0237784,2,0.182786,0.0237784,-0.691846,132926
2.4,0.0237784,2,0.182786,0.0237784,-0.688844,128105
2.4,0.0237784,2,0.182786,0.0237784,-0.685843,154589
2.4,0.0237784,2,0.182786,0.0237784,-0.682841,132875
2.4,0.0237784,2,0.182786,0.0237784,-0.67984,141954
2.4,0.0237784,2,0.182786,0.0237784,-0.676838,136258
2.4,0.0237784,2,0.182786,0.0237784,-0.673837,150365
2.4,0.0237784,2,0.182786,0.0237784,-0.670835,141342
2.4,0.0237784,2,0.182786,0.0237784,-0.667834,147633
2.4,0.0237784,2,0.182786,0.0237784,-0.664832,162079
2.4,0.0237784,2,0.182786,0.0237784,-0.661831,139524
2.4,0.0237784,2,0.182786,0.0237784,-0.658829,141482
2.4,0.0237784,2,0.182786,0.0237784,-0.655828,149937
2.4,0.0237784,2,0.182786,0.0237784,-0.652826,156810
2.4,0.0237784,2,0.182786,0.0237784,-0.649825,155906
2.4,0.0237784,2,0.182786,0.0237784,-0.646823,129972
2.4,0.0237784,2,0.182786,0.0237784,-0.643822,144111
2.4,0.0237784,2,0.182786,0.0237784,-0.64082,139559
2.4,0.0237784,2,0.182786,0.0237784,-0.637819,132740
2.4,0.0237784,2,0.182786,0.0237784,-0.634817,136467
2.4,0.0237784,2,0.182786,0.0237784,-0.631816,134312
2.4,0.0237784,2,0.182786,0.0237784,-0.628814,137166
2.4,0.0237784,2,0.182786,0.0237784,-0.625813,138848
2.4,0.0237784,2,0.182786,0.0237784,-0.622811,145964
2.4,0.0237784,2,0.182786,0.0237784,-0.61981,148245
2.4,0.0237784,2,0.182786,0.0237784,-0.616808,134498
2.4,0.0237784,2,0.182786,0.0237784,-0.613807,158240
2.4,0.0237784,2,0.182786,0.0237784,-0.610805,144646
2.4,0.0237784,2,0.182786,0.0237784,-0.607804,124189
2.4,0.0237784,2,0.182786,0.0237784,-0.604802,151839
2.4,0.0237784,2,0.182786,0.0237784,-0.601801,144427
2.4,0.0237784,2,0.182786,0.0237784,-0.598799,154063
2.4,0.0237784,2,0.182786,0.0237784,-0.595798,150051
2.4,0.0237784,2,0.182786,0.0237784,-0.592796,138486
2.4,0.0237784,2,0.182786,0.0237784,-0.589795,137744
2.4,0.0237784,2,0.182786,0.0237784,-0.586793,125210
2.4,0.0237784,2,0.182786,0.0237784,-0.583792,134693
2.4,0.0237784,2,0.182786,0.0237784,-0.58079,136825
2.4,0.0237784,2,0.182786,0.0237784,-0.577789,144594
2.4,0.0237784,2,0.182786,0.0237784,-0.574787,127840
2.4,0.0237784,2,0.182786,0.0237784,-0.571786,131663
2.4,0.0237784,2,0.182786,0.0237784,-0.568784,154254
2.4,0.0237784,2,0.182786,0.0237784,-0.565783,149050
2.4,0.0237784,2,0.182786,0.0237784,-0.562781,138008
2.4,0.0237784,2,0.182786,0.0237784,-0.55978,143685
2.4,0.0237784,2,0.182786,0.0237784,-0.556778,134501
2.4,0.0237784,2,0.182786,0.0237784,-0.553777,134634
2.4,0.0237784,2,0.182786,0.0237784,-0.550775,125429
2.4,0.0237784,2,0.182786,0.0237784,-0.547774,131065
2.4,0.0237784,2,0.182786,0.0237784,-0.544772,129016
2.4,0.0237784,2,0.182786,0.0237784,-0.541771,138407
2.4,0.0237784,2,0.182786,0.0237784,-0.538769,142439
2.4,0.0237784,2,0.182786,0.0237784,-0.535768,121253
2.4,0.0237784,2,0.182786,0.0237784,-0.532766,143501
2.4,0.0237784,2,0.182786,0.0237784,-0.529765,140531
2.4,0.0237784,2,0.182786,0.0237784,-0.526763,112903
2.4,0.0237784,2,0.182786,0.0237784,-0.523762,118436
2.4,0.0237784,2,0.182786,0.0237784,-0.52076,129478
2.4,0.0237784,2,0.182786,0.0237784,-0.517759,128162
2.4,0.0237784,2,0.182786,0.0237784,-0.514757,115693
2.4,0.0237784,2,0.182786,0.0237784,-0.511756,125364
2.4,0.0237784,2,0.182786,0.0237784,-0.508754,130345
2.4,0.0237784,2,0.182786,0.0237784,-0.505753,131792
2.4,0.0237784,2,0.182786,0.0237784,-0.502751,118606
2.4,0.0237784,2,0.182786,0.0237784,-0.49975,108323
2.4,0.0237784,2,0.182786,0.0237784,-0.496748,108247
2.4,0.0237784,2,0.182786,0.0237784,-0.493747,110066
2.4,0.0237784,2,0.182786,0.0237784,-0.490745,-120138
2.4,0.0237784,2,0.182786,0.0237784,-0.487744,-118056
2.4,0.0237784,2,0.182786,0.0237784,-0.484742,-115819
2.4,0.0237784,2,0.182786,0.0237784,-0.481741,-107937
2.4,0.0237784,2,0.182786,0.0237784,-0.478739,-135351
2.4,0.0237784,2,0.182786,0.0237784,-0.475738,-141120
2.4,0.0237784,2,0.182786,0.0237784,-0.472736,-122646
2.4,0.0237784,2,0.182786,0.0237784,-0.469735,-111935
2.4,0.0237784,2,0.182786,0.0237784,-0.466733,-117489
2.4,0.0237784,2,0.182786,0.0237784,-0.463732,-141987
2.4,0.0237784,2,0.182786,0.0237784,-0.46073,-135386
2.4,0.0237784,2,0.182786,0.0237784,-0.457729,-118533
2.4,0.0237784,2,0.182786,0.0237784,-0.454727,-136896
2.4,0.0237784,2,0.182786,0.0237784,-0.451726,-127889
2.4,0.0237784,2,0.182786,0.0237784,-0.448724,-126206
2.4,0.0237784,2,0.182786,0.0237784,-0.445723,-142604
2.4,0.0237784,2,0.182786,0.0237784,-0.442721,-141466
2.4,0.0237784,2,0.182786,0.0237784,-0.43972,-123656
2.4,0.0237784,2,0.182786,0.0237784,-0.436718,-152007
2.4,0.0237784,2,0.182786,0.0237784,-0.433717,-123137
2.4,0.0237784,2,0.182786,0.0237784,-0.430715,-140592
2.4,0.0237784,2,0.182786,0.0237784,-0.427714,-124980
2.4,0.0237784,2,0.182786,0.0237784,-0.424712,-120011
2.4,0.0237784,2,0.182786,0.0237784,-0.421711,-139746
2.4,0.0237784,2,0.182786,0.0237784,-0.418709,-153540
2.4,0.0237784,2,0.182786,0.0237784,-0.415708,-140476
2.4,0.0237784,2,0.182786,0.0237784,-0.412706,-148621
2.4,0.0237784,2,0.182786,0.0237784,-0.409705,-139851
2.4,0.0237784,2,0.182786,0.0237784,-0.406703,-154208
2.4,0.0237784,2,0.182786,0.0237784,-0.403702,-131713
2.4,0.0237784,2,0.182786,0.0237784,-0.4007,-154276
2.4,0.0237784,2,0.182786,0.0237784,-0.397699,-129613
2.4,0.0237784,2,0.182786,0.0237784,-0.394697,-130858
2.4,0.0237784,2,0.182786,0.0237784,-0.391696,-147812
2.4,0.0237784,2,0.182786,0.0237784,-0.388694,-144485
2.4,0.0237784,2,0.182786,0.0237784,-0.385693,-142429
2.4,0.0237784,2,0.182786,0.0237784,-0.382691,-146958
2.4,0.0237784,2,0.182786,0.0237784,-0.37969,-148612
2.4,0.0237784,2,0.182786,0.0237784,-0.376688,-160473
2.4,0.0237784,2,0.182786,0.0237784,-0.373687,-152644
2.4,0.0237784,2,0.182786,0.0237784,-0.370685,-142982
2.4,0.0237784,2,0.182786,0.0237784,-0.367684,-151999
2.4,0.0237784,2,0.182786,0.0237784,-0.364682,-127903
2.4,0.0237784,2,0.182786,0.0237784,-0.361681,-132627
2.4,0.0237784,2,0.182786,0.0237784,-0.358679,-127006
2.4,0.0237784,2,0.182786,0.0237784,-0.355678,-146214
2.4,0.0237784,2,0.182786,0.0237784,-0.352676,-142375
2.4,0.0237784,2,0.182786,0.0237784,-0.349675,-143889
2.4,0.0237784,2,0.182786,0.0237784,-0.346673,-133001
2.4,0.0237784,2,0.182786,0.0237784,-0.343672,-140056
2.4,0.0237784,2,0.182786,0.0237784,-0.34067,-149262
2.4,0.0237784,2,0.182786,0.0237784,-0.337669,-137175
2.4,0.0237784,2,0.182786,0.0237784,-0.334667,-141971
2.4,0.0237784,2,0.182786,0.0237784,-0.331666,-141616
2.4,0.0237784,2,0.182786,0.0237784,-0.328664,-129461
2.4,0.0237784,2,0.182786,0.0237784,-0.325663,-132984
2.4,0.0237784,2,0.182786,0.0237784,-0.322661,-142641
2.4,0.0237784,2,0.182786,0.0237784,-0.31966,-129136
2.4,0.0237784,2,0.182786,0.0237784,-0.316658,-137190
2.4,0.0237784,2,0.182786,0.0237784,-0.313657,-140997
2.4,0.0237784,2,0.182786,0.0237784,-0.310655,-132420
2.4,0.0237784,2,0.182786,0.0237784,-0.307654,-159945
2.4,0.0237784,2,0.182786,0.0237784,-0.304652,-139054
2.4,0.0237784,2,0.182786,0.0237784,-0.301651,-151033
2.4,0.0237784,2,0.182786,0.0237784,-0.298649,-135029
2.4,0.0237784,2,0.182786,0.0237784,-0.295648,-156803
2.4,0.0237784,2,0.182786,0.0237784,-0.292646,-153247
2.4,0.0237784,2,0.182786,0.0237784,-0.289645,-136974
2.4,0.0237784,2,0.182786,0.0237784,-0.286643,-131586
2.4,0.0237784,2,0.182786,0.0237784,-0.283642,-137951
2.4,0.0237784,2,0.182786,0.0237784,-0.28064,-143260
2.4,0.0237784,2,0.182786,0.0237784,-0.277639,-150178
2.4,0.0237784,2,0.182786,0.0237784,-0.274637,-132784
2.4,0.0237784,2,0.182786,0.0237784,-0.271636,-145465
2.4,0.0237784,2,0.182786,0.0237784,-0.268634,-131166
2.4,0.0237784,2,0.182786,0.0237784,-0.265633,-167476
2.4,0.0237784,2,0.182786,0.0237784,-0.262631,-154080
2.4,0.0237784,2,0.182786,0.0237784,-0.25963,-153549
2.4,0.0237784,2,0.182786,0.0237784,-0.256628,-159264
2.4,0.0237784,2,0.182786,0.0237784,-0.253627,-140633
2.4,0.0237784,2,0.182786,0.0237784,-0.250625,-168911
2.4,0.0237784,2,0.182786,0.0237784,-0.247624,-136478
2.4,0.0237784,2,0.182786,0.0237784,-0.244622,-147494
2.4,0.0237784,2,0.182786,0.0237784,-0.241621,-134121
2.4,0.0237784,2,0.182786,0.0237784,-0.238619,-150314
2.4,0.0237784,2,0.182786,0.0237784,-0.235618,-133641
2.4,0.0237784,2,0.182786,0.0237784,-0.232616,-153669
2.4,0.0237784,2,0.182786,0.0237784,-0.229615,-166124
2.4,0.0237784,2,0.182786,0.0237784,-0.226613,-142862
2.4,0.0237784,2,0.182786,0.0237784,-0.223612,-147082
2.4,0.0237784,2,0.182786,0.0237784,-0.22061,-153407
2.4,0.0237784,2,0.182786,0.0237784,-0.217609,-148343
2.4,0.0237784,2,0.182786,0.0237784,-0.214607,-156895
2.4,0.0237784,2,0.182786,0.0237784,-0.211606,-132029
2.4,0.0237784,2,0.182786,0.0237784,-0.208604,-145195
2.4,0.0237784,2,0.182786,0.0237784,-0.205603,-147552
2.4,0.0237784,2,0.182786,0.0237784,-0.202601,-137945
2.4,0.0237784,2,0.182786,0.0237784,-0.1996,-152549
2.4,0.0237784,2,0.182786,0.0237784,-0.196598,-145037
2.4,0.0237784,2,0.182786,0.0237784,-0.193597,-145159
2.4,0.0237784,2,0.182786,0.0237784,-0.190595,-152360
2.4,0.0237784,2,0.182786,0.0237784,-0.187594,-145551
2.4,0.0237784,2,0.182786,0.0237784,-0.184592,-141552
2.4,0.0237784,2,0.182786,0.0237784,-0.181591,-173981
2.4,0.0237784,2,0.182786,0.0237784,-0.178589,-164002
2.4,0.0237784,2,0.182786,0.0237784,-0.175588,-148061
2.4,0.0237784,2,0.182786,0.0237784,-0.172586,-142980
2.4,0.0237784,2,0.182786,0.0237784,-0.169585,-141324
2.4,0.0237784,2,0.182786,0.0237784,-0.166583,-168927
2.4,0.0237784,2,0.182786,0.0237784,-0.163582,-153196
2.4,0.0237784,2,0.182786,0.0237784,-0.16058,-150801
2.4,0.0237784,2,0.182786,0.0237784,-0.157579,-156026
2.4,0.0237784,2,0.182786,0.0237784,-0.154577,-167857
2.4,0.0237784,2,0.182786,0.0237784,-0.151576,-161391
2.4,0.0237784,2,0.182786,0.0237784,-0.148574,-166354
2.4,0.0237784,2,0.182786,0.0237784,-0.145573,-134168
2.4,0.0237784,2,0.182786,0.0237784,-0.142571,-161917
2.4,0.0237784,2,0.182786,0.0237784,-0.13957,-156140
2.4,0.0237784,2,0.182786,0.0237784,-0.136568,-170379
2.4,0.0237784,2,0.182786,0.0237784,-0.133567,-145144
2.4,0.0237784,2,0.182786,0.0237784,-0.130565,-157388
2.4,0.0237784,2,0.182786,0.0237784,-0.127564,-142082
2.4,0.0237784,2,0.182786,0.0237784,-0.124562,-140904
2.4,0.0237784,2,0.182786,0.0237784,-0.121561,-148698
2.4,0.0237784,2,0.182786,0.0237784,-0.118559,-173026
2.4,0.0237784,2,0.182786,0.0237784,-0.115558,-136416
2.4,0.0237784,2,0.182786,0.0237784,-0.112556,-173523
2.4,0.0237784,2,0.182786,0.0237784,-0.109555,-169172
2.4,0.0237784,2,0.182786,0.0237784,-0.106553,-172710
2.4,0.0237784,2,0.182786,0.0237784,-0.103552,-139669
2.4,0.0237784,2,0.182786,0.0237784,-0.10055,-175973
2.4,0.0237784,2,0.182786,0.0237784,-0.0975488,-173956
2.4,0.0237784,2,0.182786,0.0237784,-0.0945473,-152291
2.4,0.0237784,2,0.182786,0.0237784,-0.0915458,-135439
2.4,0.0237784,2,0.182786,0.0237784,-0.0885443,-137430
2.4,0.0237784,2,0.182786,0.0237784,-0.0855428,-144172
2.4,0.0237784,2,0.182786,0.0237784,-0.0825413,-171326
2.4,0.0237784,2,0.182786,0.0237784,-0.0795398,-136336
2.4,0.0237784,2,0.182786,0.0237784,-0.0765383,-156351
2.4,0.0237784,2,0.182786,0.0237784,-0.0735368,-171101
2.4,0.0237784,2,0.182786,0.0237784,-0.0705353,-161091
2.4,0.0237784,2,0.182786,0.0237784,-0.0675338,-151799
2.4,0.0237784,2,0.182786,0.0237784,-0.0645323,-140836
2.4,0.0237784,2,0.182786,0.0237784,-0.0615308,-152973
2.4,0.0237784,2,0.182786,0.0237784,-0.0585293,-139065
2.4,0.0237784,2,0.182786,0.0237784,-0.0555278,-174307
2.4,0.0237784,2,0.182786,0.0237784,-0.0525263,-150682
2.4,0.0237784,2,0.182786,0.0237784,-0.0495248,-149464
2.4,0.0237784,2,0.182786,0.0237784,-0.0465233,-137507
2.4,0.0237784,2,0.182786,0.0237784,-0.0435218,-161067
2.4,0.0237784,2,0.182786,0.0237784,-0.0405203,-136061
2.4,0.0237784,2,0.182786,0.0237784,-0.0375188,-140539
2.4,0.0237784,2,0.182786,0.0237784,-0.0345173,-152450
2.4,0.0237784,2,0.182786,0.0237784,-0.0315158,-170941
2.4,0.0237784,2,0.182786,0.0237784,-0.0285143,-139718
2.4,0.0237784,2,0.182786,0.0237784,-0.0255128,-157192
2.4,0.0237784,2,0.182786,0.0237784,-0.0225113,-147826
2.4,0.0237784,2,0.182786,0.0237784,-0.0195098,-153923
2.4,0.0237784,2,0.182786,0.0237784,-0.0165083,-136555
2.4,0.0237784,2,0.182786,0.0237784,-0.0135068,-163976
2.4,0.0237784,2,0.182786,0.0237784,-0.0105053,-159951
2.4,0.0237784,2,0.182786,0.0237784,-0.00750375,-139112
2.4,0.0237784,2,0.182786,0.0237784,-0.00450225,-140387
2.4,0.0237784,2,0.182786,0.0237784,-0.00150075,-158820
2.4,0.0237784,2,0.182786,0.0237784,0.00150075,-137099
2.4,0.0237784,2,0.182786,0.0237784,0.00450225,-146486
2.4,0.0237784,2,0.182786,0.0237784,0.00750375,-162382
2.4,0.0237784,2,0.182786,0.0237784,0.0105053,-157303
2.4,0.0237784,2,0.182786,0.0237784,0.0135068,-146997
2.4,0.0237784,2,0.182786,0.0237784,0.0165083,-145206
2.4,0.0237784,2,0.182786,0.0237784,0.0195098,-145413
2.4,0.0237784,2,0.182786,0.0237784,0.0225113,-157455
2.4,0.0237784,2,0.182786,0.0237784,0.0255128,-171650
2.4,0.0237784,2,0.182786,0.0237784,0.0285143,-174591
2.4,0.0237784,2,0.182786,0.0237784,0.0315158,-168473
2.4,0.0237784,2,0.182786,0.0237784,0.0345173,-154240
2.4,0.0237784,2,0.182786,0.0237784,0.0375188,-143623
2.4,0.0237784,2,0.182786,0.0237784,0.0405203,-163218
2.4,0.0237784,2,0.182786,0.0237784,0.0435218,-139630
2.4,0.0237784,2,0.182786,0.0237784,0.0465233,-145815
2.4,0.0237784,2,0.182786,0.0237784,0.0495248,-151351
2.4,0.0237784,2,0.182786,0.0237784,0.0525263,-139210
2.4,0.0237784,2,0.182786,0.0237784,0.0555278,-164799
2.4,0.0237784,2,0.182786,0.0237784,0.0585293,-167289
2.4,0.0237784,2,0.182786,0.0237784,0.0615308,-159003
2.4,0.0237784,2,0.182786,0.0237784,0.0645323,-173175
2.4,0.0237784,2,0.182786,0.0237784,0.0675338,-140998
2.4,0.0237784,2,0.182786,0.0237784,0.0705353,-165023
2.4,0.0237784,2,0.182786,0.0237784,0.0735368,-172977
2.4,0.0237784,2,0.182786,0.0237784,0.0765383,-155827
2.4,0.0237784,2,0.182786,0.0237784,0.0795398,-143946
2.4,0.0237784,2,0.182786,0.0237784,0.0825413,-146867
2.4,0.0237784,2,0.182786,0.0237784,0.0855428,-146898
2.4,0.0237784,2,0.182786,0.0237784,0.0885443,-166422
2.4,0.0237784,2,0.182786,0.0237784,0.0915458,-172742
2.4,0.0237784,2,0.182786,0.0237784,0.0945473,-158832
2.4,0.0237784,2,0.182786,0.0237784,0.0975488,-167750
2.4,0.0237784,2,0.182786,0.0237784,0.10055,-154894
2.4,0.0237784,2,0.182786,0.0237784,0.103552,-146275
2.4,0.0237784,2,0.182786,0.0237784,0.106553,-175956
2.4,0.0237784,2,0.182786,0.0237784,0.109555,-138706
2.4,0.0237784,2,0.182786,0.0237784,0.112556,-142069
2.4,0.0237784,2,0.182786,0.0237784,0.115558,-139407
2.4,0.0237784,2,0.182786,0.0237784,0.118559,-151795
2.4,0.0237784,2,0.182786,0.0237784,0.121561,-153515
2.4,0.0237784,2,0.182786,0.0237784,0.124562,-141161
2.4,0.0237784,2,0.182786,0.0237784,0.127564,-141563
2.4,0.0237784,2,0.182786,0.0237784,0.130565,-173882
2.4,0.0237784,2,0.182786,0.0237784,0.133567,-163238
2.4,0.0237784,2,0.182786,0.0237784,0.136568,-166012
2.4,0.0237784,2,0.182786,0.0237784,0.13957,-147249
2.4,0.0237784,2,0.182786,0.0237784,0.142571,-149824
2.4,0.0237784,2,0.182786,0.0237784,0.145573,-148831
2.4,0.0237784,2,0.182786,0.0237784,0.148574,-150517
2.4,0.0237784,2,0.182786,0.0237784,0.151576,-156060
2.4,0.0237784,2,0.182786,0.0237784,0.154577,-141091
2.4,0.0237784,2,0.182786,0.0237784,0.157579,-155251
2.4,0.0237784,2,0.182786,0.0237784,0.16058,-161269
2.4,0.0237784,2,0.182786,0.0237784,0.163582,-167859
2.4,0.0237784,2,0.182786,0.0237784,0.166583,-165131
2.4,0.0237784,2,0.182786,0.0237784,0.169585,-138766
2.4,0.0237784,2,0.182786,0.0237784,0.172586,-166842
2.4,0.0237784,2,0.182786,0.0237784,0.175588,-180006
2.4,0.0237784,2,0.182786,0.0237784,0.178589,-138966
2.4,0.0237784,2,0.182786,0.0237784,0.181591,-141430
2.4,0.0237784,2,0.182786,0.0237784,0.184592,-169752
2.4,0.0237784,2,0.182786,0.0237784,0.187594,-165907
2.4,0.0237784,2,0.182786,0.0237784,0.190595,-178610
2.4,0.0237784,2,0.182786,0.0237784,0.193597,-148140
2.4,0.0237784,2,0.182786,0.0237784,0.196598,-139709
2.4,0.0237784,2,0.182786,0.0237784,0.1996,-146347
2.4,0.0237784,2,0.182786,0.0237784,0.202601,-150864
2.4,0.0237784,2,0.182786,0.0237784,0.205603,-151306
2.4,0.0237784,2,0.182786,0.0237784,0.208604,-141526
2.4,0.0237784,2,0.182786,0.0237784,0.211606,-151248
2.4,0.0237784,2,0.182786,0.0237784,0.214607,-176013
2.4,0.0237784,2,0.182786,0.0237784,0.217609,-143629
2.4,0.0237784,2,0.182786,0.0237784,0.22061,-142419
2.4,0.0237784,2,0.182786,0.0237784,0.223612,-177284
2.4,0.0237784,2,0.182786,0.0237784,0.226613,-147226
2.4,0.0237784,2,0.182786,0.0237784,0.229615,-154715
2.4,0.0237784,2,0.182786,0.0237784,0.232616,-140057
2.4,0.0237784,2,0.182786,0.0237784,0.235618,-177421
2.4,0.0237784,2,0.182786,0.0237784,0.238619,-146578
2.4,0.0237784,2,0.182786,0.0237784,0.241621,-146334
2.4,0.0237784,2,0.182786,0.0237784,0.244622,-163054
2.4,0.0237784,2,0.182786,0.0237784,0.247624,-140095
2.4,0.0237784,2,0.182786,0.0237784,0.250625,-142737
2.4,0.0237784,2,0.182786,0.0237784,0.253627,-158838
2.4,0.0237784,2,0.182786,0.0237784,0.256628,-143453
2.4,0.0237784,2,0.182786,0.0237784,0.25963,-154993
2.4,0.0237784,2,0.182786,0.0237784,0.262631,-150062
2.4,0.0237784,2,0.182786,0.0237784,0.265633,-158602
2.4,0.0237784,2,0.182786,0.0237784,0.268634,-177772
2.4,0.0237784,2,0.182786,0.0237784,0.271636,-152249
2.4,0.0237784,2,0.182786,0.0237784,0.274637,-141343
2.4,0.0237784,2,0.182786,0.0237784,0.277639,-175017
2.4,0.0237784,2,0.182786,0.0237784,0.28064,-154920
2.4,0.0237784,2,0.182786,0.0237784,0.283642,-141406
2.4,0.0237784,2,0.182786,0.0237784,0.286643,-138635
2.4,0.0237784,2,0.182786,0.0237784,0.289645,-163505
2.4,0.0237784,2,0.182786,0.0237784,0.292646,-167652
2.4,0.0237784,2,0.182786,0.0237784,0.295648,-147492
2.4,0.0237784,2,0.182786,0.0237784,0.298649,-160145
2.4,0.0237784,2,0.182786,0.0237784,0.301651,-173231
2.4,0.0237784,2,0.182786,0.0237784,0.304652,-149552
2.4,0.0237784,2,0.182786,0.0237784,0.307654,-155763
2.4,0.0237784,2,0.182786,0.0237784,0.310655,-169665
2.4,0.0237784,2,0.182786,0.0237784,0.313657,-180663
2.4,0.0237784,2,0.182786,0.0237784,0.316658,-148515
2.4,0.0237784,2,0.182786,0.0237784,0.31966,-172317
2.4,0.0237784,2,0.182786,0.0237784,0.322661,-148844
2.4,0.0237784,2,0.182786,0.0237784,0.325663,-161267
2.4,0.0237784,2,0.182786,0.0237784,0.328664,-169591
2.4,0.0237784,2,0.182786,0.0237784,0.331666,-147127
2.4,0.0237784,2,0.182786,0.0237784,0.334667,-154119
2.4,0.0237784,2,0.182786,0.0237784,0.337669,-150303
2.4,0.0237784,2,0.182786,0.0237784,0.34067,-152435
2.4,0.0237784,2,0.182786,0.0237784,0.343672,-170839
2.4,0.0237784,2,0.182786,0.0237784,0.346673,-157989
2.4,0.0237784,2,0.182786,0.0237784,0.349675,-146234
2.4,0.0237784,2,0.182786,0.0237784,0.352676,-177959
2.4,0.0237784,2,0.182786,0.0237784,0.355678,-155113
2.4,0.0237784,2,0.182786,0.0237784,0.358679,-143854
2.4,0.0237784,2,0.182786,0.0237784,0.361681,-138137
2.4,0.0237784,2,0.182786,0.0237784,0.364682,-174779
2.4,0.0237784,2,0.182786,0.0237784,0.367684,-139056
2.4,0.0237784,2,0.182786,0.0237784,0.370685,-151109
2.4,0.0237784,2,0.182786,0.0237784,0.373687,-164992
2.4,0.0237784,2,0.182786,0.0237784,0.376688,-154391
2.4,0.0237784,2,0.182786,0.0237784,0.37969,-145923
2.4,0.0237784,2,0.182786,0.0237784,0.382691,-174201
2.4,0.0237784,2,0.182786,0.0237784,0.385693,-147400
2.4,0.0237784,2,0.182786,0.0237784,0.388694,-155808
2.4,0.0237784,2,0.182786,0.0237784,0.391696,-163181
2.4,0.0237784,2,0.182786,0.0237784,0.394697,-163034
2.4,0.0237784,2,0.182786,0.0237784,0.397699,-142104
2.4,0.0237784,2,0.182786,0.0237784,0.4007,-153778
2.4,0.0237784,2,0.182786,0.0237784,0.403702,-152716
2.4,0.0237784,2,0.182786,0.0237784,0.406703,-154400
2.4,0.0237784,2,0.182786,0.0237784,0.409705,-146815
2.4,0.0237784,2,0.182786,0.0237784,0.412706,-171051
2.4,0.0237784,2,0.182786,0.0237784,0.415708,-174199
2.4,0.0237784,2,0.182786,0.0237784,0.418709,-154994
2.4,0.0237784,2,0.182786,0.0237784,0.421711,-141307
2.4,0.0237784,2,0.182786,0.0237784,0.424712,-141231
2.4,0.0237784,2,0.182786,0.0237784,0.427714,-140476
2.4,0.0237784,2,0.182786,0.0237784,0.430715,-140451
2.4,0.0237784,2,0.182786,0.0237784,0.433717,-157601
2.4,0.0237784,2,0.182786,0.0237784,0.436718,-148913
2.4,0.0237784,2,0.182786,0.0237784,0.43972,-169928
2.4,0.0237784,2,0.182786,0.0237784,0.442721,-160952
2.4,0.0237784,2,0.182786,0.0237784,0.445723,-139876
2.4,0.0237784,2,0.182786,0.0237784,0.448724,-162106
2.4,0.0237784,2,0.182786,0.0237784,0.451726,-137893
2.4,0.0237784,2,0.182786,0.0237784,0.454727,-172005
2.4,0.0237784,2,0.182786,0.0237784,0.457729,-140419
2.4,0.0237784,2,0.182786,0.0237784,0.46073,-165494
2.4,0.0237784,2,0.182786,0.0237784,0.463732,-142526
2.4,0.0237784,2,0.182786,0.0237784,0.466733,-142589
2.4,0.0237784,2,0.182786,0.0237784,0.469735,-174428
2.4,0.0237784,2,0.182786,0.0237784,0.472736,-164890
2.4,0.0237784,2,0.182786,0.0237784,0.475738,-175396
2.4,0.0237784,2,0.182786,0.0237784,0.478739,-140487
2.4,0.0237784,2,0.182786,0.0237784,0.481741,-165237
2.4,0.0237784,2,0.182786,0.0237784,0.484742,-152791
2.4,0.0237784,2,0.182786,0.0237784,0.487744,-162897
2.4,0.0237784,2,0.182786,0.0237784,0.490745,-150897
2.4,0.0237784,2,0.182786,0.0237784,0.493747,-150921
2.4,0.0237784,2,0.182786,0.0237784,0.496748,-165595
2.4,0.0237784,2,0.182786,0.0237784,0.49975,-148374
2.4,0.0237784,2,0.182786,0.0237784,0.502751,-144031
2.4,0.0237784,2,0.182786,0.0237784,0.505753,-153016
2.4,0.0237784,2,0.182786,0.0237784,0.508754,-154532
2.4,0.0237784,2,0.182786,0.0237784,0.511756,-145868
2.4,0.0237784,2,0.182786,0.0237784,0.514757,-143471
2.4,0.0237784,2,0.182786,0.0237784,0.517759,-141681
2.4,0.0237784,2,0.182786,0.0237784,0.52076,-156622
2.4,0.0237784,2,0.182786,0.0237784,0.523762,-147874
2.4,0.0237784,2,0.182786,0.0237784,0.526763,-166272
2.4,0.0237784,2,0.182786,0.0237784,0.529765,-139082
2.4,0.0237784,2,0.182786,0.0237784,0.532766,-152788
2.4,0.0237784,2,0.182786,0.0237784,0.535768,-154579
2.4,0.0237784,2,0.182786,0.0237784,0.538769,-175609
2.4,0.0237784,2,0.182786,0.0237784,0.541771,-145533
2.4,0.0237784,2,0.182786,0.0237784,0.544772,-145698
2.4,0.0237784,2,0.182786,0.0237784,0.547774,-137887
2.4,0.0237784,2,0.182786,0.0237784,0.550775,-146497
2.4,0.0237784,2,0.182786,0.0237784,0.553777,-176856
2.4,0.0237784,2,0.182786,0.0237784,0.556778,-160041
2.4,0.0237784,2,0.182786,0.0237784,0.55978,-168663
2.4,0.0237784,2,0.182786,0.0237784,0.562781,-145385
2.4,0.0237784,2,0.182786,0.0237784,0.565783,-166205
2.4,0.0237784,2,0.182786,0.0237784,0.568784,-137954
2.4,0.0237784,2,0.182786,0.0237784,0.571786,-157979
2.4,0.0237784,2,0.182786,0.0237784,0.574787,-151866
2.4,0.0237784,2,0.182786,0.0237784,0.577789,-159464
2.4,0.0237784,2,0.182786,0.0237784,0.58079,-134992
2.4,0.0237784,2,0.182786,0.0237784,0.583792,-142324
2.4,0.0237784,2,0.182786,0.0237784,0.586793,-149301
2.4,0.0237784,2,0.182786,0.0237784,0.589795,-159915
2.4,0.0237784,2,0.182786,0.0237784,0.592796,-136006
2.4,0.0237784,2,0.182786,0.0237784,0.595798,-164027
2.4,0.0237784,2,0.182786,0.0237784,0.598799,-162902
2.4,0.0237784,2,0.182786,0.0237784,0.601801,-143023
2.4,0.0237784,2,0.182786,0.0237784,0.604802,-150376
2.4,0.0237784,2,0.182786,0.0237784,0.607804,-175372
2.4,0.0237784,2,0.182786,0.0237784,0.610805,-137750
2.4,0.0237784,2,0.182786,0.0237784,0.613807,-153356
2.4,0.0237784,2,0.182786,0.0237784,0.616808,-149756
2.4,0.0237784,2,0.182786,0.0237784,0.61981,-136032
2.4,0.0237784,2,0.182786,0.0237784,0.622811,-158806
2.4,0.0237784,2,0.182786,0.0237784,0.625813,-149979
2.4,0.0237784,2,0.182786,0.0237784,0.628814,-166556
2.4,0.0237784,2,0.182786,0.0237784,0.631816,-156343
2.4,0.0237784,2,0.182786,0.0237784,0.634817,-163441
2.4,0.0237784,2,0.182786,0.0237784,0.637819,-145547
2.4,0.0237784,2,0.182786,0.0237784,0.64082,-142990
2.4,0.0237784,2,0.182786,0.0237784,0.643822,-136869
2.4,0.0237784,2,0.182786,0.0237784,0.646823,-135577
2.4,0.0237784,2,0.182786,0.0237784,0.649825,-137806
2.4,0.0237784,2,0.182786,0.0237784,0.652826,-167019
2.4,0.0237784,2,0.182786,0.0237784,0.655828,-136675
2.4,0.0237784,2,0.182786,0.0237784,0.658829,-144008
2.4,0.0237784,2,0.182786,0.0237784,0.661831,-167616
2.4,0.0237784,2,0.182786,0.0237784,0.664832,-138759
2.4,0.0237784,2,0.182786,0.0237784,0.667834,-152949
2.4,0.0237784,2,0.182786,0.0237784,0.670835,-134848
2.4,0.0237784,2,0.182786,0.0237784,0.673837,-151366
2.4,0.0237784,2,0.182786,0.0237784,0.676838,-143029
2.4,0.0237784,2,0.182786,0.0237784,0.67984,-155905
2.4,0.0237784,2,0.182786,0.0237784,0.682841,-149927
2.4,0.0237784,2,0.182786,0.0237784,0.685843,-153116
2.4,0.0237784,2,0.182786,0.0237784,0.688844,-151696
2.4,0.0237784,2,0.182786,0.0237784,0.691846,-158661
2.4,0.0237784,2,0.182786,0.0237784,0.694847,-156602
2.4,0.0237784,2,0.182786,0.0237784,0.697849,-156154
2.4,0.0237784,2,0.182786,0.0237784,0.70085,-157168
2.4,0.0237784,2,0.182786,0.0237784,0.703852,-163148
2.4,0.0237784,2,0.182786,0.0237784,0.706853,-142174
2.4,0.0237784,2,0.182786,0.0237784,0.709855,-132101
2.4,0.0237784,2,0.182786,0.0237784,0.712856,-134030
2.4,0.0237784,2,0.182786,0.0237784,0.715858,-136157
2.4,0.0237784,2,0.182786,0.0237784,0.718859,-152386
2.4,0.0237784,2,0.182786,0.0237784,0.721861,-130834
2.4,0.0237784,2,0.182786,0.0237784,0.724862,-130465
2.4,0.0237784,2,0.182786,0.0237784,0.727864,-144138
2.4,0.0237784,2,0.182786,0.0237784,0.730865,-135672
2.4,0.0237784,2,0.182786,0.0237784,0.733867,-132088
2.4,0.0237784,2,0.182786,0.0237784,0.736868,-159912
2.4,0.0237784,2,0.182786,0.0237784,0.73987,-146503
2.4,0.0237784,2,0.182786,0.0237784,0.742871,-128845
2.4,0.0237784,2,0.182786,0.0237784,0.745873,-144321
2.4,0.0237784,2,0.182786,0.0237784,0.748874,-156570
2.4,0.0237784,2,0.182786,0.0237784,0.751876,-131686
2.4,0.0237784,2,0.182786,0.0237784,0.754877,-149766
2.4,0.0237784,2,0.182786,0.0237784,0.757879,-126392
2.4,0.0237784,2,0.182786,0.0237784,0.76088,-137863
2.4,0.0237784,2,0.182786,0.0237784,0.763882,-124409
2.4,0.0237784,2,0.182786,0.0237784,0.766883,-154165
2.4,0.0237784,2,0.182786,0.0237784,0.769885,-136759
2.4,0.0237784,2,0.182786,0.0237784,0.772886,-136470
2.4,0.0237784,2,0.182786,0.0237784,0.775888,-151054
2.4,0.0237784,2,0.182786,0.0237784,0.778889,-156258
2.4,0.0237784,2,0.182786,0.0237784,0.781891,-150687
2.4,0.0237784,2,0.182786,0.0237784,0.784892,-154850
2.4,0.0237784,2,0.182786,0.0237784,0.787894,-123539
2.4,0.0237784,2,0.182786,0.0237784,0.790895,-141844
2.4,0.0237784,2,0.182786,0.0237784,0.793897,-157306
2.4,0.0237784,2,0.182786,0.0237784,0.796898,-132174
2.4,0.0237784,2,0.182786,0.0237784,0.7999,-121531
2.4,0.0237784,2,0.182786,0.0237784,0.802901,-143372
2.4,0.0237784,2,0.182786,0.0237784,0.805903,-127776
2.4,0.0237784,2,0.182786,0.0237784,0.808904,-143870
2.4,0.0237784,2,0.182786,0.0237784,0.811906,-139396
2.4,0.0237784,2,0.182786,0.0237784,0.814907,-136503
2.4,0.0237784,2,0.182786,0.0237784,0.817909,-129904
2.4,0.0237784,2,0.182786,0.0237784,0.82091,-113457
2.4,0.0237784,2,0.182786,0.0237784,0.823912,-133342
2.4,0.0237784,2,0.182786,0.0237784,0.826913,-118005
2.4,0.0237784,2,0.182786,0.0237784,0.829915,-124058
2.4,0.0237784,2,0.182786,0.0237784,0.832916,-111561
2.4,0.0237784,2,0.182786,0.0237784,0.835918,-121445
2.4,0.0237784,2,0.182786,0.0237784,0.838919,117296
2.4,0.0237784,2,0.182786,0.0237784,0.841921,115928
2.4,0.0237784,2,0.182786,0.0237784,0.844922,128572
2.4,0.0237784,2,0.182786,0.0237784,0.847924,124037
2.4,0.0237784,2,0.182786,0.0237784,0.850925,130796
2.4,0.0237784,2,0.182786,0.0237784,0.853927,123756
2.4,0.0237784,2,0.182786,0.0237784,0.856928,119623
2.4,0.0237784,2,0.182786,0.0237784,0.85993,129434
2.4,0.0237784,2,0.182786,0.0237784,0.862931,138545
2.4,0.0237784,2,0.182786,0.0237784,0.865933,136252
2.4,0.0237784,2,0.182786,0.0237784,0.868934,151312
2.4,0.0237784,2,0.182786,0.0237784,0.871936,123591
2.4,0.0237784,2,0.182786,0.0237784,0.874937,127548
2.4,0.0237784,2,0.182786,0.0237784,0.877939,121240
2.4,0.0237784,2,0.182786,0.0237784,0.88094,145944
2.4,0.0237784,2,0.182786,0.0237784,0.883942,133618
2.4,0.0237784,2,0.182786,0.0237784,0.886943,128880
2.4,0.0237784,2,0.182786,0.0237784,0.889945,137549
2.4,0.0237784,2,0.182786,0.0237784,0.892946,128635
2.4,0.0237784,2,0.182786,0.0237784,0.895948,137875
2.4,0.0237784,2,0.182786,0.0237784,0.898949,133163
2.4,0.0237784,2,0.182786,0.0237784,0.901951,147686
2.4,0.0237784,2,0.182786,0.0237784,0.904952,157889
2.4,0.0237784,2,0.182786,0.0237784,0.907954,151323
2.4,0.0237784,2,0.182786,0.0237784,0.910955,133689
2.4,0.0237784,2,0.182786,0.0237784,0.913957,155757
2.4,0.0237784,2,0.182786,0.0237784,0.916958,137161
2.4,0.0237784,2,0.182786,0.0237784,0.91996,156277
2.4,0.0237784,2,0.182786,0.0237784,0.922961,153750
2.4,0.0237784,2,0.182786,0.0237784,0.925963,143202
2.4,0.0237784,2,0.182786,0.0237784,0.928964,152597
2.4,0.0237784,2,0.182786,0.0237784,0.931966,145936
2.4,0.0237784,2,0.182786,0.0237784,0.934967,134015
2.4,0.0237784,2,0.182786,0.0237784,0.937969,135545
2.4,0.0237784,2,0.182786,0.0237784,0.94097,136588
2.4,0.0237784,2,0.182786,0.0237784,0.943972,140498
2.4,0.0237784,2,0.182786,0.0237784,0.946973,140166
2.4,0.0237784,2,0.182786,0.0237784,0.949975,136048
2.4,0.0237784,2,0.182786,0.0237784,0.952976,133275
2.4,0.0237784,2,0.182786,0.0237784,0.955978,145105
2.4,0.0237784,2,0.182786,0.0237784,0.958979,148408
2.4,0.0237784,2,0.182786,0.0237784,0.961981,131689
2.4,0.0237784,2,0.182786,0.0237784,0.964982,159216
2.4,0.0237784,2,0.182786,0.0237784,0.967984,141262
2.4,0.0237784,2,0.182786,0.0237784,0.970985,164963
2.4,0.0237784,2,0.182786,0.0237784,0.973987,145948
2.4,0.0237784,2,0.182786,0.0237784,0.976988,133085
2.4,0.0237784,2,0.182786,0.0237784,0.97999,148134
2.4,0.0237784,2,0.182786,0.0237784,0.982991,168089
2.4,0.0237784,2,0.182786,0.0237784,0.985993,169130
2.4,0.0237784,2,0.182786,0.0237784,0.988994,134877
2.4,0.0237784,2,0.182786,0.0237784,0.991996,169793
2.4,0.0237784,2,0.182786,0.0237784,0.994997,137428
2.4,0.0237784,2,0.182786,0.0237784,0.997999,172641
2.4,0.0237784,2,0.182786,0.0237784,1.001,172684
2.4,0.0237784,2,0.182786,0.0237784,1.004,147285
2.4,0.0237784,2,0.182786,0.0237784,1.007,155593
2.4,0.0237784,2,0.182786,0.0237784,1.01001,165920
2.4,0.0237784,2,0.182786,0.0237784,1.01301,134863
2.4,0.0237784,2,0.182786,0.0237784,1.01601,170739
2.4,0.0237784,2,0.182786,0.0237784,1.01901,153236
2.4,0.0237784,2,0.182786,0.0237784,1.02201,136832
2.4,0.0237784,2,0.182786,0.0237784,1.02501,141265
2.4,0.0237784,2,0.182786,0.0237784,1.02801,153517
2.4,0.0237784,2,0.182786,0.0237784,1.03102,146443
2.4,0.0237784,2,0.182786,0.0237784,1.03402,134776
2.4,0.0237784,2,0.182786,0.0237784,1.03702,171657
2.4,0.0237784,2,0.182786,0.0237784,1.04002,143255
2.4,0.0237784,2,0.182786,0.0237784,1.04302,172828
2.4,0.0237784,2,0.182786,0.0237784,1.04602,137205
2.4,0.0237784,2,0.182786,0.0237784,1.04902,141300
2.4,0.0237784,2,0.182786,0.0237784,1.05203,163290
2.4,0.0237784,2,0.182786,0.0237784,1.05503,151288
2.4,0.0237784,2,0.182786,0.0237784,1.05803,150799
2.4,0.0237784,2,0.182786,0.0237784,1.06103,146911
2.4,0.0237784,2,0.182786,0.0237784,1.06403,141125
2.4,0.0237784,2,0.182786,0.0237784,1.06703,171066
2.4,0.0237784,2,0.182786,0.0237784,1.07004,137053
2.4,0.0237784,2,0.182786,0.0237784,1.07304,179044
2.4,0.0237784,2,0.182786,0.0237784,1.07604,148253
2.4,0.0237784,2,0.182786,0.0237784,1.07904,152170
2.4,0.0237784,2,0.182786,0.0237784,1.08204,172528
2.4,0.0237784,2,0.182786,0.0237784,1.08504,155568
2.4,0.0237784,2,0.182786,0.0237784,1.08804,145347
2.4,0.0237784,2,0.182786,0.0237784,1.09105,141253
2.4,0.0237784,2,0.182786,0.0237784,1.09405,165689
2.4,0.0237784,2,0.182786,0.0237784,1.09705,171351
2.4,0.0237784,2,0.182786,0.0237784,1.10005,152920
2.4,0.0237784,2,0.182786,0.0237784,1.10305,148345
2.4,0.0237784,2,0.182786,0.0237784,1.10605,144367
2.4,0.0237784,2,0.182786,0.0237784,1.10905,142079
2.4,0.0237784,2,0.182786,0.0237784,1.11206,164944
2.4,0.0237784,2,0.182786,0.0237784,1.11506,155429
2.4,0.0237784,2,0.182786,0.0237784,1.11806,159203
2.4,0.0237784,2,0.182786,0.0237784,1.12106,156487
2.4,0.0237784,2,0.182786,0.0237784,1.12406,162642
2.4,0.0237784,2,0.182786,0.0237784,1.12706,167679
2.4,0.0237784,2,0.182786,0.0237784,1.13007,169180
2.4,0.0237784,2,0.182786,0.0237784,1.13307,180932
2.4,0.0237784,2,0.182786,0.0237784,1.13607,171527
2.4,0.0237784,2,0.182786,0.0237784,1.13907,146400
2.4,0.0237784,2,0.182786,0.0237784,1.14207,140565
2.4,0.0237784,2,0.182786,0.0237784,1.14507,143192
2.4,0.0237784,2,0.182786,0.0237784,1.14807,173329
2.4,0.0237784,2,0.182786,0.0237784,1.15108,164504
2.4,0.0237784,2,0.182786,0.0237784,1.15408,159863
2.4,0.0237784,2,0.182786,0.0237784,1.15708,161395
2.4,0.0237784,2,0.182786,0.0237784,1.16008,141761
2.4,0.0237784,2,0.182786,0.0237784,1.16308,176344
2.4,0.0237784,2,0.182786,0.0237784,1.16608,153498
2.4,0.0237784,2,0.182786,0.0237784,1.16908,177258
2.4,0.0237784,2,0.182786,0.0237784,1.17209,140233
2.4,0.0237784,2,0.182786,0.0237784,1.17509,177428
2.4,0.0237784,2,0.182786,0.0237784,1.17809,171627
2.4,0.0237784,2,0.182786,0.0237784,1.18109,147889
2.4,0.0237784,2,0.182786,0.0237784,1.18409,163684
2.4,0.0237784,2,0.182786,0.0237784,1.18709,156425
2.4,0.0237784,2,0.182786,0.0237784,1.1901,184886
2.4,0.0237784,2,0.182786,0.0237784,1.1931,143230
2.4,0.0237784,2,0.182786,0.0237784,1.1961,160768
2.4,0.0237784,2,0.182786,0.0237784,1.1991,144693
2.4,0.0237784,2,0.182786,0.0237784,1.2021,142000
2.4,0.0237784,2,0.182786,0.0237784,1.2051,168136
2.4,0.0237784,2,0.182786,0.0237784,1.2081,166953
2.4,0.0237784,2,0.182786,0.0237784,1.21111,178883
2.4,0.0237784,2,0.182786,0.0237784,1.21411,175973
2.4,0.0237784,2,0.182786,0.0237784,1.21711,143258
2.4,0.0237784,2,0.182786,0.0237784,1.22011,151353
2.4,0.0237784,2,0.182786,0.0237784,1.22311,143699
2.4,0.0237784,2,0.182786,0.0237784,1.22611,154950
2.4,0.0237784,2,0.182786,0.0237784,1.22911,179778
2.4,0.0237784,2,0.182786,0.0237784,1.23212,155115
2.4,0.0237784,2,0.182786,0.0237784,1.23512,158549
2.4,0.0237784,2,0.182786,0.0237784,1.23812,159687
2.4,0.0237784,2,0.182786,0.0237784,1.24112,161553
2.4,0.0237784,2,0.182786,0.0237784,1.24412,152806
2.4,0.0237784,2,0.182786,0.0237784,1.24712,155958
2.4,0.0237784,2,0.182786,0.0237784,1.25013,160734
2.4,0.0237784,2,0.182786,0.0237784,1.25313,167213
2.4,0.0237784,2,0.182786,0.0237784,1.25613,147252
2.4,0.0237784,2,0.182786,0.0237784,1.25913,144521
2.4,0.0237784,2,0.182786,0.0237784,1.26213,183959
2.4,0.0237784,2,0.182786,0.0237784,1.26513,153813
2.4,0.0237784,2,0.182786,0.0237784,1.26813,151418
2.4,0.0237784,2,0.182786,0.0237784,1.27114,175509
2.4,0.0237784,2,0.182786,0.0237784,1.27414,181012
2.4,0.0237784,2,0.182786,0.0237784,1.27714,159679
2.4,0.0237784,2,0.182786,0.0237784,1.28014,171598
2.4,0.0237784,2,0.182786,0.0237784,1.28314,169214
2.4,0.0237784,2,0.182786,0.0237784,1.28614,157620
2.4,0.0237784,2,0.182786,0.0237784,1.28914,170648
2.4,0.0237784,2,0.182786,0.0237784,1.29215,145991
2.4,0.0237784,2,0.182786,0.0237784,1.29515,159056
2.4,0.0237784,2,0.182786,0.0237784,1.29815,168379
2.4,0.0237784,2,0.182786,0.0237784,1.30115,175520
2.4,0.0237784,2,0.182786,0.0237784,1.30415,183317
2.4,0.0237784,2,0.182786,0.0237784,1.30715,152401
2.4,0.0237784,2,0.182786,0.0237784,1.31016,165915
2.4,0.0237784,2,0.182786,0.0237784,1.31316,183218
2.4,0.0237784,2,0.182786,0.0237784,1.31616,167337
2.4,0.0237784,2,0.182786,0.0237784,1.31916,145767
2.4,0.0237784,2,0.182786,0.0237784,1.32216,160693
2.4,0.0237784,2,0.182786,0.0237784,1.32516,165171
2.4,0.0237784,2,0.182786,0.0237784,1.32816,167071
2.4,0.0237784,2,0.182786,0.0237784,1.33117,181316
2.4,0.0237784,2,0.182786,0.0237784,1.33417,151332
2.4,0.0237784,2,0.182786,0.0237784,1.33717,185498
2.4,0.0237784,2,0.182786,0.0237784,1.34017,183067
2.4,0.0237784,2,0.182786,0.0237784,1.34317,169300
2.4,0.0237784,2,0.182786,0.0237784,1.34617,163908
2.4,0.0237784,2,0.182786,0.0237784,1.34917,164719
2.4,0.0237784,2,0.182786,0.0237784,1.35218,152102
2.4,0.0237784,2,0.182786,0.0237784,1.35518,184371
2.4,0.0237784,2,0.182786,0.0237784,1.35818,170839
2.4,0.0237784,2,0.182786,0.0237784,1.36118,147985
2.4,0.0237784,2,0.182786,0.0237784,1.36418,182882
2.4,0.0237784,2,0.182786,0.0237784,1.36718,175137
2.4,0.0237784,2,0.182786,0.0237784,1.37019,169778
2.4,0.0237784,2,0.182786,0.0237784,1.37319,160095
2.4,0.0237784,2,0.182786,0.0237784,1.37619,184507
2.4,0.0237784,2,0.182786,0.0237784,1.37919,177503
2.4,0.0237784,2,0.182786,0.0237784,1.38219,156983
2.4,0.0237784,2,0.182786,0.0237784,1.38519,157844
2.4,0.0237784,2,0.182786,0.0237784,1.38819,145675
2.4,0.0237784,2,0.182786,0.0237784,1.3912,154901
2.4,0.0237784,2,0.182786,0.0237784,1.3942,172859
2.4,0.0237784,2,0.182786,0.0237784,1.3972,180714
2.4,0.0237784,2,0.182786,0.0237784,1.4002,176227
2.4,0.0237784,2,0.182786,0.0237784,1.4032,176170
2.4,0.0237784,2,0.182786,0.0237784,1.4062,154259
2.4,0.0237784,2,0.182786,0.0237784,1.4092,154936
2.4,0.0237784,2,0.182786,0.0237784,1.41221,184076
2.4,0.0237784,2,0.182786,0.0237784,1.41521,157483
2.4,0.0237784,2,0.182786,0.0237784,1.41821,183038
2.4,0.0237784,2,0.182786,0.0237784,1.42121,146539
2.4,0.0237784,2,0.182786,0.0237784,1.42421,168477
2.4,0.0237784,2,0.182786,0.0237784,1.42721,144736
2.4,0.0237784,2,0.182786,0.0237784,1.43022,163502
2.4,0.0237784,2,0.182786,0.0237784,1.43322,172396
2.4,0.0237784,2,0.182786,0.0237784,1.43622,155733
2.4,0.0237784,2,0.182786,0.0237784,1.43922,155307
2.4,0.0237784,2,0.182786,0.0237784,1.44222,162536
2.4,0.0237784,2,0.182786,0.0237784,1.44522,146897
2.4,0.0237784,2,0.182786,0.0237784,1.44822,159228
2.4,0.0237784,2,0.182786,0.0237784,1.45123,161260
2.4,0.0237784,2,0.182786,0.0237784,1.45423,178720
2.4,0.0237784,2,0.182786,0.0237784,1.45723,148910
2.4,0.0237784,2,0.182786,0.0237784,1.46023,164927
2.4,0.0237784,2,0.182786,0.0237784,1.46323,154035
2.4,0.0237784,2,0.182786,0.0237784,1.46623,172258
2.4,0.0237784,2,0.182786,0.0237784,1.46923,167554
2.4,0.0237784,2,0.182786,0.0237784,1.47224,150521
2.4,0.0237784,2,0.182786,0.0237784,1.47524,165456
2.4,0.0237784,2,0.182786,0.0237784,1.47824,175428
2.4,0.0237784,2,0.182786,0.0237784,1.48124,187869
2.4,0.0237784,2,0.182786,0.0237784,1.48424,186040
2.4,0.0237784,2,0.182786,0.0237784,1.48724,170081
2.4,0.0237784,2,0.182786,0.0237784,1.49025,183862
2.4,0.0237784,2,0.182786,0.0237784,1.49325,167621
2.4,0.0237784,2,0.182786,0.0237784,1.49625,166625
2.4,0.0237784,2,0.182786,0.0237784,1.49925,170385
2.4,0.0237784,2,0.182786,0.0237784,1.50225,153330
2.4,0.0237784,2,0.182786,0.0237784,1.50525,145275
2.4,0.0237784,2,0.182786,0.0237784,1.50825,145812
2.4,0.0237784,2,0.182786,0.0237784,1.51126,159975
2.4,0.0237784,2,0.182786,0.0237784,1.51426,159943
2.4,0.0237784,2,0.182786,0.0237784,1.51726,174924
2.4,0.0237784,2,0.182786,0.0237784,1.52026,156418
2.4,0.0237784,2,0.182786,0.0237784,1.52326,147338
2.4,0.0237784,2,0.182786,0.0237784,1.52626,161360
2.4,0.0237784,2,0.182786,0.0237784,1.52926,189337
2.4,0.0237784,2,0.182786,0.0237784,1.53227,173158
2.4,0.0237784,2,0.182786,0.0237784,1.53527,158880
2.4,0.0237784,2,0.182786,0.0237784,1.53827,175548
2.4,0.0237784,2,0.182786,0.0237784,1.54127,180461
2.4,0.0237784,2,0.182786,0.0237784,1.54427,183774
2.4,0.0237784,2,0.182786,0.0237784,1.54727,182248
2.4,0.0237784,2,0.182786,0.0237784,1.55028,165129
2.4,0.0237784,2,0.182786,0.0237784,1.55328,163013
2.4,0.0237784,2,0.182786,0.0237784,1.55628,182320
2.4,0.0237784,2,0.182786,0.0237784,1.55928,145469
2.4,0.0237784,2,0.182786,0.0237784,1.56228,161110
2.4,0.0237784,2,0.182786,0.0237784,1.56528,148581
2.4,0.0237784,2,0.182786,0.0237784,1.56828,149969
2.4,0.0237784,2,0.182786,0.0237784,1.57129,154269
2.4,0.0237784,2,0.182786,0.0237784,1.57429,179140
2.4,0.0237784,2,0.182786,0.0237784,1.57729,178193
2.4,0.0237784,2,0.182786,0.0237784,1.58029,150858
2.4,0.0237784,2,0.182786,0.0237784,1.58329,168064
2.4,0.0237784,2,0.182786,0.0237784,1.58629,185084
2.4,0.0237784,2,0.182786,0.0237784,1.58929,161340
2.4,0.0237784,2,0.182786,0.0237784,1.5923,144876
2.4,0.0237784,2,0.182786,0.0237784,1.5953,152203
2.4,0.0237784,2,0.182786,0.0237784,1.5983,187696
2.4,0.0237784,2,0.182786,0.0237784,1.6013,152143
2.4,0.0237784,2,0.182786,0.0237784,1.6043,168982
2.4,0.0237784,2,0.182786,0.0237784,1.6073,162489
2.4,0.0237784,2,0.182786,0.0237784,1.61031,146471
2.4,0.0237784,2,0.182786,0.0237784,1.61331,154707
2.4,0.0237784,2,0.182786,0.0237784,1.61631,144021
2.4,0.0237784,2,0.182786,0.0237784,1.61931,157463
2.4,0.0237784,2,0.182786,0.0237784,1.62231,185166
2.4,0.0237784,2,0.182786,0.0237784,1.62531,168060
2.4,0.0237784,2,0.182786,0.0237784,1.62831,167020
2.4,0.0237784,2,0.182786,0.0237784,1.63132,149827
2.4,0.0237784,2,0.182786,0.0237784,1.63432,182700
2.4,0.0237784,2,0.182786,0.0237784,1.63732,152750
2.4,0.0237784,2,0.182786,0.0237784,1.64032,171378
2.4,0.0237784,2,0.182786,0.0237784,1.64332,143682
2.4,0.0237784,2,0.182786,0.0237784,1.64632,184111
2.4,0.0237784,2,0.182786,0.0237784,1.64932,155940
2.4,0.0237784,2,0.182786,0.0237784,1.65233,155195
2.4,0.0237784,2,0.182786,0.0237784,1.65533,155423
2.4,0.0237784,2,0.182786,0.0237784,1.65833,157836
2.4,0.0237784,2,0.182786,0.0237784,1.66133,161184
2.4,0.0237784,2,0.182786,0.0237784,1.66433,156102
2.4,0.0237784,2,0.182786,0.0237784,1.66733,153272
2.4,0.0237784,2,0.182786,0.0237784,1.67034,161151
2.4,0.0237784,2,0.182786,0.0237784,1.67334,178570
2.4,0.0237784,2,0.182786,0.0237784,1.67634,173503
2.4,0.0237784,2,0.182786,0.0237784,1.67934,151669
2.4,0.0237784,2,0.182786,0.0237784,1.68234,177738
2.4,0.0237784,2,0.182786,0.0237784,1.68534,170688
2.4,0.0237784,2,0.182786,0.0237784,1.68834,175822
2.4,0.0237784,2,0.182786,0.0237784,1.69135,147502
2.4,0.0237784,2,0.182786,0.0237784,1.69435,178562
2.4,0.0237784,2,0.182786,0.0237784,1.69735,170466
2.4,0.0237784,2,0.182786,0.0237784,1.70035,164655
2.4,0.0237784,2,0.182786,0.0237784,1.70335,151577
2.4,0.0237784,2,0.182786,0.0237784,1.70635,155153
2.4,0.0237784,2,0.182786,0.0237784,1.70935,148483
2.4,0.0237784,2,0.182786,0.0237784,1.71236,163340
2.4,0.0237784,2,0.182786,0.0237784,1.71536,176794
2.4,0.0237784,2,0.182786,0.0237784,1.71836,153017
2.4,0.0237784,2,0.182786,0.0237784,1.72136,163543
2.4,0.0237784,2,0.182786,0.0237784,1.72436,141380
2.4,0.0237784,2,0.182786,0.0237784,1.72736,174313
2.4,0.0237784,2,0.182786,0.0237784,1.73037,156992
2.4,0.0237784,2,0.182786,0.0237784,1.73337,180725
2.4,0.0237784,2,0.182786,0.0237784,1.73637,158137
2.4,0.0237784,2,0.182786,0.0237784,1.73937,173363
2.4,0.0237784,2,0.182786,0.0237784,1.74237,164112
2.4,0.0237784,2,0.182786,0.0237784,1.74537,163100
2.4,0.0237784,2,0.182786,0.0237784,1.74837,176662
2.4,0.0237784,2,0.182786,0.0237784,1.75138,157315
2.4,0.0237784,2,0.182786,0.0237784,1.75438,153385
2.4,0.0237784,2,0.182786,0.0237784,1.75738,151673
2.4,0.0237784,2,0.182786,0.0237784,1.76038,161157
2.4,0.0237784,2,0.182786,0.0237784,1.76338,175667
2.4,0.0237784,2,0.182786,0.0237784,1.76638,150880
2.4,0.0237784,2,0.182786,0.0237784,1.76938,153849
2.4,0.0237784,2,0.182786,0.0237784,1.77239,165929
2.4,0.0237784,2,0.182786,0.0237784,1.77539,165399
2.4,0.0237784,2,0.182786,0.0237784,1.77839,157368
2.4,0.0237784,2,0.182786,0.0237784,1.78139,175906
2.4,0.0237784,2,0.182786,0.0237784,1.78439,175832
2.4,0.0237784,2,0.182786,0.0237784,1.78739,182085
2.4,0.0237784,2,0.182786,0.0237784,1.7904,148887
2.4,0.0237784,2,0.182786,0.0237784,1.7934,178941
2.4,0.0237784,2,0.182786,0.0237784,1.7964,159733
2.4,0.0237784,2,0.182786,0.0237784,1.7994,159655
2.4,0.0237784,2,0.182786,0.0237784,1.8024,143642
2.4,0.0237784,2,0.182786,0.0237784,1.8054,165180
2.4,0.0237784,2,0.182786,0.0237784,1.8084,146710
2.4,0.0237784,2,0.182786,0.0237784,1.81141,138177
2.4,0.0237784,2,0.182786,0.0237784,1.81441,178419
2.4,0.0237784,2,0.182786,0.0237784,1.81741,137830
2.4,0.0237784,2,0.182786,0.0237784,1.82041,150836
2.4,0.0237784,2,0.182786,0.0237784,1.82341,145563
2.4,0.0237784,2,0.182786,0.0237784,1.82641,172475
2.4,0.0237784,2,0.182786,0.0237784,1.82941,142104
2.4,0.0237784,2,0.182786,0.0237784,1.83242,156061
2.4,0.0237784,2,0.182786,0.0237784,1.83542,154617
2.4,0.0237784,2,0.182786,0.0237784,1.83842,146047
2.4,0.0237784,2,0.182786,0.0237784,1.84142,148700
2.4,0.0237784,2,0.182786,0.0237784,1.84442,150289
2.4,0.0237784,2,0.182786,0.0237784,1.84742,154490
2.4,0.0237784,2,0.182786,0.0237784,1.85043,144045
2.4,0.0237784,2,0.182786,0.0237784,1.85343,137488
2.4,0.0237784,2,0.182786,0.0237784,1.85643,171636
2.4,0.0237784,2,0.182786,0.0237784,1.85943,175661
2.4,0.0237784,2,0.182786,0.0237784,1.86243,147962
2.4,0.0237784,2,0.182786,0.0237784,1.86543,157103
2.4,0.0237784,2,0.182786,0.0237784,1.86843,152172
2.4,0.0237784,2,0.182786,0.0237784,1.87144,170109
2.4,0.0237784,2,0.182786,0.0237784,1.87444,156208
2.4,0.0237784,2,0.182786,0.0237784,1.87744,156178
2.4,0.0237784,2,0.182786,0.0237784,1.88044,131902
2.4,0.0237784,2,0.182786,0.0237784,1.88344,136424
2.4,0.0237784,2,0.182786,0.0237784,1.88644,141859
2.4,0.0237784,2,0.182786,0.0237784,1.88944,139751
2.4,0.0237784,2,0.182786,0.0237784,1.89245,154144
2.4,0.0237784,2,0.182786,0.0237784,1.89545,132926
2.4,0.0237784,2,0.182786,0.0237784,1.89845,143271
2.4,0.0237784,2,0.182786,0.0237784,1.90145,140287
2.4,0.0237784,2,0.182786,0.0237784,1.90445,144025
2.4,0.0237784,2,0.182786,0.0237784,1.90745,157663
2.4,0.0237784,2,0.182786,0.0237784,1.91046,153878
2.4,0.0237784,2,0.182786,0.0237784,1.91346,160226
2.4,0.0237784,2,0.182786,0.0237784,1.91646,163733
2.4,0.0237784,2,0.182786,0.0237784,1.91946,151621
2.4,0.0237784,2,0.182786,0.0237784,1.92246,138446
2.4,0.0237784,2,0.182786,0.0237784,1.92546,131216
2.4,0.0237784,2,0.182786,0.0237784,1.92846,129507
2.4,0.0237784,2,0.182786,0.0237784,1.93147,128315
2.4,0.0237784,2,0.182786,0.0237784,1.93447,146477
2.4,0.0237784,2,0.182786,0.0237784,1.93747,124895
2.4,0.0237784,2,0.182786,0.0237784,1.94047,118722
2.4,0.0237784,2,0.182786,0.0237784,1.94347,148176
2.4,0.0237784,2,0.182786,0.0237784,1.94647,124160
2.4,0.0237784,2,0.182786,0.0237784,1.94947,115684
2.4,0.0237784,2,0.182786,0.0237784,1.95248,121096
2.4,0.0237784,2,0.182786,0.0237784,1.95548,114116
2.4,0.0237784,2,0.182786,0.0237784,1.95848,-134184
2.4,0.0237784,2,0.182786,0.0237784,1.96148,-141020
2.4,0.0237784,2,0.182786,0.0237784,1.96448,-142707
2.4,0.0237784,2,0.182786,0.0237784,1.96748,-119674
2.4,0.0237784,2,0.182786,0.0237784,1.97049,-118957
2.4,0.0237784,2,0.182786,0.0237784,1.97349,-132244
2.4,0.0237784,2,0.182786,0.0237784,1.97649,-123448
2.4,0.0237784,2,0.182786,0.0237784,1.97949,-128209
2.4,0.0237784,2,0.182786,0.0237784,1.98249,-130975
2.4,0.0237784,2,0.182786,0.0237784,1.98549,-126828
2.4,0.0237784,2,0.182786,0.0237784,1.98849,-140118
2.4,0.0237784,2,0.182786,0.0237784,1.9915,-158036
2.4,0.0237784,2,0.182786,0.0237784,1.9945,-134439
2.4,0.0237784,2,0.182786,0.0237784,1.9975,-158552
2.4,0.0237784,2,0.182786,0.0237784,2.0005,-128916
2.4,0.0237784,2,0.182786,0.0237784,2.0035,-147947
2.4,0.0237784,2,0.182786,0.0237784,2.0065,-128728
2.4,0.0237784,2,0.182786,0.0237784,2.0095,-141790
2.4,0.0237784,2,0.182786,0.0237784,2.01251,-131962
2.4,0.0237784,2,0.182786,0.0237784,2.01551,-156800
2.4,0.0237784,2,0.182786,0.0237784,2.01851,-155118
2.4,0.0237784,2,0.182786,0.0237784,2.02151,-143586
2.4,0.0237784,2,0.182786,0.0237784,2.02451,-143856
2.4,0.0237784,2,0.182786,0.0237784,2.02751,-135840
2.4,0.0237784,2,0.182786,0.0237784,2.03052,-145917
2.4,0.0237784,2,0.182786,0.0237784,2.03352,-137186
2.4,0.0237784,2,0.182786,0.0237784,2.03652,-137708
2.4,0.0237784,2,0.182786,0.0237784,2.03952,-165437
2.4,0.0237784,2,0.182786,0.0237784,2.04252,-157285
2.4,0.0237784,2,0.182786,0.0237784,2.04552,-142699
2.4,0.0237784,2,0.182786,0.0237784,2.04852,-142808
2.4,0.0237784,2,0.182786,0.0237784,2.05153,-151551
2.4,0.0237784,2,0.182786,0.0237784,2.05453,-157134
2.4,0.0237784,2,0.182786,0.0237784,2.05753,-135080
2.4,0.0237784,2,0.182786,0.0237784,2.06053,-159784
2.4,0.0237784,2,0.182786,0.0237784,2.06353,-163691
2.4,0.0237784,2,0.182786,0.0237784,2.06653,-150019
2.4,0.0237784,2,0.182786,0.0237784,2.06953,-151011
2.4,0.0237784,2,0.182786,0.0237784,2.07254,-158925
2.4,0.0237784,2,0.182786,0.0237784,2.07554,-171969
2.4,0.0237784,2,0.182786,0.0237784,2.07854,-163806
2.4,0.0237784,2,0.182786,0.0237784,2.08154,-139558
2.4,0.0237784,2,0.182786,0.0237784,2.08454,-139873
2.4,0.0237784,2,0.182786,0.0237784,2.08754,-164406
2.4,0.0237784,2,0.182786,0.0237784,2.09055,-177820
2.4,0.0237784,2,0.182786,0.0237784,2.09355,-148155
2.4,0.0237784,2,0.182786,0.0237784,2.09655,-152617
2.4,0.0237784,2,0.182786,0.0237784,2.09955,-163825
2.4,0.0237784,2,0.182786,0.0237784,2.10255,-164482
2.4,0.0237784,2,0.182786,0.0237784,2.10555,-153957
2.4,0.0237784,2,0.182786,0.0237784,2.10855,-147624
2.4,0.0237784,2,0.182786,0.0237784,2.11156,-154310
2.4,0.0237784,2,0.182786,0.0237784,2.11456,-152729
2.4,0.0237784,2,0.182786,0.0237784,2.11756,-154252
2.4,0.0237784,2,0.182786,0.0237784,2.12056,-178683
2.4,0.0237784,2,0.182786,0.0237784,2.12356,-162505
2.4,0.0237784,2,0.182786,0.0237784,2.12656,-178161
2.4,0.0237784,2,0.182786,0.0237784,2.12956,-159352
2.4,0.0237784,2,0.182786,0.0237784,2.13257,-149106
2.4,0.0237784,2,0.182786,0.0237784,2.13557,-169749
2.4,0.0237784,2,0.182786,0.0237784,2.13857,-155220
2.4,0.0237784,2,0.182786,0.0237784,2.14157,-140626
2.4,0.0237784,2,0.182786,0.0237784,2.14457,-162378
2.4,0.0237784,2,0.182786,0.0237784,2.14757,-148578
2.4,0.0237784,2,0.182786,0.0237784,2.15058,-179010
2.4,0.0237784,2,0.182786,0.0237784,2.15358,-172942
2.4,0.0237784,2,0.182786,0.0237784,2.15658,-149193
2.4,0.0237784,2,0.182786,0.0237784,2.15958,-143506
2.4,0.0237784,2,0.182786,0.0237784,2.16258,-167361
2.4,0.0237784,2,0.182786,0.0237784,2.16558,-169498
2.4,0.0237784,2,0.182786,0.0237784,2.16858,-156879
2.4,0.0237784,2,0.182786,0.0237784,2.17159,-166059
2.4,0.0237784,2,0.182786,0.0237784,2.17459,-155541
2.4,0.0237784,2,0.182786,0.0237784,2.17759,-153293
2.4,0.0237784,2,0.182786,0.0237784,2.18059,-177669
2.4,0.0237784,2,0.182786,0.0237784,2.18359,-176906
2.4,0.0237784,2,0.182786,0.0237784,2.18659,-182361
2.4,0.0237784,2,0.182786,0.0237784,2.18959,-163594
2.4,0.0237784,2,0.182786,0.0237784,2.1926,-141239
2.4,0.0237784,2,0.182786,0.0237784,2.1956,-174951
2.4,0.0237784,2,0.182786,0.0237784,2.1986,-146300
2.4,0.0237784,2,0.182786,0.0237784,2.2016,-154912
2.4,0.0237784,2,0.182786,0.0237784,2.2046,-151701
2.4,0.0237784,2,0.182786,0.0237784,2.2076,-151424
2.4,0.0237784,2,0.182786,0.0237784,2.21061,-181491
2.4,0.0237784,2,0.182786,0.0237784,2.21361,-180386
2.4,0.0237784,2,0.182786,0.0237784,2.21661,-150770
2.4,0.0237784,2,0.182786,0.0237784,2.21961,-170531
2.4,0.0237784,2,0.182786,0.0237784,2.22261,-173827
2.4,0.0237784,2,0.182786,0.0237784,2.22561,-176677
2.4,0.0237784,2,0.182786,0.0237784,2.22861,-156136
2.4,0.0237784,2,0.182786,0.0237784,2.23162,-148561
2.4,0.0237784,2,0.182786,0.0237784,2.23462,-174981
2.4,0.0237784,2,0.182786,0.0237784,2.23762,-143533
2.4,0.0237784,2,0.182786,0.0237784,2.24062,-162125
2.4,0.0237784,2,0.182786,0.0237784,2.24362,-165769
2.4,0.0237784,2,0.182786,0.0237784,2.24662,-144374
2.4,0.0237784,2,0.182786,0.0237784,2.24962,-158698
2.4,0.0237784,2,0.182786,0.0237784,2.25263,-176770
2.4,0.0237784,2,0.182786,0.0237784,2.25563,-167225
2.4,0.0237784,2,0.182786,0.0237784,2.25863,-153547
2.4,0.0237784,2,0.182786,0.0237784,2.26163,-183430
2.4,0.0237784,2,0.182786,0.0237784,2.26463,-164439
2.4,0.0237784,2,0.182786,0.0237784,2.26763,-144134
2.4,0.0237784,2,0.182786,0.0237784,2.27064,-144928
2.4,0.0237784,2,0.182786,0.0237784,2.27364,-164257
2.4,0.0237784,2,0.182786,0.0237784,2.27664,-152763
2.4,0.0237784,2,0.182786,0.0237784,2.27964,-145523
2.4,0.0237784,2,0.182786,0.0237784,2.28264,-155369
2.4,0.0237784,2,0.182786,0.0237784,2.28564,-184776
2.4,0.0237784,2,0.182786,0.0237784,2.28864,-165279
2.4,0.0237784,2,0.182786,0.0237784,2.29165,-160778
2.4,0.0237784,2,0.182786,0.0237784,2.29465,-180788
2.4,0.0237784,2,0.182786,0.0237784,2.29765,-145158
2.4,0.0237784,2,0.182786,0.0237784,2.30065,-153005
2.4,0.0237784,2,0.182786,0.0237784,2.30365,-169130
2.4,0.0237784,2,0.182786,0.0237784,2.30665,-142550
2.4,0.0237784,2,0.182786,0.0237784,2.30965,-145607
2.4,0.0237784,2,0.182786,0.0237784,2.31266,-156424
2.4,0.0237784,2,0.182786,0.0237784,2.31566,-163931
2.4,0.0237784,2,0.182786,0.0237784,2.31866,-176967
2.4,0.0237784,2,0.182786,0.0237784,2.32166,-142564
2.4,0.0237784,2,0.182786,0.0237784,2.32466,-177036
2.4,0.0237784,2,0.182786,0.0237784,2.32766,-138911
2.4,0.0237784,2,0.182786,0.0237784,2.33067,-148372
2.4,0.0237784,2,0.182786,0.0237784,2.33367,-155826
2.4,0.0237784,2,0.182786,0.0237784,2.33667,-141516
2.4,0.0237784,2,0.182786,0.0237784,2.33967,-170141
2.4,0.0237784,2,0.182786,0.0237784,2.34267,-154999
2.4,0.0237784,2,0.182786,0.0237784,2.34567,-175774
2.4,0.0237784,2,0.182786,0.0237784,2.34867,-149221
2.4,0.0237784,2,0.182786,0.0237784,2.35168,-149592
2.4,0.0237784,2,0.182786,0.0237784,2.35468,-151891
2.4,0.0237784,2,0.182786,0.0237784,2.35768,-154088
2.4,0.0237784,2,0.182786,0.0237784,2.36068,-158154
2.4,0.0237784,2,0.182786,0.0237784,2.36368,-157717
2.4,0.0237784,2,0.182786,0.0237784,2.36668,-134856
2.4,0.0237784,2,0.182786,0.0237784,2.36968,-148622
2.4,0.0237784,2,0.182786,0.0237784,2.37269,-131501
2.4,0.0237784,2,0.182786,0.0237784,2.37569,-139973
2.4,0.0237784,2,0.182786,0.0237784,2.37869,-141111
2.4,0.0237784,2,0.182786,0.0237784,2.38169,-129939
2.4,0.0237784,2,0.182786,0.0237784,2.38469,-150643
2.4,0.0237784,2,0.182786,0.0237784,2.38769,-124323
2.4,0.0237784,2,0.182786,0.0237784,2.3907,-131603
2.4,0.0237784,2,0.182786,0.0237784,2.3937,-130316
2.4,0.0237784,2,0.182786,0.0237784,2.3967,-136403
2.4,0.0237784,2,0.182786,0.0237784,2.3997,-104831
2.4,0.0237784,2,0.182786,0.0237784,2.4027,126657
2.4,0.0237784,2,0.182786,0.0237784,2.4057,142955
2.4,0.0237784,2,0.182786,0.0237784,2.4087,153822
2.4,0.0237784,2,0.182786,0.0237784,2.41171,126120
2.4,0.0237784,2,0.182786,0.0237784,2.41471,141173
2.4,0.0237784,2,0.182786,0.0237784,2.41771,149077
2.4,0.0237784,2,0.182786,0.0237784,2.42071,129657
2.4,0.0237784,2,0.182786,0.0237784,2.42371,133576
2.4,0.0237784,2,0.182786,0.0237784,2.42671,150190
2.4,0.0237784,2,0.182786,0.0237784,2.42971,150881
2.4,0.0237784,2,0.182786,0.0237784,2.43272,147442
2.4,0.0237784,2,0.182786,0.0237784,2.43572,173055
2.4,0.0237784,2,0.182786,0.0237784,2.43872,149422
2.4,0.0237784,2,0.182786,0.0237784,2.44172,171436
2.4,0.0237784,2,0.182786,0.0237784,2.44472,151633
2.4,0.0237784,2,0.182786,0.0237784,2.44772,178334
2.4,0.0237784,2,0.182786,0.0237784,2.45073,147754
2.4,0.0237784,2,0.182786,0.0237784,2.45373,143171
2.4,0.0237784,2,0.182786,0.0237784,2.45673,146246
2.4,0.0237784,2,0.182786,0.0237784,2.45973,147812
2.4,0.0237784,2,0.182786,0.0237784,2.46273,145146
2.4,0.0237784,2,0.182786,0.0237784,2.46573,149220
2.4,0.0237784,2,0.182786,0.0237784,2.46873,175335
2.4,0.0237784,2,0.182786,0.0237784,2.47174,171281
2.4,0.0237784,2,0.182786,0.0237784,2.47474,164928
2.4,0.0237784,2,0.182786,0.0237784,2.47774,168603
2.4,0.0237784,2,0.182786,0.0237784,2.48074,157694
2.4,0.0237784,2,0.182786,0.0237784,2.48374,187034
2.4,0.0237784,2,0.182786,0.0237784,2.48674,154703
2.4,0.0237784,2,0.182786,0.0237784,2.48974,151891
2.4,0.0237784,2,0.182786,0.0237784,2.49275,185644
2.4,0.0237784,2,0.182786,0.0237784,2.49575,186925
2.4,0.0237784,2,0.182786,0.0237784,2.49875,163272
2.4,0.0237784,2,0.182786,0.0237784,2.50175,155750
2.4,0.0237784,2,0.182786,0.0237784,2.50475,162439
2.4,0.0237784,2,0.182786,0.0237784,2.50775,176788
2.4,0.0237784,2,0.182786,0.0237784,2.51076,162219
2.4,0.0237784,2,0.182786,0.0237784,2.51376,195384
2.4,0.0237784,2,0.182786,0.0237784,2.51676,153781
2.4,0.0237784,2,0.182786,0.0237784,2.51976,154888
2.4,0.0237784,2,0.182786,0.0237784,2.52276,182097
2.4,0.0237784,2,0.182786,0.0237784,2.52576,163990
2.4,0.0237784,2,0.182786,0.0237784,2.52876,154146
2.4,0.0237784,2,0.182786,0.0237784,2.53177,153993
2.4,0.0237784,2,0.182786,0.0237784,2.53477,179508
2.4,0.0237784,2,0.182786,0.0237784,2.53777,170751
2.4,0.0237784,2,0.182786,0.0237784,2.54077,170838
2.4,0.0237784,2,0.182786,0.0237784,2.54377,194535
2.4,0.0237784,2,0.182786,0.0237784,2.54677,170208
2.4,0.0237784,2,0.182786,0.0237784,2.54977,166317
2.4,0.0237784,2,0.182786,0.0237784,2.55278,173338
2.4,0.0237784,2,0.182786,0.0237784,2.55578,157043
2.4,0.0237784,2,0.182786,0.0237784,2.55878,169889
2.4,0.0237784,2,0.182786,0.0237784,2.56178,180951
2.4,0.0237784,2,0.182786,0.0237784,2.56478,169675
2.4,0.0237784,2,0.182786,0.0237784,2.56778,158679
2.4,0.0237784,2,0.182786,0.0237784,2.57079,169816
2.4,0.0237784,2,0.182786,0.0237784,2.57379,186720
2.4,0.0237784,2,0.182786,0.0237784,2.57679,187171
2.4,0.0237784,2,0.182786,0.0237784,2.57979,173960
2.4,0.0237784,2,0.182786,0.0237784,2.58279,170035
2.4,0.0237784,2,0.182786,0.0237784,2.58579,170886
2.4,0.0237784,2,0.182786,0.0237784,2.58879,202183
2.4,0.0237784,2,0.182786,0.0237784,2.5918,165173
2.4,0.0237784,2,0.182786,0.0237784,2.5948,211367
2.4,0.0237784,2,0.182786,0.0237784,2.5978,207796
2.4,0.0237784,2,0.182786,0.0237784,2.6008,188925
2.4,0.0237784,2,0.182786,0.0237784,2.6038,197813
2.4,0.0237784,2,0.182786,0.0237784,2.6068,205746
2.4,0.0237784,2,0.182786,0.0237784,2.6098,168940
2.4,0.0237784,2,0.182786,0.0237784,2.61281,174709
2.4,0.0237784,2,0.182786,0.0237784,2.61581,190923
2.4,0.0237784,2,0.182786,0.0237784,2.61881,189170
2.4,0.0237784,2,0.182786,0.0237784,2.62181,174322
2.4,0.0237784,2,0.182786,0.0237784,2.62481,201062
2.4,0.0237784,2,0.182786,0.0237784,2.62781,180303
2.4,0.0237784,2,0.182786,0.0237784,2.63082,208614
2.4,0.0237784,2,0.182786,0.0237784,2.63382,169776
2.4,0.0237784,2,0.182786,0.0237784,2.63682,179706
2.4,0.0237784,2,0.182786,0.0237784,2.63982,184027
2.4,0.0237784,2,0.182786,0.0237784,2.64282,211064
2.4,0.0237784,2,0.182786,0.0237784,2.64582,194613
2.4,0.0237784,2,0.182786,0.0237784,2.64882,213399
2.4,0.0237784,2,0.182786,0.0237784,2.65183,194459
2.4,0.0237784,2,0.182786,0.0237784,2.65483,190979
2.4,0.0237784,2,0.182786,0.0237784,2.65783,190019
2.4,0.0237784,2,0.182786,0.0237784,2.66083,172885
2.4,0.0237784,2,0.182786,0.0237784,2.66383,211057
2.4,0.0237784,2,0.182786,0.0237784,2.66683,176463
2.4,0.0237784,2,0.182786,0.0237784,2.66983,189239
2.4,0.0237784,2,0.182786,0.0237784,2.67284,172452
2.4,0.0237784,2,0.182786,0.0237784,2.67584,180841
2.4,0.0237784,2,0.182786,0.0237784,2.67884,212137
2.4,0.0237784,2,0.182786,0.0237784,2.68184,179442
2.4,0.0237784,2,0.182786,0.0237784,2.68484,220807
2.4,0.0237784,2,0.182786,0.0237784,2.68784,219217
2.4,0.0237784,2,0.182786,0.0237784,2.69085,175303
2.4,0.0237784,2,0.182786,0.0237784,2.69385,197459
2.4,0.0237784,2,0.182786,0.0237784,2.69685,184002
2.4,0.0237784,2,0.182786,0.0237784,2.69985,228223
2.4,0.0237784,2,0.182786,0.0237784,2.70285,189200
2.4,0.0237784,2,0.182786,0.0237784,2.70585,200982
2.4,0.0237784,2,0.182786,0.0237784,2.70885,175735
2.4,0.0237784,2,0.182786,0.0237784,2.71186,205814
2.4,0.0237784,2,0.182786,0.0237784,2.71486,182613
2.4,0.0237784,2,0.182786,0.0237784,2.71786,194211
2.4,0.0237784,2,0.182786,0.0237784,2.72086,192926
2.4,0.0237784,2,0.182786,0.0237784,2.72386,190300
2.4,0.0237784,2,0.182786,0.0237784,2.72686,212321
2.4,0.0237784,2,0.182786,0.0237784,2.72986,197152
2.4,0.0237784,2,0.182786,0.0237784,2.73287,199802
2.4,0.0237784,2,0.182786,0.0237784,2.73587,211162
2.4,0.0237784,2,0.182786,0.0237784,2.73887,177097
2.4,0.0237784,2,0.182786,0.0237784,2.74187,185260
2.4,0.0237784,2,0.182786,0.0237784,2.74487,224824
2.4,0.0237784,2,0.182786,0.0237784,2.74787,183094
2.4,0.0237784,2,0.182786,0.0237784,2.75088,224591
2.4,0.0237784,2,0.182786,0.0237784,2.75388,180171
2.4,0.0237784,2,0.182786,0.0237784,2.75688,218277
2.4,0.0237784,2,0.182786,0.0237784,2.75988,180097
2.4,0.0237784,2,0.182786,0.0237784,2.76288,189217
2.4,0.0237784,2,0.182786,0.0237784,2.76588,206117
2.4,0.0237784,2,0.182786,0.0237784,2.76888,191696
2.4,0.0237784,2,0.182786,0.0237784,2.77189,218980
2.4,0.0237784,2,0.182786,0.0237784,2.77489,212839
2.4,0.0237784,2,0.182786,0.0237784,2.77789,185236
2.4,0.0237784,2,0.182786,0.0237784,2.78089,203671
2.4,0.0237784,2,0.182786,0.0237784,2.78389,201061
2.4,0.0237784,2,0.182786,0.0237784,2.78689,224051
2.4,0.0237784,2,0.182786,0.0237784,2.78989,219288
2.4,0.0237784,2,0.182786,0.0237784,2.7929,203669
2.4,0.0237784,2,0.182786,0.0237784,2.7959,216507
2.4,0.0237784,2,0.182786,0.0237784,2.7989,207981
2.4,0.0237784,2,0.182786,0.0237784,2.8019,235385
2.4,0.0237784,2,0.182786,0.0237784,2.8049,191679
2.4,0.0237784,2,0.182786,0.0237784,2.8079,208339
2.4,0.0237784,2,0.182786,0.0237784,2.81091,203191
2.4,0.0237784,2,0.182786,0.0237784,2.81391,202357
2.4,0.0237784,2,0.182786,0.0237784,2.81691,197511
2.4,0.0237784,2,0.182786,0.0237784,2.81991,203768
2.4,0.0237784,2,0.182786,0.0237784,2.82291,197435
2.4,0.0237784,2,0.182786,0.0237784,2.82591,214310
2.4,0.0237784,2,0.182786,0.0237784,2.82891,214294
2.4,0.0237784,2,0.182786,0.0237784,2.83192,194577
2.4,0.0237784,2,0.182786,0.0237784,2.83492,236054
2.4,0.0237784,2,0.182786,0.0237784,2.83792,214164
2.4,0.0237784,2,0.182786,0.0237784,2.84092,202221
2.4,0.0237784,2,0.182786,0.0237784,2.84392,185528
2.4,0.0237784,2,0.182786,0.0237784,2.84692,190248
2.4,0.0237784,2,0.182786,0.0237784,2.84992,215796
2.4,0.0237784,2,0.182786,0.0237784,2.85293,193883
2.4,0.0237784,2,0.182786,0.0237784,2.85593,192595
2.4,0.0237784,2,0.182786,0.0237784,2.85893,223498
2.4,0.0237784,2,0.182786,0.0237784,2.86193,190408
2.4,0.0237784,2,0.182786,0.0237784,2.86493,202077
2.4,0.0237784,2,0.182786,0.0237784,2.86793,231146
2.4,0.0237784,2,0.182786,0.0237784,2.87094,195859
2.4,0.0237784,2,0.182786,0.0237784,2.87394,237129
2.4,0.0237784,2,0.182786,0.0237784,2.87694,190276
2.4,0.0237784,2,0.182786,0.0237784,2.87994,188657
2.4,0.0237784,2,0.182786,0.0237784,2.88294,240560
2.4,0.0237784,2,0.182786,0.0237784,2.88594,227649
2.4,0.0237784,2,0.182786,0.0237784,2.88894,206149
2.4,0.0237784,2,0.182786,0.0237784,2.89195,194842
2.4,0.0237784,2,0.182786,0.0237784,2.89495,209608
2.4,0.0237784,2,0.182786,0.0237784,2.89795,195717
2.4,0.0237784,2,0.182786,0.0237784,2.90095,187812
2.4,0.0237784,2,0.182786,0.0237784,2.90395,243969
2.4,0.0237784,2,0.182786,0.0237784,2.90695,216718
2.4,0.0237784,2,0.182786,0.0237784,2.90995,237241
2.4,0.0237784,2,0.182786,0.0237784,2.91296,204593
2.4,0.0237784,2,0.182786,0.0237784,2.91596,188453
2.4,0.0237784,2,0.182786,0.0237784,2.91896,232411
2.4,0.0237784,2,0.182786,0.0237784,2.92196,217776
2.4,0.0237784,2,0.182786,0.0237784,2.92496,215307
2.4,0.0237784,2,0.182786,0.0237784,2.92796,206284
2.4,0.0237784,2,0.182786,0.0237784,2.93097,217082
2.4,0.0237784,2,0.182786,0.0237784,2.93397,220177
2.4,0.0237784,2,0.182786,0.0237784,2.93697,197695
2.4,0.0237784,2,0.182786,0.0237784,2.93997,192572
2.4,0.0237784,2,0.182786,0.0237784,2.94297,193996
2.4,0.0237784,2,0.182786,0.0237784,2.94597,231853
2.4,0.0237784,2,0.182786,0.0237784,2.94897,241770
2.4,0.0237784,2,0.182786,0.0237784,2.95198,248524
2.4,0.0237784,2,0.182786,0.0237784,2.95498,199789
2.4,0.0237784,2,0.182786,0.0237784,2.95798,193429
2.4,0.0237784,2,0.182786,0.0237784,2.96098,216809
2.4,0.0237784,2,0.182786,0.0237784,2.96398,235408
2.4,0.0237784,2,0.182786,0.0237784,2.96698,203713
2.4,0.0237784,2,0.182786,0.0237784,2.96998,191763
2.4,0.0237784,2,0.182786,0.0237784,2.97299,191972
2.4,0.0237784,2,0.182786,0.0237784,2.97599,212827
2.4,0.0237784,2,0.182786,0.0237784,2.97899,192724
2.4,0.0237784,2,0.182786,0.0237784,2.98199,197934
2.4,0.0237784,2,0.182786,0.0237784,2.98499,196017
2.4,0.0237784,2,0.182786,0.0237784,2.98799,198305
2.4,0.0237784,2,0.182786,0.0237784,2.991,191981
2.4,0.0237784,2,0.182786,0.0237784,2.994,196347
2.4,0.0237784,2,0.182786,0.0237784,2.997,197396
2.4,0.0237784,2,0.182786,0.0237784,3,197426

2.2,0.0499903,2,0.526706,0.0499903,-3,-69168.4
2.2,0.0499903,2,0.526706,0.0499903,-2.997,-72483
2.2,0.0499903,2,0.526706,0.0499903,-2.994,-72467.4
2.2,0.0499903,2,0.526706,0.0499903,-2.991,-65885.6
2.2,0.0499903,2,0.526706,0.0499903,-2.98799,-67504.2
2.2,0.0499903,2,0.526706,0.0499903,-2.98499,-72289.8
2.2,0.0499903,2,0.526706,0.0499903,-2.98199,-70111.5
2.2,0.0499903,2,0.526706,0.0499903,-2.97899,-66986.1
2.2,0.0499903,2,0.526706,0.0499903,-2.97599,-67618
2.2,0.0499903,2,0.526706,0.0499903,-2.97299,-73464
2.2,0.0499903,2,0.526706,0.0499903,-2.96998,-66742.8
2.2,0.0499903,2,0.526706,0.0499903,-2.96698,-67313.3
2.2,0.0499903,2,0.526706,0.0499903,-2.96398,-66895.2
2.2,0.0499903,2,0.526706,0.0499903,-2.96098,-78698.8
2.2,0.0499903,2,0.526706,0.0499903,-2.95798,-70829.9
2.2,0.0499903,2,0.526706,0.0499903,-2.95498,-66140.8
2.2,0.0499903,2,0.526706,0.0499903,-2.95198,-66631.4
2.2,0.0499903,2,0.526706,0.0499903,-2.94897,-71434.8
2.2,0.0499903,2,0.526706,0.0499903,-2.94597,-78475.2
2.2,0.0499903,2,0.526706,0.0499903,-2.94297,-82791.5
2.2,0.0499903,2,0.526706,0.0499903,-2.93997,-76714.6
2.2,0.0499903,2,0.526706,0.0499903,-2.93697,-65691.1
2.2,0.0499903,2,0.526706,0.0499903,-2.93397,-83416.4
2.2,0.0499903,2,0.526706,0.0499903,-2.93097,-78594.3
2.2,0.0499903,2,0.526706,0.0499903,-2.92796,-73258.8
2.2,0.0499903,2,0.526706,0.0499903,-2.92496,-73500.9
2.2,0.0499903,2,0.526706,0.0499903,-2.92196,-67505.4
2.2,0.0499903,2,0.526706,0.0499903,-2.91896,-78740.8
2.2,0.0499903,2,0.526706,0.0499903,-2.91596,-71607.2
2.2,0.0499903,2,0.526706,0.0499903,-2.91296,-65548
2.2,0.0499903,2,0.526706,0.0499903,-2.90995,-72353.2
2.2,0.0499903,2,0.526706,0.0499903,-2.90695,-68594.6
2.2,0.0499903,2,0.526706,0.0499903,-2.90395,-69924.1
2.2,0.0499903,2,0.526706,0.0499903,-2.90095,-67390
2.2,0.0499903,2,0.526706,0.0499903,-2.89795,-79744.6
2.2,0.0499903,2,0.526706,0.0499903,-2.89495,-83616.5
2.2,0.0499903,2,0.526706,0.0499903,-2.89195,-71443.8
2.2,0.0499903,2,0.526706,0.0499903,-2.88894,-68368.7
2.2,0.0499903,2,0.526706,0.0499903,-2.88594,-66706.8
2.2,0.0499903,2,0.526706,0.0499903,-2.88294,-77903
2.2,0.0499903,2,0.526706,0.0499903,-2.87994,-77331.2
2.2,0.0499903,2,0.526706,0.0499903,-2.87694,-70260.1
2.2,0.0499903,2,0.526706,0.0499903,-2.87394,-75969.8
2.2,0.0499903,2,0.526706,0.0499903,-2.87094,-67635
2.2,0.0499903,2,0.526706,0.0499903,-2.86793,-68363.2
2.2,0.0499903,2,0.526706,0.0499903,-2.86493,-65836.6
2.2,0.0499903,2,0.526706,0.0499903,-2.86193,-80309.9
2.2,0.0499903,2,0.526706,0.0499903,-2.85893,-72076.5
2.2,0.0499903,2,0.526706,0.0499903,-2.85593,-73967.1
2.2,0.0499903,2,0.526706,0.0499903,-2.85293,-73239.8
2.2,0.0499903,2,0.526706,0.0499903,-2.84992,-67067.6
2.2,0.0499903,2,0.526706,0.0499903,-2.84692,-67605.2
2.2,0.0499903,2,0.526706,0.0499903,-2.84392,-77249.2
2.2,0.0499903,2,0.526706,0.0499903,-2.84092,-80656.5
2.2,0.0499903,2,0.526706,0.0499903,-2.83792,-74766
2.2,0.0499903,2,0.526706,0.0499903,-2.83492,-79992.3
2.2,0.0499903,2,0.526706,0.0499903,-2.83192,-69190.9
2.2,0.0499903,2,0.526706,0.0499903,-2.82891,-81914.1
2.2,0.0499903,2,0.526706,0.0499903,-2.82591,-70010.3
2.2,0.0499903,2,0.526706,0.0499903,-2.82291,-67396
2.2,0.0499903,2,0.526706,0.0499903,-2.81991,-79313.7
2.2,0.0499903,2,0.526706,0.0499903,-2.81691,-70369
2.2,0.0499903,2,0.526706,0.0499903,-2.81391,-68915.9
2.2,0.0499903,2,0.526706,0.0499903,-2.81091,-67911.6
2.2,0.0499903,2,0.526706,0.0499903,-2.8079,-73148.5
2.2,0.0499903,2,0.526706,0.0499903,-2.8049,-74935
2.2,0.0499903,2,0.526706,0.0499903,-2.8019,-84211
2.2,0.0499903,2,0.526706,0.0499903,-2.7989,-67210.1
2.2,0.0499903,2,0.526706,0.0499903,-2.7959,-70892.4
2.2,0.0499903,2,0.526706,0.0499903,-2.7929,-66406.9
2.2,0.0499903,2,0.526706,0.0499903,-2.78989,-74914.9
2.2,0.0499903,2,0.526706,0.0499903,-2.78689,-84693.3
2.2,0.0499903,2,0.526706,0.0499903,-2.78389,-71850.2
2.2,0.0499903,2,0.526706,0.0499903,-2.78089,-71060.3
2.2,0.0499903,2,0.526706,0.0499903,-2.77789,-81887
2.2,0.0499903,2,0.526706,0.0499903,-2.77489,-65782.3
2.2,0.0499903,2,0.526706,0.0499903,-2.77189,-71086.2
2.2,0.0499903,2,0.526706,0.0499903,-2.76888,-74894.3
2.2,0.0499903,2,0.526706,0.0499903,-2.76588,-79547.9
2.2,0.0499903,2,0.526706,0.0499903,-2.76288,-65719.2
2.2,0.0499903,2,0.526706,0.0499903,-2.75988,-66252.2
2.2,0.0499903,2,0.526706,0.0499903,-2.75688,-83860.7
2.2,0.0499903,2,0.526706,0.0499903,-2.75388,-76901.3
2.2,0.0499903,2,0.526706,0.0499903,-2.75088,-69034.8
2.2,0.0499903,2,0.526706,0.0499903,-2.74787,-72384
2.2,0.0499903,2,0.526706,0.0499903,-2.74487,-66815.9
2.2,0.0499903,2,0.526706,0.0499903,-2.74187,-69330
2.2,0.0499903,2,0.526706,0.0499903,-2.73887,-65844.7
2.2,0.0499903,2,0.526706,0.0499903,-2.73587,-72810.6
2.2,0.0499903,2,0.526706,0.0499903,-2.73287,-73407.9
2.2,0.0499903,2,0.526706,0.0499903,-2.72986,-69408.6
2.2,0.0499903,2,0.526706,0.0499903,-2.72686,-76169.8
2.2,0.0499903,2,0.526706,0.0499903,-2.72386,-66193.8
2.2,0.0499903,2,0.526706,0.0499903,-2.72086,-68790
2.2,0.0499903,2,0.526706,0.0499903,-2.71786,-83123.1
2.2,0.0499903,2,0.526706,0.0499903,-2.71486,-73845.7
2.2,0.0499903,2,0.526706,0.0499903,-2.71186,-72765.4
2.2,0.0499903,2,0.526706,0.0499903,-2.70885,-71530.1
2.2,0.0499903,2,0.526706,0.0499903,-2.70585,-66143
2.2,0.0499903,2,0.526706,0.0499903,-2.70285,-68985.4
2.2,0.0499903,2,0.526706,0.0499903,-2.69985,-68322
2.2,0.0499903,2,0.526706,0.0499903,-2.69685,-66957
2.2,0.0499903,2,0.526706,0.0499903,-2.69385,-77205.6
2.2,0.0499903,2,0.526706,0.0499903,-2.69085,-66582.6
2.2,0.0499903,2,0.526706,0.0499903,-2.68784,-81385.7
2.2,0.0499903,2,0.526706,0.0499903,-2.68484,-76008.3
2.2,0.0499903,2,0.526706,0.0499903,-2.68184,-65419.4
2.2,0.0499903,2,0.526706,0.0499903,-2.67884,-68847.2
2.2,0.0499903,2,0.526706,0.0499903,-2.67584,-74740.3
2.2,0.0499903,2,0.526706,0.0499903,-2.67284,-70000.1
2.2,0.0499903,2,0.526706,0.0499903,-2.66983,-69502.4
2.2,0.0499903,2,0.526706,0.0499903,-2.66683,-71027.7
2.2,0.0499903,2,0.526706,0.0499903,-2.66383,-70533.5
2.2,0.0499903,2,0.526706,0.0499903,-2.66083,-68267.5
2.2,0.0499903,2,0.526706,0.0499903,-2.65783,-73856.1
2.2,0.0499903,2,0.526706,0.0499903,-2.65483,-78304.4
2.2,0.0499903,2,0.526706,0.0499903,-2.65183,-70814.8
2.2,0.0499903,2,0.526706,0.0499903,-2.64882,-65904.9
2.2,0.0499903,2,0.526706,0.0499903,-2.64582,-72370.7
2.2,0.0499903,2,0.526706,0.0499903,-2.64282,-75408.6
2.2,0.0499903,2,0.526706,0.0499903,-2.63982,-73451.2
2.2,0.0499903,2,0.526706,0.0499903,-2.63682,-76472.7
2.2,0.0499903,2,0.526706,0.0499903,-2.63382,-64598.7
2.2,0.0499903,2,0.526706,0.0499903,-2.63082,-66323.2
2.2,0.0499903,2,0.526706,0.0499903,-2.62781,-83880.1
2.2,0.0499903,2,0.526706,0.0499903,-2.62481,-78194.1
2.2,0.0499903,2,0.526706,0.0499903,-2.62181,-69081.7
2.2,0.0499903,2,0.526706,0.0499903,-2.61881,-69412
2.2,0.0499903,2,0.526706,0.0499903,-2.61581,-67273.2
2.2,0.0499903,2,0.526706,0.0499903,-2.61281,-65992.4
2.2,0.0499903,2,0.526706,0.0499903,-2.6098,-76590.4
2.2,0.0499903,2,0.526706,0.0499903,-2.6068,-66844.4
2.2,0.0499903,2,0.526706,0.0499903,-2.6038,-70581.9
2.2,0.0499903,2,0.526706,0.0499903,-2.6008,-70835.1
2.2,0.0499903,2,0.526706,0.0499903,-2.5978,-69882.2
2.2,0.0499903,2,0.526706,0.0499903,-2.5948,-72881.6
2.2,0.0499903,2,0.526706,0.0499903,-2.5918,-65212.8
2.2,0.0499903,2,0.526706,0.0499903,-2.58879,-75553.1
2.2,0.0499903,2,0.526706,0.0499903,-2.58579,-70905.9
2.2,0.0499903,2,0.526706,0.0499903,-2.58279,-70511.6
2.2,0.0499903,2,0.526706,0.0499903,-2.57979,-78148.1
2.2,0.0499903,2,0.526706,0.0499903,-2.57679,-68856.6
2.2,0.0499903,2,0.526706,0.0499903,-2.57379,-66777.5
2.2,0.0499903,2,0.526706,0.0499903,-2.57079,-71556.9
2.2,0.0499903,2,0.526706,0.0499903,-2.56778,-69063.7
2.2,0.0499903,2,0.526706,0.0499903,-2.56478,-67223.5
2.2,0.0499903,2,0.526706,0.0499903,-2.56178,-70170.6
2.2,0.0499903,2,0.526706,0.0499903,-2.55878,-65296.1
2.2,0.0499903,2,0.526706,0.0499903,-2.55578,-64317.8
2.2,0.0499903,2,0.526706,0.0499903,-2.55278,-65168.2
2.2,0.0499903,2,0.526706,0.0499903,-2.54977,-68047
2.2,0.0499903,2,0.526706,0.0499903,-2.54677,-69091.6
2.2,0.0499903,2,0.526706,0.0499903,-2.54377,-67483.4
2.2,0.0499903,2,0.526706,0.0499903,-2.54077,-64113.3
2.2,0.0499903,2,0.526706,0.0499903,-2.53777,-78108.2
2.2,0.0499903,2,0.526706,0.0499903,-2.53477,-64614.1
2.2,0.0499903,2,0.526706,0.0499903,-2.53177,-66690.8
2.2,0.0499903,2,0.526706,0.0499903,-2.52876,-69783
2.2,0.0499903,2,0.526706,0.0499903,-2.52576,-73833.1
2.2,0.0499903,2,0.526706,0.0499903,-2.52276,-77327.8
2.2,0.0499903,2,0.526706,0.0499903,-2.51976,-67649.1
2.2,0.0499903,2,0.526706,0.0499903,-2.51676,-69845.9
2.2,0.0499903,2,0.526706,0.0499903,-2.51376,-66635.1
2.2,0.0499903,2,0.526706,0.0499903,-2.51076,-75738.6
2.2,0.0499903,2,0.526706,0.0499903,-2.50775,-75639.2
2.2,0.0499903,2,0.526706,0.0499903,-2.50475,-73951
2.2,0.0499903,2,0.526706,0.0499903,-2.50175,-79698.9
2.2,0.0499903,2,0.526706,0.0499903,-2.49875,-74359.2
2.2,0.0499903,2,0.526706,0.0499903,-2.49575,-66804.2
2.2,0.0499903,2,0.526706,0.0499903,-2.49275,-74638.8
2.2,0.0499903,2,0.526706,0.0499903,-2.48974,-67380.1
2.2,0.0499903,2,0.526706,0.0499903,-2.48674,-67895.3
2.2,0.0499903,2,0.526706,0.0499903,-2.48374,-74710.8
2.2,0.0499903,2,0.526706,0.0499903,-2.48074,-76368.9
2.2,0.0499903,2,0.526706,0.0499903,-2.47774,-63538.4
2.2,0.0499903,2,0.526706,0.0499903,-2.47474,-76330.6
2.2,0.0499903,2,0.526706,0.0499903,-2.47174,-73465.6
2.2,0.0499903,2,0.526706,0.0499903,-2.46873,-81569.8
2.2,0.0499903,2,0.526706,0.0499903,-2.46573,-63753.2
2.2,0.0499903,2,0.526706,0.0499903,-2.46273,-65206.8
2.2,0.0499903,2,0.526706,0.0499903,-2.45973,-75736
2.2,0.0499903,2,0.526706,0.0499903,-2.45673,-74207.8
2.2,0.0499903,2,0.526706,0.0499903,-2.45373,-62914.5
2.2,0.0499903,2,0.526706,0.0499903,-2.45073,-79269.1
2.2,0.0499903,2,0.526706,0.0499903,-2.44772,-69495.8
2.2,0.0499903,2,0.526706,0.0499903,-2.44472,-68358.1
2.2,0.0499903,2,0.526706,0.0499903,-2.44172,-70373.6
2.2,0.0499903,2,0.526706,0.0499903,-2.43872,-66263.8
2.2,0.0499903,2,0.526706,0.0499903,-2.43572,-68774.3
2.2,0.0499903,2,0.526706,0.0499903,-2.43272,-71020
2.2,0.0499903,2,0.526706,0.0499903,-2.42971,-74923.7
2.2,0.0499903,2,0.526706,0.0499903,-2.42671,-66829
2.2,0.0499903,2,0.526706,0.0499903,-2.42371,-62610.8
2.2,0.0499903,2,0.526706,0.0499903,-2.42071,-65943.8
2.2,0.0499903,2,0.526706,0.0499903,-2.41771,-63746.2
2.2,0.0499903,2,0.526706,0.0499903,-2.41471,-67620.6
2.2,0.0499903,2,0.526706,0.0499903,-2.41171,-71394.7
2.2,0.0499903,2,0.526706,0.0499903,-2.4087,-76537.8
2.2,0.0499903,2,0.526706,0.0499903,-2.4057,-63309.8
2.2,0.0499903,2,0.526706,0.0499903,-2.4027,-62093.2
2.2,0.0499903,2,0.526706,0.0499903,-2.3997,-66979.5
2.2,0.0499903,2,0.526706,0.0499903,-2.3967,-72263.3
2.2,0.0499903,2,0.526706,0.0499903,-2.3937,-62376
2.2,0.0499903,2,0.526706,0.0499903,-2.3907,-75476.5
2.2,0.0499903,2,0.526706,0.0499903,-2.38769,-68598.4
2.2,0.0499903,2,0.526706,0.0499903,-2.38469,-63324.9
2.2,0.0499903,2,0.526706,0.0499903,-2.38169,-65310.3
2.2,0.0499903,2,0.526706,0.0499903,-2.37869,-74978.5
2.2,0.0499903,2,0.526706,0.0499903,-2.37569,-64082.4
2.2,0.0499903,2,0.526706,0.0499903,-2.37269,-72172.1
2.2,0.0499903,2,0.526706,0.0499903,-2.36968,-75219.1
2.2,0.0499903,2,0.526706,0.0499903,-2.36668,-67041.3
2.2,0.0499903,2,0.526706,0.0499903,-2.36368,-66576.8
2.2,0.0499903,2,0.526706,0.0499903,-2.36068,-62419.7
2.2,0.0499903,2,0.526706,0.0499903,-2.35768,-71622.1
2.2,0.0499903,2,0.526706,0.0499903,-2.35468,-65798.7
2.2,0.0499903,2,0.526706,0.0499903,-2.35168,-72793.2
2.2,0.0499903,2,0.526706,0.0499903,-2.34867,-73399.4
2.2,0.0499903,2,0.526706,0.0499903,-2.34567,-71989.2
2.2,0.0499903,2,0.526706,0.0499903,-2.34267,-72175.3
2.2,0.0499903,2,0.526706,0.0499903,-2.33967,-70566
2.2,0.0499903,2,0.526706,0.0499903,-2.33667,-63462.8
2.2,0.0499903,2,0.526706,0.0499903,-2.33367,-77479.9
2.2,0.0499903,2,0.526706,0.0499903,-2.33067,-65790.4
2.2,0.0499903,2,0.526706,0.0499903,-2.32766,-65073.3
2.2,0.0499903,2,0.526706,0.0499903,-2.32466,-72786.6
2.2,0.0499903,2,0.526706,0.0499903,-2.32166,-73068.4
2.2,0.0499903,2,0.526706,0.0499903,-2.31866,-63896.5
2.2,0.0499903,2,0.526706,0.0499903,-2.31566,-71189
2.2,0.0499903,2,0.526706,0.0499903,-2.31266,-66280.5
2.2,0.0499903,2,0.526706,0.0499903,-2.30965,-63643.9
2.2,0.0499903,2,0.526706,0.0499903,-2.30665,-61677.9
2.2,0.0499903,2,0.526706,0.0499903,-2.30365,-60448.7
2.2,0.0499903,2,0.526706,0.0499903,-2.30065,-61071.3
2.2,0.0499903,2,0.526706,0.0499903,-2.29765,-69347.7
2.2,0.0499903,2,0.526706,0.0499903,-2.29465,-71723.3
2.2,0.0499903,2,0.526706,0.0499903,-2.29165,-60525.3
2.2,0.0499903,2,0.526706,0.0499903,-2.28864,-61730.5
2.2,0.0499903,2,0.526706,0.0499903,-2.28564,-61428.5
2.2,0.0499903,2,0.526706,0.0499903,-2.28264,-76315.5
2.2,0.0499903,2,0.526706,0.0499903,-2.27964,-64317.6
2.2,0.0499903,2,0.526706,0.0499903,-2.27664,-76183.9
2.2,0.0499903,2,0.526706,0.0499903,-2.27364,-63147.5
2.2,0.0499903,2,0.526706,0.0499903,-2.27064,-63696.9
2.2,0.0499903,2,0.526706,0.0499903,-2.26763,-59150.9
2.2,0.0499903,2,0.526706,0.0499903,-2.26463,-66299.1
2.2,0.0499903,2,0.526706,0.0499903,-2.26163,-65862.1
2.2,0.0499903,2,0.526706,0.0499903,-2.25863,-63803
2.2,0.0499903,2,0.526706,0.0499903,-2.25563,-59290.3
2.2,0.0499903,2,0.526706,0.0499903,-2.25263,-71150.8
2.2,0.0499903,2,0.526706,0.0499903,-2.24962,-59940.7
2.2,0.0499903,2,0.526706,0.0499903,-2.24662,-66204.7
2.2,0.0499903,2,0.526706,0.0499903,-2.24362,-70383.8
2.2,0.0499903,2,0.526706,0.0499903,-2.24062,-71634.7
2.2,0.0499903,2,0.526706,0.0499903,-2.23762,-71630.5
2.2,0.0499903,2,0.526706,0.0499903,-2.23462,-65436.3
2.2,0.0499903,2,0.526706,0.0499903,-2.23162,-68708.9
2.2,0.0499903,2,0.526706,0.0499903,-2.22861,-59243.7
2.2,0.0499903,2,0.526706,0.0499903,-2.22561,-61737.6
2.2,0.0499903,2,0.526706,0.0499903,-2.22261,-71225.4
2.2,0.0499903,2,0.526706,0.0499903,-2.21961,-63351
2.2,0.0499903,2,0.526706,0.0499903,-2.21661,-59554
2.2,0.0499903,2,0.526706,0.0499903,-2.21361,-70861.4
2.2,0.0499903,2,0.526706,0.0499903,-2.21061,-71261.9
2.2,0.0499903,2,0.526706,0.0499903,-2.2076,-68661.9
2.2,0.0499903,2,0.526706,0.0499903,-2.2046,-59037.5
2.2,0.0499903,2,0.526706,0.0499903,-2.2016,-63079.3
2.2,0.0499903,2,0.526706,0.0499903,-2.1986,-65595.3
2.2,0.0499903,2,0.526706,0.0499903,-2.1956,-62351.6
2.2,0.0499903,2,0.526706,0.0499903,-2.1926,-70167.9
2.2,0.0499903,2,0.526706,0.0499903,-2.18959,-65122
2.2,0.0499903,2,0.526706,0.0499903,-2.18659,-61363
2.2,0.0499903,2,0.526706,0.0499903,-2.18359,-65577.3
2.2,0.0499903,2,0.526706,0.0499903,-2.18059,-58705.3
2.2,0.0499903,2,0.526706,0.0499903,-2.17759,-59080.7
2.2,0.0499903,2,0.526706,0.0499903,-2.17459,-61711.5
2.2,0.0499903,2,0.526706,0.0499903,-2.17159,-62815.2
2.2,0.0499903,2,0.526706,0.0499903,-2.16858,-63836.5
2.2,0.0499903,2,0.526706,0.0499903,-2.16558,-66952
2.2,0.0499903,2,0.526706,0.0499903,-2.16258,-60861
2.2,0.0499903,2,0.526706,0.0499903,-2.15958,-56112.7
2.2,0.0499903,2,0.526706,0.0499903,-2.15658,-58616.9
2.2,0.0499903,2,0.526706,0.0499903,-2.15358,-53086.5
2.2,0.0499903,2,0.526706,0.0499903,-2.15058,-58540.8
2.2,0.0499903,2,0.526706,0.0499903,-2.14757,-51451.5
2.2,0.0499903,2,0.526706,0.0499903,-2.14457,-55615.6
2.2,0.0499903,2,0.526706,0.0499903,-2.14157,-54104.9
2.2,0.0499903,2,0.526706,0.0499903,-2.13857,-52564.8
2.2,0.0499903,2,0.526706,0.0499903,-2.13557,-49178.4
2.2,0.0499903,2,0.526706,0.0499903,-2.13257,39637.8
2.2,0.0499903,2,0.526706,0.0499903,-2.12956,53664.4
2.2,0.0499903,2,0.526706,0.0499903,-2.12656,56335.6
2.2,0.0499903,2,0.526706,0.0499903,-2.12356,52298.5
2.2,0.0499903,2,0.526706,0.0499903,-2.12056,56522.4
2.2,0.0499903,2,0.526706,0.0499903,-2.11756,64522.8
2.2,0.0499903,2,0.526706,0.0499903,-2.11456,61755.6
2.2,0.0499903,2,0.526706,0.0499903,-2.11156,52704.9
2.2,0.0499903,2,0.526706,0.0499903,-2.10855,55581.7
2.2,0.0499903,2,0.526706,0.0499903,-2.10555,54124.5
2.2,0.0499903,2,0.526706,0.0499903,-2.10255,66904
2.2,0.0499903,2,0.526706,0.0499903,-2.09955,55851
2.2,0.0499903,2,0.526706,0.0499903,-2.09655,59467.2
2.2,0.0499903,2,0.526706,0.0499903,-2.09355,60800.7
2.2,0.0499903,2,0.526706,0.0499903,-2.09055,57086.5
2.2,0.0499903,2,0.526706,0.0499903,-2.08754,57978.5
2.2,0.0499903,2,0.526706,0.0499903,-2.08454,62704
2.2,0.0499903,2,0.526706,0.0499903,-2.08154,68532.6
2.2,0.0499903,2,0.526706,0.0499903,-2.07854,62209.7
2.2,0.0499903,2,0.526706,0.0499903,-2.07554,61478.6
2.2,0.0499903,2,0.526706,0.0499903,-2.07254,57632.9
2.2,0.0499903,2,0.526706,0.0499903,-2.06953,60653.8
2.2,0.0499903,2,0.526706,0.0499903,-2.06653,63307.1
2.2,0.0499903,2,0.526706,0.0499903,-2.06353,67345.7
2.2,0.0499903,2,0.526706,0.0499903,-2.06053,69689
2.2,0.0499903,2,0.526706,0.0499903,-2.05753,71098.6
2.2,0.0499903,2,0.526706,0.0499903,-2.05453,59917.6
2.2,0.0499903,2,0.526706,0.0499903,-2.05153,59671.1
2.2,0.0499903,2,0.526706,0.0499903,-2.04852,58559.7
2.2,0.0499903,2,0.526706,0.0499903,-2.04552,72472.2
2.2,0.0499903,2,0.526706,0.0499903,-2.04252,71381.6
2.2,0.0499903,2,0.526706,0.0499903,-2.03952,73264.3
2.2,0.0499903,2,0.526706,0.0499903,-2.03652,61222.1
2.2,0.0499903,2,0.526706,0.0499903,-2.03352,62732.1
2.2,0.0499903,2,0.526706,0.0499903,-2.03052,72099.4
2.2,0.0499903,2,0.526706,0.0499903,-2.02751,60707.3
2.2,0.0499903,2,0.526706,0.0499903,-2.02451,63549.6
2.2,0.0499903,2,0.526706,0.0499903,-2.02151,74261.4
2.2,0.0499903,2,0.526706,0.0499903,-2.01851,61875.9
2.2,0.0499903,2,0.526706,0.0499903,-2.01551,64930.6
2.2,0.0499903,2,0.526706,0.0499903,-2.01251,74661.1
2.2,0.0499903,2,0.526706,0.0499903,-2.0095,63835.2
2.2,0.0499903,2,0.526706,0.0499903,-2.0065,63831.2
2.2,0.0499903,2,0.526706,0.0499903,-2.0035,68573.3
2.2,0.0499903,2,0.526706,0.0499903,-2.0005,60630
2.2,0.0499903,2,0.526706,0.0499903,-1.9975,71629.1
2.2,0.0499903,2,0.526706,0.0499903,-1.9945,61370.3
2.2,0.0499903,2,0.526706,0.0499903,-1.9915,61400.2
2.2,0.0499903,2,0.526706,0.0499903,-1.98849,75728.8
2.2,0.0499903,2,0.526706,0.0499903,-1.98549,66827.5
2.2,0.0499903,2,0.526706,0.0499903,-1.98249,61897.7
2.2,0.0499903,2,0.526706,0.0499903,-1.97949,62064.6
2.2,0.0499903,2,0.526706,0.0499903,-1.97649,72741.1
2.2,0.0499903,2,0.526706,0.0499903,-1.97349,74548.4
2.2,0.0499903,2,0.526706,0.0499903,-1.97049,69063
2.2,0.0499903,2,0.526706,0.0499903,-1.96748,66787.5
2.2,0.0499903,2,0.526706,0.0499903,-1.96448,70516
2.2,0.0499903,2,0.526706,0.0499903,-1.96148,73555.2
2.2,0.0499903,2,0.526706,0.0499903,-1.95848,67247
2.2,0.0499903,2,0.526706,0.0499903,-1.95548,63927.2
2.2,0.0499903,2,0.526706,0.0499903,-1.95248,61695.3
2.2,0.0499903,2,0.526706,0.0499903,-1.94947,66295.7
2.2,0.0499903,2,0.526706,0.0499903,-1.94647,61165.7
2.2,0.0499903,2,0.526706,0.0499903,-1.94347,71901.1
2.2,0.0499903,2,0.526706,0.0499903,-1.94047,63727.2
2.2,0.0499903,2,0.526706,0.0499903,-1.93747,79561.7
2.2,0.0499903,2,0.526706,0.0499903,-1.93447,68760.4
2.2,0.0499903,2,0.526706,0.0499903,-1.93147,73273.6
2.2,0.0499903,2,0.526706,0.0499903,-1.92846,70388.2
2.2,0.0499903,2,0.526706,0.0499903,-1.92546,69651.5
2.2,0.0499903,2,0.526706,0.0499903,-1.92246,61966.8
2.2,0.0499903,2,0.526706,0.0499903,-1.91946,68812.3
2.2,0.0499903,2,0.526706,0.0499903,-1.91646,66496
2.2,0.0499903,2,0.526706,0.0499903,-1.91346,70871.1
2.2,0.0499903,2,0.526706,0.0499903,-1.91046,64826.2
2.2,0.0499903,2,0.526706,0.0499903,-1.90745,70122.6
2.2,0.0499903,2,0.526706,0.0499903,-1.90445,74829
2.2,0.0499903,2,0.526706,0.0499903,-1.90145,68536.2
2.2,0.0499903,2,0.526706,0.0499903,-1.89845,71427
2.2,0.0499903,2,0.526706,0.0499903,-1.89545,62390.4
2.2,0.0499903,2,0.526706,0.0499903,-1.89245,63137.1
2.2,0.0499903,2,0.526706,0.0499903,-1.88944,68973.7
2.2,0.0499903,2,0.526706,0.0499903,-1.88644,64062.8
2.2,0.0499903,2,0.526706,0.0499903,-1.88344,69908.1
2.2,0.0499903,2,0.526706,0.0499903,-1.88044,65757.5
2.2,0.0499903,2,0.526706,0.0499903,-1.87744,65128.7
2.2,0.0499903,2,0.526706,0.0499903,-1.87444,62684.9
2.2,0.0499903,2,0.526706,0.0499903,-1.87144,63500.4
2.2,0.0499903,2,0.526706,0.0499903,-1.86843,66779.4
2.2,0.0499903,2,0.526706,0.0499903,-1.86543,65609.1
2.2,0.0499903,2,0.526706,0.0499903,-1.86243,71032.1
2.2,0.0499903,2,0.526706,0.0499903,-1.85943,71205.2
2.2,0.0499903,2,0.526706,0.0499903,-1.85643,70100.5
2.2,0.0499903,2,0.526706,0.0499903,-1.85343,68003.1
2.2,0.0499903,2,0.526706,0.0499903,-1.85043,72442.3
2.2,0.0499903,2,0.526706,0.0499903,-1.84742,69366.2
2.2,0.0499903,2,0.526706,0.0499903,-1.84442,64368
2.2,0.0499903,2,0.526706,0.0499903,-1.84142,65219.2
2.2,0.0499903,2,0.526706,0.0499903,-1.83842,74074.6
2.2,0.0499903,2,0.526706,0.0499903,-1.83542,75350.7
2.2,0.0499903,2,0.526706,0.0499903,-1.83242,76425.6
2.2,0.0499903,2,0.526706,0.0499903,-1.82941,63664.1
2.2,0.0499903,2,0.526706,0.0499903,-1.82641,72800.2
2.2,0.0499903,2,0.526706,0.0499903,-1.82341,75527.4
2.2,0.0499903,2,0.526706,0.0499903,-1.82041,68604.4
2.2,0.0499903,2,0.526706,0.0499903,-1.81741,69637.4
2.2,0.0499903,2,0.526706,0.0499903,-1.81441,65084.1
2.2,0.0499903,2,0.526706,0.0499903,-1.81141,67186.7
2.2,0.0499903,2,0.526706,0.0499903,-1.8084,72504
2.2,0.0499903,2,0.526706,0.0499903,-1.8054,71755.7
2.2,0.0499903,2,0.526706,0.0499903,-1.8024,68456.9
2.2,0.0499903,2,0.526706,0.0499903,-1.7994,76837.8
2.2,0.0499903,2,0.526706,0.0499903,-1.7964,64678.1
2.2,0.0499903,2,0.526706,0.0499903,-1.7934,64890.2
2.2,0.0499903,2,0.526706,0.0499903,-1.7904,79291.2
2.2,0.0499903,2,0.526706,0.0499903,-1.78739,64705
2.2,0.0499903,2,0.526706,0.0499903,-1.78439,79882.4
2.2,0.0499903,2,0.526706,0.0499903,-1.78139,73658.8
2.2,0.0499903,2,0.526706,0.0499903,-1.77839,66499.8
2.2,0.0499903,2,0.526706,0.0499903,-1.77539,65544.5
2.2,0.0499903,2,0.526706,0.0499903,-1.77239,69081.1
2.2,0.0499903,2,0.526706,0.0499903,-1.76938,64616.3
2.2,0.0499903,2,0.526706,0.0499903,-1.76638,77037.3
2.2,0.0499903,2,0.526706,0.0499903,-1.76338,67154.6
2.2,0.0499903,2,0.526706,0.0499903,-1.76038,69078.4
2.2,0.0499903,2,0.526706,0.0499903,-1.75738,70353.1
2.2,0.0499903,2,0.526706,0.0499903,-1.75438,74128
2.2,0.0499903,2,0.526706,0.0499903,-1.75138,78510
2.2,0.0499903,2,0.526706,0.0499903,-1.74837,66057.3
2.2,0.0499903,2,0.526706,0.0499903,-1.74537,70306.4
2.2,0.0499903,2,0.526706,0.0499903,-1.74237,79841.7
2.2,0.0499903,2,0.526706,0.0499903,-1.73937,73170.7
2.2,0.0499903,2,0.526706,0.0499903,-1.73637,72233.9
2.2,0.0499903,2,0.526706,0.0499903,-1.73337,73164.5
2.2,0.0499903,2,0.526706,0.0499903,-1.73037,74893.9
2.2,0.0499903,2,0.526706,0.0499903,-1.72736,75559.4
2.2,0.0499903,2,0.526706,0.0499903,-1.72436,67117.7
2.2,0.0499903,2,0.526706,0.0499903,-1.72136,76357.6
2.2,0.0499903,2,0.526706,0.0499903,-1.71836,72129.5
2.2,0.0499903,2,0.526706,0.0499903,-1.71536,80405.1
2.2,0.0499903,2,0.526706,0.0499903,-1.71236,82233.8
2.2,0.0499903,2,0.526706,0.0499903,-1.70935,65729.3
2.2,0.0499903,2,0.526706,0.0499903,-1.70635,72459.6
2.2,0.0499903,2,0.526706,0.0499903,-1.70335,71980
2.2,0.0499903,2,0.526706,0.0499903,-1.70035,65078
2.2,0.0499903,2,0.526706,0.0499903,-1.69735,72984.1
2.2,0.0499903,2,0.526706,0.0499903,-1.69435,73860.7
2.2,0.0499903,2,0.526706,0.0499903,-1.69135,65483.6
2.2,0.0499903,2,0.526706,0.0499903,-1.68834,68634
2.2,0.0499903,2,0.526706,0.0499903,-1.68534,74980.2
2.2,0.0499903,2,0.526706,0.0499903,-1.68234,69971.2
2.2,0.0499903,2,0.526706,0.0499903,-1.67934,70883.6
2.2,0.0499903,2,0.526706,0.0499903,-1.67634,66028.6
2.2,0.0499903,2,0.526706,0.0499903,-1.67334,70868.7
2.2,0.0499903,2,0.526706,0.0499903,-1.67034,70694.5
2.2,0.0499903,2,0.526706,0.0499903,-1.66733,71317.4
2.2,0.0499903,2,0.526706,0.0499903,-1.66433,73984.5
2.2,0.0499903,2,0.526706,0.0499903,-1.66133,71778.7
2.2,0.0499903,2,0.526706,0.0499903,-1.65833,77629.5
2.2,0.0499903,2,0.526706,0.0499903,-1.65533,76734
2.2,0.0499903,2,0.526706,0.0499903,-1.65233,73640.7
2.2,0.0499903,2,0.526706,0.0499903,-1.64932,74350.4
2.2,0.0499903,2,0.526706,0.0499903,-1.64632,74669.3
2.2,0.0499903,2,0.526706,0.0499903,-1.64332,65627.9
2.2,0.0499903,2,0.526706,0.0499903,-1.64032,71367.3
2.2,0.0499903,2,0.526706,0.0499903,-1.63732,75315.9
2.2,0.0499903,2,0.526706,0.0499903,-1.63432,77130
2.2,0.0499903,2,0.526706,0.0499903,-1.63132,78821
2.2,0.0499903,2,0.526706,0.0499903,-1.62831,74046.4
2.2,0.0499903,2,0.526706,0.0499903,-1.62531,67823
2.2,0.0499903,2,0.526706,0.0499903,-1.62231,66412.1
2.2,0.0499903,2,0.526706,0.0499903,-1.61931,74295
2.2,0.0499903,2,0.526706,0.0499903,-1.61631,76471.5
2.2,0.0499903,2,0.526706,0.0499903,-1.61331,76551.1
2.2,0.0499903,2,0.526706,0.0499903,-1.61031,86036.8
2.2,0.0499903,2,0.526706,0.0499903,-1.6073,77397
2.2,0.0499903,2,0.526706,0.0499903,-1.6043,72016.7
2.2,0.0499903,2,0.526706,0.0499903,-1.6013,74774.8
2.2,0.0499903,2,0.526706,0.0499903,-1.5983,69352.4
2.2,0.0499903,2,0.526706,0.0499903,-1.5953,73129.4
2.2,0.0499903,2,0.526706,0.0499903,-1.5923,81631.1
2.2,0.0499903,2,0.526706,0.0499903,-1.58929,77390.8
2.2,0.0499903,2,0.526706,0.0499903,-1.58629,66728.4
2.2,0.0499903,2,0.526706,0.0499903,-1.58329,74309.6
2.2,0.0499903,2,0.526706,0.0499903,-1.58029,84438.6
2.2,0.0499903,2,0.526706,0.0499903,-1.57729,74149.3
2.2,0.0499903,2,0.526706,0.0499903,-1.57429,79107.7
2.2,0.0499903,2,0.526706,0.0499903,-1.57129,79731.3
2.2,0.0499903,2,0.526706,0.0499903,-1.56828,67463
2.2,0.0499903,2,0.526706,0.0499903,-1.56528,69193.1
2.2,0.0499903,2,0.526706,0.0499903,-1.56228,70338.2
2.2,0.0499903,2,0.526706,0.0499903,-1.55928,68734.7
2.2,0.0499903,2,0.526706,0.0499903,-1.55628,80686.4
2.2,0.0499903,2,0.526706,0.0499903,-1.55328,78641.4
2.2,0.0499903,2,0.526706,0.0499903,-1.55028,72933.8
2.2,0.0499903,2,0.526706,0.0499903,-1.54727,66836.1
2.2,0.0499903,2,0.526706,0.0499903,-1.54427,68878.3
2.2,0.0499903,2,0.526706,0.0499903,-1.54127,73810.6
2.2,0.0499903,2,0.526706,0.0499903,-1.53827,68609.5
2.2,0.0499903,2,0.526706,0.0499903,-1.53527,68918.7
2.2,0.0499903,2,0.526706,0.0499903,-1.53227,74035.3
2.2,0.0499903,2,0.526706,0.0499903,-1.52926,78995.9
2.2,0.0499903,2,0.526706,0.0499903,-1.52626,76740.4
2.2,0.0499903,2,0.526706,0.0499903,-1.52326,69736.8
2.2,0.0499903,2,0.526706,0.0499903,-1.52026,75334.4
2.2,0.0499903,2,0.526706,0.0499903,-1.51726,67635.6
2.2,0.0499903,2,0.526706,0.0499903,-1.51426,74070.9
2.2,0.0499903,2,0.526706,0.0499903,-1.51126,66638
2.2,0.0499903,2,0.526706,0.0499903,-1.50825,66590.1
2.2,0.0499903,2,0.526706,0.0499903,-1.50525,69200.5
2.2,0.0499903,2,0.526706,0.0499903,-1.50225,71538.2
2.2,0.0499903,2,0.526706,0.0499903,-1.49925,69328.3
2.2,0.0499903,2,0.526706,0.0499903,-1.49625,68096.2
2.2,0.0499903,2,0.526706,0.0499903,-1.49325,73191.4
2.2,0.0499903,2,0.526706,0.0499903,-1.49025,72937.1
2.2,0.0499903,2,0.526706,0.0499903,-1.48724,70846.3
2.2,0.0499903,2,0.526706,0.0499903,-1.48424,68462.4
2.2,0.0499903,2,0.526706,0.0499903,-1.48124,68962.9
2.2,0.0499903,2,0.526706,0.0499903,-1.47824,85078.6
2.2,0.0499903,2,0.526706,0.0499903,-1.47524,76872.3
2.2,0.0499903,2,0.526706,0.0499903,-1.47224,71526.2
2.2,0.0499903,2,0.526706,0.0499903,-1.46923,76632
2.2,0.0499903,2,0.526706,0.0499903,-1.46623,73279.2
2.2,0.0499903,2,0.526706,0.0499903,-1.46323,82332.3
2.2,0.0499903,2,0.526706,0.0499903,-1.46023,73492.3
2.2,0.0499903,2,0.526706,0.0499903,-1.45723,71738.4
2.2,0.0499903,2,0.526706,0.0499903,-1.45423,73603.9
2.2,0.0499903,2,0.526706,0.0499903,-1.45123,75151.7
2.2,0.0499903,2,0.526706,0.0499903,-1.44822,67398.8
2.2,0.0499903,2,0.526706,0.0499903,-1.44522,69819.2
2.2,0.0499903,2,0.526706,0.0499903,-1.44222,72491.8
2.2,0.0499903,2,0.526706,0.0499903,-1.43922,71760.5
2.2,0.0499903,2,0.526706,0.0499903,-1.43622,69487.6
2.2,0.0499903,2,0.526706,0.0499903,-1.43322,81326.4
2.2,0.0499903,2,0.526706,0.0499903,-1.43022,73695.8
2.2,0.0499903,2,0.526706,0.0499903,-1.42721,80077.3
2.2,0.0499903,2,0.526706,0.0499903,-1.42421,71846
2.2,0.0499903,2,0.526706,0.0499903,-1.42121,69388.8
2.2,0.0499903,2,0.526706,0.0499903,-1.41821,72133.5
2.2,0.0499903,2,0.526706,0.0499903,-1.41521,84517.9
2.2,0.0499903,2,0.526706,0.0499903,-1.41221,81115.9
2.2,0.0499903,2,0.526706,0.0499903,-1.4092,70198.7
2.2,0.0499903,2,0.526706,0.0499903,-1.4062,70412.6
2.2,0.0499903,2,0.526706,0.0499903,-1.4032,69943.1
2.2,0.0499903,2,0.526706,0.0499903,-1.4002,74513.7
2.2,0.0499903,2,0.526706,0.0499903,-1.3972,81073.3
2.2,0.0499903,2,0.526706,0.0499903,-1.3942,70791.5
2.2,0.0499903,2,0.526706,0.0499903,-1.3912,87411
2.2,0.0499903,2,0.526706,0.0499903,-1.38819,67174.6
2.2,0.0499903,2,0.526706,0.0499903,-1.38519,68173.3
2.2,0.0499903,2,0.526706,0.0499903,-1.38219,77186.5
2.2,0.0499903,2,0.526706,0.0499903,-1.37919,74560
2.2,0.0499903,2,0.526706,0.0499903,-1.37619,74088.1
2.2,0.0499903,2,0.526706,0.0499903,-1.37319,83672.3
2.2,0.0499903,2,0.526706,0.0499903,-1.37019,67531
2.2,0.0499903,2,0.526706,0.0499903,-1.36718,67914.3
2.2,0.0499903,2,0.526706,0.0499903,-1.36418,85023.3
2.2,0.0499903,2,0.526706,0.0499903,-1.36118,71078.7
2.2,0.0499903,2,0.526706,0.0499903,-1.35818,83158.7
2.2,0.0499903,2,0.526706,0.0499903,-1.35518,74433.9
2.2,0.0499903,2,0.526706,0.0499903,-1.35218,67475.5
2.2,0.0499903,2,0.526706,0.0499903,-1.34917,84902.9
2.2,0.0499903,2,0.526706,0.0499903,-1.34617,77080.7
2.2,0.0499903,2,0.526706,0.0499903,-1.34317,71428.6
2.2,0.0499903,2,0.526706,0.0499903,-1.34017,74837.8
2.2,0.0499903,2,0.526706,0.0499903,-1.33717,72959.2
2.2,0.0499903,2,0.526706,0.0499903,-1.33417,69797.6
2.2,0.0499903,2,0.526706,0.0499903,-1.33117,71415.1
2.2,0.0499903,2,0.526706,0.0499903,-1.32816,69030.6
2.2,0.0499903,2,0.526706,0.0499903,-1.32516,74044.4
2.2,0.0499903,2,0.526706,0.0499903,-1.32216,78206.3
2.2,0.0499903,2,0.526706,0.0499903,-1.31916,76458.3
2.2,0.0499903,2,0.526706,0.0499903,-1.31616,68820.7
2.2,0.0499903,2,0.526706,0.0499903,-1.31316,70976.6
2.2,0.0499903,2,0.526706,0.0499903,-1.31016,71457.9
2.2,0.0499903,2,0.526706,0.0499903,-1.30715,73943.6
2.2,0.0499903,2,0.526706,0.0499903,-1.30415,69327
2.2,0.0499903,2,0.526706,0.0499903,-1.30115,68971.6
2.2,0.0499903,2,0.526706,0.0499903,-1.29815,83147.9
2.2,0.0499903,2,0.526706,0.0499903,-1.29515,71223.2
2.2,0.0499903,2,0.526706,0.0499903,-1.29215,71587.9
2.2,0.0499903,2,0.526706,0.0499903,-1.28914,69201.4
2.2,0.0499903,2,0.526706,0.0499903,-1.28614,74188
2.2,0.0499903,2,0.526706,0.0499903,-1.28314,79104.9
2.2,0.0499903,2,0.526706,0.0499903,-1.28014,68289.1
2.2,0.0499903,2,0.526706,0.0499903,-1.27714,83946.3
2.2,0.0499903,2,0.526706,0.0499903,-1.27414,68886.8
2.2,0.0499903,2,0.526706,0.0499903,-1.27114,69406.2
2.2,0.0499903,2,0.526706,0.0499903,-1.26813,70720.6
2.2,0.0499903,2,0.526706,0.0499903,-1.26513,85679.6
2.2,0.0499903,2,0.526706,0.0499903,-1.26213,68431.7
2.2,0.0499903,2,0.526706,0.0499903,-1.25913,84396.2
2.2,0.0499903,2,0.526706,0.0499903,-1.25613,76598
2.2,0.0499903,2,0.526706,0.0499903,-1.25313,70002.9
2.2,0.0499903,2,0.526706,0.0499903,-1.25013,76339.3
2.2,0.0499903,2,0.526706,0.0499903,-1.24712,80167.5
2.2,0.0499903,2,0.526706,0.0499903,-1.24412,67205.8
2.2,0.0499903,2,0.526706,0.0499903,-1.24112,77504.9
2.2,0.0499903,2,0.526706,0.0499903,-1.23812,82353.5
2.2,0.0499903,2,0.526706,0.0499903,-1.23512,72456.7
2.2,0.0499903,2,0.526706,0.0499903,-1.23212,69227.8
2.2,0.0499903,2,0.526706,0.0499903,-1.22911,69249.3
2.2,0.0499903,2,0.526706,0.0499903,-1.22611,75100.9
2.2,0.0499903,2,0.526706,0.0499903,-1.22311,83624.8
2.2,0.0499903,2,0.526706,0.0499903,-1.22011,80589.3
2.2,0.0499903,2,0.526706,0.0499903,-1.21711,67093.8
2.2,0.0499903,2,0.526706,0.0499903,-1.21411,71229.8
2.2,0.0499903,2,0.526706,0.0499903,-1.21111,78210.5
2.2,0.0499903,2,0.526706,0.0499903,-1.2081,78723.4
2.2,0.0499903,2,0.526706,0.0499903,-1.2051,70259
2.2,0.0499903,2,0.526706,0.0499903,-1.2021,75690.5
2.2,0.0499903,2,0.526706,0.0499903,-1.1991,73395.3
2.2,0.0499903,2,0.526706,0.0499903,-1.1961,78921
2.2,0.0499903,2,0.526706,0.0499903,-1.1931,76288.8
2.2,0.0499903,2,0.526706,0.0499903,-1.1901,74046.3
2.2,0.0499903,2,0.526706,0.0499903,-1.18709,70881.9
2.2,0.0499903,2,0.526706,0.0499903,-1.18409,79666
2.2,0.0499903,2,0.526706,0.0499903,-1.18109,73454.2
2.2,0.0499903,2,0.526706,0.0499903,-1.17809,74295
2.2,0.0499903,2,0.526706,0.0499903,-1.17509,84500.8
2.2,0.0499903,2,0.526706,0.0499903,-1.17209,69794.7
2.2,0.0499903,2,0.526706,0.0499903,-1.16908,71894.8
2.2,0.0499903,2,0.526706,0.0499903,-1.16608,75302.5
2.2,0.0499903,2,0.526706,0.0499903,-1.16308,74321.3
2.2,0.0499903,2,0.526706,0.0499903,-1.16008,76522.7
2.2,0.0499903,2,0.526706,0.0499903,-1.15708,68556.8
2.2,0.0499903,2,0.526706,0.0499903,-1.15408,71939.7
2.2,0.0499903,2,0.526706,0.0499903,-1.15108,74242.3
2.2,0.0499903,2,0.526706,0.0499903,-1.14807,72315.7
2.2,0.0499903,2,0.526706,0.0499903,-1.14507,80052.9
2.2,0.0499903,2,0.526706,0.0499903,-1.14207,68701.4
2.2,0.0499903,2,0.526706,0.0499903,-1.13907,75620.2
2.2,0.0499903,2,0.526706,0.0499903,-1.13607,71652.6
2.2,0.0499903,2,0.526706,0.0499903,-1.13307,67564.4
2.2,0.0499903,2,0.526706,0.0499903,-1.13007,72228.8
2.2,0.0499903,2,0.526706,0.0499903,-1.12706,77757.9
2.2,0.0499903,2,0.526706,0.0499903,-1.12406,81565.2
2.2,0.0499903,2,0.526706,0.0499903,-1.12106,78727.2
2.2,0.0499903,2,0.526706,0.0499903,-1.11806,74615.1
2.2,0.0499903,2,0.526706,0.0499903,-1.11506,75465.1
2.2,0.0499903,2,0.526706,0.0499903,-1.11206,71448.8
2.2,0.0499903,2,0.526706,0.0499903,-1.10905,78816.5
2.2,0.0499903,2,0.526706,0.0499903,-1.10605,75182
2.2,0.0499903,2,0.526706,0.0499903,-1.10305,75876.4
2.2,0.0499903,2,0.526706,0.0499903,-1.10005,71111.2
2.2,0.0499903,2,0.526706,0.0499903,-1.09705,72217.7
2.2,0.0499903,2,0.526706,0.0499903,-1.09405,74320.4
2.2,0.0499903,2,0.526706,0.0499903,-1.09105,81075.4
2.2,0.0499903,2,0.526706,0.0499903,-1.08804,66782.4
2.2,0.0499903,2,0.526706,0.0499903,-1.08504,82339
2.2,0.0499903,2,0.526706,0.0499903,-1.08204,80930.6
2.2,0.0499903,2,0.526706,0.0499903,-1.07904,72459.8
2.2,0.0499903,2,0.526706,0.0499903,-1.07604,68647
2.2,0.0499903,2,0.526706,0.0499903,-1.07304,70554.4
2.2,0.0499903,2,0.526706,0.0499903,-1.07004,69424.1
2.2,0.0499903,2,0.526706,0.0499903,-1.06703,84401.7
2.2,0.0499903,2,0.526706,0.0499903,-1.06403,70015.7
2.2,0.0499903,2,0.526706,0.0499903,-1.06103,77968.7
2.2,0.0499903,2,0.526706,0.0499903,-1.05803,74862.5
2.2,0.0499903,2,0.526706,0.0499903,-1.05503,72372.2
2.2,0.0499903,2,0.526706,0.0499903,-1.05203,67371.9
2.2,0.0499903,2,0.526706,0.0499903,-1.04902,79213.2
2.2,0.0499903,2,0.526706,0.0499903,-1.04602,73631
2.2,0.0499903,2,0.526706,0.0499903,-1.04302,73680.7
2.2,0.0499903,2,0.526706,0.0499903,-1.04002,71665.2
2.2,0.0499903,2,0.526706,0.0499903,-1.03702,75550
2.2,0.0499903,2,0.526706,0.0499903,-1.03402,73698.3
2.2,0.0499903,2,0.526706,0.0499903,-1.03102,73893.3
2.2,0.0499903,2,0.526706,0.0499903,-1.02801,74245.5
2.2,0.0499903,2,0.526706,0.0499903,-1.02501,82845.3
2.2,0.0499903,2,0.526706,0.0499903,-1.02201,76347.8
2.2,0.0499903,2,0.526706,0.0499903,-1.01901,71928.9
2.2,0.0499903,2,0.526706,0.0499903,-1.01601,79980.8
2.2,0.0499903,2,0.526706,0.0499903,-1.01301,76724.3
2.2,0.0499903,2,0.526706,0.0499903,-1.01001,66142.3
2.2,0.0499903,2,0.526706,0.0499903,-1.007,74056.9
2.2,0.0499903,2,0.526706,0.0499903,-1.004,74758.4
2.2,0.0499903,2,0.526706,0.0499903,-1.001,85585.2
2.2,0.0499903,2,0.526706,0.0499903,-0.997999,68303.2
2.2,0.0499903,2,0.526706,0.0499903,-0.994997,75881.4
2.2,0.0499903,2,0.526706,0.0499903,-0.991996,65961.4
2.2,0.0499903,2,0.526706,0.0499903,-0.988994,68541.2
2.2,0.0499903,2,0.526706,0.0499903,-0.985993,77030.5
2.2,0.0499903,2,0.526706,0.0499903,-0.982991,70357.8
2.2,0.0499903,2,0.526706,0.0499903,-0.97999,66562
2.2,0.0499903,2,0.526706,0.0499903,-0.976988,69926.2
2.2,0.0499903,2,0.526706,0.0499903,-0.973987,72512.6
2.2,0.0499903,2,0.526706,0.0499903,-0.970985,70398.2
2.2,0.0499903,2,0.526706,0.0499903,-0.967984,65858.6
2.2,0.0499903,2,0.526706,0.0499903,-0.964982,75192.6
2.2,0.0499903,2,0.526706,0.0499903,-0.961981,69802.1
2.2,0.0499903,2,0.526706,0.0499903,-0.958979,78545.3
2.2,0.0499903,2,0.526706,0.0499903,-0.955978,66712.9
2.2,0.0499903,2,0.526706,0.0499903,-0.952976,79209
2.2,0.0499903,2,0.526706,0.0499903,-0.949975,68540.1
2.2,0.0499903,2,0.526706,0.0499903,-0.946973,69096.9
2.2,0.0499903,2,0.526706,0.0499903,-0.943972,82228.7
2.2,0.0499903,2,0.526706,0.0499903,-0.94097,67358.2
2.2,0.0499903,2,0.526706,0.0499903,-0.937969,68118.2
2.2,0.0499903,2,0.526706,0.0499903,-0.934967,65822.7
2.2,0.0499903,2,0.526706,0.0499903,-0.931966,66317.8
2.2,0.0499903,2,0.526706,0.0499903,-0.928964,76567.5
2.2,0.0499903,2,0.526706,0.0499903,-0.925963,68935.3
2.2,0.0499903,2,0.526706,0.0499903,-0.922961,75615
2.2,0.0499903,2,0.526706,0.0499903,-0.91996,68550.4
2.2,0.0499903,2,0.526706,0.0499903,-0.916958,71760.4
2.2,0.0499903,2,0.526706,0.0499903,-0.913957,66188.1
2.2,0.0499903,2,0.526706,0.0499903,-0.910955,70085.4
2.2,0.0499903,2,0.526706,0.0499903,-0.907954,73670.3
2.2,0.0499903,2,0.526706,0.0499903,-0.904952,65976.9
2.2,0.0499903,2,0.526706,0.0499903,-0.901951,68127.8
2.2,0.0499903,2,0.526706,0.0499903,-0.898949,66731.6
2.2,0.0499903,2,0.526706,0.0499903,-0.895948,66905.2
2.2,0.0499903,2,0.526706,0.0499903,-0.892946,71190.3
2.2,0.0499903,2,0.526706,0.0499903,-0.889945,67033.6
2.2,0.0499903,2,0.526706,0.0499903,-0.886943,64714.3
2.2,0.0499903,2,0.526706,0.0499903,-0.883942,65058.3
2.2,0.0499903,2,0.526706,0.0499903,-0.88094,67135
2.2,0.0499903,2,0.526706,0.0499903,-0.877939,73532.6
2.2,0.0499903,2,0.526706,0.0499903,-0.874937,65503
2.2,0.0499903,2,0.526706,0.0499903,-0.871936,68613.2
2.2,0.0499903,2,0.526706,0.0499903,-0.868934,68170.5
2.2,0.0499903,2,0.526706,0.0499903,-0.865933,71654.5
2.2,0.0499903,2,0.526706,0.0499903,-0.862931,75233.5
2.2,0.0499903,2,0.526706,0.0499903,-0.85993,71170
2.2,0.0499903,2,0.526706,0.0499903,-0.856928,80469.2
2.2,0.0499903,2,0.526706,0.0499903,-0.853927,78959.7
2.2,0.0499903,2,0.526706,0.0499903,-0.850925,83447.7
2.2,0.0499903,2,0.526706,0.0499903,-0.847924,75643.3
2.2,0.0499903,2,0.526706,0.0499903,-0.844922,72497.9
2.2,0.0499903,2,0.526706,0.0499903,-0.841921,73036.3
2.2,0.0499903,2,0.526706,0.0499903,-0.838919,72149.1
2.2,0.0499903,2,0.526706,0.0499903,-0.835918,80590.2
2.2,0.0499903,2,0.526706,0.0499903,-0.832916,71335.1
2.2,0.0499903,2,0.526706,0.0499903,-0.829915,67062.8
2.2,0.0499903,2,0.526706,0.0499903,-0.826913,67638.6
2.2,0.0499903,2,0.526706,0.0499903,-0.823912,72976.1
2.2,0.0499903,2,0.526706,0.0499903,-0.82091,67627.8
2.2,0.0499903,2,0.526706,0.0499903,-0.817909,72796.2
2.2,0.0499903,2,0.526706,0.0499903,-0.814907,67020.3
2.2,0.0499903,2,0.526706,0.0499903,-0.811906,74466.1
2.2,0.0499903,2,0.526706,0.0499903,-0.808904,71658.8
2.2,0.0499903,2,0.526706,0.0499903,-0.805903,70959.8
2.2,0.0499903,2,0.526706,0.0499903,-0.802901,63732.2
2.2,0.0499903,2,0.526706,0.0499903,-0.7999,77208.5
2.2,0.0499903,2,0.526706,0.0499903,-0.796898,67549.3
2.2,0.0499903,2,0.526706,0.0499903,-0.793897,72961.5
2.2,0.0499903,2,0.526706,0.0499903,-0.790895,68776.8
2.2,0.0499903,2,0.526706,0.0499903,-0.787894,70808.3
2.2,0.0499903,2,0.526706,0.0499903,-0.784892,72139.9
2.2,0.0499903,2,0.526706,0.0499903,-0.781891,62983.5
2.2,0.0499903,2,0.526706,0.0499903,-0.778889,64645
2.2,0.0499903,2,0.526706,0.0499903,-0.775888,75006.6
2.2,0.0499903,2,0.526706,0.0499903,-0.772886,68602.9
2.2,0.0499903,2,0.526706,0.0499903,-0.769885,66247.2
2.2,0.0499903,2,0.526706,0.0499903,-0.766883,63846
2.2,0.0499903,2,0.526706,0.0499903,-0.763882,80087.8
2.2,0.0499903,2,0.526706,0.0499903,-0.76088,66545.3
2.2,0.0499903,2,0.526706,0.0499903,-0.757879,79893.8
2.2,0.0499903,2,0.526706,0.0499903,-0.754877,69072
2.2,0.0499903,2,0.526706,0.0499903,-0.751876,72165.3
2.2,0.0499903,2,0.526706,0.0499903,-0.748874,68477.9
2.2,0.0499903,2,0.526706,0.0499903,-0.745873,63787.8
2.2,0.0499903,2,0.526706,0.0499903,-0.742871,74716.2
2.2,0.0499903,2,0.526706,0.0499903,-0.73987,65504.2
2.2,0.0499903,2,0.526706,0.0499903,-0.736868,71754.8
2.2,0.0499903,2,0.526706,0.0499903,-0.733867,72422.3
2.2,0.0499903,2,0.526706,0.0499903,-0.730865,77977.3
2.2,0.0499903,2,0.526706,0.0499903,-0.727864,67893.7
2.2,0.0499903,2,0.526706,0.0499903,-0.724862,64078.5
2.2,0.0499903,2,0.526706,0.0499903,-0.721861,68446.3
2.2,0.0499903,2,0.526706,0.0499903,-0.718859,63215.8
2.2,0.0499903,2,0.526706,0.0499903,-0.715858,72504.3
2.2,0.0499903,2,0.526706,0.0499903,-0.712856,74780.4
2.2,0.0499903,2,0.526706,0.0499903,-0.709855,66368.8
2.2,0.0499903,2,0.526706,0.0499903,-0.706853,65468.7
2.2,0.0499903,2,0.526706,0.0499903,-0.703852,79511.9
2.2,0.0499903,2,0.526706,0.0499903,-0.70085,77305.7
2.2,0.0499903,2,0.526706,0.0499903,-0.697849,68180.9
2.2,0.0499903,2,0.526706,0.0499903,-0.694847,70709.5
2.2,0.0499903,2,0.526706,0.0499903,-0.691846,69066.9
2.2,0.0499903,2,0.526706,0.0499903,-0.688844,73436.3
2.2,0.0499903,2,0.526706,0.0499903,-0.685843,60990.9
2.2,0.0499903,2,0.526706,0.0499903,-0.682841,62794.6
2.2,0.0499903,2,0.526706,0.0499903,-0.67984,69069.2
2.2,0.0499903,2,0.526706,0.0499903,-0.676838,71241.3
2.2,0.0499903,2,0.526706,0.0499903,-0.673837,66067
2.2,0.0499903,2,0.526706,0.0499903,-0.670835,64943
2.2,0.0499903,2,0.526706,0.0499903,-0.667834,64240.9
2.2,0.0499903,2,0.526706,0.0499903,-0.664832,74939.3
2.2,0.0499903,2,0.526706,0.0499903,-0.661831,69329.1
2.2,0.0499903,2,0.526706,0.0499903,-0.658829,67360.6
2.2,0.0499903,2,0.526706,0.0499903,-0.655828,63046.6
2.2,0.0499903,2,0.526706,0.0499903,-0.652826,64701.3
2.2,0.0499903,2,0.526706,0.0499903,-0.649825,62137.6
2.2,0.0499903,2,0.526706,0.0499903,-0.646823,66623.1
2.2,0.0499903,2,0.526706,0.0499903,-0.643822,61605.9
2.2,0.0499903,2,0.526706,0.0499903,-0.64082,68101.3
2.2,0.0499903,2,0.526706,0.0499903,-0.637819,67355.8
2.2,0.0499903,2,0.526706,0.0499903,-0.634817,57480
2.2,0.0499903,2,0.526706,0.0499903,-0.631816,58746.9
2.2,0.0499903,2,0.526706,0.0499903,-0.628814,71728.1
2.2,0.0499903,2,0.526706,0.0499903,-0.625813,61118.8
2.2,0.0499903,2,0.526706,0.0499903,-0.622811,59277.6
2.2,0.0499903,2,0.526706,0.0499903,-0.61981,70375
2.2,0.0499903,2,0.526706,0.0499903,-0.616808,72503.7
2.2,0.0499903,2,0.526706,0.0499903,-0.613807,56985.8
2.2,0.0499903,2,0.526706,0.0499903,-0.610805,64952.7
2.2,0.0499903,2,0.526706,0.0499903,-0.607804,64969.6
2.2,0.0499903,2,0.526706,0.0499903,-0.604802,55348.4
2.2,0.0499903,2,0.526706,0.0499903,-0.601801,58591.4
2.2,0.0499903,2,0.526706,0.0499903,-0.598799,59934.1
2.2,0.0499903,2,0.526706,0.0499903,-0.595798,52766.7
2.2,0.0499903,2,0.526706,0.0499903,-0.592796,49709.1
2.2,0.0499903,2,0.526706,0.0499903,-0.589795,49231.4
2.2,0.0499903,2,0.526706,0.0499903,-0.586793,-57958.4
2.2,0.0499903,2,0.526706,0.0499903,-0.583792,-54985.9
2.2,0.0499903,2,0.526706,0.0499903,-0.58079,-58451.2
2.2,0.0499903,2,0.526706,0.0499903,-0.577789,-64495.8
2.2,0.0499903,2,0.526706,0.0499903,-0.574787,-54859.1
2.2,0.0499903,2,0.526706,0.0499903,-0.571786,-59900.9
2.2,0.0499903,2,0.526706,0.0499903,-0.568784,-61437.4
2.2,0.0499903,2,0.526706,0.0499903,-0.565783,-64460
2.2,0.0499903,2,0.526706,0.0499903,-0.562781,-56440.1
2.2,0.0499903,2,0.526706,0.0499903,-0.55978,-65997.4
2.2,0.0499903,2,0.526706,0.0499903,-0.556778,-56940.4
2.2,0.0499903,2,0.526706,0.0499903,-0.553777,-59146.2
2.2,0.0499903,2,0.526706,0.0499903,-0.550775,-59238.2
2.2,0.0499903,2,0.526706,0.0499903,-0.547774,-60338.8
2.2,0.0499903,2,0.526706,0.0499903,-0.544772,-58178.9
2.2,0.0499903,2,0.526706,0.0499903,-0.541771,-60986.8
2.2,0.0499903,2,0.526706,0.0499903,-0.538769,-62123.8
2.2,0.0499903,2,0.526706,0.0499903,-0.535768,-60044.7
2.2,0.0499903,2,0.526706,0.0499903,-0.532766,-73052.9
2.2,0.0499903,2,0.526706,0.0499903,-0.529765,-63040.5
2.2,0.0499903,2,0.526706,0.0499903,-0.526763,-61760
2.2,0.0499903,2,0.526706,0.0499903,-0.523762,-76278
2.2,0.0499903,2,0.526706,0.0499903,-0.52076,-59832
2.2,0.0499903,2,0.526706,0.0499903,-0.517759,-63733.5
2.2,0.0499903,2,0.526706,0.0499903,-0.514757,-66671.8
2.2,0.0499903,2,0.526706,0.0499903,-0.511756,-62596.1
2.2,0.0499903,2,0.526706,0.0499903,-0.508754,-68832.9
2.2,0.0499903,2,0.526706,0.0499903,-0.505753,-66056.2
2.2,0.0499903,2,0.526706,0.0499903,-0.502751,-73251.2
2.2,0.0499903,2,0.526706,0.0499903,-0.49975,-66607.9
2.2,0.0499903,2,0.526706,0.0499903,-0.496748,-65883
2.2,0.0499903,2,0.526706,0.0499903,-0.493747,-68739.2
2.2,0.0499903,2,0.526706,0.0499903,-0.490745,-68007.9
2.2,0.0499903,2,0.526706,0.0499903,-0.487744,-70964.5
2.2,0.0499903,2,0.526706,0.0499903,-0.484742,-62123.2
2.2,0.0499903,2,0.526706,0.0499903,-0.481741,-64462
2.2,0.0499903,2,0.526706,0.0499903,-0.478739,-75288.9
2.2,0.0499903,2,0.526706,0.0499903,-0.475738,-61002.9
2.2,0.0499903,2,0.526706,0.0499903,-0.472736,-63894.6
2.2,0.0499903,2,0.526706,0.0499903,-0.469735,-75400.3
2.2,0.0499903,2,0.526706,0.0499903,-0.466733,-74286.8
2.2,0.0499903,2,0.526706,0.0499903,-0.463732,-64412.9
2.2,0.0499903,2,0.526706,0.0499903,-0.46073,-67465.7
2.2,0.0499903,2,0.526706,0.0499903,-0.457729,-67117.3
2.2,0.0499903,2,0.526706,0.0499903,-0.454727,-66148.2
2.2,0.0499903,2,0.526706,0.0499903,-0.451726,-68748.5
2.2,0.0499903,2,0.526706,0.0499903,-0.448724,-65810.3
2.2,0.0499903,2,0.526706,0.0499903,-0.445723,-64149.2
2.2,0.0499903,2,0.526706,0.0499903,-0.442721,-69058.5
2.2,0.0499903,2,0.526706,0.0499903,-0.43972,-65950.7
2.2,0.0499903,2,0.526706,0.0499903,-0.436718,-69223.7
2.2,0.0499903,2,0.526706,0.0499903,-0.433717,-81208.1
2.2,0.0499903,2,0.526706,0.0499903,-0.430715,-72704.1
2.2,0.0499903,2,0.526706,0.0499903,-0.427714,-71066.9
2.2,0.0499903,2,0.526706,0.0499903,-0.424712,-69677.1
2.2,0.0499903,2,0.526706,0.0499903,-0.421711,-72743.3
2.2,0.0499903,2,0.526706,0.0499903,-0.418709,-70594.7
2.2,0.0499903,2,0.526706,0.0499903,-0.415708,-68192.2
2.2,0.0499903,2,0.526706,0.0499903,-0.412706,-68004.1
2.2,0.0499903,2,0.526706,0.0499903,-0.409705,-75207.7
2.2,0.0499903,2,0.526706,0.0499903,-0.406703,-63639.8
2.2,0.0499903,2,0.526706,0.0499903,-0.403702,-73129.6
2.2,0.0499903,2,0.526706,0.0499903,-0.4007,-75495.8
2.2,0.0499903,2,0.526706,0.0499903,-0.397699,-76744.1
2.2,0.0499903,2,0.526706,0.0499903,-0.394697,-73747.6
2.2,0.0499903,2,0.526706,0.0499903,-0.391696,-74332
2.2,0.0499903,2,0.526706,0.0499903,-0.388694,-73894.6
2.2,0.0499903,2,0.526706,0.0499903,-0.385693,-71840.5
2.2,0.0499903,2,0.526706,0.0499903,-0.382691,-65747.4
2.2,0.0499903,2,0.526706,0.0499903,-0.37969,-73323.7
2.2,0.0499903,2,0.526706,0.0499903,-0.376688,-76182.5
2.2,0.0499903,2,0.526706,0.0499903,-0.373687,-68734.3
2.2,0.0499903,2,0.526706,0.0499903,-0.370685,-68194.4
2.2,0.0499903,2,0.526706,0.0499903,-0.367684,-75669.6
2.2,0.0499903,2,0.526706,0.0499903,-0.364682,-75136.1
2.2,0.0499903,2,0.526706,0.0499903,-0.361681,-69086
2.2,0.0499903,2,0.526706,0.0499903,-0.358679,-67561.4
2.2,0.0499903,2,0.526706,0.0499903,-0.355678,-75060.2
2.2,0.0499903,2,0.526706,0.0499903,-0.352676,-66334.3
2.2,0.0499903,2,0.526706,0.0499903,-0.349675,-67736
2.2,0.0499903,2,0.526706,0.0499903,-0.346673,-69909.9
2.2,0.0499903,2,0.526706,0.0499903,-0.343672,-78888.3
2.2,0.0499903,2,0.526706,0.0499903,-0.34067,-72260.6
2.2,0.0499903,2,0.526706,0.0499903,-0.337669,-76309.7
2.2,0.0499903,2,0.526706,0.0499903,-0.334667,-68232.5
2.2,0.0499903,2,0.526706,0.0499903,-0.331666,-67488.4
2.2,0.0499903,2,0.526706,0.0499903,-0.328664,-67820.9
2.2,0.0499903,2,0.526706,0.0499903,-0.325663,-74729.8
2.2,0.0499903,2,0.526706,0.0499903,-0.322661,-71537.2
2.2,0.0499903,2,0.526706,0.0499903,-0.31966,-73817
2.2,0.0499903,2,0.526706,0.0499903,-0.316658,-66712.6
2.2,0.0499903,2,0.526706,0.0499903,-0.313657,-66102.6
2.2,0.0499903,2,0.526706,0.0499903,-0.310655,-67604.3
2.2,0.0499903,2,0.526706,0.0499903,-0.307654,-76946.4
2.2,0.0499903,2,0.526706,0.0499903,-0.304652,-67847
2.2,0.0499903,2,0.526706,0.0499903,-0.301651,-72329.6
2.2,0.0499903,2,0.526706,0.0499903,-0.298649,-72386
2.2,0.0499903,2,0.526706,0.0499903,-0.295648,-69103.9
2.2,0.0499903,2,0.526706,0.0499903,-0.292646,-67522.9
2.2,0.0499903,2,0.526706,0.0499903,-0.289645,-72560.8
2.2,0.0499903,2,0.526706,0.0499903,-0.286643,-72006.6
2.2,0.0499903,2,0.526706,0.0499903,-0.283642,-74227.3
2.2,0.0499903,2,0.526706,0.0499903,-0.28064,-69216.5
2.2,0.0499903,2,0.526706,0.0499903,-0.277639,-75139.9
2.2,0.0499903,2,0.526706,0.0499903,-0.274637,-74135.1
2.2,0.0499903,2,0.526706,0.0499903,-0.271636,-74575.4
2.2,0.0499903,2,0.526706,0.0499903,-0.268634,-71152.1
2.2,0.0499903,2,0.526706,0.0499903,-0.265633,-67378
2.2,0.0499903,2,0.526706,0.0499903,-0.262631,-81735.9
2.2,0.0499903,2,0.526706,0.0499903,-0.25963,-68433.2
2.2,0.0499903,2,0.526706,0.0499903,-0.256628,-76987.9
2.2,0.0499903,2,0.526706,0.0499903,-0.253627,-78538.1
2.2,0.0499903,2,0.526706,0.0499903,-0.250625,-67050.5
2.2,0.0499903,2,0.526706,0.0499903,-0.247624,-78473.5
2.2,0.0499903,2,0.526706,0.0499903,-0.244622,-79617.8
2.2,0.0499903,2,0.526706,0.0499903,-0.241621,-66629.2
2.2,0.0499903,2,0.526706,0.0499903,-0.238619,-66934.6
2.2,0.0499903,2,0.526706,0.0499903,-0.235618,-70098.4
2.2,0.0499903,2,0.526706,0.0499903,-0.232616,-74913.4
2.2,0.0499903,2,0.526706,0.0499903,-0.229615,-68685.1
2.2,0.0499903,2,0.526706,0.0499903,-0.226613,-78221.7
2.2,0.0499903,2,0.526706,0.0499903,-0.223612,-83894.5
2.2,0.0499903,2,0.526706,0.0499903,-0.22061,-78997.5
2.2,0.0499903,2,0.526706,0.0499903,-0.217609,-70951.8
2.2,0.0499903,2,0.526706,0.0499903,-0.214607,-68668.9
2.2,0.0499903,2,0.526706,0.0499903,-0.211606,-81430.1
2.2,0.0499903,2,0.526706,0.0499903,-0.208604,-72976.2
2.2,0.0499903,2,0.526706,0.0499903,-0.205603,-78585.6
2.2,0.0499903,2,0.526706,0.0499903,-0.202601,-71162
2.2,0.0499903,2,0.526706,0.0499903,-0.1996,-72778.6
2.2,0.0499903,2,0.526706,0.0499903,-0.196598,-74064.3
2.2,0.0499903,2,0.526706,0.0499903,-0.193597,-75089.7
2.2,0.0499903,2,0.526706,0.0499903,-0.190595,-70825.1
2.2,0.0499903,2,0.526706,0.0499903,-0.187594,-72303.6
2.2,0.0499903,2,0.526706,0.0499903,-0.184592,-74654.3
2.2,0.0499903,2,0.526706,0.0499903,-0.181591,-80858.4
2.2,0.0499903,2,0.526706,0.0499903,-0.178589,-77694.5
2.2,0.0499903,2,0.526706,0.0499903,-0.175588,-77180.1
2.2,0.0499903,2,0.526706,0.0499903,-0.172586,-79169.1
2.2,0.0499903,2,0.526706,0.0499903,-0.169585,-67644.6
2.2,0.0499903,2,0.526706,0.0499903,-0.166583,-67439.2
2.2,0.0499903,2,0.526706,0.0499903,-0.163582,-75717.4
2.2,0.0499903,2,0.526706,0.0499903,-0.16058,-68046.2
2.2,0.0499903,2,0.526706,0.0499903,-0.157579,-83983.4
2.2,0.0499903,2,0.526706,0.0499903,-0.154577,-72691.4
2.2,0.0499903,2,0.526706,0.0499903,-0.151576,-70393.8
2.2,0.0499903,2,0.526706,0.0499903,-0.148574,-78786.3
2.2,0.0499903,2,0.526706,0.0499903,-0.145573,-71073.1
2.2,0.0499903,2,0.526706,0.0499903,-0.142571,-76248.4
2.2,0.0499903,2,0.526706,0.0499903,-0.13957,-68718.9
2.2,0.0499903,2,0.526706,0.0499903,-0.136568,-79127.8
2.2,0.0499903,2,0.526706,0.0499903,-0.133567,-75291.5
2.2,0.0499903,2,0.526706,0.0499903,-0.130565,-68502.4
2.2,0.0499903,2,0.526706,0.0499903,-0.127564,-82120.2
2.2,0.0499903,2,0.526706,0.0499903,-0.124562,-71860.7
2.2,0.0499903,2,0.526706,0.0499903,-0.121561,-69351.4
2.2,0.0499903,2,0.526706,0.0499903,-0.118559,-75270.3
2.2,0.0499903,2,0.526706,0.0499903,-0.115558,-74694.6
2.2,0.0499903,2,0.526706,0.0499903,-0.112556,-71933.9
2.2,0.0499903,2,0.526706,0.0499903,-0.109555,-75824.3
2.2,0.0499903,2,0.526706,0.0499903,-0.106553,-80583.5
2.2,0.0499903,2,0.526706,0.0499903,-0.103552,-72708.5
2.2,0.0499903,2,0.526706,0.0499903,-0.10055,-76780.3
2.2,0.0499903,2,0.526706,0.0499903,-0.0975488,-79798.7
2.2,0.0499903,2,0.526706,0.0499903,-0.0945473,-85113.1
2.2,0.0499903,2,0.526706,0.0499903,-0.0915458,-76405.3
2.2,0.0499903,2,0.526706,0.0499903,-0.0885443,-73275
2.2,0.0499903,2,0.526706,0.0499903,-0.0855428,-77280.2
2.2,0.0499903,2,0.526706,0.0499903,-0.0825413,-72182.7
2.2,0.0499903,2,0.526706,0.0499903,-0.0795398,-74279.9
2.2,0.0499903,2,0.526706,0.0499903,-0.0765383,-75948.1
2.2,0.0499903,2,0.526706,0.0499903,-0.0735368,-71790.6
2.2,0.0499903,2,0.526706,0.0499903,-0.0705353,-76175.1
2.2,0.0499903,2,0.526706,0.0499903,-0.0675338,-70215
2.2,0.0499903,2,0.526706,0.0499903,-0.0645323,-71685.1
2.2,0.0499903,2,0.526706,0.0499903,-0.0615308,-83100.9
2.2,0.0499903,2,0.526706,0.0499903,-0.0585293,-74354.7
2.2,0.0499903,2,0.526706,0.0499903,-0.0555278,-73047.7
2.2,0.0499903,2,0.526706,0.0499903,-0.0525263,-69108.6
2.2,0.0499903,2,0.526706,0.0499903,-0.0495248,-69221.4
2.2,0.0499903,2,0.526706,0.0499903,-0.0465233,-70028.2
2.2,0.0499903,2,0.526706,0.0499903,-0.0435218,-74433.8
2.2,0.0499903,2,0.526706,0.0499903,-0.0405203,-80271
2.2,0.0499903,2,0.526706,0.0499903,-0.0375188,-72155
2.2,0.0499903,2,0.526706,0.0499903,-0.0345173,-74351.2
2.2,0.0499903,2,0.526706,0.0499903,-0.0315158,-74724.3
2.2,0.0499903,2,0.526706,0.0499903,-0.0285143,-78874.6
2.2,0.0499903,2,0.526706,0.0499903,-0.0255128,-85497.7
2.2,0.0499903,2,0.526706,0.0499903,-0.0225113,-87844.1
2.2,0.0499903,2,0.526706,0.0499903,-0.0195098,-78827.4
2.2,0.0499903,2,0.526706,0.0499903,-0.0165083,-82991.2
2.2,0.0499903,2,0.526706,0.0499903,-0.0135068,-75107
2.2,0.0499903,2,0.526706,0.0499903,-0.0105053,-69726.3
2.2,0.0499903,2,0.526706,0.0499903,-0.00750375,-82418.7
2.2,0.0499903,2,0.526706,0.0499903,-0.00450225,-73050.4
2.2,0.0499903,2,0.526706,0.0499903,-0.00150075,-83903.4
2.2,0.0499903,2,0.526706,0.0499903,0.00150075,-76959.1
2.2,0.0499903,2,0.526706,0.0499903,0.00450225,-80551.8
2.2,0.0499903,2,0.526706,0.0499903,0.00750375,-81605.5
2.2,0.0499903,2,0.526706,0.0499903,0.0105053,-90670.7
2.2,0.0499903,2,0.526706,0.0499903,0.0135068,-73959.2
2.2,0.0499903,2,0.526706,0.0499903,0.0165083,-81882.3
2.2,0.0499903,2,0.526706,0.0499903,0.0195098,-78689.7
2.2,0.0499903,2,0.526706,0.0499903,0.0225113,-69998.5
2.2,0.0499903,2,0.526706,0.0499903,0.0255128,-77288
2.2,0.0499903,2,0.526706,0.0499903,0.0285143,-75073.9
2.2,0.0499903,2,0.526706,0.0499903,0.0315158,-78249.1
2.2,0.0499903,2,0.526706,0.0499903,0.0345173,-73192.1
2.2,0.0499903,2,0.526706,0.0499903,0.0375188,-72520.2
2.2,0.0499903,2,0.526706,0.0499903,0.0405203,-71344.5
2.2,0.0499903,2,0.526706,0.0499903,0.0435218,-74954.1
2.2,0.0499903,2,0.526706,0.0499903,0.0465233,-69539.7
2.2,0.0499903,2,0.526706,0.0499903,0.0495248,-72984.8
2.2,0.0499903,2,0.526706,0.0499903,0.0525263,-76755
2.2,0.0499903,2,0.526706,0.0499903,0.0555278,-77274.3
2.2,0.0499903,2,0.526706,0.0499903,0.0585293,-71076.8
2.2,0.0499903,2,0.526706,0.0499903,0.0615308,-75177.8
2.2,0.0499903,2,0.526706,0.0499903,0.0645323,-75515.6
2.2,0.0499903,2,0.526706,0.0499903,0.0675338,-81254.4
2.2,0.0499903,2,0.526706,0.0499903,0.0705353,-71870.6
2.2,0.0499903,2,0.526706,0.0499903,0.0735368,-79686.4
2.2,0.0499903,2,0.526706,0.0499903,0.0765383,-70096.1
2.2,0.0499903,2,0.526706,0.0499903,0.0795398,-71714.1
2.2,0.0499903,2,0.526706,0.0499903,0.0825413,-87054.7
2.2,0.0499903,2,0.526706,0.0499903,0.0855428,-78332.5
2.2,0.0499903,2,0.526706,0.0499903,0.0885443,-74364.7
2.2,0.0499903,2,0.526706,0.0499903,0.0915458,-69541.5
2.2,0.0499903,2,0.526706,0.0499903,0.0945473,-76074.7
2.2,0.0499903,2,0.526706,0.0499903,0.0975488,-83160.4
2.2,0.0499903,2,0.526706,0.0499903,0.10055,-87053.7
2.2,0.0499903,2,0.526706,0.0499903,0.103552,-69935.5
2.2,0.0499903,2,0.526706,0.0499903,0.106553,-79804.4
2.2,0.0499903,2,0.526706,0.0499903,0.109555,-70395
2.2,0.0499903,2,0.526706,0.0499903,0.112556,-83689.7
2.2,0.0499903,2,0.526706,0.0499903,0.115558,-82008.9
2.2,0.0499903,2,0.526706,0.0499903,0.118559,-82590.4
2.2,0.0499903,2,0.526706,0.0499903,0.121561,-70604
2.2,0.0499903,2,0.526706,0.0499903,0.124562,-83000.9
2.2,0.0499903,2,0.526706,0.0499903,0.127564,-69318.9
2.2,0.0499903,2,0.526706,0.0499903,0.130565,-78274.2
2.2,0.0499903,2,0.526706,0.0499903,0.133567,-84260.3
2.2,0.0499903,2,0.526706,0.0499903,0.136568,-73461
2.2,0.0499903,2,0.526706,0.0499903,0.13957,-70481.1
2.2,0.0499903,2,0.526706,0.0499903,0.142571,-76524.1
2.2,0.0499903,2,0.526706,0.0499903,0.145573,-77303.8
2.2,0.0499903,2,0.526706,0.0499903,0.148574,-72583.1
2.2,0.0499903,2,0.526706,0.0499903,0.151576,-78260.2
2.2,0.0499903,2,0.526706,0.0499903,0.154577,-78372.1
2.2,0.0499903,2,0.526706,0.0499903,0.157579,-69557.9
2.2,0.0499903,2,0.526706,0.0499903,0.16058,-83524
2.2,0.0499903,2,0.526706,0.0499903,0.163582,-79845.6
2.2,0.0499903,2,0.526706,0.0499903,0.166583,-76457
2.2,0.0499903,2,0.526706,0.0499903,0.169585,-73388.8
2.2,0.0499903,2,0.526706,0.0499903,0.172586,-78406
2.2,0.0499903,2,0.526706,0.0499903,0.175588,-78147.9
2.2,0.0499903,2,0.526706,0.0499903,0.178589,-74696.1
2.2,0.0499903,2,0.526706,0.0499903,0.181591,-79261.7
2.2,0.0499903,2,0.526706,0.0499903,0.184592,-75870.4
2.2,0.0499903,2,0.526706,0.0499903,0.187594,-72877.2
2.2,0.0499903,2,0.526706,0.0499903,0.190595,-76123.9
2.2,0.0499903,2,0.526706,0.0499903,0.193597,-87766.1
2.2,0.0499903,2,0.526706,0.0499903,0.196598,-75806.8
2.2,0.0499903,2,0.526706,0.0499903,0.1996,-80319.9
2.2,0.0499903,2,0.526706,0.0499903,0.202601,-72179.8
2.2,0.0499903,2,0.526706,0.0499903,0.205603,-73215.3
2.2,0.0499903,2,0.526706,0.0499903,0.208604,-72547.5
2.2,0.0499903,2,0.526706,0.0499903,0.211606,-73845
2.2,0.0499903,2,0.526706,0.0499903,0.214607,-72060.8
2.2,0.0499903,2,0.526706,0.0499903,0.217609,-71916
2.2,0.0499903,2,0.526706,0.0499903,0.22061,-74622
2.2,0.0499903,2,0.526706,0.0499903,0.223612,-72012.6
2.2,0.0499903,2,0.526706,0.0499903,0.226613,-88047.3
2.2,0.0499903,2,0.526706,0.0499903,0.229615,-75884.5
2.2,0.0499903,2,0.526706,0.0499903,0.232616,-74240.5
2.2,0.0499903,2,0.526706,0.0499903,0.235618,-86490.2
2.2,0.0499903,2,0.526706,0.0499903,0.238619,-83191.1
2.2,0.0499903,2,0.526706,0.0499903,0.241621,-72941.2
2.2,0.0499903,2,0.526706,0.0499903,0.244622,-71604.4
2.2,0.0499903,2,0.526706,0.0499903,0.247624,-72095.8
2.2,0.0499903,2,0.526706,0.0499903,0.250625,-71197.5
2.2,0.0499903,2,0.526706,0.0499903,0.253627,-79057.1
2.2,0.0499903,2,0.526706,0.0499903,0.256628,-85647.9
2.2,0.0499903,2,0.526706,0.0499903,0.25963,-84879.2
2.2,0.0499903,2,0.526706,0.0499903,0.262631,-80513.4
2.2,0.0499903,2,0.526706,0.0499903,0.265633,-75091.8
2.2,0.0499903,2,0.526706,0.0499903,0.268634,-73791
2.2,0.0499903,2,0.526706,0.0499903,0.271636,-79685.1
2.2,0.0499903,2,0.526706,0.0499903,0.274637,-84423.5
2.2,0.0499903,2,0.526706,0.0499903,0.277639,-83380.3
2.2,0.0499903,2,0.526706,0.0499903,0.28064,-72403.6
2.2,0.0499903,2,0.526706,0.0499903,0.283642,-83035.8
2.2,0.0499903,2,0.526706,0.0499903,0.286643,-73903.4
2.2,0.0499903,2,0.526706,0.0499903,0.289645,-78248.7
2.2,0.0499903,2,0.526706,0.0499903,0.292646,-73392.7
2.2,0.0499903,2,0.526706,0.0499903,0.295648,-84870
2.2,0.0499903,2,0.526706,0.0499903,0.298649,-80624.8
2.2,0.0499903,2,0.526706,0.0499903,0.301651,-79522.4
2.2,0.0499903,2,0.526706,0.0499903,0.304652,-79161.8
2.2,0.0499903,2,0.526706,0.0499903,0.307654,-72549.8
2.2,0.0499903,2,0.526706,0.0499903,0.310655,-75843
2.2,0.0499903,2,0.526706,0.0499903,0.313657,-74634.7
2.2,0.0499903,2,0.526706,0.0499903,0.316658,-70195.9
2.2,0.0499903,2,0.526706,0.0499903,0.31966,-84293.9
2.2,0.0499903,2,0.526706,0.0499903,0.322661,-70083.7
2.2,0.0499903,2,0.526706,0.0499903,0.325663,-74340.5
2.2,0.0499903,2,0.526706,0.0499903,0.328664,-85101.1
2.2,0.0499903,2,0.526706,0.0499903,0.331666,-80708.4
2.2,0.0499903,2,0.526706,0.0499903,0.334667,-84442.8
2.2,0.0499903,2,0.526706,0.0499903,0.337669,-81160.3
2.2,0.0499903,2,0.526706,0.0499903,0.34067,-85329.6
2.2,0.0499903,2,0.526706,0.0499903,0.343672,-74993.8
2.2,0.0499903,2,0.526706,0.0499903,0.346673,-80793
2.2,0.0499903,2,0.526706,0.0499903,0.349675,-84386.9
2.2,0.0499903,2,0.526706,0.0499903,0.352676,-70615.9
2.2,0.0499903,2,0.526706,0.0499903,0.355678,-78524.8
2.2,0.0499903,2,0.526706,0.0499903,0.358679,-72660.6
2.2,0.0499903,2,0.526706,0.0499903,0.361681,-74445
2.2,0.0499903,2,0.526706,0.0499903,0.364682,-88474.4
2.2,0.0499903,2,0.526706,0.0499903,0.367684,-71898.5
2.2,0.0499903,2,0.526706,0.0499903,0.370685,-75047.6
2.2,0.0499903,2,0.526706,0.0499903,0.373687,-86823.1
2.2,0.0499903,2,0.526706,0.0499903,0.376688,-68936.4
2.2,0.0499903,2,0.526706,0.0499903,0.37969,-72104.3
2.2,0.0499903,2,0.526706,0.0499903,0.382691,-81826.3
2.2,0.0499903,2,0.526706,0.0499903,0.385693,-71042.7
2.2,0.0499903,2,0.526706,0.0499903,0.388694,-75901.5
2.2,0.0499903,2,0.526706,0.0499903,0.391696,-71147
2.2,0.0499903,2,0.526706,0.0499903,0.394697,-78173.1
2.2,0.0499903,2,0.526706,0.0499903,0.397699,-75617.6
2.2,0.0499903,2,0.526706,0.0499903,0.4007,-73533.2
2.2,0.0499903,2,0.526706,0.0499903,0.403702,-70735.2
2.2,0.0499903,2,0.526706,0.0499903,0.406703,-81329.1
2.2,0.0499903,2,0.526706,0.0499903,0.409705,-74944.7
2.2,0.0499903,2,0.526706,0.0499903,0.412706,-68276.8
2.2,0.0499903,2,0.526706,0.0499903,0.415708,-74342.5
2.2,0.0499903,2,0.526706,0.0499903,0.418709,-67949
2.2,0.0499903,2,0.526706,0.0499903,0.421711,-81217.2
2.2,0.0499903,2,0.526706,0.0499903,0.424712,-78421.7
2.2,0.0499903,2,0.526706,0.0499903,0.427714,-81156.3
2.2,0.0499903,2,0.526706,0.0499903,0.430715,-67753.5
2.2,0.0499903,2,0.526706,0.0499903,0.433717,-77897.5
2.2,0.0499903,2,0.526706,0.0499903,0.436718,-77629.8
2.2,0.0499903,2,0.526706,0.0499903,0.43972,-84942.9
2.2,0.0499903,2,0.526706,0.0499903,0.442721,-72145.9
2.2,0.0499903,2,0.526706,0.0499903,0.445723,-77550.7
2.2,0.0499903,2,0.526706,0.0499903,0.448724,-78368.6
2.2,0.0499903,2,0.526706,0.0499903,0.451726,-70707.2
2.2,0.0499903,2,0.526706,0.0499903,0.454727,-67550.4
2.2,0.0499903,2,0.526706,0.0499903,0.457729,-79631.5
2.2,0.0499903,2,0.526706,0.0499903,0.46073,-69247.3
2.2,0.0499903,2,0.526706,0.0499903,0.463732,-71394.6
2.2,0.0499903,2,0.526706,0.0499903,0.466733,-87233.6
2.2,0.0499903,2,0.526706,0.0499903,0.469735,-75101.3
2.2,0.0499903,2,0.526706,0.0499903,0.472736,-73855.1
2.2,0.0499903,2,0.526706,0.0499903,0.475738,-78852
2.2,0.0499903,2,0.526706,0.0499903,0.478739,-77320.7
2.2,0.0499903,2,0.526706,0.0499903,0.481741,-66886.2
2.2,0.0499903,2,0.526706,0.0499903,0.484742,-75078.8
2.2,0.0499903,2,0.526706,0.0499903,0.487744,-74524.1
2.2,0.0499903,2,0.526706,0.0499903,0.490745,-71458.2
2.2,0.0499903,2,0.526706,0.0499903,0.493747,-70308.9
2.2,0.0499903,2,0.526706,0.0499903,0.496748,-73515.8
2.2,0.0499903,2,0.526706,0.0499903,0.49975,-79811.4
2.2,0.0499903,2,0.526706,0.0499903,0.502751,-73714.7
2.2,0.0499903,2,0.526706,0.0499903,0.505753,-69406.1
2.2,0.0499903,2,0.526706,0.0499903,0.508754,-72344.9
2.2,0.0499903,2,0.526706,0.0499903,0.511756,-75148.2
2.2,0.0499903,2,0.526706,0.0499903,0.514757,-73693
2.2,0.0499903,2,0.526706,0.0499903,0.517759,-84446.7
2.2,0.0499903,2,0.526706,0.0499903,0.52076,-72638.8
2.2,0.0499903,2,0.526706,0.0499903,0.523762,-68986.7
2.2,0.0499903,2,0.526706,0.0499903,0.526763,-66776
2.2,0.0499903,2,0.526706,0.0499903,0.529765,-74547.7
2.2,0.0499903,2,0.526706,0.0499903,0.532766,-75709.7
2.2,0.0499903,2,0.526706,0.0499903,0.535768,-70603.1
2.2,0.0499903,2,0.526706,0.0499903,0.538769,-69574.6
2.2,0.0499903,2,0.526706,0.0499903,0.541771,-70780.6
2.2,0.0499903,2,0.526706,0.0499903,0.544772,-72146.4
2.2,0.0499903,2,0.526706,0.0499903,0.547774,-82321.9
2.2,0.0499903,2,0.526706,0.0499903,0.550775,-75450.7
2.2,0.0499903,2,0.526706,0.0499903,0.553777,-70019.4
2.2,0.0499903,2,0.526706,0.0499903,0.556778,-70992.5
2.2,0.0499903,2,0.526706,0.0499903,0.55978,-68436.5
2.2,0.0499903,2,0.526706,0.0499903,0.562781,-70275.1
2.2,0.0499903,2,0.526706,0.0499903,0.565783,-70943.2
2.2,0.0499903,2,0.526706,0.0499903,0.568784,-64442.2
2.2,0.0499903,2,0.526706,0.0499903,0.571786,-73121.9
2.2,0.0499903,2,0.526706,0.0499903,0.574787,-64420.2
2.2,0.0499903,2,0.526706,0.0499903,0.577789,-66910.8
2.2,0.0499903,2,0.526706,0.0499903,0.58079,-69933
2.2,0.0499903,2,0.526706,0.0499903,0.583792,-68516.2
2.2,0.0499903,2,0.526706,0.0499903,0.586793,-64724.9
2.2,0.0499903,2,0.526706,0.0499903,0.589795,-75360.4
2.2,0.0499903,2,0.526706,0.0499903,0.592796,-64722.1
2.2,0.0499903,2,0.526706,0.0499903,0.595798,-68759.9
2.2,0.0499903,2,0.526706,0.0499903,0.598799,-64270
2.2,0.0499903,2,0.526706,0.0499903,0.601801,-72461.3
2.2,0.0499903,2,0.526706,0.0499903,0.604802,-71693.6
2.2,0.0499903,2,0.526706,0.0499903,0.607804,-78558.5
2.2,0.0499903,2,0.526706,0.0499903,0.610805,-69703.8
2.2,0.0499903,2,0.526706,0.0499903,0.613807,-71026.4
2.2,0.0499903,2,0.526706,0.0499903,0.616808,-68461.4
2.2,0.0499903,2,0.526706,0.0499903,0.61981,-67161.8
2.2,0.0499903,2,0.526706,0.0499903,0.622811,-75775.9
2.2,0.0499903,2,0.526706,0.0499903,0.625813,-64066.5
2.2,0.0499903,2,0.526706,0.0499903,0.628814,-70823.5
2.2,0.0499903,2,0.526706,0.0499903,0.631816,-67969.7
2.2,0.0499903,2,0.526706,0.0499903,0.634817,-80968.6
2.2,0.0499903,2,0.526706,0.0499903,0.637819,-65727.8
2.2,0.0499903,2,0.526706,0.0499903,0.64082,-69126.8
2.2,0.0499903,2,0.526706,0.0499903,0.643822,-69513
2.2,0.0499903,2,0.526706,0.0499903,0.646823,-72674.1
2.2,0.0499903,2,0.526706,0.0499903,0.649825,-71462
2.2,0.0499903,2,0.526706,0.0499903,0.652826,-61886.6
2.2,0.0499903,2,0.526706,0.0499903,0.655828,-65016.8
2.2,0.0499903,2,0.526706,0.0499903,0.658829,-64190.3
2.2,0.0499903,2,0.526706,0.0499903,0.661831,-61989.8
2.2,0.0499903,2,0.526706,0.0499903,0.664832,-61290.3
2.2,0.0499903,2,0.526706,0.0499903,0.667834,-61420.3
2.2,0.0499903,2,0.526706,0.0499903,0.670835,-70486.7
2.2,0.0499903,2,0.526706,0.0499903,0.673837,-71860.9
2.2,0.0499903,2,0.526706,0.0499903,0.676838,-57523.5
2.2,0.0499903,2,0.526706,0.0499903,0.67984,-60898.3
2.2,0.0499903,2,0.526706,0.0499903,0.682841,-56979.8
2.2,0.0499903,2,0.526706,0.0499903,0.685843,-58660.1
2.2,0.0499903,2,0.526706,0.0499903,0.688844,-63023.6
2.2,0.0499903,2,0.526706,0.0499903,0.691846,-69878.4
2.2,0.0499903,2,0.526706,0.0499903,0.694847,-62545.2
2.2,0.0499903,2,0.526706,0.0499903,0.697849,-57620.5
2.2,0.0499903,2,0.526706,0.0499903,0.70085,54044.8
2.2,0.0499903,2,0.526706,0.0499903,0.703852,59273.6
2.2,0.0499903,2,0.526706,0.0499903,0.706853,62285.9
2.2,0.0499903,2,0.526706,0.0499903,0.709855,60893.9
2.2,0.0499903,2,0.526706,0.0499903,0.712856,63318.7
2.2,0.0499903,2,0.526706,0.0499903,0.715858,67785.8
2.2,0.0499903,2,0.526706,0.0499903,0.718859,68220.5
2.2,0.0499903,2,0.526706,0.0499903,0.721861,64288.9
2.2,0.0499903,2,0.526706,0.0499903,0.724862,67550.4
2.2,0.0499903,2,0.526706,0.0499903,0.727864,60038.5
2.2,0.0499903,2,0.526706,0.0499903,0.730865,65643
2.2,0.0499903,2,0.526706,0.0499903,0.733867,62448.5
2.2,0.0499903,2,0.526706,0.0499903,0.736868,63764.1
2.2,0.0499903,2,0.526706,0.0499903,0.73987,59707.7
2.2,0.0499903,2,0.526706,0.0499903,0.742871,65399.6
2.2,0.0499903,2,0.526706,0.0499903,0.745873,60410.1
2.2,0.0499903,2,0.526706,0.0499903,0.748874,62307.8
2.2,0.0499903,2,0.526706,0.0499903,0.751876,71251.4
2.2,0.0499903,2,0.526706,0.0499903,0.754877,64806.2
2.2,0.0499903,2,0.526706,0.0499903,0.757879,68256.4
2.2,0.0499903,2,0.526706,0.0499903,0.76088,62086.5
2.2,0.0499903,2,0.526706,0.0499903,0.763882,62850.5
2.2,0.0499903,2,0.526706,0.0499903,0.766883,71448.1
2.2,0.0499903,2,0.526706,0.0499903,0.769885,64209.4
2.2,0.0499903,2,0.526706,0.0499903,0.772886,73238.3
2.2,0.0499903,2,0.526706,0.0499903,0.775888,63002.4
2.2,0.0499903,2,0.526706,0.0499903,0.778889,68970.9
2.2,0.0499903,2,0.526706,0.0499903,0.781891,63461.6
2.2,0.0499903,2,0.526706,0.0499903,0.784892,68540.4
2.2,0.0499903,2,0.526706,0.0499903,0.787894,81925.7
2.2,0.0499903,2,0.526706,0.0499903,0.790895,70943
2.2,0.0499903,2,0.526706,0.0499903,0.793897,79567.8
2.2,0.0499903,2,0.526706,0.0499903,0.796898,68526.9
2.2,0.0499903,2,0.526706,0.0499903,0.7999,67172.7
2.2,0.0499903,2,0.526706,0.0499903,0.802901,79248
2.2,0.0499903,2,0.526706,0.0499903,0.805903,65860.3
2.2,0.0499903,2,0.526706,0.0499903,0.808904,79124.6
2.2,0.0499903,2,0.526706,0.0499903,0.811906,66387.7
2.2,0.0499903,2,0.526706,0.0499903,0.814907,79496.3
2.2,0.0499903,2,0.526706,0.0499903,0.817909,65176.6
2.2,0.0499903,2,0.526706,0.0499903,0.82091,70956.3
2.2,0.0499903,2,0.526706,0.0499903,0.823912,78619.5
2.2,0.0499903,2,0.526706,0.0499903,0.826913,69909.6
2.2,0.0499903,2,0.526706,0.0499903,0.829915,68065.6
2.2,0.0499903,2,0.526706,0.0499903,0.832916,67303.2
2.2,0.0499903,2,0.526706,0.0499903,0.835918,67482
2.2,0.0499903,2,0.526706,0.0499903,0.838919,74046.6
2.2,0.0499903,2,0.526706,0.0499903,0.841921,65761.7
2.2,0.0499903,2,0.526706,0.0499903,0.844922,75788
2.2,0.0499903,2,0.526706,0.0499903,0.847924,70207.4
2.2,0.0499903,2,0.526706,0.0499903,0.850925,66547.7
2.2,0.0499903,2,0.526706,0.0499903,0.853927,77147.5
2.2,0.0499903,2,0.526706,0.0499903,0.856928,74454.4
2.2,0.0499903,2,0.526706,0.0499903,0.85993,71761.5
2.2,0.0499903,2,0.526706,0.0499903,0.862931,70281.6
2.2,0.0499903,2,0.526706,0.0499903,0.865933,74342.9
2.2,0.0499903,2,0.526706,0.0499903,0.868934,68950.9
2.2,0.0499903,2,0.526706,0.0499903,0.871936,75296.8
2.2,0.0499903,2,0.526706,0.0499903,0.874937,75400.7
2.2,0.0499903,2,0.526706,0.0499903,0.877939,70015.4
2.2,0.0499903,2,0.526706,0.0499903,0.88094,74701.7
2.2,0.0499903,2,0.526706,0.0499903,0.883942,78545.3
2.2,0.0499903,2,0.526706,0.0499903,0.886943,71688.8
2.2,0.0499903,2,0.526706,0.0499903,0.889945,74509.9
2.2,0.0499903,2,0.526706,0.0499903,0.892946,75974.3
2.2,0.0499903,2,0.526706,0.0499903,0.895948,71212.4
2.2,0.0499903,2,0.526706,0.0499903,0.898949,77174.6
2.2,0.0499903,2,0.526706,0.0499903,0.901951,71867.8
2.2,0.0499903,2,0.526706,0.0499903,0.904952,78064.9
2.2,0.0499903,2,0.526706,0.0499903,0.907954,77981.1
2.2,0.0499903,2,0.526706,0.0499903,0.910955,76528.4
2.2,0.0499903,2,0.526706,0.0499903,0.913957,70545.2
2.2,0.0499903,2,0.526706,0.0499903,0.916958,80531.1
2.2,0.0499903,2,0.526706,0.0499903,0.91996,69299.2
2.2,0.0499903,2,0.526706,0.0499903,0.922961,80495.1
2.2,0.0499903,2,0.526706,0.0499903,0.925963,75778.2
2.2,0.0499903,2,0.526706,0.0499903,0.928964,73878.6
2.2,0.0499903,2,0.526706,0.0499903,0.931966,75643.5
2.2,0.0499903,2,0.526706,0.0499903,0.934967,80469.5
2.2,0.0499903,2,0.526706,0.0499903,0.937969,87655.7
2.2,0.0499903,2,0.526706,0.0499903,0.94097,69464.1
2.2,0.0499903,2,0.526706,0.0499903,0.943972,86498.2
2.2,0.0499903,2,0.526706,0.0499903,0.946973,87265.4
2.2,0.0499903,2,0.526706,0.0499903,0.949975,78347
2.2,0.0499903,2,0.526706,0.0499903,0.952976,79917.1
2.2,0.0499903,2,0.526706,0.0499903,0.955978,74038.6
2.2,0.0499903,2,0.526706,0.0499903,0.958979,76233.8
2.2,0.0499903,2,0.526706,0.0499903,0.961981,75427.8
2.2,0.0499903,2,0.526706,0.0499903,0.964982,76966.8
2.2,0.0499903,2,0.526706,0.0499903,0.967984,85043.6
2.2,0.0499903,2,0.526706,0.0499903,0.970985,70567.8
2.2,0.0499903,2,0.526706,0.0499903,0.973987,76094.6
2.2,0.0499903,2,0.526706,0.0499903,0.976988,80917
2.2,0.0499903,2,0.526706,0.0499903,0.97999,72966.4
2.2,0.0499903,2,0.526706,0.0499903,0.982991,73287.1
2.2,0.0499903,2,0.526706,0.0499903,0.985993,76936.3
2.2,0.0499903,2,0.526706,0.0499903,0.988994,76131.5
2.2,0.0499903,2,0.526706,0.0499903,0.991996,76496.7
2.2,0.0499903,2,0.526706,0.0499903,0.994997,84450.5
2.2,0.0499903,2,0.526706,0.0499903,0.997999,78583.7
2.2,0.0499903,2,0.526706,0.0499903,1.001,89865.4
2.2,0.0499903,2,0.526706,0.0499903,1.004,80522.2
2.2,0.0499903,2,0.526706,0.0499903,1.007,74838.1
2.2,0.0499903,2,0.526706,0.0499903,1.01001,79956.3
2.2,0.0499903,2,0.526706,0.0499903,1.01301,75776.9
2.2,0.0499903,2,0.526706,0.0499903,1.01601,73817.6
2.2,0.0499903,2,0.526706,0.0499903,1.01901,80105
2.2,0.0499903,2,0.526706,0.0499903,1.02201,89307.2
2.2,0.0499903,2,0.526706,0.0499903,1.02501,78635.3
2.2,0.0499903,2,0.526706,0.0499903,1.02801,74408.9
2.2,0.0499903,2,0.526706,0.0499903,1.03102,82126.7
2.2,0.0499903,2,0.526706,0.0499903,1.03402,75381
2.2,0.0499903,2,0.526706,0.0499903,1.03702,71886.7
2.2,0.0499903,2,0.526706,0.0499903,1.04002,87719.2
2.2,0.0499903,2,0.526706,0.0499903,1.04302,79108.1
2.2,0.0499903,2,0.526706,0.0499903,1.04602,80248.8
2.2,0.0499903,2,0.526706,0.0499903,1.04902,79927.3
2.2,0.0499903,2,0.526706,0.0499903,1.05203,92406.6
2.2,0.0499903,2,0.526706,0.0499903,1.05503,75772.6
2.2,0.0499903,2,0.526706,0.0499903,1.05803,75305.9
2.2,0.0499903,2,0.526706,0.0499903,1.06103,90150
2.2,0.0499903,2,0.526706,0.0499903,1.06403,72858.3
2.2,0.0499903,2,0.526706,0.0499903,1.06703,75557.2
2.2,0.0499903,2,0.526706,0.0499903,1.07004,71266.5
2.2,0.0499903,2,0.526706,0.0499903,1.07304,74128.1
2.2,0.0499903,2,0.526706,0.0499903,1.07604,91062.4
2.2,0.0499903,2,0.526706,0.0499903,1.07904,77749.9
2.2,0.0499903,2,0.526706,0.0499903,1.08204,86901
2.2,0.0499903,2,0.526706,0.0499903,1.08504,83015.9
2.2,0.0499903,2,0.526706,0.0499903,1.08804,75016.9
2.2,0.0499903,2,0.526706,0.0499903,1.09105,82208.8
2.2,0.0499903,2,0.526706,0.0499903,1.09405,72311.4
2.2,0.0499903,2,0.526706,0.0499903,1.09705,82460.1
2.2,0.0499903,2,0.526706,0.0499903,1.10005,92324.9
2.2,0.0499903,2,0.526706,0.0499903,1.10305,92985.4
2.2,0.0499903,2,0.526706,0.0499903,1.10605,80430.5
2.2,0.0499903,2,0.526706,0.0499903,1.10905,83295.3
2.2,0.0499903,2,0.526706,0.0499903,1.11206,80172.1
2.2,0.0499903,2,0.526706,0.0499903,1.11506,89460.2
2.2,0.0499903,2,0.526706,0.0499903,1.11806,74745.3
2.2,0.0499903,2,0.526706,0.0499903,1.12106,80500
2.2,0.0499903,2,0.526706,0.0499903,1.12406,93334.7
2.2,0.0499903,2,0.526706,0.0499903,1.12706,88266.6
2.2,0.0499903,2,0.526706,0.0499903,1.13007,82492.2
2.2,0.0499903,2,0.526706,0.0499903,1.13307,72905.4
2.2,0.0499903,2,0.526706,0.0499903,1.13607,77134.4
2.2,0.0499903,2,0.526706,0.0499903,1.13907,88171
2.2,0.0499903,2,0.526706,0.0499903,1.14207,82627.9
2.2,0.0499903,2,0.526706,0.0499903,1.14507,72867.7
2.2,0.0499903,2,0.526706,0.0499903,1.14807,87427.7
2.2,0.0499903,2,0.526706,0.0499903,1.15108,75615.6
2.2,0.0499903,2,0.526706,0.0499903,1.15408,82933.7
2.2,0.0499903,2,0.526706,0.0499903,1.15708,74386.3
2.2,0.0499903,2,0.526706,0.0499903,1.16008,87119.2
2.2,0.0499903,2,0.526706,0.0499903,1.16308,74951.7
2.2,0.0499903,2,0.526706,0.0499903,1.16608,82258.6
2.2,0.0499903,2,0.526706,0.0499903,1.16908,83520.7
2.2,0.0499903,2,0.526706,0.0499903,1.17209,80597.6
2.2,0.0499903,2,0.526706,0.0499903,1.17509,77038.3
2.2,0.0499903,2,0.526706,0.0499903,1.17809,89900.1
2.2,0.0499903,2,0.526706,0.0499903,1.18109,81931.8
2.2,0.0499903,2,0.526706,0.0499903,1.18409,75874.2
2.2,0.0499903,2,0.526706,0.0499903,1.18709,74157
2.2,0.0499903,2,0.526706,0.0499903,1.1901,74982.9
2.2,0.0499903,2,0.526706,0.0499903,1.1931,74205.1
2.2,0.0499903,2,0.526706,0.0499903,1.1961,79882.4
2.2,0.0499903,2,0.526706,0.0499903,1.1991,74259.1
2.2,0.0499903,2,0.526706,0.0499903,1.2021,94302.7
2.2,0.0499903,2,0.526706,0.0499903,1.2051,77293.5
2.2,0.0499903,2,0.526706,0.0499903,1.2081,79930.5
2.2,0.0499903,2,0.526706,0.0499903,1.21111,75679.4
2.2,0.0499903,2,0.526706,0.0499903,1.21411,78744.5
2.2,0.0499903,2,0.526706,0.0499903,1.21711,75760.5
2.2,0.0499903,2,0.526706,0.0499903,1.22011,93030.3
2.2,0.0499903,2,0.526706,0.0499903,1.22311,74705.4
2.2,0.0499903,2,0.526706,0.0499903,1.22611,77997.3
2.2,0.0499903,2,0.526706,0.0499903,1.22911,93309.1
2.2,0.0499903,2,0.526706,0.0499903,1.23212,85054.6
2.2,0.0499903,2,0.526706,0.0499903,1.23512,94691.4
2.2,0.0499903,2,0.526706,0.0499903,1.23812,80454.1
2.2,0.0499903,2,0.526706,0.0499903,1.24112,93275.2
2.2,0.0499903,2,0.526706,0.0499903,1.24412,76419
2.2,0.0499903,2,0.526706,0.0499903,1.24712,92195.6
2.2,0.0499903,2,0.526706,0.0499903,1.25013,83520.8
2.2,0.0499903,2,0.526706,0.0499903,1.25313,76918.2
2.2,0.0499903,2,0.526706,0.0499903,1.25613,76528.6
2.2,0.0499903,2,0.526706,0.0499903,1.25913,74383.2
2.2,0.0499903,2,0.526706,0.0499903,1.26213,79152.4
2.2,0.0499903,2,0.526706,0.0499903,1.26513,75168.4
2.2,0.0499903,2,0.526706,0.0499903,1.26813,74743.2
2.2,0.0499903,2,0.526706,0.0499903,1.27114,76759.6
2.2,0.0499903,2,0.526706,0.0499903,1.27414,82548.8
2.2,0.0499903,2,0.526706,0.0499903,1.27714,81068.7
2.2,0.0499903,2,0.526706,0.0499903,1.28014,95879.1
2.2,0.0499903,2,0.526706,0.0499903,1.28314,81665.7
2.2,0.0499903,2,0.526706,0.0499903,1.28614,86785.9
2.2,0.0499903,2,0.526706,0.0499903,1.28914,75152.3
2.2,0.0499903,2,0.526706,0.0499903,1.29215,74494
2.2,0.0499903,2,0.526706,0.0499903,1.29515,74177
2.2,0.0499903,2,0.526706,0.0499903,1.29815,87289.3
2.2,0.0499903,2,0.526706,0.0499903,1.30115,85576
2.2,0.0499903,2,0.526706,0.0499903,1.30415,78904.4
2.2,0.0499903,2,0.526706,0.0499903,1.30715,89226
2.2,0.0499903,2,0.526706,0.0499903,1.31016,80106.5
2.2,0.0499903,2,0.526706,0.0499903,1.31316,74938.3
2.2,0.0499903,2,0.526706,0.0499903,1.31616,89687.9
2.2,0.0499903,2,0.526706,0.0499903,1.31916,83391.7
2.2,0.0499903,2,0.526706,0.0499903,1.32216,92248.1
2.2,0.0499903,2,0.526706,0.0499903,1.32516,81289.1
2.2,0.0499903,2,0.526706,0.0499903,1.32816,78279.3
2.2,0.0499903,2,0.526706,0.0499903,1.33117,80820.1
2.2,0.0499903,2,0.526706,0.0499903,1.33417,83867.6
2.2,0.0499903,2,0.526706,0.0499903,1.33717,80827.7
2.2,0.0499903,2,0.526706,0.0499903,1.34017,74027.2
2.2,0.0499903,2,0.526706,0.0499903,1.34317,73703.3
2.2,0.0499903,2,0.526706,0.0499903,1.34617,86011.9
2.2,0.0499903,2,0.526706,0.0499903,1.34917,73713.6
2.2,0.0499903,2,0.526706,0.0499903,1.35218,75977.5
2.2,0.0499903,2,0.526706,0.0499903,1.35518,75830.4
2.2,0.0499903,2,0.526706,0.0499903,1.35818,86859.8
2.2,0.0499903,2,0.526706,0.0499903,1.36118,85601.2
2.2,0.0499903,2,0.526706,0.0499903,1.36418,85381.8
2.2,0.0499903,2,0.526706,0.0499903,1.36718,94085.4
2.2,0.0499903,2,0.526706,0.0499903,1.37019,82451.6
2.2,0.0499903,2,0.526706,0.0499903,1.37319,94085.2
2.2,0.0499903,2,0.526706,0.0499903,1.37619,78894.5
2.2,0.0499903,2,0.526706,0.0499903,1.37919,88480.1
2.2,0.0499903,2,0.526706,0.0499903,1.38219,92023
2.2,0.0499903,2,0.526706,0.0499903,1.38519,78255.3
2.2,0.0499903,2,0.526706,0.0499903,1.38819,76503.6
2.2,0.0499903,2,0.526706,0.0499903,1.3912,82484.1
2.2,0.0499903,2,0.526706,0.0499903,1.3942,78338.1
2.2,0.0499903,2,0.526706,0.0499903,1.3972,76747.2
2.2,0.0499903,2,0.526706,0.0499903,1.4002,79728.4
2.2,0.0499903,2,0.526706,0.0499903,1.4032,77318.3
2.2,0.0499903,2,0.526706,0.0499903,1.4062,91488.2
2.2,0.0499903,2,0.526706,0.0499903,1.4092,81659.3
2.2,0.0499903,2,0.526706,0.0499903,1.41221,84177.7
2.2,0.0499903,2,0.526706,0.0499903,1.41521,74547.5
2.2,0.0499903,2,0.526706,0.0499903,1.41821,87848.2
2.2,0.0499903,2,0.526706,0.0499903,1.42121,83297.7
2.2,0.0499903,2,0.526706,0.0499903,1.42421,83346.9
2.2,0.0499903,2,0.526706,0.0499903,1.42721,81073.5
2.2,0.0499903,2,0.526706,0.0499903,1.43022,79763.2
2.2,0.0499903,2,0.526706,0.0499903,1.43322,73822.1
2.2,0.0499903,2,0.526706,0.0499903,1.43622,76039.8
2.2,0.0499903,2,0.526706,0.0499903,1.43922,75507.4
2.2,0.0499903,2,0.526706,0.0499903,1.44222,78423.1
2.2,0.0499903,2,0.526706,0.0499903,1.44522,83775.7
2.2,0.0499903,2,0.526706,0.0499903,1.44822,78274.4
2.2,0.0499903,2,0.526706,0.0499903,1.45123,79250.1
2.2,0.0499903,2,0.526706,0.0499903,1.45423,75513.8
2.2,0.0499903,2,0.526706,0.0499903,1.45723,73778.7
2.2,0.0499903,2,0.526706,0.0499903,1.46023,83360.2
2.2,0.0499903,2,0.526706,0.0499903,1.46323,94432.8
2.2,0.0499903,2,0.526706,0.0499903,1.46623,87910.8
2.2,0.0499903,2,0.526706,0.0499903,1.46923,81287.9
2.2,0.0499903,2,0.526706,0.0499903,1.47224,95142.6
2.2,0.0499903,2,0.526706,0.0499903,1.47524,74720.6
2.2,0.0499903,2,0.526706,0.0499903,1.47824,90212.8
2.2,0.0499903,2,0.526706,0.0499903,1.48124,83601.4
2.2,0.0499903,2,0.526706,0.0499903,1.48424,83417.3
2.2,0.0499903,2,0.526706,0.0499903,1.48724,80075.2
2.2,0.0499903,2,0.526706,0.0499903,1.49025,80582.8
2.2,0.0499903,2,0.526706,0.0499903,1.49325,89099.1
2.2,0.0499903,2,0.526706,0.0499903,1.49625,84795.8
2.2,0.0499903,2,0.526706,0.0499903,1.49925,80754.6
2.2,0.0499903,2,0.526706,0.0499903,1.50225,84766.7
2.2,0.0499903,2,0.526706,0.0499903,1.50525,79161.9
2.2,0.0499903,2,0.526706,0.0499903,1.50825,78320.1
2.2,0.0499903,2,0.526706,0.0499903,1.51126,73665.7
2.2,0.0499903,2,0.526706,0.0499903,1.51426,75995.4
2.2,0.0499903,2,0.526706,0.0499903,1.51726,83428.6
2.2,0.0499903,2,0.526706,0.0499903,1.52026,79952
2.2,0.0499903,2,0.526706,0.0499903,1.52326,74579.2
2.2,0.0499903,2,0.526706,0.0499903,1.52626,77086.9
2.2,0.0499903,2,0.526706,0.0499903,1.52926,85313.4
2.2,0.0499903,2,0.526706,0.0499903,1.53227,85671.4
2.2,0.0499903,2,0.526706,0.0499903,1.53527,77176.4
2.2,0.0499903,2,0.526706,0.0499903,1.53827,76927.1
2.2,0.0499903,2,0.526706,0.0499903,1.54127,74215.1
2.2,0.0499903,2,0.526706,0.0499903,1.54427,80148
2.2,0.0499903,2,0.526706,0.0499903,1.54727,79456.9
2.2,0.0499903,2,0.526706,0.0499903,1.55028,82743.9
2.2,0.0499903,2,0.526706,0.0499903,1.55328,85646.2
2.2,0.0499903,2,0.526706,0.0499903,1.55628,83566.4
2.2,0.0499903,2,0.526706,0.0499903,1.55928,85524
2.2,0.0499903,2,0.526706,0.0499903,1.56228,72834.6
2.2,0.0499903,2,0.526706,0.0499903,1.56528,92477.8
2.2,0.0499903,2,0.526706,0.0499903,1.56828,84109.9
2.2,0.0499903,2,0.526706,0.0499903,1.57129,83786.4
2.2,0.0499903,2,0.526706,0.0499903,1.57429,72778.6
2.2,0.0499903,2,0.526706,0.0499903,1.57729,74683.2
2.2,0.0499903,2,0.526706,0.0499903,1.58029,80229.4
2.2,0.0499903,2,0.526706,0.0499903,1.58329,74284.9
2.2,0.0499903,2,0.526706,0.0499903,1.58629,77064.7
2.2,0.0499903,2,0.526706,0.0499903,1.58929,73070
2.2,0.0499903,2,0.526706,0.0499903,1.5923,74573.2
2.2,0.0499903,2,0.526706,0.0499903,1.5953,93441.8
2.2,0.0499903,2,0.526706,0.0499903,1.5983,75214.2
2.2,0.0499903,2,0.526706,0.0499903,1.6013,78104.2
2.2,0.0499903,2,0.526706,0.0499903,1.6043,88260.9
2.2,0.0499903,2,0.526706,0.0499903,1.6073,91610.9
2.2,0.0499903,2,0.526706,0.0499903,1.61031,72503.2
2.2,0.0499903,2,0.526706,0.0499903,1.61331,86457.6
2.2,0.0499903,2,0.526706,0.0499903,1.61631,75130.1
2.2,0.0499903,2,0.526706,0.0499903,1.61931,84720.8
2.2,0.0499903,2,0.526706,0.0499903,1.62231,87880.8
2.2,0.0499903,2,0.526706,0.0499903,1.62531,82347
2.2,0.0499903,2,0.526706,0.0499903,1.62831,78710.8
2.2,0.0499903,2,0.526706,0.0499903,1.63132,83878.8
2.2,0.0499903,2,0.526706,0.0499903,1.63432,72092.1
2.2,0.0499903,2,0.526706,0.0499903,1.63732,78022.9
2.2,0.0499903,2,0.526706,0.0499903,1.64032,77625.7
2.2,0.0499903,2,0.526706,0.0499903,1.64332,85699
2.2,0.0499903,2,0.526706,0.0499903,1.64632,85193.2
2.2,0.0499903,2,0.526706,0.0499903,1.64932,73333
2.2,0.0499903,2,0.526706,0.0499903,1.65233,86166.7
2.2,0.0499903,2,0.526706,0.0499903,1.65533,74375.6
2.2,0.0499903,2,0.526706,0.0499903,1.65833,83205.2
2.2,0.0499903,2,0.526706,0.0499903,1.66133,83712.8
2.2,0.0499903,2,0.526706,0.0499903,1.66433,76465
2.2,0.0499903,2,0.526706,0.0499903,1.66733,75657.1
2.2,0.0499903,2,0.526706,0.0499903,1.67034,82027.7
2.2,0.0499903,2,0.526706,0.0499903,1.67334,72898.9
2.2,0.0499903,2,0.526706,0.0499903,1.67634,85408.3
2.2,0.0499903,2,0.526706,0.0499903,1.67934,75028.7
2.2,0.0499903,2,0.526706,0.0499903,1.68234,80513.2
2.2,0.0499903,2,0.526706,0.0499903,1.68534,75321
2.2,0.0499903,2,0.526706,0.0499903,1.68834,82396.2
2.2,0.0499903,2,0.526706,0.0499903,1.69135,74470.3
2.2,0.0499903,2,0.526706,0.0499903,1.69435,73747.3
2.2,0.0499903,2,0.526706,0.0499903,1.69735,76896
2.2,0.0499903,2,0.526706,0.0499903,1.70035,83927.6
2.2,0.0499903,2,0.526706,0.0499903,1.70335,76473.9
2.2,0.0499903,2,0.526706,0.0499903,1.70635,78853.3
2.2,0.0499903,2,0.526706,0.0499903,1.70935,71807.9
2.2,0.0499903,2,0.526706,0.0499903,1.71236,87354.1
2.2,0.0499903,2,0.526706,0.0499903,1.71536,71580.6
2.2,0.0499903,2,0.526706,0.0499903,1.71836,76333.5
2.2,0.0499903,2,0.526706,0.0499903,1.72136,84722.8
2.2,0.0499903,2,0.526706,0.0499903,1.72436,76062.5
2.2,0.0499903,2,0.526706,0.0499903,1.72736,74482.8
2.2,0.0499903,2,0.526706,0.0499903,1.73037,71186.1
2.2,0.0499903,2,0.526706,0.0499903,1.73337,80646.7
2.2,0.0499903,2,0.526706,0.0499903,1.73637,90251.7
2.2,0.0499903,2,0.526706,0.0499903,1.73937,85143.7
2.2,0.0499903,2,0.526706,0.0499903,1.74237,79556.5
2.2,0.0499903,2,0.526706,0.0499903,1.74537,72714.7
2.2,0.0499903,2,0.526706,0.0499903,1.74837,71308.1
2.2,0.0499903,2,0.526706,0.0499903,1.75138,84195.9
2.2,0.0499903,2,0.526706,0.0499903,1.75438,78759.4
2.2,0.0499903,2,0.526706,0.0499903,1.75738,78631.3
2.2,0.0499903,2,0.526706,0.0499903,1.76038,74380.4
2.2,0.0499903,2,0.526706,0.0499903,1.76338,79367.3
2.2,0.0499903,2,0.526706,0.0499903,1.76638,71006.9
2.2,0.0499903,2,0.526706,0.0499903,1.76938,77182.1
2.2,0.0499903,2,0.526706,0.0499903,1.77239,75969.5
2.2,0.0499903,2,0.526706,0.0499903,1.77539,78196.7
2.2,0.0499903,2,0.526706,0.0499903,1.77839,72286.7
2.2,0.0499903,2,0.526706,0.0499903,1.78139,69045.2
2.2,0.0499903,2,0.526706,0.0499903,1.78439,74945.1
2.2,0.0499903,2,0.526706,0.0499903,1.78739,68713.1
2.2,0.0499903,2,0.526706,0.0499903,1.7904,72414.3
2.2,0.0499903,2,0.526706,0.0499903,1.7934,71570.9
2.2,0.0499903,2,0.526706,0.0499903,1.7964,72690.3
2.2,0.0499903,2,0.526706,0.0499903,1.7994,67815.5
2.2,0.0499903,2,0.526706,0.0499903,1.8024,75568
2.2,0.0499903,2,0.526706,0.0499903,1.8054,73945.5
2.2,0.0499903,2,0.526706,0.0499903,1.8084,75342.7
2.2,0.0499903,2,0.526706,0.0499903,1.81141,72053.5
2.2,0.0499903,2,0.526706,0.0499903,1.81441,80789.5
2.2,0.0499903,2,0.526706,0.0499903,1.81741,70218.5
2.2,0.0499903,2,0.526706,0.0499903,1.82041,70355.9
2.2,0.0499903,2,0.526706,0.0499903,1.82341,72585.3
2.2,0.0499903,2,0.526706,0.0499903,1.82641,72386.8
2.2,0.0499903,2,0.526706,0.0499903,1.82941,77529.5
2.2,0.0499903,2,0.526706,0.0499903,1.83242,76165.9
2.2,0.0499903,2,0.526706,0.0499903,1.83542,78483
2.2,0.0499903,2,0.526706,0.0499903,1.83842,76245.4
2.2,0.0499903,2,0.526706,0.0499903,1.84142,71625.1
2.2,0.0499903,2,0.526706,0.0499903,1.84442,67100.8
2.2,0.0499903,2,0.526706,0.0499903,1.84742,69475
2.2,0.0499903,2,0.526706,0.0499903,1.85043,68349.8
2.2,0.0499903,2,0.526706,0.0499903,1.85343,74281.7
2.2,0.0499903,2,0.526706,0.0499903,1.85643,69256.7
2.2,0.0499903,2,0.526706,0.0499903,1.85943,68753.5
2.2,0.0499903,2,0.526706,0.0499903,1.86243,73661.5
2.2,0.0499903,2,0.526706,0.0499903,1.86543,70305.9
2.2,0.0499903,2,0.526706,0.0499903,1.86843,70910.5
2.2,0.0499903,2,0.526706,0.0499903,1.87144,75814.7
2.2,0.0499903,2,0.526706,0.0499903,1.87444,67150.4
2.2,0.0499903,2,0.526706,0.0499903,1.87744,65368.6
2.2,0.0499903,2,0.526706,0.0499903,1.88044,63866.9
2.2,0.0499903,2,0.526706,0.0499903,1.88344,70463
2.2,0.0499903,2,0.526706,0.0499903,1.88644,73265.1
2.2,0.0499903,2,0.526706,0.0499903,1.88944,63642.9
2.2,0.0499903,2,0.526706,0.0499903,1.89245,66862.8
2.2,0.0499903,2,0.526706,0.0499903,1.89545,64000
2.2,0.0499903,2,0.526706,0.0499903,1.89845,59129
2.2,0.0499903,2,0.526706,0.0499903,1.90145,66111.7
2.2,0.0499903,2,0.526706,0.0499903,1.90445,68923.8
2.2,0.0499903,2,0.526706,0.0499903,1.90745,68245.3
2.2,0.0499903,2,0.526706,0.0499903,1.91046,61987.7
2.2,0.0499903,2,0.526706,0.0499903,1.91346,55541
2.2,0.0499903,2,0.526706,0.0499903,1.91646,52367.7
2.2,0.0499903,2,0.526706,0.0499903,1.91946,-59485.3
2.2,0.0499903,2,0.526706,0.0499903,1.92246,-55262.5
2.2,0.0499903,2,0.526706,0.0499903,1.92546,-67642.4
2.2,0.0499903,2,0.526706,0.0499903,1.92846,-68149.1
2.2,0.0499903,2,0.526706,0.0499903,1.93147,-61667.5
2.2,0.0499903,2,0.526706,0.0499903,1.93447,-65903.5
2.2,0.0499903,2,0.526706,0.0499903,1.93747,-60187.3
2.2,0.0499903,2,0.526706,0.0499903,1.94047,-70345.9
2.2,0.0499903,2,0.526706,0.0499903,1.94347,-73894.3
2.2,0.0499903,2,0.526706,0.0499903,1.94647,-62051.7
2.2,0.0499903,2,0.526706,0.0499903,1.94947,-72718
2.2,0.0499903,2,0.526706,0.0499903,1.95248,-72829
2.2,0.0499903,2,0.526706,0.0499903,1.95548,-67194.1
2.2,0.0499903,2,0.526706,0.0499903,1.95848,-75424.3
2.2,0.0499903,2,0.526706,0.0499903,1.96148,-65985.8
2.2,0.0499903,2,0.526706,0.0499903,1.96448,-66414.8
2.2,0.0499903,2,0.526706,0.0499903,1.96748,-66224.8
2.2,0.0499903,2,0.526706,0.0499903,1.97049,-72212
2.2,0.0499903,2,0.526706,0.0499903,1.97349,-63191.5
2.2,0.0499903,2,0.526706,0.0499903,1.97649,-63588.6
2.2,0.0499903,2,0.526706,0.0499903,1.97949,-68735.9
2.2,0.0499903,2,0.526706,0.0499903,1.98249,-64958.8
2.2,0.0499903,2,0.526706,0.0499903,1.98549,-76280.8
2.2,0.0499903,2,0.526706,0.0499903,1.98849,-72413.1
2.2,0.0499903,2,0.526706,0.0499903,1.9915,-65341.9
2.2,0.0499903,2,0.526706,0.0499903,1.9945,-72036.6
2.2,0.0499903,2,0.526706,0.0499903,1.9975,-81940.1
2.2,0.0499903,2,0.526706,0.0499903,2.0005,-72897.7
2.2,0.0499903,2,0.526706,0.0499903,2.0035,-66772.1
2.2,0.0499903,2,0.526706,0.0499903,2.0065,-67790.3
2.2,0.0499903,2,0.526706,0.0499903,2.0095,-67471.6
2.2,0.0499903,2,0.526706,0.0499903,2.01251,-81463.7
2.2,0.0499903,2,0.526706,0.0499903,2.01551,-74493.3
2.2,0.0499903,2,0.526706,0.0499903,2.01851,-70607.7
2.2,0.0499903,2,0.526706,0.0499903,2.02151,-69824.6
2.2,0.0499903,2,0.526706,0.0499903,2.02451,-70458.8
2.2,0.0499903,2,0.526706,0.0499903,2.02751,-67809.5
2.2,0.0499903,2,0.526706,0.0499903,2.03052,-72226.6
2.2,0.0499903,2,0.526706,0.0499903,2.03352,-65814.6
2.2,0.0499903,2,0.526706,0.0499903,2.03652,-66965.9
2.2,0.0499903,2,0.526706,0.0499903,2.03952,-66319.6
2.2,0.0499903,2,0.526706,0.0499903,2.04252,-68016.9
2.2,0.0499903,2,0.526706,0.0499903,2.04552,-84272.4
2.2,0.0499903,2,0.526706,0.0499903,2.04852,-74536.2
2.2,0.0499903,2,0.526706,0.0499903,2.05153,-66108.4
2.2,0.0499903,2,0.526706,0.0499903,2.05453,-69547.1
2.2,0.0499903,2,0.526706,0.0499903,2.05753,-68005
2.2,0.0499903,2,0.526706,0.0499903,2.06053,-75355.8
2.2,0.0499903,2,0.526706,0.0499903,2.06353,-81171.6
2.2,0.0499903,2,0.526706,0.0499903,2.06653,-85367.6
2.2,0.0499903,2,0.526706,0.0499903,2.06953,-70148.4
2.2,0.0499903,2,0.526706,0.0499903,2.07254,-84108
2.2,0.0499903,2,0.526706,0.0499903,2.07554,-75102.1
2.2,0.0499903,2,0.526706,0.0499903,2.07854,-69390.4
2.2,0.0499903,2,0.526706,0.0499903,2.08154,-67192.9
2.2,0.0499903,2,0.526706,0.0499903,2.08454,-70916.5
2.2,0.0499903,2,0.526706,0.0499903,2.08754,-76259.3
2.2,0.0499903,2,0.526706,0.0499903,2.09055,-73080.5
2.2,0.0499903,2,0.526706,0.0499903,2.09355,-84760.9
2.2,0.0499903,2,0.526706,0.0499903,2.09655,-70305.5
2.2,0.0499903,2,0.526706,0.0499903,2.09955,-76037.5
2.2,0.0499903,2,0.526706,0.0499903,2.10255,-82885.3
2.2,0.0499903,2,0.526706,0.0499903,2.10555,-72925.9
2.2,0.0499903,2,0.526706,0.0499903,2.10855,-75011.9
2.2,0.0499903,2,0.526706,0.0499903,2.11156,-73912.3
2.2,0.0499903,2,0.526706,0.0499903,2.11456,-70226.6
2.2,0.0499903,2,0.526706,0.0499903,2.11756,-68213.4
2.2,0.0499903,2,0.526706,0.0499903,2.12056,-68864.8
2.2,0.0499903,2,0.526706,0.0499903,2.12356,-71188.5
2.2,0.0499903,2,0.526706,0.0499903,2.12656,-69702.2
2.2,0.0499903,2,0.526706,0.0499903,2.12956,-69017.4
2.2,0.0499903,2,0.526706,0.0499903,2.13257,-68487
2.2,0.0499903,2,0.526706,0.0499903,2.13557,-65608.2
2.2,0.0499903,2,0.526706,0.0499903,2.13857,-69147.5
2.2,0.0499903,2,0.526706,0.0499903,2.14157,-66090.5
2.2,0.0499903,2,0.526706,0.0499903,2.14457,-75506.8
2.2,0.0499903,2,0.526706,0.0499903,2.14757,-75088.6
2.2,0.0499903,2,0.526706,0.0499903,2.15058,-65594.6
2.2,0.0499903,2,0.526706,0.0499903,2.15358,-65677.2
2.2,0.0499903,2,0.526706,0.0499903,2.15658,-67572.7
2.2,0.0499903,2,0.526706,0.0499903,2.15958,-71755.1
2.2,0.0499903,2,0.526706,0.0499903,2.16258,-66184.8
2.2,0.0499903,2,0.526706,0.0499903,2.16558,-77212.8
2.2,0.0499903,2,0.526706,0.0499903,2.16858,-64715.8
2.2,0.0499903,2,0.526706,0.0499903,2.17159,-78280.7
2.2,0.0499903,2,0.526706,0.0499903,2.17459,-68864.6
2.2,0.0499903,2,0.526706,0.0499903,2.17759,-62545.8
2.2,0.0499903,2,0.526706,0.0499903,2.18059,-74658.6
2.2,0.0499903,2,0.526706,0.0499903,2.18359,-70838.8
2.2,0.0499903,2,0.526706,0.0499903,2.18659,-74477
2.2,0.0499903,2,0.526706,0.0499903,2.18959,-75355.4
2.2,0.0499903,2,0.526706,0.0499903,2.1926,-71069.7
2.2,0.0499903,2,0.526706,0.0499903,2.1956,-56837.2
2.2,0.0499903,2,0.526706,0.0499903,2.1986,-53657.6
2.2,0.0499903,2,0.526706,0.0499903,2.2016,59752.3
2.2,0.0499903,2,0.526706,0.0499903,2.2046,66331.4
2.2,0.0499903,2,0.526706,0.0499903,2.2076,60282.1
2.2,0.0499903,2,0.526706,0.0499903,2.21061,72259.2
2.2,0.0499903,2,0.526706,0.0499903,2.21361,62701.7
2.2,0.0499903,2,0.526706,0.0499903,2.21661,71283.8
2.2,0.0499903,2,0.526706,0.0499903,2.21961,65152.6
2.2,0.0499903,2,0.526706,0.0499903,2.22261,76311.8
2.2,0.0499903,2,0.526706,0.0499903,2.22561,76307.7
2.2,0.0499903,2,0.526706,0.0499903,2.22861,71712.7
2.2,0.0499903,2,0.526706,0.0499903,2.23162,76566
2.2,0.0499903,2,0.526706,0.0499903,2.23462,66575.1
2.2,0.0499903,2,0.526706,0.0499903,2.23762,65898.7
2.2,0.0499903,2,0.526706,0.0499903,2.24062,71742.4
2.2,0.0499903,2,0.526706,0.0499903,2.24362,77317.1
2.2,0.0499903,2,0.526706,0.0499903,2.24662,76768.8
2.2,0.0499903,2,0.526706,0.0499903,2.24962,73964.6
2.2,0.0499903,2,0.526706,0.0499903,2.25263,78001.4
2.2,0.0499903,2,0.526706,0.0499903,2.25563,77850.7
2.2,0.0499903,2,0.526706,0.0499903,2.25863,70776.7
2.2,0.0499903,2,0.526706,0.0499903,2.26163,76372.3
2.2,0.0499903,2,0.526706,0.0499903,2.26463,77238.6
2.2,0.0499903,2,0.526706,0.0499903,2.26763,76510.6
2.2,0.0499903,2,0.526706,0.0499903,2.27064,75196.6
2.2,0.0499903,2,0.526706,0.0499903,2.27364,73015.7
2.2,0.0499903,2,0.526706,0.0499903,2.27664,73289.8
2.2,0.0499903,2,0.526706,0.0499903,2.27964,81037.6
2.2,0.0499903,2,0.526706,0.0499903,2.28264,79280.5
2.2,0.0499903,2,0.526706,0.0499903,2.28564,77824.6
2.2,0.0499903,2,0.526706,0.0499903,2.28864,74242.1
2.2,0.0499903,2,0.526706,0.0499903,2.29165,72441.1
2.2,0.0499903,2,0.526706,0.0499903,2.29465,86949.4
2.2,0.0499903,2,0.526706,0.0499903,2.29765,76834.4
2.2,0.0499903,2,0.526706,0.0499903,2.30065,83032.4
2.2,0.0499903,2,0.526706,0.0499903,2.30365,76298.8
2.2,0.0499903,2,0.526706,0.0499903,2.30665,76380
2.2,0.0499903,2,0.526706,0.0499903,2.30965,76837.6
2.2,0.0499903,2,0.526706,0.0499903,2.31266,91655.5
2.2,0.0499903,2,0.526706,0.0499903,2.31566,88836.7
2.2,0.0499903,2,0.526706,0.0499903,2.31866,84180.4
2.2,0.0499903,2,0.526706,0.0499903,2.32166,80820.3
2.2,0.0499903,2,0.526706,0.0499903,2.32466,76156
2.2,0.0499903,2,0.526706,0.0499903,2.32766,86761.7
2.2,0.0499903,2,0.526706,0.0499903,2.33067,81208.4
2.2,0.0499903,2,0.526706,0.0499903,2.33367,77577.4
2.2,0.0499903,2,0.526706,0.0499903,2.33667,85907.2
2.2,0.0499903,2,0.526706,0.0499903,2.33967,76876.2
2.2,0.0499903,2,0.526706,0.0499903,2.34267,89812.7
2.2,0.0499903,2,0.526706,0.0499903,2.34567,95327.2
2.2,0.0499903,2,0.526706,0.0499903,2.34867,82181.9
2.2,0.0499903,2,0.526706,0.0499903,2.35168,79159.3
2.2,0.0499903,2,0.526706,0.0499903,2.35468,80885.9
2.2,0.0499903,2,0.526706,0.0499903,2.35768,84318.5
2.2,0.0499903,2,0.526706,0.0499903,2.36068,79175.3
2.2,0.0499903,2,0.526706,0.0499903,2.36368,96024.7
2.2,0.0499903,2,0.526706,0.0499903,2.36668,79110.1
2.2,0.0499903,2,0.526706,0.0499903,2.36968,79978.5
2.2,0.0499903,2,0.526706,0.0499903,2.37269,95381.2
2.2,0.0499903,2,0.526706,0.0499903,2.37569,87763.5
2.2,0.0499903,2,0.526706,0.0499903,2.37869,89367.1
2.2,0.0499903,2,0.526706,0.0499903,2.38169,86850.6
2.2,0.0499903,2,0.526706,0.0499903,2.38469,92090.3
2.2,0.0499903,2,0.526706,0.0499903,2.38769,97247
2.2,0.0499903,2,0.526706,0.0499903,2.3907,83375.6
2.2,0.0499903,2,0.526706,0.0499903,2.3937,81735
2.2,0.0499903,2,0.526706,0.0499903,2.3967,87111.4
2.2,0.0499903,2,0.526706,0.0499903,2.3997,86966
2.2,0.0499903,2,0.526706,0.0499903,2.4027,104626
2.2,0.0499903,2,0.526706,0.0499903,2.4057,102201
2.2,0.0499903,2,0.526706,0.0499903,2.4087,91977.6
2.2,0.0499903,2,0.526706,0.0499903,2.41171,86527.9
2.2,0.0499903,2,0.526706,0.0499903,2.41471,91325.5
2.2,0.0499903,2,0.526706,0.0499903,2.41771,103895
2.2,0.0499903,2,0.526706,0.0499903,2.42071,90584.1
2.2,0.0499903,2,0.526706,0.0499903,2.42371,81305.7
2.2,0.0499903,2,0.526706,0.0499903,2.42671,93621.2
2.2,0.0499903,2,0.526706,0.0499903,2.42971,99572.1
2.2,0.0499903,2,0.526706,0.0499903,2.43272,84163.3
2.2,0.0499903,2,0.526706,0.0499903,2.43572,88358.6
2.2,0.0499903,2,0.526706,0.0499903,2.43872,98556.1
2.2,0.0499903,2,0.526706,0.0499903,2.44172,89411.1
2.2,0.0499903,2,0.526706,0.0499903,2.44472,85296
2.2,0.0499903,2,0.526706,0.0499903,2.44772,93452
2.2,0.0499903,2,0.526706,0.0499903,2.45073,84062.5
2.2,0.0499903,2,0.526706,0.0499903,2.45373,96635
2.2,0.0499903,2,0.526706,0.0499903,2.45673,92919.6
2.2,0.0499903,2,0.526706,0.0499903,2.45973,105574
2.2,0.0499903,2,0.526706,0.0499903,2.46273,92910.8
2.2,0.0499903,2,0.526706,0.0499903,2.46573,89279.5
2.2,0.0499903,2,0.526706,0.0499903,2.46873,91040.1
2.2,0.0499903,2,0.526706,0.0499903,2.47174,98533.8
2.2,0.0499903,2,0.526706,0.0499903,2.47474,99333.6
2.2,0.0499903,2,0.526706,0.0499903,2.47774,96452
2.2,0.0499903,2,0.526706,0.0499903,2.48074,86029.9
2.2,0.0499903,2,0.526706,0.0499903,2.48374,85529
2.2,0.0499903,2,0.526706,0.0499903,2.48674,87330.2
2.2,0.0499903,2,0.526706,0.0499903,2.48974,101162
2.2,0.0499903,2,0.526706,0.0499903,2.49275,88123.8
2.2,0.0499903,2,0.526706,0.0499903,2.49575,90136.2
2.2,0.0499903,2,0.526706,0.0499903,2.49875,109901
2.2,0.0499903,2,0.526706,0.0499903,2.50175,87404.6
2.2,0.0499903,2,0.526706,0.0499903,2.50475,96369.9
2.2,0.0499903,2,0.526706,0.0499903,2.50775,98394.2
2.2,0.0499903,2,0.526706,0.0499903,2.51076,86493.3
2.2,0.0499903,2,0.526706,0.0499903,2.51376,109193
2.2,0.0499903,2,0.526706,0.0499903,2.51676,89770.2
2.2,0.0499903,2,0.526706,0.0499903,2.51976,98603.2
2.2,0.0499903,2,0.526706,0.0499903,2.52276,89613.3
2.2,0.0499903,2,0.526706,0.0499903,2.52576,95382
2.2,0.0499903,2,0.526706,0.0499903,2.52876,87565.8
2.2,0.0499903,2,0.526706,0.0499903,2.53177,89040.8
2.2,0.0499903,2,0.526706,0.0499903,2.53477,90239.2
2.2,0.0499903,2,0.526706,0.0499903,2.53777,103505
2.2,0.0499903,2,0.526706,0.0499903,2.54077,88357.8
2.2,0.0499903,2,0.526706,0.0499903,2.54377,107418
2.2,0.0499903,2,0.526706,0.0499903,2.54677,98170.7
2.2,0.0499903,2,0.526706,0.0499903,2.54977,93161.8
2.2,0.0499903,2,0.526706,0.0499903,2.55278,104017
2.2,0.0499903,2,0.526706,0.0499903,2.55578,99948.2
2.2,0.0499903,2,0.526706,0.0499903,2.55878,89460.5
2.2,0.0499903,2,0.526706,0.0499903,2.56178,100294
2.2,0.0499903,2,0.526706,0.0499903,2.56478,101322
2.2,0.0499903,2,0.526706,0.0499903,2.56778,102366
2.2,0.0499903,2,0.526706,0.0499903,2.57079,102243
2.2,0.0499903,2,0.526706,0.0499903,2.57379,95047.7
2.2,0.0499903,2,0.526706,0.0499903,2.57679,95019.7
2.2,0.0499903,2,0.526706,0.0499903,2.57979,104434
2.2,0.0499903,2,0.526706,0.0499903,2.58279,114550
2.2,0.0499903,2,0.526706,0.0499903,2.58579,100296
2.2,0.0499903,2,0.526706,0.0499903,2.58879,103660
2.2,0.0499903,2,0.526706,0.0499903,2.5918,103150
2.2,0.0499903,2,0.526706,0.0499903,2.5948,113106
2.2,0.0499903,2,0.526706,0.0499903,2.5978,103665
2.2,0.0499903,2,0.526706,0.0499903,2.6008,92476.1
2.2,0.0499903,2,0.526706,0.0499903,2.6038,114514
2.2,0.0499903,2,0.526706,0.0499903,2.6068,100727
2.2,0.0499903,2,0.526706,0.0499903,2.6098,113193
2.2,0.0499903,2,0.526706,0.0499903,2.61281,100973
2.2,0.0499903,2,0.526706,0.0499903,2.61581,107724
2.2,0.0499903,2,0.526706,0.0499903,2.61881,108348
2.2,0.0499903,2,0.526706,0.0499903,2.62181,113452
2.2,0.0499903,2,0.526706,0.0499903,2.62481,106602
2.2,0.0499903,2,0.526706,0.0499903,2.62781,98101.2
2.2,0.0499903,2,0.526706,0.0499903,2.63082,98458.3
2.2,0.0499903,2,0.526706,0.0499903,2.63382,108956
2.2,0.0499903,2,0.526706,0.0499903,2.63682,101144
2.2,0.0499903,2,0.526706,0.0499903,2.63982,113003
2.2,0.0499903,2,0.526706,0.0499903,2.64282,119195
2.2,0.0499903,2,0.526706,0.0499903,2.64582,115643
2.2,0.0499903,2,0.526706,0.0499903,2.64882,98470.5
2.2,0.0499903,2,0.526706,0.0499903,2.65183,105308
2.2,0.0499903,2,0.526706,0.0499903,2.65483,104985
2.2,0.0499903,2,0.526706,0.0499903,2.65783,113128
2.2,0.0499903,2,0.526706,0.0499903,2.66083,120494
2.2,0.0499903,2,0.526706,0.0499903,2.66383,115876
2.2,0.0499903,2,0.526706,0.0499903,2.66683,102402
2.2,0.0499903,2,0.526706,0.0499903,2.66983,96342.5
2.2,0.0499903,2,0.526706,0.0499903,2.67284,100258
2.2,0.0499903,2,0.526706,0.0499903,2.67584,101816
2.2,0.0499903,2,0.526706,0.0499903,2.67884,102527
2.2,0.0499903,2,0.526706,0.0499903,2.68184,97760.2
2.2,0.0499903,2,0.526706,0.0499903,2.68484,96896.4
2.2,0.0499903,2,0.526706,0.0499903,2.68784,103158
2.2,0.0499903,2,0.526706,0.0499903,2.69085,101532
2.2,0.0499903,2,0.526706,0.0499903,2.69385,96902.4
2.2,0.0499903,2,0.526706,0.0499903,2.69685,105492
2.2,0.0499903,2,0.526706,0.0499903,2.69985,112213
2.2,0.0499903,2,0.526706,0.0499903,2.70285,101606
2.2,0.0499903,2,0.526706,0.0499903,2.70585,115346
2.2,0.0499903,2,0.526706,0.0499903,2.70885,116091
2.2,0.0499903,2,0.526706,0.0499903,2.71186,101259
2.2,0.0499903,2,0.526706,0.0499903,2.71486,119037
2.2,0.0499903,2,0.526706,0.0499903,2.71786,105700
2.2,0.0499903,2,0.526706,0.0499903,2.72086,121469
2.2,0.0499903,2,0.526706,0.0499903,2.72386,99955.6
2.2,0.0499903,2,0.526706,0.0499903,2.72686,114067
2.2,0.0499903,2,0.526706,0.0499903,2.72986,102028
2.2,0.0499903,2,0.526706,0.0499903,2.73287,121245
2.2,0.0499903,2,0.526706,0.0499903,2.73587,104087
2.2,0.0499903,2,0.526706,0.0499903,2.73887,106602
2.2,0.0499903,2,0.526706,0.0499903,2.74187,100369
2.2,0.0499903,2,0.526706,0.0499903,2.74487,109036
2.2,0.0499903,2,0.526706,0.0499903,2.74787,121737
2.2,0.0499903,2,0.526706,0.0499903,2.75088,101812
2.2,0.0499903,2,0.526706,0.0499903,2.75388,111301
2.2,0.0499903,2,0.526706,0.0499903,2.75688,101903
2.2,0.0499903,2,0.526706,0.0499903,2.75988,105990
2.2,0.0499903,2,0.526706,0.0499903,2.76288,107988
2.2,0.0499903,2,0.526706,0.0499903,2.76588,104296
2.2,0.0499903,2,0.526706,0.0499903,2.76888,110017
2.2,0.0499903,2,0.526706,0.0499903,2.77189,106503
2.2,0.0499903,2,0.526706,0.0499903,2.77489,107400
2.2,0.0499903,2,0.526706,0.0499903,2.77789,106035
2.2,0.0499903,2,0.526706,0.0499903,2.78089,109579
2.2,0.0499903,2,0.526706,0.0499903,2.78389,107439
2.2,0.0499903,2,0.526706,0.0499903,2.78689,102786
2.2,0.0499903,2,0.526706,0.0499903,2.78989,114337
2.2,0.0499903,2,0.526706,0.0499903,2.7929,119602
2.2,0.0499903,2,0.526706,0.0499903,2.7959,111293
2.2,0.0499903,2,0.526706,0.0499903,2.7989,124830
2.2,0.0499903,2,0.526706,0.0499903,2.8019,111374
2.2,0.0499903,2,0.526706,0.0499903,2.8049,124723
2.2,0.0499903,2,0.526706,0.0499903,2.8079,107075
2.2,0.0499903,2,0.526706,0.0499903,2.81091,102379
2.2,0.0499903,2,0.526706,0.0499903,2.81391,108098
2.2,0.0499903,2,0.526706,0.0499903,2.81691,119673
2.2,0.0499903,2,0.526706,0.0499903,2.81991,119005
2.2,0.0499903,2,0.526706,0.0499903,2.82291,124622
2.2,0.0499903,2,0.526706,0.0499903,2.82591,115057
2.2,0.0499903,2,0.526706,0.0499903,2.82891,109168
2.2,0.0499903,2,0.526706,0.0499903,2.83192,128099
2.2,0.0499903,2,0.526706,0.0499903,2.83492,107231
2.2,0.0499903,2,0.526706,0.0499903,2.83792,118980
2.2,0.0499903,2,0.526706,0.0499903,2.84092,105688
2.2,0.0499903,2,0.526706,0.0499903,2.84392,120148
2.2,0.0499903,2,0.526706,0.0499903,2.84692,132247
2.2,0.0499903,2,0.526706,0.0499903,2.84992,109487
2.2,0.0499903,2,0.526706,0.0499903,2.85293,104161
2.2,0.0499903,2,0.526706,0.0499903,2.85593,139063
2.2,0.0499903,2,0.526706,0.0499903,2.85893,118807
2.2,0.0499903,2,0.526706,0.0499903,2.86193,114429
2.2,0.0499903,2,0.526706,0.0499903,2.86493,103983
2.2,0.0499903,2,0.526706,0.0499903,2.86793,114568
2.2,0.0499903,2,0.526706,0.0499903,2.87094,103659
2.2,0.0499903,2,0.526706,0.0499903,2.87394,127310
2.2,0.0499903,2,0.526706,0.0499903,2.87694,113149
2.2,0.0499903,2,0.526706,0.0499903,2.87994,112828
2.2,0.0499903,2,0.526706,0.0499903,2.88294,104788
2.2,0.0499903,2,0.526706,0.0499903,2.88594,108263
2.2,0.0499903,2,0.526706,0.0499903,2.88894,111975
2.2,0.0499903,2,0.526706,0.0499903,2.89195,113943
2.2,0.0499903,2,0.526706,0.0499903,2.89495,106737
2.2,0.0499903,2,0.526706,0.0499903,2.89795,119731
2.2,0.0499903,2,0.526706,0.0499903,2.90095,113343
2.2,0.0499903,2,0.526706,0.0499903,2.90395,123001
2.2,0.0499903,2,0.526706,0.0499903,2.90695,116182
2.2,0.0499903,2,0.526706,0.0499903,2.90995,115135
2.2,0.0499903,2,0.526706,0.0499903,2.91296,122186
2.2,0.0499903,2,0.526706,0.0499903,2.91596,116484
2.2,0.0499903,2,0.526706,0.0499903,2.91896,106783
2.2,0.0499903,2,0.526706,0.0499903,2.92196,115815
2.2,0.0499903,2,0.526706,0.0499903,2.92496,104702
2.2,0.0499903,2,0.526706,0.0499903,2.92796,113165
2.2,0.0499903,2,0.526706,0.0499903,2.93097,120176
2.2,0.0499903,2,0.526706,0.0499903,2.93397,118568
2.2,0.0499903,2,0.526706,0.0499903,2.93697,120287
2.2,0.0499903,2,0.526706,0.0499903,2.93997,109210
2.2,0.0499903,2,0.526706,0.0499903,2.94297,116114
2.2,0.0499903,2,0.526706,0.0499903,2.94597,113417
2.2,0.0499903,2,0.526706,0.0499903,2.94897,121673
2.2,0.0499903,2,0.526706,0.0499903,2.95198,120214
2.2,0.0499903,2,0.526706,0.0499903,2.95498,121066
2.2,0.0499903,2,0.526706,0.0499903,2.95798,133420
2.2,0.0499903,2,0.526706,0.0499903,2.96098,109938
2.2,0.0499903,2,0.526706,0.0499903,2.96398,122985
2.2,0.0499903,2,0.526706,0.0499903,2.96698,112597
2.2,0.0499903,2,0.526706,0.0499903,2.96998,120919
2.2,0.0499903,2,0.526706,0.0499903,2.97299,123959
2.2,0.0499903,2,0.526706,0.0499903,2.97599,118646
2.2,0.0499903,2,0.526706,0.0499903,2.97899,114970
2.2,0.0499903,2,0.526706,0.0499903,2.98199,112926
2.2,0.0499903,2,0.526706,0.0499903,2.98499,117374
2.2,0.0499903,2,0.526706,0.0499903,2.98799,118066
2.2,0.0499903,2,0.526706,0.0499903,2.991,114929
2.2,0.0499903,2,0.526706,0.0499903,2.994,107477
2.2,0.0499903,2,0.526706,0.0499903,2.997,125965
2.2,0.0499903,2,0.526706,0.0499903,3,112123

2.1,0.0650987,2,0.99147,0.0650987,-3,-44726.4
2.1,0.0650987,2,0.99147,0.0650987,-2.997,-45552.7
2.1,0.0650987,2,0.99147,0.0650987,-2.994,-44140.5
2.1,0.0650987,2,0.99147,0.0650987,-2.991,-43756.8
2.1,0.0650987,2,0.99147,0.0650987,-2.98799,-45696
2.1,0.0650987,2,0.99147,0.0650987,-2.98499,-42486.6
2.1,0.0650987,2,0.99147,0.0650987,-2.98199,-45270.6
2.1,0.0650987,2,0.99147,0.0650987,-2.97899,-42569
2.1,0.0650987,2,0.99147,0.0650987,-2.97599,-45700.2
2.1,0.0650987,2,0.99147,0.0650987,-2.97299,-46936
2.1,0.0650987,2,0.99147,0.0650987,-2.96998,-43455.3
2.1,0.0650987,2,0.99147,0.0650987,-2.96698,-47884.7
2.1,0.0650987,2,0.99147,0.0650987,-2.96398,-42129.8
2.1,0.0650987,2,0.99147,0.0650987,-2.96098,-51619.3
2.1,0.0650987,2,0.99147,0.0650987,-2.95798,-42182.8
2.1,0.0650987,2,0.99147,0.0650987,-2.95498,-45270.4
2.1,0.0650987,2,0.99147,0.0650987,-2.95198,-50811.9
2.1,0.0650987,2,0.99147,0.0650987,-2.94897,-46482.8
2.1,0.0650987,2,0.99147,0.0650987,-2.94597,-46447.6
2.1,0.0650987,2,0.99147,0.0650987,-2.94297,-47184.8
2.1,0.0650987,2,0.99147,0.0650987,-2.93997,-48004.6
2.1,0.0650987,2,0.99147,0.0650987,-2.93697,-48413.3
2.1,0.0650987,2,0.99147,0.0650987,-2.93397,-45238.2
2.1,0.0650987,2,0.99147,0.0650987,-2.93097,-44279.6
2.1,0.0650987,2,0.99147,0.0650987,-2.92796,-44801.6
2.1,0.0650987,2,0.99147,0.0650987,-2.92496,-45940.8
2.1,0.0650987,2,0.99147,0.0650987,-2.92196,-45683.8
2.1,0.0650987,2,0.99147,0.0650987,-2.91896,-46277.3
2.1,0.0650987,2,0.99147,0.0650987,-2.91596,-43531.5
2.1,0.0650987,2,0.99147,0.0650987,-2.91296,-42109.9
2.1,0.0650987,2,0.99147,0.0650987,-2.90995,-52324.7
2.1,0.0650987,2,0.99147,0.0650987,-2.90695,-49861.2
2.1,0.0650987,2,0.99147,0.0650987,-2.90395,-44694.8
2.1,0.0650987,2,0.99147,0.0650987,-2.90095,-45445.2
2.1,0.0650987,2,0.99147,0.0650987,-2.89795,-48711.7
2.1,0.0650987,2,0.99147,0.0650987,-2.89495,-45701.4
2.1,0.0650987,2,0.99147,0.0650987,-2.89195,-48408.4
2.1,0.0650987,2,0.99147,0.0650987,-2.88894,-49348.3
2.1,0.0650987,2,0.99147,0.0650987,-2.88594,-43128.3
2.1,0.0650987,2,0.99147,0.0650987,-2.88294,-42479.1
2.1,0.0650987,2,0.99147,0.0650987,-2.87994,-42812.9
2.1,0.0650987,2,0.99147,0.0650987,-2.87694,-45829
2.1,0.0650987,2,0.99147,0.0650987,-2.87394,-45999.5
2.1,0.0650987,2,0.99147,0.0650987,-2.87094,-42482.6
2.1,0.0650987,2,0.99147,0.0650987,-2.86793,-48210.7
2.1,0.0650987,2,0.99147,0.0650987,-2.86493,-45072.9
2.1,0.0650987,2,0.99147,0.0650987,-2.86193,-46142.1
2.1,0.0650987,2,0.99147,0.0650987,-2.85893,-48917.1
2.1,0.0650987,2,0.99147,0.0650987,-2.85593,-47070.3
2.1,0.0650987,2,0.99147,0.0650987,-2.85293,-46116.7
2.1,0.0650987,2,0.99147,0.0650987,-2.84992,-49122.4
2.1,0.0650987,2,0.99147,0.0650987,-2.84692,-46760.1
2.1,0.0650987,2,0.99147,0.0650987,-2.84392,-41948
2.1,0.0650987,2,0.99147,0.0650987,-2.84092,-46983
2.1,0.0650987,2,0.99147,0.0650987,-2.83792,-42697
2.1,0.0650987,2,0.99147,0.0650987,-2.83492,-42738.4
2.1,0.0650987,2,0.99147,0.0650987,-2.83192,-44499.1
2.1,0.0650987,2,0.99147,0.0650987,-2.82891,-45443
2.1,0.0650987,2,0.99147,0.0650987,-2.82591,-48623.8
2.1,0.0650987,2,0.99147,0.0650987,-2.82291,-43777.9
2.1,0.0650987,2,0.99147,0.0650987,-2.81991,-45617.4
2.1,0.0650987,2,0.99147,0.0650987,-2.81691,-42192.1
2.1,0.0650987,2,0.99147,0.0650987,-2.81391,-42321.2
2.1,0.0650987,2,0.99147,0.0650987,-2.81091,-47623.1
2.1,0.0650987,2,0.99147,0.0650987,-2.8079,-47524.3
2.1,0.0650987,2,0.99147,0.0650987,-2.8049,-41940.1
2.1,0.0650987,2,0.99147,0.0650987,-2.8019,-42904.6
2.1,0.0650987,2,0.99147,0.0650987,-2.7989,-41828.3
2.1,0.0650987,2,0.99147,0.0650987,-2.7959,-41766
2.1,0.0650987,2,0.99147,0.0650987,-2.7929,-45275.8
2.1,0.0650987,2,0.99147,0.0650987,-2.78989,-45630.5
2.1,0.0650987,2,0.99147,0.0650987,-2.78689,-49907.4
2.1,0.0650987,2,0.99147,0.0650987,-2.78389,-46100.4
2.1,0.0650987,2,0.99147,0.0650987,-2.78089,-48351.3
2.1,0.0650987,2,0.99147,0.0650987,-2.77789,-47376.2
2.1,0.0650987,2,0.99147,0.0650987,-2.77489,-45721.3
2.1,0.0650987,2,0.99147,0.0650987,-2.77189,-47089.5
2.1,0.0650987,2,0.99147,0.0650987,-2.76888,-45344.6
2.1,0.0650987,2,0.99147,0.0650987,-2.76588,-45964.1
2.1,0.0650987,2,0.99147,0.0650987,-2.76288,-41822.8
2.1,0.0650987,2,0.99147,0.0650987,-2.75988,-43268.1
2.1,0.0650987,2,0.99147,0.0650987,-2.75688,-45408.5
2.1,0.0650987,2,0.99147,0.0650987,-2.75388,-46443.3
2.1,0.0650987,2,0.99147,0.0650987,-2.75088,-48903.8
2.1,0.0650987,2,0.99147,0.0650987,-2.74787,-41940.3
2.1,0.0650987,2,0.99147,0.0650987,-2.74487,-42122.5
2.1,0.0650987,2,0.99147,0.0650987,-2.74187,-48026.7
2.1,0.0650987,2,0.99147,0.0650987,-2.73887,-42342.2
2.1,0.0650987,2,0.99147,0.0650987,-2.73587,-46213.2
2.1,0.0650987,2,0.99147,0.0650987,-2.73287,-48533.5
2.1,0.0650987,2,0.99147,0.0650987,-2.72986,-43182.5
2.1,0.0650987,2,0.99147,0.0650987,-2.72686,-43643.4
2.1,0.0650987,2,0.99147,0.0650987,-2.72386,-44169.2
2.1,0.0650987,2,0.99147,0.0650987,-2.72086,-48146.1
2.1,0.0650987,2,0.99147,0.0650987,-2.71786,-44210.1
2.1,0.0650987,2,0.99147,0.0650987,-2.71486,-49282.1
2.1,0.0650987,2,0.99147,0.0650987,-2.71186,-41541
2.1,0.0650987,2,0.99147,0.0650987,-2.70885,-41972.2
2.1,0.0650987,2,0.99147,0.0650987,-2.70585,-43352.5
2.1,0.0650987,2,0.99147,0.0650987,-2.70285,-47435.4
2.1,0.0650987,2,0.99147,0.0650987,-2.69985,-43731
2.1,0.0650987,2,0.99147,0.0650987,-2.69685,-43429.3
2.1,0.0650987,2,0.99147,0.0650987,-2.69385,-45459.8
2.1,0.0650987,2,0.99147,0.0650987,-2.69085,-41792.1
2.1,0.0650987,2,0.99147,0.0650987,-2.68784,-48221.5
2.1,0.0650987,2,0.99147,0.0650987,-2.68484,-47174.8
2.1,0.0650987,2,0.99147,0.0650987,-2.68184,-46745.5
2.1,0.0650987,2,0.99147,0.0650987,-2.67884,-44091.4
2.1,0.0650987,2,0.99147,0.0650987,-2.67584,-45617.3
2.1,0.0650987,2,0.99147,0.0650987,-2.67284,-44719.7
2.1,0.0650987,2,0.99147,0.0650987,-2.66983,-41438.3
2.1,0.0650987,2,0.99147,0.0650987,-2.66683,-43610.1
2.1,0.0650987,2,0.99147,0.0650987,-2.66383,-42292.7
2.1,0.0650987,2,0.99147,0.0650987,-2.66083,-49018.9
2.1,0.0650987,2,0.99147,0.0650987,-2.65783,-47728.7
2.1,0.0650987,2,0.99147,0.0650987,-2.65483,-45137.1
2.1,0.0650987,2,0.99147,0.0650987,-2.65183,-45392.8
2.1,0.0650987,2,0.99147,0.0650987,-2.64882,-44019.2
2.1,0.0650987,2,0.99147,0.0650987,-2.64582,-43148.4
2.1,0.0650987,2,0.99147,0.0650987,-2.64282,-46399.7
2.1,0.0650987,2,0.99147,0.0650987,-2.63982,-41300.1
2.1,0.0650987,2,0.99147,0.0650987,-2.63682,-47316
2.1,0.0650987,2,0.99147,0.0650987,-2.63382,-52522.3
2.1,0.0650987,2,0.99147,0.0650987,-2.63082,-43633
2.1,0.0650987,2,0.99147,0.0650987,-2.62781,-45920.1
2.1,0.0650987,2,0.99147,0.0650987,-2.62481,-45853.6
2.1,0.0650987,2,0.99147,0.0650987,-2.62181,-43356.4
2.1,0.0650987,2,0.99147,0.0650987,-2.61881,-44773.6
2.1,0.0650987,2,0.99147,0.0650987,-2.61581,-45679.3
2.1,0.0650987,2,0.99147,0.0650987,-2.61281,-45293.4
2.1,0.0650987,2,0.99147,0.0650987,-2.6098,-49080.9
2.1,0.0650987,2,0.99147,0.0650987,-2.6068,-46244.8
2.1,0.0650987,2,0.99147,0.0650987,-2.6038,-43603
2.1,0.0650987,2,0.99147,0.0650987,-2.6008,-47381.7
2.1,0.0650987,2,0.99147,0.0650987,-2.5978,-45196.4
2.1,0.0650987,2,0.99147,0.0650987,-2.5948,-41232.8
2.1,0.0650987,2,0.99147,0.0650987,-2.5918,-44969.3
2.1,0.0650987,2,0.99147,0.0650987,-2.58879,-42052.1
2.1,0.0650987,2,0.99147,0.0650987,-2.58579,-43729.9
2.1,0.0650987,2,0.99147,0.0650987,-2.58279,-47315.3
2.1,0.0650987,2,0.99147,0.0650987,-2.57979,-47402.3
2.1,0.0650987,2,0.99147,0.0650987,-2.57679,-41898.6
2.1,0.0650987,2,0.99147,0.0650987,-2.57379,-40890.8
2.1,0.0650987,2,0.99147,0.0650987,-2.57079,-41889.2
2.1,0.0650987,2,0.99147,0.0650987,-2.56778,-45028.4
2.1,0.0650987,2,0.99147,0.0650987,-2.56478,-42087.2
2.1,0.0650987,2,0.99147,0.0650987,-2.56178,-44115.3
2.1,0.0650987,2,0.99147,0.0650987,-2.55878,-41217.1
2.1,0.0650987,2,0.99147,0.0650987,-2.55578,-41013.6
2.1,0.0650987,2,0.99147,0.0650987,-2.55278,-42132.8
2.1,0.0650987,2,0.99147,0.0650987,-2.54977,-42416.2
2.1,0.0650987,2,0.99147,0.0650987,-2.54677,-41248.2
2.1,0.0650987,2,0.99147,0.0650987,-2.54377,-42241.2
2.1,0.0650987,2,0.99147,0.0650987,-2.54077,-41681.6
2.1,0.0650987,2,0.99147,0.0650987,-2.53777,-41270
2.1,0.0650987,2,0.99147,0.0650987,-2.53477,-46241.6
2.1,0.0650987,2,0.99147,0.0650987,-2.53177,-46991.8
2.1,0.0650987,2,0.99147,0.0650987,-2.52876,-43083.1
2.1,0.0650987,2,0.99147,0.0650987,-2.52576,-46738.8
2.1,0.0650987,2,0.99147,0.0650987,-2.52276,-42761.1
2.1,0.0650987,2,0.99147,0.0650987,-2.51976,-46693.1
2.1,0.0650987,2,0.99147,0.0650987,-2.51676,-42726.8
2.1,0.0650987,2,0.99147,0.0650987,-2.51376,-46826.8
2.1,0.0650987,2,0.99147,0.0650987,-2.51076,-43119.9
2.1,0.0650987,2,0.99147,0.0650987,-2.50775,-41386.4
2.1,0.0650987,2,0.99147,0.0650987,-2.50475,-43592.1
2.1,0.0650987,2,0.99147,0.0650987,-2.50175,-47634.7
2.1,0.0650987,2,0.99147,0.0650987,-2.49875,-45540.1
2.1,0.0650987,2,0.99147,0.0650987,-2.49575,-43720.1
2.1,0.0650987,2,0.99147,0.0650987,-2.49275,-42549.6
2.1,0.0650987,2,0.99147,0.0650987,-2.48974,-40335.1
2.1,0.0650987,2,0.99147,0.0650987,-2.48674,-41991.7
2.1,0.0650987,2,0.99147,0.0650987,-2.48374,-41756.4
2.1,0.0650987,2,0.99147,0.0650987,-2.48074,-44833.1
2.1,0.0650987,2,0.99147,0.0650987,-2.47774,-40679.8
2.1,0.0650987,2,0.99147,0.0650987,-2.47474,-43200.4
2.1,0.0650987,2,0.99147,0.0650987,-2.47174,-45739.6
2.1,0.0650987,2,0.99147,0.0650987,-2.46873,-44352.9
2.1,0.0650987,2,0.99147,0.0650987,-2.46573,-43799.6
2.1,0.0650987,2,0.99147,0.0650987,-2.46273,-45273.9
2.1,0.0650987,2,0.99147,0.0650987,-2.45973,-40778.4
2.1,0.0650987,2,0.99147,0.0650987,-2.45673,-44933.9
2.1,0.0650987,2,0.99147,0.0650987,-2.45373,-43302.3
2.1,0.0650987,2,0.99147,0.0650987,-2.45073,-41618.9
2.1,0.0650987,2,0.99147,0.0650987,-2.44772,-40902.9
2.1,0.0650987,2,0.99147,0.0650987,-2.44472,-43330
2.1,0.0650987,2,0.99147,0.0650987,-2.44172,-45435.7
2.1,0.0650987,2,0.99147,0.0650987,-2.43872,-44016.6
2.1,0.0650987,2,0.99147,0.0650987,-2.43572,-40943.3
2.1,0.0650987,2,0.99147,0.0650987,-2.43272,-41096.4
2.1,0.0650987,2,0.99147,0.0650987,-2.42971,-39927.5
2.1,0.0650987,2,0.99147,0.0650987,-2.42671,-40969
2.1,0.0650987,2,0.99147,0.0650987,-2.42371,-43869.6
2.1,0.0650987,2,0.99147,0.0650987,-2.42071,-41458.1
2.1,0.0650987,2,0.99147,0.0650987,-2.41771,-43797.6
2.1,0.0650987,2,0.99147,0.0650987,-2.41471,-44002.9
2.1,0.0650987,2,0.99147,0.0650987,-2.41171,-39587.3
2.1,0.0650987,2,0.99147,0.0650987,-2.4087,-41604.8
2.1,0.0650987,2,0.99147,0.0650987,-2.4057,-44197.3
2.1,0.0650987,2,0.99147,0.0650987,-2.4027,-46329.3
2.1,0.0650987,2,0.99147,0.0650987,-2.3997,-44141
2.1,0.0650987,2,0.99147,0.0650987,-2.3967,-41200.5
2.1,0.0650987,2,0.99147,0.0650987,-2.3937,-44156.4
2.1,0.0650987,2,0.99147,0.0650987,-2.3907,-40392.1
2.1,0.0650987,2,0.99147,0.0650987,-2.38769,-45597
2.1,0.0650987,2,0.99147,0.0650987,-2.38469,-39994.9
2.1,0.0650987,2,0.99147,0.0650987,-2.38169,-40587.9
2.1,0.0650987,2,0.99147,0.0650987,-2.37869,-39510.1
2.1,0.0650987,2,0.99147,0.0650987,-2.37569,-41654.3
2.1,0.0650987,2,0.99147,0.0650987,-2.37269,-40244
2.1,0.0650987,2,0.99147,0.0650987,-2.36968,-45672.3
2.1,0.0650987,2,0.99147,0.0650987,-2.36668,-42341.9
2.1,0.0650987,2,0.99147,0.0650987,-2.36368,-47911.3
2.1,0.0650987,2,0.99147,0.0650987,-2.36068,-39971.6
2.1,0.0650987,2,0.99147,0.0650987,-2.35768,-41898.4
2.1,0.0650987,2,0.99147,0.0650987,-2.35468,-39005.4
2.1,0.0650987,2,0.99147,0.0650987,-2.35168,-40259
2.1,0.0650987,2,0.99147,0.0650987,-2.34867,-44818
2.1,0.0650987,2,0.99147,0.0650987,-2.34567,-44256.6
2.1,0.0650987,2,0.99147,0.0650987,-2.34267,-39684.8
2.1,0.0650987,2,0.99147,0.0650987,-2.33967,-38606.5
2.1,0.0650987,2,0.99147,0.0650987,-2.33667,-39071.9
2.1,0.0650987,2,0.99147,0.0650987,-2.33367,-38653.3
2.1,0.0650987,2,0.99147,0.0650987,-2.33067,-41065.7
2.1,0.0650987,2,0.99147,0.0650987,-2.32766,-39270.3
2.1,0.0650987,2,0.99147,0.0650987,-2.32466,-42349
2.1,0.0650987,2,0.99147,0.0650987,-2.32166,-43502.8
2.1,0.0650987,2,0.99147,0.0650987,-2.31866,-38990.8
2.1,0.0650987,2,0.99147,0.0650987,-2.31566,-39566.6
2.1,0.0650987,2,0.99147,0.0650987,-2.31266,-44877.8
2.1,0.0650987,2,0.99147,0.0650987,-2.30965,-40957.5
2.1,0.0650987,2,0.99147,0.0650987,-2.30665,-41521
2.1,0.0650987,2,0.99147,0.0650987,-2.30365,-40940
2.1,0.0650987,2,0.99147,0.0650987,-2.30065,-44695
2.1,0.0650987,2,0.99147,0.0650987,-2.29765,-45383.2
2.1,0.0650987,2,0.99147,0.0650987,-2.29465,-39153.1
2.1,0.0650987,2,0.99147,0.0650987,-2.29165,-45341.4
2.1,0.0650987,2,0.99147,0.0650987,-2.28864,-39563.3
2.1,0.0650987,2,0.99147,0.0650987,-2.28564,-38777.3
2.1,0.0650987,2,0.99147,0.0650987,-2.28264,-38342.2
2.1,0.0650987,2,0.99147,0.0650987,-2.27964,-40066.9
2.1,0.0650987,2,0.99147,0.0650987,-2.27664,-38132.3
2.1,0.0650987,2,0.99147,0.0650987,-2.27364,-38480
2.1,0.0650987,2,0.99147,0.0650987,-2.27064,-37922.5
2.1,0.0650987,2,0.99147,0.0650987,-2.26763,-40020
2.1,0.0650987,2,0.99147,0.0650987,-2.26463,-40653.8
2.1,0.0650987,2,0.99147,0.0650987,-2.26163,-38595.2
2.1,0.0650987,2,0.99147,0.0650987,-2.25863,-39552.3
2.1,0.0650987,2,0.99147,0.0650987,-2.25563,-36964
2.1,0.0650987,2,0.99147,0.0650987,-2.25263,-42929.9
2.1,0.0650987,2,0.99147,0.0650987,-2.24962,-43091.4
2.1,0.0650987,2,0.99147,0.0650987,-2.24662,-37827
2.1,0.0650987,2,0.99147,0.0650987,-2.24362,-37307.4
2.1,0.0650987,2,0.99147,0.0650987,-2.24062,-43089.2
2.1,0.0650987,2,0.99147,0.0650987,-2.23762,-42095.3
2.1,0.0650987,2,0.99147,0.0650987,-2.23462,-39817.5
2.1,0.0650987,2,0.99147,0.0650987,-2.23162,-37498.7
2.1,0.0650987,2,0.99147,0.0650987,-2.22861,-40362.1
2.1,0.0650987,2,0.99147,0.0650987,-2.22561,-39706.4
2.1,0.0650987,2,0.99147,0.0650987,-2.22261,-36502.3
2.1,0.0650987,2,0.99147,0.0650987,-2.21961,-36258.1
2.1,0.0650987,2,0.99147,0.0650987,-2.21661,-38848
2.1,0.0650987,2,0.99147,0.0650987,-2.21361,-36746.2
2.1,0.0650987,2,0.99147,0.0650987,-2.21061,-41905.8
2.1,0.0650987,2,0.99147,0.0650987,-2.2076,-36462.9
2.1,0.0650987,2,0.99147,0.0650987,-2.2046,-39091.9
2.1,0.0650987,2,0.99147,0.0650987,-2.2016,-37034.9
2.1,0.0650987,2,0.99147,0.0650987,-2.1986,-36571.9
2.1,0.0650987,2,0.99147,0.0650987,-2.1956,-36588.2
2.1,0.0650987,2,0.99147,0.0650987,-2.1926,-42223.4
2.1,0.0650987,2,0.99147,0.0650987,-2.18959,-37587.9
2.1,0.0650987,2,0.99147,0.0650987,-2.18659,-40600
2.1,0.0650987,2,0.99147,0.0650987,-2.18359,-34971
2.1,0.0650987,2,0.99147,0.0650987,-2.18059,-33939.2
2.1,0.0650987,2,0.99147,0.0650987,-2.17759,-39421.7
2.1,0.0650987,2,0.99147,0.0650987,-2.17459,-35866.1
2.1,0.0650987,2,0.99147,0.0650987,-2.17159,-33584.4
2.1,0.0650987,2,0.99147,0.0650987,-2.16858,-40308.7
2.1,0.0650987,2,0.99147,0.0650987,-2.16558,-36033.1
2.1,0.0650987,2,0.99147,0.0650987,-2.16258,-32299.5
2.1,0.0650987,2,0.99147,0.0650987,-2.15958,-33876.7
2.1,0.0650987,2,0.99147,0.0650987,-2.15658,-32519.5
2.1,0.0650987,2,0.99147,0.0650987,-2.15358,-31494.7
2.1,0.0650987,2,0.99147,0.0650987,-2.15058,-33967.7
2.1,0.0650987,2,0.99147,0.0650987,-2.14757,-28365.7
2.1,0.0650987,2,0.99147,0.0650987,-2.14457,32525.2
2.1,0.0650987,2,0.99147,0.0650987,-2.14157,37461.7
2.1,0.0650987,2,0.99147,0.0650987,-2.13857,33148.4
2.1,0.0650987,2,0.99147,0.0650987,-2.13557,33418.6
2.1,0.0650987,2,0.99147,0.0650987,-2.13257,32869.5
2.1,0.0650987,2,0.99147,0.0650987,-2.12956,38354.8
2.1,0.0650987,2,0.99147,0.0650987,-2.12656,33450.4
2.1,0.0650987,2,0.99147,0.0650987,-2.12356,34572.1
2.1,0.0650987,2,0.99147,0.0650987,-2.12056,34917.1
2.1,0.0650987,2,0.99147,0.0650987,-2.11756,34844.8
2.1,0.0650987,2,0.99147,0.0650987,-2.11456,39432.8
2.1,0.0650987,2,0.99147,0.0650987,-2.11156,34588.5
2.1,0.0650987,2,0.99147,0.0650987,-2.10855,35496.4
2.1,0.0650987,2,0.99147,0.0650987,-2.10555,43737
2.1,0.0650987,2,0.99147,0.0650987,-2.10255,36470.8
2.1,0.0650987,2,0.99147,0.0650987,-2.09955,39293.6
2.1,0.0650987,2,0.99147,0.0650987,-2.09655,36215.6
2.1,0.0650987,2,0.99147,0.0650987,-2.09355,39522.1
2.1,0.0650987,2,0.99147,0.0650987,-2.09055,37739.9
2.1,0.0650987,2,0.99147,0.0650987,-2.08754,35793.3
2.1,0.0650987,2,0.99147,0.0650987,-2.08454,42644
2.1,0.0650987,2,0.99147,0.0650987,-2.08154,36434.3
2.1,0.0650987,2,0.99147,0.0650987,-2.07854,37731.2
2.1,0.0650987,2,0.99147,0.0650987,-2.07554,36576
2.1,0.0650987,2,0.99147,0.0650987,-2.07254,39315.1
2.1,0.0650987,2,0.99147,0.0650987,-2.06953,37592.7
2.1,0.0650987,2,0.99147,0.0650987,-2.06653,40628.6
2.1,0.0650987,2,0.99147,0.0650987,-2.06353,40558
2.1,0.0650987,2,0.99147,0.0650987,-2.06053,37643
2.1,0.0650987,2,0.99147,0.0650987,-2.05753,39514.2
2.1,0.0650987,2,0.99147,0.0650987,-2.05453,38976.8
2.1,0.0650987,2,0.99147,0.0650987,-2.05153,40244.5
2.1,0.0650987,2,0.99147,0.0650987,-2.04852,37225.5
2.1,0.0650987,2,0.99147,0.0650987,-2.04552,43427.8
2.1,0.0650987,2,0.99147,0.0650987,-2.04252,44529.9
2.1,0.0650987,2,0.99147,0.0650987,-2.03952,39336
2.1,0.0650987,2,0.99147,0.0650987,-2.03652,41039.9
2.1,0.0650987,2,0.99147,0.0650987,-2.03352,37823.6
2.1,0.0650987,2,0.99147,0.0650987,-2.03052,38011.5
2.1,0.0650987,2,0.99147,0.0650987,-2.02751,38276.3
2.1,0.0650987,2,0.99147,0.0650987,-2.02451,40000.8
2.1,0.0650987,2,0.99147,0.0650987,-2.02151,41522.7
2.1,0.0650987,2,0.99147,0.0650987,-2.01851,42886.4
2.1,0.0650987,2,0.99147,0.0650987,-2.01551,43177.9
2.1,0.0650987,2,0.99147,0.0650987,-2.01251,43073.1
2.1,0.0650987,2,0.99147,0.0650987,-2.0095,44688.9
2.1,0.0650987,2,0.99147,0.0650987,-2.0065,40608.4
2.1,0.0650987,2,0.99147,0.0650987,-2.0035,38611.8
2.1,0.0650987,2,0.99147,0.0650987,-2.0005,42280.6
2.1,0.0650987,2,0.99147,0.0650987,-1.9975,45513.7
2.1,0.0650987,2,0.99147,0.0650987,-1.9945,45557.1
2.1,0.0650987,2,0.99147,0.0650987,-1.9915,42346.1
2.1,0.0650987,2,0.99147,0.0650987,-1.98849,41022.4
2.1,0.0650987,2,0.99147,0.0650987,-1.98549,39668.8
2.1,0.0650987,2,0.99147,0.0650987,-1.98249,45831.6
2.1,0.0650987,2,0.99147,0.0650987,-1.97949,39972.1
2.1,0.0650987,2,0.99147,0.0650987,-1.97649,39456.5
2.1,0.0650987,2,0.99147,0.0650987,-1.97349,46731.1
2.1,0.0650987,2,0.99147,0.0650987,-1.97049,41842.1
2.1,0.0650987,2,0.99147,0.0650987,-1.96748,42360
2.1,0.0650987,2,0.99147,0.0650987,-1.96448,39337.9
2.1,0.0650987,2,0.99147,0.0650987,-1.96148,49363.2
2.1,0.0650987,2,0.99147,0.0650987,-1.95848,42442.1
2.1,0.0650987,2,0.99147,0.0650987,-1.95548,39458
2.1,0.0650987,2,0.99147,0.0650987,-1.95248,44503.9
2.1,0.0650987,2,0.99147,0.0650987,-1.94947,45496.6
2.1,0.0650987,2,0.99147,0.0650987,-1.94647,40074.9
2.1,0.0650987,2,0.99147,0.0650987,-1.94347,40693.8
2.1,0.0650987,2,0.99147,0.0650987,-1.94047,42041.2
2.1,0.0650987,2,0.99147,0.0650987,-1.93747,44958.3
2.1,0.0650987,2,0.99147,0.0650987,-1.93447,43484.4
2.1,0.0650987,2,0.99147,0.0650987,-1.93147,40690.2
2.1,0.0650987,2,0.99147,0.0650987,-1.92846,43100.8
2.1,0.0650987,2,0.99147,0.0650987,-1.92546,44038
2.1,0.0650987,2,0.99147,0.0650987,-1.92246,43265.1
2.1,0.0650987,2,0.99147,0.0650987,-1.91946,43014.3
2.1,0.0650987,2,0.99147,0.0650987,-1.91646,42106.6
2.1,0.0650987,2,0.99147,0.0650987,-1.91346,43720
2.1,0.0650987,2,0.99147,0.0650987,-1.91046,45758.8
2.1,0.0650987,2,0.99147,0.0650987,-1.90745,44056.5
2.1,0.0650987,2,0.99147,0.0650987,-1.90445,41823.3
2.1,0.0650987,2,0.99147,0.0650987,-1.90145,44791.4
2.1,0.0650987,2,0.99147,0.0650987,-1.89845,45665.2
2.1,0.0650987,2,0.99147,0.0650987,-1.89545,44903.4
2.1,0.0650987,2,0.99147,0.0650987,-1.89245,41512.4
2.1,0.0650987,2,0.99147,0.0650987,-1.88944,44727.6
2.1,0.0650987,2,0.99147,0.0650987,-1.88644,40524.9
2.1,0.0650987,2,0.99147,0.0650987,-1.88344,40064.4
2.1,0.0650987,2,0.99147,0.0650987,-1.88044,43021.9
2.1,0.0650987,2,0.99147,0.0650987,-1.87744,45267.3
2.1,0.0650987,2,0.99147,0.0650987,-1.87444,45316.4
2.1,0.0650987,2,0.99147,0.0650987,-1.87144,44685.8
2.1,0.0650987,2,0.99147,0.0650987,-1.86843,46088.9
2.1,0.0650987,2,0.99147,0.0650987,-1.86543,41533.1
2.1,0.0650987,2,0.99147,0.0650987,-1.86243,40629.8
2.1,0.0650987,2,0.99147,0.0650987,-1.85943,46394.8
2.1,0.0650987,2,0.99147,0.0650987,-1.85643,41832.7
2.1,0.0650987,2,0.99147,0.0650987,-1.85343,46996.7
2.1,0.0650987,2,0.99147,0.0650987,-1.85043,42192.4
2.1,0.0650987,2,0.99147,0.0650987,-1.84742,42596
2.1,0.0650987,2,0.99147,0.0650987,-1.84442,41414.6
2.1,0.0650987,2,0.99147,0.0650987,-1.84142,40813.9
2.1,0.0650987,2,0.99147,0.0650987,-1.83842,44360.3
2.1,0.0650987,2,0.99147,0.0650987,-1.83542,42201.6
2.1,0.0650987,2,0.99147,0.0650987,-1.83242,40565.1
2.1,0.0650987,2,0.99147,0.0650987,-1.82941,42053.7
2.1,0.0650987,2,0.99147,0.0650987,-1.82641,48402.8
2.1,0.0650987,2,0.99147,0.0650987,-1.82341,44114.1
2.1,0.0650987,2,0.99147,0.0650987,-1.82041,42438.5
2.1,0.0650987,2,0.99147,0.0650987,-1.81741,42090
2.1,0.0650987,2,0.99147,0.0650987,-1.81441,41027.8
2.1,0.0650987,2,0.99147,0.0650987,-1.81141,41511.1
2.1,0.0650987,2,0.99147,0.0650987,-1.8084,45761.2
2.1,0.0650987,2,0.99147,0.0650987,-1.8054,48954.9
2.1,0.0650987,2,0.99147,0.0650987,-1.8024,41844.2
2.1,0.0650987,2,0.99147,0.0650987,-1.7994,44961.6
2.1,0.0650987,2,0.99147,0.0650987,-1.7964,44469.5
2.1,0.0650987,2,0.99147,0.0650987,-1.7934,43832
2.1,0.0650987,2,0.99147,0.0650987,-1.7904,44320.2
2.1,0.0650987,2,0.99147,0.0650987,-1.78739,44578.8
2.1,0.0650987,2,0.99147,0.0650987,-1.78439,43985.6
2.1,0.0650987,2,0.99147,0.0650987,-1.78139,42799.8
2.1,0.0650987,2,0.99147,0.0650987,-1.77839,48956.5
2.1,0.0650987,2,0.99147,0.0650987,-1.77539,42061.4
2.1,0.0650987,2,0.99147,0.0650987,-1.77239,45870.7
2.1,0.0650987,2,0.99147,0.0650987,-1.76938,41929.4
2.1,0.0650987,2,0.99147,0.0650987,-1.76638,45820.9
2.1,0.0650987,2,0.99147,0.0650987,-1.76338,47927.5
2.1,0.0650987,2,0.99147,0.0650987,-1.76038,41420.8
2.1,0.0650987,2,0.99147,0.0650987,-1.75738,45705.6
2.1,0.0650987,2,0.99147,0.0650987,-1.75438,42091.3
2.1,0.0650987,2,0.99147,0.0650987,-1.75138,42465.7
2.1,0.0650987,2,0.99147,0.0650987,-1.74837,48687.5
2.1,0.0650987,2,0.99147,0.0650987,-1.74537,54332.3
2.1,0.0650987,2,0.99147,0.0650987,-1.74237,45515
2.1,0.0650987,2,0.99147,0.0650987,-1.73937,47518.9
2.1,0.0650987,2,0.99147,0.0650987,-1.73637,43807.5
2.1,0.0650987,2,0.99147,0.0650987,-1.73337,46277.9
2.1,0.0650987,2,0.99147,0.0650987,-1.73037,42694.9
2.1,0.0650987,2,0.99147,0.0650987,-1.72736,46400.2
2.1,0.0650987,2,0.99147,0.0650987,-1.72436,42482.6
2.1,0.0650987,2,0.99147,0.0650987,-1.72136,49106.3
2.1,0.0650987,2,0.99147,0.0650987,-1.71836,44548.5
2.1,0.0650987,2,0.99147,0.0650987,-1.71536,50532.8
2.1,0.0650987,2,0.99147,0.0650987,-1.71236,44593.5
2.1,0.0650987,2,0.99147,0.0650987,-1.70935,42945.7
2.1,0.0650987,2,0.99147,0.0650987,-1.70635,46146.6
2.1,0.0650987,2,0.99147,0.0650987,-1.70335,47403.7
2.1,0.0650987,2,0.99147,0.0650987,-1.70035,42495.8
2.1,0.0650987,2,0.99147,0.0650987,-1.69735,47120.3
2.1,0.0650987,2,0.99147,0.0650987,-1.69435,51026.2
2.1,0.0650987,2,0.99147,0.0650987,-1.69135,47072.3
2.1,0.0650987,2,0.99147,0.0650987,-1.68834,49085.8
2.1,0.0650987,2,0.99147,0.0650987,-1.68534,47668.1
2.1,0.0650987,2,0.99147,0.0650987,-1.68234,45111.3
2.1,0.0650987,2,0.99147,0.0650987,-1.67934,43314.4
2.1,0.0650987,2,0.99147,0.0650987,-1.67634,44004.1
2.1,0.0650987,2,0.99147,0.0650987,-1.67334,44157.1
2.1,0.0650987,2,0.99147,0.0650987,-1.67034,46814.5
2.1,0.0650987,2,0.99147,0.0650987,-1.66733,46348.5
2.1,0.0650987,2,0.99147,0.0650987,-1.66433,49182
2.1,0.0650987,2,0.99147,0.0650987,-1.66133,44977.4
2.1,0.0650987,2,0.99147,0.0650987,-1.65833,45107.7
2.1,0.0650987,2,0.99147,0.0650987,-1.65533,42475.5
2.1,0.0650987,2,0.99147,0.0650987,-1.65233,42091.6
2.1,0.0650987,2,0.99147,0.0650987,-1.64932,45941.7
2.1,0.0650987,2,0.99147,0.0650987,-1.64632,49240.2
2.1,0.0650987,2,0.99147,0.0650987,-1.64332,44699.1
2.1,0.0650987,2,0.99147,0.0650987,-1.64032,42358.5
2.1,0.0650987,2,0.99147,0.0650987,-1.63732,44962.5
2.1,0.0650987,2,0.99147,0.0650987,-1.63432,47768.5
2.1,0.0650987,2,0.99147,0.0650987,-1.63132,46598.2
2.1,0.0650987,2,0.99147,0.0650987,-1.62831,46574.4
2.1,0.0650987,2,0.99147,0.0650987,-1.62531,42172.2
2.1,0.0650987,2,0.99147,0.0650987,-1.62231,44704
2.1,0.0650987,2,0.99147,0.0650987,-1.61931,48694.5
2.1,0.0650987,2,0.99147,0.0650987,-1.61631,48395.1
2.1,0.0650987,2,0.99147,0.0650987,-1.61331,44305
2.1,0.0650987,2,0.99147,0.0650987,-1.61031,43359.3
2.1,0.0650987,2,0.99147,0.0650987,-1.6073,42714.5
2.1,0.0650987,2,0.99147,0.0650987,-1.6043,46893.4
2.1,0.0650987,2,0.99147,0.0650987,-1.6013,47215.4
2.1,0.0650987,2,0.99147,0.0650987,-1.5983,42583.7
2.1,0.0650987,2,0.99147,0.0650987,-1.5953,45611.1
2.1,0.0650987,2,0.99147,0.0650987,-1.5923,42318.6
2.1,0.0650987,2,0.99147,0.0650987,-1.58929,45705.8
2.1,0.0650987,2,0.99147,0.0650987,-1.58629,44749.2
2.1,0.0650987,2,0.99147,0.0650987,-1.58329,44159.7
2.1,0.0650987,2,0.99147,0.0650987,-1.58029,46108.5
2.1,0.0650987,2,0.99147,0.0650987,-1.57729,42622.3
2.1,0.0650987,2,0.99147,0.0650987,-1.57429,42408.2
2.1,0.0650987,2,0.99147,0.0650987,-1.57129,46678.9
2.1,0.0650987,2,0.99147,0.0650987,-1.56828,44645.6
2.1,0.0650987,2,0.99147,0.0650987,-1.56528,49496.9
2.1,0.0650987,2,0.99147,0.0650987,-1.56228,46630.7
2.1,0.0650987,2,0.99147,0.0650987,-1.55928,44373.9
2.1,0.0650987,2,0.99147,0.0650987,-1.55628,45006
2.1,0.0650987,2,0.99147,0.0650987,-1.55328,46296.2
2.1,0.0650987,2,0.99147,0.0650987,-1.55028,45406.3
2.1,0.0650987,2,0.99147,0.0650987,-1.54727,44244.3
2.1,0.0650987,2,0.99147,0.0650987,-1.54427,42880
2.1,0.0650987,2,0.99147,0.0650987,-1.54127,47310.4
2.1,0.0650987,2,0.99147,0.0650987,-1.53827,43349.2
2.1,0.0650987,2,0.99147,0.0650987,-1.53527,44666.6
2.1,0.0650987,2,0.99147,0.0650987,-1.53227,42483.1
2.1,0.0650987,2,0.99147,0.0650987,-1.52926,44439.8
2.1,0.0650987,2,0.99147,0.0650987,-1.52626,46794.9
2.1,0.0650987,2,0.99147,0.0650987,-1.52326,43744.2
2.1,0.0650987,2,0.99147,0.0650987,-1.52026,45255.9
2.1,0.0650987,2,0.99147,0.0650987,-1.51726,48701.8
2.1,0.0650987,2,0.99147,0.0650987,-1.51426,45979.8
2.1,0.0650987,2,0.99147,0.0650987,-1.51126,43571.1
2.1,0.0650987,2,0.99147,0.0650987,-1.50825,45671.3
2.1,0.0650987,2,0.99147,0.0650987,-1.50525,45586.5
2.1,0.0650987,2,0.99147,0.0650987,-1.50225,43852.7
2.1,0.0650987,2,0.99147,0.0650987,-1.49925,49422.2
2.1,0.0650987,2,0.99147,0.0650987,-1.49625,46136.3
2.1,0.0650987,2,0.99147,0.0650987,-1.49325,50989.4
2.1,0.0650987,2,0.99147,0.0650987,-1.49025,50912.7
2.1,0.0650987,2,0.99147,0.0650987,-1.48724,45450.1
2.1,0.0650987,2,0.99147,0.0650987,-1.48424,48422.6
2.1,0.0650987,2,0.99147,0.0650987,-1.48124,45769
2.1,0.0650987,2,0.99147,0.0650987,-1.47824,46229
2.1,0.0650987,2,0.99147,0.0650987,-1.47524,43244.7
2.1,0.0650987,2,0.99147,0.0650987,-1.47224,49527.8
2.1,0.0650987,2,0.99147,0.0650987,-1.46923,43938
2.1,0.0650987,2,0.99147,0.0650987,-1.46623,50000.8
2.1,0.0650987,2,0.99147,0.0650987,-1.46323,47363.6
2.1,0.0650987,2,0.99147,0.0650987,-1.46023,46334.4
2.1,0.0650987,2,0.99147,0.0650987,-1.45723,52034.8
2.1,0.0650987,2,0.99147,0.0650987,-1.45423,47643.5
2.1,0.0650987,2,0.99147,0.0650987,-1.45123,43225.2
2.1,0.0650987,2,0.99147,0.0650987,-1.44822,45305.8
2.1,0.0650987,2,0.99147,0.0650987,-1.44522,48895.6
2.1,0.0650987,2,0.99147,0.0650987,-1.44222,49434.5
2.1,0.0650987,2,0.99147,0.0650987,-1.43922,43668.1
2.1,0.0650987,2,0.99147,0.0650987,-1.43622,45803.9
2.1,0.0650987,2,0.99147,0.0650987,-1.43322,45454.1
2.1,0.0650987,2,0.99147,0.0650987,-1.43022,48350
2.1,0.0650987,2,0.99147,0.0650987,-1.42721,49487.8
2.1,0.0650987,2,0.99147,0.0650987,-1.42421,44408.6
2.1,0.0650987,2,0.99147,0.0650987,-1.42121,43569.7
2.1,0.0650987,2,0.99147,0.0650987,-1.41821,46699.8
2.1,0.0650987,2,0.99147,0.0650987,-1.41521,48981.9
2.1,0.0650987,2,0.99147,0.0650987,-1.41221,44257.1
2.1,0.0650987,2,0.99147,0.0650987,-1.4092,50275.3
2.1,0.0650987,2,0.99147,0.0650987,-1.4062,46392
2.1,0.0650987,2,0.99147,0.0650987,-1.4032,51180
2.1,0.0650987,2,0.99147,0.0650987,-1.4002,44767.9
2.1,0.0650987,2,0.99147,0.0650987,-1.3972,43179.1
2.1,0.0650987,2,0.99147,0.0650987,-1.3942,48713.7
2.1,0.0650987,2,0.99147,0.0650987,-1.3912,42786.7
2.1,0.0650987,2,0.99147,0.0650987,-1.38819,43874.3
2.1,0.0650987,2,0.99147,0.0650987,-1.38519,51904.5
2.1,0.0650987,2,0.99147,0.0650987,-1.38219,45161.2
2.1,0.0650987,2,0.99147,0.0650987,-1.37919,46933.9
2.1,0.0650987,2,0.99147,0.0650987,-1.37619,44801
2.1,0.0650987,2,0.99147,0.0650987,-1.37319,43183.4
2.1,0.0650987,2,0.99147,0.0650987,-1.37019,44139.2
2.1,0.0650987,2,0.99147,0.0650987,-1.36718,51339.3
2.1,0.0650987,2,0.99147,0.0650987,-1.36418,47733.8
2.1,0.0650987,2,0.99147,0.0650987,-1.36118,52510.5
2.1,0.0650987,2,0.99147,0.0650987,-1.35818,51147.7
2.1,0.0650987,2,0.99147,0.0650987,-1.35518,49121.7
2.1,0.0650987,2,0.99147,0.0650987,-1.35218,45225.1
2.1,0.0650987,2,0.99147,0.0650987,-1.34917,42933.3
2.1,0.0650987,2,0.99147,0.0650987,-1.34617,49778.8
2.1,0.0650987,2,0.99147,0.0650987,-1.34317,46383.5
2.1,0.0650987,2,0.99147,0.0650987,-1.34017,48372.9
2.1,0.0650987,2,0.99147,0.0650987,-1.33717,43724.8
2.1,0.0650987,2,0.99147,0.0650987,-1.33417,45874.2
2.1,0.0650987,2,0.99147,0.0650987,-1.33117,45135.1
2.1,0.0650987,2,0.99147,0.0650987,-1.32816,49633.3
2.1,0.0650987,2,0.99147,0.0650987,-1.32516,44991.3
2.1,0.0650987,2,0.99147,0.0650987,-1.32216,45665.3
2.1,0.0650987,2,0.99147,0.0650987,-1.31916,47748
2.1,0.0650987,2,0.99147,0.0650987,-1.31616,47512.5
2.1,0.0650987,2,0.99147,0.0650987,-1.31316,47452
2.1,0.0650987,2,0.99147,0.0650987,-1.31016,47752.7
2.1,0.0650987,2,0.99147,0.0650987,-1.30715,50382.1
2.1,0.0650987,2,0.99147,0.0650987,-1.30415,48948.6
2.1,0.0650987,2,0.99147,0.0650987,-1.30115,50042.1
2.1,0.0650987,2,0.99147,0.0650987,-1.29815,44545.7
2.1,0.0650987,2,0.99147,0.0650987,-1.29515,44017.9
2.1,0.0650987,2,0.99147,0.0650987,-1.29215,44977.4
2.1,0.0650987,2,0.99147,0.0650987,-1.28914,49797.9
2.1,0.0650987,2,0.99147,0.0650987,-1.28614,50190.3
2.1,0.0650987,2,0.99147,0.0650987,-1.28314,43656.2
2.1,0.0650987,2,0.99147,0.0650987,-1.28014,43466.7
2.1,0.0650987,2,0.99147,0.0650987,-1.27714,44833.4
2.1,0.0650987,2,0.99147,0.0650987,-1.27414,50263.6
2.1,0.0650987,2,0.99147,0.0650987,-1.27114,44389.5
2.1,0.0650987,2,0.99147,0.0650987,-1.26813,53913.6
2.1,0.0650987,2,0.99147,0.0650987,-1.26513,48622.8
2.1,0.0650987,2,0.99147,0.0650987,-1.26213,44363.7
2.1,0.0650987,2,0.99147,0.0650987,-1.25913,42837.5
2.1,0.0650987,2,0.99147,0.0650987,-1.25613,48428.4
2.1,0.0650987,2,0.99147,0.0650987,-1.25313,47783.6
2.1,0.0650987,2,0.99147,0.0650987,-1.25013,49379.1
2.1,0.0650987,2,0.99147,0.0650987,-1.24712,43160.1
2.1,0.0650987,2,0.99147,0.0650987,-1.24412,45958.7
2.1,0.0650987,2,0.99147,0.0650987,-1.24112,42757.1
2.1,0.0650987,2,0.99147,0.0650987,-1.23812,43406.4
2.1,0.0650987,2,0.99147,0.0650987,-1.23512,43691.3
2.1,0.0650987,2,0.99147,0.0650987,-1.23212,47438
2.1,0.0650987,2,0.99147,0.0650987,-1.22911,53347.2
2.1,0.0650987,2,0.99147,0.0650987,-1.22611,46116.1
2.1,0.0650987,2,0.99147,0.0650987,-1.22311,46293.7
2.1,0.0650987,2,0.99147,0.0650987,-1.22011,43754.2
2.1,0.0650987,2,0.99147,0.0650987,-1.21711,47417.3
2.1,0.0650987,2,0.99147,0.0650987,-1.21411,44854.6
2.1,0.0650987,2,0.99147,0.0650987,-1.21111,44205.2
2.1,0.0650987,2,0.99147,0.0650987,-1.2081,44297.3
2.1,0.0650987,2,0.99147,0.0650987,-1.2051,45026.4
2.1,0.0650987,2,0.99147,0.0650987,-1.2021,50593.2
2.1,0.0650987,2,0.99147,0.0650987,-1.1991,43741.1
2.1,0.0650987,2,0.99147,0.0650987,-1.1961,47073.9
2.1,0.0650987,2,0.99147,0.0650987,-1.1931,48557.9
2.1,0.0650987,2,0.99147,0.0650987,-1.1901,44741.8
2.1,0.0650987,2,0.99147,0.0650987,-1.18709,43387.2
2.1,0.0650987,2,0.99147,0.0650987,-1.18409,45652.2
2.1,0.0650987,2,0.99147,0.0650987,-1.18109,49978.5
2.1,0.0650987,2,0.99147,0.0650987,-1.17809,45311.8
2.1,0.0650987,2,0.99147,0.0650987,-1.17509,43746.9
2.1,0.0650987,2,0.99147,0.0650987,-1.17209,45167.6
2.1,0.0650987,2,0.99147,0.0650987,-1.16908,47482
2.1,0.0650987,2,0.99147,0.0650987,-1.16608,48688.6
2.1,0.0650987,2,0.99147,0.0650987,-1.16308,45070.3
2.1,0.0650987,2,0.99147,0.0650987,-1.16008,46283.7
2.1,0.0650987,2,0.99147,0.0650987,-1.15708,45560.8
2.1,0.0650987,2,0.99147,0.0650987,-1.15408,46047.3
2.1,0.0650987,2,0.99147,0.0650987,-1.15108,46390.5
2.1,0.0650987,2,0.99147,0.0650987,-1.14807,51248.9
2.1,0.0650987,2,0.99147,0.0650987,-1.14507,43211.6
2.1,0.0650987,2,0.99147,0.0650987,-1.14207,47548.8
2.1,0.0650987,2,0.99147,0.0650987,-1.13907,45116.7
2.1,0.0650987,2,0.99147,0.0650987,-1.13607,49945.3
2.1,0.0650987,2,0.99147,0.0650987,-1.13307,50499.4
2.1,0.0650987,2,0.99147,0.0650987,-1.13007,47840.5
2.1,0.0650987,2,0.99147,0.0650987,-1.12706,46679.8
2.1,0.0650987,2,0.99147,0.0650987,-1.12406,47469.3
2.1,0.0650987,2,0.99147,0.0650987,-1.12106,45956
2.1,0.0650987,2,0.99147,0.0650987,-1.11806,48748.4
2.1,0.0650987,2,0.99147,0.0650987,-1.11506,46899.3
2.1,0.0650987,2,0.99147,0.0650987,-1.11206,48004.8
2.1,0.0650987,2,0.99147,0.0650987,-1.10905,42549.8
2.1,0.0650987,2,0.99147,0.0650987,-1.10605,47535.7
2.1,0.0650987,2,0.99147,0.0650987,-1.10305,43629.6
2.1,0.0650987,2,0.99147,0.0650987,-1.10005,44969.8
2.1,0.0650987,2,0.99147,0.0650987,-1.09705,45330.7
2.1,0.0650987,2,0.99147,0.0650987,-1.09405,51600.9
2.1,0.0650987,2,0.99147,0.0650987,-1.09105,46356.1
2.1,0.0650987,2,0.99147,0.0650987,-1.08804,44270.6
2.1,0.0650987,2,0.99147,0.0650987,-1.08504,46780.9
2.1,0.0650987,2,0.99147,0.0650987,-1.08204,43795.1
2.1,0.0650987,2,0.99147,0.0650987,-1.07904,42592.2
2.1,0.0650987,2,0.99147,0.0650987,-1.07604,45476.2
2.1,0.0650987,2,0.99147,0.0650987,-1.07304,45720.9
2.1,0.0650987,2,0.99147,0.0650987,-1.07004,44906.7
2.1,0.0650987,2,0.99147,0.0650987,-1.06703,44676.6
2.1,0.0650987,2,0.99147,0.0650987,-1.06403,44888.4
2.1,0.0650987,2,0.99147,0.0650987,-1.06103,47845.2
2.1,0.0650987,2,0.99147,0.0650987,-1.05803,42195.9
2.1,0.0650987,2,0.99147,0.0650987,-1.05503,47255.2
2.1,0.0650987,2,0.99147,0.0650987,-1.05203,46542.6
2.1,0.0650987,2,0.99147,0.0650987,-1.04902,42158.4
2.1,0.0650987,2,0.99147,0.0650987,-1.04602,43770.4
2.1,0.0650987,2,0.99147,0.0650987,-1.04302,47133.4
2.1,0.0650987,2,0.99147,0.0650987,-1.04002,47270.6
2.1,0.0650987,2,0.99147,0.0650987,-1.03702,50390.2
2.1,0.0650987,2,0.99147,0.0650987,-1.03402,50382.7
2.1,0.0650987,2,0.99147,0.0650987,-1.03102,42780.8
2.1,0.0650987,2,0.99147,0.0650987,-1.02801,47910.9
2.1,0.0650987,2,0.99147,0.0650987,-1.02501,44817.4
2.1,0.0650987,2,0.99147,0.0650987,-1.02201,42336.6
2.1,0.0650987,2,0.99147,0.0650987,-1.01901,45839.5
2.1,0.0650987,2,0.99147,0.0650987,-1.01601,42979.6
2.1,0.0650987,2,0.99147,0.0650987,-1.01301,45166.8
2.1,0.0650987,2,0.99147,0.0650987,-1.01001,47526.9
2.1,0.0650987,2,0.99147,0.0650987,-1.007,44847.1
2.1,0.0650987,2,0.99147,0.0650987,-1.004,45302.1
2.1,0.0650987,2,0.99147,0.0650987,-1.001,45624.1
2.1,0.0650987,2,0.99147,0.0650987,-0.997999,50124.9
2.1,0.0650987,2,0.99147,0.0650987,-0.994997,43515.4
2.1,0.0650987,2,0.99147,0.0650987,-0.991996,43819.4
2.1,0.0650987,2,0.99147,0.0650987,-0.988994,43262.5
2.1,0.0650987,2,0.99147,0.0650987,-0.985993,44391.9
2.1,0.0650987,2,0.99147,0.0650987,-0.982991,43054.8
2.1,0.0650987,2,0.99147,0.0650987,-0.97999,44419.9
2.1,0.0650987,2,0.99147,0.0650987,-0.976988,44078.6
2.1,0.0650987,2,0.99147,0.0650987,-0.973987,47516.3
2.1,0.0650987,2,0.99147,0.0650987,-0.970985,43449.3
2.1,0.0650987,2,0.99147,0.0650987,-0.967984,43224.6
2.1,0.0650987,2,0.99147,0.0650987,-0.964982,47214.7
2.1,0.0650987,2,0.99147,0.0650987,-0.961981,41690.9
2.1,0.0650987,2,0.99147,0.0650987,-0.958979,43131.6
2.1,0.0650987,2,0.99147,0.0650987,-0.955978,45152.6
2.1,0.0650987,2,0.99147,0.0650987,-0.952976,47716.1
2.1,0.0650987,2,0.99147,0.0650987,-0.949975,46771.9
2.1,0.0650987,2,0.99147,0.0650987,-0.946973,43590.3
2.1,0.0650987,2,0.99147,0.0650987,-0.943972,52223.4
2.1,0.0650987,2,0.99147,0.0650987,-0.94097,42890
2.1,0.0650987,2,0.99147,0.0650987,-0.937969,50808.8
2.1,0.0650987,2,0.99147,0.0650987,-0.934967,41810.2
2.1,0.0650987,2,0.99147,0.0650987,-0.931966,47918.9
2.1,0.0650987,2,0.99147,0.0650987,-0.928964,42677.8
2.1,0.0650987,2,0.99147,0.0650987,-0.925963,41696.1
2.1,0.0650987,2,0.99147,0.0650987,-0.922961,42342.9
2.1,0.0650987,2,0.99147,0.0650987,-0.91996,45545.7
2.1,0.0650987,2,0.99147,0.0650987,-0.916958,49721
2.1,0.0650987,2,0.99147,0.0650987,-0.913957,41384.7
2.1,0.0650987,2,0.99147,0.0650987,-0.910955,48748.9
2.1,0.0650987,2,0.99147,0.0650987,-0.907954,44730.8
2.1,0.0650987,2,0.99147,0.0650987,-0.904952,42487.8
2.1,0.0650987,2,0.99147,0.0650987,-0.901951,49875.8
2.1,0.0650987,2,0.99147,0.0650987,-0.898949,43846.3
2.1,0.0650987,2,0.99147,0.0650987,-0.895948,41042.7
2.1,0.0650987,2,0.99147,0.0650987,-0.892946,45484.8
2.1,0.0650987,2,0.99147,0.0650987,-0.889945,41571.4
2.1,0.0650987,2,0.99147,0.0650987,-0.886943,43421.3
2.1,0.0650987,2,0.99147,0.0650987,-0.883942,43037.7
2.1,0.0650987,2,0.99147,0.0650987,-0.88094,41310.9
2.1,0.0650987,2,0.99147,0.0650987,-0.877939,45474.4
2.1,0.0650987,2,0.99147,0.0650987,-0.874937,45730.1
2.1,0.0650987,2,0.99147,0.0650987,-0.871936,45280.6
2.1,0.0650987,2,0.99147,0.0650987,-0.868934,42285.7
2.1,0.0650987,2,0.99147,0.0650987,-0.865933,47596.9
2.1,0.0650987,2,0.99147,0.0650987,-0.862931,41593
2.1,0.0650987,2,0.99147,0.0650987,-0.85993,42089.5
2.1,0.0650987,2,0.99147,0.0650987,-0.856928,44936.8
2.1,0.0650987,2,0.99147,0.0650987,-0.853927,40616.2
2.1,0.0650987,2,0.99147,0.0650987,-0.850925,45686.8
2.1,0.0650987,2,0.99147,0.0650987,-0.847924,47513.3
2.1,0.0650987,2,0.99147,0.0650987,-0.844922,41391.5
2.1,0.0650987,2,0.99147,0.0650987,-0.841921,47177.1
2.1,0.0650987,2,0.99147,0.0650987,-0.838919,44231.5
2.1,0.0650987,2,0.99147,0.0650987,-0.835918,40900.5
2.1,0.0650987,2,0.99147,0.0650987,-0.832916,49368.4
2.1,0.0650987,2,0.99147,0.0650987,-0.829915,45306.2
2.1,0.0650987,2,0.99147,0.0650987,-0.826913,41207.4
2.1,0.0650987,2,0.99147,0.0650987,-0.823912,42066
2.1,0.0650987,2,0.99147,0.0650987,-0.82091,46164.5
2.1,0.0650987,2,0.99147,0.0650987,-0.817909,42683.2
2.1,0.0650987,2,0.99147,0.0650987,-0.814907,39968.6
2.1,0.0650987,2,0.99147,0.0650987,-0.811906,45999.4
2.1,0.0650987,2,0.99147,0.0650987,-0.808904,40282.7
2.1,0.0650987,2,0.99147,0.0650987,-0.805903,40172.7
2.1,0.0650987,2,0.99147,0.0650987,-0.802901,40220.2
2.1,0.0650987,2,0.99147,0.0650987,-0.7999,45779.5
2.1,0.0650987,2,0.99147,0.0650987,-0.796898,40989.7
2.1,0.0650987,2,0.99147,0.0650987,-0.793897,45914.6
2.1,0.0650987,2,0.99147,0.0650987,-0.790895,42115.3
2.1,0.0650987,2,0.99147,0.0650987,-0.787894,40849
2.1,0.0650987,2,0.99147,0.0650987,-0.784892,39376.1
2.1,0.0650987,2,0.99147,0.0650987,-0.781891,39212.2
2.1,0.0650987,2,0.99147,0.0650987,-0.778889,39770.7
2.1,0.0650987,2,0.99147,0.0650987,-0.775888,42869.2
2.1,0.0650987,2,0.99147,0.0650987,-0.772886,44317.9
2.1,0.0650987,2,0.99147,0.0650987,-0.769885,39193
2.1,0.0650987,2,0.99147,0.0650987,-0.766883,46596.7
2.1,0.0650987,2,0.99147,0.0650987,-0.763882,41056.7
2.1,0.0650987,2,0.99147,0.0650987,-0.76088,40443.9
2.1,0.0650987,2,0.99147,0.0650987,-0.757879,43545
2.1,0.0650987,2,0.99147,0.0650987,-0.754877,39796.9
2.1,0.0650987,2,0.99147,0.0650987,-0.751876,44892.3
2.1,0.0650987,2,0.99147,0.0650987,-0.748874,43946.3
2.1,0.0650987,2,0.99147,0.0650987,-0.745873,38778.4
2.1,0.0650987,2,0.99147,0.0650987,-0.742871,38352.5
2.1,0.0650987,2,0.99147,0.0650987,-0.73987,43132.1
2.1,0.0650987,2,0.99147,0.0650987,-0.736868,39943.5
2.1,0.0650987,2,0.99147,0.0650987,-0.733867,43371.1
2.1,0.0650987,2,0.99147,0.0650987,-0.730865,39185.1
2.1,0.0650987,2,0.99147,0.0650987,-0.727864,38567.9
2.1,0.0650987,2,0.99147,0.0650987,-0.724862,41066.5
2.1,0.0650987,2,0.99147,0.0650987,-0.721861,39242.2
2.1,0.0650987,2,0.99147,0.0650987,-0.718859,39548.6
2.1,0.0650987,2,0.99147,0.0650987,-0.715858,43617.1
2.1,0.0650987,2,0.99147,0.0650987,-0.712856,38654.9
2.1,0.0650987,2,0.99147,0.0650987,-0.709855,39977.2
2.1,0.0650987,2,0.99147,0.0650987,-0.706853,42117.9
2.1,0.0650987,2,0.99147,0.0650987,-0.703852,40344.4
2.1,0.0650987,2,0.99147,0.0650987,-0.70085,38713.7
2.1,0.0650987,2,0.99147,0.0650987,-0.697849,39251.3
2.1,0.0650987,2,0.99147,0.0650987,-0.694847,41380.3
2.1,0.0650987,2,0.99147,0.0650987,-0.691846,38024.2
2.1,0.0650987,2,0.99147,0.0650987,-0.688844,39015.2
2.1,0.0650987,2,0.99147,0.0650987,-0.685843,40128.3
2.1,0.0650987,2,0.99147,0.0650987,-0.682841,41623.1
2.1,0.0650987,2,0.99147,0.0650987,-0.67984,35449.5
2.1,0.0650987,2,0.99147,0.0650987,-0.676838,36021.8
2.1,0.0650987,2,0.99147,0.0650987,-0.673837,41430.4
2.1,0.0650987,2,0.99147,0.0650987,-0.670835,39279
2.1,0.0650987,2,0.99147,0.0650987,-0.667834,37434.8
2.1,0.0650987,2,0.99147,0.0650987,-0.664832,38507.1
2.1,0.0650987,2,0.99147,0.0650987,-0.661831,37045
2.1,0.0650987,2,0.99147,0.0650987,-0.658829,34390.9
2.1,0.0650987,2,0.99147,0.0650987,-0.655828,36107.9
2.1,0.0650987,2,0.99147,0.0650987,-0.652826,39109.8
2.1,0.0650987,2,0.99147,0.0650987,-0.649825,37047.9
2.1,0.0650987,2,0.99147,0.0650987,-0.646823,30503
2.1,0.0650987,2,0.99147,0.0650987,-0.643822,-32370.9
2.1,0.0650987,2,0.99147,0.0650987,-0.64082,-34435.5
2.1,0.0650987,2,0.99147,0.0650987,-0.637819,-34007.8
2.1,0.0650987,2,0.99147,0.0650987,-0.634817,-34137.8
2.1,0.0650987,2,0.99147,0.0650987,-0.631816,-35646.1
2.1,0.0650987,2,0.99147,0.0650987,-0.628814,-35477.7
2.1,0.0650987,2,0.99147,0.0650987,-0.625813,-35583.2
2.1,0.0650987,2,0.99147,0.0650987,-0.622811,-39806.9
2.1,0.0650987,2,0.99147,0.0650987,-0.61981,-35318.5
2.1,0.0650987,2,0.99147,0.0650987,-0.616808,-37052
2.1,0.0650987,2,0.99147,0.0650987,-0.613807,-36454.4
2.1,0.0650987,2,0.99147,0.0650987,-0.610805,-39994.7
2.1,0.0650987,2,0.99147,0.0650987,-0.607804,-39012.1
2.1,0.0650987,2,0.99147,0.0650987,-0.604802,-36708.6
2.1,0.0650987,2,0.99147,0.0650987,-0.601801,-42628.6
2.1,0.0650987,2,0.99147,0.0650987,-0.598799,-39987
2.1,0.0650987,2,0.99147,0.0650987,-0.595798,-41588.1
2.1,0.0650987,2,0.99147,0.0650987,-0.592796,-39169.1
2.1,0.0650987,2,0.99147,0.0650987,-0.589795,-43426.2
2.1,0.0650987,2,0.99147,0.0650987,-0.586793,-38762.3
2.1,0.0650987,2,0.99147,0.0650987,-0.583792,-37561.5
2.1,0.0650987,2,0.99147,0.0650987,-0.58079,-40731.5
2.1,0.0650987,2,0.99147,0.0650987,-0.577789,-42464.2
2.1,0.0650987,2,0.99147,0.0650987,-0.574787,-44072.6
2.1,0.0650987,2,0.99147,0.0650987,-0.571786,-41860.1
2.1,0.0650987,2,0.99147,0.0650987,-0.568784,-38662.2
2.1,0.0650987,2,0.99147,0.0650987,-0.565783,-44935.4
2.1,0.0650987,2,0.99147,0.0650987,-0.562781,-40120.3
2.1,0.0650987,2,0.99147,0.0650987,-0.55978,-45109.5
2.1,0.0650987,2,0.99147,0.0650987,-0.556778,-41877.4
2.1,0.0650987,2,0.99147,0.0650987,-0.553777,-45782.5
2.1,0.0650987,2,0.99147,0.0650987,-0.550775,-42989.9
2.1,0.0650987,2,0.99147,0.0650987,-0.547774,-43314.3
2.1,0.0650987,2,0.99147,0.0650987,-0.544772,-44098.2
2.1,0.0650987,2,0.99147,0.0650987,-0.541771,-43201.7
2.1,0.0650987,2,0.99147,0.0650987,-0.538769,-40239.4
2.1,0.0650987,2,0.99147,0.0650987,-0.535768,-41005.6
2.1,0.0650987,2,0.99147,0.0650987,-0.532766,-39799.9
2.1,0.0650987,2,0.99147,0.0650987,-0.529765,-39042.5
2.1,0.0650987,2,0.99147,0.0650987,-0.526763,-41085
2.1,0.0650987,2,0.99147,0.0650987,-0.523762,-45128.8
2.1,0.0650987,2,0.99147,0.0650987,-0.52076,-42870.3
2.1,0.0650987,2,0.99147,0.0650987,-0.517759,-39942.3
2.1,0.0650987,2,0.99147,0.0650987,-0.514757,-47460.8
2.1,0.0650987,2,0.99147,0.0650987,-0.511756,-45438.6
2.1,0.0650987,2,0.99147,0.0650987,-0.508754,-43908
2.1,0.0650987,2,0.99147,0.0650987,-0.505753,-41673.2
2.1,0.0650987,2,0.99147,0.0650987,-0.502751,-42153.6
2.1,0.0650987,2,0.99147,0.0650987,-0.49975,-40352.6
2.1,0.0650987,2,0.99147,0.0650987,-0.496748,-44106.3
2.1,0.0650987,2,0.99147,0.0650987,-0.493747,-41165.9
2.1,0.0650987,2,0.99147,0.0650987,-0.490745,-40829
2.1,0.0650987,2,0.99147,0.0650987,-0.487744,-40708.8
2.1,0.0650987,2,0.99147,0.0650987,-0.484742,-40819.2
2.1,0.0650987,2,0.99147,0.0650987,-0.481741,-43692.6
2.1,0.0650987,2,0.99147,0.0650987,-0.478739,-45346.8
2.1,0.0650987,2,0.99147,0.0650987,-0.475738,-40846.8
2.1,0.0650987,2,0.99147,0.0650987,-0.472736,-42229.6
2.1,0.0650987,2,0.99147,0.0650987,-0.469735,-40831.6
2.1,0.0650987,2,0.99147,0.0650987,-0.466733,-40347.7
2.1,0.0650987,2,0.99147,0.0650987,-0.463732,-45580.2
2.1,0.0650987,2,0.99147,0.0650987,-0.46073,-42000.4
2.1,0.0650987,2,0.99147,0.0650987,-0.457729,-42792.9
2.1,0.0650987,2,0.99147,0.0650987,-0.454727,-45612.2
2.1,0.0650987,2,0.99147,0.0650987,-0.451726,-43558.1
2.1,0.0650987,2,0.99147,0.0650987,-0.448724,-42433.7
2.1,0.0650987,2,0.99147,0.0650987,-0.445723,-51672.2
2.1,0.0650987,2,0.99147,0.0650987,-0.442721,-41424.2
2.1,0.0650987,2,0.99147,0.0650987,-0.43972,-47700.1
2.1,0.0650987,2,0.99147,0.0650987,-0.436718,-44650.7
2.1,0.0650987,2,0.99147,0.0650987,-0.433717,-47818.7
2.1,0.0650987,2,0.99147,0.0650987,-0.430715,-46951.1
2.1,0.0650987,2,0.99147,0.0650987,-0.427714,-42790.7
2.1,0.0650987,2,0.99147,0.0650987,-0.424712,-45253.4
2.1,0.0650987,2,0.99147,0.0650987,-0.421711,-41504
2.1,0.0650987,2,0.99147,0.0650987,-0.418709,-47494.4
2.1,0.0650987,2,0.99147,0.0650987,-0.415708,-47010.4
2.1,0.0650987,2,0.99147,0.0650987,-0.412706,-41805.3
2.1,0.0650987,2,0.99147,0.0650987,-0.409705,-44057.9
2.1,0.0650987,2,0.99147,0.0650987,-0.406703,-43989.3
2.1,0.0650987,2,0.99147,0.0650987,-0.403702,-47497.9
2.1,0.0650987,2,0.99147,0.0650987,-0.4007,-41611.7
2.1,0.0650987,2,0.99147,0.0650987,-0.397699,-44085.3
2.1,0.0650987,2,0.99147,0.0650987,-0.394697,-41746.5
2.1,0.0650987,2,0.99147,0.0650987,-0.391696,-46811.7
2.1,0.0650987,2,0.99147,0.0650987,-0.388694,-44267.5
2.1,0.0650987,2,0.99147,0.0650987,-0.385693,-50048.8
2.1,0.0650987,2,0.99147,0.0650987,-0.382691,-46650.5
2.1,0.0650987,2,0.99147,0.0650987,-0.37969,-43312.2
2.1,0.0650987,2,0.99147,0.0650987,-0.376688,-43016.5
2.1,0.0650987,2,0.99147,0.0650987,-0.373687,-49965.2
2.1,0.0650987,2,0.99147,0.0650987,-0.370685,-42269.6
2.1,0.0650987,2,0.99147,0.0650987,-0.367684,-44243.3
2.1,0.0650987,2,0.99147,0.0650987,-0.364682,-46195.6
2.1,0.0650987,2,0.99147,0.0650987,-0.361681,-43525.8
2.1,0.0650987,2,0.99147,0.0650987,-0.358679,-42754
2.1,0.0650987,2,0.99147,0.0650987,-0.355678,-43125.4
2.1,0.0650987,2,0.99147,0.0650987,-0.352676,-47905.2
2.1,0.0650987,2,0.99147,0.0650987,-0.349675,-48906
2.1,0.0650987,2,0.99147,0.0650987,-0.346673,-42228.7
2.1,0.0650987,2,0.99147,0.0650987,-0.343672,-49817.4
2.1,0.0650987,2,0.99147,0.0650987,-0.34067,-44462.1
2.1,0.0650987,2,0.99147,0.0650987,-0.337669,-49479.7
2.1,0.0650987,2,0.99147,0.0650987,-0.334667,-46486.8
2.1,0.0650987,2,0.99147,0.0650987,-0.331666,-46525.2
2.1,0.0650987,2,0.99147,0.0650987,-0.328664,-49662.7
2.1,0.0650987,2,0.99147,0.0650987,-0.325663,-45319.9
2.1,0.0650987,2,0.99147,0.0650987,-0.322661,-43373.1
2.1,0.0650987,2,0.99147,0.0650987,-0.31966,-47137.8
2.1,0.0650987,2,0.99147,0.0650987,-0.316658,-46066.3
2.1,0.0650987,2,0.99147,0.0650987,-0.313657,-44353.1
2.1,0.0650987,2,0.99147,0.0650987,-0.310655,-43484.2
2.1,0.0650987,2,0.99147,0.0650987,-0.307654,-46935.2
2.1,0.0650987,2,0.99147,0.0650987,-0.304652,-48078
2.1,0.0650987,2,0.99147,0.0650987,-0.301651,-43618.5
2.1,0.0650987,2,0.99147,0.0650987,-0.298649,-49001
2.1,0.0650987,2,0.99147,0.0650987,-0.295648,-48219.9
2.1,0.0650987,2,0.99147,0.0650987,-0.292646,-44021.5
2.1,0.0650987,2,0.99147,0.0650987,-0.289645,-44066.5
2.1,0.0650987,2,0.99147,0.0650987,-0.286643,-51175.6
2.1,0.0650987,2,0.99147,0.0650987,-0.283642,-48361.6
2.1,0.0650987,2,0.99147,0.0650987,-0.28064,-47193.3
2.1,0.0650987,2,0.99147,0.0650987,-0.277639,-45244.1
2.1,0.0650987,2,0.99147,0.0650987,-0.274637,-46444.4
2.1,0.0650987,2,0.99147,0.0650987,-0.271636,-46236.1
2.1,0.0650987,2,0.99147,0.0650987,-0.268634,-43671.1
2.1,0.0650987,2,0.99147,0.0650987,-0.265633,-43999.7
2.1,0.0650987,2,0.99147,0.0650987,-0.262631,-47815.3
2.1,0.0650987,2,0.99147,0.0650987,-0.25963,-43123.9
2.1,0.0650987,2,0.99147,0.0650987,-0.256628,-43835.8
2.1,0.0650987,2,0.99147,0.0650987,-0.253627,-44095
2.1,0.0650987,2,0.99147,0.0650987,-0.250625,-44110
2.1,0.0650987,2,0.99147,0.0650987,-0.247624,-44938
2.1,0.0650987,2,0.99147,0.0650987,-0.244622,-50002.2
2.1,0.0650987,2,0.99147,0.0650987,-0.241621,-47743.6
2.1,0.0650987,2,0.99147,0.0650987,-0.238619,-44144.4
2.1,0.0650987,2,0.99147,0.0650987,-0.235618,-44160.6
2.1,0.0650987,2,0.99147,0.0650987,-0.232616,-47029.6
2.1,0.0650987,2,0.99147,0.0650987,-0.229615,-48121.4
2.1,0.0650987,2,0.99147,0.0650987,-0.226613,-47469.5
2.1,0.0650987,2,0.99147,0.0650987,-0.223612,-44205.3
2.1,0.0650987,2,0.99147,0.0650987,-0.22061,-45466.3
2.1,0.0650987,2,0.99147,0.0650987,-0.217609,-44867.8
2.1,0.0650987,2,0.99147,0.0650987,-0.214607,-45557.6
2.1,0.0650987,2,0.99147,0.0650987,-0.211606,-49359.7
2.1,0.0650987,2,0.99147,0.0650987,-0.208604,-48188.3
2.1,0.0650987,2,0.99147,0.0650987,-0.205603,-46372.4
2.1,0.0650987,2,0.99147,0.0650987,-0.202601,-43464.7
2.1,0.0650987,2,0.99147,0.0650987,-0.1996,-49175.3
2.1,0.0650987,2,0.99147,0.0650987,-0.196598,-46948.6
2.1,0.0650987,2,0.99147,0.0650987,-0.193597,-48302.9
2.1,0.0650987,2,0.99147,0.0650987,-0.190595,-43357.1
2.1,0.0650987,2,0.99147,0.0650987,-0.187594,-47706.2
2.1,0.0650987,2,0.99147,0.0650987,-0.184592,-43782.6
2.1,0.0650987,2,0.99147,0.0650987,-0.181591,-44813.1
2.1,0.0650987,2,0.99147,0.0650987,-0.178589,-45164.1
2.1,0.0650987,2,0.99147,0.0650987,-0.175588,-43446.8
2.1,0.0650987,2,0.99147,0.0650987,-0.172586,-46421.6
2.1,0.0650987,2,0.99147,0.0650987,-0.169585,-46940.9
2.1,0.0650987,2,0.99147,0.0650987,-0.166583,-43669.9
2.1,0.0650987,2,0.99147,0.0650987,-0.163582,-46039.1
2.1,0.0650987,2,0.99147,0.0650987,-0.16058,-47276.6
2.1,0.0650987,2,0.99147,0.0650987,-0.157579,-45829.7
2.1,0.0650987,2,0.99147,0.0650987,-0.154577,-44961.6
2.1,0.0650987,2,0.99147,0.0650987,-0.151576,-47722.8
2.1,0.0650987,2,0.99147,0.0650987,-0.148574,-46587
2.1,0.0650987,2,0.99147,0.0650987,-0.145573,-48745.9
2.1,0.0650987,2,0.99147,0.0650987,-0.142571,-51249.5
2.1,0.0650987,2,0.99147,0.0650987,-0.13957,-48836.4
2.1,0.0650987,2,0.99147,0.0650987,-0.136568,-49743.6
2.1,0.0650987,2,0.99147,0.0650987,-0.133567,-46345.6
2.1,0.0650987,2,0.99147,0.0650987,-0.130565,-48409.5
2.1,0.0650987,2,0.99147,0.0650987,-0.127564,-47393
2.1,0.0650987,2,0.99147,0.0650987,-0.124562,-49408.6
2.1,0.0650987,2,0.99147,0.0650987,-0.121561,-48836.2
2.1,0.0650987,2,0.99147,0.0650987,-0.118559,-48258
2.1,0.0650987,2,0.99147,0.0650987,-0.115558,-48548.8
2.1,0.0650987,2,0.99147,0.0650987,-0.112556,-46273.4
2.1,0.0650987,2,0.99147,0.0650987,-0.109555,-47043
2.1,0.0650987,2,0.99147,0.0650987,-0.106553,-49412.7
2.1,0.0650987,2,0.99147,0.0650987,-0.103552,-49646.1
2.1,0.0650987,2,0.99147,0.0650987,-0.10055,-48712.8
2.1,0.0650987,2,0.99147,0.0650987,-0.0975488,-49782.6
2.1,0.0650987,2,0.99147,0.0650987,-0.0945473,-48894.2
2.1,0.0650987,2,0.99147,0.0650987,-0.0915458,-48801.3
2.1,0.0650987,2,0.99147,0.0650987,-0.0885443,-47413.4
2.1,0.0650987,2,0.99147,0.0650987,-0.0855428,-50450.4
2.1,0.0650987,2,0.99147,0.0650987,-0.0825413,-44944.3
2.1,0.0650987,2,0.99147,0.0650987,-0.0795398,-44541.3
2.1,0.0650987,2,0.99147,0.0650987,-0.0765383,-53927.8
2.1,0.0650987,2,0.99147,0.0650987,-0.0735368,-44417.2
2.1,0.0650987,2,0.99147,0.0650987,-0.0705353,-52327
2.1,0.0650987,2,0.99147,0.0650987,-0.0675338,-44147.2
2.1,0.0650987,2,0.99147,0.0650987,-0.0645323,-51118.6
2.1,0.0650987,2,0.99147,0.0650987,-0.0615308,-49082.6
2.1,0.0650987,2,0.99147,0.0650987,-0.0585293,-46134.4
2.1,0.0650987,2,0.99147,0.0650987,-0.0555278,-44938.9
2.1,0.0650987,2,0.99147,0.0650987,-0.0525263,-44661.4
2.1,0.0650987,2,0.99147,0.0650987,-0.0495248,-46065.9
2.1,0.0650987,2,0.99147,0.0650987,-0.0465233,-49058.5
2.1,0.0650987,2,0.99147,0.0650987,-0.0435218,-48154.7
2.1,0.0650987,2,0.99147,0.0650987,-0.0405203,-48546.8
2.1,0.0650987,2,0.99147,0.0650987,-0.0375188,-52371.3
2.1,0.0650987,2,0.99147,0.0650987,-0.0345173,-44771.3
2.1,0.0650987,2,0.99147,0.0650987,-0.0315158,-49888.7
2.1,0.0650987,2,0.99147,0.0650987,-0.0285143,-44480.6
2.1,0.0650987,2,0.99147,0.0650987,-0.0255128,-48660.2
2.1,0.0650987,2,0.99147,0.0650987,-0.0225113,-51178.5
2.1,0.0650987,2,0.99147,0.0650987,-0.0195098,-47520.4
2.1,0.0650987,2,0.99147,0.0650987,-0.0165083,-44083.9
2.1,0.0650987,2,0.99147,0.0650987,-0.0135068,-46002.4
2.1,0.0650987,2,0.99147,0.0650987,-0.0105053,-51389.5
2.1,0.0650987,2,0.99147,0.0650987,-0.00750375,-45613.7
2.1,0.0650987,2,0.99147,0.0650987,-0.00450225,-45936.5
2.1,0.0650987,2,0.99147,0.0650987,-0.00150075,-49665.1
2.1,0.0650987,2,0.99147,0.0650987,0.00150075,-48485.9
2.1,0.0650987,2,0.99147,0.0650987,0.00450225,-49388.6
2.1,0.0650987,2,0.99147,0.0650987,0.00750375,-51848.1
2.1,0.0650987,2,0.99147,0.0650987,0.0105053,-46136.6
2.1,0.0650987,2,0.99147,0.0650987,0.0135068,-48428.4
2.1,0.0650987,2,0.99147,0.0650987,0.0165083,-48648.2
2.1,0.0650987,2,0.99147,0.0650987,0.0195098,-52628.4
2.1,0.0650987,2,0.99147,0.0650987,0.0225113,-48724.7
2.1,0.0650987,2,0.99147,0.0650987,0.0255128,-50366
2.1,0.0650987,2,0.99147,0.0650987,0.0285143,-52261.2
2.1,0.0650987,2,0.99147,0.0650987,0.0315158,-51515.4
2.1,0.0650987,2,0.99147,0.0650987,0.0345173,-48519.6
2.1,0.0650987,2,0.99147,0.0650987,0.0375188,-47476.7
2.1,0.0650987,2,0.99147,0.0650987,0.0405203,-52520
2.1,0.0650987,2,0.99147,0.0650987,0.0435218,-47835.4
2.1,0.0650987,2,0.99147,0.0650987,0.0465233,-45306.4
2.1,0.0650987,2,0.99147,0.0650987,0.0495248,-45631.6
2.1,0.0650987,2,0.99147,0.0650987,0.0525263,-44437.4
2.1,0.0650987,2,0.99147,0.0650987,0.0555278,-48610.6
2.1,0.0650987,2,0.99147,0.0650987,0.0585293,-52242.3
2.1,0.0650987,2,0.99147,0.0650987,0.0615308,-51343.5
2.1,0.0650987,2,0.99147,0.0650987,0.0645323,-48428.8
2.1,0.0650987,2,0.99147,0.0650987,0.0675338,-47227.8
2.1,0.0650987,2,0.99147,0.0650987,0.0705353,-53135.7
2.1,0.0650987,2,0.99147,0.0650987,0.0735368,-52193.5
2.1,0.0650987,2,0.99147,0.0650987,0.0765383,-51188.2
2.1,0.0650987,2,0.99147,0.0650987,0.0795398,-44219.6
2.1,0.0650987,2,0.99147,0.0650987,0.0825413,-51401.6
2.1,0.0650987,2,0.99147,0.0650987,0.0855428,-45018.7
2.1,0.0650987,2,0.99147,0.0650987,0.0885443,-51683.5
2.1,0.0650987,2,0.99147,0.0650987,0.0915458,-49134.1
2.1,0.0650987,2,0.99147,0.0650987,0.0945473,-52062.6
2.1,0.0650987,2,0.99147,0.0650987,0.0975488,-46311.5
2.1,0.0650987,2,0.99147,0.0650987,0.10055,-48398.5
2.1,0.0650987,2,0.99147,0.0650987,0.103552,-44357.3
2.1,0.0650987,2,0.99147,0.0650987,0.106553,-48334.4
2.1,0.0650987,2,0.99147,0.0650987,0.109555,-50128.9
2.1,0.0650987,2,0.99147,0.0650987,0.112556,-46190.5
2.1,0.0650987,2,0.99147,0.0650987,0.115558,-46836.7
2.1,0.0650987,2,0.99147,0.0650987,0.118559,-45118.3
2.1,0.0650987,2,0.99147,0.0650987,0.121561,-52761.4
2.1,0.0650987,2,0.99147,0.0650987,0.124562,-47503.8
2.1,0.0650987,2,0.99147,0.0650987,0.127564,-49582.8
2.1,0.0650987,2,0.99147,0.0650987,0.130565,-49301.2
2.1,0.0650987,2,0.99147,0.0650987,0.133567,-48624.5
2.1,0.0650987,2,0.99147,0.0650987,0.136568,-49533.6
2.1,0.0650987,2,0.99147,0.0650987,0.13957,-48742.1
2.1,0.0650987,2,0.99147,0.0650987,0.142571,-49121.2
2.1,0.0650987,2,0.99147,0.0650987,0.145573,-46846.9
2.1,0.0650987,2,0.99147,0.0650987,0.148574,-45239.7
2.1,0.0650987,2,0.99147,0.0650987,0.151576,-46154.8
2.1,0.0650987,2,0.99147,0.0650987,0.154577,-52691
2.1,0.0650987,2,0.99147,0.0650987,0.157579,-52131.6
2.1,0.0650987,2,0.99147,0.0650987,0.16058,-49872.2
2.1,0.0650987,2,0.99147,0.0650987,0.163582,-46569.2
2.1,0.0650987,2,0.99147,0.0650987,0.166583,-55017.9
2.1,0.0650987,2,0.99147,0.0650987,0.169585,-49815.8
2.1,0.0650987,2,0.99147,0.0650987,0.172586,-50867.6
2.1,0.0650987,2,0.99147,0.0650987,0.175588,-50893.4
2.1,0.0650987,2,0.99147,0.0650987,0.178589,-49973.8
2.1,0.0650987,2,0.99147,0.0650987,0.181591,-52670.8
2.1,0.0650987,2,0.99147,0.0650987,0.184592,-47260.7
2.1,0.0650987,2,0.99147,0.0650987,0.187594,-43938.6
2.1,0.0650987,2,0.99147,0.0650987,0.190595,-47087.9
2.1,0.0650987,2,0.99147,0.0650987,0.193597,-47325.9
2.1,0.0650987,2,0.99147,0.0650987,0.196598,-46542.7
2.1,0.0650987,2,0.99147,0.0650987,0.1996,-44387.9
2.1,0.0650987,2,0.99147,0.0650987,0.202601,-47485.9
2.1,0.0650987,2,0.99147,0.0650987,0.205603,-45606.1
2.1,0.0650987,2,0.99147,0.0650987,0.208604,-46169.9
2.1,0.0650987,2,0.99147,0.0650987,0.211606,-49595.4
2.1,0.0650987,2,0.99147,0.0650987,0.214607,-47892.1
2.1,0.0650987,2,0.99147,0.0650987,0.217609,-48834.6
2.1,0.0650987,2,0.99147,0.0650987,0.22061,-48346.6
2.1,0.0650987,2,0.99147,0.0650987,0.223612,-47195.2
2.1,0.0650987,2,0.99147,0.0650987,0.226613,-44359.3
2.1,0.0650987,2,0.99147,0.0650987,0.229615,-51031.3
2.1,0.0650987,2,0.99147,0.0650987,0.232616,-47648
2.1,0.0650987,2,0.99147,0.0650987,0.235618,-47210.6
2.1,0.0650987,2,0.99147,0.0650987,0.238619,-43852
2.1,0.0650987,2,0.99147,0.0650987,0.241621,-48647.5
2.1,0.0650987,2,0.99147,0.0650987,0.244622,-51389.7
2.1,0.0650987,2,0.99147,0.0650987,0.247624,-51014.1
2.1,0.0650987,2,0.99147,0.0650987,0.250625,-45873.5
2.1,0.0650987,2,0.99147,0.0650987,0.253627,-49849.2
2.1,0.0650987,2,0.99147,0.0650987,0.256628,-46640.5
2.1,0.0650987,2,0.99147,0.0650987,0.25963,-45864.3
2.1,0.0650987,2,0.99147,0.0650987,0.262631,-47712.5
2.1,0.0650987,2,0.99147,0.0650987,0.265633,-43649.9
2.1,0.0650987,2,0.99147,0.0650987,0.268634,-49205.2
2.1,0.0650987,2,0.99147,0.0650987,0.271636,-43843.3
2.1,0.0650987,2,0.99147,0.0650987,0.274637,-46953.3
2.1,0.0650987,2,0.99147,0.0650987,0.277639,-46818.6
2.1,0.0650987,2,0.99147,0.0650987,0.28064,-44593.5
2.1,0.0650987,2,0.99147,0.0650987,0.283642,-49163.5
2.1,0.0650987,2,0.99147,0.0650987,0.286643,-48499.7
2.1,0.0650987,2,0.99147,0.0650987,0.289645,-49815.2
2.1,0.0650987,2,0.99147,0.0650987,0.292646,-49539.9
2.1,0.0650987,2,0.99147,0.0650987,0.295648,-44997.4
2.1,0.0650987,2,0.99147,0.0650987,0.298649,-50430.6
2.1,0.0650987,2,0.99147,0.0650987,0.301651,-45937.1
2.1,0.0650987,2,0.99147,0.0650987,0.304652,-48230
2.1,0.0650987,2,0.99147,0.0650987,0.307654,-44430.2
2.1,0.0650987,2,0.99147,0.0650987,0.310655,-44734.2
2.1,0.0650987,2,0.99147,0.0650987,0.313657,-47937.4
2.1,0.0650987,2,0.99147,0.0650987,0.316658,-49096.3
2.1,0.0650987,2,0.99147,0.0650987,0.31966,-49138.5
2.1,0.0650987,2,0.99147,0.0650987,0.322661,-51512.4
2.1,0.0650987,2,0.99147,0.0650987,0.325663,-51725.2
2.1,0.0650987,2,0.99147,0.0650987,0.328664,-48331.2
2.1,0.0650987,2,0.99147,0.0650987,0.331666,-49987.7
2.1,0.0650987,2,0.99147,0.0650987,0.334667,-47906.8
2.1,0.0650987,2,0.99147,0.0650987,0.337669,-44372.6
2.1,0.0650987,2,0.99147,0.0650987,0.34067,-48954.2
2.1,0.0650987,2,0.99147,0.0650987,0.343672,-48499.5
2.1,0.0650987,2,0.99147,0.0650987,0.346673,-46447.8
2.1,0.0650987,2,0.99147,0.0650987,0.349675,-47488.8
2.1,0.0650987,2,0.99147,0.0650987,0.352676,-42993.1
2.1,0.0650987,2,0.99147,0.0650987,0.355678,-45120.7
2.1,0.0650987,2,0.99147,0.0650987,0.358679,-42941.6
2.1,0.0650987,2,0.99147,0.0650987,0.361681,-45315.2
2.1,0.0650987,2,0.99147,0.0650987,0.364682,-51807.7
2.1,0.0650987,2,0.99147,0.0650987,0.367684,-50049
2.1,0.0650987,2,0.99147,0.0650987,0.370685,-49763.2
2.1,0.0650987,2,0.99147,0.0650987,0.373687,-48527.9
2.1,0.0650987,2,0.99147,0.0650987,0.376688,-50858.1
2.1,0.0650987,2,0.99147,0.0650987,0.37969,-46807.1
2.1,0.0650987,2,0.99147,0.0650987,0.382691,-43313.5
2.1,0.0650987,2,0.99147,0.0650987,0.385693,-42684.2
2.1,0.0650987,2,0.99147,0.0650987,0.388694,-48249.4
2.1,0.0650987,2,0.99147,0.0650987,0.391696,-44315.7
2.1,0.0650987,2,0.99147,0.0650987,0.394697,-45635.8
2.1,0.0650987,2,0.99147,0.0650987,0.397699,-49857.8
2.1,0.0650987,2,0.99147,0.0650987,0.4007,-48308.6
2.1,0.0650987,2,0.99147,0.0650987,0.403702,-48519.9
2.1,0.0650987,2,0.99147,0.0650987,0.406703,-42184.2
2.1,0.0650987,2,0.99147,0.0650987,0.409705,-47332.7
2.1,0.0650987,2,0.99147,0.0650987,0.412706,-45674.9
2.1,0.0650987,2,0.99147,0.0650987,0.415708,-43779.1
2.1,0.0650987,2,0.99147,0.0650987,0.418709,-43359.8
2.1,0.0650987,2,0.99147,0.0650987,0.421711,-42633
2.1,0.0650987,2,0.99147,0.0650987,0.424712,-47903.6
2.1,0.0650987,2,0.99147,0.0650987,0.427714,-45512.2
2.1,0.0650987,2,0.99147,0.0650987,0.430715,-42696.6
2.1,0.0650987,2,0.99147,0.0650987,0.433717,-41838.5
2.1,0.0650987,2,0.99147,0.0650987,0.436718,-43842.2
2.1,0.0650987,2,0.99147,0.0650987,0.43972,-45301.5
2.1,0.0650987,2,0.99147,0.0650987,0.442721,-41892.8
2.1,0.0650987,2,0.99147,0.0650987,0.445723,-46010.3
2.1,0.0650987,2,0.99147,0.0650987,0.448724,-42960.3
2.1,0.0650987,2,0.99147,0.0650987,0.451726,-48936.9
2.1,0.0650987,2,0.99147,0.0650987,0.454727,-44985.8
2.1,0.0650987,2,0.99147,0.0650987,0.457729,-44187.2
2.1,0.0650987,2,0.99147,0.0650987,0.46073,-43592.7
2.1,0.0650987,2,0.99147,0.0650987,0.463732,-46442.7
2.1,0.0650987,2,0.99147,0.0650987,0.466733,-47412.1
2.1,0.0650987,2,0.99147,0.0650987,0.469735,-48268.4
2.1,0.0650987,2,0.99147,0.0650987,0.472736,-41397.4
2.1,0.0650987,2,0.99147,0.0650987,0.475738,-41566.8
2.1,0.0650987,2,0.99147,0.0650987,0.478739,-43408.8
2.1,0.0650987,2,0.99147,0.0650987,0.481741,-47603.9
2.1,0.0650987,2,0.99147,0.0650987,0.484742,-42670.2
2.1,0.0650987,2,0.99147,0.0650987,0.487744,-41818.5
2.1,0.0650987,2,0.99147,0.0650987,0.490745,-43437.8
2.1,0.0650987,2,0.99147,0.0650987,0.493747,-44573.7
2.1,0.0650987,2,0.99147,0.0650987,0.496748,-46058.1
2.1,0.0650987,2,0.99147,0.0650987,0.49975,-43732
2.1,0.0650987,2,0.99147,0.0650987,0.502751,-40968.9
2.1,0.0650987,2,0.99147,0.0650987,0.505753,-44186.2
2.1,0.0650987,2,0.99147,0.0650987,0.508754,-40887.1
2.1,0.0650987,2,0.99147,0.0650987,0.511756,-47870.9
2.1,0.0650987,2,0.99147,0.0650987,0.514757,-40966.6
2.1,0.0650987,2,0.99147,0.0650987,0.517759,-40572.9
2.1,0.0650987,2,0.99147,0.0650987,0.52076,-45726.6
2.1,0.0650987,2,0.99147,0.0650987,0.523762,-39839.1
2.1,0.0650987,2,0.99147,0.0650987,0.526763,-43990.6
2.1,0.0650987,2,0.99147,0.0650987,0.529765,-40659.1
2.1,0.0650987,2,0.99147,0.0650987,0.532766,-45120.4
2.1,0.0650987,2,0.99147,0.0650987,0.535768,-40909.2
2.1,0.0650987,2,0.99147,0.0650987,0.538769,-42076.6
2.1,0.0650987,2,0.99147,0.0650987,0.541771,-43389.5
2.1,0.0650987,2,0.99147,0.0650987,0.544772,-39524.2
2.1,0.0650987,2,0.99147,0.0650987,0.547774,-38654.5
2.1,0.0650987,2,0.99147,0.0650987,0.550775,-43889.1
2.1,0.0650987,2,0.99147,0.0650987,0.553777,-41868.6
2.1,0.0650987,2,0.99147,0.0650987,0.556778,-38263
2.1,0.0650987,2,0.99147,0.0650987,0.55978,-42968.4
2.1,0.0650987,2,0.99147,0.0650987,0.562781,-38447
2.1,0.0650987,2,0.99147,0.0650987,0.565783,-40034.4
2.1,0.0650987,2,0.99147,0.0650987,0.568784,-42090.7
2.1,0.0650987,2,0.99147,0.0650987,0.571786,-37173.2
2.1,0.0650987,2,0.99147,0.0650987,0.574787,-41017.9
2.1,0.0650987,2,0.99147,0.0650987,0.577789,-42161.1
2.1,0.0650987,2,0.99147,0.0650987,0.58079,-37722.8
2.1,0.0650987,2,0.99147,0.0650987,0.583792,-37310.2
2.1,0.0650987,2,0.99147,0.0650987,0.586793,-33076.9
2.1,0.0650987,2,0.99147,0.0650987,0.589795,31450.4
2.1,0.0650987,2,0.99147,0.0650987,0.592796,39316.5
2.1,0.0650987,2,0.99147,0.0650987,0.595798,36938.8
2.1,0.0650987,2,0.99147,0.0650987,0.598799,35725.1
2.1,0.0650987,2,0.99147,0.0650987,0.601801,41446.1
2.1,0.0650987,2,0.99147,0.0650987,0.604802,39506
2.1,0.0650987,2,0.99147,0.0650987,0.607804,41606.9
2.1,0.0650987,2,0.99147,0.0650987,0.610805,45243.6
2.1,0.0650987,2,0.99147,0.0650987,0.613807,39178.9
2.1,0.0650987,2,0.99147,0.0650987,0.616808,42652.3
2.1,0.0650987,2,0.99147,0.0650987,0.61981,41368.3
2.1,0.0650987,2,0.99147,0.0650987,0.622811,40384.6
2.1,0.0650987,2,0.99147,0.0650987,0.625813,40797.8
2.1,0.0650987,2,0.99147,0.0650987,0.628814,43655.5
2.1,0.0650987,2,0.99147,0.0650987,0.631816,44158
2.1,0.0650987,2,0.99147,0.0650987,0.634817,42235.2
2.1,0.0650987,2,0.99147,0.0650987,0.637819,39006
2.1,0.0650987,2,0.99147,0.0650987,0.64082,42822.4
2.1,0.0650987,2,0.99147,0.0650987,0.643822,44284.9
2.1,0.0650987,2,0.99147,0.0650987,0.646823,44065.5
2.1,0.0650987,2,0.99147,0.0650987,0.649825,40562.1
2.1,0.0650987,2,0.99147,0.0650987,0.652826,45189.3
2.1,0.0650987,2,0.99147,0.0650987,0.655828,39845
2.1,0.0650987,2,0.99147,0.0650987,0.658829,40386.1
2.1,0.0650987,2,0.99147,0.0650987,0.661831,44721.7
2.1,0.0650987,2,0.99147,0.0650987,0.664832,45058.4
2.1,0.0650987,2,0.99147,0.0650987,0.667834,47738.3
2.1,0.0650987,2,0.99147,0.0650987,0.670835,49578
2.1,0.0650987,2,0.99147,0.0650987,0.673837,46760.4
2.1,0.0650987,2,0.99147,0.0650987,0.676838,45388.1
2.1,0.0650987,2,0.99147,0.0650987,0.67984,48221.7
2.1,0.0650987,2,0.99147,0.0650987,0.682841,49544.6
2.1,0.0650987,2,0.99147,0.0650987,0.685843,41543.2
2.1,0.0650987,2,0.99147,0.0650987,0.688844,45189.6
2.1,0.0650987,2,0.99147,0.0650987,0.691846,42060.3
2.1,0.0650987,2,0.99147,0.0650987,0.694847,43347.8
2.1,0.0650987,2,0.99147,0.0650987,0.697849,47247.4
2.1,0.0650987,2,0.99147,0.0650987,0.70085,42582.8
2.1,0.0650987,2,0.99147,0.0650987,0.703852,48962.5
2.1,0.0650987,2,0.99147,0.0650987,0.706853,43400.8
2.1,0.0650987,2,0.99147,0.0650987,0.709855,49547.1
2.1,0.0650987,2,0.99147,0.0650987,0.712856,43897.7
2.1,0.0650987,2,0.99147,0.0650987,0.715858,47902.3
2.1,0.0650987,2,0.99147,0.0650987,0.718859,44275.7
2.1,0.0650987,2,0.99147,0.0650987,0.721861,48831.6
2.1,0.0650987,2,0.99147,0.0650987,0.724862,42547.9
2.1,0.0650987,2,0.99147,0.0650987,0.727864,44071.6
2.1,0.0650987,2,0.99147,0.0650987,0.730865,45134.4
2.1,0.0650987,2,0.99147,0.0650987,0.733867,44576.9
2.1,0.0650987,2,0.99147,0.0650987,0.736868,47657.9
2.1,0.0650987,2,0.99147,0.0650987,0.73987,46564.3
2.1,0.0650987,2,0.99147,0.0650987,0.742871,42785.1
2.1,0.0650987,2,0.99147,0.0650987,0.745873,46768.7
2.1,0.0650987,2,0.99147,0.0650987,0.748874,47528.9
2.1,0.0650987,2,0.99147,0.0650987,0.751876,47947.6
2.1,0.0650987,2,0.99147,0.0650987,0.754877,45254.1
2.1,0.0650987,2,0.99147,0.0650987,0.757879,43666.1
2.1,0.0650987,2,0.99147,0.0650987,0.76088,47086.4
2.1,0.0650987,2,0.99147,0.0650987,0.763882,48534.6
2.1,0.0650987,2,0.99147,0.0650987,0.766883,49702.8
2.1,0.0650987,2,0.99147,0.0650987,0.769885,50672.3
2.1,0.0650987,2,0.99147,0.0650987,0.772886,44740.3
2.1,0.0650987,2,0.99147,0.0650987,0.775888,47386.3
2.1,0.0650987,2,0.99147,0.0650987,0.778889,48774.5
2.1,0.0650987,2,0.99147,0.0650987,0.781891,50596
2.1,0.0650987,2,0.99147,0.0650987,0.784892,46083.9
2.1,0.0650987,2,0.99147,0.0650987,0.787894,44965.8
2.1,0.0650987,2,0.99147,0.0650987,0.790895,45913.7
2.1,0.0650987,2,0.99147,0.0650987,0.793897,51043.5
2.1,0.0650987,2,0.99147,0.0650987,0.796898,47432.5
2.1,0.0650987,2,0.99147,0.0650987,0.7999,45601.8
2.1,0.0650987,2,0.99147,0.0650987,0.802901,49515.7
2.1,0.0650987,2,0.99147,0.0650987,0.805903,47678.1
2.1,0.0650987,2,0.99147,0.0650987,0.808904,46988.8
2.1,0.0650987,2,0.99147,0.0650987,0.811906,50757.7
2.1,0.0650987,2,0.99147,0.0650987,0.814907,45674.8
2.1,0.0650987,2,0.99147,0.0650987,0.817909,47949.2
2.1,0.0650987,2,0.99147,0.0650987,0.82091,53129.8
2.1,0.0650987,2,0.99147,0.0650987,0.823912,51678.8
2.1,0.0650987,2,0.99147,0.0650987,0.826913,50332.6
2.1,0.0650987,2,0.99147,0.0650987,0.829915,44527.8
2.1,0.0650987,2,0.99147,0.0650987,0.832916,49559.4
2.1,0.0650987,2,0.99147,0.0650987,0.835918,49155.5
2.1,0.0650987,2,0.99147,0.0650987,0.838919,52639.2
2.1,0.0650987,2,0.99147,0.0650987,0.841921,45267.1
2.1,0.0650987,2,0.99147,0.0650987,0.844922,49214
2.1,0.0650987,2,0.99147,0.0650987,0.847924,46076.1
2.1,0.0650987,2,0.99147,0.0650987,0.850925,46325.4
2.1,0.0650987,2,0.99147,0.0650987,0.853927,45766
2.1,0.0650987,2,0.99147,0.0650987,0.856928,49691.1
2.1,0.0650987,2,0.99147,0.0650987,0.85993,49596.5
2.1,0.0650987,2,0.99147,0.0650987,0.862931,50443.6
2.1,0.0650987,2,0.99147,0.0650987,0.865933,45568.4
2.1,0.0650987,2,0.99147,0.0650987,0.868934,46221.7
2.1,0.0650987,2,0.99147,0.0650987,0.871936,51083.1
2.1,0.0650987,2,0.99147,0.0650987,0.874937,50670.9
2.1,0.0650987,2,0.99147,0.0650987,0.877939,48151.3
2.1,0.0650987,2,0.99147,0.0650987,0.88094,45985.2
2.1,0.0650987,2,0.99147,0.0650987,0.883942,47243
2.1,0.0650987,2,0.99147,0.0650987,0.886943,49471.9
2.1,0.0650987,2,0.99147,0.0650987,0.889945,46139.5
2.1,0.0650987,2,0.99147,0.0650987,0.892946,48259.1
2.1,0.0650987,2,0.99147,0.0650987,0.895948,52934.2
2.1,0.0650987,2,0.99147,0.0650987,0.898949,46510.4
2.1,0.0650987,2,0.99147,0.0650987,0.901951,46165.9
2.1,0.0650987,2,0.99147,0.0650987,0.904952,50384.7
2.1,0.0650987,2,0.99147,0.0650987,0.907954,50399.6
2.1,0.0650987,2,0.99147,0.0650987,0.910955,45746
2.1,0.0650987,2,0.99147,0.0650987,0.913957,51242.7
2.1,0.0650987,2,0.99147,0.0650987,0.916958,47906.7
2.1,0.0650987,2,0.99147,0.0650987,0.91996,48214.2
2.1,0.0650987,2,0.99147,0.0650987,0.922961,46451.7
2.1,0.0650987,2,0.99147,0.0650987,0.925963,47293.1
2.1,0.0650987,2,0.99147,0.0650987,0.928964,53414.7
2.1,0.0650987,2,0.99147,0.0650987,0.931966,47592
2.1,0.0650987,2,0.99147,0.0650987,0.934967,49531.8
2.1,0.0650987,2,0.99147,0.0650987,0.937969,54604.2
2.1,0.0650987,2,0.99147,0.0650987,0.94097,49401
2.1,0.0650987,2,0.99147,0.0650987,0.943972,54205.5
2.1,0.0650987,2,0.99147,0.0650987,0.946973,46365.3
2.1,0.0650987,2,0.99147,0.0650987,0.949975,55776.6
2.1,0.0650987,2,0.99147,0.0650987,0.952976,50790
2.1,0.0650987,2,0.99147,0.0650987,0.955978,46042.5
2.1,0.0650987,2,0.99147,0.0650987,0.958979,53463.5
2.1,0.0650987,2,0.99147,0.0650987,0.961981,49913.5
2.1,0.0650987,2,0.99147,0.0650987,0.964982,53368.2
2.1,0.0650987,2,0.99147,0.0650987,0.967984,46237.4
2.1,0.0650987,2,0.99147,0.0650987,0.970985,47747.4
2.1,0.0650987,2,0.99147,0.0650987,0.973987,52975.6
2.1,0.0650987,2,0.99147,0.0650987,0.976988,52006.2
2.1,0.0650987,2,0.99147,0.0650987,0.97999,48111.6
2.1,0.0650987,2,0.99147,0.0650987,0.982991,48488.1
2.1,0.0650987,2,0.99147,0.0650987,0.985993,48256.4
2.1,0.0650987,2,0.99147,0.0650987,0.988994,49284.2
2.1,0.0650987,2,0.99147,0.0650987,0.991996,49076.4
2.1,0.0650987,2,0.99147,0.0650987,0.994997,50045.7
2.1,0.0650987,2,0.99147,0.0650987,0.997999,54248.8
2.1,0.0650987,2,0.99147,0.0650987,1.001,54567.6
2.1,0.0650987,2,0.99147,0.0650987,1.004,46635
2.1,0.0650987,2,0.99147,0.0650987,1.007,52991
2.1,0.0650987,2,0.99147,0.0650987,1.01001,46959.7
2.1,0.0650987,2,0.99147,0.0650987,1.01301,52831.2
2.1,0.0650987,2,0.99147,0.0650987,1.01601,50075.3
2.1,0.0650987,2,0.99147,0.0650987,1.01901,49912.9
2.1,0.0650987,2,0.99147,0.0650987,1.02201,48957.9
2.1,0.0650987,2,0.99147,0.0650987,1.02501,48344.6
2.1,0.0650987,2,0.99147,0.0650987,1.02801,51184.3
2.1,0.0650987,2,0.99147,0.0650987,1.03102,47400.3
2.1,0.0650987,2,0.99147,0.0650987,1.03402,54584.3
2.1,0.0650987,2,0.99147,0.0650987,1.03702,51731.5
2.1,0.0650987,2,0.99147,0.0650987,1.04002,49758.1
2.1,0.0650987,2,0.99147,0.0650987,1.04302,53190.6
2.1,0.0650987,2,0.99147,0.0650987,1.04602,49153.1
2.1,0.0650987,2,0.99147,0.0650987,1.04902,50199.5
2.1,0.0650987,2,0.99147,0.0650987,1.05203,48774.7
2.1,0.0650987,2,0.99147,0.0650987,1.05503,49644.3
2.1,0.0650987,2,0.99147,0.0650987,1.05803,55035.8
2.1,0.0650987,2,0.99147,0.0650987,1.06103,49480.7
2.1,0.0650987,2,0.99147,0.0650987,1.06403,50026.3
2.1,0.0650987,2,0.99147,0.0650987,1.06703,51877.8
2.1,0.0650987,2,0.99147,0.0650987,1.07004,51362.2
2.1,0.0650987,2,0.99147,0.0650987,1.07304,52950.6
2.1,0.0650987,2,0.99147,0.0650987,1.07604,54498.6
2.1,0.0650987,2,0.99147,0.0650987,1.07904,52675.5
2.1,0.0650987,2,0.99147,0.0650987,1.08204,52504.5
2.1,0.0650987,2,0.99147,0.0650987,1.08504,49784
2.1,0.0650987,2,0.99147,0.0650987,1.08804,49287.4
2.1,0.0650987,2,0.99147,0.0650987,1.09105,54987.2
2.1,0.0650987,2,0.99147,0.0650987,1.09405,50905.7
2.1,0.0650987,2,0.99147,0.0650987,1.09705,48432.3
2.1,0.0650987,2,0.99147,0.0650987,1.10005,51949.6
2.1,0.0650987,2,0.99147,0.0650987,1.10305,55875.2
2.1,0.0650987,2,0.99147,0.0650987,1.10605,48244.3
2.1,0.0650987,2,0.99147,0.0650987,1.10905,48325.1
2.1,0.0650987,2,0.99147,0.0650987,1.11206,47464.5
2.1,0.0650987,2,0.99147,0.0650987,1.11506,53294.5
2.1,0.0650987,2,0.99147,0.0650987,1.11806,48554.4
2.1,0.0650987,2,0.99147,0.0650987,1.12106,55736.3
2.1,0.0650987,2,0.99147,0.0650987,1.12406,49189.6
2.1,0.0650987,2,0.99147,0.0650987,1.12706,47910.2
2.1,0.0650987,2,0.99147,0.0650987,1.13007,48486.5
2.1,0.0650987,2,0.99147,0.0650987,1.13307,47471.9
2.1,0.0650987,2,0.99147,0.0650987,1.13607,56149.1
2.1,0.0650987,2,0.99147,0.0650987,1.13907,54901.6
2.1,0.0650987,2,0.99147,0.0650987,1.14207,52232.5
2.1,0.0650987,2,0.99147,0.0650987,1.14507,51356.2
2.1,0.0650987,2,0.99147,0.0650987,1.14807,48610.2
2.1,0.0650987,2,0.99147,0.0650987,1.15108,49366.9
2.1,0.0650987,2,0.99147,0.0650987,1.15408,48965.9
2.1,0.0650987,2,0.99147,0.0650987,1.15708,51840.4
2.1,0.0650987,2,0.99147,0.0650987,1.16008,52171.2
2.1,0.0650987,2,0.99147,0.0650987,1.16308,50036.5
2.1,0.0650987,2,0.99147,0.0650987,1.16608,49899.6
2.1,0.0650987,2,0.99147,0.0650987,1.16908,54600.1
2.1,0.0650987,2,0.99147,0.0650987,1.17209,56388.2
2.1,0.0650987,2,0.99147,0.0650987,1.17509,48605.7
2.1,0.0650987,2,0.99147,0.0650987,1.17809,49621.5
2.1,0.0650987,2,0.99147,0.0650987,1.18109,54723.4
2.1,0.0650987,2,0.99147,0.0650987,1.18409,56613.2
2.1,0.0650987,2,0.99147,0.0650987,1.18709,48840.8
2.1,0.0650987,2,0.99147,0.0650987,1.1901,51936.7
2.1,0.0650987,2,0.99147,0.0650987,1.1931,51003.9
2.1,0.0650987,2,0.99147,0.0650987,1.1961,51578.2
2.1,0.0650987,2,0.99147,0.0650987,1.1991,52190.5
2.1,0.0650987,2,0.99147,0.0650987,1.2021,52184.6
2.1,0.0650987,2,0.99147,0.0650987,1.2051,49825
2.1,0.0650987,2,0.99147,0.0650987,1.2081,55289.8
2.1,0.0650987,2,0.99147,0.0650987,1.21111,54963.6
2.1,0.0650987,2,0.99147,0.0650987,1.21411,56270.9
2.1,0.0650987,2,0.99147,0.0650987,1.21711,51360.8
2.1,0.0650987,2,0.99147,0.0650987,1.22011,56670.6
2.1,0.0650987,2,0.99147,0.0650987,1.22311,51977.1
2.1,0.0650987,2,0.99147,0.0650987,1.22611,48524.8
2.1,0.0650987,2,0.99147,0.0650987,1.22911,51880.1
2.1,0.0650987,2,0.99147,0.0650987,1.23212,54851.9
2.1,0.0650987,2,0.99147,0.0650987,1.23512,47868.5
2.1,0.0650987,2,0.99147,0.0650987,1.23812,48801.5
2.1,0.0650987,2,0.99147,0.0650987,1.24112,50266.6
2.1,0.0650987,2,0.99147,0.0650987,1.24412,58862.3
2.1,0.0650987,2,0.99147,0.0650987,1.24712,49408.9
2.1,0.0650987,2,0.99147,0.0650987,1.25013,49295.7
2.1,0.0650987,2,0.99147,0.0650987,1.25313,48856.3
2.1,0.0650987,2,0.99147,0.0650987,1.25613,51421.7
2.1,0.0650987,2,0.99147,0.0650987,1.25913,49917.2
2.1,0.0650987,2,0.99147,0.0650987,1.26213,57666.6
2.1,0.0650987,2,0.99147,0.0650987,1.26513,52563.2
2.1,0.0650987,2,0.99147,0.0650987,1.26813,48025.8
2.1,0.0650987,2,0.99147,0.0650987,1.27114,49773.6
2.1,0.0650987,2,0.99147,0.0650987,1.27414,51814.1
2.1,0.0650987,2,0.99147,0.0650987,1.27714,51103.2
2.1,0.0650987,2,0.99147,0.0650987,1.28014,48793.8
2.1,0.0650987,2,0.99147,0.0650987,1.28314,48742.9
2.1,0.0650987,2,0.99147,0.0650987,1.28614,54212.4
2.1,0.0650987,2,0.99147,0.0650987,1.28914,48192.4
2.1,0.0650987,2,0.99147,0.0650987,1.29215,50177.3
2.1,0.0650987,2,0.99147,0.0650987,1.29515,52263.2
2.1,0.0650987,2,0.99147,0.0650987,1.29815,52718.2
2.1,0.0650987,2,0.99147,0.0650987,1.30115,52323.1
2.1,0.0650987,2,0.99147,0.0650987,1.30415,50494.2
2.1,0.0650987,2,0.99147,0.0650987,1.30715,51134.2
2.1,0.0650987,2,0.99147,0.0650987,1.31016,56964.5
2.1,0.0650987,2,0.99147,0.0650987,1.31316,48794.7
2.1,0.0650987,2,0.99147,0.0650987,1.31616,52281.9
2.1,0.0650987,2,0.99147,0.0650987,1.31916,48725.8
2.1,0.0650987,2,0.99147,0.0650987,1.32216,51944
2.1,0.0650987,2,0.99147,0.0650987,1.32516,53326.2
2.1,0.0650987,2,0.99147,0.0650987,1.32816,49938.6
2.1,0.0650987,2,0.99147,0.0650987,1.33117,57772.9
2.1,0.0650987,2,0.99147,0.0650987,1.33417,50923.8
2.1,0.0650987,2,0.99147,0.0650987,1.33717,49690.9
2.1,0.0650987,2,0.99147,0.0650987,1.34017,53118
2.1,0.0650987,2,0.99147,0.0650987,1.34317,48558
2.1,0.0650987,2,0.99147,0.0650987,1.34617,52794.5
2.1,0.0650987,2,0.99147,0.0650987,1.34917,52295.3
2.1,0.0650987,2,0.99147,0.0650987,1.35218,50460.2
2.1,0.0650987,2,0.99147,0.0650987,1.35518,53072.5
2.1,0.0650987,2,0.99147,0.0650987,1.35818,49663
2.1,0.0650987,2,0.99147,0.0650987,1.36118,52702.6
2.1,0.0650987,2,0.99147,0.0650987,1.36418,62937.2
2.1,0.0650987,2,0.99147,0.0650987,1.36718,58471.4
2.1,0.0650987,2,0.99147,0.0650987,1.37019,49721.2
2.1,0.0650987,2,0.99147,0.0650987,1.37319,54264.5
2.1,0.0650987,2,0.99147,0.0650987,1.37619,53909.5
2.1,0.0650987,2,0.99147,0.0650987,1.37919,51727
2.1,0.0650987,2,0.99147,0.0650987,1.38219,54083.1
2.1,0.0650987,2,0.99147,0.0650987,1.38519,55978.4
2.1,0.0650987,2,0.99147,0.0650987,1.38819,52185.4
2.1,0.0650987,2,0.99147,0.0650987,1.3912,50439.3
2.1,0.0650987,2,0.99147,0.0650987,1.3942,54026.4
2.1,0.0650987,2,0.99147,0.0650987,1.3972,53667.8
2.1,0.0650987,2,0.99147,0.0650987,1.4002,52649.1
2.1,0.0650987,2,0.99147,0.0650987,1.4032,55635.5
2.1,0.0650987,2,0.99147,0.0650987,1.4062,47935.5
2.1,0.0650987,2,0.99147,0.0650987,1.4092,55590.3
2.1,0.0650987,2,0.99147,0.0650987,1.41221,51002.2
2.1,0.0650987,2,0.99147,0.0650987,1.41521,52048.7
2.1,0.0650987,2,0.99147,0.0650987,1.41821,48804.8
2.1,0.0650987,2,0.99147,0.0650987,1.42121,48704.1
2.1,0.0650987,2,0.99147,0.0650987,1.42421,49626.9
2.1,0.0650987,2,0.99147,0.0650987,1.42721,50953.7
2.1,0.0650987,2,0.99147,0.0650987,1.43022,48988.2
2.1,0.0650987,2,0.99147,0.0650987,1.43322,54973.3
2.1,0.0650987,2,0.99147,0.0650987,1.43622,54457.7
2.1,0.0650987,2,0.99147,0.0650987,1.43922,55107.4
2.1,0.0650987,2,0.99147,0.0650987,1.44222,53362.2
2.1,0.0650987,2,0.99147,0.0650987,1.44522,49143.3
2.1,0.0650987,2,0.99147,0.0650987,1.44822,52540.9
2.1,0.0650987,2,0.99147,0.0650987,1.45123,48776.9
2.1,0.0650987,2,0.99147,0.0650987,1.45423,57019.3
2.1,0.0650987,2,0.99147,0.0650987,1.45723,57095.5
2.1,0.0650987,2,0.99147,0.0650987,1.46023,51728.7
2.1,0.0650987,2,0.99147,0.0650987,1.46323,52434
2.1,0.0650987,2,0.99147,0.0650987,1.46623,47776
2.1,0.0650987,2,0.99147,0.0650987,1.46923,53163.4
2.1,0.0650987,2,0.99147,0.0650987,1.47224,48116.2
2.1,0.0650987,2,0.99147,0.0650987,1.47524,50068.4
2.1,0.0650987,2,0.99147,0.0650987,1.47824,49411.5
2.1,0.0650987,2,0.99147,0.0650987,1.48124,50930.1
2.1,0.0650987,2,0.99147,0.0650987,1.48424,56929
2.1,0.0650987,2,0.99147,0.0650987,1.48724,55981.4
2.1,0.0650987,2,0.99147,0.0650987,1.49025,51310.4
2.1,0.0650987,2,0.99147,0.0650987,1.49325,48382.8
2.1,0.0650987,2,0.99147,0.0650987,1.49625,54138.7
2.1,0.0650987,2,0.99147,0.0650987,1.49925,57027.1
2.1,0.0650987,2,0.99147,0.0650987,1.50225,52582
2.1,0.0650987,2,0.99147,0.0650987,1.50525,48721
2.1,0.0650987,2,0.99147,0.0650987,1.50825,52017.9
2.1,0.0650987,2,0.99147,0.0650987,1.51126,48108.1
2.1,0.0650987,2,0.99147,0.0650987,1.51426,53538.9
2.1,0.0650987,2,0.99147,0.0650987,1.51726,54742.5
2.1,0.0650987,2,0.99147,0.0650987,1.52026,52330.6
2.1,0.0650987,2,0.99147,0.0650987,1.52326,54337.9
2.1,0.0650987,2,0.99147,0.0650987,1.52626,54736.6
2.1,0.0650987,2,0.99147,0.0650987,1.52926,47638.9
2.1,0.0650987,2,0.99147,0.0650987,1.53227,55673.3
2.1,0.0650987,2,0.99147,0.0650987,1.53527,55183.8
2.1,0.0650987,2,0.99147,0.0650987,1.53827,49096
2.1,0.0650987,2,0.99147,0.0650987,1.54127,54883.3
2.1,0.0650987,2,0.99147,0.0650987,1.54427,52772.9
2.1,0.0650987,2,0.99147,0.0650987,1.54727,56283.4
2.1,0.0650987,2,0.99147,0.0650987,1.55028,50590.1
2.1,0.0650987,2,0.99147,0.0650987,1.55328,51455.5
2.1,0.0650987,2,0.99147,0.0650987,1.55628,49575
2.1,0.0650987,2,0.99147,0.0650987,1.55928,48877.5
2.1,0.0650987,2,0.99147,0.0650987,1.56228,48998.9
2.1,0.0650987,2,0.99147,0.0650987,1.56528,51786.4
2.1,0.0650987,2,0.99147,0.0650987,1.56828,51744.7
2.1,0.0650987,2,0.99147,0.0650987,1.57129,52134.2
2.1,0.0650987,2,0.99147,0.0650987,1.57429,48676.1
2.1,0.0650987,2,0.99147,0.0650987,1.57729,53872.1
2.1,0.0650987,2,0.99147,0.0650987,1.58029,54664.1
2.1,0.0650987,2,0.99147,0.0650987,1.58329,46896.5
2.1,0.0650987,2,0.99147,0.0650987,1.58629,47845.6
2.1,0.0650987,2,0.99147,0.0650987,1.58929,56306
2.1,0.0650987,2,0.99147,0.0650987,1.5923,58759.6
2.1,0.0650987,2,0.99147,0.0650987,1.5953,53450.9
2.1,0.0650987,2,0.99147,0.0650987,1.5983,48993.1
2.1,0.0650987,2,0.99147,0.0650987,1.6013,53441.2
2.1,0.0650987,2,0.99147,0.0650987,1.6043,46923.4
2.1,0.0650987,2,0.99147,0.0650987,1.6073,47218.2
2.1,0.0650987,2,0.99147,0.0650987,1.61031,47118.1
2.1,0.0650987,2,0.99147,0.0650987,1.61331,46905.1
2.1,0.0650987,2,0.99147,0.0650987,1.61631,46914.4
2.1,0.0650987,2,0.99147,0.0650987,1.61931,47294.2
2.1,0.0650987,2,0.99147,0.0650987,1.62231,54632.7
2.1,0.0650987,2,0.99147,0.0650987,1.62531,56784.9
2.1,0.0650987,2,0.99147,0.0650987,1.62831,53220.1
2.1,0.0650987,2,0.99147,0.0650987,1.63132,51809.3
2.1,0.0650987,2,0.99147,0.0650987,1.63432,52354.3
2.1,0.0650987,2,0.99147,0.0650987,1.63732,51682.6
2.1,0.0650987,2,0.99147,0.0650987,1.64032,51248.5
2.1,0.0650987,2,0.99147,0.0650987,1.64332,50020.9
2.1,0.0650987,2,0.99147,0.0650987,1.64632,49194.8
2.1,0.0650987,2,0.99147,0.0650987,1.64932,46398.1
2.1,0.0650987,2,0.99147,0.0650987,1.65233,48096.5
2.1,0.0650987,2,0.99147,0.0650987,1.65533,47389.5
2.1,0.0650987,2,0.99147,0.0650987,1.65833,46551.5
2.1,0.0650987,2,0.99147,0.0650987,1.66133,48888.5
2.1,0.0650987,2,0.99147,0.0650987,1.66433,59515.3
2.1,0.0650987,2,0.99147,0.0650987,1.66733,50169.7
2.1,0.0650987,2,0.99147,0.0650987,1.67034,53564.3
2.1,0.0650987,2,0.99147,0.0650987,1.67334,50908.2
2.1,0.0650987,2,0.99147,0.0650987,1.67634,52951.7
2.1,0.0650987,2,0.99147,0.0650987,1.67934,48548.7
2.1,0.0650987,2,0.99147,0.0650987,1.68234,47253.9
2.1,0.0650987,2,0.99147,0.0650987,1.68534,58589
2.1,0.0650987,2,0.99147,0.0650987,1.68834,53220.8
2.1,0.0650987,2,0.99147,0.0650987,1.69135,51444.4
2.1,0.0650987,2,0.99147,0.0650987,1.69435,50016.7
2.1,0.0650987,2,0.99147,0.0650987,1.69735,51251.3
2.1,0.0650987,2,0.99147,0.0650987,1.70035,49469.6
2.1,0.0650987,2,0.99147,0.0650987,1.70335,45535.9
2.1,0.0650987,2,0.99147,0.0650987,1.70635,45497.7
2.1,0.0650987,2,0.99147,0.0650987,1.70935,52706
2.1,0.0650987,2,0.99147,0.0650987,1.71236,45188
2.1,0.0650987,2,0.99147,0.0650987,1.71536,49412.9
2.1,0.0650987,2,0.99147,0.0650987,1.71836,47171.3
2.1,0.0650987,2,0.99147,0.0650987,1.72136,47732.8
2.1,0.0650987,2,0.99147,0.0650987,1.72436,49437.3
2.1,0.0650987,2,0.99147,0.0650987,1.72736,45535.4
2.1,0.0650987,2,0.99147,0.0650987,1.73037,46306.6
2.1,0.0650987,2,0.99147,0.0650987,1.73337,50204.3
2.1,0.0650987,2,0.99147,0.0650987,1.73637,49329.9
2.1,0.0650987,2,0.99147,0.0650987,1.73937,51454
2.1,0.0650987,2,0.99147,0.0650987,1.74237,52453.8
2.1,0.0650987,2,0.99147,0.0650987,1.74537,44427.4
2.1,0.0650987,2,0.99147,0.0650987,1.74837,50397.3
2.1,0.0650987,2,0.99147,0.0650987,1.75138,45489
2.1,0.0650987,2,0.99147,0.0650987,1.75438,52770.2
2.1,0.0650987,2,0.99147,0.0650987,1.75738,44801.7
2.1,0.0650987,2,0.99147,0.0650987,1.76038,44654.3
2.1,0.0650987,2,0.99147,0.0650987,1.76338,49624.5
2.1,0.0650987,2,0.99147,0.0650987,1.76638,45686.9
2.1,0.0650987,2,0.99147,0.0650987,1.76938,45355.7
2.1,0.0650987,2,0.99147,0.0650987,1.77239,43762.6
2.1,0.0650987,2,0.99147,0.0650987,1.77539,48081.2
2.1,0.0650987,2,0.99147,0.0650987,1.77839,51559.2
2.1,0.0650987,2,0.99147,0.0650987,1.78139,46870.9
2.1,0.0650987,2,0.99147,0.0650987,1.78439,51487.1
2.1,0.0650987,2,0.99147,0.0650987,1.78739,48293.4
2.1,0.0650987,2,0.99147,0.0650987,1.7904,45212.4
2.1,0.0650987,2,0.99147,0.0650987,1.7934,47946.8
2.1,0.0650987,2,0.99147,0.0650987,1.7964,47888.8
2.1,0.0650987,2,0.99147,0.0650987,1.7994,50316.6
2.1,0.0650987,2,0.99147,0.0650987,1.8024,45164.8
2.1,0.0650987,2,0.99147,0.0650987,1.8054,45259.2
2.1,0.0650987,2,0.99147,0.0650987,1.8084,42764.7
2.1,0.0650987,2,0.99147,0.0650987,1.81141,45388
2.1,0.0650987,2,0.99147,0.0650987,1.81441,49232
2.1,0.0650987,2,0.99147,0.0650987,1.81741,49260.6
2.1,0.0650987,2,0.99147,0.0650987,1.82041,45150.7
2.1,0.0650987,2,0.99147,0.0650987,1.82341,42887.6
2.1,0.0650987,2,0.99147,0.0650987,1.82641,41857.6
2.1,0.0650987,2,0.99147,0.0650987,1.82941,48871.2
2.1,0.0650987,2,0.99147,0.0650987,1.83242,41509.7
2.1,0.0650987,2,0.99147,0.0650987,1.83542,47603.3
2.1,0.0650987,2,0.99147,0.0650987,1.83842,44515.5
2.1,0.0650987,2,0.99147,0.0650987,1.84142,49053
2.1,0.0650987,2,0.99147,0.0650987,1.84442,44802.2
2.1,0.0650987,2,0.99147,0.0650987,1.84742,46341.6
2.1,0.0650987,2,0.99147,0.0650987,1.85043,42892.5
2.1,0.0650987,2,0.99147,0.0650987,1.85343,44618.2
2.1,0.0650987,2,0.99147,0.0650987,1.85643,44988.3
2.1,0.0650987,2,0.99147,0.0650987,1.85943,45458.8
2.1,0.0650987,2,0.99147,0.0650987,1.86243,39846.3
2.1,0.0650987,2,0.99147,0.0650987,1.86543,45080
2.1,0.0650987,2,0.99147,0.0650987,1.86843,40620.3
2.1,0.0650987,2,0.99147,0.0650987,1.87144,41420.5
2.1,0.0650987,2,0.99147,0.0650987,1.87444,40037.8
2.1,0.0650987,2,0.99147,0.0650987,1.87744,39042.7
2.1,0.0650987,2,0.99147,0.0650987,1.88044,40063.2
2.1,0.0650987,2,0.99147,0.0650987,1.88344,38095.7
2.1,0.0650987,2,0.99147,0.0650987,1.88644,37142.5
2.1,0.0650987,2,0.99147,0.0650987,1.88944,36217.8
2.1,0.0650987,2,0.99147,0.0650987,1.89245,36493.1
2.1,0.0650987,2,0.99147,0.0650987,1.89545,39847.4
2.1,0.0650987,2,0.99147,0.0650987,1.89845,35513.9
2.1,0.0650987,2,0.99147,0.0650987,1.90145,36823.4
2.1,0.0650987,2,0.99147,0.0650987,1.90445,-34698.7
2.1,0.0650987,2,0.99147,0.0650987,1.90745,-34984.7
2.1,0.0650987,2,0.99147,0.0650987,1.91046,-38347.7
2.1,0.0650987,2,0.99147,0.0650987,1.91346,-38686.3
2.1,0.0650987,2,0.99147,0.0650987,1.91646,-42766.8
2.1,0.0650987,2,0.99147,0.0650987,1.91946,-39823.8
2.1,0.0650987,2,0.99147,0.0650987,1.92246,-38613
2.1,0.0650987,2,0.99147,0.0650987,1.92546,-41792.1
2.1,0.0650987,2,0.99147,0.0650987,1.92846,-44777.5
2.1,0.0650987,2,0.99147,0.0650987,1.93147,-38524.9
2.1,0.0650987,2,0.99147,0.0650987,1.93447,-40549.2
2.1,0.0650987,2,0.99147,0.0650987,1.93747,-39434.7
2.1,0.0650987,2,0.99147,0.0650987,1.94047,-40995.8
2.1,0.0650987,2,0.99147,0.0650987,1.94347,-43535.8
2.1,0.0650987,2,0.99147,0.0650987,1.94647,-39534.2
2.1,0.0650987,2,0.99147,0.0650987,1.94947,-44850.6
2.1,0.0650987,2,0.99147,0.0650987,1.95248,-41788.3
2.1,0.0650987,2,0.99147,0.0650987,1.95548,-43397
2.1,0.0650987,2,0.99147,0.0650987,1.95848,-43301.1
2.1,0.0650987,2,0.99147,0.0650987,1.96148,-44621.2
2.1,0.0650987,2,0.99147,0.0650987,1.96448,-43954
2.1,0.0650987,2,0.99147,0.0650987,1.96748,-44491.1
2.1,0.0650987,2,0.99147,0.0650987,1.97049,-41723.1
2.1,0.0650987,2,0.99147,0.0650987,1.97349,-44044.8
2.1,0.0650987,2,0.99147,0.0650987,1.97649,-43758.4
2.1,0.0650987,2,0.99147,0.0650987,1.97949,-48266.9
2.1,0.0650987,2,0.99147,0.0650987,1.98249,-43742.7
2.1,0.0650987,2,0.99147,0.0650987,1.98549,-41444
2.1,0.0650987,2,0.99147,0.0650987,1.98849,-42455.7
2.1,0.0650987,2,0.99147,0.0650987,1.9915,-45556.4
2.1,0.0650987,2,0.99147,0.0650987,1.9945,-43403.2
2.1,0.0650987,2,0.99147,0.0650987,1.9975,-48428.8
2.1,0.0650987,2,0.99147,0.0650987,2.0005,-40576.3
2.1,0.0650987,2,0.99147,0.0650987,2.0035,-46986.6
2.1,0.0650987,2,0.99147,0.0650987,2.0065,-43991.4
2.1,0.0650987,2,0.99147,0.0650987,2.0095,-45030.1
2.1,0.0650987,2,0.99147,0.0650987,2.01251,-46980.4
2.1,0.0650987,2,0.99147,0.0650987,2.01551,-41305.7
2.1,0.0650987,2,0.99147,0.0650987,2.01851,-40781.3
2.1,0.0650987,2,0.99147,0.0650987,2.02151,-46341.5
2.1,0.0650987,2,0.99147,0.0650987,2.02451,-44466.7
2.1,0.0650987,2,0.99147,0.0650987,2.02751,-43470.9
2.1,0.0650987,2,0.99147,0.0650987,2.03052,-48484.6
2.1,0.0650987,2,0.99147,0.0650987,2.03352,-41686.4
2.1,0.0650987,2,0.99147,0.0650987,2.03652,-48339
2.1,0.0650987,2,0.99147,0.0650987,2.03952,-41415.7
2.1,0.0650987,2,0.99147,0.0650987,2.04252,-42045.5
2.1,0.0650987,2,0.99147,0.0650987,2.04552,-43023.1
2.1,0.0650987,2,0.99147,0.0650987,2.04852,-42621.2
2.1,0.0650987,2,0.99147,0.0650987,2.05153,-40157.3
2.1,0.0650987,2,0.99147,0.0650987,2.05453,-42731.9
2.1,0.0650987,2,0.99147,0.0650987,2.05753,-41871.6
2.1,0.0650987,2,0.99147,0.0650987,2.06053,-46753.6
2.1,0.0650987,2,0.99147,0.0650987,2.06353,-40094
2.1,0.0650987,2,0.99147,0.0650987,2.06653,-46502.4
2.1,0.0650987,2,0.99147,0.0650987,2.06953,-43192.8
2.1,0.0650987,2,0.99147,0.0650987,2.07254,-39096.9
2.1,0.0650987,2,0.99147,0.0650987,2.07554,-42456.4
2.1,0.0650987,2,0.99147,0.0650987,2.07854,-39568.7
2.1,0.0650987,2,0.99147,0.0650987,2.08154,-40902.7
2.1,0.0650987,2,0.99147,0.0650987,2.08454,-44961.9
2.1,0.0650987,2,0.99147,0.0650987,2.08754,-38631.1
2.1,0.0650987,2,0.99147,0.0650987,2.09055,-41695.1
2.1,0.0650987,2,0.99147,0.0650987,2.09355,-36422
2.1,0.0650987,2,0.99147,0.0650987,2.09655,-37859.6
2.1,0.0650987,2,0.99147,0.0650987,2.09955,-33778.7
2.1,0.0650987,2,0.99147,0.0650987,2.10255,37312.8
2.1,0.0650987,2,0.99147,0.0650987,2.10555,41488.7
2.1,0.0650987,2,0.99147,0.0650987,2.10855,39777.5
2.1,0.0650987,2,0.99147,0.0650987,2.11156,37495.4
2.1,0.0650987,2,0.99147,0.0650987,2.11456,42224.5
2.1,0.0650987,2,0.99147,0.0650987,2.11756,40929.4
2.1,0.0650987,2,0.99147,0.0650987,2.12056,41598.6
2.1,0.0650987,2,0.99147,0.0650987,2.12356,43832.9
2.1,0.0650987,2,0.99147,0.0650987,2.12656,40255.7
2.1,0.0650987,2,0.99147,0.0650987,2.12956,40871.5
2.1,0.0650987,2,0.99147,0.0650987,2.13257,47370.5
2.1,0.0650987,2,0.99147,0.0650987,2.13557,41751.5
2.1,0.0650987,2,0.99147,0.0650987,2.13857,49104.1
2.1,0.0650987,2,0.99147,0.0650987,2.14157,42831.5
2.1,0.0650987,2,0.99147,0.0650987,2.14457,49441
2.1,0.0650987,2,0.99147,0.0650987,2.14757,49918.5
2.1,0.0650987,2,0.99147,0.0650987,2.15058,46556.4
2.1,0.0650987,2,0.99147,0.0650987,2.15358,45821.9
2.1,0.0650987,2,0.99147,0.0650987,2.15658,49244.8
2.1,0.0650987,2,0.99147,0.0650987,2.15958,43275.4
2.1,0.0650987,2,0.99147,0.0650987,2.16258,50483.3
2.1,0.0650987,2,0.99147,0.0650987,2.16558,45533.3
2.1,0.0650987,2,0.99147,0.0650987,2.16858,45374.9
2.1,0.0650987,2,0.99147,0.0650987,2.17159,46999.1
2.1,0.0650987,2,0.99147,0.0650987,2.17459,44491.2
2.1,0.0650987,2,0.99147,0.0650987,2.17759,50599.5
2.1,0.0650987,2,0.99147,0.0650987,2.18059,50960.3
2.1,0.0650987,2,0.99147,0.0650987,2.18359,49581
2.1,0.0650987,2,0.99147,0.0650987,2.18659,50969.9
2.1,0.0650987,2,0.99147,0.0650987,2.18959,48595.2
2.1,0.0650987,2,0.99147,0.0650987,2.1926,51961.5
2.1,0.0650987,2,0.99147,0.0650987,2.1956,50735.8
2.1,0.0650987,2,0.99147,0.0650987,2.1986,55098.8
2.1,0.0650987,2,0.99147,0.0650987,2.2016,46061.5
2.1,0.0650987,2,0.99147,0.0650987,2.2046,54253.3
2.1,0.0650987,2,0.99147,0.0650987,2.2076,49137.3
2.1,0.0650987,2,0.99147,0.0650987,2.21061,47789.2
2.1,0.0650987,2,0.99147,0.0650987,2.21361,52052.4
2.1,0.0650987,2,0.99147,0.0650987,2.21661,51840
2.1,0.0650987,2,0.99147,0.0650987,2.21961,52459.3
2.1,0.0650987,2,0.99147,0.0650987,2.22261,52708
2.1,0.0650987,2,0.99147,0.0650987,2.22561,50815.7
2.1,0.0650987,2,0.99147,0.0650987,2.22861,55240.9
2.1,0.0650987,2,0.99147,0.0650987,2.23162,56457.9
2.1,0.0650987,2,0.99147,0.0650987,2.23462,50455.6
2.1,0.0650987,2,0.99147,0.0650987,2.23762,51463.4
2.1,0.0650987,2,0.99147,0.0650987,2.24062,54691.2
2.1,0.0650987,2,0.99147,0.0650987,2.24362,51488.8
2.1,0.0650987,2,0.99147,0.0650987,2.24662,51499.9
2.1,0.0650987,2,0.99147,0.0650987,2.24962,48408.5
2.1,0.0650987,2,0.99147,0.0650987,2.25263,52062.1
2.1,0.0650987,2,0.99147,0.0650987,2.25563,50038
2.1,0.0650987,2,0.99147,0.0650987,2.25863,57839.2
2.1,0.0650987,2,0.99147,0.0650987,2.26163,51203.6
2.1,0.0650987,2,0.99147,0.0650987,2.26463,50226.8
2.1,0.0650987,2,0.99147,0.0650987,2.26763,52835.2
2.1,0.0650987,2,0.99147,0.0650987,2.27064,51297.9
2.1,0.0650987,2,0.99147,0.0650987,2.27364,55807.4
2.1,0.0650987,2,0.99147,0.0650987,2.27664,51253.8
2.1,0.0650987,2,0.99147,0.0650987,2.27964,55944.1
2.1,0.0650987,2,0.99147,0.0650987,2.28264,57115.3
2.1,0.0650987,2,0.99147,0.0650987,2.28564,52269.9
2.1,0.0650987,2,0.99147,0.0650987,2.28864,58892.8
2.1,0.0650987,2,0.99147,0.0650987,2.29165,52586.7
2.1,0.0650987,2,0.99147,0.0650987,2.29465,58822.6
2.1,0.0650987,2,0.99147,0.0650987,2.29765,53785
2.1,0.0650987,2,0.99147,0.0650987,2.30065,51037.4
2.1,0.0650987,2,0.99147,0.0650987,2.30365,50903.7
2.1,0.0650987,2,0.99147,0.0650987,2.30665,55520.3
2.1,0.0650987,2,0.99147,0.0650987,2.30965,56937.3
2.1,0.0650987,2,0.99147,0.0650987,2.31266,56119.3
2.1,0.0650987,2,0.99147,0.0650987,2.31566,58453.8
2.1,0.0650987,2,0.99147,0.0650987,2.31866,59503.2
2.1,0.0650987,2,0.99147,0.0650987,2.32166,51727.6
2.1,0.0650987,2,0.99147,0.0650987,2.32466,56416.1
2.1,0.0650987,2,0.99147,0.0650987,2.32766,52185.8
2.1,0.0650987,2,0.99147,0.0650987,2.33067,54312.4
2.1,0.0650987,2,0.99147,0.0650987,2.33367,54049.1
2.1,0.0650987,2,0.99147,0.0650987,2.33667,59083.5
2.1,0.0650987,2,0.99147,0.0650987,2.33967,53642.6
2.1,0.0650987,2,0.99147,0.0650987,2.34267,60886.1
2.1,0.0650987,2,0.99147,0.0650987,2.34567,55605.2
2.1,0.0650987,2,0.99147,0.0650987,2.34867,61385.9
2.1,0.0650987,2,0.99147,0.0650987,2.35168,57575
2.1,0.0650987,2,0.99147,0.0650987,2.35468,60700.7
2.1,0.0650987,2,0.99147,0.0650987,2.35768,57102.8
2.1,0.0650987,2,0.99147,0.0650987,2.36068,55842.3
2.1,0.0650987,2,0.99147,0.0650987,2.36368,55067.2
2.1,0.0650987,2,0.99147,0.0650987,2.36668,58526.1
2.1,0.0650987,2,0.99147,0.0650987,2.36968,61638.4
2.1,0.0650987,2,0.99147,0.0650987,2.37269,60700.7
2.1,0.0650987,2,0.99147,0.0650987,2.37569,55002.1
2.1,0.0650987,2,0.99147,0.0650987,2.37869,59862.2
2.1,0.0650987,2,0.99147,0.0650987,2.38169,56103.3
2.1,0.0650987,2,0.99147,0.0650987,2.38469,57987.7
2.1,0.0650987,2,0.99147,0.0650987,2.38769,54098.2
2.1,0.0650987,2,0.99147,0.0650987,2.3907,57057.1
2.1,0.0650987,2,0.99147,0.0650987,2.3937,62644.6
2.1,0.0650987,2,0.99147,0.0650987,2.3967,56947.2
2.1,0.0650987,2,0.99147,0.0650987,2.3997,64317.4
2.1,0.0650987,2,0.99147,0.0650987,2.4027,60507.7
2.1,0.0650987,2,0.99147,0.0650987,2.4057,61491.2
2.1,0.0650987,2,0.99147,0.0650987,2.4087,61740.7
2.1,0.0650987,2,0.99147,0.0650987,2.41171,57139.4
2.1,0.0650987,2,0.99147,0.0650987,2.41471,62157.5
2.1,0.0650987,2,0.99147,0.0650987,2.41771,60942.5
2.1,0.0650987,2,0.99147,0.0650987,2.42071,63736.2
2.1,0.0650987,2,0.99147,0.0650987,2.42371,58446.2
2.1,0.0650987,2,0.99147,0.0650987,2.42671,60167.6
2.1,0.0650987,2,0.99147,0.0650987,2.42971,64149.6
2.1,0.0650987,2,0.99147,0.0650987,2.43272,56925.2
2.1,0.0650987,2,0.99147,0.0650987,2.43572,59907.9
2.1,0.0650987,2,0.99147,0.0650987,2.43872,62634
2.1,0.0650987,2,0.99147,0.0650987,2.44172,57690
2.1,0.0650987,2,0.99147,0.0650987,2.44472,56125.3
2.1,0.0650987,2,0.99147,0.0650987,2.44772,58931.5
2.1,0.0650987,2,0.99147,0.0650987,2.45073,59294.7
2.1,0.0650987,2,0.99147,0.0650987,2.45373,60158.7
2.1,0.0650987,2,0.99147,0.0650987,2.45673,65179
2.1,0.0650987,2,0.99147,0.0650987,2.45973,64488.1
2.1,0.0650987,2,0.99147,0.0650987,2.46273,61504.2
2.1,0.0650987,2,0.99147,0.0650987,2.46573,62673.3
2.1,0.0650987,2,0.99147,0.0650987,2.46873,59683.3
2.1,0.0650987,2,0.99147,0.0650987,2.47174,59105.5
2.1,0.0650987,2,0.99147,0.0650987,2.47474,64651.8
2.1,0.0650987,2,0.99147,0.0650987,2.47774,62672.1
2.1,0.0650987,2,0.99147,0.0650987,2.48074,57236.4
2.1,0.0650987,2,0.99147,0.0650987,2.48374,57932.1
2.1,0.0650987,2,0.99147,0.0650987,2.48674,66004
2.1,0.0650987,2,0.99147,0.0650987,2.48974,63808.6
2.1,0.0650987,2,0.99147,0.0650987,2.49275,58706.6
2.1,0.0650987,2,0.99147,0.0650987,2.49575,58323.6
2.1,0.0650987,2,0.99147,0.0650987,2.49875,58959.4
2.1,0.0650987,2,0.99147,0.0650987,2.50175,58217.9
2.1,0.0650987,2,0.99147,0.0650987,2.50475,65276
2.1,0.0650987,2,0.99147,0.0650987,2.50775,61265.1
2.1,0.0650987,2,0.99147,0.0650987,2.51076,63788.2
2.1,0.0650987,2,0.99147,0.0650987,2.51376,65496.2
2.1,0.0650987,2,0.99147,0.0650987,2.51676,59618.6
2.1,0.0650987,2,0.99147,0.0650987,2.51976,60696.6
2.1,0.0650987,2,0.99147,0.0650987,2.52276,65567.4
2.1,0.0650987,2,0.99147,0.0650987,2.52576,63595.1
2.1,0.0650987,2,0.99147,0.0650987,2.52876,63882
2.1,0.0650987,2,0.99147,0.0650987,2.53177,66975.1
2.1,0.0650987,2,0.99147,0.0650987,2.53477,61217.6
2.1,0.0650987,2,0.99147,0.0650987,2.53777,63931.8
2.1,0.0650987,2,0.99147,0.0650987,2.54077,59004.4
2.1,0.0650987,2,0.99147,0.0650987,2.54377,60722.9
2.1,0.0650987,2,0.99147,0.0650987,2.54677,61881.2
2.1,0.0650987,2,0.99147,0.0650987,2.54977,61683.2
2.1,0.0650987,2,0.99147,0.0650987,2.55278,62839.9
2.1,0.0650987,2,0.99147,0.0650987,2.55578,64953.4
2.1,0.0650987,2,0.99147,0.0650987,2.55878,66122.4
2.1,0.0650987,2,0.99147,0.0650987,2.56178,64920.3
2.1,0.0650987,2,0.99147,0.0650987,2.56478,59113.5
2.1,0.0650987,2,0.99147,0.0650987,2.56778,68801.8
2.1,0.0650987,2,0.99147,0.0650987,2.57079,59404.7
2.1,0.0650987,2,0.99147,0.0650987,2.57379,62854.3
2.1,0.0650987,2,0.99147,0.0650987,2.57679,60327.6
2.1,0.0650987,2,0.99147,0.0650987,2.57979,62260.5
2.1,0.0650987,2,0.99147,0.0650987,2.58279,65193.8
2.1,0.0650987,2,0.99147,0.0650987,2.58579,63587.2
2.1,0.0650987,2,0.99147,0.0650987,2.58879,65998.4
2.1,0.0650987,2,0.99147,0.0650987,2.5918,62054.6
2.1,0.0650987,2,0.99147,0.0650987,2.5948,62625.1
2.1,0.0650987,2,0.99147,0.0650987,2.5978,62378.9
2.1,0.0650987,2,0.99147,0.0650987,2.6008,63891.4
2.1,0.0650987,2,0.99147,0.0650987,2.6038,60340.4
2.1,0.0650987,2,0.99147,0.0650987,2.6068,62084.7
2.1,0.0650987,2,0.99147,0.0650987,2.6098,61990.9
2.1,0.0650987,2,0.99147,0.0650987,2.61281,61272.4
2.1,0.0650987,2,0.99147,0.0650987,2.61581,60977.5
2.1,0.0650987,2,0.99147,0.0650987,2.61881,60046.4
2.1,0.0650987,2,0.99147,0.0650987,2.62181,60864.5
2.1,0.0650987,2,0.99147,0.0650987,2.62481,63313.2
2.1,0.0650987,2,0.99147,0.0650987,2.62781,60199.5
2.1,0.0650987,2,0.99147,0.0650987,2.63082,61146.9
2.1,0.0650987,2,0.99147,0.0650987,2.63382,62943.4
2.1,0.0650987,2,0.99147,0.0650987,2.63682,60513.6
2.1,0.0650987,2,0.99147,0.0650987,2.63982,61657
2.1,0.0650987,2,0.99147,0.0650987,2.64282,62787.9
2.1,0.0650987,2,0.99147,0.0650987,2.64582,63480.1
2.1,0.0650987,2,0.99147,0.0650987,2.64882,63635.8
2.1,0.0650987,2,0.99147,0.0650987,2.65183,61277.2
2.1,0.0650987,2,0.99147,0.0650987,2.65483,66288.9
2.1,0.0650987,2,0.99147,0.0650987,2.65783,60885.9
2.1,0.0650987,2,0.99147,0.0650987,2.66083,63632.3
2.1,0.0650987,2,0.99147,0.0650987,2.66383,63815
2.1,0.0650987,2,0.99147,0.0650987,2.66683,64643.1
2.1,0.0650987,2,0.99147,0.0650987,2.66983,63814.8
2.1,0.0650987,2,0.99147,0.0650987,2.67284,62278.4
2.1,0.0650987,2,0.99147,0.0650987,2.67584,61622.9
2.1,0.0650987,2,0.99147,0.0650987,2.67884,61809.5
2.1,0.0650987,2,0.99147,0.0650987,2.68184,62214.2
2.1,0.0650987,2,0.99147,0.0650987,2.68484,63118.4
2.1,0.0650987,2,0.99147,0.0650987,2.68784,66446.3
2.1,0.0650987,2,0.99147,0.0650987,2.69085,62951.3
2.1,0.0650987,2,0.99147,0.0650987,2.69385,63821.7
2.1,0.0650987,2,0.99147,0.0650987,2.69685,66720.7
2.1,0.0650987,2,0.99147,0.0650987,2.69985,63817.7
2.1,0.0650987,2,0.99147,0.0650987,2.70285,65867.9
2.1,0.0650987,2,0.99147,0.0650987,2.70585,65677.9
2.1,0.0650987,2,0.99147,0.0650987,2.70885,78251.2
2.1,0.0650987,2,0.99147,0.0650987,2.71186,65182.6
2.1,0.0650987,2,0.99147,0.0650987,2.71486,67315.4
2.1,0.0650987,2,0.99147,0.0650987,2.71786,63426.4
2.1,0.0650987,2,0.99147,0.0650987,2.72086,65297.2
2.1,0.0650987,2,0.99147,0.0650987,2.72386,62339.2
2.1,0.0650987,2,0.99147,0.0650987,2.72686,66483.1
2.1,0.0650987,2,0.99147,0.0650987,2.72986,64165.8
2.1,0.0650987,2,0.99147,0.0650987,2.73287,64245.5
2.1,0.0650987,2,0.99147,0.0650987,2.73587,66570.4
2.1,0.0650987,2,0.99147,0.0650987,2.73887,67548.4
2.1,0.0650987,2,0.99147,0.0650987,2.74187,65211.8
2.1,0.0650987,2,0.99147,0.0650987,2.74487,68139.7
2.1,0.0650987,2,0.99147,0.0650987,2.74787,64693
2.1,0.0650987,2,0.99147,0.0650987,2.75088,65380.1
2.1,0.0650987,2,0.99147,0.0650987,2.75388,62776
2.1,0.0650987,2,0.99147,0.0650987,2.75688,63443.6
2.1,0.0650987,2,0.99147,0.0650987,2.75988,68954.3
2.1,0.0650987,2,0.99147,0.0650987,2.76288,65590.7
2.1,0.0650987,2,0.99147,0.0650987,2.76588,64410.9
2.1,0.0650987,2,0.99147,0.0650987,2.76888,68238
2.1,0.0650987,2,0.99147,0.0650987,2.77189,68064.5
2.1,0.0650987,2,0.99147,0.0650987,2.77489,63385.5
2.1,0.0650987,2,0.99147,0.0650987,2.77789,65648.4
2.1,0.0650987,2,0.99147,0.0650987,2.78089,63822.9
2.1,0.0650987,2,0.99147,0.0650987,2.78389,66933.1
2.1,0.0650987,2,0.99147,0.0650987,2.78689,65698.1
2.1,0.0650987,2,0.99147,0.0650987,2.78989,66282.2
2.1,0.0650987,2,0.99147,0.0650987,2.7929,65380.3
2.1,0.0650987,2,0.99147,0.0650987,2.7959,67965.2
2.1,0.0650987,2,0.99147,0.0650987,2.7989,64927.7
2.1,0.0650987,2,0.99147,0.0650987,2.8019,65070.7
2.1,0.0650987,2,0.99147,0.0650987,2.8049,67333.3
2.1,0.0650987,2,0.99147,0.0650987,2.8079,66406.8
2.1,0.0650987,2,0.99147,0.0650987,2.81091,69276.6
2.1,0.0650987,2,0.99147,0.0650987,2.81391,67168.8
2.1,0.0650987,2,0.99147,0.0650987,2.81691,65412.5
2.1,0.0650987,2,0.99147,0.0650987,2.81991,66312.3
2.1,0.0650987,2,0.99147,0.0650987,2.82291,67996.4
2.1,0.0650987,2,0.99147,0.0650987,2.82591,67408.6
2.1,0.0650987,2,0.99147,0.0650987,2.82891,67961.5
2.1,0.0650987,2,0.99147,0.0650987,2.83192,69682.8
2.1,0.0650987,2,0.99147,0.0650987,2.83492,70045.4
2.1,0.0650987,2,0.99147,0.0650987,2.83792,65782.7
2.1,0.0650987,2,0.99147,0.0650987,2.84092,66675.5
2.1,0.0650987,2,0.99147,0.0650987,2.84392,68274
2.1,0.0650987,2,0.99147,0.0650987,2.84692,66023.2
2.1,0.0650987,2,0.99147,0.0650987,2.84992,71986.5
2.1,0.0650987,2,0.99147,0.0650987,2.85293,70965.3
2.1,0.0650987,2,0.99147,0.0650987,2.85593,67708.6
2.1,0.0650987,2,0.99147,0.0650987,2.85893,65787.3
2.1,0.0650987,2,0.99147,0.0650987,2.86193,68317.1
2.1,0.0650987,2,0.99147,0.0650987,2.86493,70076.9
2.1,0.0650987,2,0.99147,0.0650987,2.86793,69476.1
2.1,0.0650987,2,0.99147,0.0650987,2.87094,66997.4
2.1,0.0650987,2,0.99147,0.0650987,2.87394,68827.9
2.1,0.0650987,2,0.99147,0.0650987,2.87694,69388.4
2.1,0.0650987,2,0.99147,0.0650987,2.87994,68816.6
2.1,0.0650987,2,0.99147,0.0650987,2.88294,69044.1
2.1,0.0650987,2,0.99147,0.0650987,2.88594,71637.2
2.1,0.0650987,2,0.99147,0.0650987,2.88894,74706.7
2.1,0.0650987,2,0.99147,0.0650987,2.89195,66419.2
2.1,0.0650987,2,0.99147,0.0650987,2.89495,71477.7
2.1,0.0650987,2,0.99147,0.0650987,2.89795,68357.3
2.1,0.0650987,2,0.99147,0.0650987,2.90095,67303.6
2.1,0.0650987,2,0.99147,0.0650987,2.90395,69510.9
2.1,0.0650987,2,0.99147,0.0650987,2.90695,66739
2.1,0.0650987,2,0.99147,0.0650987,2.90995,68376.7
2.1,0.0650987,2,0.99147,0.0650987,2.91296,73292.2
2.1,0.0650987,2,0.99147,0.0650987,2.91596,69142.4
2.1,0.0650987,2,0.99147,0.0650987,2.91896,69905.5
2.1,0.0650987,2,0.99147,0.0650987,2.92196,71285.4
2.1,0.0650987,2,0.99147,0.0650987,2.92496,71859
2.1,0.0650987,2,0.99147,0.0650987,2.92796,73311.1
2.1,0.0650987,2,0.99147,0.0650987,2.93097,73389.1
2.1,0.0650987,2,0.99147,0.0650987,2.93397,70321.1
2.1,0.0650987,2,0.99147,0.0650987,2.93697,75399
2.1,0.0650987,2,0.99147,0.0650987,2.93997,77323.5
2.1,0.0650987,2,0.99147,0.0650987,2.94297,76617.8
2.1,0.0650987,2,0.99147,0.0650987,2.94597,75569.4
2.1,0.0650987,2,0.99147,0.0650987,2.94897,67895.3
2.1,0.0650987,2,0.99147,0.0650987,2.95198,73461.6
2.1,0.0650987,2,0.99147,0.0650987,2.95498,72748.9
2.1,0.0650987,2,0.99147,0.0650987,2.95798,70743.1
2.1,0.0650987,2,0.99147,0.0650987,2.96098,68837.2
2.1,0.0650987,2,0.99147,0.0650987,2.96398,68634.7
2.1,0.0650987,2,0.99147,0.0650987,2.96698,69402
2.1,0.0650987,2,0.99147,0.0650987,2.96998,73508.9
2.1,0.0650987,2,0.99147,0.0650987,2.97299,68533.3
2.1,0.0650987,2,0.99147,0.0650987,2.97599,72248.3
2.1,0.0650987,2,0.99147,0.0650987,2.97899,73251.2
2.1,0.0650987,2,0.99147,0.0650987,2.98199,71182
2.1,0.0650987,2,0.99147,0.0650987,2.98499,75843.7
2.1,0.0650987,2,0.99147,0.0650987,2.98799,77456.3
2.1,0.0650987,2,0.99147,0.0650987,2.991,72886.5
2.1,0.0650987,2,0.99147,0.0650987,2.994,70597.4
2.1,0.0650987,2,0.99147,0.0650987,2.997,70116
2.1,0.0650987,2,0.99147,0.0650987,3,72138.3

2.05,0.0729768,2,1.46291,0.0729768,-3,-34893.7
2.05,0.0729768,2,1.46291,0.0729768,-2.997,-34321.2
2.05,0.0729768,2,1.46291,0.0729768,-2.994,-31493.7
2.05,0.0729768,2,1.46291,0.0729768,-2.991,-36199.5
2.05,0.0729768,2,1.46291,0.0729768,-2.98799,-33896.2
2.05,0.0729768,2,1.46291,0.0729768,-2.98499,-34845.6
2.05,0.0729768,2,1.46291,0.0729768,-2.98199,-31904.9
2.05,0.0729768,2,1.46291,0.0729768,-2.97899,-35275.9
2.05,0.0729768,2,1.46291,0.0729768,-2.97599,-32385.3
2.05,0.0729768,2,1.46291,0.0729768,-2.97299,-35715.7
2.05,0.0729768,2,1.46291,0.0729768,-2.96998,-32160.3
2.05,0.0729768,2,1.46291,0.0729768,-2.96698,-35738.5
2.05,0.0729768,2,1.46291,0.0729768,-2.96398,-35134.8
2.05,0.0729768,2,1.46291,0.0729768,-2.96098,-35910.2
2.05,0.0729768,2,1.46291,0.0729768,-2.95798,-34127.9
2.05,0.0729768,2,1.46291,0.0729768,-2.95498,-32946.8
2.05,0.0729768,2,1.46291,0.0729768,-2.95198,-35403.2
2.05,0.0729768,2,1.46291,0.0729768,-2.94897,-34581.5
2.05,0.0729768,2,1.46291,0.0729768,-2.94597,-31840.1
2.05,0.0729768,2,1.46291,0.0729768,-2.94297,-32082.7
2.05,0.0729768,2,1.46291,0.0729768,-2.93997,-35322.1
2.05,0.0729768,2,1.46291,0.0729768,-2.93697,-33930.1
2.05,0.0729768,2,1.46291,0.0729768,-2.93397,-31822.7
2.05,0.0729768,2,1.46291,0.0729768,-2.93097,-32142.6
2.05,0.0729768,2,1.46291,0.0729768,-2.92796,-32704.5
2.05,0.0729768,2,1.46291,0.0729768,-2.92496,-34558.5
2.05,0.0729768,2,1.46291,0.0729768,-2.92196,-33902.3
2.05,0.0729768,2,1.46291,0.0729768,-2.91896,-33035.3
2.05,0.0729768,2,1.46291,0.0729768,-2.91596,-31725.2
2.05,0.0729768,2,1.46291,0.0729768,-2.91296,-35822.4
2.05,0.0729768,2,1.46291,0.0729768,-2.90995,-35053.3
2.05,0.0729768,2,1.46291,0.0729768,-2.90695,-35530.6
2.05,0.0729768,2,1.46291,0.0729768,-2.90395,-34637.4
2.05,0.0729768,2,1.46291,0.0729768,-2.90095,-36573.3
2.05,0.0729768,2,1.46291,0.0729768,-2.89795,-39294.9
2.05,0.0729768,2,1.46291,0.0729768,-2.89495,-32097.1
2.05,0.0729768,2,1.46291,0.0729768,-2.89195,-36124.8
2.05,0.0729768,2,1.46291,0.0729768,-2.88894,-35463.7
2.05,0.0729768,2,1.46291,0.0729768,-2.88594,-31793.9
2.05,0.0729768,2,1.46291,0.0729768,-2.88294,-35869.3
2.05,0.0729768,2,1.46291,0.0729768,-2.87994,-35759
2.05,0.0729768,2,1.46291,0.0729768,-2.87694,-32610.8
2.05,0.0729768,2,1.46291,0.0729768,-2.87394,-37254.7
2.05,0.0729768,2,1.46291,0.0729768,-2.87094,-31611.6
2.05,0.0729768,2,1.46291,0.0729768,-2.86793,-32141
2.05,0.0729768,2,1.46291,0.0729768,-2.86493,-32211.5
2.05,0.0729768,2,1.46291,0.0729768,-2.86193,-36584.5
2.05,0.0729768,2,1.46291,0.0729768,-2.85893,-34601.5
2.05,0.0729768,2,1.46291,0.0729768,-2.85593,-32311.3
2.05,0.0729768,2,1.46291,0.0729768,-2.85293,-35676.4
2.05,0.0729768,2,1.46291,0.0729768,-2.84992,-33159.3
2.05,0.0729768,2,1.46291,0.0729768,-2.84692,-33270.1
2.05,0.0729768,2,1.46291,0.0729768,-2.84392,-35801.7
2.05,0.0729768,2,1.46291,0.0729768,-2.84092,-32934.9
2.05,0.0729768,2,1.46291,0.0729768,-2.83792,-31568.4
2.05,0.0729768,2,1.46291,0.0729768,-2.83492,-33490.6
2.05,0.0729768,2,1.46291,0.0729768,-2.83192,-34811
2.05,0.0729768,2,1.46291,0.0729768,-2.82891,-33739.3
2.05,0.0729768,2,1.46291,0.0729768,-2.82591,-34829.6
2.05,0.0729768,2,1.46291,0.0729768,-2.82291,-33834
2.05,0.0729768,2,1.46291,0.0729768,-2.81991,-34323.9
2.05,0.0729768,2,1.46291,0.0729768,-2.81691,-33460.3
2.05,0.0729768,2,1.46291,0.0729768,-2.81391,-34795.9
2.05,0.0729768,2,1.46291,0.0729768,-2.81091,-37083.6
2.05,0.0729768,2,1.46291,0.0729768,-2.8079,-31897
2.05,0.0729768,2,1.46291,0.0729768,-2.8049,-33560.4
2.05,0.0729768,2,1.46291,0.0729768,-2.8019,-34775.3
2.05,0.0729768,2,1.46291,0.0729768,-2.7989,-32331.8
2.05,0.0729768,2,1.46291,0.0729768,-2.7959,-35113.6
2.05,0.0729768,2,1.46291,0.0729768,-2.7929,-31592.6
2.05,0.0729768,2,1.46291,0.0729768,-2.78989,-33440.6
2.05,0.0729768,2,1.46291,0.0729768,-2.78689,-33138.4
2.05,0.0729768,2,1.46291,0.0729768,-2.78389,-36991.3
2.05,0.0729768,2,1.46291,0.0729768,-2.78089,-31781.2
2.05,0.0729768,2,1.46291,0.0729768,-2.77789,-32600.4
2.05,0.0729768,2,1.46291,0.0729768,-2.77489,-37104.4
2.05,0.0729768,2,1.46291,0.0729768,-2.77189,-36859.5
2.05,0.0729768,2,1.46291,0.0729768,-2.76888,-33052.5
2.05,0.0729768,2,1.46291,0.0729768,-2.76588,-36327.1
2.05,0.0729768,2,1.46291,0.0729768,-2.76288,-32806
2.05,0.0729768,2,1.46291,0.0729768,-2.75988,-34529
2.05,0.0729768,2,1.46291,0.0729768,-2.75688,-32808
2.05,0.0729768,2,1.46291,0.0729768,-2.75388,-31831.3
2.05,0.0729768,2,1.46291,0.0729768,-2.75088,-32364.7
2.05,0.0729768,2,1.46291,0.0729768,-2.74787,-35543.1
2.05,0.0729768,2,1.46291,0.0729768,-2.74487,-33479.1
2.05,0.0729768,2,1.46291,0.0729768,-2.74187,-35498.6
2.05,0.0729768,2,1.46291,0.0729768,-2.73887,-31885.4
2.05,0.0729768,2,1.46291,0.0729768,-2.73587,-34382.5
2.05,0.0729768,2,1.46291,0.0729768,-2.73287,-36146.5
2.05,0.0729768,2,1.46291,0.0729768,-2.72986,-31449.5
2.05,0.0729768,2,1.46291,0.0729768,-2.72686,-33068.8
2.05,0.0729768,2,1.46291,0.0729768,-2.72386,-31842.2
2.05,0.0729768,2,1.46291,0.0729768,-2.72086,-31584.6
2.05,0.0729768,2,1.46291,0.0729768,-2.71786,-32396.2
2.05,0.0729768,2,1.46291,0.0729768,-2.71486,-31139.7
2.05,0.0729768,2,1.46291,0.0729768,-2.71186,-34096
2.05,0.0729768,2,1.46291,0.0729768,-2.70885,-33899.4
2.05,0.0729768,2,1.46291,0.0729768,-2.70585,-32430
2.05,0.0729768,2,1.46291,0.0729768,-2.70285,-31136.3
2.05,0.0729768,2,1.46291,0.0729768,-2.69985,-31141.1
2.05,0.0729768,2,1.46291,0.0729768,-2.69685,-34179.4
2.05,0.0729768,2,1.46291,0.0729768,-2.69385,-33685.7
2.05,0.0729768,2,1.46291,0.0729768,-2.69085,-32588.8
2.05,0.0729768,2,1.46291,0.0729768,-2.68784,-36427.2
2.05,0.0729768,2,1.46291,0.0729768,-2.68484,-35757.9
2.05,0.0729768,2,1.46291,0.0729768,-2.68184,-33853.3
2.05,0.0729768,2,1.46291,0.0729768,-2.67884,-33822.5
2.05,0.0729768,2,1.46291,0.0729768,-2.67584,-36792.5
2.05,0.0729768,2,1.46291,0.0729768,-2.67284,-34097.8
2.05,0.0729768,2,1.46291,0.0729768,-2.66983,-34212.3
2.05,0.0729768,2,1.46291,0.0729768,-2.66683,-32909.7
2.05,0.0729768,2,1.46291,0.0729768,-2.66383,-31754.4
2.05,0.0729768,2,1.46291,0.0729768,-2.66083,-33955.5
2.05,0.0729768,2,1.46291,0.0729768,-2.65783,-32108.5
2.05,0.0729768,2,1.46291,0.0729768,-2.65483,-32671.9
2.05,0.0729768,2,1.46291,0.0729768,-2.65183,-34757.6
2.05,0.0729768,2,1.46291,0.0729768,-2.64882,-38734.2
2.05,0.0729768,2,1.46291,0.0729768,-2.64582,-34542.1
2.05,0.0729768,2,1.46291,0.0729768,-2.64282,-30937.7
2.05,0.0729768,2,1.46291,0.0729768,-2.63982,-33513.1
2.05,0.0729768,2,1.46291,0.0729768,-2.63682,-32204.7
2.05,0.0729768,2,1.46291,0.0729768,-2.63382,-32175.4
2.05,0.0729768,2,1.46291,0.0729768,-2.63082,-32593.8
2.05,0.0729768,2,1.46291,0.0729768,-2.62781,-32618.4
2.05,0.0729768,2,1.46291,0.0729768,-2.62481,-36655.2
2.05,0.0729768,2,1.46291,0.0729768,-2.62181,-32959.5
2.05,0.0729768,2,1.46291,0.0729768,-2.61881,-34904
2.05,0.0729768,2,1.46291,0.0729768,-2.61581,-31407.6
2.05,0.0729768,2,1.46291,0.0729768,-2.61281,-34658.8
2.05,0.0729768,2,1.46291,0.0729768,-2.6098,-36060.4
2.05,0.0729768,2,1.46291,0.0729768,-2.6068,-36345.4
2.05,0.0729768,2,1.46291,0.0729768,-2.6038,-31602.8
2.05,0.0729768,2,1.46291,0.0729768,-2.6008,-31988.5
2.05,0.0729768,2,1.46291,0.0729768,-2.5978,-33275.6
2.05,0.0729768,2,1.46291,0.0729768,-2.5948,-31132
2.05,0.0729768,2,1.46291,0.0729768,-2.5918,-31411.2
2.05,0.0729768,2,1.46291,0.0729768,-2.58879,-31843.2
2.05,0.0729768,2,1.46291,0.0729768,-2.58579,-31207.5
2.05,0.0729768,2,1.46291,0.0729768,-2.58279,-31364.2
2.05,0.0729768,2,1.46291,0.0729768,-2.57979,-36140.2
2.05,0.0729768,2,1.46291,0.0729768,-2.57679,-35040.3
2.05,0.0729768,2,1.46291,0.0729768,-2.57379,-32248.6
2.05,0.0729768,2,1.46291,0.0729768,-2.57079,-32640.7
2.05,0.0729768,2,1.46291,0.0729768,-2.56778,-35075.1
2.05,0.0729768,2,1.46291,0.0729768,-2.56478,-34482.6
2.05,0.0729768,2,1.46291,0.0729768,-2.56178,-32060.3
2.05,0.0729768,2,1.46291,0.0729768,-2.55878,-33659
2.05,0.0729768,2,1.46291,0.0729768,-2.55578,-34739.8
2.05,0.0729768,2,1.46291,0.0729768,-2.55278,-32970.6
2.05,0.0729768,2,1.46291,0.0729768,-2.54977,-32423.3
2.05,0.0729768,2,1.46291,0.0729768,-2.54677,-37393.5
2.05,0.0729768,2,1.46291,0.0729768,-2.54377,-30859.6
2.05,0.0729768,2,1.46291,0.0729768,-2.54077,-31423.4
2.05,0.0729768,2,1.46291,0.0729768,-2.53777,-32431.3
2.05,0.0729768,2,1.46291,0.0729768,-2.53477,-32535
2.05,0.0729768,2,1.46291,0.0729768,-2.53177,-31977.5
2.05,0.0729768,2,1.46291,0.0729768,-2.52876,-31521.9
2.05,0.0729768,2,1.46291,0.0729768,-2.52576,-33706.5
2.05,0.0729768,2,1.46291,0.0729768,-2.52276,-33454.2
2.05,0.0729768,2,1.46291,0.0729768,-2.51976,-30391.7
2.05,0.0729768,2,1.46291,0.0729768,-2.51676,-32846.3
2.05,0.0729768,2,1.46291,0.0729768,-2.51376,-30987.6
2.05,0.0729768,2,1.46291,0.0729768,-2.51076,-36462.4
2.05,0.0729768,2,1.46291,0.0729768,-2.50775,-35420.2
2.05,0.0729768,2,1.46291,0.0729768,-2.50475,-34944.8
2.05,0.0729768,2,1.46291,0.0729768,-2.50175,-31364.2
2.05,0.0729768,2,1.46291,0.0729768,-2.49875,-32881.2
2.05,0.0729768,2,1.46291,0.0729768,-2.49575,-34317.3
2.05,0.0729768,2,1.46291,0.0729768,-2.49275,-33891.7
2.05,0.0729768,2,1.46291,0.0729768,-2.48974,-32829.8
2.05,0.0729768,2,1.46291,0.0729768,-2.48674,-33547.8
2.05,0.0729768,2,1.46291,0.0729768,-2.48374,-31673.3
2.05,0.0729768,2,1.46291,0.0729768,-2.48074,-31282.9
2.05,0.0729768,2,1.46291,0.0729768,-2.47774,-34337.3
2.05,0.0729768,2,1.46291,0.0729768,-2.47474,-33455.2
2.05,0.0729768,2,1.46291,0.0729768,-2.47174,-33529
2.05,0.0729768,2,1.46291,0.0729768,-2.46873,-35069.6
2.05,0.0729768,2,1.46291,0.0729768,-2.46573,-35322.4
2.05,0.0729768,2,1.46291,0.0729768,-2.46273,-35924.5
2.05,0.0729768,2,1.46291,0.0729768,-2.45973,-32403.3
2.05,0.0729768,2,1.46291,0.0729768,-2.45673,-33803.9
2.05,0.0729768,2,1.46291,0.0729768,-2.45373,-30959.6
2.05,0.0729768,2,1.46291,0.0729768,-2.45073,-32437.3
2.05,0.0729768,2,1.46291,0.0729768,-2.44772,-33877.7
2.05,0.0729768,2,1.46291,0.0729768,-2.44472,-30404.4
2.05,0.0729768,2,1.46291,0.0729768,-2.44172,-34426.3
2.05,0.0729768,2,1.46291,0.0729768,-2.43872,-30952.4
2.05,0.0729768,2,1.46291,0.0729768,-2.43572,-32723.1
2.05,0.0729768,2,1.46291,0.0729768,-2.43272,-30775.1
2.05,0.0729768,2,1.46291,0.0729768,-2.42971,-30422.6
2.05,0.0729768,2,1.46291,0.0729768,-2.42671,-35544.2
2.05,0.0729768,2,1.46291,0.0729768,-2.42371,-31231.2
2.05,0.0729768,2,1.46291,0.0729768,-2.42071,-33013.9
2.05,0.0729768,2,1.46291,0.0729768,-2.41771,-32599
2.05,0.0729768,2,1.46291,0.0729768,-2.41471,-34997
2.05,0.0729768,2,1.46291,0.0729768,-2.41171,-32268.1
2.05,0.0729768,2,1.46291,0.0729768,-2.4087,-32252.4
2.05,0.0729768,2,1.46291,0.0729768,-2.4057,-30500
2.05,0.0729768,2,1.46291,0.0729768,-2.4027,-31004
2.05,0.0729768,2,1.46291,0.0729768,-2.3997,-32625.1
2.05,0.0729768,2,1.46291,0.0729768,-2.3967,-31599.3
2.05,0.0729768,2,1.46291,0.0729768,-2.3937,-33194
2.05,0.0729768,2,1.46291,0.0729768,-2.3907,-29900.6
2.05,0.0729768,2,1.46291,0.0729768,-2.38769,-34288.2
2.05,0.0729768,2,1.46291,0.0729768,-2.38469,-29954.6
2.05,0.0729768,2,1.46291,0.0729768,-2.38169,-35168.8
2.05,0.0729768,2,1.46291,0.0729768,-2.37869,-34945.2
2.05,0.0729768,2,1.46291,0.0729768,-2.37569,-30440.8
2.05,0.0729768,2,1.46291,0.0729768,-2.37269,-32079.3
2.05,0.0729768,2,1.46291,0.0729768,-2.36968,-33336.4
2.05,0.0729768,2,1.46291,0.0729768,-2.36668,-34372.7
2.05,0.0729768,2,1.46291,0.0729768,-2.36368,-29714.4
2.05,0.0729768,2,1.46291,0.0729768,-2.36068,-29499.4
2.05,0.0729768,2,1.46291,0.0729768,-2.35768,-29830.5
2.05,0.0729768,2,1.46291,0.0729768,-2.35468,-30947.4
2.05,0.0729768,2,1.46291,0.0729768,-2.35168,-29820.2
2.05,0.0729768,2,1.46291,0.0729768,-2.34867,-30607.9
2.05,0.0729768,2,1.46291,0.0729768,-2.34567,-30764.1
2.05,0.0729768,2,1.46291,0.0729768,-2.34267,-33195.1
2.05,0.0729768,2,1.46291,0.0729768,-2.33967,-31202.1
2.05,0.0729768,2,1.46291,0.0729768,-2.33667,-33584.4
2.05,0.0729768,2,1.46291,0.0729768,-2.33367,-32321.8
2.05,0.0729768,2,1.46291,0.0729768,-2.33067,-31061.4
2.05,0.0729768,2,1.46291,0.0729768,-2.32766,-34193.5
2.05,0.0729768,2,1.46291,0.0729768,-2.32466,-31160.3
2.05,0.0729768,2,1.46291,0.0729768,-2.32166,-31093.6
2.05,0.0729768,2,1.46291,0.0729768,-2.31866,-30759.2
2.05,0.0729768,2,1.46291,0.0729768,-2.31566,-34618.5
2.05,0.0729768,2,1.46291,0.0729768,-2.31266,-31205.6
2.05,0.0729768,2,1.46291,0.0729768,-2.30965,-30716.9
2.05,0.0729768,2,1.46291,0.0729768,-2.30665,-31711.4
2.05,0.0729768,2,1.46291,0.0729768,-2.30365,-29316.2
2.05,0.0729768,2,1.46291,0.0729768,-2.30065,-30547.4
2.05,0.0729768,2,1.46291,0.0729768,-2.29765,-30877.6
2.05,0.0729768,2,1.46291,0.0729768,-2.29465,-33749.1
2.05,0.0729768,2,1.46291,0.0729768,-2.29165,-29655.5
2.05,0.0729768,2,1.46291,0.0729768,-2.28864,-30026.3
2.05,0.0729768,2,1.46291,0.0729768,-2.28564,-29811.4
2.05,0.0729768,2,1.46291,0.0729768,-2.28264,-30087.3
2.05,0.0729768,2,1.46291,0.0729768,-2.27964,-29668.7
2.05,0.0729768,2,1.46291,0.0729768,-2.27664,-30303.8
2.05,0.0729768,2,1.46291,0.0729768,-2.27364,-30411.5
2.05,0.0729768,2,1.46291,0.0729768,-2.27064,-29623
2.05,0.0729768,2,1.46291,0.0729768,-2.26763,-31990.2
2.05,0.0729768,2,1.46291,0.0729768,-2.26463,-29879.8
2.05,0.0729768,2,1.46291,0.0729768,-2.26163,-30116.7
2.05,0.0729768,2,1.46291,0.0729768,-2.25863,-30441.5
2.05,0.0729768,2,1.46291,0.0729768,-2.25563,-28334.2
2.05,0.0729768,2,1.46291,0.0729768,-2.25263,-29335.3
2.05,0.0729768,2,1.46291,0.0729768,-2.24962,-31968.3
2.05,0.0729768,2,1.46291,0.0729768,-2.24662,-28297.4
2.05,0.0729768,2,1.46291,0.0729768,-2.24362,-29104
2.05,0.0729768,2,1.46291,0.0729768,-2.24062,-29078.3
2.05,0.0729768,2,1.46291,0.0729768,-2.23762,-27403.1
2.05,0.0729768,2,1.46291,0.0729768,-2.23462,-31402.8
2.05,0.0729768,2,1.46291,0.0729768,-2.23162,-29513.9
2.05,0.0729768,2,1.46291,0.0729768,-2.22861,-28396
2.05,0.0729768,2,1.46291,0.0729768,-2.22561,-27503.7
2.05,0.0729768,2,1.46291,0.0729768,-2.22261,-29328.4
2.05,0.0729768,2,1.46291,0.0729768,-2.21961,-31364.7
2.05,0.0729768,2,1.46291,0.0729768,-2.21661,-29439.1
2.05,0.0729768,2,1.46291,0.0729768,-2.21361,-27270
2.05,0.0729768,2,1.46291,0.0729768,-2.21061,-27755.4
2.05,0.0729768,2,1.46291,0.0729768,-2.2076,-29355.4
2.05,0.0729768,2,1.46291,0.0729768,-2.2046,-28122.8
2.05,0.0729768,2,1.46291,0.0729768,-2.2016,-28049.1
2.05,0.0729768,2,1.46291,0.0729768,-2.1986,-28577
2.05,0.0729768,2,1.46291,0.0729768,-2.1956,-29894.5
2.05,0.0729768,2,1.46291,0.0729768,-2.1926,-27275.7
2.05,0.0729768,2,1.46291,0.0729768,-2.18959,-26980.9
2.05,0.0729768,2,1.46291,0.0729768,-2.18659,-26325.5
2.05,0.0729768,2,1.46291,0.0729768,-2.18359,-27582.9
2.05,0.0729768,2,1.46291,0.0729768,-2.18059,-26261.9
2.05,0.0729768,2,1.46291,0.0729768,-2.17759,-28617
2.05,0.0729768,2,1.46291,0.0729768,-2.17459,-29010.7
2.05,0.0729768,2,1.46291,0.0729768,-2.17159,-27706.6
2.05,0.0729768,2,1.46291,0.0729768,-2.16858,-27658.4
2.05,0.0729768,2,1.46291,0.0729768,-2.16558,-29527.4
2.05,0.0729768,2,1.46291,0.0729768,-2.16258,-24954.2
2.05,0.0729768,2,1.46291,0.0729768,-2.15958,-25161
2.05,0.0729768,2,1.46291,0.0729768,-2.15658,-27735.4
2.05,0.0729768,2,1.46291,0.0729768,-2.15358,-28350.4
2.05,0.0729768,2,1.46291,0.0729768,-2.15058,-23810.8
2.05,0.0729768,2,1.46291,0.0729768,-2.14757,-22028.8
2.05,0.0729768,2,1.46291,0.0729768,-2.14457,-22260.8
2.05,0.0729768,2,1.46291,0.0729768,-2.14157,22128.9
2.05,0.0729768,2,1.46291,0.0729768,-2.13857,22784.9
2.05,0.0729768,2,1.46291,0.0729768,-2.13557,23916.9
2.05,0.0729768,2,1.46291,0.0729768,-2.13257,26386.9
2.05,0.0729768,2,1.46291,0.0729768,-2.12956,24928.3
2.05,0.0729768,2,1.46291,0.0729768,-2.12656,29124.6
2.05,0.0729768,2,1.46291,0.0729768,-2.12356,24842.7
2.05,0.0729768,2,1.46291,0.0729768,-2.12056,25406.5
2.05,0.0729768,2,1.46291,0.0729768,-2.11756,25438
2.05,0.0729768,2,1.46291,0.0729768,-2.11456,27491.6
2.05,0.0729768,2,1.46291,0.0729768,-2.11156,27243.2
2.05,0.0729768,2,1.46291,0.0729768,-2.10855,26689.6
2.05,0.0729768,2,1.46291,0.0729768,-2.10555,26099.3
2.05,0.0729768,2,1.46291,0.0729768,-2.10255,27924.4
2.05,0.0729768,2,1.46291,0.0729768,-2.09955,26152.4
2.05,0.0729768,2,1.46291,0.0729768,-2.09655,26173.7
2.05,0.0729768,2,1.46291,0.0729768,-2.09355,32375.8
2.05,0.0729768,2,1.46291,0.0729768,-2.09055,26918.1
2.05,0.0729768,2,1.46291,0.0729768,-2.08754,28207.3
2.05,0.0729768,2,1.46291,0.0729768,-2.08454,29074.6
2.05,0.0729768,2,1.46291,0.0729768,-2.08154,27947.2
2.05,0.0729768,2,1.46291,0.0729768,-2.07854,29560.3
2.05,0.0729768,2,1.46291,0.0729768,-2.07554,26987.9
2.05,0.0729768,2,1.46291,0.0729768,-2.07254,28480.4
2.05,0.0729768,2,1.46291,0.0729768,-2.06953,30318.4
2.05,0.0729768,2,1.46291,0.0729768,-2.06653,30526.3
2.05,0.0729768,2,1.46291,0.0729768,-2.06353,30975.5
2.05,0.0729768,2,1.46291,0.0729768,-2.06053,28010.1
2.05,0.0729768,2,1.46291,0.0729768,-2.05753,28266.1
2.05,0.0729768,2,1.46291,0.0729768,-2.05453,33324.8
2.05,0.0729768,2,1.46291,0.0729768,-2.05153,32369.7
2.05,0.0729768,2,1.46291,0.0729768,-2.04852,29426.7
2.05,0.0729768,2,1.46291,0.0729768,-2.04552,29039.3
2.05,0.0729768,2,1.46291,0.0729768,-2.04252,28492.9
2.05,0.0729768,2,1.46291,0.0729768,-2.03952,28921.9
2.05,0.0729768,2,1.46291,0.0729768,-2.03652,28500
2.05,0.0729768,2,1.46291,0.0729768,-2.03352,30825.4
2.05,0.0729768,2,1.46291,0.0729768,-2.03052,28106
2.05,0.0729768,2,1.46291,0.0729768,-2.02751,29355.7
2.05,0.0729768,2,1.46291,0.0729768,-2.02451,29292.2
2.05,0.0729768,2,1.46291,0.0729768,-2.02151,33473.4
2.05,0.0729768,2,1.46291,0.0729768,-2.01851,31744.4
2.05,0.0729768,2,1.46291,0.0729768,-2.01551,29497.2
2.05,0.0729768,2,1.46291,0.0729768,-2.01251,29307.3
2.05,0.0729768,2,1.46291,0.0729768,-2.0095,30471.4
2.05,0.0729768,2,1.46291,0.0729768,-2.0065,31273.9
2.05,0.0729768,2,1.46291,0.0729768,-2.0035,30237.4
2.05,0.0729768,2,1.46291,0.0729768,-2.0005,31017.4
2.05,0.0729768,2,1.46291,0.0729768,-1.9975,30592.7
2.05,0.0729768,2,1.46291,0.0729768,-1.9945,32307.5
2.05,0.0729768,2,1.46291,0.0729768,-1.9915,33058.1
2.05,0.0729768,2,1.46291,0.0729768,-1.98849,31841
2.05,0.0729768,2,1.46291,0.0729768,-1.98549,33469.2
2.05,0.0729768,2,1.46291,0.0729768,-1.98249,31718.3
2.05,0.0729768,2,1.46291,0.0729768,-1.97949,31514.9
2.05,0.0729768,2,1.46291,0.0729768,-1.97649,29252.7
2.05,0.0729768,2,1.46291,0.0729768,-1.97349,32071.2
2.05,0.0729768,2,1.46291,0.0729768,-1.97049,33615.8
2.05,0.0729768,2,1.46291,0.0729768,-1.96748,29391.2
2.05,0.0729768,2,1.46291,0.0729768,-1.96448,33388.6
2.05,0.0729768,2,1.46291,0.0729768,-1.96148,34716.6
2.05,0.0729768,2,1.46291,0.0729768,-1.95848,31044.7
2.05,0.0729768,2,1.46291,0.0729768,-1.95548,29401.4
2.05,0.0729768,2,1.46291,0.0729768,-1.95248,31321.2
2.05,0.0729768,2,1.46291,0.0729768,-1.94947,32969.3
2.05,0.0729768,2,1.46291,0.0729768,-1.94647,35370.1
2.05,0.0729768,2,1.46291,0.0729768,-1.94347,30859.8
2.05,0.0729768,2,1.46291,0.0729768,-1.94047,33676.2
2.05,0.0729768,2,1.46291,0.0729768,-1.93747,30527.2
2.05,0.0729768,2,1.46291,0.0729768,-1.93447,34198.4
2.05,0.0729768,2,1.46291,0.0729768,-1.93147,31446.6
2.05,0.0729768,2,1.46291,0.0729768,-1.92846,32026.9
2.05,0.0729768,2,1.46291,0.0729768,-1.92546,33794
2.05,0.0729768,2,1.46291,0.0729768,-1.92246,30586.2
2.05,0.0729768,2,1.46291,0.0729768,-1.91946,32933.3
2.05,0.0729768,2,1.46291,0.0729768,-1.91646,29962.2
2.05,0.0729768,2,1.46291,0.0729768,-1.91346,31791.7
2.05,0.0729768,2,1.46291,0.0729768,-1.91046,33752.3
2.05,0.0729768,2,1.46291,0.0729768,-1.90745,30832.3
2.05,0.0729768,2,1.46291,0.0729768,-1.90445,30866.3
2.05,0.0729768,2,1.46291,0.0729768,-1.90145,37423.8
2.05,0.0729768,2,1.46291,0.0729768,-1.89845,34778
2.05,0.0729768,2,1.46291,0.0729768,-1.89545,31711
2.05,0.0729768,2,1.46291,0.0729768,-1.89245,34696.6
2.05,0.0729768,2,1.46291,0.0729768,-1.88944,32936.9
2.05,0.0729768,2,1.46291,0.0729768,-1.88644,31945.5
2.05,0.0729768,2,1.46291,0.0729768,-1.88344,31238.4
2.05,0.0729768,2,1.46291,0.0729768,-1.88044,35010.7
2.05,0.0729768,2,1.46291,0.0729768,-1.87744,33291.7
2.05,0.0729768,2,1.46291,0.0729768,-1.87444,31604
2.05,0.0729768,2,1.46291,0.0729768,-1.87144,36108
2.05,0.0729768,2,1.46291,0.0729768,-1.86843,32623.3
2.05,0.0729768,2,1.46291,0.0729768,-1.86543,34125.5
2.05,0.0729768,2,1.46291,0.0729768,-1.86243,31868.6
2.05,0.0729768,2,1.46291,0.0729768,-1.85943,34021.5
2.05,0.0729768,2,1.46291,0.0729768,-1.85643,37812.3
2.05,0.0729768,2,1.46291,0.0729768,-1.85343,32851.2
2.05,0.0729768,2,1.46291,0.0729768,-1.85043,33204.9
2.05,0.0729768,2,1.46291,0.0729768,-1.84742,34869.2
2.05,0.0729768,2,1.46291,0.0729768,-1.84442,32739.6
2.05,0.0729768,2,1.46291,0.0729768,-1.84142,33269.4
2.05,0.0729768,2,1.46291,0.0729768,-1.83842,30667.4
2.05,0.0729768,2,1.46291,0.0729768,-1.83542,30770.9
2.05,0.0729768,2,1.46291,0.0729768,-1.83242,34550.6
2.05,0.0729768,2,1.46291,0.0729768,-1.82941,30863.1
2.05,0.0729768,2,1.46291,0.0729768,-1.82641,37182.7
2.05,0.0729768,2,1.46291,0.0729768,-1.82341,30465.7
2.05,0.0729768,2,1.46291,0.0729768,-1.82041,32876.8
2.05,0.0729768,2,1.46291,0.0729768,-1.81741,35574.9
2.05,0.0729768,2,1.46291,0.0729768,-1.81441,33010.7
2.05,0.0729768,2,1.46291,0.0729768,-1.81141,32056.6
2.05,0.0729768,2,1.46291,0.0729768,-1.8084,32437.6
2.05,0.0729768,2,1.46291,0.0729768,-1.8054,31637
2.05,0.0729768,2,1.46291,0.0729768,-1.8024,34543.1
2.05,0.0729768,2,1.46291,0.0729768,-1.7994,34715.1
2.05,0.0729768,2,1.46291,0.0729768,-1.7964,33703.5
2.05,0.0729768,2,1.46291,0.0729768,-1.7934,37136
2.05,0.0729768,2,1.46291,0.0729768,-1.7904,31409.3
2.05,0.0729768,2,1.46291,0.0729768,-1.78739,33131.9
2.05,0.0729768,2,1.46291,0.0729768,-1.78439,32107.6
2.05,0.0729768,2,1.46291,0.0729768,-1.78139,34490.5
2.05,0.0729768,2,1.46291,0.0729768,-1.77839,33815.8
2.05,0.0729768,2,1.46291,0.0729768,-1.77539,30789.7
2.05,0.0729768,2,1.46291,0.0729768,-1.77239,31008
2.05,0.0729768,2,1.46291,0.0729768,-1.76938,32324.1
2.05,0.0729768,2,1.46291,0.0729768,-1.76638,36263.5
2.05,0.0729768,2,1.46291,0.0729768,-1.76338,31647.7
2.05,0.0729768,2,1.46291,0.0729768,-1.76038,32319.6
2.05,0.0729768,2,1.46291,0.0729768,-1.75738,33558
2.05,0.0729768,2,1.46291,0.0729768,-1.75438,36097.2
2.05,0.0729768,2,1.46291,0.0729768,-1.75138,36600.3
2.05,0.0729768,2,1.46291,0.0729768,-1.74837,36381.8
2.05,0.0729768,2,1.46291,0.0729768,-1.74537,32754.5
2.05,0.0729768,2,1.46291,0.0729768,-1.74237,32877.4
2.05,0.0729768,2,1.46291,0.0729768,-1.73937,32461.4
2.05,0.0729768,2,1.46291,0.0729768,-1.73637,31457.1
2.05,0.0729768,2,1.46291,0.0729768,-1.73337,36208.2
2.05,0.0729768,2,1.46291,0.0729768,-1.73037,31924
2.05,0.0729768,2,1.46291,0.0729768,-1.72736,32752.8
2.05,0.0729768,2,1.46291,0.0729768,-1.72436,34977.2
2.05,0.0729768,2,1.46291,0.0729768,-1.72136,32934.7
2.05,0.0729768,2,1.46291,0.0729768,-1.71836,32767.6
2.05,0.0729768,2,1.46291,0.0729768,-1.71536,31179.1
2.05,0.0729768,2,1.46291,0.0729768,-1.71236,32204.4
2.05,0.0729768,2,1.46291,0.0729768,-1.70935,32294.6
2.05,0.0729768,2,1.46291,0.0729768,-1.70635,36365.1
2.05,0.0729768,2,1.46291,0.0729768,-1.70335,32516.3
2.05,0.0729768,2,1.46291,0.0729768,-1.70035,33978
2.05,0.0729768,2,1.46291,0.0729768,-1.69735,31433.1
2.05,0.0729768,2,1.46291,0.0729768,-1.69435,31402.6
2.05,0.0729768,2,1.46291,0.0729768,-1.69135,34090.8
2.05,0.0729768,2,1.46291,0.0729768,-1.68834,32975.7
2.05,0.0729768,2,1.46291,0.0729768,-1.68534,36672.8
2.05,0.0729768,2,1.46291,0.0729768,-1.68234,36687.2
2.05,0.0729768,2,1.46291,0.0729768,-1.67934,33826.8
2.05,0.0729768,2,1.46291,0.0729768,-1.67634,32776.8
2.05,0.0729768,2,1.46291,0.0729768,-1.67334,33171.2
2.05,0.0729768,2,1.46291,0.0729768,-1.67034,31348.5
2.05,0.0729768,2,1.46291,0.0729768,-1.66733,31971.8
2.05,0.0729768,2,1.46291,0.0729768,-1.66433,32058.2
2.05,0.0729768,2,1.46291,0.0729768,-1.66133,37271.2
2.05,0.0729768,2,1.46291,0.0729768,-1.65833,36259.5
2.05,0.0729768,2,1.46291,0.0729768,-1.65533,33221.3
2.05,0.0729768,2,1.46291,0.0729768,-1.65233,31847
2.05,0.0729768,2,1.46291,0.0729768,-1.64932,33878.2
2.05,0.0729768,2,1.46291,0.0729768,-1.64632,33378.4
2.05,0.0729768,2,1.46291,0.0729768,-1.64332,34772.2
2.05,0.0729768,2,1.46291,0.0729768,-1.64032,35458.8
2.05,0.0729768,2,1.46291,0.0729768,-1.63732,33816.4
2.05,0.0729768,2,1.46291,0.0729768,-1.63432,32345.9
2.05,0.0729768,2,1.46291,0.0729768,-1.63132,32316.8
2.05,0.0729768,2,1.46291,0.0729768,-1.62831,35305.9
2.05,0.0729768,2,1.46291,0.0729768,-1.62531,34174.8
2.05,0.0729768,2,1.46291,0.0729768,-1.62231,33788.1
2.05,0.0729768,2,1.46291,0.0729768,-1.61931,33877.6
2.05,0.0729768,2,1.46291,0.0729768,-1.61631,36912.3
2.05,0.0729768,2,1.46291,0.0729768,-1.61331,34015.2
2.05,0.0729768,2,1.46291,0.0729768,-1.61031,34252.3
2.05,0.0729768,2,1.46291,0.0729768,-1.6073,34001.6
2.05,0.0729768,2,1.46291,0.0729768,-1.6043,32921.2
2.05,0.0729768,2,1.46291,0.0729768,-1.6013,32747.6
2.05,0.0729768,2,1.46291,0.0729768,-1.5983,31712
2.05,0.0729768,2,1.46291,0.0729768,-1.5953,33057.5
2.05,0.0729768,2,1.46291,0.0729768,-1.5923,33953
2.05,0.0729768,2,1.46291,0.0729768,-1.58929,32814.4
2.05,0.0729768,2,1.46291,0.0729768,-1.58629,31688.6
2.05,0.0729768,2,1.46291,0.0729768,-1.58329,33268.7
2.05,0.0729768,2,1.46291,0.0729768,-1.58029,36110.3
2.05,0.0729768,2,1.46291,0.0729768,-1.57729,33754.9
2.05,0.0729768,2,1.46291,0.0729768,-1.57429,36322.5
2.05,0.0729768,2,1.46291,0.0729768,-1.57129,33495.3
2.05,0.0729768,2,1.46291,0.0729768,-1.56828,37423.2
2.05,0.0729768,2,1.46291,0.0729768,-1.56528,33188.7
2.05,0.0729768,2,1.46291,0.0729768,-1.56228,36700.1
2.05,0.0729768,2,1.46291,0.0729768,-1.55928,33567.5
2.05,0.0729768,2,1.46291,0.0729768,-1.55628,33456.8
2.05,0.0729768,2,1.46291,0.0729768,-1.55328,35108.9
2.05,0.0729768,2,1.46291,0.0729768,-1.55028,33241.5
2.05,0.0729768,2,1.46291,0.0729768,-1.54727,33405.3
2.05,0.0729768,2,1.46291,0.0729768,-1.54427,34090
2.05,0.0729768,2,1.46291,0.0729768,-1.54127,32290.1
2.05,0.0729768,2,1.46291,0.0729768,-1.53827,33733.8
2.05,0.0729768,2,1.46291,0.0729768,-1.53527,35738.1
2.05,0.0729768,2,1.46291,0.0729768,-1.53227,35878.9
2.05,0.0729768,2,1.46291,0.0729768,-1.52926,35723.6
2.05,0.0729768,2,1.46291,0.0729768,-1.52626,36368.8
2.05,0.0729768,2,1.46291,0.0729768,-1.52326,32522.9
2.05,0.0729768,2,1.46291,0.0729768,-1.52026,32314.8
2.05,0.0729768,2,1.46291,0.0729768,-1.51726,35496
2.05,0.0729768,2,1.46291,0.0729768,-1.51426,34090.8
2.05,0.0729768,2,1.46291,0.0729768,-1.51126,32826.8
2.05,0.0729768,2,1.46291,0.0729768,-1.50825,37392.2
2.05,0.0729768,2,1.46291,0.0729768,-1.50525,32689.2
2.05,0.0729768,2,1.46291,0.0729768,-1.50225,35564
2.05,0.0729768,2,1.46291,0.0729768,-1.49925,32994.2
2.05,0.0729768,2,1.46291,0.0729768,-1.49625,36506.2
2.05,0.0729768,2,1.46291,0.0729768,-1.49325,33539.2
2.05,0.0729768,2,1.46291,0.0729768,-1.49025,34348.5
2.05,0.0729768,2,1.46291,0.0729768,-1.48724,36073.9
2.05,0.0729768,2,1.46291,0.0729768,-1.48424,33769.1
2.05,0.0729768,2,1.46291,0.0729768,-1.48124,36415.1
2.05,0.0729768,2,1.46291,0.0729768,-1.47824,32029.2
2.05,0.0729768,2,1.46291,0.0729768,-1.47524,34693
2.05,0.0729768,2,1.46291,0.0729768,-1.47224,35670
2.05,0.0729768,2,1.46291,0.0729768,-1.46923,37287.8
2.05,0.0729768,2,1.46291,0.0729768,-1.46623,37385
2.05,0.0729768,2,1.46291,0.0729768,-1.46323,37466.8
2.05,0.0729768,2,1.46291,0.0729768,-1.46023,34101.4
2.05,0.0729768,2,1.46291,0.0729768,-1.45723,35925.3
2.05,0.0729768,2,1.46291,0.0729768,-1.45423,35567.1
2.05,0.0729768,2,1.46291,0.0729768,-1.45123,32703.4
2.05,0.0729768,2,1.46291,0.0729768,-1.44822,35577.9
2.05,0.0729768,2,1.46291,0.0729768,-1.44522,37589.4
2.05,0.0729768,2,1.46291,0.0729768,-1.44222,32547.8
2.05,0.0729768,2,1.46291,0.0729768,-1.43922,33792.1
2.05,0.0729768,2,1.46291,0.0729768,-1.43622,38405.4
2.05,0.0729768,2,1.46291,0.0729768,-1.43322,32323.8
2.05,0.0729768,2,1.46291,0.0729768,-1.43022,33454.6
2.05,0.0729768,2,1.46291,0.0729768,-1.42721,36085.9
2.05,0.0729768,2,1.46291,0.0729768,-1.42421,33407
2.05,0.0729768,2,1.46291,0.0729768,-1.42121,32038.8
2.05,0.0729768,2,1.46291,0.0729768,-1.41821,35674.9
2.05,0.0729768,2,1.46291,0.0729768,-1.41521,37467.8
2.05,0.0729768,2,1.46291,0.0729768,-1.41221,35484.5
2.05,0.0729768,2,1.46291,0.0729768,-1.4092,33663.8
2.05,0.0729768,2,1.46291,0.0729768,-1.4062,33893.2
2.05,0.0729768,2,1.46291,0.0729768,-1.4032,32867.6
2.05,0.0729768,2,1.46291,0.0729768,-1.4002,38307.4
2.05,0.0729768,2,1.46291,0.0729768,-1.3972,35591.8
2.05,0.0729768,2,1.46291,0.0729768,-1.3942,36500.7
2.05,0.0729768,2,1.46291,0.0729768,-1.3912,34044
2.05,0.0729768,2,1.46291,0.0729768,-1.38819,33275.6
2.05,0.0729768,2,1.46291,0.0729768,-1.38519,33452
2.05,0.0729768,2,1.46291,0.0729768,-1.38219,36692.4
2.05,0.0729768,2,1.46291,0.0729768,-1.37919,35176.3
2.05,0.0729768,2,1.46291,0.0729768,-1.37619,36443.5
2.05,0.0729768,2,1.46291,0.0729768,-1.37319,32536
2.05,0.0729768,2,1.46291,0.0729768,-1.37019,35306.2
2.05,0.0729768,2,1.46291,0.0729768,-1.36718,36000
2.05,0.0729768,2,1.46291,0.0729768,-1.36418,37267.8
2.05,0.0729768,2,1.46291,0.0729768,-1.36118,33498.5
2.05,0.0729768,2,1.46291,0.0729768,-1.35818,36443.6
2.05,0.0729768,2,1.46291,0.0729768,-1.35518,37690
2.05,0.0729768,2,1.46291,0.0729768,-1.35218,36515.1
2.05,0.0729768,2,1.46291,0.0729768,-1.34917,33107
2.05,0.0729768,2,1.46291,0.0729768,-1.34617,36660.6
2.05,0.0729768,2,1.46291,0.0729768,-1.34317,34872.4
2.05,0.0729768,2,1.46291,0.0729768,-1.34017,33116.5
2.05,0.0729768,2,1.46291,0.0729768,-1.33717,33879.2
2.05,0.0729768,2,1.46291,0.0729768,-1.33417,32216.9
2.05,0.0729768,2,1.46291,0.0729768,-1.33117,36897.9
2.05,0.0729768,2,1.46291,0.0729768,-1.32816,36754.8
2.05,0.0729768,2,1.46291,0.0729768,-1.32516,34369.5
2.05,0.0729768,2,1.46291,0.0729768,-1.32216,34139.4
2.05,0.0729768,2,1.46291,0.0729768,-1.31916,32475.2
2.05,0.0729768,2,1.46291,0.0729768,-1.31616,34859.3
2.05,0.0729768,2,1.46291,0.0729768,-1.31316,33988.2
2.05,0.0729768,2,1.46291,0.0729768,-1.31016,36386.1
2.05,0.0729768,2,1.46291,0.0729768,-1.30715,34206.2
2.05,0.0729768,2,1.46291,0.0729768,-1.30415,34756.8
2.05,0.0729768,2,1.46291,0.0729768,-1.30115,33782.2
2.05,0.0729768,2,1.46291,0.0729768,-1.29815,37177.4
2.05,0.0729768,2,1.46291,0.0729768,-1.29515,37175.5
2.05,0.0729768,2,1.46291,0.0729768,-1.29215,33302.6
2.05,0.0729768,2,1.46291,0.0729768,-1.28914,32684.7
2.05,0.0729768,2,1.46291,0.0729768,-1.28614,35705.2
2.05,0.0729768,2,1.46291,0.0729768,-1.28314,32338.8
2.05,0.0729768,2,1.46291,0.0729768,-1.28014,37479.8
2.05,0.0729768,2,1.46291,0.0729768,-1.27714,32121.4
2.05,0.0729768,2,1.46291,0.0729768,-1.27414,32060.5
2.05,0.0729768,2,1.46291,0.0729768,-1.27114,37170.8
2.05,0.0729768,2,1.46291,0.0729768,-1.26813,35773.5
2.05,0.0729768,2,1.46291,0.0729768,-1.26513,34289.6
2.05,0.0729768,2,1.46291,0.0729768,-1.26213,35481
2.05,0.0729768,2,1.46291,0.0729768,-1.25913,32919.1
2.05,0.0729768,2,1.46291,0.0729768,-1.25613,33409.7
2.05,0.0729768,2,1.46291,0.0729768,-1.25313,34766.5
2.05,0.0729768,2,1.46291,0.0729768,-1.25013,36246.3
2.05,0.0729768,2,1.46291,0.0729768,-1.24712,34251.2
2.05,0.0729768,2,1.46291,0.0729768,-1.24412,34537.2
2.05,0.0729768,2,1.46291,0.0729768,-1.24112,35542.9
2.05,0.0729768,2,1.46291,0.0729768,-1.23812,34065.1
2.05,0.0729768,2,1.46291,0.0729768,-1.23512,35845.5
2.05,0.0729768,2,1.46291,0.0729768,-1.23212,34036.2
2.05,0.0729768,2,1.46291,0.0729768,-1.22911,34255.2
2.05,0.0729768,2,1.46291,0.0729768,-1.22611,34600.1
2.05,0.0729768,2,1.46291,0.0729768,-1.22311,33574.2
2.05,0.0729768,2,1.46291,0.0729768,-1.22011,35030.5
2.05,0.0729768,2,1.46291,0.0729768,-1.21711,36086.8
2.05,0.0729768,2,1.46291,0.0729768,-1.21411,34788.6
2.05,0.0729768,2,1.46291,0.0729768,-1.21111,36184.6
2.05,0.0729768,2,1.46291,0.0729768,-1.2081,36776.6
2.05,0.0729768,2,1.46291,0.0729768,-1.2051,32235.7
2.05,0.0729768,2,1.46291,0.0729768,-1.2021,36291.5
2.05,0.0729768,2,1.46291,0.0729768,-1.1991,35882.6
2.05,0.0729768,2,1.46291,0.0729768,-1.1961,33564
2.05,0.0729768,2,1.46291,0.0729768,-1.1931,33342
2.05,0.0729768,2,1.46291,0.0729768,-1.1901,32891.7
2.05,0.0729768,2,1.46291,0.0729768,-1.18709,33010.5
2.05,0.0729768,2,1.46291,0.0729768,-1.18409,32404.6
2.05,0.0729768,2,1.46291,0.0729768,-1.18109,36025
2.05,0.0729768,2,1.46291,0.0729768,-1.17809,33184.8
2.05,0.0729768,2,1.46291,0.0729768,-1.17509,32579
2.05,0.0729768,2,1.46291,0.0729768,-1.17209,37295.7
2.05,0.0729768,2,1.46291,0.0729768,-1.16908,36948.4
2.05,0.0729768,2,1.46291,0.0729768,-1.16608,33373.4
2.05,0.0729768,2,1.46291,0.0729768,-1.16308,33005.6
2.05,0.0729768,2,1.46291,0.0729768,-1.16008,35761.9
2.05,0.0729768,2,1.46291,0.0729768,-1.15708,35763.3
2.05,0.0729768,2,1.46291,0.0729768,-1.15408,38933.3
2.05,0.0729768,2,1.46291,0.0729768,-1.15108,33857.3
2.05,0.0729768,2,1.46291,0.0729768,-1.14807,33283.1
2.05,0.0729768,2,1.46291,0.0729768,-1.14507,32710.1
2.05,0.0729768,2,1.46291,0.0729768,-1.14207,32480.7
2.05,0.0729768,2,1.46291,0.0729768,-1.13907,33773.2
2.05,0.0729768,2,1.46291,0.0729768,-1.13607,36267.7
2.05,0.0729768,2,1.46291,0.0729768,-1.13307,37737.6
2.05,0.0729768,2,1.46291,0.0729768,-1.13007,38256.7
2.05,0.0729768,2,1.46291,0.0729768,-1.12706,34201.8
2.05,0.0729768,2,1.46291,0.0729768,-1.12406,31705.4
2.05,0.0729768,2,1.46291,0.0729768,-1.12106,31734.3
2.05,0.0729768,2,1.46291,0.0729768,-1.11806,31876.5
2.05,0.0729768,2,1.46291,0.0729768,-1.11506,33193.3
2.05,0.0729768,2,1.46291,0.0729768,-1.11206,33298
2.05,0.0729768,2,1.46291,0.0729768,-1.10905,34381.2
2.05,0.0729768,2,1.46291,0.0729768,-1.10605,33872
2.05,0.0729768,2,1.46291,0.0729768,-1.10305,31615.3
2.05,0.0729768,2,1.46291,0.0729768,-1.10005,31992
2.05,0.0729768,2,1.46291,0.0729768,-1.09705,34201
2.05,0.0729768,2,1.46291,0.0729768,-1.09405,33817.1
2.05,0.0729768,2,1.46291,0.0729768,-1.09105,31895.1
2.05,0.0729768,2,1.46291,0.0729768,-1.08804,33653.9
2.05,0.0729768,2,1.46291,0.0729768,-1.08504,33707.7
2.05,0.0729768,2,1.46291,0.0729768,-1.08204,32064.1
2.05,0.0729768,2,1.46291,0.0729768,-1.07904,32558
2.05,0.0729768,2,1.46291,0.0729768,-1.07604,31776.3
2.05,0.0729768,2,1.46291,0.0729768,-1.07304,31630.9
2.05,0.0729768,2,1.46291,0.0729768,-1.07004,37328.9
2.05,0.0729768,2,1.46291,0.0729768,-1.06703,37678.3
2.05,0.0729768,2,1.46291,0.0729768,-1.06403,32660.5
2.05,0.0729768,2,1.46291,0.0729768,-1.06103,32393.4
2.05,0.0729768,2,1.46291,0.0729768,-1.05803,35543.8
2.05,0.0729768,2,1.46291,0.0729768,-1.05503,35265.1
2.05,0.0729768,2,1.46291,0.0729768,-1.05203,33433.5
2.05,0.0729768,2,1.46291,0.0729768,-1.04902,35185.7
2.05,0.0729768,2,1.46291,0.0729768,-1.04602,35245.8
2.05,0.0729768,2,1.46291,0.0729768,-1.04302,31735.6
2.05,0.0729768,2,1.46291,0.0729768,-1.04002,36047.9
2.05,0.0729768,2,1.46291,0.0729768,-1.03702,36925.5
2.05,0.0729768,2,1.46291,0.0729768,-1.03402,31610.1
2.05,0.0729768,2,1.46291,0.0729768,-1.03102,34609
2.05,0.0729768,2,1.46291,0.0729768,-1.02801,36866.7
2.05,0.0729768,2,1.46291,0.0729768,-1.02501,36254.2
2.05,0.0729768,2,1.46291,0.0729768,-1.02201,31650.6
2.05,0.0729768,2,1.46291,0.0729768,-1.01901,36611.1
2.05,0.0729768,2,1.46291,0.0729768,-1.01601,35432.7
2.05,0.0729768,2,1.46291,0.0729768,-1.01301,32870.5
2.05,0.0729768,2,1.46291,0.0729768,-1.01001,31304.1
2.05,0.0729768,2,1.46291,0.0729768,-1.007,32503.3
2.05,0.0729768,2,1.46291,0.0729768,-1.004,34426.8
2.05,0.0729768,2,1.46291,0.0729768,-1.001,33202.2
2.05,0.0729768,2,1.46291,0.0729768,-0.997999,35482.3
2.05,0.0729768,2,1.46291,0.0729768,-0.994997,34673.9
2.05,0.0729768,2,1.46291,0.0729768,-0.991996,33472.4
2.05,0.0729768,2,1.46291,0.0729768,-0.988994,36257.3
2.05,0.0729768,2,1.46291,0.0729768,-0.985993,36406.3
2.05,0.0729768,2,1.46291,0.0729768,-0.982991,31134.4
2.05,0.0729768,2,1.46291,0.0729768,-0.97999,31383.9
2.05,0.0729768,2,1.46291,0.0729768,-0.976988,31253.1
2.05,0.0729768,2,1.46291,0.0729768,-0.973987,32247.5
2.05,0.0729768,2,1.46291,0.0729768,-0.970985,35768.2
2.05,0.0729768,2,1.46291,0.0729768,-0.967984,32700
2.05,0.0729768,2,1.46291,0.0729768,-0.964982,32589
2.05,0.0729768,2,1.46291,0.0729768,-0.961981,35564.7
2.05,0.0729768,2,1.46291,0.0729768,-0.958979,32379.8
2.05,0.0729768,2,1.46291,0.0729768,-0.955978,36673.9
2.05,0.0729768,2,1.46291,0.0729768,-0.952976,32355.9
2.05,0.0729768,2,1.46291,0.0729768,-0.949975,31540.4
2.05,0.0729768,2,1.46291,0.0729768,-0.946973,30927.8
2.05,0.0729768,2,1.46291,0.0729768,-0.943972,32331.5
2.05,0.0729768,2,1.46291,0.0729768,-0.94097,39033.3
2.05,0.0729768,2,1.46291,0.0729768,-0.937969,33635.9
2.05,0.0729768,2,1.46291,0.0729768,-0.934967,36091.4
2.05,0.0729768,2,1.46291,0.0729768,-0.931966,32488.4
2.05,0.0729768,2,1.46291,0.0729768,-0.928964,33069.4
2.05,0.0729768,2,1.46291,0.0729768,-0.925963,31826
2.05,0.0729768,2,1.46291,0.0729768,-0.922961,36152.8
2.05,0.0729768,2,1.46291,0.0729768,-0.91996,30450.7
2.05,0.0729768,2,1.46291,0.0729768,-0.916958,32051.4
2.05,0.0729768,2,1.46291,0.0729768,-0.913957,35762.9
2.05,0.0729768,2,1.46291,0.0729768,-0.910955,30547.7
2.05,0.0729768,2,1.46291,0.0729768,-0.907954,32117.6
2.05,0.0729768,2,1.46291,0.0729768,-0.904952,32554.4
2.05,0.0729768,2,1.46291,0.0729768,-0.901951,34814.9
2.05,0.0729768,2,1.46291,0.0729768,-0.898949,33301
2.05,0.0729768,2,1.46291,0.0729768,-0.895948,34734.7
2.05,0.0729768,2,1.46291,0.0729768,-0.892946,33185.7
2.05,0.0729768,2,1.46291,0.0729768,-0.889945,32871.1
2.05,0.0729768,2,1.46291,0.0729768,-0.886943,30532.3
2.05,0.0729768,2,1.46291,0.0729768,-0.883942,30775.6
2.05,0.0729768,2,1.46291,0.0729768,-0.88094,35502.8
2.05,0.0729768,2,1.46291,0.0729768,-0.877939,31649.5
2.05,0.0729768,2,1.46291,0.0729768,-0.874937,32778.4
2.05,0.0729768,2,1.46291,0.0729768,-0.871936,31423.7
2.05,0.0729768,2,1.46291,0.0729768,-0.868934,30782.1
2.05,0.0729768,2,1.46291,0.0729768,-0.865933,33358.8
2.05,0.0729768,2,1.46291,0.0729768,-0.862931,33004
2.05,0.0729768,2,1.46291,0.0729768,-0.85993,33556.4
2.05,0.0729768,2,1.46291,0.0729768,-0.856928,34773.9
2.05,0.0729768,2,1.46291,0.0729768,-0.853927,30037.3
2.05,0.0729768,2,1.46291,0.0729768,-0.850925,33445.7
2.05,0.0729768,2,1.46291,0.0729768,-0.847924,29723.6
2.05,0.0729768,2,1.46291,0.0729768,-0.844922,30470.8
2.05,0.0729768,2,1.46291,0.0729768,-0.841921,32427.5
2.05,0.0729768,2,1.46291,0.0729768,-0.838919,34080.4
2.05,0.0729768,2,1.46291,0.0729768,-0.835918,33899.2
2.05,0.0729768,2,1.46291,0.0729768,-0.832916,32208.6
2.05,0.0729768,2,1.46291,0.0729768,-0.829915,35937.5
2.05,0.0729768,2,1.46291,0.0729768,-0.826913,34635.7
2.05,0.0729768,2,1.46291,0.0729768,-0.823912,31982.2
2.05,0.0729768,2,1.46291,0.0729768,-0.82091,31773.1
2.05,0.0729768,2,1.46291,0.0729768,-0.817909,31604.7
2.05,0.0729768,2,1.46291,0.0729768,-0.814907,31494.2
2.05,0.0729768,2,1.46291,0.0729768,-0.811906,32413
2.05,0.0729768,2,1.46291,0.0729768,-0.808904,33605.2
2.05,0.0729768,2,1.46291,0.0729768,-0.805903,33459.6
2.05,0.0729768,2,1.46291,0.0729768,-0.802901,29760.3
2.05,0.0729768,2,1.46291,0.0729768,-0.7999,35031.9
2.05,0.0729768,2,1.46291,0.0729768,-0.796898,32786.1
2.05,0.0729768,2,1.46291,0.0729768,-0.793897,32853.7
2.05,0.0729768,2,1.46291,0.0729768,-0.790895,34844.2
2.05,0.0729768,2,1.46291,0.0729768,-0.787894,29688.5
2.05,0.0729768,2,1.46291,0.0729768,-0.784892,28569
2.05,0.0729768,2,1.46291,0.0729768,-0.781891,28666.3
2.05,0.0729768,2,1.46291,0.0729768,-0.778889,29995
2.05,0.0729768,2,1.46291,0.0729768,-0.775888,29179.8
2.05,0.0729768,2,1.46291,0.0729768,-0.772886,30837
2.05,0.0729768,2,1.46291,0.0729768,-0.769885,33285.5
2.05,0.0729768,2,1.46291,0.0729768,-0.766883,29812.3
2.05,0.0729768,2,1.46291,0.0729768,-0.763882,28975.2
2.05,0.0729768,2,1.46291,0.0729768,-0.76088,29999.4
2.05,0.0729768,2,1.46291,0.0729768,-0.757879,30887.2
2.05,0.0729768,2,1.46291,0.0729768,-0.754877,29495.4
2.05,0.0729768,2,1.46291,0.0729768,-0.751876,27905.3
2.05,0.0729768,2,1.46291,0.0729768,-0.748874,29524.4
2.05,0.0729768,2,1.46291,0.0729768,-0.745873,30026.8
2.05,0.0729768,2,1.46291,0.0729768,-0.742871,29681.9
2.05,0.0729768,2,1.46291,0.0729768,-0.73987,29987.5
2.05,0.0729768,2,1.46291,0.0729768,-0.736868,28565.2
2.05,0.0729768,2,1.46291,0.0729768,-0.733867,29548.4
2.05,0.0729768,2,1.46291,0.0729768,-0.730865,28514.7
2.05,0.0729768,2,1.46291,0.0729768,-0.727864,28745
2.05,0.0729768,2,1.46291,0.0729768,-0.724862,29277.4
2.05,0.0729768,2,1.46291,0.0729768,-0.721861,27350.6
2.05,0.0729768,2,1.46291,0.0729768,-0.718859,26648.6
2.05,0.0729768,2,1.46291,0.0729768,-0.715858,26654
2.05,0.0729768,2,1.46291,0.0729768,-0.712856,28025.4
2.05,0.0729768,2,1.46291,0.0729768,-0.709855,27738
2.05,0.0729768,2,1.46291,0.0729768,-0.706853,26923
2.05,0.0729768,2,1.46291,0.0729768,-0.703852,27105.7
2.05,0.0729768,2,1.46291,0.0729768,-0.70085,25125.8
2.05,0.0729768,2,1.46291,0.0729768,-0.697849,27733.5
2.05,0.0729768,2,1.46291,0.0729768,-0.694847,24489.5
2.05,0.0729768,2,1.46291,0.0729768,-0.691846,24292.7
2.05,0.0729768,2,1.46291,0.0729768,-0.688844,22935.5
2.05,0.0729768,2,1.46291,0.0729768,-0.685843,-22178.5
2.05,0.0729768,2,1.46291,0.0729768,-0.682841,-22973.2
2.05,0.0729768,2,1.46291,0.0729768,-0.67984,-27404.8
2.05,0.0729768,2,1.46291,0.0729768,-0.676838,-26101.1
2.05,0.0729768,2,1.46291,0.0729768,-0.673837,-25405.2
2.05,0.0729768,2,1.46291,0.0729768,-0.670835,-26974.6
2.05,0.0729768,2,1.46291,0.0729768,-0.667834,-28131
2.05,0.0729768,2,1.46291,0.0729768,-0.664832,-28468.5
2.05,0.0729768,2,1.46291,0.0729768,-0.661831,-30043.9
2.05,0.0729768,2,1.46291,0.0729768,-0.658829,-31167.4
2.05,0.0729768,2,1.46291,0.0729768,-0.655828,-30030.6
2.05,0.0729768,2,1.46291,0.0729768,-0.652826,-27821.4
2.05,0.0729768,2,1.46291,0.0729768,-0.649825,-30549.3
2.05,0.0729768,2,1.46291,0.0729768,-0.646823,-31968.1
2.05,0.0729768,2,1.46291,0.0729768,-0.643822,-28070.6
2.05,0.0729768,2,1.46291,0.0729768,-0.64082,-27544.1
2.05,0.0729768,2,1.46291,0.0729768,-0.637819,-29804.3
2.05,0.0729768,2,1.46291,0.0729768,-0.634817,-28196.6
2.05,0.0729768,2,1.46291,0.0729768,-0.631816,-34835
2.05,0.0729768,2,1.46291,0.0729768,-0.628814,-27789.7
2.05,0.0729768,2,1.46291,0.0729768,-0.625813,-32681.9
2.05,0.0729768,2,1.46291,0.0729768,-0.622811,-31349.6
2.05,0.0729768,2,1.46291,0.0729768,-0.61981,-31039.3
2.05,0.0729768,2,1.46291,0.0729768,-0.616808,-34079.1
2.05,0.0729768,2,1.46291,0.0729768,-0.613807,-32382.3
2.05,0.0729768,2,1.46291,0.0729768,-0.610805,-31052.8
2.05,0.0729768,2,1.46291,0.0729768,-0.607804,-31326.3
2.05,0.0729768,2,1.46291,0.0729768,-0.604802,-28713.6
2.05,0.0729768,2,1.46291,0.0729768,-0.601801,-29774.2
2.05,0.0729768,2,1.46291,0.0729768,-0.598799,-31125.8
2.05,0.0729768,2,1.46291,0.0729768,-0.595798,-31875
2.05,0.0729768,2,1.46291,0.0729768,-0.592796,-31216.6
2.05,0.0729768,2,1.46291,0.0729768,-0.589795,-29939.6
2.05,0.0729768,2,1.46291,0.0729768,-0.586793,-31902.4
2.05,0.0729768,2,1.46291,0.0729768,-0.583792,-29525
2.05,0.0729768,2,1.46291,0.0729768,-0.58079,-31841.9
2.05,0.0729768,2,1.46291,0.0729768,-0.577789,-31131.9
2.05,0.0729768,2,1.46291,0.0729768,-0.574787,-30430.4
2.05,0.0729768,2,1.46291,0.0729768,-0.571786,-31027
2.05,0.0729768,2,1.46291,0.0729768,-0.568784,-30646.8
2.05,0.0729768,2,1.46291,0.0729768,-0.565783,-31168.5
2.05,0.0729768,2,1.46291,0.0729768,-0.562781,-32118.2
2.05,0.0729768,2,1.46291,0.0729768,-0.55978,-35333.8
2.05,0.0729768,2,1.46291,0.0729768,-0.556778,-31297.6
2.05,0.0729768,2,1.46291,0.0729768,-0.553777,-31570.4
2.05,0.0729768,2,1.46291,0.0729768,-0.550775,-30587.4
2.05,0.0729768,2,1.46291,0.0729768,-0.547774,-33238.9
2.05,0.0729768,2,1.46291,0.0729768,-0.544772,-31183.6
2.05,0.0729768,2,1.46291,0.0729768,-0.541771,-31070.6
2.05,0.0729768,2,1.46291,0.0729768,-0.538769,-30939.6
2.05,0.0729768,2,1.46291,0.0729768,-0.535768,-33158.4
2.05,0.0729768,2,1.46291,0.0729768,-0.532766,-33884.5
2.05,0.0729768,2,1.46291,0.0729768,-0.529765,-30209.5
2.05,0.0729768,2,1.46291,0.0729768,-0.526763,-30413.6
2.05,0.0729768,2,1.46291,0.0729768,-0.523762,-30759.3
2.05,0.0729768,2,1.46291,0.0729768,-0.52076,-30489.5
2.05,0.0729768,2,1.46291,0.0729768,-0.517759,-31743.6
2.05,0.0729768,2,1.46291,0.0729768,-0.514757,-31058
2.05,0.0729768,2,1.46291,0.0729768,-0.511756,-33919.7
2.05,0.0729768,2,1.46291,0.0729768,-0.508754,-30646.5
2.05,0.0729768,2,1.46291,0.0729768,-0.505753,-32628.6
2.05,0.0729768,2,1.46291,0.0729768,-0.502751,-30796.4
2.05,0.0729768,2,1.46291,0.0729768,-0.49975,-32518.9
2.05,0.0729768,2,1.46291,0.0729768,-0.496748,-32363
2.05,0.0729768,2,1.46291,0.0729768,-0.493747,-32230.4
2.05,0.0729768,2,1.46291,0.0729768,-0.490745,-35434.9
2.05,0.0729768,2,1.46291,0.0729768,-0.487744,-30721.2
2.05,0.0729768,2,1.46291,0.0729768,-0.484742,-33525.3
2.05,0.0729768,2,1.46291,0.0729768,-0.481741,-31467.1
2.05,0.0729768,2,1.46291,0.0729768,-0.478739,-35475.8
2.05,0.0729768,2,1.46291,0.0729768,-0.475738,-33357.8
2.05,0.0729768,2,1.46291,0.0729768,-0.472736,-33164
2.05,0.0729768,2,1.46291,0.0729768,-0.469735,-31292.6
2.05,0.0729768,2,1.46291,0.0729768,-0.466733,-33159.2
2.05,0.0729768,2,1.46291,0.0729768,-0.463732,-31607.5
2.05,0.0729768,2,1.46291,0.0729768,-0.46073,-35050.7
2.05,0.0729768,2,1.46291,0.0729768,-0.457729,-32377.6
2.05,0.0729768,2,1.46291,0.0729768,-0.454727,-33121.3
2.05,0.0729768,2,1.46291,0.0729768,-0.451726,-33319.3
2.05,0.0729768,2,1.46291,0.0729768,-0.448724,-34865.6
2.05,0.0729768,2,1.46291,0.0729768,-0.445723,-37580.3
2.05,0.0729768,2,1.46291,0.0729768,-0.442721,-32313.8
2.05,0.0729768,2,1.46291,0.0729768,-0.43972,-31648.8
2.05,0.0729768,2,1.46291,0.0729768,-0.436718,-32622.2
2.05,0.0729768,2,1.46291,0.0729768,-0.433717,-31538.5
2.05,0.0729768,2,1.46291,0.0729768,-0.430715,-34066.4
2.05,0.0729768,2,1.46291,0.0729768,-0.427714,-33461.6
2.05,0.0729768,2,1.46291,0.0729768,-0.424712,-33618.5
2.05,0.0729768,2,1.46291,0.0729768,-0.421711,-32203.9
2.05,0.0729768,2,1.46291,0.0729768,-0.418709,-33850.2
2.05,0.0729768,2,1.46291,0.0729768,-0.415708,-33474
2.05,0.0729768,2,1.46291,0.0729768,-0.412706,-33144.3
2.05,0.0729768,2,1.46291,0.0729768,-0.409705,-33888
2.05,0.0729768,2,1.46291,0.0729768,-0.406703,-32364.8
2.05,0.0729768,2,1.46291,0.0729768,-0.403702,-35683.4
2.05,0.0729768,2,1.46291,0.0729768,-0.4007,-32027.6
2.05,0.0729768,2,1.46291,0.0729768,-0.397699,-33971.9
2.05,0.0729768,2,1.46291,0.0729768,-0.394697,-31872.9
2.05,0.0729768,2,1.46291,0.0729768,-0.391696,-32778.7
2.05,0.0729768,2,1.46291,0.0729768,-0.388694,-34019.7
2.05,0.0729768,2,1.46291,0.0729768,-0.385693,-33534.6
2.05,0.0729768,2,1.46291,0.0729768,-0.382691,-31552.2
2.05,0.0729768,2,1.46291,0.0729768,-0.37969,-34105.4
2.05,0.0729768,2,1.46291,0.0729768,-0.376688,-32879.9
2.05,0.0729768,2,1.46291,0.0729768,-0.373687,-33066.5
2.05,0.0729768,2,1.46291,0.0729768,-0.370685,-32189.6
2.05,0.0729768,2,1.46291,0.0729768,-0.367684,-35401.8
2.05,0.0729768,2,1.46291,0.0729768,-0.364682,-36265.4
2.05,0.0729768,2,1.46291,0.0729768,-0.361681,-36145.6
2.05,0.0729768,2,1.46291,0.0729768,-0.358679,-32846.5
2.05,0.0729768,2,1.46291,0.0729768,-0.355678,-33034.1
2.05,0.0729768,2,1.46291,0.0729768,-0.352676,-32336.7
2.05,0.0729768,2,1.46291,0.0729768,-0.349675,-34685.2
2.05,0.0729768,2,1.46291,0.0729768,-0.346673,-33393.7
2.05,0.0729768,2,1.46291,0.0729768,-0.343672,-32223
2.05,0.0729768,2,1.46291,0.0729768,-0.34067,-37032.7
2.05,0.0729768,2,1.46291,0.0729768,-0.337669,-35415.2
2.05,0.0729768,2,1.46291,0.0729768,-0.334667,-35378.1
2.05,0.0729768,2,1.46291,0.0729768,-0.331666,-36369.2
2.05,0.0729768,2,1.46291,0.0729768,-0.328664,-36741.5
2.05,0.0729768,2,1.46291,0.0729768,-0.325663,-32146.5
2.05,0.0729768,2,1.46291,0.0729768,-0.322661,-33961.1
2.05,0.0729768,2,1.46291,0.0729768,-0.31966,-32449.6
2.05,0.0729768,2,1.46291,0.0729768,-0.316658,-33822.1
2.05,0.0729768,2,1.46291,0.0729768,-0.313657,-32640.5
2.05,0.0729768,2,1.46291,0.0729768,-0.310655,-33075
2.05,0.0729768,2,1.46291,0.0729768,-0.307654,-32809.4
2.05,0.0729768,2,1.46291,0.0729768,-0.304652,-33699.9
2.05,0.0729768,2,1.46291,0.0729768,-0.301651,-34680.9
2.05,0.0729768,2,1.46291,0.0729768,-0.298649,-33525.1
2.05,0.0729768,2,1.46291,0.0729768,-0.295648,-33438.4
2.05,0.0729768,2,1.46291,0.0729768,-0.292646,-33594.8
2.05,0.0729768,2,1.46291,0.0729768,-0.289645,-37247.1
2.05,0.0729768,2,1.46291,0.0729768,-0.286643,-33630.3
2.05,0.0729768,2,1.46291,0.0729768,-0.283642,-32577.1
2.05,0.0729768,2,1.46291,0.0729768,-0.28064,-32700.9
2.05,0.0729768,2,1.46291,0.0729768,-0.277639,-35503.1
2.05,0.0729768,2,1.46291,0.0729768,-0.274637,-32462.9
2.05,0.0729768,2,1.46291,0.0729768,-0.271636,-32818.1
2.05,0.0729768,2,1.46291,0.0729768,-0.268634,-34259.7
2.05,0.0729768,2,1.46291,0.0729768,-0.265633,-36897.5
2.05,0.0729768,2,1.46291,0.0729768,-0.262631,-32511.7
2.05,0.0729768,2,1.46291,0.0729768,-0.25963,-33178.8
2.05,0.0729768,2,1.46291,0.0729768,-0.256628,-33696.4
2.05,0.0729768,2,1.46291,0.0729768,-0.253627,-32874
2.05,0.0729768,2,1.46291,0.0729768,-0.250625,-37488.3
2.05,0.0729768,2,1.46291,0.0729768,-0.247624,-37971.3
2.05,0.0729768,2,1.46291,0.0729768,-0.244622,-33117.8
2.05,0.0729768,2,1.46291,0.0729768,-0.241621,-32507.7
2.05,0.0729768,2,1.46291,0.0729768,-0.238619,-37489.4
2.05,0.0729768,2,1.46291,0.0729768,-0.235618,-38692.5
2.05,0.0729768,2,1.46291,0.0729768,-0.232616,-35185.5
2.05,0.0729768,2,1.46291,0.0729768,-0.229615,-36479.6
2.05,0.0729768,2,1.46291,0.0729768,-0.226613,-34065.1
2.05,0.0729768,2,1.46291,0.0729768,-0.223612,-33177
2.05,0.0729768,2,1.46291,0.0729768,-0.22061,-37168.2
2.05,0.0729768,2,1.46291,0.0729768,-0.217609,-34635.3
2.05,0.0729768,2,1.46291,0.0729768,-0.214607,-34635.9
2.05,0.0729768,2,1.46291,0.0729768,-0.211606,-37735.9
2.05,0.0729768,2,1.46291,0.0729768,-0.208604,-34660.6
2.05,0.0729768,2,1.46291,0.0729768,-0.205603,-35836.6
2.05,0.0729768,2,1.46291,0.0729768,-0.202601,-33116.6
2.05,0.0729768,2,1.46291,0.0729768,-0.1996,-35015.5
2.05,0.0729768,2,1.46291,0.0729768,-0.196598,-34675.8
2.05,0.0729768,2,1.46291,0.0729768,-0.193597,-37882.5
2.05,0.0729768,2,1.46291,0.0729768,-0.190595,-32957.2
2.05,0.0729768,2,1.46291,0.0729768,-0.187594,-38347.7
2.05,0.0729768,2,1.46291,0.0729768,-0.184592,-37094.6
2.05,0.0729768,2,1.46291,0.0729768,-0.181591,-34693.5
2.05,0.0729768,2,1.46291,0.0729768,-0.178589,-36427
2.05,0.0729768,2,1.46291,0.0729768,-0.175588,-33037.2
2.05,0.0729768,2,1.46291,0.0729768,-0.172586,-33308.8
2.05,0.0729768,2,1.46291,0.0729768,-0.169585,-37007.7
2.05,0.0729768,2,1.46291,0.0729768,-0.166583,-33523.4
2.05,0.0729768,2,1.46291,0.0729768,-0.163582,-36943.3
2.05,0.0729768,2,1.46291,0.0729768,-0.16058,-34165
2.05,0.0729768,2,1.46291,0.0729768,-0.157579,-34045.2
2.05,0.0729768,2,1.46291,0.0729768,-0.154577,-34047
2.05,0.0729768,2,1.46291,0.0729768,-0.151576,-36558.5
2.05,0.0729768,2,1.46291,0.0729768,-0.148574,-35248.1
2.05,0.0729768,2,1.46291,0.0729768,-0.145573,-34068.9
2.05,0.0729768,2,1.46291,0.0729768,-0.142571,-37959.4
2.05,0.0729768,2,1.46291,0.0729768,-0.13957,-34700.4
2.05,0.0729768,2,1.46291,0.0729768,-0.136568,-33413
2.05,0.0729768,2,1.46291,0.0729768,-0.133567,-35067.9
2.05,0.0729768,2,1.46291,0.0729768,-0.130565,-38244.2
2.05,0.0729768,2,1.46291,0.0729768,-0.127564,-36271.1
2.05,0.0729768,2,1.46291,0.0729768,-0.124562,-35449.4
2.05,0.0729768,2,1.46291,0.0729768,-0.121561,-37361.2
2.05,0.0729768,2,1.46291,0.0729768,-0.118559,-36479.4
2.05,0.0729768,2,1.46291,0.0729768,-0.115558,-35221.7
2.05,0.0729768,2,1.46291,0.0729768,-0.112556,-34999.6
2.05,0.0729768,2,1.46291,0.0729768,-0.109555,-36203.6
2.05,0.0729768,2,1.46291,0.0729768,-0.106553,-34671.6
2.05,0.0729768,2,1.46291,0.0729768,-0.103552,-37008.6
2.05,0.0729768,2,1.46291,0.0729768,-0.10055,-33655.6
2.05,0.0729768,2,1.46291,0.0729768,-0.0975488,-37451.9
2.05,0.0729768,2,1.46291,0.0729768,-0.0945473,-38771
2.05,0.0729768,2,1.46291,0.0729768,-0.0915458,-37151
2.05,0.0729768,2,1.46291,0.0729768,-0.0885443,-36128.7
2.05,0.0729768,2,1.46291,0.0729768,-0.0855428,-34791.6
2.05,0.0729768,2,1.46291,0.0729768,-0.0825413,-34984.8
2.05,0.0729768,2,1.46291,0.0729768,-0.0795398,-37227.2
2.05,0.0729768,2,1.46291,0.0729768,-0.0765383,-37943.1
2.05,0.0729768,2,1.46291,0.0729768,-0.0735368,-35271.1
2.05,0.0729768,2,1.46291,0.0729768,-0.0705353,-37644
2.05,0.0729768,2,1.46291,0.0729768,-0.0675338,-36505
2.05,0.0729768,2,1.46291,0.0729768,-0.0645323,-34738.1
2.05,0.0729768,2,1.46291,0.0729768,-0.0615308,-35252.9
2.05,0.0729768,2,1.46291,0.0729768,-0.0585293,-34094.9
2.05,0.0729768,2,1.46291,0.0729768,-0.0555278,-35272.2
2.05,0.0729768,2,1.46291,0.0729768,-0.0525263,-35099.1
2.05,0.0729768,2,1.46291,0.0729768,-0.0495248,-36930.4
2.05,0.0729768,2,1.46291,0.0729768,-0.0465233,-34053
2.05,0.0729768,2,1.46291,0.0729768,-0.0435218,-33756.7
2.05,0.0729768,2,1.46291,0.0729768,-0.0405203,-33456.6
2.05,0.0729768,2,1.46291,0.0729768,-0.0375188,-39051.7
2.05,0.0729768,2,1.46291,0.0729768,-0.0345173,-38148
2.05,0.0729768,2,1.46291,0.0729768,-0.0315158,-33741.2
2.05,0.0729768,2,1.46291,0.0729768,-0.0285143,-33117.4
2.05,0.0729768,2,1.46291,0.0729768,-0.0255128,-35298.3
2.05,0.0729768,2,1.46291,0.0729768,-0.0225113,-34114.8
2.05,0.0729768,2,1.46291,0.0729768,-0.0195098,-37602.3
2.05,0.0729768,2,1.46291,0.0729768,-0.0165083,-38581.5
2.05,0.0729768,2,1.46291,0.0729768,-0.0135068,-33599.9
2.05,0.0729768,2,1.46291,0.0729768,-0.0105053,-35865.7
2.05,0.0729768,2,1.46291,0.0729768,-0.00750375,-37020.1
2.05,0.0729768,2,1.46291,0.0729768,-0.00450225,-37526.8
2.05,0.0729768,2,1.46291,0.0729768,-0.00150075,-35323.4
2.05,0.0729768,2,1.46291,0.0729768,0.00150075,-36876.4
2.05,0.0729768,2,1.46291,0.0729768,0.00450225,-34003.9
2.05,0.0729768,2,1.46291,0.0729768,0.00750375,-34877.3
2.05,0.0729768,2,1.46291,0.0729768,0.0105053,-37170.4
2.05,0.0729768,2,1.46291,0.0729768,0.0135068,-34261.5
2.05,0.0729768,2,1.46291,0.0729768,0.0165083,-35919.3
2.05,0.0729768,2,1.46291,0.0729768,0.0195098,-37631.7
2.05,0.0729768,2,1.46291,0.0729768,0.0225113,-36019.2
2.05,0.0729768,2,1.46291,0.0729768,0.0255128,-38129.3
2.05,0.0729768,2,1.46291,0.0729768,0.0285143,-33641.4
2.05,0.0729768,2,1.46291,0.0729768,0.0315158,-34234.9
2.05,0.0729768,2,1.46291,0.0729768,0.0345173,-33615.7
2.05,0.0729768,2,1.46291,0.0729768,0.0375188,-36977.1
2.05,0.0729768,2,1.46291,0.0729768,0.0405203,-34264.7
2.05,0.0729768,2,1.46291,0.0729768,0.0435218,-33478.4
2.05,0.0729768,2,1.46291,0.0729768,0.0465233,-34079
2.05,0.0729768,2,1.46291,0.0729768,0.0495248,-33472.6
2.05,0.0729768,2,1.46291,0.0729768,0.0525263,-35944.9
2.05,0.0729768,2,1.46291,0.0729768,0.0555278,-33172.9
2.05,0.0729768,2,1.46291,0.0729768,0.0585293,-38014.4
2.05,0.0729768,2,1.46291,0.0729768,0.0615308,-36446.4
2.05,0.0729768,2,1.46291,0.0729768,0.0645323,-36487.2
2.05,0.0729768,2,1.46291,0.0729768,0.0675338,-36773.6
2.05,0.0729768,2,1.46291,0.0729768,0.0705353,-33671.3
2.05,0.0729768,2,1.46291,0.0729768,0.0735368,-34677.8
2.05,0.0729768,2,1.46291,0.0729768,0.0765383,-36412.2
2.05,0.0729768,2,1.46291,0.0729768,0.0795398,-34293.5
2.05,0.0729768,2,1.46291,0.0729768,0.0825413,-34143.2
2.05,0.0729768,2,1.46291,0.0729768,0.0855428,-36479.9
2.05,0.0729768,2,1.46291,0.0729768,0.0885443,-33383.3
2.05,0.0729768,2,1.46291,0.0729768,0.0915458,-34587.8
2.05,0.0729768,2,1.46291,0.0729768,0.0945473,-33719.6
2.05,0.0729768,2,1.46291,0.0729768,0.0975488,-34623
2.05,0.0729768,2,1.46291,0.0729768,0.10055,-39237.2
2.05,0.0729768,2,1.46291,0.0729768,0.103552,-33789.7
2.05,0.0729768,2,1.46291,0.0729768,0.106553,-33045.8
2.05,0.0729768,2,1.46291,0.0729768,0.109555,-34603.9
2.05,0.0729768,2,1.46291,0.0729768,0.112556,-33358.5
2.05,0.0729768,2,1.46291,0.0729768,0.115558,-36487.1
2.05,0.0729768,2,1.46291,0.0729768,0.118559,-35420.7
2.05,0.0729768,2,1.46291,0.0729768,0.121561,-33088.3
2.05,0.0729768,2,1.46291,0.0729768,0.124562,-35094.6
2.05,0.0729768,2,1.46291,0.0729768,0.127564,-33525.1
2.05,0.0729768,2,1.46291,0.0729768,0.130565,-35705.8
2.05,0.0729768,2,1.46291,0.0729768,0.133567,-35553.5
2.05,0.0729768,2,1.46291,0.0729768,0.136568,-33125.6
2.05,0.0729768,2,1.46291,0.0729768,0.13957,-35528.4
2.05,0.0729768,2,1.46291,0.0729768,0.142571,-38831.6
2.05,0.0729768,2,1.46291,0.0729768,0.145573,-35779.9
2.05,0.0729768,2,1.46291,0.0729768,0.148574,-32963.9
2.05,0.0729768,2,1.46291,0.0729768,0.151576,-35111.2
2.05,0.0729768,2,1.46291,0.0729768,0.154577,-37984.8
2.05,0.0729768,2,1.46291,0.0729768,0.157579,-33241
2.05,0.0729768,2,1.46291,0.0729768,0.16058,-34878.7
2.05,0.0729768,2,1.46291,0.0729768,0.163582,-37613.1
2.05,0.0729768,2,1.46291,0.0729768,0.166583,-37964.3
2.05,0.0729768,2,1.46291,0.0729768,0.169585,-33894.2
2.05,0.0729768,2,1.46291,0.0729768,0.172586,-35189.8
2.05,0.0729768,2,1.46291,0.0729768,0.175588,-34757.7
2.05,0.0729768,2,1.46291,0.0729768,0.178589,-36902.9
2.05,0.0729768,2,1.46291,0.0729768,0.181591,-37579.6
2.05,0.0729768,2,1.46291,0.0729768,0.184592,-35300.5
2.05,0.0729768,2,1.46291,0.0729768,0.187594,-34153.3
2.05,0.0729768,2,1.46291,0.0729768,0.190595,-34660.7
2.05,0.0729768,2,1.46291,0.0729768,0.193597,-33773
2.05,0.0729768,2,1.46291,0.0729768,0.196598,-35754.3
2.05,0.0729768,2,1.46291,0.0729768,0.1996,-36027.2
2.05,0.0729768,2,1.46291,0.0729768,0.202601,-36047.5
2.05,0.0729768,2,1.46291,0.0729768,0.205603,-34722.2
2.05,0.0729768,2,1.46291,0.0729768,0.208604,-35985.5
2.05,0.0729768,2,1.46291,0.0729768,0.211606,-35625.8
2.05,0.0729768,2,1.46291,0.0729768,0.214607,-34511.1
2.05,0.0729768,2,1.46291,0.0729768,0.217609,-33190.4
2.05,0.0729768,2,1.46291,0.0729768,0.22061,-36118.1
2.05,0.0729768,2,1.46291,0.0729768,0.223612,-34912.5
2.05,0.0729768,2,1.46291,0.0729768,0.226613,-32604.5
2.05,0.0729768,2,1.46291,0.0729768,0.229615,-37559.6
2.05,0.0729768,2,1.46291,0.0729768,0.232616,-34129.9
2.05,0.0729768,2,1.46291,0.0729768,0.235618,-37451.8
2.05,0.0729768,2,1.46291,0.0729768,0.238619,-32432.8
2.05,0.0729768,2,1.46291,0.0729768,0.241621,-38998.7
2.05,0.0729768,2,1.46291,0.0729768,0.244622,-34814.5
2.05,0.0729768,2,1.46291,0.0729768,0.247624,-33578.3
2.05,0.0729768,2,1.46291,0.0729768,0.250625,-33227.4
2.05,0.0729768,2,1.46291,0.0729768,0.253627,-35555.2
2.05,0.0729768,2,1.46291,0.0729768,0.256628,-33466.7
2.05,0.0729768,2,1.46291,0.0729768,0.25963,-32678.6
2.05,0.0729768,2,1.46291,0.0729768,0.262631,-35911.4
2.05,0.0729768,2,1.46291,0.0729768,0.265633,-35509.7
2.05,0.0729768,2,1.46291,0.0729768,0.268634,-34259.8
2.05,0.0729768,2,1.46291,0.0729768,0.271636,-32157.7
2.05,0.0729768,2,1.46291,0.0729768,0.274637,-34874.7
2.05,0.0729768,2,1.46291,0.0729768,0.277639,-33798.5
2.05,0.0729768,2,1.46291,0.0729768,0.28064,-33039
2.05,0.0729768,2,1.46291,0.0729768,0.283642,-32145.5
2.05,0.0729768,2,1.46291,0.0729768,0.286643,-37898
2.05,0.0729768,2,1.46291,0.0729768,0.289645,-32368.7
2.05,0.0729768,2,1.46291,0.0729768,0.292646,-36821.5
2.05,0.0729768,2,1.46291,0.0729768,0.295648,-34038.5
2.05,0.0729768,2,1.46291,0.0729768,0.298649,-34924.5
2.05,0.0729768,2,1.46291,0.0729768,0.301651,-36567
2.05,0.0729768,2,1.46291,0.0729768,0.304652,-32871.9
2.05,0.0729768,2,1.46291,0.0729768,0.307654,-33123.9
2.05,0.0729768,2,1.46291,0.0729768,0.310655,-37123.6
2.05,0.0729768,2,1.46291,0.0729768,0.313657,-36200
2.05,0.0729768,2,1.46291,0.0729768,0.316658,-36378.1
2.05,0.0729768,2,1.46291,0.0729768,0.31966,-36100.7
2.05,0.0729768,2,1.46291,0.0729768,0.322661,-37386.3
2.05,0.0729768,2,1.46291,0.0729768,0.325663,-36743.4
2.05,0.0729768,2,1.46291,0.0729768,0.328664,-34271
2.05,0.0729768,2,1.46291,0.0729768,0.331666,-32542.1
2.05,0.0729768,2,1.46291,0.0729768,0.334667,-33764.8
2.05,0.0729768,2,1.46291,0.0729768,0.337669,-33332.2
2.05,0.0729768,2,1.46291,0.0729768,0.34067,-33664.9
2.05,0.0729768,2,1.46291,0.0729768,0.343672,-32908.6
2.05,0.0729768,2,1.46291,0.0729768,0.346673,-33217.6
2.05,0.0729768,2,1.46291,0.0729768,0.349675,-34810.2
2.05,0.0729768,2,1.46291,0.0729768,0.352676,-31760.7
2.05,0.0729768,2,1.46291,0.0729768,0.355678,-36279.2
2.05,0.0729768,2,1.46291,0.0729768,0.358679,-39797.4
2.05,0.0729768,2,1.46291,0.0729768,0.361681,-32204.4
2.05,0.0729768,2,1.46291,0.0729768,0.364682,-32867
2.05,0.0729768,2,1.46291,0.0729768,0.367684,-31137.5
2.05,0.0729768,2,1.46291,0.0729768,0.370685,-35111.9
2.05,0.0729768,2,1.46291,0.0729768,0.373687,-35616.3
2.05,0.0729768,2,1.46291,0.0729768,0.376688,-31636.1
2.05,0.0729768,2,1.46291,0.0729768,0.37969,-35695.7
2.05,0.0729768,2,1.46291,0.0729768,0.382691,-34395.5
2.05,0.0729768,2,1.46291,0.0729768,0.385693,-35001.3
2.05,0.0729768,2,1.46291,0.0729768,0.388694,-32483.8
2.05,0.0729768,2,1.46291,0.0729768,0.391696,-35199.2
2.05,0.0729768,2,1.46291,0.0729768,0.394697,-33102
2.05,0.0729768,2,1.46291,0.0729768,0.397699,-33857
2.05,0.0729768,2,1.46291,0.0729768,0.4007,-33339.6
2.05,0.0729768,2,1.46291,0.0729768,0.403702,-32281.8
2.05,0.0729768,2,1.46291,0.0729768,0.406703,-31568.3
2.05,0.0729768,2,1.46291,0.0729768,0.409705,-31559.2
2.05,0.0729768,2,1.46291,0.0729768,0.412706,-35543.7
2.05,0.0729768,2,1.46291,0.0729768,0.415708,-32401.1
2.05,0.0729768,2,1.46291,0.0729768,0.418709,-30609.5
2.05,0.0729768,2,1.46291,0.0729768,0.421711,-33704.8
2.05,0.0729768,2,1.46291,0.0729768,0.424712,-30299.9
2.05,0.0729768,2,1.46291,0.0729768,0.427714,-30723
2.05,0.0729768,2,1.46291,0.0729768,0.430715,-30199.4
2.05,0.0729768,2,1.46291,0.0729768,0.433717,-32204.1
2.05,0.0729768,2,1.46291,0.0729768,0.436718,-30248.1
2.05,0.0729768,2,1.46291,0.0729768,0.43972,-32313.6
2.05,0.0729768,2,1.46291,0.0729768,0.442721,-29964.5
2.05,0.0729768,2,1.46291,0.0729768,0.445723,-32116.1
2.05,0.0729768,2,1.46291,0.0729768,0.448724,-32106.1
2.05,0.0729768,2,1.46291,0.0729768,0.451726,-30765.2
2.05,0.0729768,2,1.46291,0.0729768,0.454727,-30503.2
2.05,0.0729768,2,1.46291,0.0729768,0.457729,-30562.6
2.05,0.0729768,2,1.46291,0.0729768,0.46073,-30515.5
2.05,0.0729768,2,1.46291,0.0729768,0.463732,-32273.9
2.05,0.0729768,2,1.46291,0.0729768,0.466733,-32418.2
2.05,0.0729768,2,1.46291,0.0729768,0.469735,-32556.7
2.05,0.0729768,2,1.46291,0.0729768,0.472736,-30929.6
2.05,0.0729768,2,1.46291,0.0729768,0.475738,-30804.8
2.05,0.0729768,2,1.46291,0.0729768,0.478739,-29929.3
2.05,0.0729768,2,1.46291,0.0729768,0.481741,-29412.1
2.05,0.0729768,2,1.46291,0.0729768,0.484742,-27706
2.05,0.0729768,2,1.46291,0.0729768,0.487744,-27588.4
2.05,0.0729768,2,1.46291,0.0729768,0.490745,-31875.1
2.05,0.0729768,2,1.46291,0.0729768,0.493747,-28527.1
2.05,0.0729768,2,1.46291,0.0729768,0.496748,-28019
2.05,0.0729768,2,1.46291,0.0729768,0.49975,-28783.5
2.05,0.0729768,2,1.46291,0.0729768,0.502751,-27835.7
2.05,0.0729768,2,1.46291,0.0729768,0.505753,-24496.3
2.05,0.0729768,2,1.46291,0.0729768,0.508754,-24636.4
2.05,0.0729768,2,1.46291,0.0729768,0.511756,23688.3
2.05,0.0729768,2,1.46291,0.0729768,0.514757,25404.5
2.05,0.0729768,2,1.46291,0.0729768,0.517759,28940.8
2.05,0.0729768,2,1.46291,0.0729768,0.52076,26385.1
2.05,0.0729768,2,1.46291,0.0729768,0.523762,29630.2
2.05,0.0729768,2,1.46291,0.0729768,0.526763,31530.1
2.05,0.0729768,2,1.46291,0.0729768,0.529765,28299.4
2.05,0.0729768,2,1.46291,0.0729768,0.532766,29858.3
2.05,0.0729768,2,1.46291,0.0729768,0.535768,28812.3
2.05,0.0729768,2,1.46291,0.0729768,0.538769,32648
2.05,0.0729768,2,1.46291,0.0729768,0.541771,30899.1
2.05,0.0729768,2,1.46291,0.0729768,0.544772,30869.1
2.05,0.0729768,2,1.46291,0.0729768,0.547774,29719.1
2.05,0.0729768,2,1.46291,0.0729768,0.550775,32620.1
2.05,0.0729768,2,1.46291,0.0729768,0.553777,30689.8
2.05,0.0729768,2,1.46291,0.0729768,0.556778,30464.4
2.05,0.0729768,2,1.46291,0.0729768,0.55978,32265.9
2.05,0.0729768,2,1.46291,0.0729768,0.562781,32209.1
2.05,0.0729768,2,1.46291,0.0729768,0.565783,31645.2
2.05,0.0729768,2,1.46291,0.0729768,0.568784,29974.3
2.05,0.0729768,2,1.46291,0.0729768,0.571786,35572.1
2.05,0.0729768,2,1.46291,0.0729768,0.574787,31026.7
2.05,0.0729768,2,1.46291,0.0729768,0.577789,31516.7
2.05,0.0729768,2,1.46291,0.0729768,0.58079,31853.6
2.05,0.0729768,2,1.46291,0.0729768,0.583792,35401.4
2.05,0.0729768,2,1.46291,0.0729768,0.586793,32971.5
2.05,0.0729768,2,1.46291,0.0729768,0.589795,30935
2.05,0.0729768,2,1.46291,0.0729768,0.592796,33638.1
2.05,0.0729768,2,1.46291,0.0729768,0.595798,33131.1
2.05,0.0729768,2,1.46291,0.0729768,0.598799,31762.6
2.05,0.0729768,2,1.46291,0.0729768,0.601801,33203.4
2.05,0.0729768,2,1.46291,0.0729768,0.604802,32132.3
2.05,0.0729768,2,1.46291,0.0729768,0.607804,32795.9
2.05,0.0729768,2,1.46291,0.0729768,0.610805,30904.3
2.05,0.0729768,2,1.46291,0.0729768,0.613807,35307.7
2.05,0.0729768,2,1.46291,0.0729768,0.616808,32434.8
2.05,0.0729768,2,1.46291,0.0729768,0.61981,33972
2.05,0.0729768,2,1.46291,0.0729768,0.622811,32196.9
2.05,0.0729768,2,1.46291,0.0729768,0.625813,33428
2.05,0.0729768,2,1.46291,0.0729768,0.628814,31555.3
2.05,0.0729768,2,1.46291,0.0729768,0.631816,33875.1
2.05,0.0729768,2,1.46291,0.0729768,0.634817,32690.3
2.05,0.0729768,2,1.46291,0.0729768,0.637819,35329.2
2.05,0.0729768,2,1.46291,0.0729768,0.64082,36993.2
2.05,0.0729768,2,1.46291,0.0729768,0.643822,35806.4
2.05,0.0729768,2,1.46291,0.0729768,0.646823,35628.1
2.05,0.0729768,2,1.46291,0.0729768,0.649825,36578.6
2.05,0.0729768,2,1.46291,0.0729768,0.652826,35517.3
2.05,0.0729768,2,1.46291,0.0729768,0.655828,32224.9
2.05,0.0729768,2,1.46291,0.0729768,0.658829,34842.3
2.05,0.0729768,2,1.46291,0.0729768,0.661831,36681.6
2.05,0.0729768,2,1.46291,0.0729768,0.664832,32821.3
2.05,0.0729768,2,1.46291,0.0729768,0.667834,32628.4
2.05,0.0729768,2,1.46291,0.0729768,0.670835,37218.3
2.05,0.0729768,2,1.46291,0.0729768,0.673837,34828.4
2.05,0.0729768,2,1.46291,0.0729768,0.676838,35550.1
2.05,0.0729768,2,1.46291,0.0729768,0.67984,36507
2.05,0.0729768,2,1.46291,0.0729768,0.682841,35491.1
2.05,0.0729768,2,1.46291,0.0729768,0.685843,34192.1
2.05,0.0729768,2,1.46291,0.0729768,0.688844,36162.9
2.05,0.0729768,2,1.46291,0.0729768,0.691846,36498.5
2.05,0.0729768,2,1.46291,0.0729768,0.694847,35827.2
2.05,0.0729768,2,1.46291,0.0729768,0.697849,36074.2
2.05,0.0729768,2,1.46291,0.0729768,0.70085,37069.5
2.05,0.0729768,2,1.46291,0.0729768,0.703852,34630.2
2.05,0.0729768,2,1.46291,0.0729768,0.706853,34925
2.05,0.0729768,2,1.46291,0.0729768,0.709855,33618.7
2.05,0.0729768,2,1.46291,0.0729768,0.712856,36707.6
2.05,0.0729768,2,1.46291,0.0729768,0.715858,39912.8
2.05,0.0729768,2,1.46291,0.0729768,0.718859,34868.9
2.05,0.0729768,2,1.46291,0.0729768,0.721861,38626.1
2.05,0.0729768,2,1.46291,0.0729768,0.724862,37471.1
2.05,0.0729768,2,1.46291,0.0729768,0.727864,36490.9
2.05,0.0729768,2,1.46291,0.0729768,0.730865,37569.6
2.05,0.0729768,2,1.46291,0.0729768,0.733867,34642
2.05,0.0729768,2,1.46291,0.0729768,0.736868,41401.4
2.05,0.0729768,2,1.46291,0.0729768,0.73987,38093.9
2.05,0.0729768,2,1.46291,0.0729768,0.742871,36719.5
2.05,0.0729768,2,1.46291,0.0729768,0.745873,34926.9
2.05,0.0729768,2,1.46291,0.0729768,0.748874,39149.2
2.05,0.0729768,2,1.46291,0.0729768,0.751876,38079.6
2.05,0.0729768,2,1.46291,0.0729768,0.754877,34505.7
2.05,0.0729768,2,1.46291,0.0729768,0.757879,36246.6
2.05,0.0729768,2,1.46291,0.0729768,0.76088,38606.1
2.05,0.0729768,2,1.46291,0.0729768,0.763882,36901
2.05,0.0729768,2,1.46291,0.0729768,0.766883,36333.3
2.05,0.0729768,2,1.46291,0.0729768,0.769885,35517
2.05,0.0729768,2,1.46291,0.0729768,0.772886,35388.4
2.05,0.0729768,2,1.46291,0.0729768,0.775888,37599
2.05,0.0729768,2,1.46291,0.0729768,0.778889,34853
2.05,0.0729768,2,1.46291,0.0729768,0.781891,35615.5
2.05,0.0729768,2,1.46291,0.0729768,0.784892,39786.4
2.05,0.0729768,2,1.46291,0.0729768,0.787894,33970.2
2.05,0.0729768,2,1.46291,0.0729768,0.790895,38066.1
2.05,0.0729768,2,1.46291,0.0729768,0.793897,36299
2.05,0.0729768,2,1.46291,0.0729768,0.796898,36161.9
2.05,0.0729768,2,1.46291,0.0729768,0.7999,40095.5
2.05,0.0729768,2,1.46291,0.0729768,0.802901,40591.6
2.05,0.0729768,2,1.46291,0.0729768,0.805903,39123.2
2.05,0.0729768,2,1.46291,0.0729768,0.808904,37055.1
2.05,0.0729768,2,1.46291,0.0729768,0.811906,35811.4
2.05,0.0729768,2,1.46291,0.0729768,0.814907,38230.8
2.05,0.0729768,2,1.46291,0.0729768,0.817909,35286.8
2.05,0.0729768,2,1.46291,0.0729768,0.82091,34640
2.05,0.0729768,2,1.46291,0.0729768,0.823912,36396.2
2.05,0.0729768,2,1.46291,0.0729768,0.826913,34631.6
2.05,0.0729768,2,1.46291,0.0729768,0.829915,39594.5
2.05,0.0729768,2,1.46291,0.0729768,0.832916,38365.2
2.05,0.0729768,2,1.46291,0.0729768,0.835918,37977.9
2.05,0.0729768,2,1.46291,0.0729768,0.838919,39536.9
2.05,0.0729768,2,1.46291,0.0729768,0.841921,35302.1
2.05,0.0729768,2,1.46291,0.0729768,0.844922,39721.9
2.05,0.0729768,2,1.46291,0.0729768,0.847924,40106.6
2.05,0.0729768,2,1.46291,0.0729768,0.850925,36464.1
2.05,0.0729768,2,1.46291,0.0729768,0.853927,40900.5
2.05,0.0729768,2,1.46291,0.0729768,0.856928,38628.5
2.05,0.0729768,2,1.46291,0.0729768,0.85993,35236.4
2.05,0.0729768,2,1.46291,0.0729768,0.862931,36850.3
2.05,0.0729768,2,1.46291,0.0729768,0.865933,37247.5
2.05,0.0729768,2,1.46291,0.0729768,0.868934,39705.6
2.05,0.0729768,2,1.46291,0.0729768,0.871936,37280.5
2.05,0.0729768,2,1.46291,0.0729768,0.874937,36148.9
2.05,0.0729768,2,1.46291,0.0729768,0.877939,35993.2
2.05,0.0729768,2,1.46291,0.0729768,0.88094,36812.4
2.05,0.0729768,2,1.46291,0.0729768,0.883942,39394
2.05,0.0729768,2,1.46291,0.0729768,0.886943,37353.3
2.05,0.0729768,2,1.46291,0.0729768,0.889945,37428
2.05,0.0729768,2,1.46291,0.0729768,0.892946,38360.5
2.05,0.0729768,2,1.46291,0.0729768,0.895948,34958.5
2.05,0.0729768,2,1.46291,0.0729768,0.898949,39847
2.05,0.0729768,2,1.46291,0.0729768,0.901951,37148.9
2.05,0.0729768,2,1.46291,0.0729768,0.904952,36837.4
2.05,0.0729768,2,1.46291,0.0729768,0.907954,36663.5
2.05,0.0729768,2,1.46291,0.0729768,0.910955,37494.5
2.05,0.0729768,2,1.46291,0.0729768,0.913957,41521.5
2.05,0.0729768,2,1.46291,0.0729768,0.916958,37189.7
2.05,0.0729768,2,1.46291,0.0729768,0.91996,43133.2
2.05,0.0729768,2,1.46291,0.0729768,0.922961,37599.1
2.05,0.0729768,2,1.46291,0.0729768,0.925963,35852.5
2.05,0.0729768,2,1.46291,0.0729768,0.928964,37634.9
2.05,0.0729768,2,1.46291,0.0729768,0.931966,39368.3
2.05,0.0729768,2,1.46291,0.0729768,0.934967,37790.1
2.05,0.0729768,2,1.46291,0.0729768,0.937969,38546.1
2.05,0.0729768,2,1.46291,0.0729768,0.94097,35696.8
2.05,0.0729768,2,1.46291,0.0729768,0.943972,37067.8
2.05,0.0729768,2,1.46291,0.0729768,0.946973,37406
2.05,0.0729768,2,1.46291,0.0729768,0.949975,35927.8
2.05,0.0729768,2,1.46291,0.0729768,0.952976,40908.6
2.05,0.0729768,2,1.46291,0.0729768,0.955978,36232.9
2.05,0.0729768,2,1.46291,0.0729768,0.958979,41465.9
2.05,0.0729768,2,1.46291,0.0729768,0.961981,38644.1
2.05,0.0729768,2,1.46291,0.0729768,0.964982,37795.9
2.05,0.0729768,2,1.46291,0.0729768,0.967984,36506.2
2.05,0.0729768,2,1.46291,0.0729768,0.970985,37353.6
2.05,0.0729768,2,1.46291,0.0729768,0.973987,40979.5
2.05,0.0729768,2,1.46291,0.0729768,0.976988,37251.8
2.05,0.0729768,2,1.46291,0.0729768,0.97999,38651.5
2.05,0.0729768,2,1.46291,0.0729768,0.982991,36517.9
2.05,0.0729768,2,1.46291,0.0729768,0.985993,35650.9
2.05,0.0729768,2,1.46291,0.0729768,0.988994,35628.4
2.05,0.0729768,2,1.46291,0.0729768,0.991996,42436.7
2.05,0.0729768,2,1.46291,0.0729768,0.994997,39488.9
2.05,0.0729768,2,1.46291,0.0729768,0.997999,39668.7
2.05,0.0729768,2,1.46291,0.0729768,1.001,35962.8
2.05,0.0729768,2,1.46291,0.0729768,1.004,35773.7
2.05,0.0729768,2,1.46291,0.0729768,1.007,37180.4
2.05,0.0729768,2,1.46291,0.0729768,1.01001,37484.3
2.05,0.0729768,2,1.46291,0.0729768,1.01301,36440.2
2.05,0.0729768,2,1.46291,0.0729768,1.01601,36413.3
2.05,0.0729768,2,1.46291,0.0729768,1.01901,41307.8
2.05,0.0729768,2,1.46291,0.0729768,1.02201,40776.5
2.05,0.0729768,2,1.46291,0.0729768,1.02501,35850
2.05,0.0729768,2,1.46291,0.0729768,1.02801,38225
2.05,0.0729768,2,1.46291,0.0729768,1.03102,36172.3
2.05,0.0729768,2,1.46291,0.0729768,1.03402,39658.6
2.05,0.0729768,2,1.46291,0.0729768,1.03702,39807.2
2.05,0.0729768,2,1.46291,0.0729768,1.04002,37327
2.05,0.0729768,2,1.46291,0.0729768,1.04302,40012
2.05,0.0729768,2,1.46291,0.0729768,1.04602,40045.6
2.05,0.0729768,2,1.46291,0.0729768,1.04902,41594.8
2.05,0.0729768,2,1.46291,0.0729768,1.05203,43555.3
2.05,0.0729768,2,1.46291,0.0729768,1.05503,41104.9
2.05,0.0729768,2,1.46291,0.0729768,1.05803,38350.8
2.05,0.0729768,2,1.46291,0.0729768,1.06103,40829.8
2.05,0.0729768,2,1.46291,0.0729768,1.06403,38525.8
2.05,0.0729768,2,1.46291,0.0729768,1.06703,37210.8
2.05,0.0729768,2,1.46291,0.0729768,1.07004,36595.2
2.05,0.0729768,2,1.46291,0.0729768,1.07304,40168.7
2.05,0.0729768,2,1.46291,0.0729768,1.07604,39793.6
2.05,0.0729768,2,1.46291,0.0729768,1.07904,41962.1
2.05,0.0729768,2,1.46291,0.0729768,1.08204,38899.8
2.05,0.0729768,2,1.46291,0.0729768,1.08504,36751.2
2.05,0.0729768,2,1.46291,0.0729768,1.08804,38573.7
2.05,0.0729768,2,1.46291,0.0729768,1.09105,37430.4
2.05,0.0729768,2,1.46291,0.0729768,1.09405,40086.9
2.05,0.0729768,2,1.46291,0.0729768,1.09705,37167.7
2.05,0.0729768,2,1.46291,0.0729768,1.10005,37489
2.05,0.0729768,2,1.46291,0.0729768,1.10305,36938.2
2.05,0.0729768,2,1.46291,0.0729768,1.10605,36561.8
2.05,0.0729768,2,1.46291,0.0729768,1.10905,40702.8
2.05,0.0729768,2,1.46291,0.0729768,1.11206,37163.9
2.05,0.0729768,2,1.46291,0.0729768,1.11506,38307.8
2.05,0.0729768,2,1.46291,0.0729768,1.11806,36861.3
2.05,0.0729768,2,1.46291,0.0729768,1.12106,38206.6
2.05,0.0729768,2,1.46291,0.0729768,1.12406,36949.9
2.05,0.0729768,2,1.46291,0.0729768,1.12706,41705.5
2.05,0.0729768,2,1.46291,0.0729768,1.13007,39632.6
2.05,0.0729768,2,1.46291,0.0729768,1.13307,45044.2
2.05,0.0729768,2,1.46291,0.0729768,1.13607,38969.6
2.05,0.0729768,2,1.46291,0.0729768,1.13907,38134.3
2.05,0.0729768,2,1.46291,0.0729768,1.14207,36457.5
2.05,0.0729768,2,1.46291,0.0729768,1.14507,39901
2.05,0.0729768,2,1.46291,0.0729768,1.14807,37732.7
2.05,0.0729768,2,1.46291,0.0729768,1.15108,37805.5
2.05,0.0729768,2,1.46291,0.0729768,1.15408,43684.8
2.05,0.0729768,2,1.46291,0.0729768,1.15708,40692.6
2.05,0.0729768,2,1.46291,0.0729768,1.16008,37829.1
2.05,0.0729768,2,1.46291,0.0729768,1.16308,40710.4
2.05,0.0729768,2,1.46291,0.0729768,1.16608,39544.5
2.05,0.0729768,2,1.46291,0.0729768,1.16908,38435.8
2.05,0.0729768,2,1.46291,0.0729768,1.17209,36769.6
2.05,0.0729768,2,1.46291,0.0729768,1.17509,37402.3
2.05,0.0729768,2,1.46291,0.0729768,1.17809,37362.7
2.05,0.0729768,2,1.46291,0.0729768,1.18109,37124.2
2.05,0.0729768,2,1.46291,0.0729768,1.18409,38315.3
2.05,0.0729768,2,1.46291,0.0729768,1.18709,41648.3
2.05,0.0729768,2,1.46291,0.0729768,1.1901,40898.8
2.05,0.0729768,2,1.46291,0.0729768,1.1931,41629.8
2.05,0.0729768,2,1.46291,0.0729768,1.1961,38065.7
2.05,0.0729768,2,1.46291,0.0729768,1.1991,39391.8
2.05,0.0729768,2,1.46291,0.0729768,1.2021,36632.7
2.05,0.0729768,2,1.46291,0.0729768,1.2051,37828.4
2.05,0.0729768,2,1.46291,0.0729768,1.2081,42590.5
2.05,0.0729768,2,1.46291,0.0729768,1.21111,36842.2
2.05,0.0729768,2,1.46291,0.0729768,1.21411,38681.4
2.05,0.0729768,2,1.46291,0.0729768,1.21711,37597.3
2.05,0.0729768,2,1.46291,0.0729768,1.22011,39351
2.05,0.0729768,2,1.46291,0.0729768,1.22311,38179.6
2.05,0.0729768,2,1.46291,0.0729768,1.22611,39423.4
2.05,0.0729768,2,1.46291,0.0729768,1.22911,37125.3
2.05,0.0729768,2,1.46291,0.0729768,1.23212,40013.3
2.05,0.0729768,2,1.46291,0.0729768,1.23512,37927.3
2.05,0.0729768,2,1.46291,0.0729768,1.23812,39065.3
2.05,0.0729768,2,1.46291,0.0729768,1.24112,37161.5
2.05,0.0729768,2,1.46291,0.0729768,1.24412,38828.4
2.05,0.0729768,2,1.46291,0.0729768,1.24712,36535.4
2.05,0.0729768,2,1.46291,0.0729768,1.25013,39425.9
2.05,0.0729768,2,1.46291,0.0729768,1.25313,41324.3
2.05,0.0729768,2,1.46291,0.0729768,1.25613,42303.9
2.05,0.0729768,2,1.46291,0.0729768,1.25913,42530.1
2.05,0.0729768,2,1.46291,0.0729768,1.26213,40972.3
2.05,0.0729768,2,1.46291,0.0729768,1.26513,37625.5
2.05,0.0729768,2,1.46291,0.0729768,1.26813,37148.5
2.05,0.0729768,2,1.46291,0.0729768,1.27114,41073.9
2.05,0.0729768,2,1.46291,0.0729768,1.27414,42475.1
2.05,0.0729768,2,1.46291,0.0729768,1.27714,39907.5
2.05,0.0729768,2,1.46291,0.0729768,1.28014,37871.1
2.05,0.0729768,2,1.46291,0.0729768,1.28314,43767.8
2.05,0.0729768,2,1.46291,0.0729768,1.28614,41608.9
2.05,0.0729768,2,1.46291,0.0729768,1.28914,36638.9
2.05,0.0729768,2,1.46291,0.0729768,1.29215,40518
2.05,0.0729768,2,1.46291,0.0729768,1.29515,37747.6
2.05,0.0729768,2,1.46291,0.0729768,1.29815,41334
2.05,0.0729768,2,1.46291,0.0729768,1.30115,36964.5
2.05,0.0729768,2,1.46291,0.0729768,1.30415,36776.6
2.05,0.0729768,2,1.46291,0.0729768,1.30715,36964.1
2.05,0.0729768,2,1.46291,0.0729768,1.31016,41708.4
2.05,0.0729768,2,1.46291,0.0729768,1.31316,38996.4
2.05,0.0729768,2,1.46291,0.0729768,1.31616,41649.6
2.05,0.0729768,2,1.46291,0.0729768,1.31916,43039.2
2.05,0.0729768,2,1.46291,0.0729768,1.32216,39908.7
2.05,0.0729768,2,1.46291,0.0729768,1.32516,37547.5
2.05,0.0729768,2,1.46291,0.0729768,1.32816,37078.9
2.05,0.0729768,2,1.46291,0.0729768,1.33117,38581.4
2.05,0.0729768,2,1.46291,0.0729768,1.33417,36904.4
2.05,0.0729768,2,1.46291,0.0729768,1.33717,41403.7
2.05,0.0729768,2,1.46291,0.0729768,1.34017,41792.6
2.05,0.0729768,2,1.46291,0.0729768,1.34317,43111.9
2.05,0.0729768,2,1.46291,0.0729768,1.34617,36714.5
2.05,0.0729768,2,1.46291,0.0729768,1.34917,38123.2
2.05,0.0729768,2,1.46291,0.0729768,1.35218,37787.2
2.05,0.0729768,2,1.46291,0.0729768,1.35518,37214.3
2.05,0.0729768,2,1.46291,0.0729768,1.35818,43736.8
2.05,0.0729768,2,1.46291,0.0729768,1.36118,41268.6
2.05,0.0729768,2,1.46291,0.0729768,1.36418,37882.2
2.05,0.0729768,2,1.46291,0.0729768,1.36718,39423.2
2.05,0.0729768,2,1.46291,0.0729768,1.37019,40985.9
2.05,0.0729768,2,1.46291,0.0729768,1.37319,38400.8
2.05,0.0729768,2,1.46291,0.0729768,1.37619,36761.4
2.05,0.0729768,2,1.46291,0.0729768,1.37919,37581.7
2.05,0.0729768,2,1.46291,0.0729768,1.38219,43031.3
2.05,0.0729768,2,1.46291,0.0729768,1.38519,41532.2
2.05,0.0729768,2,1.46291,0.0729768,1.38819,38259.6
2.05,0.0729768,2,1.46291,0.0729768,1.3912,41638.3
2.05,0.0729768,2,1.46291,0.0729768,1.3942,41879.9
2.05,0.0729768,2,1.46291,0.0729768,1.3972,39471.3
2.05,0.0729768,2,1.46291,0.0729768,1.4002,40194.6
2.05,0.0729768,2,1.46291,0.0729768,1.4032,36693.8
2.05,0.0729768,2,1.46291,0.0729768,1.4062,41134.6
2.05,0.0729768,2,1.46291,0.0729768,1.4092,37675.1
2.05,0.0729768,2,1.46291,0.0729768,1.41221,37989.9
2.05,0.0729768,2,1.46291,0.0729768,1.41521,36397.8
2.05,0.0729768,2,1.46291,0.0729768,1.41821,40093.9
2.05,0.0729768,2,1.46291,0.0729768,1.42121,37705.7
2.05,0.0729768,2,1.46291,0.0729768,1.42421,40521.5
2.05,0.0729768,2,1.46291,0.0729768,1.42721,39675.6
2.05,0.0729768,2,1.46291,0.0729768,1.43022,41038.5
2.05,0.0729768,2,1.46291,0.0729768,1.43322,39551.3
2.05,0.0729768,2,1.46291,0.0729768,1.43622,38109.6
2.05,0.0729768,2,1.46291,0.0729768,1.43922,39343.9
2.05,0.0729768,2,1.46291,0.0729768,1.44222,38883.9
2.05,0.0729768,2,1.46291,0.0729768,1.44522,38592.1
2.05,0.0729768,2,1.46291,0.0729768,1.44822,37007.6
2.05,0.0729768,2,1.46291,0.0729768,1.45123,39106.5
2.05,0.0729768,2,1.46291,0.0729768,1.45423,41300.4
2.05,0.0729768,2,1.46291,0.0729768,1.45723,36378.6
2.05,0.0729768,2,1.46291,0.0729768,1.46023,37989.4
2.05,0.0729768,2,1.46291,0.0729768,1.46323,36558.4
2.05,0.0729768,2,1.46291,0.0729768,1.46623,38228
2.05,0.0729768,2,1.46291,0.0729768,1.46923,39452.7
2.05,0.0729768,2,1.46291,0.0729768,1.47224,36156.1
2.05,0.0729768,2,1.46291,0.0729768,1.47524,39230.9
2.05,0.0729768,2,1.46291,0.0729768,1.47824,40742.2
2.05,0.0729768,2,1.46291,0.0729768,1.48124,37107.3
2.05,0.0729768,2,1.46291,0.0729768,1.48424,39796.3
2.05,0.0729768,2,1.46291,0.0729768,1.48724,38630.4
2.05,0.0729768,2,1.46291,0.0729768,1.49025,39625.6
2.05,0.0729768,2,1.46291,0.0729768,1.49325,42315.3
2.05,0.0729768,2,1.46291,0.0729768,1.49625,37735.5
2.05,0.0729768,2,1.46291,0.0729768,1.49925,37577.4
2.05,0.0729768,2,1.46291,0.0729768,1.50225,39332.5
2.05,0.0729768,2,1.46291,0.0729768,1.50525,41431.2
2.05,0.0729768,2,1.46291,0.0729768,1.50825,35987.2
2.05,0.0729768,2,1.46291,0.0729768,1.51126,39856.2
2.05,0.0729768,2,1.46291,0.0729768,1.51426,42123.6
2.05,0.0729768,2,1.46291,0.0729768,1.51726,38535.7
2.05,0.0729768,2,1.46291,0.0729768,1.52026,40494.1
2.05,0.0729768,2,1.46291,0.0729768,1.52326,37965.5
2.05,0.0729768,2,1.46291,0.0729768,1.52626,40279.5
2.05,0.0729768,2,1.46291,0.0729768,1.52926,38045.7
2.05,0.0729768,2,1.46291,0.0729768,1.53227,40000.5
2.05,0.0729768,2,1.46291,0.0729768,1.53527,37615.3
2.05,0.0729768,2,1.46291,0.0729768,1.53827,39438.7
2.05,0.0729768,2,1.46291,0.0729768,1.54127,37308.6
2.05,0.0729768,2,1.46291,0.0729768,1.54427,41049.8
2.05,0.0729768,2,1.46291,0.0729768,1.54727,40322.4
2.05,0.0729768,2,1.46291,0.0729768,1.55028,36703.6
2.05,0.0729768,2,1.46291,0.0729768,1.55328,38221.5
2.05,0.0729768,2,1.46291,0.0729768,1.55628,41350.1
2.05,0.0729768,2,1.46291,0.0729768,1.55928,37940.5
2.05,0.0729768,2,1.46291,0.0729768,1.56228,38449.1
2.05,0.0729768,2,1.46291,0.0729768,1.56528,36713.3
2.05,0.0729768,2,1.46291,0.0729768,1.56828,39144.8
2.05,0.0729768,2,1.46291,0.0729768,1.57129,35837.8
2.05,0.0729768,2,1.46291,0.0729768,1.57429,37717.5
2.05,0.0729768,2,1.46291,0.0729768,1.57729,36334.1
2.05,0.0729768,2,1.46291,0.0729768,1.58029,37834
2.05,0.0729768,2,1.46291,0.0729768,1.58329,37541.5
2.05,0.0729768,2,1.46291,0.0729768,1.58629,41677.7
2.05,0.0729768,2,1.46291,0.0729768,1.58929,38955.9
2.05,0.0729768,2,1.46291,0.0729768,1.5923,37896
2.05,0.0729768,2,1.46291,0.0729768,1.5953,38430.7
2.05,0.0729768,2,1.46291,0.0729768,1.5983,37700.8
2.05,0.0729768,2,1.46291,0.0729768,1.6013,39061.8
2.05,0.0729768,2,1.46291,0.0729768,1.6043,35541.7
2.05,0.0729768,2,1.46291,0.0729768,1.6073,39904.5
2.05,0.0729768,2,1.46291,0.0729768,1.61031,37977.2
2.05,0.0729768,2,1.46291,0.0729768,1.61331,40435
2.05,0.0729768,2,1.46291,0.0729768,1.61631,36908.9
2.05,0.0729768,2,1.46291,0.0729768,1.61931,40569.5
2.05,0.0729768,2,1.46291,0.0729768,1.62231,39060.1
2.05,0.0729768,2,1.46291,0.0729768,1.62531,36869.5
2.05,0.0729768,2,1.46291,0.0729768,1.62831,39887.7
2.05,0.0729768,2,1.46291,0.0729768,1.63132,35563
2.05,0.0729768,2,1.46291,0.0729768,1.63432,35744.2
2.05,0.0729768,2,1.46291,0.0729768,1.63732,41332.8
2.05,0.0729768,2,1.46291,0.0729768,1.64032,40433.6
2.05,0.0729768,2,1.46291,0.0729768,1.64332,35579.7
2.05,0.0729768,2,1.46291,0.0729768,1.64632,37113.9
2.05,0.0729768,2,1.46291,0.0729768,1.64932,36374.1
2.05,0.0729768,2,1.46291,0.0729768,1.65233,38077.9
2.05,0.0729768,2,1.46291,0.0729768,1.65533,37171.7
2.05,0.0729768,2,1.46291,0.0729768,1.65833,38285.9
2.05,0.0729768,2,1.46291,0.0729768,1.66133,36075.7
2.05,0.0729768,2,1.46291,0.0729768,1.66433,36078.2
2.05,0.0729768,2,1.46291,0.0729768,1.66733,34789.2
2.05,0.0729768,2,1.46291,0.0729768,1.67034,35909.9
2.05,0.0729768,2,1.46291,0.0729768,1.67334,38969.3
2.05,0.0729768,2,1.46291,0.0729768,1.67634,34533.7
2.05,0.0729768,2,1.46291,0.0729768,1.67934,36871.6
2.05,0.0729768,2,1.46291,0.0729768,1.68234,37699.1
2.05,0.0729768,2,1.46291,0.0729768,1.68534,36723.9
2.05,0.0729768,2,1.46291,0.0729768,1.68834,35684.3
2.05,0.0729768,2,1.46291,0.0729768,1.69135,34766
2.05,0.0729768,2,1.46291,0.0729768,1.69435,36875.5
2.05,0.0729768,2,1.46291,0.0729768,1.69735,34934
2.05,0.0729768,2,1.46291,0.0729768,1.70035,38527.2
2.05,0.0729768,2,1.46291,0.0729768,1.70335,40048.1
2.05,0.0729768,2,1.46291,0.0729768,1.70635,36153.2
2.05,0.0729768,2,1.46291,0.0729768,1.70935,35777.5
2.05,0.0729768,2,1.46291,0.0729768,1.71236,38518.7
2.05,0.0729768,2,1.46291,0.0729768,1.71536,33913
2.05,0.0729768,2,1.46291,0.0729768,1.71836,36462.6
2.05,0.0729768,2,1.46291,0.0729768,1.72136,34207.2
2.05,0.0729768,2,1.46291,0.0729768,1.72436,37819.9
2.05,0.0729768,2,1.46291,0.0729768,1.72736,39625
2.05,0.0729768,2,1.46291,0.0729768,1.73037,36313.4
2.05,0.0729768,2,1.46291,0.0729768,1.73337,33693.9
2.05,0.0729768,2,1.46291,0.0729768,1.73637,39816.9
2.05,0.0729768,2,1.46291,0.0729768,1.73937,37768.8
2.05,0.0729768,2,1.46291,0.0729768,1.74237,38205.3
2.05,0.0729768,2,1.46291,0.0729768,1.74537,35566.7
2.05,0.0729768,2,1.46291,0.0729768,1.74837,38305.6
2.05,0.0729768,2,1.46291,0.0729768,1.75138,33679.9
2.05,0.0729768,2,1.46291,0.0729768,1.75438,36916.7
2.05,0.0729768,2,1.46291,0.0729768,1.75738,38010
2.05,0.0729768,2,1.46291,0.0729768,1.76038,37046.1
2.05,0.0729768,2,1.46291,0.0729768,1.76338,36375.1
2.05,0.0729768,2,1.46291,0.0729768,1.76638,35771.9
2.05,0.0729768,2,1.46291,0.0729768,1.76938,33175.9
2.05,0.0729768,2,1.46291,0.0729768,1.77239,36197.3
2.05,0.0729768,2,1.46291,0.0729768,1.77539,32827
2.05,0.0729768,2,1.46291,0.0729768,1.77839,33709.7
2.05,0.0729768,2,1.46291,0.0729768,1.78139,34502.5
2.05,0.0729768,2,1.46291,0.0729768,1.78439,35001.7
2.05,0.0729768,2,1.46291,0.0729768,1.78739,35949.4
2.05,0.0729768,2,1.46291,0.0729768,1.7904,33482
2.05,0.0729768,2,1.46291,0.0729768,1.7934,34521.5
2.05,0.0729768,2,1.46291,0.0729768,1.7964,33829.3
2.05,0.0729768,2,1.46291,0.0729768,1.7994,33638.5
2.05,0.0729768,2,1.46291,0.0729768,1.8024,31911.2
2.05,0.0729768,2,1.46291,0.0729768,1.8054,33493.3
2.05,0.0729768,2,1.46291,0.0729768,1.8084,35991
2.05,0.0729768,2,1.46291,0.0729768,1.81141,33612.9
2.05,0.0729768,2,1.46291,0.0729768,1.81441,31541
2.05,0.0729768,2,1.46291,0.0729768,1.81741,33658.2
2.05,0.0729768,2,1.46291,0.0729768,1.82041,32509.1
2.05,0.0729768,2,1.46291,0.0729768,1.82341,36743.1
2.05,0.0729768,2,1.46291,0.0729768,1.82641,32370.8
2.05,0.0729768,2,1.46291,0.0729768,1.82941,33345.7
2.05,0.0729768,2,1.46291,0.0729768,1.83242,33755
2.05,0.0729768,2,1.46291,0.0729768,1.83542,33284.7
2.05,0.0729768,2,1.46291,0.0729768,1.83842,32617.4
2.05,0.0729768,2,1.46291,0.0729768,1.84142,30412.6
2.05,0.0729768,2,1.46291,0.0729768,1.84442,32833.7
2.05,0.0729768,2,1.46291,0.0729768,1.84742,30829.5
2.05,0.0729768,2,1.46291,0.0729768,1.85043,29942.8
2.05,0.0729768,2,1.46291,0.0729768,1.85343,30330.5
2.05,0.0729768,2,1.46291,0.0729768,1.85643,30584.6
2.05,0.0729768,2,1.46291,0.0729768,1.85943,33217.3
2.05,0.0729768,2,1.46291,0.0729768,1.86243,29737.5
2.05,0.0729768,2,1.46291,0.0729768,1.86543,31393.4
2.05,0.0729768,2,1.46291,0.0729768,1.86843,30721.3
2.05,0.0729768,2,1.46291,0.0729768,1.87144,31814.1
2.05,0.0729768,2,1.46291,0.0729768,1.87444,32250.8
2.05,0.0729768,2,1.46291,0.0729768,1.87744,29937.6
2.05,0.0729768,2,1.46291,0.0729768,1.88044,27852.3
2.05,0.0729768,2,1.46291,0.0729768,1.88344,27598.3
2.05,0.0729768,2,1.46291,0.0729768,1.88644,31341.1
2.05,0.0729768,2,1.46291,0.0729768,1.88944,27588.5
2.05,0.0729768,2,1.46291,0.0729768,1.89245,25373.3
2.05,0.0729768,2,1.46291,0.0729768,1.89545,25883.7
2.05,0.0729768,2,1.46291,0.0729768,1.89845,-26847.1
2.05,0.0729768,2,1.46291,0.0729768,1.90145,-28048.3
2.05,0.0729768,2,1.46291,0.0729768,1.90445,-26674.8
2.05,0.0729768,2,1.46291,0.0729768,1.90745,-27511.3
2.05,0.0729768,2,1.46291,0.0729768,1.91046,-28185
2.05,0.0729768,2,1.46291,0.0729768,1.91346,-30374.1
2.05,0.0729768,2,1.46291,0.0729768,1.91646,-31098
2.05,0.0729768,2,1.46291,0.0729768,1.91946,-29683.4
2.05,0.0729768,2,1.46291,0.0729768,1.92246,-32491.9
2.05,0.0729768,2,1.46291,0.0729768,1.92546,-28616.6
2.05,0.0729768,2,1.46291,0.0729768,1.92846,-28711.8
2.05,0.0729768,2,1.46291,0.0729768,1.93147,-30093.6
2.05,0.0729768,2,1.46291,0.0729768,1.93447,-29762.5
2.05,0.0729768,2,1.46291,0.0729768,1.93747,-31142.1
2.05,0.0729768,2,1.46291,0.0729768,1.94047,-29374.1
2.05,0.0729768,2,1.46291,0.0729768,1.94347,-29418.8
2.05,0.0729768,2,1.46291,0.0729768,1.94647,-31940.4
2.05,0.0729768,2,1.46291,0.0729768,1.94947,-31637.1
2.05,0.0729768,2,1.46291,0.0729768,1.95248,-29682.7
2.05,0.0729768,2,1.46291,0.0729768,1.95548,-32829.5
2.05,0.0729768,2,1.46291,0.0729768,1.95848,-34328.9
2.05,0.0729768,2,1.46291,0.0729768,1.96148,-31571.7
2.05,0.0729768,2,1.46291,0.0729768,1.96448,-31696.3
2.05,0.0729768,2,1.46291,0.0729768,1.96748,-32724.3
2.05,0.0729768,2,1.46291,0.0729768,1.97049,-31465.9
2.05,0.0729768,2,1.46291,0.0729768,1.97349,-33892.8
2.05,0.0729768,2,1.46291,0.0729768,1.97649,-37646.6
2.05,0.0729768,2,1.46291,0.0729768,1.97949,-31864.6
2.05,0.0729768,2,1.46291,0.0729768,1.98249,-29647.4
2.05,0.0729768,2,1.46291,0.0729768,1.98549,-30471.8
2.05,0.0729768,2,1.46291,0.0729768,1.98849,-31684.4
2.05,0.0729768,2,1.46291,0.0729768,1.9915,-30692.5
2.05,0.0729768,2,1.46291,0.0729768,1.9945,-34747.7
2.05,0.0729768,2,1.46291,0.0729768,1.9975,-33581
2.05,0.0729768,2,1.46291,0.0729768,2.0005,-31147.9
2.05,0.0729768,2,1.46291,0.0729768,2.0035,-29316.3
2.05,0.0729768,2,1.46291,0.0729768,2.0065,-30772.1
2.05,0.0729768,2,1.46291,0.0729768,2.0095,-31213.6
2.05,0.0729768,2,1.46291,0.0729768,2.01251,-30922.4
2.05,0.0729768,2,1.46291,0.0729768,2.01551,-34648.9
2.05,0.0729768,2,1.46291,0.0729768,2.01851,-29271
2.05,0.0729768,2,1.46291,0.0729768,2.02151,-33255.5
2.05,0.0729768,2,1.46291,0.0729768,2.02451,-32231.3
2.05,0.0729768,2,1.46291,0.0729768,2.02751,-33967.6
2.05,0.0729768,2,1.46291,0.0729768,2.03052,-29376
2.05,0.0729768,2,1.46291,0.0729768,2.03352,-30026
2.05,0.0729768,2,1.46291,0.0729768,2.03652,-28166.3
2.05,0.0729768,2,1.46291,0.0729768,2.03952,-28897
2.05,0.0729768,2,1.46291,0.0729768,2.04252,-28150.6
2.05,0.0729768,2,1.46291,0.0729768,2.04552,-26100
2.05,0.0729768,2,1.46291,0.0729768,2.04852,-26642
2.05,0.0729768,2,1.46291,0.0729768,2.05153,25024.1
2.05,0.0729768,2,1.46291,0.0729768,2.05453,28111.1
2.05,0.0729768,2,1.46291,0.0729768,2.05753,28309.3
2.05,0.0729768,2,1.46291,0.0729768,2.06053,29097.6
2.05,0.0729768,2,1.46291,0.0729768,2.06353,31698
2.05,0.0729768,2,1.46291,0.0729768,2.06653,29826.2
2.05,0.0729768,2,1.46291,0.0729768,2.06953,30657.5
2.05,0.0729768,2,1.46291,0.0729768,2.07254,30336.6
2.05,0.0729768,2,1.46291,0.0729768,2.07554,31226.4
2.05,0.0729768,2,1.46291,0.0729768,2.07854,30342.3
2.05,0.0729768,2,1.46291,0.0729768,2.08154,30839.5
2.05,0.0729768,2,1.46291,0.0729768,2.08454,31235.1
2.05,0.0729768,2,1.46291,0.0729768,2.08754,35614.1
2.05,0.0729768,2,1.46291,0.0729768,2.09055,34567.9
2.05,0.0729768,2,1.46291,0.0729768,2.09355,31778.9
2.05,0.0729768,2,1.46291,0.0729768,2.09655,34856.1
2.05,0.0729768,2,1.46291,0.0729768,2.09955,33400.6
2.05,0.0729768,2,1.46291,0.0729768,2.10255,35857
2.05,0.0729768,2,1.46291,0.0729768,2.10555,35499.6
2.05,0.0729768,2,1.46291,0.0729768,2.10855,36053.7
2.05,0.0729768,2,1.46291,0.0729768,2.11156,37473.7
2.05,0.0729768,2,1.46291,0.0729768,2.11456,33036.8
2.05,0.0729768,2,1.46291,0.0729768,2.11756,35178.6
2.05,0.0729768,2,1.46291,0.0729768,2.12056,38068
2.05,0.0729768,2,1.46291,0.0729768,2.12356,34673.4
2.05,0.0729768,2,1.46291,0.0729768,2.12656,35754.5
2.05,0.0729768,2,1.46291,0.0729768,2.12956,35400.8
2.05,0.0729768,2,1.46291,0.0729768,2.13257,36249.6
2.05,0.0729768,2,1.46291,0.0729768,2.13557,34885.8
2.05,0.0729768,2,1.46291,0.0729768,2.13857,35733.4
2.05,0.0729768,2,1.46291,0.0729768,2.14157,33796.2
2.05,0.0729768,2,1.46291,0.0729768,2.14457,34127.5
2.05,0.0729768,2,1.46291,0.0729768,2.14757,36519
2.05,0.0729768,2,1.46291,0.0729768,2.15058,37296
2.05,0.0729768,2,1.46291,0.0729768,2.15358,35466.6
2.05,0.0729768,2,1.46291,0.0729768,2.15658,38773.8
2.05,0.0729768,2,1.46291,0.0729768,2.15958,37645.1
2.05,0.0729768,2,1.46291,0.0729768,2.16258,37885.4
2.05,0.0729768,2,1.46291,0.0729768,2.16558,36623.4
2.05,0.0729768,2,1.46291,0.0729768,2.16858,37599.4
2.05,0.0729768,2,1.46291,0.0729768,2.17159,35110.5
2.05,0.0729768,2,1.46291,0.0729768,2.17459,38908.2
2.05,0.0729768,2,1.46291,0.0729768,2.17759,35968.7
2.05,0.0729768,2,1.46291,0.0729768,2.18059,37617.8
2.05,0.0729768,2,1.46291,0.0729768,2.18359,38815.6
2.05,0.0729768,2,1.46291,0.0729768,2.18659,40440.6
2.05,0.0729768,2,1.46291,0.0729768,2.18959,40000.9
2.05,0.0729768,2,1.46291,0.0729768,2.1926,36627.1
2.05,0.0729768,2,1.46291,0.0729768,2.1956,37440.5
2.05,0.0729768,2,1.46291,0.0729768,2.1986,36562.3
2.05,0.0729768,2,1.46291,0.0729768,2.2016,40519.3
2.05,0.0729768,2,1.46291,0.0729768,2.2046,36714.3
2.05,0.0729768,2,1.46291,0.0729768,2.2076,41097.5
2.05,0.0729768,2,1.46291,0.0729768,2.21061,40439.1
2.05,0.0729768,2,1.46291,0.0729768,2.21361,43204.5
2.05,0.0729768,2,1.46291,0.0729768,2.21661,39350.7
2.05,0.0729768,2,1.46291,0.0729768,2.21961,40806.3
2.05,0.0729768,2,1.46291,0.0729768,2.22261,39628.6
2.05,0.0729768,2,1.46291,0.0729768,2.22561,40638.9
2.05,0.0729768,2,1.46291,0.0729768,2.22861,39070.6
2.05,0.0729768,2,1.46291,0.0729768,2.23162,38361.3
2.05,0.0729768,2,1.46291,0.0729768,2.23462,43790
2.05,0.0729768,2,1.46291,0.0729768,2.23762,41729.2
2.05,0.0729768,2,1.46291,0.0729768,2.24062,41209.2
2.05,0.0729768,2,1.46291,0.0729768,2.24362,43979.4
2.05,0.0729768,2,1.46291,0.0729768,2.24662,39628.4
2.05,0.0729768,2,1.46291,0.0729768,2.24962,38326.3
2.05,0.0729768,2,1.46291,0.0729768,2.25263,39634.4
2.05,0.0729768,2,1.46291,0.0729768,2.25563,41094
2.05,0.0729768,2,1.46291,0.0729768,2.25863,40846.2
2.05,0.0729768,2,1.46291,0.0729768,2.26163,38797.3
2.05,0.0729768,2,1.46291,0.0729768,2.26463,41021.8
2.05,0.0729768,2,1.46291,0.0729768,2.26763,40313.2
2.05,0.0729768,2,1.46291,0.0729768,2.27064,40284.7
2.05,0.0729768,2,1.46291,0.0729768,2.27364,41631.9
2.05,0.0729768,2,1.46291,0.0729768,2.27664,44605.2
2.05,0.0729768,2,1.46291,0.0729768,2.27964,42364.1
2.05,0.0729768,2,1.46291,0.0729768,2.28264,39983.2
2.05,0.0729768,2,1.46291,0.0729768,2.28564,44837.3
2.05,0.0729768,2,1.46291,0.0729768,2.28864,41052.2
2.05,0.0729768,2,1.46291,0.0729768,2.29165,39826.1
2.05,0.0729768,2,1.46291,0.0729768,2.29465,41443
2.05,0.0729768,2,1.46291,0.0729768,2.29765,42329.5
2.05,0.0729768,2,1.46291,0.0729768,2.30065,43452.8
2.05,0.0729768,2,1.46291,0.0729768,2.30365,46124.4
2.05,0.0729768,2,1.46291,0.0729768,2.30665,43944.2
2.05,0.0729768,2,1.46291,0.0729768,2.30965,42879.6
2.05,0.0729768,2,1.46291,0.0729768,2.31266,43210.8
2.05,0.0729768,2,1.46291,0.0729768,2.31566,43893
2.05,0.0729768,2,1.46291,0.0729768,2.31866,44491.7
2.05,0.0729768,2,1.46291,0.0729768,2.32166,42117.4
2.05,0.0729768,2,1.46291,0.0729768,2.32466,42797.4
2.05,0.0729768,2,1.46291,0.0729768,2.32766,44324.5
2.05,0.0729768,2,1.46291,0.0729768,2.33067,41395.6
2.05,0.0729768,2,1.46291,0.0729768,2.33367,41327.9
2.05,0.0729768,2,1.46291,0.0729768,2.33667,43119.4
2.05,0.0729768,2,1.46291,0.0729768,2.33967,42609.1
2.05,0.0729768,2,1.46291,0.0729768,2.34267,42131
2.05,0.0729768,2,1.46291,0.0729768,2.34567,45301.5
2.05,0.0729768,2,1.46291,0.0729768,2.34867,43147
2.05,0.0729768,2,1.46291,0.0729768,2.35168,42556.9
2.05,0.0729768,2,1.46291,0.0729768,2.35468,41039.6
2.05,0.0729768,2,1.46291,0.0729768,2.35768,44250.5
2.05,0.0729768,2,1.46291,0.0729768,2.36068,41065.6
2.05,0.0729768,2,1.46291,0.0729768,2.36368,43516.5
2.05,0.0729768,2,1.46291,0.0729768,2.36668,45259.8
2.05,0.0729768,2,1.46291,0.0729768,2.36968,43905.1
2.05,0.0729768,2,1.46291,0.0729768,2.37269,47389.4
2.05,0.0729768,2,1.46291,0.0729768,2.37569,41766.5
2.05,0.0729768,2,1.46291,0.0729768,2.37869,46934.1
2.05,0.0729768,2,1.46291,0.0729768,2.38169,42503.1
2.05,0.0729768,2,1.46291,0.0729768,2.38469,43759.8
2.05,0.0729768,2,1.46291,0.0729768,2.38769,44646.8
2.05,0.0729768,2,1.46291,0.0729768,2.3907,43650.6
2.05,0.0729768,2,1.46291,0.0729768,2.3937,41813.3
2.05,0.0729768,2,1.46291,0.0729768,2.3967,42570.5
2.05,0.0729768,2,1.46291,0.0729768,2.3997,43111.6
2.05,0.0729768,2,1.46291,0.0729768,2.4027,43956
2.05,0.0729768,2,1.46291,0.0729768,2.4057,46289.8
2.05,0.0729768,2,1.46291,0.0729768,2.4087,41681.4
2.05,0.0729768,2,1.46291,0.0729768,2.41171,42429.6
2.05,0.0729768,2,1.46291,0.0729768,2.41471,43920.7
2.05,0.0729768,2,1.46291,0.0729768,2.41771,43224.2
2.05,0.0729768,2,1.46291,0.0729768,2.42071,44881.1
2.05,0.0729768,2,1.46291,0.0729768,2.42371,42881.7
2.05,0.0729768,2,1.46291,0.0729768,2.42671,43566.1
2.05,0.0729768,2,1.46291,0.0729768,2.42971,42410.3
2.05,0.0729768,2,1.46291,0.0729768,2.43272,42906.1
2.05,0.0729768,2,1.46291,0.0729768,2.43572,43717.9
2.05,0.0729768,2,1.46291,0.0729768,2.43872,44116.9
2.05,0.0729768,2,1.46291,0.0729768,2.44172,43663.4
2.05,0.0729768,2,1.46291,0.0729768,2.44472,44961.3
2.05,0.0729768,2,1.46291,0.0729768,2.44772,43682.7
2.05,0.0729768,2,1.46291,0.0729768,2.45073,42583.4
2.05,0.0729768,2,1.46291,0.0729768,2.45373,44659.9
2.05,0.0729768,2,1.46291,0.0729768,2.45673,43124.3
2.05,0.0729768,2,1.46291,0.0729768,2.45973,43095
2.05,0.0729768,2,1.46291,0.0729768,2.46273,44009.6
2.05,0.0729768,2,1.46291,0.0729768,2.46573,45723.3
2.05,0.0729768,2,1.46291,0.0729768,2.46873,44526.3
2.05,0.0729768,2,1.46291,0.0729768,2.47174,44811.9
2.05,0.0729768,2,1.46291,0.0729768,2.47474,43565.6
2.05,0.0729768,2,1.46291,0.0729768,2.47774,43221.5
2.05,0.0729768,2,1.46291,0.0729768,2.48074,43798.3
2.05,0.0729768,2,1.46291,0.0729768,2.48374,44904.7
2.05,0.0729768,2,1.46291,0.0729768,2.48674,44022.8
2.05,0.0729768,2,1.46291,0.0729768,2.48974,44673.2
2.05,0.0729768,2,1.46291,0.0729768,2.49275,45987.1
2.05,0.0729768,2,1.46291,0.0729768,2.49575,43794.4
2.05,0.0729768,2,1.46291,0.0729768,2.49875,44460
2.05,0.0729768,2,1.46291,0.0729768,2.50175,46074.9
2.05,0.0729768,2,1.46291,0.0729768,2.50475,44035.4
2.05,0.0729768,2,1.46291,0.0729768,2.50775,45863.2
2.05,0.0729768,2,1.46291,0.0729768,2.51076,45644.8
2.05,0.0729768,2,1.46291,0.0729768,2.51376,46425.5
2.05,0.0729768,2,1.46291,0.0729768,2.51676,43659.6
2.05,0.0729768,2,1.46291,0.0729768,2.51976,44406.3
2.05,0.0729768,2,1.46291,0.0729768,2.52276,45028
2.05,0.0729768,2,1.46291,0.0729768,2.52576,44689.2
2.05,0.0729768,2,1.46291,0.0729768,2.52876,45260.4
2.05,0.0729768,2,1.46291,0.0729768,2.53177,47916.2
2.05,0.0729768,2,1.46291,0.0729768,2.53477,45865
2.05,0.0729768,2,1.46291,0.0729768,2.53777,43892.7
2.05,0.0729768,2,1.46291,0.0729768,2.54077,44401.9
2.05,0.0729768,2,1.46291,0.0729768,2.54377,45819.2
2.05,0.0729768,2,1.46291,0.0729768,2.54677,45333.5
2.05,0.0729768,2,1.46291,0.0729768,2.54977,44945.7
2.05,0.0729768,2,1.46291,0.0729768,2.55278,45059
2.05,0.0729768,2,1.46291,0.0729768,2.55578,47192.9
2.05,0.0729768,2,1.46291,0.0729768,2.55878,44813.7
2.05,0.0729768,2,1.46291,0.0729768,2.56178,47594.2
2.05,0.0729768,2,1.46291,0.0729768,2.56478,44801.1
2.05,0.0729768,2,1.46291,0.0729768,2.56778,47305.4
2.05,0.0729768,2,1.46291,0.0729768,2.57079,44714.4
2.05,0.0729768,2,1.46291,0.0729768,2.57379,44433.7
2.05,0.0729768,2,1.46291,0.0729768,2.57679,47807.6
2.05,0.0729768,2,1.46291,0.0729768,2.57979,45361.7
2.05,0.0729768,2,1.46291,0.0729768,2.58279,47418.5
2.05,0.0729768,2,1.46291,0.0729768,2.58579,45073.1
2.05,0.0729768,2,1.46291,0.0729768,2.58879,45893.4
2.05,0.0729768,2,1.46291,0.0729768,2.5918,45437.8
2.05,0.0729768,2,1.46291,0.0729768,2.5948,45253.2
2.05,0.0729768,2,1.46291,0.0729768,2.5978,45911.3
2.05,0.0729768,2,1.46291,0.0729768,2.6008,46632.7
2.05,0.0729768,2,1.46291,0.0729768,2.6038,46676.2
2.05,0.0729768,2,1.46291,0.0729768,2.6068,47126
2.05,0.0729768,2,1.46291,0.0729768,2.6098,46446.5
2.05,0.0729768,2,1.46291,0.0729768,2.61281,47668.2
2.05,0.0729768,2,1.46291,0.0729768,2.61581,46995.7
2.05,0.0729768,2,1.46291,0.0729768,2.61881,46260.2
2.05,0.0729768,2,1.46291,0.0729768,2.62181,49237.9
2.05,0.0729768,2,1.46291,0.0729768,2.62481,49371
2.05,0.0729768,2,1.46291,0.0729768,2.62781,47215.8
2.05,0.0729768,2,1.46291,0.0729768,2.63082,48172.9
2.05,0.0729768,2,1.46291,0.0729768,2.63382,47353.2
2.05,0.0729768,2,1.46291,0.0729768,2.63682,49178.4
2.05,0.0729768,2,1.46291,0.0729768,2.63982,47014.8
2.05,0.0729768,2,1.46291,0.0729768,2.64282,46082.2
2.05,0.0729768,2,1.46291,0.0729768,2.64582,47951.4
2.05,0.0729768,2,1.46291,0.0729768,2.64882,46663.9
2.05,0.0729768,2,1.46291,0.0729768,2.65183,47484.3
2.05,0.0729768,2,1.46291,0.0729768,2.65483,46264.6
2.05,0.0729768,2,1.46291,0.0729768,2.65783,48793.9
2.05,0.0729768,2,1.46291,0.0729768,2.66083,47095.8
2.05,0.0729768,2,1.46291,0.0729768,2.66383,48696.6
2.05,0.0729768,2,1.46291,0.0729768,2.66683,48034.5
2.05,0.0729768,2,1.46291,0.0729768,2.66983,49465.7
2.05,0.0729768,2,1.46291,0.0729768,2.67284,49069.1
2.05,0.0729768,2,1.46291,0.0729768,2.67584,50670.4
2.05,0.0729768,2,1.46291,0.0729768,2.67884,52420.1
2.05,0.0729768,2,1.46291,0.0729768,2.68184,49288.3
2.05,0.0729768,2,1.46291,0.0729768,2.68484,48164.9
2.05,0.0729768,2,1.46291,0.0729768,2.68784,47233.2
2.05,0.0729768,2,1.46291,0.0729768,2.69085,48986.9
2.05,0.0729768,2,1.46291,0.0729768,2.69385,49710.6
2.05,0.0729768,2,1.46291,0.0729768,2.69685,51022.9
2.05,0.0729768,2,1.46291,0.0729768,2.69985,50824.8
2.05,0.0729768,2,1.46291,0.0729768,2.70285,48307.4
2.05,0.0729768,2,1.46291,0.0729768,2.70585,51666.8
2.05,0.0729768,2,1.46291,0.0729768,2.70885,47451.9
2.05,0.0729768,2,1.46291,0.0729768,2.71186,47949.9
2.05,0.0729768,2,1.46291,0.0729768,2.71486,52233.9
2.05,0.0729768,2,1.46291,0.0729768,2.71786,49291.4
2.05,0.0729768,2,1.46291,0.0729768,2.72086,48397.6
2.05,0.0729768,2,1.46291,0.0729768,2.72386,52009.5
2.05,0.0729768,2,1.46291,0.0729768,2.72686,50542.6
2.05,0.0729768,2,1.46291,0.0729768,2.72986,51153.5
2.05,0.0729768,2,1.46291,0.0729768,2.73287,52297.5
2.05,0.0729768,2,1.46291,0.0729768,2.73587,49904.6
2.05,0.0729768,2,1.46291,0.0729768,2.73887,50020.9
2.05,0.0729768,2,1.46291,0.0729768,2.74187,49824.5
2.05,0.0729768,2,1.46291,0.0729768,2.74487,48868.4
2.05,0.0729768,2,1.46291,0.0729768,2.74787,48069.9
2.05,0.0729768,2,1.46291,0.0729768,2.75088,54638.6
2.05,0.0729768,2,1.46291,0.0729768,2.75388,49968.5
2.05,0.0729768,2,1.46291,0.0729768,2.75688,52419.3
2.05,0.0729768,2,1.46291,0.0729768,2.75988,51039.8
2.05,0.0729768,2,1.46291,0.0729768,2.76288,49451.8
2.05,0.0729768,2,1.46291,0.0729768,2.76588,49585.5
2.05,0.0729768,2,1.46291,0.0729768,2.76888,50153.9
2.05,0.0729768,2,1.46291,0.0729768,2.77189,54226.4
2.05,0.0729768,2,1.46291,0.0729768,2.77489,49369.1
2.05,0.0729768,2,1.46291,0.0729768,2.77789,50411.9
2.05,0.0729768,2,1.46291,0.0729768,2.78089,52155.5
2.05,0.0729768,2,1.46291,0.0729768,2.78389,49140.6
2.05,0.0729768,2,1.46291,0.0729768,2.78689,49871.1
2.05,0.0729768,2,1.46291,0.0729768,2.78989,52002.6
2.05,0.0729768,2,1.46291,0.0729768,2.7929,49758.3
2.05,0.0729768,2,1.46291,0.0729768,2.7959,54551
2.05,0.0729768,2,1.46291,0.0729768,2.7989,52905
2.05,0.0729768,2,1.46291,0.0729768,2.8019,51489.5
2.05,0.0729768,2,1.46291,0.0729768,2.8049,50986.6
2.05,0.0729768,2,1.46291,0.0729768,2.8079,55818.2
2.05,0.0729768,2,1.46291,0.0729768,2.81091,56715.5
2.05,0.0729768,2,1.46291,0.0729768,2.81391,49989.5
2.05,0.0729768,2,1.46291,0.0729768,2.81691,52749.8
2.05,0.0729768,2,1.46291,0.0729768,2.81991,51277.7
2.05,0.0729768,2,1.46291,0.0729768,2.82291,53740
2.05,0.0729768,2,1.46291,0.0729768,2.82591,54842.1
2.05,0.0729768,2,1.46291,0.0729768,2.82891,50890.6
2.05,0.0729768,2,1.46291,0.0729768,2.83192,54769.4
2.05,0.0729768,2,1.46291,0.0729768,2.83492,55125.4
2.05,0.0729768,2,1.46291,0.0729768,2.83792,54306.1
2.05,0.0729768,2,1.46291,0.0729768,2.84092,52004.1
2.05,0.0729768,2,1.46291,0.0729768,2.84392,50371.2
2.05,0.0729768,2,1.46291,0.0729768,2.84692,53490.1
2.05,0.0729768,2,1.46291,0.0729768,2.84992,56513.8
2.05,0.0729768,2,1.46291,0.0729768,2.85293,50638.2
2.05,0.0729768,2,1.46291,0.0729768,2.85593,50447.1
2.05,0.0729768,2,1.46291,0.0729768,2.85893,50781.1
2.05,0.0729768,2,1.46291,0.0729768,2.86193,54654.3
2.05,0.0729768,2,1.46291,0.0729768,2.86493,55842.5
2.05,0.0729768,2,1.46291,0.0729768,2.86793,55599.5
2.05,0.0729768,2,1.46291,0.0729768,2.87094,52154.3
2.05,0.0729768,2,1.46291,0.0729768,2.87394,58994.8
2.05,0.0729768,2,1.46291,0.0729768,2.87694,57551.6
2.05,0.0729768,2,1.46291,0.0729768,2.87994,52146.4
2.05,0.0729768,2,1.46291,0.0729768,2.88294,52279.4
2.05,0.0729768,2,1.46291,0.0729768,2.88594,52396.4
2.05,0.0729768,2,1.46291,0.0729768,2.88894,58036.5
2.05,0.0729768,2,1.46291,0.0729768,2.89195,55387.3
2.05,0.0729768,2,1.46291,0.0729768,2.89495,53159
2.05,0.0729768,2,1.46291,0.0729768,2.89795,55720.3
2.05,0.0729768,2,1.46291,0.0729768,2.90095,52613
2.05,0.0729768,2,1.46291,0.0729768,2.90395,58077
2.05,0.0729768,2,1.46291,0.0729768,2.90695,53022
2.05,0.0729768,2,1.46291,0.0729768,2.90995,53926
2.05,0.0729768,2,1.46291,0.0729768,2.91296,58641.9
2.05,0.0729768,2,1.46291,0.0729768,2.91596,56158.8
2.05,0.0729768,2,1.46291,0.0729768,2.91896,53554.9
2.05,0.0729768,2,1.46291,0.0729768,2.92196,55089.8
2.05,0.0729768,2,1.46291,0.0729768,2.92496,55008.5
2.05,0.0729768,2,1.46291,0.0729768,2.92796,56230.2
2.05,0.0729768,2,1.46291,0.0729768,2.93097,55048
2.05,0.0729768,2,1.46291,0.0729768,2.93397,58422.2
2.05,0.0729768,2,1.46291,0.0729768,2.93697,52854.9
2.05,0.0729768,2,1.46291,0.0729768,2.93997,52756.3
2.05,0.0729768,2,1.46291,0.0729768,2.94297,56612.9
2.05,0.0729768,2,1.46291,0.0729768,2.94597,57556.4
2.05,0.0729768,2,1.46291,0.0729768,2.94897,56066.5
2.05,0.0729768,2,1.46291,0.0729768,2.95198,53669
2.05,0.0729768,2,1.46291,0.0729768,2.95498,57218.6
2.05,0.0729768,2,1.46291,0.0729768,2.95798,58234
2.05,0.0729768,2,1.46291,0.0729768,2.96098,54322.2
2.05,0.0729768,2,1.46291,0.0729768,2.96398,62981.3
2.05,0.0729768,2,1.46291,0.0729768,2.96698,53218.5
2.05,0.0729768,2,1.46291,0.0729768,2.96998,53056.2
2.05,0.0729768,2,1.46291,0.0729768,2.97299,53975.6
2.05,0.0729768,2,1.46291,0.0729768,2.97599,60640.4
2.05,0.0729768,2,1.46291,0.0729768,2.97899,55973.6
2.05,0.0729768,2,1.46291,0.0729768,2.98199,59600.7
2.05,0.0729768,2,1.46291,0.0729768,2.98499,54363.6
2.05,0.0729768,2,1.46291,0.0729768,2.98799,54589.2
2.05,0.0729768,2,1.46291,0.0729768,2.991,58513.2
2.05,0.0729768,2,1.46291,0.0729768,2.994,62070.4
2.05,0.0729768,2,1.46291,0.0729768,2.997,60138.7
2.05,0.0729768,2,1.46291,0.0729768,3,54225

2.01,0.0812174,2,2.0954,0.0812174,-3,-23686.6
2.01,0.0812174,2,2.0954,0.0812174,-2.997,-27248.9
2.01,0.0812174,2,2.0954,0.0812174,-2.994,-27511.6
2.01,0.0812174,2,2.0954,0.0812174,-2.991,-26004.4
2.01,0.0812174,2,2.0954,0.0812174,-2.98799,-27277.7
2.01,0.0812174,2,2.0954,0.0812174,-2.98499,-25796.1
2.01,0.0812174,2,2.0954,0.0812174,-2.98199,-24680.3
2.01,0.0812174,2,2.0954,0.0812174,-2.97899,-24985.8
2.01,0.0812174,2,2.0954,0.0812174,-2.97599,-27163.1
2.01,0.0812174,2,2.0954,0.0812174,-2.97299,-24005.6
2.01,0.0812174,2,2.0954,0.0812174,-2.96998,-25573.7
2.01,0.0812174,2,2.0954,0.0812174,-2.96698,-26121.1
2.01,0.0812174,2,2.0954,0.0812174,-2.96398,-28458.1
2.01,0.0812174,2,2.0954,0.0812174,-2.96098,-24946.3
2.01,0.0812174,2,2.0954,0.0812174,-2.95798,-24819.6
2.01,0.0812174,2,2.0954,0.0812174,-2.95498,-24730.3
2.01,0.0812174,2,2.0954,0.0812174,-2.95198,-27720.1
2.01,0.0812174,2,2.0954,0.0812174,-2.94897,-24040
2.01,0.0812174,2,2.0954,0.0812174,-2.94597,-24957.7
2.01,0.0812174,2,2.0954,0.0812174,-2.94297,-23687
2.01,0.0812174,2,2.0954,0.0812174,-2.93997,-25018.8
2.01,0.0812174,2,2.0954,0.0812174,-2.93697,-24958.5
2.01,0.0812174,2,2.0954,0.0812174,-2.93397,-28899.5
2.01,0.0812174,2,2.0954,0.0812174,-2.93097,-26930.4
2.01,0.0812174,2,2.0954,0.0812174,-2.92796,-24719.2
2.01,0.0812174,2,2.0954,0.0812174,-2.92496,-26954.5
2.01,0.0812174,2,2.0954,0.0812174,-2.92196,-24216.1
2.01,0.0812174,2,2.0954,0.0812174,-2.91896,-23794.1
2.01,0.0812174,2,2.0954,0.0812174,-2.91596,-25443.3
2.01,0.0812174,2,2.0954,0.0812174,-2.91296,-26467
2.01,0.0812174,2,2.0954,0.0812174,-2.90995,-26983.2
2.01,0.0812174,2,2.0954,0.0812174,-2.90695,-26350.4
2.01,0.0812174,2,2.0954,0.0812174,-2.90395,-27136.4
2.01,0.0812174,2,2.0954,0.0812174,-2.90095,-26821.7
2.01,0.0812174,2,2.0954,0.0812174,-2.89795,-25955.4
2.01,0.0812174,2,2.0954,0.0812174,-2.89495,-26856.2
2.01,0.0812174,2,2.0954,0.0812174,-2.89195,-26712.9
2.01,0.0812174,2,2.0954,0.0812174,-2.88894,-25425.5
2.01,0.0812174,2,2.0954,0.0812174,-2.88594,-23967.2
2.01,0.0812174,2,2.0954,0.0812174,-2.88294,-23791.4
2.01,0.0812174,2,2.0954,0.0812174,-2.87994,-24523.6
2.01,0.0812174,2,2.0954,0.0812174,-2.87694,-27326.1
2.01,0.0812174,2,2.0954,0.0812174,-2.87394,-27316.7
2.01,0.0812174,2,2.0954,0.0812174,-2.87094,-25615.9
2.01,0.0812174,2,2.0954,0.0812174,-2.86793,-23956.2
2.01,0.0812174,2,2.0954,0.0812174,-2.86493,-24596.1
2.01,0.0812174,2,2.0954,0.0812174,-2.86193,-23531.3
2.01,0.0812174,2,2.0954,0.0812174,-2.85893,-25895.4
2.01,0.0812174,2,2.0954,0.0812174,-2.85593,-26057.8
2.01,0.0812174,2,2.0954,0.0812174,-2.85293,-23909.8
2.01,0.0812174,2,2.0954,0.0812174,-2.84992,-23804.1
2.01,0.0812174,2,2.0954,0.0812174,-2.84692,-25721.1
2.01,0.0812174,2,2.0954,0.0812174,-2.84392,-26845.4
2.01,0.0812174,2,2.0954,0.0812174,-2.84092,-23573.5
2.01,0.0812174,2,2.0954,0.0812174,-2.83792,-24248.7
2.01,0.0812174,2,2.0954,0.0812174,-2.83492,-23618.5
2.01,0.0812174,2,2.0954,0.0812174,-2.83192,-25210.2
2.01,0.0812174,2,2.0954,0.0812174,-2.82891,-25982.8
2.01,0.0812174,2,2.0954,0.0812174,-2.82591,-25754.5
2.01,0.0812174,2,2.0954,0.0812174,-2.82291,-23631.9
2.01,0.0812174,2,2.0954,0.0812174,-2.81991,-25786.9
2.01,0.0812174,2,2.0954,0.0812174,-2.81691,-27609.2
2.01,0.0812174,2,2.0954,0.0812174,-2.81391,-25003.4
2.01,0.0812174,2,2.0954,0.0812174,-2.81091,-24458.9
2.01,0.0812174,2,2.0954,0.0812174,-2.8079,-27551.3
2.01,0.0812174,2,2.0954,0.0812174,-2.8049,-23495.2
2.01,0.0812174,2,2.0954,0.0812174,-2.8019,-26590.1
2.01,0.0812174,2,2.0954,0.0812174,-2.7989,-25812.7
2.01,0.0812174,2,2.0954,0.0812174,-2.7959,-23922
2.01,0.0812174,2,2.0954,0.0812174,-2.7929,-26574.8
2.01,0.0812174,2,2.0954,0.0812174,-2.78989,-25791.1
2.01,0.0812174,2,2.0954,0.0812174,-2.78689,-26291.5
2.01,0.0812174,2,2.0954,0.0812174,-2.78389,-26102.8
2.01,0.0812174,2,2.0954,0.0812174,-2.78089,-25381.2
2.01,0.0812174,2,2.0954,0.0812174,-2.77789,-25839.7
2.01,0.0812174,2,2.0954,0.0812174,-2.77489,-24232.4
2.01,0.0812174,2,2.0954,0.0812174,-2.77189,-24277
2.01,0.0812174,2,2.0954,0.0812174,-2.76888,-24652.2
2.01,0.0812174,2,2.0954,0.0812174,-2.76588,-25723.7
2.01,0.0812174,2,2.0954,0.0812174,-2.76288,-25560.8
2.01,0.0812174,2,2.0954,0.0812174,-2.75988,-24067.2
2.01,0.0812174,2,2.0954,0.0812174,-2.75688,-24994.2
2.01,0.0812174,2,2.0954,0.0812174,-2.75388,-23798.8
2.01,0.0812174,2,2.0954,0.0812174,-2.75088,-26128.2
2.01,0.0812174,2,2.0954,0.0812174,-2.74787,-24322
2.01,0.0812174,2,2.0954,0.0812174,-2.74487,-23526
2.01,0.0812174,2,2.0954,0.0812174,-2.74187,-29499.7
2.01,0.0812174,2,2.0954,0.0812174,-2.73887,-27046.8
2.01,0.0812174,2,2.0954,0.0812174,-2.73587,-23695.1
2.01,0.0812174,2,2.0954,0.0812174,-2.73287,-26750.2
2.01,0.0812174,2,2.0954,0.0812174,-2.72986,-23818.6
2.01,0.0812174,2,2.0954,0.0812174,-2.72686,-24384.2
2.01,0.0812174,2,2.0954,0.0812174,-2.72386,-29346.2
2.01,0.0812174,2,2.0954,0.0812174,-2.72086,-26822.5
2.01,0.0812174,2,2.0954,0.0812174,-2.71786,-25137.5
2.01,0.0812174,2,2.0954,0.0812174,-2.71486,-23541.8
2.01,0.0812174,2,2.0954,0.0812174,-2.71186,-23923.5
2.01,0.0812174,2,2.0954,0.0812174,-2.70885,-25601.2
2.01,0.0812174,2,2.0954,0.0812174,-2.70585,-25035.1
2.01,0.0812174,2,2.0954,0.0812174,-2.70285,-25150.1
2.01,0.0812174,2,2.0954,0.0812174,-2.69985,-24338.3
2.01,0.0812174,2,2.0954,0.0812174,-2.69685,-25091.7
2.01,0.0812174,2,2.0954,0.0812174,-2.69385,-25100.8
2.01,0.0812174,2,2.0954,0.0812174,-2.69085,-26314.2
2.01,0.0812174,2,2.0954,0.0812174,-2.68784,-24916.9
2.01,0.0812174,2,2.0954,0.0812174,-2.68484,-25838.7
2.01,0.0812174,2,2.0954,0.0812174,-2.68184,-26325
2.01,0.0812174,2,2.0954,0.0812174,-2.67884,-27597.1
2.01,0.0812174,2,2.0954,0.0812174,-2.67584,-24947.1
2.01,0.0812174,2,2.0954,0.0812174,-2.67284,-25376.9
2.01,0.0812174,2,2.0954,0.0812174,-2.66983,-26295.5
2.01,0.0812174,2,2.0954,0.0812174,-2.66683,-28529.5
2.01,0.0812174,2,2.0954,0.0812174,-2.66383,-28475.2
2.01,0.0812174,2,2.0954,0.0812174,-2.66083,-23698.2
2.01,0.0812174,2,2.0954,0.0812174,-2.65783,-24696.5
2.01,0.0812174,2,2.0954,0.0812174,-2.65483,-26389.5
2.01,0.0812174,2,2.0954,0.0812174,-2.65183,-23754.9
2.01,0.0812174,2,2.0954,0.0812174,-2.64882,-27542.4
2.01,0.0812174,2,2.0954,0.0812174,-2.64582,-23491.6
2.01,0.0812174,2,2.0954,0.0812174,-2.64282,-25687
2.01,0.0812174,2,2.0954,0.0812174,-2.63982,-25029.1
2.01,0.0812174,2,2.0954,0.0812174,-2.63682,-24919.2
2.01,0.0812174,2,2.0954,0.0812174,-2.63382,-29763.5
2.01,0.0812174,2,2.0954,0.0812174,-2.63082,-23936
2.01,0.0812174,2,2.0954,0.0812174,-2.62781,-25863.2
2.01,0.0812174,2,2.0954,0.0812174,-2.62481,-27900.1
2.01,0.0812174,2,2.0954,0.0812174,-2.62181,-23403.3
2.01,0.0812174,2,2.0954,0.0812174,-2.61881,-25768.5
2.01,0.0812174,2,2.0954,0.0812174,-2.61581,-24104.4
2.01,0.0812174,2,2.0954,0.0812174,-2.61281,-24691
2.01,0.0812174,2,2.0954,0.0812174,-2.6098,-24598.5
2.01,0.0812174,2,2.0954,0.0812174,-2.6068,-27239.8
2.01,0.0812174,2,2.0954,0.0812174,-2.6038,-23094.1
2.01,0.0812174,2,2.0954,0.0812174,-2.6008,-23610.8
2.01,0.0812174,2,2.0954,0.0812174,-2.5978,-23186.9
2.01,0.0812174,2,2.0954,0.0812174,-2.5948,-23957.6
2.01,0.0812174,2,2.0954,0.0812174,-2.5918,-24040.3
2.01,0.0812174,2,2.0954,0.0812174,-2.58879,-25493.1
2.01,0.0812174,2,2.0954,0.0812174,-2.58579,-24401.6
2.01,0.0812174,2,2.0954,0.0812174,-2.58279,-24265.7
2.01,0.0812174,2,2.0954,0.0812174,-2.57979,-26232.3
2.01,0.0812174,2,2.0954,0.0812174,-2.57679,-25693.6
2.01,0.0812174,2,2.0954,0.0812174,-2.57379,-24109.5
2.01,0.0812174,2,2.0954,0.0812174,-2.57079,-29059.4
2.01,0.0812174,2,2.0954,0.0812174,-2.56778,-23745.5
2.01,0.0812174,2,2.0954,0.0812174,-2.56478,-25018.3
2.01,0.0812174,2,2.0954,0.0812174,-2.56178,-23808.9
2.01,0.0812174,2,2.0954,0.0812174,-2.55878,-23177.7
2.01,0.0812174,2,2.0954,0.0812174,-2.55578,-24115.1
2.01,0.0812174,2,2.0954,0.0812174,-2.55278,-26568
2.01,0.0812174,2,2.0954,0.0812174,-2.54977,-25680.4
2.01,0.0812174,2,2.0954,0.0812174,-2.54677,-24928.8
2.01,0.0812174,2,2.0954,0.0812174,-2.54377,-25058.7
2.01,0.0812174,2,2.0954,0.0812174,-2.54077,-25916.6
2.01,0.0812174,2,2.0954,0.0812174,-2.53777,-23943.3
2.01,0.0812174,2,2.0954,0.0812174,-2.53477,-24764.7
2.01,0.0812174,2,2.0954,0.0812174,-2.53177,-25062.7
2.01,0.0812174,2,2.0954,0.0812174,-2.52876,-24644.4
2.01,0.0812174,2,2.0954,0.0812174,-2.52576,-23429.1
2.01,0.0812174,2,2.0954,0.0812174,-2.52276,-25007.2
2.01,0.0812174,2,2.0954,0.0812174,-2.51976,-25766.3
2.01,0.0812174,2,2.0954,0.0812174,-2.51676,-23154.8
2.01,0.0812174,2,2.0954,0.0812174,-2.51376,-26877.9
2.01,0.0812174,2,2.0954,0.0812174,-2.51076,-24312.7
2.01,0.0812174,2,2.0954,0.0812174,-2.50775,-25321.5
2.01,0.0812174,2,2.0954,0.0812174,-2.50475,-27841.2
2.01,0.0812174,2,2.0954,0.0812174,-2.50175,-23025.5
2.01,0.0812174,2,2.0954,0.0812174,-2.49875,-23959.7
2.01,0.0812174,2,2.0954,0.0812174,-2.49575,-25194.1
2.01,0.0812174,2,2.0954,0.0812174,-2.49275,-26200.4
2.01,0.0812174,2,2.0954,0.0812174,-2.48974,-25577.8
2.01,0.0812174,2,2.0954,0.0812174,-2.48674,-23014.5
2.01,0.0812174,2,2.0954,0.0812174,-2.48374,-23612.9
2.01,0.0812174,2,2.0954,0.0812174,-2.48074,-23022.6
2.01,0.0812174,2,2.0954,0.0812174,-2.47774,-26046
2.01,0.0812174,2,2.0954,0.0812174,-2.47474,-23955.9
2.01,0.0812174,2,2.0954,0.0812174,-2.47174,-24251
2.01,0.0812174,2,2.0954,0.0812174,-2.46873,-23570.6
2.01,0.0812174,2,2.0954,0.0812174,-2.46573,-24929.1
2.01,0.0812174,2,2.0954,0.0812174,-2.46273,-23865.3
2.01,0.0812174,2,2.0954,0.0812174,-2.45973,-22673.7
2.01,0.0812174,2,2.0954,0.0812174,-2.45673,-24969
2.01,0.0812174,2,2.0954,0.0812174,-2.45373,-24204.5
2.01,0.0812174,2,2.0954,0.0812174,-2.45073,-25879.6
2.01,0.0812174,2,2.0954,0.0812174,-2.44772,-23968.2
2.01,0.0812174,2,2.0954,0.0812174,-2.44472,-22761.7
2.01,0.0812174,2,2.0954,0.0812174,-2.44172,-25492.2
2.01,0.0812174,2,2.0954,0.0812174,-2.43872,-25848.3
2.01,0.0812174,2,2.0954,0.0812174,-2.43572,-23109.1
2.01,0.0812174,2,2.0954,0.0812174,-2.43272,-23889.5
2.01,0.0812174,2,2.0954,0.0812174,-2.42971,-24472.7
2.01,0.0812174,2,2.0954,0.0812174,-2.42671,-24089.5
2.01,0.0812174,2,2.0954,0.0812174,-2.42371,-25198.2
2.01,0.0812174,2,2.0954,0.0812174,-2.42071,-23953.4
2.01,0.0812174,2,2.0954,0.0812174,-2.41771,-23949.4
2.01,0.0812174,2,2.0954,0.0812174,-2.41471,-22634.3
2.01,0.0812174,2,2.0954,0.0812174,-2.41171,-25118.5
2.01,0.0812174,2,2.0954,0.0812174,-2.4087,-26851.3
2.01,0.0812174,2,2.0954,0.0812174,-2.4057,-24667
2.01,0.0812174,2,2.0954,0.0812174,-2.4027,-24958.9
2.01,0.0812174,2,2.0954,0.0812174,-2.3997,-22501.9
2.01,0.0812174,2,2.0954,0.0812174,-2.3967,-23103.6
2.01,0.0812174,2,2.0954,0.0812174,-2.3937,-24496.6
2.01,0.0812174,2,2.0954,0.0812174,-2.3907,-23659.6
2.01,0.0812174,2,2.0954,0.0812174,-2.38769,-22912.9
2.01,0.0812174,2,2.0954,0.0812174,-2.38469,-25301.7
2.01,0.0812174,2,2.0954,0.0812174,-2.38169,-23522
2.01,0.0812174,2,2.0954,0.0812174,-2.37869,-22793.7
2.01,0.0812174,2,2.0954,0.0812174,-2.37569,-24528.1
2.01,0.0812174,2,2.0954,0.0812174,-2.37269,-27096.7
2.01,0.0812174,2,2.0954,0.0812174,-2.36968,-23705.9
2.01,0.0812174,2,2.0954,0.0812174,-2.36668,-23288
2.01,0.0812174,2,2.0954,0.0812174,-2.36368,-22758.4
2.01,0.0812174,2,2.0954,0.0812174,-2.36068,-23145.2
2.01,0.0812174,2,2.0954,0.0812174,-2.35768,-23237.1
2.01,0.0812174,2,2.0954,0.0812174,-2.35468,-23342.8
2.01,0.0812174,2,2.0954,0.0812174,-2.35168,-24689.9
2.01,0.0812174,2,2.0954,0.0812174,-2.34867,-22570.7
2.01,0.0812174,2,2.0954,0.0812174,-2.34567,-24263.6
2.01,0.0812174,2,2.0954,0.0812174,-2.34267,-25385.7
2.01,0.0812174,2,2.0954,0.0812174,-2.33967,-21958
2.01,0.0812174,2,2.0954,0.0812174,-2.33667,-24638.6
2.01,0.0812174,2,2.0954,0.0812174,-2.33367,-22993.3
2.01,0.0812174,2,2.0954,0.0812174,-2.33067,-22940.6
2.01,0.0812174,2,2.0954,0.0812174,-2.32766,-22718.5
2.01,0.0812174,2,2.0954,0.0812174,-2.32466,-21671.8
2.01,0.0812174,2,2.0954,0.0812174,-2.32166,-24497.6
2.01,0.0812174,2,2.0954,0.0812174,-2.31866,-23935.2
2.01,0.0812174,2,2.0954,0.0812174,-2.31566,-24257.4
2.01,0.0812174,2,2.0954,0.0812174,-2.31266,-22831.3
2.01,0.0812174,2,2.0954,0.0812174,-2.30965,-23791.9
2.01,0.0812174,2,2.0954,0.0812174,-2.30665,-22743.5
2.01,0.0812174,2,2.0954,0.0812174,-2.30365,-23821.8
2.01,0.0812174,2,2.0954,0.0812174,-2.30065,-22672.1
2.01,0.0812174,2,2.0954,0.0812174,-2.29765,-22213.6
2.01,0.0812174,2,2.0954,0.0812174,-2.29465,-22993.8
2.01,0.0812174,2,2.0954,0.0812174,-2.29165,-22116.2
2.01,0.0812174,2,2.0954,0.0812174,-2.28864,-21637.1
2.01,0.0812174,2,2.0954,0.0812174,-2.28564,-21693.1
2.01,0.0812174,2,2.0954,0.0812174,-2.28264,-23013.3
2.01,0.0812174,2,2.0954,0.0812174,-2.27964,-24918.7
2.01,0.0812174,2,2.0954,0.0812174,-2.27664,-22495.5
2.01,0.0812174,2,2.0954,0.0812174,-2.27364,-24142.9
2.01,0.0812174,2,2.0954,0.0812174,-2.27064,-21258.6
2.01,0.0812174,2,2.0954,0.0812174,-2.26763,-21127.5
2.01,0.0812174,2,2.0954,0.0812174,-2.26463,-21251.7
2.01,0.0812174,2,2.0954,0.0812174,-2.26163,-24221.6
2.01,0.0812174,2,2.0954,0.0812174,-2.25863,-23209.5
2.01,0.0812174,2,2.0954,0.0812174,-2.25563,-23208
2.01,0.0812174,2,2.0954,0.0812174,-2.25263,-25133.3
2.01,0.0812174,2,2.0954,0.0812174,-2.24962,-22000.1
2.01,0.0812174,2,2.0954,0.0812174,-2.24662,-22747.6
2.01,0.0812174,2,2.0954,0.0812174,-2.24362,-23157.5
2.01,0.0812174,2,2.0954,0.0812174,-2.24062,-22619.3
2.01,0.0812174,2,2.0954,0.0812174,-2.23762,-20824.1
2.01,0.0812174,2,2.0954,0.0812174,-2.23462,-21150.1
2.01,0.0812174,2,2.0954,0.0812174,-2.23162,-25206.5
2.01,0.0812174,2,2.0954,0.0812174,-2.22861,-20499
2.01,0.0812174,2,2.0954,0.0812174,-2.22561,-21726.7
2.01,0.0812174,2,2.0954,0.0812174,-2.22261,-21326
2.01,0.0812174,2,2.0954,0.0812174,-2.21961,-23100.7
2.01,0.0812174,2,2.0954,0.0812174,-2.21661,-23450.8
2.01,0.0812174,2,2.0954,0.0812174,-2.21361,-21191
2.01,0.0812174,2,2.0954,0.0812174,-2.21061,-20384
2.01,0.0812174,2,2.0954,0.0812174,-2.2076,-22503.9
2.01,0.0812174,2,2.0954,0.0812174,-2.2046,-20576.9
2.01,0.0812174,2,2.0954,0.0812174,-2.2016,-20171
2.01,0.0812174,2,2.0954,0.0812174,-2.1986,-20496.7
2.01,0.0812174,2,2.0954,0.0812174,-2.1956,-21644.5
2.01,0.0812174,2,2.0954,0.0812174,-2.1926,-21768.1
2.01,0.0812174,2,2.0954,0.0812174,-2.18959,-20379.6
2.01,0.0812174,2,2.0954,0.0812174,-2.18659,-21364.1
2.01,0.0812174,2,2.0954,0.0812174,-2.18359,-20394.4
2.01,0.0812174,2,2.0954,0.0812174,-2.18059,-19748.2
2.01,0.0812174,2,2.0954,0.0812174,-2.17759,-22154.7
2.01,0.0812174,2,2.0954,0.0812174,-2.17459,-20943.6
2.01,0.0812174,2,2.0954,0.0812174,-2.17159,-19582.3
2.01,0.0812174,2,2.0954,0.0812174,-2.16858,-22756.3
2.01,0.0812174,2,2.0954,0.0812174,-2.16558,-19030.8
2.01,0.0812174,2,2.0954,0.0812174,-2.16258,-20759.9
2.01,0.0812174,2,2.0954,0.0812174,-2.15958,-20990.3
2.01,0.0812174,2,2.0954,0.0812174,-2.15658,-18972.7
2.01,0.0812174,2,2.0954,0.0812174,-2.15358,-21194.3
2.01,0.0812174,2,2.0954,0.0812174,-2.15058,-20972.7
2.01,0.0812174,2,2.0954,0.0812174,-2.14757,-19543.4
2.01,0.0812174,2,2.0954,0.0812174,-2.14457,-20925.4
2.01,0.0812174,2,2.0954,0.0812174,-2.14157,-17622.1
2.01,0.0812174,2,2.0954,0.0812174,-2.13857,-19676.3
2.01,0.0812174,2,2.0954,0.0812174,-2.13557,-20051.2
2.01,0.0812174,2,2.0954,0.0812174,-2.13257,-17083.1
2.01,0.0812174,2,2.0954,0.0812174,-2.12956,-14822.5
2.01,0.0812174,2,2.0954,0.0812174,-2.12656,17732
2.01,0.0812174,2,2.0954,0.0812174,-2.12356,18103.6
2.01,0.0812174,2,2.0954,0.0812174,-2.12056,19078.7
2.01,0.0812174,2,2.0954,0.0812174,-2.11756,17776.7
2.01,0.0812174,2,2.0954,0.0812174,-2.11456,18409.3
2.01,0.0812174,2,2.0954,0.0812174,-2.11156,18611.3
2.01,0.0812174,2,2.0954,0.0812174,-2.10855,19104.5
2.01,0.0812174,2,2.0954,0.0812174,-2.10555,21026.9
2.01,0.0812174,2,2.0954,0.0812174,-2.10255,21419.4
2.01,0.0812174,2,2.0954,0.0812174,-2.09955,21323.4
2.01,0.0812174,2,2.0954,0.0812174,-2.09655,19196.4
2.01,0.0812174,2,2.0954,0.0812174,-2.09355,20012.7
2.01,0.0812174,2,2.0954,0.0812174,-2.09055,20279.3
2.01,0.0812174,2,2.0954,0.0812174,-2.08754,21005
2.01,0.0812174,2,2.0954,0.0812174,-2.08454,21731.8
2.01,0.0812174,2,2.0954,0.0812174,-2.08154,21268.1
2.01,0.0812174,2,2.0954,0.0812174,-2.07854,20405.9
2.01,0.0812174,2,2.0954,0.0812174,-2.07554,21603
2.01,0.0812174,2,2.0954,0.0812174,-2.07254,21964.3
2.01,0.0812174,2,2.0954,0.0812174,-2.06953,21424.4
2.01,0.0812174,2,2.0954,0.0812174,-2.06653,23009.5
2.01,0.0812174,2,2.0954,0.0812174,-2.06353,20598.4
2.01,0.0812174,2,2.0954,0.0812174,-2.06053,20818.8
2.01,0.0812174,2,2.0954,0.0812174,-2.05753,20219.9
2.01,0.0812174,2,2.0954,0.0812174,-2.05453,20548.1
2.01,0.0812174,2,2.0954,0.0812174,-2.05153,23675.6
2.01,0.0812174,2,2.0954,0.0812174,-2.04852,23079.4
2.01,0.0812174,2,2.0954,0.0812174,-2.04552,20479
2.01,0.0812174,2,2.0954,0.0812174,-2.04252,22808.2
2.01,0.0812174,2,2.0954,0.0812174,-2.03952,23024.2
2.01,0.0812174,2,2.0954,0.0812174,-2.03652,23555.5
2.01,0.0812174,2,2.0954,0.0812174,-2.03352,22103.8
2.01,0.0812174,2,2.0954,0.0812174,-2.03052,22818.1
2.01,0.0812174,2,2.0954,0.0812174,-2.02751,24059.8
2.01,0.0812174,2,2.0954,0.0812174,-2.02451,23013.2
2.01,0.0812174,2,2.0954,0.0812174,-2.02151,21160.5
2.01,0.0812174,2,2.0954,0.0812174,-2.01851,26739.1
2.01,0.0812174,2,2.0954,0.0812174,-2.01551,23224.7
2.01,0.0812174,2,2.0954,0.0812174,-2.01251,22497.7
2.01,0.0812174,2,2.0954,0.0812174,-2.0095,22239.4
2.01,0.0812174,2,2.0954,0.0812174,-2.0065,23696
2.01,0.0812174,2,2.0954,0.0812174,-2.0035,21378.5
2.01,0.0812174,2,2.0954,0.0812174,-2.0005,21445.8
2.01,0.0812174,2,2.0954,0.0812174,-1.9975,21328.1
2.01,0.0812174,2,2.0954,0.0812174,-1.9945,25683.8
2.01,0.0812174,2,2.0954,0.0812174,-1.9915,23877.3
2.01,0.0812174,2,2.0954,0.0812174,-1.98849,23341.6
2.01,0.0812174,2,2.0954,0.0812174,-1.98549,22321.7
2.01,0.0812174,2,2.0954,0.0812174,-1.98249,23272.9
2.01,0.0812174,2,2.0954,0.0812174,-1.97949,23366.2
2.01,0.0812174,2,2.0954,0.0812174,-1.97649,22105.5
2.01,0.0812174,2,2.0954,0.0812174,-1.97349,24373.2
2.01,0.0812174,2,2.0954,0.0812174,-1.97049,24650.1
2.01,0.0812174,2,2.0954,0.0812174,-1.96748,24137.6
2.01,0.0812174,2,2.0954,0.0812174,-1.96448,22932.2
2.01,0.0812174,2,2.0954,0.0812174,-1.96148,25328.2
2.01,0.0812174,2,2.0954,0.0812174,-1.95848,23839.7
2.01,0.0812174,2,2.0954,0.0812174,-1.95548,22390.7
2.01,0.0812174,2,2.0954,0.0812174,-1.95248,25622.9
2.01,0.0812174,2,2.0954,0.0812174,-1.94947,24254.9
2.01,0.0812174,2,2.0954,0.0812174,-1.94647,26691.6
2.01,0.0812174,2,2.0954,0.0812174,-1.94347,21906.1
2.01,0.0812174,2,2.0954,0.0812174,-1.94047,22241.5
2.01,0.0812174,2,2.0954,0.0812174,-1.93747,22237.9
2.01,0.0812174,2,2.0954,0.0812174,-1.93447,23531.7
2.01,0.0812174,2,2.0954,0.0812174,-1.93147,25298
2.01,0.0812174,2,2.0954,0.0812174,-1.92846,23156
2.01,0.0812174,2,2.0954,0.0812174,-1.92546,22962.6
2.01,0.0812174,2,2.0954,0.0812174,-1.92246,24722.3
2.01,0.0812174,2,2.0954,0.0812174,-1.91946,24946
2.01,0.0812174,2,2.0954,0.0812174,-1.91646,23753.5
2.01,0.0812174,2,2.0954,0.0812174,-1.91346,25560.3
2.01,0.0812174,2,2.0954,0.0812174,-1.91046,22545.2
2.01,0.0812174,2,2.0954,0.0812174,-1.90745,25267.8
2.01,0.0812174,2,2.0954,0.0812174,-1.90445,23924.9
2.01,0.0812174,2,2.0954,0.0812174,-1.90145,22695.6
2.01,0.0812174,2,2.0954,0.0812174,-1.89845,26843.8
2.01,0.0812174,2,2.0954,0.0812174,-1.89545,24917.2
2.01,0.0812174,2,2.0954,0.0812174,-1.89245,23948
2.01,0.0812174,2,2.0954,0.0812174,-1.88944,24906.9
2.01,0.0812174,2,2.0954,0.0812174,-1.88644,22650.7
2.01,0.0812174,2,2.0954,0.0812174,-1.88344,25855
2.01,0.0812174,2,2.0954,0.0812174,-1.88044,23753.2
2.01,0.0812174,2,2.0954,0.0812174,-1.87744,26177.6
2.01,0.0812174,2,2.0954,0.0812174,-1.87444,23668.3
2.01,0.0812174,2,2.0954,0.0812174,-1.87144,25212.6
2.01,0.0812174,2,2.0954,0.0812174,-1.86843,25748.4
2.01,0.0812174,2,2.0954,0.0812174,-1.86543,22588.7
2.01,0.0812174,2,2.0954,0.0812174,-1.86243,24337
2.01,0.0812174,2,2.0954,0.0812174,-1.85943,26423.9
2.01,0.0812174,2,2.0954,0.0812174,-1.85643,24565
2.01,0.0812174,2,2.0954,0.0812174,-1.85343,24260.8
2.01,0.0812174,2,2.0954,0.0812174,-1.85043,24338.5
2.01,0.0812174,2,2.0954,0.0812174,-1.84742,27773.3
2.01,0.0812174,2,2.0954,0.0812174,-1.84442,22775.2
2.01,0.0812174,2,2.0954,0.0812174,-1.84142,24319.1
2.01,0.0812174,2,2.0954,0.0812174,-1.83842,27888.4
2.01,0.0812174,2,2.0954,0.0812174,-1.83542,23898.9
2.01,0.0812174,2,2.0954,0.0812174,-1.83242,22766.7
2.01,0.0812174,2,2.0954,0.0812174,-1.82941,25449.6
2.01,0.0812174,2,2.0954,0.0812174,-1.82641,24459.4
2.01,0.0812174,2,2.0954,0.0812174,-1.82341,23331
2.01,0.0812174,2,2.0954,0.0812174,-1.82041,23713.3
2.01,0.0812174,2,2.0954,0.0812174,-1.81741,23315.2
2.01,0.0812174,2,2.0954,0.0812174,-1.81441,26903.1
2.01,0.0812174,2,2.0954,0.0812174,-1.81141,23205.7
2.01,0.0812174,2,2.0954,0.0812174,-1.8084,23199.5
2.01,0.0812174,2,2.0954,0.0812174,-1.8054,23251.1
2.01,0.0812174,2,2.0954,0.0812174,-1.8024,24801.4
2.01,0.0812174,2,2.0954,0.0812174,-1.7994,24262
2.01,0.0812174,2,2.0954,0.0812174,-1.7964,23458.2
2.01,0.0812174,2,2.0954,0.0812174,-1.7934,26974
2.01,0.0812174,2,2.0954,0.0812174,-1.7904,24506.4
2.01,0.0812174,2,2.0954,0.0812174,-1.78739,24401.3
2.01,0.0812174,2,2.0954,0.0812174,-1.78439,23382.4
2.01,0.0812174,2,2.0954,0.0812174,-1.78139,24990.3
2.01,0.0812174,2,2.0954,0.0812174,-1.77839,26994.5
2.01,0.0812174,2,2.0954,0.0812174,-1.77539,24649.5
2.01,0.0812174,2,2.0954,0.0812174,-1.77239,26750.3
2.01,0.0812174,2,2.0954,0.0812174,-1.76938,26588.3
2.01,0.0812174,2,2.0954,0.0812174,-1.76638,24449.3
2.01,0.0812174,2,2.0954,0.0812174,-1.76338,23243.6
2.01,0.0812174,2,2.0954,0.0812174,-1.76038,25118.9
2.01,0.0812174,2,2.0954,0.0812174,-1.75738,23361.2
2.01,0.0812174,2,2.0954,0.0812174,-1.75438,25659.8
2.01,0.0812174,2,2.0954,0.0812174,-1.75138,23372.3
2.01,0.0812174,2,2.0954,0.0812174,-1.74837,26541.1
2.01,0.0812174,2,2.0954,0.0812174,-1.74537,25768.9
2.01,0.0812174,2,2.0954,0.0812174,-1.74237,23583.5
2.01,0.0812174,2,2.0954,0.0812174,-1.73937,25293.4
2.01,0.0812174,2,2.0954,0.0812174,-1.73637,26549.5
2.01,0.0812174,2,2.0954,0.0812174,-1.73337,23446.9
2.01,0.0812174,2,2.0954,0.0812174,-1.73037,25176.7
2.01,0.0812174,2,2.0954,0.0812174,-1.72736,24157
2.01,0.0812174,2,2.0954,0.0812174,-1.72436,26050.5
2.01,0.0812174,2,2.0954,0.0812174,-1.72136,25570.8
2.01,0.0812174,2,2.0954,0.0812174,-1.71836,24595.1
2.01,0.0812174,2,2.0954,0.0812174,-1.71536,27604.8
2.01,0.0812174,2,2.0954,0.0812174,-1.71236,27422.6
2.01,0.0812174,2,2.0954,0.0812174,-1.70935,26127.5
2.01,0.0812174,2,2.0954,0.0812174,-1.70635,24211.6
2.01,0.0812174,2,2.0954,0.0812174,-1.70335,27049.3
2.01,0.0812174,2,2.0954,0.0812174,-1.70035,24393.2
2.01,0.0812174,2,2.0954,0.0812174,-1.69735,27601.8
2.01,0.0812174,2,2.0954,0.0812174,-1.69435,24241.3
2.01,0.0812174,2,2.0954,0.0812174,-1.69135,23798.4
2.01,0.0812174,2,2.0954,0.0812174,-1.68834,25474.4
2.01,0.0812174,2,2.0954,0.0812174,-1.68534,25758.4
2.01,0.0812174,2,2.0954,0.0812174,-1.68234,24276.2
2.01,0.0812174,2,2.0954,0.0812174,-1.67934,26091.6
2.01,0.0812174,2,2.0954,0.0812174,-1.67634,25202.8
2.01,0.0812174,2,2.0954,0.0812174,-1.67334,25785.5
2.01,0.0812174,2,2.0954,0.0812174,-1.67034,27142.6
2.01,0.0812174,2,2.0954,0.0812174,-1.66733,24060.2
2.01,0.0812174,2,2.0954,0.0812174,-1.66433,24759.4
2.01,0.0812174,2,2.0954,0.0812174,-1.66133,25104.2
2.01,0.0812174,2,2.0954,0.0812174,-1.65833,25310.9
2.01,0.0812174,2,2.0954,0.0812174,-1.65533,24455.5
2.01,0.0812174,2,2.0954,0.0812174,-1.65233,23744.5
2.01,0.0812174,2,2.0954,0.0812174,-1.64932,23583
2.01,0.0812174,2,2.0954,0.0812174,-1.64632,24871.9
2.01,0.0812174,2,2.0954,0.0812174,-1.64332,23693.4
2.01,0.0812174,2,2.0954,0.0812174,-1.64032,23519.3
2.01,0.0812174,2,2.0954,0.0812174,-1.63732,25260.2
2.01,0.0812174,2,2.0954,0.0812174,-1.63432,26061.9
2.01,0.0812174,2,2.0954,0.0812174,-1.63132,26220.7
2.01,0.0812174,2,2.0954,0.0812174,-1.62831,24315
2.01,0.0812174,2,2.0954,0.0812174,-1.62531,25327.6
2.01,0.0812174,2,2.0954,0.0812174,-1.62231,24432.2
2.01,0.0812174,2,2.0954,0.0812174,-1.61931,23768
2.01,0.0812174,2,2.0954,0.0812174,-1.61631,23989
2.01,0.0812174,2,2.0954,0.0812174,-1.61331,24933.8
2.01,0.0812174,2,2.0954,0.0812174,-1.61031,24415.4
2.01,0.0812174,2,2.0954,0.0812174,-1.6073,24120.7
2.01,0.0812174,2,2.0954,0.0812174,-1.6043,26272
2.01,0.0812174,2,2.0954,0.0812174,-1.6013,27542.8
2.01,0.0812174,2,2.0954,0.0812174,-1.5983,26541
2.01,0.0812174,2,2.0954,0.0812174,-1.5953,24342.3
2.01,0.0812174,2,2.0954,0.0812174,-1.5923,24548.8
2.01,0.0812174,2,2.0954,0.0812174,-1.58929,24583.7
2.01,0.0812174,2,2.0954,0.0812174,-1.58629,26631.3
2.01,0.0812174,2,2.0954,0.0812174,-1.58329,25269.5
2.01,0.0812174,2,2.0954,0.0812174,-1.58029,24349.7
2.01,0.0812174,2,2.0954,0.0812174,-1.57729,24982.3
2.01,0.0812174,2,2.0954,0.0812174,-1.57429,24843.7
2.01,0.0812174,2,2.0954,0.0812174,-1.57129,26011
2.01,0.0812174,2,2.0954,0.0812174,-1.56828,28165.4
2.01,0.0812174,2,2.0954,0.0812174,-1.56528,25927.9
2.01,0.0812174,2,2.0954,0.0812174,-1.56228,25005.3
2.01,0.0812174,2,2.0954,0.0812174,-1.55928,23775.4
2.01,0.0812174,2,2.0954,0.0812174,-1.55628,26082.7
2.01,0.0812174,2,2.0954,0.0812174,-1.55328,24491.2
2.01,0.0812174,2,2.0954,0.0812174,-1.55028,27294.1
2.01,0.0812174,2,2.0954,0.0812174,-1.54727,27589.5
2.01,0.0812174,2,2.0954,0.0812174,-1.54427,24835.2
2.01,0.0812174,2,2.0954,0.0812174,-1.54127,26499.8
2.01,0.0812174,2,2.0954,0.0812174,-1.53827,23916.3
2.01,0.0812174,2,2.0954,0.0812174,-1.53527,23821.2
2.01,0.0812174,2,2.0954,0.0812174,-1.53227,25297.1
2.01,0.0812174,2,2.0954,0.0812174,-1.52926,27267.1
2.01,0.0812174,2,2.0954,0.0812174,-1.52626,25626.2
2.01,0.0812174,2,2.0954,0.0812174,-1.52326,26653.5
2.01,0.0812174,2,2.0954,0.0812174,-1.52026,24674.5
2.01,0.0812174,2,2.0954,0.0812174,-1.51726,24331.3
2.01,0.0812174,2,2.0954,0.0812174,-1.51426,25726.2
2.01,0.0812174,2,2.0954,0.0812174,-1.51126,25192.2
2.01,0.0812174,2,2.0954,0.0812174,-1.50825,24355.6
2.01,0.0812174,2,2.0954,0.0812174,-1.50525,24097.8
2.01,0.0812174,2,2.0954,0.0812174,-1.50225,27034.7
2.01,0.0812174,2,2.0954,0.0812174,-1.49925,26121.1
2.01,0.0812174,2,2.0954,0.0812174,-1.49625,26198.7
2.01,0.0812174,2,2.0954,0.0812174,-1.49325,24178.3
2.01,0.0812174,2,2.0954,0.0812174,-1.49025,26286.5
2.01,0.0812174,2,2.0954,0.0812174,-1.48724,25664.8
2.01,0.0812174,2,2.0954,0.0812174,-1.48424,25374
2.01,0.0812174,2,2.0954,0.0812174,-1.48124,27755.2
2.01,0.0812174,2,2.0954,0.0812174,-1.47824,26468.6
2.01,0.0812174,2,2.0954,0.0812174,-1.47524,24193.4
2.01,0.0812174,2,2.0954,0.0812174,-1.47224,28975
2.01,0.0812174,2,2.0954,0.0812174,-1.46923,24331.5
2.01,0.0812174,2,2.0954,0.0812174,-1.46623,27782.7
2.01,0.0812174,2,2.0954,0.0812174,-1.46323,25640.4
2.01,0.0812174,2,2.0954,0.0812174,-1.46023,27417.9
2.01,0.0812174,2,2.0954,0.0812174,-1.45723,27429.9
2.01,0.0812174,2,2.0954,0.0812174,-1.45423,24825.2
2.01,0.0812174,2,2.0954,0.0812174,-1.45123,24706.3
2.01,0.0812174,2,2.0954,0.0812174,-1.44822,26724.8
2.01,0.0812174,2,2.0954,0.0812174,-1.44522,24220.6
2.01,0.0812174,2,2.0954,0.0812174,-1.44222,28127.9
2.01,0.0812174,2,2.0954,0.0812174,-1.43922,24256
2.01,0.0812174,2,2.0954,0.0812174,-1.43622,26215.2
2.01,0.0812174,2,2.0954,0.0812174,-1.43322,23985
2.01,0.0812174,2,2.0954,0.0812174,-1.43022,26171.6
2.01,0.0812174,2,2.0954,0.0812174,-1.42721,25370.4
2.01,0.0812174,2,2.0954,0.0812174,-1.42421,27995
2.01,0.0812174,2,2.0954,0.0812174,-1.42121,26131.2
2.01,0.0812174,2,2.0954,0.0812174,-1.41821,27306.3
2.01,0.0812174,2,2.0954,0.0812174,-1.41521,24184.6
2.01,0.0812174,2,2.0954,0.0812174,-1.41221,24880.9
2.01,0.0812174,2,2.0954,0.0812174,-1.4092,24061.3
2.01,0.0812174,2,2.0954,0.0812174,-1.4062,25614.4
2.01,0.0812174,2,2.0954,0.0812174,-1.4032,24447.2
2.01,0.0812174,2,2.0954,0.0812174,-1.4002,25963.1
2.01,0.0812174,2,2.0954,0.0812174,-1.3972,25978.5
2.01,0.0812174,2,2.0954,0.0812174,-1.3942,27104
2.01,0.0812174,2,2.0954,0.0812174,-1.3912,25007.8
2.01,0.0812174,2,2.0954,0.0812174,-1.38819,24306.6
2.01,0.0812174,2,2.0954,0.0812174,-1.38519,24938.3
2.01,0.0812174,2,2.0954,0.0812174,-1.38219,25949.7
2.01,0.0812174,2,2.0954,0.0812174,-1.37919,24080.7
2.01,0.0812174,2,2.0954,0.0812174,-1.37619,27058
2.01,0.0812174,2,2.0954,0.0812174,-1.37319,25310.7
2.01,0.0812174,2,2.0954,0.0812174,-1.37019,25283.9
2.01,0.0812174,2,2.0954,0.0812174,-1.36718,25889.1
2.01,0.0812174,2,2.0954,0.0812174,-1.36418,27335.9
2.01,0.0812174,2,2.0954,0.0812174,-1.36118,27347.6
2.01,0.0812174,2,2.0954,0.0812174,-1.35818,25252.7
2.01,0.0812174,2,2.0954,0.0812174,-1.35518,25017.6
2.01,0.0812174,2,2.0954,0.0812174,-1.35218,25152.4
2.01,0.0812174,2,2.0954,0.0812174,-1.34917,25841.1
2.01,0.0812174,2,2.0954,0.0812174,-1.34617,26130.8
2.01,0.0812174,2,2.0954,0.0812174,-1.34317,24014.6
2.01,0.0812174,2,2.0954,0.0812174,-1.34017,26674.2
2.01,0.0812174,2,2.0954,0.0812174,-1.33717,25175.8
2.01,0.0812174,2,2.0954,0.0812174,-1.33417,27825.4
2.01,0.0812174,2,2.0954,0.0812174,-1.33117,27139
2.01,0.0812174,2,2.0954,0.0812174,-1.32816,24876.9
2.01,0.0812174,2,2.0954,0.0812174,-1.32516,24460.1
2.01,0.0812174,2,2.0954,0.0812174,-1.32216,29080.1
2.01,0.0812174,2,2.0954,0.0812174,-1.31916,26617.1
2.01,0.0812174,2,2.0954,0.0812174,-1.31616,25730.7
2.01,0.0812174,2,2.0954,0.0812174,-1.31316,25466
2.01,0.0812174,2,2.0954,0.0812174,-1.31016,24309
2.01,0.0812174,2,2.0954,0.0812174,-1.30715,24087.8
2.01,0.0812174,2,2.0954,0.0812174,-1.30415,26932.5
2.01,0.0812174,2,2.0954,0.0812174,-1.30115,23978.2
2.01,0.0812174,2,2.0954,0.0812174,-1.29815,24927.6
2.01,0.0812174,2,2.0954,0.0812174,-1.29515,24365.4
2.01,0.0812174,2,2.0954,0.0812174,-1.29215,24369.1
2.01,0.0812174,2,2.0954,0.0812174,-1.28914,25660.2
2.01,0.0812174,2,2.0954,0.0812174,-1.28614,24095.7
2.01,0.0812174,2,2.0954,0.0812174,-1.28314,25493.8
2.01,0.0812174,2,2.0954,0.0812174,-1.28014,25795.3
2.01,0.0812174,2,2.0954,0.0812174,-1.27714,24723.8
2.01,0.0812174,2,2.0954,0.0812174,-1.27414,27220.8
2.01,0.0812174,2,2.0954,0.0812174,-1.27114,25100.9
2.01,0.0812174,2,2.0954,0.0812174,-1.26813,25761.3
2.01,0.0812174,2,2.0954,0.0812174,-1.26513,26291.9
2.01,0.0812174,2,2.0954,0.0812174,-1.26213,26358.7
2.01,0.0812174,2,2.0954,0.0812174,-1.25913,25068.4
2.01,0.0812174,2,2.0954,0.0812174,-1.25613,26239.4
2.01,0.0812174,2,2.0954,0.0812174,-1.25313,26384.5
2.01,0.0812174,2,2.0954,0.0812174,-1.25013,26230.8
2.01,0.0812174,2,2.0954,0.0812174,-1.24712,28224
2.01,0.0812174,2,2.0954,0.0812174,-1.24412,27018.7
2.01,0.0812174,2,2.0954,0.0812174,-1.24112,27634.9
2.01,0.0812174,2,2.0954,0.0812174,-1.23812,24696.6
2.01,0.0812174,2,2.0954,0.0812174,-1.23512,26491.8
2.01,0.0812174,2,2.0954,0.0812174,-1.23212,25761.2
2.01,0.0812174,2,2.0954,0.0812174,-1.22911,26037
2.01,0.0812174,2,2.0954,0.0812174,-1.22611,25828.5
2.01,0.0812174,2,2.0954,0.0812174,-1.22311,25966.5
2.01,0.0812174,2,2.0954,0.0812174,-1.22011,25921.4
2.01,0.0812174,2,2.0954,0.0812174,-1.21711,25970.8
2.01,0.0812174,2,2.0954,0.0812174,-1.21411,26938
2.01,0.0812174,2,2.0954,0.0812174,-1.21111,25406.7
2.01,0.0812174,2,2.0954,0.0812174,-1.2081,25968.9
2.01,0.0812174,2,2.0954,0.0812174,-1.2051,25401.3
2.01,0.0812174,2,2.0954,0.0812174,-1.2021,25964.9
2.01,0.0812174,2,2.0954,0.0812174,-1.1991,27541.1
2.01,0.0812174,2,2.0954,0.0812174,-1.1961,24375.6
2.01,0.0812174,2,2.0954,0.0812174,-1.1931,26648.5
2.01,0.0812174,2,2.0954,0.0812174,-1.1901,24216.3
2.01,0.0812174,2,2.0954,0.0812174,-1.18709,25041.7
2.01,0.0812174,2,2.0954,0.0812174,-1.18409,26189.5
2.01,0.0812174,2,2.0954,0.0812174,-1.18109,25284.1
2.01,0.0812174,2,2.0954,0.0812174,-1.17809,25308.5
2.01,0.0812174,2,2.0954,0.0812174,-1.17509,26005
2.01,0.0812174,2,2.0954,0.0812174,-1.17209,24197.8
2.01,0.0812174,2,2.0954,0.0812174,-1.16908,25132.6
2.01,0.0812174,2,2.0954,0.0812174,-1.16608,24270
2.01,0.0812174,2,2.0954,0.0812174,-1.16308,26710.8
2.01,0.0812174,2,2.0954,0.0812174,-1.16008,23739.4
2.01,0.0812174,2,2.0954,0.0812174,-1.15708,25901.3
2.01,0.0812174,2,2.0954,0.0812174,-1.15408,26294.4
2.01,0.0812174,2,2.0954,0.0812174,-1.15108,24290.2
2.01,0.0812174,2,2.0954,0.0812174,-1.14807,26174.5
2.01,0.0812174,2,2.0954,0.0812174,-1.14507,26228.6
2.01,0.0812174,2,2.0954,0.0812174,-1.14207,27180.1
2.01,0.0812174,2,2.0954,0.0812174,-1.13907,25646
2.01,0.0812174,2,2.0954,0.0812174,-1.13607,23688.9
2.01,0.0812174,2,2.0954,0.0812174,-1.13307,24679.1
2.01,0.0812174,2,2.0954,0.0812174,-1.13007,26111.8
2.01,0.0812174,2,2.0954,0.0812174,-1.12706,28764.2
2.01,0.0812174,2,2.0954,0.0812174,-1.12406,24954.9
2.01,0.0812174,2,2.0954,0.0812174,-1.12106,25252.5
2.01,0.0812174,2,2.0954,0.0812174,-1.11806,28325.5
2.01,0.0812174,2,2.0954,0.0812174,-1.11506,28120.8
2.01,0.0812174,2,2.0954,0.0812174,-1.11206,26338
2.01,0.0812174,2,2.0954,0.0812174,-1.10905,24074.3
2.01,0.0812174,2,2.0954,0.0812174,-1.10605,25545.5
2.01,0.0812174,2,2.0954,0.0812174,-1.10305,24602.1
2.01,0.0812174,2,2.0954,0.0812174,-1.10005,23610.3
2.01,0.0812174,2,2.0954,0.0812174,-1.09705,24677.6
2.01,0.0812174,2,2.0954,0.0812174,-1.09405,23912.3
2.01,0.0812174,2,2.0954,0.0812174,-1.09105,24250.5
2.01,0.0812174,2,2.0954,0.0812174,-1.08804,23694.2
2.01,0.0812174,2,2.0954,0.0812174,-1.08504,24518.9
2.01,0.0812174,2,2.0954,0.0812174,-1.08204,23419.5
2.01,0.0812174,2,2.0954,0.0812174,-1.07904,23812.6
2.01,0.0812174,2,2.0954,0.0812174,-1.07604,26303.8
2.01,0.0812174,2,2.0954,0.0812174,-1.07304,27246.5
2.01,0.0812174,2,2.0954,0.0812174,-1.07004,24906.6
2.01,0.0812174,2,2.0954,0.0812174,-1.06703,23753.3
2.01,0.0812174,2,2.0954,0.0812174,-1.06403,23690.3
2.01,0.0812174,2,2.0954,0.0812174,-1.06103,23563.5
2.01,0.0812174,2,2.0954,0.0812174,-1.05803,26322.7
2.01,0.0812174,2,2.0954,0.0812174,-1.05503,26452.8
2.01,0.0812174,2,2.0954,0.0812174,-1.05203,28254
2.01,0.0812174,2,2.0954,0.0812174,-1.04902,24687.7
2.01,0.0812174,2,2.0954,0.0812174,-1.04602,28276.3
2.01,0.0812174,2,2.0954,0.0812174,-1.04302,27775.2
2.01,0.0812174,2,2.0954,0.0812174,-1.04002,23881.4
2.01,0.0812174,2,2.0954,0.0812174,-1.03702,25229.2
2.01,0.0812174,2,2.0954,0.0812174,-1.03402,25037
2.01,0.0812174,2,2.0954,0.0812174,-1.03102,26052.1
2.01,0.0812174,2,2.0954,0.0812174,-1.02801,25748
2.01,0.0812174,2,2.0954,0.0812174,-1.02501,26610
2.01,0.0812174,2,2.0954,0.0812174,-1.02201,27185.7
2.01,0.0812174,2,2.0954,0.0812174,-1.01901,23503.7
2.01,0.0812174,2,2.0954,0.0812174,-1.01601,24667.1
2.01,0.0812174,2,2.0954,0.0812174,-1.01301,27581.2
2.01,0.0812174,2,2.0954,0.0812174,-1.01001,23322.7
2.01,0.0812174,2,2.0954,0.0812174,-1.007,27011
2.01,0.0812174,2,2.0954,0.0812174,-1.004,25879.9
2.01,0.0812174,2,2.0954,0.0812174,-1.001,23830.8
2.01,0.0812174,2,2.0954,0.0812174,-0.997999,23652.3
2.01,0.0812174,2,2.0954,0.0812174,-0.994997,23333.2
2.01,0.0812174,2,2.0954,0.0812174,-0.991996,23525.5
2.01,0.0812174,2,2.0954,0.0812174,-0.988994,25831.9
2.01,0.0812174,2,2.0954,0.0812174,-0.985993,22987.4
2.01,0.0812174,2,2.0954,0.0812174,-0.982991,25176.2
2.01,0.0812174,2,2.0954,0.0812174,-0.97999,24227
2.01,0.0812174,2,2.0954,0.0812174,-0.976988,24988.8
2.01,0.0812174,2,2.0954,0.0812174,-0.973987,26713.7
2.01,0.0812174,2,2.0954,0.0812174,-0.970985,24578.3
2.01,0.0812174,2,2.0954,0.0812174,-0.967984,23041.6
2.01,0.0812174,2,2.0954,0.0812174,-0.964982,24886.8
2.01,0.0812174,2,2.0954,0.0812174,-0.961981,23229
2.01,0.0812174,2,2.0954,0.0812174,-0.958979,23446.1
2.01,0.0812174,2,2.0954,0.0812174,-0.955978,24946.2
2.01,0.0812174,2,2.0954,0.0812174,-0.952976,23931.5
2.01,0.0812174,2,2.0954,0.0812174,-0.949975,23944.9
2.01,0.0812174,2,2.0954,0.0812174,-0.946973,24356.6
2.01,0.0812174,2,2.0954,0.0812174,-0.943972,23779.1
2.01,0.0812174,2,2.0954,0.0812174,-0.94097,22940.8
2.01,0.0812174,2,2.0954,0.0812174,-0.937969,25518.8
2.01,0.0812174,2,2.0954,0.0812174,-0.934967,24302
2.01,0.0812174,2,2.0954,0.0812174,-0.931966,23216.8
2.01,0.0812174,2,2.0954,0.0812174,-0.928964,24574.2
2.01,0.0812174,2,2.0954,0.0812174,-0.925963,24068.6
2.01,0.0812174,2,2.0954,0.0812174,-0.922961,23390.5
2.01,0.0812174,2,2.0954,0.0812174,-0.91996,26812
2.01,0.0812174,2,2.0954,0.0812174,-0.916958,22734.2
2.01,0.0812174,2,2.0954,0.0812174,-0.913957,24272
2.01,0.0812174,2,2.0954,0.0812174,-0.910955,22482.2
2.01,0.0812174,2,2.0954,0.0812174,-0.907954,24890.7
2.01,0.0812174,2,2.0954,0.0812174,-0.904952,24850
2.01,0.0812174,2,2.0954,0.0812174,-0.901951,22364.6
2.01,0.0812174,2,2.0954,0.0812174,-0.898949,23989.4
2.01,0.0812174,2,2.0954,0.0812174,-0.895948,22329.7
2.01,0.0812174,2,2.0954,0.0812174,-0.892946,22831.4
2.01,0.0812174,2,2.0954,0.0812174,-0.889945,23670.5
2.01,0.0812174,2,2.0954,0.0812174,-0.886943,22137.3
2.01,0.0812174,2,2.0954,0.0812174,-0.883942,23058.6
2.01,0.0812174,2,2.0954,0.0812174,-0.88094,22883
2.01,0.0812174,2,2.0954,0.0812174,-0.877939,22233.6
2.01,0.0812174,2,2.0954,0.0812174,-0.874937,23458.6
2.01,0.0812174,2,2.0954,0.0812174,-0.871936,23745.3
2.01,0.0812174,2,2.0954,0.0812174,-0.868934,23875.6
2.01,0.0812174,2,2.0954,0.0812174,-0.865933,22407.1
2.01,0.0812174,2,2.0954,0.0812174,-0.862931,23100.5
2.01,0.0812174,2,2.0954,0.0812174,-0.85993,22461.8
2.01,0.0812174,2,2.0954,0.0812174,-0.856928,23341.1
2.01,0.0812174,2,2.0954,0.0812174,-0.853927,25116.3
2.01,0.0812174,2,2.0954,0.0812174,-0.850925,22310.6
2.01,0.0812174,2,2.0954,0.0812174,-0.847924,22228.3
2.01,0.0812174,2,2.0954,0.0812174,-0.844922,24516.3
2.01,0.0812174,2,2.0954,0.0812174,-0.841921,22533.8
2.01,0.0812174,2,2.0954,0.0812174,-0.838919,23327.9
2.01,0.0812174,2,2.0954,0.0812174,-0.835918,22539
2.01,0.0812174,2,2.0954,0.0812174,-0.832916,22677.7
2.01,0.0812174,2,2.0954,0.0812174,-0.829915,25565
2.01,0.0812174,2,2.0954,0.0812174,-0.826913,23062.3
2.01,0.0812174,2,2.0954,0.0812174,-0.823912,21355.3
2.01,0.0812174,2,2.0954,0.0812174,-0.82091,23381.4
2.01,0.0812174,2,2.0954,0.0812174,-0.817909,21796.7
2.01,0.0812174,2,2.0954,0.0812174,-0.814907,24756
2.01,0.0812174,2,2.0954,0.0812174,-0.811906,21100.2
2.01,0.0812174,2,2.0954,0.0812174,-0.808904,21358.1
2.01,0.0812174,2,2.0954,0.0812174,-0.805903,21775.6
2.01,0.0812174,2,2.0954,0.0812174,-0.802901,20882.6
2.01,0.0812174,2,2.0954,0.0812174,-0.7999,22375.5
2.01,0.0812174,2,2.0954,0.0812174,-0.796898,21452
2.01,0.0812174,2,2.0954,0.0812174,-0.793897,23279.5
2.01,0.0812174,2,2.0954,0.0812174,-0.790895,22805.4
2.01,0.0812174,2,2.0954,0.0812174,-0.787894,21057.3
2.01,0.0812174,2,2.0954,0.0812174,-0.784892,23147.3
2.01,0.0812174,2,2.0954,0.0812174,-0.781891,21645.7
2.01,0.0812174,2,2.0954,0.0812174,-0.778889,22473.9
2.01,0.0812174,2,2.0954,0.0812174,-0.775888,21556.9
2.01,0.0812174,2,2.0954,0.0812174,-0.772886,21508.3
2.01,0.0812174,2,2.0954,0.0812174,-0.769885,19963.8
2.01,0.0812174,2,2.0954,0.0812174,-0.766883,20553.4
2.01,0.0812174,2,2.0954,0.0812174,-0.763882,24498.5
2.01,0.0812174,2,2.0954,0.0812174,-0.76088,22555.3
2.01,0.0812174,2,2.0954,0.0812174,-0.757879,19595.2
2.01,0.0812174,2,2.0954,0.0812174,-0.754877,22370.9
2.01,0.0812174,2,2.0954,0.0812174,-0.751876,20996.4
2.01,0.0812174,2,2.0954,0.0812174,-0.748874,19925.3
2.01,0.0812174,2,2.0954,0.0812174,-0.745873,19566.5
2.01,0.0812174,2,2.0954,0.0812174,-0.742871,18622.2
2.01,0.0812174,2,2.0954,0.0812174,-0.73987,20001.8
2.01,0.0812174,2,2.0954,0.0812174,-0.736868,18605.4
2.01,0.0812174,2,2.0954,0.0812174,-0.733867,19737
2.01,0.0812174,2,2.0954,0.0812174,-0.730865,-15234.2
2.01,0.0812174,2,2.0954,0.0812174,-0.727864,-18255
2.01,0.0812174,2,2.0954,0.0812174,-0.724862,-18115.9
2.01,0.0812174,2,2.0954,0.0812174,-0.721861,-18118.1
2.01,0.0812174,2,2.0954,0.0812174,-0.718859,-21061.7
2.01,0.0812174,2,2.0954,0.0812174,-0.715858,-20384.1
2.01,0.0812174,2,2.0954,0.0812174,-0.712856,-19373.3
2.01,0.0812174,2,2.0954,0.0812174,-0.709855,-21839.7
2.01,0.0812174,2,2.0954,0.0812174,-0.706853,-22226.5
2.01,0.0812174,2,2.0954,0.0812174,-0.703852,-22418
2.01,0.0812174,2,2.0954,0.0812174,-0.70085,-23771.6
2.01,0.0812174,2,2.0954,0.0812174,-0.697849,-23329.9
2.01,0.0812174,2,2.0954,0.0812174,-0.694847,-21202.3
2.01,0.0812174,2,2.0954,0.0812174,-0.691846,-22019.4
2.01,0.0812174,2,2.0954,0.0812174,-0.688844,-23249.8
2.01,0.0812174,2,2.0954,0.0812174,-0.685843,-23840.6
2.01,0.0812174,2,2.0954,0.0812174,-0.682841,-22406.7
2.01,0.0812174,2,2.0954,0.0812174,-0.67984,-22017.2
2.01,0.0812174,2,2.0954,0.0812174,-0.676838,-22123.4
2.01,0.0812174,2,2.0954,0.0812174,-0.673837,-23272.8
2.01,0.0812174,2,2.0954,0.0812174,-0.670835,-21523.5
2.01,0.0812174,2,2.0954,0.0812174,-0.667834,-24152.5
2.01,0.0812174,2,2.0954,0.0812174,-0.664832,-23334.6
2.01,0.0812174,2,2.0954,0.0812174,-0.661831,-23190.4
2.01,0.0812174,2,2.0954,0.0812174,-0.658829,-22081.8
2.01,0.0812174,2,2.0954,0.0812174,-0.655828,-23766.8
2.01,0.0812174,2,2.0954,0.0812174,-0.652826,-21898.6
2.01,0.0812174,2,2.0954,0.0812174,-0.649825,-21414.2
2.01,0.0812174,2,2.0954,0.0812174,-0.646823,-23046.7
2.01,0.0812174,2,2.0954,0.0812174,-0.643822,-23373.3
2.01,0.0812174,2,2.0954,0.0812174,-0.64082,-21660.5
2.01,0.0812174,2,2.0954,0.0812174,-0.637819,-22155.6
2.01,0.0812174,2,2.0954,0.0812174,-0.634817,-24927.4
2.01,0.0812174,2,2.0954,0.0812174,-0.631816,-23329
2.01,0.0812174,2,2.0954,0.0812174,-0.628814,-25010.2
2.01,0.0812174,2,2.0954,0.0812174,-0.625813,-24400.2
2.01,0.0812174,2,2.0954,0.0812174,-0.622811,-23766.2
2.01,0.0812174,2,2.0954,0.0812174,-0.61981,-22504.1
2.01,0.0812174,2,2.0954,0.0812174,-0.616808,-24010.2
2.01,0.0812174,2,2.0954,0.0812174,-0.613807,-23283.4
2.01,0.0812174,2,2.0954,0.0812174,-0.610805,-26586
2.01,0.0812174,2,2.0954,0.0812174,-0.607804,-22391.7
2.01,0.0812174,2,2.0954,0.0812174,-0.604802,-25805.1
2.01,0.0812174,2,2.0954,0.0812174,-0.601801,-22056.8
2.01,0.0812174,2,2.0954,0.0812174,-0.598799,-22468.8
2.01,0.0812174,2,2.0954,0.0812174,-0.595798,-24497.9
2.01,0.0812174,2,2.0954,0.0812174,-0.592796,-25368.7
2.01,0.0812174,2,2.0954,0.0812174,-0.589795,-25646.1
2.01,0.0812174,2,2.0954,0.0812174,-0.586793,-22624.6
2.01,0.0812174,2,2.0954,0.0812174,-0.583792,-23638.3
2.01,0.0812174,2,2.0954,0.0812174,-0.58079,-24921.8
2.01,0.0812174,2,2.0954,0.0812174,-0.577789,-23100.6
2.01,0.0812174,2,2.0954,0.0812174,-0.574787,-28127.2
2.01,0.0812174,2,2.0954,0.0812174,-0.571786,-24986.3
2.01,0.0812174,2,2.0954,0.0812174,-0.568784,-26020.2
2.01,0.0812174,2,2.0954,0.0812174,-0.565783,-26060.2
2.01,0.0812174,2,2.0954,0.0812174,-0.562781,-24857.5
2.01,0.0812174,2,2.0954,0.0812174,-0.55978,-23661.6
2.01,0.0812174,2,2.0954,0.0812174,-0.556778,-24741.6
2.01,0.0812174,2,2.0954,0.0812174,-0.553777,-22736.1
2.01,0.0812174,2,2.0954,0.0812174,-0.550775,-24752.2
2.01,0.0812174,2,2.0954,0.0812174,-0.547774,-23701.6
2.01,0.0812174,2,2.0954,0.0812174,-0.544772,-23911.9
2.01,0.0812174,2,2.0954,0.0812174,-0.541771,-27365.7
2.01,0.0812174,2,2.0954,0.0812174,-0.538769,-25346.1
2.01,0.0812174,2,2.0954,0.0812174,-0.535768,-26975.9
2.01,0.0812174,2,2.0954,0.0812174,-0.532766,-26690
2.01,0.0812174,2,2.0954,0.0812174,-0.529765,-25226.1
2.01,0.0812174,2,2.0954,0.0812174,-0.526763,-23033
2.01,0.0812174,2,2.0954,0.0812174,-0.523762,-24464
2.01,0.0812174,2,2.0954,0.0812174,-0.52076,-26322.7
2.01,0.0812174,2,2.0954,0.0812174,-0.517759,-23769.7
2.01,0.0812174,2,2.0954,0.0812174,-0.514757,-27304.5
2.01,0.0812174,2,2.0954,0.0812174,-0.511756,-23572.9
2.01,0.0812174,2,2.0954,0.0812174,-0.508754,-24490.5
2.01,0.0812174,2,2.0954,0.0812174,-0.505753,-23134.4
2.01,0.0812174,2,2.0954,0.0812174,-0.502751,-25938.6
2.01,0.0812174,2,2.0954,0.0812174,-0.49975,-24637.1
2.01,0.0812174,2,2.0954,0.0812174,-0.496748,-25016.7
2.01,0.0812174,2,2.0954,0.0812174,-0.493747,-26699.6
2.01,0.0812174,2,2.0954,0.0812174,-0.490745,-26608.3
2.01,0.0812174,2,2.0954,0.0812174,-0.487744,-24868.7
2.01,0.0812174,2,2.0954,0.0812174,-0.484742,-25398
2.01,0.0812174,2,2.0954,0.0812174,-0.481741,-23522.2
2.01,0.0812174,2,2.0954,0.0812174,-0.478739,-27134.9
2.01,0.0812174,2,2.0954,0.0812174,-0.475738,-27264.8
2.01,0.0812174,2,2.0954,0.0812174,-0.472736,-25038.7
2.01,0.0812174,2,2.0954,0.0812174,-0.469735,-25410.6
2.01,0.0812174,2,2.0954,0.0812174,-0.466733,-24377.4
2.01,0.0812174,2,2.0954,0.0812174,-0.463732,-24760.8
2.01,0.0812174,2,2.0954,0.0812174,-0.46073,-24830.5
2.01,0.0812174,2,2.0954,0.0812174,-0.457729,-28424.1
2.01,0.0812174,2,2.0954,0.0812174,-0.454727,-24417.2
2.01,0.0812174,2,2.0954,0.0812174,-0.451726,-26482.4
2.01,0.0812174,2,2.0954,0.0812174,-0.448724,-26792
2.01,0.0812174,2,2.0954,0.0812174,-0.445723,-23843.7
2.01,0.0812174,2,2.0954,0.0812174,-0.442721,-25897.9
2.01,0.0812174,2,2.0954,0.0812174,-0.43972,-27142.4
2.01,0.0812174,2,2.0954,0.0812174,-0.436718,-24767.3
2.01,0.0812174,2,2.0954,0.0812174,-0.433717,-25639.7
2.01,0.0812174,2,2.0954,0.0812174,-0.430715,-28430.9
2.01,0.0812174,2,2.0954,0.0812174,-0.427714,-26024.4
2.01,0.0812174,2,2.0954,0.0812174,-0.424712,-24898.9
2.01,0.0812174,2,2.0954,0.0812174,-0.421711,-23808.6
2.01,0.0812174,2,2.0954,0.0812174,-0.418709,-25691.8
2.01,0.0812174,2,2.0954,0.0812174,-0.415708,-24028.3
2.01,0.0812174,2,2.0954,0.0812174,-0.412706,-27397.9
2.01,0.0812174,2,2.0954,0.0812174,-0.409705,-26361.5
2.01,0.0812174,2,2.0954,0.0812174,-0.406703,-25294.8
2.01,0.0812174,2,2.0954,0.0812174,-0.403702,-26281.2
2.01,0.0812174,2,2.0954,0.0812174,-0.4007,-27706.3
2.01,0.0812174,2,2.0954,0.0812174,-0.397699,-25259.3
2.01,0.0812174,2,2.0954,0.0812174,-0.394697,-25957.1
2.01,0.0812174,2,2.0954,0.0812174,-0.391696,-24900.4
2.01,0.0812174,2,2.0954,0.0812174,-0.388694,-26351.7
2.01,0.0812174,2,2.0954,0.0812174,-0.385693,-24270.8
2.01,0.0812174,2,2.0954,0.0812174,-0.382691,-25804.7
2.01,0.0812174,2,2.0954,0.0812174,-0.37969,-27168.5
2.01,0.0812174,2,2.0954,0.0812174,-0.376688,-27166.5
2.01,0.0812174,2,2.0954,0.0812174,-0.373687,-24899.6
2.01,0.0812174,2,2.0954,0.0812174,-0.370685,-26515.5
2.01,0.0812174,2,2.0954,0.0812174,-0.367684,-25425.7
2.01,0.0812174,2,2.0954,0.0812174,-0.364682,-26011
2.01,0.0812174,2,2.0954,0.0812174,-0.361681,-25497.3
2.01,0.0812174,2,2.0954,0.0812174,-0.358679,-26834.7
2.01,0.0812174,2,2.0954,0.0812174,-0.355678,-26150
2.01,0.0812174,2,2.0954,0.0812174,-0.352676,-26150.5
2.01,0.0812174,2,2.0954,0.0812174,-0.349675,-29125.6
2.01,0.0812174,2,2.0954,0.0812174,-0.346673,-24626
2.01,0.0812174,2,2.0954,0.0812174,-0.343672,-26042.9
2.01,0.0812174,2,2.0954,0.0812174,-0.34067,-25674.7
2.01,0.0812174,2,2.0954,0.0812174,-0.337669,-25644.1
2.01,0.0812174,2,2.0954,0.0812174,-0.334667,-25013.6
2.01,0.0812174,2,2.0954,0.0812174,-0.331666,-24583.7
2.01,0.0812174,2,2.0954,0.0812174,-0.328664,-25792.7
2.01,0.0812174,2,2.0954,0.0812174,-0.325663,-24979.2
2.01,0.0812174,2,2.0954,0.0812174,-0.322661,-25829.6
2.01,0.0812174,2,2.0954,0.0812174,-0.31966,-27478.5
2.01,0.0812174,2,2.0954,0.0812174,-0.316658,-26580.5
2.01,0.0812174,2,2.0954,0.0812174,-0.313657,-24398
2.01,0.0812174,2,2.0954,0.0812174,-0.310655,-28299.7
2.01,0.0812174,2,2.0954,0.0812174,-0.307654,-25297
2.01,0.0812174,2,2.0954,0.0812174,-0.304652,-25757
2.01,0.0812174,2,2.0954,0.0812174,-0.301651,-24468.2
2.01,0.0812174,2,2.0954,0.0812174,-0.298649,-26291.3
2.01,0.0812174,2,2.0954,0.0812174,-0.295648,-25969.1
2.01,0.0812174,2,2.0954,0.0812174,-0.292646,-25065.5
2.01,0.0812174,2,2.0954,0.0812174,-0.289645,-25296.1
2.01,0.0812174,2,2.0954,0.0812174,-0.286643,-25801.5
2.01,0.0812174,2,2.0954,0.0812174,-0.283642,-26369.7
2.01,0.0812174,2,2.0954,0.0812174,-0.28064,-25954.9
2.01,0.0812174,2,2.0954,0.0812174,-0.277639,-26260.8
2.01,0.0812174,2,2.0954,0.0812174,-0.274637,-26233.4
2.01,0.0812174,2,2.0954,0.0812174,-0.271636,-26680.2
2.01,0.0812174,2,2.0954,0.0812174,-0.268634,-24981.5
2.01,0.0812174,2,2.0954,0.0812174,-0.265633,-28333.3
2.01,0.0812174,2,2.0954,0.0812174,-0.262631,-27313.5
2.01,0.0812174,2,2.0954,0.0812174,-0.25963,-29392.1
2.01,0.0812174,2,2.0954,0.0812174,-0.256628,-25745.3
2.01,0.0812174,2,2.0954,0.0812174,-0.253627,-27543.2
2.01,0.0812174,2,2.0954,0.0812174,-0.250625,-26245.5
2.01,0.0812174,2,2.0954,0.0812174,-0.247624,-24991.4
2.01,0.0812174,2,2.0954,0.0812174,-0.244622,-27318.1
2.01,0.0812174,2,2.0954,0.0812174,-0.241621,-25541.5
2.01,0.0812174,2,2.0954,0.0812174,-0.238619,-25825.1
2.01,0.0812174,2,2.0954,0.0812174,-0.235618,-26790.5
2.01,0.0812174,2,2.0954,0.0812174,-0.232616,-26135.4
2.01,0.0812174,2,2.0954,0.0812174,-0.229615,-26884
2.01,0.0812174,2,2.0954,0.0812174,-0.226613,-27835.9
2.01,0.0812174,2,2.0954,0.0812174,-0.223612,-28302.2
2.01,0.0812174,2,2.0954,0.0812174,-0.22061,-25680.5
2.01,0.0812174,2,2.0954,0.0812174,-0.217609,-25133.3
2.01,0.0812174,2,2.0954,0.0812174,-0.214607,-24852.5
2.01,0.0812174,2,2.0954,0.0812174,-0.211606,-24940.8
2.01,0.0812174,2,2.0954,0.0812174,-0.208604,-27180.4
2.01,0.0812174,2,2.0954,0.0812174,-0.205603,-28065.3
2.01,0.0812174,2,2.0954,0.0812174,-0.202601,-26849.4
2.01,0.0812174,2,2.0954,0.0812174,-0.1996,-29828.6
2.01,0.0812174,2,2.0954,0.0812174,-0.196598,-25876
2.01,0.0812174,2,2.0954,0.0812174,-0.193597,-27308.1
2.01,0.0812174,2,2.0954,0.0812174,-0.190595,-27368.7
2.01,0.0812174,2,2.0954,0.0812174,-0.187594,-25425.3
2.01,0.0812174,2,2.0954,0.0812174,-0.184592,-25431.6
2.01,0.0812174,2,2.0954,0.0812174,-0.181591,-26135.3
2.01,0.0812174,2,2.0954,0.0812174,-0.178589,-27903.9
2.01,0.0812174,2,2.0954,0.0812174,-0.175588,-27890.2
2.01,0.0812174,2,2.0954,0.0812174,-0.172586,-27941.6
2.01,0.0812174,2,2.0954,0.0812174,-0.169585,-27035.1
2.01,0.0812174,2,2.0954,0.0812174,-0.166583,-26801.9
2.01,0.0812174,2,2.0954,0.0812174,-0.163582,-26521.7
2.01,0.0812174,2,2.0954,0.0812174,-0.16058,-28489.4
2.01,0.0812174,2,2.0954,0.0812174,-0.157579,-27783
2.01,0.0812174,2,2.0954,0.0812174,-0.154577,-28708.8
2.01,0.0812174,2,2.0954,0.0812174,-0.151576,-28653.8
2.01,0.0812174,2,2.0954,0.0812174,-0.148574,-26121
2.01,0.0812174,2,2.0954,0.0812174,-0.145573,-28671.1
2.01,0.0812174,2,2.0954,0.0812174,-0.142571,-25853.1
2.01,0.0812174,2,2.0954,0.0812174,-0.13957,-26850.4
2.01,0.0812174,2,2.0954,0.0812174,-0.136568,-28561.5
2.01,0.0812174,2,2.0954,0.0812174,-0.133567,-27525.4
2.01,0.0812174,2,2.0954,0.0812174,-0.130565,-26854.6
2.01,0.0812174,2,2.0954,0.0812174,-0.127564,-27674.8
2.01,0.0812174,2,2.0954,0.0812174,-0.124562,-25118
2.01,0.0812174,2,2.0954,0.0812174,-0.121561,-25053.1
2.01,0.0812174,2,2.0954,0.0812174,-0.118559,-28015.5
2.01,0.0812174,2,2.0954,0.0812174,-0.115558,-25545.9
2.01,0.0812174,2,2.0954,0.0812174,-0.112556,-28469.6
2.01,0.0812174,2,2.0954,0.0812174,-0.109555,-26584
2.01,0.0812174,2,2.0954,0.0812174,-0.106553,-29455.3
2.01,0.0812174,2,2.0954,0.0812174,-0.103552,-29798.8
2.01,0.0812174,2,2.0954,0.0812174,-0.10055,-25298.2
2.01,0.0812174,2,2.0954,0.0812174,-0.0975488,-25156.9
2.01,0.0812174,2,2.0954,0.0812174,-0.0945473,-25520
2.01,0.0812174,2,2.0954,0.0812174,-0.0915458,-24908.4
2.01,0.0812174,2,2.0954,0.0812174,-0.0885443,-27678.4
2.01,0.0812174,2,2.0954,0.0812174,-0.0855428,-29000.5
2.01,0.0812174,2,2.0954,0.0812174,-0.0825413,-26298.7
2.01,0.0812174,2,2.0954,0.0812174,-0.0795398,-25261.8
2.01,0.0812174,2,2.0954,0.0812174,-0.0765383,-29794.4
2.01,0.0812174,2,2.0954,0.0812174,-0.0735368,-27369.7
2.01,0.0812174,2,2.0954,0.0812174,-0.0705353,-25408
2.01,0.0812174,2,2.0954,0.0812174,-0.0675338,-25852
2.01,0.0812174,2,2.0954,0.0812174,-0.0645323,-26225.4
2.01,0.0812174,2,2.0954,0.0812174,-0.0615308,-25790.3
2.01,0.0812174,2,2.0954,0.0812174,-0.0585293,-27372.7
2.01,0.0812174,2,2.0954,0.0812174,-0.0555278,-27017.8
2.01,0.0812174,2,2.0954,0.0812174,-0.0525263,-29153.7
2.01,0.0812174,2,2.0954,0.0812174,-0.0495248,-27764.1
2.01,0.0812174,2,2.0954,0.0812174,-0.0465233,-28207.9
2.01,0.0812174,2,2.0954,0.0812174,-0.0435218,-28627.5
2.01,0.0812174,2,2.0954,0.0812174,-0.0405203,-26540.5
2.01,0.0812174,2,2.0954,0.0812174,-0.0375188,-25976.1
2.01,0.0812174,2,2.0954,0.0812174,-0.0345173,-30442.1
2.01,0.0812174,2,2.0954,0.0812174,-0.0315158,-26533.8
2.01,0.0812174,2,2.0954,0.0812174,-0.0285143,-26198.5
2.01,0.0812174,2,2.0954,0.0812174,-0.0255128,-28414.1
2.01,0.0812174,2,2.0954,0.0812174,-0.0225113,-28030.8
2.01,0.0812174,2,2.0954,0.0812174,-0.0195098,-26087.9
2.01,0.0812174,2,2.0954,0.0812174,-0.0165083,-25714.1
2.01,0.0812174,2,2.0954,0.0812174,-0.0135068,-27362.8
2.01,0.0812174,2,2.0954,0.0812174,-0.0105053,-26121.1
2.01,0.0812174,2,2.0954,0.0812174,-0.00750375,-27863
2.01,0.0812174,2,2.0954,0.0812174,-0.00450225,-25461.7
2.01,0.0812174,2,2.0954,0.0812174,-0.00150075,-26017.7
2.01,0.0812174,2,2.0954,0.0812174,0.00150075,-26623.9
2.01,0.0812174,2,2.0954,0.0812174,0.00450225,-26486.3
2.01,0.0812174,2,2.0954,0.0812174,0.00750375,-28284.2
2.01,0.0812174,2,2.0954,0.0812174,0.0105053,-27381.5
2.01,0.0812174,2,2.0954,0.0812174,0.0135068,-26544
2.01,0.0812174,2,2.0954,0.0812174,0.0165083,-30591
2.01,0.0812174,2,2.0954,0.0812174,0.0195098,-29959.3
2.01,0.0812174,2,2.0954,0.0812174,0.0225113,-26670
2.01,0.0812174,2,2.0954,0.0812174,0.0255128,-27012.6
2.01,0.0812174,2,2.0954,0.0812174,0.0285143,-26536.1
2.01,0.0812174,2,2.0954,0.0812174,0.0315158,-26298.1
2.01,0.0812174,2,2.0954,0.0812174,0.0345173,-27029.2
2.01,0.0812174,2,2.0954,0.0812174,0.0375188,-25090.9
2.01,0.0812174,2,2.0954,0.0812174,0.0405203,-26286.8
2.01,0.0812174,2,2.0954,0.0812174,0.0435218,-26530.4
2.01,0.0812174,2,2.0954,0.0812174,0.0465233,-26513.1
2.01,0.0812174,2,2.0954,0.0812174,0.0495248,-28777.6
2.01,0.0812174,2,2.0954,0.0812174,0.0525263,-26135.2
2.01,0.0812174,2,2.0954,0.0812174,0.0555278,-25569.7
2.01,0.0812174,2,2.0954,0.0812174,0.0585293,-25432.9
2.01,0.0812174,2,2.0954,0.0812174,0.0615308,-26708.3
2.01,0.0812174,2,2.0954,0.0812174,0.0645323,-24788.7
2.01,0.0812174,2,2.0954,0.0812174,0.0675338,-26158.3
2.01,0.0812174,2,2.0954,0.0812174,0.0705353,-25297.4
2.01,0.0812174,2,2.0954,0.0812174,0.0735368,-25226.8
2.01,0.0812174,2,2.0954,0.0812174,0.0765383,-25097.2
2.01,0.0812174,2,2.0954,0.0812174,0.0795398,-26753.9
2.01,0.0812174,2,2.0954,0.0812174,0.0825413,-25020.9
2.01,0.0812174,2,2.0954,0.0812174,0.0855428,-26643.3
2.01,0.0812174,2,2.0954,0.0812174,0.0885443,-28325.4
2.01,0.0812174,2,2.0954,0.0812174,0.0915458,-24757.3
2.01,0.0812174,2,2.0954,0.0812174,0.0945473,-28017.7
2.01,0.0812174,2,2.0954,0.0812174,0.0975488,-28311.9
2.01,0.0812174,2,2.0954,0.0812174,0.10055,-25741.8
2.01,0.0812174,2,2.0954,0.0812174,0.103552,-29007.9
2.01,0.0812174,2,2.0954,0.0812174,0.106553,-26641.3
2.01,0.0812174,2,2.0954,0.0812174,0.109555,-24693.8
2.01,0.0812174,2,2.0954,0.0812174,0.112556,-29600.8
2.01,0.0812174,2,2.0954,0.0812174,0.115558,-25047.1
2.01,0.0812174,2,2.0954,0.0812174,0.118559,-26192.5
2.01,0.0812174,2,2.0954,0.0812174,0.121561,-26396.7
2.01,0.0812174,2,2.0954,0.0812174,0.124562,-28221.3
2.01,0.0812174,2,2.0954,0.0812174,0.127564,-26895.1
2.01,0.0812174,2,2.0954,0.0812174,0.130565,-25438.8
2.01,0.0812174,2,2.0954,0.0812174,0.133567,-27198.8
2.01,0.0812174,2,2.0954,0.0812174,0.136568,-24683.1
2.01,0.0812174,2,2.0954,0.0812174,0.13957,-26887.9
2.01,0.0812174,2,2.0954,0.0812174,0.142571,-25583.8
2.01,0.0812174,2,2.0954,0.0812174,0.145573,-27711
2.01,0.0812174,2,2.0954,0.0812174,0.148574,-26384
2.01,0.0812174,2,2.0954,0.0812174,0.151576,-27368.5
2.01,0.0812174,2,2.0954,0.0812174,0.154577,-28122.1
2.01,0.0812174,2,2.0954,0.0812174,0.157579,-27261.7
2.01,0.0812174,2,2.0954,0.0812174,0.16058,-26675.9
2.01,0.0812174,2,2.0954,0.0812174,0.163582,-27753.8
2.01,0.0812174,2,2.0954,0.0812174,0.166583,-26558.4
2.01,0.0812174,2,2.0954,0.0812174,0.169585,-25652.2
2.01,0.0812174,2,2.0954,0.0812174,0.172586,-28005.5
2.01,0.0812174,2,2.0954,0.0812174,0.175588,-27390.3
2.01,0.0812174,2,2.0954,0.0812174,0.178589,-26068
2.01,0.0812174,2,2.0954,0.0812174,0.181591,-26115.8
2.01,0.0812174,2,2.0954,0.0812174,0.184592,-24331.3
2.01,0.0812174,2,2.0954,0.0812174,0.187594,-24358.8
2.01,0.0812174,2,2.0954,0.0812174,0.190595,-26170.2
2.01,0.0812174,2,2.0954,0.0812174,0.193597,-25894.6
2.01,0.0812174,2,2.0954,0.0812174,0.196598,-26877
2.01,0.0812174,2,2.0954,0.0812174,0.1996,-27795.6
2.01,0.0812174,2,2.0954,0.0812174,0.202601,-26874.8
2.01,0.0812174,2,2.0954,0.0812174,0.205603,-26841.7
2.01,0.0812174,2,2.0954,0.0812174,0.208604,-26565.3
2.01,0.0812174,2,2.0954,0.0812174,0.211606,-25488.9
2.01,0.0812174,2,2.0954,0.0812174,0.214607,-25091.4
2.01,0.0812174,2,2.0954,0.0812174,0.217609,-25045.1
2.01,0.0812174,2,2.0954,0.0812174,0.22061,-27248.1
2.01,0.0812174,2,2.0954,0.0812174,0.223612,-25514.1
2.01,0.0812174,2,2.0954,0.0812174,0.226613,-24904.3
2.01,0.0812174,2,2.0954,0.0812174,0.229615,-25106.4
2.01,0.0812174,2,2.0954,0.0812174,0.232616,-27288
2.01,0.0812174,2,2.0954,0.0812174,0.235618,-25093.1
2.01,0.0812174,2,2.0954,0.0812174,0.238619,-24019.5
2.01,0.0812174,2,2.0954,0.0812174,0.241621,-24583.9
2.01,0.0812174,2,2.0954,0.0812174,0.244622,-26369.2
2.01,0.0812174,2,2.0954,0.0812174,0.247624,-25032.2
2.01,0.0812174,2,2.0954,0.0812174,0.250625,-24482
2.01,0.0812174,2,2.0954,0.0812174,0.253627,-26728.4
2.01,0.0812174,2,2.0954,0.0812174,0.256628,-26826.7
2.01,0.0812174,2,2.0954,0.0812174,0.25963,-25467.4
2.01,0.0812174,2,2.0954,0.0812174,0.262631,-25752.9
2.01,0.0812174,2,2.0954,0.0812174,0.265633,-23888.5
2.01,0.0812174,2,2.0954,0.0812174,0.268634,-24854.7
2.01,0.0812174,2,2.0954,0.0812174,0.271636,-23833.4
2.01,0.0812174,2,2.0954,0.0812174,0.274637,-24239.6
2.01,0.0812174,2,2.0954,0.0812174,0.277639,-25756.6
2.01,0.0812174,2,2.0954,0.0812174,0.28064,-24464.7
2.01,0.0812174,2,2.0954,0.0812174,0.283642,-25482.2
2.01,0.0812174,2,2.0954,0.0812174,0.286643,-27719.7
2.01,0.0812174,2,2.0954,0.0812174,0.289645,-29598.5
2.01,0.0812174,2,2.0954,0.0812174,0.292646,-25802
2.01,0.0812174,2,2.0954,0.0812174,0.295648,-25374.6
2.01,0.0812174,2,2.0954,0.0812174,0.298649,-26103.6
2.01,0.0812174,2,2.0954,0.0812174,0.301651,-24703
2.01,0.0812174,2,2.0954,0.0812174,0.304652,-23901.6
2.01,0.0812174,2,2.0954,0.0812174,0.307654,-25167.1
2.01,0.0812174,2,2.0954,0.0812174,0.310655,-23315.3
2.01,0.0812174,2,2.0954,0.0812174,0.313657,-27588.1
2.01,0.0812174,2,2.0954,0.0812174,0.316658,-24498.6
2.01,0.0812174,2,2.0954,0.0812174,0.31966,-24013.1
2.01,0.0812174,2,2.0954,0.0812174,0.322661,-23670.2
2.01,0.0812174,2,2.0954,0.0812174,0.325663,-25760.8
2.01,0.0812174,2,2.0954,0.0812174,0.328664,-23266.7
2.01,0.0812174,2,2.0954,0.0812174,0.331666,-23861.1
2.01,0.0812174,2,2.0954,0.0812174,0.334667,-25446.8
2.01,0.0812174,2,2.0954,0.0812174,0.337669,-23666.6
2.01,0.0812174,2,2.0954,0.0812174,0.34067,-23980.7
2.01,0.0812174,2,2.0954,0.0812174,0.343672,-25969.3
2.01,0.0812174,2,2.0954,0.0812174,0.346673,-23980.3
2.01,0.0812174,2,2.0954,0.0812174,0.349675,-24908.7
2.01,0.0812174,2,2.0954,0.0812174,0.352676,-22661.5
2.01,0.0812174,2,2.0954,0.0812174,0.355678,-26664.5
2.01,0.0812174,2,2.0954,0.0812174,0.358679,-26408.4
2.01,0.0812174,2,2.0954,0.0812174,0.361681,-24853.2
2.01,0.0812174,2,2.0954,0.0812174,0.364682,-26198
2.01,0.0812174,2,2.0954,0.0812174,0.367684,-27839.6
2.01,0.0812174,2,2.0954,0.0812174,0.370685,-22204.7
2.01,0.0812174,2,2.0954,0.0812174,0.373687,-26013.8
2.01,0.0812174,2,2.0954,0.0812174,0.376688,-24737.9
2.01,0.0812174,2,2.0954,0.0812174,0.37969,-21941.9
2.01,0.0812174,2,2.0954,0.0812174,0.382691,-23705
2.01,0.0812174,2,2.0954,0.0812174,0.385693,-22634
2.01,0.0812174,2,2.0954,0.0812174,0.388694,-22010.7
2.01,0.0812174,2,2.0954,0.0812174,0.391696,-24180.3
2.01,0.0812174,2,2.0954,0.0812174,0.394697,-26100.3
2.01,0.0812174,2,2.0954,0.0812174,0.397699,-25280.5
2.01,0.0812174,2,2.0954,0.0812174,0.4007,-22586
2.01,0.0812174,2,2.0954,0.0812174,0.403702,-21203.5
2.01,0.0812174,2,2.0954,0.0812174,0.406703,-23063.3
2.01,0.0812174,2,2.0954,0.0812174,0.409705,-25441
2.01,0.0812174,2,2.0954,0.0812174,0.412706,-24631.5
2.01,0.0812174,2,2.0954,0.0812174,0.415708,-21509.3
2.01,0.0812174,2,2.0954,0.0812174,0.418709,-19654.8
2.01,0.0812174,2,2.0954,0.0812174,0.421711,-19473.3
2.01,0.0812174,2,2.0954,0.0812174,0.424712,-21721.4
2.01,0.0812174,2,2.0954,0.0812174,0.427714,-20502.6
2.01,0.0812174,2,2.0954,0.0812174,0.430715,19514.8
2.01,0.0812174,2,2.0954,0.0812174,0.433717,19129.5
2.01,0.0812174,2,2.0954,0.0812174,0.436718,21017.6
2.01,0.0812174,2,2.0954,0.0812174,0.43972,20554.1
2.01,0.0812174,2,2.0954,0.0812174,0.442721,21440.1
2.01,0.0812174,2,2.0954,0.0812174,0.445723,21483.4
2.01,0.0812174,2,2.0954,0.0812174,0.448724,24298.7
2.01,0.0812174,2,2.0954,0.0812174,0.451726,24429.8
2.01,0.0812174,2,2.0954,0.0812174,0.454727,23891
2.01,0.0812174,2,2.0954,0.0812174,0.457729,21290.5
2.01,0.0812174,2,2.0954,0.0812174,0.46073,23731.5
2.01,0.0812174,2,2.0954,0.0812174,0.463732,22729.2
2.01,0.0812174,2,2.0954,0.0812174,0.466733,22625.4
2.01,0.0812174,2,2.0954,0.0812174,0.469735,23805
2.01,0.0812174,2,2.0954,0.0812174,0.472736,22374
2.01,0.0812174,2,2.0954,0.0812174,0.475738,25100
2.01,0.0812174,2,2.0954,0.0812174,0.478739,27076.4
2.01,0.0812174,2,2.0954,0.0812174,0.481741,25589.5
2.01,0.0812174,2,2.0954,0.0812174,0.484742,24766.5
2.01,0.0812174,2,2.0954,0.0812174,0.487744,24028.1
2.01,0.0812174,2,2.0954,0.0812174,0.490745,25736.6
2.01,0.0812174,2,2.0954,0.0812174,0.493747,22995.5
2.01,0.0812174,2,2.0954,0.0812174,0.496748,25429.8
2.01,0.0812174,2,2.0954,0.0812174,0.49975,25429.8
2.01,0.0812174,2,2.0954,0.0812174,0.502751,25234.5
2.01,0.0812174,2,2.0954,0.0812174,0.505753,24763.6
2.01,0.0812174,2,2.0954,0.0812174,0.508754,27150.7
2.01,0.0812174,2,2.0954,0.0812174,0.511756,24305.1
2.01,0.0812174,2,2.0954,0.0812174,0.514757,26878.6
2.01,0.0812174,2,2.0954,0.0812174,0.517759,23124.6
2.01,0.0812174,2,2.0954,0.0812174,0.52076,24468.7
2.01,0.0812174,2,2.0954,0.0812174,0.523762,26685
2.01,0.0812174,2,2.0954,0.0812174,0.526763,23933.4
2.01,0.0812174,2,2.0954,0.0812174,0.529765,24337.5
2.01,0.0812174,2,2.0954,0.0812174,0.532766,25511.4
2.01,0.0812174,2,2.0954,0.0812174,0.535768,23584.1
2.01,0.0812174,2,2.0954,0.0812174,0.538769,27602.5
2.01,0.0812174,2,2.0954,0.0812174,0.541771,25523.6
2.01,0.0812174,2,2.0954,0.0812174,0.544772,26538.4
2.01,0.0812174,2,2.0954,0.0812174,0.547774,26002.2
2.01,0.0812174,2,2.0954,0.0812174,0.550775,28404.2
2.01,0.0812174,2,2.0954,0.0812174,0.553777,23929.2
2.01,0.0812174,2,2.0954,0.0812174,0.556778,28186.1
2.01,0.0812174,2,2.0954,0.0812174,0.55978,28920.9
2.01,0.0812174,2,2.0954,0.0812174,0.562781,25459.5
2.01,0.0812174,2,2.0954,0.0812174,0.565783,24613.3
2.01,0.0812174,2,2.0954,0.0812174,0.568784,24332.2
2.01,0.0812174,2,2.0954,0.0812174,0.571786,25577.7
2.01,0.0812174,2,2.0954,0.0812174,0.574787,26891.8
2.01,0.0812174,2,2.0954,0.0812174,0.577789,24522.7
2.01,0.0812174,2,2.0954,0.0812174,0.58079,26599.3
2.01,0.0812174,2,2.0954,0.0812174,0.583792,26797.5
2.01,0.0812174,2,2.0954,0.0812174,0.586793,25806.6
2.01,0.0812174,2,2.0954,0.0812174,0.589795,28879
2.01,0.0812174,2,2.0954,0.0812174,0.592796,28392.7
2.01,0.0812174,2,2.0954,0.0812174,0.595798,28427.7
2.01,0.0812174,2,2.0954,0.0812174,0.598799,26577.8
2.01,0.0812174,2,2.0954,0.0812174,0.601801,28035.4
2.01,0.0812174,2,2.0954,0.0812174,0.604802,27019.2
2.01,0.0812174,2,2.0954,0.0812174,0.607804,27935.3
2.01,0.0812174,2,2.0954,0.0812174,0.610805,24840.2
2.01,0.0812174,2,2.0954,0.0812174,0.613807,25619.1
2.01,0.0812174,2,2.0954,0.0812174,0.616808,25439.6
2.01,0.0812174,2,2.0954,0.0812174,0.61981,25803.8
2.01,0.0812174,2,2.0954,0.0812174,0.622811,26128.2
2.01,0.0812174,2,2.0954,0.0812174,0.625813,28765.8
2.01,0.0812174,2,2.0954,0.0812174,0.628814,27582.8
2.01,0.0812174,2,2.0954,0.0812174,0.631816,25078.8
2.01,0.0812174,2,2.0954,0.0812174,0.634817,25454.9
2.01,0.0812174,2,2.0954,0.0812174,0.637819,28364.6
2.01,0.0812174,2,2.0954,0.0812174,0.64082,26991.3
2.01,0.0812174,2,2.0954,0.0812174,0.643822,29116.3
2.01,0.0812174,2,2.0954,0.0812174,0.646823,25549.6
2.01,0.0812174,2,2.0954,0.0812174,0.649825,27311.9
2.01,0.0812174,2,2.0954,0.0812174,0.652826,27238.4
2.01,0.0812174,2,2.0954,0.0812174,0.655828,25952.7
2.01,0.0812174,2,2.0954,0.0812174,0.658829,25806.4
2.01,0.0812174,2,2.0954,0.0812174,0.661831,26687.7
2.01,0.0812174,2,2.0954,0.0812174,0.664832,27624.2
2.01,0.0812174,2,2.0954,0.0812174,0.667834,25491.7
2.01,0.0812174,2,2.0954,0.0812174,0.670835,26099.3
2.01,0.0812174,2,2.0954,0.0812174,0.673837,25858.1
2.01,0.0812174,2,2.0954,0.0812174,0.676838,29012.8
2.01,0.0812174,2,2.0954,0.0812174,0.67984,28748.9
2.01,0.0812174,2,2.0954,0.0812174,0.682841,26873.5
2.01,0.0812174,2,2.0954,0.0812174,0.685843,28199
2.01,0.0812174,2,2.0954,0.0812174,0.688844,28157.6
2.01,0.0812174,2,2.0954,0.0812174,0.691846,25938.5
2.01,0.0812174,2,2.0954,0.0812174,0.694847,26826.1
2.01,0.0812174,2,2.0954,0.0812174,0.697849,28628.7
2.01,0.0812174,2,2.0954,0.0812174,0.70085,26786.5
2.01,0.0812174,2,2.0954,0.0812174,0.703852,25784.5
2.01,0.0812174,2,2.0954,0.0812174,0.706853,30099
2.01,0.0812174,2,2.0954,0.0812174,0.709855,26050
2.01,0.0812174,2,2.0954,0.0812174,0.712856,28594.6
2.01,0.0812174,2,2.0954,0.0812174,0.715858,29216.3
2.01,0.0812174,2,2.0954,0.0812174,0.718859,26473.4
2.01,0.0812174,2,2.0954,0.0812174,0.721861,29870.5
2.01,0.0812174,2,2.0954,0.0812174,0.724862,27403
2.01,0.0812174,2,2.0954,0.0812174,0.727864,27937.3
2.01,0.0812174,2,2.0954,0.0812174,0.730865,26239.1
2.01,0.0812174,2,2.0954,0.0812174,0.733867,26961.7
2.01,0.0812174,2,2.0954,0.0812174,0.736868,28385.3
2.01,0.0812174,2,2.0954,0.0812174,0.73987,28378.1
2.01,0.0812174,2,2.0954,0.0812174,0.742871,26390.6
2.01,0.0812174,2,2.0954,0.0812174,0.745873,27863.6
2.01,0.0812174,2,2.0954,0.0812174,0.748874,27542.8
2.01,0.0812174,2,2.0954,0.0812174,0.751876,27814.4
2.01,0.0812174,2,2.0954,0.0812174,0.754877,26336.5
2.01,0.0812174,2,2.0954,0.0812174,0.757879,26661.1
2.01,0.0812174,2,2.0954,0.0812174,0.76088,27124.9
2.01,0.0812174,2,2.0954,0.0812174,0.763882,30917.2
2.01,0.0812174,2,2.0954,0.0812174,0.766883,29145.6
2.01,0.0812174,2,2.0954,0.0812174,0.769885,29181.4
2.01,0.0812174,2,2.0954,0.0812174,0.772886,27612.5
2.01,0.0812174,2,2.0954,0.0812174,0.775888,28556.9
2.01,0.0812174,2,2.0954,0.0812174,0.778889,28300.9
2.01,0.0812174,2,2.0954,0.0812174,0.781891,26956.6
2.01,0.0812174,2,2.0954,0.0812174,0.784892,27169.9
2.01,0.0812174,2,2.0954,0.0812174,0.787894,27860.6
2.01,0.0812174,2,2.0954,0.0812174,0.790895,29580.1
2.01,0.0812174,2,2.0954,0.0812174,0.793897,29023.5
2.01,0.0812174,2,2.0954,0.0812174,0.796898,30283.7
2.01,0.0812174,2,2.0954,0.0812174,0.7999,28450.3
2.01,0.0812174,2,2.0954,0.0812174,0.802901,31947.8
2.01,0.0812174,2,2.0954,0.0812174,0.805903,28497.9
2.01,0.0812174,2,2.0954,0.0812174,0.808904,26681.2
2.01,0.0812174,2,2.0954,0.0812174,0.811906,28552.5
2.01,0.0812174,2,2.0954,0.0812174,0.814907,31217
2.01,0.0812174,2,2.0954,0.0812174,0.817909,27080.8
2.01,0.0812174,2,2.0954,0.0812174,0.82091,29630.1
2.01,0.0812174,2,2.0954,0.0812174,0.823912,31408.3
2.01,0.0812174,2,2.0954,0.0812174,0.826913,28326.2
2.01,0.0812174,2,2.0954,0.0812174,0.829915,27446.8
2.01,0.0812174,2,2.0954,0.0812174,0.832916,29994.9
2.01,0.0812174,2,2.0954,0.0812174,0.835918,27149.6
2.01,0.0812174,2,2.0954,0.0812174,0.838919,29020.9
2.01,0.0812174,2,2.0954,0.0812174,0.841921,28941.8
2.01,0.0812174,2,2.0954,0.0812174,0.844922,27350.9
2.01,0.0812174,2,2.0954,0.0812174,0.847924,29596
2.01,0.0812174,2,2.0954,0.0812174,0.850925,27379.1
2.01,0.0812174,2,2.0954,0.0812174,0.853927,30430
2.01,0.0812174,2,2.0954,0.0812174,0.856928,28695
2.01,0.0812174,2,2.0954,0.0812174,0.85993,30888.5
2.01,0.0812174,2,2.0954,0.0812174,0.862931,31858.1
2.01,0.0812174,2,2.0954,0.0812174,0.865933,29235
2.01,0.0812174,2,2.0954,0.0812174,0.868934,27697.2
2.01,0.0812174,2,2.0954,0.0812174,0.871936,28366
2.01,0.0812174,2,2.0954,0.0812174,0.874937,31385.4
2.01,0.0812174,2,2.0954,0.0812174,0.877939,31698.9
2.01,0.0812174,2,2.0954,0.0812174,0.88094,30392.9
2.01,0.0812174,2,2.0954,0.0812174,0.883942,28319.5
2.01,0.0812174,2,2.0954,0.0812174,0.886943,30207.9
2.01,0.0812174,2,2.0954,0.0812174,0.889945,28793.9
2.01,0.0812174,2,2.0954,0.0812174,0.892946,28532.7
2.01,0.0812174,2,2.0954,0.0812174,0.895948,29077.6
2.01,0.0812174,2,2.0954,0.0812174,0.898949,30125
2.01,0.0812174,2,2.0954,0.0812174,0.901951,28004.5
2.01,0.0812174,2,2.0954,0.0812174,0.904952,31660
2.01,0.0812174,2,2.0954,0.0812174,0.907954,31098.7
2.01,0.0812174,2,2.0954,0.0812174,0.910955,29440.4
2.01,0.0812174,2,2.0954,0.0812174,0.913957,30819.2
2.01,0.0812174,2,2.0954,0.0812174,0.916958,27381.8
2.01,0.0812174,2,2.0954,0.0812174,0.91996,29781.1
2.01,0.0812174,2,2.0954,0.0812174,0.922961,27866.8
2.01,0.0812174,2,2.0954,0.0812174,0.925963,28051.1
2.01,0.0812174,2,2.0954,0.0812174,0.928964,30904
2.01,0.0812174,2,2.0954,0.0812174,0.931966,28985
2.01,0.0812174,2,2.0954,0.0812174,0.934967,31145.8
2.01,0.0812174,2,2.0954,0.0812174,0.937969,32226.5
2.01,0.0812174,2,2.0954,0.0812174,0.94097,29155.7
2.01,0.0812174,2,2.0954,0.0812174,0.943972,28911.5
2.01,0.0812174,2,2.0954,0.0812174,0.946973,30857.2
2.01,0.0812174,2,2.0954,0.0812174,0.949975,28489.9
2.01,0.0812174,2,2.0954,0.0812174,0.952976,29108
2.01,0.0812174,2,2.0954,0.0812174,0.955978,28925.1
2.01,0.0812174,2,2.0954,0.0812174,0.958979,27556.8
2.01,0.0812174,2,2.0954,0.0812174,0.961981,30881.6
2.01,0.0812174,2,2.0954,0.0812174,0.964982,32250.9
2.01,0.0812174,2,2.0954,0.0812174,0.967984,32011.6
2.01,0.0812174,2,2.0954,0.0812174,0.970985,31501.1
2.01,0.0812174,2,2.0954,0.0812174,0.973987,29463.5
2.01,0.0812174,2,2.0954,0.0812174,0.976988,28083.3
2.01,0.0812174,2,2.0954,0.0812174,0.97999,28780.2
2.01,0.0812174,2,2.0954,0.0812174,0.982991,30169.9
2.01,0.0812174,2,2.0954,0.0812174,0.985993,28054.7
2.01,0.0812174,2,2.0954,0.0812174,0.988994,31517.6
2.01,0.0812174,2,2.0954,0.0812174,0.991996,28689.9
2.01,0.0812174,2,2.0954,0.0812174,0.994997,30727.6
2.01,0.0812174,2,2.0954,0.0812174,0.997999,29384.1
2.01,0.0812174,2,2.0954,0.0812174,1.001,30217.3
2.01,0.0812174,2,2.0954,0.0812174,1.004,29680.9
2.01,0.0812174,2,2.0954,0.0812174,1.007,28172.4
2.01,0.0812174,2,2.0954,0.0812174,1.01001,28461.9
2.01,0.0812174,2,2.0954,0.0812174,1.01301,29854.2
2.01,0.0812174,2,2.0954,0.0812174,1.01601,29049.2
2.01,0.0812174,2,2.0954,0.0812174,1.01901,27922.3
2.01,0.0812174,2,2.0954,0.0812174,1.02201,31680.8
2.01,0.0812174,2,2.0954,0.0812174,1.02501,32076.5
2.01,0.0812174,2,2.0954,0.0812174,1.02801,28021.9
2.01,0.0812174,2,2.0954,0.0812174,1.03102,29873
2.01,0.0812174,2,2.0954,0.0812174,1.03402,30587.6
2.01,0.0812174,2,2.0954,0.0812174,1.03702,29594.1
2.01,0.0812174,2,2.0954,0.0812174,1.04002,30932.3
2.01,0.0812174,2,2.0954,0.0812174,1.04302,30262.6
2.01,0.0812174,2,2.0954,0.0812174,1.04602,30588.6
2.01,0.0812174,2,2.0954,0.0812174,1.04902,29376.6
2.01,0.0812174,2,2.0954,0.0812174,1.05203,31960.5
2.01,0.0812174,2,2.0954,0.0812174,1.05503,29281
2.01,0.0812174,2,2.0954,0.0812174,1.05803,30221.6
2.01,0.0812174,2,2.0954,0.0812174,1.06103,30383.4
2.01,0.0812174,2,2.0954,0.0812174,1.06403,29268.2
2.01,0.0812174,2,2.0954,0.0812174,1.06703,30603.9
2.01,0.0812174,2,2.0954,0.0812174,1.07004,29446.6
2.01,0.0812174,2,2.0954,0.0812174,1.07304,28321.3
2.01,0.0812174,2,2.0954,0.0812174,1.07604,30339.4
2.01,0.0812174,2,2.0954,0.0812174,1.07904,29242.2
2.01,0.0812174,2,2.0954,0.0812174,1.08204,30765.4
2.01,0.0812174,2,2.0954,0.0812174,1.08504,32735.1
2.01,0.0812174,2,2.0954,0.0812174,1.08804,29671.8
2.01,0.0812174,2,2.0954,0.0812174,1.09105,33003.4
2.01,0.0812174,2,2.0954,0.0812174,1.09405,29022.4
2.01,0.0812174,2,2.0954,0.0812174,1.09705,31881.3
2.01,0.0812174,2,2.0954,0.0812174,1.10005,30954
2.01,0.0812174,2,2.0954,0.0812174,1.10305,31985.9
2.01,0.0812174,2,2.0954,0.0812174,1.10605,31449.3
2.01,0.0812174,2,2.0954,0.0812174,1.10905,30260
2.01,0.0812174,2,2.0954,0.0812174,1.11206,30335.6
2.01,0.0812174,2,2.0954,0.0812174,1.11506,32974.1
2.01,0.0812174,2,2.0954,0.0812174,1.11806,30031.8
2.01,0.0812174,2,2.0954,0.0812174,1.12106,32644.9
2.01,0.0812174,2,2.0954,0.0812174,1.12406,29121.4
2.01,0.0812174,2,2.0954,0.0812174,1.12706,29218
2.01,0.0812174,2,2.0954,0.0812174,1.13007,29110.1
2.01,0.0812174,2,2.0954,0.0812174,1.13307,31778.3
2.01,0.0812174,2,2.0954,0.0812174,1.13607,31338.6
2.01,0.0812174,2,2.0954,0.0812174,1.13907,30568.9
2.01,0.0812174,2,2.0954,0.0812174,1.14207,28950.4
2.01,0.0812174,2,2.0954,0.0812174,1.14507,29148.1
2.01,0.0812174,2,2.0954,0.0812174,1.14807,29681.8
2.01,0.0812174,2,2.0954,0.0812174,1.15108,31101.5
2.01,0.0812174,2,2.0954,0.0812174,1.15408,31419.3
2.01,0.0812174,2,2.0954,0.0812174,1.15708,28760.7
2.01,0.0812174,2,2.0954,0.0812174,1.16008,28959.5
2.01,0.0812174,2,2.0954,0.0812174,1.16308,29385.4
2.01,0.0812174,2,2.0954,0.0812174,1.16608,30409.2
2.01,0.0812174,2,2.0954,0.0812174,1.16908,29583.7
2.01,0.0812174,2,2.0954,0.0812174,1.17209,28885.4
2.01,0.0812174,2,2.0954,0.0812174,1.17509,30450.1
2.01,0.0812174,2,2.0954,0.0812174,1.17809,31130.2
2.01,0.0812174,2,2.0954,0.0812174,1.18109,29613.4
2.01,0.0812174,2,2.0954,0.0812174,1.18409,28526
2.01,0.0812174,2,2.0954,0.0812174,1.18709,32452.6
2.01,0.0812174,2,2.0954,0.0812174,1.1901,29289.9
2.01,0.0812174,2,2.0954,0.0812174,1.1931,32722.3
2.01,0.0812174,2,2.0954,0.0812174,1.1961,29643.6
2.01,0.0812174,2,2.0954,0.0812174,1.1991,31153.2
2.01,0.0812174,2,2.0954,0.0812174,1.2021,32460.4
2.01,0.0812174,2,2.0954,0.0812174,1.2051,31351.8
2.01,0.0812174,2,2.0954,0.0812174,1.2081,30962.5
2.01,0.0812174,2,2.0954,0.0812174,1.21111,32969.6
2.01,0.0812174,2,2.0954,0.0812174,1.21411,30193.7
2.01,0.0812174,2,2.0954,0.0812174,1.21711,30604.1
2.01,0.0812174,2,2.0954,0.0812174,1.22011,29461
2.01,0.0812174,2,2.0954,0.0812174,1.22311,30325.3
2.01,0.0812174,2,2.0954,0.0812174,1.22611,29281.6
2.01,0.0812174,2,2.0954,0.0812174,1.22911,30552.3
2.01,0.0812174,2,2.0954,0.0812174,1.23212,28907.5
2.01,0.0812174,2,2.0954,0.0812174,1.23512,31076.5
2.01,0.0812174,2,2.0954,0.0812174,1.23812,28714
2.01,0.0812174,2,2.0954,0.0812174,1.24112,28622.9
2.01,0.0812174,2,2.0954,0.0812174,1.24412,30246.1
2.01,0.0812174,2,2.0954,0.0812174,1.24712,30405.9
2.01,0.0812174,2,2.0954,0.0812174,1.25013,30706
2.01,0.0812174,2,2.0954,0.0812174,1.25313,32317.2
2.01,0.0812174,2,2.0954,0.0812174,1.25613,32426.6
2.01,0.0812174,2,2.0954,0.0812174,1.25913,31092.2
2.01,0.0812174,2,2.0954,0.0812174,1.26213,31073
2.01,0.0812174,2,2.0954,0.0812174,1.26513,32360.6
2.01,0.0812174,2,2.0954,0.0812174,1.26813,28917.3
2.01,0.0812174,2,2.0954,0.0812174,1.27114,30441.6
2.01,0.0812174,2,2.0954,0.0812174,1.27414,28886.9
2.01,0.0812174,2,2.0954,0.0812174,1.27714,32355.7
2.01,0.0812174,2,2.0954,0.0812174,1.28014,28651.5
2.01,0.0812174,2,2.0954,0.0812174,1.28314,30446.9
2.01,0.0812174,2,2.0954,0.0812174,1.28614,29580.8
2.01,0.0812174,2,2.0954,0.0812174,1.28914,31378.4
2.01,0.0812174,2,2.0954,0.0812174,1.29215,30571.8
2.01,0.0812174,2,2.0954,0.0812174,1.29515,28961.1
2.01,0.0812174,2,2.0954,0.0812174,1.29815,30265.5
2.01,0.0812174,2,2.0954,0.0812174,1.30115,31138.5
2.01,0.0812174,2,2.0954,0.0812174,1.30415,29353.8
2.01,0.0812174,2,2.0954,0.0812174,1.30715,32454.2
2.01,0.0812174,2,2.0954,0.0812174,1.31016,28799.3
2.01,0.0812174,2,2.0954,0.0812174,1.31316,31430
2.01,0.0812174,2,2.0954,0.0812174,1.31616,29155.8
2.01,0.0812174,2,2.0954,0.0812174,1.31916,32525.1
2.01,0.0812174,2,2.0954,0.0812174,1.32216,31721.8
2.01,0.0812174,2,2.0954,0.0812174,1.32516,30009.1
2.01,0.0812174,2,2.0954,0.0812174,1.32816,29797.4
2.01,0.0812174,2,2.0954,0.0812174,1.33117,31228.5
2.01,0.0812174,2,2.0954,0.0812174,1.33417,28921.1
2.01,0.0812174,2,2.0954,0.0812174,1.33717,29882.2
2.01,0.0812174,2,2.0954,0.0812174,1.34017,31145.6
2.01,0.0812174,2,2.0954,0.0812174,1.34317,31833.6
2.01,0.0812174,2,2.0954,0.0812174,1.34617,31151.8
2.01,0.0812174,2,2.0954,0.0812174,1.34917,30343.8
2.01,0.0812174,2,2.0954,0.0812174,1.35218,28732.9
2.01,0.0812174,2,2.0954,0.0812174,1.35518,30284.8
2.01,0.0812174,2,2.0954,0.0812174,1.35818,31057.9
2.01,0.0812174,2,2.0954,0.0812174,1.36118,30998.2
2.01,0.0812174,2,2.0954,0.0812174,1.36418,30942.5
2.01,0.0812174,2,2.0954,0.0812174,1.36718,31268.5
2.01,0.0812174,2,2.0954,0.0812174,1.37019,29355
2.01,0.0812174,2,2.0954,0.0812174,1.37319,28424.3
2.01,0.0812174,2,2.0954,0.0812174,1.37619,31623.3
2.01,0.0812174,2,2.0954,0.0812174,1.37919,32172.8
2.01,0.0812174,2,2.0954,0.0812174,1.38219,29532.8
2.01,0.0812174,2,2.0954,0.0812174,1.38519,30321.9
2.01,0.0812174,2,2.0954,0.0812174,1.38819,31088.4
2.01,0.0812174,2,2.0954,0.0812174,1.3912,30083.1
2.01,0.0812174,2,2.0954,0.0812174,1.3942,30669.6
2.01,0.0812174,2,2.0954,0.0812174,1.3972,32757.9
2.01,0.0812174,2,2.0954,0.0812174,1.4002,29769.1
2.01,0.0812174,2,2.0954,0.0812174,1.4032,32966.7
2.01,0.0812174,2,2.0954,0.0812174,1.4062,29049.3
2.01,0.0812174,2,2.0954,0.0812174,1.4092,29594.6
2.01,0.0812174,2,2.0954,0.0812174,1.41221,29827.7
2.01,0.0812174,2,2.0954,0.0812174,1.41521,31740
2.01,0.0812174,2,2.0954,0.0812174,1.41821,30161.5
2.01,0.0812174,2,2.0954,0.0812174,1.42121,30146.5
2.01,0.0812174,2,2.0954,0.0812174,1.42421,28689.9
2.01,0.0812174,2,2.0954,0.0812174,1.42721,28170.5
2.01,0.0812174,2,2.0954,0.0812174,1.43022,32354.3
2.01,0.0812174,2,2.0954,0.0812174,1.43322,32561.5
2.01,0.0812174,2,2.0954,0.0812174,1.43622,30034.8
2.01,0.0812174,2,2.0954,0.0812174,1.43922,30238.8
2.01,0.0812174,2,2.0954,0.0812174,1.44222,32045.9
2.01,0.0812174,2,2.0954,0.0812174,1.44522,28745.9
2.01,0.0812174,2,2.0954,0.0812174,1.44822,29790.4
2.01,0.0812174,2,2.0954,0.0812174,1.45123,30660.7
2.01,0.0812174,2,2.0954,0.0812174,1.45423,30346.6
2.01,0.0812174,2,2.0954,0.0812174,1.45723,28763
2.01,0.0812174,2,2.0954,0.0812174,1.46023,31787.8
2.01,0.0812174,2,2.0954,0.0812174,1.46323,29543
2.01,0.0812174,2,2.0954,0.0812174,1.46623,28275.7
2.01,0.0812174,2,2.0954,0.0812174,1.46923,30645
2.01,0.0812174,2,2.0954,0.0812174,1.47224,28377.5
2.01,0.0812174,2,2.0954,0.0812174,1.47524,27978.3
2.01,0.0812174,2,2.0954,0.0812174,1.47824,30033.2
2.01,0.0812174,2,2.0954,0.0812174,1.48124,29911.3
2.01,0.0812174,2,2.0954,0.0812174,1.48424,29814
2.01,0.0812174,2,2.0954,0.0812174,1.48724,28692.3
2.01,0.0812174,2,2.0954,0.0812174,1.49025,32299.6
2.01,0.0812174,2,2.0954,0.0812174,1.49325,29738.5
2.01,0.0812174,2,2.0954,0.0812174,1.49625,30232.4
2.01,0.0812174,2,2.0954,0.0812174,1.49925,31110.5
2.01,0.0812174,2,2.0954,0.0812174,1.50225,30651.8
2.01,0.0812174,2,2.0954,0.0812174,1.50525,28044.4
2.01,0.0812174,2,2.0954,0.0812174,1.50825,28294.1
2.01,0.0812174,2,2.0954,0.0812174,1.51126,31376.2
2.01,0.0812174,2,2.0954,0.0812174,1.51426,30396.3
2.01,0.0812174,2,2.0954,0.0812174,1.51726,27809.3
2.01,0.0812174,2,2.0954,0.0812174,1.52026,30312.2
2.01,0.0812174,2,2.0954,0.0812174,1.52326,29666.9
2.01,0.0812174,2,2.0954,0.0812174,1.52626,31172.6
2.01,0.0812174,2,2.0954,0.0812174,1.52926,30576.8
2.01,0.0812174,2,2.0954,0.0812174,1.53227,28310.6
2.01,0.0812174,2,2.0954,0.0812174,1.53527,28369.8
2.01,0.0812174,2,2.0954,0.0812174,1.53827,31140.6
2.01,0.0812174,2,2.0954,0.0812174,1.54127,29895.2
2.01,0.0812174,2,2.0954,0.0812174,1.54427,29186.3
2.01,0.0812174,2,2.0954,0.0812174,1.54727,28393.8
2.01,0.0812174,2,2.0954,0.0812174,1.55028,30429.8
2.01,0.0812174,2,2.0954,0.0812174,1.55328,31654.9
2.01,0.0812174,2,2.0954,0.0812174,1.55628,28883.1
2.01,0.0812174,2,2.0954,0.0812174,1.55928,31230.6
2.01,0.0812174,2,2.0954,0.0812174,1.56228,28695.6
2.01,0.0812174,2,2.0954,0.0812174,1.56528,28084.9
2.01,0.0812174,2,2.0954,0.0812174,1.56828,31311.8
2.01,0.0812174,2,2.0954,0.0812174,1.57129,27574.6
2.01,0.0812174,2,2.0954,0.0812174,1.57429,27964.8
2.01,0.0812174,2,2.0954,0.0812174,1.57729,27283
2.01,0.0812174,2,2.0954,0.0812174,1.58029,27304.5
2.01,0.0812174,2,2.0954,0.0812174,1.58329,28534.5
2.01,0.0812174,2,2.0954,0.0812174,1.58629,28952.3
2.01,0.0812174,2,2.0954,0.0812174,1.58929,27270.3
2.01,0.0812174,2,2.0954,0.0812174,1.5923,27796.5
2.01,0.0812174,2,2.0954,0.0812174,1.5953,28824.4
2.01,0.0812174,2,2.0954,0.0812174,1.5983,29119.3
2.01,0.0812174,2,2.0954,0.0812174,1.6013,29376.2
2.01,0.0812174,2,2.0954,0.0812174,1.6043,27612.4
2.01,0.0812174,2,2.0954,0.0812174,1.6073,29911.6
2.01,0.0812174,2,2.0954,0.0812174,1.61031,27604.7
2.01,0.0812174,2,2.0954,0.0812174,1.61331,31828.5
2.01,0.0812174,2,2.0954,0.0812174,1.61631,30140.7
2.01,0.0812174,2,2.0954,0.0812174,1.61931,28637.6
2.01,0.0812174,2,2.0954,0.0812174,1.62231,28104.2
2.01,0.0812174,2,2.0954,0.0812174,1.62531,28017.5
2.01,0.0812174,2,2.0954,0.0812174,1.62831,30563.6
2.01,0.0812174,2,2.0954,0.0812174,1.63132,29680.1
2.01,0.0812174,2,2.0954,0.0812174,1.63432,27976
2.01,0.0812174,2,2.0954,0.0812174,1.63732,30152.1
2.01,0.0812174,2,2.0954,0.0812174,1.64032,28915.8
2.01,0.0812174,2,2.0954,0.0812174,1.64332,31232.1
2.01,0.0812174,2,2.0954,0.0812174,1.64632,30945.7
2.01,0.0812174,2,2.0954,0.0812174,1.64932,31118
2.01,0.0812174,2,2.0954,0.0812174,1.65233,29053.4
2.01,0.0812174,2,2.0954,0.0812174,1.65533,29075.5
2.01,0.0812174,2,2.0954,0.0812174,1.65833,28183
2.01,0.0812174,2,2.0954,0.0812174,1.66133,28177.7
2.01,0.0812174,2,2.0954,0.0812174,1.66433,30986.4
2.01,0.0812174,2,2.0954,0.0812174,1.66733,27466.5
2.01,0.0812174,2,2.0954,0.0812174,1.67034,26916.6
2.01,0.0812174,2,2.0954,0.0812174,1.67334,26714.1
2.01,0.0812174,2,2.0954,0.0812174,1.67634,27544.5
2.01,0.0812174,2,2.0954,0.0812174,1.67934,27344.9
2.01,0.0812174,2,2.0954,0.0812174,1.68234,31185.3
2.01,0.0812174,2,2.0954,0.0812174,1.68534,27917.9
2.01,0.0812174,2,2.0954,0.0812174,1.68834,26119.4
2.01,0.0812174,2,2.0954,0.0812174,1.69135,27863.5
2.01,0.0812174,2,2.0954,0.0812174,1.69435,26067.7
2.01,0.0812174,2,2.0954,0.0812174,1.69735,28772.5
2.01,0.0812174,2,2.0954,0.0812174,1.70035,29017.2
2.01,0.0812174,2,2.0954,0.0812174,1.70335,33022.1
2.01,0.0812174,2,2.0954,0.0812174,1.70635,28485.2
2.01,0.0812174,2,2.0954,0.0812174,1.70935,30903.1
2.01,0.0812174,2,2.0954,0.0812174,1.71236,29032
2.01,0.0812174,2,2.0954,0.0812174,1.71536,28257.2
2.01,0.0812174,2,2.0954,0.0812174,1.71836,27546.8
2.01,0.0812174,2,2.0954,0.0812174,1.72136,28439.1
2.01,0.0812174,2,2.0954,0.0812174,1.72436,29285.9
2.01,0.0812174,2,2.0954,0.0812174,1.72736,26811.4
2.01,0.0812174,2,2.0954,0.0812174,1.73037,27642.1
2.01,0.0812174,2,2.0954,0.0812174,1.73337,27313.3
2.01,0.0812174,2,2.0954,0.0812174,1.73637,26580.7
2.01,0.0812174,2,2.0954,0.0812174,1.73937,28864.8
2.01,0.0812174,2,2.0954,0.0812174,1.74237,27369.1
2.01,0.0812174,2,2.0954,0.0812174,1.74537,27333.8
2.01,0.0812174,2,2.0954,0.0812174,1.74837,27088.7
2.01,0.0812174,2,2.0954,0.0812174,1.75138,29029.8
2.01,0.0812174,2,2.0954,0.0812174,1.75438,26363.9
2.01,0.0812174,2,2.0954,0.0812174,1.75738,27392.9
2.01,0.0812174,2,2.0954,0.0812174,1.76038,25932.9
2.01,0.0812174,2,2.0954,0.0812174,1.76338,26896.2
2.01,0.0812174,2,2.0954,0.0812174,1.76638,25898.2
2.01,0.0812174,2,2.0954,0.0812174,1.76938,28704.1
2.01,0.0812174,2,2.0954,0.0812174,1.77239,24784.2
2.01,0.0812174,2,2.0954,0.0812174,1.77539,26337.6
2.01,0.0812174,2,2.0954,0.0812174,1.77839,28317.8
2.01,0.0812174,2,2.0954,0.0812174,1.78139,26808.1
2.01,0.0812174,2,2.0954,0.0812174,1.78439,28335.7
2.01,0.0812174,2,2.0954,0.0812174,1.78739,26511.8
2.01,0.0812174,2,2.0954,0.0812174,1.7904,26549.2
2.01,0.0812174,2,2.0954,0.0812174,1.7934,25878.9
2.01,0.0812174,2,2.0954,0.0812174,1.7964,27644.1
2.01,0.0812174,2,2.0954,0.0812174,1.7994,27469.4
2.01,0.0812174,2,2.0954,0.0812174,1.8024,27636
2.01,0.0812174,2,2.0954,0.0812174,1.8054,28198.3
2.01,0.0812174,2,2.0954,0.0812174,1.8084,27999.9
2.01,0.0812174,2,2.0954,0.0812174,1.81141,24282.6
2.01,0.0812174,2,2.0954,0.0812174,1.81441,24759.2
2.01,0.0812174,2,2.0954,0.0812174,1.81741,25478.7
2.01,0.0812174,2,2.0954,0.0812174,1.82041,26982.7
2.01,0.0812174,2,2.0954,0.0812174,1.82341,27870.9
2.01,0.0812174,2,2.0954,0.0812174,1.82641,24708
2.01,0.0812174,2,2.0954,0.0812174,1.82941,24927.5
2.01,0.0812174,2,2.0954,0.0812174,1.83242,24921
2.01,0.0812174,2,2.0954,0.0812174,1.83542,25404.3
2.01,0.0812174,2,2.0954,0.0812174,1.83842,25360.4
2.01,0.0812174,2,2.0954,0.0812174,1.84142,26454.6
2.01,0.0812174,2,2.0954,0.0812174,1.84442,24482.2
2.01,0.0812174,2,2.0954,0.0812174,1.84742,24076.5
2.01,0.0812174,2,2.0954,0.0812174,1.85043,23378.1
2.01,0.0812174,2,2.0954,0.0812174,1.85343,23728.5
2.01,0.0812174,2,2.0954,0.0812174,1.85643,25305.7
2.01,0.0812174,2,2.0954,0.0812174,1.85943,25544.4
2.01,0.0812174,2,2.0954,0.0812174,1.86243,22275.5
2.01,0.0812174,2,2.0954,0.0812174,1.86543,23308
2.01,0.0812174,2,2.0954,0.0812174,1.86843,23746.8
2.01,0.0812174,2,2.0954,0.0812174,1.87144,22600.2
2.01,0.0812174,2,2.0954,0.0812174,1.87444,23301.3
2.01,0.0812174,2,2.0954,0.0812174,1.87744,22219.7
2.01,0.0812174,2,2.0954,0.0812174,1.88044,22225.4
2.01,0.0812174,2,2.0954,0.0812174,1.88344,22297.6
2.01,0.0812174,2,2.0954,0.0812174,1.88644,19648.7
2.01,0.0812174,2,2.0954,0.0812174,1.88944,21369.7
2.01,0.0812174,2,2.0954,0.0812174,1.89245,-17557.8
2.01,0.0812174,2,2.0954,0.0812174,1.89545,-19172.7
2.01,0.0812174,2,2.0954,0.0812174,1.89845,-20248.2
2.01,0.0812174,2,2.0954,0.0812174,1.90145,-19991.4
2.01,0.0812174,2,2.0954,0.0812174,1.90445,-23519.8
2.01,0.0812174,2,2.0954,0.0812174,1.90745,-20395
2.01,0.0812174,2,2.0954,0.0812174,1.91046,-22074.5
2.01,0.0812174,2,2.0954,0.0812174,1.91346,-22641.2
2.01,0.0812174,2,2.0954,0.0812174,1.91646,-22351.1
2.01,0.0812174,2,2.0954,0.0812174,1.91946,-21583.3
2.01,0.0812174,2,2.0954,0.0812174,1.92246,-22518.6
2.01,0.0812174,2,2.0954,0.0812174,1.92546,-23373
2.01,0.0812174,2,2.0954,0.0812174,1.92846,-24157.3
2.01,0.0812174,2,2.0954,0.0812174,1.93147,-23049.6
2.01,0.0812174,2,2.0954,0.0812174,1.93447,-21397.2
2.01,0.0812174,2,2.0954,0.0812174,1.93747,-25149.8
2.01,0.0812174,2,2.0954,0.0812174,1.94047,-23544.6
2.01,0.0812174,2,2.0954,0.0812174,1.94347,-23533.9
2.01,0.0812174,2,2.0954,0.0812174,1.94647,-24867.7
2.01,0.0812174,2,2.0954,0.0812174,1.94947,-22572.5
2.01,0.0812174,2,2.0954,0.0812174,1.95248,-25089.9
2.01,0.0812174,2,2.0954,0.0812174,1.95548,-21826.4
2.01,0.0812174,2,2.0954,0.0812174,1.95848,-23237.7
2.01,0.0812174,2,2.0954,0.0812174,1.96148,-23278.5
2.01,0.0812174,2,2.0954,0.0812174,1.96448,-23745.6
2.01,0.0812174,2,2.0954,0.0812174,1.96748,-22076.5
2.01,0.0812174,2,2.0954,0.0812174,1.97049,-22698.5
2.01,0.0812174,2,2.0954,0.0812174,1.97349,-22810.3
2.01,0.0812174,2,2.0954,0.0812174,1.97649,-24040.3
2.01,0.0812174,2,2.0954,0.0812174,1.97949,-22769.7
2.01,0.0812174,2,2.0954,0.0812174,1.98249,-23973.4
2.01,0.0812174,2,2.0954,0.0812174,1.98549,-22267.7
2.01,0.0812174,2,2.0954,0.0812174,1.98849,-22338.3
2.01,0.0812174,2,2.0954,0.0812174,1.9915,-23262.2
2.01,0.0812174,2,2.0954,0.0812174,1.9945,-21734.6
2.01,0.0812174,2,2.0954,0.0812174,1.9975,-20503
2.01,0.0812174,2,2.0954,0.0812174,2.0005,-20993.1
2.01,0.0812174,2,2.0954,0.0812174,2.0035,-21138.3
2.01,0.0812174,2,2.0954,0.0812174,2.0065,-19638.7
2.01,0.0812174,2,2.0954,0.0812174,2.0095,-19661.6
2.01,0.0812174,2,2.0954,0.0812174,2.01251,18508.9
2.01,0.0812174,2,2.0954,0.0812174,2.01551,19645.1
2.01,0.0812174,2,2.0954,0.0812174,2.01851,23363.9
2.01,0.0812174,2,2.0954,0.0812174,2.02151,21036.4
2.01,0.0812174,2,2.0954,0.0812174,2.02451,22444.4
2.01,0.0812174,2,2.0954,0.0812174,2.02751,23562.9
2.01,0.0812174,2,2.0954,0.0812174,2.03052,23029.8
2.01,0.0812174,2,2.0954,0.0812174,2.03352,25149.1
2.01,0.0812174,2,2.0954,0.0812174,2.03652,23954.2
2.01,0.0812174,2,2.0954,0.0812174,2.03952,24665.7
2.01,0.0812174,2,2.0954,0.0812174,2.04252,26814.6
2.01,0.0812174,2,2.0954,0.0812174,2.04552,23939.4
2.01,0.0812174,2,2.0954,0.0812174,2.04852,27071.1
2.01,0.0812174,2,2.0954,0.0812174,2.05153,26833.6
2.01,0.0812174,2,2.0954,0.0812174,2.05453,26477.6
2.01,0.0812174,2,2.0954,0.0812174,2.05753,26319.8
2.01,0.0812174,2,2.0954,0.0812174,2.06053,23776.8
2.01,0.0812174,2,2.0954,0.0812174,2.06353,26510.9
2.01,0.0812174,2,2.0954,0.0812174,2.06653,23881.3
2.01,0.0812174,2,2.0954,0.0812174,2.06953,27648.4
2.01,0.0812174,2,2.0954,0.0812174,2.07254,26942
2.01,0.0812174,2,2.0954,0.0812174,2.07554,25855.8
2.01,0.0812174,2,2.0954,0.0812174,2.07854,26208.3
2.01,0.0812174,2,2.0954,0.0812174,2.08154,26241.3
2.01,0.0812174,2,2.0954,0.0812174,2.08454,25116
2.01,0.0812174,2,2.0954,0.0812174,2.08754,26552.3
2.01,0.0812174,2,2.0954,0.0812174,2.09055,29961.2
2.01,0.0812174,2,2.0954,0.0812174,2.09355,31164.5
2.01,0.0812174,2,2.0954,0.0812174,2.09655,27613.1
2.01,0.0812174,2,2.0954,0.0812174,2.09955,27215.5
2.01,0.0812174,2,2.0954,0.0812174,2.10255,29027.1
2.01,0.0812174,2,2.0954,0.0812174,2.10555,28671
2.01,0.0812174,2,2.0954,0.0812174,2.10855,28669
2.01,0.0812174,2,2.0954,0.0812174,2.11156,27883.7
2.01,0.0812174,2,2.0954,0.0812174,2.11456,28745.3
2.01,0.0812174,2,2.0954,0.0812174,2.11756,28177.8
2.01,0.0812174,2,2.0954,0.0812174,2.12056,27017.9
2.01,0.0812174,2,2.0954,0.0812174,2.12356,30485.4
2.01,0.0812174,2,2.0954,0.0812174,2.12656,28203.3
2.01,0.0812174,2,2.0954,0.0812174,2.12956,31214
2.01,0.0812174,2,2.0954,0.0812174,2.13257,29007
2.01,0.0812174,2,2.0954,0.0812174,2.13557,27545.4
2.01,0.0812174,2,2.0954,0.0812174,2.13857,27955.3
2.01,0.0812174,2,2.0954,0.0812174,2.14157,27664.3
2.01,0.0812174,2,2.0954,0.0812174,2.14457,28784
2.01,0.0812174,2,2.0954,0.0812174,2.14757,28268.6
2.01,0.0812174,2,2.0954,0.0812174,2.15058,31239.4
2.01,0.0812174,2,2.0954,0.0812174,2.15358,32655.6
2.01,0.0812174,2,2.0954,0.0812174,2.15658,31520.5
2.01,0.0812174,2,2.0954,0.0812174,2.15958,30223.2
2.01,0.0812174,2,2.0954,0.0812174,2.16258,30201.4
2.01,0.0812174,2,2.0954,0.0812174,2.16558,29835.9
2.01,0.0812174,2,2.0954,0.0812174,2.16858,31347.8
2.01,0.0812174,2,2.0954,0.0812174,2.17159,32151
2.01,0.0812174,2,2.0954,0.0812174,2.17459,28801.5
2.01,0.0812174,2,2.0954,0.0812174,2.17759,29195.5
2.01,0.0812174,2,2.0954,0.0812174,2.18059,28697.3
2.01,0.0812174,2,2.0954,0.0812174,2.18359,30611.2
2.01,0.0812174,2,2.0954,0.0812174,2.18659,30350.6
2.01,0.0812174,2,2.0954,0.0812174,2.18959,32238
2.01,0.0812174,2,2.0954,0.0812174,2.1926,29828.6
2.01,0.0812174,2,2.0954,0.0812174,2.1956,31506.9
2.01,0.0812174,2,2.0954,0.0812174,2.1986,30869.7
2.01,0.0812174,2,2.0954,0.0812174,2.2016,32611.4
2.01,0.0812174,2,2.0954,0.0812174,2.2046,29036.2
2.01,0.0812174,2,2.0954,0.0812174,2.2076,30917
2.01,0.0812174,2,2.0954,0.0812174,2.21061,31643.1
2.01,0.0812174,2,2.0954,0.0812174,2.21361,32008.2
2.01,0.0812174,2,2.0954,0.0812174,2.21661,30145.6
2.01,0.0812174,2,2.0954,0.0812174,2.21961,31674.5
2.01,0.0812174,2,2.0954,0.0812174,2.22261,32394.6
2.01,0.0812174,2,2.0954,0.0812174,2.22561,31439.5
2.01,0.0812174,2,2.0954,0.0812174,2.22861,32140.9
2.01,0.0812174,2,2.0954,0.0812174,2.23162,32550.5
2.01,0.0812174,2,2.0954,0.0812174,2.23462,34042.4
2.01,0.0812174,2,2.0954,0.0812174,2.23762,30800.2
2.01,0.0812174,2,2.0954,0.0812174,2.24062,32538.2
2.01,0.0812174,2,2.0954,0.0812174,2.24362,30688.5
2.01,0.0812174,2,2.0954,0.0812174,2.24662,31597.2
2.01,0.0812174,2,2.0954,0.0812174,2.24962,32931.7
2.01,0.0812174,2,2.0954,0.0812174,2.25263,31503
2.01,0.0812174,2,2.0954,0.0812174,2.25563,32088.2
2.01,0.0812174,2,2.0954,0.0812174,2.25863,32748.9
2.01,0.0812174,2,2.0954,0.0812174,2.26163,32150.3
2.01,0.0812174,2,2.0954,0.0812174,2.26463,34654.1
2.01,0.0812174,2,2.0954,0.0812174,2.26763,31790.5
2.01,0.0812174,2,2.0954,0.0812174,2.27064,31217.8
2.01,0.0812174,2,2.0954,0.0812174,2.27364,30892.9
2.01,0.0812174,2,2.0954,0.0812174,2.27664,34743.6
2.01,0.0812174,2,2.0954,0.0812174,2.27964,33955.3
2.01,0.0812174,2,2.0954,0.0812174,2.28264,35309.3
2.01,0.0812174,2,2.0954,0.0812174,2.28564,35895.7
2.01,0.0812174,2,2.0954,0.0812174,2.28864,31119.8
2.01,0.0812174,2,2.0954,0.0812174,2.29165,32795.4
2.01,0.0812174,2,2.0954,0.0812174,2.29465,35082.7
2.01,0.0812174,2,2.0954,0.0812174,2.29765,33777
2.01,0.0812174,2,2.0954,0.0812174,2.30065,32659.2
2.01,0.0812174,2,2.0954,0.0812174,2.30365,36533.6
2.01,0.0812174,2,2.0954,0.0812174,2.30665,32601.2
2.01,0.0812174,2,2.0954,0.0812174,2.30965,32814.3
2.01,0.0812174,2,2.0954,0.0812174,2.31266,37169.8
2.01,0.0812174,2,2.0954,0.0812174,2.31566,33336.3
2.01,0.0812174,2,2.0954,0.0812174,2.31866,32493.1
2.01,0.0812174,2,2.0954,0.0812174,2.32166,35994.6
2.01,0.0812174,2,2.0954,0.0812174,2.32466,32366.1
2.01,0.0812174,2,2.0954,0.0812174,2.32766,35620.4
2.01,0.0812174,2,2.0954,0.0812174,2.33067,33500
2.01,0.0812174,2,2.0954,0.0812174,2.33367,32370
2.01,0.0812174,2,2.0954,0.0812174,2.33667,36610.3
2.01,0.0812174,2,2.0954,0.0812174,2.33967,35892.9
2.01,0.0812174,2,2.0954,0.0812174,2.34267,37497.2
2.01,0.0812174,2,2.0954,0.0812174,2.34567,34663.9
2.01,0.0812174,2,2.0954,0.0812174,2.34867,37196.9
2.01,0.0812174,2,2.0954,0.0812174,2.35168,34893
2.01,0.0812174,2,2.0954,0.0812174,2.35468,36875.3
2.01,0.0812174,2,2.0954,0.0812174,2.35768,33433.8
2.01,0.0812174,2,2.0954,0.0812174,2.36068,33978.3
2.01,0.0812174,2,2.0954,0.0812174,2.36368,36914.4
2.01,0.0812174,2,2.0954,0.0812174,2.36668,33000.3
2.01,0.0812174,2,2.0954,0.0812174,2.36968,37818.2
2.01,0.0812174,2,2.0954,0.0812174,2.37269,34409.3
2.01,0.0812174,2,2.0954,0.0812174,2.37569,35896.3
2.01,0.0812174,2,2.0954,0.0812174,2.37869,33658.3
2.01,0.0812174,2,2.0954,0.0812174,2.38169,34718.2
2.01,0.0812174,2,2.0954,0.0812174,2.38469,34442.6
2.01,0.0812174,2,2.0954,0.0812174,2.38769,34075.3
2.01,0.0812174,2,2.0954,0.0812174,2.3907,33855.6
2.01,0.0812174,2,2.0954,0.0812174,2.3937,37862.4
2.01,0.0812174,2,2.0954,0.0812174,2.3967,33915.4
2.01,0.0812174,2,2.0954,0.0812174,2.3997,35175.7
2.01,0.0812174,2,2.0954,0.0812174,2.4027,35560.5
2.01,0.0812174,2,2.0954,0.0812174,2.4057,34320.7
2.01,0.0812174,2,2.0954,0.0812174,2.4087,35728.5
2.01,0.0812174,2,2.0954,0.0812174,2.41171,36204.3
2.01,0.0812174,2,2.0954,0.0812174,2.41471,36086.5
2.01,0.0812174,2,2.0954,0.0812174,2.41771,37826.2
2.01,0.0812174,2,2.0954,0.0812174,2.42071,36987
2.01,0.0812174,2,2.0954,0.0812174,2.42371,42583
2.01,0.0812174,2,2.0954,0.0812174,2.42671,35910.8
2.01,0.0812174,2,2.0954,0.0812174,2.42971,35038.2
2.01,0.0812174,2,2.0954,0.0812174,2.43272,38145.4
2.01,0.0812174,2,2.0954,0.0812174,2.43572,37486.7
2.01,0.0812174,2,2.0954,0.0812174,2.43872,34885.9
2.01,0.0812174,2,2.0954,0.0812174,2.44172,39179.1
2.01,0.0812174,2,2.0954,0.0812174,2.44472,37445.3
2.01,0.0812174,2,2.0954,0.0812174,2.44772,37325.1
2.01,0.0812174,2,2.0954,0.0812174,2.45073,36585.3
2.01,0.0812174,2,2.0954,0.0812174,2.45373,36773.8
2.01,0.0812174,2,2.0954,0.0812174,2.45673,36616.7
2.01,0.0812174,2,2.0954,0.0812174,2.45973,35105.8
2.01,0.0812174,2,2.0954,0.0812174,2.46273,39230.2
2.01,0.0812174,2,2.0954,0.0812174,2.46573,37088.7
2.01,0.0812174,2,2.0954,0.0812174,2.46873,37588.1
2.01,0.0812174,2,2.0954,0.0812174,2.47174,36619.3
2.01,0.0812174,2,2.0954,0.0812174,2.47474,40769.4
2.01,0.0812174,2,2.0954,0.0812174,2.47774,39752.8
2.01,0.0812174,2,2.0954,0.0812174,2.48074,36611.5
2.01,0.0812174,2,2.0954,0.0812174,2.48374,38042.3
2.01,0.0812174,2,2.0954,0.0812174,2.48674,42155.4
2.01,0.0812174,2,2.0954,0.0812174,2.48974,37605.1
2.01,0.0812174,2,2.0954,0.0812174,2.49275,36640.9
2.01,0.0812174,2,2.0954,0.0812174,2.49575,39290.2
2.01,0.0812174,2,2.0954,0.0812174,2.49875,39218.8
2.01,0.0812174,2,2.0954,0.0812174,2.50175,40452.6
2.01,0.0812174,2,2.0954,0.0812174,2.50475,37419.2
2.01,0.0812174,2,2.0954,0.0812174,2.50775,38706.5
2.01,0.0812174,2,2.0954,0.0812174,2.51076,38359.1
2.01,0.0812174,2,2.0954,0.0812174,2.51376,37259.7
2.01,0.0812174,2,2.0954,0.0812174,2.51676,39067.9
2.01,0.0812174,2,2.0954,0.0812174,2.51976,36748.4
2.01,0.0812174,2,2.0954,0.0812174,2.52276,37708.5
2.01,0.0812174,2,2.0954,0.0812174,2.52576,40668.8
2.01,0.0812174,2,2.0954,0.0812174,2.52876,40185.3
2.01,0.0812174,2,2.0954,0.0812174,2.53177,40336.6
2.01,0.0812174,2,2.0954,0.0812174,2.53477,37330.9
2.01,0.0812174,2,2.0954,0.0812174,2.53777,37764.7
2.01,0.0812174,2,2.0954,0.0812174,2.54077,37126.7
2.01,0.0812174,2,2.0954,0.0812174,2.54377,39168.3
2.01,0.0812174,2,2.0954,0.0812174,2.54677,38662.4
2.01,0.0812174,2,2.0954,0.0812174,2.54977,38494.4
2.01,0.0812174,2,2.0954,0.0812174,2.55278,39516.7
2.01,0.0812174,2,2.0954,0.0812174,2.55578,41255.1
2.01,0.0812174,2,2.0954,0.0812174,2.55878,39516.6
2.01,0.0812174,2,2.0954,0.0812174,2.56178,37234.2
2.01,0.0812174,2,2.0954,0.0812174,2.56478,39176.2
2.01,0.0812174,2,2.0954,0.0812174,2.56778,41710.6
2.01,0.0812174,2,2.0954,0.0812174,2.57079,38261.2
2.01,0.0812174,2,2.0954,0.0812174,2.57379,41197.8
2.01,0.0812174,2,2.0954,0.0812174,2.57679,39121.6
2.01,0.0812174,2,2.0954,0.0812174,2.57979,40186.3
2.01,0.0812174,2,2.0954,0.0812174,2.58279,41939.4
2.01,0.0812174,2,2.0954,0.0812174,2.58579,39133
2.01,0.0812174,2,2.0954,0.0812174,2.58879,42434.8
2.01,0.0812174,2,2.0954,0.0812174,2.5918,37694.8
2.01,0.0812174,2,2.0954,0.0812174,2.5948,42012.8
2.01,0.0812174,2,2.0954,0.0812174,2.5978,41911.5
2.01,0.0812174,2,2.0954,0.0812174,2.6008,38801.4
2.01,0.0812174,2,2.0954,0.0812174,2.6038,39668.6
2.01,0.0812174,2,2.0954,0.0812174,2.6068,39419.9
2.01,0.0812174,2,2.0954,0.0812174,2.6098,44939.5
2.01,0.0812174,2,2.0954,0.0812174,2.61281,40362.5
2.01,0.0812174,2,2.0954,0.0812174,2.61581,41375.5
2.01,0.0812174,2,2.0954,0.0812174,2.61881,43559.6
2.01,0.0812174,2,2.0954,0.0812174,2.62181,41482.2
2.01,0.0812174,2,2.0954,0.0812174,2.62481,43452
2.01,0.0812174,2,2.0954,0.0812174,2.62781,39675.5
2.01,0.0812174,2,2.0954,0.0812174,2.63082,39248.4
2.01,0.0812174,2,2.0954,0.0812174,2.63382,39747.2
2.01,0.0812174,2,2.0954,0.0812174,2.63682,41324.9
2.01,0.0812174,2,2.0954,0.0812174,2.63982,39112.7
2.01,0.0812174,2,2.0954,0.0812174,2.64282,42064.4
2.01,0.0812174,2,2.0954,0.0812174,2.64582,40199.5
2.01,0.0812174,2,2.0954,0.0812174,2.64882,39128.4
2.01,0.0812174,2,2.0954,0.0812174,2.65183,39091.1
2.01,0.0812174,2,2.0954,0.0812174,2.65483,39660
2.01,0.0812174,2,2.0954,0.0812174,2.65783,39635.5
2.01,0.0812174,2,2.0954,0.0812174,2.66083,41119.1
2.01,0.0812174,2,2.0954,0.0812174,2.66383,40438.6
2.01,0.0812174,2,2.0954,0.0812174,2.66683,39094.3
2.01,0.0812174,2,2.0954,0.0812174,2.66983,44127.3
2.01,0.0812174,2,2.0954,0.0812174,2.67284,39963.9
2.01,0.0812174,2,2.0954,0.0812174,2.67584,40232.1
2.01,0.0812174,2,2.0954,0.0812174,2.67884,40203.7
2.01,0.0812174,2,2.0954,0.0812174,2.68184,43563.7
2.01,0.0812174,2,2.0954,0.0812174,2.68484,40148.9
2.01,0.0812174,2,2.0954,0.0812174,2.68784,42157.9
2.01,0.0812174,2,2.0954,0.0812174,2.69085,43111.6
2.01,0.0812174,2,2.0954,0.0812174,2.69385,41246.9
2.01,0.0812174,2,2.0954,0.0812174,2.69685,39603.1
2.01,0.0812174,2,2.0954,0.0812174,2.69985,43083.2
2.01,0.0812174,2,2.0954,0.0812174,2.70285,44658.3
2.01,0.0812174,2,2.0954,0.0812174,2.70585,39759.7
2.01,0.0812174,2,2.0954,0.0812174,2.70885,43363.7
2.01,0.0812174,2,2.0954,0.0812174,2.71186,44096.4
2.01,0.0812174,2,2.0954,0.0812174,2.71486,41298.6
2.01,0.0812174,2,2.0954,0.0812174,2.71786,41818.8
2.01,0.0812174,2,2.0954,0.0812174,2.72086,40465.4
2.01,0.0812174,2,2.0954,0.0812174,2.72386,42180.2
2.01,0.0812174,2,2.0954,0.0812174,2.72686,42365.1
2.01,0.0812174,2,2.0954,0.0812174,2.72986,44212.4
2.01,0.0812174,2,2.0954,0.0812174,2.73287,39871.8
2.01,0.0812174,2,2.0954,0.0812174,2.73587,43800.6
2.01,0.0812174,2,2.0954,0.0812174,2.73887,43208.2
2.01,0.0812174,2,2.0954,0.0812174,2.74187,44302.3
2.01,0.0812174,2,2.0954,0.0812174,2.74487,40043.3
2.01,0.0812174,2,2.0954,0.0812174,2.74787,42413.9
2.01,0.0812174,2,2.0954,0.0812174,2.75088,48206.1
2.01,0.0812174,2,2.0954,0.0812174,2.75388,43323.7
2.01,0.0812174,2,2.0954,0.0812174,2.75688,41398.8
2.01,0.0812174,2,2.0954,0.0812174,2.75988,40746.2
2.01,0.0812174,2,2.0954,0.0812174,2.76288,47842.3
2.01,0.0812174,2,2.0954,0.0812174,2.76588,41966.2
2.01,0.0812174,2,2.0954,0.0812174,2.76888,41127.8
2.01,0.0812174,2,2.0954,0.0812174,2.77189,40846.7
2.01,0.0812174,2,2.0954,0.0812174,2.77489,41332.3
2.01,0.0812174,2,2.0954,0.0812174,2.77789,40636.7
2.01,0.0812174,2,2.0954,0.0812174,2.78089,42272.9
2.01,0.0812174,2,2.0954,0.0812174,2.78389,41219.1
2.01,0.0812174,2,2.0954,0.0812174,2.78689,41637.9
2.01,0.0812174,2,2.0954,0.0812174,2.78989,40971.1
2.01,0.0812174,2,2.0954,0.0812174,2.7929,40650.6
2.01,0.0812174,2,2.0954,0.0812174,2.7959,41536.8
2.01,0.0812174,2,2.0954,0.0812174,2.7989,40705.8
2.01,0.0812174,2,2.0954,0.0812174,2.8019,42439.3
2.01,0.0812174,2,2.0954,0.0812174,2.8049,40767.8
2.01,0.0812174,2,2.0954,0.0812174,2.8079,40697.4
2.01,0.0812174,2,2.0954,0.0812174,2.81091,42041.1
2.01,0.0812174,2,2.0954,0.0812174,2.81391,40925.8
2.01,0.0812174,2,2.0954,0.0812174,2.81691,41081.7
2.01,0.0812174,2,2.0954,0.0812174,2.81991,41082.4
2.01,0.0812174,2,2.0954,0.0812174,2.82291,40975.3
2.01,0.0812174,2,2.0954,0.0812174,2.82591,41484.2
2.01,0.0812174,2,2.0954,0.0812174,2.82891,42400.6
2.01,0.0812174,2,2.0954,0.0812174,2.83192,42346.5
2.01,0.0812174,2,2.0954,0.0812174,2.83492,41983.2
2.01,0.0812174,2,2.0954,0.0812174,2.83792,41228.9
2.01,0.0812174,2,2.0954,0.0812174,2.84092,41356.1
2.01,0.0812174,2,2.0954,0.0812174,2.84392,41376.8
2.01,0.0812174,2,2.0954,0.0812174,2.84692,41531
2.01,0.0812174,2,2.0954,0.0812174,2.84992,41457.7
2.01,0.0812174,2,2.0954,0.0812174,2.85293,44359.1
2.01,0.0812174,2,2.0954,0.0812174,2.85593,42370.8
2.01,0.0812174,2,2.0954,0.0812174,2.85893,45301.9
2.01,0.0812174,2,2.0954,0.0812174,2.86193,42892.3
2.01,0.0812174,2,2.0954,0.0812174,2.86493,42023.4
2.01,0.0812174,2,2.0954,0.0812174,2.86793,43192
2.01,0.0812174,2,2.0954,0.0812174,2.87094,42835.2
2.01,0.0812174,2,2.0954,0.0812174,2.87394,42128.7
2.01,0.0812174,2,2.0954,0.0812174,2.87694,42171.3
2.01,0.0812174,2,2.0954,0.0812174,2.87994,42259.2
2.01,0.0812174,2,2.0954,0.0812174,2.88294,42713.1
2.01,0.0812174,2,2.0954,0.0812174,2.88594,44267.4
2.01,0.0812174,2,2.0954,0.0812174,2.88894,42848.9
2.01,0.0812174,2,2.0954,0.0812174,2.89195,42035.6
2.01,0.0812174,2,2.0954,0.0812174,2.89495,42868.2
2.01,0.0812174,2,2.0954,0.0812174,2.89795,42499
2.01,0.0812174,2,2.0954,0.0812174,2.90095,42132.8
2.01,0.0812174,2,2.0954,0.0812174,2.90395,44641.3
2.01,0.0812174,2,2.0954,0.0812174,2.90695,42751.2
2.01,0.0812174,2,2.0954,0.0812174,2.90995,44798.3
2.01,0.0812174,2,2.0954,0.0812174,2.91296,45093.6
2.01,0.0812174,2,2.0954,0.0812174,2.91596,44305.2
2.01,0.0812174,2,2.0954,0.0812174,2.91896,43199.2
2.01,0.0812174,2,2.0954,0.0812174,2.92196,44834.1
2.01,0.0812174,2,2.0954,0.0812174,2.92496,44472.6
2.01,0.0812174,2,2.0954,0.0812174,2.92796,42697.3
2.01,0.0812174,2,2.0954,0.0812174,2.93097,42600.7
2.01,0.0812174,2,2.0954,0.0812174,2.93397,43111.3
2.01,0.0812174,2,2.0954,0.0812174,2.93697,45839.6
2.01,0.0812174,2,2.0954,0.0812174,2.93997,44539.5
2.01,0.0812174,2,2.0954,0.0812174,2.94297,43544.6
2.01,0.0812174,2,2.0954,0.0812174,2.94597,46977.6
2.01,0.0812174,2,2.0954,0.0812174,2.94897,46411.1
2.01,0.0812174,2,2.0954,0.0812174,2.95198,44591.7
2.01,0.0812174,2,2.0954,0.0812174,2.95498,45288.8
2.01,0.0812174,2,2.0954,0.0812174,2.95798,43284.5
2.01,0.0812174,2,2.0954,0.0812174,2.96098,44244.7
2.01,0.0812174,2,2.0954,0.0812174,2.96398,44707
2.01,0.0812174,2,2.0954,0.0812174,2.96698,43230.7
2.01,0.0812174,2,2.0954,0.0812174,2.96998,45097.1
2.01,0.0812174,2,2.0954,0.0812174,2.97299,45036.6
2.01,0.0812174,2,2.0954,0.0812174,2.97599,43864.2
2.01,0.0812174,2,2.0954,0.0812174,2.97899,43308.2
2.01,0.0812174,2,2.0954,0.0812174,2.98199,43807.3
2.01,0.0812174,2,2.0954,0.0812174,2.98499,45309.2
2.01,0.0812174,2,2.0954,0.0812174,2.98799,45774
2.01,0.0812174,2,2.0954,0.0812174,2.991,43645.4
2.01,0.0812174,2,2.0954,0.0812174,2.994,44577.1
2.01,0.0812174,2,2.0954,0.0812174,2.997,46415.2
2.01,0.0812174,2,2.0954,0.0812174,3,45809.1

2.001,0.0820978,2,2.33538,0.0820978,-3,-23223.1
2.001,0.0820978,2,2.33538,0.0820978,-2.997,-23575.9
2.001,0.0820978,2,2.33538,0.0820978,-2.994,-24226.8
2.001,0.0820978,2,2.33538,0.0820978,-2.991,-26064.8
2.001,0.0820978,2,2.33538,0.0820978,-2.98799,-21954.8
2.001,0.0820978,2,2.33538,0.0820978,-2.98499,-23863.7
2.001,0.0820978,2,2.33538,0.0820978,-2.98199,-23479.8
2.001,0.0820978,2,2.33538,0.0820978,-2.97899,-23124.3
2.001,0.0820978,2,2.33538,0.0820978,-2.97599,-22916.5
2.001,0.0820978,2,2.33538,0.0820978,-2.97299,-21912.4
2.001,0.0820978,2,2.33538,0.0820978,-2.96998,-21719.1
2.001,0.0820978,2,2.33538,0.0820978,-2.96698,-21960.3
2.001,0.0820978,2,2.33538,0.0820978,-2.96398,-23031.3
2.001,0.0820978,2,2.33538,0.0820978,-2.96098,-23026.2
2.001,0.0820978,2,2.33538,0.0820978,-2.95798,-23158.4
2.001,0.0820978,2,2.33538,0.0820978,-2.95498,-24680.6
2.001,0.0820978,2,2.33538,0.0820978,-2.95198,-23554.9
2.001,0.0820978,2,2.33538,0.0820978,-2.94897,-24214
2.001,0.0820978,2,2.33538,0.0820978,-2.94597,-22275.4
2.001,0.0820978,2,2.33538,0.0820978,-2.94297,-22820.1
2.001,0.0820978,2,2.33538,0.0820978,-2.93997,-23565.7
2.001,0.0820978,2,2.33538,0.0820978,-2.93697,-24930
2.001,0.0820978,2,2.33538,0.0820978,-2.93397,-23878.2
2.001,0.0820978,2,2.33538,0.0820978,-2.93097,-21678.5
2.001,0.0820978,2,2.33538,0.0820978,-2.92796,-22779.5
2.001,0.0820978,2,2.33538,0.0820978,-2.92496,-22424.8
2.001,0.0820978,2,2.33538,0.0820978,-2.92196,-24946.4
2.001,0.0820978,2,2.33538,0.0820978,-2.91896,-24124.9
2.001,0.0820978,2,2.33538,0.0820978,-2.91596,-23165.5
2.001,0.0820978,2,2.33538,0.0820978,-2.91296,-27187.7
2.001,0.0820978,2,2.33538,0.0820978,-2.90995,-21745.1
2.001,0.0820978,2,2.33538,0.0820978,-2.90695,-25163.9
2.001,0.0820978,2,2.33538,0.0820978,-2.90395,-25589.1
2.001,0.0820978,2,2.33538,0.0820978,-2.90095,-22182.4
2.001,0.0820978,2,2.33538,0.0820978,-2.89795,-22405.5
2.001,0.0820978,2,2.33538,0.0820978,-2.89495,-21617.3
2.001,0.0820978,2,2.33538,0.0820978,-2.89195,-22800
2.001,0.0820978,2,2.33538,0.0820978,-2.88894,-24032.3
2.001,0.0820978,2,2.33538,0.0820978,-2.88594,-23275
2.001,0.0820978,2,2.33538,0.0820978,-2.88294,-21719.8
2.001,0.0820978,2,2.33538,0.0820978,-2.87994,-27577.7
2.001,0.0820978,2,2.33538,0.0820978,-2.87694,-24146.6
2.001,0.0820978,2,2.33538,0.0820978,-2.87394,-23008.1
2.001,0.0820978,2,2.33538,0.0820978,-2.87094,-23431.3
2.001,0.0820978,2,2.33538,0.0820978,-2.86793,-21646.9
2.001,0.0820978,2,2.33538,0.0820978,-2.86493,-22639.5
2.001,0.0820978,2,2.33538,0.0820978,-2.86193,-24700.3
2.001,0.0820978,2,2.33538,0.0820978,-2.85893,-22501.1
2.001,0.0820978,2,2.33538,0.0820978,-2.85593,-23685.5
2.001,0.0820978,2,2.33538,0.0820978,-2.85293,-23914.2
2.001,0.0820978,2,2.33538,0.0820978,-2.84992,-23114.9
2.001,0.0820978,2,2.33538,0.0820978,-2.84692,-25150
2.001,0.0820978,2,2.33538,0.0820978,-2.84392,-22527.9
2.001,0.0820978,2,2.33538,0.0820978,-2.84092,-24682.4
2.001,0.0820978,2,2.33538,0.0820978,-2.83792,-23874.9
2.001,0.0820978,2,2.33538,0.0820978,-2.83492,-22557.6
2.001,0.0820978,2,2.33538,0.0820978,-2.83192,-22222.9
2.001,0.0820978,2,2.33538,0.0820978,-2.82891,-25112.4
2.001,0.0820978,2,2.33538,0.0820978,-2.82591,-22295.4
2.001,0.0820978,2,2.33538,0.0820978,-2.82291,-22574.9
2.001,0.0820978,2,2.33538,0.0820978,-2.81991,-24082.1
2.001,0.0820978,2,2.33538,0.0820978,-2.81691,-22091.6
2.001,0.0820978,2,2.33538,0.0820978,-2.81391,-22669.6
2.001,0.0820978,2,2.33538,0.0820978,-2.81091,-22487.1
2.001,0.0820978,2,2.33538,0.0820978,-2.8079,-22623.6
2.001,0.0820978,2,2.33538,0.0820978,-2.8049,-24990.8
2.001,0.0820978,2,2.33538,0.0820978,-2.8019,-25686.5
2.001,0.0820978,2,2.33538,0.0820978,-2.7989,-23232.5
2.001,0.0820978,2,2.33538,0.0820978,-2.7959,-22126
2.001,0.0820978,2,2.33538,0.0820978,-2.7929,-23798.4
2.001,0.0820978,2,2.33538,0.0820978,-2.78989,-24826.2
2.001,0.0820978,2,2.33538,0.0820978,-2.78689,-22453.9
2.001,0.0820978,2,2.33538,0.0820978,-2.78389,-25263.9
2.001,0.0820978,2,2.33538,0.0820978,-2.78089,-23764.1
2.001,0.0820978,2,2.33538,0.0820978,-2.77789,-23410.1
2.001,0.0820978,2,2.33538,0.0820978,-2.77489,-21731.4
2.001,0.0820978,2,2.33538,0.0820978,-2.77189,-22067.9
2.001,0.0820978,2,2.33538,0.0820978,-2.76888,-24083
2.001,0.0820978,2,2.33538,0.0820978,-2.76588,-22289.7
2.001,0.0820978,2,2.33538,0.0820978,-2.76288,-22801.5
2.001,0.0820978,2,2.33538,0.0820978,-2.75988,-24056.9
2.001,0.0820978,2,2.33538,0.0820978,-2.75688,-23520.6
2.001,0.0820978,2,2.33538,0.0820978,-2.75388,-22975
2.001,0.0820978,2,2.33538,0.0820978,-2.75088,-22264
2.001,0.0820978,2,2.33538,0.0820978,-2.74787,-24277.2
2.001,0.0820978,2,2.33538,0.0820978,-2.74487,-23001.9
2.001,0.0820978,2,2.33538,0.0820978,-2.74187,-23426.7
2.001,0.0820978,2,2.33538,0.0820978,-2.73887,-24678.9
2.001,0.0820978,2,2.33538,0.0820978,-2.73587,-21604.5
2.001,0.0820978,2,2.33538,0.0820978,-2.73287,-23196.4
2.001,0.0820978,2,2.33538,0.0820978,-2.72986,-22579.6
2.001,0.0820978,2,2.33538,0.0820978,-2.72686,-21785.2
2.001,0.0820978,2,2.33538,0.0820978,-2.72386,-22034.3
2.001,0.0820978,2,2.33538,0.0820978,-2.72086,-21678
2.001,0.0820978,2,2.33538,0.0820978,-2.71786,-25204.2
2.001,0.0820978,2,2.33538,0.0820978,-2.71486,-22614.1
2.001,0.0820978,2,2.33538,0.0820978,-2.71186,-22732.7
2.001,0.0820978,2,2.33538,0.0820978,-2.70885,-27338.6
2.001,0.0820978,2,2.33538,0.0820978,-2.70585,-22593.9
2.001,0.0820978,2,2.33538,0.0820978,-2.70285,-23056
2.001,0.0820978,2,2.33538,0.0820978,-2.69985,-24688.5
2.001,0.0820978,2,2.33538,0.0820978,-2.69685,-21592.9
2.001,0.0820978,2,2.33538,0.0820978,-2.69385,-22509
2.001,0.0820978,2,2.33538,0.0820978,-2.69085,-23963.5
2.001,0.0820978,2,2.33538,0.0820978,-2.68784,-25943.4
2.001,0.0820978,2,2.33538,0.0820978,-2.68484,-21851.7
2.001,0.0820978,2,2.33538,0.0820978,-2.68184,-23411.9
2.001,0.0820978,2,2.33538,0.0820978,-2.67884,-24233.5
2.001,0.0820978,2,2.33538,0.0820978,-2.67584,-22972.3
2.001,0.0820978,2,2.33538,0.0820978,-2.67284,-22573.7
2.001,0.0820978,2,2.33538,0.0820978,-2.66983,-22911.5
2.001,0.0820978,2,2.33538,0.0820978,-2.66683,-23251.1
2.001,0.0820978,2,2.33538,0.0820978,-2.66383,-21933.6
2.001,0.0820978,2,2.33538,0.0820978,-2.66083,-23049.8
2.001,0.0820978,2,2.33538,0.0820978,-2.65783,-21546.9
2.001,0.0820978,2,2.33538,0.0820978,-2.65483,-21776.7
2.001,0.0820978,2,2.33538,0.0820978,-2.65183,-21667.1
2.001,0.0820978,2,2.33538,0.0820978,-2.64882,-22999.8
2.001,0.0820978,2,2.33538,0.0820978,-2.64582,-21979.4
2.001,0.0820978,2,2.33538,0.0820978,-2.64282,-22936.8
2.001,0.0820978,2,2.33538,0.0820978,-2.63982,-23808
2.001,0.0820978,2,2.33538,0.0820978,-2.63682,-21443.1
2.001,0.0820978,2,2.33538,0.0820978,-2.63382,-23621.7
2.001,0.0820978,2,2.33538,0.0820978,-2.63082,-22563.3
2.001,0.0820978,2,2.33538,0.0820978,-2.62781,-21642
2.001,0.0820978,2,2.33538,0.0820978,-2.62481,-21270.6
2.001,0.0820978,2,2.33538,0.0820978,-2.62181,-22101.5
2.001,0.0820978,2,2.33538,0.0820978,-2.61881,-22072
2.001,0.0820978,2,2.33538,0.0820978,-2.61581,-24222.4
2.001,0.0820978,2,2.33538,0.0820978,-2.61281,-21439.2
2.001,0.0820978,2,2.33538,0.0820978,-2.6098,-22143.2
2.001,0.0820978,2,2.33538,0.0820978,-2.6068,-22359.1
2.001,0.0820978,2,2.33538,0.0820978,-2.6038,-21518.2
2.001,0.0820978,2,2.33538,0.0820978,-2.6008,-21728.9
2.001,0.0820978,2,2.33538,0.0820978,-2.5978,-23060.8
2.001,0.0820978,2,2.33538,0.0820978,-2.5948,-23528.3
2.001,0.0820978,2,2.33538,0.0820978,-2.5918,-22140
2.001,0.0820978,2,2.33538,0.0820978,-2.58879,-24073.1
2.001,0.0820978,2,2.33538,0.0820978,-2.58579,-22664.5
2.001,0.0820978,2,2.33538,0.0820978,-2.58279,-22983.9
2.001,0.0820978,2,2.33538,0.0820978,-2.57979,-24900
2.001,0.0820978,2,2.33538,0.0820978,-2.57679,-24138.4
2.001,0.0820978,2,2.33538,0.0820978,-2.57379,-23511.8
2.001,0.0820978,2,2.33538,0.0820978,-2.57079,-22414.5
2.001,0.0820978,2,2.33538,0.0820978,-2.56778,-22991
2.001,0.0820978,2,2.33538,0.0820978,-2.56478,-21164.9
2.001,0.0820978,2,2.33538,0.0820978,-2.56178,-22985.8
2.001,0.0820978,2,2.33538,0.0820978,-2.55878,-22452.2
2.001,0.0820978,2,2.33538,0.0820978,-2.55578,-22818.2
2.001,0.0820978,2,2.33538,0.0820978,-2.55278,-22038.2
2.001,0.0820978,2,2.33538,0.0820978,-2.54977,-21282.3
2.001,0.0820978,2,2.33538,0.0820978,-2.54677,-23407.4
2.001,0.0820978,2,2.33538,0.0820978,-2.54377,-21305.5
2.001,0.0820978,2,2.33538,0.0820978,-2.54077,-24689.3
2.001,0.0820978,2,2.33538,0.0820978,-2.53777,-23735.3
2.001,0.0820978,2,2.33538,0.0820978,-2.53477,-21101
2.001,0.0820978,2,2.33538,0.0820978,-2.53177,-21693.6
2.001,0.0820978,2,2.33538,0.0820978,-2.52876,-23507.3
2.001,0.0820978,2,2.33538,0.0820978,-2.52576,-21397.3
2.001,0.0820978,2,2.33538,0.0820978,-2.52276,-25206.2
2.001,0.0820978,2,2.33538,0.0820978,-2.51976,-23580.5
2.001,0.0820978,2,2.33538,0.0820978,-2.51676,-22024.4
2.001,0.0820978,2,2.33538,0.0820978,-2.51376,-20950.4
2.001,0.0820978,2,2.33538,0.0820978,-2.51076,-24284.9
2.001,0.0820978,2,2.33538,0.0820978,-2.50775,-20959
2.001,0.0820978,2,2.33538,0.0820978,-2.50475,-20889
2.001,0.0820978,2,2.33538,0.0820978,-2.50175,-21119.5
2.001,0.0820978,2,2.33538,0.0820978,-2.49875,-23124.1
2.001,0.0820978,2,2.33538,0.0820978,-2.49575,-20961.7
2.001,0.0820978,2,2.33538,0.0820978,-2.49275,-22293.6
2.001,0.0820978,2,2.33538,0.0820978,-2.48974,-23034.9
2.001,0.0820978,2,2.33538,0.0820978,-2.48674,-23851
2.001,0.0820978,2,2.33538,0.0820978,-2.48374,-20858.7
2.001,0.0820978,2,2.33538,0.0820978,-2.48074,-22562.8
2.001,0.0820978,2,2.33538,0.0820978,-2.47774,-20912.8
2.001,0.0820978,2,2.33538,0.0820978,-2.47474,-23039.8
2.001,0.0820978,2,2.33538,0.0820978,-2.47174,-21421
2.001,0.0820978,2,2.33538,0.0820978,-2.46873,-22030.6
2.001,0.0820978,2,2.33538,0.0820978,-2.46573,-21466.5
2.001,0.0820978,2,2.33538,0.0820978,-2.46273,-20862.5
2.001,0.0820978,2,2.33538,0.0820978,-2.45973,-23175
2.001,0.0820978,2,2.33538,0.0820978,-2.45673,-23029.7
2.001,0.0820978,2,2.33538,0.0820978,-2.45373,-22930.7
2.001,0.0820978,2,2.33538,0.0820978,-2.45073,-20941.4
2.001,0.0820978,2,2.33538,0.0820978,-2.44772,-25111.1
2.001,0.0820978,2,2.33538,0.0820978,-2.44472,-22182.2
2.001,0.0820978,2,2.33538,0.0820978,-2.44172,-21313.7
2.001,0.0820978,2,2.33538,0.0820978,-2.43872,-21099.6
2.001,0.0820978,2,2.33538,0.0820978,-2.43572,-23111.7
2.001,0.0820978,2,2.33538,0.0820978,-2.43272,-21782.8
2.001,0.0820978,2,2.33538,0.0820978,-2.42971,-21590.6
2.001,0.0820978,2,2.33538,0.0820978,-2.42671,-21996.6
2.001,0.0820978,2,2.33538,0.0820978,-2.42371,-23417.3
2.001,0.0820978,2,2.33538,0.0820978,-2.42071,-22933.8
2.001,0.0820978,2,2.33538,0.0820978,-2.41771,-21733.5
2.001,0.0820978,2,2.33538,0.0820978,-2.41471,-22204.7
2.001,0.0820978,2,2.33538,0.0820978,-2.41171,-25408.1
2.001,0.0820978,2,2.33538,0.0820978,-2.4087,-22573.3
2.001,0.0820978,2,2.33538,0.0820978,-2.4057,-20546.7
2.001,0.0820978,2,2.33538,0.0820978,-2.4027,-21274.6
2.001,0.0820978,2,2.33538,0.0820978,-2.3997,-21431
2.001,0.0820978,2,2.33538,0.0820978,-2.3967,-23099.9
2.001,0.0820978,2,2.33538,0.0820978,-2.3937,-23146.5
2.001,0.0820978,2,2.33538,0.0820978,-2.3907,-22980.5
2.001,0.0820978,2,2.33538,0.0820978,-2.38769,-22010.6
2.001,0.0820978,2,2.33538,0.0820978,-2.38469,-21163.8
2.001,0.0820978,2,2.33538,0.0820978,-2.38169,-20664.3
2.001,0.0820978,2,2.33538,0.0820978,-2.37869,-21671.8
2.001,0.0820978,2,2.33538,0.0820978,-2.37569,-21201.3
2.001,0.0820978,2,2.33538,0.0820978,-2.37269,-20661.7
2.001,0.0820978,2,2.33538,0.0820978,-2.36968,-22010.9
2.001,0.0820978,2,2.33538,0.0820978,-2.36668,-23240.2
2.001,0.0820978,2,2.33538,0.0820978,-2.36368,-21279.5
2.001,0.0820978,2,2.33538,0.0820978,-2.36068,-20462.5
2.001,0.0820978,2,2.33538,0.0820978,-2.35768,-22339.8
2.001,0.0820978,2,2.33538,0.0820978,-2.35468,-20329.3
2.001,0.0820978,2,2.33538,0.0820978,-2.35168,-20914.4
2.001,0.0820978,2,2.33538,0.0820978,-2.34867,-20510.9
2.001,0.0820978,2,2.33538,0.0820978,-2.34567,-22082.2
2.001,0.0820978,2,2.33538,0.0820978,-2.34267,-20227.9
2.001,0.0820978,2,2.33538,0.0820978,-2.33967,-22591.5
2.001,0.0820978,2,2.33538,0.0820978,-2.33667,-20344.9
2.001,0.0820978,2,2.33538,0.0820978,-2.33367,-20349.5
2.001,0.0820978,2,2.33538,0.0820978,-2.33067,-20086.7
2.001,0.0820978,2,2.33538,0.0820978,-2.32766,-22946.2
2.001,0.0820978,2,2.33538,0.0820978,-2.32466,-20314.2
2.001,0.0820978,2,2.33538,0.0820978,-2.32166,-24052.3
2.001,0.0820978,2,2.33538,0.0820978,-2.31866,-21035.6
2.001,0.0820978,2,2.33538,0.0820978,-2.31566,-21321.9
2.001,0.0820978,2,2.33538,0.0820978,-2.31266,-21345.4
2.001,0.0820978,2,2.33538,0.0820978,-2.30965,-20466.2
2.001,0.0820978,2,2.33538,0.0820978,-2.30665,-22555.8
2.001,0.0820978,2,2.33538,0.0820978,-2.30365,-19785.7
2.001,0.0820978,2,2.33538,0.0820978,-2.30065,-20375.6
2.001,0.0820978,2,2.33538,0.0820978,-2.29765,-20066.8
2.001,0.0820978,2,2.33538,0.0820978,-2.29465,-21126.7
2.001,0.0820978,2,2.33538,0.0820978,-2.29165,-20399.1
2.001,0.0820978,2,2.33538,0.0820978,-2.28864,-21524.9
2.001,0.0820978,2,2.33538,0.0820978,-2.28564,-22558.9
2.001,0.0820978,2,2.33538,0.0820978,-2.28264,-19866.3
2.001,0.0820978,2,2.33538,0.0820978,-2.27964,-21634.2
2.001,0.0820978,2,2.33538,0.0820978,-2.27664,-21304.4
2.001,0.0820978,2,2.33538,0.0820978,-2.27364,-21493.6
2.001,0.0820978,2,2.33538,0.0820978,-2.27064,-20749.9
2.001,0.0820978,2,2.33538,0.0820978,-2.26763,-22567.4
2.001,0.0820978,2,2.33538,0.0820978,-2.26463,-21705.1
2.001,0.0820978,2,2.33538,0.0820978,-2.26163,-20157.6
2.001,0.0820978,2,2.33538,0.0820978,-2.25863,-19445.7
2.001,0.0820978,2,2.33538,0.0820978,-2.25563,-21374.9
2.001,0.0820978,2,2.33538,0.0820978,-2.25263,-19972.4
2.001,0.0820978,2,2.33538,0.0820978,-2.24962,-19933.1
2.001,0.0820978,2,2.33538,0.0820978,-2.24662,-20326.1
2.001,0.0820978,2,2.33538,0.0820978,-2.24362,-19173.5
2.001,0.0820978,2,2.33538,0.0820978,-2.24062,-21280.7
2.001,0.0820978,2,2.33538,0.0820978,-2.23762,-20580.8
2.001,0.0820978,2,2.33538,0.0820978,-2.23462,-19862.2
2.001,0.0820978,2,2.33538,0.0820978,-2.23162,-22603.2
2.001,0.0820978,2,2.33538,0.0820978,-2.22861,-19173.8
2.001,0.0820978,2,2.33538,0.0820978,-2.22561,-20296.1
2.001,0.0820978,2,2.33538,0.0820978,-2.22261,-21144.8
2.001,0.0820978,2,2.33538,0.0820978,-2.21961,-19709.4
2.001,0.0820978,2,2.33538,0.0820978,-2.21661,-20672.4
2.001,0.0820978,2,2.33538,0.0820978,-2.21361,-21659.9
2.001,0.0820978,2,2.33538,0.0820978,-2.21061,-18687
2.001,0.0820978,2,2.33538,0.0820978,-2.2076,-18604.5
2.001,0.0820978,2,2.33538,0.0820978,-2.2046,-20819.4
2.001,0.0820978,2,2.33538,0.0820978,-2.2016,-19356.1
2.001,0.0820978,2,2.33538,0.0820978,-2.1986,-18837.1
2.001,0.0820978,2,2.33538,0.0820978,-2.1956,-19609.3
2.001,0.0820978,2,2.33538,0.0820978,-2.1926,-18505.9
2.001,0.0820978,2,2.33538,0.0820978,-2.18959,-19177.4
2.001,0.0820978,2,2.33538,0.0820978,-2.18659,-19264.5
2.001,0.0820978,2,2.33538,0.0820978,-2.18359,-20565.2
2.001,0.0820978,2,2.33538,0.0820978,-2.18059,-19650.2
2.001,0.0820978,2,2.33538,0.0820978,-2.17759,-18484.8
2.001,0.0820978,2,2.33538,0.0820978,-2.17459,-17822.3
2.001,0.0820978,2,2.33538,0.0820978,-2.17159,-20096.8
2.001,0.0820978,2,2.33538,0.0820978,-2.16858,-18083
2.001,0.0820978,2,2.33538,0.0820978,-2.16558,-19219.1
2.001,0.0820978,2,2.33538,0.0820978,-2.16258,-18497.7
2.001,0.0820978,2,2.33538,0.0820978,-2.15958,-19842.8
2.001,0.0820978,2,2.33538,0.0820978,-2.15658,-19370.4
2.001,0.0820978,2,2.33538,0.0820978,-2.15358,-18944
2.001,0.0820978,2,2.33538,0.0820978,-2.15058,-19814.2
2.001,0.0820978,2,2.33538,0.0820978,-2.14757,-19534
2.001,0.0820978,2,2.33538,0.0820978,-2.14457,-18994.3
2.001,0.0820978,2,2.33538,0.0820978,-2.14157,-18368.5
2.001,0.0820978,2,2.33538,0.0820978,-2.13857,-18450.7
2.001,0.0820978,2,2.33538,0.0820978,-2.13557,-17139
2.001,0.0820978,2,2.33538,0.0820978,-2.13257,-16017
2.001,0.0820978,2,2.33538,0.0820978,-2.12956,-19262.9
2.001,0.0820978,2,2.33538,0.0820978,-2.12656,-15331.4
2.001,0.0820978,2,2.33538,0.0820978,-2.12356,15322.8
2.001,0.0820978,2,2.33538,0.0820978,-2.12056,15816
2.001,0.0820978,2,2.33538,0.0820978,-2.11756,16810.2
2.001,0.0820978,2,2.33538,0.0820978,-2.11456,19881.1
2.001,0.0820978,2,2.33538,0.0820978,-2.11156,16815.2
2.001,0.0820978,2,2.33538,0.0820978,-2.10855,19422.2
2.001,0.0820978,2,2.33538,0.0820978,-2.10555,21626.1
2.001,0.0820978,2,2.33538,0.0820978,-2.10255,20437.5
2.001,0.0820978,2,2.33538,0.0820978,-2.09955,17384.7
2.001,0.0820978,2,2.33538,0.0820978,-2.09655,21348.2
2.001,0.0820978,2,2.33538,0.0820978,-2.09355,19954.6
2.001,0.0820978,2,2.33538,0.0820978,-2.09055,18988
2.001,0.0820978,2,2.33538,0.0820978,-2.08754,18807.8
2.001,0.0820978,2,2.33538,0.0820978,-2.08454,19237.1
2.001,0.0820978,2,2.33538,0.0820978,-2.08154,20143.3
2.001,0.0820978,2,2.33538,0.0820978,-2.07854,19389.8
2.001,0.0820978,2,2.33538,0.0820978,-2.07554,18256.8
2.001,0.0820978,2,2.33538,0.0820978,-2.07254,18191.7
2.001,0.0820978,2,2.33538,0.0820978,-2.06953,20929.1
2.001,0.0820978,2,2.33538,0.0820978,-2.06653,18425.2
2.001,0.0820978,2,2.33538,0.0820978,-2.06353,19075.6
2.001,0.0820978,2,2.33538,0.0820978,-2.06053,18645.8
2.001,0.0820978,2,2.33538,0.0820978,-2.05753,20263
2.001,0.0820978,2,2.33538,0.0820978,-2.05453,20238.3
2.001,0.0820978,2,2.33538,0.0820978,-2.05153,19009.7
2.001,0.0820978,2,2.33538,0.0820978,-2.04852,20075.4
2.001,0.0820978,2,2.33538,0.0820978,-2.04552,19489.2
2.001,0.0820978,2,2.33538,0.0820978,-2.04252,19793.3
2.001,0.0820978,2,2.33538,0.0820978,-2.03952,22013.7
2.001,0.0820978,2,2.33538,0.0820978,-2.03652,19421.6
2.001,0.0820978,2,2.33538,0.0820978,-2.03352,18948.9
2.001,0.0820978,2,2.33538,0.0820978,-2.03052,18917.7
2.001,0.0820978,2,2.33538,0.0820978,-2.02751,19168.1
2.001,0.0820978,2,2.33538,0.0820978,-2.02451,20649.5
2.001,0.0820978,2,2.33538,0.0820978,-2.02151,20792.5
2.001,0.0820978,2,2.33538,0.0820978,-2.01851,20005.2
2.001,0.0820978,2,2.33538,0.0820978,-2.01551,21423.7
2.001,0.0820978,2,2.33538,0.0820978,-2.01251,20162
2.001,0.0820978,2,2.33538,0.0820978,-2.0095,22152
2.001,0.0820978,2,2.33538,0.0820978,-2.0065,21233.3
2.001,0.0820978,2,2.33538,0.0820978,-2.0035,21148.1
2.001,0.0820978,2,2.33538,0.0820978,-2.0005,21310.1
2.001,0.0820978,2,2.33538,0.0820978,-1.9975,23771.6
2.001,0.0820978,2,2.33538,0.0820978,-1.9945,20746.6
2.001,0.0820978,2,2.33538,0.0820978,-1.9915,20609.4
2.001,0.0820978,2,2.33538,0.0820978,-1.98849,23007.9
2.001,0.0820978,2,2.33538,0.0820978,-1.98549,23397.6
2.001,0.0820978,2,2.33538,0.0820978,-1.98249,20499.3
2.001,0.0820978,2,2.33538,0.0820978,-1.97949,20322.1
2.001,0.0820978,2,2.33538,0.0820978,-1.97649,19637.8
2.001,0.0820978,2,2.33538,0.0820978,-1.97349,20181.6
2.001,0.0820978,2,2.33538,0.0820978,-1.97049,23413.8
2.001,0.0820978,2,2.33538,0.0820978,-1.96748,21009.1
2.001,0.0820978,2,2.33538,0.0820978,-1.96448,21862.2
2.001,0.0820978,2,2.33538,0.0820978,-1.96148,21066.6
2.001,0.0820978,2,2.33538,0.0820978,-1.95848,21271.5
2.001,0.0820978,2,2.33538,0.0820978,-1.95548,23204
2.001,0.0820978,2,2.33538,0.0820978,-1.95248,22603.9
2.001,0.0820978,2,2.33538,0.0820978,-1.94947,20037.7
2.001,0.0820978,2,2.33538,0.0820978,-1.94647,22126.5
2.001,0.0820978,2,2.33538,0.0820978,-1.94347,20987.8
2.001,0.0820978,2,2.33538,0.0820978,-1.94047,21473.1
2.001,0.0820978,2,2.33538,0.0820978,-1.93747,22492.8
2.001,0.0820978,2,2.33538,0.0820978,-1.93447,23946.5
2.001,0.0820978,2,2.33538,0.0820978,-1.93147,20857.1
2.001,0.0820978,2,2.33538,0.0820978,-1.92846,20845.8
2.001,0.0820978,2,2.33538,0.0820978,-1.92546,21613.2
2.001,0.0820978,2,2.33538,0.0820978,-1.92246,21574.6
2.001,0.0820978,2,2.33538,0.0820978,-1.91946,20974.6
2.001,0.0820978,2,2.33538,0.0820978,-1.91646,22952.4
2.001,0.0820978,2,2.33538,0.0820978,-1.91346,21747.1
2.001,0.0820978,2,2.33538,0.0820978,-1.91046,23284.8
2.001,0.0820978,2,2.33538,0.0820978,-1.90745,22438.2
2.001,0.0820978,2,2.33538,0.0820978,-1.90445,20496.1
2.001,0.0820978,2,2.33538,0.0820978,-1.90145,22721.7
2.001,0.0820978,2,2.33538,0.0820978,-1.89845,20364.9
2.001,0.0820978,2,2.33538,0.0820978,-1.89545,22084.2
2.001,0.0820978,2,2.33538,0.0820978,-1.89245,22226.1
2.001,0.0820978,2,2.33538,0.0820978,-1.88944,25733.4
2.001,0.0820978,2,2.33538,0.0820978,-1.88644,22700.5
2.001,0.0820978,2,2.33538,0.0820978,-1.88344,22132.9
2.001,0.0820978,2,2.33538,0.0820978,-1.88044,22447.7
2.001,0.0820978,2,2.33538,0.0820978,-1.87744,23613
2.001,0.0820978,2,2.33538,0.0820978,-1.87444,22773.3
2.001,0.0820978,2,2.33538,0.0820978,-1.87144,22738.4
2.001,0.0820978,2,2.33538,0.0820978,-1.86843,23006.3
2.001,0.0820978,2,2.33538,0.0820978,-1.86543,21601.2
2.001,0.0820978,2,2.33538,0.0820978,-1.86243,23558.8
2.001,0.0820978,2,2.33538,0.0820978,-1.85943,22859.4
2.001,0.0820978,2,2.33538,0.0820978,-1.85643,20770.1
2.001,0.0820978,2,2.33538,0.0820978,-1.85343,22649.8
2.001,0.0820978,2,2.33538,0.0820978,-1.85043,21746
2.001,0.0820978,2,2.33538,0.0820978,-1.84742,22717.9
2.001,0.0820978,2,2.33538,0.0820978,-1.84442,25564.4
2.001,0.0820978,2,2.33538,0.0820978,-1.84142,22026.5
2.001,0.0820978,2,2.33538,0.0820978,-1.83842,24289.3
2.001,0.0820978,2,2.33538,0.0820978,-1.83542,23931.6
2.001,0.0820978,2,2.33538,0.0820978,-1.83242,21471.2
2.001,0.0820978,2,2.33538,0.0820978,-1.82941,21302.6
2.001,0.0820978,2,2.33538,0.0820978,-1.82641,22649.3
2.001,0.0820978,2,2.33538,0.0820978,-1.82341,24492.8
2.001,0.0820978,2,2.33538,0.0820978,-1.82041,21200.9
2.001,0.0820978,2,2.33538,0.0820978,-1.81741,24543.9
2.001,0.0820978,2,2.33538,0.0820978,-1.81441,23062.2
2.001,0.0820978,2,2.33538,0.0820978,-1.81141,21047.3
2.001,0.0820978,2,2.33538,0.0820978,-1.8084,24241.4
2.001,0.0820978,2,2.33538,0.0820978,-1.8054,23546.6
2.001,0.0820978,2,2.33538,0.0820978,-1.8024,23928.3
2.001,0.0820978,2,2.33538,0.0820978,-1.7994,23993
2.001,0.0820978,2,2.33538,0.0820978,-1.7964,22081.7
2.001,0.0820978,2,2.33538,0.0820978,-1.7934,22764.9
2.001,0.0820978,2,2.33538,0.0820978,-1.7904,22998.4
2.001,0.0820978,2,2.33538,0.0820978,-1.78739,21312.9
2.001,0.0820978,2,2.33538,0.0820978,-1.78439,21977
2.001,0.0820978,2,2.33538,0.0820978,-1.78139,23477.9
2.001,0.0820978,2,2.33538,0.0820978,-1.77839,22248.5
2.001,0.0820978,2,2.33538,0.0820978,-1.77539,23947.3
2.001,0.0820978,2,2.33538,0.0820978,-1.77239,22495.9
2.001,0.0820978,2,2.33538,0.0820978,-1.76938,23321.4
2.001,0.0820978,2,2.33538,0.0820978,-1.76638,23092
2.001,0.0820978,2,2.33538,0.0820978,-1.76338,23210.1
2.001,0.0820978,2,2.33538,0.0820978,-1.76038,21381.5
2.001,0.0820978,2,2.33538,0.0820978,-1.75738,22876.7
2.001,0.0820978,2,2.33538,0.0820978,-1.75438,22160.2
2.001,0.0820978,2,2.33538,0.0820978,-1.75138,23787.3
2.001,0.0820978,2,2.33538,0.0820978,-1.74837,23262.3
2.001,0.0820978,2,2.33538,0.0820978,-1.74537,23725.2
2.001,0.0820978,2,2.33538,0.0820978,-1.74237,23672.3
2.001,0.0820978,2,2.33538,0.0820978,-1.73937,22780.2
2.001,0.0820978,2,2.33538,0.0820978,-1.73637,21630.4
2.001,0.0820978,2,2.33538,0.0820978,-1.73337,22988
2.001,0.0820978,2,2.33538,0.0820978,-1.73037,23740
2.001,0.0820978,2,2.33538,0.0820978,-1.72736,22187.3
2.001,0.0820978,2,2.33538,0.0820978,-1.72436,25465.8
2.001,0.0820978,2,2.33538,0.0820978,-1.72136,23218.1
2.001,0.0820978,2,2.33538,0.0820978,-1.71836,22347.5
2.001,0.0820978,2,2.33538,0.0820978,-1.71536,21872.7
2.001,0.0820978,2,2.33538,0.0820978,-1.71236,21805.4
2.001,0.0820978,2,2.33538,0.0820978,-1.70935,21638.1
2.001,0.0820978,2,2.33538,0.0820978,-1.70635,22380.9
2.001,0.0820978,2,2.33538,0.0820978,-1.70335,22870.9
2.001,0.0820978,2,2.33538,0.0820978,-1.70035,22611.5
2.001,0.0820978,2,2.33538,0.0820978,-1.69735,24744.9
2.001,0.0820978,2,2.33538,0.0820978,-1.69435,24421
2.001,0.0820978,2,2.33538,0.0820978,-1.69135,22691
2.001,0.0820978,2,2.33538,0.0820978,-1.68834,24954.5
2.001,0.0820978,2,2.33538,0.0820978,-1.68534,22079.7
2.001,0.0820978,2,2.33538,0.0820978,-1.68234,24513.7
2.001,0.0820978,2,2.33538,0.0820978,-1.67934,25101.4
2.001,0.0820978,2,2.33538,0.0820978,-1.67634,22766.6
2.001,0.0820978,2,2.33538,0.0820978,-1.67334,24459.2
2.001,0.0820978,2,2.33538,0.0820978,-1.67034,22757.4
2.001,0.0820978,2,2.33538,0.0820978,-1.66733,25352.2
2.001,0.0820978,2,2.33538,0.0820978,-1.66433,21812.3
2.001,0.0820978,2,2.33538,0.0820978,-1.66133,21526.3
2.001,0.0820978,2,2.33538,0.0820978,-1.65833,23128.4
2.001,0.0820978,2,2.33538,0.0820978,-1.65533,23673.7
2.001,0.0820978,2,2.33538,0.0820978,-1.65233,21849.4
2.001,0.0820978,2,2.33538,0.0820978,-1.64932,23095.4
2.001,0.0820978,2,2.33538,0.0820978,-1.64632,22745
2.001,0.0820978,2,2.33538,0.0820978,-1.64332,22904
2.001,0.0820978,2,2.33538,0.0820978,-1.64032,23399.8
2.001,0.0820978,2,2.33538,0.0820978,-1.63732,22999.1
2.001,0.0820978,2,2.33538,0.0820978,-1.63432,22945.5
2.001,0.0820978,2,2.33538,0.0820978,-1.63132,22750.4
2.001,0.0820978,2,2.33538,0.0820978,-1.62831,24033.5
2.001,0.0820978,2,2.33538,0.0820978,-1.62531,24870.7
2.001,0.0820978,2,2.33538,0.0820978,-1.62231,21856.9
2.001,0.0820978,2,2.33538,0.0820978,-1.61931,23540
2.001,0.0820978,2,2.33538,0.0820978,-1.61631,22027.3
2.001,0.0820978,2,2.33538,0.0820978,-1.61331,23968.1
2.001,0.0820978,2,2.33538,0.0820978,-1.61031,26609.2
2.001,0.0820978,2,2.33538,0.0820978,-1.6073,25310.1
2.001,0.0820978,2,2.33538,0.0820978,-1.6043,24774.4
2.001,0.0820978,2,2.33538,0.0820978,-1.6013,21882.8
2.001,0.0820978,2,2.33538,0.0820978,-1.5983,23256.8
2.001,0.0820978,2,2.33538,0.0820978,-1.5953,22561.9
2.001,0.0820978,2,2.33538,0.0820978,-1.5923,24132.1
2.001,0.0820978,2,2.33538,0.0820978,-1.58929,24217.1
2.001,0.0820978,2,2.33538,0.0820978,-1.58629,22991.5
2.001,0.0820978,2,2.33538,0.0820978,-1.58329,24911.3
2.001,0.0820978,2,2.33538,0.0820978,-1.58029,22517
2.001,0.0820978,2,2.33538,0.0820978,-1.57729,22038
2.001,0.0820978,2,2.33538,0.0820978,-1.57429,21815.9
2.001,0.0820978,2,2.33538,0.0820978,-1.57129,25445.8
2.001,0.0820978,2,2.33538,0.0820978,-1.56828,24446.7
2.001,0.0820978,2,2.33538,0.0820978,-1.56528,25111.5
2.001,0.0820978,2,2.33538,0.0820978,-1.56228,25435.8
2.001,0.0820978,2,2.33538,0.0820978,-1.55928,22215.4
2.001,0.0820978,2,2.33538,0.0820978,-1.55628,23753.8
2.001,0.0820978,2,2.33538,0.0820978,-1.55328,23780.9
2.001,0.0820978,2,2.33538,0.0820978,-1.55028,23010.1
2.001,0.0820978,2,2.33538,0.0820978,-1.54727,24144.6
2.001,0.0820978,2,2.33538,0.0820978,-1.54427,25253.1
2.001,0.0820978,2,2.33538,0.0820978,-1.54127,24239.2
2.001,0.0820978,2,2.33538,0.0820978,-1.53827,25217.5
2.001,0.0820978,2,2.33538,0.0820978,-1.53527,25491.9
2.001,0.0820978,2,2.33538,0.0820978,-1.53227,22284.5
2.001,0.0820978,2,2.33538,0.0820978,-1.52926,22736.1
2.001,0.0820978,2,2.33538,0.0820978,-1.52626,25061.3
2.001,0.0820978,2,2.33538,0.0820978,-1.52326,22806.3
2.001,0.0820978,2,2.33538,0.0820978,-1.52026,24800.2
2.001,0.0820978,2,2.33538,0.0820978,-1.51726,25879
2.001,0.0820978,2,2.33538,0.0820978,-1.51426,26633.9
2.001,0.0820978,2,2.33538,0.0820978,-1.51126,24578.9
2.001,0.0820978,2,2.33538,0.0820978,-1.50825,22224.5
2.001,0.0820978,2,2.33538,0.0820978,-1.50525,24500.1
2.001,0.0820978,2,2.33538,0.0820978,-1.50225,25336.9
2.001,0.0820978,2,2.33538,0.0820978,-1.49925,22936.1
2.001,0.0820978,2,2.33538,0.0820978,-1.49625,23836
2.001,0.0820978,2,2.33538,0.0820978,-1.49325,23879.1
2.001,0.0820978,2,2.33538,0.0820978,-1.49025,24889.1
2.001,0.0820978,2,2.33538,0.0820978,-1.48724,25091.2
2.001,0.0820978,2,2.33538,0.0820978,-1.48424,24653.4
2.001,0.0820978,2,2.33538,0.0820978,-1.48124,24132.8
2.001,0.0820978,2,2.33538,0.0820978,-1.47824,24516.2
2.001,0.0820978,2,2.33538,0.0820978,-1.47524,24109.7
2.001,0.0820978,2,2.33538,0.0820978,-1.47224,25118.5
2.001,0.0820978,2,2.33538,0.0820978,-1.46923,22063.2
2.001,0.0820978,2,2.33538,0.0820978,-1.46623,24248
2.001,0.0820978,2,2.33538,0.0820978,-1.46323,25489.5
2.001,0.0820978,2,2.33538,0.0820978,-1.46023,24564.5
2.001,0.0820978,2,2.33538,0.0820978,-1.45723,23279.8
2.001,0.0820978,2,2.33538,0.0820978,-1.45423,26257.8
2.001,0.0820978,2,2.33538,0.0820978,-1.45123,23418.4
2.001,0.0820978,2,2.33538,0.0820978,-1.44822,23881.5
2.001,0.0820978,2,2.33538,0.0820978,-1.44522,23349.9
2.001,0.0820978,2,2.33538,0.0820978,-1.44222,25218.4
2.001,0.0820978,2,2.33538,0.0820978,-1.43922,22311.2
2.001,0.0820978,2,2.33538,0.0820978,-1.43622,23363.9
2.001,0.0820978,2,2.33538,0.0820978,-1.43322,22678.2
2.001,0.0820978,2,2.33538,0.0820978,-1.43022,24178.2
2.001,0.0820978,2,2.33538,0.0820978,-1.42721,22933.1
2.001,0.0820978,2,2.33538,0.0820978,-1.42421,23147.9
2.001,0.0820978,2,2.33538,0.0820978,-1.42121,22835
2.001,0.0820978,2,2.33538,0.0820978,-1.41821,25385.5
2.001,0.0820978,2,2.33538,0.0820978,-1.41521,22721.6
2.001,0.0820978,2,2.33538,0.0820978,-1.41221,22105.9
2.001,0.0820978,2,2.33538,0.0820978,-1.4092,22582.1
2.001,0.0820978,2,2.33538,0.0820978,-1.4062,23712.5
2.001,0.0820978,2,2.33538,0.0820978,-1.4032,21954.5
2.001,0.0820978,2,2.33538,0.0820978,-1.4002,22747.7
2.001,0.0820978,2,2.33538,0.0820978,-1.3972,22285.5
2.001,0.0820978,2,2.33538,0.0820978,-1.3942,23053
2.001,0.0820978,2,2.33538,0.0820978,-1.3912,25760.9
2.001,0.0820978,2,2.33538,0.0820978,-1.38819,22690.9
2.001,0.0820978,2,2.33538,0.0820978,-1.38519,26572.1
2.001,0.0820978,2,2.33538,0.0820978,-1.38219,22073.3
2.001,0.0820978,2,2.33538,0.0820978,-1.37919,23437.2
2.001,0.0820978,2,2.33538,0.0820978,-1.37619,23311.4
2.001,0.0820978,2,2.33538,0.0820978,-1.37319,23342.7
2.001,0.0820978,2,2.33538,0.0820978,-1.37019,22819.9
2.001,0.0820978,2,2.33538,0.0820978,-1.36718,23264.1
2.001,0.0820978,2,2.33538,0.0820978,-1.36418,24614.2
2.001,0.0820978,2,2.33538,0.0820978,-1.36118,22072.2
2.001,0.0820978,2,2.33538,0.0820978,-1.35818,24049.3
2.001,0.0820978,2,2.33538,0.0820978,-1.35518,22916.7
2.001,0.0820978,2,2.33538,0.0820978,-1.35218,22890.9
2.001,0.0820978,2,2.33538,0.0820978,-1.34917,22807.1
2.001,0.0820978,2,2.33538,0.0820978,-1.34617,24555.2
2.001,0.0820978,2,2.33538,0.0820978,-1.34317,24608.6
2.001,0.0820978,2,2.33538,0.0820978,-1.34017,23284.7
2.001,0.0820978,2,2.33538,0.0820978,-1.33717,25047.9
2.001,0.0820978,2,2.33538,0.0820978,-1.33417,22777.5
2.001,0.0820978,2,2.33538,0.0820978,-1.33117,23964.2
2.001,0.0820978,2,2.33538,0.0820978,-1.32816,24450.5
2.001,0.0820978,2,2.33538,0.0820978,-1.32516,23802.5
2.001,0.0820978,2,2.33538,0.0820978,-1.32216,25005.6
2.001,0.0820978,2,2.33538,0.0820978,-1.31916,27086
2.001,0.0820978,2,2.33538,0.0820978,-1.31616,22101.6
2.001,0.0820978,2,2.33538,0.0820978,-1.31316,24727
2.001,0.0820978,2,2.33538,0.0820978,-1.31016,22109.1
2.001,0.0820978,2,2.33538,0.0820978,-1.30715,23410.5
2.001,0.0820978,2,2.33538,0.0820978,-1.30415,24009.3
2.001,0.0820978,2,2.33538,0.0820978,-1.30115,21955.9
2.001,0.0820978,2,2.33538,0.0820978,-1.29815,24708.2
2.001,0.0820978,2,2.33538,0.0820978,-1.29515,25472.4
2.001,0.0820978,2,2.33538,0.0820978,-1.29215,22282.5
2.001,0.0820978,2,2.33538,0.0820978,-1.28914,22628.1
2.001,0.0820978,2,2.33538,0.0820978,-1.28614,23114.9
2.001,0.0820978,2,2.33538,0.0820978,-1.28314,22417.8
2.001,0.0820978,2,2.33538,0.0820978,-1.28014,24128.7
2.001,0.0820978,2,2.33538,0.0820978,-1.27714,23274.1
2.001,0.0820978,2,2.33538,0.0820978,-1.27414,23862.1
2.001,0.0820978,2,2.33538,0.0820978,-1.27114,23234.3
2.001,0.0820978,2,2.33538,0.0820978,-1.26813,25076.9
2.001,0.0820978,2,2.33538,0.0820978,-1.26513,22259.6
2.001,0.0820978,2,2.33538,0.0820978,-1.26213,24443
2.001,0.0820978,2,2.33538,0.0820978,-1.25913,24779.1
2.001,0.0820978,2,2.33538,0.0820978,-1.25613,22748.8
2.001,0.0820978,2,2.33538,0.0820978,-1.25313,24188.7
2.001,0.0820978,2,2.33538,0.0820978,-1.25013,23348
2.001,0.0820978,2,2.33538,0.0820978,-1.24712,24218.7
2.001,0.0820978,2,2.33538,0.0820978,-1.24412,24203.9
2.001,0.0820978,2,2.33538,0.0820978,-1.24112,22698.5
2.001,0.0820978,2,2.33538,0.0820978,-1.23812,25651.9
2.001,0.0820978,2,2.33538,0.0820978,-1.23512,24725
2.001,0.0820978,2,2.33538,0.0820978,-1.23212,25501.9
2.001,0.0820978,2,2.33538,0.0820978,-1.22911,23218.5
2.001,0.0820978,2,2.33538,0.0820978,-1.22611,22727.3
2.001,0.0820978,2,2.33538,0.0820978,-1.22311,28677.9
2.001,0.0820978,2,2.33538,0.0820978,-1.22011,24801.8
2.001,0.0820978,2,2.33538,0.0820978,-1.21711,22913.7
2.001,0.0820978,2,2.33538,0.0820978,-1.21411,22496.1
2.001,0.0820978,2,2.33538,0.0820978,-1.21111,23159.9
2.001,0.0820978,2,2.33538,0.0820978,-1.2081,23658.4
2.001,0.0820978,2,2.33538,0.0820978,-1.2051,24735.8
2.001,0.0820978,2,2.33538,0.0820978,-1.2021,22291.6
2.001,0.0820978,2,2.33538,0.0820978,-1.1991,23322.1
2.001,0.0820978,2,2.33538,0.0820978,-1.1961,21917.3
2.001,0.0820978,2,2.33538,0.0820978,-1.1931,23929.4
2.001,0.0820978,2,2.33538,0.0820978,-1.1901,23778.4
2.001,0.0820978,2,2.33538,0.0820978,-1.18709,26997.9
2.001,0.0820978,2,2.33538,0.0820978,-1.18409,23005.4
2.001,0.0820978,2,2.33538,0.0820978,-1.18109,22650.8
2.001,0.0820978,2,2.33538,0.0820978,-1.17809,22289.6
2.001,0.0820978,2,2.33538,0.0820978,-1.17509,22616.9
2.001,0.0820978,2,2.33538,0.0820978,-1.17209,23234
2.001,0.0820978,2,2.33538,0.0820978,-1.16908,26483.4
2.001,0.0820978,2,2.33538,0.0820978,-1.16608,21707.3
2.001,0.0820978,2,2.33538,0.0820978,-1.16308,23011
2.001,0.0820978,2,2.33538,0.0820978,-1.16008,22447.6
2.001,0.0820978,2,2.33538,0.0820978,-1.15708,23589
2.001,0.0820978,2,2.33538,0.0820978,-1.15408,26571.7
2.001,0.0820978,2,2.33538,0.0820978,-1.15108,24191.6
2.001,0.0820978,2,2.33538,0.0820978,-1.14807,23543.3
2.001,0.0820978,2,2.33538,0.0820978,-1.14507,21684.4
2.001,0.0820978,2,2.33538,0.0820978,-1.14207,22381.2
2.001,0.0820978,2,2.33538,0.0820978,-1.13907,23679.9
2.001,0.0820978,2,2.33538,0.0820978,-1.13607,21657.2
2.001,0.0820978,2,2.33538,0.0820978,-1.13307,23524.3
2.001,0.0820978,2,2.33538,0.0820978,-1.13007,22742.9
2.001,0.0820978,2,2.33538,0.0820978,-1.12706,22693.5
2.001,0.0820978,2,2.33538,0.0820978,-1.12406,23008.5
2.001,0.0820978,2,2.33538,0.0820978,-1.12106,23331
2.001,0.0820978,2,2.33538,0.0820978,-1.11806,24020.7
2.001,0.0820978,2,2.33538,0.0820978,-1.11506,22304.1
2.001,0.0820978,2,2.33538,0.0820978,-1.11206,24076.7
2.001,0.0820978,2,2.33538,0.0820978,-1.10905,23447.2
2.001,0.0820978,2,2.33538,0.0820978,-1.10605,24243.6
2.001,0.0820978,2,2.33538,0.0820978,-1.10305,23997
2.001,0.0820978,2,2.33538,0.0820978,-1.10005,24139.4
2.001,0.0820978,2,2.33538,0.0820978,-1.09705,24411.7
2.001,0.0820978,2,2.33538,0.0820978,-1.09405,22777.3
2.001,0.0820978,2,2.33538,0.0820978,-1.09105,21814.3
2.001,0.0820978,2,2.33538,0.0820978,-1.08804,23609.6
2.001,0.0820978,2,2.33538,0.0820978,-1.08504,24515.5
2.001,0.0820978,2,2.33538,0.0820978,-1.08204,22516.1
2.001,0.0820978,2,2.33538,0.0820978,-1.07904,21885
2.001,0.0820978,2,2.33538,0.0820978,-1.07604,23302.4
2.001,0.0820978,2,2.33538,0.0820978,-1.07304,23079.9
2.001,0.0820978,2,2.33538,0.0820978,-1.07004,24933.9
2.001,0.0820978,2,2.33538,0.0820978,-1.06703,21588.7
2.001,0.0820978,2,2.33538,0.0820978,-1.06403,22108.7
2.001,0.0820978,2,2.33538,0.0820978,-1.06103,23108
2.001,0.0820978,2,2.33538,0.0820978,-1.05803,24389.9
2.001,0.0820978,2,2.33538,0.0820978,-1.05503,23240.2
2.001,0.0820978,2,2.33538,0.0820978,-1.05203,21811.4
2.001,0.0820978,2,2.33538,0.0820978,-1.04902,23584.6
2.001,0.0820978,2,2.33538,0.0820978,-1.04602,23976
2.001,0.0820978,2,2.33538,0.0820978,-1.04302,21851.8
2.001,0.0820978,2,2.33538,0.0820978,-1.04002,23652.8
2.001,0.0820978,2,2.33538,0.0820978,-1.03702,22857.2
2.001,0.0820978,2,2.33538,0.0820978,-1.03402,21450.5
2.001,0.0820978,2,2.33538,0.0820978,-1.03102,23039.8
2.001,0.0820978,2,2.33538,0.0820978,-1.02801,22483.3
2.001,0.0820978,2,2.33538,0.0820978,-1.02501,22627
2.001,0.0820978,2,2.33538,0.0820978,-1.02201,22946
2.001,0.0820978,2,2.33538,0.0820978,-1.01901,21914.6
2.001,0.0820978,2,2.33538,0.0820978,-1.01601,21430
2.001,0.0820978,2,2.33538,0.0820978,-1.01301,22598
2.001,0.0820978,2,2.33538,0.0820978,-1.01001,21711.8
2.001,0.0820978,2,2.33538,0.0820978,-1.007,23018.5
2.001,0.0820978,2,2.33538,0.0820978,-1.004,21086.8
2.001,0.0820978,2,2.33538,0.0820978,-1.001,26384.6
2.001,0.0820978,2,2.33538,0.0820978,-0.997999,21075.6
2.001,0.0820978,2,2.33538,0.0820978,-0.994997,21186.2
2.001,0.0820978,2,2.33538,0.0820978,-0.991996,20986.6
2.001,0.0820978,2,2.33538,0.0820978,-0.988994,23350.5
2.001,0.0820978,2,2.33538,0.0820978,-0.985993,24254.8
2.001,0.0820978,2,2.33538,0.0820978,-0.982991,25052.9
2.001,0.0820978,2,2.33538,0.0820978,-0.97999,22018.7
2.001,0.0820978,2,2.33538,0.0820978,-0.976988,23187.5
2.001,0.0820978,2,2.33538,0.0820978,-0.973987,22570
2.001,0.0820978,2,2.33538,0.0820978,-0.970985,21937.7
2.001,0.0820978,2,2.33538,0.0820978,-0.967984,23130.6
2.001,0.0820978,2,2.33538,0.0820978,-0.964982,22933.1
2.001,0.0820978,2,2.33538,0.0820978,-0.961981,22397.6
2.001,0.0820978,2,2.33538,0.0820978,-0.958979,25907.8
2.001,0.0820978,2,2.33538,0.0820978,-0.955978,22685.6
2.001,0.0820978,2,2.33538,0.0820978,-0.952976,20778.7
2.001,0.0820978,2,2.33538,0.0820978,-0.949975,21981.8
2.001,0.0820978,2,2.33538,0.0820978,-0.946973,22640.6
2.001,0.0820978,2,2.33538,0.0820978,-0.943972,22936.9
2.001,0.0820978,2,2.33538,0.0820978,-0.94097,23640.9
2.001,0.0820978,2,2.33538,0.0820978,-0.937969,22516.8
2.001,0.0820978,2,2.33538,0.0820978,-0.934967,20680.8
2.001,0.0820978,2,2.33538,0.0820978,-0.931966,21046.4
2.001,0.0820978,2,2.33538,0.0820978,-0.928964,25659.6
2.001,0.0820978,2,2.33538,0.0820978,-0.925963,24639.9
2.001,0.0820978,2,2.33538,0.0820978,-0.922961,22900.6
2.001,0.0820978,2,2.33538,0.0820978,-0.91996,22339.1
2.001,0.0820978,2,2.33538,0.0820978,-0.916958,21171.2
2.001,0.0820978,2,2.33538,0.0820978,-0.913957,22101.3
2.001,0.0820978,2,2.33538,0.0820978,-0.910955,21873.3
2.001,0.0820978,2,2.33538,0.0820978,-0.907954,20789.5
2.001,0.0820978,2,2.33538,0.0820978,-0.904952,23511.9
2.001,0.0820978,2,2.33538,0.0820978,-0.901951,24733.6
2.001,0.0820978,2,2.33538,0.0820978,-0.898949,22544.9
2.001,0.0820978,2,2.33538,0.0820978,-0.895948,20399.2
2.001,0.0820978,2,2.33538,0.0820978,-0.892946,21609.3
2.001,0.0820978,2,2.33538,0.0820978,-0.889945,20810.5
2.001,0.0820978,2,2.33538,0.0820978,-0.886943,21789.9
2.001,0.0820978,2,2.33538,0.0820978,-0.883942,20924
2.001,0.0820978,2,2.33538,0.0820978,-0.88094,23610
2.001,0.0820978,2,2.33538,0.0820978,-0.877939,22504
2.001,0.0820978,2,2.33538,0.0820978,-0.874937,20822.5
2.001,0.0820978,2,2.33538,0.0820978,-0.871936,20556.5
2.001,0.0820978,2,2.33538,0.0820978,-0.868934,22045.8
2.001,0.0820978,2,2.33538,0.0820978,-0.865933,22546.8
2.001,0.0820978,2,2.33538,0.0820978,-0.862931,22542.2
2.001,0.0820978,2,2.33538,0.0820978,-0.85993,20065.6
2.001,0.0820978,2,2.33538,0.0820978,-0.856928,22873.5
2.001,0.0820978,2,2.33538,0.0820978,-0.853927,20146.5
2.001,0.0820978,2,2.33538,0.0820978,-0.850925,19760.3
2.001,0.0820978,2,2.33538,0.0820978,-0.847924,21269.7
2.001,0.0820978,2,2.33538,0.0820978,-0.844922,19639.2
2.001,0.0820978,2,2.33538,0.0820978,-0.841921,21144.8
2.001,0.0820978,2,2.33538,0.0820978,-0.838919,19761.5
2.001,0.0820978,2,2.33538,0.0820978,-0.835918,19512
2.001,0.0820978,2,2.33538,0.0820978,-0.832916,21632.8
2.001,0.0820978,2,2.33538,0.0820978,-0.829915,22269.6
2.001,0.0820978,2,2.33538,0.0820978,-0.826913,20653.2
2.001,0.0820978,2,2.33538,0.0820978,-0.823912,20823.5
2.001,0.0820978,2,2.33538,0.0820978,-0.82091,19461.2
2.001,0.0820978,2,2.33538,0.0820978,-0.817909,21972.7
2.001,0.0820978,2,2.33538,0.0820978,-0.814907,21912
2.001,0.0820978,2,2.33538,0.0820978,-0.811906,22912.3
2.001,0.0820978,2,2.33538,0.0820978,-0.808904,20561.1
2.001,0.0820978,2,2.33538,0.0820978,-0.805903,19978.3
2.001,0.0820978,2,2.33538,0.0820978,-0.802901,22171.2
2.001,0.0820978,2,2.33538,0.0820978,-0.7999,20503.7
2.001,0.0820978,2,2.33538,0.0820978,-0.796898,20375.4
2.001,0.0820978,2,2.33538,0.0820978,-0.793897,19788.1
2.001,0.0820978,2,2.33538,0.0820978,-0.790895,18863.4
2.001,0.0820978,2,2.33538,0.0820978,-0.787894,18720.2
2.001,0.0820978,2,2.33538,0.0820978,-0.784892,21782.5
2.001,0.0820978,2,2.33538,0.0820978,-0.781891,18364.6
2.001,0.0820978,2,2.33538,0.0820978,-0.778889,18228.5
2.001,0.0820978,2,2.33538,0.0820978,-0.775888,20942.6
2.001,0.0820978,2,2.33538,0.0820978,-0.772886,19009.4
2.001,0.0820978,2,2.33538,0.0820978,-0.769885,18586.1
2.001,0.0820978,2,2.33538,0.0820978,-0.766883,20475.3
2.001,0.0820978,2,2.33538,0.0820978,-0.763882,19274.3
2.001,0.0820978,2,2.33538,0.0820978,-0.76088,19326.8
2.001,0.0820978,2,2.33538,0.0820978,-0.757879,18975.8
2.001,0.0820978,2,2.33538,0.0820978,-0.754877,16431.8
2.001,0.0820978,2,2.33538,0.0820978,-0.751876,17251.9
2.001,0.0820978,2,2.33538,0.0820978,-0.748874,15050.5
2.001,0.0820978,2,2.33538,0.0820978,-0.745873,-16981.6
2.001,0.0820978,2,2.33538,0.0820978,-0.742871,-15905.3
2.001,0.0820978,2,2.33538,0.0820978,-0.73987,-17223.4
2.001,0.0820978,2,2.33538,0.0820978,-0.736868,-16864.8
2.001,0.0820978,2,2.33538,0.0820978,-0.733867,-17933.4
2.001,0.0820978,2,2.33538,0.0820978,-0.730865,-17643
2.001,0.0820978,2,2.33538,0.0820978,-0.727864,-18505
2.001,0.0820978,2,2.33538,0.0820978,-0.724862,-18297
2.001,0.0820978,2,2.33538,0.0820978,-0.721861,-18365.4
2.001,0.0820978,2,2.33538,0.0820978,-0.718859,-20683.9
2.001,0.0820978,2,2.33538,0.0820978,-0.715858,-18112.2
2.001,0.0820978,2,2.33538,0.0820978,-0.712856,-19715.3
2.001,0.0820978,2,2.33538,0.0820978,-0.709855,-19886.8
2.001,0.0820978,2,2.33538,0.0820978,-0.706853,-21472.4
2.001,0.0820978,2,2.33538,0.0820978,-0.703852,-19404.3
2.001,0.0820978,2,2.33538,0.0820978,-0.70085,-21082.9
2.001,0.0820978,2,2.33538,0.0820978,-0.697849,-20075.4
2.001,0.0820978,2,2.33538,0.0820978,-0.694847,-20414.6
2.001,0.0820978,2,2.33538,0.0820978,-0.691846,-19402.8
2.001,0.0820978,2,2.33538,0.0820978,-0.688844,-19441.1
2.001,0.0820978,2,2.33538,0.0820978,-0.685843,-20580
2.001,0.0820978,2,2.33538,0.0820978,-0.682841,-19134.2
2.001,0.0820978,2,2.33538,0.0820978,-0.67984,-20635.6
2.001,0.0820978,2,2.33538,0.0820978,-0.676838,-21592.2
2.001,0.0820978,2,2.33538,0.0820978,-0.673837,-20253.9
2.001,0.0820978,2,2.33538,0.0820978,-0.670835,-22140.3
2.001,0.0820978,2,2.33538,0.0820978,-0.667834,-20526.4
2.001,0.0820978,2,2.33538,0.0820978,-0.664832,-22330.9
2.001,0.0820978,2,2.33538,0.0820978,-0.661831,-22596.8
2.001,0.0820978,2,2.33538,0.0820978,-0.658829,-21286.1
2.001,0.0820978,2,2.33538,0.0820978,-0.655828,-20713.2
2.001,0.0820978,2,2.33538,0.0820978,-0.652826,-22511.6
2.001,0.0820978,2,2.33538,0.0820978,-0.649825,-21168.8
2.001,0.0820978,2,2.33538,0.0820978,-0.646823,-20095.2
2.001,0.0820978,2,2.33538,0.0820978,-0.643822,-22626.1
2.001,0.0820978,2,2.33538,0.0820978,-0.64082,-23532.1
2.001,0.0820978,2,2.33538,0.0820978,-0.637819,-20228.1
2.001,0.0820978,2,2.33538,0.0820978,-0.634817,-20898
2.001,0.0820978,2,2.33538,0.0820978,-0.631816,-21830.5
2.001,0.0820978,2,2.33538,0.0820978,-0.628814,-20347.7
2.001,0.0820978,2,2.33538,0.0820978,-0.625813,-21346
2.001,0.0820978,2,2.33538,0.0820978,-0.622811,-22549.7
2.001,0.0820978,2,2.33538,0.0820978,-0.61981,-22113.7
2.001,0.0820978,2,2.33538,0.0820978,-0.616808,-22857.6
2.001,0.0820978,2,2.33538,0.0820978,-0.613807,-22414.9
2.001,0.0820978,2,2.33538,0.0820978,-0.610805,-24377.5
2.001,0.0820978,2,2.33538,0.0820978,-0.607804,-24391.8
2.001,0.0820978,2,2.33538,0.0820978,-0.604802,-23345
2.001,0.0820978,2,2.33538,0.0820978,-0.601801,-22939.2
2.001,0.0820978,2,2.33538,0.0820978,-0.598799,-21270.8
2.001,0.0820978,2,2.33538,0.0820978,-0.595798,-24146.5
2.001,0.0820978,2,2.33538,0.0820978,-0.592796,-22938.1
2.001,0.0820978,2,2.33538,0.0820978,-0.589795,-23035.1
2.001,0.0820978,2,2.33538,0.0820978,-0.586793,-24453.6
2.001,0.0820978,2,2.33538,0.0820978,-0.583792,-23234.5
2.001,0.0820978,2,2.33538,0.0820978,-0.58079,-21952.3
2.001,0.0820978,2,2.33538,0.0820978,-0.577789,-21081.8
2.001,0.0820978,2,2.33538,0.0820978,-0.574787,-22117.8
2.001,0.0820978,2,2.33538,0.0820978,-0.571786,-24255.4
2.001,0.0820978,2,2.33538,0.0820978,-0.568784,-21084.4
2.001,0.0820978,2,2.33538,0.0820978,-0.565783,-21051.2
2.001,0.0820978,2,2.33538,0.0820978,-0.562781,-24299.9
2.001,0.0820978,2,2.33538,0.0820978,-0.55978,-22544.2
2.001,0.0820978,2,2.33538,0.0820978,-0.556778,-21011.4
2.001,0.0820978,2,2.33538,0.0820978,-0.553777,-22831.5
2.001,0.0820978,2,2.33538,0.0820978,-0.550775,-22846.2
2.001,0.0820978,2,2.33538,0.0820978,-0.547774,-21603.3
2.001,0.0820978,2,2.33538,0.0820978,-0.544772,-22910.3
2.001,0.0820978,2,2.33538,0.0820978,-0.541771,-25828.1
2.001,0.0820978,2,2.33538,0.0820978,-0.538769,-21891.6
2.001,0.0820978,2,2.33538,0.0820978,-0.535768,-22178.1
2.001,0.0820978,2,2.33538,0.0820978,-0.532766,-23406.1
2.001,0.0820978,2,2.33538,0.0820978,-0.529765,-22818.1
2.001,0.0820978,2,2.33538,0.0820978,-0.526763,-21474
2.001,0.0820978,2,2.33538,0.0820978,-0.523762,-22613.9
2.001,0.0820978,2,2.33538,0.0820978,-0.52076,-21680.9
2.001,0.0820978,2,2.33538,0.0820978,-0.517759,-23738.4
2.001,0.0820978,2,2.33538,0.0820978,-0.514757,-24378.8
2.001,0.0820978,2,2.33538,0.0820978,-0.511756,-22335.8
2.001,0.0820978,2,2.33538,0.0820978,-0.508754,-22976.5
2.001,0.0820978,2,2.33538,0.0820978,-0.505753,-23201.6
2.001,0.0820978,2,2.33538,0.0820978,-0.502751,-23116.6
2.001,0.0820978,2,2.33538,0.0820978,-0.49975,-24893.2
2.001,0.0820978,2,2.33538,0.0820978,-0.496748,-25513.2
2.001,0.0820978,2,2.33538,0.0820978,-0.493747,-22252.7
2.001,0.0820978,2,2.33538,0.0820978,-0.490745,-24519.6
2.001,0.0820978,2,2.33538,0.0820978,-0.487744,-24048.4
2.001,0.0820978,2,2.33538,0.0820978,-0.484742,-24057.9
2.001,0.0820978,2,2.33538,0.0820978,-0.481741,-26828.9
2.001,0.0820978,2,2.33538,0.0820978,-0.478739,-24890.6
2.001,0.0820978,2,2.33538,0.0820978,-0.475738,-22581.8
2.001,0.0820978,2,2.33538,0.0820978,-0.472736,-22393.4
2.001,0.0820978,2,2.33538,0.0820978,-0.469735,-22719.5
2.001,0.0820978,2,2.33538,0.0820978,-0.466733,-22831.6
2.001,0.0820978,2,2.33538,0.0820978,-0.463732,-26628
2.001,0.0820978,2,2.33538,0.0820978,-0.46073,-25433.2
2.001,0.0820978,2,2.33538,0.0820978,-0.457729,-22349.9
2.001,0.0820978,2,2.33538,0.0820978,-0.454727,-25900.1
2.001,0.0820978,2,2.33538,0.0820978,-0.451726,-23217.2
2.001,0.0820978,2,2.33538,0.0820978,-0.448724,-25116.3
2.001,0.0820978,2,2.33538,0.0820978,-0.445723,-25510.7
2.001,0.0820978,2,2.33538,0.0820978,-0.442721,-25082.1
2.001,0.0820978,2,2.33538,0.0820978,-0.43972,-25488.7
2.001,0.0820978,2,2.33538,0.0820978,-0.436718,-22274.5
2.001,0.0820978,2,2.33538,0.0820978,-0.433717,-24184
2.001,0.0820978,2,2.33538,0.0820978,-0.430715,-23226
2.001,0.0820978,2,2.33538,0.0820978,-0.427714,-23288.8
2.001,0.0820978,2,2.33538,0.0820978,-0.424712,-28214.5
2.001,0.0820978,2,2.33538,0.0820978,-0.421711,-24390.7
2.001,0.0820978,2,2.33538,0.0820978,-0.418709,-23223.2
2.001,0.0820978,2,2.33538,0.0820978,-0.415708,-22666.8
2.001,0.0820978,2,2.33538,0.0820978,-0.412706,-24531.7
2.001,0.0820978,2,2.33538,0.0820978,-0.409705,-23732.6
2.001,0.0820978,2,2.33538,0.0820978,-0.406703,-22791.6
2.001,0.0820978,2,2.33538,0.0820978,-0.403702,-23426.3
2.001,0.0820978,2,2.33538,0.0820978,-0.4007,-23362.8
2.001,0.0820978,2,2.33538,0.0820978,-0.397699,-24329.4
2.001,0.0820978,2,2.33538,0.0820978,-0.394697,-22416.5
2.001,0.0820978,2,2.33538,0.0820978,-0.391696,-22755.3
2.001,0.0820978,2,2.33538,0.0820978,-0.388694,-22797.9
2.001,0.0820978,2,2.33538,0.0820978,-0.385693,-25189
2.001,0.0820978,2,2.33538,0.0820978,-0.382691,-25448.7
2.001,0.0820978,2,2.33538,0.0820978,-0.37969,-27627.4
2.001,0.0820978,2,2.33538,0.0820978,-0.376688,-23263.7
2.001,0.0820978,2,2.33538,0.0820978,-0.373687,-22299.2
2.001,0.0820978,2,2.33538,0.0820978,-0.370685,-25621.9
2.001,0.0820978,2,2.33538,0.0820978,-0.367684,-22484.9
2.001,0.0820978,2,2.33538,0.0820978,-0.364682,-22801.9
2.001,0.0820978,2,2.33538,0.0820978,-0.361681,-25191.5
2.001,0.0820978,2,2.33538,0.0820978,-0.358679,-24058
2.001,0.0820978,2,2.33538,0.0820978,-0.355678,-22980.2
2.001,0.0820978,2,2.33538,0.0820978,-0.352676,-25225.4
2.001,0.0820978,2,2.33538,0.0820978,-0.349675,-22316.2
2.001,0.0820978,2,2.33538,0.0820978,-0.346673,-23387.4
2.001,0.0820978,2,2.33538,0.0820978,-0.343672,-23652
2.001,0.0820978,2,2.33538,0.0820978,-0.34067,-26378.5
2.001,0.0820978,2,2.33538,0.0820978,-0.337669,-23592.3
2.001,0.0820978,2,2.33538,0.0820978,-0.334667,-24592.3
2.001,0.0820978,2,2.33538,0.0820978,-0.331666,-22363.2
2.001,0.0820978,2,2.33538,0.0820978,-0.328664,-25329.4
2.001,0.0820978,2,2.33538,0.0820978,-0.325663,-23614.2
2.001,0.0820978,2,2.33538,0.0820978,-0.322661,-24360.3
2.001,0.0820978,2,2.33538,0.0820978,-0.31966,-24386.3
2.001,0.0820978,2,2.33538,0.0820978,-0.316658,-24574.7
2.001,0.0820978,2,2.33538,0.0820978,-0.313657,-24698.1
2.001,0.0820978,2,2.33538,0.0820978,-0.310655,-26131.3
2.001,0.0820978,2,2.33538,0.0820978,-0.307654,-24823.7
2.001,0.0820978,2,2.33538,0.0820978,-0.304652,-24900.6
2.001,0.0820978,2,2.33538,0.0820978,-0.301651,-22612
2.001,0.0820978,2,2.33538,0.0820978,-0.298649,-23689.7
2.001,0.0820978,2,2.33538,0.0820978,-0.295648,-25079
2.001,0.0820978,2,2.33538,0.0820978,-0.292646,-24662.6
2.001,0.0820978,2,2.33538,0.0820978,-0.289645,-23943
2.001,0.0820978,2,2.33538,0.0820978,-0.286643,-25865.9
2.001,0.0820978,2,2.33538,0.0820978,-0.283642,-24220.9
2.001,0.0820978,2,2.33538,0.0820978,-0.28064,-23511.8
2.001,0.0820978,2,2.33538,0.0820978,-0.277639,-25577.8
2.001,0.0820978,2,2.33538,0.0820978,-0.274637,-23517.1
2.001,0.0820978,2,2.33538,0.0820978,-0.271636,-24959
2.001,0.0820978,2,2.33538,0.0820978,-0.268634,-25366.8
2.001,0.0820978,2,2.33538,0.0820978,-0.265633,-22937.8
2.001,0.0820978,2,2.33538,0.0820978,-0.262631,-22661.2
2.001,0.0820978,2,2.33538,0.0820978,-0.25963,-22990.9
2.001,0.0820978,2,2.33538,0.0820978,-0.256628,-25571.3
2.001,0.0820978,2,2.33538,0.0820978,-0.253627,-22652.2
2.001,0.0820978,2,2.33538,0.0820978,-0.250625,-23707.8
2.001,0.0820978,2,2.33538,0.0820978,-0.247624,-25506.8
2.001,0.0820978,2,2.33538,0.0820978,-0.244622,-23738
2.001,0.0820978,2,2.33538,0.0820978,-0.241621,-24860.6
2.001,0.0820978,2,2.33538,0.0820978,-0.238619,-23376.9
2.001,0.0820978,2,2.33538,0.0820978,-0.235618,-24984
2.001,0.0820978,2,2.33538,0.0820978,-0.232616,-24575
2.001,0.0820978,2,2.33538,0.0820978,-0.229615,-23741
2.001,0.0820978,2,2.33538,0.0820978,-0.226613,-24940.2
2.001,0.0820978,2,2.33538,0.0820978,-0.223612,-26060.1
2.001,0.0820978,2,2.33538,0.0820978,-0.22061,-24460.7
2.001,0.0820978,2,2.33538,0.0820978,-0.217609,-23608.4
2.001,0.0820978,2,2.33538,0.0820978,-0.214607,-26609
2.001,0.0820978,2,2.33538,0.0820978,-0.211606,-23184.4
2.001,0.0820978,2,2.33538,0.0820978,-0.208604,-25171
2.001,0.0820978,2,2.33538,0.0820978,-0.205603,-23461.2
2.001,0.0820978,2,2.33538,0.0820978,-0.202601,-25355.5
2.001,0.0820978,2,2.33538,0.0820978,-0.1996,-24428.8
2.001,0.0820978,2,2.33538,0.0820978,-0.196598,-24020.2
2.001,0.0820978,2,2.33538,0.0820978,-0.193597,-27013.3
2.001,0.0820978,2,2.33538,0.0820978,-0.190595,-24110.1
2.001,0.0820978,2,2.33538,0.0820978,-0.187594,-24871.2
2.001,0.0820978,2,2.33538,0.0820978,-0.184592,-24080
2.001,0.0820978,2,2.33538,0.0820978,-0.181591,-24281.7
2.001,0.0820978,2,2.33538,0.0820978,-0.178589,-25677
2.001,0.0820978,2,2.33538,0.0820978,-0.175588,-23819.6
2.001,0.0820978,2,2.33538,0.0820978,-0.172586,-24899.7
2.001,0.0820978,2,2.33538,0.0820978,-0.169585,-24546.5
2.001,0.0820978,2,2.33538,0.0820978,-0.166583,-23097
2.001,0.0820978,2,2.33538,0.0820978,-0.163582,-25366.2
2.001,0.0820978,2,2.33538,0.0820978,-0.16058,-26017.2
2.001,0.0820978,2,2.33538,0.0820978,-0.157579,-26876.5
2.001,0.0820978,2,2.33538,0.0820978,-0.154577,-25394.1
2.001,0.0820978,2,2.33538,0.0820978,-0.151576,-25248.8
2.001,0.0820978,2,2.33538,0.0820978,-0.148574,-24618.9
2.001,0.0820978,2,2.33538,0.0820978,-0.145573,-25590.1
2.001,0.0820978,2,2.33538,0.0820978,-0.142571,-25361.9
2.001,0.0820978,2,2.33538,0.0820978,-0.13957,-23594.8
2.001,0.0820978,2,2.33538,0.0820978,-0.136568,-25107.4
2.001,0.0820978,2,2.33538,0.0820978,-0.133567,-24110.8
2.001,0.0820978,2,2.33538,0.0820978,-0.130565,-25376.9
2.001,0.0820978,2,2.33538,0.0820978,-0.127564,-22906.2
2.001,0.0820978,2,2.33538,0.0820978,-0.124562,-23470.4
2.001,0.0820978,2,2.33538,0.0820978,-0.121561,-23285.9
2.001,0.0820978,2,2.33538,0.0820978,-0.118559,-24366.9
2.001,0.0820978,2,2.33538,0.0820978,-0.115558,-23599.9
2.001,0.0820978,2,2.33538,0.0820978,-0.112556,-23911.8
2.001,0.0820978,2,2.33538,0.0820978,-0.109555,-23707.2
2.001,0.0820978,2,2.33538,0.0820978,-0.106553,-26010.2
2.001,0.0820978,2,2.33538,0.0820978,-0.103552,-24271
2.001,0.0820978,2,2.33538,0.0820978,-0.10055,-24024.3
2.001,0.0820978,2,2.33538,0.0820978,-0.0975488,-23657.1
2.001,0.0820978,2,2.33538,0.0820978,-0.0945473,-25468.9
2.001,0.0820978,2,2.33538,0.0820978,-0.0915458,-24098.2
2.001,0.0820978,2,2.33538,0.0820978,-0.0885443,-23441.1
2.001,0.0820978,2,2.33538,0.0820978,-0.0855428,-23055.1
2.001,0.0820978,2,2.33538,0.0820978,-0.0825413,-23257
2.001,0.0820978,2,2.33538,0.0820978,-0.0795398,-23989.1
2.001,0.0820978,2,2.33538,0.0820978,-0.0765383,-25407.9
2.001,0.0820978,2,2.33538,0.0820978,-0.0735368,-24384.7
2.001,0.0820978,2,2.33538,0.0820978,-0.0705353,-24152.4
2.001,0.0820978,2,2.33538,0.0820978,-0.0675338,-24713.6
2.001,0.0820978,2,2.33538,0.0820978,-0.0645323,-24470.9
2.001,0.0820978,2,2.33538,0.0820978,-0.0615308,-26311.8
2.001,0.0820978,2,2.33538,0.0820978,-0.0585293,-27386.8
2.001,0.0820978,2,2.33538,0.0820978,-0.0555278,-26610.3
2.001,0.0820978,2,2.33538,0.0820978,-0.0525263,-24241.4
2.001,0.0820978,2,2.33538,0.0820978,-0.0495248,-24466.1
2.001,0.0820978,2,2.33538,0.0820978,-0.0465233,-25876.5
2.001,0.0820978,2,2.33538,0.0820978,-0.0435218,-27005.1
2.001,0.0820978,2,2.33538,0.0820978,-0.0405203,-23515
2.001,0.0820978,2,2.33538,0.0820978,-0.0375188,-27514.8
2.001,0.0820978,2,2.33538,0.0820978,-0.0345173,-25575.1
2.001,0.0820978,2,2.33538,0.0820978,-0.0315158,-27382.2
2.001,0.0820978,2,2.33538,0.0820978,-0.0285143,-26828.6
2.001,0.0820978,2,2.33538,0.0820978,-0.0255128,-25219.5
2.001,0.0820978,2,2.33538,0.0820978,-0.0225113,-23474.8
2.001,0.0820978,2,2.33538,0.0820978,-0.0195098,-27569.5
2.001,0.0820978,2,2.33538,0.0820978,-0.0165083,-24291.8
2.001,0.0820978,2,2.33538,0.0820978,-0.0135068,-24168.4
2.001,0.0820978,2,2.33538,0.0820978,-0.0105053,-23325.1
2.001,0.0820978,2,2.33538,0.0820978,-0.00750375,-26107
2.001,0.0820978,2,2.33538,0.0820978,-0.00450225,-26835
2.001,0.0820978,2,2.33538,0.0820978,-0.00150075,-25359.1
2.001,0.0820978,2,2.33538,0.0820978,0.00150075,-24008.8
2.001,0.0820978,2,2.33538,0.0820978,0.00450225,-24807.4
2.001,0.0820978,2,2.33538,0.0820978,0.00750375,-24267.1
2.001,0.0820978,2,2.33538,0.0820978,0.0105053,-25840.7
2.001,0.0820978,2,2.33538,0.0820978,0.0135068,-24231.9
2.001,0.0820978,2,2.33538,0.0820978,0.0165083,-27122.2
2.001,0.0820978,2,2.33538,0.0820978,0.0195098,-24965.1
2.001,0.0820978,2,2.33538,0.0820978,0.0225113,-23076.6
2.001,0.0820978,2,2.33538,0.0820978,0.0255128,-25687.2
2.001,0.0820978,2,2.33538,0.0820978,0.0285143,-24557.9
2.001,0.0820978,2,2.33538,0.0820978,0.0315158,-25794.4
2.001,0.0820978,2,2.33538,0.0820978,0.0345173,-22843.5
2.001,0.0820978,2,2.33538,0.0820978,0.0375188,-25150.6
2.001,0.0820978,2,2.33538,0.0820978,0.0405203,-23515.2
2.001,0.0820978,2,2.33538,0.0820978,0.0435218,-24803.4
2.001,0.0820978,2,2.33538,0.0820978,0.0465233,-26306.2
2.001,0.0820978,2,2.33538,0.0820978,0.0495248,-22937.5
2.001,0.0820978,2,2.33538,0.0820978,0.0525263,-28959.1
2.001,0.0820978,2,2.33538,0.0820978,0.0555278,-24727
2.001,0.0820978,2,2.33538,0.0820978,0.0585293,-25229
2.001,0.0820978,2,2.33538,0.0820978,0.0615308,-24268.3
2.001,0.0820978,2,2.33538,0.0820978,0.0645323,-22839.3
2.001,0.0820978,2,2.33538,0.0820978,0.0675338,-26524
2.001,0.0820978,2,2.33538,0.0820978,0.0705353,-22722.8
2.001,0.0820978,2,2.33538,0.0820978,0.0735368,-25743.5
2.001,0.0820978,2,2.33538,0.0820978,0.0765383,-23308.8
2.001,0.0820978,2,2.33538,0.0820978,0.0795398,-24419.7
2.001,0.0820978,2,2.33538,0.0820978,0.0825413,-25462.5
2.001,0.0820978,2,2.33538,0.0820978,0.0855428,-24023.3
2.001,0.0820978,2,2.33538,0.0820978,0.0885443,-22946.6
2.001,0.0820978,2,2.33538,0.0820978,0.0915458,-23318.4
2.001,0.0820978,2,2.33538,0.0820978,0.0945473,-26730.6
2.001,0.0820978,2,2.33538,0.0820978,0.0975488,-23944.8
2.001,0.0820978,2,2.33538,0.0820978,0.10055,-24051.3
2.001,0.0820978,2,2.33538,0.0820978,0.103552,-24044.3
2.001,0.0820978,2,2.33538,0.0820978,0.106553,-24759.7
2.001,0.0820978,2,2.33538,0.0820978,0.109555,-24777.5
2.001,0.0820978,2,2.33538,0.0820978,0.112556,-25071
2.001,0.0820978,2,2.33538,0.0820978,0.115558,-23909.8
2.001,0.0820978,2,2.33538,0.0820978,0.118559,-23161.2
2.001,0.0820978,2,2.33538,0.0820978,0.121561,-22548.4
2.001,0.0820978,2,2.33538,0.0820978,0.124562,-25717.3
2.001,0.0820978,2,2.33538,0.0820978,0.127564,-24441.7
2.001,0.0820978,2,2.33538,0.0820978,0.130565,-24006.8
2.001,0.0820978,2,2.33538,0.0820978,0.133567,-23366.5
2.001,0.0820978,2,2.33538,0.0820978,0.136568,-23930.5
2.001,0.0820978,2,2.33538,0.0820978,0.13957,-24781.3
2.001,0.0820978,2,2.33538,0.0820978,0.142571,-25671.7
2.001,0.0820978,2,2.33538,0.0820978,0.145573,-22801.3
2.001,0.0820978,2,2.33538,0.0820978,0.148574,-27601.6
2.001,0.0820978,2,2.33538,0.0820978,0.151576,-25409.3
2.001,0.0820978,2,2.33538,0.0820978,0.154577,-25788.4
2.001,0.0820978,2,2.33538,0.0820978,0.157579,-22920.2
2.001,0.0820978,2,2.33538,0.0820978,0.16058,-25353.6
2.001,0.0820978,2,2.33538,0.0820978,0.163582,-25982.3
2.001,0.0820978,2,2.33538,0.0820978,0.166583,-23759.3
2.001,0.0820978,2,2.33538,0.0820978,0.169585,-24247.1
2.001,0.0820978,2,2.33538,0.0820978,0.172586,-23336.4
2.001,0.0820978,2,2.33538,0.0820978,0.175588,-23729.4
2.001,0.0820978,2,2.33538,0.0820978,0.178589,-24117.6
2.001,0.0820978,2,2.33538,0.0820978,0.181591,-23640.3
2.001,0.0820978,2,2.33538,0.0820978,0.184592,-23535.6
2.001,0.0820978,2,2.33538,0.0820978,0.187594,-23637
2.001,0.0820978,2,2.33538,0.0820978,0.190595,-22310.1
2.001,0.0820978,2,2.33538,0.0820978,0.193597,-22961.3
2.001,0.0820978,2,2.33538,0.0820978,0.196598,-22699.3
2.001,0.0820978,2,2.33538,0.0820978,0.1996,-23638.9
2.001,0.0820978,2,2.33538,0.0820978,0.202601,-24028.2
2.001,0.0820978,2,2.33538,0.0820978,0.205603,-22303.5
2.001,0.0820978,2,2.33538,0.0820978,0.208604,-23064.1
2.001,0.0820978,2,2.33538,0.0820978,0.211606,-22824.1
2.001,0.0820978,2,2.33538,0.0820978,0.214607,-23545.1
2.001,0.0820978,2,2.33538,0.0820978,0.217609,-22804.2
2.001,0.0820978,2,2.33538,0.0820978,0.22061,-24066.3
2.001,0.0820978,2,2.33538,0.0820978,0.223612,-24086.2
2.001,0.0820978,2,2.33538,0.0820978,0.226613,-23161.7
2.001,0.0820978,2,2.33538,0.0820978,0.229615,-22259.8
2.001,0.0820978,2,2.33538,0.0820978,0.232616,-23813.6
2.001,0.0820978,2,2.33538,0.0820978,0.235618,-24187.3
2.001,0.0820978,2,2.33538,0.0820978,0.238619,-23483.8
2.001,0.0820978,2,2.33538,0.0820978,0.241621,-22690.5
2.001,0.0820978,2,2.33538,0.0820978,0.244622,-22253.6
2.001,0.0820978,2,2.33538,0.0820978,0.247624,-25760.9
2.001,0.0820978,2,2.33538,0.0820978,0.250625,-25236.6
2.001,0.0820978,2,2.33538,0.0820978,0.253627,-23660.6
2.001,0.0820978,2,2.33538,0.0820978,0.256628,-22356
2.001,0.0820978,2,2.33538,0.0820978,0.25963,-24171.8
2.001,0.0820978,2,2.33538,0.0820978,0.262631,-22856.4
2.001,0.0820978,2,2.33538,0.0820978,0.265633,-23583
2.001,0.0820978,2,2.33538,0.0820978,0.268634,-22734
2.001,0.0820978,2,2.33538,0.0820978,0.271636,-22811
2.001,0.0820978,2,2.33538,0.0820978,0.274637,-22020.7
2.001,0.0820978,2,2.33538,0.0820978,0.277639,-21661.5
2.001,0.0820978,2,2.33538,0.0820978,0.28064,-22581.9
2.001,0.0820978,2,2.33538,0.0820978,0.283642,-23351.8
2.001,0.0820978,2,2.33538,0.0820978,0.286643,-21976
2.001,0.0820978,2,2.33538,0.0820978,0.289645,-21418.1
2.001,0.0820978,2,2.33538,0.0820978,0.292646,-22129.2
2.001,0.0820978,2,2.33538,0.0820978,0.295648,-24392.6
2.001,0.0820978,2,2.33538,0.0820978,0.298649,-23687.4
2.001,0.0820978,2,2.33538,0.0820978,0.301651,-22820.9
2.001,0.0820978,2,2.33538,0.0820978,0.304652,-22355.7
2.001,0.0820978,2,2.33538,0.0820978,0.307654,-22875.1
2.001,0.0820978,2,2.33538,0.0820978,0.310655,-22870
2.001,0.0820978,2,2.33538,0.0820978,0.313657,-21931.9
2.001,0.0820978,2,2.33538,0.0820978,0.316658,-22727.5
2.001,0.0820978,2,2.33538,0.0820978,0.31966,-22602.2
2.001,0.0820978,2,2.33538,0.0820978,0.322661,-21474.7
2.001,0.0820978,2,2.33538,0.0820978,0.325663,-24031.7
2.001,0.0820978,2,2.33538,0.0820978,0.328664,-23885.1
2.001,0.0820978,2,2.33538,0.0820978,0.331666,-22305
2.001,0.0820978,2,2.33538,0.0820978,0.334667,-22888.6
2.001,0.0820978,2,2.33538,0.0820978,0.337669,-23905.5
2.001,0.0820978,2,2.33538,0.0820978,0.34067,-22003.8
2.001,0.0820978,2,2.33538,0.0820978,0.343672,-23357.5
2.001,0.0820978,2,2.33538,0.0820978,0.346673,-24105.1
2.001,0.0820978,2,2.33538,0.0820978,0.349675,-22628.2
2.001,0.0820978,2,2.33538,0.0820978,0.352676,-23797.3
2.001,0.0820978,2,2.33538,0.0820978,0.355678,-23067.8
2.001,0.0820978,2,2.33538,0.0820978,0.358679,-20274.7
2.001,0.0820978,2,2.33538,0.0820978,0.361681,-23430.1
2.001,0.0820978,2,2.33538,0.0820978,0.364682,-22763.5
2.001,0.0820978,2,2.33538,0.0820978,0.367684,-21041
2.001,0.0820978,2,2.33538,0.0820978,0.370685,-21814.7
2.001,0.0820978,2,2.33538,0.0820978,0.373687,-21524.7
2.001,0.0820978,2,2.33538,0.0820978,0.376688,-21856.6
2.001,0.0820978,2,2.33538,0.0820978,0.37969,-19872.3
2.001,0.0820978,2,2.33538,0.0820978,0.382691,-21740.7
2.001,0.0820978,2,2.33538,0.0820978,0.385693,-21559.8
2.001,0.0820978,2,2.33538,0.0820978,0.388694,-19559
2.001,0.0820978,2,2.33538,0.0820978,0.391696,-19574.5
2.001,0.0820978,2,2.33538,0.0820978,0.394697,-18105.3
2.001,0.0820978,2,2.33538,0.0820978,0.397699,-20315.8
2.001,0.0820978,2,2.33538,0.0820978,0.4007,-20468.4
2.001,0.0820978,2,2.33538,0.0820978,0.403702,-18366.1
2.001,0.0820978,2,2.33538,0.0820978,0.406703,16315.9
2.001,0.0820978,2,2.33538,0.0820978,0.409705,16839.2
2.001,0.0820978,2,2.33538,0.0820978,0.412706,20257
2.001,0.0820978,2,2.33538,0.0820978,0.415708,18926.3
2.001,0.0820978,2,2.33538,0.0820978,0.418709,18507.1
2.001,0.0820978,2,2.33538,0.0820978,0.421711,18476.7
2.001,0.0820978,2,2.33538,0.0820978,0.424712,19957.1
2.001,0.0820978,2,2.33538,0.0820978,0.427714,20743.5
2.001,0.0820978,2,2.33538,0.0820978,0.430715,19490.4
2.001,0.0820978,2,2.33538,0.0820978,0.433717,20160.2
2.001,0.0820978,2,2.33538,0.0820978,0.436718,21562.9
2.001,0.0820978,2,2.33538,0.0820978,0.43972,21075.6
2.001,0.0820978,2,2.33538,0.0820978,0.442721,23117
2.001,0.0820978,2,2.33538,0.0820978,0.445723,20620.6
2.001,0.0820978,2,2.33538,0.0820978,0.448724,21133.8
2.001,0.0820978,2,2.33538,0.0820978,0.451726,21972.4
2.001,0.0820978,2,2.33538,0.0820978,0.454727,20439
2.001,0.0820978,2,2.33538,0.0820978,0.457729,21408.2
2.001,0.0820978,2,2.33538,0.0820978,0.46073,23181.6
2.001,0.0820978,2,2.33538,0.0820978,0.463732,22265.4
2.001,0.0820978,2,2.33538,0.0820978,0.466733,23574.5
2.001,0.0820978,2,2.33538,0.0820978,0.469735,22555.9
2.001,0.0820978,2,2.33538,0.0820978,0.472736,21688.3
2.001,0.0820978,2,2.33538,0.0820978,0.475738,22250.7
2.001,0.0820978,2,2.33538,0.0820978,0.478739,22336.8
2.001,0.0820978,2,2.33538,0.0820978,0.481741,21185.6
2.001,0.0820978,2,2.33538,0.0820978,0.484742,23753
2.001,0.0820978,2,2.33538,0.0820978,0.487744,24477.1
2.001,0.0820978,2,2.33538,0.0820978,0.490745,21553.7
2.001,0.0820978,2,2.33538,0.0820978,0.493747,21516.5
2.001,0.0820978,2,2.33538,0.0820978,0.496748,24420.7
2.001,0.0820978,2,2.33538,0.0820978,0.49975,24035.5
2.001,0.0820978,2,2.33538,0.0820978,0.502751,25559.5
2.001,0.0820978,2,2.33538,0.0820978,0.505753,23293.2
2.001,0.0820978,2,2.33538,0.0820978,0.508754,24090.4
2.001,0.0820978,2,2.33538,0.0820978,0.511756,25786.5
2.001,0.0820978,2,2.33538,0.0820978,0.514757,24267.5
2.001,0.0820978,2,2.33538,0.0820978,0.517759,22013.6
2.001,0.0820978,2,2.33538,0.0820978,0.52076,22869.7
2.001,0.0820978,2,2.33538,0.0820978,0.523762,22938.7
2.001,0.0820978,2,2.33538,0.0820978,0.526763,24933.1
2.001,0.0820978,2,2.33538,0.0820978,0.529765,25056.6
2.001,0.0820978,2,2.33538,0.0820978,0.532766,24967.7
2.001,0.0820978,2,2.33538,0.0820978,0.535768,22418.5
2.001,0.0820978,2,2.33538,0.0820978,0.538769,27167.1
2.001,0.0820978,2,2.33538,0.0820978,0.541771,24398
2.001,0.0820978,2,2.33538,0.0820978,0.544772,27663.4
2.001,0.0820978,2,2.33538,0.0820978,0.547774,25070.8
2.001,0.0820978,2,2.33538,0.0820978,0.550775,25307.3
2.001,0.0820978,2,2.33538,0.0820978,0.553777,23367.6
2.001,0.0820978,2,2.33538,0.0820978,0.556778,24340.2
2.001,0.0820978,2,2.33538,0.0820978,0.55978,23027.3
2.001,0.0820978,2,2.33538,0.0820978,0.562781,23543.3
2.001,0.0820978,2,2.33538,0.0820978,0.565783,23841.2
2.001,0.0820978,2,2.33538,0.0820978,0.568784,24955.1
2.001,0.0820978,2,2.33538,0.0820978,0.571786,25644.6
2.001,0.0820978,2,2.33538,0.0820978,0.574787,25714.3
2.001,0.0820978,2,2.33538,0.0820978,0.577789,26694.9
2.001,0.0820978,2,2.33538,0.0820978,0.58079,23742
2.001,0.0820978,2,2.33538,0.0820978,0.583792,23965.5
2.001,0.0820978,2,2.33538,0.0820978,0.586793,25372.7
2.001,0.0820978,2,2.33538,0.0820978,0.589795,23665.9
2.001,0.0820978,2,2.33538,0.0820978,0.592796,26007
2.001,0.0820978,2,2.33538,0.0820978,0.595798,24095.6
2.001,0.0820978,2,2.33538,0.0820978,0.598799,25332.7
2.001,0.0820978,2,2.33538,0.0820978,0.601801,24882.3
2.001,0.0820978,2,2.33538,0.0820978,0.604802,25756.9
2.001,0.0820978,2,2.33538,0.0820978,0.607804,23226.2
2.001,0.0820978,2,2.33538,0.0820978,0.610805,24200.8
2.001,0.0820978,2,2.33538,0.0820978,0.613807,24682.6
2.001,0.0820978,2,2.33538,0.0820978,0.616808,24309.2
2.001,0.0820978,2,2.33538,0.0820978,0.61981,24315.2
2.001,0.0820978,2,2.33538,0.0820978,0.622811,23372.1
2.001,0.0820978,2,2.33538,0.0820978,0.625813,25461.6
2.001,0.0820978,2,2.33538,0.0820978,0.628814,25745.1
2.001,0.0820978,2,2.33538,0.0820978,0.631816,23325.8
2.001,0.0820978,2,2.33538,0.0820978,0.634817,27964.2
2.001,0.0820978,2,2.33538,0.0820978,0.637819,27735.8
2.001,0.0820978,2,2.33538,0.0820978,0.64082,24122
2.001,0.0820978,2,2.33538,0.0820978,0.643822,24106.3
2.001,0.0820978,2,2.33538,0.0820978,0.646823,27462.4
2.001,0.0820978,2,2.33538,0.0820978,0.649825,24488.3
2.001,0.0820978,2,2.33538,0.0820978,0.652826,25743.1
2.001,0.0820978,2,2.33538,0.0820978,0.655828,25555.1
2.001,0.0820978,2,2.33538,0.0820978,0.658829,23670.9
2.001,0.0820978,2,2.33538,0.0820978,0.661831,24895.7
2.001,0.0820978,2,2.33538,0.0820978,0.664832,27900.9
2.001,0.0820978,2,2.33538,0.0820978,0.667834,28591.7
2.001,0.0820978,2,2.33538,0.0820978,0.670835,24879.8
2.001,0.0820978,2,2.33538,0.0820978,0.673837,24400.5
2.001,0.0820978,2,2.33538,0.0820978,0.676838,25421.4
2.001,0.0820978,2,2.33538,0.0820978,0.67984,24994.2
2.001,0.0820978,2,2.33538,0.0820978,0.682841,26611.4
2.001,0.0820978,2,2.33538,0.0820978,0.685843,25403.2
2.001,0.0820978,2,2.33538,0.0820978,0.688844,24626.6
2.001,0.0820978,2,2.33538,0.0820978,0.691846,27282.3
2.001,0.0820978,2,2.33538,0.0820978,0.694847,26048.9
2.001,0.0820978,2,2.33538,0.0820978,0.697849,24699.3
2.001,0.0820978,2,2.33538,0.0820978,0.70085,25724.5
2.001,0.0820978,2,2.33538,0.0820978,0.703852,26496.1
2.001,0.0820978,2,2.33538,0.0820978,0.706853,26472.4
2.001,0.0820978,2,2.33538,0.0820978,0.709855,26714.1
2.001,0.0820978,2,2.33538,0.0820978,0.712856,26212.4
2.001,0.0820978,2,2.33538,0.0820978,0.715858,24602.7
2.001,0.0820978,2,2.33538,0.0820978,0.718859,24970.3
2.001,0.0820978,2,2.33538,0.0820978,0.721861,26325.6
2.001,0.0820978,2,2.33538,0.0820978,0.724862,25903.3
2.001,0.0820978,2,2.33538,0.0820978,0.727864,24545
2.001,0.0820978,2,2.33538,0.0820978,0.730865,26610.5
2.001,0.0820978,2,2.33538,0.0820978,0.733867,24473.2
2.001,0.0820978,2,2.33538,0.0820978,0.736868,25121.2
2.001,0.0820978,2,2.33538,0.0820978,0.73987,27573.1
2.001,0.0820978,2,2.33538,0.0820978,0.742871,24402
2.001,0.0820978,2,2.33538,0.0820978,0.745873,25073.3
2.001,0.0820978,2,2.33538,0.0820978,0.748874,27497.4
2.001,0.0820978,2,2.33538,0.0820978,0.751876,26146.1
2.001,0.0820978,2,2.33538,0.0820978,0.754877,26996.9
2.001,0.0820978,2,2.33538,0.0820978,0.757879,29577.6
2.001,0.0820978,2,2.33538,0.0820978,0.76088,25843
2.001,0.0820978,2,2.33538,0.0820978,0.763882,24950.4
2.001,0.0820978,2,2.33538,0.0820978,0.766883,28174.1
2.001,0.0820978,2,2.33538,0.0820978,0.769885,27114.1
2.001,0.0820978,2,2.33538,0.0820978,0.772886,24712.4
2.001,0.0820978,2,2.33538,0.0820978,0.775888,24720.3
2.001,0.0820978,2,2.33538,0.0820978,0.778889,26856.9
2.001,0.0820978,2,2.33538,0.0820978,0.781891,24673.8
2.001,0.0820978,2,2.33538,0.0820978,0.784892,29540
2.001,0.0820978,2,2.33538,0.0820978,0.787894,26560.3
2.001,0.0820978,2,2.33538,0.0820978,0.790895,25185.3
2.001,0.0820978,2,2.33538,0.0820978,0.793897,27865
2.001,0.0820978,2,2.33538,0.0820978,0.796898,24823.4
2.001,0.0820978,2,2.33538,0.0820978,0.7999,26930.8
2.001,0.0820978,2,2.33538,0.0820978,0.802901,27612.5
2.001,0.0820978,2,2.33538,0.0820978,0.805903,28628.6
2.001,0.0820978,2,2.33538,0.0820978,0.808904,29508.8
2.001,0.0820978,2,2.33538,0.0820978,0.811906,26600.2
2.001,0.0820978,2,2.33538,0.0820978,0.814907,28305.5
2.001,0.0820978,2,2.33538,0.0820978,0.817909,26872
2.001,0.0820978,2,2.33538,0.0820978,0.82091,25607.5
2.001,0.0820978,2,2.33538,0.0820978,0.823912,25565.6
2.001,0.0820978,2,2.33538,0.0820978,0.826913,27516.3
2.001,0.0820978,2,2.33538,0.0820978,0.829915,24892.3
2.001,0.0820978,2,2.33538,0.0820978,0.832916,28579.1
2.001,0.0820978,2,2.33538,0.0820978,0.835918,26478.4
2.001,0.0820978,2,2.33538,0.0820978,0.838919,26476.4
2.001,0.0820978,2,2.33538,0.0820978,0.841921,27813.2
2.001,0.0820978,2,2.33538,0.0820978,0.844922,27297.7
2.001,0.0820978,2,2.33538,0.0820978,0.847924,26589.8
2.001,0.0820978,2,2.33538,0.0820978,0.850925,25275.7
2.001,0.0820978,2,2.33538,0.0820978,0.853927,27090.6
2.001,0.0820978,2,2.33538,0.0820978,0.856928,27261.7
2.001,0.0820978,2,2.33538,0.0820978,0.85993,25669.4
2.001,0.0820978,2,2.33538,0.0820978,0.862931,25434
2.001,0.0820978,2,2.33538,0.0820978,0.865933,28436.4
2.001,0.0820978,2,2.33538,0.0820978,0.868934,30875.3
2.001,0.0820978,2,2.33538,0.0820978,0.871936,27288.2
2.001,0.0820978,2,2.33538,0.0820978,0.874937,26885.5
2.001,0.0820978,2,2.33538,0.0820978,0.877939,27673
2.001,0.0820978,2,2.33538,0.0820978,0.88094,29441.7
2.001,0.0820978,2,2.33538,0.0820978,0.883942,25433.7
2.001,0.0820978,2,2.33538,0.0820978,0.886943,27402.4
2.001,0.0820978,2,2.33538,0.0820978,0.889945,27260.4
2.001,0.0820978,2,2.33538,0.0820978,0.892946,28419.9
2.001,0.0820978,2,2.33538,0.0820978,0.895948,28478.3
2.001,0.0820978,2,2.33538,0.0820978,0.898949,28049.7
2.001,0.0820978,2,2.33538,0.0820978,0.901951,29004
2.001,0.0820978,2,2.33538,0.0820978,0.904952,27249.3
2.001,0.0820978,2,2.33538,0.0820978,0.907954,26436.4
2.001,0.0820978,2,2.33538,0.0820978,0.910955,26128.1
2.001,0.0820978,2,2.33538,0.0820978,0.913957,29394.7
2.001,0.0820978,2,2.33538,0.0820978,0.916958,29675.3
2.001,0.0820978,2,2.33538,0.0820978,0.91996,27589.2
2.001,0.0820978,2,2.33538,0.0820978,0.922961,27506.9
2.001,0.0820978,2,2.33538,0.0820978,0.925963,27320.3
2.001,0.0820978,2,2.33538,0.0820978,0.928964,27279.2
2.001,0.0820978,2,2.33538,0.0820978,0.931966,27708.8
2.001,0.0820978,2,2.33538,0.0820978,0.934967,26879
2.001,0.0820978,2,2.33538,0.0820978,0.937969,29666.6
2.001,0.0820978,2,2.33538,0.0820978,0.94097,30181.8
2.001,0.0820978,2,2.33538,0.0820978,0.943972,27574.9
2.001,0.0820978,2,2.33538,0.0820978,0.946973,28628.4
2.001,0.0820978,2,2.33538,0.0820978,0.949975,26422.2
2.001,0.0820978,2,2.33538,0.0820978,0.952976,27209
2.001,0.0820978,2,2.33538,0.0820978,0.955978,29588
2.001,0.0820978,2,2.33538,0.0820978,0.958979,29824.1
2.001,0.0820978,2,2.33538,0.0820978,0.961981,26231
2.001,0.0820978,2,2.33538,0.0820978,0.964982,29050.1
2.001,0.0820978,2,2.33538,0.0820978,0.967984,27121.5
2.001,0.0820978,2,2.33538,0.0820978,0.970985,26418.2
2.001,0.0820978,2,2.33538,0.0820978,0.973987,28720.2
2.001,0.0820978,2,2.33538,0.0820978,0.976988,26680.3
2.001,0.0820978,2,2.33538,0.0820978,0.97999,25807.1
2.001,0.0820978,2,2.33538,0.0820978,0.982991,27564.2
2.001,0.0820978,2,2.33538,0.0820978,0.985993,27227.8
2.001,0.0820978,2,2.33538,0.0820978,0.988994,27151.5
2.001,0.0820978,2,2.33538,0.0820978,0.991996,28647.8
2.001,0.0820978,2,2.33538,0.0820978,0.994997,30002.7
2.001,0.0820978,2,2.33538,0.0820978,0.997999,27094.4
2.001,0.0820978,2,2.33538,0.0820978,1.001,29060.1
2.001,0.0820978,2,2.33538,0.0820978,1.004,27892.7
2.001,0.0820978,2,2.33538,0.0820978,1.007,27643.9
2.001,0.0820978,2,2.33538,0.0820978,1.01001,28526.1
2.001,0.0820978,2,2.33538,0.0820978,1.01301,26039.1
2.001,0.0820978,2,2.33538,0.0820978,1.01601,27754.2
2.001,0.0820978,2,2.33538,0.0820978,1.01901,27983.8
2.001,0.0820978,2,2.33538,0.0820978,1.02201,27513.1
2.001,0.0820978,2,2.33538,0.0820978,1.02501,28178.5
2.001,0.0820978,2,2.33538,0.0820978,1.02801,28501.4
2.001,0.0820978,2,2.33538,0.0820978,1.03102,29326.8
2.001,0.0820978,2,2.33538,0.0820978,1.03402,28723.4
2.001,0.0820978,2,2.33538,0.0820978,1.03702,28350.3
2.001,0.0820978,2,2.33538,0.0820978,1.04002,26099.4
2.001,0.0820978,2,2.33538,0.0820978,1.04302,29153
2.001,0.0820978,2,2.33538,0.0820978,1.04602,26932.7
2.001,0.0820978,2,2.33538,0.0820978,1.04902,30716.6
2.001,0.0820978,2,2.33538,0.0820978,1.05203,28390.7
2.001,0.0820978,2,2.33538,0.0820978,1.05503,26749.1
2.001,0.0820978,2,2.33538,0.0820978,1.05803,26745.2
2.001,0.0820978,2,2.33538,0.0820978,1.06103,26838.7
2.001,0.0820978,2,2.33538,0.0820978,1.06403,29513.8
2.001,0.0820978,2,2.33538,0.0820978,1.06703,29597.3
2.001,0.0820978,2,2.33538,0.0820978,1.07004,27197.9
2.001,0.0820978,2,2.33538,0.0820978,1.07304,26939.3
2.001,0.0820978,2,2.33538,0.0820978,1.07604,26214.4
2.001,0.0820978,2,2.33538,0.0820978,1.07904,26550.5
2.001,0.0820978,2,2.33538,0.0820978,1.08204,28010
2.001,0.0820978,2,2.33538,0.0820978,1.08504,26568.2
2.001,0.0820978,2,2.33538,0.0820978,1.08804,26767.7
2.001,0.0820978,2,2.33538,0.0820978,1.09105,26194.2
2.001,0.0820978,2,2.33538,0.0820978,1.09405,28821.5
2.001,0.0820978,2,2.33538,0.0820978,1.09705,26662.8
2.001,0.0820978,2,2.33538,0.0820978,1.10005,26757.2
2.001,0.0820978,2,2.33538,0.0820978,1.10305,26652.4
2.001,0.0820978,2,2.33538,0.0820978,1.10605,28292.7
2.001,0.0820978,2,2.33538,0.0820978,1.10905,27110.2
2.001,0.0820978,2,2.33538,0.0820978,1.11206,29398.8
2.001,0.0820978,2,2.33538,0.0820978,1.11506,27523.2
2.001,0.0820978,2,2.33538,0.0820978,1.11806,29093.8
2.001,0.0820978,2,2.33538,0.0820978,1.12106,26977.4
2.001,0.0820978,2,2.33538,0.0820978,1.12406,27987.4
2.001,0.0820978,2,2.33538,0.0820978,1.12706,28746.5
2.001,0.0820978,2,2.33538,0.0820978,1.13007,26113.1
2.001,0.0820978,2,2.33538,0.0820978,1.13307,27290.9
2.001,0.0820978,2,2.33538,0.0820978,1.13607,29978.8
2.001,0.0820978,2,2.33538,0.0820978,1.13907,27769.2
2.001,0.0820978,2,2.33538,0.0820978,1.14207,27707
2.001,0.0820978,2,2.33538,0.0820978,1.14507,30114.2
2.001,0.0820978,2,2.33538,0.0820978,1.14807,26300.4
2.001,0.0820978,2,2.33538,0.0820978,1.15108,26888.9
2.001,0.0820978,2,2.33538,0.0820978,1.15408,28137
2.001,0.0820978,2,2.33538,0.0820978,1.15708,26570.2
2.001,0.0820978,2,2.33538,0.0820978,1.16008,26915
2.001,0.0820978,2,2.33538,0.0820978,1.16308,28800.3
2.001,0.0820978,2,2.33538,0.0820978,1.16608,28983.7
2.001,0.0820978,2,2.33538,0.0820978,1.16908,26797.3
2.001,0.0820978,2,2.33538,0.0820978,1.17209,27681.6
2.001,0.0820978,2,2.33538,0.0820978,1.17509,28464.3
2.001,0.0820978,2,2.33538,0.0820978,1.17809,29526.5
2.001,0.0820978,2,2.33538,0.0820978,1.18109,27245.1
2.001,0.0820978,2,2.33538,0.0820978,1.18409,28127.6
2.001,0.0820978,2,2.33538,0.0820978,1.18709,27306.3
2.001,0.0820978,2,2.33538,0.0820978,1.1901,28073.6
2.001,0.0820978,2,2.33538,0.0820978,1.1931,26639.3
2.001,0.0820978,2,2.33538,0.0820978,1.1961,28868.3
2.001,0.0820978,2,2.33538,0.0820978,1.1991,27141.4
2.001,0.0820978,2,2.33538,0.0820978,1.2021,26888.7
2.001,0.0820978,2,2.33538,0.0820978,1.2051,28044.2
2.001,0.0820978,2,2.33538,0.0820978,1.2081,26733.4
2.001,0.0820978,2,2.33538,0.0820978,1.21111,27953.7
2.001,0.0820978,2,2.33538,0.0820978,1.21411,28298.7
2.001,0.0820978,2,2.33538,0.0820978,1.21711,28695.3
2.001,0.0820978,2,2.33538,0.0820978,1.22011,27886.9
2.001,0.0820978,2,2.33538,0.0820978,1.22311,28902.7
2.001,0.0820978,2,2.33538,0.0820978,1.22611,29149.1
2.001,0.0820978,2,2.33538,0.0820978,1.22911,29732
2.001,0.0820978,2,2.33538,0.0820978,1.23212,29628.8
2.001,0.0820978,2,2.33538,0.0820978,1.23512,28113
2.001,0.0820978,2,2.33538,0.0820978,1.23812,27850.7
2.001,0.0820978,2,2.33538,0.0820978,1.24112,31196.6
2.001,0.0820978,2,2.33538,0.0820978,1.24412,29475.5
2.001,0.0820978,2,2.33538,0.0820978,1.24712,26381.7
2.001,0.0820978,2,2.33538,0.0820978,1.25013,29637.6
2.001,0.0820978,2,2.33538,0.0820978,1.25313,27407.7
2.001,0.0820978,2,2.33538,0.0820978,1.25613,26223
2.001,0.0820978,2,2.33538,0.0820978,1.25913,28496.7
2.001,0.0820978,2,2.33538,0.0820978,1.26213,29486.9
2.001,0.0820978,2,2.33538,0.0820978,1.26513,28773.4
2.001,0.0820978,2,2.33538,0.0820978,1.26813,27090
2.001,0.0820978,2,2.33538,0.0820978,1.27114,30137
2.001,0.0820978,2,2.33538,0.0820978,1.27414,26968.9
2.001,0.0820978,2,2.33538,0.0820978,1.27714,27937.5
2.001,0.0820978,2,2.33538,0.0820978,1.28014,27042.7
2.001,0.0820978,2,2.33538,0.0820978,1.28314,29631.7
2.001,0.0820978,2,2.33538,0.0820978,1.28614,28521.8
2.001,0.0820978,2,2.33538,0.0820978,1.28914,28266.8
2.001,0.0820978,2,2.33538,0.0820978,1.29215,26914.6
2.001,0.0820978,2,2.33538,0.0820978,1.29515,29449
2.001,0.0820978,2,2.33538,0.0820978,1.29815,29238.5
2.001,0.0820978,2,2.33538,0.0820978,1.30115,27302.4
2.001,0.0820978,2,2.33538,0.0820978,1.30415,26321.3
2.001,0.0820978,2,2.33538,0.0820978,1.30715,27188.5
2.001,0.0820978,2,2.33538,0.0820978,1.31016,29961.6
2.001,0.0820978,2,2.33538,0.0820978,1.31316,31634
2.001,0.0820978,2,2.33538,0.0820978,1.31616,26345.9
2.001,0.0820978,2,2.33538,0.0820978,1.31916,27939.4
2.001,0.0820978,2,2.33538,0.0820978,1.32216,26276
2.001,0.0820978,2,2.33538,0.0820978,1.32516,27346
2.001,0.0820978,2,2.33538,0.0820978,1.32816,30406.3
2.001,0.0820978,2,2.33538,0.0820978,1.33117,27371.7
2.001,0.0820978,2,2.33538,0.0820978,1.33417,27004.2
2.001,0.0820978,2,2.33538,0.0820978,1.33717,26432.2
2.001,0.0820978,2,2.33538,0.0820978,1.34017,27768.4
2.001,0.0820978,2,2.33538,0.0820978,1.34317,28282
2.001,0.0820978,2,2.33538,0.0820978,1.34617,29378.7
2.001,0.0820978,2,2.33538,0.0820978,1.34917,26541.7
2.001,0.0820978,2,2.33538,0.0820978,1.35218,26189.5
2.001,0.0820978,2,2.33538,0.0820978,1.35518,29233.5
2.001,0.0820978,2,2.33538,0.0820978,1.35818,29460.7
2.001,0.0820978,2,2.33538,0.0820978,1.36118,27437.5
2.001,0.0820978,2,2.33538,0.0820978,1.36418,27304.1
2.001,0.0820978,2,2.33538,0.0820978,1.36718,27321.5
2.001,0.0820978,2,2.33538,0.0820978,1.37019,26658.7
2.001,0.0820978,2,2.33538,0.0820978,1.37319,27345.2
2.001,0.0820978,2,2.33538,0.0820978,1.37619,28043.9
2.001,0.0820978,2,2.33538,0.0820978,1.37919,27850.2
2.001,0.0820978,2,2.33538,0.0820978,1.38219,27835.6
2.001,0.0820978,2,2.33538,0.0820978,1.38519,30418.8
2.001,0.0820978,2,2.33538,0.0820978,1.38819,28044.3
2.001,0.0820978,2,2.33538,0.0820978,1.3912,30086.3
2.001,0.0820978,2,2.33538,0.0820978,1.3942,28415.4
2.001,0.0820978,2,2.33538,0.0820978,1.3972,27539
2.001,0.0820978,2,2.33538,0.0820978,1.4002,27783.9
2.001,0.0820978,2,2.33538,0.0820978,1.4032,27330.6
2.001,0.0820978,2,2.33538,0.0820978,1.4062,26366.7
2.001,0.0820978,2,2.33538,0.0820978,1.4092,29380
2.001,0.0820978,2,2.33538,0.0820978,1.41221,26746.8
2.001,0.0820978,2,2.33538,0.0820978,1.41521,30535.2
2.001,0.0820978,2,2.33538,0.0820978,1.41821,26292.9
2.001,0.0820978,2,2.33538,0.0820978,1.42121,28622.4
2.001,0.0820978,2,2.33538,0.0820978,1.42421,26243.2
2.001,0.0820978,2,2.33538,0.0820978,1.42721,29673
2.001,0.0820978,2,2.33538,0.0820978,1.43022,29889.9
2.001,0.0820978,2,2.33538,0.0820978,1.43322,27869.2
2.001,0.0820978,2,2.33538,0.0820978,1.43622,28196.3
2.001,0.0820978,2,2.33538,0.0820978,1.43922,27115.7
2.001,0.0820978,2,2.33538,0.0820978,1.44222,27182.7
2.001,0.0820978,2,2.33538,0.0820978,1.44522,28970.6
2.001,0.0820978,2,2.33538,0.0820978,1.44822,27940.7
2.001,0.0820978,2,2.33538,0.0820978,1.45123,26773.9
2.001,0.0820978,2,2.33538,0.0820978,1.45423,26246.4
2.001,0.0820978,2,2.33538,0.0820978,1.45723,26310.1
2.001,0.0820978,2,2.33538,0.0820978,1.46023,25916.4
2.001,0.0820978,2,2.33538,0.0820978,1.46323,28525.4
2.001,0.0820978,2,2.33538,0.0820978,1.46623,26689.3
2.001,0.0820978,2,2.33538,0.0820978,1.46923,27597
2.001,0.0820978,2,2.33538,0.0820978,1.47224,26196.3
2.001,0.0820978,2,2.33538,0.0820978,1.47524,26027.6
2.001,0.0820978,2,2.33538,0.0820978,1.47824,26921
2.001,0.0820978,2,2.33538,0.0820978,1.48124,26507.3
2.001,0.0820978,2,2.33538,0.0820978,1.48424,29864.1
2.001,0.0820978,2,2.33538,0.0820978,1.48724,26496.1
2.001,0.0820978,2,2.33538,0.0820978,1.49025,27048.8
2.001,0.0820978,2,2.33538,0.0820978,1.49325,27371.9
2.001,0.0820978,2,2.33538,0.0820978,1.49625,27405.9
2.001,0.0820978,2,2.33538,0.0820978,1.49925,29060.7
2.001,0.0820978,2,2.33538,0.0820978,1.50225,26848.8
2.001,0.0820978,2,2.33538,0.0820978,1.50525,25807.1
2.001,0.0820978,2,2.33538,0.0820978,1.50825,28679.9
2.001,0.0820978,2,2.33538,0.0820978,1.51126,25966.8
2.001,0.0820978,2,2.33538,0.0820978,1.51426,26491.4
2.001,0.0820978,2,2.33538,0.0820978,1.51726,30866.6
2.001,0.0820978,2,2.33538,0.0820978,1.52026,25713.8
2.001,0.0820978,2,2.33538,0.0820978,1.52326,26574.5
2.001,0.0820978,2,2.33538,0.0820978,1.52626,29979.8
2.001,0.0820978,2,2.33538,0.0820978,1.52926,26411.9
2.001,0.0820978,2,2.33538,0.0820978,1.53227,26348.5
2.001,0.0820978,2,2.33538,0.0820978,1.53527,27197.2
2.001,0.0820978,2,2.33538,0.0820978,1.53827,27045.4
2.001,0.0820978,2,2.33538,0.0820978,1.54127,29638.7
2.001,0.0820978,2,2.33538,0.0820978,1.54427,29437
2.001,0.0820978,2,2.33538,0.0820978,1.54727,26530.1
2.001,0.0820978,2,2.33538,0.0820978,1.55028,26642.2
2.001,0.0820978,2,2.33538,0.0820978,1.55328,27072.9
2.001,0.0820978,2,2.33538,0.0820978,1.55628,26126.8
2.001,0.0820978,2,2.33538,0.0820978,1.55928,25555.7
2.001,0.0820978,2,2.33538,0.0820978,1.56228,27200.6
2.001,0.0820978,2,2.33538,0.0820978,1.56528,25293.4
2.001,0.0820978,2,2.33538,0.0820978,1.56828,26967
2.001,0.0820978,2,2.33538,0.0820978,1.57129,28850.4
2.001,0.0820978,2,2.33538,0.0820978,1.57429,28486.9
2.001,0.0820978,2,2.33538,0.0820978,1.57729,26445.7
2.001,0.0820978,2,2.33538,0.0820978,1.58029,26920.4
2.001,0.0820978,2,2.33538,0.0820978,1.58329,29189.9
2.001,0.0820978,2,2.33538,0.0820978,1.58629,26358.9
2.001,0.0820978,2,2.33538,0.0820978,1.58929,25496.3
2.001,0.0820978,2,2.33538,0.0820978,1.5923,28925.3
2.001,0.0820978,2,2.33538,0.0820978,1.5953,26864.7
2.001,0.0820978,2,2.33538,0.0820978,1.5983,26782.6
2.001,0.0820978,2,2.33538,0.0820978,1.6013,26316.6
2.001,0.0820978,2,2.33538,0.0820978,1.6043,25164.5
2.001,0.0820978,2,2.33538,0.0820978,1.6073,25874.9
2.001,0.0820978,2,2.33538,0.0820978,1.61031,28157
2.001,0.0820978,2,2.33538,0.0820978,1.61331,27043.1
2.001,0.0820978,2,2.33538,0.0820978,1.61631,26546.7
2.001,0.0820978,2,2.33538,0.0820978,1.61931,27474.6
2.001,0.0820978,2,2.33538,0.0820978,1.62231,26778.1
2.001,0.0820978,2,2.33538,0.0820978,1.62531,26264.7
2.001,0.0820978,2,2.33538,0.0820978,1.62831,27046.8
2.001,0.0820978,2,2.33538,0.0820978,1.63132,25903.6
2.001,0.0820978,2,2.33538,0.0820978,1.63432,28905.9
2.001,0.0820978,2,2.33538,0.0820978,1.63732,28783.5
2.001,0.0820978,2,2.33538,0.0820978,1.64032,25844.6
2.001,0.0820978,2,2.33538,0.0820978,1.64332,24950.1
2.001,0.0820978,2,2.33538,0.0820978,1.64632,25095.5
2.001,0.0820978,2,2.33538,0.0820978,1.64932,25208.9
2.001,0.0820978,2,2.33538,0.0820978,1.65233,27346.6
2.001,0.0820978,2,2.33538,0.0820978,1.65533,26023.9
2.001,0.0820978,2,2.33538,0.0820978,1.65833,24935
2.001,0.0820978,2,2.33538,0.0820978,1.66133,27783
2.001,0.0820978,2,2.33538,0.0820978,1.66433,27529.3
2.001,0.0820978,2,2.33538,0.0820978,1.66733,25356.3
2.001,0.0820978,2,2.33538,0.0820978,1.67034,25668.8
2.001,0.0820978,2,2.33538,0.0820978,1.67334,24583.6
2.001,0.0820978,2,2.33538,0.0820978,1.67634,27839.8
2.001,0.0820978,2,2.33538,0.0820978,1.67934,28171.2
2.001,0.0820978,2,2.33538,0.0820978,1.68234,25146.8
2.001,0.0820978,2,2.33538,0.0820978,1.68534,28371.1
2.001,0.0820978,2,2.33538,0.0820978,1.68834,24324.4
2.001,0.0820978,2,2.33538,0.0820978,1.69135,26007.2
2.001,0.0820978,2,2.33538,0.0820978,1.69435,26878.1
2.001,0.0820978,2,2.33538,0.0820978,1.69735,25387.5
2.001,0.0820978,2,2.33538,0.0820978,1.70035,26992.4
2.001,0.0820978,2,2.33538,0.0820978,1.70335,27112.7
2.001,0.0820978,2,2.33538,0.0820978,1.70635,26215.4
2.001,0.0820978,2,2.33538,0.0820978,1.70935,24190.5
2.001,0.0820978,2,2.33538,0.0820978,1.71236,27986.5
2.001,0.0820978,2,2.33538,0.0820978,1.71536,24895.5
2.001,0.0820978,2,2.33538,0.0820978,1.71836,25371.6
2.001,0.0820978,2,2.33538,0.0820978,1.72136,23728.4
2.001,0.0820978,2,2.33538,0.0820978,1.72436,26777
2.001,0.0820978,2,2.33538,0.0820978,1.72736,24120.9
2.001,0.0820978,2,2.33538,0.0820978,1.73037,27118.1
2.001,0.0820978,2,2.33538,0.0820978,1.73337,24644.4
2.001,0.0820978,2,2.33538,0.0820978,1.73637,26188.5
2.001,0.0820978,2,2.33538,0.0820978,1.73937,28115.5
2.001,0.0820978,2,2.33538,0.0820978,1.74237,27420.8
2.001,0.0820978,2,2.33538,0.0820978,1.74537,25219.3
2.001,0.0820978,2,2.33538,0.0820978,1.74837,26000.6
2.001,0.0820978,2,2.33538,0.0820978,1.75138,23706.6
2.001,0.0820978,2,2.33538,0.0820978,1.75438,24663.4
2.001,0.0820978,2,2.33538,0.0820978,1.75738,25870.5
2.001,0.0820978,2,2.33538,0.0820978,1.76038,26570.2
2.001,0.0820978,2,2.33538,0.0820978,1.76338,24797.7
2.001,0.0820978,2,2.33538,0.0820978,1.76638,25516.1
2.001,0.0820978,2,2.33538,0.0820978,1.76938,24759.1
2.001,0.0820978,2,2.33538,0.0820978,1.77239,25458.4
2.001,0.0820978,2,2.33538,0.0820978,1.77539,29017.7
2.001,0.0820978,2,2.33538,0.0820978,1.77839,25017.9
2.001,0.0820978,2,2.33538,0.0820978,1.78139,24619
2.001,0.0820978,2,2.33538,0.0820978,1.78439,22686.8
2.001,0.0820978,2,2.33538,0.0820978,1.78739,25883.1
2.001,0.0820978,2,2.33538,0.0820978,1.7904,22688.5
2.001,0.0820978,2,2.33538,0.0820978,1.7934,23525.2
2.001,0.0820978,2,2.33538,0.0820978,1.7964,22927.7
2.001,0.0820978,2,2.33538,0.0820978,1.7994,22439.8
2.001,0.0820978,2,2.33538,0.0820978,1.8024,22765.1
2.001,0.0820978,2,2.33538,0.0820978,1.8054,23005.1
2.001,0.0820978,2,2.33538,0.0820978,1.8084,22625.1
2.001,0.0820978,2,2.33538,0.0820978,1.81141,23989.6
2.001,0.0820978,2,2.33538,0.0820978,1.81441,22180.9
2.001,0.0820978,2,2.33538,0.0820978,1.81741,21686
2.001,0.0820978,2,2.33538,0.0820978,1.82041,23040.5
2.001,0.0820978,2,2.33538,0.0820978,1.82341,23563.8
2.001,0.0820978,2,2.33538,0.0820978,1.82641,24686.8
2.001,0.0820978,2,2.33538,0.0820978,1.82941,26218.9
2.001,0.0820978,2,2.33538,0.0820978,1.83242,24575.4
2.001,0.0820978,2,2.33538,0.0820978,1.83542,21859
2.001,0.0820978,2,2.33538,0.0820978,1.83842,22198
2.001,0.0820978,2,2.33538,0.0820978,1.84142,23232.7
2.001,0.0820978,2,2.33538,0.0820978,1.84442,24174.8
2.001,0.0820978,2,2.33538,0.0820978,1.84742,23797.7
2.001,0.0820978,2,2.33538,0.0820978,1.85043,22610.8
2.001,0.0820978,2,2.33538,0.0820978,1.85343,22955.8
2.001,0.0820978,2,2.33538,0.0820978,1.85643,20565.2
2.001,0.0820978,2,2.33538,0.0820978,1.85943,20260.9
2.001,0.0820978,2,2.33538,0.0820978,1.86243,22547
2.001,0.0820978,2,2.33538,0.0820978,1.86543,21394.8
2.001,0.0820978,2,2.33538,0.0820978,1.86843,23825.3
2.001,0.0820978,2,2.33538,0.0820978,1.87144,20374.5
2.001,0.0820978,2,2.33538,0.0820978,1.87444,22032.9
2.001,0.0820978,2,2.33538,0.0820978,1.87744,22131.7
2.001,0.0820978,2,2.33538,0.0820978,1.88044,18945.2
2.001,0.0820978,2,2.33538,0.0820978,1.88344,18673.2
2.001,0.0820978,2,2.33538,0.0820978,1.88644,19879.4
2.001,0.0820978,2,2.33538,0.0820978,1.88944,17498.9
2.001,0.0820978,2,2.33538,0.0820978,1.89245,14850.3
2.001,0.0820978,2,2.33538,0.0820978,1.89545,-19383.7
2.001,0.0820978,2,2.33538,0.0820978,1.89845,-17877.3
2.001,0.0820978,2,2.33538,0.0820978,1.90145,-18427.9
2.001,0.0820978,2,2.33538,0.0820978,1.90445,-20224
2.001,0.0820978,2,2.33538,0.0820978,1.90745,-20544
2.001,0.0820978,2,2.33538,0.0820978,1.91046,-19851.6
2.001,0.0820978,2,2.33538,0.0820978,1.91346,-19239.6
2.001,0.0820978,2,2.33538,0.0820978,1.91646,-19933.2
2.001,0.0820978,2,2.33538,0.0820978,1.91946,-20648.1
2.001,0.0820978,2,2.33538,0.0820978,1.92246,-19669.4
2.001,0.0820978,2,2.33538,0.0820978,1.92546,-22298.4
2.001,0.0820978,2,2.33538,0.0820978,1.92846,-20431
2.001,0.0820978,2,2.33538,0.0820978,1.93147,-20725.3
2.001,0.0820978,2,2.33538,0.0820978,1.93447,-21279.9
2.001,0.0820978,2,2.33538,0.0820978,1.93747,-22601.7
2.001,0.0820978,2,2.33538,0.0820978,1.94047,-21845.4
2.001,0.0820978,2,2.33538,0.0820978,1.94347,-21280.8
2.001,0.0820978,2,2.33538,0.0820978,1.94647,-20275.7
2.001,0.0820978,2,2.33538,0.0820978,1.94947,-20123
2.001,0.0820978,2,2.33538,0.0820978,1.95248,-19978.3
2.001,0.0820978,2,2.33538,0.0820978,1.95548,-20952.6
2.001,0.0820978,2,2.33538,0.0820978,1.95848,-21361
2.001,0.0820978,2,2.33538,0.0820978,1.96148,-21292.3
2.001,0.0820978,2,2.33538,0.0820978,1.96448,-20492.3
2.001,0.0820978,2,2.33538,0.0820978,1.96748,-21531.6
2.001,0.0820978,2,2.33538,0.0820978,1.97049,-19609.3
2.001,0.0820978,2,2.33538,0.0820978,1.97349,-22766.9
2.001,0.0820978,2,2.33538,0.0820978,1.97649,-20003.2
2.001,0.0820978,2,2.33538,0.0820978,1.97949,-21421
2.001,0.0820978,2,2.33538,0.0820978,1.98249,-20043.2
2.001,0.0820978,2,2.33538,0.0820978,1.98549,-19331.3
2.001,0.0820978,2,2.33538,0.0820978,1.98849,-18882.2
2.001,0.0820978,2,2.33538,0.0820978,1.9915,-20106
2.001,0.0820978,2,2.33538,0.0820978,1.9945,-18086
2.001,0.0820978,2,2.33538,0.0820978,1.9975,-18192.7
2.001,0.0820978,2,2.33538,0.0820978,2.0005,-16581.8
2.001,0.0820978,2,2.33538,0.0820978,2.0035,16921.8
2.001,0.0820978,2,2.33538,0.0820978,2.0065,20986.4
2.001,0.0820978,2,2.33538,0.0820978,2.0095,20246.7
2.001,0.0820978,2,2.33538,0.0820978,2.01251,21149.2
2.001,0.0820978,2,2.33538,0.0820978,2.01551,21572.4
2.001,0.0820978,2,2.33538,0.0820978,2.01851,22443.1
2.001,0.0820978,2,2.33538,0.0820978,2.02151,20147.4
2.001,0.0820978,2,2.33538,0.0820978,2.02451,22654.1
2.001,0.0820978,2,2.33538,0.0820978,2.02751,21335.4
2.001,0.0820978,2,2.33538,0.0820978,2.03052,22399.4
2.001,0.0820978,2,2.33538,0.0820978,2.03352,22296.7
2.001,0.0820978,2,2.33538,0.0820978,2.03652,22283.7
2.001,0.0820978,2,2.33538,0.0820978,2.03952,24001.8
2.001,0.0820978,2,2.33538,0.0820978,2.04252,23654.6
2.001,0.0820978,2,2.33538,0.0820978,2.04552,24545.3
2.001,0.0820978,2,2.33538,0.0820978,2.04852,23535
2.001,0.0820978,2,2.33538,0.0820978,2.05153,22989.8
2.001,0.0820978,2,2.33538,0.0820978,2.05453,23707.4
2.001,0.0820978,2,2.33538,0.0820978,2.05753,22560
2.001,0.0820978,2,2.33538,0.0820978,2.06053,24522.1
2.001,0.0820978,2,2.33538,0.0820978,2.06353,22948.3
2.001,0.0820978,2,2.33538,0.0820978,2.06653,24002.7
2.001,0.0820978,2,2.33538,0.0820978,2.06953,24716.3
2.001,0.0820978,2,2.33538,0.0820978,2.07254,25496.9
2.001,0.0820978,2,2.33538,0.0820978,2.07554,25490.8
2.001,0.0820978,2,2.33538,0.0820978,2.07854,23286.2
2.001,0.0820978,2,2.33538,0.0820978,2.08154,26711.5
2.001,0.0820978,2,2.33538,0.0820978,2.08454,26666.8
2.001,0.0820978,2,2.33538,0.0820978,2.08754,24576.8
2.001,0.0820978,2,2.33538,0.0820978,2.09055,25973.9
2.001,0.0820978,2,2.33538,0.0820978,2.09355,24540.3
2.001,0.0820978,2,2.33538,0.0820978,2.09655,24893.7
2.001,0.0820978,2,2.33538,0.0820978,2.09955,23828.3
2.001,0.0820978,2,2.33538,0.0820978,2.10255,24945.3
2.001,0.0820978,2,2.33538,0.0820978,2.10555,23839.4
2.001,0.0820978,2,2.33538,0.0820978,2.10855,24891.9
2.001,0.0820978,2,2.33538,0.0820978,2.11156,28605.8
2.001,0.0820978,2,2.33538,0.0820978,2.11456,25414.9
2.001,0.0820978,2,2.33538,0.0820978,2.11756,27570.5
2.001,0.0820978,2,2.33538,0.0820978,2.12056,25632
2.001,0.0820978,2,2.33538,0.0820978,2.12356,25926.2
2.001,0.0820978,2,2.33538,0.0820978,2.12656,26190.8
2.001,0.0820978,2,2.33538,0.0820978,2.12956,24733
2.001,0.0820978,2,2.33538,0.0820978,2.13257,25392.3
2.001,0.0820978,2,2.33538,0.0820978,2.13557,25236.7
2.001,0.0820978,2,2.33538,0.0820978,2.13857,25997.6
2.001,0.0820978,2,2.33538,0.0820978,2.14157,25037.2
2.001,0.0820978,2,2.33538,0.0820978,2.14457,27248.8
2.001,0.0820978,2,2.33538,0.0820978,2.14757,25508.9
2.001,0.0820978,2,2.33538,0.0820978,2.15058,25698.2
2.001,0.0820978,2,2.33538,0.0820978,2.15358,26447.5
2.001,0.0820978,2,2.33538,0.0820978,2.15658,26946.5
2.001,0.0820978,2,2.33538,0.0820978,2.15958,28649.6
2.001,0.0820978,2,2.33538,0.0820978,2.16258,27189.1
2.001,0.0820978,2,2.33538,0.0820978,2.16558,26390.6
2.001,0.0820978,2,2.33538,0.0820978,2.16858,28272.1
2.001,0.0820978,2,2.33538,0.0820978,2.17159,26410.8
2.001,0.0820978,2,2.33538,0.0820978,2.17459,26360.6
2.001,0.0820978,2,2.33538,0.0820978,2.17759,27792
2.001,0.0820978,2,2.33538,0.0820978,2.18059,27068.9
2.001,0.0820978,2,2.33538,0.0820978,2.18359,27264.7
2.001,0.0820978,2,2.33538,0.0820978,2.18659,28254.7
2.001,0.0820978,2,2.33538,0.0820978,2.18959,26796.3
2.001,0.0820978,2,2.33538,0.0820978,2.1926,28650
2.001,0.0820978,2,2.33538,0.0820978,2.1956,29721.7
2.001,0.0820978,2,2.33538,0.0820978,2.1986,29651.6
2.001,0.0820978,2,2.33538,0.0820978,2.2016,30999.4
2.001,0.0820978,2,2.33538,0.0820978,2.2046,27873.1
2.001,0.0820978,2,2.33538,0.0820978,2.2076,28725.7
2.001,0.0820978,2,2.33538,0.0820978,2.21061,29153.2
2.001,0.0820978,2,2.33538,0.0820978,2.21361,29410.7
2.001,0.0820978,2,2.33538,0.0820978,2.21661,27615.7
2.001,0.0820978,2,2.33538,0.0820978,2.21961,28453.6
2.001,0.0820978,2,2.33538,0.0820978,2.22261,27533.4
2.001,0.0820978,2,2.33538,0.0820978,2.22561,30515.5
2.001,0.0820978,2,2.33538,0.0820978,2.22861,28059.8
2.001,0.0820978,2,2.33538,0.0820978,2.23162,28575.4
2.001,0.0820978,2,2.33538,0.0820978,2.23462,27879.6
2.001,0.0820978,2,2.33538,0.0820978,2.23762,29473.9
2.001,0.0820978,2,2.33538,0.0820978,2.24062,28838.5
2.001,0.0820978,2,2.33538,0.0820978,2.24362,29498.7
2.001,0.0820978,2,2.33538,0.0820978,2.24662,29497.5
2.001,0.0820978,2,2.33538,0.0820978,2.24962,30706.5
2.001,0.0820978,2,2.33538,0.0820978,2.25263,28404.1
2.001,0.0820978,2,2.33538,0.0820978,2.25563,32900
2.001,0.0820978,2,2.33538,0.0820978,2.25863,28238.8
2.001,0.0820978,2,2.33538,0.0820978,2.26163,29930.5
2.001,0.0820978,2,2.33538,0.0820978,2.26463,32828.1
2.001,0.0820978,2,2.33538,0.0820978,2.26763,30599.9
2.001,0.0820978,2,2.33538,0.0820978,2.27064,28645.9
2.001,0.0820978,2,2.33538,0.0820978,2.27364,29000.9
2.001,0.0820978,2,2.33538,0.0820978,2.27664,29977.1
2.001,0.0820978,2,2.33538,0.0820978,2.27964,31929.6
2.001,0.0820978,2,2.33538,0.0820978,2.28264,29860
2.001,0.0820978,2,2.33538,0.0820978,2.28564,29565.9
2.001,0.0820978,2,2.33538,0.0820978,2.28864,29750.5
2.001,0.0820978,2,2.33538,0.0820978,2.29165,29322.4
2.001,0.0820978,2,2.33538,0.0820978,2.29465,29607.2
2.001,0.0820978,2,2.33538,0.0820978,2.29765,29370.6
2.001,0.0820978,2,2.33538,0.0820978,2.30065,31902.1
2.001,0.0820978,2,2.33538,0.0820978,2.30365,30116.9
2.001,0.0820978,2,2.33538,0.0820978,2.30665,31904.1
2.001,0.0820978,2,2.33538,0.0820978,2.30965,31240.9
2.001,0.0820978,2,2.33538,0.0820978,2.31266,30079.8
2.001,0.0820978,2,2.33538,0.0820978,2.31566,30249.3
2.001,0.0820978,2,2.33538,0.0820978,2.31866,29864.5
2.001,0.0820978,2,2.33538,0.0820978,2.32166,29826.3
2.001,0.0820978,2,2.33538,0.0820978,2.32466,33636.3
2.001,0.0820978,2,2.33538,0.0820978,2.32766,31451.2
2.001,0.0820978,2,2.33538,0.0820978,2.33067,34027.4
2.001,0.0820978,2,2.33538,0.0820978,2.33367,32734.8
2.001,0.0820978,2,2.33538,0.0820978,2.33667,33356.8
2.001,0.0820978,2,2.33538,0.0820978,2.33967,32434.4
2.001,0.0820978,2,2.33538,0.0820978,2.34267,33306.3
2.001,0.0820978,2,2.33538,0.0820978,2.34567,33938.5
2.001,0.0820978,2,2.33538,0.0820978,2.34867,34107.5
2.001,0.0820978,2,2.33538,0.0820978,2.35168,32631.3
2.001,0.0820978,2,2.33538,0.0820978,2.35468,34251.6
2.001,0.0820978,2,2.33538,0.0820978,2.35768,35538.6
2.001,0.0820978,2,2.33538,0.0820978,2.36068,33051.9
2.001,0.0820978,2,2.33538,0.0820978,2.36368,34139
2.001,0.0820978,2,2.33538,0.0820978,2.36668,32526.1
2.001,0.0820978,2,2.33538,0.0820978,2.36968,34837.1
2.001,0.0820978,2,2.33538,0.0820978,2.37269,31295.9
2.001,0.0820978,2,2.33538,0.0820978,2.37569,33610.1
2.001,0.0820978,2,2.33538,0.0820978,2.37869,34062.6
2.001,0.0820978,2,2.33538,0.0820978,2.38169,31224.4
2.001,0.0820978,2,2.33538,0.0820978,2.38469,33291.9
2.001,0.0820978,2,2.33538,0.0820978,2.38769,31823.5
2.001,0.0820978,2,2.33538,0.0820978,2.3907,33932.3
2.001,0.0820978,2,2.33538,0.0820978,2.3937,33344.7
2.001,0.0820978,2,2.33538,0.0820978,2.3967,34967.3
2.001,0.0820978,2,2.33538,0.0820978,2.3997,32720.8
2.001,0.0820978,2,2.33538,0.0820978,2.4027,31702.1
2.001,0.0820978,2,2.33538,0.0820978,2.4057,33096.3
2.001,0.0820978,2,2.33538,0.0820978,2.4087,33929.3
2.001,0.0820978,2,2.33538,0.0820978,2.41171,35084.1
2.001,0.0820978,2,2.33538,0.0820978,2.41471,35784.2
2.001,0.0820978,2,2.33538,0.0820978,2.41771,33766.2
2.001,0.0820978,2,2.33538,0.0820978,2.42071,34224.5
2.001,0.0820978,2,2.33538,0.0820978,2.42371,35317.7
2.001,0.0820978,2,2.33538,0.0820978,2.42671,34454.7
2.001,0.0820978,2,2.33538,0.0820978,2.42971,33203.6
2.001,0.0820978,2,2.33538,0.0820978,2.43272,33221.1
2.001,0.0820978,2,2.33538,0.0820978,2.43572,32768.4
2.001,0.0820978,2,2.33538,0.0820978,2.43872,32270.3
2.001,0.0820978,2,2.33538,0.0820978,2.44172,36295.2
2.001,0.0820978,2,2.33538,0.0820978,2.44472,34584.6
2.001,0.0820978,2,2.33538,0.0820978,2.44772,34977.2
2.001,0.0820978,2,2.33538,0.0820978,2.45073,34110.4
2.001,0.0820978,2,2.33538,0.0820978,2.45373,35632.9
2.001,0.0820978,2,2.33538,0.0820978,2.45673,35515.7
2.001,0.0820978,2,2.33538,0.0820978,2.45973,37487.5
2.001,0.0820978,2,2.33538,0.0820978,2.46273,34452.3
2.001,0.0820978,2,2.33538,0.0820978,2.46573,33314
2.001,0.0820978,2,2.33538,0.0820978,2.46873,33302.4
2.001,0.0820978,2,2.33538,0.0820978,2.47174,35705.6
2.001,0.0820978,2,2.33538,0.0820978,2.47474,33788.2
2.001,0.0820978,2,2.33538,0.0820978,2.47774,37336
2.001,0.0820978,2,2.33538,0.0820978,2.48074,36535.1
2.001,0.0820978,2,2.33538,0.0820978,2.48374,33294.2
2.001,0.0820978,2,2.33538,0.0820978,2.48674,38393.2
2.001,0.0820978,2,2.33538,0.0820978,2.48974,39010.6
2.001,0.0820978,2,2.33538,0.0820978,2.49275,35256
2.001,0.0820978,2,2.33538,0.0820978,2.49575,34194.9
2.001,0.0820978,2,2.33538,0.0820978,2.49875,34179
2.001,0.0820978,2,2.33538,0.0820978,2.50175,34817.2
2.001,0.0820978,2,2.33538,0.0820978,2.50475,36108.9
2.001,0.0820978,2,2.33538,0.0820978,2.50775,36100.7
2.001,0.0820978,2,2.33538,0.0820978,2.51076,34104.2
2.001,0.0820978,2,2.33538,0.0820978,2.51376,37759.2
2.001,0.0820978,2,2.33538,0.0820978,2.51676,37286.4
2.001,0.0820978,2,2.33538,0.0820978,2.51976,35322.6
2.001,0.0820978,2,2.33538,0.0820978,2.52276,36476.4
2.001,0.0820978,2,2.33538,0.0820978,2.52576,34521.6
2.001,0.0820978,2,2.33538,0.0820978,2.52876,36265
2.001,0.0820978,2,2.33538,0.0820978,2.53177,33967.1
2.001,0.0820978,2,2.33538,0.0820978,2.53477,39135.5
2.001,0.0820978,2,2.33538,0.0820978,2.53777,34924.4
2.001,0.0820978,2,2.33538,0.0820978,2.54077,35154.7
2.001,0.0820978,2,2.33538,0.0820978,2.54377,34397.2
2.001,0.0820978,2,2.33538,0.0820978,2.54677,35862
2.001,0.0820978,2,2.33538,0.0820978,2.54977,35444.2
2.001,0.0820978,2,2.33538,0.0820978,2.55278,35738.1
2.001,0.0820978,2,2.33538,0.0820978,2.55578,38734
2.001,0.0820978,2,2.33538,0.0820978,2.55878,36458.2
2.001,0.0820978,2,2.33538,0.0820978,2.56178,37061
2.001,0.0820978,2,2.33538,0.0820978,2.56478,38138.2
2.001,0.0820978,2,2.33538,0.0820978,2.56778,39843.6
2.001,0.0820978,2,2.33538,0.0820978,2.57079,34791.7
2.001,0.0820978,2,2.33538,0.0820978,2.57379,39490.8
2.001,0.0820978,2,2.33538,0.0820978,2.57679,35971.6
2.001,0.0820978,2,2.33538,0.0820978,2.57979,38255.9
2.001,0.0820978,2,2.33538,0.0820978,2.58279,39658.9
2.001,0.0820978,2,2.33538,0.0820978,2.58579,37832.6
2.001,0.0820978,2,2.33538,0.0820978,2.58879,35201.2
2.001,0.0820978,2,2.33538,0.0820978,2.5918,38402.4
2.001,0.0820978,2,2.33538,0.0820978,2.5948,38061.1
2.001,0.0820978,2,2.33538,0.0820978,2.5978,38402
2.001,0.0820978,2,2.33538,0.0820978,2.6008,38564.8
2.001,0.0820978,2,2.33538,0.0820978,2.6038,36356.1
2.001,0.0820978,2,2.33538,0.0820978,2.6068,37130.4
2.001,0.0820978,2,2.33538,0.0820978,2.6098,37180.6
2.001,0.0820978,2,2.33538,0.0820978,2.61281,40717.4
2.001,0.0820978,2,2.33538,0.0820978,2.61581,36352.4
2.001,0.0820978,2,2.33538,0.0820978,2.61881,39328.9
2.001,0.0820978,2,2.33538,0.0820978,2.62181,35391.5
2.001,0.0820978,2,2.33538,0.0820978,2.62481,35605.4
2.001,0.0820978,2,2.33538,0.0820978,2.62781,37280.3
2.001,0.0820978,2,2.33538,0.0820978,2.63082,38032.1
2.001,0.0820978,2,2.33538,0.0820978,2.63382,39872.9
2.001,0.0820978,2,2.33538,0.0820978,2.63682,38411.2
2.001,0.0820978,2,2.33538,0.0820978,2.63982,36197.5
2.001,0.0820978,2,2.33538,0.0820978,2.64282,37210.4
2.001,0.0820978,2,2.33538,0.0820978,2.64582,38914.3
2.001,0.0820978,2,2.33538,0.0820978,2.64882,37544.6
2.001,0.0820978,2,2.33538,0.0820978,2.65183,37002.7
2.001,0.0820978,2,2.33538,0.0820978,2.65483,39621.2
2.001,0.0820978,2,2.33538,0.0820978,2.65783,39215.4
2.001,0.0820978,2,2.33538,0.0820978,2.66083,39316.7
2.001,0.0820978,2,2.33538,0.0820978,2.66383,41014.4
2.001,0.0820978,2,2.33538,0.0820978,2.66683,36546.8
2.001,0.0820978,2,2.33538,0.0820978,2.66983,36743.3
2.001,0.0820978,2,2.33538,0.0820978,2.67284,37618.8
2.001,0.0820978,2,2.33538,0.0820978,2.67584,36191.3
2.001,0.0820978,2,2.33538,0.0820978,2.67884,36807.4
2.001,0.0820978,2,2.33538,0.0820978,2.68184,37314.3
2.001,0.0820978,2,2.33538,0.0820978,2.68484,37871.2
2.001,0.0820978,2,2.33538,0.0820978,2.68784,39408.2
2.001,0.0820978,2,2.33538,0.0820978,2.69085,38915.4
2.001,0.0820978,2,2.33538,0.0820978,2.69385,37575.6
2.001,0.0820978,2,2.33538,0.0820978,2.69685,36736.2
2.001,0.0820978,2,2.33538,0.0820978,2.69985,36939.2
2.001,0.0820978,2,2.33538,0.0820978,2.70285,38228.3
2.001,0.0820978,2,2.33538,0.0820978,2.70585,38463.7
2.001,0.0820978,2,2.33538,0.0820978,2.70885,38653.2
2.001,0.0820978,2,2.33538,0.0820978,2.71186,37271.7
2.001,0.0820978,2,2.33538,0.0820978,2.71486,38201.4
2.001,0.0820978,2,2.33538,0.0820978,2.71786,36948.3
2.001,0.0820978,2,2.33538,0.0820978,2.72086,37831.1
2.001,0.0820978,2,2.33538,0.0820978,2.72386,36808.2
2.001,0.0820978,2,2.33538,0.0820978,2.72686,37637.3
2.001,0.0820978,2,2.33538,0.0820978,2.72986,37567.4
2.001,0.0820978,2,2.33538,0.0820978,2.73287,38859.4
2.001,0.0820978,2,2.33538,0.0820978,2.73587,38461.4
2.001,0.0820978,2,2.33538,0.0820978,2.73887,37537.6
2.001,0.0820978,2,2.33538,0.0820978,2.74187,37110
2.001,0.0820978,2,2.33538,0.0820978,2.74487,39278
2.001,0.0820978,2,2.33538,0.0820978,2.74787,38569.9
2.001,0.0820978,2,2.33538,0.0820978,2.75088,39332.4
2.001,0.0820978,2,2.33538,0.0820978,2.75388,38803.7
2.001,0.0820978,2,2.33538,0.0820978,2.75688,38079.9
2.001,0.0820978,2,2.33538,0.0820978,2.75988,37696.3
2.001,0.0820978,2,2.33538,0.0820978,2.76288,37201.9
2.001,0.0820978,2,2.33538,0.0820978,2.76588,39942
2.001,0.0820978,2,2.33538,0.0820978,2.76888,37878.4
2.001,0.0820978,2,2.33538,0.0820978,2.77189,38509.9
2.001,0.0820978,2,2.33538,0.0820978,2.77489,37878.6
2.001,0.0820978,2,2.33538,0.0820978,2.77789,39233.9
2.001,0.0820978,2,2.33538,0.0820978,2.78089,37997.2
2.001,0.0820978,2,2.33538,0.0820978,2.78389,39805.9
2.001,0.0820978,2,2.33538,0.0820978,2.78689,40154.5
2.001,0.0820978,2,2.33538,0.0820978,2.78989,37521.5
2.001,0.0820978,2,2.33538,0.0820978,2.7929,39118.1
2.001,0.0820978,2,2.33538,0.0820978,2.7959,38052.7
2.001,0.0820978,2,2.33538,0.0820978,2.7989,39804.9
2.001,0.0820978,2,2.33538,0.0820978,2.8019,39282.6
2.001,0.0820978,2,2.33538,0.0820978,2.8049,39667.1
2.001,0.0820978,2,2.33538,0.0820978,2.8079,40224.5
2.001,0.0820978,2,2.33538,0.0820978,2.81091,38163.9
2.001,0.0820978,2,2.33538,0.0820978,2.81391,37880.2
2.001,0.0820978,2,2.33538,0.0820978,2.81691,38667.2
2.001,0.0820978,2,2.33538,0.0820978,2.81991,39556.1
2.001,0.0820978,2,2.33538,0.0820978,2.82291,38069.5
2.001,0.0820978,2,2.33538,0.0820978,2.82591,38019.9
2.001,0.0820978,2,2.33538,0.0820978,2.82891,38444.3
2.001,0.0820978,2,2.33538,0.0820978,2.83192,38331.2
2.001,0.0820978,2,2.33538,0.0820978,2.83492,40232.7
2.001,0.0820978,2,2.33538,0.0820978,2.83792,38536.4
2.001,0.0820978,2,2.33538,0.0820978,2.84092,39027
2.001,0.0820978,2,2.33538,0.0820978,2.84392,38821.9
2.001,0.0820978,2,2.33538,0.0820978,2.84692,39671.6
2.001,0.0820978,2,2.33538,0.0820978,2.84992,38576.5
2.001,0.0820978,2,2.33538,0.0820978,2.85293,39437.4
2.001,0.0820978,2,2.33538,0.0820978,2.85593,38937.9
2.001,0.0820978,2,2.33538,0.0820978,2.85893,39424.4
2.001,0.0820978,2,2.33538,0.0820978,2.86193,39254.1
2.001,0.0820978,2,2.33538,0.0820978,2.86493,40408.9
2.001,0.0820978,2,2.33538,0.0820978,2.86793,38800.1
2.001,0.0820978,2,2.33538,0.0820978,2.87094,40277
2.001,0.0820978,2,2.33538,0.0820978,2.87394,41616.5
2.001,0.0820978,2,2.33538,0.0820978,2.87694,40872
2.001,0.0820978,2,2.33538,0.0820978,2.87994,38898.2
2.001,0.0820978,2,2.33538,0.0820978,2.88294,41241.3
2.001,0.0820978,2,2.33538,0.0820978,2.88594,40025.7
2.001,0.0820978,2,2.33538,0.0820978,2.88894,39767.4
2.001,0.0820978,2,2.33538,0.0820978,2.89195,41138.7
2.001,0.0820978,2,2.33538,0.0820978,2.89495,39622
2.001,0.0820978,2,2.33538,0.0820978,2.89795,39619
2.001,0.0820978,2,2.33538,0.0820978,2.90095,41309
2.001,0.0820978,2,2.33538,0.0820978,2.90395,39156.9
2.001,0.0820978,2,2.33538,0.0820978,2.90695,42235.6
2.001,0.0820978,2,2.33538,0.0820978,2.90995,40901.7
2.001,0.0820978,2,2.33538,0.0820978,2.91296,39328.5
2.001,0.0820978,2,2.33538,0.0820978,2.91596,41988.4
2.001,0.0820978,2,2.33538,0.0820978,2.91896,39861.3
2.001,0.0820978,2,2.33538,0.0820978,2.92196,40916.6
2.001,0.0820978,2,2.33538,0.0820978,2.92496,41663.9
2.001,0.0820978,2,2.33538,0.0820978,2.92796,39907.8
2.001,0.0820978,2,2.33538,0.0820978,2.93097,40868.9
2.001,0.0820978,2,2.33538,0.0820978,2.93397,41150.7
2.001,0.0820978,2,2.33538,0.0820978,2.93697,39524.6
2.001,0.0820978,2,2.33538,0.0820978,2.93997,40827.7
2.001,0.0820978,2,2.33538,0.0820978,2.94297,41774
2.001,0.0820978,2,2.33538,0.0820978,2.94597,40700.2
2.001,0.0820978,2,2.33538,0.0820978,2.94897,40681.6
2.001,0.0820978,2,2.33538,0.0820978,2.95198,41080.7
2.001,0.0820978,2,2.33538,0.0820978,2.95498,40024.4
2.001,0.0820978,2,2.33538,0.0820978,2.95798,40317.2
2.001,0.0820978,2,2.33538,0.0820978,2.96098,40046.3
2.001,0.0820978,2,2.33538,0.0820978,2.96398,41181.1
2.001,0.0820978,2,2.33538,0.0820978,2.96698,41278.1
2.001,0.0820978,2,2.33538,0.0820978,2.96998,42265.8
2.001,0.0820978,2,2.33538,0.0820978,2.97299,42503.5
2.001,0.0820978,2,2.33538,0.0820978,2.97599,43638.4
2.001,0.0820978,2,2.33538,0.0820978,2.97899,43501
2.001,0.0820978,2,2.33538,0.0820978,2.98199,40516.6
2.001,0.0820978,2,2.33538,0.0820978,2.98499,41340.1
2.001,0.0820978,2,2.33538,0.0820978,2.98799,41260
2.001,0.0820978,2,2.33538,0.0820978,2.991,41349.6
2.001,0.0820978,2,2.33538,0.0820978,2.994,42471.1
2.001,0.0820978,2,2.33538,0.0820978,2.997,42244.3
2.001,0.0820978,2,2.33538,0.0820978,3,42617.5

